Date,Time,Currency,Event,Impact,Actual,Forecast,Previous,Combined DateTime
2023-01-01,All Day,NZD,Bank Holiday,Low,,,,2023-01-01 00:00:00
2023-01-01,All Day,AUD,Bank Holiday,Low,,,,2023-01-01 00:00:00
2023-01-01,All Day,JPY,Bank Holiday,Low,,,,2023-01-01 00:00:00
2023-01-01,All Day,CNY,Bank Holiday,Low,,,,2023-01-01 00:00:00
2023-01-02,All Day,CHF,Bank Holiday,Low,,,,2023-01-02 00:00:00
2023-01-02,All Day,GBP,Bank Holiday,Low,,,,2023-01-02 00:00:00
2023-01-02,3:15am,EUR,Spanish Manufacturing PMI,Non-economic,46.4,45.9,45.7,2023-01-02 03:15:00
2023-01-02,3:45am,EUR,Italian Manufacturing PMI,Non-economic,48.5,48.5,48.4,2023-01-02 03:45:00
2023-01-02,3:50am,EUR,French Final Manufacturing PMI,Non-economic,49.2,48.9,48.9,2023-01-02 03:50:00
2023-01-02,3:55am,EUR,German Final Manufacturing PMI,Non-economic,47.1,47.4,47.4,2023-01-02 03:55:00
2023-01-02,4:00am,EUR,Final Manufacturing PMI,Non-economic,47.8,47.8,47.8,2023-01-02 04:00:00
2023-01-02,All Day,CAD,Bank Holiday,Low,,,,2023-01-02 00:00:00
2023-01-02,All Day,USD,Bank Holiday,Low,,,,2023-01-02 00:00:00
2023-01-02,All Day,NZD,Bank Holiday,Low,,,,2023-01-02 00:00:00
2023-01-02,All Day,JPY,Bank Holiday,Low,,,,2023-01-02 00:00:00
2023-01-02,8:45pm,CNY,RatingDog Manufacturing PMI,Non-economic,49.0,49.2,49.4,2023-01-02 20:45:00
2023-01-03,12:30am,AUD,Commodity Prices y/y,Non-economic,15.6%,,19.6%,2023-01-03 00:30:00
2023-01-03,All Day,EUR,German Prelim CPI m/m,Non-economic,-0.8%,-0.6%,-0.5%,2023-01-03 00:00:00
2023-01-03,3:00am,EUR,Spanish Unemployment Change,Non-economic,-43.7K,-40.3K,-33.5K,2023-01-03 03:00:00
2023-01-03,3:30am,CHF,Manufacturing PMI,Non-economic,54.1,53.0,53.9,2023-01-03 03:30:00
2023-01-03,3:55am,EUR,German Unemployment Change,Non-economic,-13K,15K,15K,2023-01-03 03:55:00
2023-01-03,4:30am,GBP,Final Manufacturing PMI,Non-economic,45.3,44.7,44.7,2023-01-03 04:30:00
2023-01-03,9:30am,CAD,Manufacturing PMI,Non-economic,49.2,,49.6,2023-01-03 09:30:00
2023-01-03,9:39am,NZD,GDT Price Index,Non-economic,-2.8%,,-3.8%,2023-01-03 09:39:00
2023-01-03,9:45am,USD,Final Manufacturing PMI,Non-economic,46.2,46.2,46.2,2023-01-03 09:45:00
2023-01-03,10:00am,USD,Construction Spending m/m,Non-economic,0.2%,-0.4%,-0.2%,2023-01-03 10:00:00
2023-01-03,7:01pm,GBP,BRC Shop Price Index y/y,Non-economic,7.3%,,7.4%,2023-01-03 19:01:00
2023-01-03,7:30pm,JPY,Final Manufacturing PMI,Non-economic,48.9,48.8,48.8,2023-01-03 19:30:00
2023-01-04,2:00am,EUR,German Import Prices m/m,Non-economic,-4.5%,-1.7%,-1.2%,2023-01-04 02:00:00
2023-01-04,2:30am,CHF,CPI m/m,High,-0.2%,-0.1%,0.0%,2023-01-04 02:30:00
2023-01-04,2:45am,EUR,French Prelim CPI m/m,Non-economic,-0.1%,0.5%,0.3%,2023-01-04 02:45:00
2023-01-04,3:15am,EUR,Spanish Services PMI,Non-economic,51.6,50.8,51.2,2023-01-04 03:15:00
2023-01-04,3:45am,EUR,Italian Services PMI,Non-economic,49.9,49.5,49.5,2023-01-04 03:45:00
2023-01-04,3:50am,EUR,French Final Services PMI,Non-economic,49.5,48.1,48.1,2023-01-04 03:50:00
2023-01-04,3:55am,EUR,German Final Services PMI,Non-economic,49.2,49.0,49.0,2023-01-04 03:55:00
2023-01-04,4:00am,EUR,Final Services PMI,Non-economic,49.8,49.1,49.1,2023-01-04 04:00:00
2023-01-04,4:30am,GBP,M4 Money Supply m/m,Non-economic,-1.6%,0.2%,0.1%,2023-01-04 04:30:00
2023-01-04,4:30am,GBP,Mortgage Approvals,Non-economic,46K,54K,58K,2023-01-04 04:30:00
2023-01-04,4:30am,GBP,Net Lending to Individuals m/m,Non-economic,5.9B,4.5B,4.3B,2023-01-04 04:30:00
2023-01-04,10:00am,USD,ISM Manufacturing PMI,High,48.4,48.5,49.0,2023-01-04 10:00:00
2023-01-04,10:00am,USD,JOLTS Job Openings,High,10.46M,10.04M,10.51M,2023-01-04 10:00:00
2023-01-04,10:00am,USD,ISM Manufacturing Prices,Non-economic,39.4,42.9,43.0,2023-01-04 10:00:00
2023-01-04,All Day,USD,Wards Total Vehicle Sales,Non-economic,13.3M,13.4M,14.1M,2023-01-04 00:00:00
2023-01-04,2:00pm,USD,FOMC Meeting Minutes,High,,,,2023-01-04 14:00:00
2023-01-04,4:30pm,USD,API Weekly Statistical Bulletin,Non-economic,,,,2023-01-04 16:30:00
2023-01-04,6:50pm,JPY,Monetary Base y/y,Non-economic,-6.1%,-6.1%,-6.4%,2023-01-04 18:50:00
2023-01-04,8:45pm,CNY,RatingDog Services PMI,Non-economic,48.0,46.8,46.7,2023-01-04 20:45:00
2023-01-04,10:35pm,JPY,10-y Bond Auction,Non-economic,0.50|4.8,,0.25|6.0,2023-01-04 22:35:00
2023-01-05,12:00am,JPY,Consumer Confidence,Non-economic,30.3,28.2,28.6,2023-01-05 00:00:00
2023-01-05,2:00am,EUR,German Trade Balance,Non-economic,10.8B,7.5B,6.8B,2023-01-05 02:00:00
2023-01-05,4:30am,GBP,Final Services PMI,Non-economic,49.9,50.0,50.0,2023-01-05 04:30:00
2023-01-05,4:58am,EUR,French 10-y Bond Auction,Non-economic,2.77|1.9,,2.19|2.2,2023-01-05 04:58:00
2023-01-05,5:00am,EUR,PPI m/m,Non-economic,-0.9%,-0.8%,-3.0%,2023-01-05 05:00:00
2023-01-05,5:00am,EUR,Italian Prelim CPI m/m,Non-economic,0.3%,0.2%,0.5%,2023-01-05 05:00:00
2023-01-05,7:30am,USD,Challenger Job Cuts y/y,Non-economic,129.1%,,416.5%,2023-01-05 07:30:00
2023-01-05,8:15am,USD,ADP Non-Farm Employment Change,High,235K,152K,182K,2023-01-05 08:15:00
2023-01-05,8:30am,CAD,Trade Balance,Non-economic,0.0B,1.3B,0.1B,2023-01-05 08:30:00
2023-01-05,8:30am,USD,Unemployment Claims,Medium,204K,230K,223K,2023-01-05 08:30:00
2023-01-05,8:30am,USD,Trade Balance,Non-economic,-61.5B,-64.2B,-77.8B,2023-01-05 08:30:00
2023-01-05,9:45am,USD,Final Services PMI,Non-economic,44.7,44.4,44.4,2023-01-05 09:45:00
2023-01-05,10:30am,USD,Natural Gas Storage,Non-economic,-221B,-230B,-213B,2023-01-05 10:30:00
2023-01-05,11:00am,USD,Crude Oil Inventories,Non-economic,1.7M,1.5M,0.7M,2023-01-05 11:00:00
2023-01-05,6:30pm,JPY,Average Cash Earnings y/y,Non-economic,0.5%,1.7%,1.4%,2023-01-05 18:30:00
2023-01-06,2:00am,EUR,German Factory Orders m/m,Non-economic,-5.3%,-0.5%,0.6%,2023-01-06 02:00:00
2023-01-06,2:00am,EUR,German Retail Sales m/m,Non-economic,1.1%,1.5%,-2.8%,2023-01-06 02:00:00
2023-01-06,2:00am,GBP,Halifax HPI m/m,Non-economic,-1.5%,-0.6%,-2.4%,2023-01-06 02:00:00
2023-01-06,All Day,EUR,Italian Bank Holiday,Low,,,,2023-01-06 00:00:00
2023-01-06,2:36am,CHF,Retail Sales y/y,Non-economic,-1.3%,-1.0%,-2.6%,2023-01-06 02:36:00
2023-01-06,2:45am,EUR,French Consumer Spending m/m,Non-economic,0.5%,1.0%,-2.7%,2023-01-06 02:45:00
2023-01-06,4:30am,GBP,Construction PMI,Non-economic,48.8,50.6,50.4,2023-01-06 04:30:00
2023-01-06,5:00am,EUR,Core CPI Flash Estimate y/y,Medium,5.2%,5.1%,5.0%,2023-01-06 05:00:00
2023-01-06,5:00am,EUR,CPI Flash Estimate y/y,Medium,9.2%,9.6%,10.1%,2023-01-06 05:00:00
2023-01-06,5:00am,EUR,Retail Sales m/m,Non-economic,0.8%,0.5%,-1.5%,2023-01-06 05:00:00
2023-01-06,8:30am,CAD,Employment Change,High,104.0K,5.5K,10.1K,2023-01-06 08:30:00
2023-01-06,8:30am,CAD,Unemployment Rate,High,5.0%,5.2%,5.1%,2023-01-06 08:30:00
2023-01-06,8:30am,USD,Average Hourly Earnings m/m,High,0.3%,0.4%,0.4%,2023-01-06 08:30:00
2023-01-06,8:30am,USD,Non-Farm Employment Change,High,223K,200K,256K,2023-01-06 08:30:00
2023-01-06,8:30am,USD,Unemployment Rate,High,3.5%,3.7%,3.7%,2023-01-06 08:30:00
2023-01-06,10:00am,CAD,Ivey PMI,Medium,33.4,51.0,51.4,2023-01-06 10:00:00
2023-01-06,10:00am,USD,ISM Services PMI,High,49.6,55.0,56.5,2023-01-06 10:00:00
2023-01-06,10:00am,USD,Factory Orders m/m,Non-economic,-1.8%,-0.9%,0.4%,2023-01-06 10:00:00
2023-01-06,11:15am,USD,FOMC Member Cook Speaks,Non-economic,,,,2023-01-06 11:15:00
2023-01-07,11:15am,GBP,MPC Member Mann Speaks,Non-economic,,,,2023-01-07 11:15:00
2023-01-08,8:00am,GBP,MPC Member Pill Speaks,Non-economic,,,,2023-01-08 08:00:00
2023-01-08,All Day,JPY,Bank Holiday,Low,,,,2023-01-08 00:00:00
2023-01-08,7:30pm,AUD,Building Approvals m/m,Non-economic,-9.0%,0.1%,-5.6%,2023-01-08 19:30:00
2023-01-09,1:45am,CHF,Unemployment Rate,Non-economic,1.9%,2.1%,2.0%,2023-01-09 01:45:00
2023-01-09,2:00am,EUR,German Industrial Production m/m,Non-economic,0.2%,0.2%,-0.4%,2023-01-09 02:00:00
2023-01-09,2:45am,EUR,French Trade Balance,Non-economic,-13.8B,-11.3B,-11.6B,2023-01-09 02:45:00
2023-01-09,3:00am,CHF,Foreign Currency Reserves,Non-economic,784B,,790B,2023-01-09 03:00:00
2023-01-09,4:00am,EUR,Italian Monthly Unemployment Rate,Non-economic,7.8%,7.8%,7.9%,2023-01-09 04:00:00
2023-01-09,4:30am,EUR,Sentix Investor Confidence,Non-economic,-17.5,-18.1,-21.0,2023-01-09 04:30:00
2023-01-09,5:00am,EUR,Unemployment Rate,Non-economic,6.5%,6.5%,6.5%,2023-01-09 05:00:00
2023-01-09,8:30am,CAD,Building Permits m/m,Non-economic,14.1%,0.4%,-5.3%,2023-01-09 08:30:00
2023-01-09,10:30am,GBP,MPC Member Pill Speaks,Non-economic,,,,2023-01-09 10:30:00
2023-01-09,3:00pm,USD,Consumer Credit m/m,Non-economic,28.0B,25.0B,29.1B,2023-01-09 15:00:00
2023-01-09,6:30pm,JPY,Household Spending y/y,Non-economic,-1.2%,0.6%,1.2%,2023-01-09 18:30:00
2023-01-09,6:30pm,JPY,Tokyo Core CPI y/y,Non-economic,4.0%,3.8%,3.6%,2023-01-09 18:30:00
2023-01-09,7:01pm,GBP,BRC Retail Sales Monitor y/y,Non-economic,6.5%,2.4%,4.1%,2023-01-09 19:01:00
2023-01-09,7:30pm,AUD,Household Spending m/m,Non-economic,6.3%,,0.2%,2023-01-09 19:30:00
2023-01-10,2:45am,EUR,French Industrial Production m/m,Non-economic,2.0%,0.9%,-2.5%,2023-01-10 02:45:00
2023-01-10,4:05am,CNY,M2 Money Supply y/y,Non-economic,11.8%,12.4%,12.4%,2023-01-10 04:05:00
2023-01-10,4:05am,CNY,New Loans,Non-economic,1400B,1150B,1210B,2023-01-10 04:05:00
2023-01-10,5:02am,GBP,10-y Bond Auction,Non-economic,3.70|2.8,,3.33|2.2,2023-01-10 05:02:00
2023-01-10,5:10am,CAD,BOC Gov Macklem Speaks,High,,,,2023-01-10 05:10:00
2023-01-10,5:10am,JPY,BOJ Gov Kuroda Speaks,Medium,,,,2023-01-10 05:10:00
2023-01-10,5:59am,USD,NFIB Small Business Index,Non-economic,89.8,91.6,91.9,2023-01-10 05:59:00
2023-01-10,9:00am,USD,Fed Chairman Powell Speaks,High,,,,2023-01-10 09:00:00
2023-01-10,10:00am,USD,Final Wholesale Inventories m/m,Non-economic,1.0%,1.0%,1.0%,2023-01-10 10:00:00
2023-01-10,10:00am,USD,RCM/TIPP Economic Optimism,Non-economic,42.3,41.7,42.9,2023-01-10 10:00:00
2023-01-10,4:30pm,USD,API Weekly Statistical Bulletin,Non-economic,,,,2023-01-10 16:30:00
2023-01-10,7:00pm,NZD,ANZ Commodity Prices m/m,Non-economic,-0.1%,,-4.0%,2023-01-10 19:00:00
2023-01-10,7:30pm,AUD,CPI y/y,High,7.3%,7.2%,6.9%,2023-01-10 19:30:00
2023-01-10,7:30pm,AUD,Retail Sales m/m,Non-economic,1.4%,0.6%,0.3%,2023-01-10 19:30:00
2023-01-10,10:35pm,JPY,30-y Bond Auction,Non-economic,1.65|3.1,,1.48|3.0,2023-01-10 22:35:00
2023-01-11,12:00am,JPY,Leading Indicators,Non-economic,97.6%,97.5%,98.6%,2023-01-11 00:00:00
2023-01-11,3:57am,EUR,Italian Retail Sales m/m,Non-economic,0.8%,-0.3%,-0.3%,2023-01-11 03:57:00
2023-01-11,5:33am,EUR,German 10-y Bond Auction,Non-economic,2.25|1.4,,1.95|2.0,2023-01-11 05:33:00
2023-01-11,10:30am,USD,Crude Oil Inventories,Non-economic,19.0M,-2.0M,1.7M,2023-01-11 10:30:00
2023-01-11,1:01pm,USD,10-y Bond Auction,Medium,3.58|2.5,,3.63|2.3,2023-01-11 13:01:00
2023-01-11,4:45pm,NZD,Building Consents m/m,Non-economic,7.0%,,-10.7%,2023-01-11 16:45:00
2023-01-11,6:50pm,JPY,Bank Lending y/y,Non-economic,2.7%,2.8%,2.7%,2023-01-11 18:50:00
2023-01-11,6:50pm,JPY,Current Account,Non-economic,1.92T,0.65T,-0.61T,2023-01-11 18:50:00
2023-01-11,7:30pm,AUD,Goods Trade Balance,Non-economic,13.20B,11.35B,12.74B,2023-01-11 19:30:00
2023-01-11,8:30pm,CNY,CPI y/y,Non-economic,1.8%,1.8%,1.6%,2023-01-11 20:30:00
2023-01-11,8:30pm,CNY,PPI y/y,Non-economic,-0.7%,-0.1%,-1.3%,2023-01-11 20:30:00
2023-01-12,12:00am,JPY,Economy Watchers Sentiment,Non-economic,47.9,47.8,48.1,2023-01-12 00:00:00
2023-01-12,4:00am,EUR,ECB Economic Bulletin,Non-economic,,,,2023-01-12 04:00:00
2023-01-12,7:30am,USD,FOMC Member Harker Speaks,Non-economic,,,,2023-01-12 07:30:00
2023-01-12,8:30am,USD,Core CPI m/m,High,0.3%,0.3%,0.2%,2023-01-12 08:30:00
2023-01-12,8:30am,USD,CPI m/m,High,-0.1%,-0.1%,0.1%,2023-01-12 08:30:00
2023-01-12,8:30am,USD,CPI y/y,High,6.5%,6.5%,7.1%,2023-01-12 08:30:00
2023-01-12,8:30am,USD,Unemployment Claims,Medium,205K,216K,206K,2023-01-12 08:30:00
2023-01-12,10:30am,USD,Natural Gas Storage,Non-economic,11B,-15B,-221B,2023-01-12 10:30:00
2023-01-12,12:00pm,GBP,MPC Member Mann Speaks,Non-economic,,,,2023-01-12 12:00:00
2023-01-12,1:01pm,USD,30-y Bond Auction,Non-economic,3.59|2.5,,3.51|2.2,2023-01-12 13:01:00
2023-01-12,2:00pm,USD,Federal Budget Balance,Non-economic,-85.0B,-59.5B,-248.5B,2023-01-12 14:00:00
2023-01-12,6:50pm,JPY,M2 Money Stock y/y,Non-economic,2.9%,3.2%,3.1%,2023-01-12 18:50:00
2023-01-12,10:18pm,CNY,USD-Denominated Trade Balance,Non-economic,78.0B,77.9B,69.8B,2023-01-12 22:18:00
2023-01-12,10:22pm,CNY,Trade Balance,Non-economic,550B,533B,494B,2023-01-12 22:22:00
2023-01-13,2:00am,GBP,GDP m/m,High,0.1%,-0.2%,0.5%,2023-01-13 02:00:00
2023-01-13,2:00am,GBP,Construction Output m/m,Non-economic,0.0%,-0.3%,0.4%,2023-01-13 02:00:00
2023-01-13,2:00am,GBP,Goods Trade Balance,Non-economic,-15.6B,-14.9B,-12.3B,2023-01-13 02:00:00
2023-01-13,2:00am,GBP,Index of Services 3m/3m,Non-economic,-0.1%,-0.3%,-0.1%,2023-01-13 02:00:00
2023-01-13,2:00am,GBP,Industrial Production m/m,Non-economic,-0.2%,-0.2%,-0.1%,2023-01-13 02:00:00
2023-01-13,2:00am,GBP,Manufacturing Production m/m,Non-economic,-0.5%,-0.2%,0.7%,2023-01-13 02:00:00
2023-01-13,2:45am,EUR,French Final CPI m/m,Non-economic,-0.1%,-0.1%,-0.1%,2023-01-13 02:45:00
2023-01-13,4:00am,EUR,Italian Industrial Production m/m,Non-economic,-0.3%,0.4%,-1.1%,2023-01-13 04:00:00
2023-01-13,5:00am,EUR,Industrial Production m/m,Non-economic,1.0%,0.6%,-1.9%,2023-01-13 05:00:00
2023-01-13,5:00am,EUR,Trade Balance,Non-economic,-15.2B,-21.1B,-28.1B,2023-01-13 05:00:00
2023-01-13,7:01am,GBP,NIESR GDP Estimate,Non-economic,0.1%,,-0.3%,2023-01-13 07:01:00
2023-01-13,8:30am,USD,Import Prices m/m,Non-economic,0.4%,-0.9%,-0.7%,2023-01-13 08:30:00
2023-01-13,10:00am,USD,Prelim UoM Consumer Sentiment,High,64.6,60.8,59.7,2023-01-13 10:00:00
2023-01-13,10:00am,USD,Prelim UoM Inflation Expectations,Medium,4.0%,,4.4%,2023-01-13 10:00:00
2023-01-15,6:50pm,JPY,PPI y/y,Non-economic,10.2%,9.5%,9.7%,2023-01-15 18:50:00
2023-01-15,7:01pm,GBP,Rightmove HPI m/m,Non-economic,0.9%,,-2.1%,2023-01-15 19:01:00
2023-01-15,7:02pm,AUD,MI Inflation Gauge m/m,Non-economic,0.2%,,1.0%,2023-01-15 19:02:00
2023-01-15,8:30pm,CNY,New Home Prices m/m,Non-economic,-0.25%,,-0.25%,2023-01-15 20:30:00
2023-01-16,1:00am,JPY,Prelim Machine Tool Orders y/y,Non-economic,1.0%,,-7.7%,2023-01-16 01:00:00
2023-01-16,2:00am,EUR,German WPI m/m,Non-economic,-1.6%,-0.3%,-0.9%,2023-01-16 02:00:00
2023-01-16,Day 1,All,WEF Annual Meetings,Medium,,,,2023-01-16 00:00:00
2023-01-16,5:05am,EUR,French Gov Budget Balance,Non-economic,-159.3B,,-143.2B,2023-01-16 05:05:00
2023-01-16,All Day,EUR,Eurogroup Meetings,Non-economic,,,,2023-01-16 00:00:00
2023-01-16,All Day,USD,Bank Holiday,Low,,,,2023-01-16 00:00:00
2023-01-16,8:30am,CAD,Manufacturing Sales m/m,Non-economic,0.0%,0.4%,2.4%,2023-01-16 08:30:00
2023-01-16,10:00am,GBP,BOE Gov Bailey Speaks,High,,,,2023-01-16 10:00:00
2023-01-16,10:30am,CAD,BOC Business Outlook Survey,Medium,,,,2023-01-16 10:30:00
2023-01-16,4:00pm,NZD,NZIER Business Confidence,Non-economic,-70,,-42,2023-01-16 16:00:00
2023-01-16,6:20pm,AUD,Westpac Consumer Sentiment,Non-economic,5.0%,,3.0%,2023-01-16 18:20:00
2023-01-16,9:00pm,CNY,GDP q/y,High,2.9%,1.6%,3.9%,2023-01-16 21:00:00
2023-01-16,9:00pm,CNY,Fixed Asset Investment ytd/y,Non-economic,5.1%,5.0%,5.3%,2023-01-16 21:00:00
2023-01-16,9:00pm,CNY,Industrial Production y/y,Non-economic,1.3%,0.2%,2.2%,2023-01-16 21:00:00
2023-01-16,9:00pm,CNY,NBS Press Conference,Non-economic,,,,2023-01-16 21:00:00
2023-01-16,9:00pm,CNY,Retail Sales y/y,Non-economic,-1.8%,-9.5%,-5.9%,2023-01-16 21:00:00
2023-01-16,9:00pm,CNY,Unemployment Rate,Non-economic,5.5%,5.8%,5.7%,2023-01-16 21:00:00
2023-01-16,11:30pm,JPY,Tertiary Industry Activity m/m,Non-economic,-0.2%,0.2%,0.5%,2023-01-16 23:30:00
2023-01-17,2:00am,EUR,German Final CPI m/m,Non-economic,-0.8%,-0.8%,-0.8%,2023-01-17 02:00:00
2023-01-17,2:00am,GBP,Claimant Count Change,High,19.7K,19.8K,16.1K,2023-01-17 02:00:00
2023-01-17,2:00am,GBP,Average Earnings Index 3m/y,Medium,6.4%,6.2%,6.2%,2023-01-17 02:00:00
2023-01-17,2:00am,GBP,Unemployment Rate,Non-economic,3.7%,3.7%,3.7%,2023-01-17 02:00:00
2023-01-17,Day 2,All,WEF Annual Meetings,Medium,,,,2023-01-17 00:00:00
2023-01-17,5:00am,EUR,German ZEW Economic Sentiment,Medium,16.9,-15.0,-23.3,2023-01-17 05:00:00
2023-01-17,5:00am,EUR,ZEW Economic Sentiment,Non-economic,16.7,-14.3,-23.6,2023-01-17 05:00:00
2023-01-17,All Day,EUR,ECOFIN Meetings,Non-economic,,,,2023-01-17 00:00:00
2023-01-17,8:13am,CAD,Housing Starts,Non-economic,249K,257K,263K,2023-01-17 08:13:00
2023-01-17,8:30am,CAD,CPI m/m,High,-0.6%,-0.6%,0.1%,2023-01-17 08:30:00
2023-01-17,8:30am,CAD,Median CPI y/y,High,5.0%,4.9%,5.1%,2023-01-17 08:30:00
2023-01-17,8:30am,CAD,Trimmed CPI y/y,High,5.3%,5.2%,5.4%,2023-01-17 08:30:00
2023-01-17,8:30am,CAD,Foreign Securities Purchases,Non-economic,12.76B,2.73B,9.09B,2023-01-17 08:30:00
2023-01-17,8:30am,USD,Empire State Manufacturing Index,High,-32.9,-8.7,-11.2,2023-01-17 08:30:00
2023-01-17,8:32am,CAD,Common CPI y/y,Medium,6.6%,6.6%,6.8%,2023-01-17 08:32:00
2023-01-17,8:32am,CAD,Core CPI m/m,Non-economic,-0.3%,,0.0%,2023-01-17 08:32:00
2023-01-17,9:39am,NZD,GDT Price Index,Non-economic,-0.1%,,-2.8%,2023-01-17 09:39:00
2023-01-17,3:00pm,USD,FOMC Member Williams Speaks,Non-economic,,,,2023-01-17 15:00:00
2023-01-17,6:50pm,JPY,Core Machinery Orders m/m,Non-economic,-8.3%,-1.3%,5.4%,2023-01-17 18:50:00
2023-01-17,9:04pm,CNY,Foreign Direct Investment ytd/y,Non-economic,6.3%,,9.9%,2023-01-17 21:04:00
2023-01-17,9:40pm,JPY,BOJ Outlook Report,High,,,,2023-01-17 21:40:00
2023-01-17,9:40pm,JPY,Monetary Policy Statement,High,,,,2023-01-17 21:40:00
2023-01-17,9:40pm,JPY,BOJ Policy Rate,Non-economic,-0.10%,-0.10%,-0.10%,2023-01-17 21:40:00
2023-01-17,11:30pm,JPY,Revised Industrial Production m/m,Non-economic,0.2%,-0.1%,-0.1%,2023-01-17 23:30:00
2023-01-18,1:30am,JPY,BOJ Press Conference,High,,,,2023-01-18 01:30:00
2023-01-18,2:00am,GBP,CPI y/y,High,10.5%,10.5%,10.7%,2023-01-18 02:00:00
2023-01-18,2:00am,GBP,Core CPI y/y,Non-economic,6.3%,6.2%,6.3%,2023-01-18 02:00:00
2023-01-18,2:00am,GBP,RPI y/y,Non-economic,13.4%,13.6%,14.0%,2023-01-18 02:00:00
2023-01-18,4:00am,EUR,Italian Trade Balance,Non-economic,1.45B,-1.80B,-2.06B,2023-01-18 04:00:00
2023-01-18,Day 3,All,WEF Annual Meetings,Medium,,,,2023-01-18 00:00:00
2023-01-18,4:30am,GBP,Housing Equity Withdrawal q/q,Non-economic,-5.8B,-7.9B,-6.1B,2023-01-18 04:30:00
2023-01-18,4:30am,GBP,HPI y/y,Non-economic,10.3%,10.4%,12.4%,2023-01-18 04:30:00
2023-01-18,5:00am,EUR,Final Core CPI y/y,Non-economic,5.2%,5.2%,5.2%,2023-01-18 05:00:00
2023-01-18,5:00am,EUR,Final CPI y/y,Non-economic,9.2%,9.2%,9.2%,2023-01-18 05:00:00
2023-01-18,5:39am,EUR,German 30-y Bond Auction,Non-economic,2.05|1.5,,1.94|1.8,2023-01-18 05:39:00
2023-01-18,8:30am,CAD,IPPI m/m,Non-economic,-1.1%,0.7%,-0.4%,2023-01-18 08:30:00
2023-01-18,8:30am,CAD,RMPI m/m,Non-economic,-3.1%,-0.9%,-0.8%,2023-01-18 08:30:00
2023-01-18,8:30am,USD,Core PPI m/m,High,0.1%,0.1%,0.2%,2023-01-18 08:30:00
2023-01-18,8:30am,USD,Core Retail Sales m/m,High,-1.1%,-0.5%,-0.6%,2023-01-18 08:30:00
2023-01-18,8:30am,USD,PPI m/m,High,-0.5%,-0.1%,0.2%,2023-01-18 08:30:00
2023-01-18,8:30am,USD,Retail Sales m/m,High,-1.1%,-0.8%,-1.0%,2023-01-18 08:30:00
2023-01-18,9:15am,USD,Capacity Utilization Rate,Non-economic,78.8%,79.6%,79.4%,2023-01-18 09:15:00
2023-01-18,9:15am,USD,Industrial Production m/m,Non-economic,-0.7%,-0.1%,-0.6%,2023-01-18 09:15:00
2023-01-18,9:30am,GBP,CB Leading Index m/m,Non-economic,-0.6%,,-0.9%,2023-01-18 09:30:00
2023-01-18,10:00am,USD,Business Inventories m/m,Non-economic,0.4%,0.4%,0.2%,2023-01-18 10:00:00
2023-01-18,10:00am,USD,NAHB Housing Market Index,Non-economic,35,31,31,2023-01-18 10:00:00
2023-01-18,2:00pm,USD,Beige Book,Non-economic,,,,2023-01-18 14:00:00
2023-01-18,3:15pm,USD,FOMC Member Harker Speaks,Non-economic,,,,2023-01-18 15:15:00
2023-01-18,4:00pm,USD,TIC Long-Term Purchases,Non-economic,171.5B,127.9B,67.8B,2023-01-18 16:00:00
2023-01-18,4:30pm,USD,API Weekly Statistical Bulletin,Non-economic,,,,2023-01-18 16:30:00
2023-01-18,4:45pm,NZD,FPI m/m,Non-economic,1.1%,,0.0%,2023-01-18 16:45:00
2023-01-18,5:00pm,USD,FOMC Member Logan Speaks,Non-economic,,,,2023-01-18 17:00:00
2023-01-18,6:50pm,JPY,Trade Balance,Non-economic,-1.72T,-1.60T,-1.78T,2023-01-18 18:50:00
2023-01-18,7:00pm,AUD,MI Inflation Expectations,Non-economic,5.6%,,5.2%,2023-01-18 19:00:00
2023-01-18,7:01pm,GBP,RICS House Price Balance,Non-economic,-42%,-30%,-26%,2023-01-18 19:01:00
2023-01-18,7:30pm,AUD,Employment Change,Medium,-14.6K,26.5K,58.3K,2023-01-18 19:30:00
2023-01-18,7:30pm,AUD,Unemployment Rate,Medium,3.5%,3.4%,3.5%,2023-01-18 19:30:00
2023-01-19,2:30am,CHF,PPI m/m,Non-economic,-0.7%,-0.4%,-0.5%,2023-01-19 02:30:00
2023-01-19,4:00am,EUR,Current Account,Non-economic,13.6B,-11.6B,-0.5B,2023-01-19 04:00:00
2023-01-19,Day 4,All,WEF Annual Meetings,Medium,,,,2023-01-19 00:00:00
2023-01-19,4:30am,GBP,BOE Credit Conditions Survey,Non-economic,,,,2023-01-19 04:30:00
2023-01-19,5:30am,EUR,ECB President Lagarde Speaks,Medium,,,,2023-01-19 05:30:00
2023-01-19,7:30am,EUR,ECB Monetary Policy Meeting Accounts,Non-economic,,,,2023-01-19 07:30:00
2023-01-19,8:30am,CAD,Wholesale Sales m/m,Non-economic,0.5%,2.0%,1.9%,2023-01-19 08:30:00
2023-01-19,8:30am,USD,Philly Fed Manufacturing Index,Medium,-8.9,-10.9,-13.8,2023-01-19 08:30:00
2023-01-19,8:30am,USD,Unemployment Claims,Medium,190K,214K,205K,2023-01-19 08:30:00
2023-01-19,8:30am,USD,Building Permits,Non-economic,1.33M,1.37M,1.35M,2023-01-19 08:30:00
2023-01-19,8:30am,USD,Housing Starts,Non-economic,1.38M,1.36M,1.40M,2023-01-19 08:30:00
2023-01-19,10:30am,AUD,CB Leading Index m/m,Non-economic,0.1%,,0.4%,2023-01-19 10:30:00
2023-01-19,10:30am,USD,Natural Gas Storage,Non-economic,-82B,-76B,11B,2023-01-19 10:30:00
2023-01-19,11:00am,USD,Crude Oil Inventories,Non-economic,8.4M,-2.1M,19.0M,2023-01-19 11:00:00
2023-01-19,1:15pm,USD,FOMC Member Brainard Speaks,Medium,,,,2023-01-19 13:15:00
2023-01-19,4:30pm,NZD,BusinessNZ Manufacturing Index,Non-economic,47.2,,47.2,2023-01-19 16:30:00
2023-01-19,4:45pm,NZD,Visitor Arrivals m/m,Non-economic,43.1%,,6.8%,2023-01-19 16:45:00
2023-01-19,6:30pm,JPY,National Core CPI y/y,Non-economic,4.0%,4.0%,3.7%,2023-01-19 18:30:00
2023-01-19,6:35pm,USD,FOMC Member Williams Speaks,Non-economic,,,,2023-01-19 18:35:00
2023-01-19,7:01pm,GBP,GfK Consumer Confidence,Non-economic,-45,-41,-42,2023-01-19 19:01:00
2023-01-19,8:15pm,CNY,1-y Loan Prime Rate,Medium,3.65%,3.65%,3.65%,2023-01-19 20:15:00
2023-01-19,8:15pm,CNY,5-y Loan Prime Rate,Medium,4.30%,4.30%,4.30%,2023-01-19 20:15:00
2023-01-20,2:00am,EUR,German PPI m/m,Non-economic,-0.4%,-1.2%,-3.9%,2023-01-20 02:00:00
2023-01-20,2:00am,GBP,Retail Sales m/m,Medium,-1.0%,0.5%,-0.5%,2023-01-20 02:00:00
2023-01-20,3:00am,CHF,SNB Chairman Jordan Speaks,Medium,,,,2023-01-20 03:00:00
2023-01-20,Day 5,All,WEF Annual Meetings,Medium,,,,2023-01-20 00:00:00
2023-01-20,5:00am,EUR,ECB President Lagarde Speaks,Medium,,,,2023-01-20 05:00:00
2023-01-20,8:30am,CAD,Core Retail Sales m/m,Medium,-0.6%,-0.6%,1.6%,2023-01-20 08:30:00
2023-01-20,8:30am,CAD,Retail Sales m/m,Medium,-0.1%,-0.5%,1.3%,2023-01-20 08:30:00
2023-01-20,9:00am,USD,FOMC Member Harker Speaks,Non-economic,,,,2023-01-20 09:00:00
2023-01-20,10:00am,USD,Existing Home Sales,Medium,4.02M,3.95M,4.08M,2023-01-20 10:00:00
2023-01-20,1:00pm,USD,FOMC Member Waller Speaks,Medium,,,,2023-01-20 13:00:00
2023-01-22,6:50pm,JPY,Monetary Policy Meeting Minutes,Non-economic,,,,2023-01-22 18:50:00
2023-01-22,All Day,CNY,Bank Holiday,Low,,,,2023-01-22 00:00:00
2023-01-23,6:00am,EUR,German Buba Monthly Report,Non-economic,,,,2023-01-23 06:00:00
2023-01-23,8:30am,CAD,NHPI m/m,Non-economic,0.0%,-0.2%,-0.2%,2023-01-23 08:30:00
2023-01-23,10:00am,EUR,Consumer Confidence,Non-economic,-21,-20,-22,2023-01-23 10:00:00
2023-01-23,10:00am,USD,CB Leading Index m/m,Non-economic,-1.0%,-0.7%,-1.1%,2023-01-23 10:00:00
2023-01-23,1:10pm,EUR,ECB President Lagarde Speaks,Medium,,,,2023-01-23 13:10:00
2023-01-23,4:30pm,NZD,BusinessNZ Services Index,Non-economic,52.1,,53.8,2023-01-23 16:30:00
2023-01-23,5:00pm,AUD,Flash Manufacturing PMI,Non-economic,49.8,,50.2,2023-01-23 17:00:00
2023-01-23,5:00pm,AUD,Flash Services PMI,Non-economic,48.3,,47.3,2023-01-23 17:00:00
2023-01-23,All Day,CNY,Bank Holiday,Low,,,,2023-01-23 00:00:00
2023-01-23,7:30pm,AUD,NAB Business Confidence,Non-economic,-1,,-4,2023-01-23 19:30:00
2023-01-23,7:30pm,JPY,Flash Manufacturing PMI,Non-economic,48.9,49.4,48.9,2023-01-23 19:30:00
2023-01-24,12:00am,JPY,BOJ Core CPI y/y,Non-economic,3.1%,2.9%,2.9%,2023-01-24 00:00:00
2023-01-24,2:00am,CHF,Trade Balance,Non-economic,2.83B,3.23B,2.40B,2023-01-24 02:00:00
2023-01-24,2:00am,EUR,German GfK Consumer Climate,Non-economic,-33.9,-33.2,-37.6,2023-01-24 02:00:00
2023-01-24,2:00am,GBP,Public Sector Net Borrowing,Non-economic,26.6B,22.3B,18.8B,2023-01-24 02:00:00
2023-01-24,3:15am,EUR,French Flash Manufacturing PMI,Medium,50.8,49.6,49.2,2023-01-24 03:15:00
2023-01-24,3:15am,EUR,French Flash Services PMI,Medium,49.2,49.7,49.5,2023-01-24 03:15:00
2023-01-24,3:30am,EUR,German Flash Manufacturing PMI,Medium,47.0,48.0,47.1,2023-01-24 03:30:00
2023-01-24,3:30am,EUR,German Flash Services PMI,Medium,50.4,49.6,49.2,2023-01-24 03:30:00
2023-01-24,4:00am,EUR,Flash Manufacturing PMI,Non-economic,48.8,48.6,47.8,2023-01-24 04:00:00
2023-01-24,4:00am,EUR,Flash Services PMI,Non-economic,50.7,50.0,49.8,2023-01-24 04:00:00
2023-01-24,4:30am,GBP,Flash Manufacturing PMI,High,46.7,45.4,45.3,2023-01-24 04:30:00
2023-01-24,4:30am,GBP,Flash Services PMI,High,48.0,49.6,49.9,2023-01-24 04:30:00
2023-01-24,6:00am,GBP,CBI Industrial Order Expectations,Non-economic,-17,-7,-6,2023-01-24 06:00:00
2023-01-24,9:45am,USD,Flash Services PMI,High,46.6,45.3,44.7,2023-01-24 09:45:00
2023-01-24,9:45am,USD,Flash Manufacturing PMI,Medium,46.8,46.0,46.2,2023-01-24 09:45:00
2023-01-24,9:59am,USD,Richmond Manufacturing Index,Medium,-11,-5,1,2023-01-24 09:59:00
2023-01-24,11:30am,CHF,Gov Board Member Schlegel Speaks,Non-economic,,,,2023-01-24 11:30:00
2023-01-24,4:30pm,USD,API Weekly Statistical Bulletin,Non-economic,,,,2023-01-24 16:30:00
2023-01-24,4:45pm,NZD,CPI q/q,High,1.4%,1.3%,2.2%,2023-01-24 16:45:00
2023-01-24,6:30pm,AUD,MI Leading Index m/m,Non-economic,-0.1%,,-0.2%,2023-01-24 18:30:00
2023-01-24,All Day,CNY,Bank Holiday,Low,,,,2023-01-24 00:00:00
2023-01-24,7:30pm,AUD,CPI m/m,High,1.9%,1.6%,1.8%,2023-01-24 19:30:00
2023-01-24,7:30pm,AUD,CPI y/y,High,8.4%,7.6%,7.3%,2023-01-24 19:30:00
2023-01-24,7:30pm,AUD,Trimmed Mean CPI m/m,High,1.7%,1.5%,1.9%,2023-01-24 19:30:00
2023-01-24,9:00pm,NZD,Credit Card Spending y/y,Non-economic,12.4%,,16.2%,2023-01-24 21:00:00
2023-01-25,Nov Data,GBP,PPI Input m/m,Non-economic,-0.2%,,0.9%,2023-01-25 00:00:00
2023-01-25,Nov Data,GBP,PPI Output m/m,Non-economic,-0.1%,,0.9%,2023-01-25 00:00:00
2023-01-25,2:00am,GBP,PPI Input m/m,Non-economic,-1.1%,-0.8%,-0.2%,2023-01-25 02:00:00
2023-01-25,2:00am,GBP,PPI Output m/m,Non-economic,-0.8%,0.1%,-0.1%,2023-01-25 02:00:00
2023-01-25,4:00am,CHF,UBS Economic Expectations,Non-economic,-40.0,,-42.8,2023-01-25 04:00:00
2023-01-25,4:00am,EUR,German ifo Business Climate,Medium,90.2,90.2,88.6,2023-01-25 04:00:00
2023-01-25,8:58am,EUR,Belgian NBB Business Climate,Non-economic,-13.5,-12.0,-13.6,2023-01-25 08:58:00
2023-01-25,10:00am,CAD,BOC Monetary Policy Report,High,,,,2023-01-25 10:00:00
2023-01-25,10:00am,CAD,BOC Rate Statement,High,,,,2023-01-25 10:00:00
2023-01-25,10:00am,CAD,Overnight Rate,High,4.50%,4.50%,4.25%,2023-01-25 10:00:00
2023-01-25,10:30am,USD,Crude Oil Inventories,Non-economic,0.5M,1.2M,8.4M,2023-01-25 10:30:00
2023-01-25,11:00am,CAD,BOC Press Conference,High,,,,2023-01-25 11:00:00
2023-01-25,All Day,AUD,Bank Holiday,Low,,,,2023-01-25 00:00:00
2023-01-25,6:50pm,JPY,BOJ Summary of Opinions,Non-economic,,,,2023-01-25 18:50:00
2023-01-25,6:50pm,JPY,SPPI y/y,Non-economic,1.5%,1.6%,1.7%,2023-01-25 18:50:00
2023-01-25,All Day,CNY,Bank Holiday,Low,,,,2023-01-25 00:00:00
2023-01-26,3:00am,EUR,Spanish Unemployment Rate,Non-economic,12.9%,12.4%,12.7%,2023-01-26 03:00:00
2023-01-26,6:00am,GBP,CBI Realized Sales,Non-economic,-23,2,11,2023-01-26 06:00:00
2023-01-26,8:30am,USD,Advance GDP q/q,High,2.9%,2.6%,3.2%,2023-01-26 08:30:00
2023-01-26,8:30am,USD,Advance GDP Price Index q/q,Medium,3.5%,3.2%,4.4%,2023-01-26 08:30:00
2023-01-26,8:30am,USD,Core Durable Goods Orders m/m,Medium,-0.1%,-0.2%,0.1%,2023-01-26 08:30:00
2023-01-26,8:30am,USD,Durable Goods Orders m/m,Medium,5.6%,2.4%,-1.7%,2023-01-26 08:30:00
2023-01-26,8:30am,USD,Unemployment Claims,Medium,186K,203K,192K,2023-01-26 08:30:00
2023-01-26,8:30am,USD,Goods Trade Balance,Non-economic,-90.3B,-88.4B,-82.9B,2023-01-26 08:30:00
2023-01-26,8:30am,USD,Prelim Wholesale Inventories m/m,Non-economic,0.1%,0.5%,0.9%,2023-01-26 08:30:00
2023-01-26,10:00am,USD,New Home Sales,Medium,616K,610K,602K,2023-01-26 10:00:00
2023-01-26,10:30am,USD,Natural Gas Storage,Non-economic,-91B,-79B,-82B,2023-01-26 10:30:00
2023-01-26,2:45pm,USD,President Biden Speaks,Non-economic,,,,2023-01-26 14:45:00
2023-01-26,6:30pm,JPY,Tokyo Core CPI y/y,Non-economic,4.3%,4.2%,3.9%,2023-01-26 18:30:00
2023-01-26,7:00pm,NZD,ANZ Business Confidence,Non-economic,-52.0,,-70.2,2023-01-26 19:00:00
2023-01-26,All Day,CNY,Bank Holiday,Low,,,,2023-01-26 00:00:00
2023-01-26,7:30pm,AUD,Import Prices q/q,Non-economic,1.8%,1.3%,3.0%,2023-01-26 19:30:00
2023-01-26,7:30pm,AUD,PPI q/q,Non-economic,0.7%,1.7%,1.9%,2023-01-26 19:30:00
2023-01-27,3:00am,EUR,Spanish Flash GDP q/q,Non-economic,0.2%,0.1%,0.1%,2023-01-27 03:00:00
2023-01-27,4:00am,EUR,M3 Money Supply y/y,Non-economic,4.1%,4.6%,4.8%,2023-01-27 04:00:00
2023-01-27,4:00am,EUR,Private Loans y/y,Non-economic,3.8%,4.1%,4.1%,2023-01-27 04:00:00
2023-01-27,8:30am,USD,Core PCE Price Index m/m,High,0.3%,0.3%,0.2%,2023-01-27 08:30:00
2023-01-27,8:30am,USD,Personal Income m/m,Non-economic,0.2%,0.2%,0.3%,2023-01-27 08:30:00
2023-01-27,8:30am,USD,Personal Spending m/m,Non-economic,-0.2%,-0.1%,-0.1%,2023-01-27 08:30:00
2023-01-27,10:00am,USD,Pending Home Sales m/m,Medium,2.5%,-1.0%,-2.6%,2023-01-27 10:00:00
2023-01-27,10:00am,USD,Revised UoM Consumer Sentiment,Medium,64.9,64.6,64.6,2023-01-27 10:00:00
2023-01-27,10:00am,USD,Revised UoM Inflation Expectations,Non-economic,3.9%,,4.0%,2023-01-27 10:00:00
2023-01-29,4:45pm,NZD,Trade Balance,Non-economic,-475M,-1750M,-2180M,2023-01-29 16:45:00
2023-01-30,3:00am,CHF,KOF Economic Barometer,Non-economic,97.2,93.3,91.5,2023-01-30 03:00:00
2023-01-30,3:00am,EUR,Spanish Flash CPI y/y,Non-economic,5.8%,4.9%,5.7%,2023-01-30 03:00:00
2023-01-30,4:00am,EUR,German Prelim GDP q/q,Non-economic,-0.2%,0.0%,0.4%,2023-01-30 04:00:00
2023-01-30,9:00am,CNY,CB Leading Index m/m,Non-economic,-0.8%,,-1.4%,2023-01-30 09:00:00
2023-01-30,6:30pm,JPY,Unemployment Rate,Non-economic,2.5%,2.5%,2.5%,2023-01-30 18:30:00
2023-01-30,6:50pm,JPY,Prelim Industrial Production m/m,Non-economic,-0.1%,-1.1%,0.2%,2023-01-30 18:50:00
2023-01-30,6:50pm,JPY,Retail Sales y/y,Non-economic,3.8%,3.2%,2.5%,2023-01-30 18:50:00
2023-01-30,7:30pm,AUD,Private Sector Credit m/m,Non-economic,0.3%,0.5%,0.5%,2023-01-30 19:30:00
2023-01-30,7:30pm,AUD,Retail Sales m/m,Non-economic,-3.9%,-0.2%,1.7%,2023-01-30 19:30:00
2023-01-30,8:30pm,CNY,Manufacturing PMI,Non-economic,50.1,50.2,47.0,2023-01-30 20:30:00
2023-01-30,8:30pm,CNY,Non-Manufacturing PMI,Non-economic,54.4,52.0,41.6,2023-01-30 20:30:00
2023-01-31,12:00am,JPY,Housing Starts y/y,Non-economic,-1.7%,0.5%,-1.4%,2023-01-31 00:00:00
2023-01-31,12:02am,JPY,Consumer Confidence,Non-economic,31.0,30.5,30.3,2023-01-31 00:02:00
2023-01-31,1:30am,EUR,French Consumer Spending m/m,Non-economic,-1.3%,0.2%,0.6%,2023-01-31 01:30:00
2023-01-31,1:30am,EUR,French Flash GDP q/q,Non-economic,0.1%,0.0%,0.2%,2023-01-31 01:30:00
2023-01-31,2:00am,EUR,German Import Prices m/m,Non-economic,-1.6%,-2.4%,-4.5%,2023-01-31 02:00:00
2023-01-31,2:00am,EUR,German Retail Sales m/m,Non-economic,-5.3%,-0.1%,1.9%,2023-01-31 02:00:00
2023-01-31,2:30am,CHF,Retail Sales y/y,Non-economic,-2.8%,-0.7%,-1.4%,2023-01-31 02:30:00
2023-01-31,2:45am,EUR,French Prelim CPI m/m,Non-economic,0.4%,0.5%,-0.1%,2023-01-31 02:45:00
2023-01-31,3:55am,EUR,German Unemployment Change,Non-economic,-22K,5K,-13K,2023-01-31 03:55:00
2023-01-31,4:00am,EUR,Italian Monthly Unemployment Rate,Non-economic,7.8%,7.8%,7.8%,2023-01-31 04:00:00
2023-01-31,4:30am,GBP,M4 Money Supply m/m,Non-economic,-0.8%,1.2%,-1.5%,2023-01-31 04:30:00
2023-01-31,4:30am,GBP,Mortgage Approvals,Non-economic,36K,44K,46K,2023-01-31 04:30:00
2023-01-31,4:30am,GBP,Net Lending to Individuals m/m,Non-economic,3.7B,5.1B,5.7B,2023-01-31 04:30:00
2023-01-31,5:00am,EUR,Prelim Flash GDP q/q,Non-economic,0.1%,-0.1%,0.3%,2023-01-31 05:00:00
2023-01-31,5:00am,EUR,Italian Prelim GDP q/q,Non-economic,-0.1%,-0.2%,0.5%,2023-01-31 05:00:00
2023-01-31,5:19am,EUR,Italian 10-y Bond Auction,Non-economic,4.28|1.3,,3.96|1.5,2023-01-31 05:19:00
2023-01-31,8:30am,CAD,GDP m/m,High,0.1%,0.1%,0.1%,2023-01-31 08:30:00
2023-01-31,8:30am,USD,Employment Cost Index q/q,Non-economic,1.0%,1.1%,1.2%,2023-01-31 08:30:00
2023-01-31,9:00am,USD,HPI m/m,Non-economic,-0.1%,-0.4%,0.0%,2023-01-31 09:00:00
2023-01-31,9:00am,USD,S&P/CS Composite-20 HPI y/y,Non-economic,6.8%,6.8%,8.6%,2023-01-31 09:00:00
2023-01-31,9:45am,USD,Chicago PMI,Medium,44.3,45.1,44.9,2023-01-31 09:45:00
2023-01-31,10:00am,USD,CB Consumer Confidence,High,107.1,109.1,109.0,2023-01-31 10:00:00
2023-01-31,4:30pm,USD,API Weekly Statistical Bulletin,Non-economic,,,,2023-01-31 16:30:00
2023-01-31,4:45pm,NZD,Employment Change q/q,High,0.2%,0.3%,1.3%,2023-01-31 16:45:00
2023-01-31,4:45pm,NZD,Unemployment Rate,High,3.4%,3.3%,3.3%,2023-01-31 16:45:00
2023-01-31,4:45pm,NZD,Labor Cost Index q/q,Non-economic,1.1%,1.2%,1.1%,2023-01-31 16:45:00
2023-01-31,7:01pm,GBP,BRC Shop Price Index y/y,Non-economic,8.0%,,7.3%,2023-01-31 19:01:00
2023-01-31,7:30pm,JPY,Final Manufacturing PMI,Non-economic,48.9,48.9,48.9,2023-01-31 19:30:00
2023-01-31,8:45pm,CNY,RatingDog Manufacturing PMI,Non-economic,49.2,49.8,49.0,2023-01-31 20:45:00
2023-02-01,12:30am,AUD,Commodity Prices y/y,Non-economic,10.6%,,14.1%,2023-02-01 00:30:00
2023-02-01,2:00am,GBP,Nationwide HPI m/m,Non-economic,-0.6%,-0.5%,-0.3%,2023-02-01 02:00:00
2023-02-01,3:15am,EUR,Spanish Manufacturing PMI,Non-economic,48.4,47.9,46.4,2023-02-01 03:15:00
2023-02-01,3:30am,CHF,Manufacturing PMI,Non-economic,49.3,54.3,54.1,2023-02-01 03:30:00
2023-02-01,3:45am,EUR,Italian Manufacturing PMI,Non-economic,50.4,49.6,48.5,2023-02-01 03:45:00
2023-02-01,3:50am,EUR,French Final Manufacturing PMI,Non-economic,50.5,50.8,50.8,2023-02-01 03:50:00
2023-02-01,3:55am,EUR,German Final Manufacturing PMI,Non-economic,47.3,47.0,47.0,2023-02-01 03:55:00
2023-02-01,4:00am,EUR,Final Manufacturing PMI,Non-economic,48.8,48.8,48.8,2023-02-01 04:00:00
2023-02-01,4:30am,GBP,Final Manufacturing PMI,Non-economic,47.0,46.7,46.7,2023-02-01 04:30:00
2023-02-01,5:00am,EUR,Core CPI Flash Estimate y/y,Medium,5.2%,5.1%,5.2%,2023-02-01 05:00:00
2023-02-01,5:00am,EUR,CPI Flash Estimate y/y,Medium,8.5%,9.0%,9.2%,2023-02-01 05:00:00
2023-02-01,5:00am,EUR,Italian Prelim CPI m/m,Non-economic,0.2%,0.0%,0.3%,2023-02-01 05:00:00
2023-02-01,5:00am,EUR,Unemployment Rate,Non-economic,6.6%,6.5%,6.6%,2023-02-01 05:00:00
2023-02-01,All Day,All,OPEC-JMMC Meetings,Medium,,,,2023-02-01 00:00:00
2023-02-01,5:34am,EUR,German 10-y Bond Auction,Non-economic,2.27|1.5,,2.25|1.4,2023-02-01 05:34:00
2023-02-01,8:15am,USD,ADP Non-Farm Employment Change,High,106K,176K,253K,2023-02-01 08:15:00
2023-02-01,9:30am,CAD,Manufacturing PMI,Non-economic,51.0,,49.2,2023-02-01 09:30:00
2023-02-01,9:45am,USD,Final Manufacturing PMI,Non-economic,46.9,46.8,46.8,2023-02-01 09:45:00
2023-02-01,10:00am,USD,ISM Manufacturing PMI,High,47.4,48.0,48.4,2023-02-01 10:00:00
2023-02-01,10:00am,USD,JOLTS Job Openings,High,11.01M,10.28M,10.44M,2023-02-01 10:00:00
2023-02-01,10:00am,USD,Construction Spending m/m,Non-economic,-0.4%,0.0%,0.5%,2023-02-01 10:00:00
2023-02-01,10:00am,USD,ISM Manufacturing Prices,Non-economic,44.5,40.6,39.4,2023-02-01 10:00:00
2023-02-01,All Day,USD,Wards Total Vehicle Sales,Non-economic,15.7M,15.2M,13.3M,2023-02-01 00:00:00
2023-02-01,10:30am,USD,Crude Oil Inventories,Non-economic,4.1M,-1.0M,0.5M,2023-02-01 10:30:00
2023-02-01,2:00pm,USD,Federal Funds Rate,High,4.75%,4.75%,4.50%,2023-02-01 14:00:00
2023-02-01,2:00pm,USD,FOMC Statement,High,,,,2023-02-01 14:00:00
2023-02-01,2:30pm,USD,FOMC Press Conference,High,,,,2023-02-01 14:30:00
2023-02-01,4:45pm,NZD,Building Consents m/m,Non-economic,-7.2%,,6.7%,2023-02-01 16:45:00
2023-02-01,6:50pm,JPY,Monetary Base y/y,Non-economic,-3.8%,-3.2%,-6.1%,2023-02-01 18:50:00
2023-02-01,7:30pm,AUD,Building Approvals m/m,Non-economic,18.5%,1.1%,-8.8%,2023-02-01 19:30:00
2023-02-01,7:30pm,AUD,NAB Quarterly Business Confidence,Non-economic,-1,,9,2023-02-01 19:30:00
2023-02-01,10:35pm,JPY,10-y Bond Auction,Non-economic,0.49|4.6,,0.50|4.8,2023-02-01 22:35:00
2023-02-02,2:00am,EUR,German Trade Balance,Non-economic,10.0B,9.2B,10.9B,2023-02-02 02:00:00
2023-02-02,3:00am,CHF,SECO Consumer Climate,Non-economic,-30,-38,-47,2023-02-02 03:00:00
2023-02-02,3:00am,EUR,Spanish Unemployment Change,Non-economic,70.7K,-15.2K,-43.7K,2023-02-02 03:00:00
2023-02-02,4:59am,EUR,French 10-y Bond Auction,Non-economic,2.68|2.1,,2.77|1.9,2023-02-02 04:59:00
2023-02-02,7:00am,GBP,BOE Monetary Policy Report,High,,,,2023-02-02 07:00:00
2023-02-02,7:00am,GBP,Monetary Policy Summary,High,,,,2023-02-02 07:00:00
2023-02-02,7:00am,GBP,MPC Official Bank Rate Votes,High,7-0-2,7-0-2,7-0-2,2023-02-02 07:00:00
2023-02-02,7:00am,GBP,Official Bank Rate,High,4.00%,4.00%,3.50%,2023-02-02 07:00:00
2023-02-02,7:30am,GBP,BOE Gov Bailey Speaks,High,,,,2023-02-02 07:30:00
2023-02-02,7:30am,USD,Challenger Job Cuts y/y,Non-economic,440.0%,,129.1%,2023-02-02 07:30:00
2023-02-02,8:15am,EUR,Main Refinancing Rate,High,3.00%,3.00%,2.50%,2023-02-02 08:15:00
2023-02-02,8:15am,EUR,Monetary Policy Statement,High,,,,2023-02-02 08:15:00
2023-02-02,8:30am,CAD,Building Permits m/m,Non-economic,-7.3%,-2.1%,14.9%,2023-02-02 08:30:00
2023-02-02,8:30am,USD,Unemployment Claims,Medium,183K,196K,186K,2023-02-02 08:30:00
2023-02-02,8:30am,USD,Prelim Nonfarm Productivity q/q,Non-economic,3.0%,2.5%,0.8%,2023-02-02 08:30:00
2023-02-02,8:30am,USD,Prelim Unit Labor Costs q/q,Non-economic,1.1%,1.6%,2.4%,2023-02-02 08:30:00
2023-02-02,8:45am,EUR,ECB Press Conference,High,,,,2023-02-02 08:45:00
2023-02-02,10:00am,USD,Factory Orders m/m,Non-economic,1.8%,2.3%,-1.9%,2023-02-02 10:00:00
2023-02-02,10:30am,USD,Natural Gas Storage,Non-economic,-151B,-146B,-91B,2023-02-02 10:30:00
2023-02-02,12:30pm,CHF,SNB Chairman Jordan Speaks,Medium,,,,2023-02-02 12:30:00
2023-02-02,8:45pm,CNY,RatingDog Services PMI,Non-economic,52.9,51.1,48.0,2023-02-02 20:45:00
2023-02-03,2:45am,EUR,French Industrial Production m/m,Non-economic,1.1%,0.2%,2.0%,2023-02-03 02:45:00
2023-02-03,3:15am,EUR,Spanish Services PMI,Non-economic,52.7,52.5,51.6,2023-02-03 03:15:00
2023-02-03,3:30am,CHF,Gov Board Member Maechler Speaks,Medium,,,,2023-02-03 03:30:00
2023-02-03,3:45am,EUR,Italian Services PMI,Non-economic,51.2,50.9,49.9,2023-02-03 03:45:00
2023-02-03,3:50am,EUR,French Final Services PMI,Non-economic,49.4,49.2,49.2,2023-02-03 03:50:00
2023-02-03,3:55am,EUR,German Final Services PMI,Non-economic,50.7,50.4,50.4,2023-02-03 03:55:00
2023-02-03,4:00am,EUR,Final Services PMI,Non-economic,50.8,50.7,50.7,2023-02-03 04:00:00
2023-02-03,4:30am,GBP,Final Services PMI,Non-economic,48.7,48.0,48.0,2023-02-03 04:30:00
2023-02-03,5:00am,EUR,PPI m/m,Non-economic,1.1%,-0.6%,-1.0%,2023-02-03 05:00:00
2023-02-03,7:15am,GBP,MPC Member Pill Speaks,Non-economic,,,,2023-02-03 07:15:00
2023-02-03,8:30am,USD,Average Hourly Earnings m/m,High,0.3%,0.3%,0.4%,2023-02-03 08:30:00
2023-02-03,8:30am,USD,Non-Farm Employment Change,High,517K,193K,260K,2023-02-03 08:30:00
2023-02-03,8:30am,USD,Unemployment Rate,High,3.4%,3.6%,3.5%,2023-02-03 08:30:00
2023-02-03,9:45am,USD,Final Services PMI,Non-economic,46.8,46.6,46.6,2023-02-03 09:45:00
2023-02-03,10:00am,USD,ISM Services PMI,High,55.2,50.5,49.6,2023-02-03 10:00:00
2023-02-05,All Day,NZD,Bank Holiday,Low,,,,2023-02-05 00:00:00
2023-02-05,7:03pm,AUD,MI Inflation Gauge m/m,Non-economic,0.9%,,0.2%,2023-02-05 19:03:00
2023-02-06,2:00am,EUR,German Factory Orders m/m,Non-economic,3.2%,2.1%,-4.4%,2023-02-06 02:00:00
2023-02-06,3:40am,GBP,MPC Member Mann Speaks,Non-economic,,,,2023-02-06 03:40:00
2023-02-06,4:30am,EUR,Sentix Investor Confidence,Non-economic,-8.0,-12.9,-17.5,2023-02-06 04:30:00
2023-02-06,4:30am,GBP,Construction PMI,Non-economic,48.4,48.5,48.8,2023-02-06 04:30:00
2023-02-06,5:00am,EUR,Retail Sales m/m,Non-economic,-2.7%,-2.4%,1.2%,2023-02-06 05:00:00
2023-02-06,10:00am,CAD,Ivey PMI,Medium,60.1,42.3,33.4,2023-02-06 10:00:00
2023-02-06,12:00pm,GBP,MPC Member Pill Speaks,Non-economic,,,,2023-02-06 12:00:00
2023-02-06,2:00pm,USD,Loan Officer Survey,Non-economic,,,,2023-02-06 14:00:00
2023-02-06,6:30pm,JPY,Average Cash Earnings y/y,Non-economic,4.8%,2.5%,1.9%,2023-02-06 18:30:00
2023-02-06,6:30pm,JPY,Household Spending y/y,Non-economic,-1.3%,-0.3%,-1.2%,2023-02-06 18:30:00
2023-02-06,7:00pm,NZD,ANZ Commodity Prices m/m,Non-economic,-1.0%,,-0.2%,2023-02-06 19:00:00
2023-02-06,7:01pm,GBP,BRC Retail Sales Monitor y/y,Non-economic,3.9%,3.9%,6.5%,2023-02-06 19:01:00
2023-02-06,7:30pm,AUD,Goods Trade Balance,Non-economic,12.24B,12.50B,13.48B,2023-02-06 19:30:00
2023-02-06,10:30pm,AUD,Cash Rate,High,3.35%,3.35%,3.10%,2023-02-06 22:30:00
2023-02-06,10:30pm,AUD,RBA Rate Statement,High,,,,2023-02-06 22:30:00
2023-02-06,10:35pm,JPY,30-y Bond Auction,Non-economic,1.54|3.3,,1.65|3.1,2023-02-06 22:35:00
2023-02-07,12:00am,JPY,Leading Indicators,Non-economic,97.2%,97.0%,97.4%,2023-02-07 00:00:00
2023-02-07,1:45am,CHF,Unemployment Rate,Non-economic,1.9%,1.9%,1.9%,2023-02-07 01:45:00
2023-02-07,2:00am,EUR,German Industrial Production m/m,Non-economic,-3.1%,-0.7%,0.4%,2023-02-07 02:00:00
2023-02-07,2:00am,GBP,Halifax HPI m/m,Non-economic,0.0%,-0.8%,-1.3%,2023-02-07 02:00:00
2023-02-07,2:45am,EUR,French Gov Budget Balance,Non-economic,-151.5B,,-159.3B,2023-02-07 02:45:00
2023-02-07,2:45am,EUR,French Trade Balance,Non-economic,-14.9B,-12.1B,-13.6B,2023-02-07 02:45:00
2023-02-07,3:00am,CHF,Foreign Currency Reserves,Non-economic,784B,,784B,2023-02-07 03:00:00
2023-02-07,4:00am,GBP,MPC Member Ramsden Speaks,Non-economic,,,,2023-02-07 04:00:00
2023-02-07,8:30am,CAD,Trade Balance,Non-economic,-0.2B,-0.6B,-0.2B,2023-02-07 08:30:00
2023-02-07,8:30am,USD,Trade Balance,Non-economic,-67.4B,-68.5B,-61.0B,2023-02-07 08:30:00
2023-02-07,10:00am,USD,RCM/TIPP Economic Optimism,Non-economic,45.1,44.3,42.3,2023-02-07 10:00:00
2023-02-07,10:07am,NZD,GDT Price Index,Non-economic,3.2%,,-0.1%,2023-02-07 10:07:00
2023-02-07,10:30am,GBP,MPC Member Cunliffe Speaks,Non-economic,,,,2023-02-07 10:30:00
2023-02-07,12:30pm,CAD,BOC Gov Macklem Speaks,High,,,,2023-02-07 12:30:00
2023-02-07,12:40pm,USD,Fed Chairman Powell Speaks,High,,,,2023-02-07 12:40:00
2023-02-07,2:00pm,USD,FOMC Member Barr Speaks,Non-economic,,,,2023-02-07 14:00:00
2023-02-07,3:00pm,USD,Consumer Credit m/m,Non-economic,11.6B,25.0B,33.1B,2023-02-07 15:00:00
2023-02-07,4:30pm,USD,API Weekly Statistical Bulletin,Non-economic,,,,2023-02-07 16:30:00
2023-02-07,6:50pm,JPY,Bank Lending y/y,Non-economic,3.1%,2.5%,2.7%,2023-02-07 18:50:00
2023-02-07,6:50pm,JPY,Current Account,Non-economic,1.18T,1.25T,1.92T,2023-02-07 18:50:00
2023-02-07,9:00pm,USD,President Biden Speaks,Non-economic,,,,2023-02-07 21:00:00
2023-02-08,12:00am,JPY,Economy Watchers Sentiment,Non-economic,48.5,48.3,47.9,2023-02-08 00:00:00
2023-02-08,2:45am,EUR,French Prelim Private Payrolls q/q,Non-economic,0.0%,0.3%,0.6%,2023-02-08 02:45:00
2023-02-08,4:00am,EUR,Italian Retail Sales m/m,Non-economic,-0.2%,-0.8%,0.8%,2023-02-08 04:00:00
2023-02-08,9:15am,USD,FOMC Member Williams Speaks,High,,,,2023-02-08 09:15:00
2023-02-08,10:00am,USD,Final Wholesale Inventories m/m,Non-economic,0.1%,0.1%,0.1%,2023-02-08 10:00:00
2023-02-08,10:00am,USD,FOMC Member Barr Speaks,Non-economic,,,,2023-02-08 10:00:00
2023-02-08,10:30am,USD,Crude Oil Inventories,Non-economic,2.4M,2.0M,4.1M,2023-02-08 10:30:00
2023-02-08,1:01pm,USD,10-y Bond Auction,Medium,3.61|2.7,,3.58|2.5,2023-02-08 13:01:00
2023-02-08,1:30pm,CAD,BOC Summary of Deliberations,Non-economic,,,,2023-02-08 13:30:00
2023-02-08,1:45pm,USD,FOMC Member Waller Speaks,Medium,,,,2023-02-08 13:45:00
2023-02-08,6:50pm,JPY,M2 Money Stock y/y,Non-economic,2.7%,3.0%,2.9%,2023-02-08 18:50:00
2023-02-08,7:01pm,GBP,RICS House Price Balance,Non-economic,-47%,-45%,-42%,2023-02-08 19:01:00
2023-02-09,12:59am,JPY,Prelim Machine Tool Orders y/y,Non-economic,-9.7%,,0.9%,2023-02-09 00:59:00
2023-02-09,All Day,EUR,German Prelim CPI m/m,Non-economic,1.0%,0.9%,-0.8%,2023-02-09 00:00:00
2023-02-09,4:45am,GBP,Monetary Policy Report Hearings,High,,,,2023-02-09 04:45:00
2023-02-09,8:30am,USD,Unemployment Claims,Medium,196K,191K,183K,2023-02-09 08:30:00
2023-02-09,10:30am,USD,Natural Gas Storage,Non-economic,-217B,-200B,-151B,2023-02-09 10:30:00
2023-02-09,12:00pm,EUR,German Buba President Nagel Speaks,Non-economic,,,,2023-02-09 12:00:00
2023-02-09,1:01pm,USD,30-y Bond Auction,Non-economic,3.69|2.2,,3.59|2.5,2023-02-09 13:01:00
2023-02-09,4:30pm,NZD,BusinessNZ Manufacturing Index,Non-economic,50.8,,47.8,2023-02-09 16:30:00
2023-02-09,6:50pm,JPY,PPI y/y,Non-economic,9.5%,9.7%,10.5%,2023-02-09 18:50:00
2023-02-09,7:30pm,AUD,RBA Monetary Policy Statement,Medium,,,,2023-02-09 19:30:00
2023-02-09,8:30pm,CNY,CPI y/y,Non-economic,2.1%,2.2%,1.8%,2023-02-09 20:30:00
2023-02-09,8:30pm,CNY,PPI y/y,Non-economic,-0.8%,-0.5%,-0.7%,2023-02-09 20:30:00
2023-02-10,2:00am,GBP,GDP m/m,High,-0.5%,-0.3%,0.1%,2023-02-10 02:00:00
2023-02-10,2:00am,GBP,Prelim GDP q/q,Medium,0.0%,0.0%,-0.3%,2023-02-10 02:00:00
2023-02-10,2:00am,GBP,Construction Output m/m,Non-economic,0.0%,-0.2%,-0.5%,2023-02-10 02:00:00
2023-02-10,2:00am,GBP,Goods Trade Balance,Non-economic,-19.3B,-17.2B,-14.7B,2023-02-10 02:00:00
2023-02-10,2:00am,GBP,Index of Services 3m/3m,Non-economic,0.0%,0.1%,-0.1%,2023-02-10 02:00:00
2023-02-10,2:00am,GBP,Industrial Production m/m,Non-economic,0.3%,-0.2%,0.1%,2023-02-10 02:00:00
2023-02-10,2:00am,GBP,Manufacturing Production m/m,Non-economic,0.0%,-0.2%,-0.6%,2023-02-10 02:00:00
2023-02-10,2:00am,GBP,Prelim Business Investment q/q,Non-economic,4.8%,-0.3%,-2.5%,2023-02-10 02:00:00
2023-02-10,4:00am,EUR,Italian Industrial Production m/m,Non-economic,1.6%,0.2%,-0.1%,2023-02-10 04:00:00
2023-02-10,4:02am,CNY,M2 Money Supply y/y,Non-economic,12.6%,11.6%,11.8%,2023-02-10 04:02:00
2023-02-10,4:02am,CNY,New Loans,Non-economic,4900B,4200B,1400B,2023-02-10 04:02:00
2023-02-10,7:06am,GBP,NIESR GDP Estimate,Non-economic,-0.1%,,0.0%,2023-02-10 07:06:00
2023-02-10,8:30am,CAD,Employment Change,High,150.0K,15.0K,104.0K,2023-02-10 08:30:00
2023-02-10,8:30am,CAD,Unemployment Rate,High,5.0%,5.1%,5.0%,2023-02-10 08:30:00
2023-02-10,9:00am,GBP,MPC Member Pill Speaks,Non-economic,,,,2023-02-10 09:00:00
2023-02-10,10:00am,USD,Prelim UoM Consumer Sentiment,High,66.4,65.0,64.9,2023-02-10 10:00:00
2023-02-10,10:00am,USD,Prelim UoM Inflation Expectations,Medium,4.2%,,3.9%,2023-02-10 10:00:00
2023-02-10,12:30pm,USD,FOMC Member Waller Speaks,Medium,,,,2023-02-10 12:30:00
2023-02-10,2:00pm,USD,Federal Budget Balance,Non-economic,-38.8B,-40.5B,-85.0B,2023-02-10 14:00:00
2023-02-10,4:00pm,USD,FOMC Member Harker Speaks,Non-economic,,,,2023-02-10 16:00:00
2023-02-12,4:30pm,NZD,BusinessNZ Services Index,Non-economic,54.5,,52.0,2023-02-12 16:30:00
2023-02-13,2:30am,CHF,CPI m/m,High,0.6%,0.5%,-0.2%,2023-02-13 02:30:00
2023-02-13,4:00am,EUR,EU Economic Forecasts,Medium,,,,2023-02-13 04:00:00
2023-02-13,All Day,EUR,Eurogroup Meetings,Non-economic,,,,2023-02-13 00:00:00
2023-02-13,8:00am,USD,FOMC Member Bowman Speaks,Non-economic,,,,2023-02-13 08:00:00
2023-02-13,4:45pm,NZD,FPI m/m,Non-economic,1.7%,,1.1%,2023-02-13 16:45:00
2023-02-13,6:24pm,AUD,Westpac Consumer Sentiment,Non-economic,-6.9%,,5.0%,2023-02-13 18:24:00
2023-02-13,6:50pm,JPY,Prelim GDP Price Index y/y,Non-economic,1.1%,1.1%,-0.3%,2023-02-13 18:50:00
2023-02-13,6:50pm,JPY,Prelim GDP q/q,Non-economic,0.2%,0.5%,-0.2%,2023-02-13 18:50:00
2023-02-13,7:30pm,AUD,Household Spending m/m,Non-economic,2.8%,,7.0%,2023-02-13 19:30:00
2023-02-13,7:30pm,AUD,NAB Business Confidence,Non-economic,6,,0,2023-02-13 19:30:00
2023-02-13,9:00pm,NZD,Inflation Expectations q/q,High,3.30%,,3.62%,2023-02-13 21:00:00
2023-02-13,11:30pm,JPY,Revised Industrial Production m/m,Non-economic,0.3%,-0.1%,-0.1%,2023-02-13 23:30:00
2023-02-14,2:00am,EUR,German WPI m/m,Non-economic,0.2%,1.2%,-1.6%,2023-02-14 02:00:00
2023-02-14,2:00am,GBP,Claimant Count Change,High,-12.9K,17.9K,-3.2K,2023-02-14 02:00:00
2023-02-14,2:00am,GBP,Average Earnings Index 3m/y,Medium,5.9%,6.2%,6.5%,2023-02-14 02:00:00
2023-02-14,2:00am,GBP,Unemployment Rate,Non-economic,3.7%,3.7%,3.7%,2023-02-14 02:00:00
2023-02-14,2:30am,CHF,PPI m/m,Non-economic,0.7%,0.2%,-0.7%,2023-02-14 02:30:00
2023-02-14,5:00am,EUR,Flash Employment Change q/q,Non-economic,0.4%,0.1%,0.3%,2023-02-14 05:00:00
2023-02-14,5:00am,EUR,Flash GDP q/q,Non-economic,0.1%,0.1%,0.1%,2023-02-14 05:00:00
2023-02-14,5:02am,GBP,10-y Bond Auction,Non-economic,3.53|2.4,,3.70|2.8,2023-02-14 05:02:00
2023-02-14,All Day,EUR,ECOFIN Meetings,Non-economic,,,,2023-02-14 00:00:00
2023-02-14,6:00am,USD,NFIB Small Business Index,Non-economic,90.3,90.9,89.8,2023-02-14 06:00:00
2023-02-14,8:30am,USD,Core CPI m/m,High,0.4%,0.4%,0.3%,2023-02-14 08:30:00
2023-02-14,8:30am,USD,CPI m/m,High,0.5%,0.5%,-0.1%,2023-02-14 08:30:00
2023-02-14,8:30am,USD,CPI y/y,High,6.4%,6.2%,6.5%,2023-02-14 08:30:00
2023-02-14,9:30am,GBP,CB Leading Index m/m,Non-economic,-0.8%,,-0.4%,2023-02-14 09:30:00
2023-02-14,11:00am,USD,FOMC Member Logan Speaks,Non-economic,,,,2023-02-14 11:00:00
2023-02-14,1:00pm,USD,FOMC Member Harker Speaks,Non-economic,,,,2023-02-14 13:00:00
2023-02-14,2:05pm,USD,FOMC Member Williams Speaks,Non-economic,,,,2023-02-14 14:05:00
2023-02-14,4:30pm,USD,API Weekly Statistical Bulletin,Non-economic,,,,2023-02-14 16:30:00
2023-02-14,7:15pm,AUD,RBA Gov Lowe Speaks,High,,,,2023-02-14 19:15:00
2023-02-14,11:30pm,JPY,Tertiary Industry Activity m/m,Non-economic,-0.4%,0.1%,0.1%,2023-02-14 23:30:00
2023-02-15,2:00am,GBP,CPI y/y,High,10.1%,10.3%,10.5%,2023-02-15 02:00:00
2023-02-15,2:00am,GBP,Core CPI y/y,Non-economic,5.8%,6.2%,6.3%,2023-02-15 02:00:00
2023-02-15,2:00am,GBP,PPI Input m/m,Non-economic,-0.1%,0.2%,-1.1%,2023-02-15 02:00:00
2023-02-15,2:00am,GBP,PPI Output m/m,Non-economic,0.5%,0.1%,-0.8%,2023-02-15 02:00:00
2023-02-15,2:00am,GBP,RPI y/y,Non-economic,13.4%,13.2%,13.4%,2023-02-15 02:00:00
2023-02-15,4:30am,GBP,HPI y/y,Non-economic,9.8%,9.2%,10.6%,2023-02-15 04:30:00
2023-02-15,5:00am,EUR,Industrial Production m/m,Non-economic,-1.1%,-0.8%,1.4%,2023-02-15 05:00:00
2023-02-15,5:00am,EUR,Trade Balance,Non-economic,-18.1B,-16.0B,-14.4B,2023-02-15 05:00:00
2023-02-15,5:40am,EUR,German 30-y Bond Auction,Non-economic,2.26|1.1,,2.05|1.5,2023-02-15 05:40:00
2023-02-15,8:14am,CAD,Housing Starts,Non-economic,215K,246K,248K,2023-02-15 08:14:00
2023-02-15,8:30am,CAD,Manufacturing Sales m/m,Non-economic,-1.5%,-1.6%,-0.2%,2023-02-15 08:30:00
2023-02-15,8:30am,CAD,Wholesale Sales m/m,Non-economic,-0.8%,-1.5%,-0.7%,2023-02-15 08:30:00
2023-02-15,8:30am,USD,Core Retail Sales m/m,High,2.3%,0.9%,-0.9%,2023-02-15 08:30:00
2023-02-15,8:30am,USD,Empire State Manufacturing Index,High,-5.8,-18.2,-32.9,2023-02-15 08:30:00
2023-02-15,8:30am,USD,Retail Sales m/m,High,3.0%,1.9%,-1.1%,2023-02-15 08:30:00
2023-02-15,9:15am,USD,Capacity Utilization Rate,Non-economic,78.3%,79.1%,78.4%,2023-02-15 09:15:00
2023-02-15,9:15am,USD,Industrial Production m/m,Non-economic,0.0%,0.5%,-1.0%,2023-02-15 09:15:00
2023-02-15,10:00am,USD,Business Inventories m/m,Non-economic,0.3%,0.3%,0.3%,2023-02-15 10:00:00
2023-02-15,10:00am,USD,NAHB Housing Market Index,Non-economic,42,37,35,2023-02-15 10:00:00
2023-02-15,10:30am,USD,Crude Oil Inventories,Non-economic,16.3M,1.5M,2.4M,2023-02-15 10:30:00
2023-02-15,12:15pm,EUR,ECB President Lagarde Speaks,Medium,,,,2023-02-15 12:15:00
2023-02-15,4:00pm,USD,TIC Long-Term Purchases,Non-economic,152.8B,119.1B,171.5B,2023-02-15 16:00:00
2023-02-15,4:45pm,NZD,Visitor Arrivals m/m,Non-economic,55.6%,,43.1%,2023-02-15 16:45:00
2023-02-15,6:50pm,JPY,Core Machinery Orders m/m,Non-economic,1.6%,2.7%,-8.3%,2023-02-15 18:50:00
2023-02-15,6:50pm,JPY,Trade Balance,Non-economic,-1.82T,-2.35T,-1.82T,2023-02-15 18:50:00
2023-02-15,7:00pm,AUD,MI Inflation Expectations,Non-economic,5.1%,,5.6%,2023-02-15 19:00:00
2023-02-15,7:30pm,AUD,Employment Change,High,-11.5K,19.8K,-20.0K,2023-02-15 19:30:00
2023-02-15,7:30pm,AUD,Unemployment Rate,High,3.7%,3.5%,3.5%,2023-02-15 19:30:00
2023-02-15,8:30pm,CNY,New Home Prices m/m,Non-economic,0.00%,,-0.25%,2023-02-15 20:30:00
2023-02-16,4:00am,EUR,ECB Economic Bulletin,Non-economic,,,,2023-02-16 04:00:00
2023-02-16,4:00am,EUR,Italian Trade Balance,Non-economic,1.07B,1.40B,1.42B,2023-02-16 04:00:00
2023-02-16,4:46am,EUR,Spanish 10-y Bond Auction,Non-economic,3.40|1.8,,2.66|2.2,2023-02-16 04:46:00
2023-02-16,8:00am,EUR,German Buba President Nagel Speaks,Non-economic,,,,2023-02-16 08:00:00
2023-02-16,8:30am,USD,Core PPI m/m,High,0.5%,0.3%,0.3%,2023-02-16 08:30:00
2023-02-16,8:30am,USD,PPI m/m,High,0.7%,0.4%,-0.2%,2023-02-16 08:30:00
2023-02-16,8:30am,USD,Philly Fed Manufacturing Index,Medium,-24.3,-7.6,-8.9,2023-02-16 08:30:00
2023-02-16,8:30am,USD,Unemployment Claims,Medium,194K,200K,195K,2023-02-16 08:30:00
2023-02-16,8:30am,USD,Building Permits,Non-economic,1.34M,1.35M,1.34M,2023-02-16 08:30:00
2023-02-16,8:30am,USD,Housing Starts,Non-economic,1.31M,1.35M,1.37M,2023-02-16 08:30:00
2023-02-16,10:00am,USD,Mortgage Delinquencies,Non-economic,3.96%,,3.45%,2023-02-16 10:00:00
2023-02-16,10:30am,AUD,CB Leading Index m/m,Non-economic,-0.3%,,0.1%,2023-02-16 10:30:00
2023-02-16,10:30am,USD,Natural Gas Storage,Non-economic,-100B,-97B,-217B,2023-02-16 10:30:00
2023-02-16,11:00am,CAD,BOC Gov Macklem Speaks,High,,,,2023-02-16 11:00:00
2023-02-16,12:00pm,GBP,MPC Member Pill Speaks,Non-economic,,,,2023-02-16 12:00:00
2023-02-16,4:00pm,USD,FOMC Member Cook Speaks,Non-economic,,,,2023-02-16 16:00:00
2023-02-16,5:30pm,AUD,RBA Gov Lowe Speaks,High,,,,2023-02-16 17:30:00
2023-02-16,5:55pm,CAD,Gov Council Member Beaudry Speaks,Non-economic,,,,2023-02-16 17:55:00
2023-02-17,2:00am,EUR,German PPI m/m,Non-economic,-1.0%,0.2%,-0.4%,2023-02-17 02:00:00
2023-02-17,2:00am,GBP,Retail Sales m/m,Medium,0.5%,-0.3%,-1.2%,2023-02-17 02:00:00
2023-02-17,2:45am,EUR,French Final CPI m/m,Non-economic,0.4%,0.4%,0.4%,2023-02-17 02:45:00
2023-02-17,4:00am,EUR,Current Account,Non-economic,15.9B,5.1B,12.8B,2023-02-17 04:00:00
2023-02-17,8:30am,CAD,Foreign Securities Purchases,Non-economic,21.22B,-1.25B,12.40B,2023-02-17 08:30:00
2023-02-17,8:30am,CAD,IPPI m/m,Non-economic,0.4%,-0.1%,-0.9%,2023-02-17 08:30:00
2023-02-17,8:30am,CAD,RMPI m/m,Non-economic,-0.1%,-0.2%,-2.8%,2023-02-17 08:30:00
2023-02-17,8:30am,USD,Import Prices m/m,Non-economic,-0.2%,-0.1%,-0.1%,2023-02-17 08:30:00
2023-02-17,9:45am,USD,FOMC Member Bowman Speaks,Non-economic,,,,2023-02-17 09:45:00
2023-02-17,10:00am,USD,CB Leading Index m/m,Non-economic,-0.3%,-0.3%,-0.8%,2023-02-17 10:00:00
2023-02-18,11:30am,EUR,German Buba President Nagel Speaks,Non-economic,,,,2023-02-18 11:30:00
2023-02-19,7:01pm,GBP,Rightmove HPI m/m,Non-economic,0.0%,,0.9%,2023-02-19 19:01:00
2023-02-19,8:15pm,CNY,1-y Loan Prime Rate,Medium,3.65%,3.65%,3.65%,2023-02-19 20:15:00
2023-02-19,8:15pm,CNY,5-y Loan Prime Rate,Medium,4.30%,4.30%,4.30%,2023-02-19 20:15:00
2023-02-20,5:45am,CNY,Foreign Direct Investment ytd/y,Non-economic,14.5%,,6.3%,2023-02-20 05:45:00
2023-02-20,6:00am,EUR,German Buba Monthly Report,Non-economic,,,,2023-02-20 06:00:00
2023-02-20,All Day,CAD,Bank Holiday,Low,,,,2023-02-20 00:00:00
2023-02-20,All Day,USD,Bank Holiday,Low,,,,2023-02-20 00:00:00
2023-02-20,10:00am,EUR,Consumer Confidence,Non-economic,-19,-19,-21,2023-02-20 10:00:00
2023-02-20,4:45pm,NZD,PPI Input q/q,Non-economic,0.5%,0.5%,0.8%,2023-02-20 16:45:00
2023-02-20,4:45pm,NZD,PPI Output q/q,Non-economic,0.9%,0.4%,1.6%,2023-02-20 16:45:00
2023-02-20,5:00pm,AUD,Flash Manufacturing PMI,Non-economic,50.1,,50.0,2023-02-20 17:00:00
2023-02-20,5:00pm,AUD,Flash Services PMI,Non-economic,49.2,,48.6,2023-02-20 17:00:00
2023-02-20,7:30pm,AUD,Monetary Policy Meeting Minutes,Medium,,,,2023-02-20 19:30:00
2023-02-20,7:30pm,JPY,Flash Manufacturing PMI,Non-economic,47.4,49.3,48.9,2023-02-20 19:30:00
2023-02-21,2:00am,CHF,Trade Balance,Non-economic,5.08B,3.75B,2.77B,2023-02-21 02:00:00
2023-02-21,2:00am,GBP,Public Sector Net Borrowing,Non-economic,-6.2B,2.0B,24.8B,2023-02-21 02:00:00
2023-02-21,3:15am,EUR,French Flash Manufacturing PMI,Medium,47.9,51.0,50.5,2023-02-21 03:15:00
2023-02-21,3:15am,EUR,French Flash Services PMI,Medium,52.8,49.7,49.4,2023-02-21 03:15:00
2023-02-21,3:30am,EUR,German Flash Manufacturing PMI,Medium,46.5,48.0,47.3,2023-02-21 03:30:00
2023-02-21,3:30am,EUR,German Flash Services PMI,Medium,51.3,51.0,50.7,2023-02-21 03:30:00
2023-02-21,4:00am,EUR,Flash Manufacturing PMI,Non-economic,48.5,49.4,48.8,2023-02-21 04:00:00
2023-02-21,4:00am,EUR,Flash Services PMI,Non-economic,53.0,51.0,50.8,2023-02-21 04:00:00
2023-02-21,4:30am,GBP,Flash Manufacturing PMI,High,49.2,47.5,47.0,2023-02-21 04:30:00
2023-02-21,4:30am,GBP,Flash Services PMI,High,53.3,49.2,48.7,2023-02-21 04:30:00
2023-02-21,5:00am,EUR,German ZEW Economic Sentiment,Medium,28.1,22.8,16.9,2023-02-21 05:00:00
2023-02-21,5:00am,EUR,ZEW Economic Sentiment,Non-economic,29.7,22.3,16.7,2023-02-21 05:00:00
2023-02-21,6:00am,GBP,CBI Industrial Order Expectations,Non-economic,-16,-14,-17,2023-02-21 06:00:00
2023-02-21,8:30am,CAD,CPI m/m,High,0.5%,0.7%,-0.6%,2023-02-21 08:30:00
2023-02-21,8:30am,CAD,Median CPI y/y,High,5.0%,4.9%,5.2%,2023-02-21 08:30:00
2023-02-21,8:30am,CAD,Trimmed CPI y/y,High,5.1%,5.2%,5.3%,2023-02-21 08:30:00
2023-02-21,8:30am,CAD,Core Retail Sales m/m,Medium,-0.6%,-0.1%,-0.5%,2023-02-21 08:30:00
2023-02-21,8:30am,CAD,Retail Sales m/m,Medium,0.5%,0.5%,0.0%,2023-02-21 08:30:00
2023-02-21,8:32am,CAD,Common CPI y/y,Medium,6.6%,6.5%,6.6%,2023-02-21 08:32:00
2023-02-21,8:32am,CAD,Core CPI m/m,Non-economic,0.3%,,-0.3%,2023-02-21 08:32:00
2023-02-21,9:45am,NZD,GDT Price Index,Non-economic,-1.5%,,3.2%,2023-02-21 09:45:00
2023-02-21,9:45am,USD,Flash Services PMI,High,50.5,47.3,46.8,2023-02-21 09:45:00
2023-02-21,9:45am,USD,Flash Manufacturing PMI,Medium,47.8,47.4,46.9,2023-02-21 09:45:00
2023-02-21,10:00am,USD,Existing Home Sales,Medium,4.00M,4.09M,4.03M,2023-02-21 10:00:00
2023-02-21,4:45pm,NZD,Trade Balance,Non-economic,-1954M,-785M,-636M,2023-02-21 16:45:00
2023-02-21,6:30pm,AUD,MI Leading Index m/m,Non-economic,-0.1%,,-0.2%,2023-02-21 18:30:00
2023-02-21,6:50pm,JPY,SPPI y/y,Non-economic,1.6%,1.5%,1.5%,2023-02-21 18:50:00
2023-02-21,7:30pm,AUD,Wage Price Index q/q,High,0.8%,1.0%,1.1%,2023-02-21 19:30:00
2023-02-21,7:30pm,AUD,Construction Work Done q/q,Non-economic,-0.4%,1.6%,3.7%,2023-02-21 19:30:00
2023-02-21,8:00pm,NZD,Official Cash Rate,High,4.75%,4.75%,4.25%,2023-02-21 20:00:00
2023-02-21,8:00pm,NZD,RBNZ Monetary Policy Statement,High,,,,2023-02-21 20:00:00
2023-02-21,8:00pm,NZD,RBNZ Rate Statement,High,,,,2023-02-21 20:00:00
2023-02-21,9:00pm,NZD,RBNZ Press Conference,High,,,,2023-02-21 21:00:00
2023-02-21,9:00pm,NZD,Credit Card Spending y/y,Non-economic,17.9%,,12.7%,2023-02-21 21:00:00
2023-02-22,2:00am,EUR,German Final CPI m/m,Non-economic,1.0%,1.0%,1.0%,2023-02-22 02:00:00
2023-02-22,4:00am,CHF,UBS Economic Expectations,Non-economic,-12.3,,-40.0,2023-02-22 04:00:00
2023-02-22,4:00am,EUR,German ifo Business Climate,Medium,91.1,91.1,90.2,2023-02-22 04:00:00
2023-02-22,5:35am,EUR,German 10-y Bond Auction,Non-economic,2.56|2.0,,2.27|1.5,2023-02-22 05:35:00
2023-02-22,8:30am,CAD,NHPI m/m,Non-economic,-0.2%,0.1%,0.0%,2023-02-22 08:30:00
2023-02-22,9:00am,EUR,Belgian NBB Business Climate,Non-economic,-12.8,-12.0,-13.5,2023-02-22 09:00:00
2023-02-22,Day 1,All,G20 Meetings,Medium,,,,2023-02-22 00:00:00
2023-02-22,2:00pm,USD,FOMC Meeting Minutes,High,,,,2023-02-22 14:00:00
2023-02-22,2:10pm,NZD,RBNZ Gov Orr Speaks,High,,,,2023-02-22 14:10:00
2023-02-22,4:30pm,USD,API Weekly Statistical Bulletin,Non-economic,,,,2023-02-22 16:30:00
2023-02-22,5:30pm,USD,FOMC Member Williams Speaks,Non-economic,,,,2023-02-22 17:30:00
2023-02-22,All Day,JPY,Bank Holiday,Low,,,,2023-02-22 00:00:00
2023-02-22,7:30pm,AUD,Private Capital Expenditure q/q,Non-economic,2.2%,1.1%,0.6%,2023-02-22 19:30:00
2023-02-23,12:15am,AUD,RBA Gov Bullock Speaks,Non-economic,,,,2023-02-23 00:15:00
2023-02-23,4:30am,GBP,MPC Member Mann Speaks,Non-economic,,,,2023-02-23 04:30:00
2023-02-23,5:00am,EUR,Final Core CPI y/y,Non-economic,5.3%,5.2%,5.2%,2023-02-23 05:00:00
2023-02-23,5:00am,EUR,Final CPI y/y,Non-economic,8.6%,8.6%,8.5%,2023-02-23 05:00:00
2023-02-23,5:45am,GBP,MPC Member Cunliffe Speaks,Non-economic,,,,2023-02-23 05:45:00
2023-02-23,5:45am,GBP,MPC Member Cunliffe Speaks,Non-economic,,,,2023-02-23 05:45:00
2023-02-23,6:00am,GBP,CBI Realized Sales,Non-economic,2,-11,-23,2023-02-23 06:00:00
2023-02-23,8:30am,CAD,Corporate Profits q/q,Non-economic,7.3%,,-8.1%,2023-02-23 08:30:00
2023-02-23,8:30am,USD,Prelim GDP q/q,High,2.7%,2.9%,2.9%,2023-02-23 08:30:00
2023-02-23,8:30am,USD,Unemployment Claims,Medium,192K,200K,195K,2023-02-23 08:30:00
2023-02-23,8:30am,USD,Prelim GDP Price Index q/q,Non-economic,3.9%,3.5%,3.5%,2023-02-23 08:30:00
2023-02-23,9:10am,CNY,CB Leading Index m/m,Non-economic,-0.6%,,-0.6%,2023-02-23 09:10:00
2023-02-23,Day 2,All,G20 Meetings,Medium,,,,2023-02-23 00:00:00
2023-02-23,10:30am,USD,Natural Gas Storage,Non-economic,-71B,-60B,-100B,2023-02-23 10:30:00
2023-02-23,11:00am,USD,Crude Oil Inventories,Non-economic,7.6M,2.9M,16.3M,2023-02-23 11:00:00
2023-02-23,6:30pm,JPY,National Core CPI y/y,Non-economic,4.2%,4.3%,4.0%,2023-02-23 18:30:00
2023-02-23,7:01pm,GBP,GfK Consumer Confidence,Non-economic,-38,-43,-45,2023-02-23 19:01:00
2023-02-23,7:34pm,JPY,BOJ Gov Ueda Speaks,High,,,,2023-02-23 19:34:00
2023-02-24,2:00am,EUR,German Final GDP q/q,Non-economic,-0.4%,-0.2%,-0.2%,2023-02-24 02:00:00
2023-02-24,2:00am,EUR,German GfK Consumer Climate,Non-economic,-30.5,-30.6,-33.8,2023-02-24 02:00:00
2023-02-24,5:13am,EUR,Italian 10-y Bond Auction,Non-economic,4.34|1.3,,4.28|1.3,2023-02-24 05:13:00
2023-02-24,8:30am,USD,Core PCE Price Index m/m,High,0.6%,0.4%,0.4%,2023-02-24 08:30:00
2023-02-24,8:30am,USD,Personal Income m/m,Non-economic,0.6%,1.0%,0.3%,2023-02-24 08:30:00
2023-02-24,8:30am,USD,Personal Spending m/m,Non-economic,1.8%,1.4%,-0.1%,2023-02-24 08:30:00
2023-02-24,10:00am,USD,New Home Sales,Medium,670K,620K,625K,2023-02-24 10:00:00
2023-02-24,10:00am,USD,Revised UoM Consumer Sentiment,Medium,67.0,66.4,66.4,2023-02-24 10:00:00
2023-02-24,10:00am,USD,Revised UoM Inflation Expectations,Non-economic,4.1%,,4.2%,2023-02-24 10:00:00
2023-02-24,10:15am,USD,FOMC Member Jefferson Speaks,Non-economic,,,,2023-02-24 10:15:00
2023-02-24,Day 3,All,G20 Meetings,Medium,,,,2023-02-24 00:00:00
2023-02-24,11:30am,GBP,MPC Member Tenreyro Speaks,Non-economic,,,,2023-02-24 11:30:00
2023-02-25,Day 4,All,G20 Meetings,Medium,,,,2023-02-25 00:00:00
2023-02-26,4:45pm,NZD,Retail Sales q/q,Medium,-0.6%,0.2%,0.6%,2023-02-26 16:45:00
2023-02-26,4:48pm,NZD,Core Retail Sales q/q,Non-economic,-1.3%,0.3%,0.5%,2023-02-26 16:48:00
2023-02-26,7:30pm,AUD,Company Operating Profits q/q,Non-economic,10.6%,1.8%,-11.5%,2023-02-26 19:30:00
2023-02-26,11:10pm,JPY,BOJ Gov Ueda Speaks,High,,,,2023-02-26 23:10:00
2023-02-27,4:00am,EUR,M3 Money Supply y/y,Non-economic,3.5%,3.9%,4.1%,2023-02-27 04:00:00
2023-02-27,4:00am,EUR,Private Loans y/y,Non-economic,3.6%,3.9%,3.8%,2023-02-27 04:00:00
2023-02-27,4:00am,GBP,MPC Member Broadbent Speaks,Medium,,,,2023-02-27 04:00:00
2023-02-27,8:30am,CAD,Current Account,Non-economic,-10.6B,-11.0B,-8.4B,2023-02-27 08:30:00
2023-02-27,8:30am,USD,Core Durable Goods Orders m/m,Medium,0.7%,0.1%,-0.2%,2023-02-27 08:30:00
2023-02-27,8:30am,USD,Durable Goods Orders m/m,Medium,-4.5%,-3.7%,5.1%,2023-02-27 08:30:00
2023-02-27,10:00am,USD,Pending Home Sales m/m,Medium,8.1%,0.9%,1.1%,2023-02-27 10:00:00
2023-02-27,10:30am,USD,FOMC Member Jefferson Speaks,Non-economic,,,,2023-02-27 10:30:00
2023-02-27,6:50pm,JPY,Prelim Industrial Production m/m,Non-economic,-4.6%,-2.9%,0.3%,2023-02-27 18:50:00
2023-02-27,6:50pm,JPY,Retail Sales y/y,Non-economic,6.3%,4.2%,3.8%,2023-02-27 18:50:00
2023-02-27,7:00pm,NZD,ANZ Business Confidence,Non-economic,-43.3,,-52.0,2023-02-27 19:00:00
2023-02-27,7:30pm,AUD,Current Account,Non-economic,14.1B,5.3B,0.8B,2023-02-27 19:30:00
2023-02-27,7:30pm,AUD,Private Sector Credit m/m,Non-economic,0.4%,0.3%,0.3%,2023-02-27 19:30:00
2023-02-27,7:30pm,AUD,Retail Sales m/m,Non-economic,1.9%,1.6%,-4.0%,2023-02-27 19:30:00
2023-02-28,12:00am,JPY,Housing Starts y/y,Non-economic,6.6%,1.0%,-1.7%,2023-02-28 00:00:00
2023-02-28,12:02am,JPY,BOJ Core CPI y/y,Non-economic,3.1%,3.1%,3.1%,2023-02-28 00:02:00
2023-02-28,2:00am,EUR,German Import Prices m/m,Non-economic,-1.2%,-1.5%,-1.6%,2023-02-28 02:00:00
2023-02-28,2:45am,EUR,French Consumer Spending m/m,Non-economic,1.5%,0.3%,-1.6%,2023-02-28 02:45:00
2023-02-28,2:45am,EUR,French Prelim CPI m/m,Non-economic,0.9%,1.0%,0.4%,2023-02-28 02:45:00
2023-02-28,2:45am,EUR,French Prelim GDP q/q,Non-economic,0.1%,0.1%,0.1%,2023-02-28 02:45:00
2023-02-28,3:00am,CHF,GDP q/q,Non-economic,0.0%,0.2%,0.2%,2023-02-28 03:00:00
2023-02-28,3:00am,CHF,KOF Economic Barometer,Non-economic,100.0,97.9,97.4,2023-02-28 03:00:00
2023-02-28,3:00am,EUR,Spanish Flash CPI y/y,Non-economic,6.1%,5.9%,5.9%,2023-02-28 03:00:00
2023-02-28,5:15am,GBP,MPC Member Cunliffe Speaks,Non-economic,,,,2023-02-28 05:15:00
2023-02-28,7:15am,GBP,MPC Member Pill Speaks,Non-economic,,,,2023-02-28 07:15:00
2023-02-28,7:30am,GBP,MPC Member Mann Speaks,Non-economic,,,,2023-02-28 07:30:00
2023-02-28,8:30am,CAD,GDP m/m,High,-0.1%,0.0%,0.1%,2023-02-28 08:30:00
2023-02-28,8:30am,USD,Goods Trade Balance,Non-economic,-91.5B,-90.6B,-89.7B,2023-02-28 08:30:00
2023-02-28,8:30am,USD,Prelim Wholesale Inventories m/m,Non-economic,-0.4%,0.1%,0.1%,2023-02-28 08:30:00
2023-02-28,9:00am,USD,HPI m/m,Non-economic,-0.1%,-0.2%,-0.1%,2023-02-28 09:00:00
2023-02-28,9:00am,USD,S&P/CS Composite-20 HPI y/y,Non-economic,4.6%,4.7%,6.8%,2023-02-28 09:00:00
2023-02-28,9:45am,USD,Chicago PMI,Non-economic,43.6,45.6,44.3,2023-02-28 09:45:00
2023-02-28,9:59am,USD,Richmond Manufacturing Index,Medium,-16,-5,-11,2023-02-28 09:59:00
2023-02-28,10:00am,USD,CB Consumer Confidence,High,102.9,108.5,106.0,2023-02-28 10:00:00
2023-02-28,2:30pm,USD,FOMC Member Goolsbee Speaks,Non-economic,,,,2023-02-28 14:30:00
2023-02-28,4:30pm,USD,API Weekly Statistical Bulletin,Non-economic,,,,2023-02-28 16:30:00
2023-02-28,4:45pm,NZD,Building Consents m/m,Non-economic,-1.5%,,-7.1%,2023-02-28 16:45:00
2023-02-28,5:30pm,AUD,RBA Assist Gov Jones Speaks,Non-economic,,,,2023-02-28 17:30:00
2023-02-28,7:01pm,GBP,BRC Shop Price Index y/y,Non-economic,8.4%,,8.0%,2023-02-28 19:01:00
2023-02-28,7:30pm,AUD,CPI y/y,High,7.4%,8.1%,8.4%,2023-02-28 19:30:00
2023-02-28,7:30pm,AUD,GDP q/q,Medium,0.5%,0.8%,0.7%,2023-02-28 19:30:00
2023-02-28,7:30pm,JPY,Final Manufacturing PMI,Non-economic,47.7,47.4,47.4,2023-02-28 19:30:00
2023-02-28,8:30pm,CNY,Manufacturing PMI,Non-economic,52.6,50.7,50.1,2023-02-28 20:30:00
2023-02-28,8:30pm,CNY,Non-Manufacturing PMI,Non-economic,56.3,55.0,54.4,2023-02-28 20:30:00
2023-02-28,8:45pm,CNY,RatingDog Manufacturing PMI,Non-economic,51.6,50.7,49.2,2023-02-28 20:45:00
2023-03-01,12:30am,AUD,Commodity Prices y/y,Non-economic,3.6%,,11.0%,2023-03-01 00:30:00
2023-03-01,2:00am,GBP,Nationwide HPI m/m,Non-economic,-0.5%,-0.5%,-0.6%,2023-03-01 02:00:00
2023-03-01,All Day,EUR,German Prelim CPI m/m,Non-economic,0.8%,0.5%,1.0%,2023-03-01 00:00:00
2023-03-01,2:30am,CHF,Retail Sales y/y,Non-economic,-2.2%,-2.2%,-3.0%,2023-03-01 02:30:00
2023-03-01,3:15am,EUR,Spanish Manufacturing PMI,Non-economic,50.7,49.1,48.4,2023-03-01 03:15:00
2023-03-01,3:30am,CHF,Manufacturing PMI,Non-economic,48.9,50.4,49.3,2023-03-01 03:30:00
2023-03-01,3:45am,EUR,Italian Manufacturing PMI,Non-economic,52.0,50.9,50.4,2023-03-01 03:45:00
2023-03-01,3:50am,EUR,French Final Manufacturing PMI,Non-economic,47.4,47.9,47.9,2023-03-01 03:50:00
2023-03-01,3:55am,EUR,German Final Manufacturing PMI,Non-economic,46.3,46.5,46.5,2023-03-01 03:55:00
2023-03-01,3:55am,EUR,German Unemployment Change,Non-economic,2K,-9K,-11K,2023-03-01 03:55:00
2023-03-01,4:00am,EUR,Final Manufacturing PMI,Non-economic,48.5,48.5,48.5,2023-03-01 04:00:00
2023-03-01,4:30am,GBP,Final Manufacturing PMI,Non-economic,49.3,49.2,49.2,2023-03-01 04:30:00
2023-03-01,4:30am,GBP,M4 Money Supply m/m,Non-economic,1.3%,-0.9%,-0.9%,2023-03-01 04:30:00
2023-03-01,4:30am,GBP,Mortgage Approvals,Non-economic,40K,37K,41K,2023-03-01 04:30:00
2023-03-01,4:30am,GBP,Net Lending to Individuals m/m,Non-economic,4.1B,4.6B,3.9B,2023-03-01 04:30:00
2023-03-01,5:00am,EUR,German Buba President Nagel Speaks,Non-economic,,,,2023-03-01 05:00:00
2023-03-01,5:00am,GBP,BOE Gov Bailey Speaks,High,,,,2023-03-01 05:00:00
2023-03-01,9:00am,USD,FOMC Member Kashkari Speaks,Non-economic,,,,2023-03-01 09:00:00
2023-03-01,9:30am,CAD,Manufacturing PMI,Non-economic,52.4,,51.0,2023-03-01 09:30:00
2023-03-01,9:45am,USD,Final Manufacturing PMI,Non-economic,47.3,47.8,47.8,2023-03-01 09:45:00
2023-03-01,10:00am,USD,ISM Manufacturing PMI,High,47.7,47.9,47.4,2023-03-01 10:00:00
2023-03-01,10:00am,USD,Construction Spending m/m,Non-economic,-0.1%,0.2%,-0.7%,2023-03-01 10:00:00
2023-03-01,10:00am,USD,ISM Manufacturing Prices,Non-economic,51.3,45.5,44.5,2023-03-01 10:00:00
2023-03-01,All Day,USD,Wards Total Vehicle Sales,Non-economic,14.9M,14.7M,15.7M,2023-03-01 00:00:00
2023-03-01,10:30am,USD,Crude Oil Inventories,Non-economic,1.2M,1.7M,7.6M,2023-03-01 10:30:00
2023-03-01,4:45pm,NZD,Overseas Trade Index q/q,Non-economic,1.8%,-1.7%,-3.9%,2023-03-01 16:45:00
2023-03-01,6:50pm,JPY,Capital Spending q/y,Non-economic,7.7%,7.2%,9.8%,2023-03-01 18:50:00
2023-03-01,6:50pm,JPY,Monetary Base y/y,Non-economic,-1.6%,-3.2%,-3.8%,2023-03-01 18:50:00
2023-03-01,7:30pm,AUD,Building Approvals m/m,Non-economic,-27.6%,-7.1%,15.3%,2023-03-01 19:30:00
2023-03-01,10:35pm,JPY,10-y Bond Auction,Non-economic,0.50|7.6,,0.49|4.6,2023-03-01 22:35:00
2023-03-02,12:00am,JPY,Consumer Confidence,Non-economic,31.1,32.1,31.0,2023-03-02 00:00:00
2023-03-02,2:45am,EUR,French Gov Budget Balance,Non-economic,-21.1B,,-151.5B,2023-03-02 02:45:00
2023-03-02,3:00am,EUR,Spanish Unemployment Change,Non-economic,2.6K,11.5K,70.7K,2023-03-02 03:00:00
2023-03-02,4:00am,EUR,Italian Monthly Unemployment Rate,Non-economic,7.9%,7.8%,7.8%,2023-03-02 04:00:00
2023-03-02,4:49am,EUR,Spanish 10-y Bond Auction,Non-economic,3.77|1.9,,3.40|1.8,2023-03-02 04:49:00
2023-03-02,5:00am,EUR,Core CPI Flash Estimate y/y,Medium,5.6%,5.3%,5.3%,2023-03-02 05:00:00
2023-03-02,5:00am,EUR,CPI Flash Estimate y/y,Medium,8.5%,8.3%,8.6%,2023-03-02 05:00:00
2023-03-02,5:00am,EUR,Italian Prelim CPI m/m,Non-economic,0.3%,0.1%,0.1%,2023-03-02 05:00:00
2023-03-02,5:00am,EUR,Unemployment Rate,Non-economic,6.7%,6.6%,6.6%,2023-03-02 05:00:00
2023-03-02,5:03am,EUR,French 10-y Bond Auction,Non-economic,3.20|2.3,,2.68|2.1,2023-03-02 05:03:00
2023-03-02,7:30am,EUR,ECB Monetary Policy Meeting Accounts,Non-economic,,,,2023-03-02 07:30:00
2023-03-02,8:30am,USD,Unemployment Claims,Medium,190K,196K,192K,2023-03-02 08:30:00
2023-03-02,8:30am,USD,Revised Nonfarm Productivity q/q,Non-economic,1.7%,2.5%,3.0%,2023-03-02 08:30:00
2023-03-02,8:30am,USD,Revised Unit Labor Costs q/q,Non-economic,3.2%,1.6%,1.1%,2023-03-02 08:30:00
2023-03-02,10:00am,GBP,MPC Member Pill Speaks,Non-economic,,,,2023-03-02 10:00:00
2023-03-02,10:30am,USD,Natural Gas Storage,Non-economic,-81B,-72B,-71B,2023-03-02 10:30:00
2023-03-02,2:06pm,NZD,RBNZ Gov Orr Speaks,High,,,,2023-03-02 14:06:00
2023-03-02,4:00pm,USD,FOMC Member Waller Speaks,Medium,,,,2023-03-02 16:00:00
2023-03-02,6:00pm,USD,FOMC Member Kashkari Speaks,Non-economic,,,,2023-03-02 18:00:00
2023-03-02,6:30pm,JPY,Tokyo Core CPI y/y,Non-economic,3.3%,3.3%,4.3%,2023-03-02 18:30:00
2023-03-02,6:30pm,JPY,Unemployment Rate,Non-economic,2.4%,2.5%,2.5%,2023-03-02 18:30:00
2023-03-02,8:45pm,CNY,RatingDog Services PMI,Non-economic,55.0,54.3,52.9,2023-03-02 20:45:00
2023-03-03,2:00am,EUR,German Trade Balance,Non-economic,16.7B,11.1B,10.0B,2023-03-03 02:00:00
2023-03-03,2:45am,EUR,French Industrial Production m/m,Non-economic,-1.9%,-0.2%,1.5%,2023-03-03 02:45:00
2023-03-03,3:15am,EUR,Spanish Services PMI,Non-economic,56.7,53.8,52.7,2023-03-03 03:15:00
2023-03-03,3:45am,EUR,Italian Services PMI,Non-economic,51.6,52.4,51.2,2023-03-03 03:45:00
2023-03-03,3:50am,EUR,French Final Services PMI,Non-economic,53.1,52.8,52.8,2023-03-03 03:50:00
2023-03-03,3:55am,EUR,German Final Services PMI,Non-economic,50.9,51.3,51.3,2023-03-03 03:55:00
2023-03-03,4:00am,EUR,Final Services PMI,Non-economic,52.7,53.0,53.0,2023-03-03 04:00:00
2023-03-03,4:30am,GBP,Final Services PMI,Non-economic,53.5,53.3,53.3,2023-03-03 04:30:00
2023-03-03,5:00am,EUR,PPI m/m,Non-economic,-2.8%,-0.3%,1.1%,2023-03-03 05:00:00
2023-03-03,8:30am,CAD,Building Permits m/m,Non-economic,-4.0%,1.7%,-7.7%,2023-03-03 08:30:00
2023-03-03,8:30am,CAD,Labor Productivity q/q,Non-economic,-0.5%,0.2%,-0.3%,2023-03-03 08:30:00
2023-03-03,9:45am,USD,Final Services PMI,Non-economic,50.6,50.5,50.5,2023-03-03 09:45:00
2023-03-03,10:00am,USD,ISM Services PMI,High,55.1,54.5,55.2,2023-03-03 10:00:00
2023-03-03,11:00am,USD,Fed Monetary Policy Report,Non-economic,,,,2023-03-03 11:00:00
2023-03-03,11:00am,USD,FOMC Member Logan Speaks,Non-economic,,,,2023-03-03 11:00:00
2023-03-05,7:00pm,AUD,MI Inflation Gauge m/m,Non-economic,0.4%,,0.9%,2023-03-05 19:00:00
2023-03-05,7:00pm,NZD,ANZ Commodity Prices m/m,Non-economic,1.3%,,-0.9%,2023-03-05 19:00:00
2023-03-06,2:30am,CHF,CPI m/m,High,0.7%,0.5%,0.6%,2023-03-06 02:30:00
2023-03-06,4:30am,EUR,Sentix Investor Confidence,Non-economic,-11.1,-5.6,-8.0,2023-03-06 04:30:00
2023-03-06,4:30am,GBP,Construction PMI,Non-economic,54.6,48.7,48.4,2023-03-06 04:30:00
2023-03-06,5:00am,EUR,Retail Sales m/m,Non-economic,0.3%,0.7%,-1.7%,2023-03-06 05:00:00
2023-03-06,10:00am,CAD,Ivey PMI,Medium,51.6,55.9,60.1,2023-03-06 10:00:00
2023-03-06,10:00am,USD,Factory Orders m/m,Non-economic,-1.6%,-1.8%,1.7%,2023-03-06 10:00:00
2023-03-06,6:30pm,JPY,Average Cash Earnings y/y,Non-economic,0.8%,1.9%,4.1%,2023-03-06 18:30:00
2023-03-06,7:01pm,GBP,BRC Retail Sales Monitor y/y,Non-economic,4.9%,4.8%,3.9%,2023-03-06 19:01:00
2023-03-06,7:30pm,AUD,Goods Trade Balance,Non-economic,11.69B,12.25B,12.99B,2023-03-06 19:30:00
2023-03-06,10:30pm,AUD,Cash Rate,High,3.60%,3.60%,3.35%,2023-03-06 22:30:00
2023-03-06,10:30pm,AUD,RBA Rate Statement,High,,,,2023-03-06 22:30:00
2023-03-06,10:35pm,JPY,30-y Bond Auction,Non-economic,1.42|3.0,,1.54|3.3,2023-03-06 22:35:00
2023-03-06,11:21pm,CNY,Trade Balance,Non-economic,810B,572B,550B,2023-03-06 23:21:00
2023-03-06,11:22pm,CNY,USD-Denominated Trade Balance,Non-economic,116.9B,82.5B,78.0B,2023-03-06 23:22:00
2023-03-07,1:45am,CHF,Unemployment Rate,Non-economic,1.9%,1.9%,1.9%,2023-03-07 01:45:00
2023-03-07,2:00am,EUR,German Factory Orders m/m,Non-economic,1.0%,-0.6%,3.4%,2023-03-07 02:00:00
2023-03-07,2:00am,GBP,Halifax HPI m/m,Non-economic,1.1%,-0.3%,0.2%,2023-03-07 02:00:00
2023-03-07,3:00am,CHF,Foreign Currency Reserves,Non-economic,771B,,785B,2023-03-07 03:00:00
2023-03-07,9:21am,NZD,GDT Price Index,Non-economic,-0.7%,,-1.5%,2023-03-07 09:21:00
2023-03-07,10:00am,USD,Fed Chairman Powell Testifies,High,,,,2023-03-07 10:00:00
2023-03-07,10:00am,USD,Final Wholesale Inventories m/m,Non-economic,-0.4%,-0.4%,-0.4%,2023-03-07 10:00:00
2023-03-07,10:00am,USD,RCM/TIPP Economic Optimism,Non-economic,46.9,47.2,45.1,2023-03-07 10:00:00
2023-03-07,1:00pm,CHF,SNB Chairman Jordan Speaks,Medium,,,,2023-03-07 13:00:00
2023-03-07,3:00pm,USD,Consumer Credit m/m,Non-economic,14.8B,25.2B,10.7B,2023-03-07 15:00:00
2023-03-07,4:30pm,USD,API Weekly Statistical Bulletin,Non-economic,,,,2023-03-07 16:30:00
2023-03-07,4:55pm,AUD,RBA Gov Lowe Speaks,High,,,,2023-03-07 16:55:00
2023-03-07,6:50pm,JPY,Bank Lending y/y,Non-economic,3.3%,3.2%,3.1%,2023-03-07 18:50:00
2023-03-07,6:50pm,JPY,Current Account,Non-economic,0.22T,0.80T,1.18T,2023-03-07 18:50:00
2023-03-08,12:00am,JPY,Leading Indicators,Non-economic,96.5%,96.9%,97.2%,2023-03-08 00:00:00
2023-03-08,1:00am,JPY,Economy Watchers Sentiment,Non-economic,52.0,49.1,48.5,2023-03-08 01:00:00
2023-03-08,2:00am,EUR,German Industrial Production m/m,Non-economic,3.5%,1.4%,-2.4%,2023-03-08 02:00:00
2023-03-08,2:00am,EUR,German Retail Sales m/m,Non-economic,-0.3%,2.3%,-1.7%,2023-03-08 02:00:00
2023-03-08,4:00am,EUR,Italian Retail Sales m/m,Non-economic,1.7%,0.2%,-0.2%,2023-03-08 04:00:00
2023-03-08,4:30am,GBP,MPC Member Dhingra Speaks,Non-economic,,,,2023-03-08 04:30:00
2023-03-08,5:00am,EUR,ECB President Lagarde Speaks,Medium,,,,2023-03-08 05:00:00
2023-03-08,5:00am,EUR,Final Employment Change q/q,Non-economic,0.3%,0.4%,0.4%,2023-03-08 05:00:00
2023-03-08,5:00am,EUR,Revised GDP q/q,Non-economic,0.0%,0.0%,0.1%,2023-03-08 05:00:00
2023-03-08,8:15am,USD,ADP Non-Farm Employment Change,High,242K,197K,119K,2023-03-08 08:15:00
2023-03-08,8:30am,CAD,Trade Balance,Non-economic,1.9B,-0.1B,1.2B,2023-03-08 08:30:00
2023-03-08,8:30am,USD,Trade Balance,Non-economic,-68.3B,-68.7B,-67.2B,2023-03-08 08:30:00
2023-03-08,10:00am,CAD,BOC Rate Statement,High,,,,2023-03-08 10:00:00
2023-03-08,10:00am,CAD,Overnight Rate,High,4.50%,4.50%,4.50%,2023-03-08 10:00:00
2023-03-08,10:00am,USD,Fed Chairman Powell Testifies,High,,,,2023-03-08 10:00:00
2023-03-08,10:00am,USD,JOLTS Job Openings,High,10.82M,10.58M,11.23M,2023-03-08 10:00:00
2023-03-08,10:30am,USD,Crude Oil Inventories,Non-economic,-1.7M,1.3M,1.2M,2023-03-08 10:30:00
2023-03-08,1:01pm,USD,10-y Bond Auction,Medium,3.99|2.4,,3.61|2.7,2023-03-08 13:01:00
2023-03-08,2:00pm,USD,Beige Book,Non-economic,,,,2023-03-08 14:00:00
2023-03-08,6:50pm,JPY,Final GDP Price Index y/y,Non-economic,1.2%,1.1%,1.1%,2023-03-08 18:50:00
2023-03-08,6:50pm,JPY,Final GDP q/q,Non-economic,0.0%,0.2%,0.2%,2023-03-08 18:50:00
2023-03-08,6:50pm,JPY,M2 Money Stock y/y,Non-economic,2.6%,2.8%,2.7%,2023-03-08 18:50:00
2023-03-08,7:01pm,GBP,RICS House Price Balance,Non-economic,-48%,-48%,-46%,2023-03-08 19:01:00
2023-03-08,8:30pm,CNY,CPI y/y,Non-economic,1.0%,1.9%,2.1%,2023-03-08 20:30:00
2023-03-08,8:30pm,CNY,PPI y/y,Non-economic,-1.4%,-1.3%,-0.8%,2023-03-08 20:30:00
2023-03-09,12:58am,JPY,Prelim Machine Tool Orders y/y,Non-economic,-10.7%,,-9.7%,2023-03-09 00:58:00
2023-03-09,1:30am,EUR,French Final Private Payrolls q/q,Non-economic,0.2%,0.0%,0.0%,2023-03-09 01:30:00
2023-03-09,7:30am,USD,Challenger Job Cuts y/y,Non-economic,410.1%,,440.0%,2023-03-09 07:30:00
2023-03-09,8:30am,USD,Unemployment Claims,Medium,211K,195K,190K,2023-03-09 08:30:00
2023-03-09,10:00am,USD,FOMC Member Barr Speaks,Non-economic,,,,2023-03-09 10:00:00
2023-03-09,10:30am,USD,Natural Gas Storage,Non-economic,-84B,-76B,-81B,2023-03-09 10:30:00
2023-03-09,1:01pm,USD,30-y Bond Auction,Non-economic,3.88|2.4,,3.69|2.2,2023-03-09 13:01:00
2023-03-09,1:30pm,CAD,Gov Council Member Rogers Speaks,Non-economic,,,,2023-03-09 13:30:00
2023-03-09,4:30pm,NZD,BusinessNZ Manufacturing Index,Non-economic,52.0,,51.2,2023-03-09 16:30:00
2023-03-09,4:45pm,NZD,Manufacturing Sales q/q,Non-economic,-0.4%,,5.0%,2023-03-09 16:45:00
2023-03-09,6:30pm,JPY,Household Spending y/y,Non-economic,-0.3%,-0.2%,-1.3%,2023-03-09 18:30:00
2023-03-09,6:50pm,JPY,PPI y/y,Non-economic,8.2%,8.4%,9.5%,2023-03-09 18:50:00
2023-03-09,9:31pm,JPY,Monetary Policy Statement,High,,,,2023-03-09 21:31:00
2023-03-09,9:31pm,JPY,BOJ Policy Rate,Non-economic,-0.10%,-0.10%,-0.10%,2023-03-09 21:31:00
2023-03-10,1:30am,JPY,BOJ Press Conference,High,,,,2023-03-10 01:30:00
2023-03-10,2:00am,EUR,German Final CPI m/m,Non-economic,0.8%,0.8%,0.8%,2023-03-10 02:00:00
2023-03-10,2:00am,GBP,GDP m/m,High,0.3%,0.1%,-0.5%,2023-03-10 02:00:00
2023-03-10,2:00am,GBP,Construction Output m/m,Non-economic,-1.7%,0.0%,0.0%,2023-03-10 02:00:00
2023-03-10,2:00am,GBP,Goods Trade Balance,Non-economic,-17.9B,-17.5B,-19.3B,2023-03-10 02:00:00
2023-03-10,2:00am,GBP,Index of Services 3m/3m,Non-economic,0.0%,-0.1%,0.0%,2023-03-10 02:00:00
2023-03-10,2:00am,GBP,Industrial Production m/m,Non-economic,-0.3%,0.0%,0.3%,2023-03-10 02:00:00
2023-03-10,2:00am,GBP,Manufacturing Production m/m,Non-economic,-0.4%,0.1%,0.0%,2023-03-10 02:00:00
2023-03-10,2:45am,EUR,French Trade Balance,Non-economic,-12.9B,-14.0B,-14.7B,2023-03-10 02:45:00
2023-03-10,3:30am,CNY,New Loans,Medium,1810B,1500B,4900B,2023-03-10 03:30:00
2023-03-10,3:30am,CNY,M2 Money Supply y/y,Non-economic,12.9%,12.5%,12.6%,2023-03-10 03:30:00
2023-03-10,6:40am,GBP,NIESR GDP Estimate,Non-economic,-0.1%,,0.0%,2023-03-10 06:40:00
2023-03-10,8:30am,CAD,Employment Change,High,21.8K,8.5K,150.0K,2023-03-10 08:30:00
2023-03-10,8:30am,CAD,Unemployment Rate,High,5.0%,5.1%,5.0%,2023-03-10 08:30:00
2023-03-10,8:30am,CAD,Capacity Utilization Rate,Non-economic,81.7%,82.2%,82.2%,2023-03-10 08:30:00
2023-03-10,8:30am,USD,Average Hourly Earnings m/m,High,0.2%,0.3%,0.3%,2023-03-10 08:30:00
2023-03-10,8:30am,USD,Non-Farm Employment Change,High,311K,224K,504K,2023-03-10 08:30:00
2023-03-10,8:30am,USD,Unemployment Rate,High,3.6%,3.4%,3.4%,2023-03-10 08:30:00
2023-03-10,2:00pm,USD,Federal Budget Balance,Non-economic,-262.4B,-261.0B,-38.8B,2023-03-10 14:00:00
2023-03-12,2:00am,CAD,Daylight Saving Time Shift,Low,,,,2023-03-12 02:00:00
2023-03-12,2:00am,USD,Daylight Saving Time Shift,Low,,,,2023-03-12 02:00:00
2023-03-12,4:30pm,NZD,BusinessNZ Services Index,Non-economic,55.8,,54.7,2023-03-12 16:30:00
2023-03-12,4:45pm,NZD,FPI m/m,Non-economic,1.5%,,1.7%,2023-03-12 16:45:00
2023-03-12,5:20pm,USD,Fed Announcement,High,,,,2023-03-12 17:20:00
2023-03-12,6:50pm,JPY,BSI Manufacturing Index,Non-economic,-10.5,-4.2,-3.6,2023-03-12 18:50:00
2023-03-13,All Day,EUR,Eurogroup Meetings,Non-economic,,,,2023-03-13 00:00:00
2023-03-13,1:05pm,GBP,MPC Member Dhingra Speaks,Non-economic,,,,2023-03-13 13:05:00
2023-03-13,4:45pm,NZD,Visitor Arrivals m/m,Non-economic,-26.3%,,55.6%,2023-03-13 16:45:00
2023-03-13,6:22pm,AUD,Westpac Consumer Sentiment,Non-economic,0.0%,,-6.9%,2023-03-13 18:22:00
2023-03-13,7:30pm,AUD,NAB Business Confidence,Non-economic,-4,,6,2023-03-13 19:30:00
2023-03-13,8:30pm,AUD,Household Spending m/m,Non-economic,-14.8%,,3.1%,2023-03-13 20:30:00
2023-03-14,2:00am,GBP,Claimant Count Change,High,-11.2K,12.5K,-30.3K,2023-03-14 02:00:00
2023-03-14,2:00am,GBP,Average Earnings Index 3m/y,Medium,5.7%,5.7%,6.0%,2023-03-14 02:00:00
2023-03-14,2:00am,GBP,Unemployment Rate,Non-economic,3.7%,3.8%,3.7%,2023-03-14 02:00:00
2023-03-14,2:30am,CHF,PPI m/m,Non-economic,-0.2%,0.5%,0.7%,2023-03-14 02:30:00
2023-03-14,4:00am,EUR,Italian Industrial Production m/m,Non-economic,-0.7%,-0.3%,1.2%,2023-03-14 04:00:00
2023-03-14,4:59am,USD,NFIB Small Business Index,Non-economic,90.9,90.3,90.3,2023-03-14 04:59:00
2023-03-14,5:02am,GBP,10-y Bond Auction,Non-economic,3.50|2.4,,3.53|2.4,2023-03-14 05:02:00
2023-03-14,All Day,EUR,ECOFIN Meetings,Non-economic,,,,2023-03-14 00:00:00
2023-03-14,7:30am,CAD,Manufacturing Sales m/m,Non-economic,4.1%,-0.4%,-2.1%,2023-03-14 07:30:00
2023-03-14,7:30am,USD,Core CPI m/m,High,0.5%,0.4%,0.4%,2023-03-14 07:30:00
2023-03-14,7:30am,USD,CPI m/m,High,0.4%,0.4%,0.5%,2023-03-14 07:30:00
2023-03-14,7:30am,USD,CPI y/y,High,6.0%,6.0%,6.4%,2023-03-14 07:30:00
2023-03-14,8:30am,GBP,CB Leading Index m/m,Non-economic,-0.6%,,-0.8%,2023-03-14 08:30:00
2023-03-14,3:30pm,USD,API Weekly Statistical Bulletin,Non-economic,,,,2023-03-14 15:30:00
2023-03-14,4:20pm,USD,FOMC Member Bowman Speaks,Non-economic,,,,2023-03-14 16:20:00
2023-03-14,4:45pm,NZD,Current Account,Non-economic,-9.46B,-7.64B,-11.40B,2023-03-14 16:45:00
2023-03-14,6:50pm,JPY,Monetary Policy Meeting Minutes,Non-economic,,,,2023-03-14 18:50:00
2023-03-14,9:00pm,CNY,Fixed Asset Investment ytd/y,Non-economic,5.5%,4.5%,5.1%,2023-03-14 21:00:00
2023-03-14,9:00pm,CNY,Industrial Production y/y,Non-economic,2.4%,2.6%,1.3%,2023-03-14 21:00:00
2023-03-14,9:00pm,CNY,NBS Press Conference,Non-economic,,,,2023-03-14 21:00:00
2023-03-14,9:00pm,CNY,Retail Sales y/y,Non-economic,3.5%,3.5%,-1.8%,2023-03-14 21:00:00
2023-03-14,9:00pm,CNY,Unemployment Rate,Non-economic,5.6%,5.3%,5.5%,2023-03-14 21:00:00
2023-03-15,1:59am,EUR,German WPI m/m,Non-economic,0.1%,0.3%,0.2%,2023-03-15 01:59:00
2023-03-15,2:45am,EUR,French Final CPI m/m,Non-economic,1.0%,0.9%,0.9%,2023-03-15 02:45:00
2023-03-15,4:00am,EUR,Italian Quarterly Unemployment Rate,Non-economic,7.8%,7.8%,8.0%,2023-03-15 04:00:00
2023-03-15,5:00am,EUR,Industrial Production m/m,Non-economic,0.7%,0.3%,-1.3%,2023-03-15 05:00:00
2023-03-15,5:39am,EUR,German 30-y Bond Auction,Non-economic,2.32|1.1,,2.26|1.1,2023-03-15 05:39:00
2023-03-15,7:13am,CAD,Housing Starts,Non-economic,244K,222K,217K,2023-03-15 07:13:00
2023-03-15,7:30am,GBP,Annual Budget Release,High,,,,2023-03-15 07:30:00
2023-03-15,7:30am,USD,Core PPI m/m,High,0.0%,0.4%,0.1%,2023-03-15 07:30:00
2023-03-15,7:30am,USD,Core Retail Sales m/m,High,-0.1%,-0.1%,2.4%,2023-03-15 07:30:00
2023-03-15,7:30am,USD,Empire State Manufacturing Index,High,-24.6,-7.9,-5.8,2023-03-15 07:30:00
2023-03-15,7:30am,USD,PPI m/m,High,-0.1%,0.3%,0.3%,2023-03-15 07:30:00
2023-03-15,7:30am,USD,Retail Sales m/m,High,-0.4%,-0.3%,3.2%,2023-03-15 07:30:00
2023-03-15,9:00am,USD,Business Inventories m/m,Non-economic,-0.1%,0.0%,0.3%,2023-03-15 09:00:00
2023-03-15,9:00am,USD,NAHB Housing Market Index,Non-economic,44,40,42,2023-03-15 09:00:00
2023-03-15,9:30am,USD,Crude Oil Inventories,Non-economic,1.6M,1.3M,-1.7M,2023-03-15 09:30:00
2023-03-15,3:00pm,USD,TIC Long-Term Purchases,Non-economic,31.9B,130.7B,152.8B,2023-03-15 15:00:00
2023-03-15,4:45pm,NZD,GDP q/q,High,-0.6%,-0.2%,1.7%,2023-03-15 16:45:00
2023-03-15,6:50pm,JPY,Core Machinery Orders m/m,Non-economic,9.5%,1.5%,1.6%,2023-03-15 18:50:00
2023-03-15,6:50pm,JPY,Trade Balance,Non-economic,-1.19T,-1.46T,-1.82T,2023-03-15 18:50:00
2023-03-15,7:00pm,AUD,MI Inflation Expectations,Non-economic,5.0%,,5.1%,2023-03-15 19:00:00
2023-03-15,7:30pm,AUD,Employment Change,High,64.6K,49.7K,-10.9K,2023-03-15 19:30:00
2023-03-15,7:30pm,AUD,Unemployment Rate,High,3.5%,3.6%,3.7%,2023-03-15 19:30:00
2023-03-15,7:30pm,AUD,RBA Bulletin,Non-economic,,,,2023-03-15 19:30:00
2023-03-15,8:30pm,CNY,New Home Prices m/m,Non-economic,0.30%,,0.00%,2023-03-15 20:30:00
2023-03-15,11:30pm,JPY,Revised Industrial Production m/m,Non-economic,-5.3%,-4.6%,-4.6%,2023-03-15 23:30:00
2023-03-16,3:00am,CHF,SECO Economic Forecasts,Non-economic,,,,2023-03-16 03:00:00
2023-03-16,4:40am,EUR,Spanish 10-y Bond Auction,Non-economic,3.36|1.6,,3.77|1.9,2023-03-16 04:40:00
2023-03-16,7:30am,CAD,Wholesale Sales m/m,Non-economic,2.4%,3.0%,-0.8%,2023-03-16 07:30:00
2023-03-16,7:30am,USD,Unemployment Claims,High,192K,205K,212K,2023-03-16 07:30:00
2023-03-16,7:30am,USD,Philly Fed Manufacturing Index,Medium,-23.2,-14.7,-24.3,2023-03-16 07:30:00
2023-03-16,7:30am,USD,Building Permits,Non-economic,1.52M,1.34M,1.34M,2023-03-16 07:30:00
2023-03-16,7:30am,USD,Housing Starts,Non-economic,1.45M,1.32M,1.32M,2023-03-16 07:30:00
2023-03-16,7:30am,USD,Import Prices m/m,Non-economic,-0.1%,-0.2%,-0.4%,2023-03-16 07:30:00
2023-03-16,8:15am,EUR,Main Refinancing Rate,High,3.50%,3.50%,3.00%,2023-03-16 08:15:00
2023-03-16,8:15am,EUR,Monetary Policy Statement,High,,,,2023-03-16 08:15:00
2023-03-16,8:45am,EUR,ECB Press Conference,High,,,,2023-03-16 08:45:00
2023-03-16,9:00am,USD,Treasury Sec Yellen Speaks,Medium,,,,2023-03-16 09:00:00
2023-03-16,9:30am,USD,Natural Gas Storage,Non-economic,-58B,-62B,-84B,2023-03-16 09:30:00
2023-03-16,11:30pm,JPY,Tertiary Industry Activity m/m,Non-economic,0.9%,0.5%,-0.4%,2023-03-16 23:30:00
2023-03-17,2:25am,CNY,Foreign Direct Investment ytd/y,Non-economic,6.1%,,14.5%,2023-03-17 02:25:00
2023-03-17,4:00am,EUR,Italian Trade Balance,Non-economic,-4.19B,1.50B,1.36B,2023-03-17 04:00:00
2023-03-17,4:30am,GBP,Consumer Inflation Expectations,Non-economic,3.9%,,4.8%,2023-03-17 04:30:00
2023-03-17,5:00am,EUR,Final Core CPI y/y,Non-economic,5.6%,5.6%,5.6%,2023-03-17 05:00:00
2023-03-17,5:00am,EUR,Final CPI y/y,Non-economic,8.5%,8.5%,8.6%,2023-03-17 05:00:00
2023-03-17,7:30am,CAD,Foreign Securities Purchases,Non-economic,4.21B,14.25B,21.22B,2023-03-17 07:30:00
2023-03-17,7:30am,CAD,IPPI m/m,Non-economic,-0.8%,-0.3%,0.3%,2023-03-17 07:30:00
2023-03-17,7:30am,CAD,RMPI m/m,Non-economic,-0.4%,-0.2%,-0.2%,2023-03-17 07:30:00
2023-03-17,8:15am,USD,Capacity Utilization Rate,Non-economic,78.0%,78.5%,78.0%,2023-03-17 08:15:00
2023-03-17,8:15am,USD,Industrial Production m/m,Non-economic,0.0%,0.2%,0.3%,2023-03-17 08:15:00
2023-03-17,9:00am,USD,Prelim UoM Consumer Sentiment,High,63.4,66.9,67.0,2023-03-17 09:00:00
2023-03-17,9:00am,USD,Prelim UoM Inflation Expectations,Medium,3.8%,,4.1%,2023-03-17 09:00:00
2023-03-17,9:00am,USD,CB Leading Index m/m,Non-economic,-0.3%,-0.3%,-0.3%,2023-03-17 09:00:00
2023-03-19,4:00pm,USD,Fed Announcement,High,,,,2023-03-19 16:00:00
2023-03-19,5:05pm,AUD,RBA Assist Gov Kent Speaks,Non-economic,,,,2023-03-19 17:05:00
2023-03-19,6:50pm,JPY,BOJ Summary of Opinions,Non-economic,,,,2023-03-19 18:50:00
2023-03-19,7:01pm,GBP,Rightmove HPI m/m,Non-economic,0.8%,,0.0%,2023-03-19 19:01:00
2023-03-19,8:15pm,CNY,1-y Loan Prime Rate,Medium,3.65%,3.65%,3.65%,2023-03-19 20:15:00
2023-03-19,8:15pm,CNY,5-y Loan Prime Rate,Medium,4.30%,4.30%,4.30%,2023-03-19 20:15:00
2023-03-20,2:00am,EUR,German PPI m/m,Non-economic,-0.3%,-1.3%,-1.0%,2023-03-20 02:00:00
2023-03-20,5:00am,EUR,Trade Balance,Non-economic,-11.3B,-17.3B,-13.4B,2023-03-20 05:00:00
2023-03-20,6:00am,EUR,German Buba Monthly Report,Non-economic,,,,2023-03-20 06:00:00
2023-03-20,9:00am,EUR,ECB President Lagarde Speaks,Medium,,,,2023-03-20 09:00:00
2023-03-20,4:45pm,NZD,Trade Balance,Non-economic,-714M,-1450M,-2113M,2023-03-20 16:45:00
2023-03-20,All Day,JPY,Bank Holiday,Low,,,,2023-03-20 00:00:00
2023-03-20,7:30pm,AUD,Monetary Policy Meeting Minutes,Medium,,,,2023-03-20 19:30:00
2023-03-20,9:24pm,NZD,Credit Card Spending y/y,Non-economic,25.6%,,18.1%,2023-03-20 21:24:00
2023-03-21,2:00am,CHF,Trade Balance,Non-economic,3.31B,3.45B,4.85B,2023-03-21 02:00:00
2023-03-21,2:00am,GBP,Public Sector Net Borrowing,Non-economic,15.9B,10.1B,-9.1B,2023-03-21 02:00:00
2023-03-21,5:00am,EUR,German ZEW Economic Sentiment,Medium,13.0,14.9,28.1,2023-03-21 05:00:00
2023-03-21,5:00am,EUR,ZEW Economic Sentiment,Non-economic,10.0,16.0,29.7,2023-03-21 05:00:00
2023-03-21,5:02am,GBP,30-y Bond Auction,Non-economic,3.86|2.7,,3.41|2.1,2023-03-21 05:02:00
2023-03-21,7:30am,CAD,CPI m/m,High,0.4%,0.5%,0.5%,2023-03-21 07:30:00
2023-03-21,7:30am,CAD,Median CPI y/y,High,4.9%,4.8%,5.0%,2023-03-21 07:30:00
2023-03-21,7:30am,CAD,Trimmed CPI y/y,High,4.8%,4.9%,5.1%,2023-03-21 07:30:00
2023-03-21,7:30am,CAD,Common CPI y/y,Medium,6.4%,6.5%,6.6%,2023-03-21 07:30:00
2023-03-21,7:30am,EUR,ECB President Lagarde Speaks,Medium,,,,2023-03-21 07:30:00
2023-03-21,7:32am,CAD,Core CPI m/m,Non-economic,0.5%,,0.3%,2023-03-21 07:32:00
2023-03-21,9:00am,USD,Existing Home Sales,Medium,4.58M,4.19M,4.00M,2023-03-21 09:00:00
2023-03-21,9:00am,USD,Treasury Sec Yellen Speaks,Medium,,,,2023-03-21 09:00:00
2023-03-21,9:18am,NZD,GDT Price Index,Non-economic,-2.6%,,-0.7%,2023-03-21 09:18:00
2023-03-21,3:00pm,NZD,Westpac Consumer Sentiment,Non-economic,77.7,,75.6,2023-03-21 15:00:00
2023-03-21,3:30pm,USD,API Weekly Statistical Bulletin,Non-economic,,,,2023-03-21 15:30:00
2023-03-21,6:30pm,AUD,MI Leading Index m/m,Non-economic,-0.1%,,-0.1%,2023-03-21 18:30:00
2023-03-22,2:00am,GBP,CPI y/y,High,10.4%,9.9%,10.1%,2023-03-22 02:00:00
2023-03-22,2:00am,GBP,Core CPI y/y,Non-economic,6.2%,5.7%,5.8%,2023-03-22 02:00:00
2023-03-22,2:00am,GBP,PPI Input m/m,Non-economic,-0.1%,-0.2%,0.4%,2023-03-22 02:00:00
2023-03-22,2:00am,GBP,PPI Output m/m,Non-economic,-0.3%,0.1%,0.5%,2023-03-22 02:00:00
2023-03-22,2:00am,GBP,RPI y/y,Non-economic,13.8%,13.3%,13.4%,2023-03-22 02:00:00
2023-03-22,3:45am,EUR,ECB President Lagarde Speaks,Medium,,,,2023-03-22 03:45:00
2023-03-22,4:02am,EUR,Current Account,Non-economic,17.1B,16.5B,13.3B,2023-03-22 04:02:00
2023-03-22,4:30am,GBP,HPI y/y,Non-economic,6.3%,7.1%,9.3%,2023-03-22 04:30:00
2023-03-22,5:32am,EUR,German 10-y Bond Auction,Non-economic,2.32|1.4,,2.56|2.0,2023-03-22 05:32:00
2023-03-22,6:00am,GBP,CBI Industrial Order Expectations,Non-economic,-20,-15,-16,2023-03-22 06:00:00
2023-03-22,7:30am,CAD,NHPI m/m,Non-economic,-0.2%,-0.1%,-0.2%,2023-03-22 07:30:00
2023-03-22,9:30am,AUD,CB Leading Index m/m,Non-economic,0.0%,,-0.1%,2023-03-22 09:30:00
2023-03-22,9:30am,USD,Crude Oil Inventories,Non-economic,1.1M,-1.7M,1.6M,2023-03-22 09:30:00
2023-03-22,12:00pm,EUR,German Buba President Nagel Speaks,Non-economic,,,,2023-03-22 12:00:00
2023-03-22,12:30pm,CAD,BOC Summary of Deliberations,Non-economic,,,,2023-03-22 12:30:00
2023-03-22,1:00pm,USD,Federal Funds Rate,High,5.00%,5.00%,4.75%,2023-03-22 13:00:00
2023-03-22,1:00pm,USD,FOMC Economic Projections,High,,,,2023-03-22 13:00:00
2023-03-22,1:00pm,USD,FOMC Statement,High,,,,2023-03-22 13:00:00
2023-03-22,1:30pm,USD,FOMC Press Conference,High,,,,2023-03-22 13:30:00
2023-03-22,1:30pm,USD,Treasury Sec Yellen Speaks,Medium,,,,2023-03-22 13:30:00
2023-03-23,3:30am,CHF,SNB Monetary Policy Assessment,High,,,,2023-03-23 03:30:00
2023-03-23,3:30am,CHF,SNB Policy Rate,High,1.50%,1.50%,1.00%,2023-03-23 03:30:00
2023-03-23,4:00am,CHF,SNB Press Conference,High,,,,2023-03-23 04:00:00
2023-03-23,7:00am,GBP,Monetary Policy Summary,High,,,,2023-03-23 07:00:00
2023-03-23,7:00am,GBP,MPC Official Bank Rate Votes,High,7-0-2,7-0-2,7-0-2,2023-03-23 07:00:00
2023-03-23,7:00am,GBP,Official Bank Rate,High,4.25%,4.25%,4.00%,2023-03-23 07:00:00
2023-03-23,7:00am,GBP,BOE Inflation Letter,Non-economic,,,,2023-03-23 07:00:00
2023-03-23,7:30am,USD,Unemployment Claims,High,191K,198K,192K,2023-03-23 07:30:00
2023-03-23,7:30am,USD,Current Account,Non-economic,-207B,-213B,-219B,2023-03-23 07:30:00
2023-03-23,9:00am,GBP,BOE Gov Bailey Speaks,High,,,,2023-03-23 09:00:00
2023-03-23,9:00am,USD,New Home Sales,Medium,640K,650K,633K,2023-03-23 09:00:00
2023-03-23,9:30am,USD,Natural Gas Storage,Non-economic,-72B,-75B,-58B,2023-03-23 09:30:00
2023-03-23,9:57am,EUR,Consumer Confidence,Non-economic,-19,-18,-19,2023-03-23 09:57:00
2023-03-23,10:00am,GBP,MPC Member Mann Speaks,Non-economic,,,,2023-03-23 10:00:00
2023-03-23,2:00pm,USD,Treasury Sec Yellen Speaks,Medium,,,,2023-03-23 14:00:00
2023-03-23,5:00pm,AUD,Flash Manufacturing PMI,Non-economic,48.7,,50.5,2023-03-23 17:00:00
2023-03-23,5:00pm,AUD,Flash Services PMI,Non-economic,48.2,,50.7,2023-03-23 17:00:00
2023-03-23,6:30pm,JPY,National Core CPI y/y,Medium,3.1%,3.1%,4.2%,2023-03-23 18:30:00
2023-03-23,7:01pm,GBP,GfK Consumer Confidence,Non-economic,-36,-35,-38,2023-03-23 19:01:00
2023-03-23,7:30pm,JPY,Flash Manufacturing PMI,Non-economic,48.6,48.2,47.7,2023-03-23 19:30:00
2023-03-24,2:00am,GBP,Retail Sales m/m,Medium,1.2%,0.2%,0.9%,2023-03-24 02:00:00
2023-03-24,3:15am,EUR,French Flash Manufacturing PMI,High,47.7,48.1,47.4,2023-03-24 03:15:00
2023-03-24,3:15am,EUR,French Flash Services PMI,High,55.5,52.4,53.1,2023-03-24 03:15:00
2023-03-24,3:30am,EUR,German Flash Manufacturing PMI,High,44.4,47.1,46.3,2023-03-24 03:30:00
2023-03-24,3:30am,EUR,German Flash Services PMI,High,53.9,51.0,50.9,2023-03-24 03:30:00
2023-03-24,4:00am,EUR,Flash Manufacturing PMI,Medium,47.1,48.9,48.5,2023-03-24 04:00:00
2023-03-24,4:00am,EUR,Flash Services PMI,Medium,55.6,52.6,52.7,2023-03-24 04:00:00
2023-03-24,4:15am,EUR,German Buba President Nagel Speaks,Non-economic,,,,2023-03-24 04:15:00
2023-03-24,4:30am,GBP,Flash Manufacturing PMI,High,48.0,49.8,49.3,2023-03-24 04:30:00
2023-03-24,4:30am,GBP,Flash Services PMI,High,52.8,53.1,53.5,2023-03-24 04:30:00
2023-03-24,All Day,EUR,Euro Summit,High,,,,2023-03-24 00:00:00
2023-03-24,7:30am,CAD,Core Retail Sales m/m,Medium,0.9%,0.6%,-0.7%,2023-03-24 07:30:00
2023-03-24,7:30am,CAD,Retail Sales m/m,Medium,1.4%,0.7%,0.0%,2023-03-24 07:30:00
2023-03-24,7:30am,USD,Core Durable Goods Orders m/m,Medium,0.0%,0.2%,0.8%,2023-03-24 07:30:00
2023-03-24,7:30am,USD,Durable Goods Orders m/m,Medium,-1.0%,0.4%,-5.0%,2023-03-24 07:30:00
2023-03-24,8:45am,USD,Flash Manufacturing PMI,High,49.3,47.0,47.3,2023-03-24 08:45:00
2023-03-24,8:45am,USD,Flash Services PMI,High,53.8,50.3,50.6,2023-03-24 08:45:00
2023-03-24,9:00am,EUR,Belgian NBB Business Climate,Non-economic,-7.6,-12.5,-12.8,2023-03-24 09:00:00
2023-03-24,9:30am,GBP,MPC Member Mann Speaks,Non-economic,,,,2023-03-24 09:30:00
2023-03-25,8:00pm,CHF,Daylight Saving Time Shift,Low,,,,2023-03-25 20:00:00
2023-03-25,8:00pm,EUR,Daylight Saving Time Shift,Low,,,,2023-03-25 20:00:00
2023-03-25,8:00pm,GBP,Daylight Saving Time Shift,Low,,,,2023-03-25 20:00:00
2023-03-26,6:50pm,JPY,SPPI y/y,Non-economic,1.8%,1.8%,1.6%,2023-03-26 18:50:00
2023-03-27,3:00am,EUR,German ifo Business Climate,Medium,93.3,91.0,91.1,2023-03-27 03:00:00
2023-03-27,3:00am,EUR,M3 Money Supply y/y,Non-economic,2.9%,3.2%,3.5%,2023-03-27 03:00:00
2023-03-27,3:00am,EUR,Private Loans y/y,Non-economic,3.2%,3.6%,3.6%,2023-03-27 03:00:00
2023-03-27,4:30am,EUR,German Buba President Nagel Speaks,Non-economic,,,,2023-03-27 04:30:00
2023-03-27,5:00am,GBP,CBI Realized Sales,Non-economic,1,-2,2,2023-03-27 05:00:00
2023-03-27,12:00pm,GBP,BOE Gov Bailey Speaks,High,,,,2023-03-27 12:00:00
2023-03-27,4:00pm,USD,FOMC Member Jefferson Speaks,Non-economic,,,,2023-03-27 16:00:00
2023-03-27,6:01pm,GBP,BRC Shop Price Index y/y,Non-economic,8.9%,,8.4%,2023-03-27 18:01:00
2023-03-27,7:30pm,AUD,Retail Sales m/m,Non-economic,0.2%,0.2%,1.8%,2023-03-27 19:30:00
2023-03-27,11:00pm,JPY,BOJ Gov Kuroda Speaks,Medium,,,,2023-03-27 23:00:00
2023-03-28,12:00am,JPY,BOJ Core CPI y/y,Non-economic,2.7%,3.0%,3.1%,2023-03-28 00:00:00
2023-03-28,3:45am,GBP,BOE Gov Bailey Speaks,High,,,,2023-03-28 03:45:00
2023-03-28,7:30am,USD,Goods Trade Balance,Non-economic,-91.6B,-90.2B,-91.1B,2023-03-28 07:30:00
2023-03-28,7:30am,USD,Prelim Wholesale Inventories m/m,Non-economic,0.2%,-0.1%,-0.4%,2023-03-28 07:30:00
2023-03-28,8:00am,EUR,ECB President Lagarde Speaks,Medium,,,,2023-03-28 08:00:00
2023-03-28,8:00am,EUR,German Buba President Nagel Speaks,Non-economic,,,,2023-03-28 08:00:00
2023-03-28,8:00am,USD,HPI m/m,Non-economic,0.2%,-0.2%,-0.1%,2023-03-28 08:00:00
2023-03-28,8:00am,USD,S&P/CS Composite-20 HPI y/y,Non-economic,2.5%,2.6%,4.6%,2023-03-28 08:00:00
2023-03-28,8:59am,USD,Richmond Manufacturing Index,Medium,-5,-10,-16,2023-03-28 08:59:00
2023-03-28,9:00am,USD,CB Consumer Confidence,High,104.2,101.0,103.4,2023-03-28 09:00:00
2023-03-28,9:00am,USD,FOMC Member Barr Speaks,Non-economic,,,,2023-03-28 09:00:00
2023-03-28,3:00pm,CAD,Annual Budget Release,Non-economic,,,,2023-03-28 15:00:00
2023-03-28,3:30pm,USD,API Weekly Statistical Bulletin,Non-economic,,,,2023-03-28 15:30:00
2023-03-28,7:30pm,AUD,CPI y/y,High,6.8%,7.2%,7.4%,2023-03-28 19:30:00
2023-03-29,1:00am,EUR,German GfK Consumer Climate,Non-economic,-29.5,-29.5,-30.6,2023-03-29 01:00:00
2023-03-29,3:00am,CHF,UBS Economic Expectations,Non-economic,-41.3,,-12.3,2023-03-29 03:00:00
2023-03-29,3:30am,GBP,M4 Money Supply m/m,Non-economic,-0.4%,0.9%,1.2%,2023-03-29 03:30:00
2023-03-29,3:32am,GBP,Mortgage Approvals,Non-economic,44K,41K,40K,2023-03-29 03:32:00
2023-03-29,3:32am,GBP,Net Lending to Individuals m/m,Non-economic,2.2B,3.7B,3.7B,2023-03-29 03:32:00
2023-03-29,4:30am,GBP,FPC Meeting Minutes,Non-economic,,,,2023-03-29 04:30:00
2023-03-29,4:30am,GBP,FPC Statement,Non-economic,,,,2023-03-29 04:30:00
2023-03-29,8:00am,CHF,SNB Quarterly Bulletin,Non-economic,,,,2023-03-29 08:00:00
2023-03-29,8:00am,CNY,CB Leading Index m/m,Non-economic,-0.6%,,0.0%,2023-03-29 08:00:00
2023-03-29,9:00am,USD,Pending Home Sales m/m,Medium,0.8%,-2.9%,8.1%,2023-03-29 09:00:00
2023-03-29,9:00am,USD,FOMC Member Barr Speaks,Non-economic,,,,2023-03-29 09:00:00
2023-03-29,9:30am,USD,Crude Oil Inventories,Non-economic,-7.5M,1.8M,1.1M,2023-03-29 09:30:00
2023-03-29,11:30am,CAD,Gov Council Member Gravelle Speaks,Non-economic,,,,2023-03-29 11:30:00
2023-03-29,1:55pm,GBP,MPC Member Mann Speaks,Non-economic,,,,2023-03-29 13:55:00
2023-03-29,4:45pm,NZD,Building Consents m/m,Non-economic,-9.0%,,-5.2%,2023-03-29 16:45:00
2023-03-29,7:00pm,NZD,ANZ Business Confidence,Non-economic,-43.4,,-43.3,2023-03-29 19:00:00
2023-03-30,All Day,EUR,German Prelim CPI m/m,High,0.8%,0.7%,0.8%,2023-03-30 00:00:00
2023-03-30,2:00am,CHF,KOF Economic Barometer,Non-economic,98.2,100.4,98.9,2023-03-30 02:00:00
2023-03-30,2:00am,EUR,Spanish Flash CPI y/y,Medium,3.3%,3.9%,6.0%,2023-03-30 02:00:00
2023-03-30,3:00am,EUR,ECB Economic Bulletin,Non-economic,,,,2023-03-30 03:00:00
2023-03-30,3:00am,EUR,Italian Monthly Unemployment Rate,Non-economic,8.0%,7.9%,8.0%,2023-03-30 03:00:00
2023-03-30,4:10am,EUR,Italian 10-y Bond Auction,Non-economic,4.12|1.4,,4.34|1.3,2023-03-30 04:10:00
2023-03-30,7:30am,USD,Final GDP q/q,High,2.6%,2.7%,2.7%,2023-03-30 07:30:00
2023-03-30,7:30am,USD,Unemployment Claims,High,198K,196K,191K,2023-03-30 07:30:00
2023-03-30,7:30am,USD,Final GDP Price Index q/q,Medium,3.9%,3.9%,3.9%,2023-03-30 07:30:00
2023-03-30,9:30am,USD,Natural Gas Storage,Non-economic,-47B,-55B,-72B,2023-03-30 09:30:00
2023-03-30,11:00am,CHF,Gov Board Member Maechler Speaks,Medium,,,,2023-03-30 11:00:00
2023-03-30,12:00pm,USD,FOMC Member Kashkari Speaks,Non-economic,,,,2023-03-30 12:00:00
2023-03-30,2:45pm,USD,Treasury Sec Yellen Speaks,Medium,,,,2023-03-30 14:45:00
2023-03-30,6:30pm,JPY,Tokyo Core CPI y/y,Medium,3.2%,3.1%,3.3%,2023-03-30 18:30:00
2023-03-30,6:30pm,JPY,Unemployment Rate,Non-economic,2.6%,2.4%,2.4%,2023-03-30 18:30:00
2023-03-30,6:50pm,JPY,Prelim Industrial Production m/m,Non-economic,4.5%,2.8%,-5.3%,2023-03-30 18:50:00
2023-03-30,6:50pm,JPY,Retail Sales y/y,Non-economic,6.6%,5.9%,5.0%,2023-03-30 18:50:00
2023-03-30,7:30pm,AUD,Private Sector Credit m/m,Non-economic,0.3%,0.4%,0.4%,2023-03-30 19:30:00
2023-03-30,8:30pm,CNY,Manufacturing PMI,Medium,51.9,51.6,52.6,2023-03-30 20:30:00
2023-03-30,8:30pm,CNY,Non-Manufacturing PMI,Medium,58.2,55.0,56.3,2023-03-30 20:30:00
2023-03-31,12:00am,JPY,Housing Starts y/y,Non-economic,-0.3%,-0.5%,6.6%,2023-03-31 00:00:00
2023-03-31,1:00am,EUR,German Import Prices m/m,Non-economic,-2.4%,-1.0%,-1.2%,2023-03-31 01:00:00
2023-03-31,1:00am,EUR,German Retail Sales m/m,Non-economic,-1.3%,0.5%,0.1%,2023-03-31 01:00:00
2023-03-31,1:00am,GBP,Current Account,Non-economic,-2.5B,-17.5B,-12.7B,2023-03-31 01:00:00
2023-03-31,1:00am,GBP,Final GDP q/q,Non-economic,0.1%,0.0%,0.0%,2023-03-31 01:00:00
2023-03-31,1:00am,GBP,Nationwide HPI m/m,Non-economic,-0.8%,-0.3%,-0.5%,2023-03-31 01:00:00
2023-03-31,1:00am,GBP,Revised Business Investment q/q,Non-economic,-0.2%,4.8%,4.8%,2023-03-31 01:00:00
2023-03-31,1:30am,CHF,Retail Sales y/y,Non-economic,0.3%,-1.0%,-2.2%,2023-03-31 01:30:00
2023-03-31,1:45am,EUR,French Consumer Spending m/m,Non-economic,-0.8%,0.0%,1.7%,2023-03-31 01:45:00
2023-03-31,1:45am,EUR,French Prelim CPI m/m,Non-economic,0.8%,0.6%,1.0%,2023-03-31 01:45:00
2023-03-31,2:55am,EUR,German Unemployment Change,Non-economic,16K,1K,6K,2023-03-31 02:55:00
2023-03-31,4:00am,EUR,Core CPI Flash Estimate y/y,Medium,5.7%,5.7%,5.6%,2023-03-31 04:00:00
2023-03-31,4:00am,EUR,CPI Flash Estimate y/y,Medium,6.9%,7.1%,8.5%,2023-03-31 04:00:00
2023-03-31,4:00am,EUR,Italian Prelim CPI m/m,Non-economic,-0.3%,0.0%,0.2%,2023-03-31 04:00:00
2023-03-31,4:00am,EUR,Unemployment Rate,Non-economic,6.6%,6.6%,6.6%,2023-03-31 04:00:00
2023-03-31,7:30am,CAD,GDP m/m,High,0.5%,0.4%,-0.1%,2023-03-31 07:30:00
2023-03-31,7:30am,USD,Core PCE Price Index m/m,High,0.3%,0.4%,0.5%,2023-03-31 07:30:00
2023-03-31,7:30am,USD,Personal Income m/m,Non-economic,0.3%,0.2%,0.6%,2023-03-31 07:30:00
2023-03-31,7:30am,USD,Personal Spending m/m,Non-economic,0.2%,0.3%,2.0%,2023-03-31 07:30:00
2023-03-31,8:45am,USD,Chicago PMI,Medium,43.8,43.1,43.6,2023-03-31 08:45:00
2023-03-31,9:00am,USD,Revised UoM Consumer Sentiment,Medium,62.0,63.1,63.4,2023-03-31 09:00:00
2023-03-31,9:00am,USD,Revised UoM Inflation Expectations,Non-economic,3.6%,,3.8%,2023-03-31 09:00:00
2023-03-31,10:00am,EUR,ECB President Lagarde Speaks,Medium,,,,2023-03-31 10:00:00
2023-03-31,2:05pm,USD,FOMC Member Williams Speaks,Non-economic,,,,2023-03-31 14:05:00
2023-03-31,4:45pm,USD,FOMC Member Cook Speaks,Non-economic,,,,2023-03-31 16:45:00
2023-03-31,9:00pm,USD,FOMC Member Waller Speaks,Medium,,,,2023-03-31 21:00:00
2023-04-01,9:00am,NZD,Daylight Saving Time Shift,Low,,,,2023-04-01 09:00:00
2023-04-01,11:00am,AUD,Daylight Saving Time Shift,Low,,,,2023-04-01 11:00:00
2023-04-02,6:50pm,JPY,Tankan Manufacturing Index,Non-economic,1,3,7,2023-04-02 18:50:00
2023-04-02,6:50pm,JPY,Tankan Non-Manufacturing Index,Non-economic,20,20,19,2023-04-02 18:50:00
2023-04-02,All Day,CNY,Bank Holiday,Low,,,,2023-04-02 00:00:00
2023-04-02,7:30pm,JPY,Final Manufacturing PMI,Non-economic,49.2,48.6,48.6,2023-04-02 19:30:00
2023-04-02,8:00pm,AUD,MI Inflation Gauge m/m,Non-economic,0.3%,,0.4%,2023-04-02 20:00:00
2023-04-02,8:30pm,AUD,ANZ Job Advertisements m/m,Non-economic,-2.4%,,-0.5%,2023-04-02 20:30:00
2023-04-02,8:30pm,AUD,Building Approvals m/m,Non-economic,4.0%,10.4%,-27.1%,2023-04-02 20:30:00
2023-04-02,8:45pm,CNY,RatingDog Manufacturing PMI,Non-economic,50.0,51.4,51.6,2023-04-02 20:45:00
2023-04-03,1:30am,AUD,Commodity Prices y/y,Non-economic,-9.1%,,4.7%,2023-04-03 01:30:00
2023-04-03,1:30am,CHF,CPI m/m,High,0.2%,0.4%,0.7%,2023-04-03 01:30:00
2023-04-03,1:45am,EUR,French Gov Budget Balance,Non-economic,-50.3B,,-21.1B,2023-04-03 01:45:00
2023-04-03,2:15am,EUR,Spanish Manufacturing PMI,Non-economic,51.3,50.1,50.7,2023-04-03 02:15:00
2023-04-03,2:30am,CHF,Manufacturing PMI,Non-economic,47.0,48.5,48.9,2023-04-03 02:30:00
2023-04-03,2:45am,EUR,Italian Manufacturing PMI,Non-economic,51.1,51.1,52.0,2023-04-03 02:45:00
2023-04-03,2:50am,EUR,French Final Manufacturing PMI,Non-economic,47.3,47.7,47.7,2023-04-03 02:50:00
2023-04-03,2:55am,EUR,German Final Manufacturing PMI,Non-economic,44.7,44.4,44.4,2023-04-03 02:55:00
2023-04-03,3:00am,EUR,Final Manufacturing PMI,Non-economic,47.3,47.1,47.1,2023-04-03 03:00:00
2023-04-03,3:30am,GBP,Final Manufacturing PMI,Non-economic,47.9,48.0,48.0,2023-04-03 03:30:00
2023-04-03,All Day,All,OPEC-JMMC Meetings,Medium,,,,2023-04-03 00:00:00
2023-04-03,8:30am,CAD,Manufacturing PMI,Non-economic,48.6,,52.4,2023-04-03 08:30:00
2023-04-03,8:45am,USD,Final Manufacturing PMI,Non-economic,49.2,49.3,49.3,2023-04-03 08:45:00
2023-04-03,9:00am,USD,ISM Manufacturing PMI,High,46.3,47.5,47.7,2023-04-03 09:00:00
2023-04-03,9:00am,USD,ISM Manufacturing Prices,Medium,49.2,51.2,51.3,2023-04-03 09:00:00
2023-04-03,9:00am,USD,Construction Spending m/m,Non-economic,-0.1%,0.0%,0.4%,2023-04-03 09:00:00
2023-04-03,All Day,USD,Wards Total Vehicle Sales,Non-economic,14.8M,14.5M,14.9M,2023-04-03 00:00:00
2023-04-03,9:30am,CAD,BOC Business Outlook Survey,Medium,,,,2023-04-03 09:30:00
2023-04-03,3:15pm,USD,FOMC Member Cook Speaks,Non-economic,,,,2023-04-03 15:15:00
2023-04-03,5:00pm,NZD,NZIER Business Confidence,Non-economic,-66,,-70,2023-04-03 17:00:00
2023-04-03,6:50pm,JPY,Monetary Base y/y,Non-economic,-1.0%,2.0%,-1.6%,2023-04-03 18:50:00
2023-04-03,All Day,CNY,Bank Holiday,Low,,,,2023-04-03 00:00:00
2023-04-03,10:35pm,JPY,10-y Bond Auction,Non-economic,0.46|3.8,,0.50|7.6,2023-04-03 22:35:00
2023-04-03,11:30pm,AUD,Cash Rate,High,3.60%,3.60%,3.60%,2023-04-03 23:30:00
2023-04-03,11:30pm,AUD,RBA Rate Statement,High,,,,2023-04-03 23:30:00
2023-04-04,1:00am,EUR,German Trade Balance,Non-economic,16.0B,16.8B,16.0B,2023-04-04 01:00:00
2023-04-04,2:00am,EUR,Spanish Unemployment Change,Non-economic,-48.8K,8.5K,2.6K,2023-04-04 02:00:00
2023-04-04,4:00am,EUR,PPI m/m,Non-economic,-0.5%,-0.5%,-2.8%,2023-04-04 04:00:00
2023-04-04,4:15am,GBP,MPC Member Tenreyro Speaks,Non-economic,,,,2023-04-04 04:15:00
2023-04-04,7:30am,CAD,Building Permits m/m,Non-economic,8.6%,2.2%,-3.7%,2023-04-04 07:30:00
2023-04-04,9:00am,USD,JOLTS Job Openings,High,9.93M,10.49M,10.56M,2023-04-04 09:00:00
2023-04-04,9:00am,USD,Factory Orders m/m,Non-economic,-0.7%,-0.4%,-2.1%,2023-04-04 09:00:00
2023-04-04,9:00am,USD,RCM/TIPP Economic Optimism,Non-economic,47.4,47.2,46.9,2023-04-04 09:00:00
2023-04-04,9:28am,NZD,GDT Price Index,Non-economic,-4.7%,,-2.6%,2023-04-04 09:28:00
2023-04-04,9:30am,GBP,MPC Member Pill Speaks,Non-economic,,,,2023-04-04 09:30:00
2023-04-04,12:30pm,USD,FOMC Member Cook Speaks,Non-economic,,,,2023-04-04 12:30:00
2023-04-04,3:30pm,USD,API Weekly Statistical Bulletin,Non-economic,,,,2023-04-04 15:30:00
2023-04-04,All Day,CNY,Bank Holiday,Low,,,,2023-04-04 00:00:00
2023-04-04,9:00pm,NZD,Official Cash Rate,High,5.25%,5.00%,4.75%,2023-04-04 21:00:00
2023-04-04,9:00pm,NZD,RBNZ Rate Statement,High,,,,2023-04-04 21:00:00
2023-04-04,9:30pm,AUD,RBA Gov Lowe Speaks,High,,,,2023-04-04 21:30:00
2023-04-05,1:00am,EUR,German Factory Orders m/m,Non-economic,4.8%,0.2%,0.5%,2023-04-05 01:00:00
2023-04-05,1:45am,EUR,French Industrial Production m/m,Non-economic,1.2%,0.5%,-1.4%,2023-04-05 01:45:00
2023-04-05,2:15am,EUR,Spanish Services PMI,Non-economic,59.4,57.6,56.7,2023-04-05 02:15:00
2023-04-05,2:45am,EUR,Italian Services PMI,Non-economic,55.7,53.8,51.6,2023-04-05 02:45:00
2023-04-05,2:50am,EUR,French Final Services PMI,Non-economic,53.9,55.5,55.5,2023-04-05 02:50:00
2023-04-05,2:55am,EUR,German Final Services PMI,Non-economic,53.7,53.9,53.9,2023-04-05 02:55:00
2023-04-05,3:00am,EUR,Final Services PMI,Non-economic,55.0,55.6,55.6,2023-04-05 03:00:00
2023-04-05,3:30am,GBP,Final Services PMI,Non-economic,52.9,52.8,52.8,2023-04-05 03:30:00
2023-04-05,4:00am,EUR,Italian Retail Sales m/m,Non-economic,-0.1%,0.5%,1.7%,2023-04-05 04:00:00
2023-04-05,4:15am,GBP,MPC Member Tenreyro Speaks,Non-economic,,,,2023-04-05 04:15:00
2023-04-05,7:15am,USD,ADP Non-Farm Employment Change,High,145K,208K,261K,2023-04-05 07:15:00
2023-04-05,7:30am,CAD,Trade Balance,Non-economic,0.4B,1.5B,1.2B,2023-04-05 07:30:00
2023-04-05,7:30am,USD,Trade Balance,Non-economic,-70.5B,-68.9B,-68.7B,2023-04-05 07:30:00
2023-04-05,8:45am,USD,Final Services PMI,Non-economic,52.6,53.8,53.8,2023-04-05 08:45:00
2023-04-05,9:00am,USD,ISM Services PMI,High,51.2,54.3,55.1,2023-04-05 09:00:00
2023-04-05,9:30am,USD,Crude Oil Inventories,Non-economic,-3.7M,-1.6M,-7.5M,2023-04-05 09:30:00
2023-04-05,8:00pm,NZD,ANZ Commodity Prices m/m,Non-economic,1.3%,,1.4%,2023-04-05 20:00:00
2023-04-05,8:30pm,AUD,Goods Trade Balance,Non-economic,13.87B,11.33B,11.27B,2023-04-05 20:30:00
2023-04-05,8:30pm,AUD,RBA Financial Stability Review,Non-economic,,,,2023-04-05 20:30:00
2023-04-05,8:45pm,CNY,RatingDog Services PMI,Non-economic,57.8,55.0,55.0,2023-04-05 20:45:00
2023-04-05,10:35pm,JPY,30-y Bond Auction,Non-economic,1.35|3.2,,1.42|3.0,2023-04-05 22:35:00
2023-04-06,12:45am,CHF,Unemployment Rate,Non-economic,1.9%,1.9%,1.9%,2023-04-06 00:45:00
2023-04-06,1:00am,EUR,German Industrial Production m/m,Non-economic,2.0%,-0.1%,3.7%,2023-04-06 01:00:00
2023-04-06,1:00am,GBP,Halifax HPI m/m,Non-economic,0.8%,-0.5%,1.2%,2023-04-06 01:00:00
2023-04-06,2:00am,CHF,Foreign Currency Reserves,Non-economic,743B,,770B,2023-04-06 02:00:00
2023-04-06,3:30am,GBP,Construction PMI,Non-economic,50.7,53.4,54.6,2023-04-06 03:30:00
2023-04-06,3:30am,GBP,Housing Equity Withdrawal q/q,Non-economic,-14.9B,2.3B,-6.3B,2023-04-06 03:30:00
2023-04-06,4:05am,EUR,French 10-y Bond Auction,Non-economic,2.70|2.0,,3.20|2.3,2023-04-06 04:05:00
2023-04-06,6:30am,USD,Challenger Job Cuts y/y,Non-economic,319.4%,,410.1%,2023-04-06 06:30:00
2023-04-06,7:30am,CAD,Employment Change,High,34.7K,10.2K,21.8K,2023-04-06 07:30:00
2023-04-06,7:30am,CAD,Unemployment Rate,High,5.0%,5.1%,5.0%,2023-04-06 07:30:00
2023-04-06,7:30am,USD,Unemployment Claims,High,228K,200K,246K,2023-04-06 07:30:00
2023-04-06,9:00am,CAD,Ivey PMI,Medium,58.2,52.0,51.6,2023-04-06 09:00:00
2023-04-06,9:30am,USD,Natural Gas Storage,Non-economic,-23B,-20B,-47B,2023-04-06 09:30:00
2023-04-06,All Day,NZD,Bank Holiday,Low,,,,2023-04-06 00:00:00
2023-04-06,All Day,AUD,Bank Holiday,Low,,,,2023-04-06 00:00:00
2023-04-06,6:30pm,JPY,Average Cash Earnings y/y,Non-economic,1.1%,1.2%,0.8%,2023-04-06 18:30:00
2023-04-06,6:30pm,JPY,Household Spending y/y,Non-economic,1.6%,4.9%,-0.3%,2023-04-06 18:30:00
2023-04-06,11:59pm,JPY,Leading Indicators,Non-economic,97.7%,97.5%,96.6%,2023-04-06 23:59:00
2023-04-07,All Day,CHF,Bank Holiday,Low,,,,2023-04-07 00:00:00
2023-04-07,1:45am,EUR,French Trade Balance,Non-economic,-9.9B,-11.8B,-12.5B,2023-04-07 01:45:00
2023-04-07,All Day,GBP,Bank Holiday,Low,,,,2023-04-07 00:00:00
2023-04-07,All Day,EUR,German Bank Holiday,Low,,,,2023-04-07 00:00:00
2023-04-07,All Day,CAD,Bank Holiday,Low,,,,2023-04-07 00:00:00
2023-04-07,7:30am,USD,Average Hourly Earnings m/m,High,0.3%,0.3%,0.2%,2023-04-07 07:30:00
2023-04-07,7:30am,USD,Non-Farm Employment Change,High,236K,228K,326K,2023-04-07 07:30:00
2023-04-07,7:30am,USD,Unemployment Rate,High,3.5%,3.6%,3.6%,2023-04-07 07:30:00
2023-04-07,2:00pm,USD,Consumer Credit m/m,Non-economic,15.3B,18.3B,19.5B,2023-04-07 14:00:00
2023-04-09,All Day,NZD,Bank Holiday,Low,,,,2023-04-09 00:00:00
2023-04-09,All Day,AUD,Bank Holiday,Low,,,,2023-04-09 00:00:00
2023-04-09,6:50pm,JPY,Current Account,Non-economic,1.09T,1.43T,0.20T,2023-04-09 18:50:00
2023-04-10,12:00am,JPY,Consumer Confidence,Non-economic,33.9,31.9,31.1,2023-04-10 00:00:00
2023-04-10,1:00am,JPY,Economy Watchers Sentiment,Non-economic,53.3,52.9,52.0,2023-04-10 01:00:00
2023-04-10,All Day,CHF,Bank Holiday,Low,,,,2023-04-10 00:00:00
2023-04-10,All Day,GBP,Bank Holiday,Low,,,,2023-04-10 00:00:00
2023-04-10,All Day,EUR,French Bank Holiday,Low,,,,2023-04-10 00:00:00
2023-04-10,All Day,EUR,German Bank Holiday,Low,,,,2023-04-10 00:00:00
2023-04-10,All Day,EUR,Italian Bank Holiday,Low,,,,2023-04-10 00:00:00
2023-04-10,9:00am,USD,Final Wholesale Inventories m/m,Non-economic,0.1%,0.2%,0.2%,2023-04-10 09:00:00
2023-04-10,Day 1,All,IMF Meetings,Non-economic,,,,2023-04-10 00:00:00
2023-04-10,3:15pm,USD,FOMC Member Williams Speaks,Non-economic,,,,2023-04-10 15:15:00
2023-04-10,6:01pm,GBP,BRC Retail Sales Monitor y/y,Non-economic,4.9%,5.1%,4.9%,2023-04-10 18:01:00
2023-04-10,7:30pm,AUD,Westpac Consumer Sentiment,Non-economic,9.4%,,0.0%,2023-04-10 19:30:00
2023-04-10,8:30pm,AUD,NAB Business Confidence,Non-economic,-1,,-4,2023-04-10 20:30:00
2023-04-10,8:30pm,CNY,CPI y/y,Non-economic,0.7%,1.0%,1.0%,2023-04-10 20:30:00
2023-04-10,8:30pm,CNY,PPI y/y,Non-economic,-2.5%,-2.5%,-1.4%,2023-04-10 20:30:00
2023-04-11,12:58am,JPY,Prelim Machine Tool Orders y/y,Non-economic,-15.2%,,-10.7%,2023-04-11 00:58:00
2023-04-11,3:30am,EUR,Sentix Investor Confidence,Non-economic,-8.7,-11.7,-11.1,2023-04-11 03:30:00
2023-04-11,3:31am,CNY,New Loans,Medium,3890B,3300B,1810B,2023-04-11 03:31:00
2023-04-11,3:31am,CNY,M2 Money Supply y/y,Non-economic,12.7%,12.7%,12.9%,2023-04-11 03:31:00
2023-04-11,4:00am,EUR,Retail Sales m/m,Non-economic,-0.8%,-0.8%,0.8%,2023-04-11 04:00:00
2023-04-11,5:00am,USD,NFIB Small Business Index,Non-economic,90.1,89.6,90.9,2023-04-11 05:00:00
2023-04-11,Day 2,All,IMF Meetings,Non-economic,,,,2023-04-11 00:00:00
2023-04-11,12:30pm,USD,FOMC Member Goolsbee Speaks,Non-economic,,,,2023-04-11 12:30:00
2023-04-11,3:30pm,USD,API Weekly Statistical Bulletin,Non-economic,,,,2023-04-11 15:30:00
2023-04-11,5:00pm,USD,FOMC Member Harker Speaks,Medium,,,,2023-04-11 17:00:00
2023-04-11,6:30pm,USD,FOMC Member Kashkari Speaks,Non-economic,,,,2023-04-11 18:30:00
2023-04-11,6:50pm,JPY,Bank Lending y/y,Non-economic,3.0%,3.5%,3.3%,2023-04-11 18:50:00
2023-04-11,6:50pm,JPY,Core Machinery Orders m/m,Non-economic,-4.5%,-6.4%,9.5%,2023-04-11 18:50:00
2023-04-11,6:50pm,JPY,PPI y/y,Non-economic,7.2%,7.1%,8.3%,2023-04-11 18:50:00
2023-04-11,8:30pm,AUD,Household Spending m/m,Non-economic,2.4%,,-14.8%,2023-04-11 20:30:00
2023-04-11,11:45pm,AUD,RBA Gov Bullock Speaks,Non-economic,,,,2023-04-11 23:45:00
2023-04-12,4:37am,EUR,German 30-y Bond Auction,Non-economic,2.31|1.1,,2.32|1.1,2023-04-12 04:37:00
2023-04-12,7:30am,USD,Core CPI m/m,High,0.4%,0.4%,0.5%,2023-04-12 07:30:00
2023-04-12,7:30am,USD,CPI m/m,High,0.1%,0.2%,0.4%,2023-04-12 07:30:00
2023-04-12,7:30am,USD,CPI y/y,High,5.0%,5.1%,6.0%,2023-04-12 07:30:00
2023-04-12,8:00am,GBP,BOE Gov Bailey Speaks,High,,,,2023-04-12 08:00:00
2023-04-12,9:00am,CAD,BOC Monetary Policy Report,High,,,,2023-04-12 09:00:00
2023-04-12,9:00am,CAD,BOC Rate Statement,High,,,,2023-04-12 09:00:00
2023-04-12,9:00am,CAD,Overnight Rate,High,4.50%,4.50%,4.50%,2023-04-12 09:00:00
2023-04-12,Day 3,All,IMF Meetings,Non-economic,,,,2023-04-12 00:00:00
2023-04-12,9:30am,USD,Crude Oil Inventories,Non-economic,0.6M,-1.0M,-3.7M,2023-04-12 09:30:00
2023-04-12,10:00am,CAD,BOC Press Conference,High,,,,2023-04-12 10:00:00
2023-04-12,Day 1,All,G20 Meetings,Medium,,,,2023-04-12 00:00:00
2023-04-12,12:01pm,USD,10-y Bond Auction,Medium,3.46|2.4,,3.99|2.4,2023-04-12 12:01:00
2023-04-12,1:00pm,USD,FOMC Meeting Minutes,High,,,,2023-04-12 13:00:00
2023-04-12,1:00pm,USD,Federal Budget Balance,Non-economic,-378.1B,-309.5B,-262.4B,2023-04-12 13:00:00
2023-04-12,2:15pm,GBP,BOE Gov Bailey Speaks,High,,,,2023-04-12 14:15:00
2023-04-12,6:01pm,GBP,RICS House Price Balance,Non-economic,-43%,-47%,-47%,2023-04-12 18:01:00
2023-04-12,6:50pm,JPY,M2 Money Stock y/y,Non-economic,2.6%,2.5%,2.6%,2023-04-12 18:50:00
2023-04-12,8:30pm,AUD,Employment Change,High,53.0K,20.8K,63.6K,2023-04-12 20:30:00
2023-04-12,8:30pm,AUD,Unemployment Rate,High,3.5%,3.6%,3.5%,2023-04-12 20:30:00
2023-04-12,9:56pm,AUD,MI Inflation Expectations,Non-economic,4.6%,,5.0%,2023-04-12 21:56:00
2023-04-12,10:24pm,CNY,USD-Denominated Trade Balance,Non-economic,88.2B,40.0B,116.9B,2023-04-12 22:24:00
2023-04-12,10:25pm,CNY,Trade Balance,Non-economic,601B,275B,810B,2023-04-12 22:25:00
2023-04-13,1:00am,EUR,German Final CPI m/m,Non-economic,0.8%,0.8%,0.8%,2023-04-13 01:00:00
2023-04-13,1:00am,GBP,GDP m/m,High,0.0%,0.1%,0.4%,2023-04-13 01:00:00
2023-04-13,1:00am,GBP,Construction Output m/m,Non-economic,2.4%,0.9%,-1.7%,2023-04-13 01:00:00
2023-04-13,1:00am,GBP,Goods Trade Balance,Non-economic,-17.5B,-16.9B,-16.1B,2023-04-13 01:00:00
2023-04-13,1:00am,GBP,Index of Services 3m/3m,Non-economic,0.1%,-0.1%,0.1%,2023-04-13 01:00:00
2023-04-13,1:00am,GBP,Industrial Production m/m,Non-economic,-0.2%,0.2%,-0.5%,2023-04-13 01:00:00
2023-04-13,1:00am,GBP,Manufacturing Production m/m,Non-economic,0.0%,0.2%,-0.1%,2023-04-13 01:00:00
2023-04-13,3:00am,EUR,Italian Industrial Production m/m,Non-economic,-0.2%,0.5%,-0.5%,2023-04-13 03:00:00
2023-04-13,3:30am,GBP,BOE Credit Conditions Survey,Non-economic,,,,2023-04-13 03:30:00
2023-04-13,3:48am,EUR,Spanish 10-y Bond Auction,Non-economic,3.40|1.4,,3.36|1.6,2023-04-13 03:48:00
2023-04-13,4:00am,EUR,Industrial Production m/m,Non-economic,1.5%,0.9%,1.0%,2023-04-13 04:00:00
2023-04-13,4:02am,GBP,10-y Bond Auction,Non-economic,3.59|3.0,,3.50|2.4,2023-04-13 04:02:00
2023-04-13,6:08am,GBP,NIESR GDP Estimate,Non-economic,0.1%,,0.1%,2023-04-13 06:08:00
2023-04-13,6:45am,EUR,German Buba President Nagel Speaks,Non-economic,,,,2023-04-13 06:45:00
2023-04-13,7:30am,USD,Core PPI m/m,High,-0.1%,0.2%,0.2%,2023-04-13 07:30:00
2023-04-13,7:30am,USD,PPI m/m,High,-0.5%,0.0%,0.0%,2023-04-13 07:30:00
2023-04-13,7:30am,USD,Unemployment Claims,High,239K,233K,228K,2023-04-13 07:30:00
2023-04-13,8:00am,CAD,BOC Gov Macklem Speaks,High,,,,2023-04-13 08:00:00
2023-04-13,8:00am,GBP,MPC Member Pill Speaks,Non-economic,,,,2023-04-13 08:00:00
2023-04-13,8:30am,GBP,CB Leading Index m/m,Non-economic,-0.8%,,-0.5%,2023-04-13 08:30:00
2023-04-13,Day 4,All,IMF Meetings,Non-economic,,,,2023-04-13 00:00:00
2023-04-13,9:30am,USD,Natural Gas Storage,Non-economic,25B,25B,-23B,2023-04-13 09:30:00
2023-04-13,Day 2,All,G20 Meetings,Medium,,,,2023-04-13 00:00:00
2023-04-13,12:01pm,USD,30-y Bond Auction,Medium,3.66|2.4,,3.88|2.4,2023-04-13 12:01:00
2023-04-13,1:00pm,EUR,German Buba President Nagel Speaks,Non-economic,,,,2023-04-13 13:00:00
2023-04-13,5:30pm,NZD,BusinessNZ Manufacturing Index,Non-economic,48.1,,51.7,2023-04-13 17:30:00
2023-04-13,5:45pm,NZD,Visitor Arrivals m/m,Non-economic,0.6%,,-26.3%,2023-04-13 17:45:00
2023-04-14,1:00am,EUR,German WPI m/m,Non-economic,0.2%,0.2%,0.1%,2023-04-14 01:00:00
2023-04-14,1:30am,CHF,PPI m/m,Non-economic,0.2%,0.1%,-0.2%,2023-04-14 01:30:00
2023-04-14,1:45am,EUR,French Final CPI m/m,Non-economic,0.9%,0.8%,0.8%,2023-04-14 01:45:00
2023-04-14,7:30am,CAD,Manufacturing Sales m/m,Non-economic,-3.6%,-2.5%,4.5%,2023-04-14 07:30:00
2023-04-14,7:30am,USD,Core Retail Sales m/m,High,-0.8%,-0.4%,0.0%,2023-04-14 07:30:00
2023-04-14,7:30am,USD,Retail Sales m/m,High,-1.0%,-0.4%,-0.2%,2023-04-14 07:30:00
2023-04-14,7:30am,USD,Import Prices m/m,Non-economic,-0.6%,-0.1%,-0.2%,2023-04-14 07:30:00
2023-04-14,7:45am,USD,FOMC Member Waller Speaks,Medium,,,,2023-04-14 07:45:00
2023-04-14,8:15am,USD,Capacity Utilization Rate,Non-economic,79.8%,79.1%,79.6%,2023-04-14 08:15:00
2023-04-14,8:15am,USD,Industrial Production m/m,Non-economic,0.4%,0.3%,0.2%,2023-04-14 08:15:00
2023-04-14,9:00am,USD,Prelim UoM Consumer Sentiment,High,63.5,62.0,62.0,2023-04-14 09:00:00
2023-04-14,9:00am,USD,Prelim UoM Inflation Expectations,Medium,4.6%,,3.6%,2023-04-14 09:00:00
2023-04-14,9:00am,USD,Business Inventories m/m,Non-economic,0.2%,0.2%,-0.2%,2023-04-14 09:00:00
2023-04-14,Day 5,All,IMF Meetings,Non-economic,,,,2023-04-14 00:00:00
2023-04-14,10:30am,GBP,MPC Member Tenreyro Speaks,Non-economic,,,,2023-04-14 10:30:00
2023-04-14,1:15pm,EUR,German Buba President Nagel Speaks,Non-economic,,,,2023-04-14 13:15:00
2023-04-14,8:30pm,CNY,New Home Prices m/m,Non-economic,0.44%,,0.30%,2023-04-14 20:30:00
2023-04-15,Day 6,All,IMF Meetings,Non-economic,,,,2023-04-15 00:00:00
2023-04-16,Day 7,All,IMF Meetings,Non-economic,,,,2023-04-16 00:00:00
2023-04-16,5:30pm,NZD,BusinessNZ Services Index,Non-economic,54.4,,55.8,2023-04-16 17:30:00
2023-04-16,5:45pm,NZD,FPI m/m,Non-economic,0.8%,,1.5%,2023-04-16 17:45:00
2023-04-17,7:30am,CAD,Foreign Securities Purchases,Non-economic,4.62B,6.28B,4.20B,2023-04-17 07:30:00
2023-04-17,7:30am,CAD,Wholesale Sales m/m,Non-economic,-1.7%,-1.6%,6.1%,2023-04-17 07:30:00
2023-04-17,7:30am,USD,Empire State Manufacturing Index,High,10.8,-17.7,-24.6,2023-04-17 07:30:00
2023-04-17,8:00am,GBP,MPC Member Cunliffe Speaks,Non-economic,,,,2023-04-17 08:00:00
2023-04-17,9:00am,USD,NAHB Housing Market Index,Non-economic,45,45,44,2023-04-17 09:00:00
2023-04-17,9:30am,AUD,CB Leading Index m/m,Non-economic,-0.2%,,-0.1%,2023-04-17 09:30:00
2023-04-17,10:00am,EUR,ECB President Lagarde Speaks,Medium,,,,2023-04-17 10:00:00
2023-04-17,3:00pm,USD,TIC Long-Term Purchases,Non-economic,71.0B,40.3B,31.9B,2023-04-17 15:00:00
2023-04-17,8:30pm,AUD,Monetary Policy Meeting Minutes,Medium,,,,2023-04-17 20:30:00
2023-04-17,9:00pm,CNY,GDP q/y,Medium,4.5%,4.0%,2.9%,2023-04-17 21:00:00
2023-04-17,9:00pm,CNY,Fixed Asset Investment ytd/y,Non-economic,5.1%,5.7%,5.5%,2023-04-17 21:00:00
2023-04-17,9:00pm,CNY,Industrial Production y/y,Non-economic,3.9%,4.7%,2.4%,2023-04-17 21:00:00
2023-04-17,9:00pm,CNY,NBS Press Conference,Non-economic,,,,2023-04-17 21:00:00
2023-04-17,9:00pm,CNY,Retail Sales y/y,Non-economic,10.6%,7.3%,3.5%,2023-04-17 21:00:00
2023-04-17,9:00pm,CNY,Unemployment Rate,Non-economic,5.3%,5.5%,5.6%,2023-04-17 21:00:00
2023-04-18,1:00am,GBP,Claimant Count Change,High,28.2K,-2.5K,-18.8K,2023-04-18 01:00:00
2023-04-18,1:00am,GBP,Average Earnings Index 3m/y,Medium,5.9%,5.1%,5.9%,2023-04-18 01:00:00
2023-04-18,1:00am,GBP,Unemployment Rate,Non-economic,3.8%,3.7%,3.7%,2023-04-18 01:00:00
2023-04-18,3:00am,EUR,Italian Trade Balance,Non-economic,2.11B,-3.23B,-4.24B,2023-04-18 03:00:00
2023-04-18,4:00am,EUR,German ZEW Economic Sentiment,Medium,4.1,15.5,13.0,2023-04-18 04:00:00
2023-04-18,4:00am,EUR,ZEW Economic Sentiment,Non-economic,6.4,12.2,10.0,2023-04-18 04:00:00
2023-04-18,4:15am,GBP,30-y Bond Auction,Non-economic,4.08|2.5,,3.86|2.7,2023-04-18 04:15:00
2023-04-18,7:30am,CAD,CPI m/m,High,0.5%,0.6%,0.4%,2023-04-18 07:30:00
2023-04-18,7:30am,CAD,Median CPI y/y,High,4.6%,4.5%,4.9%,2023-04-18 07:30:00
2023-04-18,7:30am,CAD,Trimmed CPI y/y,High,4.4%,4.4%,4.8%,2023-04-18 07:30:00
2023-04-18,7:30am,CAD,Common CPI y/y,Medium,5.9%,6.0%,6.4%,2023-04-18 07:30:00
2023-04-18,7:30am,USD,Building Permits,Non-economic,1.41M,1.46M,1.55M,2023-04-18 07:30:00
2023-04-18,7:30am,USD,Housing Starts,Non-economic,1.42M,1.40M,1.43M,2023-04-18 07:30:00
2023-04-18,7:32am,CAD,Core CPI m/m,Non-economic,0.6%,,0.5%,2023-04-18 07:32:00
2023-04-18,9:54am,NZD,GDT Price Index,Non-economic,3.2%,,-4.7%,2023-04-18 09:54:00
2023-04-18,10:30am,CAD,BOC Gov Macklem Speaks,High,,,,2023-04-18 10:30:00
2023-04-18,12:00pm,USD,FOMC Member Bowman Speaks,Non-economic,,,,2023-04-18 12:00:00
2023-04-18,3:30pm,USD,API Weekly Statistical Bulletin,Non-economic,,,,2023-04-18 15:30:00
2023-04-18,7:30pm,AUD,MI Leading Index m/m,Non-economic,0.0%,,-0.1%,2023-04-18 19:30:00
2023-04-18,11:30pm,JPY,Revised Industrial Production m/m,Non-economic,4.6%,4.5%,4.5%,2023-04-18 23:30:00
2023-04-19,1:00am,GBP,CPI y/y,High,10.1%,9.8%,10.4%,2023-04-19 01:00:00
2023-04-19,1:00am,GBP,Core CPI y/y,Non-economic,6.2%,6.0%,6.2%,2023-04-19 01:00:00
2023-04-19,1:00am,GBP,PPI Input m/m,Non-economic,0.2%,-0.3%,0.0%,2023-04-19 01:00:00
2023-04-19,1:00am,GBP,PPI Output m/m,Non-economic,0.1%,-0.2%,-0.4%,2023-04-19 01:00:00
2023-04-19,1:00am,GBP,RPI y/y,Non-economic,13.5%,13.3%,13.8%,2023-04-19 01:00:00
2023-04-19,2:00am,CHF,Gov Board Member Maechler Speaks,Medium,,,,2023-04-19 02:00:00
2023-04-19,3:00am,EUR,Current Account,Non-economic,24.3B,10.3B,18.6B,2023-04-19 03:00:00
2023-04-19,3:30am,GBP,HPI y/y,Non-economic,5.5%,5.0%,6.5%,2023-04-19 03:30:00
2023-04-19,4:00am,EUR,Final Core CPI y/y,Non-economic,5.7%,5.7%,5.7%,2023-04-19 04:00:00
2023-04-19,4:00am,EUR,Final CPI y/y,Non-economic,6.9%,6.9%,6.9%,2023-04-19 04:00:00
2023-04-19,4:34am,EUR,German 10-y Bond Auction,Non-economic,2.51|1.9,,2.32|1.4,2023-04-19 04:34:00
2023-04-19,7:13am,CAD,Housing Starts,Non-economic,214K,236K,241K,2023-04-19 07:13:00
2023-04-19,7:30am,CAD,IPPI m/m,Non-economic,0.1%,-0.4%,-0.6%,2023-04-19 07:30:00
2023-04-19,7:30am,CAD,RMPI m/m,Non-economic,-1.7%,-0.7%,-0.3%,2023-04-19 07:30:00
2023-04-19,9:30am,USD,Crude Oil Inventories,Non-economic,-4.6M,-0.4M,0.6M,2023-04-19 09:30:00
2023-04-19,11:00am,CHF,Gov Board Member Schlegel Speaks,Non-economic,,,,2023-04-19 11:00:00
2023-04-19,1:00pm,USD,Beige Book,Non-economic,,,,2023-04-19 13:00:00
2023-04-19,4:30pm,GBP,MPC Member Mann Speaks,Non-economic,,,,2023-04-19 16:30:00
2023-04-19,4:30pm,USD,FOMC Member Goolsbee Speaks,Non-economic,,,,2023-04-19 16:30:00
2023-04-19,5:45pm,NZD,CPI q/q,High,1.2%,1.5%,1.4%,2023-04-19 17:45:00
2023-04-19,6:00pm,USD,FOMC Member Williams Speaks,Non-economic,,,,2023-04-19 18:00:00
2023-04-19,6:50pm,JPY,Trade Balance,Non-economic,-1.21T,-1.70T,-1.25T,2023-04-19 18:50:00
2023-04-19,8:15pm,CNY,1-y Loan Prime Rate,Medium,3.65%,3.65%,3.65%,2023-04-19 20:15:00
2023-04-19,8:15pm,CNY,5-y Loan Prime Rate,Medium,4.30%,4.30%,4.30%,2023-04-19 20:15:00
2023-04-19,8:30pm,AUD,NAB Quarterly Business Confidence,Non-economic,-4,,-1,2023-04-19 20:30:00
2023-04-19,9:00pm,AUD,RBA Gov Lowe Speaks,High,,,,2023-04-19 21:00:00
2023-04-19,11:30pm,JPY,Tertiary Industry Activity m/m,Non-economic,0.7%,0.4%,0.7%,2023-04-19 23:30:00
2023-04-20,1:00am,EUR,German PPI m/m,Non-economic,-2.6%,-0.6%,-0.3%,2023-04-20 01:00:00
2023-04-20,2:00am,CNY,Foreign Direct Investment ytd/y,Non-economic,4.9%,,6.1%,2023-04-20 02:00:00
2023-04-20,3:41am,EUR,Spanish 10-y Bond Auction,Non-economic,3.51|1.4,,3.40|1.4,2023-04-20 03:41:00
2023-04-20,4:00am,EUR,Trade Balance,Non-economic,-0.1B,-8.5B,-11.6B,2023-04-20 04:00:00
2023-04-20,6:30am,EUR,ECB Monetary Policy Meeting Accounts,Non-economic,,,,2023-04-20 06:30:00
2023-04-20,7:15am,EUR,ECB President Lagarde Speaks,Medium,,,,2023-04-20 07:15:00
2023-04-20,7:30am,USD,Unemployment Claims,High,245K,240K,240K,2023-04-20 07:30:00
2023-04-20,7:30am,USD,Philly Fed Manufacturing Index,Medium,-31.3,-19.1,-23.2,2023-04-20 07:30:00
2023-04-20,9:00am,EUR,Consumer Confidence,Non-economic,-18,-19,-19,2023-04-20 09:00:00
2023-04-20,9:00am,USD,Existing Home Sales,Medium,4.44M,4.50M,4.55M,2023-04-20 09:00:00
2023-04-20,9:00am,USD,CB Leading Index m/m,Non-economic,-1.2%,-0.7%,-0.5%,2023-04-20 09:00:00
2023-04-20,9:15am,USD,Treasury Sec Yellen Speaks,Medium,,,,2023-04-20 09:15:00
2023-04-20,9:30am,USD,Natural Gas Storage,Non-economic,75B,69B,25B,2023-04-20 09:30:00
2023-04-20,10:30am,CAD,BOC Gov Macklem Speaks,High,,,,2023-04-20 10:30:00
2023-04-20,11:00am,USD,FOMC Member Waller Speaks,Medium,,,,2023-04-20 11:00:00
2023-04-20,2:00pm,USD,FOMC Member Bowman Speaks,Non-economic,,,,2023-04-20 14:00:00
2023-04-20,3:30pm,GBP,MPC Member Tenreyro Speaks,Non-economic,,,,2023-04-20 15:30:00
2023-04-20,6:00pm,AUD,Flash Manufacturing PMI,Non-economic,48.1,,49.1,2023-04-20 18:00:00
2023-04-20,6:00pm,AUD,Flash Services PMI,Non-economic,52.6,,48.6,2023-04-20 18:00:00
2023-04-20,6:01pm,GBP,GfK Consumer Confidence,Non-economic,-30,-35,-36,2023-04-20 18:01:00
2023-04-20,6:30pm,JPY,National Core CPI y/y,Non-economic,3.1%,3.0%,3.1%,2023-04-20 18:30:00
2023-04-20,6:45pm,USD,FOMC Member Harker Speaks,Medium,,,,2023-04-20 18:45:00
2023-04-20,7:30pm,JPY,Flash Manufacturing PMI,Non-economic,49.5,49.9,49.2,2023-04-20 19:30:00
2023-04-21,1:00am,GBP,Retail Sales m/m,Medium,-0.9%,-0.5%,1.1%,2023-04-21 01:00:00
2023-04-21,2:15am,EUR,French Flash Manufacturing PMI,High,45.5,47.9,47.3,2023-04-21 02:15:00
2023-04-21,2:15am,EUR,French Flash Services PMI,High,56.3,53.6,53.9,2023-04-21 02:15:00
2023-04-21,2:30am,EUR,German Flash Manufacturing PMI,High,44.0,45.6,44.7,2023-04-21 02:30:00
2023-04-21,2:30am,EUR,German Flash Services PMI,High,55.7,53.3,53.7,2023-04-21 02:30:00
2023-04-21,3:00am,EUR,Flash Manufacturing PMI,Medium,45.5,47.9,47.3,2023-04-21 03:00:00
2023-04-21,3:00am,EUR,Flash Services PMI,Medium,56.6,54.6,55.0,2023-04-21 03:00:00
2023-04-21,3:30am,GBP,Flash Manufacturing PMI,High,46.6,48.3,47.9,2023-04-21 03:30:00
2023-04-21,3:30am,GBP,Flash Services PMI,High,54.9,52.9,52.9,2023-04-21 03:30:00
2023-04-21,7:30am,CAD,Core Retail Sales m/m,Medium,-0.7%,0.0%,0.9%,2023-04-21 07:30:00
2023-04-21,7:30am,CAD,Retail Sales m/m,Medium,-0.2%,-0.6%,1.6%,2023-04-21 07:30:00
2023-04-21,8:45am,USD,Flash Manufacturing PMI,High,50.4,49.0,49.2,2023-04-21 08:45:00
2023-04-21,8:45am,USD,Flash Services PMI,High,53.7,51.5,52.6,2023-04-21 08:45:00
2023-04-21,3:35pm,USD,FOMC Member Cook Speaks,Non-economic,,,,2023-04-21 15:35:00
2023-04-23,6:01pm,GBP,Rightmove HPI m/m,Non-economic,0.2%,,0.8%,2023-04-23 18:01:00
2023-04-24,3:00am,EUR,German ifo Business Climate,Medium,93.6,93.4,93.3,2023-04-24 03:00:00
2023-04-24,5:00am,EUR,German Buba Monthly Report,Non-economic,,,,2023-04-24 05:00:00
2023-04-24,7:30am,CAD,NHPI m/m,Non-economic,0.0%,0.1%,-0.2%,2023-04-24 07:30:00
2023-04-24,8:00am,EUR,Belgian NBB Business Climate,Non-economic,-7.8,-5.2,-7.6,2023-04-24 08:00:00
2023-04-24,All Day,NZD,Bank Holiday,Low,,,,2023-04-24 00:00:00
2023-04-24,All Day,AUD,Bank Holiday,Low,,,,2023-04-24 00:00:00
2023-04-24,6:50pm,JPY,SPPI y/y,Non-economic,1.6%,1.7%,1.7%,2023-04-24 18:50:00
2023-04-25,12:00am,JPY,BOJ Core CPI y/y,Non-economic,2.9%,2.6%,2.7%,2023-04-25 00:00:00
2023-04-25,1:00am,CHF,Trade Balance,Non-economic,4.53B,4.20B,3.14B,2023-04-25 01:00:00
2023-04-25,1:00am,GBP,Public Sector Net Borrowing,Non-economic,20.7B,20.5B,12.5B,2023-04-25 01:00:00
2023-04-25,All Day,EUR,Italian Bank Holiday,Low,,,,2023-04-25 00:00:00
2023-04-25,4:00am,GBP,MPC Member Broadbent Speaks,Non-economic,,,,2023-04-25 04:00:00
2023-04-25,5:00am,GBP,CBI Industrial Order Expectations,Non-economic,-20,-21,-20,2023-04-25 05:00:00
2023-04-25,8:00am,USD,HPI m/m,Non-economic,0.5%,-0.1%,0.1%,2023-04-25 08:00:00
2023-04-25,8:00am,USD,S&P/CS Composite-20 HPI y/y,Non-economic,0.4%,-0.1%,2.6%,2023-04-25 08:00:00
2023-04-25,8:59am,USD,Richmond Manufacturing Index,Medium,-10,-8,-5,2023-04-25 08:59:00
2023-04-25,9:00am,USD,CB Consumer Confidence,High,101.3,104.1,104.0,2023-04-25 09:00:00
2023-04-25,9:00am,USD,New Home Sales,Medium,683K,633K,623K,2023-04-25 09:00:00
2023-04-25,3:30pm,USD,API Weekly Statistical Bulletin,Non-economic,,,,2023-04-25 15:30:00
2023-04-25,5:45pm,NZD,Trade Balance,Non-economic,-1273M,-500M,-796M,2023-04-25 17:45:00
2023-04-25,8:30pm,AUD,CPI m/m,High,1.4%,1.3%,1.9%,2023-04-25 20:30:00
2023-04-25,8:30pm,AUD,CPI y/y,High,6.3%,6.5%,6.8%,2023-04-25 20:30:00
2023-04-25,8:30pm,AUD,Trimmed Mean CPI m/m,High,1.2%,1.4%,1.7%,2023-04-25 20:30:00
2023-04-25,10:00pm,NZD,Credit Card Spending y/y,Non-economic,20.3%,,25.5%,2023-04-25 22:00:00
2023-04-26,1:00am,EUR,German GfK Consumer Climate,Non-economic,-25.7,-28.0,-29.3,2023-04-26 01:00:00
2023-04-26,3:00am,CHF,UBS Economic Expectations,Non-economic,-33.3,,-41.3,2023-04-26 03:00:00
2023-04-26,5:00am,GBP,CBI Realized Sales,Non-economic,5,4,1,2023-04-26 05:00:00
2023-04-26,7:30am,USD,Core Durable Goods Orders m/m,Medium,0.3%,-0.2%,-0.1%,2023-04-26 07:30:00
2023-04-26,7:30am,USD,Durable Goods Orders m/m,Medium,3.2%,0.7%,-1.2%,2023-04-26 07:30:00
2023-04-26,7:30am,USD,Goods Trade Balance,Non-economic,-84.6B,-90.1B,-92.0B,2023-04-26 07:30:00
2023-04-26,7:30am,USD,Prelim Wholesale Inventories m/m,Non-economic,0.1%,0.1%,0.1%,2023-04-26 07:30:00
2023-04-26,8:00am,CNY,CB Leading Index m/m,Non-economic,0.1%,,-0.3%,2023-04-26 08:00:00
2023-04-26,9:30am,USD,Crude Oil Inventories,Non-economic,-5.1M,-1.3M,-4.6M,2023-04-26 09:30:00
2023-04-26,12:30pm,CAD,BOC Summary of Deliberations,Non-economic,,,,2023-04-26 12:30:00
2023-04-26,8:00pm,NZD,ANZ Business Confidence,Non-economic,-43.8,,-43.4,2023-04-26 20:00:00
2023-04-26,8:30pm,AUD,Import Prices q/q,Non-economic,-4.2%,0.4%,1.8%,2023-04-26 20:30:00
2023-04-27,2:00am,EUR,Spanish Unemployment Rate,Non-economic,13.3%,13.0%,12.9%,2023-04-27 02:00:00
2023-04-27,4:13am,EUR,Italian 10-y Bond Auction,Non-economic,4.42|1.3,,4.12|1.4,2023-04-27 04:13:00
2023-04-27,7:30am,USD,Advance GDP q/q,High,1.1%,2.0%,2.6%,2023-04-27 07:30:00
2023-04-27,7:30am,USD,Unemployment Claims,High,230K,247K,246K,2023-04-27 07:30:00
2023-04-27,7:30am,USD,Advance GDP Price Index q/q,Medium,4.0%,3.7%,3.9%,2023-04-27 07:30:00
2023-04-27,9:00am,USD,Pending Home Sales m/m,Medium,-5.2%,0.6%,0.8%,2023-04-27 09:00:00
2023-04-27,9:30am,USD,Natural Gas Storage,Non-economic,79B,76B,75B,2023-04-27 09:30:00
2023-04-27,6:30pm,JPY,Tokyo Core CPI y/y,High,3.5%,3.2%,3.2%,2023-04-27 18:30:00
2023-04-27,6:30pm,JPY,Unemployment Rate,Non-economic,2.8%,2.5%,2.6%,2023-04-27 18:30:00
2023-04-27,6:50pm,JPY,Prelim Industrial Production m/m,Non-economic,0.8%,0.4%,4.6%,2023-04-27 18:50:00
2023-04-27,6:50pm,JPY,Retail Sales y/y,Non-economic,7.2%,6.5%,7.3%,2023-04-27 18:50:00
2023-04-27,8:30pm,AUD,PPI q/q,Non-economic,1.0%,0.6%,0.7%,2023-04-27 20:30:00
2023-04-27,8:30pm,AUD,Private Sector Credit m/m,Non-economic,0.3%,0.3%,0.3%,2023-04-27 20:30:00
2023-04-27,11:00pm,JPY,BOJ Outlook Report,High,,,,2023-04-27 23:00:00
2023-04-27,11:00pm,JPY,Monetary Policy Statement,High,,,,2023-04-27 23:00:00
2023-04-27,11:00pm,JPY,BOJ Policy Rate,Medium,-0.10%,-0.10%,-0.10%,2023-04-27 23:00:00
2023-04-28,12:00am,JPY,Housing Starts y/y,Non-economic,-3.2%,-3.9%,-0.3%,2023-04-28 00:00:00
2023-04-28,12:30am,EUR,French Flash GDP q/q,Medium,0.2%,0.2%,0.0%,2023-04-28 00:30:00
2023-04-28,12:30am,EUR,French Consumer Spending m/m,Non-economic,-1.3%,0.5%,-0.8%,2023-04-28 00:30:00
2023-04-28,1:00am,EUR,German Import Prices m/m,Non-economic,-1.1%,-1.3%,-2.4%,2023-04-28 01:00:00
2023-04-28,All Day,EUR,German Prelim CPI m/m,High,0.4%,0.6%,0.8%,2023-04-28 00:00:00
2023-04-28,1:30am,CHF,Retail Sales y/y,Non-economic,-1.9%,0.4%,-0.5%,2023-04-28 01:30:00
2023-04-28,1:30am,JPY,BOJ Press Conference,High,,,,2023-04-28 01:30:00
2023-04-28,1:45am,EUR,French Prelim CPI m/m,Non-economic,0.6%,0.5%,0.9%,2023-04-28 01:45:00
2023-04-28,2:00am,CHF,KOF Economic Barometer,Non-economic,96.4,98.0,99.2,2023-04-28 02:00:00
2023-04-28,2:00am,EUR,Spanish Flash CPI y/y,Medium,4.1%,4.4%,3.3%,2023-04-28 02:00:00
2023-04-28,2:00am,EUR,Spanish Flash GDP q/q,Non-economic,0.5%,0.3%,0.4%,2023-04-28 02:00:00
2023-04-28,2:55am,EUR,German Unemployment Change,Non-economic,24K,8K,19K,2023-04-28 02:55:00
2023-04-28,3:00am,CHF,SNB Chairman Jordan Speaks,Medium,,,,2023-04-28 03:00:00
2023-04-28,3:00am,EUR,Italian Prelim GDP q/q,Non-economic,0.5%,0.2%,-0.1%,2023-04-28 03:00:00
2023-04-28,3:00am,EUR,German Prelim GDP q/q,Non-economic,0.0%,0.2%,-0.4%,2023-04-28 03:00:00
2023-04-28,4:00am,EUR,Prelim Flash GDP q/q,Non-economic,0.1%,0.2%,0.0%,2023-04-28 04:00:00
2023-04-28,Day 1,EUR,ECOFIN Meetings,Non-economic,,,,2023-04-28 00:00:00
2023-04-28,All Day,EUR,Eurogroup Meetings,Non-economic,,,,2023-04-28 00:00:00
2023-04-28,7:30am,CAD,GDP m/m,High,0.1%,0.2%,0.6%,2023-04-28 07:30:00
2023-04-28,7:30am,USD,Core PCE Price Index m/m,High,0.3%,0.3%,0.3%,2023-04-28 07:30:00
2023-04-28,7:30am,USD,Employment Cost Index q/q,High,1.2%,1.1%,1.0%,2023-04-28 07:30:00
2023-04-28,7:30am,USD,Personal Income m/m,Non-economic,0.3%,0.2%,0.3%,2023-04-28 07:30:00
2023-04-28,7:30am,USD,Personal Spending m/m,Non-economic,0.0%,-0.1%,0.1%,2023-04-28 07:30:00
2023-04-28,8:45am,USD,Chicago PMI,Medium,48.6,43.6,43.8,2023-04-28 08:45:00
2023-04-28,9:00am,USD,Revised UoM Consumer Sentiment,Medium,63.5,63.5,63.5,2023-04-28 09:00:00
2023-04-28,9:00am,USD,Revised UoM Inflation Expectations,Non-economic,4.6%,,4.6%,2023-04-28 09:00:00
2023-04-29,Day 2,EUR,ECOFIN Meetings,Non-economic,,,,2023-04-29 00:00:00
2023-04-29,8:30pm,CNY,Manufacturing PMI,Medium,49.2,51.4,51.9,2023-04-29 20:30:00
2023-04-29,8:30pm,CNY,Non-Manufacturing PMI,Medium,56.4,57.0,58.2,2023-04-29 20:30:00
2023-04-30,All Day,CNY,Bank Holiday,Low,,,,2023-04-30 00:00:00
2023-04-30,7:30pm,JPY,Final Manufacturing PMI,Non-economic,49.5,49.5,49.5,2023-04-30 19:30:00
2023-04-30,8:00pm,AUD,MI Inflation Gauge m/m,Non-economic,0.2%,,0.3%,2023-04-30 20:00:00
2023-04-30,8:30pm,AUD,ANZ Job Advertisements m/m,Non-economic,-0.3%,,-2.7%,2023-04-30 20:30:00
2023-05-01,12:00am,JPY,Consumer Confidence,Non-economic,35.4,34.7,33.9,2023-05-01 00:00:00
2023-05-01,All Day,CHF,Bank Holiday,Low,,,,2023-05-01 00:00:00
2023-05-01,1:30am,AUD,Commodity Prices y/y,Non-economic,-19.2%,,-6.9%,2023-05-01 01:30:00
2023-05-01,All Day,GBP,Bank Holiday,Low,,,,2023-05-01 00:00:00
2023-05-01,All Day,EUR,French Bank Holiday,Low,,,,2023-05-01 00:00:00
2023-05-01,All Day,EUR,German Bank Holiday,Low,,,,2023-05-01 00:00:00
2023-05-01,All Day,EUR,Italian Bank Holiday,Low,,,,2023-05-01 00:00:00
2023-05-01,8:30am,CAD,Manufacturing PMI,Non-economic,50.2,,48.6,2023-05-01 08:30:00
2023-05-01,8:45am,USD,Final Manufacturing PMI,Non-economic,50.2,50.4,50.4,2023-05-01 08:45:00
2023-05-01,9:00am,USD,ISM Manufacturing PMI,High,47.1,46.8,46.3,2023-05-01 09:00:00
2023-05-01,9:00am,USD,ISM Manufacturing Prices,Medium,53.2,49.4,49.2,2023-05-01 09:00:00
2023-05-01,9:00am,USD,Construction Spending m/m,Non-economic,0.3%,0.2%,-0.3%,2023-05-01 09:00:00
2023-05-01,6:01pm,GBP,BRC Shop Price Index y/y,Non-economic,8.8%,,8.9%,2023-05-01 18:01:00
2023-05-01,6:50pm,JPY,Monetary Base y/y,Non-economic,-1.7%,-1.3%,-1.0%,2023-05-01 18:50:00
2023-05-01,11:30pm,AUD,Cash Rate,High,3.85%,3.60%,3.60%,2023-05-01 23:30:00
2023-05-01,11:30pm,AUD,RBA Rate Statement,High,,,,2023-05-01 23:30:00
2023-05-02,1:00am,EUR,German Retail Sales m/m,Non-economic,-2.4%,0.4%,-0.3%,2023-05-02 01:00:00
2023-05-02,1:00am,GBP,Nationwide HPI m/m,Non-economic,0.5%,-0.5%,-0.7%,2023-05-02 01:00:00
2023-05-02,2:00am,CHF,SECO Consumer Climate,Non-economic,-30,-22,-30,2023-05-02 02:00:00
2023-05-02,2:15am,EUR,Spanish Manufacturing PMI,Non-economic,49.0,49.8,51.3,2023-05-02 02:15:00
2023-05-02,2:30am,CHF,Manufacturing PMI,Non-economic,45.3,47.2,47.0,2023-05-02 02:30:00
2023-05-02,2:45am,EUR,Italian Manufacturing PMI,Non-economic,46.8,49.4,51.1,2023-05-02 02:45:00
2023-05-02,2:50am,EUR,French Final Manufacturing PMI,Non-economic,45.6,45.5,45.5,2023-05-02 02:50:00
2023-05-02,2:55am,EUR,German Final Manufacturing PMI,Non-economic,44.5,44.0,44.0,2023-05-02 02:55:00
2023-05-02,3:00am,EUR,Final Manufacturing PMI,Non-economic,45.8,45.5,45.5,2023-05-02 03:00:00
2023-05-02,3:00am,EUR,M3 Money Supply y/y,Non-economic,2.5%,2.4%,2.9%,2023-05-02 03:00:00
2023-05-02,3:00am,EUR,Private Loans y/y,Non-economic,2.9%,3.2%,3.2%,2023-05-02 03:00:00
2023-05-02,3:30am,GBP,Final Manufacturing PMI,Non-economic,47.8,46.6,46.6,2023-05-02 03:30:00
2023-05-02,4:00am,EUR,Core CPI Flash Estimate y/y,Medium,5.6%,5.6%,5.7%,2023-05-02 04:00:00
2023-05-02,4:00am,EUR,CPI Flash Estimate y/y,Medium,7.0%,7.0%,6.9%,2023-05-02 04:00:00
2023-05-02,4:00am,EUR,Italian Prelim CPI m/m,Non-economic,0.5%,0.3%,-0.4%,2023-05-02 04:00:00
2023-05-02,6:20am,AUD,RBA Gov Lowe Speaks,High,,,,2023-05-02 06:20:00
2023-05-02,9:00am,USD,JOLTS Job Openings,High,9.59M,9.74M,9.97M,2023-05-02 09:00:00
2023-05-02,9:00am,USD,Factory Orders m/m,Non-economic,0.9%,1.3%,-1.1%,2023-05-02 09:00:00
2023-05-02,All Day,USD,Wards Total Vehicle Sales,Non-economic,15.9M,15.1M,14.8M,2023-05-02 00:00:00
2023-05-02,9:53am,NZD,GDT Price Index,Non-economic,2.5%,,3.2%,2023-05-02 09:53:00
2023-05-02,3:30pm,USD,API Weekly Statistical Bulletin,Non-economic,,,,2023-05-02 15:30:00
2023-05-02,4:00pm,NZD,RBNZ Financial Stability Report,Non-economic,,,,2023-05-02 16:00:00
2023-05-02,5:45pm,NZD,Employment Change q/q,High,0.8%,0.5%,0.5%,2023-05-02 17:45:00
2023-05-02,5:45pm,NZD,Unemployment Rate,High,3.4%,3.5%,3.4%,2023-05-02 17:45:00
2023-05-02,5:45pm,NZD,Labor Cost Index q/q,Non-economic,0.9%,1.1%,1.1%,2023-05-02 17:45:00
2023-05-02,All Day,JPY,Bank Holiday,Low,,,,2023-05-02 00:00:00
2023-05-02,8:00pm,NZD,RBNZ Gov Orr Speaks,High,,,,2023-05-02 20:00:00
2023-05-02,8:30pm,AUD,Retail Sales m/m,Non-economic,0.4%,0.2%,0.2%,2023-05-02 20:30:00
2023-05-02,11:55pm,AUD,RBA Assist Gov Ellis Speaks,Non-economic,,,,2023-05-02 23:55:00
2023-05-03,1:45am,EUR,French Gov Budget Balance,Non-economic,-54.7B,,-50.3B,2023-05-03 01:45:00
2023-05-03,3:00am,EUR,Italian Monthly Unemployment Rate,Non-economic,7.8%,8.0%,7.9%,2023-05-03 03:00:00
2023-05-03,4:00am,EUR,Unemployment Rate,Non-economic,6.5%,6.6%,6.6%,2023-05-03 04:00:00
2023-05-03,7:15am,USD,ADP Non-Farm Employment Change,High,296K,148K,142K,2023-05-03 07:15:00
2023-05-03,8:45am,USD,Final Services PMI,Non-economic,53.6,53.7,53.7,2023-05-03 08:45:00
2023-05-03,9:00am,USD,ISM Services PMI,High,51.9,51.8,51.2,2023-05-03 09:00:00
2023-05-03,9:30am,USD,Crude Oil Inventories,Non-economic,-1.3M,-0.5M,-5.1M,2023-05-03 09:30:00
2023-05-03,1:00pm,USD,Federal Funds Rate,High,5.25%,5.25%,5.00%,2023-05-03 13:00:00
2023-05-03,1:00pm,USD,FOMC Statement,High,,,,2023-05-03 13:00:00
2023-05-03,1:30pm,USD,FOMC Press Conference,High,,,,2023-05-03 13:30:00
2023-05-03,5:45pm,NZD,Building Consents m/m,Non-economic,7.0%,,-9.4%,2023-05-03 17:45:00
2023-05-03,All Day,JPY,Bank Holiday,Low,,,,2023-05-03 00:00:00
2023-05-03,8:00pm,NZD,ANZ Commodity Prices m/m,Non-economic,-1.7%,,1.3%,2023-05-03 20:00:00
2023-05-03,8:30pm,AUD,Goods Trade Balance,Non-economic,15.27B,13.00B,14.15B,2023-05-03 20:30:00
2023-05-03,8:45pm,CNY,RatingDog Manufacturing PMI,Non-economic,49.5,50.0,50.0,2023-05-03 20:45:00
2023-05-04,1:00am,EUR,German Trade Balance,Non-economic,16.7B,16.1B,16.1B,2023-05-04 01:00:00
2023-05-04,2:00am,EUR,Spanish Unemployment Change,Non-economic,-73.9K,-12.4K,-48.8K,2023-05-04 02:00:00
2023-05-04,2:15am,EUR,Spanish Services PMI,Non-economic,57.9,59.2,59.4,2023-05-04 02:15:00
2023-05-04,2:45am,EUR,Italian Services PMI,Non-economic,57.6,56.6,55.7,2023-05-04 02:45:00
2023-05-04,2:50am,EUR,French Final Services PMI,Non-economic,54.6,56.3,56.3,2023-05-04 02:50:00
2023-05-04,2:55am,EUR,German Final Services PMI,Non-economic,56.0,55.7,55.7,2023-05-04 02:55:00
2023-05-04,3:00am,EUR,Final Services PMI,Non-economic,56.2,56.6,56.6,2023-05-04 03:00:00
2023-05-04,3:30am,GBP,Final Services PMI,Non-economic,55.9,54.9,54.9,2023-05-04 03:30:00
2023-05-04,3:30am,GBP,M4 Money Supply m/m,Non-economic,-0.6%,0.2%,-0.3%,2023-05-04 03:30:00
2023-05-04,3:30am,GBP,Mortgage Approvals,Non-economic,52K,46K,44K,2023-05-04 03:30:00
2023-05-04,3:30am,GBP,Net Lending to Individuals m/m,Non-economic,1.6B,2.8B,2.2B,2023-05-04 03:30:00
2023-05-04,4:00am,EUR,PPI m/m,Non-economic,-1.6%,-1.4%,-0.4%,2023-05-04 04:00:00
2023-05-04,4:05am,EUR,French 10-y Bond Auction,Non-economic,2.83|1.9,,2.70|2.0,2023-05-04 04:05:00
2023-05-04,6:30am,USD,Challenger Job Cuts y/y,Non-economic,175.9%,,319.4%,2023-05-04 06:30:00
2023-05-04,7:15am,EUR,Main Refinancing Rate,High,3.75%,3.75%,3.50%,2023-05-04 07:15:00
2023-05-04,7:15am,EUR,Monetary Policy Statement,High,,,,2023-05-04 07:15:00
2023-05-04,7:30am,CAD,Trade Balance,Non-economic,1.0B,0.3B,-0.5B,2023-05-04 07:30:00
2023-05-04,7:30am,USD,Unemployment Claims,High,242K,239K,229K,2023-05-04 07:30:00
2023-05-04,7:30am,USD,Prelim Nonfarm Productivity q/q,Non-economic,-2.7%,-1.7%,1.7%,2023-05-04 07:30:00
2023-05-04,7:30am,USD,Prelim Unit Labor Costs q/q,Non-economic,6.3%,5.6%,3.2%,2023-05-04 07:30:00
2023-05-04,7:30am,USD,Trade Balance,Non-economic,-64.2B,-63.7B,-70.6B,2023-05-04 07:30:00
2023-05-04,7:45am,EUR,ECB Press Conference,High,,,,2023-05-04 07:45:00
2023-05-04,9:00am,CAD,Ivey PMI,Medium,56.8,59.0,58.2,2023-05-04 09:00:00
2023-05-04,9:30am,USD,Natural Gas Storage,Non-economic,54B,51B,79B,2023-05-04 09:30:00
2023-05-04,11:50am,CAD,BOC Gov Macklem Speaks,High,,,,2023-05-04 11:50:00
2023-05-04,All Day,JPY,Bank Holiday,Low,,,,2023-05-04 00:00:00
2023-05-04,8:30pm,AUD,RBA Monetary Policy Statement,Medium,,,,2023-05-04 20:30:00
2023-05-04,8:45pm,CNY,RatingDog Services PMI,Non-economic,56.4,57.1,57.8,2023-05-04 20:45:00
2023-05-05,12:45am,CHF,Unemployment Rate,Non-economic,1.9%,1.9%,1.9%,2023-05-05 00:45:00
2023-05-05,1:00am,EUR,German Factory Orders m/m,Non-economic,-10.7%,-2.4%,4.5%,2023-05-05 01:00:00
2023-05-05,1:30am,CHF,CPI m/m,High,0.0%,0.2%,0.2%,2023-05-05 01:30:00
2023-05-05,1:45am,EUR,French Industrial Production m/m,Non-economic,-1.1%,-0.5%,1.4%,2023-05-05 01:45:00
2023-05-05,1:45am,EUR,French Prelim Private Payrolls q/q,Non-economic,0.2%,0.2%,0.2%,2023-05-05 01:45:00
2023-05-05,2:00am,CHF,Foreign Currency Reserves,Non-economic,732B,,743B,2023-05-05 02:00:00
2023-05-05,3:00am,EUR,Italian Retail Sales m/m,Non-economic,0.0%,-0.3%,-0.1%,2023-05-05 03:00:00
2023-05-05,3:30am,GBP,Construction PMI,Non-economic,51.1,50.9,50.7,2023-05-05 03:30:00
2023-05-05,4:00am,CHF,SNB Chairman Jordan Speaks,Medium,,,,2023-05-05 04:00:00
2023-05-05,4:00am,EUR,Retail Sales m/m,Non-economic,-1.2%,-0.2%,-0.2%,2023-05-05 04:00:00
2023-05-05,7:30am,CAD,Employment Change,High,41.4K,21.6K,34.7K,2023-05-05 07:30:00
2023-05-05,7:30am,CAD,Unemployment Rate,High,5.0%,5.1%,5.0%,2023-05-05 07:30:00
2023-05-05,7:30am,USD,Average Hourly Earnings m/m,High,0.5%,0.3%,0.3%,2023-05-05 07:30:00
2023-05-05,7:30am,USD,Non-Farm Employment Change,High,253K,181K,165K,2023-05-05 07:30:00
2023-05-05,7:30am,USD,Unemployment Rate,High,3.4%,3.6%,3.5%,2023-05-05 07:30:00
2023-05-05,12:00pm,USD,FOMC Member Cook Speaks,Non-economic,,,,2023-05-05 12:00:00
2023-05-05,2:00pm,USD,Consumer Credit m/m,Non-economic,26.5B,17.3B,15.0B,2023-05-05 14:00:00
2023-05-07,6:50pm,JPY,Monetary Policy Meeting Minutes,Non-economic,,,,2023-05-07 18:50:00
2023-05-07,8:30pm,AUD,Building Approvals m/m,Non-economic,-0.1%,3.0%,3.9%,2023-05-07 20:30:00
2023-05-07,8:30pm,AUD,NAB Business Confidence,Non-economic,0,,-1,2023-05-07 20:30:00
2023-05-08,1:00am,EUR,German Industrial Production m/m,Non-economic,-3.4%,-1.6%,2.1%,2023-05-08 01:00:00
2023-05-08,All Day,GBP,Bank Holiday,Low,,,,2023-05-08 00:00:00
2023-05-08,All Day,EUR,French Bank Holiday,Low,,,,2023-05-08 00:00:00
2023-05-08,3:30am,EUR,Sentix Investor Confidence,Non-economic,-13.1,-7.9,-8.7,2023-05-08 03:30:00
2023-05-08,9:00am,USD,Final Wholesale Inventories m/m,Non-economic,0.0%,0.1%,0.1%,2023-05-08 09:00:00
2023-05-08,1:00pm,USD,Loan Officer Survey,Non-economic,,,,2023-05-08 13:00:00
2023-05-08,3:00pm,USD,FOMC Financial Stability Report,Non-economic,,,,2023-05-08 15:00:00
2023-05-08,6:01pm,GBP,BRC Retail Sales Monitor y/y,Non-economic,5.2%,4.7%,4.9%,2023-05-08 18:01:00
2023-05-08,6:30pm,JPY,Average Cash Earnings y/y,Non-economic,0.8%,1.0%,0.8%,2023-05-08 18:30:00
2023-05-08,6:30pm,JPY,Household Spending y/y,Non-economic,-1.9%,0.9%,1.6%,2023-05-08 18:30:00
2023-05-08,8:30pm,AUD,Household Spending m/m,Non-economic,-0.5%,,2.5%,2023-05-08 20:30:00
2023-05-08,9:58pm,CNY,Trade Balance,Non-economic,618B,500B,601B,2023-05-08 21:58:00
2023-05-08,9:59pm,CNY,USD-Denominated Trade Balance,Non-economic,90.2B,69.0B,88.2B,2023-05-08 21:59:00
2023-05-08,10:35pm,JPY,10-y Bond Auction,Non-economic,0.43|3.6,,0.46|3.8,2023-05-08 22:35:00
2023-05-09,1:02am,GBP,Halifax HPI m/m,Non-economic,-0.3%,0.2%,0.8%,2023-05-09 01:02:00
2023-05-09,1:45am,EUR,French Trade Balance,Non-economic,-8.0B,-9.5B,-9.3B,2023-05-09 01:45:00
2023-05-09,4:30am,AUD,Annual Budget Release,Non-economic,,,,2023-05-09 04:30:00
2023-05-09,5:00am,USD,NFIB Small Business Index,Non-economic,89.0,89.6,90.1,2023-05-09 05:00:00
2023-05-09,7:30am,USD,FOMC Member Jefferson Speaks,Non-economic,,,,2023-05-09 07:30:00
2023-05-09,9:00am,USD,RCM/TIPP Economic Optimism,Non-economic,41.6,48.2,47.4,2023-05-09 09:00:00
2023-05-09,11:05am,USD,FOMC Member Williams Speaks,Non-economic,,,,2023-05-09 11:05:00
2023-05-09,3:30pm,USD,API Weekly Statistical Bulletin,Non-economic,,,,2023-05-09 15:30:00
2023-05-10,12:00am,JPY,Leading Indicators,Non-economic,97.5%,97.9%,98.0%,2023-05-10 00:00:00
2023-05-10,1:00am,EUR,German Final CPI m/m,Non-economic,0.4%,0.4%,0.4%,2023-05-10 01:00:00
2023-05-10,3:00am,EUR,Italian Industrial Production m/m,Non-economic,-0.6%,0.2%,-0.2%,2023-05-10 03:00:00
2023-05-10,4:03am,GBP,10-y Bond Auction,Non-economic,3.85|2.8,,3.59|3.0,2023-05-10 04:03:00
2023-05-10,4:35am,EUR,German 30-y Bond Auction,Non-economic,2.53|2.0,,2.31|1.1,2023-05-10 04:35:00
2023-05-10,7:30am,CAD,Building Permits m/m,Non-economic,11.3%,-2.3%,5.5%,2023-05-10 07:30:00
2023-05-10,7:30am,USD,Core CPI m/m,High,0.4%,0.3%,0.4%,2023-05-10 07:30:00
2023-05-10,7:30am,USD,CPI m/m,High,0.4%,0.4%,0.1%,2023-05-10 07:30:00
2023-05-10,7:30am,USD,CPI y/y,High,4.9%,5.0%,5.0%,2023-05-10 07:30:00
2023-05-10,9:30am,USD,Crude Oil Inventories,Non-economic,3.0M,-2.2M,-1.3M,2023-05-10 09:30:00
2023-05-10,11:00am,CHF,SNB Chairman Jordan Speaks,Medium,,,,2023-05-10 11:00:00
2023-05-10,12:01pm,USD,10-y Bond Auction,Medium,3.45|2.4,,3.46|2.4,2023-05-10 12:01:00
2023-05-10,12:53pm,USD,Federal Budget Balance,Non-economic,176.2B,220.5B,-378.1B,2023-05-10 12:53:00
2023-05-10,5:45pm,NZD,FPI m/m,Non-economic,0.5%,,0.8%,2023-05-10 17:45:00
2023-05-10,5:55pm,GBP,RICS House Price Balance,Non-economic,-39%,-39%,-43%,2023-05-10 17:55:00
2023-05-10,6:50pm,JPY,Bank Lending y/y,Non-economic,3.2%,3.0%,3.0%,2023-05-10 18:50:00
2023-05-10,6:50pm,JPY,BOJ Summary of Opinions,Non-economic,,,,2023-05-10 18:50:00
2023-05-10,6:50pm,JPY,Current Account,Non-economic,1.01T,1.31T,1.23T,2023-05-10 18:50:00
2023-05-10,8:03pm,AUD,MI Inflation Expectations,Non-economic,5.0%,,4.6%,2023-05-10 20:03:00
2023-05-10,8:30pm,CNY,CPI y/y,Non-economic,0.1%,0.3%,0.7%,2023-05-10 20:30:00
2023-05-10,8:30pm,CNY,PPI y/y,Non-economic,-3.6%,-3.3%,-2.5%,2023-05-10 20:30:00
2023-05-10,10:35pm,JPY,30-y Bond Auction,Non-economic,1.25|3.5,,1.35|3.2,2023-05-10 22:35:00
2023-05-11,12:00am,JPY,Economy Watchers Sentiment,Non-economic,54.6,54.1,53.3,2023-05-11 00:00:00
2023-05-11,3:00am,CNY,New Loans,Medium,719B,1400B,3890B,2023-05-11 03:00:00
2023-05-11,3:00am,CNY,M2 Money Supply y/y,Non-economic,12.4%,12.5%,12.7%,2023-05-11 03:00:00
2023-05-11,6:00am,GBP,BOE Monetary Policy Report,High,,,,2023-05-11 06:00:00
2023-05-11,6:00am,GBP,Monetary Policy Summary,High,,,,2023-05-11 06:00:00
2023-05-11,6:00am,GBP,MPC Official Bank Rate Votes,High,7-0-2,7-0-2,7-0-2,2023-05-11 06:00:00
2023-05-11,6:00am,GBP,Official Bank Rate,High,4.50%,4.50%,4.25%,2023-05-11 06:00:00
2023-05-11,6:30am,GBP,BOE Gov Bailey Speaks,High,,,,2023-05-11 06:30:00
2023-05-11,7:00am,EUR,ECB President Lagarde Speaks,Medium,,,,2023-05-11 07:00:00
2023-05-11,7:30am,USD,Core PPI m/m,High,0.2%,0.2%,0.0%,2023-05-11 07:30:00
2023-05-11,7:30am,USD,PPI m/m,High,0.2%,0.3%,-0.4%,2023-05-11 07:30:00
2023-05-11,7:30am,USD,Unemployment Claims,High,264K,245K,242K,2023-05-11 07:30:00
2023-05-11,8:00am,USD,FOMC Member Kashkari Speaks,Non-economic,,,,2023-05-11 08:00:00
2023-05-11,9:00am,USD,Mortgage Delinquencies,Non-economic,3.56%,,3.96%,2023-05-11 09:00:00
2023-05-11,9:15am,USD,FOMC Member Waller Speaks,Medium,,,,2023-05-11 09:15:00
2023-05-11,9:30am,USD,Natural Gas Storage,Non-economic,78B,78B,54B,2023-05-11 09:30:00
2023-05-11,12:04pm,USD,30-y Bond Auction,Medium,3.74|2.4,,3.66|2.4,2023-05-11 12:04:00
2023-05-11,5:30pm,NZD,BusinessNZ Manufacturing Index,Non-economic,49.1,,48.1,2023-05-11 17:30:00
2023-05-11,5:45pm,NZD,Visitor Arrivals m/m,Non-economic,-2.9%,,0.6%,2023-05-11 17:45:00
2023-05-11,6:50pm,JPY,M2 Money Stock y/y,Non-economic,2.5%,2.5%,2.5%,2023-05-11 18:50:00
2023-05-11,10:00pm,NZD,Inflation Expectations q/q,High,2.79%,,3.30%,2023-05-11 22:00:00
2023-05-12,1:00am,GBP,GDP m/m,High,-0.3%,0.0%,0.0%,2023-05-12 01:00:00
2023-05-12,1:00am,GBP,Prelim GDP q/q,Medium,0.1%,0.1%,0.1%,2023-05-12 01:00:00
2023-05-12,1:00am,GBP,Construction Output m/m,Non-economic,0.2%,-0.4%,2.6%,2023-05-12 01:00:00
2023-05-12,1:00am,GBP,Goods Trade Balance,Non-economic,-16.4B,-17.5B,-16.6B,2023-05-12 01:00:00
2023-05-12,1:00am,GBP,Index of Services 3m/3m,Non-economic,0.1%,0.2%,0.1%,2023-05-12 01:00:00
2023-05-12,1:00am,GBP,Industrial Production m/m,Non-economic,0.7%,0.1%,-0.1%,2023-05-12 01:00:00
2023-05-12,1:00am,GBP,Manufacturing Production m/m,Non-economic,0.7%,0.0%,0.1%,2023-05-12 01:00:00
2023-05-12,1:00am,GBP,Prelim Business Investment q/q,Non-economic,0.7%,-0.7%,-0.2%,2023-05-12 01:00:00
2023-05-12,1:45am,EUR,French Final CPI m/m,Non-economic,0.6%,0.6%,0.6%,2023-05-12 01:45:00
2023-05-12,2:00am,USD,FOMC Member Bowman Speaks,Non-economic,,,,2023-05-12 02:00:00
2023-05-12,6:15am,GBP,MPC Member Pill Speaks,Non-economic,,,,2023-05-12 06:15:00
2023-05-12,6:30am,GBP,NIESR GDP Estimate,Non-economic,0.1%,,0.1%,2023-05-12 06:30:00
2023-05-12,7:30am,USD,Import Prices m/m,Non-economic,0.4%,0.3%,-0.8%,2023-05-12 07:30:00
2023-05-12,9:00am,USD,Prelim UoM Consumer Sentiment,High,57.7,63.0,63.5,2023-05-12 09:00:00
2023-05-12,9:00am,USD,Prelim UoM Inflation Expectations,Medium,4.5%,,4.6%,2023-05-12 09:00:00
2023-05-12,6:45pm,USD,FOMC Member Jefferson Speaks,Non-economic,,,,2023-05-12 18:45:00
2023-05-14,5:30pm,NZD,BusinessNZ Services Index,Non-economic,49.8,,53.8,2023-05-14 17:30:00
2023-05-14,6:50pm,JPY,PPI y/y,Non-economic,5.8%,5.6%,7.4%,2023-05-14 18:50:00
2023-05-15,12:59am,JPY,Prelim Machine Tool Orders y/y,Non-economic,-14.4%,,-15.2%,2023-05-15 00:59:00
2023-05-15,1:00am,EUR,German WPI m/m,Non-economic,-0.4%,0.3%,0.2%,2023-05-15 01:00:00
2023-05-15,1:30am,CHF,PPI m/m,Non-economic,0.2%,0.1%,0.2%,2023-05-15 01:30:00
2023-05-15,4:00am,EUR,EU Economic Forecasts,Non-economic,,,,2023-05-15 04:00:00
2023-05-15,4:00am,EUR,Industrial Production m/m,Non-economic,-4.1%,-2.5%,1.5%,2023-05-15 04:00:00
2023-05-15,All Day,EUR,Eurogroup Meetings,Non-economic,,,,2023-05-15 00:00:00
2023-05-15,7:10am,EUR,German Buba President Nagel Speaks,Non-economic,,,,2023-05-15 07:10:00
2023-05-15,7:13am,CAD,Housing Starts,Non-economic,262K,221K,214K,2023-05-15 07:13:00
2023-05-15,7:30am,USD,Empire State Manufacturing Index,High,-31.8,-3.7,10.8,2023-05-15 07:30:00
2023-05-15,7:30am,USD,FOMC Member Goolsbee Speaks,Non-economic,,,,2023-05-15 07:30:00
2023-05-15,7:32am,CAD,Wholesale Sales m/m,Non-economic,46.0%,-0.3%,-1.4%,2023-05-15 07:32:00
2023-05-15,8:15am,USD,FOMC Member Kashkari Speaks,Non-economic,,,,2023-05-15 08:15:00
2023-05-15,8:30am,GBP,CB Leading Index m/m,Non-economic,-0.9%,,-0.6%,2023-05-15 08:30:00
2023-05-15,11:00am,GBP,MPC Member Pill Speaks,Non-economic,,,,2023-05-15 11:00:00
2023-05-15,3:00pm,USD,TIC Long-Term Purchases,Non-economic,133.3B,85.4B,56.6B,2023-05-15 15:00:00
2023-05-15,4:00pm,USD,FOMC Member Cook Speaks,Non-economic,,,,2023-05-15 16:00:00
2023-05-15,7:30pm,AUD,Westpac Consumer Sentiment,Non-economic,-7.9%,,9.4%,2023-05-15 19:30:00
2023-05-15,8:30pm,AUD,Monetary Policy Meeting Minutes,Medium,,,,2023-05-15 20:30:00
2023-05-15,9:00pm,CNY,Fixed Asset Investment ytd/y,Non-economic,4.7%,5.7%,5.1%,2023-05-15 21:00:00
2023-05-15,9:00pm,CNY,Industrial Production y/y,Non-economic,5.6%,10.9%,3.9%,2023-05-15 21:00:00
2023-05-15,9:00pm,CNY,NBS Press Conference,Non-economic,,,,2023-05-15 21:00:00
2023-05-15,9:00pm,CNY,Retail Sales y/y,Non-economic,18.4%,22.0%,10.6%,2023-05-15 21:00:00
2023-05-15,9:00pm,CNY,Unemployment Rate,Non-economic,5.2%,5.3%,5.3%,2023-05-15 21:00:00
2023-05-16,1:00am,GBP,Claimant Count Change,High,46.7K,31.2K,26.5K,2023-05-16 01:00:00
2023-05-16,1:00am,GBP,Average Earnings Index 3m/y,Medium,5.8%,5.8%,5.8%,2023-05-16 01:00:00
2023-05-16,1:00am,GBP,Unemployment Rate,Non-economic,3.9%,3.8%,3.8%,2023-05-16 01:00:00
2023-05-16,4:00am,EUR,German ZEW Economic Sentiment,Medium,-10.7,-5.4,4.1,2023-05-16 04:00:00
2023-05-16,4:00am,EUR,Flash Employment Change q/q,Non-economic,0.6%,0.4%,0.3%,2023-05-16 04:00:00
2023-05-16,4:00am,EUR,Flash GDP q/q,Non-economic,0.1%,0.1%,0.1%,2023-05-16 04:00:00
2023-05-16,4:00am,EUR,Trade Balance,Non-economic,17.0B,5.6B,-0.2B,2023-05-16 04:00:00
2023-05-16,4:00am,EUR,ZEW Economic Sentiment,Non-economic,-9.4,-1.0,6.4,2023-05-16 04:00:00
2023-05-16,All Day,EUR,ECOFIN Meetings,Non-economic,,,,2023-05-16 00:00:00
2023-05-16,7:30am,CAD,CPI m/m,High,0.7%,0.5%,0.5%,2023-05-16 07:30:00
2023-05-16,7:30am,CAD,Median CPI y/y,High,4.2%,4.3%,4.5%,2023-05-16 07:30:00
2023-05-16,7:30am,CAD,Trimmed CPI y/y,High,4.2%,4.1%,4.4%,2023-05-16 07:30:00
2023-05-16,7:30am,CAD,Manufacturing Sales m/m,Non-economic,0.7%,0.7%,-3.6%,2023-05-16 07:30:00
2023-05-16,7:30am,USD,Core Retail Sales m/m,High,0.4%,0.5%,-0.5%,2023-05-16 07:30:00
2023-05-16,7:30am,USD,Retail Sales m/m,High,0.4%,0.8%,-0.7%,2023-05-16 07:30:00
2023-05-16,7:32am,CAD,Common CPI y/y,Medium,5.7%,5.5%,6.0%,2023-05-16 07:32:00
2023-05-16,7:32am,CAD,Core CPI m/m,Non-economic,0.5%,,0.6%,2023-05-16 07:32:00
2023-05-16,8:15am,USD,Capacity Utilization Rate,Non-economic,79.7%,79.7%,79.4%,2023-05-16 08:15:00
2023-05-16,8:15am,USD,Industrial Production m/m,Non-economic,0.5%,0.0%,0.4%,2023-05-16 08:15:00
2023-05-16,9:00am,EUR,ECB President Lagarde Speaks,Medium,,,,2023-05-16 09:00:00
2023-05-16,9:00am,USD,Business Inventories m/m,Non-economic,-0.1%,0.0%,0.0%,2023-05-16 09:00:00
2023-05-16,9:00am,USD,FOMC Member Barr Speaks,Non-economic,,,,2023-05-16 09:00:00
2023-05-16,9:00am,USD,NAHB Housing Market Index,Non-economic,50,45,45,2023-05-16 09:00:00
2023-05-16,9:13am,NZD,GDT Price Index,Non-economic,-0.9%,,2.5%,2023-05-16 09:13:00
2023-05-16,11:15am,USD,FOMC Member Williams Speaks,Non-economic,,,,2023-05-16 11:15:00
2023-05-16,1:30pm,USD,FOMC Member Goolsbee Speaks,Non-economic,,,,2023-05-16 13:30:00
2023-05-16,3:30pm,USD,API Weekly Statistical Bulletin,Non-economic,,,,2023-05-16 15:30:00
2023-05-16,6:00pm,USD,FOMC Member Goolsbee Speaks,Non-economic,,,,2023-05-16 18:00:00
2023-05-16,6:50pm,JPY,Prelim GDP Price Index y/y,Non-economic,2.0%,2.0%,1.2%,2023-05-16 18:50:00
2023-05-16,6:50pm,JPY,Prelim GDP q/q,Non-economic,0.4%,0.2%,0.0%,2023-05-16 18:50:00
2023-05-16,8:30pm,AUD,Wage Price Index q/q,High,0.8%,0.9%,0.8%,2023-05-16 20:30:00
2023-05-16,8:30pm,CNY,New Home Prices m/m,Non-economic,0.32%,,0.44%,2023-05-16 20:30:00
2023-05-16,11:30pm,JPY,Revised Industrial Production m/m,Non-economic,1.1%,0.8%,0.8%,2023-05-16 23:30:00
2023-05-17,2:52am,CNY,Foreign Direct Investment ytd/y,Non-economic,2.2%,,4.9%,2023-05-17 02:52:00
2023-05-17,3:00am,EUR,Italian Trade Balance,Non-economic,7.54B,2.50B,2.11B,2023-05-17 03:00:00
2023-05-17,4:00am,EUR,Final Core CPI y/y,Non-economic,5.6%,5.6%,5.6%,2023-05-17 04:00:00
2023-05-17,4:00am,EUR,Final CPI y/y,Non-economic,7.0%,7.0%,7.0%,2023-05-17 04:00:00
2023-05-17,4:34am,EUR,German 10-y Bond Auction,Non-economic,2.31|2.3,,2.51|1.9,2023-05-17 04:34:00
2023-05-17,4:50am,GBP,BOE Gov Bailey Speaks,High,,,,2023-05-17 04:50:00
2023-05-17,7:30am,CAD,Foreign Securities Purchases,Non-economic,-19.07B,5.22B,6.47B,2023-05-17 07:30:00
2023-05-17,7:30am,USD,Building Permits,Non-economic,1.42M,1.44M,1.43M,2023-05-17 07:30:00
2023-05-17,7:30am,USD,Housing Starts,Non-economic,1.40M,1.40M,1.37M,2023-05-17 07:30:00
2023-05-17,9:30am,AUD,CB Leading Index m/m,Non-economic,0.0%,,-0.2%,2023-05-17 09:30:00
2023-05-17,9:30am,USD,Crude Oil Inventories,Non-economic,5.0M,-1.5M,3.0M,2023-05-17 09:30:00
2023-05-17,5:45pm,NZD,PPI Input q/q,Non-economic,0.2%,0.5%,0.5%,2023-05-17 17:45:00
2023-05-17,5:45pm,NZD,PPI Output q/q,Non-economic,0.3%,0.8%,0.9%,2023-05-17 17:45:00
2023-05-17,6:50pm,JPY,Trade Balance,Non-economic,-1.02T,-1.08T,-1.21T,2023-05-17 18:50:00
2023-05-17,8:30pm,AUD,Employment Change,High,-4.3K,24.8K,61.1K,2023-05-17 20:30:00
2023-05-17,8:30pm,AUD,Unemployment Rate,High,3.7%,3.5%,3.5%,2023-05-17 20:30:00
2023-05-17,9:00pm,NZD,Annual Budget Release,Medium,,,,2023-05-17 21:00:00
2023-05-18,All Day,CHF,Bank Holiday,Low,,,,2023-05-18 00:00:00
2023-05-18,All Day,EUR,French Bank Holiday,Low,,,,2023-05-18 00:00:00
2023-05-18,All Day,EUR,German Bank Holiday,Low,,,,2023-05-18 00:00:00
2023-05-18,2:45am,GBP,MPC Member Pill Speaks,Non-economic,,,,2023-05-18 02:45:00
2023-05-18,4:15am,GBP,Monetary Policy Report Hearings,Medium,,,,2023-05-18 04:15:00
2023-05-18,7:30am,CAD,NHPI m/m,Non-economic,-0.1%,-0.1%,0.0%,2023-05-18 07:30:00
2023-05-18,7:30am,USD,Unemployment Claims,High,242K,253K,264K,2023-05-18 07:30:00
2023-05-18,7:30am,USD,Philly Fed Manufacturing Index,Medium,-10.4,-19.5,-31.3,2023-05-18 07:30:00
2023-05-18,7:45am,USD,FOMC Member Logan Speaks,Non-economic,,,,2023-05-18 07:45:00
2023-05-18,8:05am,USD,FOMC Member Jefferson Speaks,Non-economic,,,,2023-05-18 08:05:00
2023-05-18,8:30am,USD,FOMC Member Barr Speaks,Non-economic,,,,2023-05-18 08:30:00
2023-05-18,9:00am,CAD,BOC Financial System Review,Non-economic,,,,2023-05-18 09:00:00
2023-05-18,9:00am,USD,Existing Home Sales,Medium,4.28M,4.30M,4.43M,2023-05-18 09:00:00
2023-05-18,9:00am,USD,CB Leading Index m/m,Non-economic,-0.6%,-0.6%,-1.2%,2023-05-18 09:00:00
2023-05-18,9:30am,USD,Natural Gas Storage,Non-economic,99B,109B,78B,2023-05-18 09:30:00
2023-05-18,10:00am,CAD,BOC Gov Macklem Speaks,High,,,,2023-05-18 10:00:00
2023-05-18,5:45pm,NZD,Trade Balance,Non-economic,427M,-1310M,-1586M,2023-05-18 17:45:00
2023-05-18,6:01pm,GBP,GfK Consumer Confidence,Non-economic,-27,-27,-30,2023-05-18 18:01:00
2023-05-18,6:30pm,JPY,National Core CPI y/y,Non-economic,3.4%,3.4%,3.1%,2023-05-18 18:30:00
2023-05-18,10:00pm,NZD,Credit Card Spending y/y,Non-economic,11.4%,,19.7%,2023-05-18 22:00:00
2023-05-18,11:30pm,JPY,Tertiary Industry Activity m/m,Non-economic,-1.7%,0.3%,1.7%,2023-05-18 23:30:00
2023-05-19,1:00am,EUR,German PPI m/m,Non-economic,0.3%,-0.5%,-1.4%,2023-05-19 01:00:00
2023-05-19,3:00am,EUR,ECB Economic Bulletin,Non-economic,,,,2023-05-19 03:00:00
2023-05-19,4:45am,GBP,MPC Member Haskel Speaks,Non-economic,,,,2023-05-19 04:45:00
2023-05-19,Day 1,All,G7 Meetings,Non-economic,,,,2023-05-19 00:00:00
2023-05-19,7:30am,CAD,Core Retail Sales m/m,Medium,-0.3%,-0.8%,-0.7%,2023-05-19 07:30:00
2023-05-19,7:30am,CAD,Retail Sales m/m,Medium,-1.4%,-1.3%,-0.2%,2023-05-19 07:30:00
2023-05-19,7:45am,USD,FOMC Member Williams Speaks,Non-economic,,,,2023-05-19 07:45:00
2023-05-19,8:00am,USD,FOMC Member Bowman Speaks,Non-economic,,,,2023-05-19 08:00:00
2023-05-19,10:00am,USD,Fed Chairman Powell Speaks,High,,,,2023-05-19 10:00:00
2023-05-19,2:00pm,EUR,ECB President Lagarde Speaks,Medium,,,,2023-05-19 14:00:00
2023-05-20,Day 2,All,G7 Meetings,Non-economic,,,,2023-05-20 00:00:00
2023-05-21,All Day,EUR,Greek Parliamentary Election,Medium,,,,2023-05-21 00:00:00
2023-05-21,Day 3,All,G7 Meetings,Non-economic,,,,2023-05-21 00:00:00
2023-05-21,6:01pm,GBP,Rightmove HPI m/m,Non-economic,1.8%,,0.2%,2023-05-21 18:01:00
2023-05-21,6:50pm,JPY,Core Machinery Orders m/m,Non-economic,-3.9%,0.5%,-4.5%,2023-05-21 18:50:00
2023-05-21,8:15pm,CNY,1-y Loan Prime Rate,Medium,3.65%,3.65%,3.65%,2023-05-21 20:15:00
2023-05-21,8:15pm,CNY,5-y Loan Prime Rate,Medium,4.30%,4.30%,4.30%,2023-05-21 20:15:00
2023-05-22,All Day,CAD,Bank Holiday,Low,,,,2023-05-22 00:00:00
2023-05-22,8:45am,USD,Cleveland Fed Inflation Expectations,Non-economic,5.0%,,6.0%,2023-05-22 08:45:00
2023-05-22,9:00am,EUR,Consumer Confidence,Non-economic,-17,-17,-18,2023-05-22 09:00:00
2023-05-22,6:00pm,AUD,Flash Manufacturing PMI,Non-economic,48.0,,48.0,2023-05-22 18:00:00
2023-05-22,6:00pm,AUD,Flash Services PMI,Non-economic,51.8,,53.7,2023-05-22 18:00:00
2023-05-22,7:30pm,JPY,Flash Manufacturing PMI,Non-economic,50.8,50.2,49.5,2023-05-22 19:30:00
2023-05-23,12:00am,JPY,BOJ Core CPI y/y,Non-economic,3.0%,2.8%,2.9%,2023-05-23 00:00:00
2023-05-23,1:00am,GBP,Public Sector Net Borrowing,Non-economic,24.7B,17.5B,20.0B,2023-05-23 01:00:00
2023-05-23,2:15am,EUR,French Flash Manufacturing PMI,High,46.1,46.1,45.6,2023-05-23 02:15:00
2023-05-23,2:15am,EUR,French Flash Services PMI,High,52.8,54.0,54.6,2023-05-23 02:15:00
2023-05-23,2:30am,EUR,German Flash Manufacturing PMI,High,42.9,44.9,44.5,2023-05-23 02:30:00
2023-05-23,2:30am,EUR,German Flash Services PMI,High,57.8,55.0,56.0,2023-05-23 02:30:00
2023-05-23,3:00am,EUR,Flash Manufacturing PMI,Medium,44.6,45.9,45.8,2023-05-23 03:00:00
2023-05-23,3:00am,EUR,Flash Services PMI,Medium,55.9,55.4,56.2,2023-05-23 03:00:00
2023-05-23,3:00am,EUR,Current Account,Non-economic,31.2B,20.2B,24.5B,2023-05-23 03:00:00
2023-05-23,3:30am,GBP,Flash Manufacturing PMI,High,46.9,47.9,47.8,2023-05-23 03:30:00
2023-05-23,3:30am,GBP,Flash Services PMI,High,55.1,55.5,55.9,2023-05-23 03:30:00
2023-05-23,4:15am,GBP,Monetary Policy Report Hearings,Medium,,,,2023-05-23 04:15:00
2023-05-23,7:30am,CAD,IPPI m/m,Non-economic,-0.2%,0.2%,0.1%,2023-05-23 07:30:00
2023-05-23,7:30am,CAD,RMPI m/m,Non-economic,2.9%,0.7%,-0.9%,2023-05-23 07:30:00
2023-05-23,8:00am,USD,FOMC Member Logan Speaks,Non-economic,,,,2023-05-23 08:00:00
2023-05-23,8:45am,USD,Flash Manufacturing PMI,High,48.5,50.0,50.2,2023-05-23 08:45:00
2023-05-23,8:45am,USD,Flash Services PMI,High,55.1,52.6,53.6,2023-05-23 08:45:00
2023-05-23,8:59am,USD,Richmond Manufacturing Index,Medium,-15,-8,-10,2023-05-23 08:59:00
2023-05-23,9:00am,USD,New Home Sales,Medium,683K,665K,656K,2023-05-23 09:00:00
2023-05-23,9:35am,GBP,MPC Member Haskel Speaks,Non-economic,,,,2023-05-23 09:35:00
2023-05-23,12:50pm,EUR,German Buba President Nagel Speaks,Non-economic,,,,2023-05-23 12:50:00
2023-05-23,3:30pm,USD,API Weekly Statistical Bulletin,Non-economic,,,,2023-05-23 15:30:00
2023-05-23,5:45pm,NZD,Retail Sales q/q,Medium,-1.4%,0.2%,-1.0%,2023-05-23 17:45:00
2023-05-23,5:45pm,NZD,Core Retail Sales q/q,Non-economic,-1.1%,-1.0%,-1.6%,2023-05-23 17:45:00
2023-05-23,7:30pm,AUD,MI Leading Index m/m,Non-economic,0.0%,,0.0%,2023-05-23 19:30:00
2023-05-23,9:00pm,NZD,Official Cash Rate,High,5.50%,5.50%,5.25%,2023-05-23 21:00:00
2023-05-23,9:00pm,NZD,RBNZ Monetary Policy Statement,High,,,,2023-05-23 21:00:00
2023-05-23,9:00pm,NZD,RBNZ Rate Statement,High,,,,2023-05-23 21:00:00
2023-05-23,10:00pm,NZD,RBNZ Press Conference,High,,,,2023-05-23 22:00:00
2023-05-24,1:00am,GBP,CPI y/y,High,8.7%,8.2%,10.1%,2023-05-24 01:00:00
2023-05-24,1:00am,GBP,Core CPI y/y,Non-economic,6.8%,6.2%,6.2%,2023-05-24 01:00:00
2023-05-24,1:00am,GBP,RPI y/y,Non-economic,11.4%,11.1%,13.5%,2023-05-24 01:00:00
2023-05-24,1:02am,GBP,PPI Input m/m,Non-economic,-0.3%,0.1%,0.2%,2023-05-24 01:02:00
2023-05-24,1:02am,GBP,PPI Output m/m,Non-economic,0.0%,0.2%,0.0%,2023-05-24 01:02:00
2023-05-24,3:00am,EUR,German ifo Business Climate,Medium,91.7,93.0,93.4,2023-05-24 03:00:00
2023-05-24,3:30am,GBP,HPI y/y,Non-economic,4.1%,5.2%,5.8%,2023-05-24 03:30:00
2023-05-24,4:30am,GBP,BOE Gov Bailey Speaks,High,,,,2023-05-24 04:30:00
2023-05-24,5:00am,EUR,German Buba Monthly Report,Non-economic,,,,2023-05-24 05:00:00
2023-05-24,5:00am,GBP,CBI Industrial Order Expectations,Non-economic,-17,-19,-20,2023-05-24 05:00:00
2023-05-24,5:33am,GBP,10-y Bond Auction,Non-economic,4.24|3.0,,3.85|2.8,2023-05-24 05:33:00
2023-05-24,7:30am,CAD,Corporate Profits q/q,Non-economic,-5.6%,,7.3%,2023-05-24 07:30:00
2023-05-24,7:57am,EUR,Belgian NBB Business Climate,Non-economic,-9.2,-6.0,-7.8,2023-05-24 07:57:00
2023-05-24,8:00am,GBP,BOE Gov Bailey Speaks,High,,,,2023-05-24 08:00:00
2023-05-24,9:05am,USD,Treasury Sec Yellen Speaks,Medium,,,,2023-05-24 09:05:00
2023-05-24,9:30am,USD,Crude Oil Inventories,Non-economic,-12.5M,1.9M,5.0M,2023-05-24 09:30:00
2023-05-24,1:00pm,USD,FOMC Meeting Minutes,High,,,,2023-05-24 13:00:00
2023-05-25,1:00am,EUR,German Final GDP q/q,Non-economic,-0.3%,0.0%,0.0%,2023-05-25 01:00:00
2023-05-25,1:00am,EUR,German GfK Consumer Climate,Non-economic,-24.2,-23.6,-25.8,2023-05-25 01:00:00
2023-05-25,3:35am,CHF,Gov Board Member Maechler Speaks,Non-economic,,,,2023-05-25 03:35:00
2023-05-25,5:00am,GBP,CBI Realized Sales,Non-economic,-10,10,5,2023-05-25 05:00:00
2023-05-25,5:30am,EUR,German Buba President Nagel Speaks,Non-economic,,,,2023-05-25 05:30:00
2023-05-25,7:30am,USD,Prelim GDP q/q,High,1.3%,1.1%,1.1%,2023-05-25 07:30:00
2023-05-25,7:30am,USD,Unemployment Claims,High,229K,249K,225K,2023-05-25 07:30:00
2023-05-25,7:30am,USD,Prelim GDP Price Index q/q,Medium,4.2%,4.0%,4.0%,2023-05-25 07:30:00
2023-05-25,8:00am,CNY,CB Leading Index m/m,Non-economic,-0.6%,,0.3%,2023-05-25 08:00:00
2023-05-25,9:00am,USD,Pending Home Sales m/m,Medium,0.0%,1.0%,-5.2%,2023-05-25 09:00:00
2023-05-25,9:30am,USD,Natural Gas Storage,Non-economic,96B,100B,99B,2023-05-25 09:30:00
2023-05-25,11:30am,GBP,MPC Member Haskel Speaks,Non-economic,,,,2023-05-25 11:30:00
2023-05-25,6:30pm,JPY,Tokyo Core CPI y/y,Medium,3.2%,3.4%,3.5%,2023-05-25 18:30:00
2023-05-25,6:50pm,JPY,SPPI y/y,Non-economic,1.6%,1.4%,1.7%,2023-05-25 18:50:00
2023-05-25,8:30pm,AUD,Retail Sales m/m,Non-economic,0.0%,0.3%,0.4%,2023-05-25 20:30:00
2023-05-26,1:00am,GBP,Retail Sales m/m,Medium,0.5%,0.3%,-1.2%,2023-05-26 01:00:00
2023-05-26,7:30am,USD,Core PCE Price Index m/m,High,0.4%,0.3%,0.3%,2023-05-26 07:30:00
2023-05-26,7:30am,USD,Core Durable Goods Orders m/m,Medium,-0.2%,0.0%,0.2%,2023-05-26 07:30:00
2023-05-26,7:30am,USD,Durable Goods Orders m/m,Medium,1.1%,-1.0%,3.3%,2023-05-26 07:30:00
2023-05-26,7:30am,USD,Goods Trade Balance,Non-economic,-96.8B,-85.6B,-82.7B,2023-05-26 07:30:00
2023-05-26,7:30am,USD,Personal Income m/m,Non-economic,0.4%,0.4%,0.3%,2023-05-26 07:30:00
2023-05-26,7:30am,USD,Personal Spending m/m,Non-economic,0.8%,0.4%,0.1%,2023-05-26 07:30:00
2023-05-26,7:30am,USD,Prelim Wholesale Inventories m/m,Non-economic,-0.2%,0.2%,0.0%,2023-05-26 07:30:00
2023-05-26,9:00am,USD,Revised UoM Consumer Sentiment,Medium,59.2,58.2,57.7,2023-05-26 09:00:00
2023-05-26,9:00am,USD,Revised UoM Inflation Expectations,Non-economic,4.2%,,4.5%,2023-05-26 09:00:00
2023-05-29,All Day,CHF,Bank Holiday,Low,,,,2023-05-29 00:00:00
2023-05-29,All Day,GBP,Bank Holiday,Low,,,,2023-05-29 00:00:00
2023-05-29,All Day,EUR,French Bank Holiday,Low,,,,2023-05-29 00:00:00
2023-05-29,All Day,EUR,German Bank Holiday,Low,,,,2023-05-29 00:00:00
2023-05-29,All Day,USD,Bank Holiday,Low,,,,2023-05-29 00:00:00
2023-05-29,5:45pm,NZD,Building Consents m/m,Non-economic,-2.6%,,6.6%,2023-05-29 17:45:00
2023-05-29,6:01pm,GBP,BRC Shop Price Index y/y,Non-economic,9.0%,,8.8%,2023-05-29 18:01:00
2023-05-29,6:30pm,JPY,Unemployment Rate,Non-economic,2.6%,2.7%,2.8%,2023-05-29 18:30:00
2023-05-29,8:30pm,AUD,Building Approvals m/m,Non-economic,-8.1%,2.3%,-1.0%,2023-05-29 20:30:00
2023-05-30,2:00am,CHF,GDP q/q,Medium,0.3%,0.1%,0.0%,2023-05-30 02:00:00
2023-05-30,2:00am,CHF,KOF Economic Barometer,Non-economic,90.2,95.7,96.1,2023-05-30 02:00:00
2023-05-30,2:00am,EUR,Spanish Flash CPI y/y,Medium,3.2%,3.6%,4.1%,2023-05-30 02:00:00
2023-05-30,3:00am,EUR,M3 Money Supply y/y,Non-economic,1.9%,2.1%,2.5%,2023-05-30 03:00:00
2023-05-30,3:00am,EUR,Private Loans y/y,Non-economic,2.5%,2.7%,2.9%,2023-05-30 03:00:00
2023-05-30,4:14am,EUR,Italian 10-y Bond Auction,Non-economic,4.24|1.5,,4.42|1.3,2023-05-30 04:14:00
2023-05-30,7:30am,CAD,Current Account,Non-economic,-6.2B,-9.9B,-8.1B,2023-05-30 07:30:00
2023-05-30,8:00am,USD,HPI m/m,Non-economic,0.6%,0.2%,0.7%,2023-05-30 08:00:00
2023-05-30,8:00am,USD,S&P/CS Composite-20 HPI y/y,Non-economic,-1.1%,-1.7%,0.4%,2023-05-30 08:00:00
2023-05-30,9:00am,USD,CB Consumer Confidence,High,102.3,99.1,103.7,2023-05-30 09:00:00
2023-05-30,6:00pm,AUD,RBA Gov Lowe Speaks,High,,,,2023-05-30 18:00:00
2023-05-30,6:00pm,AUD,RBA Assist Gov Jones Speaks,Non-economic,,,,2023-05-30 18:00:00
2023-05-30,6:50pm,JPY,Prelim Industrial Production m/m,Non-economic,-0.4%,1.4%,1.1%,2023-05-30 18:50:00
2023-05-30,6:50pm,JPY,Retail Sales y/y,Non-economic,5.0%,7.1%,6.9%,2023-05-30 18:50:00
2023-05-30,8:00pm,NZD,ANZ Business Confidence,Non-economic,-31.1,,-43.8,2023-05-30 20:00:00
2023-05-30,8:30pm,AUD,CPI y/y,High,6.8%,6.4%,6.3%,2023-05-30 20:30:00
2023-05-30,8:30pm,AUD,Construction Work Done q/q,Non-economic,1.8%,0.6%,1.0%,2023-05-30 20:30:00
2023-05-30,8:30pm,AUD,Private Sector Credit m/m,Non-economic,0.6%,0.3%,0.2%,2023-05-30 20:30:00
2023-05-30,8:30pm,CNY,Manufacturing PMI,Medium,48.8,49.5,49.2,2023-05-30 20:30:00
2023-05-30,8:30pm,CNY,Non-Manufacturing PMI,Medium,54.5,55.1,56.4,2023-05-30 20:30:00
2023-05-31,12:00am,JPY,Consumer Confidence,Non-economic,36.0,36.1,35.4,2023-05-31 00:00:00
2023-05-31,12:00am,JPY,Housing Starts y/y,Non-economic,-11.9%,-0.9%,-3.2%,2023-05-31 00:00:00
2023-05-31,1:00am,EUR,German Import Prices m/m,Non-economic,-1.7%,-0.6%,-1.1%,2023-05-31 01:00:00
2023-05-31,All Day,EUR,German Prelim CPI m/m,High,-0.1%,0.2%,0.4%,2023-05-31 00:00:00
2023-05-31,1:30am,CHF,Retail Sales y/y,Non-economic,-3.7%,-1.4%,-1.9%,2023-05-31 01:30:00
2023-05-31,1:45am,EUR,French Consumer Spending m/m,Non-economic,-1.0%,0.3%,-0.8%,2023-05-31 01:45:00
2023-05-31,1:45am,EUR,French Prelim CPI m/m,Non-economic,-0.1%,0.3%,0.6%,2023-05-31 01:45:00
2023-05-31,1:45am,EUR,French Prelim GDP q/q,Non-economic,0.2%,0.2%,0.2%,2023-05-31 01:45:00
2023-05-31,2:55am,EUR,German Unemployment Change,Non-economic,9K,14K,23k,2023-05-31 02:55:00
2023-05-31,3:00am,CHF,UBS Economic Expectations,Non-economic,-32.2,,-33.3,2023-05-31 03:00:00
2023-05-31,3:00am,EUR,ECB Financial Stability Review,Medium,,,,2023-05-31 03:00:00
2023-05-31,4:00am,EUR,Italian Prelim CPI m/m,Non-economic,0.3%,-0.1%,0.4%,2023-05-31 04:00:00
2023-05-31,7:30am,CAD,GDP m/m,High,0.0%,-0.1%,0.1%,2023-05-31 07:30:00
2023-05-31,7:50am,USD,FOMC Member Bowman Speaks,Non-economic,,,,2023-05-31 07:50:00
2023-05-31,8:15am,GBP,MPC Member Mann Speaks,Non-economic,,,,2023-05-31 08:15:00
2023-05-31,8:45am,USD,Chicago PMI,Non-economic,40.4,47.1,48.6,2023-05-31 08:45:00
2023-05-31,9:00am,USD,JOLTS Job Openings,High,10.10M,9.41M,9.75M,2023-05-31 09:00:00
2023-05-31,10:05am,CHF,SNB Chairman Jordan Speaks,Medium,,,,2023-05-31 10:05:00
2023-05-31,11:30am,USD,FOMC Member Harker Speaks,Medium,,,,2023-05-31 11:30:00
2023-05-31,12:30pm,USD,FOMC Member Jefferson Speaks,Non-economic,,,,2023-05-31 12:30:00
2023-05-31,1:00pm,USD,Beige Book,Non-economic,,,,2023-05-31 13:00:00
2023-05-31,3:30pm,USD,API Weekly Statistical Bulletin,Non-economic,,,,2023-05-31 15:30:00
2023-05-31,6:50pm,JPY,Capital Spending q/y,Non-economic,11.0%,6.1%,7.7%,2023-05-31 18:50:00
2023-05-31,Tentative,JPY,Final Manufacturing PMI,Non-economic,50.6,50.8,50.8,2023-05-31 00:00:00
2023-05-31,8:30pm,AUD,Private Capital Expenditure q/q,Non-economic,2.4%,1.1%,3.0%,2023-05-31 20:30:00
2023-05-31,8:45pm,CNY,RatingDog Manufacturing PMI,Non-economic,50.9,49.5,49.5,2023-05-31 20:45:00
2023-05-31,10:35pm,JPY,10-y Bond Auction,Non-economic,0.44|3.7,,0.43|3.6,2023-05-31 22:35:00
2023-06-01,1:00am,CHF,Trade Balance,Non-economic,2.60B,3.73B,4.53B,2023-06-01 01:00:00
2023-06-01,1:00am,EUR,German Retail Sales m/m,Non-economic,0.8%,1.0%,-1.3%,2023-06-01 01:00:00
2023-06-01,1:00am,GBP,Nationwide HPI m/m,Non-economic,-0.1%,-0.5%,0.4%,2023-06-01 01:00:00
2023-06-01,1:30am,AUD,Commodity Prices y/y,Non-economic,-22.2%,,-19.2%,2023-06-01 01:30:00
2023-06-01,1:45am,EUR,French Gov Budget Balance,Non-economic,-83.7B,,-54.7B,2023-06-01 01:45:00
2023-06-01,2:15am,EUR,Spanish Manufacturing PMI,Non-economic,48.4,47.9,49.0,2023-06-01 02:15:00
2023-06-01,2:30am,CHF,Gov Board Member Schlegel Speaks,Non-economic,,,,2023-06-01 02:30:00
2023-06-01,2:30am,CHF,Manufacturing PMI,Non-economic,43.2,44.5,45.3,2023-06-01 02:30:00
2023-06-01,2:45am,EUR,Italian Manufacturing PMI,Non-economic,45.9,45.8,46.8,2023-06-01 02:45:00
2023-06-01,2:50am,EUR,French Final Manufacturing PMI,Non-economic,45.7,46.1,46.1,2023-06-01 02:50:00
2023-06-01,2:55am,EUR,German Final Manufacturing PMI,Non-economic,43.2,42.9,42.9,2023-06-01 02:55:00
2023-06-01,3:00am,EUR,Final Manufacturing PMI,Non-economic,44.8,44.6,44.6,2023-06-01 03:00:00
2023-06-01,3:00am,EUR,Italian Monthly Unemployment Rate,Non-economic,7.8%,7.8%,7.9%,2023-06-01 03:00:00
2023-06-01,3:30am,GBP,Final Manufacturing PMI,Non-economic,47.1,46.9,46.9,2023-06-01 03:30:00
2023-06-01,3:30am,GBP,M4 Money Supply m/m,Non-economic,0.0%,-0.2%,-0.6%,2023-06-01 03:30:00
2023-06-01,3:30am,GBP,Mortgage Approvals,Non-economic,49K,54K,51K,2023-06-01 03:30:00
2023-06-01,3:30am,GBP,Net Lending to Individuals m/m,Non-economic,0.2B,2.2B,1.6B,2023-06-01 03:30:00
2023-06-01,3:59am,EUR,French 10-y Bond Auction,Non-economic,2.85|1.9,,2.83|1.9,2023-06-01 03:59:00
2023-06-01,4:00am,EUR,CPI Flash Estimate y/y,High,6.1%,6.3%,7.0%,2023-06-01 04:00:00
2023-06-01,4:00am,EUR,Core CPI Flash Estimate y/y,Medium,5.3%,5.5%,5.6%,2023-06-01 04:00:00
2023-06-01,4:00am,EUR,Unemployment Rate,Non-economic,6.5%,6.5%,6.5%,2023-06-01 04:00:00
2023-06-01,4:30am,EUR,ECB President Lagarde Speaks,Medium,,,,2023-06-01 04:30:00
2023-06-01,6:30am,EUR,ECB Monetary Policy Meeting Accounts,Non-economic,,,,2023-06-01 06:30:00
2023-06-01,6:30am,USD,Challenger Job Cuts y/y,Non-economic,286.7%,,175.9%,2023-06-01 06:30:00
2023-06-01,7:15am,USD,ADP Non-Farm Employment Change,High,278K,173K,291K,2023-06-01 07:15:00
2023-06-01,7:30am,USD,Unemployment Claims,High,232K,236K,230K,2023-06-01 07:30:00
2023-06-01,7:30am,USD,Revised Nonfarm Productivity q/q,Non-economic,-2.1%,-2.6%,-2.7%,2023-06-01 07:30:00
2023-06-01,7:30am,USD,Revised Unit Labor Costs q/q,Non-economic,4.2%,6.2%,6.3%,2023-06-01 07:30:00
2023-06-01,8:30am,CAD,Manufacturing PMI,Non-economic,49.0,,50.2,2023-06-01 08:30:00
2023-06-01,8:45am,USD,Final Manufacturing PMI,Non-economic,48.4,48.5,48.5,2023-06-01 08:45:00
2023-06-01,9:00am,USD,ISM Manufacturing PMI,High,46.9,47.0,47.1,2023-06-01 09:00:00
2023-06-01,9:00am,USD,ISM Manufacturing Prices,Medium,44.2,52.4,53.2,2023-06-01 09:00:00
2023-06-01,9:00am,USD,Construction Spending m/m,Non-economic,1.2%,0.2%,0.3%,2023-06-01 09:00:00
2023-06-01,All Day,USD,Wards Total Vehicle Sales,Non-economic,15.1M,15.3M,15.9M,2023-06-01 00:00:00
2023-06-01,9:30am,USD,Natural Gas Storage,Non-economic,110B,106B,96B,2023-06-01 09:30:00
2023-06-01,10:00am,USD,Crude Oil Inventories,Non-economic,4.5M,-1.4M,-12.5M,2023-06-01 10:00:00
2023-06-01,12:00pm,USD,FOMC Member Harker Speaks,Medium,,,,2023-06-01 12:00:00
2023-06-01,5:45pm,NZD,Overseas Trade Index q/q,Non-economic,-1.5%,-1.5%,1.5%,2023-06-01 17:45:00
2023-06-01,6:50pm,JPY,Monetary Base y/y,Non-economic,-1.1%,-1.4%,-1.7%,2023-06-01 18:50:00
2023-06-02,1:45am,EUR,French Industrial Production m/m,Non-economic,0.8%,0.3%,-1.1%,2023-06-02 01:45:00
2023-06-02,2:00am,EUR,Spanish Unemployment Change,Non-economic,-49.3K,-40.1K,-73.9K,2023-06-02 02:00:00
2023-06-02,All Day,EUR,Italian Bank Holiday,Low,,,,2023-06-02 00:00:00
2023-06-02,7:30am,USD,Average Hourly Earnings m/m,High,0.3%,0.3%,0.4%,2023-06-02 07:30:00
2023-06-02,7:30am,USD,Non-Farm Employment Change,High,339K,193K,294K,2023-06-02 07:30:00
2023-06-02,7:30am,USD,Unemployment Rate,High,3.7%,3.5%,3.4%,2023-06-02 07:30:00
2023-06-04,All Day,All,OPEC-JMMC Meetings,High,,,,2023-06-04 00:00:00
2023-06-04,All Day,NZD,Bank Holiday,Low,,,,2023-06-04 00:00:00
2023-06-04,8:00pm,AUD,MI Inflation Gauge m/m,Non-economic,0.9%,,0.2%,2023-06-04 20:00:00
2023-06-04,8:30pm,AUD,ANZ Job Advertisements m/m,Non-economic,0.1%,,-0.3%,2023-06-04 20:30:00
2023-06-04,8:30pm,AUD,Company Operating Profits q/q,Non-economic,0.5%,2.1%,12.7%,2023-06-04 20:30:00
2023-06-04,8:45pm,CNY,RatingDog Services PMI,Non-economic,57.1,55.2,56.4,2023-06-04 20:45:00
2023-06-05,1:00am,EUR,German Trade Balance,Non-economic,18.4B,16.1B,14.9B,2023-06-05 01:00:00
2023-06-05,1:30am,CHF,CPI m/m,High,0.3%,0.3%,0.0%,2023-06-05 01:30:00
2023-06-05,2:15am,EUR,Spanish Services PMI,Non-economic,56.7,56.9,57.9,2023-06-05 02:15:00
2023-06-05,2:45am,EUR,Italian Services PMI,Non-economic,54.0,57.0,57.6,2023-06-05 02:45:00
2023-06-05,2:50am,EUR,French Final Services PMI,Non-economic,52.5,52.8,52.8,2023-06-05 02:50:00
2023-06-05,2:55am,EUR,German Final Services PMI,Non-economic,57.2,57.8,57.8,2023-06-05 02:55:00
2023-06-05,3:00am,EUR,Final Services PMI,Non-economic,55.1,55.9,55.9,2023-06-05 03:00:00
2023-06-05,3:30am,EUR,Sentix Investor Confidence,Non-economic,-17.0,-15.2,-13.1,2023-06-05 03:30:00
2023-06-05,3:30am,GBP,Final Services PMI,Non-economic,55.2,55.1,55.1,2023-06-05 03:30:00
2023-06-05,4:00am,EUR,PPI m/m,Non-economic,-3.2%,-3.0%,-1.3%,2023-06-05 04:00:00
2023-06-05,8:00am,EUR,ECB President Lagarde Speaks,Medium,,,,2023-06-05 08:00:00
2023-06-05,8:45am,USD,Final Services PMI,Non-economic,54.9,55.1,55.1,2023-06-05 08:45:00
2023-06-05,9:00am,EUR,German Buba President Nagel Speaks,Non-economic,,,,2023-06-05 09:00:00
2023-06-05,9:00am,USD,ISM Services PMI,High,50.3,52.6,51.9,2023-06-05 09:00:00
2023-06-05,9:00am,USD,Factory Orders m/m,Non-economic,0.4%,0.8%,0.6%,2023-06-05 09:00:00
2023-06-05,6:01pm,GBP,BRC Retail Sales Monitor y/y,Non-economic,3.7%,5.2%,5.2%,2023-06-05 18:01:00
2023-06-05,6:30pm,JPY,Average Cash Earnings y/y,Non-economic,1.0%,1.7%,1.3%,2023-06-05 18:30:00
2023-06-05,6:30pm,JPY,Household Spending y/y,Non-economic,-4.4%,-2.2%,-1.9%,2023-06-05 18:30:00
2023-06-05,8:00pm,NZD,ANZ Commodity Prices m/m,Non-economic,0.3%,,-1.7%,2023-06-05 20:00:00
2023-06-05,8:30pm,AUD,Current Account,Non-economic,12.3B,15.0B,11.7B,2023-06-05 20:30:00
2023-06-05,8:30pm,AUD,Household Spending m/m,Non-economic,-1.1%,,-0.3%,2023-06-05 20:30:00
2023-06-05,10:35pm,JPY,30-y Bond Auction,Non-economic,1.26|3.1,,1.25|3.5,2023-06-05 22:35:00
2023-06-05,11:30pm,AUD,Cash Rate,High,4.10%,3.85%,3.85%,2023-06-05 23:30:00
2023-06-05,11:30pm,AUD,RBA Rate Statement,High,,,,2023-06-05 23:30:00
2023-06-06,1:00am,EUR,German Factory Orders m/m,Non-economic,-0.4%,2.7%,-10.9%,2023-06-06 01:00:00
2023-06-06,3:30am,GBP,Construction PMI,Non-economic,51.6,50.9,51.1,2023-06-06 03:30:00
2023-06-06,4:00am,EUR,Retail Sales m/m,Non-economic,0.0%,0.2%,-0.4%,2023-06-06 04:00:00
2023-06-06,4:04am,GBP,30-y Bond Auction,Non-economic,4.48|2.6,,4.08|2.5,2023-06-06 04:04:00
2023-06-06,7:30am,CAD,Building Permits m/m,Non-economic,-18.8%,-4.3%,12.3%,2023-06-06 07:30:00
2023-06-06,9:00am,CAD,Ivey PMI,Medium,53.5,57.2,56.8,2023-06-06 09:00:00
2023-06-06,9:00am,USD,RCM/TIPP Economic Optimism,Non-economic,41.7,45.2,41.6,2023-06-06 09:00:00
2023-06-06,9:55am,NZD,GDT Price Index,Non-economic,-0.9%,,-0.9%,2023-06-06 09:55:00
2023-06-06,3:30pm,USD,API Weekly Statistical Bulletin,Non-economic,,,,2023-06-06 15:30:00
2023-06-06,6:20pm,AUD,RBA Gov Lowe Speaks,High,,,,2023-06-06 18:20:00
2023-06-06,6:50pm,AUD,RBA Gov Bullock Speaks,Non-economic,,,,2023-06-06 18:50:00
2023-06-06,8:30pm,AUD,GDP q/q,High,0.2%,0.3%,0.6%,2023-06-06 20:30:00
2023-06-06,10:02pm,CNY,USD-Denominated Trade Balance,Non-economic,65.8B,95.2B,90.2B,2023-06-06 22:02:00
2023-06-06,10:03pm,CNY,Trade Balance,Non-economic,452B,676B,618B,2023-06-06 22:03:00
2023-06-07,12:00am,JPY,Leading Indicators,Non-economic,97.6%,98.3%,97.7%,2023-06-07 00:00:00
2023-06-07,12:45am,CHF,Unemployment Rate,Non-economic,2.0%,1.9%,1.9%,2023-06-07 00:45:00
2023-06-07,1:00am,EUR,German Industrial Production m/m,Non-economic,0.3%,0.7%,-2.1%,2023-06-07 01:00:00
2023-06-07,1:00am,GBP,Halifax HPI m/m,Non-economic,0.0%,0.2%,-0.4%,2023-06-07 01:00:00
2023-06-07,1:45am,EUR,French Trade Balance,Non-economic,-9.7B,-7.7B,-8.4B,2023-06-07 01:45:00
2023-06-07,2:00am,CHF,Foreign Currency Reserves,Medium,734B,,732B,2023-06-07 02:00:00
2023-06-07,3:00am,EUR,Italian Retail Sales m/m,Non-economic,0.2%,0.3%,0.0%,2023-06-07 03:00:00
2023-06-07,7:30am,CAD,Labor Productivity q/q,Non-economic,-0.6%,0.1%,-0.5%,2023-06-07 07:30:00
2023-06-07,7:30am,CAD,Trade Balance,Non-economic,1.9B,0.5B,0.2B,2023-06-07 07:30:00
2023-06-07,7:30am,USD,Trade Balance,Non-economic,-74.6B,-75.8B,-60.6B,2023-06-07 07:30:00
2023-06-07,9:00am,CAD,BOC Rate Statement,High,,,,2023-06-07 09:00:00
2023-06-07,9:00am,CAD,Overnight Rate,High,4.75%,4.50%,4.50%,2023-06-07 09:00:00
2023-06-07,9:30am,USD,Crude Oil Inventories,Non-economic,-0.5M,1.2M,4.5M,2023-06-07 09:30:00
2023-06-07,2:00pm,USD,Consumer Credit m/m,Non-economic,23.0B,22.2B,22.8B,2023-06-07 14:00:00
2023-06-07,5:45pm,NZD,Manufacturing Sales q/q,Non-economic,-2.8%,,-1.0%,2023-06-07 17:45:00
2023-06-07,6:01pm,GBP,RICS House Price Balance,Non-economic,-30%,-39%,-39%,2023-06-07 18:01:00
2023-06-07,6:50pm,JPY,Bank Lending y/y,Non-economic,3.4%,3.1%,3.2%,2023-06-07 18:50:00
2023-06-07,6:50pm,JPY,Current Account,Non-economic,1.90T,1.39T,1.01T,2023-06-07 18:50:00
2023-06-07,6:50pm,JPY,Final GDP Price Index y/y,Non-economic,2.0%,2.0%,2.0%,2023-06-07 18:50:00
2023-06-07,6:50pm,JPY,Final GDP q/q,Non-economic,0.7%,0.5%,0.4%,2023-06-07 18:50:00
2023-06-07,8:30pm,AUD,Goods Trade Balance,Non-economic,11.16B,13.65B,14.82B,2023-06-07 20:30:00
2023-06-08,12:00am,JPY,Economy Watchers Sentiment,Non-economic,55.0,55.1,54.6,2023-06-08 00:00:00
2023-06-08,12:30am,EUR,French Final Private Payrolls q/q,Non-economic,0.4%,0.2%,0.2%,2023-06-08 00:30:00
2023-06-08,4:00am,EUR,Final Employment Change q/q,Non-economic,0.6%,0.6%,0.6%,2023-06-08 04:00:00
2023-06-08,4:00am,EUR,Revised GDP q/q,Non-economic,-0.1%,0.0%,0.1%,2023-06-08 04:00:00
2023-06-08,7:05am,CHF,SNB Chairman Jordan Speaks,Medium,,,,2023-06-08 07:05:00
2023-06-08,7:30am,USD,Unemployment Claims,High,261K,236K,233K,2023-06-08 07:30:00
2023-06-08,9:00am,USD,Final Wholesale Inventories m/m,Non-economic,-0.1%,-0.2%,-0.2%,2023-06-08 09:00:00
2023-06-08,9:30am,USD,Natural Gas Storage,Non-economic,104B,115B,110B,2023-06-08 09:30:00
2023-06-08,2:10pm,CAD,Gov Council Member Beaudry Speaks,Non-economic,,,,2023-06-08 14:10:00
2023-06-08,6:50pm,JPY,M2 Money Stock y/y,Non-economic,2.7%,2.7%,2.6%,2023-06-08 18:50:00
2023-06-08,8:30pm,CNY,CPI y/y,Medium,0.2%,0.2%,0.1%,2023-06-08 20:30:00
2023-06-08,8:30pm,CNY,PPI y/y,Medium,-4.6%,-4.3%,-3.6%,2023-06-08 20:30:00
2023-06-09,3:00am,EUR,Italian Industrial Production m/m,Non-economic,-1.9%,0.2%,-0.6%,2023-06-09 03:00:00
2023-06-09,7:30am,CAD,Employment Change,High,-17.3K,21.2K,41.4K,2023-06-09 07:30:00
2023-06-09,7:30am,CAD,Unemployment Rate,High,5.2%,5.1%,5.0%,2023-06-09 07:30:00
2023-06-09,7:30am,CAD,Capacity Utilization Rate,Non-economic,81.9%,82.0%,81.8%,2023-06-09 07:30:00
2023-06-11,All Day,AUD,Bank Holiday,Low,,,,2023-06-11 00:00:00
2023-06-11,6:50pm,JPY,PPI y/y,Non-economic,5.1%,5.6%,5.9%,2023-06-11 18:50:00
2023-06-12,12:58am,JPY,Prelim Machine Tool Orders y/y,Non-economic,-22.2%,,-14.4%,2023-06-12 00:58:00
2023-06-12,9:00am,GBP,MPC Member Mann Speaks,Non-economic,,,,2023-06-12 09:00:00
2023-06-12,12:01pm,USD,10-y Bond Auction,Medium,3.79|2.4,,3.45|2.4,2023-06-12 12:01:00
2023-06-12,1:00pm,USD,Federal Budget Balance,Non-economic,-240.3B,-230.0B,176.2B,2023-06-12 13:00:00
2023-06-12,5:45pm,NZD,Visitor Arrivals m/m,Non-economic,-16.9%,,-1.0%,2023-06-12 17:45:00
2023-06-12,6:50pm,JPY,BSI Manufacturing Index,Non-economic,-0.4,-4.2,-10.5,2023-06-12 18:50:00
2023-06-12,7:30pm,AUD,Westpac Consumer Sentiment,Non-economic,0.2%,,-7.9%,2023-06-12 19:30:00
2023-06-12,8:30pm,AUD,NAB Business Confidence,Medium,-4,,0,2023-06-12 20:30:00
2023-06-13,1:00am,EUR,German Final CPI m/m,Non-economic,-0.1%,-0.1%,-0.1%,2023-06-13 01:00:00
2023-06-13,1:00am,GBP,Claimant Count Change,High,-13.6K,21.4K,23.4K,2023-06-13 01:00:00
2023-06-13,1:00am,GBP,Average Earnings Index 3m/y,Medium,6.5%,6.1%,6.1%,2023-06-13 01:00:00
2023-06-13,1:00am,GBP,Unemployment Rate,Non-economic,3.8%,4.0%,3.9%,2023-06-13 01:00:00
2023-06-13,3:00am,EUR,Italian Quarterly Unemployment Rate,Non-economic,8.0%,7.8%,7.9%,2023-06-13 03:00:00
2023-06-13,3:02am,CNY,New Loans,Medium,1360B,1540B,719B,2023-06-13 03:02:00
2023-06-13,3:02am,CNY,M2 Money Supply y/y,Non-economic,11.6%,12.0%,12.4%,2023-06-13 03:02:00
2023-06-13,4:00am,EUR,German ZEW Economic Sentiment,Medium,-8.5,-13.4,-10.7,2023-06-13 04:00:00
2023-06-13,4:00am,EUR,ZEW Economic Sentiment,Non-economic,-10.0,-12.1,-9.4,2023-06-13 04:00:00
2023-06-13,4:02am,GBP,10-y Bond Auction,Non-economic,4.35|2.3,,4.24|3.0,2023-06-13 04:02:00
2023-06-13,4:54am,USD,NFIB Small Business Index,Non-economic,89.4,88.5,89.0,2023-06-13 04:54:00
2023-06-13,7:30am,USD,Core CPI m/m,High,0.4%,0.4%,0.4%,2023-06-13 07:30:00
2023-06-13,7:30am,USD,CPI m/m,High,0.1%,0.2%,0.4%,2023-06-13 07:30:00
2023-06-13,7:30am,USD,CPI y/y,High,4.0%,4.1%,4.9%,2023-06-13 07:30:00
2023-06-13,8:30am,GBP,CB Leading Index m/m,Non-economic,-0.5%,,-0.6%,2023-06-13 08:30:00
2023-06-13,9:00am,GBP,BOE Gov Bailey Speaks,High,,,,2023-06-13 09:00:00
2023-06-13,10:00am,GBP,MPC Member Dhingra Speaks,Non-economic,,,,2023-06-13 10:00:00
2023-06-13,12:01pm,USD,30-y Bond Auction,Non-economic,3.91|2.5,,3.74|2.4,2023-06-13 12:01:00
2023-06-13,3:30pm,USD,API Weekly Statistical Bulletin,Non-economic,,,,2023-06-13 15:30:00
2023-06-13,5:45pm,NZD,Current Account,Non-economic,-5.22B,-6.95B,-10.07B,2023-06-13 17:45:00
2023-06-13,7:00pm,NZD,FPI m/m,Non-economic,0.3%,,0.5%,2023-06-13 19:00:00
2023-06-14,1:00am,EUR,German WPI m/m,Non-economic,-1.1%,-0.1%,-0.4%,2023-06-14 01:00:00
2023-06-14,1:00am,GBP,GDP m/m,High,0.2%,0.2%,-0.3%,2023-06-14 01:00:00
2023-06-14,1:00am,GBP,Construction Output m/m,Non-economic,-0.6%,0.0%,0.2%,2023-06-14 01:00:00
2023-06-14,1:00am,GBP,Goods Trade Balance,Non-economic,-15.0B,-16.5B,-16.4B,2023-06-14 01:00:00
2023-06-14,1:00am,GBP,Index of Services 3m/3m,Non-economic,-0.1%,-0.1%,0.1%,2023-06-14 01:00:00
2023-06-14,1:00am,GBP,Industrial Production m/m,Non-economic,-0.3%,-0.1%,0.7%,2023-06-14 01:00:00
2023-06-14,1:00am,GBP,Manufacturing Production m/m,Non-economic,-0.3%,-0.1%,0.7%,2023-06-14 01:00:00
2023-06-14,4:00am,EUR,Industrial Production m/m,Non-economic,1.0%,0.8%,-3.8%,2023-06-14 04:00:00
2023-06-14,4:33am,EUR,German 10-y Bond Auction,Non-economic,2.43|1.9,,2.31|2.3,2023-06-14 04:33:00
2023-06-14,6:15am,GBP,NIESR GDP Estimate,Non-economic,0.0%,,0.1%,2023-06-14 06:15:00
2023-06-14,7:30am,USD,Core PPI m/m,High,0.2%,0.2%,0.2%,2023-06-14 07:30:00
2023-06-14,7:30am,USD,PPI m/m,High,-0.3%,-0.1%,0.2%,2023-06-14 07:30:00
2023-06-14,9:30am,USD,Crude Oil Inventories,Non-economic,7.9M,-1.3M,-0.5M,2023-06-14 09:30:00
2023-06-14,1:00pm,USD,Federal Funds Rate,High,5.25%,5.25%,5.25%,2023-06-14 13:00:00
2023-06-14,1:00pm,USD,FOMC Economic Projections,High,,,,2023-06-14 13:00:00
2023-06-14,1:00pm,USD,FOMC Statement,High,,,,2023-06-14 13:00:00
2023-06-14,1:30pm,USD,FOMC Press Conference,High,,,,2023-06-14 13:30:00
2023-06-14,5:45pm,NZD,GDP q/q,High,-0.1%,-0.1%,-0.7%,2023-06-14 17:45:00
2023-06-14,6:50pm,JPY,Core Machinery Orders m/m,Non-economic,5.5%,3.1%,-3.9%,2023-06-14 18:50:00
2023-06-14,6:50pm,JPY,Trade Balance,Non-economic,-0.78T,-0.81T,-1.04T,2023-06-14 18:50:00
2023-06-14,8:00pm,AUD,MI Inflation Expectations,Non-economic,5.2%,,5.0%,2023-06-14 20:00:00
2023-06-14,8:30pm,AUD,Employment Change,High,75.9K,18.6K,-4.0K,2023-06-14 20:30:00
2023-06-14,8:30pm,AUD,Unemployment Rate,High,3.6%,3.7%,3.7%,2023-06-14 20:30:00
2023-06-14,8:30pm,AUD,RBA Bulletin,Non-economic,,,,2023-06-14 20:30:00
2023-06-14,8:30pm,CNY,New Home Prices m/m,Non-economic,0.10%,,0.32%,2023-06-14 20:30:00
2023-06-14,9:00pm,CNY,Industrial Production y/y,High,3.5%,3.5%,5.6%,2023-06-14 21:00:00
2023-06-14,9:00pm,CNY,Retail Sales y/y,Medium,12.7%,13.7%,18.4%,2023-06-14 21:00:00
2023-06-14,9:00pm,CNY,Fixed Asset Investment ytd/y,Non-economic,4.0%,4.4%,4.7%,2023-06-14 21:00:00
2023-06-14,9:00pm,CNY,NBS Press Conference,Non-economic,,,,2023-06-14 21:00:00
2023-06-14,9:00pm,CNY,Unemployment Rate,Non-economic,5.2%,5.2%,5.2%,2023-06-14 21:00:00
2023-06-14,11:30pm,JPY,Tertiary Industry Activity m/m,Non-economic,1.2%,0.5%,-1.5%,2023-06-14 23:30:00
2023-06-15,1:30am,CHF,PPI m/m,Non-economic,-0.3%,0.1%,0.2%,2023-06-15 01:30:00
2023-06-15,1:45am,EUR,French Final CPI m/m,Non-economic,-0.1%,-0.1%,-0.1%,2023-06-15 01:45:00
2023-06-15,2:00am,CHF,SECO Economic Forecasts,Non-economic,,,,2023-06-15 02:00:00
2023-06-15,2:00am,EUR,German Buba President Nagel Speaks,Non-economic,,,,2023-06-15 02:00:00
2023-06-15,4:00am,EUR,Trade Balance,Non-economic,-7.1B,16.8B,14.0B,2023-06-15 04:00:00
2023-06-15,All Day,EUR,Eurogroup Meetings,Non-economic,,,,2023-06-15 00:00:00
2023-06-15,4:54am,CNY,Foreign Direct Investment ytd/y,Non-economic,0.1%,,2.2%,2023-06-15 04:54:00
2023-06-15,7:13am,CAD,Housing Starts,Non-economic,202K,239K,261K,2023-06-15 07:13:00
2023-06-15,7:15am,EUR,Main Refinancing Rate,High,4.00%,4.00%,3.75%,2023-06-15 07:15:00
2023-06-15,7:15am,EUR,Monetary Policy Statement,High,,,,2023-06-15 07:15:00
2023-06-15,7:30am,CAD,Manufacturing Sales m/m,Non-economic,0.3%,-0.2%,0.8%,2023-06-15 07:30:00
2023-06-15,7:30am,USD,Core Retail Sales m/m,High,0.1%,0.1%,0.4%,2023-06-15 07:30:00
2023-06-15,7:30am,USD,Empire State Manufacturing Index,High,6.6,-15.0,-31.8,2023-06-15 07:30:00
2023-06-15,7:30am,USD,Retail Sales m/m,High,0.3%,-0.2%,0.4%,2023-06-15 07:30:00
2023-06-15,7:30am,USD,Unemployment Claims,High,262K,246K,262K,2023-06-15 07:30:00
2023-06-15,7:30am,USD,Philly Fed Manufacturing Index,Medium,-13.7,-13.9,-10.4,2023-06-15 07:30:00
2023-06-15,7:30am,USD,Import Prices m/m,Non-economic,-0.6%,-0.5%,0.3%,2023-06-15 07:30:00
2023-06-15,7:45am,EUR,ECB Press Conference,High,,,,2023-06-15 07:45:00
2023-06-15,8:15am,USD,Industrial Production m/m,Medium,-0.2%,0.1%,0.5%,2023-06-15 08:15:00
2023-06-15,8:15am,USD,Capacity Utilization Rate,Non-economic,79.6%,79.7%,79.8%,2023-06-15 08:15:00
2023-06-15,9:00am,USD,Business Inventories m/m,Non-economic,0.2%,0.2%,-0.2%,2023-06-15 09:00:00
2023-06-15,9:30am,USD,Natural Gas Storage,Non-economic,84B,97B,104B,2023-06-15 09:30:00
2023-06-15,10:35am,GBP,MPC Member Cunliffe Speaks,Non-economic,,,,2023-06-15 10:35:00
2023-06-15,3:00pm,USD,TIC Long-Term Purchases,Non-economic,127.8B,78.7B,205.6B,2023-06-15 15:00:00
2023-06-15,5:30pm,NZD,BusinessNZ Manufacturing Index,Non-economic,48.9,,48.8,2023-06-15 17:30:00
2023-06-15,9:47pm,JPY,Monetary Policy Statement,High,,,,2023-06-15 21:47:00
2023-06-15,9:47pm,JPY,BOJ Policy Rate,Medium,-0.10%,-0.10%,-0.10%,2023-06-15 21:47:00
2023-06-16,1:30am,JPY,BOJ Press Conference,High,,,,2023-06-16 01:30:00
2023-06-16,2:00am,EUR,German Buba President Nagel Speaks,Non-economic,,,,2023-06-16 02:00:00
2023-06-16,3:30am,GBP,Consumer Inflation Expectations,Non-economic,3.5%,,3.9%,2023-06-16 03:30:00
2023-06-16,4:00am,EUR,Final Core CPI y/y,Non-economic,5.3%,5.3%,5.3%,2023-06-16 04:00:00
2023-06-16,4:00am,EUR,Final CPI y/y,Non-economic,6.1%,6.1%,6.1%,2023-06-16 04:00:00
2023-06-16,4:00am,EUR,Italian Trade Balance,Non-economic,0.32B,3.29B,7.62B,2023-06-16 04:00:00
2023-06-16,All Day,EUR,ECOFIN Meetings,Non-economic,,,,2023-06-16 00:00:00
2023-06-16,6:45am,USD,FOMC Member Waller Speaks,Medium,,,,2023-06-16 06:45:00
2023-06-16,7:30am,CAD,Foreign Securities Purchases,Non-economic,13.52B,12.50B,-19.72B,2023-06-16 07:30:00
2023-06-16,7:30am,CAD,Wholesale Sales m/m,Non-economic,-1.4%,1.4%,46.0%,2023-06-16 07:30:00
2023-06-16,9:00am,USD,Prelim UoM Consumer Sentiment,High,63.9,60.1,59.2,2023-06-16 09:00:00
2023-06-16,9:00am,USD,Prelim UoM Inflation Expectations,Medium,3.3%,,4.2%,2023-06-16 09:00:00
2023-06-16,10:00am,USD,Fed Monetary Policy Report,Non-economic,,,,2023-06-16 10:00:00
2023-06-16,1:00pm,USD,Treasury Currency Report,High,,,,2023-06-16 13:00:00
2023-06-18,5:30pm,NZD,BusinessNZ Services Index,Non-economic,53.3,,50.1,2023-06-18 17:30:00
2023-06-18,6:01pm,GBP,Rightmove HPI m/m,Non-economic,0.0%,,1.8%,2023-06-18 18:01:00
2023-06-19,All Day,USD,Bank Holiday,Low,,,,2023-06-19 00:00:00
2023-06-19,7:30am,CAD,IPPI m/m,Non-economic,-1.0%,-0.3%,-0.6%,2023-06-19 07:30:00
2023-06-19,7:30am,CAD,RMPI m/m,Non-economic,-4.9%,1.7%,1.8%,2023-06-19 07:30:00
2023-06-19,9:00am,USD,NAHB Housing Market Index,Non-economic,55,51,50,2023-06-19 09:00:00
2023-06-19,2:23pm,NZD,Westpac Consumer Sentiment,Non-economic,83.1,,77.7,2023-06-19 14:23:00
2023-06-19,8:15pm,CNY,1-y Loan Prime Rate,Medium,3.55%,3.55%,3.65%,2023-06-19 20:15:00
2023-06-19,8:15pm,CNY,5-y Loan Prime Rate,Medium,4.20%,4.20%,4.30%,2023-06-19 20:15:00
2023-06-19,8:30pm,AUD,Monetary Policy Meeting Minutes,Medium,,,,2023-06-19 20:30:00
2023-06-19,8:35pm,AUD,RBA Assist Gov Kent Speaks,Non-economic,,,,2023-06-19 20:35:00
2023-06-19,10:15pm,AUD,RBA Gov Bullock Speaks,Non-economic,,,,2023-06-19 22:15:00
2023-06-19,11:30pm,JPY,Revised Industrial Production m/m,Non-economic,0.7%,-0.4%,-0.4%,2023-06-19 23:30:00
2023-06-20,1:00am,CHF,Trade Balance,Non-economic,5.48B,3.45B,2.56B,2023-06-20 01:00:00
2023-06-20,1:00am,EUR,German PPI m/m,Non-economic,-1.4%,-0.7%,0.3%,2023-06-20 01:00:00
2023-06-20,3:02am,EUR,Current Account,Non-economic,3.6B,27.3B,31.2B,2023-06-20 03:02:00
2023-06-20,7:30am,USD,Building Permits,Non-economic,1.49M,1.42M,1.42M,2023-06-20 07:30:00
2023-06-20,7:30am,USD,Housing Starts,Non-economic,1.63M,1.40M,1.34M,2023-06-20 07:30:00
2023-06-20,9:30am,AUD,CB Leading Index m/m,Non-economic,-0.2%,,-0.2%,2023-06-20 09:30:00
2023-06-20,10:16am,NZD,GDT Price Index,Non-economic,0.0%,,-0.9%,2023-06-20 10:16:00
2023-06-20,10:45am,USD,FOMC Member Williams Speaks,Non-economic,,,,2023-06-20 10:45:00
2023-06-20,6:50pm,JPY,Monetary Policy Meeting Minutes,Non-economic,,,,2023-06-20 18:50:00
2023-06-20,7:30pm,AUD,MI Leading Index m/m,Non-economic,-0.3%,,0.0%,2023-06-20 19:30:00
2023-06-21,1:00am,GBP,PPI Input m/m,Non-economic,-1.5%,-0.5%,0.1%,2023-06-21 01:00:00
2023-06-21,1:00am,GBP,PPI Output m/m,Non-economic,-0.5%,-0.1%,-0.2%,2023-06-21 01:00:00
2023-06-21,1:02am,GBP,CPI y/y,High,8.7%,8.4%,8.7%,2023-06-21 01:02:00
2023-06-21,1:02am,GBP,Core CPI y/y,Non-economic,7.1%,6.8%,6.8%,2023-06-21 01:02:00
2023-06-21,1:02am,GBP,Public Sector Net Borrowing,Non-economic,19.2B,19.9B,22.0B,2023-06-21 01:02:00
2023-06-21,1:02am,GBP,RPI y/y,Non-economic,11.3%,11.2%,11.4%,2023-06-21 01:02:00
2023-06-21,3:30am,GBP,HPI y/y,Non-economic,3.5%,2.6%,4.1%,2023-06-21 03:30:00
2023-06-21,4:38am,EUR,German 30-y Bond Auction,Non-economic,2.37|2.3,,2.53|2.0,2023-06-21 04:38:00
2023-06-21,5:00am,GBP,CBI Industrial Order Expectations,Non-economic,-15,-18,-17,2023-06-21 05:00:00
2023-06-21,7:30am,CAD,Core Retail Sales m/m,Medium,1.3%,0.5%,-0.4%,2023-06-21 07:30:00
2023-06-21,7:30am,CAD,Retail Sales m/m,Medium,1.1%,0.4%,-1.5%,2023-06-21 07:30:00
2023-06-21,7:30am,CAD,NHPI m/m,Non-economic,0.1%,0.0%,-0.1%,2023-06-21 07:30:00
2023-06-21,8:45am,EUR,German Buba President Nagel Speaks,Non-economic,,,,2023-06-21 08:45:00
2023-06-21,9:00am,USD,Fed Chairman Powell Testifies,High,,,,2023-06-21 09:00:00
2023-06-21,9:00am,USD,Fed Gov Nomination Hearings,High,,,,2023-06-21 09:00:00
2023-06-21,9:00am,USD,FOMC Member Cook Speaks,Non-economic,,,,2023-06-21 09:00:00
2023-06-21,9:00am,USD,FOMC Member Jefferson Speaks,Non-economic,,,,2023-06-21 09:00:00
2023-06-21,11:40am,USD,FOMC Member Goolsbee Speaks,Non-economic,,,,2023-06-21 11:40:00
2023-06-21,12:30pm,CAD,BOC Summary of Deliberations,Non-economic,,,,2023-06-21 12:30:00
2023-06-21,3:30pm,USD,API Weekly Statistical Bulletin,Non-economic,,,,2023-06-21 15:30:00
2023-06-21,5:45pm,NZD,Trade Balance,Non-economic,46M,350M,236M,2023-06-21 17:45:00
2023-06-21,All Day,CNY,Bank Holiday,Low,,,,2023-06-21 00:00:00
2023-06-21,10:00pm,NZD,Credit Card Spending y/y,Non-economic,3.3%,,11.0%,2023-06-21 22:00:00
2023-06-21,11:30pm,CHF,SNB Financial Stability Report,Non-economic,,,,2023-06-21 23:30:00
2023-06-22,2:30am,CHF,SNB Monetary Policy Assessment,High,,,,2023-06-22 02:30:00
2023-06-22,2:30am,CHF,SNB Policy Rate,High,1.75%,1.75%,1.50%,2023-06-22 02:30:00
2023-06-22,3:00am,CHF,SNB Press Conference,High,,,,2023-06-22 03:00:00
2023-06-22,3:00am,USD,FOMC Member Waller Speaks,Medium,,,,2023-06-22 03:00:00
2023-06-22,6:00am,GBP,Monetary Policy Summary,High,,,,2023-06-22 06:00:00
2023-06-22,6:00am,GBP,MPC Official Bank Rate Votes,High,7-0-2,7-0-2,7-0-2,2023-06-22 06:00:00
2023-06-22,6:00am,GBP,Official Bank Rate,High,5.00%,4.75%,4.50%,2023-06-22 06:00:00
2023-06-22,6:00am,GBP,BOE Inflation Letter,Non-economic,,,,2023-06-22 06:00:00
2023-06-22,6:15am,GBP,BOE Gov Bailey Speaks,High,,,,2023-06-22 06:15:00
2023-06-22,7:05am,EUR,German Buba President Nagel Speaks,Non-economic,,,,2023-06-22 07:05:00
2023-06-22,7:30am,USD,Unemployment Claims,High,264K,261K,264K,2023-06-22 07:30:00
2023-06-22,7:30am,USD,Current Account,Non-economic,-219B,-214B,-216B,2023-06-22 07:30:00
2023-06-22,8:55am,USD,FOMC Member Bowman Speaks,Non-economic,,,,2023-06-22 08:55:00
2023-06-22,9:00am,EUR,Consumer Confidence,Non-economic,-16,-17,-17,2023-06-22 09:00:00
2023-06-22,9:00am,USD,Fed Chairman Powell Testifies,High,,,,2023-06-22 09:00:00
2023-06-22,9:00am,USD,Existing Home Sales,Medium,4.30M,4.25M,4.29M,2023-06-22 09:00:00
2023-06-22,9:00am,USD,CB Leading Index m/m,Non-economic,-0.7%,-0.8%,-0.6%,2023-06-22 09:00:00
2023-06-22,9:30am,USD,Natural Gas Storage,Non-economic,95B,89B,84B,2023-06-22 09:30:00
2023-06-22,10:00am,USD,Crude Oil Inventories,Non-economic,-3.8M,0.3M,7.9M,2023-06-22 10:00:00
2023-06-22,6:00pm,AUD,Flash Manufacturing PMI,Non-economic,48.6,,48.4,2023-06-22 18:00:00
2023-06-22,6:00pm,AUD,Flash Services PMI,Non-economic,50.7,,52.1,2023-06-22 18:00:00
2023-06-22,6:01pm,GBP,GfK Consumer Confidence,Non-economic,-24,-26,-27,2023-06-22 18:01:00
2023-06-22,6:30pm,JPY,National Core CPI y/y,Non-economic,3.2%,3.1%,3.4%,2023-06-22 18:30:00
2023-06-22,All Day,CNY,Bank Holiday,Low,,,,2023-06-22 00:00:00
2023-06-22,7:30pm,JPY,Flash Manufacturing PMI,Non-economic,49.8,50.2,50.6,2023-06-22 19:30:00
2023-06-23,1:00am,GBP,Retail Sales m/m,Medium,0.3%,-0.2%,0.5%,2023-06-23 01:00:00
2023-06-23,1:45am,EUR,ECB President Lagarde Speaks,Medium,,,,2023-06-23 01:45:00
2023-06-23,2:15am,EUR,French Flash Manufacturing PMI,High,45.5,45.4,45.7,2023-06-23 02:15:00
2023-06-23,2:15am,EUR,French Flash Services PMI,High,48.0,52.2,52.5,2023-06-23 02:15:00
2023-06-23,2:30am,EUR,German Flash Manufacturing PMI,High,41.0,43.6,43.2,2023-06-23 02:30:00
2023-06-23,2:30am,EUR,German Flash Services PMI,High,54.1,56.3,57.2,2023-06-23 02:30:00
2023-06-23,3:00am,EUR,Flash Manufacturing PMI,Medium,43.6,44.8,44.8,2023-06-23 03:00:00
2023-06-23,3:00am,EUR,Flash Services PMI,Medium,52.4,54.4,55.1,2023-06-23 03:00:00
2023-06-23,3:30am,GBP,Flash Manufacturing PMI,High,46.2,46.9,47.1,2023-06-23 03:30:00
2023-06-23,3:30am,GBP,Flash Services PMI,High,53.7,54.8,55.2,2023-06-23 03:30:00
2023-06-23,7:59am,EUR,Belgian NBB Business Climate,Non-economic,-12.1,-10.3,-9.2,2023-06-23 07:59:00
2023-06-23,8:45am,USD,Flash Manufacturing PMI,High,46.3,48.6,48.4,2023-06-23 08:45:00
2023-06-23,8:45am,USD,Flash Services PMI,High,54.1,53.9,54.9,2023-06-23 08:45:00
2023-06-25,8:45am,USD,FOMC Member Williams Speaks,Non-economic,,,,2023-06-25 08:45:00
2023-06-25,6:50pm,JPY,BOJ Summary of Opinions,Non-economic,,,,2023-06-25 18:50:00
2023-06-25,6:50pm,JPY,SPPI y/y,Non-economic,1.6%,1.8%,1.6%,2023-06-25 18:50:00
2023-06-26,3:00am,EUR,German ifo Business Climate,Medium,88.5,90.7,91.5,2023-06-26 03:00:00
2023-06-26,3:50am,CHF,SNB Chairman Jordan Speaks,Medium,,,,2023-06-26 03:50:00
2023-06-26,5:00am,EUR,German Buba Monthly Report,Non-economic,,,,2023-06-26 05:00:00
2023-06-26,5:00am,GBP,CBI Realized Sales,Non-economic,-9,-6,-10,2023-06-26 05:00:00
2023-06-26,9:25am,CHF,Gov Board Member Maechler Speaks,Non-economic,,,,2023-06-26 09:25:00
2023-06-26,12:30pm,EUR,ECB President Lagarde Speaks,Medium,,,,2023-06-26 12:30:00
2023-06-26,6:01pm,GBP,BRC Shop Price Index y/y,Non-economic,8.4%,,9.0%,2023-06-26 18:01:00
2023-06-26,11:59pm,JPY,BOJ Core CPI y/y,Non-economic,3.1%,3.1%,3.0%,2023-06-26 23:59:00
2023-06-27,3:00am,EUR,ECB President Lagarde Speaks,Medium,,,,2023-06-27 03:00:00
2023-06-27,3:15am,GBP,MPC Member Dhingra Speaks,Non-economic,,,,2023-06-27 03:15:00
2023-06-27,3:30am,GBP,MPC Member Tenreyro Speaks,Non-economic,,,,2023-06-27 03:30:00
2023-06-27,4:30am,CAD,Gov Council Member Kozicki Speaks,Non-economic,,,,2023-06-27 04:30:00
2023-06-27,7:30am,CAD,CPI m/m,High,0.4%,0.4%,0.7%,2023-06-27 07:30:00
2023-06-27,7:30am,CAD,Median CPI y/y,High,3.9%,4.0%,4.3%,2023-06-27 07:30:00
2023-06-27,7:30am,CAD,Trimmed CPI y/y,High,3.8%,3.9%,4.2%,2023-06-27 07:30:00
2023-06-27,7:30am,CAD,Common CPI y/y,Medium,5.2%,5.4%,5.7%,2023-06-27 07:30:00
2023-06-27,7:30am,USD,Core Durable Goods Orders m/m,Medium,0.6%,0.0%,-0.3%,2023-06-27 07:30:00
2023-06-27,7:30am,USD,Durable Goods Orders m/m,Medium,1.7%,-0.8%,1.2%,2023-06-27 07:30:00
2023-06-27,7:32am,CAD,Core CPI m/m,Non-economic,0.4%,,0.5%,2023-06-27 07:32:00
2023-06-27,8:00am,CNY,CB Leading Index m/m,Non-economic,-0.1%,,-0.6%,2023-06-27 08:00:00
2023-06-27,8:00am,USD,HPI m/m,Non-economic,0.7%,0.5%,0.5%,2023-06-27 08:00:00
2023-06-27,8:00am,USD,S&P/CS Composite-20 HPI y/y,Non-economic,-1.7%,-2.5%,-1.1%,2023-06-27 08:00:00
2023-06-27,8:59am,USD,Richmond Manufacturing Index,Medium,-7,-12,-15,2023-06-27 08:59:00
2023-06-27,9:00am,USD,CB Consumer Confidence,High,109.7,103.9,102.5,2023-06-27 09:00:00
2023-06-27,9:00am,USD,New Home Sales,Medium,763K,677K,680K,2023-06-27 09:00:00
2023-06-27,3:30pm,USD,API Weekly Statistical Bulletin,Non-economic,,,,2023-06-27 15:30:00
2023-06-27,8:30pm,AUD,CPI y/y,High,5.6%,6.1%,6.8%,2023-06-27 20:30:00
2023-06-28,1:00am,EUR,German GfK Consumer Climate,Non-economic,-25.4,-22.9,-24.4,2023-06-28 01:00:00
2023-06-28,3:00am,CHF,UBS Economic Expectations,Non-economic,-30.8,,-32.2,2023-06-28 03:00:00
2023-06-28,3:00am,EUR,M3 Money Supply y/y,Non-economic,1.4%,1.5%,1.9%,2023-06-28 03:00:00
2023-06-28,3:00am,EUR,Private Loans y/y,Non-economic,2.1%,2.3%,2.5%,2023-06-28 03:00:00
2023-06-28,4:00am,EUR,Italian Prelim CPI m/m,Non-economic,0.0%,0.3%,0.3%,2023-06-28 04:00:00
2023-06-28,5:30am,GBP,MPC Member Pill Speaks,Non-economic,,,,2023-06-28 05:30:00
2023-06-28,7:30am,USD,Goods Trade Balance,Non-economic,-91.1B,-93.3B,-97.1B,2023-06-28 07:30:00
2023-06-28,7:30am,USD,Prelim Wholesale Inventories m/m,Non-economic,-0.1%,-0.1%,-0.1%,2023-06-28 07:30:00
2023-06-28,8:00am,CHF,SNB Quarterly Bulletin,Non-economic,,,,2023-06-28 08:00:00
2023-06-28,8:30am,EUR,ECB President Lagarde Speaks,Medium,,,,2023-06-28 08:30:00
2023-06-28,8:30am,GBP,BOE Gov Bailey Speaks,High,,,,2023-06-28 08:30:00
2023-06-28,8:30am,JPY,BOJ Gov Ueda Speaks,High,,,,2023-06-28 08:30:00
2023-06-28,8:30am,USD,Fed Chairman Powell Speaks,High,,,,2023-06-28 08:30:00
2023-06-28,9:30am,USD,Crude Oil Inventories,Non-economic,-9.6M,-1.4M,-3.8M,2023-06-28 09:30:00
2023-06-28,10:00am,EUR,ECB President Lagarde Speaks,Medium,,,,2023-06-28 10:00:00
2023-06-28,3:30pm,USD,Bank Stress Test Results,Non-economic,,,,2023-06-28 15:30:00
2023-06-28,6:50pm,JPY,Retail Sales y/y,Non-economic,5.7%,5.2%,5.1%,2023-06-28 18:50:00
2023-06-28,8:00pm,NZD,ANZ Business Confidence,Non-economic,-18.0,,-31.1,2023-06-28 20:00:00
2023-06-28,8:30pm,AUD,Retail Sales m/m,Non-economic,0.7%,0.1%,0.0%,2023-06-28 20:30:00
2023-06-28,11:59pm,JPY,Consumer Confidence,Non-economic,36.2,36.2,36.0,2023-06-28 23:59:00
2023-06-29,All Day,EUR,German Prelim CPI m/m,High,0.3%,0.2%,-0.1%,2023-06-29 00:00:00
2023-06-29,1:30am,USD,Fed Chairman Powell Speaks,High,,,,2023-06-29 01:30:00
2023-06-29,2:00am,EUR,Spanish Flash CPI y/y,Medium,1.9%,1.7%,3.2%,2023-06-29 02:00:00
2023-06-29,All Day,EUR,Italian Bank Holiday,Low,,,,2023-06-29 00:00:00
2023-06-29,3:00am,EUR,ECB Economic Bulletin,Non-economic,,,,2023-06-29 03:00:00
2023-06-29,3:30am,GBP,M4 Money Supply m/m,Non-economic,0.2%,0.2%,-0.1%,2023-06-29 03:30:00
2023-06-29,3:30am,GBP,Mortgage Approvals,Non-economic,51K,50K,49K,2023-06-29 03:30:00
2023-06-29,3:30am,GBP,Net Lending to Individuals m/m,Non-economic,1.1B,-0.6B,0.0B,2023-06-29 03:30:00
2023-06-29,7:30am,USD,Final GDP q/q,High,2.0%,1.4%,1.3%,2023-06-29 07:30:00
2023-06-29,7:30am,USD,Final GDP Price Index q/q,Medium,4.1%,4.2%,4.2%,2023-06-29 07:30:00
2023-06-29,7:32am,USD,Unemployment Claims,High,239K,264K,265K,2023-06-29 07:32:00
2023-06-29,9:00am,USD,Pending Home Sales m/m,Medium,-2.7%,-0.5%,-0.4%,2023-06-29 09:00:00
2023-06-29,9:30am,USD,Natural Gas Storage,Non-economic,76B,83B,95B,2023-06-29 09:30:00
2023-06-29,11:30am,GBP,MPC Member Tenreyro Speaks,Non-economic,,,,2023-06-29 11:30:00
2023-06-29,6:30pm,JPY,Tokyo Core CPI y/y,Medium,3.2%,3.4%,3.1%,2023-06-29 18:30:00
2023-06-29,6:30pm,JPY,Unemployment Rate,Non-economic,2.6%,2.6%,2.6%,2023-06-29 18:30:00
2023-06-29,6:50pm,JPY,Prelim Industrial Production m/m,Non-economic,-1.6%,-0.9%,0.7%,2023-06-29 18:50:00
2023-06-29,8:30pm,AUD,Private Sector Credit m/m,Non-economic,0.4%,0.4%,0.6%,2023-06-29 20:30:00
2023-06-29,8:30pm,CNY,Manufacturing PMI,Medium,49.0,49.0,48.8,2023-06-29 20:30:00
2023-06-29,8:30pm,CNY,Non-Manufacturing PMI,Medium,53.2,53.7,54.5,2023-06-29 20:30:00
2023-06-30,12:00am,JPY,Housing Starts y/y,Non-economic,3.5%,-2.6%,-11.9%,2023-06-30 00:00:00
2023-06-30,1:00am,EUR,German Import Prices m/m,Non-economic,-1.4%,-1.5%,-1.7%,2023-06-30 01:00:00
2023-06-30,1:00am,EUR,German Retail Sales m/m,Non-economic,0.4%,0.0%,0.7%,2023-06-30 01:00:00
2023-06-30,1:00am,GBP,Current Account,Non-economic,-10.8B,-9.8B,-2.5B,2023-06-30 01:00:00
2023-06-30,1:00am,GBP,Final GDP q/q,Non-economic,0.1%,0.1%,0.1%,2023-06-30 01:00:00
2023-06-30,1:00am,GBP,Nationwide HPI m/m,Non-economic,0.1%,-0.3%,-0.1%,2023-06-30 01:00:00
2023-06-30,1:00am,GBP,Revised Business Investment q/q,Non-economic,3.3%,0.7%,0.7%,2023-06-30 01:00:00
2023-06-30,1:30am,CHF,Retail Sales y/y,Non-economic,-1.1%,-2.5%,-4.0%,2023-06-30 01:30:00
2023-06-30,1:45am,EUR,French Consumer Spending m/m,Non-economic,0.5%,0.7%,-0.8%,2023-06-30 01:45:00
2023-06-30,1:45am,EUR,French Prelim CPI m/m,Non-economic,0.2%,0.2%,-0.1%,2023-06-30 01:45:00
2023-06-30,2:00am,CHF,KOF Economic Barometer,Non-economic,90.8,89.1,91.4,2023-06-30 02:00:00
2023-06-30,2:55am,EUR,German Unemployment Change,Non-economic,28K,14K,13K,2023-06-30 02:55:00
2023-06-30,3:00am,EUR,Italian Monthly Unemployment Rate,Non-economic,7.6%,7.9%,7.8%,2023-06-30 03:00:00
2023-06-30,4:00am,EUR,Core CPI Flash Estimate y/y,Medium,5.4%,5.5%,5.3%,2023-06-30 04:00:00
2023-06-30,4:00am,EUR,CPI Flash Estimate y/y,Medium,5.5%,5.6%,6.1%,2023-06-30 04:00:00
2023-06-30,4:00am,EUR,Unemployment Rate,Non-economic,6.5%,6.5%,6.5%,2023-06-30 04:00:00
2023-06-30,4:13am,EUR,Italian 10-y Bond Auction,Non-economic,4.13|1.4,,4.24|1.5,2023-06-30 04:13:00
2023-06-30,7:30am,CAD,GDP m/m,High,0.0%,0.2%,0.1%,2023-06-30 07:30:00
2023-06-30,7:30am,USD,Core PCE Price Index m/m,High,0.3%,0.3%,0.4%,2023-06-30 07:30:00
2023-06-30,7:30am,USD,Personal Income m/m,Non-economic,0.4%,0.3%,0.3%,2023-06-30 07:30:00
2023-06-30,7:30am,USD,Personal Spending m/m,Non-economic,0.1%,0.2%,0.6%,2023-06-30 07:30:00
2023-06-30,8:45am,USD,Chicago PMI,Non-economic,41.5,43.6,40.4,2023-06-30 08:45:00
2023-06-30,9:00am,USD,Revised UoM Consumer Sentiment,Medium,64.4,63.9,63.9,2023-06-30 09:00:00
2023-06-30,9:00am,USD,Revised UoM Inflation Expectations,Non-economic,3.3%,,3.3%,2023-06-30 09:00:00
2023-06-30,9:30am,CAD,BOC Business Outlook Survey,Medium,,,,2023-06-30 09:30:00
2023-07-02,5:45pm,NZD,Building Consents m/m,Non-economic,-2.2%,,-2.6%,2023-07-02 17:45:00
2023-07-02,6:50pm,JPY,Tankan Manufacturing Index,Non-economic,5,3,1,2023-07-02 18:50:00
2023-07-02,6:50pm,JPY,Tankan Non-Manufacturing Index,Non-economic,23,22,20,2023-07-02 18:50:00
2023-07-02,7:30pm,JPY,Final Manufacturing PMI,Non-economic,49.8,49.8,49.8,2023-07-02 19:30:00
2023-07-02,8:00pm,AUD,MI Inflation Gauge m/m,Non-economic,0.1%,,0.9%,2023-07-02 20:00:00
2023-07-02,8:30pm,AUD,ANZ Job Advertisements m/m,Non-economic,-2.5%,,0.1%,2023-07-02 20:30:00
2023-07-02,8:30pm,AUD,Building Approvals m/m,Non-economic,20.6%,3.1%,-6.8%,2023-07-02 20:30:00
2023-07-02,8:45pm,CNY,RatingDog Manufacturing PMI,Medium,50.5,50.0,50.9,2023-07-02 20:45:00
2023-07-03,1:30am,AUD,Commodity Prices y/y,Non-economic,-21.5%,,-21.5%,2023-07-03 01:30:00
2023-07-03,1:30am,CHF,CPI m/m,High,0.1%,0.2%,0.3%,2023-07-03 01:30:00
2023-07-03,1:45am,EUR,French Gov Budget Balance,Non-economic,-107.2B,,-83.7B,2023-07-03 01:45:00
2023-07-03,2:15am,EUR,Spanish Manufacturing PMI,Medium,48.0,48.0,48.4,2023-07-03 02:15:00
2023-07-03,2:30am,CHF,Manufacturing PMI,Non-economic,44.9,42.8,43.2,2023-07-03 02:30:00
2023-07-03,2:45am,EUR,Italian Manufacturing PMI,Non-economic,43.8,45.4,45.9,2023-07-03 02:45:00
2023-07-03,2:50am,EUR,French Final Manufacturing PMI,Non-economic,46.0,45.5,45.5,2023-07-03 02:50:00
2023-07-03,2:55am,EUR,German Final Manufacturing PMI,Non-economic,40.6,41.0,41.0,2023-07-03 02:55:00
2023-07-03,3:00am,EUR,Final Manufacturing PMI,Non-economic,43.4,43.6,43.6,2023-07-03 03:00:00
2023-07-03,3:30am,GBP,Final Manufacturing PMI,Non-economic,46.5,46.2,46.2,2023-07-03 03:30:00
2023-07-03,All Day,CAD,Bank Holiday,Low,,,,2023-07-03 00:00:00
2023-07-03,8:45am,USD,Final Manufacturing PMI,Non-economic,46.3,46.3,46.3,2023-07-03 08:45:00
2023-07-03,9:00am,USD,ISM Manufacturing PMI,High,46.0,47.2,46.9,2023-07-03 09:00:00
2023-07-03,9:00am,USD,ISM Manufacturing Prices,Medium,41.8,44.0,44.2,2023-07-03 09:00:00
2023-07-03,9:00am,USD,Construction Spending m/m,Non-economic,0.9%,0.4%,0.4%,2023-07-03 09:00:00
2023-07-03,5:00pm,NZD,NZIER Business Confidence,Non-economic,-63,,-66,2023-07-03 17:00:00
2023-07-03,6:50pm,JPY,Monetary Base y/y,Non-economic,-1.0%,-0.7%,-1.1%,2023-07-03 18:50:00
2023-07-03,10:35pm,JPY,10-y Bond Auction,Non-economic,0.43|4.0,,0.44|3.7,2023-07-03 22:35:00
2023-07-03,11:30pm,AUD,Cash Rate,High,4.10%,4.10%,4.10%,2023-07-03 23:30:00
2023-07-03,11:30pm,AUD,RBA Rate Statement,High,,,,2023-07-03 23:30:00
2023-07-04,1:00am,EUR,German Trade Balance,Non-economic,14.4B,17.3B,16.5B,2023-07-04 01:00:00
2023-07-04,2:00am,EUR,Spanish Unemployment Change,Non-economic,-50.3K,-63.5K,-49.3K,2023-07-04 02:00:00
2023-07-04,4:03am,GBP,30-y Bond Auction,Non-economic,4.39|2.6,,4.48|2.6,2023-07-04 04:03:00
2023-07-04,All Day,USD,Bank Holiday,Low,,,,2023-07-04 00:00:00
2023-07-04,8:30am,CAD,Manufacturing PMI,Non-economic,48.8,,49.0,2023-07-04 08:30:00
2023-07-04,9:15am,NZD,GDT Price Index,Non-economic,-3.3%,,0.0%,2023-07-04 09:15:00
2023-07-04,8:00pm,NZD,ANZ Commodity Prices m/m,Non-economic,-2.3%,,0.4%,2023-07-04 20:00:00
2023-07-04,8:45pm,CNY,RatingDog Services PMI,Medium,53.9,56.2,57.1,2023-07-04 20:45:00
2023-07-05,1:45am,EUR,French Industrial Production m/m,Non-economic,1.2%,-0.3%,0.8%,2023-07-05 01:45:00
2023-07-05,2:15am,EUR,Spanish Services PMI,Non-economic,53.4,55.8,56.7,2023-07-05 02:15:00
2023-07-05,2:45am,EUR,Italian Services PMI,Non-economic,52.2,53.0,54.0,2023-07-05 02:45:00
2023-07-05,2:50am,EUR,French Final Services PMI,Non-economic,48.0,48.0,48.0,2023-07-05 02:50:00
2023-07-05,2:55am,EUR,German Final Services PMI,Non-economic,54.1,54.1,54.1,2023-07-05 02:55:00
2023-07-05,3:00am,EUR,Final Services PMI,Non-economic,52.0,52.4,52.4,2023-07-05 03:00:00
2023-07-05,3:30am,GBP,Final Services PMI,Non-economic,53.7,53.7,53.7,2023-07-05 03:30:00
2023-07-05,4:00am,EUR,PPI m/m,Non-economic,-1.9%,-1.7%,-3.2%,2023-07-05 04:00:00
2023-07-05,4:33am,EUR,German 10-y Bond Auction,Non-economic,2.39|2.2,,2.43|1.9,2023-07-05 04:33:00
2023-07-05,Day 1,All,OPEC Meetings,High,,,,2023-07-05 00:00:00
2023-07-05,9:00am,USD,Factory Orders m/m,Non-economic,0.3%,0.7%,0.3%,2023-07-05 09:00:00
2023-07-05,All Day,USD,Wards Total Vehicle Sales,Non-economic,15.7M,15.3M,15.1M,2023-07-05 00:00:00
2023-07-05,1:00pm,USD,FOMC Meeting Minutes,High,,,,2023-07-05 13:00:00
2023-07-05,3:00pm,USD,FOMC Member Williams Speaks,Non-economic,,,,2023-07-05 15:00:00
2023-07-05,3:30pm,USD,API Weekly Statistical Bulletin,Non-economic,,,,2023-07-05 15:30:00
2023-07-05,8:30pm,AUD,Goods Trade Balance,Medium,11.79B,10.85B,10.45B,2023-07-05 20:30:00
2023-07-05,10:35pm,JPY,30-y Bond Auction,Non-economic,1.22|3.0,,1.26|3.1,2023-07-05 22:35:00
2023-07-06,1:00am,EUR,German Factory Orders m/m,Non-economic,6.4%,1.1%,0.2%,2023-07-06 01:00:00
2023-07-06,3:30am,GBP,Construction PMI,Non-economic,48.9,50.9,51.6,2023-07-06 03:30:00
2023-07-06,3:30am,GBP,Housing Equity Withdrawal q/q,Non-economic,-22.9B,-10.7B,-15.3B,2023-07-06 03:30:00
2023-07-06,3:47am,EUR,Spanish 10-y Bond Auction,Non-economic,3.55|1.5,,3.51|1.4,2023-07-06 03:47:00
2023-07-06,3:58am,EUR,French 10-y Bond Auction,Non-economic,3.04|1.9,,2.85|1.9,2023-07-06 03:58:00
2023-07-06,4:00am,EUR,Retail Sales m/m,Non-economic,0.0%,0.2%,0.0%,2023-07-06 04:00:00
2023-07-06,Day 2,All,OPEC Meetings,High,,,,2023-07-06 00:00:00
2023-07-06,6:30am,USD,Challenger Job Cuts y/y,Non-economic,25.2%,,286.7%,2023-07-06 06:30:00
2023-07-06,7:15am,USD,ADP Non-Farm Employment Change,High,497K,226K,267K,2023-07-06 07:15:00
2023-07-06,7:30am,CAD,Trade Balance,Non-economic,-3.4B,1.4B,0.9B,2023-07-06 07:30:00
2023-07-06,7:30am,USD,Unemployment Claims,High,248K,247K,236K,2023-07-06 07:30:00
2023-07-06,7:30am,USD,Trade Balance,Non-economic,-69.0B,-68.9B,-74.4B,2023-07-06 07:30:00
2023-07-06,7:45am,USD,FOMC Member Logan Speaks,Non-economic,,,,2023-07-06 07:45:00
2023-07-06,8:45am,USD,Final Services PMI,Non-economic,54.4,54.1,54.1,2023-07-06 08:45:00
2023-07-06,9:00am,USD,ISM Services PMI,High,53.9,51.3,50.3,2023-07-06 09:00:00
2023-07-06,9:00am,USD,JOLTS Job Openings,High,9.82M,9.93M,10.32M,2023-07-06 09:00:00
2023-07-06,10:00am,USD,Crude Oil Inventories,Non-economic,-1.5M,-2.0M,-9.6M,2023-07-06 10:00:00
2023-07-06,6:30pm,JPY,Average Cash Earnings y/y,Non-economic,2.5%,1.2%,0.8%,2023-07-06 18:30:00
2023-07-06,6:30pm,JPY,Household Spending y/y,Non-economic,-4.0%,-2.4%,-4.4%,2023-07-06 18:30:00
2023-07-07,12:00am,JPY,Leading Indicators,Non-economic,109.5%,97.5%,96.8%,2023-07-07 00:00:00
2023-07-07,12:45am,CHF,Unemployment Rate,Non-economic,2.0%,2.0%,2.0%,2023-07-07 00:45:00
2023-07-07,1:00am,EUR,German Industrial Production m/m,Non-economic,-0.2%,0.0%,0.3%,2023-07-07 01:00:00
2023-07-07,1:00am,GBP,Halifax HPI m/m,Non-economic,-0.1%,0.1%,-0.2%,2023-07-07 01:00:00
2023-07-07,1:45am,EUR,French Trade Balance,Non-economic,-8.4B,-9.5B,-10.6B,2023-07-07 01:45:00
2023-07-07,2:00am,CHF,Foreign Currency Reserves,Medium,725B,,734B,2023-07-07 02:00:00
2023-07-07,3:00am,EUR,Italian Retail Sales m/m,Non-economic,0.7%,-0.2%,0.2%,2023-07-07 03:00:00
2023-07-07,7:00am,EUR,German Buba President Nagel Speaks,Non-economic,,,,2023-07-07 07:00:00
2023-07-07,7:30am,CAD,Employment Change,High,59.9K,19.8K,-17.3K,2023-07-07 07:30:00
2023-07-07,7:30am,CAD,Unemployment Rate,High,5.4%,5.3%,5.2%,2023-07-07 07:30:00
2023-07-07,7:30am,USD,Average Hourly Earnings m/m,High,0.4%,0.3%,0.4%,2023-07-07 07:30:00
2023-07-07,7:30am,USD,Non-Farm Employment Change,High,209K,224K,306K,2023-07-07 07:30:00
2023-07-07,7:30am,USD,Unemployment Rate,High,3.6%,3.6%,3.7%,2023-07-07 07:30:00
2023-07-07,9:00am,CAD,Ivey PMI,Medium,50.2,51.5,53.5,2023-07-07 09:00:00
2023-07-07,9:30am,GBP,MPC Member Mann Speaks,Non-economic,,,,2023-07-07 09:30:00
2023-07-07,9:30am,USD,Natural Gas Storage,Non-economic,72B,65B,76B,2023-07-07 09:30:00
2023-07-07,11:45am,EUR,ECB President Lagarde Speaks,Medium,,,,2023-07-07 11:45:00
2023-07-09,2:30am,GBP,BOE Gov Bailey Speaks,High,,,,2023-07-09 02:30:00
2023-07-09,6:50pm,JPY,Bank Lending y/y,Non-economic,3.2%,3.5%,3.4%,2023-07-09 18:50:00
2023-07-09,6:50pm,JPY,Current Account,Non-economic,1.70T,1.87T,1.90T,2023-07-09 18:50:00
2023-07-09,8:30pm,CNY,CPI y/y,Medium,0.0%,0.2%,0.2%,2023-07-09 20:30:00
2023-07-09,8:30pm,CNY,PPI y/y,Medium,-5.4%,-5.0%,-4.6%,2023-07-09 20:30:00
2023-07-10,12:00am,JPY,Economy Watchers Sentiment,Non-economic,53.6,54.8,55.0,2023-07-10 00:00:00
2023-07-10,3:30am,EUR,Sentix Investor Confidence,Non-economic,-22.5,-18.0,-17.0,2023-07-10 03:30:00
2023-07-10,7:30am,CAD,Building Permits m/m,Non-economic,10.5%,7.3%,-21.0%,2023-07-10 07:30:00
2023-07-10,9:00am,USD,Final Wholesale Inventories m/m,Non-economic,0.0%,-0.1%,-0.1%,2023-07-10 09:00:00
2023-07-10,9:00am,USD,FOMC Member Barr Speaks,Non-economic,,,,2023-07-10 09:00:00
2023-07-10,10:00am,GBP,BOE Gov Bailey Speaks,High,,,,2023-07-10 10:00:00
2023-07-10,11:00am,EUR,German Buba President Nagel Speaks,Non-economic,,,,2023-07-10 11:00:00
2023-07-10,2:00pm,USD,Consumer Credit m/m,Non-economic,7.2B,21.1B,20.3B,2023-07-10 14:00:00
2023-07-10,6:01pm,GBP,BRC Retail Sales Monitor y/y,Non-economic,4.2%,4.6%,3.7%,2023-07-10 18:01:00
2023-07-10,6:50pm,JPY,M2 Money Stock y/y,Non-economic,2.6%,2.7%,2.6%,2023-07-10 18:50:00
2023-07-10,7:30pm,AUD,Westpac Consumer Sentiment,Non-economic,2.7%,,0.2%,2023-07-10 19:30:00
2023-07-10,8:30pm,AUD,NAB Business Confidence,Medium,0,,-3,2023-07-10 20:30:00
2023-07-10,8:30pm,AUD,Household Spending m/m,Non-economic,0.4%,,-1.1%,2023-07-10 20:30:00
2023-07-11,12:59am,JPY,Prelim Machine Tool Orders y/y,Non-economic,-21.7%,,-22.1%,2023-07-11 00:59:00
2023-07-11,1:00am,EUR,German Final CPI m/m,Non-economic,0.3%,0.3%,0.3%,2023-07-11 01:00:00
2023-07-11,1:00am,GBP,Claimant Count Change,High,25.7K,20.5K,-22.5K,2023-07-11 01:00:00
2023-07-11,1:00am,GBP,Average Earnings Index 3m/y,Medium,6.9%,6.8%,6.7%,2023-07-11 01:00:00
2023-07-11,1:00am,GBP,Unemployment Rate,Non-economic,4.0%,3.8%,3.8%,2023-07-11 01:00:00
2023-07-11,3:00am,EUR,Italian Industrial Production m/m,Non-economic,1.6%,0.6%,-2.0%,2023-07-11 03:00:00
2023-07-11,4:00am,EUR,German ZEW Economic Sentiment,Medium,-14.7,-10.7,-8.5,2023-07-11 04:00:00
2023-07-11,4:00am,EUR,ZEW Economic Sentiment,Non-economic,-12.2,-10.2,-10.0,2023-07-11 04:00:00
2023-07-11,4:30am,CNY,New Loans,Medium,3050B,2300B,1360B,2023-07-11 04:30:00
2023-07-11,4:30am,CNY,M2 Money Supply y/y,Non-economic,11.3%,11.2%,11.6%,2023-07-11 04:30:00
2023-07-11,4:50am,USD,NFIB Small Business Index,Non-economic,91.0,89.9,89.4,2023-07-11 04:50:00
2023-07-11,9:00am,USD,RCM/TIPP Economic Optimism,Non-economic,41.3,45.3,41.7,2023-07-11 09:00:00
2023-07-11,3:30pm,USD,API Weekly Statistical Bulletin,Non-economic,,,,2023-07-11 15:30:00
2023-07-11,5:45pm,NZD,Visitor Arrivals m/m,Non-economic,-27.5%,,-16.9%,2023-07-11 17:45:00
2023-07-11,6:50pm,JPY,Core Machinery Orders m/m,Non-economic,-7.6%,0.9%,5.5%,2023-07-11 18:50:00
2023-07-11,6:50pm,JPY,PPI y/y,Non-economic,4.1%,4.3%,5.2%,2023-07-11 18:50:00
2023-07-11,9:00pm,NZD,Official Cash Rate,High,5.50%,5.50%,5.50%,2023-07-11 21:00:00
2023-07-11,9:00pm,NZD,RBNZ Rate Statement,High,,,,2023-07-11 21:00:00
2023-07-11,10:10pm,AUD,RBA Gov Lowe Speaks,High,,,,2023-07-11 22:10:00
2023-07-12,1:00am,GBP,Bank Stress Test Results,Non-economic,,,,2023-07-12 01:00:00
2023-07-12,1:00am,GBP,BOE Financial Stability Report,Non-economic,,,,2023-07-12 01:00:00
2023-07-12,1:00am,GBP,FPC Meeting Minutes,Non-economic,,,,2023-07-12 01:00:00
2023-07-12,1:00am,GBP,FPC Statement,Non-economic,,,,2023-07-12 01:00:00
2023-07-12,3:00am,GBP,BOE Gov Bailey Speaks,High,,,,2023-07-12 03:00:00
2023-07-12,4:03am,GBP,10-y Bond Auction,Non-economic,4.60|2.7,,4.35|2.3,2023-07-12 04:03:00
2023-07-12,4:35am,EUR,German 10-y Bond Auction,Non-economic,2.64|1.9,,2.39|2.2,2023-07-12 04:35:00
2023-07-12,7:30am,USD,Core CPI m/m,High,0.2%,0.3%,0.4%,2023-07-12 07:30:00
2023-07-12,7:30am,USD,CPI m/m,High,0.2%,0.3%,0.1%,2023-07-12 07:30:00
2023-07-12,7:30am,USD,CPI y/y,High,3.0%,3.1%,4.0%,2023-07-12 07:30:00
2023-07-12,8:30am,GBP,CB Leading Index m/m,Non-economic,-0.4%,,-0.6%,2023-07-12 08:30:00
2023-07-12,8:45am,USD,FOMC Member Kashkari Speaks,Non-economic,,,,2023-07-12 08:45:00
2023-07-12,9:00am,CAD,BOC Monetary Policy Report,High,,,,2023-07-12 09:00:00
2023-07-12,9:00am,CAD,BOC Rate Statement,High,,,,2023-07-12 09:00:00
2023-07-12,9:00am,CAD,Overnight Rate,High,5.00%,5.00%,4.75%,2023-07-12 09:00:00
2023-07-12,9:30am,USD,Crude Oil Inventories,Non-economic,5.9M,-1.1M,-1.5M,2023-07-12 09:30:00
2023-07-12,10:00am,CAD,BOC Press Conference,High,,,,2023-07-12 10:00:00
2023-07-12,12:01pm,USD,10-y Bond Auction,Medium,3.86|2.5,,3.79|2.4,2023-07-12 12:01:00
2023-07-12,1:00pm,USD,Beige Book,Non-economic,,,,2023-07-12 13:00:00
2023-07-12,5:30pm,NZD,BusinessNZ Manufacturing Index,Non-economic,47.5,,48.7,2023-07-12 17:30:00
2023-07-12,5:45pm,NZD,FPI m/m,Non-economic,1.6%,,0.3%,2023-07-12 17:45:00
2023-07-12,6:01pm,GBP,RICS House Price Balance,Non-economic,-46%,-35%,-30%,2023-07-12 18:01:00
2023-07-12,8:00pm,AUD,MI Inflation Expectations,Non-economic,5.2%,,5.2%,2023-07-12 20:00:00
2023-07-12,10:49pm,CNY,Trade Balance,Non-economic,491B,470B,452B,2023-07-12 22:49:00
2023-07-12,10:50pm,CNY,USD-Denominated Trade Balance,Non-economic,70.6B,74.0B,65.8B,2023-07-12 22:50:00
2023-07-13,1:00am,GBP,GDP m/m,High,-0.1%,-0.3%,0.2%,2023-07-13 01:00:00
2023-07-13,1:00am,GBP,Construction Output m/m,Non-economic,-0.2%,-0.5%,-0.9%,2023-07-13 01:00:00
2023-07-13,1:00am,GBP,Goods Trade Balance,Non-economic,-18.7B,-14.9B,-14.6B,2023-07-13 01:00:00
2023-07-13,1:00am,GBP,Index of Services 3m/3m,Non-economic,0.0%,-0.2%,0.0%,2023-07-13 01:00:00
2023-07-13,1:00am,GBP,Industrial Production m/m,Non-economic,-0.6%,-0.4%,-0.2%,2023-07-13 01:00:00
2023-07-13,1:00am,GBP,Manufacturing Production m/m,Non-economic,-0.2%,-0.5%,-0.1%,2023-07-13 01:00:00
2023-07-13,1:45am,EUR,French Final CPI m/m,Non-economic,0.2%,0.2%,0.2%,2023-07-13 01:45:00
2023-07-13,3:30am,GBP,BOE Credit Conditions Survey,Non-economic,,,,2023-07-13 03:30:00
2023-07-13,4:00am,EUR,Industrial Production m/m,Non-economic,0.2%,0.3%,1.0%,2023-07-13 04:00:00
2023-07-13,All Day,EUR,Eurogroup Meetings,Non-economic,,,,2023-07-13 00:00:00
2023-07-13,6:30am,EUR,ECB Monetary Policy Meeting Accounts,Non-economic,,,,2023-07-13 06:30:00
2023-07-13,7:20am,GBP,NIESR GDP Estimate,Non-economic,0.0%,,0.0%,2023-07-13 07:20:00
2023-07-13,7:30am,USD,Core PPI m/m,High,0.1%,0.2%,0.1%,2023-07-13 07:30:00
2023-07-13,7:30am,USD,PPI m/m,High,0.1%,0.2%,-0.4%,2023-07-13 07:30:00
2023-07-13,7:30am,USD,Unemployment Claims,High,237K,251K,249K,2023-07-13 07:30:00
2023-07-13,9:30am,USD,Natural Gas Storage,Non-economic,49B,49B,72B,2023-07-13 09:30:00
2023-07-13,12:01pm,USD,30-y Bond Auction,Non-economic,3.91|2.4,,3.91|2.5,2023-07-13 12:01:00
2023-07-13,1:00pm,USD,Federal Budget Balance,Non-economic,-227.8B,-173.5B,-240.3B,2023-07-13 13:00:00
2023-07-13,All Day,NZD,Bank Holiday,Low,,,,2023-07-13 00:00:00
2023-07-13,5:45pm,USD,FOMC Member Waller Speaks,Medium,,,,2023-07-13 17:45:00
2023-07-13,11:30pm,JPY,Revised Industrial Production m/m,Non-economic,-2.2%,-1.6%,-1.6%,2023-07-13 23:30:00
2023-07-13,Day 1,All,G20 Meetings,Medium,,,,2023-07-13 00:00:00
2023-07-14,1:00am,EUR,German WPI m/m,Non-economic,-0.2%,-0.5%,-1.1%,2023-07-14 01:00:00
2023-07-14,1:30am,CHF,PPI m/m,Non-economic,0.0%,0.2%,-0.3%,2023-07-14 01:30:00
2023-07-14,All Day,EUR,French Bank Holiday,Low,,,,2023-07-14 00:00:00
2023-07-14,3:00am,EUR,Italian Trade Balance,Non-economic,4.71B,1.45B,0.36B,2023-07-14 03:00:00
2023-07-14,4:00am,EUR,Trade Balance,Non-economic,-0.9B,-10.3B,-8.0B,2023-07-14 04:00:00
2023-07-14,All Day,EUR,ECOFIN Meetings,Non-economic,,,,2023-07-14 00:00:00
2023-07-14,7:30am,CAD,Manufacturing Sales m/m,Non-economic,1.2%,0.8%,-0.1%,2023-07-14 07:30:00
2023-07-14,7:30am,USD,Import Prices m/m,Non-economic,-0.2%,-0.1%,-0.4%,2023-07-14 07:30:00
2023-07-14,9:00am,USD,Prelim UoM Consumer Sentiment,High,72.6,65.5,64.4,2023-07-14 09:00:00
2023-07-14,9:00am,USD,Prelim UoM Inflation Expectations,Medium,3.4%,,3.3%,2023-07-14 09:00:00
2023-07-14,8:30pm,CNY,New Home Prices m/m,Non-economic,-0.06%,,0.10%,2023-07-14 20:30:00
2023-07-14,Day 2,All,G20 Meetings,Medium,,,,2023-07-14 00:00:00
2023-07-15,Day 3,All,G20 Meetings,Medium,,,,2023-07-15 00:00:00
2023-07-15,All Day,All,G7 Meetings,Non-economic,,,,2023-07-15 00:00:00
2023-07-16,5:30pm,NZD,BusinessNZ Services Index,Non-economic,50.1,,53.1,2023-07-16 17:30:00
2023-07-16,6:01pm,GBP,Rightmove HPI m/m,Non-economic,-0.2%,,0.0%,2023-07-16 18:01:00
2023-07-16,All Day,JPY,Bank Holiday,Low,,,,2023-07-16 00:00:00
2023-07-16,9:00pm,CNY,GDP q/y,High,6.3%,7.1%,4.5%,2023-07-16 21:00:00
2023-07-16,9:00pm,CNY,Industrial Production y/y,High,4.4%,2.5%,3.5%,2023-07-16 21:00:00
2023-07-16,9:00pm,CNY,Retail Sales y/y,Medium,3.1%,3.4%,12.7%,2023-07-16 21:00:00
2023-07-16,9:00pm,CNY,Fixed Asset Investment ytd/y,Non-economic,3.8%,3.4%,4.0%,2023-07-16 21:00:00
2023-07-16,9:00pm,CNY,NBS Press Conference,Non-economic,,,,2023-07-16 21:00:00
2023-07-16,9:00pm,CNY,Unemployment Rate,Non-economic,5.2%,5.2%,5.2%,2023-07-16 21:00:00
2023-07-16,Day 4,All,G20 Meetings,Medium,,,,2023-07-16 00:00:00
2023-07-17,3:15am,EUR,ECB President Lagarde Speaks,Medium,,,,2023-07-17 03:15:00
2023-07-17,5:00am,EUR,German Buba Monthly Report,Non-economic,,,,2023-07-17 05:00:00
2023-07-17,7:30am,CAD,Foreign Securities Purchases,Non-economic,11.16B,9.95B,12.78B,2023-07-17 07:30:00
2023-07-17,7:30am,CAD,Wholesale Sales m/m,Non-economic,3.5%,1.1%,-1.4%,2023-07-17 07:30:00
2023-07-17,7:30am,USD,Empire State Manufacturing Index,High,1.1,-3.5,6.6,2023-07-17 07:30:00
2023-07-17,8:30pm,AUD,Monetary Policy Meeting Minutes,High,,,,2023-07-17 20:30:00
2023-07-17,11:30pm,JPY,Tertiary Industry Activity m/m,Non-economic,1.2%,0.4%,0.9%,2023-07-17 23:30:00
2023-07-17,Day 5,All,G20 Meetings,Medium,,,,2023-07-17 00:00:00
2023-07-18,4:03am,GBP,30-y Bond Auction,Non-economic,4.48|2.3,,4.39|2.6,2023-07-18 04:03:00
2023-07-18,7:13am,CAD,Housing Starts,Non-economic,281K,221K,200K,2023-07-18 07:13:00
2023-07-18,7:30am,CAD,CPI m/m,High,0.1%,0.3%,0.4%,2023-07-18 07:30:00
2023-07-18,7:30am,CAD,Median CPI y/y,High,3.9%,3.7%,4.0%,2023-07-18 07:30:00
2023-07-18,7:30am,CAD,Trimmed CPI y/y,High,3.7%,3.6%,3.8%,2023-07-18 07:30:00
2023-07-18,7:30am,CAD,Common CPI y/y,Medium,5.1%,5.0%,5.2%,2023-07-18 07:30:00
2023-07-18,7:30am,CAD,IPPI m/m,Non-economic,-0.6%,-0.2%,-0.6%,2023-07-18 07:30:00
2023-07-18,7:30am,CAD,RMPI m/m,Non-economic,-1.5%,-0.3%,-5.0%,2023-07-18 07:30:00
2023-07-18,7:30am,USD,Core Retail Sales m/m,High,0.2%,0.4%,0.3%,2023-07-18 07:30:00
2023-07-18,7:30am,USD,Retail Sales m/m,High,0.2%,0.5%,0.5%,2023-07-18 07:30:00
2023-07-18,7:32am,CAD,Core CPI m/m,Non-economic,-0.1%,,0.4%,2023-07-18 07:32:00
2023-07-18,8:15am,USD,Industrial Production m/m,Medium,-0.5%,0.0%,-0.5%,2023-07-18 08:15:00
2023-07-18,8:15am,USD,Capacity Utilization Rate,Non-economic,78.9%,79.5%,79.4%,2023-07-18 08:15:00
2023-07-18,9:00am,USD,Business Inventories m/m,Non-economic,0.2%,0.2%,0.1%,2023-07-18 09:00:00
2023-07-18,9:00am,USD,FOMC Member Barr Speaks,Non-economic,,,,2023-07-18 09:00:00
2023-07-18,9:00am,USD,NAHB Housing Market Index,Non-economic,56,56,55,2023-07-18 09:00:00
2023-07-18,9:17am,NZD,GDT Price Index,Non-economic,-1.0%,,-3.3%,2023-07-18 09:17:00
2023-07-18,9:30am,AUD,CB Leading Index m/m,Non-economic,0.1%,,-0.3%,2023-07-18 09:30:00
2023-07-18,3:00pm,USD,TIC Long-Term Purchases,Non-economic,25.8B,110.7B,127.8B,2023-07-18 15:00:00
2023-07-18,3:30pm,USD,API Weekly Statistical Bulletin,Non-economic,,,,2023-07-18 15:30:00
2023-07-18,5:45pm,NZD,CPI q/q,High,1.1%,0.9%,1.2%,2023-07-18 17:45:00
2023-07-18,7:33pm,AUD,MI Leading Index m/m,Non-economic,0.1%,,-0.3%,2023-07-18 19:33:00
2023-07-19,12:06am,CNY,Foreign Direct Investment ytd/y,Non-economic,-2.7%,,0.1%,2023-07-19 00:06:00
2023-07-19,1:00am,GBP,CPI y/y,High,7.9%,8.2%,8.7%,2023-07-19 01:00:00
2023-07-19,1:00am,GBP,Core CPI y/y,Non-economic,6.9%,7.1%,7.1%,2023-07-19 01:00:00
2023-07-19,1:00am,GBP,PPI Input m/m,Non-economic,-1.3%,-0.3%,-1.2%,2023-07-19 01:00:00
2023-07-19,1:00am,GBP,PPI Output m/m,Non-economic,-0.3%,-0.3%,-0.6%,2023-07-19 01:00:00
2023-07-19,1:00am,GBP,RPI y/y,Non-economic,10.7%,10.9%,11.3%,2023-07-19 01:00:00
2023-07-19,3:30am,GBP,HPI y/y,Non-economic,1.9%,3.3%,3.2%,2023-07-19 03:30:00
2023-07-19,4:00am,EUR,Final Core CPI y/y,Non-economic,5.5%,5.4%,5.4%,2023-07-19 04:00:00
2023-07-19,4:00am,EUR,Final CPI y/y,Non-economic,5.5%,5.5%,5.5%,2023-07-19 04:00:00
2023-07-19,4:47am,EUR,German 30-y Bond Auction,Non-economic,2.40|2.0,,2.37|2.3,2023-07-19 04:47:00
2023-07-19,7:30am,USD,Housing Starts,High,1.43M,1.48M,1.56M,2023-07-19 07:30:00
2023-07-19,7:30am,USD,Building Permits,Medium,1.44M,1.49M,1.50M,2023-07-19 07:30:00
2023-07-19,9:30am,USD,Crude Oil Inventories,Non-economic,-0.7M,-2.0M,5.9M,2023-07-19 09:30:00
2023-07-19,11:00am,GBP,MPC Member Ramsden Speaks,Non-economic,,,,2023-07-19 11:00:00
2023-07-19,7:05pm,JPY,Trade Balance,Non-economic,-0.55T,-0.66T,-0.77T,2023-07-19 19:05:00
2023-07-19,8:15pm,CNY,1-y Loan Prime Rate,Medium,3.55%,3.55%,3.55%,2023-07-19 20:15:00
2023-07-19,8:15pm,CNY,5-y Loan Prime Rate,Medium,4.20%,4.20%,4.20%,2023-07-19 20:15:00
2023-07-19,8:30pm,AUD,Employment Change,High,32.6K,15.4K,76.5K,2023-07-19 20:30:00
2023-07-19,8:30pm,AUD,Unemployment Rate,High,3.5%,3.6%,3.5%,2023-07-19 20:30:00
2023-07-19,8:30pm,AUD,NAB Quarterly Business Confidence,Non-economic,-3,,-4,2023-07-19 20:30:00
2023-07-20,1:00am,CHF,Trade Balance,Non-economic,4.82B,4.23B,5.44B,2023-07-20 01:00:00
2023-07-20,1:00am,EUR,German PPI m/m,Non-economic,-0.3%,-0.4%,-1.4%,2023-07-20 01:00:00
2023-07-20,3:00am,EUR,Current Account,Non-economic,9.1B,2.5B,3.8B,2023-07-20 03:00:00
2023-07-20,7:30am,USD,Unemployment Claims,High,228K,239K,237K,2023-07-20 07:30:00
2023-07-20,7:30am,USD,Philly Fed Manufacturing Index,Medium,-13.5,-10.1,-13.7,2023-07-20 07:30:00
2023-07-20,9:00am,USD,Existing Home Sales,Medium,4.16M,4.21M,4.30M,2023-07-20 09:00:00
2023-07-20,9:00am,USD,CB Leading Index m/m,Non-economic,-0.7%,-0.6%,-0.6%,2023-07-20 09:00:00
2023-07-20,9:02am,EUR,Consumer Confidence,Non-economic,-15,-16,-16,2023-07-20 09:02:00
2023-07-20,9:30am,USD,Natural Gas Storage,Non-economic,41B,45B,49B,2023-07-20 09:30:00
2023-07-20,6:01pm,GBP,GfK Consumer Confidence,Non-economic,-30,-25,-24,2023-07-20 18:01:00
2023-07-20,6:30pm,JPY,National Core CPI y/y,Medium,3.3%,3.3%,3.2%,2023-07-20 18:30:00
2023-07-21,1:00am,GBP,Retail Sales m/m,Medium,0.7%,0.2%,0.1%,2023-07-21 01:00:00
2023-07-21,1:00am,GBP,Public Sector Net Borrowing,Non-economic,17.7B,20.7B,15.8B,2023-07-21 01:00:00
2023-07-21,7:30am,CAD,Core Retail Sales m/m,Medium,0.0%,0.2%,1.2%,2023-07-21 07:30:00
2023-07-21,7:30am,CAD,Retail Sales m/m,Medium,0.2%,0.5%,1.0%,2023-07-21 07:30:00
2023-07-21,7:30am,CAD,NHPI m/m,Non-economic,0.1%,0.0%,0.1%,2023-07-21 07:30:00
2023-07-23,All Day,EUR,Spanish Parliamentary Election,Medium,,,,2023-07-23 00:00:00
2023-07-23,5:45pm,NZD,Trade Balance,Non-economic,9M,235M,52M,2023-07-23 17:45:00
2023-07-23,6:00pm,AUD,Flash Manufacturing PMI,Non-economic,49.6,,48.2,2023-07-23 18:00:00
2023-07-23,6:00pm,AUD,Flash Services PMI,Non-economic,48.0,,50.3,2023-07-23 18:00:00
2023-07-23,7:30pm,JPY,Flash Manufacturing PMI,Non-economic,49.4,50.1,49.8,2023-07-23 19:30:00
2023-07-23,10:00pm,NZD,Credit Card Spending y/y,Non-economic,5.0%,,3.4%,2023-07-23 22:00:00
2023-07-24,2:15am,EUR,French Flash Manufacturing PMI,High,44.5,46.1,46.0,2023-07-24 02:15:00
2023-07-24,2:15am,EUR,French Flash Services PMI,High,47.4,48.5,48.0,2023-07-24 02:15:00
2023-07-24,2:30am,EUR,German Flash Manufacturing PMI,High,38.8,40.9,40.6,2023-07-24 02:30:00
2023-07-24,2:30am,EUR,German Flash Services PMI,High,52.0,53.2,54.1,2023-07-24 02:30:00
2023-07-24,3:00am,EUR,Flash Manufacturing PMI,Medium,42.7,43.5,43.4,2023-07-24 03:00:00
2023-07-24,3:00am,EUR,Flash Services PMI,Medium,51.1,51.7,52.0,2023-07-24 03:00:00
2023-07-24,3:30am,GBP,Flash Manufacturing PMI,High,45.0,46.1,46.5,2023-07-24 03:30:00
2023-07-24,3:30am,GBP,Flash Services PMI,High,51.5,53.1,53.7,2023-07-24 03:30:00
2023-07-24,8:45am,USD,Flash Manufacturing PMI,High,49.0,46.1,46.3,2023-07-24 08:45:00
2023-07-24,8:45am,USD,Flash Services PMI,High,52.4,54.0,54.4,2023-07-24 08:45:00
2023-07-25,12:00am,JPY,BOJ Core CPI y/y,Non-economic,3.0%,3.0%,3.1%,2023-07-25 00:00:00
2023-07-25,3:00am,EUR,German ifo Business Climate,Medium,87.3,88.0,88.6,2023-07-25 03:00:00
2023-07-25,5:00am,GBP,CBI Industrial Order Expectations,Non-economic,-9,-17,-15,2023-07-25 05:00:00
2023-07-25,7:58am,EUR,Belgian NBB Business Climate,Non-economic,-14.8,-10.0,-12.1,2023-07-25 07:58:00
2023-07-25,8:00am,USD,HPI m/m,Non-economic,0.7%,0.6%,0.7%,2023-07-25 08:00:00
2023-07-25,8:00am,USD,S&P/CS Composite-20 HPI y/y,Non-economic,-1.7%,-2.3%,-1.7%,2023-07-25 08:00:00
2023-07-25,9:00am,USD,CB Consumer Confidence,High,117.0,112.1,110.1,2023-07-25 09:00:00
2023-07-25,9:00am,USD,Richmond Manufacturing Index,Medium,-9,-9,-7,2023-07-25 09:00:00
2023-07-25,3:30pm,USD,API Weekly Statistical Bulletin,Non-economic,,,,2023-07-25 15:30:00
2023-07-25,6:50pm,JPY,SPPI y/y,Non-economic,1.2%,1.5%,1.7%,2023-07-25 18:50:00
2023-07-25,8:30pm,AUD,CPI m/m,High,0.8%,1.0%,1.4%,2023-07-25 20:30:00
2023-07-25,8:30pm,AUD,CPI y/y,High,5.4%,5.4%,5.6%,2023-07-25 20:30:00
2023-07-25,8:30pm,AUD,Trimmed Mean CPI m/m,High,0.9%,1.1%,1.2%,2023-07-25 20:30:00
2023-07-26,3:00am,CHF,UBS Economic Expectations,Non-economic,-32.6,,-30.8,2023-07-26 03:00:00
2023-07-26,3:00am,EUR,M3 Money Supply y/y,Non-economic,0.6%,0.9%,1.4%,2023-07-26 03:00:00
2023-07-26,3:00am,EUR,Private Loans y/y,Non-economic,1.7%,2.0%,2.1%,2023-07-26 03:00:00
2023-07-26,8:00am,CNY,CB Leading Index m/m,Non-economic,0.1%,,0.0%,2023-07-26 08:00:00
2023-07-26,9:00am,USD,New Home Sales,Medium,697K,726K,715K,2023-07-26 09:00:00
2023-07-26,9:30am,USD,Crude Oil Inventories,Non-economic,-0.6M,-2.2M,-0.7M,2023-07-26 09:30:00
2023-07-26,12:30pm,CAD,BOC Summary of Deliberations,Non-economic,,,,2023-07-26 12:30:00
2023-07-26,1:00pm,USD,Federal Funds Rate,High,5.50%,5.50%,5.25%,2023-07-26 13:00:00
2023-07-26,1:00pm,USD,FOMC Statement,High,,,,2023-07-26 13:00:00
2023-07-26,1:30pm,USD,FOMC Press Conference,High,,,,2023-07-26 13:30:00
2023-07-26,8:30pm,AUD,Import Prices q/q,Non-economic,-0.8%,-0.8%,-4.2%,2023-07-26 20:30:00
2023-07-27,1:00am,EUR,German GfK Consumer Climate,Non-economic,-24.4,-24.8,-25.2,2023-07-27 01:00:00
2023-07-27,2:00am,EUR,Spanish Unemployment Rate,Non-economic,11.6%,13.0%,13.3%,2023-07-27 02:00:00
2023-07-27,4:13am,EUR,Italian 10-y Bond Auction,Non-economic,4.10|1.4,,4.13|1.4,2023-07-27 04:13:00
2023-07-27,5:00am,GBP,CBI Realized Sales,Non-economic,-25,-9,-9,2023-07-27 05:00:00
2023-07-27,7:15am,EUR,Main Refinancing Rate,High,4.25%,4.25%,4.00%,2023-07-27 07:15:00
2023-07-27,7:15am,EUR,Monetary Policy Statement,High,,,,2023-07-27 07:15:00
2023-07-27,7:30am,USD,Advance GDP q/q,High,2.4%,1.8%,2.0%,2023-07-27 07:30:00
2023-07-27,7:30am,USD,Unemployment Claims,High,221K,234K,228K,2023-07-27 07:30:00
2023-07-27,7:30am,USD,Advance GDP Price Index q/q,Medium,2.2%,3.0%,4.1%,2023-07-27 07:30:00
2023-07-27,7:30am,USD,Core Durable Goods Orders m/m,Medium,0.6%,0.1%,0.7%,2023-07-27 07:30:00
2023-07-27,7:30am,USD,Durable Goods Orders m/m,Medium,4.7%,1.3%,1.8%,2023-07-27 07:30:00
2023-07-27,7:30am,USD,Goods Trade Balance,Non-economic,-87.8B,-91.8B,-91.9B,2023-07-27 07:30:00
2023-07-27,7:30am,USD,Prelim Wholesale Inventories m/m,Non-economic,-0.3%,-0.1%,0.0%,2023-07-27 07:30:00
2023-07-27,7:45am,EUR,ECB Press Conference,High,,,,2023-07-27 07:45:00
2023-07-27,9:00am,USD,Pending Home Sales m/m,Medium,0.3%,-0.5%,-2.5%,2023-07-27 09:00:00
2023-07-27,9:30am,USD,Natural Gas Storage,Non-economic,16B,12B,41B,2023-07-27 09:30:00
2023-07-27,6:30pm,JPY,Tokyo Core CPI y/y,Medium,3.0%,2.9%,3.2%,2023-07-27 18:30:00
2023-07-27,8:30pm,AUD,PPI q/q,Non-economic,0.5%,0.9%,1.0%,2023-07-27 20:30:00
2023-07-27,8:30pm,AUD,Retail Sales m/m,Non-economic,-0.8%,0.0%,0.8%,2023-07-27 20:30:00
2023-07-27,10:28pm,JPY,BOJ Outlook Report,High,,,,2023-07-27 22:28:00
2023-07-27,10:28pm,JPY,Monetary Policy Statement,High,,,,2023-07-27 22:28:00
2023-07-27,10:28pm,JPY,BOJ Policy Rate,Medium,-0.10%,-0.10%,-0.10%,2023-07-27 22:28:00
2023-07-28,12:30am,EUR,French Consumer Spending m/m,Non-economic,0.9%,-0.7%,0.6%,2023-07-28 00:30:00
2023-07-28,12:30am,EUR,French Flash GDP q/q,Non-economic,0.5%,0.1%,0.1%,2023-07-28 00:30:00
2023-07-28,All Day,EUR,German Prelim CPI m/m,High,0.3%,0.3%,0.3%,2023-07-28 00:00:00
2023-07-28,1:30am,CHF,Retail Sales y/y,Non-economic,1.8%,-0.7%,-0.9%,2023-07-28 01:30:00
2023-07-28,1:30am,JPY,BOJ Press Conference,High,,,,2023-07-28 01:30:00
2023-07-28,1:45am,EUR,French Prelim CPI m/m,Non-economic,0.0%,0.0%,0.2%,2023-07-28 01:45:00
2023-07-28,2:00am,CHF,KOF Economic Barometer,Non-economic,92.2,90.0,90.7,2023-07-28 02:00:00
2023-07-28,2:00am,EUR,Spanish Flash CPI y/y,Medium,2.3%,1.7%,1.9%,2023-07-28 02:00:00
2023-07-28,2:00am,EUR,Spanish Flash GDP q/q,Non-economic,0.4%,0.4%,0.6%,2023-07-28 02:00:00
2023-07-28,3:00am,EUR,German Prelim GDP q/q,Non-economic,0.0%,0.1%,-0.3%,2023-07-28 03:00:00
2023-07-28,7:30am,CAD,GDP m/m,High,0.3%,0.3%,0.1%,2023-07-28 07:30:00
2023-07-28,7:30am,USD,Core PCE Price Index m/m,High,0.2%,0.2%,0.3%,2023-07-28 07:30:00
2023-07-28,7:30am,USD,Employment Cost Index q/q,High,1.0%,1.1%,1.2%,2023-07-28 07:30:00
2023-07-28,7:30am,USD,Personal Income m/m,Non-economic,0.3%,0.5%,0.5%,2023-07-28 07:30:00
2023-07-28,7:30am,USD,Personal Spending m/m,Non-economic,0.5%,0.4%,0.2%,2023-07-28 07:30:00
2023-07-28,9:00am,USD,Revised UoM Consumer Sentiment,High,71.6,72.6,72.6,2023-07-28 09:00:00
2023-07-28,9:00am,USD,Revised UoM Inflation Expectations,Non-economic,3.4%,,3.4%,2023-07-28 09:00:00
2023-07-30,6:50pm,JPY,Prelim Industrial Production m/m,Non-economic,2.0%,2.5%,-2.2%,2023-07-30 18:50:00
2023-07-30,6:50pm,JPY,Retail Sales y/y,Non-economic,5.9%,5.4%,5.8%,2023-07-30 18:50:00
2023-07-30,8:00pm,AUD,MI Inflation Gauge m/m,Non-economic,0.8%,,0.1%,2023-07-30 20:00:00
2023-07-30,8:00pm,NZD,ANZ Business Confidence,Non-economic,-13.1,,-18.0,2023-07-30 20:00:00
2023-07-30,8:30pm,AUD,Private Sector Credit m/m,Non-economic,0.2%,0.4%,0.4%,2023-07-30 20:30:00
2023-07-30,8:30pm,CNY,Manufacturing PMI,High,49.3,48.9,49.0,2023-07-30 20:30:00
2023-07-30,8:30pm,CNY,Non-Manufacturing PMI,Medium,51.5,52.9,53.2,2023-07-30 20:30:00
2023-07-31,12:00am,JPY,Consumer Confidence,Non-economic,37.1,36.1,36.2,2023-07-31 00:00:00
2023-07-31,12:00am,JPY,Housing Starts y/y,Non-economic,-4.8%,-0.4%,3.5%,2023-07-31 00:00:00
2023-07-31,1:00am,EUR,German Import Prices m/m,Non-economic,-1.6%,-0.8%,-1.4%,2023-07-31 01:00:00
2023-07-31,1:00am,EUR,German Retail Sales m/m,Non-economic,-0.8%,-0.3%,1.9%,2023-07-31 01:00:00
2023-07-31,3:00am,EUR,Italian Prelim GDP q/q,Non-economic,-0.3%,0.0%,0.6%,2023-07-31 03:00:00
2023-07-31,3:30am,GBP,M4 Money Supply m/m,Non-economic,-0.1%,0.5%,0.3%,2023-07-31 03:30:00
2023-07-31,3:30am,GBP,Mortgage Approvals,Non-economic,55K,49K,51K,2023-07-31 03:30:00
2023-07-31,3:30am,GBP,Net Lending to Individuals m/m,Non-economic,1.8B,1.3B,1.0B,2023-07-31 03:30:00
2023-07-31,4:00am,EUR,Core CPI Flash Estimate y/y,Medium,5.5%,5.4%,5.5%,2023-07-31 04:00:00
2023-07-31,4:00am,EUR,CPI Flash Estimate y/y,Medium,5.3%,5.3%,5.5%,2023-07-31 04:00:00
2023-07-31,4:00am,EUR,Italian Prelim CPI m/m,Non-economic,0.1%,-0.1%,0.0%,2023-07-31 04:00:00
2023-07-31,4:00am,EUR,Prelim Flash GDP q/q,Non-economic,0.3%,0.2%,-0.1%,2023-07-31 04:00:00
2023-07-31,8:45am,USD,Chicago PMI,Non-economic,42.8,43.3,41.5,2023-07-31 08:45:00
2023-07-31,1:00pm,USD,Loan Officer Survey,Non-economic,,,,2023-07-31 13:00:00
2023-07-31,5:45pm,NZD,Building Consents m/m,Non-economic,3.5%,,-2.3%,2023-07-31 17:45:00
2023-07-31,6:01pm,GBP,BRC Shop Price Index y/y,Non-economic,7.6%,,8.4%,2023-07-31 18:01:00
2023-07-31,6:30pm,JPY,Unemployment Rate,Non-economic,2.5%,2.6%,2.6%,2023-07-31 18:30:00
2023-07-31,7:30pm,JPY,Final Manufacturing PMI,Non-economic,49.6,49.4,49.4,2023-07-31 19:30:00
2023-07-31,8:30pm,AUD,Building Approvals m/m,Non-economic,-7.7%,-7.9%,20.6%,2023-07-31 20:30:00
2023-07-31,8:45pm,CNY,RatingDog Manufacturing PMI,Medium,49.2,50.1,50.5,2023-07-31 20:45:00
2023-07-31,10:35pm,JPY,10-y Bond Auction,Non-economic,0.59|3.6,,0.43|4.0,2023-07-31 22:35:00
2023-07-31,11:30pm,AUD,Cash Rate,High,4.10%,4.35%,4.10%,2023-07-31 23:30:00
2023-07-31,11:30pm,AUD,RBA Rate Statement,High,,,,2023-07-31 23:30:00
2023-08-01,1:00am,GBP,Nationwide HPI m/m,Non-economic,-0.2%,-0.5%,0.1%,2023-08-01 01:00:00
2023-08-01,All Day,CHF,Bank Holiday,Low,,,,2023-08-01 00:00:00
2023-08-01,1:30am,AUD,Commodity Prices y/y,Non-economic,-23.5%,,-23.9%,2023-08-01 01:30:00
2023-08-01,2:15am,EUR,Spanish Manufacturing PMI,Non-economic,47.8,48.2,48.0,2023-08-01 02:15:00
2023-08-01,2:45am,EUR,Italian Manufacturing PMI,Non-economic,44.5,44.4,43.8,2023-08-01 02:45:00
2023-08-01,2:50am,EUR,French Final Manufacturing PMI,Non-economic,45.1,44.5,44.5,2023-08-01 02:50:00
2023-08-01,2:55am,EUR,German Final Manufacturing PMI,Non-economic,38.8,38.8,38.8,2023-08-01 02:55:00
2023-08-01,2:55am,EUR,German Unemployment Change,Non-economic,-4K,19K,30K,2023-08-01 02:55:00
2023-08-01,3:00am,EUR,Final Manufacturing PMI,Non-economic,42.7,42.7,42.7,2023-08-01 03:00:00
2023-08-01,3:00am,EUR,Italian Monthly Unemployment Rate,Non-economic,7.4%,7.7%,7.6%,2023-08-01 03:00:00
2023-08-01,3:30am,GBP,Final Manufacturing PMI,Non-economic,45.3,45.0,45.0,2023-08-01 03:30:00
2023-08-01,4:00am,EUR,Unemployment Rate,Non-economic,6.4%,6.5%,6.5%,2023-08-01 04:00:00
2023-08-01,8:30am,CAD,Manufacturing PMI,Non-economic,49.6,,48.8,2023-08-01 08:30:00
2023-08-01,8:45am,USD,Final Manufacturing PMI,Non-economic,49.0,49.0,49.0,2023-08-01 08:45:00
2023-08-01,9:00am,USD,ISM Manufacturing PMI,High,46.4,46.9,46.0,2023-08-01 09:00:00
2023-08-01,9:00am,USD,JOLTS Job Openings,High,9.58M,9.61M,9.62M,2023-08-01 09:00:00
2023-08-01,9:00am,USD,ISM Manufacturing Prices,Medium,42.6,43.8,41.8,2023-08-01 09:00:00
2023-08-01,9:00am,USD,Construction Spending m/m,Non-economic,0.5%,0.6%,1.1%,2023-08-01 09:00:00
2023-08-01,9:00am,USD,FOMC Member Goolsbee Speaks,Non-economic,,,,2023-08-01 09:00:00
2023-08-01,All Day,USD,Wards Total Vehicle Sales,Non-economic,15.7M,15.7M,15.7M,2023-08-01 00:00:00
2023-08-01,9:42am,NZD,GDT Price Index,Non-economic,-4.3%,,-1.0%,2023-08-01 09:42:00
2023-08-01,3:30pm,USD,API Weekly Statistical Bulletin,Non-economic,,,,2023-08-01 15:30:00
2023-08-01,5:45pm,NZD,Employment Change q/q,High,1.0%,0.6%,1.1%,2023-08-01 17:45:00
2023-08-01,5:45pm,NZD,Unemployment Rate,High,3.6%,3.5%,3.4%,2023-08-01 17:45:00
2023-08-01,5:45pm,NZD,Labor Cost Index q/q,Non-economic,1.1%,1.2%,0.9%,2023-08-01 17:45:00
2023-08-01,6:50pm,JPY,Monetary Base y/y,Non-economic,-1.3%,-0.7%,-1.0%,2023-08-01 18:50:00
2023-08-01,6:50pm,JPY,Monetary Policy Meeting Minutes,Non-economic,,,,2023-08-01 18:50:00
2023-08-02,2:00am,CHF,SECO Consumer Climate,Non-economic,-27,-25,-30,2023-08-02 02:00:00
2023-08-02,2:00am,EUR,Spanish Unemployment Change,Non-economic,-11.0K,-38.2K,-50.3K,2023-08-02 02:00:00
2023-08-02,2:30am,CHF,Manufacturing PMI,Non-economic,38.5,43.8,44.9,2023-08-02 02:30:00
2023-08-02,7:15am,USD,ADP Non-Farm Employment Change,High,324K,191K,455K,2023-08-02 07:15:00
2023-08-02,9:30am,USD,Crude Oil Inventories,Non-economic,-17.0M,-0.9M,-0.6M,2023-08-02 09:30:00
2023-08-02,8:00pm,NZD,ANZ Commodity Prices m/m,Non-economic,-2.6%,,-1.7%,2023-08-02 20:00:00
2023-08-02,8:30pm,AUD,Goods Trade Balance,Medium,11.32B,10.87B,10.50B,2023-08-02 20:30:00
2023-08-02,8:45pm,CNY,RatingDog Services PMI,Medium,54.1,52.5,53.9,2023-08-02 20:45:00
2023-08-03,1:00am,EUR,German Trade Balance,Non-economic,18.7B,15.0B,14.6B,2023-08-03 01:00:00
2023-08-03,1:30am,CHF,CPI m/m,High,-0.1%,-0.1%,0.1%,2023-08-03 01:30:00
2023-08-03,1:45am,EUR,French Gov Budget Balance,Non-economic,-116.2B,,-107.2B,2023-08-03 01:45:00
2023-08-03,2:15am,EUR,Spanish Services PMI,Non-economic,52.8,53.5,53.4,2023-08-03 02:15:00
2023-08-03,2:45am,EUR,Italian Services PMI,Non-economic,51.5,52.2,52.2,2023-08-03 02:45:00
2023-08-03,2:50am,EUR,French Final Services PMI,Non-economic,47.1,47.4,47.4,2023-08-03 02:50:00
2023-08-03,2:55am,EUR,German Final Services PMI,Non-economic,52.3,52.0,52.0,2023-08-03 02:55:00
2023-08-03,3:00am,EUR,Final Services PMI,Non-economic,50.9,51.1,51.1,2023-08-03 03:00:00
2023-08-03,3:00am,EUR,Italian Retail Sales m/m,Non-economic,-0.2%,0.2%,0.6%,2023-08-03 03:00:00
2023-08-03,3:30am,GBP,Final Services PMI,Non-economic,51.5,51.5,51.5,2023-08-03 03:30:00
2023-08-03,3:44am,EUR,Spanish 10-y Bond Auction,Non-economic,3.61|1.5,,3.55|1.5,2023-08-03 03:44:00
2023-08-03,3:58am,EUR,French 10-y Bond Auction,Non-economic,3.09|1.8,,3.04|1.9,2023-08-03 03:58:00
2023-08-03,4:00am,EUR,PPI m/m,Non-economic,-0.4%,-0.3%,-1.9%,2023-08-03 04:00:00
2023-08-03,All Day,All,OPEC-JMMC Meetings,Medium,,,,2023-08-03 00:00:00
2023-08-03,6:00am,GBP,BOE Monetary Policy Report,High,,,,2023-08-03 06:00:00
2023-08-03,6:00am,GBP,Monetary Policy Summary,High,,,,2023-08-03 06:00:00
2023-08-03,6:00am,GBP,MPC Official Bank Rate Votes,High,8-0-1,7-0-2,7-0-2,2023-08-03 06:00:00
2023-08-03,6:00am,GBP,Official Bank Rate,High,5.25%,5.25%,5.00%,2023-08-03 06:00:00
2023-08-03,6:30am,GBP,BOE Gov Bailey Speaks,High,,,,2023-08-03 06:30:00
2023-08-03,6:30am,USD,Challenger Job Cuts y/y,Non-economic,-8.2%,,25.2%,2023-08-03 06:30:00
2023-08-03,7:30am,USD,Unemployment Claims,High,227K,226K,221K,2023-08-03 07:30:00
2023-08-03,7:30am,USD,Prelim Nonfarm Productivity q/q,Non-economic,3.7%,2.1%,-2.1%,2023-08-03 07:30:00
2023-08-03,7:30am,USD,Prelim Unit Labor Costs q/q,Non-economic,1.6%,2.5%,4.2%,2023-08-03 07:30:00
2023-08-03,8:45am,USD,Final Services PMI,Non-economic,52.3,52.4,52.4,2023-08-03 08:45:00
2023-08-03,9:00am,USD,ISM Services PMI,High,52.7,53.1,53.9,2023-08-03 09:00:00
2023-08-03,9:00am,USD,Factory Orders m/m,Non-economic,2.3%,2.0%,0.4%,2023-08-03 09:00:00
2023-08-03,9:30am,USD,Natural Gas Storage,Non-economic,14B,18B,16B,2023-08-03 09:30:00
2023-08-03,8:30pm,AUD,RBA Monetary Policy Statement,Medium,,,,2023-08-03 20:30:00
2023-08-04,1:00am,EUR,German Factory Orders m/m,Non-economic,7.0%,-2.1%,6.2%,2023-08-04 01:00:00
2023-08-04,1:45am,EUR,French Industrial Production m/m,Non-economic,-0.9%,-0.3%,1.1%,2023-08-04 01:45:00
2023-08-04,1:45am,EUR,French Prelim Private Payrolls q/q,Non-economic,0.1%,0.2%,0.4%,2023-08-04 01:45:00
2023-08-04,3:00am,EUR,Italian Industrial Production m/m,Non-economic,0.5%,-0.3%,1.7%,2023-08-04 03:00:00
2023-08-04,3:30am,GBP,Construction PMI,Non-economic,51.7,48.1,48.9,2023-08-04 03:30:00
2023-08-04,4:00am,EUR,Retail Sales m/m,Non-economic,-0.3%,0.3%,0.6%,2023-08-04 04:00:00
2023-08-04,6:15am,GBP,MPC Member Pill Speaks,Non-economic,,,,2023-08-04 06:15:00
2023-08-04,7:30am,CAD,Employment Change,High,-6.4K,24.6K,59.9K,2023-08-04 07:30:00
2023-08-04,7:30am,CAD,Unemployment Rate,High,5.5%,5.5%,5.4%,2023-08-04 07:30:00
2023-08-04,7:30am,USD,Average Hourly Earnings m/m,High,0.4%,0.3%,0.4%,2023-08-04 07:30:00
2023-08-04,7:30am,USD,Non-Farm Employment Change,High,187K,205K,185K,2023-08-04 07:30:00
2023-08-04,7:30am,USD,Unemployment Rate,High,3.5%,3.6%,3.6%,2023-08-04 07:30:00
2023-08-04,9:00am,CAD,Ivey PMI,Medium,48.6,49.1,50.2,2023-08-04 09:00:00
2023-08-06,All Day,AUD,Bank Holiday,Low,,,,2023-08-06 00:00:00
2023-08-06,6:50pm,JPY,BOJ Summary of Opinions,Non-economic,,,,2023-08-06 18:50:00
2023-08-06,8:30pm,AUD,ANZ Job Advertisements m/m,Non-economic,0.4%,,-2.7%,2023-08-06 20:30:00
2023-08-07,12:00am,JPY,Leading Indicators,Non-economic,108.9%,108.9%,109.2%,2023-08-07 00:00:00
2023-08-07,12:45am,CHF,Unemployment Rate,Non-economic,2.1%,2.0%,2.0%,2023-08-07 00:45:00
2023-08-07,1:00am,EUR,German Industrial Production m/m,Non-economic,-1.5%,-0.4%,-0.1%,2023-08-07 01:00:00
2023-08-07,1:00am,GBP,Halifax HPI m/m,Non-economic,-0.3%,0.0%,-0.1%,2023-08-07 01:00:00
2023-08-07,2:00am,CHF,Foreign Currency Reserves,Medium,698B,,725B,2023-08-07 02:00:00
2023-08-07,3:30am,EUR,Sentix Investor Confidence,Non-economic,-18.9,-24.3,-22.5,2023-08-07 03:30:00
2023-08-07,All Day,CAD,Bank Holiday,Low,,,,2023-08-07 00:00:00
2023-08-07,7:30am,USD,FOMC Member Bowman Speaks,Non-economic,,,,2023-08-07 07:30:00
2023-08-07,11:00am,GBP,MPC Member Pill Speaks,Non-economic,,,,2023-08-07 11:00:00
2023-08-07,2:00pm,USD,Consumer Credit m/m,Non-economic,17.8B,13.8B,9.5B,2023-08-07 14:00:00
2023-08-07,6:01pm,GBP,BRC Retail Sales Monitor y/y,Non-economic,1.8%,3.0%,4.2%,2023-08-07 18:01:00
2023-08-07,6:30pm,JPY,Average Cash Earnings y/y,Non-economic,2.3%,3.0%,2.9%,2023-08-07 18:30:00
2023-08-07,6:30pm,JPY,Household Spending y/y,Non-economic,-4.2%,-3.9%,-4.0%,2023-08-07 18:30:00
2023-08-07,6:50pm,JPY,Bank Lending y/y,Non-economic,2.9%,3.0%,3.1%,2023-08-07 18:50:00
2023-08-07,6:50pm,JPY,Current Account,Non-economic,2.35T,2.24T,1.70T,2023-08-07 18:50:00
2023-08-07,7:30pm,AUD,Westpac Consumer Sentiment,Non-economic,-0.4%,,2.7%,2023-08-07 19:30:00
2023-08-07,8:30pm,AUD,NAB Business Confidence,Medium,2,,-1,2023-08-07 20:30:00
2023-08-07,8:30pm,AUD,Household Spending m/m,Non-economic,1.6%,,0.5%,2023-08-07 20:30:00
2023-08-07,10:08pm,CNY,Trade Balance,Non-economic,576B,495B,491B,2023-08-07 22:08:00
2023-08-07,10:09pm,CNY,USD-Denominated Trade Balance,Non-economic,80.6B,70.8B,70.6B,2023-08-07 22:09:00
2023-08-07,10:35pm,JPY,30-y Bond Auction,Non-economic,1.59|3.5,,1.22|3.0,2023-08-07 22:35:00
2023-08-08,12:00am,JPY,Economy Watchers Sentiment,Non-economic,54.4,54.0,53.6,2023-08-08 00:00:00
2023-08-08,1:00am,EUR,German Final CPI m/m,Non-economic,0.3%,0.3%,0.3%,2023-08-08 01:00:00
2023-08-08,1:45am,EUR,French Trade Balance,Non-economic,-6.7B,-8.0B,-7.9B,2023-08-08 01:45:00
2023-08-08,5:00am,USD,NFIB Small Business Index,Non-economic,91.9,91.2,91.0,2023-08-08 05:00:00
2023-08-08,7:15am,USD,FOMC Member Harker Speaks,Medium,,,,2023-08-08 07:15:00
2023-08-08,7:30am,CAD,Trade Balance,Non-economic,-3.7B,-2.8B,-2.7B,2023-08-08 07:30:00
2023-08-08,7:30am,USD,Trade Balance,Non-economic,-65.5B,-65.1B,-68.3B,2023-08-08 07:30:00
2023-08-08,9:00am,USD,Final Wholesale Inventories m/m,Non-economic,-0.5%,-0.3%,-0.3%,2023-08-08 09:00:00
2023-08-08,9:00am,USD,RCM/TIPP Economic Optimism,Non-economic,40.3,43.0,41.3,2023-08-08 09:00:00
2023-08-08,3:30pm,USD,API Weekly Statistical Bulletin,Non-economic,,,,2023-08-08 15:30:00
2023-08-08,6:50pm,JPY,M2 Money Stock y/y,Non-economic,2.4%,2.6%,2.6%,2023-08-08 18:50:00
2023-08-08,8:30pm,CNY,CPI y/y,High,-0.3%,-0.4%,0.0%,2023-08-08 20:30:00
2023-08-08,8:30pm,CNY,PPI y/y,Medium,-4.4%,-4.0%,-5.4%,2023-08-08 20:30:00
2023-08-08,10:00pm,NZD,Inflation Expectations q/q,High,2.83%,,2.79%,2023-08-08 22:00:00
2023-08-09,12:58am,JPY,Prelim Machine Tool Orders y/y,Non-economic,-19.8%,,-21.1%,2023-08-09 00:58:00
2023-08-09,4:02am,GBP,10-y Bond Auction,Non-economic,4.35|2.6,,4.60|2.7,2023-08-09 04:02:00
2023-08-09,4:34am,EUR,German 10-y Bond Auction,Non-economic,2.46|1.6,,2.64|1.9,2023-08-09 04:34:00
2023-08-09,7:30am,CAD,Building Permits m/m,Non-economic,6.1%,-2.1%,12.6%,2023-08-09 07:30:00
2023-08-09,9:30am,USD,Crude Oil Inventories,Non-economic,5.9M,2.1M,-17.0M,2023-08-09 09:30:00
2023-08-09,12:01pm,USD,10-y Bond Auction,Medium,4.00|2.6,,3.86|2.5,2023-08-09 12:01:00
2023-08-09,6:01pm,GBP,RICS House Price Balance,Non-economic,-53%,-50%,-48%,2023-08-09 18:01:00
2023-08-09,6:50pm,JPY,PPI y/y,Non-economic,3.6%,3.5%,4.3%,2023-08-09 18:50:00
2023-08-09,8:00pm,AUD,MI Inflation Expectations,Non-economic,4.9%,,5.2%,2023-08-09 20:00:00
2023-08-10,3:00am,EUR,ECB Economic Bulletin,Non-economic,,,,2023-08-10 03:00:00
2023-08-10,7:30am,USD,Core CPI m/m,High,0.2%,0.2%,0.2%,2023-08-10 07:30:00
2023-08-10,7:30am,USD,CPI m/m,High,0.2%,0.2%,0.2%,2023-08-10 07:30:00
2023-08-10,7:30am,USD,CPI y/y,High,3.2%,3.3%,3.0%,2023-08-10 07:30:00
2023-08-10,7:30am,USD,Unemployment Claims,High,248K,231K,227K,2023-08-10 07:30:00
2023-08-10,9:00am,USD,Mortgage Delinquencies,Non-economic,3.37%,,3.56%,2023-08-10 09:00:00
2023-08-10,9:30am,USD,Natural Gas Storage,Non-economic,29B,24B,14B,2023-08-10 09:30:00
2023-08-10,12:01pm,USD,30-y Bond Auction,Non-economic,4.19|2.4,,3.91|2.4,2023-08-10 12:01:00
2023-08-10,1:00pm,USD,Federal Budget Balance,Non-economic,-220.8B,-107.5B,-227.8B,2023-08-10 13:00:00
2023-08-10,3:15pm,USD,FOMC Member Harker Speaks,Medium,,,,2023-08-10 15:15:00
2023-08-10,5:30pm,NZD,BusinessNZ Manufacturing Index,Non-economic,46.3,,47.4,2023-08-10 17:30:00
2023-08-10,5:45pm,NZD,FPI m/m,Non-economic,-0.5%,,1.6%,2023-08-10 17:45:00
2023-08-10,6:30pm,AUD,RBA Gov Lowe Speaks,High,,,,2023-08-10 18:30:00
2023-08-10,All Day,JPY,Bank Holiday,Low,,,,2023-08-10 00:00:00
2023-08-11,1:00am,GBP,GDP m/m,High,0.5%,0.2%,-0.1%,2023-08-11 01:00:00
2023-08-11,1:00am,GBP,Prelim GDP q/q,Medium,0.2%,0.0%,0.1%,2023-08-11 01:00:00
2023-08-11,1:00am,GBP,Construction Output m/m,Non-economic,1.6%,0.0%,-0.3%,2023-08-11 01:00:00
2023-08-11,1:00am,GBP,Goods Trade Balance,Non-economic,-15.5B,-16.6B,-18.4B,2023-08-11 01:00:00
2023-08-11,1:00am,GBP,Index of Services 3m/3m,Non-economic,0.1%,0.0%,0.0%,2023-08-11 01:00:00
2023-08-11,1:00am,GBP,Industrial Production m/m,Non-economic,1.8%,0.2%,-0.6%,2023-08-11 01:00:00
2023-08-11,1:00am,GBP,Manufacturing Production m/m,Non-economic,2.4%,0.2%,-0.1%,2023-08-11 01:00:00
2023-08-11,1:00am,GBP,Prelim Business Investment q/q,Non-economic,3.4%,-1.0%,3.3%,2023-08-11 01:00:00
2023-08-11,1:45am,EUR,French Final CPI m/m,Non-economic,0.1%,0.0%,0.0%,2023-08-11 01:45:00
2023-08-11,3:00am,EUR,Italian Trade Balance,Non-economic,7.72B,4.23B,4.77B,2023-08-11 03:00:00
2023-08-11,3:33am,CNY,New Loans,Medium,346B,790B,3050B,2023-08-11 03:33:00
2023-08-11,3:33am,CNY,M2 Money Supply y/y,Non-economic,10.7%,11.0%,11.3%,2023-08-11 03:33:00
2023-08-11,7:01am,GBP,NIESR GDP Estimate,Non-economic,0.3%,,0.2%,2023-08-11 07:01:00
2023-08-11,7:30am,USD,Core PPI m/m,High,0.3%,0.2%,-0.1%,2023-08-11 07:30:00
2023-08-11,7:30am,USD,PPI m/m,High,0.3%,0.2%,0.0%,2023-08-11 07:30:00
2023-08-11,9:00am,USD,Prelim UoM Consumer Sentiment,High,71.2,71.4,71.6,2023-08-11 09:00:00
2023-08-11,9:00am,USD,Prelim UoM Inflation Expectations,Medium,3.3%,,3.4%,2023-08-11 09:00:00
2023-08-13,5:30pm,NZD,BusinessNZ Services Index,Non-economic,47.8,,49.6,2023-08-13 17:30:00
2023-08-13,5:45pm,NZD,Visitor Arrivals m/m,Non-economic,11.3%,,-27.5%,2023-08-13 17:45:00
2023-08-14,1:00am,EUR,German WPI m/m,Non-economic,-0.2%,-0.1%,-0.2%,2023-08-14 01:00:00
2023-08-14,8:45am,USD,Cleveland Fed Inflation Expectations,Non-economic,4.3%,,5.0%,2023-08-14 08:45:00
2023-08-14,6:50pm,JPY,Prelim GDP Price Index y/y,Non-economic,3.4%,3.8%,2.0%,2023-08-14 18:50:00
2023-08-14,6:50pm,JPY,Prelim GDP q/q,Non-economic,1.5%,0.8%,0.7%,2023-08-14 18:50:00
2023-08-14,8:30pm,AUD,Monetary Policy Meeting Minutes,High,,,,2023-08-14 20:30:00
2023-08-14,8:30pm,AUD,Wage Price Index q/q,High,0.8%,0.9%,0.8%,2023-08-14 20:30:00
2023-08-14,9:00pm,CNY,Industrial Production y/y,High,3.7%,4.3%,4.4%,2023-08-14 21:00:00
2023-08-14,9:00pm,CNY,Retail Sales y/y,Medium,2.5%,4.2%,3.1%,2023-08-14 21:00:00
2023-08-14,9:00pm,CNY,Fixed Asset Investment ytd/y,Non-economic,3.4%,3.8%,3.8%,2023-08-14 21:00:00
2023-08-14,9:00pm,CNY,NBS Press Conference,Non-economic,,,,2023-08-14 21:00:00
2023-08-14,9:00pm,CNY,Unemployment Rate,Non-economic,5.3%,5.2%,5.2%,2023-08-14 21:00:00
2023-08-14,11:30pm,JPY,Revised Industrial Production m/m,Non-economic,2.4%,2.0%,2.0%,2023-08-14 23:30:00
2023-08-15,1:00am,GBP,Claimant Count Change,High,29.0K,19.6K,16.2K,2023-08-15 01:00:00
2023-08-15,1:00am,GBP,Average Earnings Index 3m/y,Medium,8.2%,7.3%,7.2%,2023-08-15 01:00:00
2023-08-15,1:00am,GBP,Unemployment Rate,Non-economic,4.2%,4.0%,4.0%,2023-08-15 01:00:00
2023-08-15,1:30am,CHF,PPI m/m,Non-economic,-0.1%,0.2%,0.0%,2023-08-15 01:30:00
2023-08-15,All Day,EUR,French Bank Holiday,Low,,,,2023-08-15 00:00:00
2023-08-15,All Day,EUR,Italian Bank Holiday,Low,,,,2023-08-15 00:00:00
2023-08-15,4:00am,EUR,German ZEW Economic Sentiment,Medium,-12.3,-15.0,-14.7,2023-08-15 04:00:00
2023-08-15,4:00am,EUR,ZEW Economic Sentiment,Non-economic,-5.5,-12.0,-12.2,2023-08-15 04:00:00
2023-08-15,7:30am,CAD,CPI m/m,High,0.6%,0.3%,0.1%,2023-08-15 07:30:00
2023-08-15,7:30am,CAD,Median CPI y/y,High,3.7%,3.7%,3.7%,2023-08-15 07:30:00
2023-08-15,7:30am,CAD,Trimmed CPI y/y,High,3.6%,3.6%,3.7%,2023-08-15 07:30:00
2023-08-15,7:30am,CAD,Common CPI y/y,Medium,4.8%,5.0%,5.1%,2023-08-15 07:30:00
2023-08-15,7:30am,CAD,Manufacturing Sales m/m,Non-economic,-1.7%,-2.1%,1.2%,2023-08-15 07:30:00
2023-08-15,7:30am,USD,Core Retail Sales m/m,High,1.0%,0.4%,0.2%,2023-08-15 07:30:00
2023-08-15,7:30am,USD,Empire State Manufacturing Index,High,-19.0,-0.9,1.1,2023-08-15 07:30:00
2023-08-15,7:30am,USD,Retail Sales m/m,High,0.7%,0.4%,0.3%,2023-08-15 07:30:00
2023-08-15,7:30am,USD,Import Prices m/m,Non-economic,0.4%,0.2%,-0.1%,2023-08-15 07:30:00
2023-08-15,7:32am,CAD,Core CPI m/m,Non-economic,0.5%,,-0.1%,2023-08-15 07:32:00
2023-08-15,8:30am,GBP,CB Leading Index m/m,Non-economic,-0.8%,,-0.8%,2023-08-15 08:30:00
2023-08-15,9:00am,USD,Business Inventories m/m,Non-economic,0.0%,0.2%,0.0%,2023-08-15 09:00:00
2023-08-15,9:00am,USD,NAHB Housing Market Index,Non-economic,50,56,56,2023-08-15 09:00:00
2023-08-15,9:45am,NZD,GDT Price Index,Non-economic,-7.4%,,-4.3%,2023-08-15 09:45:00
2023-08-15,10:00am,USD,FOMC Member Kashkari Speaks,Non-economic,,,,2023-08-15 10:00:00
2023-08-15,3:00pm,USD,TIC Long-Term Purchases,Non-economic,195.9B,50.0B,23.6B,2023-08-15 15:00:00
2023-08-15,3:30pm,USD,API Weekly Statistical Bulletin,Non-economic,,,,2023-08-15 15:30:00
2023-08-15,7:30pm,AUD,MI Leading Index m/m,Non-economic,0.0%,,0.1%,2023-08-15 19:30:00
2023-08-15,8:30pm,CNY,New Home Prices m/m,Non-economic,-0.23%,,-0.06%,2023-08-15 20:30:00
2023-08-15,9:00pm,NZD,Official Cash Rate,High,5.50%,5.50%,5.50%,2023-08-15 21:00:00
2023-08-15,9:00pm,NZD,RBNZ Monetary Policy Statement,High,,,,2023-08-15 21:00:00
2023-08-15,9:00pm,NZD,RBNZ Rate Statement,High,,,,2023-08-15 21:00:00
2023-08-15,10:00pm,NZD,RBNZ Press Conference,High,,,,2023-08-15 22:00:00
2023-08-16,1:00am,GBP,CPI y/y,High,6.8%,6.7%,7.9%,2023-08-16 01:00:00
2023-08-16,1:00am,GBP,Core CPI y/y,Non-economic,6.9%,6.8%,6.9%,2023-08-16 01:00:00
2023-08-16,1:00am,GBP,PPI Input m/m,Non-economic,-0.4%,-0.1%,-1.3%,2023-08-16 01:00:00
2023-08-16,1:00am,GBP,PPI Output m/m,Non-economic,0.1%,-0.2%,-0.2%,2023-08-16 01:00:00
2023-08-16,1:00am,GBP,RPI y/y,Non-economic,9.0%,9.1%,10.7%,2023-08-16 01:00:00
2023-08-16,3:30am,GBP,HPI y/y,Non-economic,1.7%,1.8%,1.8%,2023-08-16 03:30:00
2023-08-16,4:00am,EUR,Flash Employment Change q/q,Non-economic,0.2%,0.4%,0.5%,2023-08-16 04:00:00
2023-08-16,4:00am,EUR,Flash GDP q/q,Non-economic,0.3%,0.3%,0.3%,2023-08-16 04:00:00
2023-08-16,4:00am,EUR,Industrial Production m/m,Non-economic,0.5%,-0.1%,0.0%,2023-08-16 04:00:00
2023-08-16,4:36am,EUR,German 30-y Bond Auction,Non-economic,2.68|2.2,,2.40|2.0,2023-08-16 04:36:00
2023-08-16,7:15am,CAD,Housing Starts,Non-economic,255K,245K,283K,2023-08-16 07:15:00
2023-08-16,7:30am,CAD,Wholesale Sales m/m,Non-economic,-2.8%,-4.2%,2.9%,2023-08-16 07:30:00
2023-08-16,7:30am,USD,Building Permits,Medium,1.44M,1.47M,1.44M,2023-08-16 07:30:00
2023-08-16,7:30am,USD,Housing Starts,Non-economic,1.45M,1.45M,1.40M,2023-08-16 07:30:00
2023-08-16,8:15am,USD,Industrial Production m/m,Medium,1.0%,0.3%,-0.8%,2023-08-16 08:15:00
2023-08-16,8:15am,USD,Capacity Utilization Rate,Non-economic,79.3%,79.1%,78.6%,2023-08-16 08:15:00
2023-08-16,9:30am,USD,Crude Oil Inventories,Non-economic,-6.0M,-2.4M,5.9M,2023-08-16 09:30:00
2023-08-16,1:00pm,USD,FOMC Meeting Minutes,High,,,,2023-08-16 13:00:00
2023-08-16,3:10pm,NZD,RBNZ Gov Orr Speaks,Medium,,,,2023-08-16 15:10:00
2023-08-16,5:45pm,NZD,PPI Input q/q,Non-economic,-0.2%,0.4%,0.0%,2023-08-16 17:45:00
2023-08-16,5:45pm,NZD,PPI Output q/q,Non-economic,0.2%,0.8%,0.2%,2023-08-16 17:45:00
2023-08-16,6:50pm,JPY,Core Machinery Orders m/m,Non-economic,2.7%,3.6%,-7.6%,2023-08-16 18:50:00
2023-08-16,6:50pm,JPY,Trade Balance,Non-economic,-0.56T,-0.44T,-0.54T,2023-08-16 18:50:00
2023-08-16,8:30pm,AUD,Employment Change,High,-14.6K,14.6K,31.6K,2023-08-16 20:30:00
2023-08-16,8:30pm,AUD,Unemployment Rate,High,3.7%,3.6%,3.5%,2023-08-16 20:30:00
2023-08-16,11:30pm,JPY,Tertiary Industry Activity m/m,Non-economic,-0.4%,-0.1%,1.0%,2023-08-16 23:30:00
2023-08-17,4:00am,EUR,Trade Balance,Non-economic,12.5B,3.8B,0.2B,2023-08-17 04:00:00
2023-08-17,7:30am,CAD,Foreign Securities Purchases,Non-economic,12.56B,13.20B,10.21B,2023-08-17 07:30:00
2023-08-17,7:30am,USD,Unemployment Claims,High,239K,240K,250K,2023-08-17 07:30:00
2023-08-17,7:30am,USD,Philly Fed Manufacturing Index,Medium,12.0,-9.8,-13.5,2023-08-17 07:30:00
2023-08-17,9:00am,USD,CB Leading Index m/m,Non-economic,-0.4%,-0.4%,-0.7%,2023-08-17 09:00:00
2023-08-17,9:30am,USD,Natural Gas Storage,Non-economic,35B,35B,29B,2023-08-17 09:30:00
2023-08-17,6:30pm,JPY,National Core CPI y/y,Non-economic,3.1%,3.1%,3.3%,2023-08-17 18:30:00
2023-08-18,1:00am,GBP,Retail Sales m/m,Medium,-1.2%,-0.6%,0.6%,2023-08-18 01:00:00
2023-08-18,3:34am,CNY,Foreign Direct Investment ytd/y,Non-economic,-4.0%,,-2.7%,2023-08-18 03:34:00
2023-08-18,4:00am,EUR,Final Core CPI y/y,Non-economic,5.5%,5.5%,5.5%,2023-08-18 04:00:00
2023-08-18,4:00am,EUR,Final CPI y/y,Non-economic,5.3%,5.3%,5.3%,2023-08-18 04:00:00
2023-08-18,7:30am,CAD,IPPI m/m,Non-economic,0.4%,0.2%,-0.6%,2023-08-18 07:30:00
2023-08-18,7:30am,CAD,RMPI m/m,Non-economic,3.5%,2.1%,-2.0%,2023-08-18 07:30:00
2023-08-20,5:45pm,NZD,Trade Balance,Non-economic,-1107M,-50M,-111M,2023-08-20 17:45:00
2023-08-20,6:01pm,GBP,Rightmove HPI m/m,Non-economic,-1.9%,,-0.2%,2023-08-20 18:01:00
2023-08-20,8:15pm,CNY,1-y Loan Prime Rate,High,3.45%,3.40%,3.55%,2023-08-20 20:15:00
2023-08-20,8:15pm,CNY,5-y Loan Prime Rate,Medium,4.20%,4.05%,4.20%,2023-08-20 20:15:00
2023-08-20,10:00pm,NZD,Credit Card Spending y/y,Non-economic,3.6%,,5.1%,2023-08-20 22:00:00
2023-08-21,1:00am,EUR,German PPI m/m,Non-economic,-1.1%,-0.1%,-0.3%,2023-08-21 01:00:00
2023-08-21,5:00am,EUR,German Buba Monthly Report,Non-economic,,,,2023-08-21 05:00:00
2023-08-21,7:30am,CAD,NHPI m/m,Non-economic,-0.1%,0.0%,0.1%,2023-08-21 07:30:00
2023-08-22,12:00am,JPY,BOJ Core CPI y/y,Non-economic,3.3%,2.9%,3.0%,2023-08-22 00:00:00
2023-08-22,1:00am,CHF,Trade Balance,Non-economic,3.13B,4.50B,4.79B,2023-08-22 01:00:00
2023-08-22,1:00am,GBP,Public Sector Net Borrowing,Non-economic,3.5B,3.8B,17.1B,2023-08-22 01:00:00
2023-08-22,3:00am,EUR,Current Account,Non-economic,35.8B,10.2B,7.9B,2023-08-22 03:00:00
2023-08-22,Day 1,All,BRICS Summit,Medium,,,,2023-08-22 00:00:00
2023-08-22,5:00am,GBP,CBI Industrial Order Expectations,Non-economic,-15,-11,-9,2023-08-22 05:00:00
2023-08-22,8:59am,USD,Richmond Manufacturing Index,Medium,-7,-10,-9,2023-08-22 08:59:00
2023-08-22,9:00am,USD,Existing Home Sales,Medium,4.07M,4.15M,4.16M,2023-08-22 09:00:00
2023-08-22,9:30am,AUD,CB Leading Index m/m,Non-economic,0.0%,,0.0%,2023-08-22 09:30:00
2023-08-22,1:30pm,USD,FOMC Member Goolsbee Speaks,Non-economic,,,,2023-08-22 13:30:00
2023-08-22,1:32pm,USD,FOMC Member Bowman Speaks,Non-economic,,,,2023-08-22 13:32:00
2023-08-22,2:30pm,USD,FOMC Member Goolsbee Speaks,Non-economic,,,,2023-08-22 14:30:00
2023-08-22,3:30pm,USD,API Weekly Statistical Bulletin,Non-economic,,,,2023-08-22 15:30:00
2023-08-22,5:45pm,NZD,Retail Sales q/q,Medium,-1.0%,-0.4%,-1.6%,2023-08-22 17:45:00
2023-08-22,5:45pm,NZD,Core Retail Sales q/q,Non-economic,-1.8%,-0.2%,-1.6%,2023-08-22 17:45:00
2023-08-22,6:00pm,AUD,Flash Manufacturing PMI,Non-economic,49.4,,49.6,2023-08-22 18:00:00
2023-08-22,6:00pm,AUD,Flash Services PMI,Non-economic,46.7,,47.9,2023-08-22 18:00:00
2023-08-22,7:30pm,JPY,Flash Manufacturing PMI,Non-economic,49.7,49.6,49.6,2023-08-22 19:30:00
2023-08-23,2:15am,EUR,French Flash Manufacturing PMI,High,46.4,45.1,45.1,2023-08-23 02:15:00
2023-08-23,2:15am,EUR,French Flash Services PMI,High,46.7,47.5,47.1,2023-08-23 02:15:00
2023-08-23,2:30am,EUR,German Flash Manufacturing PMI,High,39.1,38.9,38.8,2023-08-23 02:30:00
2023-08-23,2:30am,EUR,German Flash Services PMI,High,47.3,51.5,52.3,2023-08-23 02:30:00
2023-08-23,3:00am,EUR,Flash Manufacturing PMI,Medium,43.7,42.8,42.7,2023-08-23 03:00:00
2023-08-23,3:00am,EUR,Flash Services PMI,Medium,48.3,50.6,50.9,2023-08-23 03:00:00
2023-08-23,Day 2,All,BRICS Summit,Medium,,,,2023-08-23 00:00:00
2023-08-23,3:30am,GBP,Flash Manufacturing PMI,High,42.5,45.1,45.3,2023-08-23 03:30:00
2023-08-23,3:30am,GBP,Flash Services PMI,High,48.7,50.9,51.5,2023-08-23 03:30:00
2023-08-23,7:30am,CAD,Core Retail Sales m/m,Medium,-0.8%,0.3%,-0.3%,2023-08-23 07:30:00
2023-08-23,7:30am,CAD,Retail Sales m/m,Medium,0.1%,0.0%,0.1%,2023-08-23 07:30:00
2023-08-23,8:45am,USD,Flash Manufacturing PMI,High,47.0,48.9,49.0,2023-08-23 08:45:00
2023-08-23,8:45am,USD,Flash Services PMI,High,51.0,52.1,52.3,2023-08-23 08:45:00
2023-08-23,9:00am,EUR,Consumer Confidence,Non-economic,-16,-15,-15,2023-08-23 09:00:00
2023-08-23,9:00am,USD,Prelim Benchmark Payrolls Revision,High,-306K,,462K,2023-08-23 09:00:00
2023-08-23,9:00am,USD,New Home Sales,Medium,714K,705K,684K,2023-08-23 09:00:00
2023-08-23,9:30am,USD,Crude Oil Inventories,Non-economic,-6.1M,-2.9M,-6.0M,2023-08-23 09:30:00
2023-08-24,Day 3,All,BRICS Summit,Medium,,,,2023-08-24 00:00:00
2023-08-24,5:00am,GBP,CBI Realized Sales,Non-economic,-44,-14,-25,2023-08-24 05:00:00
2023-08-24,7:30am,CAD,Corporate Profits q/q,Non-economic,-2.0%,,-5.6%,2023-08-24 07:30:00
2023-08-24,7:30am,USD,Unemployment Claims,High,230K,239K,240K,2023-08-24 07:30:00
2023-08-24,7:30am,USD,Core Durable Goods Orders m/m,Medium,0.5%,0.2%,0.5%,2023-08-24 07:30:00
2023-08-24,7:30am,USD,Durable Goods Orders m/m,Medium,-5.2%,-4.1%,4.6%,2023-08-24 07:30:00
2023-08-24,9:30am,USD,Natural Gas Storage,Non-economic,18B,36B,35B,2023-08-24 09:30:00
2023-08-24,11:00am,USD,FOMC Member Harker Speaks,Medium,,,,2023-08-24 11:00:00
2023-08-24,Day 1,All,Jackson Hole Symposium,Medium,,,,2023-08-24 00:00:00
2023-08-24,6:01pm,GBP,GfK Consumer Confidence,Non-economic,-25,-29,-30,2023-08-24 18:01:00
2023-08-24,6:30pm,JPY,Tokyo Core CPI y/y,Medium,2.8%,2.9%,3.0%,2023-08-24 18:30:00
2023-08-24,6:50pm,JPY,SPPI y/y,Non-economic,1.7%,1.2%,1.4%,2023-08-24 18:50:00
2023-08-25,1:00am,EUR,German Final GDP q/q,Non-economic,0.0%,0.0%,0.0%,2023-08-25 01:00:00
2023-08-25,3:00am,EUR,German ifo Business Climate,High,85.7,86.8,87.4,2023-08-25 03:00:00
2023-08-25,8:00am,EUR,Belgian NBB Business Climate,Non-economic,-14.9,-13.5,-14.8,2023-08-25 08:00:00
2023-08-25,9:00am,USD,Revised UoM Consumer Sentiment,High,69.5,71.2,71.2,2023-08-25 09:00:00
2023-08-25,9:00am,USD,Revised UoM Inflation Expectations,Non-economic,3.5%,,3.3%,2023-08-25 09:00:00
2023-08-25,9:05am,USD,Fed Chairman Powell Speaks,High,,,,2023-08-25 09:05:00
2023-08-25,10:00am,USD,FOMC Member Harker Speaks,Medium,,,,2023-08-25 10:00:00
2023-08-25,10:30am,USD,FOMC Member Harker Speaks,Medium,,,,2023-08-25 10:30:00
2023-08-25,Day 2,All,Jackson Hole Symposium,High,,,,2023-08-25 00:00:00
2023-08-25,11:30am,USD,FOMC Member Goolsbee Speaks,Non-economic,,,,2023-08-25 11:30:00
2023-08-25,1:00pm,USD,FOMC Member Goolsbee Speaks,Non-economic,,,,2023-08-25 13:00:00
2023-08-25,2:00pm,EUR,ECB President Lagarde Speaks,High,,,,2023-08-25 14:00:00
2023-08-26,Day 3,All,Jackson Hole Symposium,Medium,,,,2023-08-26 00:00:00
2023-08-26,11:25am,GBP,MPC Member Broadbent Speaks,Non-economic,,,,2023-08-26 11:25:00
2023-08-26,11:25am,JPY,BOJ Gov Ueda Speaks,Medium,,,,2023-08-26 11:25:00
2023-08-27,8:30pm,AUD,Retail Sales m/m,Medium,0.5%,0.2%,-0.8%,2023-08-27 20:30:00
2023-08-28,All Day,GBP,Bank Holiday,Low,,,,2023-08-28 00:00:00
2023-08-28,3:00am,EUR,M3 Money Supply y/y,Non-economic,-0.4%,0.0%,0.6%,2023-08-28 03:00:00
2023-08-28,3:00am,EUR,Private Loans y/y,Non-economic,1.3%,1.6%,1.7%,2023-08-28 03:00:00
2023-08-28,7:00am,EUR,German Buba President Nagel Speaks,Non-economic,,,,2023-08-28 07:00:00
2023-08-28,8:00am,CNY,CB Leading Index m/m,Non-economic,-0.6%,,-0.1%,2023-08-28 08:00:00
2023-08-28,6:01pm,GBP,BRC Shop Price Index y/y,Non-economic,6.9%,,7.6%,2023-08-28 18:01:00
2023-08-28,6:30pm,JPY,Unemployment Rate,Non-economic,2.7%,2.5%,2.5%,2023-08-28 18:30:00
2023-08-29,1:00am,EUR,German GfK Consumer Climate,Non-economic,-25.5,-24.5,-24.6,2023-08-29 01:00:00
2023-08-29,2:40am,AUD,RBA Gov Bullock Speaks,High,,,,2023-08-29 02:40:00
2023-08-29,8:00am,USD,S&P/CS Composite-20 HPI y/y,High,-1.2%,-1.5%,-1.7%,2023-08-29 08:00:00
2023-08-29,8:00am,USD,HPI m/m,Non-economic,0.3%,0.2%,0.7%,2023-08-29 08:00:00
2023-08-29,9:00am,USD,CB Consumer Confidence,High,106.1,116.0,114.0,2023-08-29 09:00:00
2023-08-29,9:00am,USD,JOLTS Job Openings,High,8.83M,9.49M,9.17M,2023-08-29 09:00:00
2023-08-29,3:30pm,USD,API Weekly Statistical Bulletin,Non-economic,,,,2023-08-29 15:30:00
2023-08-29,5:45pm,NZD,Building Consents m/m,Non-economic,-5.2%,,3.4%,2023-08-29 17:45:00
2023-08-29,8:30pm,AUD,CPI y/y,High,4.9%,5.2%,5.4%,2023-08-29 20:30:00
2023-08-29,8:30pm,AUD,Building Approvals m/m,Non-economic,-8.1%,-0.5%,-7.9%,2023-08-29 20:30:00
2023-08-29,8:30pm,AUD,Construction Work Done q/q,Non-economic,0.4%,0.9%,3.8%,2023-08-29 20:30:00
2023-08-30,12:00am,JPY,Consumer Confidence,Non-economic,36.2,37.5,37.1,2023-08-30 00:00:00
2023-08-30,1:00am,EUR,German Import Prices m/m,Non-economic,-0.6%,-0.3%,-1.6%,2023-08-30 01:00:00
2023-08-30,All Day,EUR,German Prelim CPI m/m,High,0.3%,0.3%,0.3%,2023-08-30 00:00:00
2023-08-30,2:00am,CHF,KOF Economic Barometer,Non-economic,91.1,90.9,92.1,2023-08-30 02:00:00
2023-08-30,2:00am,EUR,Spanish Flash CPI y/y,High,2.6%,2.5%,2.3%,2023-08-30 02:00:00
2023-08-30,3:00am,CHF,UBS Economic Expectations,Non-economic,-38.6,,-32.6,2023-08-30 03:00:00
2023-08-30,3:30am,GBP,M4 Money Supply m/m,Non-economic,-0.5%,0.1%,-0.1%,2023-08-30 03:30:00
2023-08-30,3:30am,GBP,Mortgage Approvals,Non-economic,49K,51K,55K,2023-08-30 03:30:00
2023-08-30,3:30am,GBP,Net Lending to Individuals m/m,Non-economic,1.4B,1.4B,1.7B,2023-08-30 03:30:00
2023-08-30,4:14am,EUR,Italian 10-y Bond Auction,Non-economic,4.20|1.6,,4.10|1.4,2023-08-30 04:14:00
2023-08-30,7:15am,USD,ADP Non-Farm Employment Change,High,177K,194K,371K,2023-08-30 07:15:00
2023-08-30,7:30am,USD,Prelim GDP q/q,High,2.1%,2.4%,2.4%,2023-08-30 07:30:00
2023-08-30,7:30am,USD,Prelim GDP Price Index q/q,Medium,2.0%,2.2%,2.2%,2023-08-30 07:30:00
2023-08-30,7:30am,USD,Goods Trade Balance,Non-economic,-91.2B,-90.0B,-88.8B,2023-08-30 07:30:00
2023-08-30,7:30am,USD,Prelim Wholesale Inventories m/m,Non-economic,-0.1%,0.2%,-0.5%,2023-08-30 07:30:00
2023-08-30,9:00am,USD,Pending Home Sales m/m,Medium,0.9%,-0.8%,0.4%,2023-08-30 09:00:00
2023-08-30,9:30am,USD,Crude Oil Inventories,Non-economic,-10.6M,-2.2M,-6.1M,2023-08-30 09:30:00
2023-08-30,6:50pm,JPY,Prelim Industrial Production m/m,Non-economic,-2.0%,-1.2%,2.4%,2023-08-30 18:50:00
2023-08-30,6:50pm,JPY,Retail Sales y/y,Non-economic,6.8%,5.5%,5.6%,2023-08-30 18:50:00
2023-08-30,8:00pm,NZD,ANZ Business Confidence,Non-economic,-3.7,,-13.1,2023-08-30 20:00:00
2023-08-30,8:30pm,AUD,Private Capital Expenditure q/q,Non-economic,2.8%,1.1%,3.7%,2023-08-30 20:30:00
2023-08-30,8:30pm,AUD,Private Sector Credit m/m,Non-economic,0.3%,0.3%,0.3%,2023-08-30 20:30:00
2023-08-30,8:30pm,CNY,Manufacturing PMI,High,49.7,49.1,49.3,2023-08-30 20:30:00
2023-08-30,8:30pm,CNY,Non-Manufacturing PMI,Medium,51.0,51.3,51.5,2023-08-30 20:30:00
2023-08-31,12:00am,JPY,Housing Starts y/y,Non-economic,-6.7%,-1.3%,-4.8%,2023-08-31 00:00:00
2023-08-31,1:00am,EUR,German Retail Sales m/m,Non-economic,-0.8%,0.3%,-0.2%,2023-08-31 01:00:00
2023-08-31,1:30am,CHF,Retail Sales y/y,Non-economic,-2.2%,1.5%,1.0%,2023-08-31 01:30:00
2023-08-31,1:45am,EUR,French Consumer Spending m/m,Non-economic,0.3%,0.3%,0.9%,2023-08-31 01:45:00
2023-08-31,1:45am,EUR,French Prelim CPI m/m,Non-economic,1.0%,0.7%,0.1%,2023-08-31 01:45:00
2023-08-31,1:45am,EUR,French Prelim GDP q/q,Non-economic,0.5%,0.5%,0.5%,2023-08-31 01:45:00
2023-08-31,2:15am,GBP,MPC Member Pill Speaks,Non-economic,,,,2023-08-31 02:15:00
2023-08-31,2:55am,EUR,German Unemployment Change,Non-economic,18K,10K,1K,2023-08-31 02:55:00
2023-08-31,3:00am,EUR,Italian Monthly Unemployment Rate,Non-economic,7.6%,7.4%,7.5%,2023-08-31 03:00:00
2023-08-31,4:00am,EUR,Core CPI Flash Estimate y/y,Medium,5.3%,5.3%,5.5%,2023-08-31 04:00:00
2023-08-31,4:00am,EUR,CPI Flash Estimate y/y,Medium,5.3%,5.1%,5.3%,2023-08-31 04:00:00
2023-08-31,4:00am,EUR,Italian Prelim CPI m/m,Non-economic,0.4%,0.1%,0.0%,2023-08-31 04:00:00
2023-08-31,4:00am,EUR,Unemployment Rate,Non-economic,6.4%,6.4%,6.4%,2023-08-31 04:00:00
2023-08-31,6:30am,EUR,ECB Monetary Policy Meeting Accounts,Non-economic,,,,2023-08-31 06:30:00
2023-08-31,6:30am,USD,Challenger Job Cuts y/y,Non-economic,266.9%,,-8.2%,2023-08-31 06:30:00
2023-08-31,7:30am,CAD,Current Account,Non-economic,-6.6B,-11.1B,-3.2B,2023-08-31 07:30:00
2023-08-31,7:30am,USD,Core PCE Price Index m/m,High,0.2%,0.2%,0.2%,2023-08-31 07:30:00
2023-08-31,7:30am,USD,Unemployment Claims,High,228K,236K,232K,2023-08-31 07:30:00
2023-08-31,7:30am,USD,Personal Income m/m,Non-economic,0.2%,0.3%,0.3%,2023-08-31 07:30:00
2023-08-31,7:30am,USD,Personal Spending m/m,Non-economic,0.8%,0.7%,0.6%,2023-08-31 07:30:00
2023-08-31,8:45am,USD,Chicago PMI,Non-economic,48.7,44.3,42.8,2023-08-31 08:45:00
2023-08-31,9:30am,USD,Natural Gas Storage,Non-economic,32B,28B,18B,2023-08-31 09:30:00
2023-08-31,6:50pm,JPY,Capital Spending q/y,Non-economic,4.5%,7.9%,11.0%,2023-08-31 18:50:00
2023-08-31,7:30pm,JPY,Final Manufacturing PMI,Non-economic,49.6,49.7,49.7,2023-08-31 19:30:00
2023-08-31,8:45pm,CNY,RatingDog Manufacturing PMI,Medium,51.0,49.0,49.2,2023-08-31 20:45:00
2023-09-01,1:00am,GBP,Nationwide HPI m/m,Non-economic,-0.8%,-0.3%,-0.3%,2023-09-01 01:00:00
2023-09-01,1:30am,AUD,Commodity Prices y/y,Non-economic,-23.2%,,-23.8%,2023-09-01 01:30:00
2023-09-01,1:30am,CHF,CPI m/m,High,0.2%,0.2%,-0.1%,2023-09-01 01:30:00
2023-09-01,1:45am,EUR,French Gov Budget Balance,Non-economic,-169.0B,,-116.2B,2023-09-01 01:45:00
2023-09-01,2:15am,EUR,Spanish Manufacturing PMI,Non-economic,46.5,47.8,47.8,2023-09-01 02:15:00
2023-09-01,2:30am,CHF,Manufacturing PMI,Non-economic,39.9,40.5,38.5,2023-09-01 02:30:00
2023-09-01,2:45am,EUR,Italian Manufacturing PMI,Non-economic,45.4,44.0,44.5,2023-09-01 02:45:00
2023-09-01,2:50am,EUR,French Final Manufacturing PMI,Non-economic,46.0,46.4,46.4,2023-09-01 02:50:00
2023-09-01,2:55am,EUR,German Final Manufacturing PMI,Non-economic,39.1,39.1,39.1,2023-09-01 02:55:00
2023-09-01,3:00am,EUR,Final Manufacturing PMI,Non-economic,43.5,43.7,43.7,2023-09-01 03:00:00
2023-09-01,3:30am,GBP,Final Manufacturing PMI,Non-economic,43.0,42.5,42.5,2023-09-01 03:30:00
2023-09-01,5:00am,GBP,MPC Member Pill Speaks,Non-economic,,,,2023-09-01 05:00:00
2023-09-01,7:30am,CAD,GDP m/m,High,-0.2%,-0.2%,0.2%,2023-09-01 07:30:00
2023-09-01,7:30am,USD,Average Hourly Earnings m/m,High,0.2%,0.3%,0.4%,2023-09-01 07:30:00
2023-09-01,7:30am,USD,Non-Farm Employment Change,High,187K,169K,157K,2023-09-01 07:30:00
2023-09-01,7:30am,USD,Unemployment Rate,High,3.8%,3.5%,3.5%,2023-09-01 07:30:00
2023-09-01,8:30am,CAD,Manufacturing PMI,Non-economic,48.0,,49.6,2023-09-01 08:30:00
2023-09-01,8:45am,USD,Final Manufacturing PMI,Non-economic,47.9,47.0,47.0,2023-09-01 08:45:00
2023-09-01,9:00am,USD,ISM Manufacturing PMI,High,47.6,46.9,46.4,2023-09-01 09:00:00
2023-09-01,9:00am,USD,ISM Manufacturing Prices,Medium,48.4,43.9,42.6,2023-09-01 09:00:00
2023-09-01,9:00am,USD,Construction Spending m/m,Non-economic,0.7%,0.5%,0.6%,2023-09-01 09:00:00
2023-09-01,All Day,USD,Wards Total Vehicle Sales,Non-economic,15.0M,15.5M,15.7M,2023-09-01 00:00:00
2023-09-03,5:45pm,NZD,Overseas Trade Index q/q,Non-economic,0.4%,0.0%,-1.5%,2023-09-03 17:45:00
2023-09-03,6:50pm,JPY,Monetary Base y/y,Non-economic,1.2%,-0.7%,-1.3%,2023-09-03 18:50:00
2023-09-03,8:00pm,AUD,MI Inflation Gauge m/m,Non-economic,0.2%,,0.8%,2023-09-03 20:00:00
2023-09-03,8:30pm,AUD,ANZ Job Advertisements m/m,Non-economic,1.9%,,0.7%,2023-09-03 20:30:00
2023-09-03,8:30pm,AUD,Company Operating Profits q/q,Non-economic,-13.1%,-0.1%,1.3%,2023-09-03 20:30:00
2023-09-03,8:30pm,AUD,Household Spending m/m,Non-economic,-2.9%,,1.7%,2023-09-03 20:30:00
2023-09-04,1:00am,EUR,German Trade Balance,Non-economic,15.9B,17.6B,18.8B,2023-09-04 01:00:00
2023-09-04,2:00am,CHF,GDP q/q,Medium,0.0%,0.1%,0.3%,2023-09-04 02:00:00
2023-09-04,2:00am,EUR,Spanish Unemployment Change,Non-economic,24.8K,-21.3K,-11.0K,2023-09-04 02:00:00
2023-09-04,3:30am,EUR,Sentix Investor Confidence,Non-economic,-21.5,-19.6,-18.9,2023-09-04 03:30:00
2023-09-04,All Day,CAD,Bank Holiday,Low,,,,2023-09-04 00:00:00
2023-09-04,All Day,USD,Bank Holiday,Low,,,,2023-09-04 00:00:00
2023-09-04,8:00am,EUR,German Buba President Nagel Speaks,Non-economic,,,,2023-09-04 08:00:00
2023-09-04,8:30am,EUR,ECB President Lagarde Speaks,Medium,,,,2023-09-04 08:30:00
2023-09-04,6:01pm,GBP,BRC Retail Sales Monitor y/y,Non-economic,4.3%,2.2%,1.8%,2023-09-04 18:01:00
2023-09-04,6:30pm,JPY,Household Spending y/y,Non-economic,-5.0%,-2.4%,-4.2%,2023-09-04 18:30:00
2023-09-04,8:00pm,NZD,ANZ Commodity Prices m/m,Non-economic,-2.9%,,-2.6%,2023-09-04 20:00:00
2023-09-04,8:30pm,AUD,Current Account,Non-economic,7.7B,8.0B,12.5B,2023-09-04 20:30:00
2023-09-04,8:45pm,CNY,RatingDog Services PMI,Medium,51.8,53.6,54.1,2023-09-04 20:45:00
2023-09-04,10:35pm,JPY,10-y Bond Auction,Non-economic,0.66|4.0,,0.59|3.6,2023-09-04 22:35:00
2023-09-04,11:30pm,AUD,Cash Rate,High,4.10%,4.10%,4.10%,2023-09-04 23:30:00
2023-09-04,11:30pm,AUD,RBA Rate Statement,High,,,,2023-09-04 23:30:00
2023-09-05,2:15am,EUR,Spanish Services PMI,Non-economic,49.3,51.6,52.8,2023-09-05 02:15:00
2023-09-05,2:45am,EUR,Italian Services PMI,Non-economic,49.8,50.3,51.5,2023-09-05 02:45:00
2023-09-05,2:50am,EUR,French Final Services PMI,Non-economic,46.0,46.7,46.7,2023-09-05 02:50:00
2023-09-05,2:55am,EUR,German Final Services PMI,Non-economic,47.3,47.3,47.3,2023-09-05 02:55:00
2023-09-05,3:00am,EUR,Final Services PMI,Non-economic,47.9,48.3,48.3,2023-09-05 03:00:00
2023-09-05,3:30am,GBP,Final Services PMI,Non-economic,49.5,48.7,48.7,2023-09-05 03:30:00
2023-09-05,4:00am,EUR,PPI m/m,Non-economic,-0.5%,-0.5%,-0.4%,2023-09-05 04:00:00
2023-09-05,9:00am,USD,Factory Orders m/m,Non-economic,-2.1%,-2.5%,2.3%,2023-09-05 09:00:00
2023-09-05,10:12am,NZD,GDT Price Index,Non-economic,2.7%,,-7.4%,2023-09-05 10:12:00
2023-09-05,8:30pm,AUD,GDP q/q,High,0.4%,0.4%,0.4%,2023-09-05 20:30:00
2023-09-06,1:00am,EUR,German Factory Orders m/m,Non-economic,-11.7%,-4.3%,7.6%,2023-09-06 01:00:00
2023-09-06,3:30am,GBP,Construction PMI,Non-economic,50.8,49.8,51.7,2023-09-06 03:30:00
2023-09-06,4:00am,EUR,Retail Sales m/m,Non-economic,-0.2%,-0.1%,0.2%,2023-09-06 04:00:00
2023-09-06,4:34am,EUR,German 10-y Bond Auction,Non-economic,2.63|1.7,,2.46|1.6,2023-09-06 04:34:00
2023-09-06,7:30am,CAD,Labor Productivity q/q,Non-economic,-0.6%,-0.1%,-0.8%,2023-09-06 07:30:00
2023-09-06,7:30am,CAD,Trade Balance,Non-economic,-1.0B,-3.5B,-4.9B,2023-09-06 07:30:00
2023-09-06,7:30am,USD,Trade Balance,Non-economic,-65.0B,-67.9B,-63.7B,2023-09-06 07:30:00
2023-09-06,8:15am,GBP,Monetary Policy Report Hearings,Medium,,,,2023-09-06 08:15:00
2023-09-06,8:45am,USD,Final Services PMI,Non-economic,50.5,51.0,51.0,2023-09-06 08:45:00
2023-09-06,9:00am,CAD,BOC Rate Statement,High,,,,2023-09-06 09:00:00
2023-09-06,9:00am,CAD,Overnight Rate,High,5.00%,5.00%,5.00%,2023-09-06 09:00:00
2023-09-06,9:00am,USD,ISM Services PMI,High,54.5,52.5,52.7,2023-09-06 09:00:00
2023-09-06,9:00am,USD,RCM/TIPP Economic Optimism,Non-economic,43.2,41.1,40.3,2023-09-06 09:00:00
2023-09-06,1:00pm,USD,Beige Book,Non-economic,,,,2023-09-06 13:00:00
2023-09-06,2:00pm,USD,FOMC Member Logan Speaks,Non-economic,,,,2023-09-06 14:00:00
2023-09-06,3:30pm,USD,API Weekly Statistical Bulletin,Non-economic,,,,2023-09-06 15:30:00
2023-09-06,5:45pm,NZD,Manufacturing Sales q/q,Non-economic,0.2%,,-2.5%,2023-09-06 17:45:00
2023-09-06,8:30pm,AUD,Goods Trade Balance,Medium,8.04B,10.05B,10.27B,2023-09-06 20:30:00
2023-09-06,10:00pm,CNY,USD-Denominated Trade Balance,Non-economic,68.4B,74.1B,80.6B,2023-09-06 22:00:00
2023-09-06,10:01pm,CNY,Trade Balance,Non-economic,488B,541B,576B,2023-09-06 22:01:00
2023-09-06,10:10pm,AUD,RBA Gov Lowe Speaks,Medium,,,,2023-09-06 22:10:00
2023-09-06,10:35pm,JPY,30-y Bond Auction,Non-economic,1.64|3.5,,1.59|3.5,2023-09-06 22:35:00
2023-09-07,12:00am,JPY,Leading Indicators,Non-economic,107.6%,107.9%,108.9%,2023-09-07 00:00:00
2023-09-07,12:30am,EUR,French Final Private Payrolls q/q,Non-economic,0.1%,0.2%,0.1%,2023-09-07 00:30:00
2023-09-07,12:45am,CHF,Unemployment Rate,Non-economic,2.1%,2.1%,2.1%,2023-09-07 00:45:00
2023-09-07,1:00am,EUR,German Industrial Production m/m,Non-economic,-0.8%,-0.4%,-1.4%,2023-09-07 01:00:00
2023-09-07,1:00am,GBP,Halifax HPI m/m,Non-economic,-1.9%,-0.1%,-0.4%,2023-09-07 01:00:00
2023-09-07,1:45am,EUR,French Trade Balance,Non-economic,-8.1B,-6.8B,-6.8B,2023-09-07 01:45:00
2023-09-07,2:00am,CHF,Foreign Currency Reserves,Medium,694B,,698B,2023-09-07 02:00:00
2023-09-07,3:00am,EUR,Italian Retail Sales m/m,Non-economic,0.4%,0.2%,-0.2%,2023-09-07 03:00:00
2023-09-07,3:44am,EUR,Spanish 10-y Bond Auction,Non-economic,3.66|1.7,,3.61|1.5,2023-09-07 03:44:00
2023-09-07,3:58am,EUR,French 10-y Bond Auction,Non-economic,3.15|1.7,,3.09|1.8,2023-09-07 03:58:00
2023-09-07,4:00am,EUR,Final Employment Change q/q,Non-economic,0.2%,0.2%,0.2%,2023-09-07 04:00:00
2023-09-07,4:00am,EUR,Revised GDP q/q,Non-economic,0.1%,0.3%,0.3%,2023-09-07 04:00:00
2023-09-07,7:30am,CAD,Building Permits m/m,Non-economic,-1.5%,-2.2%,7.5%,2023-09-07 07:30:00
2023-09-07,7:30am,USD,Unemployment Claims,High,216K,232K,229K,2023-09-07 07:30:00
2023-09-07,7:30am,USD,Revised Nonfarm Productivity q/q,Non-economic,3.5%,3.5%,3.7%,2023-09-07 07:30:00
2023-09-07,7:30am,USD,Revised Unit Labor Costs q/q,Non-economic,2.2%,1.8%,1.6%,2023-09-07 07:30:00
2023-09-07,9:00am,CAD,Ivey PMI,Medium,53.5,49.2,48.6,2023-09-07 09:00:00
2023-09-07,9:00am,USD,FOMC Member Harker Speaks,Medium,,,,2023-09-07 09:00:00
2023-09-07,9:30am,USD,Natural Gas Storage,Non-economic,33B,38B,32B,2023-09-07 09:30:00
2023-09-07,10:00am,USD,Crude Oil Inventories,Non-economic,-6.3M,-1.8M,-10.6M,2023-09-07 10:00:00
2023-09-07,10:45am,USD,FOMC Member Goolsbee Speaks,Non-economic,,,,2023-09-07 10:45:00
2023-09-07,12:55pm,CAD,BOC Gov Macklem Speaks,High,,,,2023-09-07 12:55:00
2023-09-07,2:30pm,USD,FOMC Member Williams Speaks,Non-economic,,,,2023-09-07 14:30:00
2023-09-07,3:55pm,USD,FOMC Member Bowman Speaks,Non-economic,,,,2023-09-07 15:55:00
2023-09-07,6:05pm,USD,FOMC Member Logan Speaks,Non-economic,,,,2023-09-07 18:05:00
2023-09-07,6:30pm,JPY,Average Cash Earnings y/y,Non-economic,1.3%,2.4%,2.3%,2023-09-07 18:30:00
2023-09-07,6:50pm,JPY,Bank Lending y/y,Non-economic,3.1%,2.8%,2.9%,2023-09-07 18:50:00
2023-09-07,6:50pm,JPY,Current Account,Non-economic,2.77T,2.24T,2.35T,2023-09-07 18:50:00
2023-09-07,6:50pm,JPY,Final GDP Price Index y/y,Non-economic,3.5%,3.4%,3.4%,2023-09-07 18:50:00
2023-09-07,6:50pm,JPY,Final GDP q/q,Non-economic,1.2%,1.4%,1.5%,2023-09-07 18:50:00
2023-09-08,12:00am,JPY,Economy Watchers Sentiment,Non-economic,53.6,54.4,54.4,2023-09-08 00:00:00
2023-09-08,1:00am,EUR,German Final CPI m/m,Non-economic,0.3%,0.3%,0.3%,2023-09-08 01:00:00
2023-09-08,1:45am,EUR,French Industrial Production m/m,Non-economic,0.8%,0.2%,-0.9%,2023-09-08 01:45:00
2023-09-08,7:30am,CAD,Employment Change,High,39.9K,18.9K,-6.4K,2023-09-08 07:30:00
2023-09-08,7:30am,CAD,Unemployment Rate,High,5.5%,5.6%,5.5%,2023-09-08 07:30:00
2023-09-08,7:30am,CAD,Capacity Utilization Rate,Non-economic,81.4%,82.5%,81.8%,2023-09-08 07:30:00
2023-09-08,8:00am,USD,FOMC Member Barr Speaks,Non-economic,,,,2023-09-08 08:00:00
2023-09-08,9:00am,USD,Final Wholesale Inventories m/m,Non-economic,-0.2%,-0.1%,-0.1%,2023-09-08 09:00:00
2023-09-08,2:00pm,USD,Consumer Credit m/m,Non-economic,10.4B,16.1B,14.0B,2023-09-08 14:00:00
2023-09-08,8:30pm,CNY,CPI y/y,High,0.1%,0.2%,-0.3%,2023-09-08 20:30:00
2023-09-08,8:30pm,CNY,PPI y/y,Medium,-3.0%,-3.0%,-4.4%,2023-09-08 20:30:00
2023-09-09,Day 1,All,G20 Meetings,Medium,,,,2023-09-09 00:00:00
2023-09-10,Day 2,All,G20 Meetings,Medium,,,,2023-09-10 00:00:00
2023-09-10,6:50pm,JPY,M2 Money Stock y/y,Non-economic,2.5%,2.5%,2.5%,2023-09-10 18:50:00
2023-09-10,11:41pm,CNY,New Loans,Medium,1360B,1275B,346B,2023-09-10 23:41:00
2023-09-10,11:41pm,CNY,M2 Money Supply y/y,Non-economic,10.6%,10.7%,10.7%,2023-09-10 23:41:00
2023-09-11,12:57am,JPY,Prelim Machine Tool Orders y/y,Non-economic,-17.6%,,-19.7%,2023-09-11 00:57:00
2023-09-11,3:00am,EUR,Italian Industrial Production m/m,Non-economic,-0.7%,-0.2%,0.5%,2023-09-11 03:00:00
2023-09-11,4:00am,EUR,EU Economic Forecasts,Non-economic,,,,2023-09-11 04:00:00
2023-09-11,5:45pm,NZD,Visitor Arrivals m/m,Non-economic,19.8%,,11.3%,2023-09-11 17:45:00
2023-09-11,6:00pm,GBP,MPC Member Mann Speaks,Non-economic,,,,2023-09-11 18:00:00
2023-09-11,7:30pm,AUD,Westpac Consumer Sentiment,Non-economic,-1.5%,,-0.4%,2023-09-11 19:30:00
2023-09-11,8:30pm,AUD,NAB Business Confidence,Medium,2,,1,2023-09-11 20:30:00
2023-09-12,1:00am,EUR,German WPI m/m,Non-economic,0.2%,-0.1%,-0.2%,2023-09-12 01:00:00
2023-09-12,1:00am,GBP,Claimant Count Change,High,0.9K,17.1K,7.3K,2023-09-12 01:00:00
2023-09-12,1:00am,GBP,Average Earnings Index 3m/y,Medium,8.5%,8.2%,8.4%,2023-09-12 01:00:00
2023-09-12,1:00am,GBP,Unemployment Rate,Non-economic,4.3%,4.3%,4.2%,2023-09-12 01:00:00
2023-09-12,4:00am,EUR,German ZEW Economic Sentiment,Medium,-11.4,-15.0,-12.3,2023-09-12 04:00:00
2023-09-12,4:00am,EUR,ZEW Economic Sentiment,Non-economic,-8.9,-6.2,-5.5,2023-09-12 04:00:00
2023-09-12,5:00am,USD,NFIB Small Business Index,Non-economic,91.3,91.6,91.9,2023-09-12 05:00:00
2023-09-12,12:01pm,USD,10-y Bond Auction,Non-economic,4.29|2.5,,4.00|2.6,2023-09-12 12:01:00
2023-09-12,3:30pm,USD,API Weekly Statistical Bulletin,Non-economic,,,,2023-09-12 15:30:00
2023-09-12,5:45pm,NZD,FPI m/m,Non-economic,0.5%,,-0.5%,2023-09-12 17:45:00
2023-09-12,6:50pm,JPY,BSI Manufacturing Index,Non-economic,5.4,0.2,-0.4,2023-09-12 18:50:00
2023-09-12,6:50pm,JPY,PPI y/y,Non-economic,3.2%,3.3%,3.4%,2023-09-12 18:50:00
2023-09-13,1:00am,GBP,GDP m/m,High,-0.5%,-0.2%,0.5%,2023-09-13 01:00:00
2023-09-13,1:00am,GBP,Construction Output m/m,Non-economic,-0.5%,-0.5%,1.6%,2023-09-13 01:00:00
2023-09-13,1:00am,GBP,Goods Trade Balance,Non-economic,-14.1B,-15.9B,-15.5B,2023-09-13 01:00:00
2023-09-13,1:00am,GBP,Index of Services 3m/3m,Non-economic,0.1%,0.2%,0.1%,2023-09-13 01:00:00
2023-09-13,1:00am,GBP,Industrial Production m/m,Non-economic,-0.7%,-0.6%,1.8%,2023-09-13 01:00:00
2023-09-13,1:00am,GBP,Manufacturing Production m/m,Non-economic,-0.8%,-0.9%,2.4%,2023-09-13 01:00:00
2023-09-13,3:00am,EUR,Italian Quarterly Unemployment Rate,Non-economic,7.6%,8.0%,7.9%,2023-09-13 03:00:00
2023-09-13,4:00am,EUR,Industrial Production m/m,Non-economic,-1.1%,-0.8%,0.4%,2023-09-13 04:00:00
2023-09-13,4:02am,GBP,10-y Bond Auction,Non-economic,4.40|2.4,,4.35|2.6,2023-09-13 04:02:00
2023-09-13,4:42am,EUR,German 30-y Bond Auction,Non-economic,2.79|2.3,,2.68|2.2,2023-09-13 04:42:00
2023-09-13,6:05am,GBP,NIESR GDP Estimate,Non-economic,0.2%,,0.2%,2023-09-13 06:05:00
2023-09-13,7:30am,USD,Core CPI m/m,High,0.3%,0.2%,0.2%,2023-09-13 07:30:00
2023-09-13,7:30am,USD,CPI m/m,High,0.6%,0.6%,0.2%,2023-09-13 07:30:00
2023-09-13,7:30am,USD,CPI y/y,High,3.7%,3.6%,3.2%,2023-09-13 07:30:00
2023-09-13,8:30am,GBP,CB Leading Index m/m,Non-economic,-0.8%,,-0.9%,2023-09-13 08:30:00
2023-09-13,9:30am,USD,Crude Oil Inventories,Non-economic,4.0M,-2.2M,-6.3M,2023-09-13 09:30:00
2023-09-13,12:01pm,USD,30-y Bond Auction,Non-economic,4.35|2.5,,4.19|2.4,2023-09-13 12:01:00
2023-09-13,1:00pm,USD,Federal Budget Balance,Non-economic,89.3B,-251.0B,-220.8B,2023-09-13 13:00:00
2023-09-13,6:01pm,GBP,RICS House Price Balance,Non-economic,-68%,-55%,-55%,2023-09-13 18:01:00
2023-09-13,6:50pm,JPY,Core Machinery Orders m/m,Non-economic,-1.1%,-0.7%,2.7%,2023-09-13 18:50:00
2023-09-13,8:00pm,AUD,MI Inflation Expectations,Non-economic,4.6%,,4.9%,2023-09-13 20:00:00
2023-09-13,8:30pm,AUD,Employment Change,High,64.9K,25.4K,-1.4K,2023-09-13 20:30:00
2023-09-13,8:30pm,AUD,Unemployment Rate,High,3.7%,3.7%,3.7%,2023-09-13 20:30:00
2023-09-13,11:30pm,JPY,Revised Industrial Production m/m,Non-economic,-1.8%,-2.0%,-2.0%,2023-09-13 23:30:00
2023-09-14,1:30am,CHF,PPI m/m,Non-economic,-0.2%,0.1%,-0.1%,2023-09-14 01:30:00
2023-09-14,7:15am,EUR,Main Refinancing Rate,High,4.50%,4.25%,4.25%,2023-09-14 07:15:00
2023-09-14,7:15am,EUR,Monetary Policy Statement,High,,,,2023-09-14 07:15:00
2023-09-14,7:30am,CAD,Wholesale Sales m/m,Non-economic,0.2%,1.2%,-2.8%,2023-09-14 07:30:00
2023-09-14,7:30am,USD,Core PPI m/m,High,0.2%,0.2%,0.4%,2023-09-14 07:30:00
2023-09-14,7:30am,USD,Core Retail Sales m/m,High,0.6%,0.4%,0.7%,2023-09-14 07:30:00
2023-09-14,7:30am,USD,PPI m/m,High,0.7%,0.4%,0.4%,2023-09-14 07:30:00
2023-09-14,7:30am,USD,Retail Sales m/m,High,0.6%,0.1%,0.5%,2023-09-14 07:30:00
2023-09-14,7:30am,USD,Unemployment Claims,High,220K,226K,217K,2023-09-14 07:30:00
2023-09-14,7:45am,EUR,ECB Press Conference,High,,,,2023-09-14 07:45:00
2023-09-14,9:00am,USD,Business Inventories m/m,Non-economic,0.0%,0.1%,0.0%,2023-09-14 09:00:00
2023-09-14,9:30am,USD,Natural Gas Storage,Non-economic,57B,51B,33B,2023-09-14 09:30:00
2023-09-14,5:30pm,NZD,BusinessNZ Manufacturing Index,Non-economic,46.1,,46.6,2023-09-14 17:30:00
2023-09-14,8:30pm,CNY,New Home Prices m/m,Non-economic,-0.29%,,-0.23%,2023-09-14 20:30:00
2023-09-14,9:00pm,CNY,Industrial Production y/y,High,4.5%,3.9%,3.7%,2023-09-14 21:00:00
2023-09-14,9:00pm,CNY,Retail Sales y/y,Medium,4.6%,3.0%,2.5%,2023-09-14 21:00:00
2023-09-14,9:00pm,CNY,Fixed Asset Investment ytd/y,Non-economic,3.2%,3.4%,3.4%,2023-09-14 21:00:00
2023-09-14,9:00pm,CNY,NBS Press Conference,Non-economic,,,,2023-09-14 21:00:00
2023-09-14,9:00pm,CNY,Unemployment Rate,Non-economic,5.2%,5.3%,5.3%,2023-09-14 21:00:00
2023-09-14,11:30pm,JPY,Tertiary Industry Activity m/m,Non-economic,0.9%,0.2%,-0.7%,2023-09-14 23:30:00
2023-09-15,1:45am,EUR,French Final CPI m/m,Non-economic,1.0%,1.0%,1.0%,2023-09-15 01:45:00
2023-09-15,3:30am,GBP,Consumer Inflation Expectations,Non-economic,3.6%,,3.5%,2023-09-15 03:30:00
2023-09-15,3:51am,CNY,Foreign Direct Investment ytd/y,Non-economic,-5.1%,,-4.0%,2023-09-15 03:51:00
2023-09-15,4:00am,EUR,Italian Trade Balance,Non-economic,6.38B,6.50B,3.46B,2023-09-15 04:00:00
2023-09-15,4:00am,EUR,Trade Balance,Non-economic,2.9B,13.5B,8.6B,2023-09-15 04:00:00
2023-09-15,All Day,EUR,ECOFIN Meetings,Non-economic,,,,2023-09-15 00:00:00
2023-09-15,All Day,EUR,Eurogroup Meetings,Non-economic,,,,2023-09-15 00:00:00
2023-09-15,4:45am,EUR,ECB President Lagarde Speaks,Medium,,,,2023-09-15 04:45:00
2023-09-15,7:30am,CAD,Foreign Securities Purchases,Non-economic,11.62B,12.41B,12.61B,2023-09-15 07:30:00
2023-09-15,7:30am,CAD,Manufacturing Sales m/m,Non-economic,1.6%,0.7%,-2.0%,2023-09-15 07:30:00
2023-09-15,7:30am,USD,Empire State Manufacturing Index,High,1.9,-9.9,-19.0,2023-09-15 07:30:00
2023-09-15,7:30am,USD,Import Prices m/m,Non-economic,0.5%,0.3%,0.1%,2023-09-15 07:30:00
2023-09-15,8:15am,USD,Industrial Production m/m,Medium,0.4%,0.1%,0.7%,2023-09-15 08:15:00
2023-09-15,8:15am,USD,Capacity Utilization Rate,Non-economic,79.7%,79.3%,79.5%,2023-09-15 08:15:00
2023-09-15,9:00am,USD,Prelim UoM Consumer Sentiment,High,67.7,69.0,69.5,2023-09-15 09:00:00
2023-09-15,9:00am,USD,Prelim UoM Inflation Expectations,Medium,3.1%,,3.5%,2023-09-15 09:00:00
2023-09-16,All Day,EUR,ECOFIN Meetings,Non-economic,,,,2023-09-16 00:00:00
2023-09-17,5:30pm,NZD,BusinessNZ Services Index,Non-economic,47.1,,48.0,2023-09-17 17:30:00
2023-09-17,6:01pm,GBP,Rightmove HPI m/m,Non-economic,0.4%,,-1.9%,2023-09-17 18:01:00
2023-09-17,All Day,JPY,Bank Holiday,Low,,,,2023-09-17 00:00:00
2023-09-18,5:00am,EUR,German Buba Monthly Report,Non-economic,,,,2023-09-18 05:00:00
2023-09-18,7:15am,CAD,Housing Starts,Non-economic,253K,257K,255K,2023-09-18 07:15:00
2023-09-18,7:30am,CAD,IPPI m/m,Non-economic,1.3%,0.5%,-0.1%,2023-09-18 07:30:00
2023-09-18,7:30am,CAD,RMPI m/m,Non-economic,3.0%,3.8%,3.5%,2023-09-18 07:30:00
2023-09-18,9:00am,USD,NAHB Housing Market Index,Non-economic,45,50,50,2023-09-18 09:00:00
2023-09-18,3:00pm,USD,TIC Long-Term Purchases,Non-economic,8.8B,116.5B,186.0B,2023-09-18 15:00:00
2023-09-18,8:30pm,AUD,Monetary Policy Meeting Minutes,High,,,,2023-09-18 20:30:00
2023-09-19,1:00am,CHF,Trade Balance,Non-economic,4.05B,4.23B,3.13B,2023-09-19 01:00:00
2023-09-19,3:00am,EUR,Current Account,Non-economic,20.9B,30.2B,35.8B,2023-09-19 03:00:00
2023-09-19,4:00am,EUR,Final Core CPI y/y,Non-economic,5.3%,5.3%,5.3%,2023-09-19 04:00:00
2023-09-19,4:00am,EUR,Final CPI y/y,Non-economic,5.2%,5.3%,5.3%,2023-09-19 04:00:00
2023-09-19,4:11am,GBP,30-y Bond Auction,Non-economic,4.70|2.4,,4.48|2.3,2023-09-19 04:11:00
2023-09-19,7:30am,CAD,CPI m/m,High,0.4%,0.2%,0.6%,2023-09-19 07:30:00
2023-09-19,7:30am,CAD,Median CPI y/y,High,4.1%,3.7%,3.9%,2023-09-19 07:30:00
2023-09-19,7:30am,CAD,Trimmed CPI y/y,High,3.9%,3.7%,3.6%,2023-09-19 07:30:00
2023-09-19,7:30am,CAD,Common CPI y/y,Medium,4.8%,4.8%,4.8%,2023-09-19 07:30:00
2023-09-19,7:30am,USD,Building Permits,Medium,1.54M,1.44M,1.44M,2023-09-19 07:30:00
2023-09-19,7:30am,USD,Housing Starts,Non-economic,1.28M,1.44M,1.45M,2023-09-19 07:30:00
2023-09-19,7:32am,CAD,Core CPI m/m,Non-economic,0.1%,,0.5%,2023-09-19 07:32:00
2023-09-19,9:54am,NZD,GDT Price Index,Non-economic,4.6%,,2.7%,2023-09-19 09:54:00
2023-09-19,12:45pm,CAD,Gov Council Member Kozicki Speaks,Non-economic,,,,2023-09-19 12:45:00
2023-09-19,3:30pm,USD,API Weekly Statistical Bulletin,Non-economic,,,,2023-09-19 15:30:00
2023-09-19,5:45pm,NZD,Current Account,Non-economic,-4.21B,-4.55B,-4.66B,2023-09-19 17:45:00
2023-09-19,6:50pm,JPY,Trade Balance,Non-economic,-0.56T,-0.44T,-0.60T,2023-09-19 18:50:00
2023-09-19,7:30pm,AUD,MI Leading Index m/m,Non-economic,0.0%,,0.0%,2023-09-19 19:30:00
2023-09-19,8:15pm,CNY,1-y Loan Prime Rate,High,3.45%,3.45%,3.45%,2023-09-19 20:15:00
2023-09-19,8:15pm,CNY,5-y Loan Prime Rate,High,4.20%,4.20%,4.20%,2023-09-19 20:15:00
2023-09-20,1:00am,EUR,German PPI m/m,Non-economic,0.3%,0.1%,-1.1%,2023-09-20 01:00:00
2023-09-20,1:00am,GBP,CPI y/y,High,6.7%,7.0%,6.8%,2023-09-20 01:00:00
2023-09-20,1:00am,GBP,Core CPI y/y,Non-economic,6.2%,6.8%,6.9%,2023-09-20 01:00:00
2023-09-20,1:00am,GBP,PPI Input m/m,Non-economic,0.4%,0.3%,-0.4%,2023-09-20 01:00:00
2023-09-20,1:00am,GBP,PPI Output m/m,Non-economic,0.2%,0.1%,0.2%,2023-09-20 01:00:00
2023-09-20,1:00am,GBP,RPI y/y,Non-economic,9.1%,9.3%,9.0%,2023-09-20 01:00:00
2023-09-20,2:00am,CHF,SECO Economic Forecasts,Non-economic,,,,2023-09-20 02:00:00
2023-09-20,3:30am,GBP,HPI y/y,Non-economic,0.6%,0.0%,1.9%,2023-09-20 03:30:00
2023-09-20,9:30am,AUD,CB Leading Index m/m,Non-economic,0.2%,,-0.3%,2023-09-20 09:30:00
2023-09-20,9:30am,USD,Crude Oil Inventories,Non-economic,-2.1M,-1.3M,4.0M,2023-09-20 09:30:00
2023-09-20,12:30pm,CAD,BOC Summary of Deliberations,Non-economic,,,,2023-09-20 12:30:00
2023-09-20,1:00pm,USD,Federal Funds Rate,High,5.50%,5.50%,5.50%,2023-09-20 13:00:00
2023-09-20,1:00pm,USD,FOMC Economic Projections,High,,,,2023-09-20 13:00:00
2023-09-20,1:00pm,USD,FOMC Statement,High,,,,2023-09-20 13:00:00
2023-09-20,1:30pm,USD,FOMC Press Conference,High,,,,2023-09-20 13:30:00
2023-09-20,5:45pm,NZD,GDP q/q,High,0.9%,0.4%,0.0%,2023-09-20 17:45:00
2023-09-20,8:30pm,AUD,RBA Bulletin,Non-economic,,,,2023-09-20 20:30:00
2023-09-20,10:00pm,NZD,Credit Card Spending y/y,Non-economic,4.2%,,4.0%,2023-09-20 22:00:00
2023-09-21,1:00am,GBP,Public Sector Net Borrowing,Non-economic,10.8B,9.8B,-1.2B,2023-09-21 01:00:00
2023-09-21,2:30am,CHF,SNB Monetary Policy Assessment,High,,,,2023-09-21 02:30:00
2023-09-21,2:30am,CHF,SNB Policy Rate,High,1.75%,2.00%,1.75%,2023-09-21 02:30:00
2023-09-21,3:00am,CHF,SNB Press Conference,High,,,,2023-09-21 03:00:00
2023-09-21,3:00am,EUR,German Buba President Nagel Speaks,Non-economic,,,,2023-09-21 03:00:00
2023-09-21,6:00am,GBP,Monetary Policy Summary,High,,,,2023-09-21 06:00:00
2023-09-21,6:00am,GBP,MPC Official Bank Rate Votes,High,4-0-5,7-0-2,8-0-1,2023-09-21 06:00:00
2023-09-21,6:00am,GBP,Official Bank Rate,High,5.25%,5.50%,5.25%,2023-09-21 06:00:00
2023-09-21,6:00am,GBP,BOE Inflation Letter,Non-economic,,,,2023-09-21 06:00:00
2023-09-21,7:30am,CAD,NHPI m/m,Non-economic,0.1%,0.0%,-0.1%,2023-09-21 07:30:00
2023-09-21,7:30am,USD,Unemployment Claims,High,201K,224K,221K,2023-09-21 07:30:00
2023-09-21,7:30am,USD,Philly Fed Manufacturing Index,Medium,-13.5,-1.1,12.0,2023-09-21 07:30:00
2023-09-21,7:30am,USD,Current Account,Non-economic,-212B,-220B,-214B,2023-09-21 07:30:00
2023-09-21,9:00am,EUR,ECB President Lagarde Speaks,Medium,,,,2023-09-21 09:00:00
2023-09-21,9:00am,EUR,Consumer Confidence,Non-economic,-18,-16,-16,2023-09-21 09:00:00
2023-09-21,9:00am,USD,Existing Home Sales,Medium,4.04M,4.10M,4.07M,2023-09-21 09:00:00
2023-09-21,9:00am,USD,CB Leading Index m/m,Non-economic,-0.4%,-0.5%,-0.3%,2023-09-21 09:00:00
2023-09-21,9:30am,USD,Natural Gas Storage,Non-economic,64B,65B,57B,2023-09-21 09:30:00
2023-09-21,3:27pm,NZD,Westpac Consumer Sentiment,Non-economic,80.2,,83.1,2023-09-21 15:27:00
2023-09-21,5:45pm,NZD,Trade Balance,Non-economic,-2291M,-351M,-1177M,2023-09-21 17:45:00
2023-09-21,6:00pm,AUD,Flash Manufacturing PMI,Non-economic,48.2,,49.6,2023-09-21 18:00:00
2023-09-21,6:00pm,AUD,Flash Services PMI,Non-economic,50.5,,47.8,2023-09-21 18:00:00
2023-09-21,6:01pm,GBP,GfK Consumer Confidence,Non-economic,-21,-26,-25,2023-09-21 18:01:00
2023-09-21,6:30pm,JPY,National Core CPI y/y,Non-economic,3.1%,3.0%,3.1%,2023-09-21 18:30:00
2023-09-21,7:30pm,JPY,Flash Manufacturing PMI,Non-economic,48.6,49.9,49.6,2023-09-21 19:30:00
2023-09-21,9:52pm,JPY,Monetary Policy Statement,High,,,,2023-09-21 21:52:00
2023-09-21,9:52pm,JPY,BOJ Policy Rate,Medium,-0.10%,-0.10%,-0.10%,2023-09-21 21:52:00
2023-09-22,1:00am,GBP,Retail Sales m/m,High,0.4%,0.5%,-1.1%,2023-09-22 01:00:00
2023-09-22,1:30am,JPY,BOJ Press Conference,High,,,,2023-09-22 01:30:00
2023-09-22,2:15am,EUR,French Flash Manufacturing PMI,High,43.6,46.2,46.0,2023-09-22 02:15:00
2023-09-22,2:15am,EUR,French Flash Services PMI,High,43.9,46.0,46.0,2023-09-22 02:15:00
2023-09-22,2:30am,EUR,German Flash Manufacturing PMI,High,39.8,39.5,39.1,2023-09-22 02:30:00
2023-09-22,2:30am,EUR,German Flash Services PMI,High,49.8,47.2,47.3,2023-09-22 02:30:00
2023-09-22,3:00am,EUR,Flash Manufacturing PMI,Medium,43.4,44.0,43.5,2023-09-22 03:00:00
2023-09-22,3:00am,EUR,Flash Services PMI,Medium,48.4,47.7,47.9,2023-09-22 03:00:00
2023-09-22,3:30am,GBP,Flash Manufacturing PMI,High,44.2,43.3,43.0,2023-09-22 03:30:00
2023-09-22,3:30am,GBP,Flash Services PMI,High,47.2,49.3,49.5,2023-09-22 03:30:00
2023-09-22,5:00am,GBP,CBI Industrial Order Expectations,Non-economic,-18,-16,-15,2023-09-22 05:00:00
2023-09-22,7:30am,CAD,Core Retail Sales m/m,Medium,1.0%,0.5%,-0.7%,2023-09-22 07:30:00
2023-09-22,7:30am,CAD,Retail Sales m/m,Medium,0.3%,0.4%,0.1%,2023-09-22 07:30:00
2023-09-22,7:50am,USD,FOMC Member Cook Speaks,Non-economic,,,,2023-09-22 07:50:00
2023-09-22,8:45am,USD,Flash Manufacturing PMI,High,48.9,48.2,47.9,2023-09-22 08:45:00
2023-09-22,8:45am,USD,Flash Services PMI,High,50.2,50.7,50.5,2023-09-22 08:45:00
2023-09-22,12:00pm,USD,FOMC Member Kashkari Speaks,Non-economic,,,,2023-09-22 12:00:00
2023-09-23,9:00am,NZD,Daylight Saving Time Shift,Low,,,,2023-09-23 09:00:00
2023-09-25,12:35am,JPY,BOJ Gov Ueda Speaks,High,,,,2023-09-25 00:35:00
2023-09-25,1:00am,AUD,RBA Assist Gov Jones Speaks,Non-economic,,,,2023-09-25 01:00:00
2023-09-25,3:00am,EUR,German ifo Business Climate,High,85.7,85.1,85.8,2023-09-25 03:00:00
2023-09-25,5:00am,GBP,CBI Realized Sales,Non-economic,-14,-33,-44,2023-09-25 05:00:00
2023-09-25,8:00am,EUR,ECB President Lagarde Speaks,Medium,,,,2023-09-25 08:00:00
2023-09-25,8:00am,EUR,Belgian NBB Business Climate,Non-economic,-14.4,-10.3,-14.9,2023-09-25 08:00:00
2023-09-25,5:00pm,USD,FOMC Member Kashkari Speaks,Non-economic,,,,2023-09-25 17:00:00
2023-09-25,6:50pm,JPY,SPPI y/y,Non-economic,2.1%,1.8%,1.7%,2023-09-25 18:50:00
2023-09-26,12:00am,JPY,BOJ Core CPI y/y,Non-economic,3.3%,3.2%,3.3%,2023-09-26 00:00:00
2023-09-26,4:02am,GBP,10-y Bond Auction,Non-economic,4.32|2.6,,4.40|2.4,2023-09-26 04:02:00
2023-09-26,8:00am,CNY,CB Leading Index m/m,Non-economic,-0.3%,,-0.5%,2023-09-26 08:00:00
2023-09-26,8:00am,USD,HPI m/m,Non-economic,0.8%,0.4%,0.4%,2023-09-26 08:00:00
2023-09-26,8:03am,USD,S&P/CS Composite-20 HPI y/y,Medium,0.1%,0.0%,-1.2%,2023-09-26 08:03:00
2023-09-26,8:59am,USD,Richmond Manufacturing Index,Medium,5,-6,-7,2023-09-26 08:59:00
2023-09-26,9:00am,USD,CB Consumer Confidence,High,103.0,105.5,108.7,2023-09-26 09:00:00
2023-09-26,9:00am,USD,New Home Sales,Medium,675K,699K,739K,2023-09-26 09:00:00
2023-09-26,12:30pm,USD,FOMC Member Bowman Speaks,Non-economic,,,,2023-09-26 12:30:00
2023-09-26,3:30pm,USD,API Weekly Statistical Bulletin,Non-economic,,,,2023-09-26 15:30:00
2023-09-26,6:50pm,JPY,Monetary Policy Meeting Minutes,Non-economic,,,,2023-09-26 18:50:00
2023-09-26,8:30pm,AUD,CPI y/y,High,5.2%,5.2%,4.9%,2023-09-26 20:30:00
2023-09-27,1:00am,EUR,German GfK Consumer Climate,Non-economic,-26.5,-25.8,-25.6,2023-09-27 01:00:00
2023-09-27,3:00am,CHF,UBS Economic Expectations,Non-economic,-27.6,,-38.6,2023-09-27 03:00:00
2023-09-27,3:00am,EUR,M3 Money Supply y/y,Non-economic,-1.3%,-1.1%,-0.4%,2023-09-27 03:00:00
2023-09-27,3:00am,EUR,Private Loans y/y,Non-economic,1.0%,1.2%,1.3%,2023-09-27 03:00:00
2023-09-27,4:31am,EUR,German 10-y Bond Auction,Non-economic,2.78|2.0,,2.63|1.7,2023-09-27 04:31:00
2023-09-27,7:00am,USD,FOMC Member Kashkari Speaks,Non-economic,,,,2023-09-27 07:00:00
2023-09-27,7:30am,USD,Core Durable Goods Orders m/m,Medium,0.4%,0.2%,0.4%,2023-09-27 07:30:00
2023-09-27,7:30am,USD,Durable Goods Orders m/m,Medium,0.2%,-0.5%,-5.6%,2023-09-27 07:30:00
2023-09-27,8:00am,CHF,SNB Quarterly Bulletin,Non-economic,,,,2023-09-27 08:00:00
2023-09-27,9:30am,USD,Crude Oil Inventories,Non-economic,-2.2M,-0.7M,-2.1M,2023-09-27 09:30:00
2023-09-27,11:45am,CHF,SNB Chairman Jordan Speaks,Medium,,,,2023-09-27 11:45:00
2023-09-27,7:00pm,NZD,ANZ Business Confidence,Non-economic,1.5,,-3.7,2023-09-27 19:00:00
2023-09-27,8:30pm,AUD,Retail Sales m/m,Medium,0.2%,0.3%,0.5%,2023-09-27 20:30:00
2023-09-28,All Day,EUR,German Prelim CPI m/m,High,0.3%,0.3%,0.3%,2023-09-28 00:00:00
2023-09-28,2:00am,EUR,Spanish Flash CPI y/y,High,3.5%,3.5%,2.6%,2023-09-28 02:00:00
2023-09-28,4:16am,EUR,Italian 10-y Bond Auction,Non-economic,4.93|1.4,,4.20|1.6,2023-09-28 04:16:00
2023-09-28,7:30am,USD,Final GDP q/q,High,2.1%,2.2%,2.1%,2023-09-28 07:30:00
2023-09-28,7:30am,USD,Unemployment Claims,High,204K,214K,202K,2023-09-28 07:30:00
2023-09-28,7:30am,USD,Final GDP Price Index q/q,Medium,1.7%,2.0%,2.0%,2023-09-28 07:30:00
2023-09-28,8:00am,USD,FOMC Member Goolsbee Speaks,Non-economic,,,,2023-09-28 08:00:00
2023-09-28,9:00am,USD,Pending Home Sales m/m,Medium,-7.1%,-1.1%,0.5%,2023-09-28 09:00:00
2023-09-28,9:03am,EUR,ECB Economic Bulletin,Non-economic,,,,2023-09-28 09:03:00
2023-09-28,9:30am,USD,Natural Gas Storage,Non-economic,90B,90B,64B,2023-09-28 09:30:00
2023-09-28,12:00pm,USD,FOMC Member Cook Speaks,Non-economic,,,,2023-09-28 12:00:00
2023-09-28,3:00pm,USD,Fed Chairman Powell Speaks,High,,,,2023-09-28 15:00:00
2023-09-28,6:30pm,JPY,Tokyo Core CPI y/y,Medium,2.5%,2.6%,2.8%,2023-09-28 18:30:00
2023-09-28,6:30pm,JPY,Unemployment Rate,Non-economic,2.7%,2.6%,2.7%,2023-09-28 18:30:00
2023-09-28,6:50pm,JPY,Prelim Industrial Production m/m,Non-economic,0.0%,-0.7%,-1.8%,2023-09-28 18:50:00
2023-09-28,6:50pm,JPY,Retail Sales y/y,Non-economic,7.0%,6.6%,7.0%,2023-09-28 18:50:00
2023-09-28,All Day,CNY,Bank Holiday,Low,,,,2023-09-28 00:00:00
2023-09-28,8:30pm,AUD,Private Sector Credit m/m,Non-economic,0.4%,0.3%,0.3%,2023-09-28 20:30:00
2023-09-29,12:00am,JPY,Consumer Confidence,Non-economic,35.2,36.2,36.2,2023-09-29 00:00:00
2023-09-29,12:00am,JPY,Housing Starts y/y,Non-economic,-9.4%,-8.7%,-6.7%,2023-09-29 00:00:00
2023-09-29,1:00am,EUR,German Import Prices m/m,Non-economic,0.4%,0.6%,-0.6%,2023-09-29 01:00:00
2023-09-29,1:00am,EUR,German Retail Sales m/m,Non-economic,-1.2%,0.5%,-1.0%,2023-09-29 01:00:00
2023-09-29,1:00am,GBP,Current Account,Non-economic,-25.3B,-14.5B,-15.2B,2023-09-29 01:00:00
2023-09-29,1:00am,GBP,Final GDP q/q,Non-economic,0.2%,0.2%,0.2%,2023-09-29 01:00:00
2023-09-29,1:00am,GBP,Revised Business Investment q/q,Non-economic,4.1%,3.2%,3.4%,2023-09-29 01:00:00
2023-09-29,1:45am,EUR,French Consumer Spending m/m,Non-economic,-0.5%,-0.4%,0.4%,2023-09-29 01:45:00
2023-09-29,1:45am,EUR,French Prelim CPI m/m,Non-economic,-0.5%,-0.3%,1.0%,2023-09-29 01:45:00
2023-09-29,2:00am,CHF,KOF Economic Barometer,Non-economic,95.9,90.6,96.2,2023-09-29 02:00:00
2023-09-29,2:40am,EUR,ECB President Lagarde Speaks,Medium,,,,2023-09-29 02:40:00
2023-09-29,2:55am,EUR,German Unemployment Change,Non-economic,10K,15K,20K,2023-09-29 02:55:00
2023-09-29,3:30am,GBP,M4 Money Supply m/m,Non-economic,0.2%,0.2%,-0.6%,2023-09-29 03:30:00
2023-09-29,3:30am,GBP,Mortgage Approvals,Non-economic,45K,48K,50K,2023-09-29 03:30:00
2023-09-29,3:30am,GBP,Net Lending to Individuals m/m,Non-economic,2.9B,1.5B,1.5B,2023-09-29 03:30:00
2023-09-29,4:00am,EUR,Core CPI Flash Estimate y/y,Medium,4.5%,4.8%,5.3%,2023-09-29 04:00:00
2023-09-29,4:00am,EUR,CPI Flash Estimate y/y,Medium,4.3%,4.5%,5.2%,2023-09-29 04:00:00
2023-09-29,4:00am,EUR,Italian Prelim CPI m/m,Non-economic,0.2%,-0.1%,0.3%,2023-09-29 04:00:00
2023-09-29,7:30am,CAD,GDP m/m,High,0.0%,0.1%,-0.2%,2023-09-29 07:30:00
2023-09-29,7:30am,USD,Core PCE Price Index m/m,High,0.1%,0.2%,0.2%,2023-09-29 07:30:00
2023-09-29,7:30am,USD,Goods Trade Balance,Non-economic,-84.3B,-91.4B,-90.9B,2023-09-29 07:30:00
2023-09-29,7:30am,USD,Personal Income m/m,Non-economic,0.4%,0.4%,0.2%,2023-09-29 07:30:00
2023-09-29,7:30am,USD,Personal Spending m/m,Non-economic,0.4%,0.5%,0.9%,2023-09-29 07:30:00
2023-09-29,7:30am,USD,Prelim Wholesale Inventories m/m,Non-economic,-0.1%,-0.1%,-0.2%,2023-09-29 07:30:00
2023-09-29,8:45am,USD,Chicago PMI,Medium,44.1,47.5,48.7,2023-09-29 08:45:00
2023-09-29,9:00am,USD,Revised UoM Consumer Sentiment,High,68.1,67.7,67.7,2023-09-29 09:00:00
2023-09-29,9:00am,USD,Revised UoM Inflation Expectations,Non-economic,3.2%,,3.1%,2023-09-29 09:00:00
2023-09-29,8:30pm,CNY,Manufacturing PMI,High,50.2,50.2,49.7,2023-09-29 20:30:00
2023-09-29,8:30pm,CNY,Non-Manufacturing PMI,Medium,51.7,51.5,51.0,2023-09-29 20:30:00
2023-09-30,1:01am,JPY,BOJ Gov Ueda Speaks,High,,,,2023-09-30 01:01:00
2023-09-30,9:00am,GBP,MPC Member Cunliffe Speaks,Non-economic,,,,2023-09-30 09:00:00
2023-09-30,11:00am,AUD,Daylight Saving Time Shift,Low,,,,2023-09-30 11:00:00
2023-09-30,8:45pm,CNY,RatingDog Manufacturing PMI,Medium,50.6,51.1,51.0,2023-09-30 20:45:00
2023-09-30,8:45pm,CNY,RatingDog Services PMI,Medium,50.2,52.0,51.8,2023-09-30 20:45:00
2023-10-01,All Day,AUD,Bank Holiday,Low,,,,2023-10-01 00:00:00
2023-10-01,4:45pm,NZD,Building Consents m/m,Non-economic,-6.7%,,-5.4%,2023-10-01 16:45:00
2023-10-01,6:50pm,JPY,BOJ Summary of Opinions,Non-economic,,,,2023-10-01 18:50:00
2023-10-01,6:50pm,JPY,Tankan Manufacturing Index,Non-economic,9,6,5,2023-10-01 18:50:00
2023-10-01,6:50pm,JPY,Tankan Non-Manufacturing Index,Non-economic,27,24,23,2023-10-01 18:50:00
2023-10-01,7:00pm,AUD,MI Inflation Gauge m/m,Non-economic,0.0%,,0.2%,2023-10-01 19:00:00
2023-10-01,All Day,CNY,Bank Holiday,Low,,,,2023-10-01 00:00:00
2023-10-01,7:30pm,JPY,Final Manufacturing PMI,Non-economic,48.5,48.6,48.6,2023-10-01 19:30:00
2023-10-02,1:00am,GBP,Nationwide HPI m/m,Non-economic,0.0%,-0.4%,-0.8%,2023-10-02 01:00:00
2023-10-02,1:30am,CHF,Retail Sales y/y,Non-economic,-1.8%,-1.8%,-2.5%,2023-10-02 01:30:00
2023-10-02,2:15am,EUR,Spanish Manufacturing PMI,Non-economic,47.7,46.6,46.5,2023-10-02 02:15:00
2023-10-02,2:30am,CHF,Manufacturing PMI,Non-economic,44.9,40.6,39.9,2023-10-02 02:30:00
2023-10-02,2:45am,EUR,Italian Manufacturing PMI,Non-economic,46.8,45.8,45.4,2023-10-02 02:45:00
2023-10-02,2:50am,EUR,French Final Manufacturing PMI,Non-economic,44.2,43.6,43.6,2023-10-02 02:50:00
2023-10-02,2:55am,EUR,German Final Manufacturing PMI,Non-economic,39.6,39.8,39.8,2023-10-02 02:55:00
2023-10-02,3:00am,EUR,Final Manufacturing PMI,Non-economic,43.4,43.4,43.4,2023-10-02 03:00:00
2023-10-02,3:00am,EUR,Italian Monthly Unemployment Rate,Non-economic,7.3%,7.7%,7.5%,2023-10-02 03:00:00
2023-10-02,3:30am,GBP,Final Manufacturing PMI,Non-economic,44.3,44.2,44.2,2023-10-02 03:30:00
2023-10-02,4:00am,EUR,Unemployment Rate,Non-economic,6.4%,6.4%,6.5%,2023-10-02 04:00:00
2023-10-02,All Day,CAD,Bank Holiday,Low,,,,2023-10-02 00:00:00
2023-10-02,8:30am,CAD,Manufacturing PMI,Non-economic,47.5,,48.0,2023-10-02 08:30:00
2023-10-02,8:45am,USD,Final Manufacturing PMI,Non-economic,49.8,48.9,48.9,2023-10-02 08:45:00
2023-10-02,9:00am,USD,ISM Manufacturing PMI,High,49.0,47.8,47.6,2023-10-02 09:00:00
2023-10-02,9:00am,USD,ISM Manufacturing Prices,Medium,43.8,48.9,48.4,2023-10-02 09:00:00
2023-10-02,9:00am,USD,Construction Spending m/m,Non-economic,0.5%,0.6%,0.9%,2023-10-02 09:00:00
2023-10-02,10:00am,GBP,MPC Member Mann Speaks,Non-economic,,,,2023-10-02 10:00:00
2023-10-02,10:00am,USD,Fed Chairman Powell Speaks,High,,,,2023-10-02 10:00:00
2023-10-02,10:00am,USD,FOMC Member Harker Speaks,Medium,,,,2023-10-02 10:00:00
2023-10-02,12:00pm,USD,FOMC Member Barr Speaks,Non-economic,,,,2023-10-02 12:00:00
2023-10-02,4:00pm,NZD,NZIER Business Confidence,Non-economic,-52,,-63,2023-10-02 16:00:00
2023-10-02,6:01pm,GBP,BRC Shop Price Index y/y,Non-economic,6.2%,,6.9%,2023-10-02 18:01:00
2023-10-02,6:50pm,JPY,Monetary Base y/y,Non-economic,5.6%,1.6%,1.2%,2023-10-02 18:50:00
2023-10-02,All Day,CNY,Bank Holiday,Low,,,,2023-10-02 00:00:00
2023-10-02,7:30pm,AUD,ANZ Job Advertisements m/m,Non-economic,-0.1%,,1.7%,2023-10-02 19:30:00
2023-10-02,7:30pm,AUD,Building Approvals m/m,Non-economic,7.0%,2.7%,-7.4%,2023-10-02 19:30:00
2023-10-02,10:30pm,AUD,Cash Rate,High,4.10%,4.10%,4.10%,2023-10-02 22:30:00
2023-10-02,10:30pm,AUD,RBA Rate Statement,High,,,,2023-10-02 22:30:00
2023-10-02,10:35pm,JPY,10-y Bond Auction,Non-economic,0.77|3.9,,0.66|4.0,2023-10-02 22:35:00
2023-10-03,12:30am,AUD,Commodity Prices y/y,Non-economic,-22.0%,,-22.9%,2023-10-03 00:30:00
2023-10-03,1:30am,CHF,CPI m/m,High,-0.1%,0.0%,0.2%,2023-10-03 01:30:00
2023-10-03,1:45am,EUR,French Gov Budget Balance,Non-economic,-187.9B,,-169.0B,2023-10-03 01:45:00
2023-10-03,2:00am,EUR,Spanish Unemployment Change,Non-economic,19.8K,-12.2K,24.8K,2023-10-03 02:00:00
2023-10-03,All Day,EUR,German Bank Holiday,Low,,,,2023-10-03 00:00:00
2023-10-03,4:03am,GBP,30-y Bond Auction,Non-economic,4.94|2.8,,4.70|2.4,2023-10-03 04:03:00
2023-10-03,7:25am,CAD,Gov Council Member Vincent Speaks,Non-economic,,,,2023-10-03 07:25:00
2023-10-03,9:00am,USD,JOLTS Job Openings,High,9.61M,8.81M,8.92M,2023-10-03 09:00:00
2023-10-03,9:00am,USD,RCM/TIPP Economic Optimism,Non-economic,36.3,41.6,43.2,2023-10-03 09:00:00
2023-10-03,All Day,USD,Wards Total Vehicle Sales,Non-economic,15.7M,15.4M,15.0M,2023-10-03 00:00:00
2023-10-03,10:11am,NZD,GDT Price Index,Non-economic,4.4%,,4.6%,2023-10-03 10:11:00
2023-10-03,3:30pm,USD,API Weekly Statistical Bulletin,Non-economic,,,,2023-10-03 15:30:00
2023-10-03,All Day,CNY,Bank Holiday,Low,,,,2023-10-03 00:00:00
2023-10-03,8:00pm,NZD,Official Cash Rate,High,5.50%,5.50%,5.50%,2023-10-03 20:00:00
2023-10-03,8:00pm,NZD,RBNZ Rate Statement,High,,,,2023-10-03 20:00:00
2023-10-04,2:15am,EUR,Spanish Services PMI,Non-economic,50.5,49.7,49.3,2023-10-04 02:15:00
2023-10-04,2:45am,EUR,Italian Services PMI,Non-economic,49.9,50.1,49.8,2023-10-04 02:45:00
2023-10-04,2:50am,EUR,French Final Services PMI,Non-economic,44.4,43.9,43.9,2023-10-04 02:50:00
2023-10-04,2:55am,EUR,German Final Services PMI,Non-economic,50.3,49.8,49.8,2023-10-04 02:55:00
2023-10-04,3:00am,EUR,Final Services PMI,Non-economic,48.7,48.4,48.4,2023-10-04 03:00:00
2023-10-04,3:15am,EUR,ECB President Lagarde Speaks,Medium,,,,2023-10-04 03:15:00
2023-10-04,3:30am,GBP,Final Services PMI,Non-economic,49.3,47.2,47.2,2023-10-04 03:30:00
2023-10-04,4:00am,EUR,PPI m/m,Non-economic,0.6%,0.6%,-0.5%,2023-10-04 04:00:00
2023-10-04,4:00am,EUR,Retail Sales m/m,Non-economic,-1.2%,-0.5%,-0.1%,2023-10-04 04:00:00
2023-10-04,All Day,All,OPEC-JMMC Meetings,Medium,,,,2023-10-04 00:00:00
2023-10-04,7:15am,USD,ADP Non-Farm Employment Change,High,89K,154K,180K,2023-10-04 07:15:00
2023-10-04,8:45am,USD,Final Services PMI,Non-economic,50.1,50.2,50.2,2023-10-04 08:45:00
2023-10-04,9:00am,USD,ISM Services PMI,High,53.6,53.5,54.5,2023-10-04 09:00:00
2023-10-04,9:00am,USD,Factory Orders m/m,Non-economic,1.2%,0.2%,-2.1%,2023-10-04 09:00:00
2023-10-04,9:25am,USD,FOMC Member Bowman Speaks,Non-economic,,,,2023-10-04 09:25:00
2023-10-04,9:30am,USD,Crude Oil Inventories,Non-economic,-2.2M,-0.1M,-2.2M,2023-10-04 09:30:00
2023-10-04,9:30am,USD,FOMC Member Goolsbee Speaks,Non-economic,,,,2023-10-04 09:30:00
2023-10-04,11:00am,EUR,ECB President Lagarde Speaks,Medium,,,,2023-10-04 11:00:00
2023-10-04,7:00pm,NZD,ANZ Commodity Prices m/m,Non-economic,1.3%,,-2.9%,2023-10-04 19:00:00
2023-10-04,All Day,CNY,Bank Holiday,Low,,,,2023-10-04 00:00:00
2023-10-04,7:30pm,AUD,Goods Trade Balance,Non-economic,9.64B,8.62B,7.32B,2023-10-04 19:30:00
2023-10-04,8:30pm,AUD,Household Spending m/m,Non-economic,2.4%,,-2.7%,2023-10-04 20:30:00
2023-10-04,10:35pm,JPY,30-y Bond Auction,Non-economic,1.69|3.1,,1.64|3.5,2023-10-04 22:35:00
2023-10-05,1:00am,EUR,German Trade Balance,Non-economic,16.6B,14.9B,16.0B,2023-10-05 01:00:00
2023-10-05,1:45am,EUR,French Industrial Production m/m,Non-economic,-0.3%,-0.4%,0.5%,2023-10-05 01:45:00
2023-10-05,3:30am,GBP,Construction PMI,Medium,45.0,50.0,50.8,2023-10-05 03:30:00
2023-10-05,3:30am,GBP,Housing Equity Withdrawal q/q,Non-economic,-23.2B,-14.5B,-22.2B,2023-10-05 03:30:00
2023-10-05,3:40am,EUR,Spanish 10-y Bond Auction,Non-economic,3.98|2.3,,3.66|1.7,2023-10-05 03:40:00
2023-10-05,3:55am,EUR,French 10-y Bond Auction,Non-economic,3.56|1.9,,3.15|1.7,2023-10-05 03:55:00
2023-10-05,4:45am,GBP,MPC Member Broadbent Speaks,Non-economic,,,,2023-10-05 04:45:00
2023-10-05,6:30am,USD,Challenger Job Cuts y/y,Non-economic,58.2%,,266.9%,2023-10-05 06:30:00
2023-10-05,7:30am,CAD,Trade Balance,Non-economic,0.7B,-1.4B,-0.4B,2023-10-05 07:30:00
2023-10-05,7:30am,USD,Unemployment Claims,High,207K,211K,205K,2023-10-05 07:30:00
2023-10-05,7:30am,USD,Trade Balance,Non-economic,-58.3B,-60.5B,-64.7B,2023-10-05 07:30:00
2023-10-05,8:00am,EUR,German Buba President Nagel Speaks,Non-economic,,,,2023-10-05 08:00:00
2023-10-05,9:00am,CAD,Ivey PMI,Medium,53.1,50.8,53.5,2023-10-05 09:00:00
2023-10-05,9:30am,USD,Natural Gas Storage,Non-economic,86B,97B,90B,2023-10-05 09:30:00
2023-10-05,10:00am,EUR,German Buba President Nagel Speaks,Non-economic,,,,2023-10-05 10:00:00
2023-10-05,11:15am,USD,FOMC Member Barr Speaks,Non-economic,,,,2023-10-05 11:15:00
2023-10-05,6:30pm,JPY,Average Cash Earnings y/y,Non-economic,1.1%,1.5%,1.1%,2023-10-05 18:30:00
2023-10-05,6:30pm,JPY,Household Spending y/y,Non-economic,-2.5%,-4.0%,-5.0%,2023-10-05 18:30:00
2023-10-05,All Day,CNY,Bank Holiday,Low,,,,2023-10-05 00:00:00
2023-10-05,7:30pm,AUD,RBA Financial Stability Review,Non-economic,,,,2023-10-05 19:30:00
2023-10-06,12:00am,JPY,Leading Indicators,Non-economic,109.5%,109.0%,108.2%,2023-10-06 00:00:00
2023-10-06,12:45am,CHF,Unemployment Rate,Non-economic,2.1%,2.1%,2.1%,2023-10-06 00:45:00
2023-10-06,1:00am,EUR,German Factory Orders m/m,Non-economic,3.9%,1.6%,-11.3%,2023-10-06 01:00:00
2023-10-06,1:00am,GBP,Halifax HPI m/m,Non-economic,-0.4%,-0.8%,-1.8%,2023-10-06 01:00:00
2023-10-06,1:45am,EUR,French Trade Balance,Non-economic,-8.2B,-8.9B,-8.1B,2023-10-06 01:45:00
2023-10-06,2:00am,CHF,Foreign Currency Reserves,Medium,678B,,694B,2023-10-06 02:00:00
2023-10-06,3:00am,EUR,Italian Retail Sales m/m,Non-economic,-0.4%,0.0%,0.4%,2023-10-06 03:00:00
2023-10-06,7:30am,CAD,Employment Change,High,63.8K,22.1K,39.9K,2023-10-06 07:30:00
2023-10-06,7:30am,CAD,Unemployment Rate,High,5.5%,5.6%,5.5%,2023-10-06 07:30:00
2023-10-06,7:30am,USD,Average Hourly Earnings m/m,High,0.2%,0.3%,0.2%,2023-10-06 07:30:00
2023-10-06,7:30am,USD,Non-Farm Employment Change,High,336K,171K,227K,2023-10-06 07:30:00
2023-10-06,7:30am,USD,Unemployment Rate,High,3.8%,3.7%,3.8%,2023-10-06 07:30:00
2023-10-06,11:00am,USD,FOMC Member Waller Speaks,Medium,,,,2023-10-06 11:00:00
2023-10-06,11:21am,USD,President Biden Speaks,Non-economic,,,,2023-10-06 11:21:00
2023-10-06,2:00pm,USD,Consumer Credit m/m,Non-economic,-15.6B,11.7B,11.0B,2023-10-06 14:00:00
2023-10-08,All Day,JPY,Bank Holiday,Low,,,,2023-10-08 00:00:00
2023-10-09,1:00am,EUR,German Industrial Production m/m,Non-economic,-0.2%,-0.1%,-0.6%,2023-10-09 01:00:00
2023-10-09,3:30am,EUR,Sentix Investor Confidence,Non-economic,-21.9,-24.0,-21.5,2023-10-09 03:30:00
2023-10-09,All Day,CAD,Bank Holiday,Low,,,,2023-10-09 00:00:00
2023-10-09,All Day,USD,Bank Holiday,Low,,,,2023-10-09 00:00:00
2023-10-09,8:00am,USD,FOMC Member Logan Speaks,Non-economic,,,,2023-10-09 08:00:00
2023-10-09,8:15am,USD,FOMC Member Barr Speaks,Non-economic,,,,2023-10-09 08:15:00
2023-10-09,Day 1,All,IMF Meetings,Non-economic,,,,2023-10-09 00:00:00
2023-10-09,11:50am,USD,FOMC Member Jefferson Speaks,Non-economic,,,,2023-10-09 11:50:00
2023-10-09,3:00pm,GBP,MPC Member Mann Speaks,Non-economic,,,,2023-10-09 15:00:00
2023-10-09,6:01pm,GBP,BRC Retail Sales Monitor y/y,Non-economic,2.8%,3.1%,4.3%,2023-10-09 18:01:00
2023-10-09,6:30pm,AUD,Westpac Consumer Sentiment,Non-economic,2.9%,,-1.5%,2023-10-09 18:30:00
2023-10-09,6:50pm,JPY,Current Account,Non-economic,1.63T,2.41T,2.77T,2023-10-09 18:50:00
2023-10-09,7:30pm,AUD,NAB Business Confidence,Medium,1,,1,2023-10-09 19:30:00
2023-10-10,12:00am,JPY,Economy Watchers Sentiment,Non-economic,49.9,53.2,53.6,2023-10-10 00:00:00
2023-10-10,3:00am,EUR,Italian Industrial Production m/m,Non-economic,0.2%,-0.3%,-0.9%,2023-10-10 03:00:00
2023-10-10,4:30am,GBP,FPC Meeting Minutes,Non-economic,,,,2023-10-10 04:30:00
2023-10-10,4:30am,GBP,FPC Statement,Non-economic,,,,2023-10-10 04:30:00
2023-10-10,4:56am,USD,NFIB Small Business Index,Non-economic,90.8,91.1,91.3,2023-10-10 04:56:00
2023-10-10,7:00am,EUR,ECB President Lagarde Speaks,Medium,,,,2023-10-10 07:00:00
2023-10-10,9:00am,USD,Final Wholesale Inventories m/m,Non-economic,-0.1%,-0.1%,-0.1%,2023-10-10 09:00:00
2023-10-10,Day 2,All,IMF Meetings,Non-economic,,,,2023-10-10 00:00:00
2023-10-10,12:00pm,USD,FOMC Member Waller Speaks,Medium,,,,2023-10-10 12:00:00
2023-10-10,2:00pm,USD,FOMC Member Kashkari Speaks,Non-economic,,,,2023-10-10 14:00:00
2023-10-10,4:45pm,NZD,Visitor Arrivals m/m,Non-economic,-4.1%,,1.8%,2023-10-10 16:45:00
2023-10-10,7:30pm,AUD,RBA Assist Gov Kent Speaks,Non-economic,,,,2023-10-10 19:30:00
2023-10-11,12:58am,JPY,Prelim Machine Tool Orders y/y,Non-economic,-11.2%,,-17.6%,2023-10-11 00:58:00
2023-10-11,1:00am,EUR,German Final CPI m/m,Non-economic,0.3%,0.3%,0.3%,2023-10-11 01:00:00
2023-10-11,3:15am,USD,FOMC Member Bowman Speaks,Non-economic,,,,2023-10-11 03:15:00
2023-10-11,4:07am,GBP,10-y Bond Auction,Non-economic,4.44|3.1,,4.32|2.6,2023-10-11 04:07:00
2023-10-11,4:30am,EUR,German 30-y Bond Auction,Non-economic,2.87|2.9,,2.79|2.3,2023-10-11 04:30:00
2023-10-11,7:30am,CAD,Building Permits m/m,Non-economic,3.4%,1.5%,-3.8%,2023-10-11 07:30:00
2023-10-11,7:30am,USD,Core PPI m/m,High,0.3%,0.2%,0.2%,2023-10-11 07:30:00
2023-10-11,7:30am,USD,PPI m/m,High,0.5%,0.3%,0.7%,2023-10-11 07:30:00
2023-10-11,9:15am,USD,FOMC Member Waller Speaks,Medium,,,,2023-10-11 09:15:00
2023-10-11,Day 3,All,IMF Meetings,Non-economic,,,,2023-10-11 00:00:00
2023-10-11,12:01pm,USD,10-y Bond Auction,Non-economic,4.61|2.5,,4.29|2.5,2023-10-11 12:01:00
2023-10-11,1:00pm,USD,FOMC Meeting Minutes,High,,,,2023-10-11 13:00:00
2023-10-11,3:30pm,USD,API Weekly Statistical Bulletin,Non-economic,,,,2023-10-11 15:30:00
2023-10-11,4:45pm,NZD,FPI m/m,Non-economic,-0.4%,,0.5%,2023-10-11 16:45:00
2023-10-11,6:01pm,GBP,RICS House Price Balance,Non-economic,-69%,-60%,-68%,2023-10-11 18:01:00
2023-10-11,6:50pm,JPY,Bank Lending y/y,Non-economic,2.9%,3.1%,3.1%,2023-10-11 18:50:00
2023-10-11,6:50pm,JPY,Core Machinery Orders m/m,Non-economic,-0.5%,0.7%,-1.1%,2023-10-11 18:50:00
2023-10-11,6:50pm,JPY,PPI y/y,Non-economic,2.0%,2.4%,3.3%,2023-10-11 18:50:00
2023-10-11,7:00pm,AUD,MI Inflation Expectations,Non-economic,4.8%,,4.6%,2023-10-11 19:00:00
2023-10-12,1:00am,GBP,GDP m/m,High,0.2%,0.2%,-0.6%,2023-10-12 01:00:00
2023-10-12,1:00am,GBP,Construction Output m/m,Non-economic,-0.5%,0.0%,-0.4%,2023-10-12 01:00:00
2023-10-12,1:00am,GBP,Goods Trade Balance,Non-economic,-16.0B,-14.8B,-13.9B,2023-10-12 01:00:00
2023-10-12,1:00am,GBP,Index of Services 3m/3m,Non-economic,0.1%,0.1%,-0.1%,2023-10-12 01:00:00
2023-10-12,1:00am,GBP,Industrial Production m/m,Non-economic,-0.7%,-0.2%,-1.1%,2023-10-12 01:00:00
2023-10-12,1:00am,GBP,Manufacturing Production m/m,Non-economic,-0.8%,-0.3%,-1.2%,2023-10-12 01:00:00
2023-10-12,3:30am,GBP,BOE Credit Conditions Survey,Non-economic,,,,2023-10-12 03:30:00
2023-10-12,4:00am,GBP,MPC Member Pill Speaks,Non-economic,,,,2023-10-12 04:00:00
2023-10-12,6:30am,EUR,ECB Monetary Policy Meeting Accounts,Non-economic,,,,2023-10-12 06:30:00
2023-10-12,7:18am,GBP,NIESR GDP Estimate,Non-economic,-0.1%,,0.3%,2023-10-12 07:18:00
2023-10-12,7:30am,USD,Core CPI m/m,High,0.3%,0.3%,0.3%,2023-10-12 07:30:00
2023-10-12,7:30am,USD,CPI m/m,High,0.4%,0.3%,0.6%,2023-10-12 07:30:00
2023-10-12,7:30am,USD,CPI y/y,High,3.7%,3.6%,3.7%,2023-10-12 07:30:00
2023-10-12,7:30am,USD,Unemployment Claims,High,209K,211K,209K,2023-10-12 07:30:00
2023-10-12,Day 4,All,IMF Meetings,Non-economic,,,,2023-10-12 00:00:00
2023-10-12,9:30am,USD,Natural Gas Storage,Non-economic,84B,85B,86B,2023-10-12 09:30:00
2023-10-12,10:00am,USD,Crude Oil Inventories,Non-economic,10.2M,-0.4M,-2.2M,2023-10-12 10:00:00
2023-10-12,12:01pm,USD,30-y Bond Auction,Non-economic,4.84|2.3,,4.35|2.5,2023-10-12 12:01:00
2023-10-12,4:30pm,NZD,BusinessNZ Manufacturing Index,Non-economic,45.3,,46.1,2023-10-12 16:30:00
2023-10-12,6:50pm,JPY,M2 Money Stock y/y,Non-economic,2.4%,2.4%,2.5%,2023-10-12 18:50:00
2023-10-12,8:30pm,CNY,CPI y/y,High,0.0%,0.2%,0.1%,2023-10-12 20:30:00
2023-10-12,8:30pm,CNY,PPI y/y,Medium,-2.5%,-2.4%,-3.0%,2023-10-12 20:30:00
2023-10-12,10:09pm,CNY,Trade Balance,Non-economic,559B,510B,488B,2023-10-12 22:09:00
2023-10-12,10:10pm,CNY,USD-Denominated Trade Balance,Non-economic,77.7B,70.3B,68.4B,2023-10-12 22:10:00
2023-10-13,1:30am,CHF,PPI m/m,Non-economic,-0.1%,0.2%,-0.2%,2023-10-13 01:30:00
2023-10-13,1:45am,EUR,German Buba President Nagel Speaks,Non-economic,,,,2023-10-13 01:45:00
2023-10-13,1:45am,EUR,French Final CPI m/m,Non-economic,-0.5%,-0.5%,-0.5%,2023-10-13 01:45:00
2023-10-13,3:00am,GBP,BOE Gov Bailey Speaks,High,,,,2023-10-13 03:00:00
2023-10-13,3:02am,CNY,New Loans,Medium,2310B,2500B,1360B,2023-10-13 03:02:00
2023-10-13,3:02am,CNY,M2 Money Supply y/y,Non-economic,10.3%,10.7%,10.6%,2023-10-13 03:02:00
2023-10-13,4:00am,EUR,Industrial Production m/m,Non-economic,0.6%,0.1%,-1.3%,2023-10-13 04:00:00
2023-10-13,7:30am,USD,Import Prices m/m,Non-economic,0.1%,0.6%,0.6%,2023-10-13 07:30:00
2023-10-13,8:00am,EUR,ECB President Lagarde Speaks,Medium,,,,2023-10-13 08:00:00
2023-10-13,8:00am,USD,FOMC Member Harker Speaks,Medium,,,,2023-10-13 08:00:00
2023-10-13,8:30am,GBP,CB Leading Index m/m,Non-economic,-0.8%,,-0.8%,2023-10-13 08:30:00
2023-10-13,9:00am,USD,Prelim UoM Consumer Sentiment,High,63.0,67.2,68.1,2023-10-13 09:00:00
2023-10-13,9:00am,USD,Prelim UoM Inflation Expectations,Medium,3.8%,,3.2%,2023-10-13 09:00:00
2023-10-13,Day 5,All,IMF Meetings,Non-economic,,,,2023-10-13 00:00:00
2023-10-13,11:30am,GBP,MPC Member Cunliffe Speaks,Non-economic,,,,2023-10-13 11:30:00
2023-10-13,All Day,NZD,Parliamentary Elections,High,,,,2023-10-13 00:00:00
2023-10-14,7:00am,EUR,German Buba President Nagel Speaks,Non-economic,,,,2023-10-14 07:00:00
2023-10-14,Day 6,All,IMF Meetings,Non-economic,,,,2023-10-14 00:00:00
2023-10-14,10:00am,GBP,BOE Gov Bailey Speaks,High,,,,2023-10-14 10:00:00
2023-10-14,10:10am,EUR,ECB President Lagarde Speaks,Medium,,,,2023-10-14 10:10:00
2023-10-15,Day 7,All,IMF Meetings,Non-economic,,,,2023-10-15 00:00:00
2023-10-15,4:30pm,NZD,BusinessNZ Services Index,Non-economic,50.7,,47.7,2023-10-15 16:30:00
2023-10-15,6:01pm,GBP,Rightmove HPI m/m,Non-economic,0.5%,,0.4%,2023-10-15 18:01:00
2023-10-15,6:15pm,AUD,RBA Assist Gov Jones Speaks,Non-economic,,,,2023-10-15 18:15:00
2023-10-15,11:30pm,JPY,Revised Industrial Production m/m,Non-economic,-0.7%,0.0%,0.0%,2023-10-15 23:30:00
2023-10-16,1:00am,EUR,German WPI m/m,Non-economic,0.2%,0.3%,0.2%,2023-10-16 01:00:00
2023-10-16,3:30am,GBP,MPC Member Pill Speaks,Non-economic,,,,2023-10-16 03:30:00
2023-10-16,4:00am,EUR,Trade Balance,Non-economic,11.9B,5.4B,3.5B,2023-10-16 04:00:00
2023-10-16,All Day,EUR,Eurogroup Meetings,Non-economic,,,,2023-10-16 00:00:00
2023-10-16,7:30am,CAD,Manufacturing Sales m/m,Non-economic,0.7%,1.1%,1.6%,2023-10-16 07:30:00
2023-10-16,7:30am,CAD,Wholesale Sales m/m,Non-economic,2.3%,2.5%,0.0%,2023-10-16 07:30:00
2023-10-16,7:30am,USD,Empire State Manufacturing Index,High,-4.6,-6.4,1.9,2023-10-16 07:30:00
2023-10-16,9:30am,CAD,BOC Business Outlook Survey,Medium,,,,2023-10-16 09:30:00
2023-10-16,9:30am,USD,FOMC Member Harker Speaks,Medium,,,,2023-10-16 09:30:00
2023-10-16,3:30pm,USD,FOMC Member Harker Speaks,Medium,,,,2023-10-16 15:30:00
2023-10-16,4:45pm,NZD,CPI q/q,High,1.8%,1.9%,1.1%,2023-10-16 16:45:00
2023-10-16,7:30pm,AUD,Monetary Policy Meeting Minutes,High,,,,2023-10-16 19:30:00
2023-10-16,11:30pm,JPY,Tertiary Industry Activity m/m,Non-economic,-0.1%,0.4%,1.1%,2023-10-16 23:30:00
2023-10-17,1:00am,GBP,Average Earnings Index 3m/y,High,8.1%,8.3%,8.5%,2023-10-17 01:00:00
2023-10-17,4:00am,EUR,German ZEW Economic Sentiment,Medium,-1.1,-9.1,-11.4,2023-10-17 04:00:00
2023-10-17,4:00am,EUR,ZEW Economic Sentiment,Non-economic,2.3,-7.7,-8.9,2023-10-17 04:00:00
2023-10-17,4:03am,GBP,30-y Bond Auction,Non-economic,4.93|2.6,,4.94|2.8,2023-10-17 04:03:00
2023-10-17,4:05am,GBP,MPC Member Dhingra Speaks,Non-economic,,,,2023-10-17 04:05:00
2023-10-17,All Day,EUR,ECOFIN Meetings,Non-economic,,,,2023-10-17 00:00:00
2023-10-17,7:00am,USD,FOMC Member Williams Speaks,Non-economic,,,,2023-10-17 07:00:00
2023-10-17,7:30am,CAD,CPI m/m,High,-0.1%,0.1%,0.4%,2023-10-17 07:30:00
2023-10-17,7:30am,CAD,Median CPI y/y,High,3.8%,4.0%,4.1%,2023-10-17 07:30:00
2023-10-17,7:30am,CAD,Trimmed CPI y/y,High,3.7%,3.8%,3.9%,2023-10-17 07:30:00
2023-10-17,7:30am,CAD,Common CPI y/y,Medium,4.4%,4.7%,4.8%,2023-10-17 07:30:00
2023-10-17,7:30am,CAD,Foreign Securities Purchases,Non-economic,-8.47B,11.78B,13.93B,2023-10-17 07:30:00
2023-10-17,7:30am,USD,Core Retail Sales m/m,High,0.6%,0.2%,0.9%,2023-10-17 07:30:00
2023-10-17,7:30am,USD,Retail Sales m/m,High,0.7%,0.3%,0.8%,2023-10-17 07:30:00
2023-10-17,7:32am,CAD,Core CPI m/m,Non-economic,-0.1%,,0.1%,2023-10-17 07:32:00
2023-10-17,8:15am,USD,Industrial Production m/m,Medium,0.3%,0.0%,0.0%,2023-10-17 08:15:00
2023-10-17,8:15am,USD,Capacity Utilization Rate,Non-economic,79.7%,79.6%,79.5%,2023-10-17 08:15:00
2023-10-17,8:20am,USD,FOMC Member Bowman Speaks,Non-economic,,,,2023-10-17 08:20:00
2023-10-17,9:00am,USD,Business Inventories m/m,Non-economic,0.4%,0.3%,0.1%,2023-10-17 09:00:00
2023-10-17,9:00am,USD,NAHB Housing Market Index,Non-economic,40,44,44,2023-10-17 09:00:00
2023-10-17,9:50am,NZD,GDT Price Index,Non-economic,4.3%,,4.4%,2023-10-17 09:50:00
2023-10-17,12:00pm,EUR,German Buba President Nagel Speaks,Non-economic,,,,2023-10-17 12:00:00
2023-10-17,3:30pm,USD,API Weekly Statistical Bulletin,Non-economic,,,,2023-10-17 15:30:00
2023-10-17,5:35pm,AUD,RBA Gov Bullock Speaks,High,,,,2023-10-17 17:35:00
2023-10-17,6:30pm,AUD,MI Leading Index m/m,Non-economic,0.1%,,0.0%,2023-10-17 18:30:00
2023-10-17,9:00pm,CNY,Industrial Production y/y,High,4.5%,4.4%,4.5%,2023-10-17 21:00:00
2023-10-17,9:00pm,CNY,GDP q/y,Medium,4.9%,4.5%,6.3%,2023-10-17 21:00:00
2023-10-17,9:00pm,CNY,Retail Sales y/y,Medium,5.5%,5.0%,4.6%,2023-10-17 21:00:00
2023-10-17,9:00pm,CNY,Fixed Asset Investment ytd/y,Non-economic,3.1%,3.2%,3.2%,2023-10-17 21:00:00
2023-10-17,9:00pm,CNY,NBS Press Conference,Non-economic,,,,2023-10-17 21:00:00
2023-10-17,9:00pm,CNY,Unemployment Rate,Non-economic,5.0%,5.2%,5.2%,2023-10-17 21:00:00
2023-10-18,1:00am,GBP,CPI y/y,High,6.7%,6.6%,6.7%,2023-10-18 01:00:00
2023-10-18,1:00am,GBP,Core CPI y/y,Non-economic,6.1%,6.0%,6.2%,2023-10-18 01:00:00
2023-10-18,1:00am,GBP,PPI Input m/m,Non-economic,0.4%,0.8%,0.8%,2023-10-18 01:00:00
2023-10-18,1:00am,GBP,PPI Output m/m,Non-economic,0.4%,0.3%,0.2%,2023-10-18 01:00:00
2023-10-18,1:00am,GBP,RPI y/y,Non-economic,8.9%,8.9%,9.1%,2023-10-18 01:00:00
2023-10-18,3:00am,EUR,Italian Trade Balance,Non-economic,2.07B,6.05B,6.11B,2023-10-18 03:00:00
2023-10-18,3:30am,GBP,HPI y/y,Non-economic,0.2%,-0.5%,0.7%,2023-10-18 03:30:00
2023-10-18,4:00am,EUR,Final Core CPI y/y,Non-economic,4.5%,4.5%,4.5%,2023-10-18 04:00:00
2023-10-18,4:00am,EUR,Final CPI y/y,Non-economic,4.3%,4.3%,4.3%,2023-10-18 04:00:00
2023-10-18,4:34am,EUR,German 10-y Bond Auction,Non-economic,2.90|2.0,,2.78|2.0,2023-10-18 04:34:00
2023-10-18,7:15am,CAD,Housing Starts,Non-economic,270K,241K,250K,2023-10-18 07:15:00
2023-10-18,7:30am,USD,Building Permits,Medium,1.47M,1.45M,1.54M,2023-10-18 07:30:00
2023-10-18,7:30am,USD,Housing Starts,Non-economic,1.36M,1.39M,1.27M,2023-10-18 07:30:00
2023-10-18,9:30am,AUD,CB Leading Index m/m,Non-economic,-0.3%,,0.2%,2023-10-18 09:30:00
2023-10-18,9:30am,USD,Crude Oil Inventories,Non-economic,-4.5M,-0.5M,10.2M,2023-10-18 09:30:00
2023-10-18,11:00am,USD,FOMC Member Waller Speaks,Medium,,,,2023-10-18 11:00:00
2023-10-18,11:30am,USD,FOMC Member Williams Speaks,Non-economic,,,,2023-10-18 11:30:00
2023-10-18,12:00pm,USD,FOMC Member Bowman Speaks,Non-economic,,,,2023-10-18 12:00:00
2023-10-18,1:00pm,USD,Beige Book,Non-economic,,,,2023-10-18 13:00:00
2023-10-18,2:15pm,USD,FOMC Member Harker Speaks,Medium,,,,2023-10-18 14:15:00
2023-10-18,3:00pm,USD,TIC Long-Term Purchases,Non-economic,63.5B,76.8B,9.5B,2023-10-18 15:00:00
2023-10-18,5:55pm,USD,FOMC Member Cook Speaks,Non-economic,,,,2023-10-18 17:55:00
2023-10-18,6:50pm,JPY,Trade Balance,Non-economic,-0.43T,-0.54T,-0.55T,2023-10-18 18:50:00
2023-10-18,7:30pm,AUD,Employment Change,High,6.7K,20.6K,63.3K,2023-10-18 19:30:00
2023-10-18,7:30pm,AUD,Unemployment Rate,High,3.6%,3.7%,3.7%,2023-10-18 19:30:00
2023-10-18,7:30pm,AUD,NAB Quarterly Business Confidence,Non-economic,-1,,-4,2023-10-18 19:30:00
2023-10-18,8:30pm,CNY,New Home Prices m/m,Non-economic,-0.30%,,-0.29%,2023-10-18 20:30:00
2023-10-18,11:30pm,AUD,RBA Annual Report,Non-economic,,,,2023-10-18 23:30:00
2023-10-19,1:00am,CHF,Trade Balance,Non-economic,6.32B,3.77B,3.81B,2023-10-19 01:00:00
2023-10-19,3:00am,EUR,Current Account,Non-economic,27.7B,27.2B,21.0B,2023-10-19 03:00:00
2023-10-19,3:40am,EUR,Spanish 10-y Bond Auction,Non-economic,4.07|2.1,,3.98|2.3,2023-10-19 03:40:00
2023-10-19,7:30am,CAD,IPPI m/m,Non-economic,0.4%,0.3%,1.9%,2023-10-19 07:30:00
2023-10-19,7:30am,CAD,RMPI m/m,Non-economic,3.5%,1.8%,3.0%,2023-10-19 07:30:00
2023-10-19,7:30am,USD,Unemployment Claims,High,198K,210K,211K,2023-10-19 07:30:00
2023-10-19,7:30am,USD,Philly Fed Manufacturing Index,Medium,-9.0,-6.7,-13.5,2023-10-19 07:30:00
2023-10-19,8:00am,USD,FOMC Member Jefferson Speaks,Non-economic,,,,2023-10-19 08:00:00
2023-10-19,9:00am,USD,Existing Home Sales,Medium,3.96M,3.89M,4.04M,2023-10-19 09:00:00
2023-10-19,9:00am,USD,CB Leading Index m/m,Non-economic,-0.7%,-0.4%,-0.5%,2023-10-19 09:00:00
2023-10-19,9:30am,USD,Natural Gas Storage,Non-economic,97B,82B,84B,2023-10-19 09:30:00
2023-10-19,11:00am,USD,Fed Chairman Powell Speaks,High,,,,2023-10-19 11:00:00
2023-10-19,12:20pm,USD,FOMC Member Goolsbee Speaks,Non-economic,,,,2023-10-19 12:20:00
2023-10-19,12:30pm,USD,FOMC Member Barr Speaks,Non-economic,,,,2023-10-19 12:30:00
2023-10-19,4:30pm,USD,FOMC Member Harker Speaks,Medium,,,,2023-10-19 16:30:00
2023-10-19,4:45pm,NZD,Trade Balance,Non-economic,-2329M,-1450M,-2273M,2023-10-19 16:45:00
2023-10-19,6:00pm,USD,FOMC Member Logan Speaks,Non-economic,,,,2023-10-19 18:00:00
2023-10-19,6:01pm,GBP,GfK Consumer Confidence,Non-economic,-30,-20,-21,2023-10-19 18:01:00
2023-10-19,6:30pm,JPY,National Core CPI y/y,Non-economic,2.8%,2.7%,3.1%,2023-10-19 18:30:00
2023-10-19,8:15pm,CNY,1-y Loan Prime Rate,Medium,3.45%,3.45%,3.45%,2023-10-19 20:15:00
2023-10-19,8:15pm,CNY,5-y Loan Prime Rate,Medium,4.20%,4.20%,4.20%,2023-10-19 20:15:00
2023-10-19,9:05pm,NZD,Credit Card Spending y/y,Non-economic,3.3%,,4.3%,2023-10-19 21:05:00
2023-10-20,1:00am,EUR,German PPI m/m,Non-economic,-0.2%,0.4%,0.3%,2023-10-20 01:00:00
2023-10-20,1:00am,GBP,Retail Sales m/m,High,-0.9%,-0.3%,0.4%,2023-10-20 01:00:00
2023-10-20,1:00am,GBP,Public Sector Net Borrowing,Non-economic,13.5B,17.6B,10.6B,2023-10-20 01:00:00
2023-10-20,3:32am,CNY,Foreign Direct Investment ytd/y,Non-economic,-8.4%,,-5.1%,2023-10-20 03:32:00
2023-10-20,7:30am,CAD,Core Retail Sales m/m,Medium,0.1%,-0.1%,1.1%,2023-10-20 07:30:00
2023-10-20,7:30am,CAD,Retail Sales m/m,Medium,-0.1%,-0.1%,0.4%,2023-10-20 07:30:00
2023-10-20,8:00am,USD,FOMC Member Harker Speaks,Medium,,,,2023-10-20 08:00:00
2023-10-20,3:00pm,USD,Federal Budget Balance,Non-economic,-171.0B,-164.5B,89.3B,2023-10-20 15:00:00
2023-10-20,3:00pm,USD,FOMC Financial Stability Report,Non-economic,,,,2023-10-20 15:00:00
2023-10-22,All Day,NZD,Bank Holiday,Low,,,,2023-10-22 00:00:00
2023-10-23,5:00am,EUR,German Buba Monthly Report,Non-economic,,,,2023-10-23 05:00:00
2023-10-23,9:00am,EUR,Consumer Confidence,Non-economic,-18,-18,-18,2023-10-23 09:00:00
2023-10-23,5:00pm,AUD,Flash Manufacturing PMI,Non-economic,48.0,,48.7,2023-10-23 17:00:00
2023-10-23,5:00pm,AUD,Flash Services PMI,Non-economic,47.6,,51.8,2023-10-23 17:00:00
2023-10-23,7:30pm,JPY,Flash Manufacturing PMI,Non-economic,48.5,48.9,48.5,2023-10-23 19:30:00
2023-10-24,12:00am,JPY,BOJ Core CPI y/y,Non-economic,3.4%,3.3%,3.3%,2023-10-24 00:00:00
2023-10-24,1:00am,EUR,German GfK Consumer Climate,Non-economic,-28.1,-26.8,-26.7,2023-10-24 01:00:00
2023-10-24,1:00am,GBP,Claimant Count Change,High,20.4K,2.3K,-9.0K,2023-10-24 01:00:00
2023-10-24,1:00am,GBP,Unemployment Rate,Non-economic,4.2%,4.3%,4.3%,2023-10-24 01:00:00
2023-10-24,2:15am,EUR,French Flash Manufacturing PMI,High,42.6,44.4,44.2,2023-10-24 02:15:00
2023-10-24,2:15am,EUR,French Flash Services PMI,High,46.1,44.9,44.4,2023-10-24 02:15:00
2023-10-24,2:30am,EUR,German Flash Manufacturing PMI,High,40.7,40.1,39.6,2023-10-24 02:30:00
2023-10-24,2:30am,EUR,German Flash Services PMI,High,48.0,50.1,50.3,2023-10-24 02:30:00
2023-10-24,3:00am,AUD,RBA Gov Bullock Speaks,High,,,,2023-10-24 03:00:00
2023-10-24,3:00am,EUR,Flash Manufacturing PMI,Medium,43.0,43.6,43.4,2023-10-24 03:00:00
2023-10-24,3:00am,EUR,Flash Services PMI,Medium,47.8,48.7,48.7,2023-10-24 03:00:00
2023-10-24,3:30am,GBP,Flash Manufacturing PMI,High,45.2,44.7,44.3,2023-10-24 03:30:00
2023-10-24,3:30am,GBP,Flash Services PMI,High,49.2,49.4,49.3,2023-10-24 03:30:00
2023-10-24,5:00am,GBP,CBI Industrial Order Expectations,Non-economic,-26,-16,-18,2023-10-24 05:00:00
2023-10-24,7:30am,CAD,NHPI m/m,Non-economic,-0.2%,0.1%,0.1%,2023-10-24 07:30:00
2023-10-24,7:30am,EUR,ECB President Lagarde Speaks,Non-economic,,,,2023-10-24 07:30:00
2023-10-24,8:45am,USD,Flash Manufacturing PMI,High,50.0,49.5,49.8,2023-10-24 08:45:00
2023-10-24,8:45am,USD,Flash Services PMI,High,50.9,49.9,50.1,2023-10-24 08:45:00
2023-10-24,8:59am,USD,Richmond Manufacturing Index,Medium,3,3,5,2023-10-24 08:59:00
2023-10-24,3:30pm,USD,API Weekly Statistical Bulletin,Non-economic,,,,2023-10-24 15:30:00
2023-10-24,7:30pm,AUD,CPI m/m,High,1.2%,1.1%,0.8%,2023-10-24 19:30:00
2023-10-24,7:30pm,AUD,CPI y/y,High,5.6%,5.3%,5.2%,2023-10-24 19:30:00
2023-10-24,7:30pm,AUD,Trimmed Mean CPI m/m,High,1.2%,1.0%,1.0%,2023-10-24 19:30:00
2023-10-25,3:00am,CHF,UBS Economic Expectations,Non-economic,-37.8,,-27.6,2023-10-25 03:00:00
2023-10-25,3:00am,EUR,German ifo Business Climate,High,86.9,85.9,85.8,2023-10-25 03:00:00
2023-10-25,3:00am,EUR,M3 Money Supply y/y,Non-economic,-1.2%,-1.7%,-1.3%,2023-10-25 03:00:00
2023-10-25,3:00am,EUR,Private Loans y/y,Non-economic,0.8%,1.0%,1.0%,2023-10-25 03:00:00
2023-10-25,8:00am,CNY,CB Leading Index m/m,Non-economic,-0.3%,,-0.4%,2023-10-25 08:00:00
2023-10-25,8:00am,EUR,Belgian NBB Business Climate,Non-economic,-16.8,-14.7,-14.4,2023-10-25 08:00:00
2023-10-25,9:00am,CAD,BOC Monetary Policy Report,High,,,,2023-10-25 09:00:00
2023-10-25,9:00am,CAD,BOC Rate Statement,High,,,,2023-10-25 09:00:00
2023-10-25,9:00am,CAD,Overnight Rate,High,5.00%,5.00%,5.00%,2023-10-25 09:00:00
2023-10-25,9:00am,USD,New Home Sales,Medium,759K,678K,676K,2023-10-25 09:00:00
2023-10-25,9:30am,USD,Crude Oil Inventories,Non-economic,1.4M,-0.5M,-4.5M,2023-10-25 09:30:00
2023-10-25,10:00am,CAD,BOC Press Conference,High,,,,2023-10-25 10:00:00
2023-10-25,12:00pm,EUR,ECB President Lagarde Speaks,Medium,,,,2023-10-25 12:00:00
2023-10-25,3:35pm,USD,Fed Chairman Powell Speaks,High,,,,2023-10-25 15:35:00
2023-10-25,5:00pm,AUD,RBA Gov Bullock Speaks,High,,,,2023-10-25 17:00:00
2023-10-25,6:50pm,JPY,SPPI y/y,Non-economic,2.1%,2.0%,2.1%,2023-10-25 18:50:00
2023-10-25,7:30pm,AUD,Import Prices q/q,Non-economic,0.8%,0.2%,-0.8%,2023-10-25 19:30:00
2023-10-26,2:00am,EUR,Spanish Unemployment Rate,Non-economic,11.8%,11.5%,11.6%,2023-10-26 02:00:00
2023-10-26,5:00am,GBP,CBI Realized Sales,Non-economic,-36,-16,-14,2023-10-26 05:00:00
2023-10-26,7:15am,EUR,Main Refinancing Rate,High,4.50%,4.50%,4.50%,2023-10-26 07:15:00
2023-10-26,7:15am,EUR,Monetary Policy Statement,High,,,,2023-10-26 07:15:00
2023-10-26,7:30am,USD,Advance GDP q/q,High,4.9%,4.5%,2.1%,2023-10-26 07:30:00
2023-10-26,7:30am,USD,Unemployment Claims,High,210K,208K,200K,2023-10-26 07:30:00
2023-10-26,7:30am,USD,Advance GDP Price Index q/q,Medium,3.5%,2.7%,1.7%,2023-10-26 07:30:00
2023-10-26,7:30am,USD,Core Durable Goods Orders m/m,Medium,0.5%,0.2%,0.5%,2023-10-26 07:30:00
2023-10-26,7:30am,USD,Durable Goods Orders m/m,Medium,4.7%,1.9%,0.1%,2023-10-26 07:30:00
2023-10-26,7:30am,USD,Goods Trade Balance,Non-economic,-85.8B,-86.2B,-84.6B,2023-10-26 07:30:00
2023-10-26,7:30am,USD,Prelim Wholesale Inventories m/m,Non-economic,0.0%,0.1%,-0.1%,2023-10-26 07:30:00
2023-10-26,7:45am,EUR,ECB Press Conference,High,,,,2023-10-26 07:45:00
2023-10-26,8:00am,USD,FOMC Member Waller Speaks,Medium,,,,2023-10-26 08:00:00
2023-10-26,9:00am,USD,Pending Home Sales m/m,Medium,1.1%,-2.0%,-7.1%,2023-10-26 09:00:00
2023-10-26,9:30am,USD,Natural Gas Storage,Non-economic,74B,82B,97B,2023-10-26 09:30:00
2023-10-26,11:45am,GBP,MPC Member Cunliffe Speaks,Non-economic,,,,2023-10-26 11:45:00
2023-10-26,6:30pm,JPY,Tokyo Core CPI y/y,Medium,2.7%,2.5%,2.5%,2023-10-26 18:30:00
2023-10-26,7:30pm,AUD,PPI q/q,Non-economic,1.8%,0.7%,0.5%,2023-10-26 19:30:00
2023-10-27,2:00am,EUR,Spanish Flash GDP q/q,Non-economic,0.3%,0.2%,0.5%,2023-10-27 02:00:00
2023-10-27,All Day,EUR,Euro Summit,High,,,,2023-10-27 00:00:00
2023-10-27,7:30am,USD,Core PCE Price Index m/m,High,0.3%,0.3%,0.1%,2023-10-27 07:30:00
2023-10-27,7:30am,USD,Personal Income m/m,Non-economic,0.3%,0.4%,0.4%,2023-10-27 07:30:00
2023-10-27,7:30am,USD,Personal Spending m/m,Non-economic,0.7%,0.5%,0.4%,2023-10-27 07:30:00
2023-10-27,8:00am,USD,FOMC Member Barr Speaks,Non-economic,,,,2023-10-27 08:00:00
2023-10-27,9:00am,USD,Revised UoM Consumer Sentiment,High,63.8,63.0,63.0,2023-10-27 09:00:00
2023-10-27,9:00am,USD,Revised UoM Inflation Expectations,Non-economic,4.2%,,3.8%,2023-10-27 09:00:00
2023-10-28,9:00pm,CHF,Daylight Saving Time Shift,Low,,,,2023-10-28 21:00:00
2023-10-28,9:00pm,EUR,Daylight Saving Time Shift,Low,,,,2023-10-28 21:00:00
2023-10-28,9:00pm,GBP,Daylight Saving Time Shift,Low,,,,2023-10-28 21:00:00
2023-10-29,7:30pm,AUD,Retail Sales m/m,Medium,0.9%,0.3%,0.3%,2023-10-29 19:30:00
2023-10-30,All Day,EUR,German Prelim CPI m/m,High,0.0%,0.2%,0.3%,2023-10-30 00:00:00
2023-10-30,3:00am,CHF,KOF Economic Barometer,Non-economic,95.8,95.7,95.9,2023-10-30 03:00:00
2023-10-30,3:00am,EUR,Spanish Flash CPI y/y,High,3.5%,3.8%,3.5%,2023-10-30 03:00:00
2023-10-30,4:00am,EUR,German Prelim GDP q/q,Medium,-0.1%,-0.2%,0.1%,2023-10-30 04:00:00
2023-10-30,4:30am,GBP,M4 Money Supply m/m,Non-economic,-1.1%,0.1%,0.2%,2023-10-30 04:30:00
2023-10-30,4:30am,GBP,Mortgage Approvals,Non-economic,43K,44K,45K,2023-10-30 04:30:00
2023-10-30,4:30am,GBP,Net Lending to Individuals m/m,Non-economic,0.5B,2.4B,2.8B,2023-10-30 04:30:00
2023-10-30,2:30pm,CAD,BOC Gov Macklem Speaks,High,,,,2023-10-30 14:30:00
2023-10-30,4:45pm,NZD,Building Consents m/m,Non-economic,-4.7%,,-7.0%,2023-10-30 16:45:00
2023-10-30,6:30pm,JPY,Unemployment Rate,Non-economic,2.6%,2.6%,2.7%,2023-10-30 18:30:00
2023-10-30,6:50pm,AUD,RBA Assist Gov Jones Speaks,Non-economic,,,,2023-10-30 18:50:00
2023-10-30,6:50pm,JPY,Prelim Industrial Production m/m,Non-economic,0.2%,2.4%,-0.7%,2023-10-30 18:50:00
2023-10-30,6:50pm,JPY,Retail Sales y/y,Non-economic,5.8%,6.0%,7.1%,2023-10-30 18:50:00
2023-10-30,7:00pm,NZD,ANZ Business Confidence,Non-economic,23.4,,1.5,2023-10-30 19:00:00
2023-10-30,7:01pm,GBP,BRC Shop Price Index y/y,Non-economic,5.2%,,6.2%,2023-10-30 19:01:00
2023-10-30,7:30pm,AUD,Private Sector Credit m/m,Non-economic,0.5%,0.3%,0.4%,2023-10-30 19:30:00
2023-10-30,8:30pm,CNY,Manufacturing PMI,High,49.5,50.2,50.2,2023-10-30 20:30:00
2023-10-30,8:30pm,CNY,Non-Manufacturing PMI,Medium,50.6,51.9,51.7,2023-10-30 20:30:00
2023-10-30,10:28pm,JPY,BOJ Outlook Report,High,,,,2023-10-30 22:28:00
2023-10-30,10:28pm,JPY,BOJ Policy Rate,High,-0.10%,-0.10%,-0.10%,2023-10-30 22:28:00
2023-10-30,10:28pm,JPY,Monetary Policy Statement,High,,,,2023-10-30 22:28:00
2023-10-31,12:00am,JPY,Consumer Confidence,Non-economic,35.7,35.1,35.2,2023-10-31 00:00:00
2023-10-31,12:00am,JPY,Housing Starts y/y,Non-economic,-6.8%,-6.1%,-9.4%,2023-10-31 00:00:00
2023-10-31,1:30am,EUR,French Consumer Spending m/m,Non-economic,0.2%,0.3%,-0.6%,2023-10-31 01:30:00
2023-10-31,1:30am,EUR,French Flash GDP q/q,Non-economic,0.1%,0.1%,0.6%,2023-10-31 01:30:00
2023-10-31,1:40am,JPY,BOJ Press Conference,High,,,,2023-10-31 01:40:00
2023-10-31,2:00am,EUR,German Import Prices m/m,Non-economic,1.6%,0.4%,0.4%,2023-10-31 02:00:00
2023-10-31,2:00am,EUR,German Retail Sales m/m,Non-economic,-0.8%,0.5%,-1.1%,2023-10-31 02:00:00
2023-10-31,2:30am,CHF,Retail Sales y/y,Non-economic,-0.6%,-1.2%,-2.2%,2023-10-31 02:30:00
2023-10-31,2:45am,EUR,French Prelim CPI m/m,Non-economic,0.1%,0.2%,-0.5%,2023-10-31 02:45:00
2023-10-31,4:00am,EUR,Italian Prelim GDP q/q,Non-economic,0.0%,0.1%,-0.4%,2023-10-31 04:00:00
2023-10-31,5:00am,EUR,Core CPI Flash Estimate y/y,Medium,4.2%,4.2%,4.5%,2023-10-31 05:00:00
2023-10-31,5:00am,EUR,CPI Flash Estimate y/y,Medium,2.9%,3.1%,4.3%,2023-10-31 05:00:00
2023-10-31,5:00am,EUR,Italian Prelim CPI m/m,Non-economic,-0.1%,0.4%,0.2%,2023-10-31 05:00:00
2023-10-31,5:00am,EUR,Prelim Flash GDP q/q,Non-economic,-0.1%,0.0%,0.1%,2023-10-31 05:00:00
2023-10-31,5:13am,EUR,Italian 10-y Bond Auction,Non-economic,4.76|1.3,,4.93|1.4,2023-10-31 05:13:00
2023-10-31,5:38am,EUR,German 30-y Bond Auction,Non-economic,3.04|2.1,,2.87|2.9,2023-10-31 05:38:00
2023-10-31,7:30am,CAD,GDP m/m,High,0.0%,0.1%,0.0%,2023-10-31 07:30:00
2023-10-31,7:30am,USD,Employment Cost Index q/q,High,1.1%,1.0%,1.0%,2023-10-31 07:30:00
2023-10-31,8:00am,USD,S&P/CS Composite-20 HPI y/y,Medium,2.2%,1.8%,0.2%,2023-10-31 08:00:00
2023-10-31,8:00am,USD,HPI m/m,Non-economic,0.6%,0.5%,0.8%,2023-10-31 08:00:00
2023-10-31,8:45am,USD,Chicago PMI,Medium,44.0,45.4,44.1,2023-10-31 08:45:00
2023-10-31,9:00am,USD,CB Consumer Confidence,High,102.6,100.5,104.3,2023-10-31 09:00:00
2023-10-31,11:00am,EUR,German Buba President Nagel Speaks,Non-economic,,,,2023-10-31 11:00:00
2023-10-31,3:00pm,NZD,RBNZ Financial Stability Report,Non-economic,,,,2023-10-31 15:00:00
2023-10-31,3:30pm,USD,API Weekly Statistical Bulletin,Non-economic,,,,2023-10-31 15:30:00
2023-10-31,4:45pm,NZD,Employment Change q/q,High,-0.2%,0.4%,1.0%,2023-10-31 16:45:00
2023-10-31,4:45pm,NZD,Unemployment Rate,High,3.9%,3.9%,3.6%,2023-10-31 16:45:00
2023-10-31,4:45pm,NZD,Labor Cost Index q/q,Non-economic,0.8%,1.0%,1.1%,2023-10-31 16:45:00
2023-10-31,7:00pm,NZD,RBNZ Gov Orr Speaks,Medium,,,,2023-10-31 19:00:00
2023-10-31,7:30pm,AUD,Building Approvals m/m,Non-economic,-4.6%,2.6%,8.1%,2023-10-31 19:30:00
2023-10-31,7:30pm,JPY,Final Manufacturing PMI,Non-economic,48.7,49.0,48.5,2023-10-31 19:30:00
2023-10-31,8:45pm,CNY,RatingDog Manufacturing PMI,Medium,49.5,50.8,50.6,2023-10-31 20:45:00
2023-11-01,12:30am,AUD,Commodity Prices y/y,Non-economic,-16.8%,,-21.4%,2023-11-01 00:30:00
2023-11-01,2:00am,GBP,Nationwide HPI m/m,Non-economic,0.9%,-0.3%,0.1%,2023-11-01 02:00:00
2023-11-01,All Day,EUR,French Bank Holiday,Low,,,,2023-11-01 00:00:00
2023-11-01,All Day,EUR,Italian Bank Holiday,Low,,,,2023-11-01 00:00:00
2023-11-01,3:30am,CHF,Manufacturing PMI,Non-economic,40.6,45.0,44.9,2023-11-01 03:30:00
2023-11-01,4:30am,GBP,Final Manufacturing PMI,Non-economic,44.8,45.2,45.2,2023-11-01 04:30:00
2023-11-01,7:15am,USD,ADP Non-Farm Employment Change,High,113K,149K,89K,2023-11-01 07:15:00
2023-11-01,7:40am,CHF,SNB Chairman Jordan Speaks,Medium,,,,2023-11-01 07:40:00
2023-11-01,8:30am,CAD,Manufacturing PMI,Non-economic,48.6,,47.5,2023-11-01 08:30:00
2023-11-01,8:45am,USD,Final Manufacturing PMI,Non-economic,50.0,50.0,50.0,2023-11-01 08:45:00
2023-11-01,9:00am,USD,ISM Manufacturing PMI,High,46.7,49.0,49.0,2023-11-01 09:00:00
2023-11-01,9:00am,USD,JOLTS Job Openings,High,9.55M,9.34M,9.50M,2023-11-01 09:00:00
2023-11-01,9:00am,USD,ISM Manufacturing Prices,Medium,45.1,46.2,43.8,2023-11-01 09:00:00
2023-11-01,9:00am,USD,Construction Spending m/m,Non-economic,0.4%,0.4%,1.0%,2023-11-01 09:00:00
2023-11-01,All Day,USD,Wards Total Vehicle Sales,Non-economic,15.5M,15.6M,15.7M,2023-11-01 00:00:00
2023-11-01,9:30am,USD,Crude Oil Inventories,Non-economic,0.8M,1.5M,1.4M,2023-11-01 09:30:00
2023-11-01,1:00pm,USD,Federal Funds Rate,High,5.50%,5.50%,5.50%,2023-11-01 13:00:00
2023-11-01,1:00pm,USD,FOMC Statement,High,,,,2023-11-01 13:00:00
2023-11-01,1:30pm,USD,FOMC Press Conference,High,,,,2023-11-01 13:30:00
2023-11-01,3:15pm,CAD,BOC Gov Macklem Speaks,High,,,,2023-11-01 15:15:00
2023-11-01,6:50pm,JPY,Monetary Base y/y,Non-economic,9.0%,5.9%,5.6%,2023-11-01 18:50:00
2023-11-01,7:30pm,AUD,Goods Trade Balance,Non-economic,6.79B,9.55B,10.16B,2023-11-01 19:30:00
2023-11-01,10:35pm,JPY,10-y Bond Auction,Non-economic,0.91|3.6,,0.77|3.9,2023-11-01 22:35:00
2023-11-02,2:30am,CHF,CPI m/m,High,0.1%,0.1%,-0.1%,2023-11-02 02:30:00
2023-11-02,2:45am,EUR,French Gov Budget Balance,Non-economic,-186.1B,,-187.9B,2023-11-02 02:45:00
2023-11-02,3:00am,CHF,SECO Consumer Climate,Non-economic,-40,-25,-27,2023-11-02 03:00:00
2023-11-02,3:15am,EUR,Spanish Manufacturing PMI,Non-economic,45.1,47.1,47.7,2023-11-02 03:15:00
2023-11-02,3:45am,EUR,Italian Manufacturing PMI,Non-economic,44.9,46.3,46.8,2023-11-02 03:45:00
2023-11-02,3:50am,EUR,French Final Manufacturing PMI,Non-economic,42.8,42.6,42.6,2023-11-02 03:50:00
2023-11-02,3:55am,EUR,German Final Manufacturing PMI,Non-economic,40.8,40.7,40.7,2023-11-02 03:55:00
2023-11-02,3:55am,EUR,German Unemployment Change,Non-economic,30K,14K,12K,2023-11-02 03:55:00
2023-11-02,4:00am,EUR,Final Manufacturing PMI,Non-economic,43.1,43.0,43.0,2023-11-02 04:00:00
2023-11-02,4:53am,EUR,Spanish 10-y Bond Auction,Non-economic,3.58|2.0,,4.07|2.1,2023-11-02 04:53:00
2023-11-02,5:01am,EUR,French 10-y Bond Auction,Non-economic,3.32|2.0,,3.56|1.9,2023-11-02 05:01:00
2023-11-02,6:30am,USD,Challenger Job Cuts y/y,Non-economic,8.8%,,58.2%,2023-11-02 06:30:00
2023-11-02,7:00am,GBP,BOE Monetary Policy Report,High,,,,2023-11-02 07:00:00
2023-11-02,7:00am,GBP,Monetary Policy Summary,High,,,,2023-11-02 07:00:00
2023-11-02,7:00am,GBP,MPC Official Bank Rate Votes,High,3-0-6,2-0-7,4-0-5,2023-11-02 07:00:00
2023-11-02,7:00am,GBP,Official Bank Rate,High,5.25%,5.25%,5.25%,2023-11-02 07:00:00
2023-11-02,7:30am,GBP,BOE Gov Bailey Speaks,High,,,,2023-11-02 07:30:00
2023-11-02,7:30am,USD,Unemployment Claims,High,217K,210K,212K,2023-11-02 07:30:00
2023-11-02,7:30am,USD,Prelim Nonfarm Productivity q/q,Non-economic,4.7%,4.2%,3.5%,2023-11-02 07:30:00
2023-11-02,7:30am,USD,Prelim Unit Labor Costs q/q,Non-economic,-0.8%,0.4%,2.2%,2023-11-02 07:30:00
2023-11-02,9:00am,USD,Factory Orders m/m,Non-economic,2.8%,2.2%,1.0%,2023-11-02 09:00:00
2023-11-02,9:30am,USD,Natural Gas Storage,Non-economic,79B,81B,74B,2023-11-02 09:30:00
2023-11-02,12:00pm,CHF,SNB Chairman Jordan Speaks,Medium,,,,2023-11-02 12:00:00
2023-11-02,All Day,JPY,Bank Holiday,Low,,,,2023-11-02 00:00:00
2023-11-02,7:30pm,AUD,Household Spending m/m,Non-economic,3.1%,,2.7%,2023-11-02 19:30:00
2023-11-02,8:45pm,CNY,RatingDog Services PMI,Medium,50.4,51.0,50.2,2023-11-02 20:45:00
2023-11-02,9:05pm,AUD,RBA Assist Gov Jones Speaks,Non-economic,,,,2023-11-02 21:05:00
2023-11-03,2:00am,EUR,German Trade Balance,Non-economic,16.5B,16.3B,17.7B,2023-11-03 02:00:00
2023-11-03,2:45am,EUR,French Industrial Production m/m,Non-economic,-0.5%,0.0%,-0.1%,2023-11-03 02:45:00
2023-11-03,2:45am,EUR,French Prelim Private Payrolls q/q,Non-economic,-0.1%,0.2%,0.1%,2023-11-03 02:45:00
2023-11-03,3:00am,EUR,Spanish Unemployment Change,Non-economic,36.9K,11.2K,19.8K,2023-11-03 03:00:00
2023-11-03,4:00am,EUR,Italian Monthly Unemployment Rate,Non-economic,7.4%,7.4%,7.3%,2023-11-03 04:00:00
2023-11-03,4:30am,GBP,Final Services PMI,Non-economic,49.5,49.2,49.2,2023-11-03 04:30:00
2023-11-03,5:00am,EUR,Unemployment Rate,Non-economic,6.5%,6.4%,6.4%,2023-11-03 05:00:00
2023-11-03,7:00am,USD,FOMC Member Barr Speaks,Non-economic,,,,2023-11-03 07:00:00
2023-11-03,7:15am,GBP,MPC Member Pill Speaks,Non-economic,,,,2023-11-03 07:15:00
2023-11-03,7:30am,CAD,Employment Change,High,17.5K,25.7K,63.8K,2023-11-03 07:30:00
2023-11-03,7:30am,CAD,Unemployment Rate,High,5.7%,5.6%,5.5%,2023-11-03 07:30:00
2023-11-03,7:30am,USD,Average Hourly Earnings m/m,High,0.2%,0.3%,0.3%,2023-11-03 07:30:00
2023-11-03,7:30am,USD,Non-Farm Employment Change,High,150K,178K,297K,2023-11-03 07:30:00
2023-11-03,7:30am,USD,Unemployment Rate,High,3.9%,3.8%,3.8%,2023-11-03 07:30:00
2023-11-03,8:45am,USD,Final Services PMI,Non-economic,50.6,50.9,50.9,2023-11-03 08:45:00
2023-11-03,9:00am,USD,ISM Services PMI,High,51.8,53.0,53.6,2023-11-03 09:00:00
2023-11-03,11:00am,GBP,MPC Member Haskel Speaks,Non-economic,,,,2023-11-03 11:00:00
2023-11-03,2:30pm,USD,FOMC Member Barr Speaks,Non-economic,,,,2023-11-03 14:30:00
2023-11-05,2:00am,CAD,Daylight Saving Time Shift,Low,,,,2023-11-05 02:00:00
2023-11-05,2:00am,USD,Daylight Saving Time Shift,Low,,,,2023-11-05 02:00:00
2023-11-05,6:50pm,JPY,Monetary Policy Meeting Minutes,Non-economic,,,,2023-11-05 18:50:00
2023-11-05,7:00pm,AUD,MI Inflation Gauge m/m,Non-economic,-0.1%,,0.0%,2023-11-05 19:00:00
2023-11-05,7:00pm,NZD,ANZ Commodity Prices m/m,Non-economic,2.9%,,1.4%,2023-11-05 19:00:00
2023-11-05,7:30pm,AUD,ANZ Job Advertisements m/m,Non-economic,-3.0%,,-0.5%,2023-11-05 19:30:00
2023-11-05,8:05pm,JPY,BOJ Gov Ueda Speaks,High,,,,2023-11-05 20:05:00
2023-11-06,2:00am,EUR,German Factory Orders m/m,Non-economic,0.2%,-1.3%,1.9%,2023-11-06 02:00:00
2023-11-06,3:15am,EUR,Spanish Services PMI,Non-economic,51.1,49.4,50.5,2023-11-06 03:15:00
2023-11-06,3:45am,EUR,Italian Services PMI,Non-economic,47.7,48.7,49.9,2023-11-06 03:45:00
2023-11-06,3:50am,EUR,French Final Services PMI,Non-economic,45.2,46.1,46.1,2023-11-06 03:50:00
2023-11-06,3:55am,EUR,German Final Services PMI,Non-economic,48.2,48.0,48.0,2023-11-06 03:55:00
2023-11-06,4:00am,EUR,Final Services PMI,Non-economic,47.8,47.8,47.8,2023-11-06 04:00:00
2023-11-06,4:30am,EUR,Sentix Investor Confidence,Non-economic,-18.6,-22.2,-21.9,2023-11-06 04:30:00
2023-11-06,4:30am,GBP,Construction PMI,Medium,45.6,46.1,45.0,2023-11-06 04:30:00
2023-11-06,10:00am,CAD,Ivey PMI,Medium,53.4,54.0,53.1,2023-11-06 10:00:00
2023-11-06,11:00am,USD,FOMC Member Cook Speaks,Non-economic,,,,2023-11-06 11:00:00
2023-11-06,12:00pm,GBP,MPC Member Pill Speaks,Non-economic,,,,2023-11-06 12:00:00
2023-11-06,1:00pm,EUR,German Buba President Nagel Speaks,Non-economic,,,,2023-11-06 13:00:00
2023-11-06,2:00pm,USD,Loan Officer Survey,Non-economic,,,,2023-11-06 14:00:00
2023-11-06,6:00pm,USD,FOMC Member Kashkari Speaks,Non-economic,,,,2023-11-06 18:00:00
2023-11-06,6:30pm,JPY,Average Cash Earnings y/y,Non-economic,1.2%,1.1%,0.8%,2023-11-06 18:30:00
2023-11-06,6:30pm,JPY,Household Spending y/y,Non-economic,-2.8%,-3.0%,-2.5%,2023-11-06 18:30:00
2023-11-06,7:01pm,GBP,BRC Retail Sales Monitor y/y,Non-economic,2.6%,2.4%,2.8%,2023-11-06 19:01:00
2023-11-06,10:01pm,CNY,Trade Balance,Non-economic,405B,596B,559B,2023-11-06 22:01:00
2023-11-06,10:02pm,CNY,USD-Denominated Trade Balance,Non-economic,56.5B,81.8B,77.7B,2023-11-06 22:02:00
2023-11-06,10:30pm,AUD,Cash Rate,High,4.35%,4.35%,4.10%,2023-11-06 22:30:00
2023-11-06,10:30pm,AUD,RBA Rate Statement,High,,,,2023-11-06 22:30:00
2023-11-07,1:45am,CHF,Unemployment Rate,Non-economic,2.1%,2.1%,2.1%,2023-11-07 01:45:00
2023-11-07,2:00am,EUR,German Industrial Production m/m,Non-economic,-1.4%,-0.1%,-0.1%,2023-11-07 02:00:00
2023-11-07,2:02am,GBP,Halifax HPI m/m,Non-economic,1.1%,0.2%,-0.3%,2023-11-07 02:02:00
2023-11-07,3:00am,CHF,Foreign Currency Reserves,Medium,658B,,678B,2023-11-07 03:00:00
2023-11-07,5:00am,EUR,PPI m/m,Non-economic,0.5%,0.5%,0.7%,2023-11-07 05:00:00
2023-11-07,5:03am,GBP,10-y Bond Auction,Non-economic,4.41|2.9,,4.44|3.1,2023-11-07 05:03:00
2023-11-07,7:30am,USD,FOMC Member Kashkari Speaks,Non-economic,,,,2023-11-07 07:30:00
2023-11-07,8:00am,USD,FOMC Member Goolsbee Speaks,Non-economic,,,,2023-11-07 08:00:00
2023-11-07,8:30am,CAD,Trade Balance,Non-economic,2.0B,1.0B,0.9B,2023-11-07 08:30:00
2023-11-07,8:30am,USD,Trade Balance,Non-economic,-61.5B,-59.7B,-58.7B,2023-11-07 08:30:00
2023-11-07,9:15am,USD,FOMC Member Barr Speaks,Non-economic,,,,2023-11-07 09:15:00
2023-11-07,9:41am,NZD,GDT Price Index,Non-economic,-0.7%,,4.3%,2023-11-07 09:41:00
2023-11-07,10:00am,USD,FOMC Member Waller Speaks,Medium,,,,2023-11-07 10:00:00
2023-11-07,10:16am,USD,RCM/TIPP Economic Optimism,Non-economic,44.5,40.2,36.3,2023-11-07 10:16:00
2023-11-07,11:00am,CAD,Gov Council Member Kozicki Speaks,Non-economic,,,,2023-11-07 11:00:00
2023-11-07,1:25pm,USD,FOMC Member Logan Speaks,Non-economic,,,,2023-11-07 13:25:00
2023-11-07,2:30pm,EUR,German Buba President Nagel Speaks,Non-economic,,,,2023-11-07 14:30:00
2023-11-07,3:00pm,USD,Consumer Credit m/m,Non-economic,9.1B,8.8B,-15.8B,2023-11-07 15:00:00
2023-11-07,4:00pm,USD,Treasury Currency Report,High,,,,2023-11-07 16:00:00
2023-11-07,4:30pm,USD,API Weekly Statistical Bulletin,Non-economic,,,,2023-11-07 16:30:00
2023-11-07,9:25pm,NZD,Inflation Expectations q/q,High,2.76%,,2.83%,2023-11-07 21:25:00
2023-11-08,12:00am,JPY,Leading Indicators,Non-economic,108.7%,108.8%,109.2%,2023-11-08 00:00:00
2023-11-08,2:00am,EUR,German Final CPI m/m,Non-economic,0.0%,0.0%,0.0%,2023-11-08 02:00:00
2023-11-08,2:45am,EUR,French Trade Balance,Non-economic,-8.9B,-8.1B,-8.3B,2023-11-08 02:45:00
2023-11-08,4:00am,EUR,Italian Retail Sales m/m,Non-economic,-0.3%,0.1%,-0.4%,2023-11-08 04:00:00
2023-11-08,All Day,EUR,Eurogroup Meetings,Non-economic,,,,2023-11-08 00:00:00
2023-11-08,4:30am,GBP,BOE Gov Bailey Speaks,High,,,,2023-11-08 04:30:00
2023-11-08,5:00am,EUR,Retail Sales m/m,Non-economic,-0.3%,-0.2%,-0.7%,2023-11-08 05:00:00
2023-11-08,5:15am,USD,FOMC Member Cook Speaks,Non-economic,,,,2023-11-08 05:15:00
2023-11-08,5:34am,EUR,German 10-y Bond Auction,Non-economic,2.64|2.5,,2.90|2.0,2023-11-08 05:34:00
2023-11-08,8:30am,CAD,Building Permits m/m,Non-economic,-6.5%,-0.5%,4.3%,2023-11-08 08:30:00
2023-11-08,9:15am,USD,Fed Chairman Powell Speaks,High,,,,2023-11-08 09:15:00
2023-11-08,10:00am,USD,Final Wholesale Inventories m/m,Non-economic,0.2%,0.0%,0.0%,2023-11-08 10:00:00
2023-11-08,1:01pm,USD,10-y Bond Auction,Non-economic,4.52|2.5,,4.61|2.5,2023-11-08 13:01:00
2023-11-08,1:30pm,CAD,BOC Summary of Deliberations,Non-economic,,,,2023-11-08 13:30:00
2023-11-08,1:40pm,USD,FOMC Member Williams Speaks,Non-economic,,,,2023-11-08 13:40:00
2023-11-08,2:00pm,USD,FOMC Member Barr Speaks,Non-economic,,,,2023-11-08 14:00:00
2023-11-08,4:45pm,USD,FOMC Member Jefferson Speaks,Non-economic,,,,2023-11-08 16:45:00
2023-11-08,6:50pm,JPY,Bank Lending y/y,Non-economic,2.8%,2.8%,2.9%,2023-11-08 18:50:00
2023-11-08,6:50pm,JPY,BOJ Summary of Opinions,Non-economic,,,,2023-11-08 18:50:00
2023-11-08,6:50pm,JPY,Current Account,Non-economic,2.01T,2.30T,1.50T,2023-11-08 18:50:00
2023-11-08,7:01pm,GBP,RICS House Price Balance,Non-economic,-63%,-65%,-67%,2023-11-08 19:01:00
2023-11-08,8:30pm,CNY,CPI y/y,High,-0.2%,-0.1%,0.0%,2023-11-08 20:30:00
2023-11-08,8:30pm,CNY,PPI y/y,Medium,-2.6%,-2.7%,-2.5%,2023-11-08 20:30:00
2023-11-08,10:35pm,JPY,30-y Bond Auction,Non-economic,1.74|3.6,,1.69|3.1,2023-11-08 22:35:00
2023-11-09,12:00am,JPY,Economy Watchers Sentiment,Non-economic,49.5,50.1,49.9,2023-11-09 00:00:00
2023-11-09,3:30am,GBP,MPC Member Pill Speaks,Non-economic,,,,2023-11-09 03:30:00
2023-11-09,4:00am,EUR,ECB Economic Bulletin,Non-economic,,,,2023-11-09 04:00:00
2023-11-09,Day 1,EUR,ECOFIN Meetings,Non-economic,,,,2023-11-09 00:00:00
2023-11-09,8:30am,USD,Unemployment Claims,High,217K,218K,220K,2023-11-09 08:30:00
2023-11-09,10:12am,USD,Mortgage Delinquencies,Non-economic,3.62%,,3.37%,2023-11-09 10:12:00
2023-11-09,11:45am,CAD,Gov Council Member Rogers Speaks,Non-economic,,,,2023-11-09 11:45:00
2023-11-09,12:15pm,CHF,Gov Board Member Schlegel Speaks,Non-economic,,,,2023-11-09 12:15:00
2023-11-09,12:30pm,EUR,ECB President Lagarde Speaks,Medium,,,,2023-11-09 12:30:00
2023-11-09,1:01pm,USD,30-y Bond Auction,Non-economic,4.77|2.2,,4.84|2.3,2023-11-09 13:01:00
2023-11-09,2:00pm,USD,Fed Chairman Powell Speaks,High,,,,2023-11-09 14:00:00
2023-11-09,4:30pm,NZD,BusinessNZ Manufacturing Index,Non-economic,42.5,,45.1,2023-11-09 16:30:00
2023-11-09,6:50pm,JPY,M2 Money Stock y/y,Non-economic,2.4%,2.4%,2.4%,2023-11-09 18:50:00
2023-11-09,7:30pm,AUD,RBA Monetary Policy Statement,Medium,,,,2023-11-09 19:30:00
2023-11-10,2:00am,GBP,GDP m/m,High,0.2%,0.0%,0.1%,2023-11-10 02:00:00
2023-11-10,2:00am,GBP,Prelim GDP q/q,Medium,0.0%,-0.1%,0.2%,2023-11-10 02:00:00
2023-11-10,2:00am,GBP,Construction Output m/m,Non-economic,0.4%,-0.5%,-0.8%,2023-11-10 02:00:00
2023-11-10,2:00am,GBP,Goods Trade Balance,Non-economic,-14.3B,-15.3B,-15.5B,2023-11-10 02:00:00
2023-11-10,2:00am,GBP,Index of Services 3m/3m,Non-economic,-0.1%,-0.2%,0.1%,2023-11-10 02:00:00
2023-11-10,2:00am,GBP,Industrial Production m/m,Non-economic,0.0%,-0.1%,-0.5%,2023-11-10 02:00:00
2023-11-10,2:00am,GBP,Manufacturing Production m/m,Non-economic,0.1%,0.2%,-0.7%,2023-11-10 02:00:00
2023-11-10,2:00am,GBP,Prelim Business Investment q/q,Non-economic,-4.2%,-3.2%,4.1%,2023-11-10 02:00:00
2023-11-10,4:00am,EUR,Italian Industrial Production m/m,Non-economic,0.0%,0.0%,0.3%,2023-11-10 04:00:00
2023-11-10,5:00am,CHF,Gov Board Member Schlegel Speaks,Non-economic,,,,2023-11-10 05:00:00
2023-11-10,Day 2,EUR,ECOFIN Meetings,Non-economic,,,,2023-11-10 00:00:00
2023-11-10,7:05am,GBP,NIESR GDP Estimate,Non-economic,0.1%,,0.0%,2023-11-10 07:05:00
2023-11-10,7:30am,EUR,ECB President Lagarde Speaks,Medium,,,,2023-11-10 07:30:00
2023-11-10,7:30am,USD,FOMC Member Logan Speaks,Non-economic,,,,2023-11-10 07:30:00
2023-11-10,10:00am,USD,Prelim UoM Consumer Sentiment,High,60.4,63.7,63.8,2023-11-10 10:00:00
2023-11-10,10:00am,USD,Prelim UoM Inflation Expectations,Medium,4.4%,,4.2%,2023-11-10 10:00:00
2023-11-10,10:20am,EUR,German Buba President Nagel Speaks,Non-economic,,,,2023-11-10 10:20:00
2023-11-12,4:30pm,NZD,BusinessNZ Services Index,Non-economic,48.9,,50.6,2023-11-12 16:30:00
2023-11-12,6:50pm,JPY,PPI y/y,Non-economic,0.8%,1.0%,2.2%,2023-11-12 18:50:00
2023-11-12,7:01pm,GBP,Rightmove HPI m/m,Non-economic,-1.7%,,0.5%,2023-11-12 19:01:00
2023-11-13,12:58am,JPY,Prelim Machine Tool Orders y/y,Non-economic,-20.6%,,-11.2%,2023-11-13 00:58:00
2023-11-13,5:00am,CNY,New Loans,Medium,738B,660B,2310B,2023-11-13 05:00:00
2023-11-13,5:01am,CNY,M2 Money Supply y/y,Non-economic,10.3%,10.4%,10.3%,2023-11-13 05:01:00
2023-11-13,6:55am,GBP,MPC Member Breeden Speaks,Non-economic,,,,2023-11-13 06:55:00
2023-11-13,All Day,CAD,Bank Holiday,Low,,,,2023-11-13 00:00:00
2023-11-13,8:50am,USD,FOMC Member Cook Speaks,Non-economic,,,,2023-11-13 08:50:00
2023-11-13,9:30am,GBP,CB Leading Index m/m,Non-economic,-0.4%,,-0.7%,2023-11-13 09:30:00
2023-11-13,9:45am,USD,Cleveland Fed Inflation Expectations,Non-economic,4.2%,,4.3%,2023-11-13 09:45:00
2023-11-13,11:05am,GBP,MPC Member Mann Speaks,Non-economic,,,,2023-11-13 11:05:00
2023-11-13,2:00pm,USD,Federal Budget Balance,Non-economic,-66.6B,-70.5B,-171.0B,2023-11-13 14:00:00
2023-11-13,4:45pm,NZD,FPI m/m,Non-economic,-0.9%,,-0.4%,2023-11-13 16:45:00
2023-11-13,6:30pm,AUD,Westpac Consumer Sentiment,Non-economic,-2.6%,,2.9%,2023-11-13 18:30:00
2023-11-13,7:30pm,AUD,NAB Business Confidence,Medium,-2,,0,2023-11-13 19:30:00
2023-11-14,2:00am,GBP,Claimant Count Change,High,17.8K,15.0K,9.0K,2023-11-14 02:00:00
2023-11-14,2:00am,GBP,Average Earnings Index 3m/y,Medium,7.9%,7.4%,8.2%,2023-11-14 02:00:00
2023-11-14,2:00am,GBP,Unemployment Rate,Non-economic,4.2%,4.2%,4.2%,2023-11-14 02:00:00
2023-11-14,2:30am,CHF,PPI m/m,Non-economic,0.2%,0.1%,-0.1%,2023-11-14 02:30:00
2023-11-14,2:45am,CHF,SNB Chairman Jordan Speaks,Medium,,,,2023-11-14 02:45:00
2023-11-14,4:30am,CAD,Gov Council Member Gravelle Speaks,Non-economic,,,,2023-11-14 04:30:00
2023-11-14,5:00am,EUR,Flash Employment Change q/q,Non-economic,0.3%,0.2%,0.1%,2023-11-14 05:00:00
2023-11-14,5:00am,EUR,Flash GDP q/q,Non-economic,-0.1%,-0.1%,-0.1%,2023-11-14 05:00:00
2023-11-14,5:00am,EUR,German ZEW Economic Sentiment,Non-economic,9.8,4.9,-1.1,2023-11-14 05:00:00
2023-11-14,5:00am,EUR,ZEW Economic Sentiment,Non-economic,13.8,6.1,2.3,2023-11-14 05:00:00
2023-11-14,5:30am,USD,FOMC Member Jefferson Speaks,Non-economic,,,,2023-11-14 05:30:00
2023-11-14,5:58am,USD,NFIB Small Business Index,Non-economic,90.7,90.6,90.8,2023-11-14 05:58:00
2023-11-14,7:00am,GBP,MPC Member Dhingra Speaks,Non-economic,,,,2023-11-14 07:00:00
2023-11-14,8:30am,USD,Core CPI m/m,High,0.2%,0.3%,0.3%,2023-11-14 08:30:00
2023-11-14,8:30am,USD,CPI m/m,High,0.0%,0.1%,0.4%,2023-11-14 08:30:00
2023-11-14,8:30am,USD,CPI y/y,High,3.2%,3.3%,3.7%,2023-11-14 08:30:00
2023-11-14,8:45am,GBP,MPC Member Pill Speaks,Non-economic,,,,2023-11-14 08:45:00
2023-11-14,10:00am,USD,FOMC Member Barr Speaks,Non-economic,,,,2023-11-14 10:00:00
2023-11-14,12:45pm,USD,FOMC Member Goolsbee Speaks,Non-economic,,,,2023-11-14 12:45:00
2023-11-14,4:30pm,USD,API Weekly Statistical Bulletin,Non-economic,,,,2023-11-14 16:30:00
2023-11-14,4:45pm,NZD,Visitor Arrivals m/m,Non-economic,2.4%,,-3.0%,2023-11-14 16:45:00
2023-11-14,6:50pm,JPY,Prelim GDP Price Index y/y,Non-economic,5.1%,4.8%,3.5%,2023-11-14 18:50:00
2023-11-14,6:50pm,JPY,Prelim GDP q/q,Non-economic,-0.5%,-0.1%,1.2%,2023-11-14 18:50:00
2023-11-14,7:30pm,AUD,Wage Price Index q/q,High,1.3%,1.3%,0.9%,2023-11-14 19:30:00
2023-11-14,9:00pm,CNY,Industrial Production y/y,High,4.6%,4.5%,4.5%,2023-11-14 21:00:00
2023-11-14,9:00pm,CNY,Retail Sales y/y,Medium,7.6%,7.1%,5.5%,2023-11-14 21:00:00
2023-11-14,9:00pm,CNY,Fixed Asset Investment ytd/y,Non-economic,2.9%,3.1%,3.1%,2023-11-14 21:00:00
2023-11-14,9:00pm,CNY,NBS Press Conference,Non-economic,,,,2023-11-14 21:00:00
2023-11-14,9:00pm,CNY,Unemployment Rate,Non-economic,5.0%,5.0%,5.0%,2023-11-14 21:00:00
2023-11-14,11:30pm,JPY,Revised Industrial Production m/m,Non-economic,0.5%,0.2%,0.2%,2023-11-14 23:30:00
2023-11-15,2:00am,EUR,German WPI m/m,Non-economic,-0.7%,0.2%,0.2%,2023-11-15 02:00:00
2023-11-15,2:00am,GBP,CPI y/y,High,4.6%,4.7%,6.7%,2023-11-15 02:00:00
2023-11-15,2:00am,GBP,Core CPI y/y,Non-economic,5.7%,5.8%,6.1%,2023-11-15 02:00:00
2023-11-15,2:00am,GBP,PPI Input m/m,Non-economic,0.4%,0.1%,0.6%,2023-11-15 02:00:00
2023-11-15,2:00am,GBP,PPI Output m/m,Non-economic,0.1%,0.1%,0.6%,2023-11-15 02:00:00
2023-11-15,2:00am,GBP,RPI y/y,Non-economic,6.1%,6.3%,8.9%,2023-11-15 02:00:00
2023-11-15,2:45am,EUR,French Final CPI m/m,Non-economic,0.1%,0.1%,0.1%,2023-11-15 02:45:00
2023-11-15,4:30am,GBP,HPI y/y,Non-economic,-0.1%,-0.8%,0.8%,2023-11-15 04:30:00
2023-11-15,5:00am,EUR,EU Economic Forecasts,Non-economic,,,,2023-11-15 05:00:00
2023-11-15,5:00am,EUR,Industrial Production m/m,Non-economic,-1.1%,-0.9%,0.6%,2023-11-15 05:00:00
2023-11-15,5:00am,EUR,Trade Balance,Non-economic,9.2B,6.6B,11.1B,2023-11-15 05:00:00
2023-11-15,5:33am,EUR,German 30-y Bond Auction,Non-economic,2.81|3.0,,3.04|2.1,2023-11-15 05:33:00
2023-11-15,8:30am,CAD,Manufacturing Sales m/m,Non-economic,0.4%,0.0%,1.0%,2023-11-15 08:30:00
2023-11-15,8:30am,CAD,Wholesale Sales m/m,Non-economic,0.4%,0.1%,1.8%,2023-11-15 08:30:00
2023-11-15,8:30am,USD,Core PPI m/m,High,0.0%,0.3%,0.2%,2023-11-15 08:30:00
2023-11-15,8:30am,USD,Core Retail Sales m/m,High,0.1%,-0.1%,0.8%,2023-11-15 08:30:00
2023-11-15,8:30am,USD,Empire State Manufacturing Index,High,9.1,-3.3,-4.6,2023-11-15 08:30:00
2023-11-15,8:30am,USD,PPI m/m,High,-0.5%,0.1%,0.4%,2023-11-15 08:30:00
2023-11-15,8:30am,USD,Retail Sales m/m,High,-0.1%,-0.3%,0.9%,2023-11-15 08:30:00
2023-11-15,9:30am,USD,FOMC Member Barr Speaks,Non-economic,,,,2023-11-15 09:30:00
2023-11-15,10:00am,USD,Business Inventories m/m,Non-economic,0.4%,0.4%,0.4%,2023-11-15 10:00:00
2023-11-15,Nov 3rd,USD,Crude Oil Inventories,Non-economic,13.9M,,0.8M,2023-11-15 00:00:00
2023-11-15,10:30am,USD,Crude Oil Inventories,Medium,3.6M,2.5M,13.9M,2023-11-15 10:30:00
2023-11-15,1:00pm,GBP,MPC Member Haskel Speaks,Non-economic,,,,2023-11-15 13:00:00
2023-11-15,6:50pm,JPY,Core Machinery Orders m/m,Non-economic,1.4%,0.9%,-0.5%,2023-11-15 18:50:00
2023-11-15,6:50pm,JPY,Trade Balance,Non-economic,-0.46T,-0.69T,-0.42T,2023-11-15 18:50:00
2023-11-15,7:00pm,AUD,MI Inflation Expectations,Non-economic,4.9%,,4.8%,2023-11-15 19:00:00
2023-11-15,7:30pm,AUD,Employment Change,High,55.0K,22.8K,7.8K,2023-11-15 19:30:00
2023-11-15,7:30pm,AUD,Unemployment Rate,High,3.7%,3.7%,3.6%,2023-11-15 19:30:00
2023-11-15,8:30pm,CNY,New Home Prices m/m,Non-economic,-0.38%,,-0.30%,2023-11-15 20:30:00
2023-11-15,11:30pm,JPY,Tertiary Industry Activity m/m,Non-economic,-1.0%,-0.1%,0.7%,2023-11-15 23:30:00
2023-11-16,4:00am,EUR,Italian Trade Balance,Non-economic,2.35B,3.45B,1.95B,2023-11-16 04:00:00
2023-11-16,4:42am,EUR,Spanish 10-y Bond Auction,Non-economic,3.61|2.2,,3.58|2.0,2023-11-16 04:42:00
2023-11-16,6:30am,EUR,ECB President Lagarde Speaks,Non-economic,,,,2023-11-16 06:30:00
2023-11-16,7:10am,USD,FOMC Member Barr Speaks,Non-economic,,,,2023-11-16 07:10:00
2023-11-16,8:15am,CAD,Housing Starts,Non-economic,275K,255K,271K,2023-11-16 08:15:00
2023-11-16,8:30am,USD,Unemployment Claims,High,231K,221K,218K,2023-11-16 08:30:00
2023-11-16,8:30am,USD,Philly Fed Manufacturing Index,Medium,-5.9,-10.4,-9.0,2023-11-16 08:30:00
2023-11-16,8:30am,USD,Import Prices m/m,Non-economic,-0.8%,-0.3%,0.4%,2023-11-16 08:30:00
2023-11-16,9:15am,USD,Industrial Production m/m,Medium,-0.6%,-0.4%,0.1%,2023-11-16 09:15:00
2023-11-16,9:15am,USD,Capacity Utilization Rate,Non-economic,78.9%,79.4%,79.5%,2023-11-16 09:15:00
2023-11-16,9:25am,USD,FOMC Member Williams Speaks,Non-economic,,,,2023-11-16 09:25:00
2023-11-16,10:00am,USD,NAHB Housing Market Index,Non-economic,34,40,40,2023-11-16 10:00:00
2023-11-16,Nov 3rd,USD,Natural Gas Storage,Non-economic,-6B,,79B,2023-11-16 00:00:00
2023-11-16,10:30am,USD,FOMC Member Waller Speaks,Non-economic,,,,2023-11-16 10:30:00
2023-11-16,10:30am,USD,Natural Gas Storage,Non-economic,60B,38B,-6B,2023-11-16 10:30:00
2023-11-16,10:35am,USD,FOMC Member Barr Speaks,Non-economic,,,,2023-11-16 10:35:00
2023-11-16,10:45am,GBP,MPC Member Ramsden Speaks,Non-economic,,,,2023-11-16 10:45:00
2023-11-16,12:00pm,USD,FOMC Member Cook Speaks,Non-economic,,,,2023-11-16 12:00:00
2023-11-16,4:00pm,USD,TIC Long-Term Purchases,Non-economic,-1.7B,89.4B,62.2B,2023-11-16 16:00:00
2023-11-16,4:45pm,NZD,PPI Input q/q,Non-economic,1.2%,0.2%,-0.2%,2023-11-16 16:45:00
2023-11-16,4:45pm,NZD,PPI Output q/q,Non-economic,0.8%,0.4%,0.2%,2023-11-16 16:45:00
2023-11-17,2:00am,GBP,Retail Sales m/m,High,-0.3%,0.5%,-1.1%,2023-11-17 02:00:00
2023-11-17,3:30am,EUR,ECB President Lagarde Speaks,Medium,,,,2023-11-17 03:30:00
2023-11-17,4:00am,EUR,Current Account,Non-economic,31.2B,20.3B,30.8B,2023-11-17 04:00:00
2023-11-17,4:20am,CNY,Foreign Direct Investment ytd/y,Non-economic,-9.4%,,-8.4%,2023-11-17 04:20:00
2023-11-17,5:00am,EUR,Final Core CPI y/y,Non-economic,4.2%,4.2%,4.2%,2023-11-17 05:00:00
2023-11-17,5:00am,EUR,Final CPI y/y,Non-economic,2.9%,2.9%,2.9%,2023-11-17 05:00:00
2023-11-17,8:00am,EUR,German Buba President Nagel Speaks,Non-economic,,,,2023-11-17 08:00:00
2023-11-17,8:00am,GBP,MPC Member Ramsden Speaks,Non-economic,,,,2023-11-17 08:00:00
2023-11-17,8:15am,GBP,MPC Member Greene Speaks,Non-economic,,,,2023-11-17 08:15:00
2023-11-17,8:30am,CAD,Foreign Securities Purchases,Non-economic,-15.09B,-6.84B,-8.77B,2023-11-17 08:30:00
2023-11-17,8:30am,CAD,IPPI m/m,Non-economic,-1.0%,0.2%,0.4%,2023-11-17 08:30:00
2023-11-17,8:30am,CAD,RMPI m/m,Non-economic,-2.5%,-2.0%,3.9%,2023-11-17 08:30:00
2023-11-17,8:30am,USD,Building Permits,Medium,1.49M,1.45M,1.47M,2023-11-17 08:30:00
2023-11-17,8:30am,USD,Housing Starts,Non-economic,1.37M,1.35M,1.35M,2023-11-17 08:30:00
2023-11-17,9:45am,USD,FOMC Member Goolsbee Speaks,Non-economic,,,,2023-11-17 09:45:00
2023-11-18,4:00am,CHF,SNB Chairman Jordan Speaks,Medium,,,,2023-11-18 04:00:00
2023-11-19,8:15pm,CNY,1-y Loan Prime Rate,Medium,3.45%,3.45%,3.45%,2023-11-19 20:15:00
2023-11-19,8:15pm,CNY,5-y Loan Prime Rate,Medium,4.20%,4.20%,4.20%,2023-11-19 20:15:00
2023-11-20,2:00am,EUR,German PPI m/m,Non-economic,-0.1%,0.0%,-0.2%,2023-11-20 02:00:00
2023-11-20,6:00am,EUR,German Buba Monthly Report,Non-economic,,,,2023-11-20 06:00:00
2023-11-20,10:00am,USD,CB Leading Index m/m,Non-economic,-0.8%,-0.5%,-0.7%,2023-11-20 10:00:00
2023-11-20,10:30am,AUD,CB Leading Index m/m,Non-economic,-0.3%,,-0.3%,2023-11-20 10:30:00
2023-11-20,1:45pm,GBP,BOE Gov Bailey Speaks,High,,,,2023-11-20 13:45:00
2023-11-20,4:45pm,NZD,Trade Balance,Non-economic,-1709M,-1150M,-2425M,2023-11-20 16:45:00
2023-11-20,6:00pm,AUD,RBA Gov Bullock Speaks,High,,,,2023-11-20 18:00:00
2023-11-20,7:30pm,AUD,Monetary Policy Meeting Minutes,High,,,,2023-11-20 19:30:00
2023-11-20,9:05pm,NZD,Credit Card Spending y/y,Non-economic,-2.9%,,2.8%,2023-11-20 21:05:00
2023-11-21,2:00am,CHF,Trade Balance,Non-economic,4.60B,5.87B,6.28B,2023-11-21 02:00:00
2023-11-21,2:00am,GBP,Public Sector Net Borrowing,Non-economic,14.0B,16.8B,13.7B,2023-11-21 02:00:00
2023-11-21,5:15am,GBP,Monetary Policy Report Hearings,Medium,,,,2023-11-21 05:15:00
2023-11-21,8:30am,CAD,CPI m/m,High,0.1%,0.1%,-0.1%,2023-11-21 08:30:00
2023-11-21,8:30am,CAD,Median CPI y/y,High,3.6%,3.6%,3.9%,2023-11-21 08:30:00
2023-11-21,8:30am,CAD,Trimmed CPI y/y,High,3.5%,3.6%,3.7%,2023-11-21 08:30:00
2023-11-21,8:30am,CAD,Common CPI y/y,Medium,4.2%,4.3%,4.4%,2023-11-21 08:30:00
2023-11-21,8:30am,CAD,NHPI m/m,Non-economic,0.0%,0.0%,-0.2%,2023-11-21 08:30:00
2023-11-21,8:32am,CAD,Core CPI m/m,Non-economic,0.3%,,-0.1%,2023-11-21 08:32:00
2023-11-21,9:23am,NZD,GDT Price Index,Non-economic,0.0%,,-0.7%,2023-11-21 09:23:00
2023-11-21,10:00am,USD,Existing Home Sales,Medium,3.79M,3.90M,3.95M,2023-11-21 10:00:00
2023-11-21,11:15am,EUR,ECB President Lagarde Speaks,Medium,,,,2023-11-21 11:15:00
2023-11-21,2:00pm,USD,FOMC Meeting Minutes,High,,,,2023-11-21 14:00:00
2023-11-21,3:00pm,USD,Treasury Sec Yellen Speaks,Non-economic,,,,2023-11-21 15:00:00
2023-11-21,4:30pm,USD,API Weekly Statistical Bulletin,Non-economic,,,,2023-11-21 16:30:00
2023-11-21,6:30pm,AUD,MI Leading Index m/m,Non-economic,0.0%,,0.1%,2023-11-21 18:30:00
2023-11-22,3:35am,AUD,RBA Gov Bullock Speaks,High,,,,2023-11-22 03:35:00
2023-11-22,4:00am,EUR,ECB Financial Stability Review,Medium,,,,2023-11-22 04:00:00
2023-11-22,All Day,EUR,Dutch Parliamentary Election,Medium,,,,2023-11-22 00:00:00
2023-11-22,6:00am,GBP,CBI Industrial Order Expectations,Non-economic,-35,-25,-26,2023-11-22 06:00:00
2023-11-22,7:35am,GBP,Autumn Forecast Statement,Medium,,,,2023-11-22 07:35:00
2023-11-22,8:30am,USD,Unemployment Claims,High,209K,226K,233K,2023-11-22 08:30:00
2023-11-22,8:30am,USD,Core Durable Goods Orders m/m,Medium,0.0%,0.2%,0.4%,2023-11-22 08:30:00
2023-11-22,8:30am,USD,Durable Goods Orders m/m,Medium,-5.4%,-3.2%,4.6%,2023-11-22 08:30:00
2023-11-22,10:00am,EUR,Consumer Confidence,Non-economic,-17,-18,-18,2023-11-22 10:00:00
2023-11-22,10:00am,USD,Revised UoM Consumer Sentiment,High,61.3,61.1,60.4,2023-11-22 10:00:00
2023-11-22,10:00am,USD,Revised UoM Inflation Expectations,Non-economic,4.5%,,4.4%,2023-11-22 10:00:00
2023-11-22,10:30am,USD,Crude Oil Inventories,Non-economic,8.7M,0.9M,3.6M,2023-11-22 10:30:00
2023-11-22,11:00am,EUR,German Buba President Nagel Speaks,Non-economic,,,,2023-11-22 11:00:00
2023-11-22,11:30am,CAD,BOC Gov Macklem Speaks,High,,,,2023-11-22 11:30:00
2023-11-22,12:00pm,USD,Natural Gas Storage,Non-economic,-7B,1B,60B,2023-11-22 12:00:00
2023-11-22,5:00pm,AUD,Flash Manufacturing PMI,Non-economic,47.7,,48.2,2023-11-22 17:00:00
2023-11-22,5:00pm,AUD,Flash Services PMI,Non-economic,46.3,,47.9,2023-11-22 17:00:00
2023-11-22,All Day,JPY,Bank Holiday,Low,,,,2023-11-22 00:00:00
2023-11-23,3:15am,EUR,French Flash Manufacturing PMI,High,42.6,43.2,42.8,2023-11-23 03:15:00
2023-11-23,3:15am,EUR,French Flash Services PMI,High,45.3,45.6,45.2,2023-11-23 03:15:00
2023-11-23,3:30am,EUR,German Flash Manufacturing PMI,High,42.3,41.1,40.8,2023-11-23 03:30:00
2023-11-23,3:30am,EUR,German Flash Services PMI,High,48.7,48.4,48.2,2023-11-23 03:30:00
2023-11-23,4:00am,EUR,Flash Manufacturing PMI,Medium,43.8,43.3,43.1,2023-11-23 04:00:00
2023-11-23,4:00am,EUR,Flash Services PMI,Medium,48.2,48.0,47.8,2023-11-23 04:00:00
2023-11-23,4:30am,GBP,Flash Manufacturing PMI,High,46.7,45.0,44.8,2023-11-23 04:30:00
2023-11-23,4:30am,GBP,Flash Services PMI,High,50.5,49.5,49.5,2023-11-23 04:30:00
2023-11-23,7:30am,EUR,ECB Monetary Policy Meeting Accounts,Non-economic,,,,2023-11-23 07:30:00
2023-11-23,All Day,USD,Bank Holiday,Low,,,,2023-11-23 00:00:00
2023-11-23,8:30am,CAD,Corporate Profits q/q,Non-economic,4.7%,,-2.0%,2023-11-23 08:30:00
2023-11-23,4:45pm,NZD,Retail Sales q/q,Medium,0.0%,-0.8%,-0.9%,2023-11-23 16:45:00
2023-11-23,4:45pm,NZD,Core Retail Sales q/q,Non-economic,1.0%,-1.5%,-1.6%,2023-11-23 16:45:00
2023-11-23,6:30pm,JPY,National Core CPI y/y,Non-economic,2.9%,3.0%,2.8%,2023-11-23 18:30:00
2023-11-23,7:01pm,GBP,GfK Consumer Confidence,Non-economic,-24,-28,-30,2023-11-23 19:01:00
2023-11-23,7:30pm,JPY,Flash Manufacturing PMI,Non-economic,48.1,48.8,48.7,2023-11-23 19:30:00
2023-11-24,2:00am,EUR,German Final GDP q/q,Non-economic,-0.1%,-0.1%,-0.1%,2023-11-24 02:00:00
2023-11-24,4:00am,EUR,German ifo Business Climate,Medium,87.3,87.5,86.9,2023-11-24 04:00:00
2023-11-24,4:00am,EUR,German Buba President Nagel Speaks,Non-economic,,,,2023-11-24 04:00:00
2023-11-24,5:00am,EUR,ECB President Lagarde Speaks,Non-economic,,,,2023-11-24 05:00:00
2023-11-24,8:30am,CAD,Core Retail Sales m/m,Medium,0.2%,-0.3%,0.2%,2023-11-24 08:30:00
2023-11-24,8:30am,CAD,Retail Sales m/m,Medium,0.6%,0.0%,-0.1%,2023-11-24 08:30:00
2023-11-24,9:00am,EUR,Belgian NBB Business Climate,Non-economic,-15.0,-15.0,-16.8,2023-11-24 09:00:00
2023-11-24,9:45am,USD,Flash Manufacturing PMI,High,49.4,49.9,50.0,2023-11-24 09:45:00
2023-11-24,9:45am,USD,Flash Services PMI,High,50.8,50.4,50.6,2023-11-24 09:45:00
2023-11-25,6:15am,EUR,German Buba President Nagel Speaks,Non-economic,,,,2023-11-25 06:15:00
2023-11-26,6:50pm,JPY,SPPI y/y,Non-economic,2.3%,2.1%,2.0%,2023-11-26 18:50:00
2023-11-27,6:00am,GBP,CBI Realized Sales,Non-economic,-11,-30,-36,2023-11-27 06:00:00
2023-11-27,9:00am,EUR,ECB President Lagarde Speaks,Medium,,,,2023-11-27 09:00:00
2023-11-27,10:00am,USD,New Home Sales,Medium,679K,724K,719K,2023-11-27 10:00:00
2023-11-27,7:01pm,GBP,BRC Shop Price Index y/y,Non-economic,4.3%,,5.2%,2023-11-27 19:01:00
2023-11-27,7:30pm,AUD,Retail Sales m/m,Medium,-0.2%,0.1%,0.9%,2023-11-27 19:30:00
2023-11-27,8:18pm,AUD,RBA Gov Bullock Speaks,High,,,,2023-11-27 20:18:00
2023-11-27,8:18pm,GBP,MPC Member Ramsden Speaks,Non-economic,,,,2023-11-27 20:18:00
2023-11-28,12:00am,JPY,BOJ Core CPI y/y,Non-economic,3.0%,3.4%,3.4%,2023-11-28 00:00:00
2023-11-28,2:00am,EUR,German GfK Consumer Climate,Non-economic,-27.8,-28.2,-28.3,2023-11-28 02:00:00
2023-11-28,3:00am,EUR,German Buba President Nagel Speaks,Non-economic,,,,2023-11-28 03:00:00
2023-11-28,4:00am,EUR,M3 Money Supply y/y,Non-economic,-1.0%,-0.9%,-1.2%,2023-11-28 04:00:00
2023-11-28,4:00am,EUR,Private Loans y/y,Non-economic,0.6%,0.7%,0.8%,2023-11-28 04:00:00
2023-11-28,5:03am,GBP,30-y Bond Auction,Non-economic,4.66|2.3,,4.93|2.6,2023-11-28 05:03:00
2023-11-28,9:00am,CNY,CB Leading Index m/m,Non-economic,-0.1%,,-0.3%,2023-11-28 09:00:00
2023-11-28,9:00am,USD,S&P/CS Composite-20 HPI y/y,Medium,3.9%,4.0%,2.1%,2023-11-28 09:00:00
2023-11-28,9:00am,USD,HPI m/m,Non-economic,0.6%,0.4%,0.7%,2023-11-28 09:00:00
2023-11-28,9:59am,USD,Richmond Manufacturing Index,Medium,-5,1,3,2023-11-28 09:59:00
2023-11-28,10:00am,USD,CB Consumer Confidence,High,102.0,101.0,99.1,2023-11-28 10:00:00
2023-11-28,10:00am,USD,FOMC Member Goolsbee Speaks,Non-economic,,,,2023-11-28 10:00:00
2023-11-28,10:05am,USD,FOMC Member Waller Speaks,Medium,,,,2023-11-28 10:05:00
2023-11-28,10:45am,USD,FOMC Member Bowman Speaks,Non-economic,,,,2023-11-28 10:45:00
2023-11-28,11:00am,EUR,ECB President Lagarde Speaks,Non-economic,,,,2023-11-28 11:00:00
2023-11-28,12:00pm,GBP,MPC Member Haskel Speaks,Non-economic,,,,2023-11-28 12:00:00
2023-11-28,1:05pm,USD,FOMC Member Barr Speaks,Non-economic,,,,2023-11-28 13:05:00
2023-11-28,3:30pm,USD,FOMC Member Barr Speaks,Non-economic,,,,2023-11-28 15:30:00
2023-11-28,4:30pm,USD,API Weekly Statistical Bulletin,Non-economic,,,,2023-11-28 16:30:00
2023-11-28,7:30pm,AUD,CPI y/y,High,4.9%,5.2%,5.6%,2023-11-28 19:30:00
2023-11-28,7:30pm,AUD,Construction Work Done q/q,Non-economic,1.3%,0.3%,2.0%,2023-11-28 19:30:00
2023-11-28,8:00pm,NZD,Official Cash Rate,High,5.50%,5.50%,5.50%,2023-11-28 20:00:00
2023-11-28,8:00pm,NZD,RBNZ Monetary Policy Statement,High,,,,2023-11-28 20:00:00
2023-11-28,8:00pm,NZD,RBNZ Rate Statement,High,,,,2023-11-28 20:00:00
2023-11-28,9:00pm,NZD,RBNZ Press Conference,High,,,,2023-11-28 21:00:00
2023-11-29,1:30am,EUR,French Final Private Payrolls q/q,Non-economic,0.1%,-0.1%,-0.1%,2023-11-29 01:30:00
2023-11-29,2:00am,EUR,German Import Prices m/m,Non-economic,0.3%,-0.3%,1.6%,2023-11-29 02:00:00
2023-11-29,All Day,EUR,German Prelim CPI m/m,High,-0.4%,-0.1%,0.0%,2023-11-29 00:00:00
2023-11-29,3:00am,EUR,Spanish Flash CPI y/y,High,3.2%,3.6%,3.5%,2023-11-29 03:00:00
2023-11-29,4:00am,CHF,UBS Economic Expectations,Non-economic,-29.6,,-37.8,2023-11-29 04:00:00
2023-11-29,4:30am,GBP,M4 Money Supply m/m,Non-economic,0.3%,-0.2%,-1.1%,2023-11-29 04:30:00
2023-11-29,4:30am,GBP,Mortgage Approvals,Non-economic,47K,45K,44K,2023-11-29 04:30:00
2023-11-29,4:30am,GBP,Net Lending to Individuals m/m,Non-economic,1.2B,1.2B,0.4B,2023-11-29 04:30:00
2023-11-29,5:15am,EUR,Italian 10-y Bond Auction,Non-economic,4.17|1.4,,4.76|1.3,2023-11-29 05:15:00
2023-11-29,5:35am,EUR,German 10-y Bond Auction,Non-economic,2.45|1.7,,2.64|2.5,2023-11-29 05:35:00
2023-11-29,8:30am,CAD,Current Account,Non-economic,-3.2B,0.7B,-7.3B,2023-11-29 08:30:00
2023-11-29,8:30am,USD,Prelim GDP q/q,High,5.2%,5.0%,4.9%,2023-11-29 08:30:00
2023-11-29,8:30am,USD,Prelim GDP Price Index q/q,Medium,3.6%,3.5%,3.5%,2023-11-29 08:30:00
2023-11-29,8:30am,USD,Goods Trade Balance,Non-economic,-89.8B,-86.4B,-86.8B,2023-11-29 08:30:00
2023-11-29,8:30am,USD,Prelim Wholesale Inventories m/m,Non-economic,-0.2%,0.1%,0.2%,2023-11-29 08:30:00
2023-11-29,10:05am,GBP,BOE Gov Bailey Speaks,High,,,,2023-11-29 10:05:00
2023-11-29,10:30am,USD,Crude Oil Inventories,Non-economic,1.6M,-0.1M,8.7M,2023-11-29 10:30:00
2023-11-29,2:00pm,USD,Beige Book,Non-economic,,,,2023-11-29 14:00:00
2023-11-29,4:45pm,NZD,Building Consents m/m,Non-economic,8.7%,,-4.6%,2023-11-29 16:45:00
2023-11-29,6:50pm,JPY,Prelim Industrial Production m/m,Non-economic,1.0%,0.7%,0.5%,2023-11-29 18:50:00
2023-11-29,6:50pm,JPY,Retail Sales y/y,Non-economic,4.2%,5.9%,6.3%,2023-11-29 18:50:00
2023-11-29,7:00pm,NZD,ANZ Business Confidence,Non-economic,30.8,,23.4,2023-11-29 19:00:00
2023-11-29,7:30pm,AUD,Building Approvals m/m,Non-economic,7.5%,1.5%,-4.0%,2023-11-29 19:30:00
2023-11-29,7:30pm,AUD,Private Capital Expenditure q/q,Non-economic,0.6%,1.0%,3.4%,2023-11-29 19:30:00
2023-11-29,7:30pm,AUD,Private Sector Credit m/m,Non-economic,0.3%,0.4%,0.5%,2023-11-29 19:30:00
2023-11-29,8:30pm,CNY,Manufacturing PMI,High,49.4,49.8,49.5,2023-11-29 20:30:00
2023-11-29,8:30pm,CNY,Non-Manufacturing PMI,Medium,50.2,50.9,50.6,2023-11-29 20:30:00
2023-11-30,12:00am,JPY,Consumer Confidence,Non-economic,36.1,35.6,35.7,2023-11-30 00:00:00
2023-11-30,12:00am,JPY,Housing Starts y/y,Non-economic,-6.3%,-7.0%,-6.8%,2023-11-30 00:00:00
2023-11-30,2:00am,EUR,German Retail Sales m/m,Non-economic,1.1%,0.3%,-0.1%,2023-11-30 02:00:00
2023-11-30,2:30am,CHF,Retail Sales y/y,Non-economic,-0.1%,0.2%,-1.2%,2023-11-30 02:30:00
2023-11-30,2:45am,EUR,French Consumer Spending m/m,Non-economic,-0.9%,-0.1%,0.0%,2023-11-30 02:45:00
2023-11-30,2:45am,EUR,French Prelim CPI m/m,Non-economic,-0.2%,0.1%,0.1%,2023-11-30 02:45:00
2023-11-30,2:45am,EUR,French Prelim GDP q/q,Non-economic,-0.1%,0.1%,0.1%,2023-11-30 02:45:00
2023-11-30,3:00am,CHF,KOF Economic Barometer,Non-economic,96.7,96.3,95.1,2023-11-30 03:00:00
2023-11-30,3:55am,EUR,German Unemployment Change,Non-economic,22K,21K,31K,2023-11-30 03:55:00
2023-11-30,4:00am,EUR,Italian Monthly Unemployment Rate,Non-economic,7.8%,7.4%,7.6%,2023-11-30 04:00:00
2023-11-30,5:00am,EUR,Core CPI Flash Estimate y/y,Medium,3.6%,3.9%,4.2%,2023-11-30 05:00:00
2023-11-30,5:00am,EUR,CPI Flash Estimate y/y,Medium,2.4%,2.7%,2.9%,2023-11-30 05:00:00
2023-11-30,5:00am,EUR,Italian Prelim CPI m/m,Non-economic,-0.4%,-0.2%,-0.2%,2023-11-30 05:00:00
2023-11-30,5:00am,EUR,Unemployment Rate,Non-economic,6.5%,6.5%,6.5%,2023-11-30 05:00:00
2023-11-30,All Day,All,OPEC-JMMC Meetings,High,,,,2023-11-30 00:00:00
2023-11-30,8:30am,CAD,GDP m/m,High,0.1%,0.0%,0.0%,2023-11-30 08:30:00
2023-11-30,8:30am,EUR,ECB President Lagarde Speaks,Medium,,,,2023-11-30 08:30:00
2023-11-30,8:30am,USD,Core PCE Price Index m/m,High,0.2%,0.2%,0.3%,2023-11-30 08:30:00
2023-11-30,8:30am,USD,Unemployment Claims,High,218K,219K,211K,2023-11-30 08:30:00
2023-11-30,8:30am,USD,Personal Income m/m,Non-economic,0.2%,0.2%,0.4%,2023-11-30 08:30:00
2023-11-30,8:30am,USD,Personal Spending m/m,Non-economic,0.2%,0.2%,0.7%,2023-11-30 08:30:00
2023-11-30,9:15am,USD,FOMC Member Williams Speaks,Non-economic,,,,2023-11-30 09:15:00
2023-11-30,9:45am,USD,Chicago PMI,Medium,55.8,46.0,44.0,2023-11-30 09:45:00
2023-11-30,10:00am,USD,Pending Home Sales m/m,Medium,-1.5%,-1.9%,1.0%,2023-11-30 10:00:00
2023-11-30,10:30am,USD,Natural Gas Storage,Non-economic,10B,-8B,-7B,2023-11-30 10:30:00
2023-11-30,11:00am,GBP,MPC Member Greene Speaks,Non-economic,,,,2023-11-30 11:00:00
2023-11-30,12:00pm,EUR,German Buba President Nagel Speaks,Non-economic,,,,2023-11-30 12:00:00
2023-11-30,6:30pm,JPY,Unemployment Rate,Non-economic,2.5%,2.6%,2.6%,2023-11-30 18:30:00
2023-11-30,6:50pm,JPY,Capital Spending q/y,Non-economic,3.4%,3.4%,4.5%,2023-11-30 18:50:00
2023-11-30,7:30pm,JPY,Final Manufacturing PMI,Non-economic,48.3,48.1,48.1,2023-11-30 19:30:00
2023-11-30,8:45pm,CNY,RatingDog Manufacturing PMI,Medium,50.7,49.6,49.5,2023-11-30 20:45:00
2023-12-01,12:30am,AUD,Commodity Prices y/y,Non-economic,-10.5%,,-15.9%,2023-12-01 00:30:00
2023-12-01,2:00am,GBP,Nationwide HPI m/m,Non-economic,0.2%,-0.4%,0.9%,2023-12-01 02:00:00
2023-12-01,2:45am,EUR,French Gov Budget Balance,Non-economic,-177.7B,,-186.1B,2023-12-01 02:45:00
2023-12-01,3:00am,CHF,GDP q/q,Medium,0.3%,0.1%,-0.1%,2023-12-01 03:00:00
2023-12-01,3:00am,USD,FOMC Member Barr Speaks,Non-economic,,,,2023-12-01 03:00:00
2023-12-01,3:15am,EUR,Spanish Manufacturing PMI,Non-economic,46.3,45.6,45.1,2023-12-01 03:15:00
2023-12-01,3:30am,CHF,Manufacturing PMI,Non-economic,42.1,42.0,40.6,2023-12-01 03:30:00
2023-12-01,3:45am,EUR,Italian Manufacturing PMI,Non-economic,44.4,45.3,44.9,2023-12-01 03:45:00
2023-12-01,3:50am,EUR,French Final Manufacturing PMI,Non-economic,42.9,42.6,42.6,2023-12-01 03:50:00
2023-12-01,3:55am,EUR,German Final Manufacturing PMI,Non-economic,42.6,42.3,42.3,2023-12-01 03:55:00
2023-12-01,4:00am,EUR,Final Manufacturing PMI,Non-economic,44.2,43.8,43.8,2023-12-01 04:00:00
2023-12-01,4:30am,GBP,Final Manufacturing PMI,Non-economic,47.2,46.7,46.7,2023-12-01 04:30:00
2023-12-01,6:30am,EUR,ECB President Lagarde Speaks,Medium,,,,2023-12-01 06:30:00
2023-12-01,8:30am,CAD,Employment Change,High,24.9K,14.2K,17.5K,2023-12-01 08:30:00
2023-12-01,8:30am,CAD,Unemployment Rate,High,5.8%,5.8%,5.7%,2023-12-01 08:30:00
2023-12-01,9:30am,CAD,Manufacturing PMI,Non-economic,47.7,,48.6,2023-12-01 09:30:00
2023-12-01,9:45am,USD,Final Manufacturing PMI,Non-economic,49.4,49.4,49.4,2023-12-01 09:45:00
2023-12-01,10:00am,USD,ISM Manufacturing PMI,High,46.7,47.9,46.7,2023-12-01 10:00:00
2023-12-01,10:00am,USD,ISM Manufacturing Prices,Medium,49.9,46.1,45.1,2023-12-01 10:00:00
2023-12-01,10:00am,USD,Construction Spending m/m,Non-economic,0.6%,0.4%,0.2%,2023-12-01 10:00:00
2023-12-01,10:00am,USD,FOMC Member Goolsbee Speaks,Non-economic,,,,2023-12-01 10:00:00
2023-12-01,All Day,USD,Wards Total Vehicle Sales,Non-economic,15.3M,15.5M,15.5M,2023-12-01 00:00:00
2023-12-01,11:00am,USD,Fed Chairman Powell Speaks,High,,,,2023-12-01 11:00:00
2023-12-01,2:00pm,USD,Fed Chairman Powell Speaks,High,,,,2023-12-01 14:00:00
2023-12-01,2:00pm,USD,FOMC Member Cook Speaks,Non-economic,,,,2023-12-01 14:00:00
2023-12-03,4:45pm,NZD,Overseas Trade Index q/q,Non-economic,-0.6%,-2.1%,0.3%,2023-12-03 16:45:00
2023-12-03,6:50pm,JPY,Monetary Base y/y,Non-economic,8.9%,8.9%,9.0%,2023-12-03 18:50:00
2023-12-03,7:00pm,AUD,MI Inflation Gauge m/m,Non-economic,0.3%,,-0.1%,2023-12-03 19:00:00
2023-12-03,7:30pm,AUD,ANZ Job Advertisements m/m,Non-economic,-4.6%,,-3.4%,2023-12-03 19:30:00
2023-12-03,7:30pm,AUD,Company Operating Profits q/q,Non-economic,-1.3%,1.2%,-12.1%,2023-12-03 19:30:00
2023-12-04,2:00am,EUR,German Trade Balance,Non-economic,17.8B,17.1B,16.7B,2023-12-04 02:00:00
2023-12-04,2:30am,CHF,CPI m/m,High,-0.2%,0.0%,0.1%,2023-12-04 02:30:00
2023-12-04,3:00am,EUR,Spanish Unemployment Change,Non-economic,-24.6K,28.1K,36.9K,2023-12-04 03:00:00
2023-12-04,4:30am,EUR,Sentix Investor Confidence,Non-economic,-16.8,-15.0,-18.6,2023-12-04 04:30:00
2023-12-04,6:30am,GBP,MPC Member Dhingra Speaks,Non-economic,,,,2023-12-04 06:30:00
2023-12-04,9:00am,EUR,ECB President Lagarde Speaks,Medium,,,,2023-12-04 09:00:00
2023-12-04,10:00am,USD,Factory Orders m/m,Non-economic,-3.6%,-2.7%,2.3%,2023-12-04 10:00:00
2023-12-04,6:30pm,JPY,Tokyo Core CPI y/y,Medium,2.3%,2.4%,2.7%,2023-12-04 18:30:00
2023-12-04,7:00pm,NZD,ANZ Commodity Prices m/m,Non-economic,-1.3%,,2.8%,2023-12-04 19:00:00
2023-12-04,7:01pm,GBP,BRC Retail Sales Monitor y/y,Non-economic,2.6%,2.5%,2.6%,2023-12-04 19:01:00
2023-12-04,7:30pm,AUD,Current Account,Non-economic,-0.2B,3.3B,7.8B,2023-12-04 19:30:00
2023-12-04,7:30pm,AUD,Household Spending m/m,Non-economic,-0.5%,,2.7%,2023-12-04 19:30:00
2023-12-04,8:45pm,CNY,RatingDog Services PMI,Medium,51.5,50.5,50.4,2023-12-04 20:45:00
2023-12-04,10:30pm,AUD,Cash Rate,High,4.35%,4.35%,4.35%,2023-12-04 22:30:00
2023-12-04,10:30pm,AUD,RBA Rate Statement,High,,,,2023-12-04 22:30:00
2023-12-04,10:35pm,JPY,10-y Bond Auction,Non-economic,0.70|2.8,,0.91|3.6,2023-12-04 22:35:00
2023-12-05,2:45am,EUR,French Industrial Production m/m,Non-economic,-0.3%,0.2%,-0.6%,2023-12-05 02:45:00
2023-12-05,3:15am,EUR,Spanish Services PMI,Non-economic,51.0,51.6,51.1,2023-12-05 03:15:00
2023-12-05,3:45am,EUR,Italian Services PMI,Non-economic,49.5,48.3,47.7,2023-12-05 03:45:00
2023-12-05,3:50am,EUR,French Final Services PMI,Non-economic,45.4,45.3,45.3,2023-12-05 03:50:00
2023-12-05,3:55am,EUR,German Final Services PMI,Non-economic,49.6,48.7,48.7,2023-12-05 03:55:00
2023-12-05,4:00am,EUR,Final Services PMI,Non-economic,48.7,48.2,48.2,2023-12-05 04:00:00
2023-12-05,4:30am,GBP,Final Services PMI,Non-economic,50.9,50.5,50.5,2023-12-05 04:30:00
2023-12-05,5:00am,EUR,PPI m/m,Non-economic,0.2%,0.2%,0.5%,2023-12-05 05:00:00
2023-12-05,9:17am,NZD,GDT Price Index,Non-economic,1.6%,,0.0%,2023-12-05 09:17:00
2023-12-05,9:45am,USD,Final Services PMI,Non-economic,50.8,50.8,50.8,2023-12-05 09:45:00
2023-12-05,10:00am,USD,ISM Services PMI,High,52.7,52.2,51.8,2023-12-05 10:00:00
2023-12-05,10:00am,USD,JOLTS Job Openings,High,8.73M,9.31M,9.35M,2023-12-05 10:00:00
2023-12-05,10:09am,USD,RCM/TIPP Economic Optimism,Non-economic,40.0,45.2,44.5,2023-12-05 10:09:00
2023-12-05,4:30pm,USD,API Weekly Statistical Bulletin,Non-economic,,,,2023-12-05 16:30:00
2023-12-05,7:30pm,AUD,GDP q/q,High,0.2%,0.5%,0.4%,2023-12-05 19:30:00
2023-12-06,2:00am,EUR,German Factory Orders m/m,Non-economic,-3.7%,0.2%,0.7%,2023-12-06 02:00:00
2023-12-06,4:30am,GBP,Construction PMI,Medium,45.5,46.7,45.6,2023-12-06 04:30:00
2023-12-06,5:00am,EUR,Retail Sales m/m,Non-economic,0.1%,0.2%,-0.1%,2023-12-06 05:00:00
2023-12-06,5:03am,GBP,10-y Bond Auction,Non-economic,4.09|2.7,,4.41|2.9,2023-12-06 05:03:00
2023-12-06,5:30am,GBP,BOE Financial Stability Report,Non-economic,,,,2023-12-06 05:30:00
2023-12-06,5:30am,GBP,FPC Meeting Minutes,Non-economic,,,,2023-12-06 05:30:00
2023-12-06,5:30am,GBP,FPC Statement,Non-economic,,,,2023-12-06 05:30:00
2023-12-06,6:00am,GBP,BOE Gov Bailey Speaks,High,,,,2023-12-06 06:00:00
2023-12-06,8:15am,USD,ADP Non-Farm Employment Change,High,103K,131K,106K,2023-12-06 08:15:00
2023-12-06,8:30am,CAD,Labor Productivity q/q,Non-economic,-0.8%,-0.6%,-0.1%,2023-12-06 08:30:00
2023-12-06,8:30am,CAD,Trade Balance,Non-economic,3.0B,1.8B,1.1B,2023-12-06 08:30:00
2023-12-06,8:30am,USD,Revised Nonfarm Productivity q/q,Non-economic,5.2%,4.8%,4.7%,2023-12-06 08:30:00
2023-12-06,8:30am,USD,Revised Unit Labor Costs q/q,Non-economic,-1.2%,-0.9%,-0.8%,2023-12-06 08:30:00
2023-12-06,8:30am,USD,Trade Balance,Non-economic,-64.3B,-64.1B,-61.2B,2023-12-06 08:30:00
2023-12-06,10:00am,CAD,BOC Rate Statement,High,,,,2023-12-06 10:00:00
2023-12-06,10:00am,CAD,Overnight Rate,High,5.00%,5.00%,5.00%,2023-12-06 10:00:00
2023-12-06,10:00am,CAD,Ivey PMI,Medium,54.7,54.2,53.4,2023-12-06 10:00:00
2023-12-06,10:00am,EUR,German Buba President Nagel Speaks,Non-economic,,,,2023-12-06 10:00:00
2023-12-06,10:30am,USD,Crude Oil Inventories,Non-economic,-4.6M,-1.3M,1.6M,2023-12-06 10:30:00
2023-12-06,7:30pm,AUD,Goods Trade Balance,Non-economic,7.13B,7.75B,6.18B,2023-12-06 19:30:00
2023-12-06,10:00pm,CNY,USD-Denominated Trade Balance,Non-economic,68.4B,55.0B,56.5B,2023-12-06 22:00:00
2023-12-06,10:01pm,CNY,Trade Balance,Non-economic,491B,392B,405B,2023-12-06 22:01:00
2023-12-06,10:35pm,JPY,30-y Bond Auction,Non-economic,1.62|2.6,,1.74|3.6,2023-12-06 22:35:00
2023-12-07,12:00am,JPY,Leading Indicators,Non-economic,108.7%,108.2%,108.9%,2023-12-07 00:00:00
2023-12-07,1:45am,CHF,Unemployment Rate,Non-economic,2.1%,2.1%,2.1%,2023-12-07 01:45:00
2023-12-07,2:00am,EUR,German Industrial Production m/m,Non-economic,-0.4%,0.1%,-1.3%,2023-12-07 02:00:00
2023-12-07,2:00am,GBP,Halifax HPI m/m,Non-economic,0.5%,0.3%,1.2%,2023-12-07 02:00:00
2023-12-07,2:45am,EUR,French Trade Balance,Non-economic,-8.6B,-8.5B,-8.9B,2023-12-07 02:45:00
2023-12-07,3:00am,CHF,Foreign Currency Reserves,Medium,642B,,658B,2023-12-07 03:00:00
2023-12-07,4:00am,EUR,Italian Industrial Production m/m,Non-economic,-0.2%,-0.4%,0.1%,2023-12-07 04:00:00
2023-12-07,5:00am,EUR,Final Employment Change q/q,Non-economic,0.2%,0.3%,0.3%,2023-12-07 05:00:00
2023-12-07,5:00am,EUR,Italian Retail Sales m/m,Non-economic,0.4%,-0.1%,-0.4%,2023-12-07 05:00:00
2023-12-07,5:00am,EUR,Revised GDP q/q,Non-economic,-0.1%,-0.1%,-0.1%,2023-12-07 05:00:00
2023-12-07,5:01am,EUR,French 10-y Bond Auction,Non-economic,2.75|3.0,,3.32|2.0,2023-12-07 05:01:00
2023-12-07,All Day,EUR,Eurogroup Meetings,Non-economic,,,,2023-12-07 00:00:00
2023-12-07,7:30am,USD,Challenger Job Cuts y/y,Non-economic,-40.8%,,8.8%,2023-12-07 07:30:00
2023-12-07,8:30am,CAD,Building Permits m/m,Non-economic,2.3%,1.1%,-8.1%,2023-12-07 08:30:00
2023-12-07,8:30am,USD,Unemployment Claims,High,220K,221K,219K,2023-12-07 08:30:00
2023-12-07,10:00am,USD,Final Wholesale Inventories m/m,Non-economic,-0.4%,-0.2%,-0.2%,2023-12-07 10:00:00
2023-12-07,10:30am,USD,Natural Gas Storage,Non-economic,-117B,-110B,10B,2023-12-07 10:30:00
2023-12-07,12:35pm,CAD,Gov Council Member Gravelle Speaks,Non-economic,,,,2023-12-07 12:35:00
2023-12-07,3:00pm,USD,Consumer Credit m/m,Non-economic,5.1B,8.3B,12.2B,2023-12-07 15:00:00
2023-12-07,4:45pm,NZD,Manufacturing Sales q/q,Non-economic,-2.8%,,-0.8%,2023-12-07 16:45:00
2023-12-07,6:30pm,JPY,Average Cash Earnings y/y,Non-economic,1.5%,1.0%,0.6%,2023-12-07 18:30:00
2023-12-07,6:30pm,JPY,Household Spending y/y,Non-economic,-2.5%,-2.9%,-2.8%,2023-12-07 18:30:00
2023-12-07,6:50pm,JPY,Bank Lending y/y,Non-economic,2.8%,2.8%,2.7%,2023-12-07 18:50:00
2023-12-07,6:50pm,JPY,Current Account,Non-economic,2.62T,1.85T,2.01T,2023-12-07 18:50:00
2023-12-07,6:50pm,JPY,Final GDP Price Index y/y,Non-economic,5.3%,5.1%,5.1%,2023-12-07 18:50:00
2023-12-07,6:50pm,JPY,Final GDP q/q,Non-economic,-0.7%,-0.5%,-0.5%,2023-12-07 18:50:00
2023-12-08,12:00am,JPY,Economy Watchers Sentiment,Non-economic,49.5,49.0,49.5,2023-12-08 00:00:00
2023-12-08,2:00am,EUR,German Final CPI m/m,Non-economic,-0.4%,-0.4%,-0.4%,2023-12-08 02:00:00
2023-12-08,All Day,EUR,Italian Bank Holiday,Low,,,,2023-12-08 00:00:00
2023-12-08,4:30am,GBP,Consumer Inflation Expectations,Non-economic,3.3%,,3.6%,2023-12-08 04:30:00
2023-12-08,All Day,EUR,ECOFIN Meetings,Non-economic,,,,2023-12-08 00:00:00
2023-12-08,8:30am,CAD,Capacity Utilization Rate,Non-economic,79.7%,81.4%,79.6%,2023-12-08 08:30:00
2023-12-08,8:30am,USD,Average Hourly Earnings m/m,High,0.4%,0.3%,0.2%,2023-12-08 08:30:00
2023-12-08,8:30am,USD,Non-Farm Employment Change,High,199K,184K,150K,2023-12-08 08:30:00
2023-12-08,8:30am,USD,Unemployment Rate,High,3.7%,3.9%,3.9%,2023-12-08 08:30:00
2023-12-08,10:00am,USD,Prelim UoM Consumer Sentiment,High,69.4,62.0,61.3,2023-12-08 10:00:00
2023-12-08,10:00am,USD,Prelim UoM Inflation Expectations,Medium,3.1%,,4.5%,2023-12-08 10:00:00
2023-12-08,8:30pm,CNY,CPI y/y,High,-0.5%,-0.2%,-0.2%,2023-12-08 20:30:00
2023-12-08,8:30pm,CNY,PPI y/y,Medium,-3.0%,-2.8%,-2.6%,2023-12-08 20:30:00
2023-12-10,6:50pm,JPY,BSI Manufacturing Index,Non-economic,5.7,5.6,5.4,2023-12-10 18:50:00
2023-12-10,6:50pm,JPY,M2 Money Stock y/y,Non-economic,2.3%,2.5%,2.4%,2023-12-10 18:50:00
2023-12-10,7:01pm,GBP,Rightmove HPI m/m,Non-economic,-1.9%,,-1.7%,2023-12-10 19:01:00
2023-12-11,1:13am,JPY,Prelim Machine Tool Orders y/y,Non-economic,-13.6%,,-20.6%,2023-12-11 01:13:00
2023-12-11,1:01pm,USD,10-y Bond Auction,Medium,4.30|2.5,,4.52|2.5,2023-12-11 13:01:00
2023-12-11,4:45pm,NZD,Visitor Arrivals m/m,Non-economic,-8.0%,,2.3%,2023-12-11 16:45:00
2023-12-11,5:20pm,AUD,RBA Gov Bullock Speaks,High,,,,2023-12-11 17:20:00
2023-12-11,6:30pm,AUD,Westpac Consumer Sentiment,Non-economic,2.7%,,-2.6%,2023-12-11 18:30:00
2023-12-11,6:50pm,JPY,PPI y/y,Non-economic,0.3%,0.1%,0.9%,2023-12-11 18:50:00
2023-12-11,7:30pm,AUD,NAB Business Confidence,Non-economic,-9,,-3,2023-12-11 19:30:00
2023-12-12,2:00am,EUR,German WPI m/m,Non-economic,-0.2%,-0.1%,-0.7%,2023-12-12 02:00:00
2023-12-12,2:00am,GBP,Claimant Count Change,High,16.0K,20.3K,8.9K,2023-12-12 02:00:00
2023-12-12,2:00am,GBP,Average Earnings Index 3m/y,Medium,7.2%,7.7%,8.0%,2023-12-12 02:00:00
2023-12-12,2:00am,GBP,Unemployment Rate,Non-economic,4.2%,4.2%,4.2%,2023-12-12 02:00:00
2023-12-12,5:00am,EUR,ZEW Economic Sentiment,Non-economic,23.0,13.3,13.8,2023-12-12 05:00:00
2023-12-12,5:00am,EUR,German ZEW Economic Sentiment,Non-economic,12.8,9.6,9.8,2023-12-12 05:00:00
2023-12-12,6:00am,USD,NFIB Small Business Index,Non-economic,90.6,90.7,90.7,2023-12-12 06:00:00
2023-12-12,8:30am,USD,Core CPI m/m,High,0.3%,0.3%,0.2%,2023-12-12 08:30:00
2023-12-12,8:30am,USD,CPI m/m,High,0.1%,0.0%,0.0%,2023-12-12 08:30:00
2023-12-12,8:30am,USD,CPI y/y,High,3.1%,3.1%,3.2%,2023-12-12 08:30:00
2023-12-12,1:01pm,USD,30-y Bond Auction,Medium,4.34|2.4,,4.77|2.2,2023-12-12 13:01:00
2023-12-12,1:58pm,USD,Federal Budget Balance,Non-economic,-314.0B,-293.5B,-66.6B,2023-12-12 13:58:00
2023-12-12,4:30pm,USD,API Weekly Statistical Bulletin,Non-economic,,,,2023-12-12 16:30:00
2023-12-12,4:45pm,NZD,Current Account,Non-economic,-11.47B,-12.15B,-4.65B,2023-12-12 16:45:00
2023-12-12,6:00pm,NZD,FPI m/m,Non-economic,-0.2%,,-0.9%,2023-12-12 18:00:00
2023-12-12,6:50pm,JPY,Tankan Manufacturing Index,Non-economic,12,10,9,2023-12-12 18:50:00
2023-12-12,6:50pm,JPY,Tankan Non-Manufacturing Index,Non-economic,30,27,27,2023-12-12 18:50:00
2023-12-12,7:30pm,AUD,Mid-Year Economic and Fiscal Outlook,Non-economic,,,,2023-12-12 19:30:00
2023-12-13,2:00am,GBP,GDP m/m,High,-0.3%,-0.1%,0.2%,2023-12-13 02:00:00
2023-12-13,2:00am,GBP,Construction Output m/m,Non-economic,-0.5%,-0.2%,0.4%,2023-12-13 02:00:00
2023-12-13,2:00am,GBP,Goods Trade Balance,Non-economic,-17.0B,-14.1B,-14.3B,2023-12-13 02:00:00
2023-12-13,2:00am,GBP,Index of Services 3m/3m,Non-economic,0.1%,0.2%,-0.1%,2023-12-13 02:00:00
2023-12-13,2:00am,GBP,Industrial Production m/m,Non-economic,-0.8%,-0.1%,0.0%,2023-12-13 02:00:00
2023-12-13,2:00am,GBP,Manufacturing Production m/m,Non-economic,-1.1%,0.0%,0.1%,2023-12-13 02:00:00
2023-12-13,3:00am,CHF,SECO Economic Forecasts,Non-economic,,,,2023-12-13 03:00:00
2023-12-13,4:00am,EUR,Italian Quarterly Unemployment Rate,Non-economic,7.6%,7.6%,7.7%,2023-12-13 04:00:00
2023-12-13,4:01am,CNY,New Loans,Medium,1090B,1300B,738B,2023-12-13 04:01:00
2023-12-13,4:01am,CNY,M2 Money Supply y/y,Non-economic,10.0%,10.0%,10.3%,2023-12-13 04:01:00
2023-12-13,5:00am,EUR,Industrial Production m/m,Non-economic,-0.7%,-0.3%,-1.0%,2023-12-13 05:00:00
2023-12-13,5:03am,GBP,30-y Bond Auction,Non-economic,4.43|2.7,,4.66|2.3,2023-12-13 05:03:00
2023-12-13,7:50am,GBP,NIESR GDP Estimate,Non-economic,-0.1%,,0.0%,2023-12-13 07:50:00
2023-12-13,8:30am,USD,Core PPI m/m,High,0.0%,0.2%,0.0%,2023-12-13 08:30:00
2023-12-13,8:30am,USD,PPI m/m,High,0.0%,0.0%,-0.4%,2023-12-13 08:30:00
2023-12-13,9:30am,GBP,CB Leading Index m/m,Non-economic,-0.5%,,-0.4%,2023-12-13 09:30:00
2023-12-13,10:30am,USD,Crude Oil Inventories,Non-economic,-4.3M,-1.9M,-4.6M,2023-12-13 10:30:00
2023-12-13,2:00pm,USD,Federal Funds Rate,High,5.50%,5.50%,5.50%,2023-12-13 14:00:00
2023-12-13,2:00pm,USD,FOMC Economic Projections,High,,,,2023-12-13 14:00:00
2023-12-13,2:00pm,USD,FOMC Statement,High,,,,2023-12-13 14:00:00
2023-12-13,2:30pm,USD,FOMC Press Conference,High,,,,2023-12-13 14:30:00
2023-12-13,4:45pm,NZD,GDP q/q,High,-0.3%,0.2%,0.5%,2023-12-13 16:45:00
2023-12-13,6:50pm,JPY,Core Machinery Orders m/m,Non-economic,0.7%,-0.4%,1.4%,2023-12-13 18:50:00
2023-12-13,7:00pm,AUD,MI Inflation Expectations,Non-economic,4.5%,,4.9%,2023-12-13 19:00:00
2023-12-13,7:01pm,GBP,RICS House Price Balance,Non-economic,-43%,-57%,-61%,2023-12-13 19:01:00
2023-12-13,7:30pm,AUD,Employment Change,High,61.5K,10.6K,42.7K,2023-12-13 19:30:00
2023-12-13,7:30pm,AUD,Unemployment Rate,High,3.9%,3.8%,3.8%,2023-12-13 19:30:00
2023-12-13,7:30pm,AUD,RBA Assist Gov Jones Speaks,Non-economic,,,,2023-12-13 19:30:00
2023-12-13,11:30pm,JPY,Revised Industrial Production m/m,Non-economic,1.3%,1.0%,1.0%,2023-12-13 23:30:00
2023-12-14,2:30am,CHF,PPI m/m,Non-economic,-0.9%,0.1%,0.2%,2023-12-14 02:30:00
2023-12-14,3:30am,CHF,SNB Monetary Policy Assessment,High,,,,2023-12-14 03:30:00
2023-12-14,3:30am,CHF,SNB Policy Rate,High,1.75%,1.75%,1.75%,2023-12-14 03:30:00
2023-12-14,4:00am,CHF,SNB Press Conference,High,,,,2023-12-14 04:00:00
2023-12-14,7:00am,GBP,Monetary Policy Summary,High,,,,2023-12-14 07:00:00
2023-12-14,7:00am,GBP,MPC Official Bank Rate Votes,High,3-0-6,2-0-7,3-0-6,2023-12-14 07:00:00
2023-12-14,7:00am,GBP,Official Bank Rate,High,5.25%,5.25%,5.25%,2023-12-14 07:00:00
2023-12-14,7:00am,GBP,BOE Inflation Letter,Non-economic,,,,2023-12-14 07:00:00
2023-12-14,8:00am,GBP,BOE Gov Bailey Speaks,High,,,,2023-12-14 08:00:00
2023-12-14,8:15am,EUR,Main Refinancing Rate,High,4.50%,4.50%,4.50%,2023-12-14 08:15:00
2023-12-14,8:15am,EUR,Monetary Policy Statement,High,,,,2023-12-14 08:15:00
2023-12-14,8:30am,CAD,Manufacturing Sales m/m,Non-economic,-2.8%,-2.1%,0.7%,2023-12-14 08:30:00
2023-12-14,8:30am,USD,Core Retail Sales m/m,High,0.2%,-0.1%,0.0%,2023-12-14 08:30:00
2023-12-14,8:30am,USD,Retail Sales m/m,High,0.3%,-0.1%,-0.2%,2023-12-14 08:30:00
2023-12-14,8:30am,USD,Unemployment Claims,High,202K,219K,221K,2023-12-14 08:30:00
2023-12-14,8:30am,USD,Import Prices m/m,Non-economic,-0.4%,-0.7%,-0.6%,2023-12-14 08:30:00
2023-12-14,8:45am,EUR,ECB Press Conference,High,,,,2023-12-14 08:45:00
2023-12-14,10:00am,USD,Business Inventories m/m,Non-economic,-0.1%,0.0%,0.2%,2023-12-14 10:00:00
2023-12-14,10:30am,USD,Natural Gas Storage,Non-economic,-55B,-60B,-117B,2023-12-14 10:30:00
2023-12-14,4:30pm,NZD,BusinessNZ Manufacturing Index,Non-economic,46.7,,42.9,2023-12-14 16:30:00
2023-12-14,5:00pm,AUD,Flash Manufacturing PMI,Non-economic,47.8,,47.7,2023-12-14 17:00:00
2023-12-14,5:00pm,AUD,Flash Services PMI,Non-economic,47.6,,46.0,2023-12-14 17:00:00
2023-12-14,7:01pm,GBP,GfK Consumer Confidence,Non-economic,-22,-23,-24,2023-12-14 19:01:00
2023-12-14,7:30pm,JPY,Flash Manufacturing PMI,Non-economic,47.7,48.2,48.3,2023-12-14 19:30:00
2023-12-14,8:30pm,CNY,New Home Prices m/m,Non-economic,-0.37%,,-0.38%,2023-12-14 20:30:00
2023-12-14,9:00pm,CNY,Industrial Production y/y,High,6.6%,5.7%,4.6%,2023-12-14 21:00:00
2023-12-14,9:00pm,CNY,Retail Sales y/y,Medium,10.1%,12.6%,7.6%,2023-12-14 21:00:00
2023-12-14,9:00pm,CNY,Fixed Asset Investment ytd/y,Non-economic,2.9%,3.0%,2.9%,2023-12-14 21:00:00
2023-12-14,9:00pm,CNY,NBS Press Conference,Non-economic,,,,2023-12-14 21:00:00
2023-12-14,9:00pm,CNY,Unemployment Rate,Non-economic,5.0%,5.0%,5.0%,2023-12-14 21:00:00
2023-12-14,11:30pm,JPY,Tertiary Industry Activity m/m,Non-economic,-0.8%,0.2%,-1.2%,2023-12-14 23:30:00
2023-12-15,2:45am,EUR,French Final CPI m/m,Non-economic,-0.2%,-0.2%,-0.2%,2023-12-15 02:45:00
2023-12-15,3:15am,EUR,French Flash Manufacturing PMI,High,42.0,43.3,42.9,2023-12-15 03:15:00
2023-12-15,3:15am,EUR,French Flash Services PMI,High,44.3,46.1,45.4,2023-12-15 03:15:00
2023-12-15,3:30am,EUR,German Flash Manufacturing PMI,High,43.1,43.1,42.6,2023-12-15 03:30:00
2023-12-15,3:30am,EUR,German Flash Services PMI,High,48.4,49.9,49.6,2023-12-15 03:30:00
2023-12-15,4:00am,EUR,Flash Manufacturing PMI,Medium,44.2,44.5,44.2,2023-12-15 04:00:00
2023-12-15,4:00am,EUR,Flash Services PMI,Medium,48.1,49.0,48.7,2023-12-15 04:00:00
2023-12-15,4:30am,GBP,Flash Manufacturing PMI,High,46.4,47.6,47.2,2023-12-15 04:30:00
2023-12-15,4:30am,GBP,Flash Services PMI,High,52.7,51.0,50.9,2023-12-15 04:30:00
2023-12-15,5:00am,EUR,Italian Trade Balance,Non-economic,4.70B,3.45B,2.39B,2023-12-15 05:00:00
2023-12-15,5:00am,EUR,Trade Balance,Non-economic,10.9B,10.3B,8.7B,2023-12-15 05:00:00
2023-12-15,5:00am,GBP,MPC Member Ramsden Speaks,Non-economic,,,,2023-12-15 05:00:00
2023-12-15,8:15am,CAD,Housing Starts,Non-economic,213K,262K,272K,2023-12-15 08:15:00
2023-12-15,8:30am,CAD,Foreign Securities Purchases,Non-economic,-15.75B,-3.98B,-15.06B,2023-12-15 08:30:00
2023-12-15,8:30am,CAD,Wholesale Sales m/m,Non-economic,-0.5%,-1.1%,-0.6%,2023-12-15 08:30:00
2023-12-15,8:30am,USD,Empire State Manufacturing Index,High,-14.5,2.0,9.1,2023-12-15 08:30:00
2023-12-15,9:15am,USD,Industrial Production m/m,Medium,0.2%,0.3%,-0.9%,2023-12-15 09:15:00
2023-12-15,9:15am,USD,Capacity Utilization Rate,Non-economic,78.8%,79.1%,78.7%,2023-12-15 09:15:00
2023-12-15,9:45am,USD,Flash Manufacturing PMI,High,48.2,49.5,49.4,2023-12-15 09:45:00
2023-12-15,9:45am,USD,Flash Services PMI,High,51.3,50.7,50.8,2023-12-15 09:45:00
2023-12-15,12:25pm,CAD,BOC Gov Macklem Speaks,High,,,,2023-12-15 12:25:00
2023-12-17,9:25am,NZD,Westpac Consumer Sentiment,Non-economic,88.9,,80.2,2023-12-17 09:25:00
2023-12-17,4:30pm,NZD,BusinessNZ Services Index,Non-economic,51.2,,49.2,2023-12-17 16:30:00
2023-12-18,4:00am,EUR,German ifo Business Climate,Medium,86.4,87.6,87.2,2023-12-18 04:00:00
2023-12-18,5:30am,GBP,MPC Member Broadbent Speaks,Non-economic,,,,2023-12-18 05:30:00
2023-12-18,6:00am,EUR,German Buba Monthly Report,Non-economic,,,,2023-12-18 06:00:00
2023-12-18,8:30am,CAD,NHPI m/m,Non-economic,-0.2%,0.1%,0.0%,2023-12-18 08:30:00
2023-12-18,10:00am,USD,NAHB Housing Market Index,Non-economic,37,36,34,2023-12-18 10:00:00
2023-12-18,4:45pm,NZD,Trade Balance,Non-economic,-1234M,-1200M,-1730M,2023-12-18 16:45:00
2023-12-18,7:00pm,NZD,ANZ Business Confidence,Non-economic,33.2,,30.8,2023-12-18 19:00:00
2023-12-18,7:30pm,AUD,Monetary Policy Meeting Minutes,High,,,,2023-12-18 19:30:00
2023-12-18,9:49pm,JPY,Monetary Policy Statement,High,,,,2023-12-18 21:49:00
2023-12-18,9:49pm,JPY,BOJ Policy Rate,Medium,-0.10%,-0.10%,-0.10%,2023-12-18 21:49:00
2023-12-19,1:30am,JPY,BOJ Press Conference,High,,,,2023-12-19 01:30:00
2023-12-19,2:00am,CHF,Trade Balance,Non-economic,3.71B,3.50B,4.71B,2023-12-19 02:00:00
2023-12-19,5:00am,EUR,Final Core CPI y/y,Non-economic,3.6%,3.6%,3.6%,2023-12-19 05:00:00
2023-12-19,5:00am,EUR,Final CPI y/y,Non-economic,2.4%,2.4%,2.4%,2023-12-19 05:00:00
2023-12-19,5:03am,GBP,10-y Bond Auction,Non-economic,3.74|2.8,,4.09|2.7,2023-12-19 05:03:00
2023-12-19,6:00am,GBP,CBI Industrial Order Expectations,Non-economic,-23,-28,-35,2023-12-19 06:00:00
2023-12-19,8:00am,GBP,MPC Member Breeden Speaks,Non-economic,,,,2023-12-19 08:00:00
2023-12-19,8:30am,CAD,CPI m/m,High,0.1%,-0.1%,0.1%,2023-12-19 08:30:00
2023-12-19,8:30am,CAD,Median CPI y/y,High,3.4%,3.3%,3.4%,2023-12-19 08:30:00
2023-12-19,8:30am,CAD,Trimmed CPI y/y,High,3.5%,3.4%,3.5%,2023-12-19 08:30:00
2023-12-19,8:30am,CAD,Common CPI y/y,Medium,3.9%,4.0%,4.2%,2023-12-19 08:30:00
2023-12-19,8:30am,CAD,IPPI m/m,Non-economic,-0.4%,-0.7%,-0.9%,2023-12-19 08:30:00
2023-12-19,8:30am,CAD,RMPI m/m,Non-economic,-4.2%,-3.5%,-2.6%,2023-12-19 08:30:00
2023-12-19,8:30am,USD,Building Permits,Medium,1.46M,1.47M,1.50M,2023-12-19 08:30:00
2023-12-19,8:30am,USD,Housing Starts,Non-economic,1.56M,1.36M,1.36M,2023-12-19 08:30:00
2023-12-19,8:32am,CAD,Core CPI m/m,Non-economic,0.1%,,0.3%,2023-12-19 08:32:00
2023-12-19,9:30am,USD,FOMC Member Barkin Speaks,Medium,,,,2023-12-19 09:30:00
2023-12-19,9:52am,NZD,GDT Price Index,Non-economic,2.3%,,1.6%,2023-12-19 09:52:00
2023-12-19,12:30pm,USD,FOMC Member Bostic Speaks,Non-economic,,,,2023-12-19 12:30:00
2023-12-19,2:00pm,NZD,RBNZ Gov Orr Speaks,Medium,,,,2023-12-19 14:00:00
2023-12-19,4:00pm,USD,TIC Long-Term Purchases,Non-economic,3.3B,37.8B,0.9B,2023-12-19 16:00:00
2023-12-19,4:30pm,USD,API Weekly Statistical Bulletin,Non-economic,,,,2023-12-19 16:30:00
2023-12-19,6:00pm,USD,FOMC Member Goolsbee Speaks,Non-economic,,,,2023-12-19 18:00:00
2023-12-19,6:30pm,AUD,MI Leading Index m/m,Non-economic,0.1%,,0.0%,2023-12-19 18:30:00
2023-12-19,6:50pm,JPY,Trade Balance,Non-economic,-0.41T,-0.76T,-0.50T,2023-12-19 18:50:00
2023-12-19,8:15pm,CNY,1-y Loan Prime Rate,Medium,3.45%,3.45%,3.45%,2023-12-19 20:15:00
2023-12-19,8:15pm,CNY,5-y Loan Prime Rate,Medium,4.20%,4.20%,4.20%,2023-12-19 20:15:00
2023-12-20,2:00am,EUR,German GfK Consumer Climate,Non-economic,-25.1,-26.9,-27.6,2023-12-20 02:00:00
2023-12-20,2:00am,EUR,German PPI m/m,Non-economic,-0.5%,-0.3%,-0.1%,2023-12-20 02:00:00
2023-12-20,2:00am,GBP,CPI y/y,High,3.9%,4.3%,4.6%,2023-12-20 02:00:00
2023-12-20,2:00am,GBP,Core CPI y/y,Non-economic,5.1%,5.6%,5.7%,2023-12-20 02:00:00
2023-12-20,2:00am,GBP,PPI Input m/m,Non-economic,-0.3%,-0.6%,0.5%,2023-12-20 02:00:00
2023-12-20,2:00am,GBP,PPI Output m/m,Non-economic,-0.1%,-0.1%,0.3%,2023-12-20 02:00:00
2023-12-20,2:00am,GBP,RPI y/y,Non-economic,5.3%,5.6%,6.1%,2023-12-20 02:00:00
2023-12-20,4:00am,EUR,Current Account,Non-economic,33.8B,27.0B,31.2B,2023-12-20 04:00:00
2023-12-20,4:30am,GBP,HPI y/y,Non-economic,-1.2%,0.0%,-0.6%,2023-12-20 04:30:00
2023-12-20,8:30am,USD,Current Account,Non-economic,-200B,-197B,-217B,2023-12-20 08:30:00
2023-12-20,9:00am,CHF,SNB Quarterly Bulletin,Non-economic,,,,2023-12-20 09:00:00
2023-12-20,9:00am,CNY,CB Leading Index m/m,Non-economic,-0.3%,,-0.2%,2023-12-20 09:00:00
2023-12-20,10:00am,EUR,Consumer Confidence,Non-economic,-15,-16,-17,2023-12-20 10:00:00
2023-12-20,10:00am,USD,CB Consumer Confidence,High,110.7,104.6,101.0,2023-12-20 10:00:00
2023-12-20,10:00am,USD,Existing Home Sales,Medium,3.82M,3.77M,3.79M,2023-12-20 10:00:00
2023-12-20,10:30am,USD,Crude Oil Inventories,Non-economic,2.9M,-2.3M,-4.3M,2023-12-20 10:30:00
2023-12-20,12:00pm,USD,FOMC Member Goolsbee Speaks,Non-economic,,,,2023-12-20 12:00:00
2023-12-20,1:30pm,CAD,BOC Summary of Deliberations,Non-economic,,,,2023-12-20 13:30:00
2023-12-20,9:04pm,NZD,Credit Card Spending y/y,Non-economic,3.3%,,-2.8%,2023-12-20 21:04:00
2023-12-21,2:00am,GBP,Public Sector Net Borrowing,Non-economic,13.4B,12.8B,15.1B,2023-12-21 02:00:00
2023-12-21,3:42am,CNY,Foreign Direct Investment ytd/y,Non-economic,-10.0%,,-9.4%,2023-12-21 03:42:00
2023-12-21,6:00am,GBP,CBI Realized Sales,Non-economic,-32,-13,-11,2023-12-21 06:00:00
2023-12-21,8:30am,CAD,Core Retail Sales m/m,Medium,0.6%,0.5%,0.1%,2023-12-21 08:30:00
2023-12-21,8:30am,CAD,Retail Sales m/m,Medium,0.7%,0.8%,0.5%,2023-12-21 08:30:00
2023-12-21,8:30am,USD,Final GDP q/q,High,4.9%,5.2%,5.2%,2023-12-21 08:30:00
2023-12-21,8:30am,USD,Unemployment Claims,High,205K,214K,203K,2023-12-21 08:30:00
2023-12-21,8:30am,USD,Final GDP Price Index q/q,Medium,3.3%,3.6%,3.6%,2023-12-21 08:30:00
2023-12-21,8:30am,USD,Philly Fed Manufacturing Index,Medium,-10.5,-3.3,-5.9,2023-12-21 08:30:00
2023-12-21,10:00am,USD,CB Leading Index m/m,Non-economic,-0.5%,-0.5%,-1.0%,2023-12-21 10:00:00
2023-12-21,10:30am,USD,Natural Gas Storage,Non-economic,-87B,-82B,-55B,2023-12-21 10:30:00
2023-12-21,6:30pm,JPY,National Core CPI y/y,Non-economic,2.5%,2.5%,2.9%,2023-12-21 18:30:00
2023-12-21,6:50pm,JPY,Monetary Policy Meeting Minutes,Non-economic,,,,2023-12-21 18:50:00
2023-12-21,7:30pm,AUD,Private Sector Credit m/m,Non-economic,0.4%,0.4%,0.3%,2023-12-21 19:30:00
2023-12-22,2:00am,EUR,German Import Prices m/m,Non-economic,-0.1%,-0.4%,0.3%,2023-12-22 02:00:00
2023-12-22,2:00am,GBP,Retail Sales m/m,High,1.3%,0.4%,0.0%,2023-12-22 02:00:00
2023-12-22,2:00am,GBP,Current Account,Non-economic,-17.2B,-13.1B,-24.0B,2023-12-22 02:00:00
2023-12-22,2:00am,GBP,Final GDP q/q,Non-economic,-0.1%,0.0%,0.0%,2023-12-22 02:00:00
2023-12-22,2:00am,GBP,Revised Business Investment q/q,Non-economic,-3.2%,-4.2%,-4.2%,2023-12-22 02:00:00
2023-12-22,8:30am,CAD,GDP m/m,High,0.0%,0.2%,0.0%,2023-12-22 08:30:00
2023-12-22,8:30am,USD,Core PCE Price Index m/m,High,0.1%,0.2%,0.1%,2023-12-22 08:30:00
2023-12-22,8:30am,USD,Core Durable Goods Orders m/m,Medium,0.5%,0.1%,-0.3%,2023-12-22 08:30:00
2023-12-22,8:30am,USD,Durable Goods Orders m/m,Medium,5.4%,2.4%,-5.1%,2023-12-22 08:30:00
2023-12-22,8:30am,USD,Personal Income m/m,Non-economic,0.4%,0.4%,0.3%,2023-12-22 08:30:00
2023-12-22,8:30am,USD,Personal Spending m/m,Non-economic,0.2%,0.3%,0.1%,2023-12-22 08:30:00
2023-12-22,8:59am,EUR,Belgian NBB Business Climate,Non-economic,-12.7,-14.6,-15.0,2023-12-22 08:59:00
2023-12-22,10:00am,USD,Revised UoM Consumer Sentiment,High,69.7,69.4,69.4,2023-12-22 10:00:00
2023-12-22,10:00am,USD,New Home Sales,Medium,590K,689K,672K,2023-12-22 10:00:00
2023-12-22,10:00am,USD,Revised UoM Inflation Expectations,Non-economic,3.1%,,3.1%,2023-12-22 10:00:00
2023-12-22,10:30am,AUD,CB Leading Index m/m,Non-economic,-0.3%,,-0.6%,2023-12-22 10:30:00
2023-12-24,All Day,NZD,Bank Holiday,Low,,,,2023-12-24 00:00:00
2023-12-24,All Day,AUD,Bank Holiday,Low,,,,2023-12-24 00:00:00
2023-12-24,11:00pm,JPY,BOJ Gov Ueda Speaks,Medium,,,,2023-12-24 23:00:00
2023-12-25,All Day,CHF,Bank Holiday,Low,,,,2023-12-25 00:00:00
2023-12-25,All Day,EUR,French Bank Holiday,Low,,,,2023-12-25 00:00:00
2023-12-25,All Day,EUR,German Bank Holiday,Low,,,,2023-12-25 00:00:00
2023-12-25,All Day,EUR,Italian Bank Holiday,Low,,,,2023-12-25 00:00:00
2023-12-25,All Day,GBP,Bank Holiday,Low,,,,2023-12-25 00:00:00
2023-12-25,All Day,CAD,Bank Holiday,Low,,,,2023-12-25 00:00:00
2023-12-25,All Day,USD,Bank Holiday,Low,,,,2023-12-25 00:00:00
2023-12-25,All Day,NZD,Bank Holiday,Low,,,,2023-12-25 00:00:00
2023-12-25,All Day,AUD,Bank Holiday,Low,,,,2023-12-25 00:00:00
2023-12-25,6:30pm,JPY,Unemployment Rate,Non-economic,2.5%,2.5%,2.5%,2023-12-25 18:30:00
2023-12-25,6:50pm,JPY,SPPI y/y,Non-economic,2.3%,2.4%,2.3%,2023-12-25 18:50:00
2023-12-26,12:00am,JPY,BOJ Core CPI y/y,Non-economic,2.7%,3.0%,3.0%,2023-12-26 00:00:00
2023-12-26,All Day,CHF,Bank Holiday,Low,,,,2023-12-26 00:00:00
2023-12-26,All Day,EUR,German Bank Holiday,Low,,,,2023-12-26 00:00:00
2023-12-26,All Day,EUR,Italian Bank Holiday,Low,,,,2023-12-26 00:00:00
2023-12-26,All Day,GBP,Bank Holiday,Low,,,,2023-12-26 00:00:00
2023-12-26,All Day,CAD,Bank Holiday,Low,,,,2023-12-26 00:00:00
2023-12-26,9:00am,USD,HPI m/m,Non-economic,0.3%,0.5%,0.7%,2023-12-26 09:00:00
2023-12-26,9:00am,USD,S&P/CS Composite-20 HPI y/y,Non-economic,4.9%,5.0%,3.9%,2023-12-26 09:00:00
2023-12-26,6:50pm,JPY,BOJ Summary of Opinions,Non-economic,,,,2023-12-26 18:50:00
2023-12-27,12:00am,JPY,Housing Starts y/y,Non-economic,-8.5%,-4.2%,-6.3%,2023-12-27 00:00:00
2023-12-27,4:00am,CHF,UBS Economic Expectations,Non-economic,-23.7,,-29.6,2023-12-27 04:00:00
2023-12-27,9:59am,USD,Richmond Manufacturing Index,Medium,-11,-4,-5,2023-12-27 09:59:00
2023-12-27,4:30pm,USD,API Weekly Statistical Bulletin,Non-economic,,,,2023-12-27 16:30:00
2023-12-27,6:50pm,JPY,Prelim Industrial Production m/m,Non-economic,-0.9%,-1.7%,1.3%,2023-12-27 18:50:00
2023-12-27,6:50pm,JPY,Retail Sales y/y,Non-economic,5.3%,5.1%,4.1%,2023-12-27 18:50:00
2023-12-28,8:30am,USD,Unemployment Claims,Medium,218K,211K,206K,2023-12-28 08:30:00
2023-12-28,8:30am,USD,Goods Trade Balance,Non-economic,-90.3B,-88.6B,-89.6B,2023-12-28 08:30:00
2023-12-28,8:30am,USD,Prelim Wholesale Inventories m/m,Non-economic,-0.2%,-0.2%,-0.4%,2023-12-28 08:30:00
2023-12-28,10:00am,USD,Pending Home Sales m/m,Medium,0.0%,0.8%,-1.2%,2023-12-28 10:00:00
2023-12-28,10:30am,USD,Natural Gas Storage,Non-economic,-87B,-80B,-87B,2023-12-28 10:30:00
2023-12-28,11:00am,USD,Crude Oil Inventories,Non-economic,-7.1M,-2.7M,2.9M,2023-12-28 11:00:00
2023-12-29,2:00am,GBP,Nationwide HPI m/m,Non-economic,0.0%,0.1%,0.2%,2023-12-29 02:00:00
2023-12-29,3:00am,CHF,KOF Economic Barometer,Non-economic,97.8,96.9,97.2,2023-12-29 03:00:00
2023-12-29,3:00am,EUR,Spanish Flash CPI y/y,Medium,3.1%,3.2%,3.2%,2023-12-29 03:00:00
2023-12-29,9:45am,USD,Chicago PMI,Medium,46.9,50.1,55.8,2023-12-29 09:45:00
2023-12-30,8:30pm,CNY,Manufacturing PMI,Medium,49.0,49.6,49.4,2023-12-30 20:30:00
2023-12-30,8:30pm,CNY,Non-Manufacturing PMI,Medium,50.4,50.5,50.2,2023-12-30 20:30:00
2023-12-31,All Day,NZD,Bank Holiday,Low,,,,2023-12-31 00:00:00
2023-12-31,All Day,AUD,Bank Holiday,Low,,,,2023-12-31 00:00:00
2023-12-31,All Day,JPY,Bank Holiday,Low,,,,2023-12-31 00:00:00
2023-12-31,All Day,CNY,Bank Holiday,Low,,,,2023-12-31 00:00:00
2023-01-01,All Day,CHF,Bank Holiday,Low,,,,2023-01-01 00:00:00
2023-01-01,All Day,EUR,French Bank Holiday,Low,,,,2023-01-01 00:00:00
2023-01-01,All Day,EUR,German Bank Holiday,Low,,,,2023-01-01 00:00:00
2023-01-01,All Day,EUR,Italian Bank Holiday,Low,,,,2023-01-01 00:00:00
2023-01-01,All Day,GBP,Bank Holiday,Low,,,,2023-01-01 00:00:00
2023-01-01,All Day,CAD,Bank Holiday,Low,,,,2023-01-01 00:00:00
2023-01-01,All Day,USD,Bank Holiday,Low,,,,2023-01-01 00:00:00
2023-01-01,All Day,NZD,Bank Holiday,Low,,,,2023-01-01 00:00:00
2023-01-01,All Day,JPY,Bank Holiday,Low,,,,2023-01-01 00:00:00
2023-01-01,7:01pm,GBP,BRC Shop Price Index y/y,Non-economic,4.3%,,4.3%,2023-01-01 19:01:00
2023-01-01,8:45pm,CNY,RatingDog Manufacturing PMI,Medium,50.8,50.4,50.7,2023-01-01 20:45:00
2023-01-02,12:30am,AUD,Commodity Prices y/y,Non-economic,-10.7%,,-12.8%,2023-01-02 00:30:00
2023-01-02,All Day,CHF,Bank Holiday,Low,,,,2023-01-02 00:00:00
2023-01-02,3:15am,EUR,Spanish Manufacturing PMI,Non-economic,46.2,46.3,46.3,2023-01-02 03:15:00
2023-01-02,3:45am,EUR,Italian Manufacturing PMI,Non-economic,45.3,44.3,44.4,2023-01-02 03:45:00
2023-01-02,3:50am,EUR,French Final Manufacturing PMI,Non-economic,42.1,42.0,42.0,2023-01-02 03:50:00
2023-01-02,3:55am,EUR,German Final Manufacturing PMI,Non-economic,43.3,43.1,43.1,2023-01-02 03:55:00
2023-01-02,4:00am,EUR,Final Manufacturing PMI,Non-economic,44.4,44.2,44.2,2023-01-02 04:00:00
2023-01-02,4:00am,EUR,M3 Money Supply y/y,Non-economic,-0.9%,-1.0%,-1.0%,2023-01-02 04:00:00
2023-01-02,4:00am,EUR,Private Loans y/y,Non-economic,0.5%,0.8%,0.6%,2023-01-02 04:00:00
2023-01-02,4:30am,GBP,Final Manufacturing PMI,Non-economic,46.2,46.4,46.4,2023-01-02 04:30:00
2023-01-02,9:30am,CAD,Manufacturing PMI,Non-economic,45.4,,47.7,2023-01-02 09:30:00
2023-01-02,9:45am,USD,Final Manufacturing PMI,Non-economic,47.9,48.4,48.2,2023-01-02 09:45:00
2023-01-02,9:51am,NZD,GDT Price Index,Non-economic,1.2%,,2.3%,2023-01-02 09:51:00
2023-01-02,10:00am,USD,Construction Spending m/m,Non-economic,0.4%,0.6%,1.2%,2023-01-02 10:00:00
2023-01-02,All Day,JPY,Bank Holiday,Low,,,,2023-01-02 00:00:00
2023-01-03,3:00am,EUR,Spanish Unemployment Change,Non-economic,-27.4K,-15.7K,-24.6K,2023-01-03 03:00:00
2023-01-03,3:30am,CHF,Manufacturing PMI,Non-economic,43.0,43.0,42.1,2023-01-03 03:30:00
2023-01-03,3:55am,EUR,German Unemployment Change,Non-economic,5K,20K,21K,2023-01-03 03:55:00
2023-01-03,8:30am,USD,FOMC Member Barkin Speaks,Medium,,,,2023-01-03 08:30:00
2023-01-03,10:00am,USD,ISM Manufacturing PMI,High,47.4,47.2,46.7,2023-01-03 10:00:00
2023-01-03,10:00am,USD,JOLTS Job Openings,High,8.79M,8.84M,8.85M,2023-01-03 10:00:00
2023-01-03,10:00am,USD,ISM Manufacturing Prices,Medium,45.2,49.5,49.9,2023-01-03 10:00:00
2023-01-03,All Day,USD,Wards Total Vehicle Sales,Non-economic,15.8M,15.5M,15.3M,2023-01-03 00:00:00
2023-01-03,2:00pm,USD,FOMC Meeting Minutes,High,,,,2023-01-03 14:00:00
2023-01-03,4:30pm,USD,API Weekly Statistical Bulletin,Non-economic,,,,2023-01-03 16:30:00
2023-01-03,7:30pm,JPY,Final Manufacturing PMI,Non-economic,47.9,47.7,47.7,2023-01-03 19:30:00
2023-01-03,8:45pm,CNY,RatingDog Services PMI,Medium,52.9,51.6,51.5,2023-01-03 20:45:00
2023-01-04,All Day,EUR,German Prelim CPI m/m,High,0.1%,0.2%,-0.4%,2023-01-04 00:00:00
2023-01-04,2:45am,EUR,French Prelim CPI m/m,Non-economic,0.1%,0.2%,-0.2%,2023-01-04 02:45:00
2023-01-04,3:15am,EUR,Spanish Services PMI,Non-economic,51.5,51.1,51.0,2023-01-04 03:15:00
2023-01-04,3:45am,EUR,Italian Services PMI,Non-economic,49.8,49.8,49.5,2023-01-04 03:45:00
2023-01-04,3:50am,EUR,French Final Services PMI,Non-economic,45.7,44.3,44.3,2023-01-04 03:50:00
2023-01-04,3:55am,EUR,German Final Services PMI,Non-economic,49.3,48.4,48.4,2023-01-04 03:55:00
2023-01-04,4:00am,EUR,Final Services PMI,Non-economic,48.8,48.1,48.1,2023-01-04 04:00:00
2023-01-04,4:30am,GBP,Final Services PMI,Non-economic,53.4,52.7,52.7,2023-01-04 04:30:00
2023-01-04,4:30am,GBP,M4 Money Supply m/m,Non-economic,-0.1%,0.2%,0.3%,2023-01-04 04:30:00
2023-01-04,4:30am,GBP,Mortgage Approvals,Non-economic,50K,48K,48K,2023-01-04 04:30:00
2023-01-04,4:30am,GBP,Net Lending to Individuals m/m,Non-economic,2.0B,1.6B,1.3B,2023-01-04 04:30:00
2023-01-04,5:01am,EUR,French 10-y Bond Auction,Non-economic,2.59|1.8,,2.75|3.0,2023-01-04 05:01:00
2023-01-04,7:30am,USD,Challenger Job Cuts y/y,Non-economic,-20.2%,,-40.8%,2023-01-04 07:30:00
2023-01-04,8:15am,USD,ADP Non-Farm Employment Change,High,164K,120K,101K,2023-01-04 08:15:00
2023-01-04,8:30am,USD,Unemployment Claims,High,202K,217K,220K,2023-01-04 08:30:00
2023-01-04,9:45am,USD,Final Services PMI,Non-economic,51.4,51.3,51.3,2023-01-04 09:45:00
2023-01-04,10:30am,USD,Natural Gas Storage,Non-economic,-14B,-33B,-87B,2023-01-04 10:30:00
2023-01-04,11:00am,USD,Crude Oil Inventories,Non-economic,-5.5M,-3.2M,-7.1M,2023-01-04 11:00:00
2023-01-04,6:50pm,JPY,Monetary Base y/y,Non-economic,7.8%,9.0%,8.9%,2023-01-04 18:50:00
2023-01-05,12:00am,JPY,Consumer Confidence,Non-economic,37.2,36.4,36.1,2023-01-05 00:00:00
2023-01-05,2:00am,EUR,German Retail Sales m/m,Non-economic,-2.5%,-0.5%,1.3%,2023-01-05 02:00:00
2023-01-05,2:00am,GBP,Halifax HPI m/m,Non-economic,1.1%,0.1%,0.6%,2023-01-05 02:00:00
2023-01-05,4:30am,GBP,Construction PMI,Medium,46.8,46.1,45.5,2023-01-05 04:30:00
2023-01-05,5:00am,EUR,Core CPI Flash Estimate y/y,Medium,3.4%,3.4%,3.6%,2023-01-05 05:00:00
2023-01-05,5:00am,EUR,CPI Flash Estimate y/y,Medium,2.9%,3.0%,2.4%,2023-01-05 05:00:00
2023-01-05,5:00am,EUR,PPI m/m,Non-economic,-0.3%,-0.1%,0.3%,2023-01-05 05:00:00
2023-01-05,5:00am,EUR,Italian Prelim CPI m/m,Non-economic,0.2%,0.2%,-0.5%,2023-01-05 05:00:00
2023-01-05,8:30am,CAD,Employment Change,High,0.1K,12.2K,24.9K,2023-01-05 08:30:00
2023-01-05,8:30am,CAD,Unemployment Rate,High,5.8%,5.9%,5.8%,2023-01-05 08:30:00
2023-01-05,8:30am,USD,Average Hourly Earnings m/m,High,0.4%,0.3%,0.4%,2023-01-05 08:30:00
2023-01-05,8:30am,USD,Non-Farm Employment Change,High,216K,168K,173K,2023-01-05 08:30:00
2023-01-05,8:30am,USD,Unemployment Rate,High,3.7%,3.8%,3.7%,2023-01-05 08:30:00
2023-01-05,10:00am,CAD,Ivey PMI,Medium,56.3,55.0,54.7,2023-01-05 10:00:00
2023-01-05,10:00am,USD,ISM Services PMI,High,50.6,52.5,52.7,2023-01-05 10:00:00
2023-01-05,10:00am,USD,Factory Orders m/m,Non-economic,2.6%,2.0%,-3.4%,2023-01-05 10:00:00
2023-01-05,1:30pm,USD,FOMC Member Barkin Speaks,Medium,,,,2023-01-05 13:30:00
