Date,Time,Currency,Event,Impact,Actual,Forecast,Previous,Combined DateTime
2026-01-01,All Day,CHF,Bank Holiday,Low,,,,2026-01-01 00:00:00
2026-01-01,All Day,EUR,French Bank Holiday,Low,,,,2026-01-01 00:00:00
2026-01-01,All Day,EUR,German Bank Holiday,Low,,,,2026-01-01 00:00:00
2026-01-01,All Day,EUR,Italian Bank Holiday,Low,,,,2026-01-01 00:00:00
2026-01-01,All Day,GBP,Bank Holiday,Low,,,,2026-01-01 00:00:00
2026-01-01,All Day,CAD,Bank Holiday,Low,,,,2026-01-01 00:00:00
2026-01-01,All Day,USD,Bank Holiday,Low,,,,2026-01-01 00:00:00
2026-01-01,All Day,NZD,Bank Holiday,Low,,,,2026-01-01 00:00:00
2026-01-01,All Day,JPY,Bank Holiday,Low,,,,2026-01-01 00:00:00
2026-01-01,All Day,CNY,Bank Holiday,Low,,,,2026-01-01 00:00:00
2026-01-02,All Day,CHF,Bank Holiday,Low,,,,2026-01-02 00:00:00
2026-01-02,2:00am,GBP,Nationwide HPI m/m,Non-economic,-0.4%,0.1%,0.3%,2026-01-02 02:00:00
2026-01-02,3:15am,EUR,Spanish Manufacturing PMI,Non-economic,49.6,51.2,51.5,2026-01-02 03:15:00
2026-01-02,3:45am,EUR,Italian Manufacturing PMI,Non-economic,47.9,50.0,50.6,2026-01-02 03:45:00
2026-01-02,3:50am,EUR,French Final Manufacturing PMI,Non-economic,50.7,50.6,50.6,2026-01-02 03:50:00
2026-01-02,3:55am,EUR,German Final Manufacturing PMI,Non-economic,47.0,47.7,47.7,2026-01-02 03:55:00
2026-01-02,4:00am,EUR,Final Manufacturing PMI,Non-economic,48.8,49.2,49.2,2026-01-02 04:00:00
2026-01-02,4:00am,EUR,M3 Money Supply y/y,Non-economic,3.0%,2.7%,2.8%,2026-01-02 04:00:00
2026-01-02,4:00am,EUR,Private Loans y/y,Non-economic,2.9%,2.8%,2.8%,2026-01-02 04:00:00
2026-01-02,4:30am,GBP,Final Manufacturing PMI,Non-economic,50.6,51.2,51.2,2026-01-02 04:30:00
2026-01-02,9:30am,CAD,Manufacturing PMI,Non-economic,48.6,,48.4,2026-01-02 09:30:00
2026-01-02,9:45am,USD,Final Manufacturing PMI,Non-economic,51.8,51.8,51.8,2026-01-02 09:45:00
2026-01-03,10:15am,USD,FOMC Member Paulson Speaks,Non-economic,,,,2026-01-03 10:15:00
2026-01-03,2:30pm,USD,FOMC Member Paulson Speaks,Non-economic,,,,2026-01-03 14:30:00
2026-01-04,12:30pm,USD,FOMC Member Kashkari Speaks,Non-economic,,,,2026-01-04 12:30:00
2026-01-04,7:30pm,JPY,Final Manufacturing PMI,Non-economic,50.0,49.8,49.7,2026-01-04 19:30:00
2026-01-04,8:45pm,CNY,RatingDog Services PMI,Non-economic,52.0,52.0,52.1,2026-01-04 20:45:00
2026-01-05,2:30am,CHF,Retail Sales y/y,Non-economic,2.3%,2.5%,2.2%,2026-01-05 02:30:00
2026-01-05,3:00am,EUR,Spanish Unemployment Change,Non-economic,-16.3K,5.7K,-18.8K,2026-01-05 03:00:00
2026-01-05,3:30am,CHF,Manufacturing PMI,Non-economic,45.8,49.7,49.7,2026-01-05 03:30:00
2026-01-05,4:30am,GBP,M4 Money Supply m/m,Non-economic,0.8%,-0.1%,-0.2%,2026-01-05 04:30:00
2026-01-05,4:30am,GBP,Mortgage Approvals,Non-economic,65K,64K,65K,2026-01-05 04:30:00
2026-01-05,4:30am,GBP,Net Lending to Individuals m/m,Non-economic,6.6B,5.2B,5.9B,2026-01-05 04:30:00
2026-01-05,10:00am,USD,ISM Manufacturing PMI,High,47.9,48.3,48.2,2026-01-05 10:00:00
2026-01-05,10:00am,USD,ISM Manufacturing Prices,Medium,58.5,59.0,58.5,2026-01-05 10:00:00
2026-01-05,All Day,USD,Wards Total Vehicle Sales,Non-economic,16.0M,15.7M,15.6M,2026-01-05 00:00:00
2026-01-05,6:50pm,JPY,Monetary Base y/y,Non-economic,-9.8%,-8.0%,-8.5%,2026-01-05 18:50:00
2026-01-05,7:01pm,GBP,BRC Shop Price Index y/y,Non-economic,0.7%,0.6%,0.6%,2026-01-05 19:01:00
2026-01-05,10:35pm,JPY,10-y Bond Auction,Non-economic,2.10|3.3,,1.87|3.6,2026-01-05 22:35:00
2026-01-06,All Day,EUR,Italian Bank Holiday,Low,,,,2026-01-06 00:00:00
2026-01-06,All Day,EUR,German Prelim CPI m/m,Medium,0.0%,0.3%,-0.2%,2026-01-06 00:00:00
2026-01-06,2:45am,EUR,French Prelim CPI m/m,Non-economic,0.1%,0.2%,-0.2%,2026-01-06 02:45:00
2026-01-06,3:15am,EUR,Spanish Services PMI,Non-economic,57.1,54.8,55.6,2026-01-06 03:15:00
2026-01-06,3:45am,EUR,Italian Services PMI,Non-economic,51.5,54.2,55.0,2026-01-06 03:45:00
2026-01-06,3:50am,EUR,French Final Services PMI,Non-economic,50.1,50.3,50.2,2026-01-06 03:50:00
2026-01-06,3:55am,EUR,German Final Services PMI,Non-economic,52.7,52.6,52.6,2026-01-06 03:55:00
2026-01-06,4:00am,EUR,Final Services PMI,Non-economic,52.4,52.6,52.6,2026-01-06 04:00:00
2026-01-06,4:30am,GBP,Final Services PMI,Non-economic,51.4,52.1,52.1,2026-01-06 04:30:00
2026-01-06,8:00am,USD,FOMC Member Barkin Speaks,Non-economic,,,,2026-01-06 08:00:00
2026-01-06,9:45am,USD,Final Services PMI,Non-economic,52.5,52.9,52.9,2026-01-06 09:45:00
2026-01-06,10:54am,NZD,GDT Price Index,Non-economic,6.3%,,-4.4%,2026-01-06 10:54:00
2026-01-06,2:00pm,USD,President Trump Speaks,Medium,,,,2026-01-06 14:00:00
2026-01-06,4:30pm,USD,API Weekly Statistical Bulletin,Non-economic,,,,2026-01-06 16:30:00
2026-01-06,7:30pm,AUD,CPI m/m,High,0.0%,0.1%,0.0%,2026-01-06 19:30:00
2026-01-06,7:30pm,AUD,CPI y/y,High,3.4%,3.6%,3.8%,2026-01-06 19:30:00
2026-01-06,7:30pm,AUD,Trimmed Mean CPI m/m,High,0.3%,0.2%,0.3%,2026-01-06 19:30:00
2026-01-06,7:30pm,AUD,Building Approvals m/m,Non-economic,15.2%,1.9%,-6.1%,2026-01-06 19:30:00
2026-01-07,2:00am,EUR,German Retail Sales m/m,Non-economic,-0.6%,0.2%,0.3%,2026-01-07 02:00:00
2026-01-07,3:55am,EUR,German Unemployment Change,Non-economic,3K,5K,1K,2026-01-07 03:55:00
2026-01-07,4:30am,GBP,Construction PMI,Non-economic,40.1,42.4,39.4,2026-01-07 04:30:00
2026-01-07,4:30am,GBP,Housing Equity Withdrawal q/q,Non-economic,-10.9B,-8.7B,-17.9B,2026-01-07 04:30:00
2026-01-07,5:00am,EUR,Core CPI Flash Estimate y/y,Medium,2.3%,2.4%,2.4%,2026-01-07 05:00:00
2026-01-07,5:00am,EUR,CPI Flash Estimate y/y,Medium,2.0%,2.0%,2.1%,2026-01-07 05:00:00
2026-01-07,5:00am,EUR,Italian Prelim CPI m/m,Non-economic,0.2%,0.2%,-0.2%,2026-01-07 05:00:00
2026-01-07,5:34am,EUR,German 10-y Bond Auction,Non-economic,2.83|1.3,,2.67|2.0,2026-01-07 05:34:00
2026-01-07,8:15am,USD,ADP Non-Farm Employment Change,High,41K,49K,-29K,2026-01-07 08:15:00
2026-01-07,10:00am,CAD,Ivey PMI,Medium,51.9,49.5,48.4,2026-01-07 10:00:00
2026-01-07,10:00am,USD,ISM Services PMI,High,54.4,52.2,52.6,2026-01-07 10:00:00
2026-01-07,10:00am,USD,JOLTS Job Openings,High,7.15M,7.61M,7.45M,2026-01-07 10:00:00
2026-01-07,10:00am,USD,Factory Orders m/m,Non-economic,-1.3%,-1.1%,0.2%,2026-01-07 10:00:00
2026-01-07,10:30am,USD,Crude Oil Inventories,Non-economic,-3.8M,-1.2M,-1.9M,2026-01-07 10:30:00
2026-01-07,4:10pm,USD,FOMC Member Bowman Speaks,Non-economic,,,,2026-01-07 16:10:00
2026-01-07,6:30pm,JPY,Average Cash Earnings y/y,Non-economic,0.5%,2.3%,2.5%,2026-01-07 18:30:00
2026-01-07,7:30pm,AUD,Goods Trade Balance,Non-economic,2.94B,5.14B,4.35B,2026-01-07 19:30:00
2026-01-07,10:35pm,JPY,30-y Bond Auction,Non-economic,3.45|3.1,,3.43|4.0,2026-01-07 22:35:00
2026-01-08,12:00am,JPY,Consumer Confidence,Non-economic,37.2,37.8,37.5,2026-01-08 00:00:00
2026-01-08,2:00am,EUR,German Factory Orders m/m,Non-economic,5.6%,-0.9%,1.6%,2026-01-08 02:00:00
2026-01-08,2:02am,GBP,Halifax HPI m/m,Non-economic,-0.6%,0.1%,-0.1%,2026-01-08 02:02:00
2026-01-08,2:30am,CHF,CPI m/m,High,0.0%,0.0%,-0.2%,2026-01-08 02:30:00
2026-01-08,2:45am,EUR,French Trade Balance,Non-economic,-4.2B,-4.3B,-3.5B,2026-01-08 02:45:00
2026-01-08,3:30am,CHF,Summary of Monetary Policy Discussions,Non-economic,,,,2026-01-08 03:30:00
2026-01-08,4:00am,EUR,Italian Monthly Unemployment Rate,Non-economic,5.7%,6.0%,5.8%,2026-01-08 04:00:00
2026-01-08,4:59am,EUR,French 10-y Bond Auction,Non-economic,3.53|2.0,,3.38|2.3,2026-01-08 04:59:00
2026-01-08,5:00am,EUR,PPI m/m,Non-economic,0.5%,0.4%,0.1%,2026-01-08 05:00:00
2026-01-08,5:00am,EUR,Unemployment Rate,Non-economic,6.3%,6.4%,6.4%,2026-01-08 05:00:00
2026-01-08,5:30am,USD,Challenger Job Cuts y/y,Non-economic,-8.3%,,23.5%,2026-01-08 05:30:00
2026-01-08,8:00am,USD,FOMC Member Miran Speaks,Non-economic,,,,2026-01-08 08:00:00
2026-01-08,8:30am,CAD,Trade Balance,Non-economic,-0.6B,-1.4B,0.2B,2026-01-08 08:30:00
2026-01-08,8:30am,USD,Unemployment Claims,High,208K,213K,200K,2026-01-08 08:30:00
2026-01-08,8:30am,USD,Goods Trade Balance,Non-economic,-59.1B,,-78.3B,2026-01-08 08:30:00
2026-01-08,8:30am,USD,Prelim Nonfarm Productivity q/q,Non-economic,4.9%,4.9%,3.3%,2026-01-08 08:30:00
2026-01-08,8:30am,USD,Prelim Unit Labor Costs q/q,Non-economic,-1.9%,0.0%,1.0%,2026-01-08 08:30:00
2026-01-08,8:30am,USD,Trade Balance,Non-economic,-29.4B,-58.1B,-48.1B,2026-01-08 08:30:00
2026-01-08,10:00am,USD,Final Wholesale Inventories m/m,Non-economic,0.2%,0.2%,0.5%,2026-01-08 10:00:00
2026-01-08,10:30am,USD,Natural Gas Storage,Non-economic,-119B,-109B,-38B,2026-01-08 10:30:00
2026-01-08,3:00pm,USD,Consumer Credit m/m,Non-economic,4.2B,10.1B,9.2B,2026-01-08 15:00:00
2026-01-08,6:30pm,JPY,Household Spending y/y,Non-economic,2.9%,-1.0%,-3.0%,2026-01-08 18:30:00
2026-01-08,8:30pm,CNY,CPI y/y,Medium,0.8%,0.8%,0.7%,2026-01-08 20:30:00
2026-01-08,8:30pm,CNY,PPI y/y,Medium,-1.9%,-2.0%,-2.2%,2026-01-08 20:30:00
2026-01-09,12:00am,JPY,Leading Indicators,Non-economic,110.5%,110.4%,109.8%,2026-01-09 00:00:00
2026-01-09,2:00am,EUR,German Industrial Production m/m,Non-economic,0.8%,-0.6%,2.0%,2026-01-09 02:00:00
2026-01-09,2:00am,EUR,German Trade Balance,Non-economic,13.1B,16.3B,17.2B,2026-01-09 02:00:00
2026-01-09,2:45am,EUR,French Consumer Spending m/m,Non-economic,-0.3%,-0.1%,0.5%,2026-01-09 02:45:00
2026-01-09,2:45am,EUR,French Industrial Production m/m,Non-economic,-0.1%,-0.2%,0.2%,2026-01-09 02:45:00
2026-01-09,3:00am,CHF,Foreign Currency Reserves,Non-economic,725B,,727B,2026-01-09 03:00:00
2026-01-09,3:00am,CHF,Unemployment Rate,Non-economic,3.0%,3.0%,3.0%,2026-01-09 03:00:00
2026-01-09,4:00am,EUR,Italian Retail Sales m/m,Non-economic,0.5%,0.3%,0.5%,2026-01-09 04:00:00
2026-01-09,5:00am,EUR,Retail Sales m/m,Non-economic,0.2%,0.1%,0.0%,2026-01-09 05:00:00
2026-01-09,Sep Data,USD,Building Permits,Non-economic,1.42M,1.33M,1.31M,2026-01-09 00:00:00
2026-01-09,Sep Data,USD,Housing Starts,Non-economic,1.31M,1.29M,1.31M,2026-01-09 00:00:00
2026-01-09,8:30am,CAD,Employment Change,High,8.2K,-1.8K,53.6K,2026-01-09 08:30:00
2026-01-09,8:30am,CAD,Unemployment Rate,High,6.8%,6.7%,6.5%,2026-01-09 08:30:00
2026-01-09,8:30am,USD,Average Hourly Earnings m/m,High,0.3%,0.3%,0.1%,2026-01-09 08:30:00
2026-01-09,8:30am,USD,Non-Farm Employment Change,High,50K,66K,56K,2026-01-09 08:30:00
2026-01-09,8:30am,USD,Unemployment Rate,High,4.4%,4.5%,4.6%,2026-01-09 08:30:00
2026-01-09,8:30am,USD,Building Permits,Non-economic,1.41M,1.35M,1.42M,2026-01-09 08:30:00
2026-01-09,8:30am,USD,Housing Starts,Non-economic,1.25M,1.33M,1.31M,2026-01-09 08:30:00
2026-01-09,10:00am,USD,Prelim UoM Consumer Sentiment,High,54.0,53.5,52.9,2026-01-09 10:00:00
2026-01-09,10:00am,USD,Prelim UoM Inflation Expectations,High,4.2%,,4.2%,2026-01-09 10:00:00
2026-01-09,10:00am,USD,FOMC Member Kashkari Speaks,Non-economic,,,,2026-01-09 10:00:00
2026-01-09,1:35pm,USD,FOMC Member Barkin Speaks,Non-economic,,,,2026-01-09 13:35:00
2026-01-11,All Day,JPY,Bank Holiday,Low,,,,2026-01-11 00:00:00
2026-01-11,7:30pm,AUD,ANZ Job Advertisements m/m,Non-economic,-0.5%,,-1.5%,2026-01-11 19:30:00
2026-01-11,7:30pm,AUD,Household Spending m/m,Non-economic,1.0%,0.6%,1.4%,2026-01-11 19:30:00
2026-01-12,3:00am,CHF,SECO Consumer Climate,Non-economic,-31,-33,-34,2026-01-12 03:00:00
2026-01-12,4:30am,EUR,Sentix Investor Confidence,Non-economic,-1.8,-5.1,-6.2,2026-01-12 04:30:00
2026-01-12,12:45pm,USD,FOMC Member Barkin Speaks,Non-economic,,,,2026-01-12 12:45:00
2026-01-12,1:01pm,USD,10-y Bond Auction,Non-economic,4.17|2.6,,4.18|2.6,2026-01-12 13:01:00
2026-01-12,4:00pm,NZD,NZIER Business Confidence,Non-economic,48,,18,2026-01-12 16:00:00
2026-01-12,5:50pm,AUD,Westpac Consumer Sentiment,Non-economic,-1.7%,,-9.0%,2026-01-12 17:50:00
2026-01-12,6:00pm,USD,FOMC Member Williams Speaks,Non-economic,,,,2026-01-12 18:00:00
2026-01-12,6:50pm,JPY,Bank Lending y/y,Non-economic,4.4%,4.1%,4.1%,2026-01-12 18:50:00
2026-01-12,6:50pm,JPY,Current Account,Non-economic,3.14T,3.04T,2.48T,2026-01-12 18:50:00
2026-01-12,7:01pm,GBP,BRC Retail Sales Monitor y/y,Non-economic,1.0%,1.3%,1.2%,2026-01-12 19:01:00
2026-01-13,12:00am,JPY,Economy Watchers Sentiment,Non-economic,48.6,48.7,48.7,2026-01-13 00:00:00
2026-01-13,3:36am,EUR,French Gov Budget Balance,Non-economic,-155.4B,,-136.2B,2026-01-13 03:36:00
2026-01-13,6:00am,USD,NFIB Small Business Index,Non-economic,99.5,99.5,99.0,2026-01-13 06:00:00
2026-01-13,8:15am,USD,ADP Weekly Employment Change,Medium,11.8K,,11.0K,2026-01-13 08:15:00
2026-01-13,8:30am,CAD,Building Permits m/m,Non-economic,-13.1%,-5.6%,15.7%,2026-01-13 08:30:00
2026-01-13,8:30am,USD,Core CPI m/m,High,0.2%,0.3%,0.2%,2026-01-13 08:30:00
2026-01-13,8:30am,USD,CPI m/m,High,0.3%,0.3%,0.3%,2026-01-13 08:30:00
2026-01-13,8:30am,USD,CPI y/y,High,2.7%,2.7%,2.7%,2026-01-13 08:30:00
2026-01-13,Sep Data,USD,New Home Sales,Non-economic,738K,,711K,2026-01-13 00:00:00
2026-01-13,10:00am,USD,New Home Sales,Medium,737K,716K,738K,2026-01-13 10:00:00
2026-01-13,10:00am,USD,FOMC Member Musalem Speaks,Non-economic,,,,2026-01-13 10:00:00
2026-01-13,10:03am,USD,RCM/TIPP Economic Optimism,Non-economic,47.2,48.2,47.9,2026-01-13 10:03:00
2026-01-13,1:01pm,USD,30-y Bond Auction,Non-economic,4.83|2.4,,4.77|2.4,2026-01-13 13:01:00
2026-01-13,2:00pm,USD,President Trump Speaks,Medium,,,,2026-01-13 14:00:00
2026-01-13,2:00pm,USD,Federal Budget Balance,Non-economic,-144.7B,-144.5B,-173.3B,2026-01-13 14:00:00
2026-01-13,4:00pm,USD,FOMC Member Barkin Speaks,Non-economic,,,,2026-01-13 16:00:00
2026-01-13,4:30pm,USD,API Weekly Statistical Bulletin,Non-economic,,,,2026-01-13 16:30:00
2026-01-13,4:45pm,NZD,Building Consents m/m,Non-economic,2.8%,,-0.7%,2026-01-13 16:45:00
2026-01-13,6:50pm,JPY,M2 Money Stock y/y,Non-economic,1.7%,1.9%,1.7%,2026-01-13 18:50:00
2026-01-13,7:00pm,NZD,ANZ Commodity Prices m/m,Non-economic,-2.1%,,-1.6%,2026-01-13 19:00:00
2026-01-13,9:24pm,CNY,Trade Balance,Non-economic,809B,805B,793B,2026-01-13 21:24:00
2026-01-13,9:24pm,CNY,USD-Denominated Trade Balance,Non-economic,114.1B,114.3B,111.7B,2026-01-13 21:24:00
2026-01-14,1:00am,JPY,Prelim Machine Tool Orders y/y,Non-economic,10.6%,,14.8%,2026-01-14 01:00:00
2026-01-14,3:00am,GBP,MPC Member Taylor Speaks,Non-economic,,,,2026-01-14 03:00:00
2026-01-14,5:02am,GBP,10-y Bond Auction,Non-economic,4.46|3.3,,4.61|3.1,2026-01-14 05:02:00
2026-01-14,5:36am,EUR,German 30-y Bond Auction,Non-economic,3.45|2.1,,3.26|1.3,2026-01-14 05:36:00
2026-01-14,Oct Data,USD,Core PPI m/m,Medium,0.3%,,0.4%,2026-01-14 00:00:00
2026-01-14,Oct Data,USD,PPI m/m,Medium,0.1%,,0.6%,2026-01-14 00:00:00
2026-01-14,8:30am,USD,Core PPI m/m,High,0.0%,0.2%,0.3%,2026-01-14 08:30:00
2026-01-14,8:30am,USD,Core Retail Sales m/m,High,0.5%,0.4%,0.2%,2026-01-14 08:30:00
2026-01-14,8:30am,USD,PPI m/m,High,0.2%,0.2%,0.1%,2026-01-14 08:30:00
2026-01-14,8:30am,USD,Retail Sales m/m,High,0.6%,0.5%,-0.1%,2026-01-14 08:30:00
2026-01-14,8:30am,USD,Current Account,Non-economic,-226B,-235B,-249B,2026-01-14 08:30:00
2026-01-14,9:50am,USD,FOMC Member Paulson Speaks,Non-economic,,,,2026-01-14 09:50:00
2026-01-14,10:00am,USD,Business Inventories m/m,Non-economic,0.3%,0.1%,0.3%,2026-01-14 10:00:00
2026-01-14,10:00am,USD,Existing Home Sales,Non-economic,4.35M,4.21M,4.14M,2026-01-14 10:00:00
2026-01-14,10:30am,GBP,MPC Member Ramsden Speaks,Non-economic,,,,2026-01-14 10:30:00
2026-01-14,10:30am,USD,Crude Oil Inventories,Non-economic,3.4M,-1.7M,-3.8M,2026-01-14 10:30:00
2026-01-14,10:30am,USD,FOMC Member Miran Speaks,Non-economic,,,,2026-01-14 10:30:00
2026-01-14,12:00pm,USD,FOMC Member Bostic Speaks,Non-economic,,,,2026-01-14 12:00:00
2026-01-14,12:00pm,USD,FOMC Member Kashkari Speaks,Non-economic,,,,2026-01-14 12:00:00
2026-01-14,2:00pm,USD,Beige Book,Non-economic,,,,2026-01-14 14:00:00
2026-01-14,2:10pm,USD,FOMC Member Williams Speaks,Non-economic,,,,2026-01-14 14:10:00
2026-01-14,6:50pm,JPY,PPI y/y,Non-economic,2.4%,2.4%,2.7%,2026-01-14 18:50:00
2026-01-14,7:00pm,AUD,MI Inflation Expectations,Non-economic,4.6%,,4.7%,2026-01-14 19:00:00
2026-01-14,7:01pm,GBP,RICS House Price Balance,Non-economic,-14%,-17%,-14%,2026-01-14 19:01:00
2026-01-14,7:30pm,AUD,NAB Quarterly Business Confidence,Non-economic,0,,2,2026-01-14 19:30:00
2026-01-15,2:00am,EUR,German WPI m/m,Non-economic,-0.2%,0.2%,0.3%,2026-01-15 02:00:00
2026-01-15,2:00am,GBP,GDP m/m,High,0.3%,0.1%,-0.1%,2026-01-15 02:00:00
2026-01-15,2:00am,GBP,Construction Output m/m,Non-economic,-1.3%,-0.3%,-1.2%,2026-01-15 02:00:00
2026-01-15,2:00am,GBP,Goods Trade Balance,Non-economic,-23.7B,-20.3B,-24.2B,2026-01-15 02:00:00
2026-01-15,2:00am,GBP,Index of Services 3m/3m,Non-economic,0.2%,0.0%,0.1%,2026-01-15 02:00:00
2026-01-15,2:00am,GBP,Industrial Production m/m,Non-economic,1.1%,0.2%,1.3%,2026-01-15 02:00:00
2026-01-15,2:00am,GBP,Manufacturing Production m/m,Non-economic,2.1%,0.4%,0.4%,2026-01-15 02:00:00
2026-01-15,2:02am,CNY,M2 Money Supply y/y,Non-economic,8.5%,8.0%,8.0%,2026-01-15 02:02:00
2026-01-15,2:02am,CNY,New Loans,Non-economic,910B,820B,390B,2026-01-15 02:02:00
2026-01-15,2:45am,EUR,French Final CPI m/m,Non-economic,0.1%,0.1%,0.1%,2026-01-15 02:45:00
2026-01-15,4:00am,EUR,ECB Economic Bulletin,Non-economic,,,,2026-01-15 04:00:00
2026-01-15,4:00am,EUR,Italian Industrial Production m/m,Non-economic,1.5%,0.6%,-1.0%,2026-01-15 04:00:00
2026-01-15,4:30am,GBP,BOE Credit Conditions Survey,Non-economic,,,,2026-01-15 04:30:00
2026-01-15,5:00am,EUR,Industrial Production m/m,Non-economic,0.7%,0.5%,0.7%,2026-01-15 05:00:00
2026-01-15,5:00am,EUR,Trade Balance,Non-economic,10.7B,14.8B,13.7B,2026-01-15 05:00:00
2026-01-15,6:00am,EUR,Italian Trade Balance,Non-economic,5.08B,5.22B,4.18B,2026-01-15 06:00:00
2026-01-15,8:30am,CAD,Manufacturing Sales m/m,Non-economic,-1.2%,-1.1%,-1.0%,2026-01-15 08:30:00
2026-01-15,8:30am,CAD,Wholesale Sales m/m,Non-economic,-1.8%,0.1%,0.4%,2026-01-15 08:30:00
2026-01-15,8:30am,USD,Unemployment Claims,High,198K,215K,207K,2026-01-15 08:30:00
2026-01-15,8:30am,USD,Empire State Manufacturing Index,Medium,7.7,0.8,-3.9,2026-01-15 08:30:00
2026-01-15,8:30am,USD,Philly Fed Manufacturing Index,Medium,12.6,-1.6,-10.2,2026-01-15 08:30:00
2026-01-15,8:30am,USD,Import Prices m/m,Non-economic,0.4%,-0.1%,0.0%,2026-01-15 08:30:00
2026-01-15,8:35am,USD,FOMC Member Bostic Speaks,Non-economic,,,,2026-01-15 08:35:00
2026-01-15,9:15am,USD,FOMC Member Barr Speaks,Non-economic,,,,2026-01-15 09:15:00
2026-01-15,10:30am,USD,Natural Gas Storage,Non-economic,-71B,-89B,-119B,2026-01-15 10:30:00
2026-01-15,12:40pm,USD,FOMC Member Barkin Speaks,Non-economic,,,,2026-01-15 12:40:00
2026-01-15,1:30pm,USD,FOMC Member Schmid Speaks,Non-economic,,,,2026-01-15 13:30:00
2026-01-15,4:00pm,USD,TIC Long-Term Purchases,Non-economic,220.2B,48.7B,30.9B,2026-01-15 16:00:00
2026-01-15,4:30pm,NZD,BusinessNZ Manufacturing Index,Non-economic,56.1,,51.7,2026-01-15 16:30:00
2026-01-15,4:45pm,NZD,FPI m/m,Non-economic,-0.3%,,-0.4%,2026-01-15 16:45:00
2026-01-16,2:00am,EUR,German Final CPI m/m,Non-economic,0.0%,0.0%,0.0%,2026-01-16 02:00:00
2026-01-16,5:00am,GBP,BOE Gov Bailey Speaks,High,,,,2026-01-16 05:00:00
2026-01-16,8:15am,CAD,Housing Starts,Non-economic,282K,257K,255K,2026-01-16 08:15:00
2026-01-16,8:30am,CAD,Foreign Securities Purchases,Non-economic,16.33B,24.61B,46.62B,2026-01-16 08:30:00
2026-01-16,9:15am,USD,Capacity Utilization Rate,Non-economic,76.3%,76.0%,76.1%,2026-01-16 09:15:00
2026-01-16,9:15am,USD,Industrial Production m/m,Non-economic,0.4%,0.1%,0.4%,2026-01-16 09:15:00
2026-01-16,9:30am,GBP,CB Leading Index m/m,Non-economic,-0.1%,,0.0%,2026-01-16 09:30:00
2026-01-16,10:00am,USD,NAHB Housing Market Index,Non-economic,37,40,39,2026-01-16 10:00:00
2026-01-16,10:30am,AUD,CB Leading Index m/m,Non-economic,0.2%,,0.4%,2026-01-16 10:30:00
2026-01-16,10:50am,USD,FOMC Member Collins Speaks,Non-economic,,,,2026-01-16 10:50:00
2026-01-16,11:00am,USD,FOMC Member Bowman Speaks,Non-economic,,,,2026-01-16 11:00:00
2026-01-16,3:30pm,USD,FOMC Member Jefferson Speaks,Non-economic,,,,2026-01-16 15:30:00
2026-01-18,6:50pm,JPY,Core Machinery Orders m/m,Non-economic,-11.0%,-5.2%,7.0%,2026-01-18 18:50:00
2026-01-18,7:00pm,AUD,MI Inflation Gauge m/m,Non-economic,1.0%,,0.3%,2026-01-18 19:00:00
2026-01-18,7:01pm,GBP,Rightmove HPI m/m,Non-economic,2.8%,,-1.8%,2026-01-18 19:01:00
2026-01-18,8:30pm,CNY,New Home Prices m/m,Non-economic,-0.37%,,-0.39%,2026-01-18 20:30:00
2026-01-18,9:00pm,CNY,Fixed Asset Investment ytd/y,Non-economic,-3.8%,-3.1%,-2.6%,2026-01-18 21:00:00
2026-01-18,9:00pm,CNY,GDP q/y,Non-economic,4.5%,4.5%,4.8%,2026-01-18 21:00:00
2026-01-18,9:00pm,CNY,Industrial Production y/y,Non-economic,5.2%,5.1%,4.8%,2026-01-18 21:00:00
2026-01-18,9:00pm,CNY,NBS Press Conference,Non-economic,,,,2026-01-18 21:00:00
2026-01-18,9:00pm,CNY,Retail Sales y/y,Non-economic,0.9%,1.1%,1.3%,2026-01-18 21:00:00
2026-01-18,9:00pm,CNY,Unemployment Rate,Non-economic,5.1%,5.2%,5.1%,2026-01-18 21:00:00
2026-01-18,11:30pm,JPY,Revised Industrial Production m/m,Non-economic,-2.7%,-2.6%,-2.6%,2026-01-18 23:30:00
2026-01-18,11:30pm,JPY,Tertiary Industry Activity m/m,Non-economic,-0.2%,0.0%,0.9%,2026-01-18 23:30:00
2026-01-19,Day 1,All,WEF Annual Meetings,Non-economic,,,,2026-01-19 00:00:00
2026-01-19,5:00am,EUR,Final Core CPI y/y,Non-economic,2.3%,2.3%,2.3%,2026-01-19 05:00:00
2026-01-19,5:00am,EUR,Final CPI y/y,Non-economic,1.9%,2.0%,2.0%,2026-01-19 05:00:00
2026-01-19,All Day,EUR,Eurogroup Meetings,Non-economic,,,,2026-01-19 00:00:00
2026-01-19,All Day,USD,Bank Holiday,Low,,,,2026-01-19 00:00:00
2026-01-19,8:30am,CAD,CPI m/m,High,-0.2%,-0.4%,0.1%,2026-01-19 08:30:00
2026-01-19,8:30am,CAD,Median CPI y/y,High,2.5%,2.7%,2.8%,2026-01-19 08:30:00
2026-01-19,8:30am,CAD,Trimmed CPI y/y,High,2.7%,2.7%,2.9%,2026-01-19 08:30:00
2026-01-19,8:30am,CAD,Common CPI y/y,Medium,2.8%,2.8%,2.8%,2026-01-19 08:30:00
2026-01-19,8:32am,CAD,Core CPI m/m,Non-economic,-0.4%,,-0.1%,2026-01-19 08:32:00
2026-01-19,10:30am,CAD,BOC Business Outlook Survey,Medium,,,,2026-01-19 10:30:00
2026-01-19,4:30pm,NZD,BusinessNZ Services Index,Non-economic,51.5,,47.2,2026-01-19 16:30:00
2026-01-19,8:00pm,CNY,1-y Loan Prime Rate,Non-economic,3.00%,3.00%,3.00%,2026-01-19 20:00:00
2026-01-19,8:00pm,CNY,5-y Loan Prime Rate,Non-economic,3.50%,3.50%,3.50%,2026-01-19 20:00:00
2026-01-20,2:00am,EUR,German PPI m/m,Non-economic,-0.2%,-0.2%,0.0%,2026-01-20 02:00:00
2026-01-20,2:00am,GBP,Claimant Count Change,High,17.9K,15.6K,-3.3K,2026-01-20 02:00:00
2026-01-20,2:00am,GBP,Average Earnings Index 3m/y,Medium,4.7%,4.6%,4.8%,2026-01-20 02:00:00
2026-01-20,2:00am,GBP,Unemployment Rate,Non-economic,5.1%,5.1%,5.1%,2026-01-20 02:00:00
2026-01-20,2:30am,CHF,PPI m/m,Non-economic,-0.2%,-0.2%,-0.5%,2026-01-20 02:30:00
2026-01-20,4:00am,EUR,Current Account,Non-economic,8.6B,20.3B,26.7B,2026-01-20 04:00:00
2026-01-20,Day 2,All,WEF Annual Meetings,Medium,,,,2026-01-20 00:00:00
2026-01-20,4:45am,GBP,BOE Gov Bailey Speaks,High,,,,2026-01-20 04:45:00
2026-01-20,5:00am,EUR,German ZEW Economic Sentiment,Non-economic,59.6,50.0,45.8,2026-01-20 05:00:00
2026-01-20,5:00am,EUR,ZEW Economic Sentiment,Non-economic,40.8,36.7,33.7,2026-01-20 05:00:00
2026-01-20,All Day,EUR,ECOFIN Meetings,Non-economic,,,,2026-01-20 00:00:00
2026-01-20,8:15am,USD,ADP Weekly Employment Change,Non-economic,8.0K,,11.3K,2026-01-20 08:15:00
2026-01-20,9:43am,NZD,GDT Price Index,Non-economic,1.5%,,6.3%,2026-01-20 09:43:00
2026-01-20,11:30am,CHF,SNB Chairman Schlegel Speaks,Medium,,,,2026-01-20 11:30:00
2026-01-20,11:30am,EUR,German Buba President Nagel Speaks,Non-economic,,,,2026-01-20 11:30:00
2026-01-20,1:00pm,USD,President Trump Speaks,Medium,,,,2026-01-20 13:00:00
2026-01-20,6:30pm,AUD,MI Leading Index m/m,Non-economic,0.1%,,0.0%,2026-01-20 18:30:00
2026-01-21,2:00am,GBP,CPI y/y,High,3.4%,3.3%,3.2%,2026-01-21 02:00:00
2026-01-21,2:00am,GBP,Core CPI y/y,Non-economic,3.2%,3.3%,3.2%,2026-01-21 02:00:00
2026-01-21,2:00am,GBP,PPI Input m/m,Non-economic,-0.2%,-0.1%,0.5%,2026-01-21 02:00:00
2026-01-21,2:00am,GBP,PPI Output m/m,Non-economic,0.0%,0.1%,0.1%,2026-01-21 02:00:00
2026-01-21,2:00am,GBP,RPI y/y,Non-economic,4.2%,4.1%,3.8%,2026-01-21 02:00:00
2026-01-21,2:30am,EUR,ECB President Lagarde Speaks,Medium,,,,2026-01-21 02:30:00
2026-01-21,Day 3,All,WEF Annual Meetings,High,,,,2026-01-21 00:00:00
2026-01-21,4:30am,GBP,HPI y/y,Non-economic,2.5%,1.8%,1.9%,2026-01-21 04:30:00
2026-01-21,5:34am,EUR,German 30-y Bond Auction,Non-economic,3.49|2.4,,3.45|2.1,2026-01-21 05:34:00
2026-01-21,6:00am,GBP,CBI Industrial Order Expectations,Non-economic,-30,-33,-32,2026-01-21 06:00:00
2026-01-21,8:30am,CAD,IPPI m/m,Non-economic,-0.6%,0.3%,1.1%,2026-01-21 08:30:00
2026-01-21,8:30am,CAD,RMPI m/m,Non-economic,0.5%,-0.5%,0.6%,2026-01-21 08:30:00
2026-01-21,8:30am,USD,President Trump Speaks,High,,,,2026-01-21 08:30:00
2026-01-21,Sep Data,USD,Construction Spending m/m,Non-economic,-0.6%,,0.4%,2026-01-21 00:00:00
2026-01-21,10:00am,USD,Pending Home Sales m/m,Medium,-9.3%,-0.3%,3.3%,2026-01-21 10:00:00
2026-01-21,10:00am,USD,Construction Spending m/m,Non-economic,0.5%,0.1%,-0.6%,2026-01-21 10:00:00
2026-01-21,11:45am,EUR,ECB President Lagarde Speaks,Medium,,,,2026-01-21 11:45:00
2026-01-21,1:00pm,USD,President Trump Speaks,Medium,,,,2026-01-21 13:00:00
2026-01-21,1:30pm,EUR,German Buba President Nagel Speaks,Non-economic,,,,2026-01-21 13:30:00
2026-01-21,4:30pm,USD,API Weekly Statistical Bulletin,Non-economic,,,,2026-01-21 16:30:00
2026-01-21,4:45pm,NZD,Visitor Arrivals m/m,Non-economic,0.8%,,0.7%,2026-01-21 16:45:00
2026-01-21,6:50pm,JPY,Trade Balance,Non-economic,-0.21T,-0.06T,0.01T,2026-01-21 18:50:00
2026-01-21,7:30pm,AUD,Employment Change,High,65.2K,28.3K,-28.7K,2026-01-21 19:30:00
2026-01-21,7:30pm,AUD,Unemployment Rate,High,4.1%,4.4%,4.3%,2026-01-21 19:30:00
2026-01-22,2:00am,GBP,Public Sector Net Borrowing,Non-economic,11.6B,13.4B,10.9B,2026-01-22 02:00:00
2026-01-22,Day 4,All,WEF Annual Meetings,Non-economic,,,,2026-01-22 00:00:00
2026-01-22,6:00am,EUR,German Buba Monthly Report,Non-economic,,,,2026-01-22 06:00:00
2026-01-22,6:00am,GBP,CBI Realized Sales,Non-economic,-17,-35,-44,2026-01-22 06:00:00
2026-01-22,7:30am,EUR,ECB Monetary Policy Meeting Accounts,Non-economic,,,,2026-01-22 07:30:00
2026-01-22,8:30am,CAD,NHPI m/m,Non-economic,-0.2%,-0.2%,0.0%,2026-01-22 08:30:00
2026-01-22,8:30am,USD,Final GDP q/q,High,4.4%,4.3%,4.3%,2026-01-22 08:30:00
2026-01-22,8:30am,USD,Unemployment Claims,High,200K,209K,199K,2026-01-22 08:30:00
2026-01-22,8:30am,USD,Final GDP Price Index q/q,Medium,3.8%,3.8%,3.8%,2026-01-22 08:30:00
2026-01-22,Oct Data,USD,Core PCE Price Index m/m,Medium,0.2%,,0.2%,2026-01-22 00:00:00
2026-01-22,Oct Data,USD,Personal Income m/m,Non-economic,0.1%,,0.4%,2026-01-22 00:00:00
2026-01-22,Oct Data,USD,Personal Spending m/m,Non-economic,0.5%,,0.4%,2026-01-22 00:00:00
2026-01-22,10:00am,EUR,Consumer Confidence,Non-economic,-12,-13,-15,2026-01-22 10:00:00
2026-01-22,10:00am,USD,Core PCE Price Index m/m,High,0.2%,0.2%,0.2%,2026-01-22 10:00:00
2026-01-22,10:00am,USD,Personal Income m/m,Non-economic,0.3%,0.4%,0.1%,2026-01-22 10:00:00
2026-01-22,10:00am,USD,Personal Spending m/m,Non-economic,0.5%,0.5%,0.5%,2026-01-22 10:00:00
2026-01-22,10:30am,USD,Natural Gas Storage,Non-economic,-120B,-90B,-71B,2026-01-22 10:30:00
2026-01-22,12:00pm,USD,Crude Oil Inventories,Non-economic,3.6M,-1.0M,3.4M,2026-01-22 12:00:00
2026-01-22,4:45pm,NZD,CPI q/q,High,0.6%,0.5%,1.0%,2026-01-22 16:45:00
2026-01-22,5:00pm,AUD,Flash Manufacturing PMI,Non-economic,52.4,,51.6,2026-01-22 17:00:00
2026-01-22,5:00pm,AUD,Flash Services PMI,Non-economic,56.0,,51.1,2026-01-22 17:00:00
2026-01-22,6:30pm,JPY,National Core CPI y/y,Non-economic,2.4%,2.4%,3.0%,2026-01-22 18:30:00
2026-01-22,7:01pm,GBP,GfK Consumer Confidence,Non-economic,-16,-17,-17,2026-01-22 19:01:00
2026-01-22,7:30pm,JPY,Flash Manufacturing PMI,Non-economic,51.5,50.1,50.0,2026-01-22 19:30:00
2026-01-22,10:07pm,JPY,BOJ Outlook Report,High,,,,2026-01-22 22:07:00
2026-01-22,10:07pm,JPY,BOJ Policy Rate,High,<0.75%,<0.75%,<0.75%,2026-01-22 22:07:00
2026-01-22,10:07pm,JPY,Monetary Policy Statement,High,,,,2026-01-22 22:07:00
2026-01-23,1:30am,JPY,BOJ Press Conference,High,,,,2026-01-23 01:30:00
2026-01-23,2:00am,GBP,Retail Sales m/m,High,0.4%,0.0%,-0.1%,2026-01-23 02:00:00
2026-01-23,3:15am,EUR,French Flash Manufacturing PMI,Medium,51.0,50.4,50.7,2026-01-23 03:15:00
2026-01-23,3:15am,EUR,French Flash Services PMI,Medium,47.9,50.3,50.1,2026-01-23 03:15:00
2026-01-23,3:30am,EUR,German Flash Manufacturing PMI,High,48.7,47.8,47.0,2026-01-23 03:30:00
2026-01-23,3:30am,EUR,German Flash Services PMI,High,53.3,52.6,52.7,2026-01-23 03:30:00
2026-01-23,4:00am,EUR,Flash Manufacturing PMI,Non-economic,49.4,49.1,48.8,2026-01-23 04:00:00
2026-01-23,4:00am,EUR,Flash Services PMI,Non-economic,51.9,52.6,52.4,2026-01-23 04:00:00
2026-01-23,Day 5,All,WEF Annual Meetings,Medium,,,,2026-01-23 00:00:00
2026-01-23,4:30am,GBP,Flash Manufacturing PMI,High,51.6,50.6,50.6,2026-01-23 04:30:00
2026-01-23,4:30am,GBP,Flash Services PMI,High,54.3,51.7,51.4,2026-01-23 04:30:00
2026-01-23,4:30am,GBP,MPC Member Greene Speaks,Non-economic,,,,2026-01-23 04:30:00
2026-01-23,5:00am,EUR,ECB President Lagarde Speaks,Medium,,,,2026-01-23 05:00:00
2026-01-23,7:11am,CNY,Foreign Direct Investment ytd/y,Non-economic,-9.5%,,-7.5%,2026-01-23 07:11:00
2026-01-23,8:30am,CAD,Core Retail Sales m/m,Medium,1.7%,1.0%,-0.6%,2026-01-23 08:30:00
2026-01-23,8:30am,CAD,Retail Sales m/m,Medium,1.3%,1.2%,-0.3%,2026-01-23 08:30:00
2026-01-23,9:45am,USD,Flash Manufacturing PMI,High,51.9,51.9,51.8,2026-01-23 09:45:00
2026-01-23,9:45am,USD,Flash Services PMI,High,52.5,52.9,52.5,2026-01-23 09:45:00
2026-01-23,10:00am,USD,Revised UoM Consumer Sentiment,Medium,56.4,54.0,54.0,2026-01-23 10:00:00
2026-01-23,10:00am,USD,Revised UoM Inflation Expectations,Non-economic,4.0%,,4.2%,2026-01-23 10:00:00
2026-01-23,Oct Data,USD,CB Leading Index m/m,Non-economic,-0.1%,,-0.2%,2026-01-23 00:00:00
2026-01-23,10:54am,USD,CB Leading Index m/m,Non-economic,-0.3%,-0.2%,-0.1%,2026-01-23 10:54:00
2026-01-25,All Day,AUD,Bank Holiday,Low,,,,2026-01-25 00:00:00
2026-01-26,4:00am,EUR,German ifo Business Climate,Medium,87.6,88.3,87.6,2026-01-26 04:00:00
2026-01-26,6:00am,EUR,German Buba President Nagel Speaks,Non-economic,,,,2026-01-26 06:00:00
2026-01-26,8:30am,EUR,German Buba President Nagel Speaks,Non-economic,,,,2026-01-26 08:30:00
2026-01-26,8:30am,USD,Core Durable Goods Orders m/m,Medium,0.5%,0.3%,0.1%,2026-01-26 08:30:00
2026-01-26,8:30am,USD,Durable Goods Orders m/m,Medium,5.3%,3.1%,-2.1%,2026-01-26 08:30:00
2026-01-26,8:33am,EUR,Belgian NBB Business Climate,Non-economic,-8.8,-10.2,-11.9,2026-01-26 08:33:00
2026-01-26,6:50pm,JPY,SPPI y/y,Non-economic,2.6%,2.7%,2.7%,2026-01-26 18:50:00
2026-01-26,7:01pm,GBP,BRC Shop Price Index y/y,Non-economic,1.5%,0.7%,0.7%,2026-01-26 19:01:00
2026-01-26,7:30pm,AUD,NAB Business Confidence,Non-economic,3,,2,2026-01-26 19:30:00
2026-01-26,9:00pm,NZD,Credit Card Spending y/y,Non-economic,-0.3%,,4.4%,2026-01-26 21:00:00
2026-01-27,12:00am,JPY,BOJ Core CPI y/y,Non-economic,1.9%,2.0%,2.2%,2026-01-27 00:00:00
2026-01-27,3:00am,EUR,Spanish Unemployment Rate,Non-economic,9.9%,10.2%,10.5%,2026-01-27 03:00:00
2026-01-27,8:15am,USD,ADP Weekly Employment Change,Non-economic,7.8K,,8.0K,2026-01-27 08:15:00
2026-01-27,9:00am,USD,HPI m/m,Non-economic,0.6%,0.3%,0.4%,2026-01-27 09:00:00
2026-01-27,9:00am,USD,S&P/CS Composite-20 HPI y/y,Non-economic,1.4%,1.2%,1.3%,2026-01-27 09:00:00
2026-01-27,10:00am,USD,CB Consumer Confidence,Medium,84.5,90.6,94.2,2026-01-27 10:00:00
2026-01-27,10:00am,USD,Richmond Manufacturing Index,Medium,-6,-5,-7,2026-01-27 10:00:00
2026-01-27,12:00pm,EUR,German Buba President Nagel Speaks,Non-economic,,,,2026-01-27 12:00:00
2026-01-27,4:00pm,USD,President Trump Speaks,Medium,,,,2026-01-27 16:00:00
2026-01-27,4:30pm,USD,API Weekly Statistical Bulletin,Non-economic,,,,2026-01-27 16:30:00
2026-01-27,6:50pm,JPY,Monetary Policy Meeting Minutes,Non-economic,,,,2026-01-27 18:50:00
2026-01-27,7:30pm,AUD,CPI m/m,High,1.0%,0.7%,0.0%,2026-01-27 19:30:00
2026-01-27,7:30pm,AUD,CPI y/y,High,3.8%,3.5%,3.4%,2026-01-27 19:30:00
2026-01-27,7:30pm,AUD,Trimmed Mean CPI m/m,High,0.2%,0.3%,0.3%,2026-01-27 19:30:00
2026-01-28,2:00am,EUR,German GfK Consumer Climate,Non-economic,-24.1,-25.5,-26.9,2026-01-28 02:00:00
2026-01-28,4:00am,CHF,UBS Economic Expectations,Non-economic,-4.7,,6.2,2026-01-28 04:00:00
2026-01-28,5:34am,EUR,German 10-y Bond Auction,Non-economic,2.85|1.7,,2.83|1.3,2026-01-28 05:34:00
2026-01-28,9:00am,CNY,CB Leading Index m/m,Non-economic,-0.1%,,-0.2%,2026-01-28 09:00:00
2026-01-28,9:45am,CAD,BOC Monetary Policy Report,High,,,,2026-01-28 09:45:00
2026-01-28,9:45am,CAD,BOC Rate Statement,High,,,,2026-01-28 09:45:00
2026-01-28,9:45am,CAD,Overnight Rate,High,2.25%,2.25%,2.25%,2026-01-28 09:45:00
2026-01-28,10:30am,CAD,BOC Press Conference,High,,,,2026-01-28 10:30:00
2026-01-28,10:30am,USD,Crude Oil Inventories,Non-economic,-2.3M,-0.2M,3.6M,2026-01-28 10:30:00
2026-01-28,2:00pm,USD,Federal Funds Rate,High,3.75%,3.75%,3.75%,2026-01-28 14:00:00
2026-01-28,2:00pm,USD,FOMC Statement,High,,,,2026-01-28 14:00:00
2026-01-28,2:30pm,USD,FOMC Press Conference,High,,,,2026-01-28 14:30:00
2026-01-28,4:45pm,NZD,Trade Balance,Non-economic,52M,30M,-335M,2026-01-28 16:45:00
2026-01-28,7:00pm,NZD,ANZ Business Confidence,Non-economic,64.1,,73.6,2026-01-28 19:00:00
2026-01-28,7:30pm,AUD,Import Prices q/q,Non-economic,0.9%,-0.2%,-0.4%,2026-01-28 19:30:00
2026-01-29,12:00am,JPY,Consumer Confidence,Non-economic,37.9,37.1,37.2,2026-01-29 00:00:00
2026-01-29,4:00am,EUR,M3 Money Supply y/y,Non-economic,2.8%,3.0%,3.0%,2026-01-29 04:00:00
2026-01-29,4:00am,EUR,Private Loans y/y,Non-economic,3.0%,2.9%,2.9%,2026-01-29 04:00:00
2026-01-29,8:30am,CAD,Trade Balance,Non-economic,-2.2B,-0.7B,-0.4B,2026-01-29 08:30:00
2026-01-29,8:30am,USD,Unemployment Claims,High,209K,206K,210K,2026-01-29 08:30:00
2026-01-29,8:30am,USD,Goods Trade Balance,Non-economic,-86.9B,,-59.0B,2026-01-29 08:30:00
2026-01-29,8:30am,USD,Revised Nonfarm Productivity q/q,Non-economic,4.9%,4.9%,4.9%,2026-01-29 08:30:00
2026-01-29,8:30am,USD,Revised Unit Labor Costs q/q,Non-economic,-1.9%,-1.9%,-1.9%,2026-01-29 08:30:00
2026-01-29,8:30am,USD,Trade Balance,Non-economic,-56.8B,-43.4B,-29.2B,2026-01-29 08:30:00
2026-01-29,10:00am,USD,Factory Orders m/m,Non-economic,2.7%,1.7%,-1.2%,2026-01-29 10:00:00
2026-01-29,10:00am,USD,Final Wholesale Inventories m/m,Non-economic,0.2%,0.2%,0.2%,2026-01-29 10:00:00
2026-01-29,10:30am,USD,Natural Gas Storage,Non-economic,-242B,-237B,-120B,2026-01-29 10:30:00
2026-01-29,4:00pm,USD,Treasury Currency Report,Medium,,,,2026-01-29 16:00:00
2026-01-29,4:30pm,USD,President Trump Speaks,Medium,,,,2026-01-29 16:30:00
2026-01-29,6:30pm,JPY,Tokyo Core CPI y/y,Medium,2.0%,2.2%,2.3%,2026-01-29 18:30:00
2026-01-29,6:30pm,JPY,Unemployment Rate,Non-economic,2.6%,2.6%,2.6%,2026-01-29 18:30:00
2026-01-29,6:50pm,JPY,Prelim Industrial Production m/m,Non-economic,-0.1%,-0.4%,-2.7%,2026-01-29 18:50:00
2026-01-29,6:50pm,JPY,Retail Sales y/y,Non-economic,-0.9%,0.7%,1.1%,2026-01-29 18:50:00
2026-01-29,7:30pm,AUD,PPI q/q,Non-economic,0.8%,1.1%,1.0%,2026-01-29 19:30:00
2026-01-29,7:30pm,AUD,Private Sector Credit m/m,Non-economic,0.8%,0.6%,0.6%,2026-01-29 19:30:00
2026-01-30,12:00am,JPY,Housing Starts y/y,Non-economic,-1.3%,-4.5%,-8.5%,2026-01-30 00:00:00
2026-01-30,1:30am,EUR,French Consumer Spending m/m,Non-economic,-0.6%,-0.4%,-0.3%,2026-01-30 01:30:00
2026-01-30,1:30am,EUR,French Flash GDP q/q,Non-economic,0.2%,0.2%,0.5%,2026-01-30 01:30:00
2026-01-30,2:00am,EUR,German Import Prices m/m,Non-economic,-0.1%,-0.4%,0.5%,2026-01-30 02:00:00
2026-01-30,All Day,EUR,German Prelim CPI m/m,Medium,0.1%,0.0%,0.0%,2026-01-30 00:00:00
2026-01-30,2:45am,EUR,French Prelim Private Payrolls q/q,Non-economic,-0.1%,0.1%,-0.1%,2026-01-30 02:45:00
2026-01-30,3:00am,CHF,KOF Economic Barometer,Non-economic,102.5,103.1,103.6,2026-01-30 03:00:00
2026-01-30,3:00am,EUR,Spanish Flash CPI y/y,Non-economic,2.4%,2.4%,2.9%,2026-01-30 03:00:00
2026-01-30,3:00am,EUR,Spanish Flash GDP q/q,Non-economic,0.8%,0.6%,0.6%,2026-01-30 03:00:00
2026-01-30,3:55am,EUR,German Unemployment Change,Non-economic,0K,4K,3K,2026-01-30 03:55:00
2026-01-30,4:00am,EUR,German Prelim GDP q/q,Medium,0.3%,0.2%,0.0%,2026-01-30 04:00:00
2026-01-30,4:00am,EUR,Italian Prelim GDP q/q,Non-economic,0.3%,0.2%,0.1%,2026-01-30 04:00:00
2026-01-30,4:30am,GBP,M4 Money Supply m/m,Non-economic,0.3%,0.3%,0.8%,2026-01-30 04:30:00
2026-01-30,4:30am,GBP,Mortgage Approvals,Non-economic,61K,65K,64K,2026-01-30 04:30:00
2026-01-30,4:30am,GBP,Net Lending to Individuals m/m,Non-economic,6.1B,6.1B,6.7B,2026-01-30 04:30:00
2026-01-30,5:00am,EUR,Italian Monthly Unemployment Rate,Non-economic,5.6%,5.8%,5.6%,2026-01-30 05:00:00
2026-01-30,5:00am,EUR,Prelim Flash GDP q/q,Non-economic,0.3%,0.2%,0.3%,2026-01-30 05:00:00
2026-01-30,5:00am,EUR,Unemployment Rate,Non-economic,6.2%,6.3%,6.3%,2026-01-30 05:00:00
2026-01-30,8:30am,CAD,GDP m/m,High,0.0%,0.1%,-0.3%,2026-01-30 08:30:00
2026-01-30,8:30am,USD,Core PPI m/m,High,0.7%,0.2%,0.0%,2026-01-30 08:30:00
2026-01-30,8:30am,USD,PPI m/m,High,0.5%,0.2%,0.2%,2026-01-30 08:30:00
2026-01-30,9:45am,USD,Chicago PMI,Non-economic,54.0,43.5,43.5,2026-01-30 09:45:00
2026-01-30,1:30pm,USD,FOMC Member Musalem Speaks,Non-economic,,,,2026-01-30 13:30:00
2026-01-30,5:00pm,USD,FOMC Member Bowman Speaks,Non-economic,,,,2026-01-30 17:00:00
2026-01-30,8:30pm,CNY,Manufacturing PMI,Medium,49.3,50.1,50.1,2026-01-30 20:30:00
2026-01-30,8:30pm,CNY,Non-Manufacturing PMI,Non-economic,49.4,50.3,50.2,2026-01-30 20:30:00
2026-02-01,All Day,All,OPEC-JMMC Meetings,Medium,,,,2026-02-01 00:00:00
2026-02-01,6:50pm,JPY,BOJ Summary of Opinions,Non-economic,,,,2026-02-01 18:50:00
2026-02-01,7:00pm,AUD,MI Inflation Gauge m/m,Non-economic,0.2%,,1.0%,2026-02-01 19:00:00
2026-02-01,7:30pm,AUD,ANZ Job Advertisements m/m,Non-economic,4.4%,,-0.8%,2026-02-01 19:30:00
2026-02-01,7:30pm,JPY,Final Manufacturing PMI,Non-economic,51.5,51.5,51.5,2026-02-01 19:30:00
2026-02-01,8:45pm,CNY,RatingDog Manufacturing PMI,Non-economic,50.3,50.1,50.1,2026-02-01 20:45:00
2026-02-02,12:30am,AUD,Commodity Prices y/y,Non-economic,2.6%,,-3.2%,2026-02-02 00:30:00
2026-02-02,2:00am,EUR,German Retail Sales m/m,Non-economic,0.1%,-0.1%,-0.5%,2026-02-02 02:00:00
2026-02-02,2:00am,GBP,Nationwide HPI m/m,Non-economic,0.3%,0.3%,-0.4%,2026-02-02 02:00:00
2026-02-02,2:30am,CHF,Retail Sales y/y,Non-economic,2.9%,2.5%,1.7%,2026-02-02 02:30:00
2026-02-02,3:15am,EUR,Spanish Manufacturing PMI,Non-economic,49.2,49.9,49.6,2026-02-02 03:15:00
2026-02-02,3:30am,CHF,Manufacturing PMI,Non-economic,48.8,47.2,45.8,2026-02-02 03:30:00
2026-02-02,3:45am,EUR,Italian Manufacturing PMI,Non-economic,48.1,48.5,47.9,2026-02-02 03:45:00
2026-02-02,3:50am,EUR,French Final Manufacturing PMI,Non-economic,51.2,51.0,51.0,2026-02-02 03:50:00
2026-02-02,3:55am,EUR,German Final Manufacturing PMI,Non-economic,49.1,48.7,48.7,2026-02-02 03:55:00
2026-02-02,4:00am,EUR,Final Manufacturing PMI,Non-economic,49.5,49.4,49.4,2026-02-02 04:00:00
2026-02-02,4:30am,GBP,Final Manufacturing PMI,Non-economic,51.8,51.6,51.6,2026-02-02 04:30:00
2026-02-02,6:45am,GBP,MPC Member Breeden Speaks,Non-economic,,,,2026-02-02 06:45:00
2026-02-02,9:30am,CAD,Manufacturing PMI,Non-economic,50.4,,48.6,2026-02-02 09:30:00
2026-02-02,9:45am,USD,Final Manufacturing PMI,Non-economic,52.4,51.9,51.9,2026-02-02 09:45:00
2026-02-02,10:00am,USD,ISM Manufacturing PMI,High,52.6,48.5,47.9,2026-02-02 10:00:00
2026-02-02,10:00am,USD,ISM Manufacturing Prices,Medium,59.0,59.3,58.5,2026-02-02 10:00:00
2026-02-02,12:30pm,USD,FOMC Member Bostic Speaks,Non-economic,,,,2026-02-02 12:30:00
2026-02-02,2:00pm,USD,Loan Officer Survey,Non-economic,,,,2026-02-02 14:00:00
2026-02-02,4:45pm,NZD,Building Consents m/m,Non-economic,-4.6%,,2.7%,2026-02-02 16:45:00
2026-02-02,6:50pm,JPY,Monetary Base y/y,Non-economic,-9.5%,-10.3%,-9.8%,2026-02-02 18:50:00
2026-02-02,7:30pm,AUD,Building Approvals m/m,Non-economic,-14.9%,-6.2%,13.1%,2026-02-02 19:30:00
2026-02-02,10:30pm,AUD,Cash Rate,High,3.85%,3.85%,3.60%,2026-02-02 22:30:00
2026-02-02,10:30pm,AUD,RBA Monetary Policy Statement,High,,,,2026-02-02 22:30:00
2026-02-02,10:30pm,AUD,RBA Rate Statement,High,,,,2026-02-02 22:30:00
2026-02-02,10:35pm,JPY,10-y Bond Auction,Non-economic,2.25|3.0,,2.10|3.3,2026-02-02 22:35:00
2026-02-02,11:30pm,AUD,RBA Press Conference,High,,,,2026-02-02 23:30:00
2026-02-03,2:45am,EUR,French Gov Budget Balance,Non-economic,-124.7B,,-155.4B,2026-02-03 02:45:00
2026-02-03,2:45am,EUR,French Prelim CPI m/m,Non-economic,-0.3%,-0.1%,0.1%,2026-02-03 02:45:00
2026-02-03,3:00am,EUR,Spanish Unemployment Change,Non-economic,30.4K,13.4K,-16.3K,2026-02-03 03:00:00
2026-02-03,5:02am,GBP,10-y Bond Auction,Non-economic,4.59|3.6,,4.46|3.3,2026-02-03 05:02:00
2026-02-03,8:00am,USD,FOMC Member Barkin Speaks,Non-economic,,,,2026-02-03 08:00:00
2026-02-03,9:40am,USD,FOMC Member Bowman Speaks,Non-economic,,,,2026-02-03 09:40:00
2026-02-03,10:01am,USD,RCM/TIPP Economic Optimism,Non-economic,48.8,47.9,47.2,2026-02-03 10:01:00
2026-02-03,All Day,USD,Wards Total Vehicle Sales,Non-economic,14.9M,15.3M,16.0M,2026-02-03 00:00:00
2026-02-03,4:30pm,USD,API Weekly Statistical Bulletin,Non-economic,,,,2026-02-03 16:30:00
2026-02-03,4:45pm,NZD,Employment Change q/q,High,0.5%,0.3%,0.0%,2026-02-03 16:45:00
2026-02-03,4:45pm,NZD,Unemployment Rate,High,5.4%,5.3%,5.3%,2026-02-03 16:45:00
2026-02-03,4:45pm,NZD,Labor Cost Index q/q,Non-economic,0.4%,0.5%,0.5%,2026-02-03 16:45:00
2026-02-03,5:56pm,NZD,GDT Price Index,Non-economic,6.7%,,1.5%,2026-02-03 17:56:00
2026-02-03,7:00pm,NZD,ANZ Commodity Prices m/m,Non-economic,2.0%,,-2.1%,2026-02-03 19:00:00
2026-02-03,8:45pm,CNY,RatingDog Services PMI,Non-economic,52.3,52.0,52.0,2026-02-03 20:45:00
2026-02-04,12:10am,AUD,RBA Assist Gov Jones Speaks,Non-economic,,,,2026-02-04 00:10:00
2026-02-04,3:15am,EUR,Spanish Services PMI,Non-economic,53.5,56.6,57.1,2026-02-04 03:15:00
2026-02-04,3:45am,EUR,Italian Services PMI,Non-economic,52.9,51.3,51.5,2026-02-04 03:45:00
2026-02-04,3:50am,EUR,French Final Services PMI,Non-economic,48.4,47.9,47.9,2026-02-04 03:50:00
2026-02-04,3:55am,EUR,German Final Services PMI,Non-economic,52.4,53.3,53.3,2026-02-04 03:55:00
2026-02-04,4:00am,EUR,Final Services PMI,Non-economic,51.6,51.9,51.9,2026-02-04 04:00:00
2026-02-04,4:30am,GBP,Final Services PMI,Non-economic,54.0,54.2,54.3,2026-02-04 04:30:00
2026-02-04,5:00am,EUR,Core CPI Flash Estimate y/y,Medium,2.2%,2.3%,2.3%,2026-02-04 05:00:00
2026-02-04,5:00am,EUR,CPI Flash Estimate y/y,Medium,1.7%,1.7%,1.9%,2026-02-04 05:00:00
2026-02-04,5:00am,EUR,PPI m/m,Non-economic,-0.3%,-0.3%,0.7%,2026-02-04 05:00:00
2026-02-04,5:00am,EUR,Italian Prelim CPI m/m,Non-economic,0.4%,0.4%,0.2%,2026-02-04 05:00:00
2026-02-04,8:15am,USD,ADP Non-Farm Employment Change,High,22K,46K,37K,2026-02-04 08:15:00
2026-02-04,9:45am,USD,Final Services PMI,Non-economic,52.7,52.5,52.5,2026-02-04 09:45:00
2026-02-04,10:00am,USD,ISM Services PMI,High,53.8,53.5,54.4,2026-02-04 10:00:00
2026-02-04,10:30am,USD,Crude Oil Inventories,Non-economic,-3.5M,-2.0M,-2.3M,2026-02-04 10:30:00
2026-02-04,6:30pm,USD,FOMC Member Cook Speaks,Non-economic,,,,2026-02-04 18:30:00
2026-02-04,7:30pm,AUD,Goods Trade Balance,Non-economic,3.37B,3.42B,2.60B,2026-02-04 19:30:00
2026-02-04,10:35pm,JPY,30-y Bond Auction,Non-economic,3.62|3.6,,3.45|3.1,2026-02-04 22:35:00
2026-02-05,2:00am,EUR,German Factory Orders m/m,Non-economic,7.8%,-1.8%,5.7%,2026-02-05 02:00:00
2026-02-05,2:45am,EUR,French Industrial Production m/m,Non-economic,-0.7%,0.2%,0.1%,2026-02-05 02:45:00
2026-02-05,4:00am,EUR,Italian Retail Sales m/m,Non-economic,-0.8%,-0.4%,0.5%,2026-02-05 04:00:00
2026-02-05,4:30am,GBP,Construction PMI,Non-economic,46.4,42.2,40.1,2026-02-05 04:30:00
2026-02-05,4:43am,EUR,Spanish 10-y Bond Auction,Non-economic,3.22|2.4,,3.20|1.9,2026-02-05 04:43:00
2026-02-05,5:00am,EUR,Retail Sales m/m,Non-economic,-0.5%,-0.2%,0.1%,2026-02-05 05:00:00
2026-02-05,5:01am,EUR,French 10-y Bond Auction,Non-economic,3.45|2.4,,3.53|2.0,2026-02-05 05:01:00
2026-02-05,7:00am,GBP,BOE Monetary Policy Report,High,,,,2026-02-05 07:00:00
2026-02-05,7:00am,GBP,Monetary Policy Summary,High,,,,2026-02-05 07:00:00
2026-02-05,7:00am,GBP,MPC Official Bank Rate Votes,High,0-4-5,0-2-7,0-5-4,2026-02-05 07:00:00
2026-02-05,7:00am,GBP,Official Bank Rate,High,3.75%,3.75%,3.75%,2026-02-05 07:00:00
2026-02-05,7:30am,GBP,BOE Gov Bailey Speaks,High,,,,2026-02-05 07:30:00
2026-02-05,7:30am,USD,Challenger Job Cuts y/y,Non-economic,117.8%,,-8.3%,2026-02-05 07:30:00
2026-02-05,8:15am,EUR,Main Refinancing Rate,High,2.15%,2.15%,2.15%,2026-02-05 08:15:00
2026-02-05,8:15am,EUR,Monetary Policy Statement,High,,,,2026-02-05 08:15:00
2026-02-05,8:30am,USD,Unemployment Claims,High,231K,212K,209K,2026-02-05 08:30:00
2026-02-05,8:45am,EUR,ECB Press Conference,High,,,,2026-02-05 08:45:00
2026-02-05,10:00am,USD,JOLTS Job Openings,High,6.54M,7.25M,6.93M,2026-02-05 10:00:00
2026-02-05,10:30am,USD,Natural Gas Storage,Non-economic,-360B,-379B,-242B,2026-02-05 10:30:00
2026-02-05,10:50am,USD,FOMC Member Bostic Speaks,Non-economic,,,,2026-02-05 10:50:00
2026-02-05,12:25pm,CAD,BOC Gov Macklem Speaks,High,,,,2026-02-05 12:25:00
2026-02-05,All Day,NZD,Bank Holiday,Low,,,,2026-02-05 00:00:00
2026-02-05,5:30pm,AUD,RBA Gov Bullock Speaks,High,,,,2026-02-05 17:30:00
2026-02-05,6:30pm,JPY,Household Spending y/y,Non-economic,-2.6%,-0.5%,2.9%,2026-02-05 18:30:00
2026-02-05,7:00pm,USD,President Trump Speaks,Medium,,,,2026-02-05 19:00:00
2026-02-06,12:00am,JPY,Leading Indicators,Non-economic,110.2%,109.8%,109.9%,2026-02-06 00:00:00
2026-02-06,2:00am,EUR,German Industrial Production m/m,Non-economic,-1.9%,-0.2%,0.2%,2026-02-06 02:00:00
2026-02-06,2:00am,EUR,German Trade Balance,Non-economic,17.1B,14.1B,13.6B,2026-02-06 02:00:00
2026-02-06,2:00am,GBP,Halifax HPI m/m,Non-economic,0.7%,0.1%,-0.5%,2026-02-06 02:00:00
2026-02-06,2:45am,EUR,French Trade Balance,Non-economic,-4.8B,-3.8B,-4.0B,2026-02-06 02:45:00
2026-02-06,3:00am,CHF,Foreign Currency Reserves,Non-economic,712B,,725B,2026-02-06 03:00:00
2026-02-06,3:00am,CHF,Unemployment Rate,Non-economic,2.9%,3.0%,3.0%,2026-02-06 03:00:00
2026-02-06,7:00am,GBP,MPC Member Pill Speaks,Non-economic,,,,2026-02-06 07:00:00
2026-02-06,8:30am,CAD,Employment Change,High,-24.8K,5.2K,8.2K,2026-02-06 08:30:00
2026-02-06,8:30am,CAD,Unemployment Rate,High,6.5%,6.8%,6.8%,2026-02-06 08:30:00
2026-02-06,10:00am,CAD,Ivey PMI,Medium,50.9,49.7,51.9,2026-02-06 10:00:00
2026-02-06,10:00am,USD,Prelim UoM Consumer Sentiment,High,57.3,55.0,56.4,2026-02-06 10:00:00
2026-02-06,10:00am,USD,Prelim UoM Inflation Expectations,High,3.5%,,4.0%,2026-02-06 10:00:00
2026-02-06,12:00pm,USD,FOMC Member Jefferson Speaks,Non-economic,,,,2026-02-06 12:00:00
2026-02-06,3:00pm,USD,Consumer Credit m/m,Non-economic,24.0B,9.0B,4.7B,2026-02-06 15:00:00
2026-02-08,All Day,JPY,Lower House Elections,High,,,,2026-02-08 00:00:00
2026-02-08,1:40am,GBP,BOE Gov Bailey Speaks,Medium,,,,2026-02-08 01:40:00
2026-02-08,6:30pm,JPY,Average Cash Earnings y/y,Non-economic,2.4%,3.0%,1.7%,2026-02-08 18:30:00
2026-02-08,6:50pm,JPY,Bank Lending y/y,Non-economic,4.5%,4.5%,4.3%,2026-02-08 18:50:00
2026-02-08,6:50pm,JPY,Current Account,Non-economic,2.70T,2.95T,3.14T,2026-02-08 18:50:00
2026-02-08,7:30pm,AUD,Household Spending m/m,Non-economic,-0.4%,0.2%,1.0%,2026-02-08 19:30:00
2026-02-09,12:00am,JPY,Economy Watchers Sentiment,Non-economic,47.6,49.1,48.6,2026-02-09 00:00:00
2026-02-09,3:00am,CHF,SECO Consumer Climate,Non-economic,-30,-30,-31,2026-02-09 03:00:00
2026-02-09,4:30am,EUR,Sentix Investor Confidence,Non-economic,4.2,-0.2,-1.8,2026-02-09 04:30:00
2026-02-09,11:00am,EUR,German Buba President Nagel Speaks,Non-economic,,,,2026-02-09 11:00:00
2026-02-09,12:00pm,EUR,ECB President Lagarde Speaks,Medium,,,,2026-02-09 12:00:00
2026-02-09,1:30pm,USD,FOMC Member Waller Speaks,Non-economic,,,,2026-02-09 13:30:00
2026-02-09,2:30pm,GBP,MPC Member Mann Speaks,Non-economic,,,,2026-02-09 14:30:00
2026-02-09,2:30pm,USD,FOMC Member Miran Speaks,Non-economic,,,,2026-02-09 14:30:00
2026-02-09,3:15pm,USD,FOMC Member Bostic Speaks,Non-economic,,,,2026-02-09 15:15:00
2026-02-09,5:00pm,USD,FOMC Member Miran Speaks,Non-economic,,,,2026-02-09 17:00:00
2026-02-09,5:15pm,GBP,MPC Member Mann Speaks,Non-economic,,,,2026-02-09 17:15:00
2026-02-09,6:30pm,AUD,Westpac Consumer Sentiment,Non-economic,-2.6%,,-1.7%,2026-02-09 18:30:00
2026-02-09,6:50pm,JPY,M2 Money Stock y/y,Non-economic,1.6%,1.7%,1.7%,2026-02-09 18:50:00
2026-02-09,7:01pm,GBP,BRC Retail Sales Monitor y/y,Non-economic,2.3%,1.3%,1.0%,2026-02-09 19:01:00
2026-02-09,7:30pm,AUD,NAB Business Confidence,Non-economic,3,,2,2026-02-09 19:30:00
2026-02-10,1:00am,JPY,Prelim Machine Tool Orders y/y,Non-economic,25.3%,,10.9%,2026-02-10 01:00:00
2026-02-10,6:00am,USD,NFIB Small Business Index,Non-economic,99.3,99.8,99.5,2026-02-10 06:00:00
2026-02-10,8:15am,USD,ADP Weekly Employment Change,Non-economic,6.5K,,5.0K,2026-02-10 08:15:00
2026-02-10,8:30am,USD,Core Retail Sales m/m,High,0.0%,0.3%,0.4%,2026-02-10 08:30:00
2026-02-10,8:30am,USD,Retail Sales m/m,High,0.0%,0.4%,0.6%,2026-02-10 08:30:00
2026-02-10,8:30am,USD,Employment Cost Index q/q,Medium,0.7%,0.8%,0.8%,2026-02-10 08:30:00
2026-02-10,8:30am,USD,Import Prices m/m,Non-economic,0.1%,0.1%,0.4%,2026-02-10 08:30:00
2026-02-10,10:00am,USD,Business Inventories m/m,Non-economic,0.1%,0.2%,0.2%,2026-02-10 10:00:00
2026-02-10,12:00pm,USD,FOMC Member Hammack Speaks,Non-economic,,,,2026-02-10 12:00:00
2026-02-10,1:00pm,USD,FOMC Member Logan Speaks,Non-economic,,,,2026-02-10 13:00:00
2026-02-10,4:30pm,USD,API Weekly Statistical Bulletin,Non-economic,,,,2026-02-10 16:30:00
2026-02-10,All Day,JPY,Bank Holiday,Low,,,,2026-02-10 00:00:00
2026-02-10,8:30pm,AUD,RBA Deputy Gov Hauser Speaks,Non-economic,,,,2026-02-10 20:30:00
2026-02-10,8:30pm,CNY,CPI y/y,Medium,0.2%,0.4%,0.8%,2026-02-10 20:30:00
2026-02-10,8:30pm,CNY,PPI y/y,Medium,-1.4%,-1.5%,-1.9%,2026-02-10 20:30:00
2026-02-11,4:00am,EUR,Italian Industrial Production m/m,Non-economic,-0.4%,-0.6%,1.5%,2026-02-11 04:00:00
2026-02-11,5:33am,EUR,German 30-y Bond Auction,Non-economic,3.47|1.6,,3.49|2.4,2026-02-11 05:33:00
2026-02-11,8:30am,CAD,Building Permits m/m,Non-economic,6.8%,4.9%,-13.2%,2026-02-11 08:30:00
2026-02-11,8:30am,USD,Average Hourly Earnings m/m,High,0.4%,0.3%,0.1%,2026-02-11 08:30:00
2026-02-11,8:30am,USD,Non-Farm Employment Change,High,130K,66K,48K,2026-02-11 08:30:00
2026-02-11,8:30am,USD,Unemployment Rate,High,4.3%,4.4%,4.4%,2026-02-11 08:30:00
2026-02-11,10:00am,USD,FOMC Member Schmid Speaks,Non-economic,,,,2026-02-11 10:00:00
2026-02-11,10:15am,USD,FOMC Member Bowman Speaks,Non-economic,,,,2026-02-11 10:15:00
2026-02-11,10:30am,USD,Crude Oil Inventories,Non-economic,8.5M,-0.2M,-3.5M,2026-02-11 10:30:00
2026-02-11,1:01pm,USD,10-y Bond Auction,Non-economic,4.18|2.4,,4.17|2.6,2026-02-11 13:01:00
2026-02-11,1:30pm,CAD,BOC Summary of Deliberations,Non-economic,,,,2026-02-11 13:30:00
2026-02-11,2:00pm,USD,Federal Budget Balance,Non-economic,-94.6B,-94.6B,-144.7B,2026-02-11 14:00:00
2026-02-11,4:00pm,USD,FOMC Member Hammack Speaks,Non-economic,,,,2026-02-11 16:00:00
2026-02-11,6:50pm,JPY,PPI y/y,Non-economic,2.3%,2.3%,2.4%,2026-02-11 18:50:00
2026-02-11,7:00pm,AUD,MI Inflation Expectations,Non-economic,5.0%,,4.6%,2026-02-11 19:00:00
2026-02-11,7:01pm,GBP,RICS House Price Balance,Non-economic,-10%,-11%,-13%,2026-02-11 19:01:00
2026-02-11,11:45pm,AUD,RBA Assist Gov Hunter Speaks,Non-economic,,,,2026-02-11 23:45:00
2026-02-12,2:00am,GBP,GDP m/m,High,0.1%,0.1%,0.2%,2026-02-12 02:00:00
2026-02-12,2:00am,GBP,Prelim GDP q/q,Medium,0.1%,0.2%,0.1%,2026-02-12 02:00:00
2026-02-12,2:00am,GBP,Construction Output m/m,Non-economic,-0.5%,0.5%,-0.8%,2026-02-12 02:00:00
2026-02-12,2:00am,GBP,Goods Trade Balance,Non-economic,-22.7B,-22.3B,-23.6B,2026-02-12 02:00:00
2026-02-12,2:00am,GBP,Index of Services 3m/3m,Non-economic,0.0%,0.2%,0.0%,2026-02-12 02:00:00
2026-02-12,2:00am,GBP,Industrial Production m/m,Non-economic,-0.9%,-0.1%,1.3%,2026-02-12 02:00:00
2026-02-12,2:00am,GBP,Manufacturing Production m/m,Non-economic,-0.5%,-0.2%,1.9%,2026-02-12 02:00:00
2026-02-12,2:00am,GBP,Prelim Business Investment q/q,Non-economic,-2.7%,-0.5%,1.5%,2026-02-12 02:00:00
2026-02-12,8:30am,USD,Unemployment Claims,High,227K,222K,232K,2026-02-12 08:30:00
2026-02-12,8:45am,CAD,Gov Council Member Rogers Speaks,Non-economic,,,,2026-02-12 08:45:00
2026-02-12,9:30am,GBP,CB Leading Index m/m,Non-economic,0.0%,,-0.1%,2026-02-12 09:30:00
2026-02-12,10:00am,USD,Existing Home Sales,Non-economic,3.91M,4.16M,4.27M,2026-02-12 10:00:00
2026-02-12,10:30am,AUD,CB Leading Index m/m,Non-economic,0.3%,,0.3%,2026-02-12 10:30:00
2026-02-12,10:30am,USD,Natural Gas Storage,Non-economic,-249B,-256B,-360B,2026-02-12 10:30:00
2026-02-12,12:40pm,USD,Mortgage Delinquencies,Non-economic,4.26%,,3.99%,2026-02-12 12:40:00
2026-02-12,1:01pm,USD,30-y Bond Auction,Non-economic,4.75|2.7,,4.83|2.4,2026-02-12 13:01:00
2026-02-12,3:30pm,EUR,German Buba President Nagel Speaks,Non-economic,,,,2026-02-12 15:30:00
2026-02-12,4:30pm,NZD,BusinessNZ Manufacturing Index,Non-economic,55.2,,56.1,2026-02-12 16:30:00
2026-02-12,4:45pm,NZD,Visitor Arrivals m/m,Non-economic,1.7%,,0.8%,2026-02-12 16:45:00
2026-02-12,7:00pm,USD,FOMC Member Logan Speaks,Non-economic,,,,2026-02-12 19:00:00
2026-02-12,7:05pm,USD,FOMC Member Miran Speaks,Non-economic,,,,2026-02-12 19:05:00
2026-02-12,8:30pm,CNY,New Home Prices m/m,Non-economic,-0.37%,,-0.37%,2026-02-12 20:30:00
2026-02-12,9:00pm,NZD,Inflation Expectations q/q,Non-economic,2.37%,,2.28%,2026-02-12 21:00:00
2026-02-13,2:00am,EUR,German WPI m/m,Non-economic,0.9%,0.1%,-0.2%,2026-02-13 02:00:00
2026-02-13,2:30am,CHF,CPI m/m,High,-0.1%,0.0%,0.0%,2026-02-13 02:30:00
2026-02-13,4:03am,CNY,M2 Money Supply y/y,Non-economic,9.0%,8.3%,8.5%,2026-02-13 04:03:00
2026-02-13,4:03am,CNY,New Loans,Non-economic,4710B,5000B,910B,2026-02-13 04:03:00
2026-02-13,5:00am,EUR,Flash Employment Change q/q,Non-economic,0.2%,0.1%,0.2%,2026-02-13 05:00:00
2026-02-13,5:00am,EUR,Flash GDP q/q,Non-economic,0.3%,0.3%,0.3%,2026-02-13 05:00:00
2026-02-13,5:00am,EUR,Trade Balance,Non-economic,11.6B,11.8B,10.2B,2026-02-13 05:00:00
2026-02-13,7:00am,GBP,MPC Member Pill Speaks,Non-economic,,,,2026-02-13 07:00:00
2026-02-13,8:30am,USD,Core CPI m/m,High,0.3%,0.3%,0.2%,2026-02-13 08:30:00
2026-02-13,8:30am,USD,CPI m/m,High,0.2%,0.3%,0.3%,2026-02-13 08:30:00
2026-02-13,8:30am,USD,CPI y/y,High,2.4%,2.5%,2.7%,2026-02-13 08:30:00
2026-02-14,11:30am,EUR,ECB President Lagarde Speaks,Medium,,,,2026-02-14 11:30:00
2026-02-15,4:30am,EUR,ECB President Lagarde Speaks,Medium,,,,2026-02-15 04:30:00
2026-02-15,4:30pm,NZD,BusinessNZ Services Index,Non-economic,50.9,,51.7,2026-02-15 16:30:00
2026-02-15,6:50pm,JPY,Prelim GDP Price Index y/y,Non-economic,3.4%,3.2%,3.4%,2026-02-15 18:50:00
2026-02-15,6:50pm,JPY,Prelim GDP q/q,Non-economic,0.1%,0.4%,-0.6%,2026-02-15 18:50:00
2026-02-15,7:01pm,GBP,Rightmove HPI m/m,Non-economic,0.0%,,2.8%,2026-02-15 19:01:00
2026-02-15,All Day,CNY,Bank Holiday,Low,,,,2026-02-15 00:00:00
2026-02-15,11:30pm,JPY,Revised Industrial Production m/m,Non-economic,-0.1%,-0.1%,-0.1%,2026-02-15 23:30:00
2026-02-16,5:00am,EUR,Industrial Production m/m,Non-economic,-1.4%,-1.5%,0.3%,2026-02-16 05:00:00
2026-02-16,All Day,EUR,Eurogroup Meetings,Non-economic,,,,2026-02-16 00:00:00
2026-02-16,All Day,CAD,Bank Holiday,Low,,,,2026-02-16 00:00:00
2026-02-16,All Day,USD,Bank Holiday,Low,,,,2026-02-16 00:00:00
2026-02-16,8:15am,CAD,Housing Starts,Non-economic,238K,266K,281K,2026-02-16 08:15:00
2026-02-16,8:25am,USD,FOMC Member Bowman Speaks,Non-economic,,,,2026-02-16 08:25:00
2026-02-16,8:30am,CAD,Manufacturing Sales m/m,Non-economic,0.6%,0.5%,-1.3%,2026-02-16 08:30:00
2026-02-16,12:40pm,EUR,German Buba President Nagel Speaks,Non-economic,,,,2026-02-16 12:40:00
2026-02-16,4:45pm,NZD,FPI m/m,Non-economic,2.1%,,-0.3%,2026-02-16 16:45:00
2026-02-16,All Day,CNY,Bank Holiday,Low,,,,2026-02-16 00:00:00
2026-02-16,7:30pm,AUD,Monetary Policy Meeting Minutes,Non-economic,,,,2026-02-16 19:30:00
2026-02-16,11:30pm,JPY,Tertiary Industry Activity m/m,Non-economic,-0.5%,-0.3%,-0.4%,2026-02-16 23:30:00
2026-02-17,2:00am,EUR,German Final CPI m/m,Non-economic,0.1%,0.1%,0.1%,2026-02-17 02:00:00
2026-02-17,2:00am,GBP,Claimant Count Change,High,28.6K,22.8K,2.7K,2026-02-17 02:00:00
2026-02-17,2:00am,GBP,Average Earnings Index 3m/y,Medium,4.2%,4.6%,4.6%,2026-02-17 02:00:00
2026-02-17,2:00am,GBP,Unemployment Rate,Non-economic,5.2%,5.2%,5.1%,2026-02-17 02:00:00
2026-02-17,4:00am,EUR,Italian Trade Balance,Non-economic,6.04B,4.75B,5.06B,2026-02-17 04:00:00
2026-02-17,5:00am,EUR,ZEW Economic Sentiment,Non-economic,39.4,45.7,40.8,2026-02-17 05:00:00
2026-02-17,5:00am,EUR,German ZEW Economic Sentiment,Non-economic,58.3,65.8,59.6,2026-02-17 05:00:00
2026-02-17,All Day,EUR,ECOFIN Meetings,Non-economic,,,,2026-02-17 00:00:00
2026-02-17,8:15am,USD,ADP Weekly Employment Change,Non-economic,10.3K,,7.8K,2026-02-17 08:15:00
2026-02-17,8:30am,CAD,CPI m/m,High,0.0%,0.1%,-0.2%,2026-02-17 08:30:00
2026-02-17,8:30am,CAD,Median CPI y/y,High,2.5%,2.5%,2.6%,2026-02-17 08:30:00
2026-02-17,8:30am,CAD,Trimmed CPI y/y,High,2.4%,2.6%,2.7%,2026-02-17 08:30:00
2026-02-17,8:30am,CAD,Common CPI y/y,Medium,2.7%,2.7%,2.8%,2026-02-17 08:30:00
2026-02-17,8:30am,CAD,Foreign Securities Purchases,Non-economic,-5.57B,14.27B,15.96B,2026-02-17 08:30:00
2026-02-17,8:30am,CAD,Wholesale Sales m/m,Non-economic,2.0%,2.0%,-1.8%,2026-02-17 08:30:00
2026-02-17,8:30am,USD,Empire State Manufacturing Index,Medium,7.1,6.4,7.7,2026-02-17 08:30:00
2026-02-17,8:32am,CAD,Core CPI m/m,Non-economic,0.2%,,-0.4%,2026-02-17 08:32:00
2026-02-17,9:45am,USD,Cleveland Fed Inflation Expectations,Non-economic,3.1%,,3.3%,2026-02-17 09:45:00
2026-02-17,10:00am,USD,NAHB Housing Market Index,Non-economic,36,38,37,2026-02-17 10:00:00
2026-02-17,11:16am,NZD,GDT Price Index,Non-economic,3.6%,,6.7%,2026-02-17 11:16:00
2026-02-17,12:45pm,USD,FOMC Member Barr Speaks,Non-economic,,,,2026-02-17 12:45:00
2026-02-17,2:30pm,USD,FOMC Member Daly Speaks,Non-economic,,,,2026-02-17 14:30:00
2026-02-17,4:45pm,NZD,PPI Input q/q,Non-economic,-0.5%,0.4%,0.2%,2026-02-17 16:45:00
2026-02-17,4:45pm,NZD,PPI Output q/q,Non-economic,0.1%,0.6%,0.6%,2026-02-17 16:45:00
2026-02-17,6:30pm,AUD,MI Leading Index m/m,Non-economic,-0.1%,,0.1%,2026-02-17 18:30:00
2026-02-17,6:50pm,JPY,Trade Balance,Non-economic,0.46T,-0.18T,-0.06T,2026-02-17 18:50:00
2026-02-17,All Day,CNY,Bank Holiday,Low,,,,2026-02-17 00:00:00
2026-02-17,7:30pm,AUD,Wage Price Index q/q,Medium,0.8%,0.8%,0.8%,2026-02-17 19:30:00
2026-02-17,8:00pm,NZD,Official Cash Rate,High,2.25%,2.25%,2.25%,2026-02-17 20:00:00
2026-02-17,8:00pm,NZD,RBNZ Monetary Policy Statement,High,,,,2026-02-17 20:00:00
2026-02-17,8:00pm,NZD,RBNZ Rate Statement,High,,,,2026-02-17 20:00:00
2026-02-17,9:00pm,NZD,RBNZ Press Conference,High,,,,2026-02-17 21:00:00
2026-02-18,2:00am,GBP,CPI y/y,High,3.0%,3.0%,3.4%,2026-02-18 02:00:00
2026-02-18,2:00am,GBP,Core CPI y/y,Non-economic,3.1%,3.0%,3.2%,2026-02-18 02:00:00
2026-02-18,2:00am,GBP,PPI Input m/m,Non-economic,0.4%,0.4%,-0.5%,2026-02-18 02:00:00
2026-02-18,2:00am,GBP,PPI Output m/m,Non-economic,0.0%,0.2%,-0.1%,2026-02-18 02:00:00
2026-02-18,2:00am,GBP,RPI y/y,Non-economic,3.8%,3.8%,4.2%,2026-02-18 02:00:00
2026-02-18,2:45am,EUR,French Final CPI m/m,Non-economic,-0.3%,-0.3%,-0.3%,2026-02-18 02:45:00
2026-02-18,4:30am,GBP,HPI y/y,Non-economic,2.4%,1.8%,2.8%,2026-02-18 04:30:00
2026-02-18,5:32am,EUR,German 10-y Bond Auction,Non-economic,2.73|1.5,,2.85|1.7,2026-02-18 05:32:00
2026-02-18,Nov Data,USD,Housing Starts,Non-economic,1.32M,,1.27M,2026-02-18 00:00:00
2026-02-18,Nov Data,USD,Building Permits,Non-economic,1.39M,,1.41M,2026-02-18 00:00:00
2026-02-18,8:30am,USD,Core Durable Goods Orders m/m,Medium,0.9%,0.3%,0.4%,2026-02-18 08:30:00
2026-02-18,8:30am,USD,Durable Goods Orders m/m,Medium,-1.4%,-1.8%,5.4%,2026-02-18 08:30:00
2026-02-18,8:30am,USD,Building Permits,Non-economic,1.45M,1.40M,1.39M,2026-02-18 08:30:00
2026-02-18,8:30am,USD,Housing Starts,Non-economic,1.40M,1.31M,1.32M,2026-02-18 08:30:00
2026-02-18,9:15am,USD,Capacity Utilization Rate,Non-economic,76.2%,76.6%,75.7%,2026-02-18 09:15:00
2026-02-18,9:15am,USD,Industrial Production m/m,Non-economic,0.7%,0.4%,0.2%,2026-02-18 09:15:00
2026-02-18,1:00pm,USD,FOMC Member Bowman Speaks,Non-economic,,,,2026-02-18 13:00:00
2026-02-18,2:00pm,USD,FOMC Meeting Minutes,High,,,,2026-02-18 14:00:00
2026-02-18,2:10pm,NZD,RBNZ Gov Breman Speaks,High,,,,2026-02-18 14:10:00
2026-02-18,4:00pm,USD,TIC Long-Term Purchases,Non-economic,28.0B,128.6B,206.6B,2026-02-18 16:00:00
2026-02-18,4:30pm,USD,API Weekly Statistical Bulletin,Non-economic,,,,2026-02-18 16:30:00
2026-02-18,6:50pm,JPY,Core Machinery Orders m/m,Non-economic,19.1%,5.1%,-11.0%,2026-02-18 18:50:00
2026-02-18,All Day,CNY,Bank Holiday,Low,,,,2026-02-18 00:00:00
2026-02-18,7:30pm,AUD,Employment Change,High,17.8K,20.0K,68.5K,2026-02-18 19:30:00
2026-02-18,7:30pm,AUD,Unemployment Rate,High,4.1%,4.2%,4.1%,2026-02-18 19:30:00
2026-02-19,4:00am,EUR,Current Account,Non-economic,14.6B,9.8B,8.9B,2026-02-19 04:00:00
2026-02-19,4:00am,EUR,ECB Economic Bulletin,Non-economic,,,,2026-02-19 04:00:00
2026-02-19,4:43am,EUR,Spanish 10-y Bond Auction,Non-economic,3.17|2.5,,3.22|2.4,2026-02-19 04:43:00
2026-02-19,6:00am,EUR,German Buba Monthly Report,Non-economic,,,,2026-02-19 06:00:00
2026-02-19,6:00am,GBP,CBI Industrial Order Expectations,Non-economic,-28,-28,-30,2026-02-19 06:00:00
2026-02-19,8:20am,USD,FOMC Member Bostic Speaks,Non-economic,,,,2026-02-19 08:20:00
2026-02-19,8:30am,CAD,NHPI m/m,Non-economic,-0.4%,0.1%,-0.2%,2026-02-19 08:30:00
2026-02-19,8:30am,CAD,Trade Balance,Non-economic,-1.3B,-2.1B,-2.6B,2026-02-19 08:30:00
2026-02-19,8:30am,USD,Unemployment Claims,High,206K,223K,229K,2026-02-19 08:30:00
2026-02-19,8:30am,USD,Philly Fed Manufacturing Index,Medium,16.3,7.5,12.6,2026-02-19 08:30:00
2026-02-19,8:30am,USD,FOMC Member Bowman Speaks,Non-economic,,,,2026-02-19 08:30:00
2026-02-19,8:30am,USD,Goods Trade Balance,Non-economic,-98.5B,-86.0B,-82.8B,2026-02-19 08:30:00
2026-02-19,8:30am,USD,Prelim Wholesale Inventories m/m,Non-economic,0.2%,0.2%,0.2%,2026-02-19 08:30:00
2026-02-19,8:30am,USD,Trade Balance,Non-economic,-70.3B,-55.5B,-53.0B,2026-02-19 08:30:00
2026-02-19,9:00am,USD,FOMC Member Kashkari Speaks,Non-economic,,,,2026-02-19 09:00:00
2026-02-19,10:00am,USD,Pending Home Sales m/m,Medium,-0.8%,1.4%,-7.4%,2026-02-19 10:00:00
2026-02-19,10:00am,USD,CB Leading Index m/m,Non-economic,-0.2%,-0.2%,-0.3%,2026-02-19 10:00:00
2026-02-19,10:10am,EUR,Consumer Confidence,Non-economic,-12,-12,-12,2026-02-19 10:10:00
2026-02-19,10:30am,USD,FOMC Member Goolsbee Speaks,Non-economic,,,,2026-02-19 10:30:00
2026-02-19,10:30am,USD,Natural Gas Storage,Non-economic,-144B,-148B,-249B,2026-02-19 10:30:00
2026-02-19,12:00pm,USD,Crude Oil Inventories,Non-economic,-9.0M,1.7M,8.5M,2026-02-19 12:00:00
2026-02-19,4:00pm,USD,President Trump Speaks,Medium,,,,2026-02-19 16:00:00
2026-02-19,4:45pm,NZD,Trade Balance,Non-economic,-519M,-745M,-88M,2026-02-19 16:45:00
2026-02-19,5:00pm,AUD,Flash Manufacturing PMI,Non-economic,51.5,,52.3,2026-02-19 17:00:00
2026-02-19,5:00pm,AUD,Flash Services PMI,Non-economic,52.2,,56.3,2026-02-19 17:00:00
2026-02-19,6:00pm,NZD,RBNZ Gov Breman Speaks,High,,,,2026-02-19 18:00:00
2026-02-19,6:30pm,JPY,National Core CPI y/y,Non-economic,2.0%,2.0%,2.4%,2026-02-19 18:30:00
2026-02-19,7:00pm,EUR,ECB President Lagarde Speaks,Non-economic,,,,2026-02-19 19:00:00
2026-02-19,All Day,CNY,Bank Holiday,Low,,,,2026-02-19 00:00:00
2026-02-19,7:30pm,JPY,Flash Manufacturing PMI,Non-economic,52.8,51.3,51.5,2026-02-19 19:30:00
2026-02-20,2:00am,EUR,German PPI m/m,Non-economic,-0.6%,0.3%,-0.2%,2026-02-20 02:00:00
2026-02-20,2:00am,GBP,Retail Sales m/m,High,1.8%,0.2%,0.4%,2026-02-20 02:00:00
2026-02-20,2:00am,GBP,Public Sector Net Borrowing,Non-economic,-30.4B,-24.0B,13.4B,2026-02-20 02:00:00
2026-02-20,3:15am,EUR,French Flash Manufacturing PMI,Medium,49.9,50.9,51.2,2026-02-20 03:15:00
2026-02-20,3:15am,EUR,French Flash Services PMI,Medium,49.6,49.1,48.4,2026-02-20 03:15:00
2026-02-20,3:30am,EUR,German Flash Manufacturing PMI,High,50.7,49.6,49.1,2026-02-20 03:30:00
2026-02-20,3:30am,EUR,German Flash Services PMI,High,53.4,52.4,52.4,2026-02-20 03:30:00
2026-02-20,4:00am,EUR,Flash Manufacturing PMI,Non-economic,50.8,49.9,49.5,2026-02-20 04:00:00
2026-02-20,4:00am,EUR,Flash Services PMI,Non-economic,51.8,51.9,51.6,2026-02-20 04:00:00
2026-02-20,4:30am,GBP,Flash Manufacturing PMI,High,52.0,51.5,51.8,2026-02-20 04:30:00
2026-02-20,4:30am,GBP,Flash Services PMI,High,53.9,53.5,54.0,2026-02-20 04:30:00
2026-02-20,8:30am,CAD,Core Retail Sales m/m,Medium,0.1%,-0.1%,1.6%,2026-02-20 08:30:00
2026-02-20,8:30am,CAD,Retail Sales m/m,Medium,-0.4%,-0.5%,1.2%,2026-02-20 08:30:00
2026-02-20,8:30am,CAD,IPPI m/m,Non-economic,2.7%,0.2%,-0.9%,2026-02-20 08:30:00
2026-02-20,8:30am,CAD,RMPI m/m,Non-economic,7.7%,0.7%,0.3%,2026-02-20 08:30:00
2026-02-20,8:30am,USD,Advance GDP q/q,High,1.4%,2.8%,4.4%,2026-02-20 08:30:00
2026-02-20,8:30am,USD,Core PCE Price Index m/m,High,0.4%,0.3%,0.2%,2026-02-20 08:30:00
2026-02-20,8:30am,USD,Advance GDP Price Index q/q,Medium,3.6%,2.8%,3.8%,2026-02-20 08:30:00
2026-02-20,8:30am,USD,Personal Income m/m,Non-economic,0.3%,0.3%,0.4%,2026-02-20 08:30:00
2026-02-20,8:30am,USD,Personal Spending m/m,Non-economic,0.4%,0.4%,0.4%,2026-02-20 08:30:00
2026-02-20,9:45am,USD,Flash Manufacturing PMI,High,51.2,52.4,52.4,2026-02-20 09:45:00
2026-02-20,9:45am,USD,Flash Services PMI,High,52.3,53.0,52.7,2026-02-20 09:45:00
2026-02-20,9:45am,USD,FOMC Member Bostic Speaks,Non-economic,,,,2026-02-20 09:45:00
2026-02-20,Nov Data,USD,New Home Sales,Medium,758K,,737K,2026-02-20 00:00:00
2026-02-20,10:00am,USD,New Home Sales,Medium,745K,732K,758K,2026-02-20 10:00:00
2026-02-20,10:00am,USD,Revised UoM Consumer Sentiment,Non-economic,56.6,56.9,57.3,2026-02-20 10:00:00
2026-02-20,10:00am,USD,Revised UoM Inflation Expectations,Non-economic,3.4%,,3.5%,2026-02-20 10:00:00
2026-02-20,12:45pm,USD,President Trump Speaks,High,,,,2026-02-20 12:45:00
2026-02-20,12:45pm,USD,FOMC Member Logan Speaks,Non-economic,,,,2026-02-20 12:45:00
2026-02-20,3:30pm,USD,FOMC Member Musalem Speaks,Non-economic,,,,2026-02-20 15:30:00
2026-02-22,4:45pm,NZD,Retail Sales q/q,Medium,0.9%,0.6%,1.9%,2026-02-22 16:45:00
2026-02-22,4:45pm,NZD,Core Retail Sales q/q,Non-economic,1.5%,0.4%,1.2%,2026-02-22 16:45:00
2026-02-22,All Day,JPY,Bank Holiday,Low,,,,2026-02-22 00:00:00
2026-02-22,All Day,CNY,Bank Holiday,Low,,,,2026-02-22 00:00:00
2026-02-22,9:00pm,NZD,Credit Card Spending y/y,Non-economic,1.0%,,-0.2%,2026-02-22 21:00:00
2026-02-23,2:30am,CHF,PPI m/m,Non-economic,-0.2%,0.1%,-0.2%,2026-02-23 02:30:00
2026-02-23,4:00am,EUR,German ifo Business Climate,Non-economic,88.6,88.4,87.6,2026-02-23 04:00:00
2026-02-23,6:00am,GBP,MPC Member Taylor Speaks,Non-economic,,,,2026-02-23 06:00:00
2026-02-23,8:00am,USD,FOMC Member Waller Speaks,Medium,,,,2026-02-23 08:00:00
2026-02-23,8:26am,EUR,Belgian NBB Business Climate,Non-economic,-13.7,-7.5,-8.8,2026-02-23 08:26:00
2026-02-23,10:00am,USD,Factory Orders m/m,Non-economic,-0.7%,-0.4%,2.7%,2026-02-23 10:00:00
2026-02-23,12:30pm,EUR,ECB President Lagarde Speaks,Medium,,,,2026-02-23 12:30:00
2026-02-23,8:00pm,CNY,1-y Loan Prime Rate,Non-economic,3.00%,3.00%,3.00%,2026-02-23 20:00:00
2026-02-23,8:00pm,CNY,5-y Loan Prime Rate,Non-economic,3.50%,3.50%,3.50%,2026-02-23 20:00:00
2026-02-24,6:00am,GBP,CBI Realized Sales,Non-economic,-43,-27,-17,2026-02-24 06:00:00
2026-02-24,8:00am,USD,FOMC Member Goolsbee Speaks,Non-economic,,,,2026-02-24 08:00:00
2026-02-24,8:15am,USD,ADP Weekly Employment Change,Non-economic,12.8K,,11.5K,2026-02-24 08:15:00
2026-02-24,9:00am,USD,FOMC Member Bostic Speaks,Non-economic,,,,2026-02-24 09:00:00
2026-02-24,9:00am,USD,FOMC Member Collins Speaks,Non-economic,,,,2026-02-24 09:00:00
2026-02-24,9:00am,USD,HPI m/m,Non-economic,0.1%,0.3%,0.7%,2026-02-24 09:00:00
2026-02-24,9:00am,USD,S&P/CS Composite-20 HPI y/y,Non-economic,1.4%,1.3%,1.4%,2026-02-24 09:00:00
2026-02-24,9:15am,GBP,Monetary Policy Report Hearings,Medium,,,,2026-02-24 09:15:00
2026-02-24,9:15am,USD,FOMC Member Waller Speaks,Non-economic,,,,2026-02-24 09:15:00
2026-02-24,9:30am,USD,FOMC Member Cook Speaks,Non-economic,,,,2026-02-24 09:30:00
2026-02-24,10:00am,USD,CB Consumer Confidence,Medium,91.2,87.4,89.0,2026-02-24 10:00:00
2026-02-24,10:00am,USD,Richmond Manufacturing Index,Medium,-10,-8,-6,2026-02-24 10:00:00
2026-02-24,10:00am,USD,Final Wholesale Inventories m/m,Non-economic,0.2%,0.2%,0.2%,2026-02-24 10:00:00
2026-02-24,12:30pm,CHF,SNB Chairman Schlegel Speaks,Medium,,,,2026-02-24 12:30:00
2026-02-24,3:20pm,USD,FOMC Member Barkin Speaks,Non-economic,,,,2026-02-24 15:20:00
2026-02-24,3:20pm,USD,FOMC Member Collins Speaks,Non-economic,,,,2026-02-24 15:20:00
2026-02-24,4:30pm,USD,API Weekly Statistical Bulletin,Non-economic,,,,2026-02-24 16:30:00
2026-02-24,6:50pm,JPY,SPPI y/y,Non-economic,2.6%,2.6%,2.6%,2026-02-24 18:50:00
2026-02-24,7:30pm,AUD,CPI m/m,High,0.4%,0.2%,1.0%,2026-02-24 19:30:00
2026-02-24,7:30pm,AUD,CPI y/y,High,3.8%,3.7%,3.8%,2026-02-24 19:30:00
2026-02-24,7:30pm,AUD,Trimmed Mean CPI m/m,High,0.3%,0.4%,0.2%,2026-02-24 19:30:00
2026-02-24,7:30pm,AUD,Construction Work Done q/q,Non-economic,-0.1%,1.2%,0.1%,2026-02-24 19:30:00
2026-02-24,9:00pm,USD,President Trump Speaks,High,,,,2026-02-24 21:00:00
2026-02-25,12:00am,JPY,BOJ Core CPI y/y,Non-economic,1.7%,1.8%,1.9%,2026-02-25 00:00:00
2026-02-25,2:00am,EUR,German Final GDP q/q,Non-economic,0.3%,0.3%,0.3%,2026-02-25 02:00:00
2026-02-25,2:00am,EUR,German GfK Consumer Climate,Non-economic,-24.7,-23.0,-24.2,2026-02-25 02:00:00
2026-02-25,3:40am,AUD,RBA Gov Bullock Speaks,Medium,,,,2026-02-25 03:40:00
2026-02-25,4:00am,CHF,UBS Economic Expectations,Non-economic,9.8,,-4.7,2026-02-25 04:00:00
2026-02-25,5:00am,EUR,Final Core CPI y/y,Non-economic,2.2%,2.2%,2.2%,2026-02-25 05:00:00
2026-02-25,5:00am,EUR,Final CPI y/y,Non-economic,1.7%,1.7%,1.7%,2026-02-25 05:00:00
2026-02-25,8:30am,CAD,Corporate Profits q/q,Non-economic,-1.6%,,7.6%,2026-02-25 08:30:00
2026-02-25,9:00am,CNY,CB Leading Index m/m,Non-economic,-0.3%,,0.0%,2026-02-25 09:00:00
2026-02-25,9:30am,USD,FOMC Member Barkin Speaks,Non-economic,,,,2026-02-25 09:30:00
2026-02-25,10:30am,USD,Crude Oil Inventories,Non-economic,16.0M,1.8M,-9.0M,2026-02-25 10:30:00
2026-02-25,11:00am,USD,FOMC Member Schmid Speaks,Non-economic,,,,2026-02-25 11:00:00
2026-02-25,1:20pm,USD,FOMC Member Musalem Speaks,Non-economic,,,,2026-02-25 13:20:00
2026-02-25,7:00pm,NZD,ANZ Business Confidence,Non-economic,59.2,,64.1,2026-02-25 19:00:00
2026-02-25,7:30pm,AUD,Private Capital Expenditure q/q,Non-economic,0.4%,-0.1%,6.4%,2026-02-25 19:30:00
2026-02-25,7:30pm,AUD,RBA Bulletin,Non-economic,,,,2026-02-25 19:30:00
2026-02-26,3:30am,EUR,ECB President Lagarde Speaks,Medium,,,,2026-02-26 03:30:00
2026-02-26,4:00am,EUR,M3 Money Supply y/y,Non-economic,3.3%,2.9%,2.8%,2026-02-26 04:00:00
2026-02-26,4:00am,EUR,Private Loans y/y,Non-economic,3.0%,3.1%,3.0%,2026-02-26 04:00:00
2026-02-26,4:00am,GBP,MPC Member Lombardelli Speaks,Non-economic,,,,2026-02-26 04:00:00
2026-02-26,5:06am,EUR,Italian 10-y Bond Auction,Non-economic,3.31|1.5,,3.44|1.6,2026-02-26 05:06:00
2026-02-26,8:30am,CAD,Current Account,Non-economic,-0.7B,-8.2B,-5.3B,2026-02-26 08:30:00
2026-02-26,8:30am,USD,Unemployment Claims,High,212K,217K,208K,2026-02-26 08:30:00
2026-02-26,10:00am,USD,FOMC Member Bowman Speaks,Non-economic,,,,2026-02-26 10:00:00
2026-02-26,10:30am,USD,Natural Gas Storage,Non-economic,-52B,-36B,-144B,2026-02-26 10:30:00
2026-02-26,6:30pm,JPY,Tokyo Core CPI y/y,Medium,1.8%,1.7%,2.0%,2026-02-26 18:30:00
2026-02-26,6:50pm,JPY,Prelim Industrial Production m/m,Non-economic,2.2%,5.5%,-0.1%,2026-02-26 18:50:00
2026-02-26,6:50pm,JPY,Retail Sales y/y,Non-economic,1.8%,0.1%,-0.9%,2026-02-26 18:50:00
2026-02-26,7:01pm,GBP,GfK Consumer Confidence,Non-economic,-19,-15,-16,2026-02-26 19:01:00
2026-02-26,7:30pm,AUD,Private Sector Credit m/m,Non-economic,0.5%,0.7%,0.8%,2026-02-26 19:30:00
2026-02-27,12:00am,JPY,Housing Starts y/y,Non-economic,-0.4%,-1.9%,-1.3%,2026-02-27 00:00:00
2026-02-27,2:00am,EUR,German Import Prices m/m,Non-economic,1.1%,0.6%,-0.1%,2026-02-27 02:00:00
2026-02-27,All Day,EUR,German Prelim CPI m/m,Medium,0.2%,0.5%,0.1%,2026-02-27 00:00:00
2026-02-27,2:45am,EUR,French Consumer Spending m/m,Non-economic,0.5%,0.4%,-0.5%,2026-02-27 02:45:00
2026-02-27,2:45am,EUR,French Prelim CPI m/m,Non-economic,0.7%,0.5%,-0.3%,2026-02-27 02:45:00
2026-02-27,2:45am,EUR,French Prelim GDP q/q,Non-economic,0.2%,0.2%,0.2%,2026-02-27 02:45:00
2026-02-27,2:48am,EUR,French Final Private Payrolls q/q,Non-economic,-0.1%,-0.1%,-0.1%,2026-02-27 02:48:00
2026-02-27,3:00am,CHF,GDP q/q,Non-economic,0.1%,0.2%,-0.4%,2026-02-27 03:00:00
2026-02-27,3:00am,CHF,KOF Economic Barometer,Non-economic,104.2,103.0,103.3,2026-02-27 03:00:00
2026-02-27,3:00am,EUR,Spanish Flash CPI y/y,Non-economic,2.3%,2.2%,2.3%,2026-02-27 03:00:00
2026-02-27,3:55am,EUR,German Unemployment Change,Non-economic,1K,2K,1K,2026-02-27 03:55:00
2026-02-27,8:00am,GBP,MPC Member Pill Speaks,Non-economic,,,,2026-02-27 08:00:00
2026-02-27,8:30am,CAD,GDP m/m,High,0.2%,0.1%,0.0%,2026-02-27 08:30:00
2026-02-27,8:30am,USD,Core PPI m/m,High,0.8%,0.3%,0.6%,2026-02-27 08:30:00
2026-02-27,8:30am,USD,PPI m/m,High,0.5%,0.3%,0.4%,2026-02-27 08:30:00
2026-02-27,9:45am,USD,Chicago PMI,Non-economic,57.7,52.0,54.0,2026-02-27 09:45:00
2026-02-27,Nov Data,USD,Construction Spending m/m,Non-economic,-0.2%,,-0.1%,2026-02-27 00:00:00
2026-02-27,10:00am,USD,Construction Spending m/m,Non-economic,0.3%,0.2%,-0.2%,2026-02-27 10:00:00
2026-02-28,5:47am,CNY,Foreign Direct Investment ytd/y,Non-economic,-5.7%,,-9.5%,2026-02-28 05:47:00
2026-03-01,10:00am,EUR,German Buba President Nagel Speaks,Non-economic,,,,2026-03-01 10:00:00
2026-03-01,7:00pm,AUD,MI Inflation Gauge m/m,Non-economic,-0.2%,,0.2%,2026-03-01 19:00:00
2026-03-01,7:30pm,AUD,ANZ Job Advertisements m/m,Non-economic,3.2%,,5.2%,2026-03-01 19:30:00
2026-03-01,7:30pm,AUD,Company Operating Profits q/q,Non-economic,5.8%,1.8%,1.5%,2026-03-01 19:30:00
2026-03-01,7:30pm,JPY,Final Manufacturing PMI,Non-economic,53.0,52.8,52.8,2026-03-01 19:30:00
2026-03-02,12:30am,AUD,Commodity Prices y/y,Non-economic,3.4%,,2.8%,2026-03-02 00:30:00
2026-03-02,2:00am,EUR,German Retail Sales m/m,Non-economic,-0.9%,0.0%,1.2%,2026-03-02 02:00:00
2026-03-02,2:00am,GBP,Nationwide HPI m/m,Non-economic,0.3%,0.2%,0.3%,2026-03-02 02:00:00
2026-03-02,2:30am,CHF,Retail Sales y/y,Non-economic,-1.1%,2.7%,2.8%,2026-03-02 02:30:00
2026-03-02,3:15am,EUR,Spanish Manufacturing PMI,Non-economic,50.0,49.9,49.2,2026-03-02 03:15:00
2026-03-02,3:30am,CHF,Manufacturing PMI,Non-economic,47.4,49.8,48.8,2026-03-02 03:30:00
2026-03-02,3:45am,EUR,Italian Manufacturing PMI,Non-economic,50.6,49.1,48.1,2026-03-02 03:45:00
2026-03-02,3:50am,EUR,French Final Manufacturing PMI,Non-economic,50.1,49.9,49.9,2026-03-02 03:50:00
2026-03-02,3:55am,EUR,German Final Manufacturing PMI,Non-economic,50.9,50.7,50.7,2026-03-02 03:55:00
2026-03-02,4:00am,EUR,Final Manufacturing PMI,Non-economic,50.8,50.8,50.8,2026-03-02 04:00:00
2026-03-02,4:30am,GBP,Final Manufacturing PMI,Non-economic,51.7,52.0,52.0,2026-03-02 04:30:00
2026-03-02,4:30am,GBP,M4 Money Supply m/m,Non-economic,-0.1%,0.2%,0.4%,2026-03-02 04:30:00
2026-03-02,4:30am,GBP,Mortgage Approvals,Non-economic,60K,62K,61K,2026-03-02 04:30:00
2026-03-02,4:30am,GBP,Net Lending to Individuals m/m,Non-economic,5.9B,6.2B,6.1B,2026-03-02 04:30:00
2026-03-02,7:30am,AUD,RBA Assist Gov Hunter Speaks,Non-economic,,,,2026-03-02 07:30:00
2026-03-02,7:30am,GBP,MPC Member Taylor Speaks,Non-economic,,,,2026-03-02 07:30:00
2026-03-02,9:00am,CAD,Gov Council Member Kozicki Speaks,Non-economic,,,,2026-03-02 09:00:00
2026-03-02,9:00am,EUR,ECB President Lagarde Speaks,Medium,,,,2026-03-02 09:00:00
2026-03-02,9:10am,EUR,German Buba President Nagel Speaks,Non-economic,,,,2026-03-02 09:10:00
2026-03-02,9:30am,CAD,Manufacturing PMI,Medium,51.0,,50.4,2026-03-02 09:30:00
2026-03-02,9:45am,USD,Final Manufacturing PMI,Non-economic,51.6,51.2,51.2,2026-03-02 09:45:00
2026-03-02,10:00am,USD,ISM Manufacturing PMI,High,52.4,51.7,52.6,2026-03-02 10:00:00
2026-03-02,10:00am,USD,ISM Manufacturing Prices,Medium,70.5,60.6,59.0,2026-03-02 10:00:00
2026-03-02,10:30am,GBP,MPC Member Ramsden Speaks,Non-economic,,,,2026-03-02 10:30:00
2026-03-02,11:00am,USD,President Trump Speaks,Medium,,,,2026-03-02 11:00:00
2026-03-02,4:10pm,AUD,RBA Gov Bullock Speaks,High,,,,2026-03-02 16:10:00
2026-03-02,4:45pm,NZD,Building Consents m/m,Non-economic,1.9%,,-4.5%,2026-03-02 16:45:00
2026-03-02,6:30pm,JPY,Unemployment Rate,Non-economic,2.7%,2.6%,2.6%,2026-03-02 18:30:00
2026-03-02,6:50pm,JPY,Capital Spending q/y,Non-economic,6.5%,3.0%,2.9%,2026-03-02 18:50:00
2026-03-02,6:50pm,JPY,Monetary Base y/y,Non-economic,-10.6%,-9.8%,-9.5%,2026-03-02 18:50:00
2026-03-02,7:01pm,GBP,BRC Shop Price Index y/y,Non-economic,1.1%,1.4%,1.5%,2026-03-02 19:01:00
2026-03-02,7:30pm,AUD,Building Approvals m/m,Non-economic,-7.2%,5.4%,-14.9%,2026-03-02 19:30:00
2026-03-02,7:30pm,AUD,Current Account,Non-economic,-21.1B,-16.8B,-18.3B,2026-03-02 19:30:00
2026-03-02,10:35pm,JPY,10-y Bond Auction,Non-economic,2.12|3.3,,2.25|3.0,2026-03-02 22:35:00
2026-03-02,11:00pm,JPY,BOJ Gov Ueda Speaks,High,,,,2026-03-02 23:00:00
2026-03-03,2:45am,EUR,French Gov Budget Balance,Non-economic,-9.7B,,-124.7B,2026-03-03 02:45:00
2026-03-03,3:00am,EUR,Spanish Unemployment Change,Non-economic,3.6K,26.7K,30.4K,2026-03-03 03:00:00
2026-03-03,5:00am,EUR,Core CPI Flash Estimate y/y,Medium,2.4%,2.2%,2.2%,2026-03-03 05:00:00
2026-03-03,5:00am,EUR,CPI Flash Estimate y/y,Medium,1.9%,1.7%,1.7%,2026-03-03 05:00:00
2026-03-03,5:00am,EUR,Italian Prelim CPI m/m,Non-economic,0.8%,0.3%,0.4%,2026-03-03 05:00:00
2026-03-03,7:30am,GBP,Annual Budget Release,High,,,,2026-03-03 07:30:00
2026-03-03,8:30am,USD,FOMC Member Bowman Speaks,Non-economic,,,,2026-03-03 08:30:00
2026-03-03,9:55am,USD,FOMC Member Williams Speaks,Non-economic,,,,2026-03-03 09:55:00
2026-03-03,10:01am,USD,RCM/TIPP Economic Optimism,Non-economic,47.5,50.1,48.8,2026-03-03 10:01:00
2026-03-03,10:10am,USD,FOMC Member Schmid Speaks,Non-economic,,,,2026-03-03 10:10:00
2026-03-03,All Day,USD,Wards Total Vehicle Sales,Non-economic,15.8M,15.4M,14.9M,2026-03-03 00:00:00
2026-03-03,10:26am,NZD,GDT Price Index,Non-economic,5.7%,,3.6%,2026-03-03 10:26:00
2026-03-03,11:45am,USD,FOMC Member Kashkari Speaks,Non-economic,,,,2026-03-03 11:45:00
2026-03-03,4:30pm,USD,API Weekly Statistical Bulletin,Non-economic,,,,2026-03-03 16:30:00
2026-03-03,4:45pm,NZD,Overseas Trade Index q/q,Non-economic,3.7%,-0.1%,-2.1%,2026-03-03 16:45:00
2026-03-03,7:00pm,NZD,ANZ Commodity Prices m/m,Non-economic,4.2%,,2.0%,2026-03-03 19:00:00
2026-03-03,7:30pm,AUD,GDP q/q,High,0.8%,0.7%,0.5%,2026-03-03 19:30:00
2026-03-03,8:30pm,CNY,Manufacturing PMI,Non-economic,49.0,49.2,49.3,2026-03-03 20:30:00
2026-03-03,8:30pm,CNY,Non-Manufacturing PMI,Non-economic,49.5,49.7,49.4,2026-03-03 20:30:00
2026-03-03,8:45pm,CNY,RatingDog Manufacturing PMI,Non-economic,52.1,50.1,50.3,2026-03-03 20:45:00
2026-03-03,8:45pm,CNY,RatingDog Services PMI,Non-economic,56.7,52.3,52.3,2026-03-03 20:45:00
2026-03-04,12:00am,JPY,Consumer Confidence,Non-economic,40.0,38.2,37.9,2026-03-04 00:00:00
2026-03-04,2:30am,CHF,CPI m/m,Medium,0.6%,0.5%,-0.1%,2026-03-04 02:30:00
2026-03-04,3:15am,EUR,Spanish Services PMI,Non-economic,51.9,52.9,53.5,2026-03-04 03:15:00
2026-03-04,3:45am,EUR,Italian Services PMI,Non-economic,52.3,52.6,52.9,2026-03-04 03:45:00
2026-03-04,3:50am,EUR,French Final Services PMI,Non-economic,49.6,49.6,49.6,2026-03-04 03:50:00
2026-03-04,3:55am,EUR,German Final Services PMI,Non-economic,53.5,53.4,53.4,2026-03-04 03:55:00
2026-03-04,4:00am,CHF,Gov Board Member Martin Speaks,Non-economic,,,,2026-03-04 04:00:00
2026-03-04,4:00am,EUR,Final Services PMI,Non-economic,51.9,51.8,51.8,2026-03-04 04:00:00
2026-03-04,4:00am,EUR,Italian Monthly Unemployment Rate,Non-economic,5.1%,5.6%,5.5%,2026-03-04 04:00:00
2026-03-04,4:30am,GBP,Final Services PMI,Non-economic,53.9,53.9,53.9,2026-03-04 04:30:00
2026-03-04,5:00am,EUR,PPI m/m,Non-economic,0.7%,0.2%,-0.3%,2026-03-04 05:00:00
2026-03-04,5:00am,EUR,Unemployment Rate,Non-economic,6.1%,6.2%,6.3%,2026-03-04 05:00:00
2026-03-04,8:15am,USD,ADP Non-Farm Employment Change,High,63K,50K,11K,2026-03-04 08:15:00
2026-03-04,8:30am,CAD,Labor Productivity q/q,Non-economic,-0.1%,-0.1%,1.1%,2026-03-04 08:30:00
2026-03-04,9:45am,USD,Final Services PMI,Non-economic,51.7,52.4,52.3,2026-03-04 09:45:00
2026-03-04,10:00am,USD,ISM Services PMI,High,56.1,53.5,53.8,2026-03-04 10:00:00
2026-03-04,10:30am,CAD,BOC Gov Macklem Speaks,Medium,,,,2026-03-04 10:30:00
2026-03-04,10:30am,USD,Crude Oil Inventories,Non-economic,3.5M,3.0M,16.0M,2026-03-04 10:30:00
2026-03-04,2:00pm,USD,Beige Book,Non-economic,,,,2026-03-04 14:00:00
2026-03-04,7:30pm,AUD,Goods Trade Balance,Non-economic,2.63B,3.78B,3.37B,2026-03-04 19:30:00
2026-03-04,7:30pm,AUD,Household Spending m/m,Non-economic,0.3%,0.4%,-0.5%,2026-03-04 19:30:00
2026-03-04,10:35pm,JPY,30-y Bond Auction,Non-economic,3.40|3.7,,3.62|3.6,2026-03-04 22:35:00
2026-03-05,2:45am,EUR,French Industrial Production m/m,Non-economic,0.5%,0.4%,-0.5%,2026-03-05 02:45:00
2026-03-05,3:00am,CHF,Unemployment Rate,Non-economic,3.0%,2.9%,2.9%,2026-03-05 03:00:00
2026-03-05,4:00am,EUR,Italian Retail Sales m/m,Non-economic,0.6%,-0.1%,-0.7%,2026-03-05 04:00:00
2026-03-05,4:30am,GBP,Construction PMI,Non-economic,44.5,47.0,46.4,2026-03-05 04:30:00
2026-03-05,4:59am,EUR,French 10-y Bond Auction,Non-economic,3.39|2.2,,3.45|2.4,2026-03-05 04:59:00
2026-03-05,5:00am,EUR,German Buba President Nagel Speaks,Non-economic,,,,2026-03-05 05:00:00
2026-03-05,5:00am,EUR,Retail Sales m/m,Non-economic,-0.1%,0.3%,0.1%,2026-03-05 05:00:00
2026-03-05,7:30am,EUR,ECB Monetary Policy Meeting Accounts,Non-economic,,,,2026-03-05 07:30:00
2026-03-05,7:30am,USD,Challenger Job Cuts y/y,Non-economic,-71.9%,,117.8%,2026-03-05 07:30:00
2026-03-05,8:30am,USD,Unemployment Claims,High,213K,215K,213K,2026-03-05 08:30:00
2026-03-05,8:30am,USD,Import Prices m/m,Non-economic,0.2%,0.3%,0.2%,2026-03-05 08:30:00
2026-03-05,8:30am,USD,Prelim Nonfarm Productivity q/q,Non-economic,2.8%,1.9%,5.2%,2026-03-05 08:30:00
2026-03-05,8:30am,USD,Prelim Unit Labor Costs q/q,Non-economic,2.8%,2.0%,-1.8%,2026-03-05 08:30:00
2026-03-05,10:30am,USD,Natural Gas Storage,Non-economic,-132B,-122B,-52B,2026-03-05 10:30:00
2026-03-05,12:00pm,EUR,ECB President Lagarde Speaks,Medium,,,,2026-03-05 12:00:00
2026-03-05,1:00pm,USD,FOMC Member Bowman Speaks,Non-economic,,,,2026-03-05 13:00:00
2026-03-05,7:00pm,USD,FOMC Member Goolsbee Speaks,Non-economic,,,,2026-03-05 19:00:00
2026-03-06,2:00am,GBP,Halifax HPI m/m,Non-economic,0.3%,0.3%,0.8%,2026-03-06 02:00:00
2026-03-06,3:00am,CHF,Foreign Currency Reserves,Non-economic,710B,,712B,2026-03-06 03:00:00
2026-03-06,5:00am,EUR,Final Employment Change q/q,Non-economic,0.2%,0.2%,0.2%,2026-03-06 05:00:00
2026-03-06,5:00am,EUR,Revised GDP q/q,Non-economic,0.2%,0.3%,0.3%,2026-03-06 05:00:00
2026-03-06,7:30am,USD,FOMC Member Waller Speaks,Medium,,,,2026-03-06 07:30:00
2026-03-06,8:30am,USD,Average Hourly Earnings m/m,High,0.4%,0.3%,0.4%,2026-03-06 08:30:00
2026-03-06,8:30am,USD,Core Retail Sales m/m,High,0.0%,0.1%,0.0%,2026-03-06 08:30:00
2026-03-06,8:30am,USD,Non-Farm Employment Change,High,-92K,58K,126K,2026-03-06 08:30:00
2026-03-06,8:30am,USD,Retail Sales m/m,High,-0.2%,-0.3%,0.0%,2026-03-06 08:30:00
2026-03-06,8:30am,USD,Unemployment Rate,High,4.4%,4.3%,4.3%,2026-03-06 08:30:00
2026-03-06,8:30am,USD,FOMC Member Daly Speaks,Non-economic,,,,2026-03-06 08:30:00
2026-03-06,9:50am,USD,FOMC Member Goolsbee Speaks,Non-economic,,,,2026-03-06 09:50:00
2026-03-06,10:00am,CAD,Ivey PMI,Medium,56.6,51.1,50.9,2026-03-06 10:00:00
2026-03-06,10:00am,USD,Business Inventories m/m,Non-economic,0.1%,0.1%,0.0%,2026-03-06 10:00:00
2026-03-06,10:15am,USD,FOMC Member Daly Speaks,Non-economic,,,,2026-03-06 10:15:00
2026-03-06,10:15am,USD,FOMC Member Paulson Speaks,Non-economic,,,,2026-03-06 10:15:00
2026-03-06,11:30am,USD,FOMC Member Miran Speaks,Non-economic,,,,2026-03-06 11:30:00
2026-03-06,11:30am,USD,FOMC Member Schmid Speaks,Non-economic,,,,2026-03-06 11:30:00
2026-03-06,1:20pm,USD,FOMC Member Collins Speaks,Non-economic,,,,2026-03-06 13:20:00
2026-03-06,1:30pm,AUD,RBA Deputy Gov Hauser Speaks,Non-economic,,,,2026-03-06 13:30:00
2026-03-06,1:30pm,USD,FOMC Member Hammack Speaks,Non-economic,,,,2026-03-06 13:30:00
2026-03-06,3:00pm,USD,Consumer Credit m/m,Non-economic,8.0B,12.4B,25.2B,2026-03-06 15:00:00
2026-03-06,3:10pm,USD,FOMC Member Hammack Speaks,Non-economic,,,,2026-03-06 15:10:00
2026-03-08,2:00am,CAD,Daylight Saving Time Shift,Low,,,,2026-03-08 02:00:00
2026-03-08,2:00am,USD,Daylight Saving Time Shift,Low,,,,2026-03-08 02:00:00
2026-03-08,6:30pm,JPY,Average Cash Earnings y/y,Non-economic,3.0%,2.5%,2.4%,2026-03-08 18:30:00
2026-03-08,6:50pm,JPY,Bank Lending y/y,Non-economic,4.5%,4.4%,4.4%,2026-03-08 18:50:00
2026-03-08,6:50pm,JPY,Current Account,Non-economic,3.15T,3.19T,2.70T,2026-03-08 18:50:00
2026-03-08,8:30pm,CNY,CPI y/y,Medium,1.3%,0.9%,0.2%,2026-03-08 20:30:00
2026-03-08,8:30pm,CNY,PPI y/y,Medium,-0.9%,-1.1%,-1.4%,2026-03-08 20:30:00
2026-03-09,12:00am,JPY,Leading Indicators,Non-economic,112.4%,113.0%,111.0%,2026-03-09 00:00:00
2026-03-09,1:00am,JPY,Economy Watchers Sentiment,Non-economic,48.9,48.1,47.6,2026-03-09 01:00:00
2026-03-09,2:00am,EUR,German Factory Orders m/m,Non-economic,-11.1%,-4.2%,6.4%,2026-03-09 02:00:00
2026-03-09,2:00am,EUR,German Industrial Production m/m,Non-economic,-0.5%,1.0%,-1.0%,2026-03-09 02:00:00
2026-03-09,3:00am,CHF,SECO Consumer Climate,Non-economic,-30,-29,-30,2026-03-09 03:00:00
2026-03-09,4:30am,EUR,Sentix Investor Confidence,Non-economic,-3.1,-3.1,4.2,2026-03-09 04:30:00
2026-03-09,All Day,EUR,Eurogroup Meetings,Non-economic,,,,2026-03-09 00:00:00
2026-03-09,4:30pm,USD,President Trump Speaks,Medium,,,,2026-03-09 16:30:00
2026-03-09,6:30pm,AUD,Westpac Consumer Sentiment,Non-economic,1.2%,,-2.6%,2026-03-09 18:30:00
2026-03-09,6:30pm,JPY,Household Spending y/y,Non-economic,-1.0%,2.4%,-2.6%,2026-03-09 18:30:00
2026-03-09,6:50pm,JPY,Final GDP Price Index y/y,Non-economic,3.4%,3.4%,3.4%,2026-03-09 18:50:00
2026-03-09,6:50pm,JPY,Final GDP q/q,Non-economic,0.3%,0.3%,0.1%,2026-03-09 18:50:00
2026-03-09,6:50pm,JPY,M2 Money Stock y/y,Non-economic,1.7%,1.5%,1.6%,2026-03-09 18:50:00
2026-03-09,7:01pm,GBP,BRC Retail Sales Monitor y/y,Non-economic,0.7%,2.0%,2.3%,2026-03-09 19:01:00
2026-03-09,7:30pm,AUD,NAB Business Confidence,Non-economic,-1,,4,2026-03-09 19:30:00
2026-03-09,10:01pm,CNY,USD-Denominated Trade Balance,Non-economic,213.6B,177.4B,114.1B,2026-03-09 22:01:00
2026-03-09,10:02pm,CNY,Trade Balance,Non-economic,1503B,1250B,809B,2026-03-09 22:02:00
2026-03-10,1:00am,JPY,Prelim Machine Tool Orders y/y,Non-economic,24.2%,,25.3%,2026-03-10 01:00:00
2026-03-10,2:00am,EUR,German Trade Balance,Non-economic,21.2B,15.4B,17.4B,2026-03-10 02:00:00
2026-03-10,2:45am,EUR,French Trade Balance,Non-economic,-1.8B,-5.2B,-4.3B,2026-03-10 02:45:00
2026-03-10,All Day,EUR,ECOFIN Meetings,Non-economic,,,,2026-03-10 00:00:00
2026-03-10,5:00am,USD,NFIB Small Business Index,Non-economic,98.8,99.6,99.3,2026-03-10 05:00:00
2026-03-10,7:15am,USD,ADP Weekly Employment Change,Non-economic,15.5K,,12.8K,2026-03-10 07:15:00
2026-03-10,9:00am,USD,Existing Home Sales,Non-economic,4.09M,3.89M,4.02M,2026-03-10 09:00:00
2026-03-10,3:30pm,USD,API Weekly Statistical Bulletin,Non-economic,,,,2026-03-10 15:30:00
2026-03-10,6:50pm,JPY,PPI y/y,Non-economic,2.0%,2.2%,2.3%,2026-03-10 18:50:00
2026-03-11,2:00am,EUR,German Final CPI m/m,Non-economic,0.2%,0.2%,0.2%,2026-03-11 02:00:00
2026-03-11,5:00am,GBP,MPC Member Breeden Speaks,Non-economic,,,,2026-03-11 05:00:00
2026-03-11,5:33am,EUR,German 10-y Bond Auction,Non-economic,2.89|1.2,,2.73|1.5,2026-03-11 05:33:00
2026-03-11,7:30am,USD,Core CPI m/m,High,0.2%,0.2%,0.3%,2026-03-11 07:30:00
2026-03-11,7:30am,USD,CPI m/m,High,0.3%,0.3%,0.2%,2026-03-11 07:30:00
2026-03-11,7:30am,USD,CPI y/y,High,2.4%,2.4%,2.4%,2026-03-11 07:30:00
2026-03-11,7:30am,USD,FOMC Member Bowman Speaks,Non-economic,,,,2026-03-11 07:30:00
2026-03-11,9:30am,USD,Crude Oil Inventories,Non-economic,3.8M,2.8M,3.5M,2026-03-11 09:30:00
2026-03-11,12:01pm,USD,10-y Bond Auction,Non-economic,4.22|2.4,,4.18|2.4,2026-03-11 12:01:00
2026-03-11,1:00pm,USD,Federal Budget Balance,Non-economic,-307.5B,-304.4B,-94.6B,2026-03-11 13:00:00
2026-03-11,3:25pm,USD,President Trump Speaks,Medium,,,,2026-03-11 15:25:00
2026-03-11,4:45pm,NZD,Manufacturing Sales q/q,Non-economic,0.6%,,2.6%,2026-03-11 16:45:00
2026-03-11,6:50pm,JPY,BSI Manufacturing Index,Non-economic,3.8,5.3,4.7,2026-03-11 18:50:00
2026-03-11,7:00pm,AUD,MI Inflation Expectations,Non-economic,5.2%,,5.0%,2026-03-11 19:00:00
2026-03-11,7:01pm,GBP,RICS House Price Balance,Non-economic,-12%,-8%,-10%,2026-03-11 19:01:00
2026-03-12,4:00am,EUR,Italian Quarterly Unemployment Rate,Non-economic,5.6%,6.1%,6.0%,2026-03-12 04:00:00
2026-03-12,4:30am,GBP,BOE Gov Bailey Speaks,Medium,,,,2026-03-12 04:30:00
2026-03-12,7:30am,CAD,Building Permits m/m,Non-economic,4.8%,-2.0%,6.1%,2026-03-12 07:30:00
2026-03-12,7:30am,CAD,Trade Balance,Non-economic,-3.6B,-1.1B,-1.3B,2026-03-12 07:30:00
2026-03-12,7:30am,CAD,Wholesale Sales m/m,Non-economic,-1.0%,-0.6%,1.8%,2026-03-12 07:30:00
2026-03-12,7:30am,USD,Unemployment Claims,High,213K,214K,214K,2026-03-12 07:30:00
2026-03-12,7:30am,USD,Building Permits,Non-economic,1.38M,1.42M,1.45M,2026-03-12 07:30:00
2026-03-12,7:30am,USD,Goods Trade Balance,Non-economic,-80.8B,,-98.5B,2026-03-12 07:30:00
2026-03-12,7:30am,USD,Housing Starts,Non-economic,1.49M,1.34M,1.39M,2026-03-12 07:30:00
2026-03-12,7:30am,USD,Trade Balance,Non-economic,-54.5B,-66.6B,-72.9B,2026-03-12 07:30:00
2026-03-12,8:30am,GBP,CB Leading Index m/m,Non-economic,0.0%,,0.0%,2026-03-12 08:30:00
2026-03-12,9:30am,USD,Natural Gas Storage,Non-economic,-38B,-42B,-132B,2026-03-12 09:30:00
2026-03-12,10:00am,USD,FOMC Member Bowman Speaks,Non-economic,,,,2026-03-12 10:00:00
2026-03-12,12:01pm,USD,30-y Bond Auction,Non-economic,4.87|2.5,,4.75|2.7,2026-03-12 12:01:00
2026-03-12,4:30pm,NZD,BusinessNZ Manufacturing Index,Non-economic,55.0,,55.1,2026-03-12 16:30:00
2026-03-12,4:45pm,NZD,Visitor Arrivals m/m,Non-economic,0.9%,,1.6%,2026-03-12 16:45:00
2026-03-13,2:00am,EUR,German WPI m/m,Non-economic,0.6%,0.3%,0.9%,2026-03-13 02:00:00
2026-03-13,2:00am,GBP,GDP m/m,High,0.0%,0.2%,0.1%,2026-03-13 02:00:00
2026-03-13,2:00am,GBP,Construction Output m/m,Non-economic,0.2%,0.0%,-0.5%,2026-03-13 02:00:00
2026-03-13,2:00am,GBP,Goods Trade Balance,Non-economic,-14.4B,-22.2B,-22.7B,2026-03-13 02:00:00
2026-03-13,2:00am,GBP,Index of Services 3m/3m,Non-economic,0.2%,0.3%,0.0%,2026-03-13 02:00:00
2026-03-13,2:00am,GBP,Industrial Production m/m,Non-economic,-0.1%,0.3%,-0.9%,2026-03-13 02:00:00
2026-03-13,2:00am,GBP,Manufacturing Production m/m,Non-economic,0.1%,0.2%,-0.5%,2026-03-13 02:00:00
2026-03-13,2:45am,EUR,French Final CPI m/m,Non-economic,0.6%,0.7%,0.7%,2026-03-13 02:45:00
2026-03-13,4:00am,EUR,Italian Industrial Production m/m,Non-economic,-0.6%,0.4%,-0.5%,2026-03-13 04:00:00
2026-03-13,4:02am,CNY,M2 Money Supply y/y,Non-economic,9.0%,8.9%,9.0%,2026-03-13 04:02:00
2026-03-13,4:03am,CNY,New Loans,Non-economic,900B,865B,4710B,2026-03-13 04:03:00
2026-03-13,4:30am,GBP,Consumer Inflation Expectations,Non-economic,3.2%,,3.5%,2026-03-13 04:30:00
2026-03-13,5:00am,EUR,Industrial Production m/m,Non-economic,-1.5%,0.6%,-0.5%,2026-03-13 05:00:00
2026-03-13,7:30am,CAD,Employment Change,High,-83.9K,10.3K,-24.8K,2026-03-13 07:30:00
2026-03-13,7:30am,CAD,Unemployment Rate,High,6.7%,6.6%,6.5%,2026-03-13 07:30:00
2026-03-13,7:30am,CAD,Capacity Utilization Rate,Non-economic,78.5%,78.4%,78.9%,2026-03-13 07:30:00
2026-03-13,7:30am,CAD,Manufacturing Sales m/m,Non-economic,-3.0%,-3.3%,0.4%,2026-03-13 07:30:00
2026-03-13,7:30am,USD,Core PCE Price Index m/m,High,0.4%,0.4%,0.4%,2026-03-13 07:30:00
2026-03-13,7:30am,USD,Prelim GDP q/q,High,0.7%,1.4%,1.4%,2026-03-13 07:30:00
2026-03-13,7:30am,USD,Core Durable Goods Orders m/m,Medium,0.4%,0.5%,1.0%,2026-03-13 07:30:00
2026-03-13,7:30am,USD,Durable Goods Orders m/m,Medium,0.0%,1.1%,-0.9%,2026-03-13 07:30:00
2026-03-13,7:30am,USD,Prelim GDP Price Index q/q,Medium,3.8%,3.6%,3.6%,2026-03-13 07:30:00
2026-03-13,7:30am,USD,Personal Income m/m,Non-economic,0.4%,0.5%,0.3%,2026-03-13 07:30:00
2026-03-13,7:30am,USD,Personal Spending m/m,Non-economic,0.4%,0.3%,0.4%,2026-03-13 07:30:00
2026-03-13,9:00am,USD,JOLTS Job Openings,High,6.95M,6.76M,6.55M,2026-03-13 09:00:00
2026-03-13,9:00am,USD,Prelim UoM Consumer Sentiment,Medium,55.5,55.0,56.6,2026-03-13 09:00:00
2026-03-13,9:00am,USD,Prelim UoM Inflation Expectations,Medium,3.4%,,3.4%,2026-03-13 09:00:00
2026-03-15,4:30pm,NZD,BusinessNZ Services Index,Non-economic,48.0,,50.7,2026-03-15 16:30:00
2026-03-15,6:54pm,GBP,Rightmove HPI m/m,Non-economic,0.8%,,0.0%,2026-03-15 18:54:00
2026-03-15,8:30pm,CNY,New Home Prices m/m,Non-economic,-0.28%,,-0.37%,2026-03-15 20:30:00
2026-03-15,9:00pm,CNY,Fixed Asset Investment ytd/y,Non-economic,1.8%,-5.0%,-3.8%,2026-03-15 21:00:00
2026-03-15,9:00pm,CNY,Industrial Production y/y,Non-economic,6.3%,5.3%,5.2%,2026-03-15 21:00:00
2026-03-15,9:00pm,CNY,NBS Press Conference,Non-economic,,,,2026-03-15 21:00:00
2026-03-15,9:00pm,CNY,Retail Sales y/y,Non-economic,2.8%,2.6%,0.9%,2026-03-15 21:00:00
2026-03-15,9:00pm,CNY,Unemployment Rate,Non-economic,5.3%,5.1%,5.1%,2026-03-15 21:00:00
2026-03-16,7:15am,CAD,Housing Starts,Non-economic,251K,243K,240K,2026-03-16 07:15:00
2026-03-16,7:30am,CAD,CPI m/m,High,0.5%,0.7%,0.0%,2026-03-16 07:30:00
2026-03-16,7:30am,CAD,Median CPI y/y,High,2.3%,2.4%,2.5%,2026-03-16 07:30:00
2026-03-16,7:30am,CAD,Trimmed CPI y/y,High,2.3%,2.4%,2.4%,2026-03-16 07:30:00
2026-03-16,7:30am,CAD,Common CPI y/y,Medium,2.4%,2.6%,2.7%,2026-03-16 07:30:00
2026-03-16,7:30am,USD,Empire State Manufacturing Index,Medium,-0.2,4.0,7.1,2026-03-16 07:30:00
2026-03-16,7:32am,CAD,Core CPI m/m,Non-economic,0.4%,,0.2%,2026-03-16 07:32:00
2026-03-16,8:15am,USD,Capacity Utilization Rate,Non-economic,76.3%,76.2%,76.3%,2026-03-16 08:15:00
2026-03-16,8:15am,USD,Industrial Production m/m,Non-economic,0.2%,0.1%,0.7%,2026-03-16 08:15:00
2026-03-16,9:00am,USD,NAHB Housing Market Index,Non-economic,38,37,37,2026-03-16 09:00:00
2026-03-16,10:30am,USD,President Trump Speaks,Medium,,,,2026-03-16 10:30:00
2026-03-16,4:45pm,NZD,FPI m/m,Non-economic,-0.1%,,2.1%,2026-03-16 16:45:00
2026-03-16,10:30pm,AUD,Cash Rate,High,4.10%,4.10%,3.85%,2026-03-16 22:30:00
2026-03-16,10:30pm,AUD,RBA Rate Statement,High,,,,2026-03-16 22:30:00
2026-03-16,11:30pm,AUD,RBA Press Conference,High,,,,2026-03-16 23:30:00
2026-03-16,11:30pm,JPY,Tertiary Industry Activity m/m,Non-economic,1.7%,0.9%,-0.8%,2026-03-16 23:30:00
2026-03-17,2:30am,CHF,PPI m/m,Non-economic,-0.3%,0.0%,-0.2%,2026-03-17 02:30:00
2026-03-17,5:00am,EUR,German ZEW Economic Sentiment,Non-economic,-0.5,39.0,58.3,2026-03-17 05:00:00
2026-03-17,5:00am,EUR,ZEW Economic Sentiment,Non-economic,-8.5,26.5,39.4,2026-03-17 05:00:00
2026-03-17,7:15am,USD,ADP Weekly Employment Change,Non-economic,9.0K,,14.8K,2026-03-17 07:15:00
2026-03-17,9:00am,USD,Pending Home Sales m/m,Medium,1.8%,-0.6%,-1.0%,2026-03-17 09:00:00
2026-03-17,9:25am,AUD,CB Leading Index m/m,Non-economic,0.2%,,0.3%,2026-03-17 09:25:00
2026-03-17,10:15am,EUR,German Buba President Nagel Speaks,Non-economic,,,,2026-03-17 10:15:00
2026-03-17,10:18am,NZD,GDT Price Index,Non-economic,0.1%,,5.7%,2026-03-17 10:18:00
2026-03-17,2:05pm,NZD,Westpac Consumer Sentiment,Non-economic,94.7,,96.5,2026-03-17 14:05:00
2026-03-17,3:30pm,USD,API Weekly Statistical Bulletin,Non-economic,,,,2026-03-17 15:30:00
2026-03-17,4:45pm,NZD,Current Account,Non-economic,-5.98B,-4.78B,-8.36B,2026-03-17 16:45:00
2026-03-17,6:30pm,AUD,MI Leading Index m/m,Non-economic,-0.1%,,0.0%,2026-03-17 18:30:00
2026-03-17,6:50pm,JPY,Trade Balance,Non-economic,-0.37T,-0.62T,0.50T,2026-03-17 18:50:00
2026-03-18,3:00am,CHF,SECO Economic Forecasts,Non-economic,,,,2026-03-18 03:00:00
2026-03-18,5:00am,EUR,Final Core CPI y/y,Non-economic,2.4%,2.4%,2.4%,2026-03-18 05:00:00
2026-03-18,5:00am,EUR,Final CPI y/y,Non-economic,1.9%,1.9%,1.9%,2026-03-18 05:00:00
2026-03-18,5:34am,EUR,German 30-y Bond Auction,Non-economic,3.45|1.7,,3.47|1.6,2026-03-18 05:34:00
2026-03-18,7:30am,CAD,Foreign Securities Purchases,Non-economic,46.73B,4.72B,-5.84B,2026-03-18 07:30:00
2026-03-18,7:30am,USD,Core PPI m/m,High,0.5%,0.3%,0.8%,2026-03-18 07:30:00
2026-03-18,7:30am,USD,PPI m/m,High,0.7%,0.3%,0.5%,2026-03-18 07:30:00
2026-03-18,8:45am,CAD,BOC Rate Statement,High,,,,2026-03-18 08:45:00
2026-03-18,8:45am,CAD,Overnight Rate,High,2.25%,2.25%,2.25%,2026-03-18 08:45:00
2026-03-18,9:00am,USD,Factory Orders m/m,Non-economic,0.1%,0.1%,-0.7%,2026-03-18 09:00:00
2026-03-18,9:30am,CAD,BOC Press Conference,High,,,,2026-03-18 09:30:00
2026-03-18,9:30am,USD,Crude Oil Inventories,Non-economic,6.2M,-1.5M,3.8M,2026-03-18 09:30:00
2026-03-18,1:00pm,USD,Federal Funds Rate,High,3.75%,3.75%,3.75%,2026-03-18 13:00:00
2026-03-18,1:00pm,USD,FOMC Economic Projections,High,,,,2026-03-18 13:00:00
2026-03-18,1:00pm,USD,FOMC Statement,High,,,,2026-03-18 13:00:00
2026-03-18,1:30pm,USD,FOMC Press Conference,High,,,,2026-03-18 13:30:00
2026-03-18,3:00pm,USD,TIC Long-Term Purchases,Non-economic,15.5B,71.6B,96.5B,2026-03-18 15:00:00
2026-03-18,4:45pm,NZD,GDP q/q,High,0.2%,0.5%,0.9%,2026-03-18 16:45:00
2026-03-18,6:50pm,JPY,Core Machinery Orders m/m,Non-economic,-5.5%,-9.6%,19.1%,2026-03-18 18:50:00
2026-03-18,7:30pm,AUD,Employment Change,High,48.9K,20.8K,26.1K,2026-03-18 19:30:00
2026-03-18,7:30pm,AUD,Unemployment Rate,High,4.3%,4.1%,4.1%,2026-03-18 19:30:00
2026-03-18,7:30pm,AUD,RBA Financial Stability Review,Non-economic,,,,2026-03-18 19:30:00
2026-03-18,9:46pm,JPY,BOJ Policy Rate,High,<0.75%,<0.75%,<0.75%,2026-03-18 21:46:00
2026-03-18,9:46pm,JPY,Monetary Policy Statement,High,,,,2026-03-18 21:46:00
2026-03-18,11:30pm,JPY,Revised Industrial Production m/m,Non-economic,4.3%,2.2%,2.2%,2026-03-18 23:30:00
2026-03-19,1:30am,JPY,BOJ Press Conference,High,,,,2026-03-19 01:30:00
2026-03-19,2:00am,GBP,Claimant Count Change,High,24.7K,25.8K,4.7K,2026-03-19 02:00:00
2026-03-19,2:00am,GBP,Average Earnings Index 3m/y,Medium,3.9%,3.9%,4.2%,2026-03-19 02:00:00
2026-03-19,2:00am,GBP,Unemployment Rate,Non-economic,5.2%,5.3%,5.2%,2026-03-19 02:00:00
2026-03-19,3:30am,CHF,SNB Monetary Policy Assessment,High,,,,2026-03-19 03:30:00
2026-03-19,3:30am,CHF,SNB Policy Rate,High,0.00%,0.00%,0.00%,2026-03-19 03:30:00
2026-03-19,4:00am,CHF,SNB Press Conference,High,,,,2026-03-19 04:00:00
2026-03-19,All Day,EUR,Euro Summit,Non-economic,,,,2026-03-19 00:00:00
2026-03-19,4:44am,EUR,Spanish 10-y Bond Auction,Non-economic,3.48|2.3,,3.17|2.5,2026-03-19 04:44:00
2026-03-19,7:00am,GBP,Monetary Policy Summary,High,,,,2026-03-19 07:00:00
2026-03-19,7:00am,GBP,MPC Official Bank Rate Votes,High,0-0-9,0-2-7,0-4-5,2026-03-19 07:00:00
2026-03-19,7:00am,GBP,Official Bank Rate,High,3.75%,3.75%,3.75%,2026-03-19 07:00:00
2026-03-19,7:30am,USD,Unemployment Claims,High,205K,215K,213K,2026-03-19 07:30:00
2026-03-19,7:30am,USD,Philly Fed Manufacturing Index,Medium,18.1,8.3,16.3,2026-03-19 07:30:00
2026-03-19,8:15am,EUR,Main Refinancing Rate,High,2.15%,2.15%,2.15%,2026-03-19 08:15:00
2026-03-19,8:15am,EUR,Monetary Policy Statement,High,,,,2026-03-19 08:15:00
2026-03-19,8:45am,EUR,ECB Press Conference,High,,,,2026-03-19 08:45:00
2026-03-19,9:00am,USD,New Home Sales,Medium,587K,722K,712K,2026-03-19 09:00:00
2026-03-19,9:00am,USD,CB Leading Index m/m,Non-economic,-0.1%,-0.1%,-0.2%,2026-03-19 09:00:00
2026-03-19,9:00am,USD,Final Wholesale Inventories m/m,Non-economic,-0.5%,0.2%,0.2%,2026-03-19 09:00:00
2026-03-19,9:30am,USD,Natural Gas Storage,Non-economic,35B,39B,-38B,2026-03-19 09:30:00
2026-03-19,4:45pm,NZD,Trade Balance,Non-economic,-257M,-740M,-627M,2026-03-19 16:45:00
2026-03-19,All Day,JPY,Bank Holiday,Low,,,,2026-03-19 00:00:00
2026-03-19,8:00pm,CNY,1-y Loan Prime Rate,Non-economic,3.00%,3.00%,3.00%,2026-03-19 20:00:00
2026-03-19,8:00pm,CNY,5-y Loan Prime Rate,Non-economic,3.50%,3.50%,3.50%,2026-03-19 20:00:00
2026-03-19,9:00pm,NZD,Credit Card Spending y/y,Non-economic,-1.1%,,0.9%,2026-03-19 21:00:00
2026-03-20,2:00am,EUR,German PPI m/m,Non-economic,-0.5%,0.3%,-0.6%,2026-03-20 02:00:00
2026-03-20,2:00am,GBP,Public Sector Net Borrowing,Non-economic,14.3B,8.7B,-31.9B,2026-03-20 02:00:00
2026-03-20,4:00am,EUR,Current Account,Non-economic,37.9B,17.2B,13.3B,2026-03-20 04:00:00
2026-03-20,4:00am,EUR,Italian Trade Balance,Non-economic,1.09B,5.65B,5.99B,2026-03-20 04:00:00
2026-03-20,4:06am,CNY,Foreign Direct Investment ytd/y,Non-economic,-5.7%,,-5.7%,2026-03-20 04:06:00
2026-03-20,5:00am,EUR,Trade Balance,Non-economic,12.1B,12.8B,10.3B,2026-03-20 05:00:00
2026-03-20,6:00am,GBP,CBI Industrial Order Expectations,Non-economic,-27,-30,-28,2026-03-20 06:00:00
2026-03-20,7:30am,CAD,Core Retail Sales m/m,Medium,0.8%,1.2%,0.0%,2026-03-20 07:30:00
2026-03-20,7:30am,CAD,Retail Sales m/m,Medium,1.1%,1.4%,-0.4%,2026-03-20 07:30:00
2026-03-20,7:30am,CAD,IPPI m/m,Non-economic,0.4%,1.1%,2.8%,2026-03-20 07:30:00
2026-03-20,7:30am,CAD,NHPI m/m,Non-economic,0.3%,-0.2%,-0.4%,2026-03-20 07:30:00
2026-03-20,7:30am,CAD,RMPI m/m,Non-economic,0.6%,2.4%,7.7%,2026-03-20 07:30:00
2026-03-20,12:30pm,EUR,German Buba President Nagel Speaks,Non-economic,,,,2026-03-20 12:30:00
2026-03-21,12:30pm,USD,Fed Chairman Powell Speaks,Medium,,,,2026-03-21 12:30:00
2026-03-23,7:45am,USD,FOMC Member Miran Speaks,Non-economic,,,,2026-03-23 07:45:00
2026-03-23,9:00am,USD,Construction Spending m/m,Non-economic,-0.3%,0.1%,0.8%,2026-03-23 09:00:00
2026-03-23,10:00am,EUR,Consumer Confidence,Non-economic,-16,-15,-12,2026-03-23 10:00:00
2026-03-23,3:00pm,NZD,RBNZ Gov Breman Speaks,Medium,,,,2026-03-23 15:00:00
2026-03-23,5:00pm,AUD,Flash Manufacturing PMI,Non-economic,50.1,,51.0,2026-03-23 17:00:00
2026-03-23,5:00pm,AUD,Flash Services PMI,Non-economic,46.6,,52.8,2026-03-23 17:00:00
2026-03-23,6:30pm,JPY,National Core CPI y/y,Non-economic,1.6%,1.7%,2.0%,2026-03-23 18:30:00
2026-03-23,7:30pm,JPY,Flash Manufacturing PMI,Non-economic,51.4,53.2,53.0,2026-03-23 19:30:00
2026-03-24,3:15am,EUR,French Flash Manufacturing PMI,Medium,50.2,49.4,50.1,2026-03-24 03:15:00
2026-03-24,3:15am,EUR,French Flash Services PMI,Medium,48.3,49.2,49.6,2026-03-24 03:15:00
2026-03-24,3:30am,EUR,German Flash Manufacturing PMI,High,51.7,49.6,50.9,2026-03-24 03:30:00
2026-03-24,3:30am,EUR,German Flash Services PMI,High,51.2,52.5,53.5,2026-03-24 03:30:00
2026-03-24,4:00am,EUR,Flash Manufacturing PMI,Non-economic,51.4,49.4,50.8,2026-03-24 04:00:00
2026-03-24,4:00am,EUR,Flash Services PMI,Non-economic,50.1,51.1,51.9,2026-03-24 04:00:00
2026-03-24,4:30am,GBP,Flash Manufacturing PMI,High,51.4,50.0,51.7,2026-03-24 04:30:00
2026-03-24,4:30am,GBP,Flash Services PMI,High,51.2,52.8,53.9,2026-03-24 04:30:00
2026-03-24,5:02am,GBP,10-y Bond Auction,Non-economic,4.91|3.5,,4.59|3.6,2026-03-24 05:02:00
2026-03-24,6:00am,GBP,CBI Realized Sales,Non-economic,-52,-43,-43,2026-03-24 06:00:00
2026-03-24,7:15am,USD,ADP Weekly Employment Change,Non-economic,10.0K,,9.0K,2026-03-24 07:15:00
2026-03-24,7:30am,USD,Revised Nonfarm Productivity q/q,Non-economic,1.8%,1.9%,2.8%,2026-03-24 07:30:00
2026-03-24,7:30am,USD,Revised Unit Labor Costs q/q,Non-economic,4.4%,3.6%,2.8%,2026-03-24 07:30:00
2026-03-24,8:25am,GBP,MPC Member Pill Speaks,Non-economic,,,,2026-03-24 08:25:00
2026-03-24,8:45am,USD,Flash Manufacturing PMI,High,52.4,51.5,51.6,2026-03-24 08:45:00
2026-03-24,8:45am,USD,Flash Services PMI,High,51.1,52.0,51.7,2026-03-24 08:45:00
2026-03-24,9:00am,USD,Richmond Manufacturing Index,Medium,0,-8,-10,2026-03-24 09:00:00
2026-03-24,10:00am,EUR,German Buba President Nagel Speaks,Non-economic,,,,2026-03-24 10:00:00
2026-03-24,10:15am,CHF,Gov Board Member Tschudin Speaks,Non-economic,,,,2026-03-24 10:15:00
2026-03-24,12:00pm,CHF,SNB Chairman Schlegel Speaks,Medium,,,,2026-03-24 12:00:00
2026-03-24,3:30pm,USD,API Weekly Statistical Bulletin,Non-economic,,,,2026-03-24 15:30:00
2026-03-24,5:00pm,USD,FOMC Member Goolsbee Speaks,Non-economic,,,,2026-03-24 17:00:00
2026-03-24,5:30pm,USD,FOMC Member Barr Speaks,Non-economic,,,,2026-03-24 17:30:00
2026-03-24,6:50pm,JPY,Monetary Policy Meeting Minutes,Non-economic,,,,2026-03-24 18:50:00
2026-03-24,7:30pm,AUD,CPI m/m,High,0.0%,0.1%,0.4%,2026-03-24 19:30:00
2026-03-24,7:30pm,AUD,CPI y/y,High,3.7%,3.8%,3.8%,2026-03-24 19:30:00
2026-03-24,7:30pm,AUD,Trimmed Mean CPI m/m,High,0.2%,0.3%,0.3%,2026-03-24 19:30:00
2026-03-24,9:40pm,AUD,RBA Assist Gov Jones Speaks,Non-economic,,,,2026-03-24 21:40:00
2026-03-25,2:00am,GBP,CPI y/y,High,3.0%,3.0%,3.0%,2026-03-25 02:00:00
2026-03-25,2:00am,GBP,Core CPI y/y,Non-economic,3.2%,3.1%,3.1%,2026-03-25 02:00:00
2026-03-25,2:00am,GBP,PPI Input m/m,Non-economic,0.8%,0.5%,0.3%,2026-03-25 02:00:00
2026-03-25,2:00am,GBP,PPI Output m/m,Non-economic,-0.5%,0.3%,0.0%,2026-03-25 02:00:00
2026-03-25,2:00am,GBP,RPI y/y,Non-economic,3.6%,3.7%,3.8%,2026-03-25 02:00:00
2026-03-25,3:45am,EUR,ECB President Lagarde Speaks,Medium,,,,2026-03-25 03:45:00
2026-03-25,4:00am,CHF,UBS Economic Expectations,Non-economic,-35.0,,9.8,2026-03-25 04:00:00
2026-03-25,4:00am,EUR,German ifo Business Climate,Non-economic,86.4,86.2,88.4,2026-03-25 04:00:00
2026-03-25,4:30am,GBP,HPI y/y,Non-economic,1.3%,1.7%,1.9%,2026-03-25 04:30:00
2026-03-25,7:00am,GBP,MPC Member Greene Speaks,Non-economic,,,,2026-03-25 07:00:00
2026-03-25,7:30am,USD,Current Account,Non-economic,-191B,-211B,-239B,2026-03-25 07:30:00
2026-03-25,7:30am,USD,Import Prices m/m,Non-economic,1.3%,0.6%,0.6%,2026-03-25 07:30:00
2026-03-25,8:00am,CNY,CB Leading Index m/m,Non-economic,-0.2%,,0.1%,2026-03-25 08:00:00
2026-03-25,8:28am,EUR,Belgian NBB Business Climate,Non-economic,-13.7,-14.8,-13.7,2026-03-25 08:28:00
2026-03-25,9:00am,CHF,SNB Quarterly Bulletin,Non-economic,,,,2026-03-25 09:00:00
2026-03-25,9:30am,USD,Crude Oil Inventories,Non-economic,6.9M,-1.3M,6.2M,2026-03-25 09:30:00
2026-03-25,3:10pm,USD,FOMC Member Miran Speaks,Non-economic,,,,2026-03-25 15:10:00
2026-03-25,5:15pm,AUD,RBA Assist Gov Kent Speaks,Non-economic,,,,2026-03-25 17:15:00
2026-03-25,6:20pm,USD,President Trump Speaks,Medium,,,,2026-03-25 18:20:00
2026-03-25,6:50pm,JPY,SPPI y/y,Non-economic,2.7%,2.6%,2.6%,2026-03-25 18:50:00
2026-03-25,7:30pm,AUD,NAB Quarterly Business Confidence,Non-economic,-4,,0,2026-03-25 19:30:00
2026-03-26,12:02am,JPY,BOJ Core CPI y/y,Non-economic,1.7%,1.6%,1.7%,2026-03-26 00:02:00
2026-03-26,2:00am,EUR,German GfK Consumer Climate,Non-economic,-28.0,-27.3,-24.8,2026-03-26 02:00:00
2026-03-26,4:00am,EUR,M3 Money Supply y/y,Non-economic,3.0%,3.3%,3.2%,2026-03-26 04:00:00
2026-03-26,4:00am,EUR,Private Loans y/y,Non-economic,3.0%,3.1%,3.0%,2026-03-26 04:00:00
2026-03-26,4:30am,GBP,MPC Member Breeden Speaks,Non-economic,,,,2026-03-26 04:30:00
2026-03-26,5:02am,GBP,30-y Bond Auction,Non-economic,5.52|3.8,,5.29|3.2,2026-03-26 05:02:00
2026-03-26,6:00am,EUR,German Buba Monthly Report,Non-economic,,,,2026-03-26 06:00:00
2026-03-26,7:30am,USD,Unemployment Claims,High,210K,211K,205K,2026-03-26 07:30:00
2026-03-26,9:30am,USD,Natural Gas Storage,Non-economic,-54B,-49B,35B,2026-03-26 09:30:00
2026-03-26,11:00am,GBP,MPC Member Taylor Speaks,Non-economic,,,,2026-03-26 11:00:00
2026-03-26,11:30am,GBP,MPC Member Greene Speaks,Non-economic,,,,2026-03-26 11:30:00
2026-03-26,12:10pm,CAD,Gov Council Member Rogers Speaks,Non-economic,,,,2026-03-26 12:10:00
2026-03-26,3:00pm,USD,President Trump Speaks,Medium,,,,2026-03-26 15:00:00
2026-03-26,3:00pm,USD,FOMC Member Cook Speaks,Non-economic,,,,2026-03-26 15:00:00
2026-03-26,5:30pm,USD,FOMC Member Miran Speaks,Non-economic,,,,2026-03-26 17:30:00
2026-03-26,6:00pm,USD,FOMC Member Jefferson Speaks,Non-economic,,,,2026-03-26 18:00:00
2026-03-26,6:10pm,USD,FOMC Member Barr Speaks,Non-economic,,,,2026-03-26 18:10:00
2026-03-26,7:01pm,GBP,GfK Consumer Confidence,Non-economic,-21,-24,-19,2026-03-26 19:01:00
2026-03-27,2:00am,GBP,Retail Sales m/m,High,-0.4%,-0.6%,2.0%,2026-03-27 02:00:00
2026-03-27,3:00am,EUR,Spanish Flash CPI y/y,Non-economic,3.3%,3.6%,2.3%,2026-03-27 03:00:00
2026-03-27,All Day,EUR,Eurogroup Meetings,Non-economic,,,,2026-03-27 00:00:00
2026-03-27,5:04am,EUR,Italian 10-y Bond Auction,Non-economic,4.09|1.7,,3.31|1.5,2026-03-27 05:04:00
2026-03-27,9:00am,USD,Revised UoM Consumer Sentiment,Medium,53.3,53.9,55.5,2026-03-27 09:00:00
2026-03-27,9:00am,USD,Revised UoM Inflation Expectations,Non-economic,3.8%,,3.4%,2026-03-27 09:00:00
2026-03-27,10:00am,USD,FOMC Member Barkin Speaks,Non-economic,,,,2026-03-27 10:00:00
2026-03-27,10:30am,USD,FOMC Member Daly Speaks,Non-economic,,,,2026-03-27 10:30:00
2026-03-27,10:30am,USD,FOMC Member Paulson Speaks,Non-economic,,,,2026-03-27 10:30:00
2026-03-27,4:30pm,USD,President Trump Speaks,Medium,,,,2026-03-27 16:30:00
2026-03-28,7:00pm,CHF,Daylight Saving Time Shift,Low,,,,2026-03-28 19:00:00
2026-03-28,7:00pm,EUR,Daylight Saving Time Shift,Low,,,,2026-03-28 19:00:00
2026-03-28,7:00pm,GBP,Daylight Saving Time Shift,Low,,,,2026-03-28 19:00:00
2026-03-29,6:50pm,JPY,BOJ Summary of Opinions,Non-economic,,,,2026-03-29 18:50:00
2026-03-30,All Day,EUR,German Prelim CPI m/m,Medium,1.1%,1.1%,0.2%,2026-03-30 00:00:00
2026-03-30,2:00am,CHF,KOF Economic Barometer,Non-economic,96.1,101.1,103.8,2026-03-30 02:00:00
2026-03-30,3:30am,GBP,M4 Money Supply m/m,Non-economic,0.6%,0.1%,-0.1%,2026-03-30 03:30:00
2026-03-30,3:30am,GBP,Mortgage Approvals,Non-economic,63K,61K,60K,2026-03-30 03:30:00
2026-03-30,3:30am,GBP,Net Lending to Individuals m/m,Non-economic,6.8B,5.6B,6.0B,2026-03-30 03:30:00
2026-03-30,9:30am,USD,Fed Chairman Powell Speaks,High,,,,2026-03-30 09:30:00
2026-03-30,3:00pm,USD,FOMC Member Williams Speaks,Non-economic,,,,2026-03-30 15:00:00
2026-03-30,6:01pm,GBP,BRC Shop Price Index y/y,Non-economic,1.2%,1.2%,1.1%,2026-03-30 18:01:00
2026-03-30,6:30pm,JPY,Tokyo Core CPI y/y,Medium,1.7%,1.8%,1.8%,2026-03-30 18:30:00
2026-03-30,6:30pm,JPY,Unemployment Rate,Non-economic,2.6%,2.7%,2.7%,2026-03-30 18:30:00
2026-03-30,6:50pm,JPY,Prelim Industrial Production m/m,Non-economic,-2.1%,-2.1%,4.3%,2026-03-30 18:50:00
2026-03-30,6:50pm,JPY,Retail Sales y/y,Non-economic,-0.2%,0.9%,1.8%,2026-03-30 18:50:00
2026-03-30,7:00pm,NZD,ANZ Business Confidence,Non-economic,32.5,,59.2,2026-03-30 19:00:00
2026-03-30,7:30pm,AUD,Monetary Policy Meeting Minutes,Non-economic,,,,2026-03-30 19:30:00
2026-03-30,7:30pm,AUD,Private Sector Credit m/m,Non-economic,0.6%,0.6%,0.5%,2026-03-30 19:30:00
2026-03-30,8:30pm,CNY,Manufacturing PMI,Non-economic,50.4,50.1,49.0,2026-03-30 20:30:00
2026-03-30,8:30pm,CNY,Non-Manufacturing PMI,Non-economic,50.1,49.9,49.5,2026-03-30 20:30:00
2026-03-31,12:00am,JPY,Housing Starts y/y,Non-economic,-4.9%,-4.5%,-0.4%,2026-03-31 00:00:00
2026-03-31,1:00am,EUR,German Import Prices m/m,Non-economic,0.3%,0.7%,1.1%,2026-03-31 01:00:00
2026-03-31,1:00am,EUR,German Retail Sales m/m,Non-economic,-0.6%,0.3%,-1.1%,2026-03-31 01:00:00
2026-03-31,1:00am,GBP,Current Account,Non-economic,-18.4B,-24.0B,-10.7B,2026-03-31 01:00:00
2026-03-31,1:00am,GBP,Final GDP q/q,Non-economic,0.1%,0.1%,0.1%,2026-03-31 01:00:00
2026-03-31,1:00am,GBP,Nationwide HPI m/m,Non-economic,0.9%,0.0%,0.3%,2026-03-31 01:00:00
2026-03-31,1:00am,GBP,Revised Business Investment q/q,Non-economic,-2.5%,-2.7%,-2.7%,2026-03-31 01:00:00
2026-03-31,1:45am,EUR,French Consumer Spending m/m,Non-economic,-1.4%,-0.3%,0.4%,2026-03-31 01:45:00
2026-03-31,1:45am,EUR,French Prelim CPI m/m,Non-economic,0.9%,0.9%,0.6%,2026-03-31 01:45:00
2026-03-31,2:55am,EUR,German Unemployment Change,Non-economic,0K,2K,1K,2026-03-31 02:55:00
2026-03-31,4:00am,EUR,Core CPI Flash Estimate y/y,Medium,2.3%,2.4%,2.4%,2026-03-31 04:00:00
2026-03-31,4:00am,EUR,CPI Flash Estimate y/y,Medium,2.5%,2.6%,1.9%,2026-03-31 04:00:00
2026-03-31,4:00am,EUR,Italian Prelim CPI m/m,Non-economic,0.5%,0.6%,0.7%,2026-03-31 04:00:00
2026-03-31,7:30am,CAD,GDP m/m,High,0.1%,0.0%,0.2%,2026-03-31 07:30:00
2026-03-31,8:00am,USD,HPI m/m,Non-economic,0.1%,0.1%,0.3%,2026-03-31 08:00:00
2026-03-31,8:00am,USD,S&P/CS Composite-20 HPI y/y,Non-economic,1.2%,1.4%,1.4%,2026-03-31 08:00:00
2026-03-31,8:45am,USD,Chicago PMI,Non-economic,52.8,54.8,57.7,2026-03-31 08:45:00
2026-03-31,9:00am,USD,JOLTS Job Openings,High,6.88M,6.89M,7.24M,2026-03-31 09:00:00
2026-03-31,9:00am,USD,CB Consumer Confidence,Medium,91.8,87.8,91.0,2026-03-31 09:00:00
2026-03-31,11:00am,USD,FOMC Member Goolsbee Speaks,Non-economic,,,,2026-03-31 11:00:00
2026-03-31,12:10pm,USD,FOMC Member Schmid Speaks,Non-economic,,,,2026-03-31 12:10:00
2026-03-31,2:00pm,USD,FOMC Member Barr Speaks,Non-economic,,,,2026-03-31 14:00:00
2026-03-31,3:30pm,USD,API Weekly Statistical Bulletin,Non-economic,,,,2026-03-31 15:30:00
2026-03-31,4:10pm,USD,FOMC Member Bowman Speaks,Non-economic,,,,2026-03-31 16:10:00
2026-03-31,4:45pm,NZD,Building Consents m/m,Non-economic,2.7%,,2.0%,2026-03-31 16:45:00
2026-03-31,6:50pm,JPY,Tankan Manufacturing Index,Non-economic,17,16,15,2026-03-31 18:50:00
2026-03-31,6:50pm,JPY,Tankan Non-Manufacturing Index,Non-economic,36,33,34,2026-03-31 18:50:00
2026-03-31,7:30pm,AUD,Building Approvals m/m,Non-economic,29.7%,5.8%,-7.2%,2026-03-31 19:30:00
2026-03-31,7:30pm,JPY,Final Manufacturing PMI,Non-economic,51.6,51.6,51.4,2026-03-31 19:30:00
2026-03-31,8:45pm,CNY,RatingDog Manufacturing PMI,Non-economic,50.8,51.6,52.1,2026-03-31 20:45:00
2026-04-01,12:30am,AUD,Commodity Prices y/y,Non-economic,12.8%,,4.9%,2026-04-01 00:30:00
2026-04-01,1:30am,CHF,Retail Sales y/y,Non-economic,0.9%,1.5%,-0.6%,2026-04-01 01:30:00
2026-04-01,2:15am,EUR,Spanish Manufacturing PMI,Non-economic,48.7,50.5,50.0,2026-04-01 02:15:00
2026-04-01,2:30am,CHF,Manufacturing PMI,Non-economic,53.3,47.2,47.4,2026-04-01 02:30:00
2026-04-01,2:45am,EUR,Italian Manufacturing PMI,Non-economic,51.3,50.9,50.6,2026-04-01 02:45:00
2026-04-01,2:50am,EUR,French Final Manufacturing PMI,Non-economic,50.0,50.2,50.2,2026-04-01 02:50:00
2026-04-01,2:55am,EUR,German Final Manufacturing PMI,Non-economic,52.2,51.7,51.7,2026-04-01 02:55:00
2026-04-01,3:00am,EUR,Final Manufacturing PMI,Non-economic,51.6,51.4,51.4,2026-04-01 03:00:00
2026-04-01,3:00am,EUR,Italian Monthly Unemployment Rate,Non-economic,5.3%,5.2%,5.1%,2026-04-01 03:00:00
2026-04-01,3:30am,GBP,Final Manufacturing PMI,Non-economic,51.0,51.4,51.4,2026-04-01 03:30:00
2026-04-01,4:00am,EUR,Unemployment Rate,Non-economic,6.2%,6.1%,6.1%,2026-04-01 04:00:00
2026-04-01,4:30am,GBP,FPC Meeting Minutes,Non-economic,,,,2026-04-01 04:30:00
2026-04-01,4:30am,GBP,FPC Statement,Non-economic,,,,2026-04-01 04:30:00
2026-04-01,7:15am,USD,ADP Non-Farm Employment Change,High,62K,41K,66K,2026-04-01 07:15:00
2026-04-01,7:30am,USD,Core Retail Sales m/m,High,0.5%,0.3%,0.0%,2026-04-01 07:30:00
2026-04-01,7:30am,USD,Retail Sales m/m,High,0.6%,0.5%,-0.1%,2026-04-01 07:30:00
2026-04-01,8:05am,USD,FOMC Member Musalem Speaks,Non-economic,,,,2026-04-01 08:05:00
2026-04-01,8:10am,USD,FOMC Member Barr Speaks,Non-economic,,,,2026-04-01 08:10:00
2026-04-01,8:30am,CAD,Manufacturing PMI,Non-economic,50.0,,51.0,2026-04-01 08:30:00
2026-04-01,8:45am,USD,Final Manufacturing PMI,Non-economic,52.3,52.3,52.4,2026-04-01 08:45:00
2026-04-01,9:00am,USD,ISM Manufacturing PMI,High,52.7,52.3,52.4,2026-04-01 09:00:00
2026-04-01,9:00am,USD,ISM Manufacturing Prices,Medium,78.3,74.0,70.5,2026-04-01 09:00:00
2026-04-01,9:00am,USD,Business Inventories m/m,Non-economic,-0.1%,0.0%,0.0%,2026-04-01 09:00:00
2026-04-01,All Day,USD,Wards Total Vehicle Sales,Non-economic,16.3M,15.9M,15.8M,2026-04-01 00:00:00
2026-04-01,9:30am,USD,Crude Oil Inventories,Non-economic,5.5M,1.8M,6.9M,2026-04-01 09:30:00
2026-04-01,12:30pm,CAD,BOC Summary of Deliberations,Non-economic,,,,2026-04-01 12:30:00
2026-04-01,6:50pm,JPY,Monetary Base y/y,Non-economic,-11.6%,-10.8%,-10.6%,2026-04-01 18:50:00
2026-04-01,7:30pm,AUD,Goods Trade Balance,Non-economic,5.69B,2.81B,2.26B,2026-04-01 19:30:00
2026-04-01,8:00pm,USD,President Trump Speaks,High,,,,2026-04-01 20:00:00
2026-04-01,10:35pm,JPY,10-y Bond Auction,Non-economic,2.35|2.6,,2.12|3.3,2026-04-01 22:35:00
2026-04-02,1:30am,CHF,CPI m/m,Medium,0.2%,0.5%,0.6%,2026-04-02 01:30:00
2026-04-02,1:45am,EUR,French Gov Budget Balance,Non-economic,-32.1B,,-9.7B,2026-04-02 01:45:00
2026-04-02,3:00am,EUR,ECB Economic Bulletin,Non-economic,,,,2026-04-02 03:00:00
2026-04-02,3:55am,EUR,French 10-y Bond Auction,Non-economic,3.73|1.9,,3.39|2.2,2026-04-02 03:55:00
2026-04-02,4:06am,EUR,Italian Retail Sales m/m,Non-economic,0.0%,0.3%,0.6%,2026-04-02 04:06:00
2026-04-02,6:30am,USD,Challenger Job Cuts y/y,Non-economic,-78.0%,,-71.9%,2026-04-02 06:30:00
2026-04-02,7:30am,CAD,Trade Balance,Non-economic,-5.7B,-2.5B,-4.2B,2026-04-02 07:30:00
2026-04-02,7:30am,USD,Unemployment Claims,High,202K,212K,211K,2026-04-02 07:30:00
2026-04-02,7:30am,USD,Goods Trade Balance,Non-economic,-83.5B,,-80.9B,2026-04-02 07:30:00
2026-04-02,7:30am,USD,Trade Balance,Non-economic,-57.3B,-60.5B,-54.7B,2026-04-02 07:30:00
2026-04-02,9:15am,USD,FOMC Member Logan Speaks,Non-economic,,,,2026-04-02 09:15:00
2026-04-02,9:30am,USD,Natural Gas Storage,Non-economic,36B,38B,-54B,2026-04-02 09:30:00
2026-04-02,11:45am,USD,FOMC Member Bowman Speaks,Non-economic,,,,2026-04-02 11:45:00
2026-04-02,All Day,NZD,Bank Holiday,Low,,,,2026-04-02 00:00:00
2026-04-02,All Day,AUD,Bank Holiday,Low,,,,2026-04-02 00:00:00
2026-04-02,8:45pm,CNY,RatingDog Services PMI,Non-economic,52.1,53.6,56.7,2026-04-02 20:45:00
2026-04-03,All Day,CHF,Bank Holiday,Low,,,,2026-04-03 00:00:00
2026-04-03,All Day,EUR,German Bank Holiday,Low,,,,2026-04-03 00:00:00
2026-04-03,1:45am,EUR,French Industrial Production m/m,Non-economic,-0.7%,-0.1%,0.2%,2026-04-03 01:45:00
2026-04-03,All Day,GBP,Bank Holiday,Low,,,,2026-04-03 00:00:00
2026-04-03,All Day,CAD,Bank Holiday,Low,,,,2026-04-03 00:00:00
2026-04-03,7:30am,USD,Average Hourly Earnings m/m,High,0.2%,0.3%,0.4%,2026-04-03 07:30:00
2026-04-03,7:30am,USD,Non-Farm Employment Change,High,178K,65K,-133K,2026-04-03 07:30:00
2026-04-03,7:30am,USD,Unemployment Rate,High,4.3%,4.4%,4.4%,2026-04-03 07:30:00
2026-04-03,8:45am,USD,Final Services PMI,Non-economic,49.8,51.1,51.1,2026-04-03 08:45:00
2026-04-04,9:00am,NZD,Daylight Saving Time Shift,Low,,,,2026-04-04 09:00:00
2026-04-04,11:00am,AUD,Daylight Saving Time Shift,Low,,,,2026-04-04 11:00:00
2026-04-05,All Day,All,OPEC-JMMC Meetings,High,,,,2026-04-05 00:00:00
2026-04-05,All Day,NZD,Bank Holiday,Low,,,,2026-04-05 00:00:00
2026-04-05,All Day,AUD,Bank Holiday,Low,,,,2026-04-05 00:00:00
2026-04-05,All Day,CNY,Bank Holiday,Low,,,,2026-04-05 00:00:00
2026-04-06,All Day,CHF,Bank Holiday,Low,,,,2026-04-06 00:00:00
2026-04-06,All Day,EUR,French Bank Holiday,Low,,,,2026-04-06 00:00:00
2026-04-06,All Day,EUR,German Bank Holiday,Low,,,,2026-04-06 00:00:00
2026-04-06,All Day,EUR,Italian Bank Holiday,Low,,,,2026-04-06 00:00:00
2026-04-06,2:00am,EUR,Spanish Unemployment Change,Non-economic,-22.9K,10.3K,3.6K,2026-04-06 02:00:00
2026-04-06,All Day,GBP,Bank Holiday,Low,,,,2026-04-06 00:00:00
2026-04-06,9:00am,USD,ISM Services PMI,High,54.0,54.8,56.1,2026-04-06 09:00:00
2026-04-06,12:00pm,USD,President Trump Speaks,High,,,,2026-04-06 12:00:00
2026-04-06,6:30pm,JPY,Household Spending y/y,Non-economic,-1.8%,-0.8%,-1.0%,2026-04-06 18:30:00
2026-04-06,8:00pm,AUD,MI Inflation Gauge m/m,Non-economic,1.3%,,-0.2%,2026-04-06 20:00:00
2026-04-06,8:00pm,NZD,ANZ Commodity Prices m/m,Non-economic,4.1%,,4.2%,2026-04-06 20:00:00
2026-04-06,8:30pm,AUD,ANZ Job Advertisements m/m,Non-economic,-3.1%,,3.2%,2026-04-06 20:30:00
2026-04-06,8:30pm,AUD,Household Spending m/m,Non-economic,0.3%,0.2%,0.3%,2026-04-06 20:30:00
2026-04-06,10:35pm,JPY,30-y Bond Auction,Non-economic,3.70|3.1,,3.40|3.7,2026-04-06 22:35:00
2026-04-07,12:00am,JPY,Leading Indicators,Non-economic,112.4%,112.4%,112.1%,2026-04-07 00:00:00
2026-04-07,2:00am,CHF,Foreign Currency Reserves,Non-economic,721B,,710B,2026-04-07 02:00:00
2026-04-07,2:15am,EUR,Spanish Services PMI,Non-economic,53.3,50.7,51.9,2026-04-07 02:15:00
2026-04-07,2:45am,EUR,Italian Services PMI,Non-economic,48.8,51.0,52.3,2026-04-07 02:45:00
2026-04-07,2:50am,EUR,French Final Services PMI,Non-economic,48.8,48.3,48.3,2026-04-07 02:50:00
2026-04-07,2:55am,EUR,German Final Services PMI,Non-economic,50.9,51.2,51.2,2026-04-07 02:55:00
2026-04-07,3:00am,EUR,Final Services PMI,Non-economic,50.2,50.1,50.1,2026-04-07 03:00:00
2026-04-07,3:30am,EUR,Sentix Investor Confidence,Non-economic,-19.2,-7.8,-3.1,2026-04-07 03:30:00
2026-04-07,3:30am,GBP,Final Services PMI,Non-economic,50.5,51.1,51.2,2026-04-07 03:30:00
2026-04-07,7:15am,USD,ADP Weekly Employment Change,Non-economic,26.0K,,15.3K,2026-04-07 07:15:00
2026-04-07,7:30am,USD,Core Durable Goods Orders m/m,Medium,0.8%,0.5%,0.3%,2026-04-07 07:30:00
2026-04-07,7:30am,USD,Durable Goods Orders m/m,Medium,-1.4%,-1.1%,-0.5%,2026-04-07 07:30:00
2026-04-07,9:00am,CAD,Ivey PMI,Medium,49.7,55.9,56.6,2026-04-07 09:00:00
2026-04-07,9:01am,USD,RCM/TIPP Economic Optimism,Non-economic,42.8,48.1,47.5,2026-04-07 09:01:00
2026-04-07,9:35am,NZD,GDT Price Index,Non-economic,-3.4%,,0.1%,2026-04-07 09:35:00
2026-04-07,11:35am,USD,FOMC Member Goolsbee Speaks,Non-economic,,,,2026-04-07 11:35:00
2026-04-07,2:00pm,USD,Consumer Credit m/m,Non-economic,9.5B,10.3B,7.7B,2026-04-07 14:00:00
2026-04-07,3:30pm,USD,API Weekly Statistical Bulletin,Non-economic,,,,2026-04-07 15:30:00
2026-04-07,4:50pm,USD,FOMC Member Jefferson Speaks,Non-economic,,,,2026-04-07 16:50:00
2026-04-07,6:30pm,JPY,Average Cash Earnings y/y,Non-economic,3.3%,2.7%,2.5%,2026-04-07 18:30:00
2026-04-07,6:50pm,JPY,Current Account,Non-economic,2.71T,2.40T,3.13T,2026-04-07 18:50:00
2026-04-07,9:00pm,NZD,Official Cash Rate,High,2.25%,2.25%,2.25%,2026-04-07 21:00:00
2026-04-07,9:00pm,NZD,RBNZ Rate Statement,High,,,,2026-04-07 21:00:00
2026-04-07,10:00pm,NZD,RBNZ Press Conference,High,,,,2026-04-07 22:00:00
2026-04-08,12:00am,JPY,Economy Watchers Sentiment,Non-economic,42.2,48.0,48.9,2026-04-08 00:00:00
2026-04-08,1:00am,EUR,German Factory Orders m/m,Non-economic,0.9%,3.0%,-11.1%,2026-04-08 01:00:00
2026-04-08,1:04am,GBP,Halifax HPI m/m,Non-economic,-0.5%,0.2%,0.3%,2026-04-08 01:04:00
2026-04-08,1:45am,EUR,French Trade Balance,Non-economic,-5.8B,-2.4B,-2.0B,2026-04-08 01:45:00
2026-04-08,2:00am,CHF,Unemployment Rate,Non-economic,3.0%,3.0%,3.0%,2026-04-08 02:00:00
2026-04-08,3:30am,GBP,Construction PMI,Non-economic,45.6,43.6,44.5,2026-04-08 03:30:00
2026-04-08,3:30am,GBP,Housing Equity Withdrawal q/q,Non-economic,-13.8B,-9.6B,-11.2B,2026-04-08 03:30:00
2026-04-08,4:00am,EUR,PPI m/m,Non-economic,-0.7%,-0.6%,0.8%,2026-04-08 04:00:00
2026-04-08,4:00am,EUR,Retail Sales m/m,Non-economic,-0.2%,-0.2%,0.0%,2026-04-08 04:00:00
2026-04-08,4:32am,EUR,German 10-y Bond Auction,Non-economic,2.92|1.2,,2.89|1.2,2026-04-08 04:32:00
2026-04-08,9:30am,USD,Crude Oil Inventories,Non-economic,3.1M,-1.0M,5.5M,2026-04-08 09:30:00
2026-04-08,12:01pm,USD,10-y Bond Auction,Non-economic,4.28|2.4,,4.22|2.4,2026-04-08 12:01:00
2026-04-08,12:05pm,USD,FOMC Member Daly Speaks,Non-economic,,,,2026-04-08 12:05:00
2026-04-08,1:00pm,USD,FOMC Meeting Minutes,High,,,,2026-04-08 13:00:00
2026-04-08,6:01pm,GBP,RICS House Price Balance,Non-economic,-23%,-18%,-14%,2026-04-08 18:01:00
2026-04-09,12:00am,JPY,Consumer Confidence,Non-economic,33.3,38.3,40.0,2026-04-09 00:00:00
2026-04-09,1:00am,EUR,German Industrial Production m/m,Non-economic,-0.3%,0.6%,0.0%,2026-04-09 01:00:00
2026-04-09,1:00am,EUR,German Trade Balance,Non-economic,19.8B,18.1B,21.4B,2026-04-09 01:00:00
2026-04-09,1:00am,JPY,Prelim Machine Tool Orders y/y,Non-economic,28.1%,,24.2%,2026-04-09 01:00:00
2026-04-09,3:00am,CHF,SNB Chairman Schlegel Speaks,Non-economic,,,,2026-04-09 03:00:00
2026-04-09,3:30am,GBP,BOE Credit Conditions Survey,Non-economic,,,,2026-04-09 03:30:00
2026-04-09,3:40am,EUR,Spanish 10-y Bond Auction,Non-economic,3.44|2.0,,3.48|2.3,2026-04-09 03:40:00
2026-04-09,7:30am,USD,Core PCE Price Index m/m,High,0.4%,0.4%,0.4%,2026-04-09 07:30:00
2026-04-09,7:30am,USD,Final GDP q/q,High,0.5%,0.7%,0.7%,2026-04-09 07:30:00
2026-04-09,7:30am,USD,Unemployment Claims,Medium,219K,210K,203K,2026-04-09 07:30:00
2026-04-09,7:30am,USD,Personal Income m/m,Non-economic,-0.1%,0.3%,0.4%,2026-04-09 07:30:00
2026-04-09,7:30am,USD,Personal Spending m/m,Non-economic,0.5%,0.6%,0.3%,2026-04-09 07:30:00
2026-04-09,7:33am,USD,Final GDP Price Index q/q,Medium,3.7%,3.8%,3.8%,2026-04-09 07:33:00
2026-04-09,9:00am,USD,Final Wholesale Inventories m/m,Non-economic,0.8%,-0.1%,-0.5%,2026-04-09 09:00:00
2026-04-09,9:30am,USD,Natural Gas Storage,Non-economic,50B,41B,36B,2026-04-09 09:30:00
2026-04-09,12:01pm,USD,30-y Bond Auction,Non-economic,4.88|2.4,,4.87|2.5,2026-04-09 12:01:00
2026-04-09,5:30pm,NZD,BusinessNZ Manufacturing Index,Non-economic,53.2,,54.8,2026-04-09 17:30:00
2026-04-09,6:50pm,JPY,Bank Lending y/y,Non-economic,4.8%,4.4%,4.5%,2026-04-09 18:50:00
2026-04-09,6:50pm,JPY,PPI y/y,Non-economic,2.6%,2.4%,2.1%,2026-04-09 18:50:00
2026-04-09,8:30pm,CNY,CPI y/y,Medium,1.0%,1.2%,1.3%,2026-04-09 20:30:00
2026-04-09,8:30pm,CNY,PPI y/y,Medium,0.5%,0.4%,-0.9%,2026-04-09 20:30:00
2026-04-10,1:00am,EUR,German Final CPI m/m,Non-economic,1.1%,1.1%,1.1%,2026-04-10 01:00:00
2026-04-10,2:00am,CHF,SECO Consumer Climate,Non-economic,-43,-32,-30,2026-04-10 02:00:00
2026-04-10,3:00am,EUR,Italian Industrial Production m/m,Non-economic,0.1%,0.5%,-0.6%,2026-04-10 03:00:00
2026-04-10,7:30am,CAD,Employment Change,High,14.1K,14.5K,-83.9K,2026-04-10 07:30:00
2026-04-10,7:30am,CAD,Unemployment Rate,High,6.7%,6.8%,6.7%,2026-04-10 07:30:00
2026-04-10,7:30am,USD,Core CPI m/m,High,0.2%,0.3%,0.2%,2026-04-10 07:30:00
2026-04-10,7:30am,USD,CPI m/m,High,0.9%,1.0%,0.3%,2026-04-10 07:30:00
2026-04-10,7:30am,USD,CPI y/y,High,3.3%,3.4%,2.4%,2026-04-10 07:30:00
2026-04-10,9:00am,USD,Prelim UoM Consumer Sentiment,Medium,47.6,51.6,53.3,2026-04-10 09:00:00
2026-04-10,9:00am,USD,Prelim UoM Inflation Expectations,Medium,4.8%,,3.8%,2026-04-10 09:00:00
2026-04-10,9:00am,USD,Factory Orders m/m,Non-economic,0.0%,-0.3%,0.0%,2026-04-10 09:00:00
2026-04-10,12:58pm,USD,Federal Budget Balance,Non-economic,-164.1B,-157.8B,-307.5B,2026-04-10 12:58:00
2026-04-12,5:30pm,NZD,BusinessNZ Services Index,Non-economic,46.0,,47.6,2026-04-12 17:30:00
2026-04-12,6:50pm,JPY,M2 Money Stock y/y,Non-economic,2.0%,1.6%,1.7%,2026-04-12 18:50:00
2026-04-13,4:00am,CNY,M2 Money Supply y/y,Non-economic,8.5%,8.9%,9.0%,2026-04-13 04:00:00
2026-04-13,4:01am,CNY,New Loans,Non-economic,2990B,3465B,900B,2026-04-13 04:01:00
2026-04-13,7:30am,CAD,Building Permits m/m,Non-economic,-8.4%,-0.4%,3.5%,2026-04-13 07:30:00
2026-04-13,9:00am,USD,Existing Home Sales,Non-economic,3.98M,4.07M,4.13M,2026-04-13 09:00:00
2026-04-13,Day 1,All,IMF Meetings,Non-economic,,,,2026-04-13 00:00:00
2026-04-13,5:15pm,AUD,RBA Deputy Gov Hauser Speaks,Non-economic,,,,2026-04-13 17:15:00
2026-04-13,5:20pm,USD,FOMC Member Miran Speaks,Non-economic,,,,2026-04-13 17:20:00
2026-04-13,5:45pm,NZD,Visitor Arrivals m/m,Non-economic,1.7%,,1.1%,2026-04-13 17:45:00
2026-04-13,6:01pm,GBP,BRC Retail Sales Monitor y/y,Non-economic,3.1%,0.9%,0.7%,2026-04-13 18:01:00
2026-04-13,7:30pm,AUD,Westpac Consumer Sentiment,Non-economic,-12.5%,,1.2%,2026-04-13 19:30:00
2026-04-13,8:30pm,AUD,NAB Business Confidence,Non-economic,-29,,0,2026-04-13 20:30:00
2026-04-13,9:56pm,CNY,USD-Denominated Trade Balance,Non-economic,51.1B,107.2B,213.6B,2026-04-13 21:56:00
2026-04-13,9:57pm,CNY,Trade Balance,Non-economic,355B,760B,1503B,2026-04-13 21:57:00
2026-04-13,11:30pm,JPY,Revised Industrial Production m/m,Non-economic,-2.0%,-2.1%,-2.1%,2026-04-13 23:30:00
2026-04-14,1:00am,EUR,German WPI m/m,Non-economic,2.7%,0.4%,0.6%,2026-04-14 01:00:00
2026-04-14,3:50am,GBP,MPC Member Mann Speaks,Non-economic,,,,2026-04-14 03:50:00
2026-04-14,5:00am,USD,NFIB Small Business Index,Non-economic,95.8,97.8,98.8,2026-04-14 05:00:00
2026-04-14,7:15am,USD,ADP Weekly Employment Change,Non-economic,39.3K,,26.0K,2026-04-14 07:15:00
2026-04-14,7:30am,USD,Core PPI m/m,High,0.1%,0.4%,0.3%,2026-04-14 07:30:00
2026-04-14,7:30am,USD,PPI m/m,High,0.5%,1.1%,0.5%,2026-04-14 07:30:00
2026-04-14,8:30am,GBP,CB Leading Index m/m,Non-economic,-0.1%,,-0.1%,2026-04-14 08:30:00
2026-04-14,8:45am,USD,FOMC Member Goolsbee Speaks,Non-economic,,,,2026-04-14 08:45:00
2026-04-14,9:00am,EUR,ECB President Lagarde Speaks,Medium,,,,2026-04-14 09:00:00
2026-04-14,9:00am,GBP,MPC Member Greene Speaks,Non-economic,,,,2026-04-14 09:00:00
2026-04-14,9:15am,USD,FOMC Member Goolsbee Speaks,Non-economic,,,,2026-04-14 09:15:00
2026-04-14,Day 2,All,IMF Meetings,Non-economic,,,,2026-04-14 00:00:00
2026-04-14,11:05am,GBP,BOE Gov Bailey Speaks,Medium,,,,2026-04-14 11:05:00
2026-04-14,11:10am,USD,FOMC Member Goolsbee Speaks,Non-economic,,,,2026-04-14 11:10:00
2026-04-14,11:45am,USD,FOMC Member Barr Speaks,Non-economic,,,,2026-04-14 11:45:00
2026-04-14,12:00pm,USD,FOMC Member Barkin Speaks,Non-economic,,,,2026-04-14 12:00:00
2026-04-14,12:00pm,USD,FOMC Member Collins Speaks,Non-economic,,,,2026-04-14 12:00:00
2026-04-14,12:00pm,USD,FOMC Member Paulson Speaks,Non-economic,,,,2026-04-14 12:00:00
2026-04-14,3:10pm,GBP,MPC Member Breeden Speaks,Non-economic,,,,2026-04-14 15:10:00
2026-04-14,3:30pm,USD,API Weekly Statistical Bulletin,Non-economic,,,,2026-04-14 15:30:00
2026-04-14,4:00pm,EUR,ECB President Lagarde Speaks,Medium,,,,2026-04-14 16:00:00
2026-04-14,6:50pm,JPY,Core Machinery Orders m/m,Non-economic,13.6%,-1.1%,-5.5%,2026-04-14 18:50:00
2026-04-15,1:45am,EUR,French Final CPI m/m,Non-economic,1.0%,0.9%,0.9%,2026-04-15 01:45:00
2026-04-15,4:00am,EUR,Industrial Production m/m,Non-economic,0.4%,0.3%,-0.8%,2026-04-15 04:00:00
2026-04-15,4:34am,EUR,German 30-y Bond Auction,Non-economic,3.58|1.4,,3.45|1.7,2026-04-15 04:34:00
2026-04-15,5:00am,USD,President Trump Speaks,Medium,,,,2026-04-15 05:00:00
2026-04-15,7:30am,CAD,Manufacturing Sales m/m,Non-economic,3.6%,3.8%,-3.1%,2026-04-15 07:30:00
2026-04-15,7:30am,CAD,Wholesale Sales m/m,Non-economic,2.0%,2.3%,-1.1%,2026-04-15 07:30:00
2026-04-15,7:30am,USD,Empire State Manufacturing Index,Medium,11.0,0.3,-0.2,2026-04-15 07:30:00
2026-04-15,7:30am,USD,FOMC Member Barr Speaks,Non-economic,,,,2026-04-15 07:30:00
2026-04-15,7:30am,USD,FOMC Member Hammack Speaks,Non-economic,,,,2026-04-15 07:30:00
2026-04-15,7:30am,USD,Import Prices m/m,Non-economic,0.8%,2.3%,0.9%,2026-04-15 07:30:00
2026-04-15,9:00am,USD,NAHB Housing Market Index,Non-economic,34,37,38,2026-04-15 09:00:00
2026-04-15,Day 3,All,IMF Meetings,Non-economic,,,,2026-04-15 00:00:00
2026-04-15,9:30am,AUD,CB Leading Index m/m,Non-economic,1.1%,,0.1%,2026-04-15 09:30:00
2026-04-15,9:30am,USD,Crude Oil Inventories,Non-economic,-0.9M,2.1M,3.1M,2026-04-15 09:30:00
2026-04-15,10:50am,GBP,BOE Gov Bailey Speaks,Medium,,,,2026-04-15 10:50:00
2026-04-15,12:00pm,CHF,SNB Chairman Schlegel Speaks,Medium,,,,2026-04-15 12:00:00
2026-04-15,12:00pm,NZD,RBNZ Gov Breman Speaks,Medium,,,,2026-04-15 12:00:00
2026-04-15,12:45pm,USD,FOMC Member Bowman Speaks,Non-economic,,,,2026-04-15 12:45:00
2026-04-15,1:00pm,GBP,BOE Gov Bailey Speaks,Medium,,,,2026-04-15 13:00:00
2026-04-15,1:00pm,USD,Beige Book,Non-economic,,,,2026-04-15 13:00:00
2026-04-15,2:30pm,EUR,ECB President Lagarde Speaks,Medium,,,,2026-04-15 14:30:00
2026-04-15,3:00pm,AUD,RBA Deputy Gov Hauser Speaks,Non-economic,,,,2026-04-15 15:00:00
2026-04-15,3:04pm,USD,TIC Long-Term Purchases,Non-economic,58.6B,36.6B,2.4B,2026-04-15 15:04:00
2026-04-15,8:00pm,AUD,MI Inflation Expectations,Non-economic,5.9%,,5.2%,2026-04-15 20:00:00
2026-04-15,8:30pm,AUD,Employment Change,High,17.9K,19.1K,49.7K,2026-04-15 20:30:00
2026-04-15,8:30pm,AUD,Unemployment Rate,High,4.3%,4.3%,4.3%,2026-04-15 20:30:00
2026-04-15,8:30pm,CNY,New Home Prices m/m,Non-economic,-0.21%,,-0.28%,2026-04-15 20:30:00
2026-04-15,9:00pm,CNY,Fixed Asset Investment ytd/y,Non-economic,1.7%,1.9%,1.8%,2026-04-15 21:00:00
2026-04-15,9:00pm,CNY,GDP q/y,Non-economic,5.0%,4.8%,4.5%,2026-04-15 21:00:00
2026-04-15,9:00pm,CNY,Industrial Production y/y,Non-economic,5.7%,5.4%,6.3%,2026-04-15 21:00:00
2026-04-15,9:00pm,CNY,NBS Press Conference,Non-economic,,,,2026-04-15 21:00:00
2026-04-15,9:00pm,CNY,Retail Sales y/y,Non-economic,1.7%,2.4%,2.8%,2026-04-15 21:00:00
2026-04-15,9:00pm,CNY,Unemployment Rate,Non-economic,5.4%,5.2%,5.3%,2026-04-15 21:00:00
2026-04-16,1:00am,GBP,GDP m/m,High,0.5%,0.1%,0.1%,2026-04-16 01:00:00
2026-04-16,1:00am,GBP,Construction Output m/m,Non-economic,1.0%,-0.4%,0.5%,2026-04-16 01:00:00
2026-04-16,1:00am,GBP,Goods Trade Balance,Non-economic,-18.8B,-19.4B,-15.1B,2026-04-16 01:00:00
2026-04-16,1:00am,GBP,Index of Services 3m/3m,Non-economic,0.5%,0.3%,0.3%,2026-04-16 01:00:00
2026-04-16,1:00am,GBP,Industrial Production m/m,Non-economic,0.5%,0.3%,-0.1%,2026-04-16 01:00:00
2026-04-16,1:00am,GBP,Manufacturing Production m/m,Non-economic,-0.1%,0.3%,0.2%,2026-04-16 01:00:00
2026-04-16,1:30am,CHF,PPI m/m,Non-economic,0.2%,0.5%,-0.3%,2026-04-16 01:30:00
2026-04-16,2:30am,CHF,Summary of Monetary Policy Discussions,Non-economic,,,,2026-04-16 02:30:00
2026-04-16,4:00am,EUR,Final Core CPI y/y,Non-economic,2.3%,2.3%,2.3%,2026-04-16 04:00:00
2026-04-16,4:00am,EUR,Final CPI y/y,Non-economic,2.6%,2.5%,2.5%,2026-04-16 04:00:00
2026-04-16,6:30am,EUR,ECB Monetary Policy Meeting Accounts,Non-economic,,,,2026-04-16 06:30:00
2026-04-16,7:30am,USD,Philly Fed Manufacturing Index,Medium,26.7,10.3,18.1,2026-04-16 07:30:00
2026-04-16,7:30am,USD,Unemployment Claims,Medium,207K,213K,218K,2026-04-16 07:30:00
2026-04-16,7:35am,USD,FOMC Member Williams Speaks,Non-economic,,,,2026-04-16 07:35:00
2026-04-16,8:15am,USD,Capacity Utilization Rate,Non-economic,75.7%,76.3%,76.1%,2026-04-16 08:15:00
2026-04-16,8:15am,USD,Industrial Production m/m,Non-economic,-0.5%,0.1%,0.7%,2026-04-16 08:15:00
2026-04-16,Day 4,All,IMF Meetings,Non-economic,,,,2026-04-16 00:00:00
2026-04-16,9:30am,USD,Natural Gas Storage,Non-economic,59B,55B,50B,2026-04-16 09:30:00
2026-04-16,9:35am,USD,FOMC Member Miran Speaks,Non-economic,,,,2026-04-16 09:35:00
2026-04-16,10:40am,GBP,MPC Member Taylor Speaks,Non-economic,,,,2026-04-16 10:40:00
2026-04-16,11:00am,CHF,Gov Board Member Tschudin Speaks,Non-economic,,,,2026-04-16 11:00:00
2026-04-16,11:45am,EUR,German Buba President Nagel Speaks,Non-economic,,,,2026-04-16 11:45:00
2026-04-16,1:30pm,AUD,RBA Assist Gov Hunter Speaks,Non-economic,,,,2026-04-16 13:30:00
2026-04-16,2:00pm,GBP,MPC Member Taylor Speaks,Non-economic,,,,2026-04-16 14:00:00
2026-04-16,5:45pm,NZD,FPI m/m,Non-economic,-0.6%,,-0.1%,2026-04-16 17:45:00
2026-04-16,6:00pm,USD,President Trump Speaks,Medium,,,,2026-04-16 18:00:00
2026-04-17,3:00am,EUR,Current Account,Non-economic,24.9B,29.8B,40.4B,2026-04-17 03:00:00
2026-04-17,3:00am,EUR,Italian Trade Balance,Non-economic,4.94B,3.83B,1.13B,2026-04-17 03:00:00
2026-04-17,4:00am,EUR,Trade Balance,Non-economic,7.0B,11.7B,12.8B,2026-04-17 04:00:00
2026-04-17,7:00am,GBP,MPC Member Pill Speaks,Non-economic,,,,2026-04-17 07:00:00
2026-04-17,7:15am,CAD,Housing Starts,Non-economic,236K,258K,251K,2026-04-17 07:15:00
2026-04-17,7:30am,CAD,Foreign Securities Purchases,Non-economic,6.17B,23.81B,46.79B,2026-04-17 07:30:00
2026-04-17,Day 5,All,IMF Meetings,Non-economic,,,,2026-04-17 00:00:00
2026-04-17,10:30am,USD,FOMC Member Daly Speaks,Non-economic,,,,2026-04-17 10:30:00
2026-04-17,11:15am,USD,FOMC Member Barkin Speaks,Non-economic,,,,2026-04-17 11:15:00
2026-04-17,1:00pm,USD,FOMC Member Waller Speaks,Medium,,,,2026-04-17 13:00:00
2026-04-17,4:00pm,USD,President Trump Speaks,Medium,,,,2026-04-17 16:00:00
2026-04-18,Day 6,All,IMF Meetings,Non-economic,,,,2026-04-18 00:00:00
2026-04-19,5:45pm,NZD,Trade Balance,Non-economic,698M,175M,-365M,2026-04-19 17:45:00
2026-04-19,6:01pm,GBP,Rightmove HPI m/m,Non-economic,0.8%,,0.8%,2026-04-19 18:01:00
2026-04-19,8:00pm,CNY,1-y Loan Prime Rate,Non-economic,3.00%,3.00%,3.00%,2026-04-19 20:00:00
2026-04-19,8:00pm,CNY,5-y Loan Prime Rate,Non-economic,3.50%,3.50%,3.50%,2026-04-19 20:00:00
2026-04-19,11:30pm,JPY,Tertiary Industry Activity m/m,Non-economic,-0.4%,-0.4%,2.0%,2026-04-19 23:30:00
2026-04-20,1:00am,EUR,German PPI m/m,Non-economic,2.5%,1.4%,-0.5%,2026-04-20 01:00:00
2026-04-20,7:30am,CAD,CPI m/m,High,0.9%,1.1%,0.5%,2026-04-20 07:30:00
2026-04-20,7:30am,CAD,Median CPI y/y,High,2.3%,2.4%,2.3%,2026-04-20 07:30:00
2026-04-20,7:30am,CAD,Trimmed CPI y/y,High,2.2%,2.3%,2.3%,2026-04-20 07:30:00
2026-04-20,7:30am,CAD,Common CPI y/y,Medium,2.6%,2.6%,2.4%,2026-04-20 07:30:00
2026-04-20,7:30am,CAD,Core CPI m/m,Non-economic,0.2%,,0.4%,2026-04-20 07:30:00
2026-04-20,10:30am,CAD,BOC Business Outlook Survey,Non-economic,,,,2026-04-20 10:30:00
2026-04-20,11:40am,EUR,ECB President Lagarde Speaks,Medium,,,,2026-04-20 11:40:00
2026-04-20,5:00pm,NZD,NZIER Business Confidence,Non-economic,-4,,48,2026-04-20 17:00:00
2026-04-20,5:45pm,NZD,CPI q/q,High,0.9%,0.8%,0.6%,2026-04-20 17:45:00
2026-04-21,1:00am,GBP,Claimant Count Change,High,26.8K,22.6K,17.1K,2026-04-21 01:00:00
2026-04-21,1:00am,GBP,Average Earnings Index 3m/y,Medium,3.8%,3.6%,4.1%,2026-04-21 01:00:00
2026-04-21,1:00am,GBP,Unemployment Rate,Non-economic,4.9%,5.2%,5.2%,2026-04-21 01:00:00
2026-04-21,1:30am,EUR,German Buba President Nagel Speaks,Non-economic,,,,2026-04-21 01:30:00
2026-04-21,4:00am,EUR,German ZEW Economic Sentiment,Non-economic,-17.2,-5.9,-0.5,2026-04-21 04:00:00
2026-04-21,4:00am,EUR,ZEW Economic Sentiment,Non-economic,-20.4,-12.7,-8.5,2026-04-21 04:00:00
2026-04-21,7:15am,USD,ADP Weekly Employment Change,Non-economic,54.8K,,40.3K,2026-04-21 07:15:00
2026-04-21,7:30am,USD,Core Retail Sales m/m,High,1.9%,1.4%,0.7%,2026-04-21 07:30:00
2026-04-21,7:30am,USD,Retail Sales m/m,High,1.7%,1.4%,0.7%,2026-04-21 07:30:00
2026-04-21,7:30am,USD,President Trump Speaks,Medium,,,,2026-04-21 07:30:00
2026-04-21,9:00am,USD,Fed Chairman-Designate Warsh Testifies,High,,,,2026-04-21 09:00:00
2026-04-21,9:00am,USD,Pending Home Sales m/m,Medium,1.5%,0.0%,2.5%,2026-04-21 09:00:00
2026-04-21,9:00am,USD,Business Inventories m/m,Non-economic,0.4%,0.4%,0.0%,2026-04-21 09:00:00
2026-04-21,10:28am,NZD,GDT Price Index,Non-economic,-2.7%,,-3.4%,2026-04-21 10:28:00
2026-04-21,11:15am,CHF,Gov Board Member Tschudin Speaks,Non-economic,,,,2026-04-21 11:15:00
2026-04-21,1:30pm,USD,FOMC Member Waller Speaks,Non-economic,,,,2026-04-21 13:30:00
2026-04-21,3:30pm,USD,API Weekly Statistical Bulletin,Non-economic,,,,2026-04-21 15:30:00
2026-04-21,6:50pm,JPY,Trade Balance,Non-economic,0.09T,0.23T,-0.37T,2026-04-21 18:50:00
2026-04-21,7:30pm,AUD,MI Leading Index m/m,Non-economic,-0.1%,,-0.1%,2026-04-21 19:30:00
2026-04-22,12:45am,AUD,RBA Assist Gov Hunter Speaks,Non-economic,,,,2026-04-22 00:45:00
2026-04-22,1:00am,GBP,CPI y/y,High,3.3%,3.3%,3.0%,2026-04-22 01:00:00
2026-04-22,1:00am,GBP,Core CPI y/y,Non-economic,3.1%,3.2%,3.2%,2026-04-22 01:00:00
2026-04-22,1:00am,GBP,PPI Input m/m,Non-economic,4.4%,2.9%,0.9%,2026-04-22 01:00:00
2026-04-22,1:00am,GBP,PPI Output m/m,Non-economic,0.9%,1.0%,-0.5%,2026-04-22 01:00:00
2026-04-22,1:00am,GBP,RPI y/y,Non-economic,4.1%,3.9%,3.6%,2026-04-22 01:00:00
2026-04-22,3:05am,GBP,MPC Member Breeden Speaks,Non-economic,,,,2026-04-22 03:05:00
2026-04-22,3:30am,GBP,HPI y/y,Non-economic,1.2%,0.9%,1.0%,2026-04-22 03:30:00
2026-04-22,5:00am,EUR,German Buba Monthly Report,Non-economic,,,,2026-04-22 05:00:00
2026-04-22,7:30am,CAD,NHPI m/m,Non-economic,-0.2%,0.2%,0.3%,2026-04-22 07:30:00
2026-04-22,9:00am,EUR,Consumer Confidence,Non-economic,-21,-18,-16,2026-04-22 09:00:00
2026-04-22,9:30am,USD,Crude Oil Inventories,Non-economic,1.9M,-1.9M,-0.9M,2026-04-22 09:30:00
2026-04-22,12:00pm,EUR,German Buba President Nagel Speaks,Non-economic,,,,2026-04-22 12:00:00
2026-04-22,12:30pm,EUR,ECB President Lagarde Speaks,Medium,,,,2026-04-22 12:30:00
2026-04-22,6:00pm,AUD,Flash Manufacturing PMI,Non-economic,51.0,,49.8,2026-04-22 18:00:00
2026-04-22,6:00pm,AUD,Flash Services PMI,Non-economic,50.3,,46.3,2026-04-22 18:00:00
2026-04-22,7:30pm,JPY,Flash Manufacturing PMI,Non-economic,54.9,51.1,51.6,2026-04-22 19:30:00
2026-04-22,10:00pm,NZD,Credit Card Spending y/y,Non-economic,2.1%,,1.1%,2026-04-22 22:00:00
2026-04-23,1:00am,GBP,Public Sector Net Borrowing,Non-economic,12.6B,10.4B,12.8B,2026-04-23 01:00:00
2026-04-23,2:15am,EUR,French Flash Manufacturing PMI,Medium,52.8,49.5,50.0,2026-04-23 02:15:00
2026-04-23,2:15am,EUR,French Flash Services PMI,Medium,46.5,48.5,48.8,2026-04-23 02:15:00
2026-04-23,2:30am,EUR,German Flash Manufacturing PMI,High,51.2,51.4,52.2,2026-04-23 02:30:00
2026-04-23,2:30am,EUR,German Flash Services PMI,High,46.9,50.4,50.9,2026-04-23 02:30:00
2026-04-23,3:00am,EUR,Flash Manufacturing PMI,Non-economic,52.2,50.9,51.6,2026-04-23 03:00:00
2026-04-23,3:00am,EUR,Flash Services PMI,Non-economic,47.4,49.8,50.2,2026-04-23 03:00:00
2026-04-23,3:30am,GBP,Flash Manufacturing PMI,High,53.6,50.3,51.0,2026-04-23 03:30:00
2026-04-23,3:30am,GBP,Flash Services PMI,High,52.0,50.0,50.5,2026-04-23 03:30:00
2026-04-23,5:00am,GBP,CBI Industrial Order Expectations,Non-economic,-38,-34,-27,2026-04-23 05:00:00
2026-04-23,7:30am,CAD,IPPI m/m,Non-economic,2.4%,1.6%,0.6%,2026-04-23 07:30:00
2026-04-23,7:30am,CAD,RMPI m/m,Non-economic,12.0%,9.3%,0.9%,2026-04-23 07:30:00
2026-04-23,7:30am,USD,Unemployment Claims,Medium,214K,211K,208K,2026-04-23 07:30:00
2026-04-23,8:21am,GBP,GfK Consumer Confidence,Non-economic,-25,-24,-21,2026-04-23 08:21:00
2026-04-23,8:45am,USD,Flash Manufacturing PMI,Medium,54.0,52.5,52.3,2026-04-23 08:45:00
2026-04-23,8:45am,USD,Flash Services PMI,Medium,51.3,50.5,49.8,2026-04-23 08:45:00
2026-04-23,9:30am,USD,Natural Gas Storage,Non-economic,103B,96B,59B,2026-04-23 09:30:00
2026-04-23,10:00am,EUR,German Buba President Nagel Speaks,Non-economic,,,,2026-04-23 10:00:00
2026-04-23,6:30pm,JPY,National Core CPI y/y,Non-economic,1.8%,1.7%,1.6%,2026-04-23 18:30:00
2026-04-23,6:50pm,JPY,SPPI y/y,Non-economic,3.1%,3.0%,2.7%,2026-04-23 18:50:00
2026-04-24,1:00am,GBP,Retail Sales m/m,High,0.7%,0.0%,-0.6%,2026-04-24 01:00:00
2026-04-24,3:00am,CHF,SNB Chairman Schlegel Speaks,Medium,,,,2026-04-24 03:00:00
2026-04-24,3:00am,EUR,German ifo Business Climate,Non-economic,84.4,85.7,86.3,2026-04-24 03:00:00
2026-04-24,4:01am,CNY,Foreign Direct Investment ytd/y,Non-economic,-7.3%,,-5.7%,2026-04-24 04:01:00
2026-04-24,7:30am,CAD,Core Retail Sales m/m,Medium,0.5%,0.8%,1.0%,2026-04-24 07:30:00
2026-04-24,7:30am,CAD,Retail Sales m/m,Medium,0.7%,0.9%,1.2%,2026-04-24 07:30:00
2026-04-24,7:32am,EUR,Belgian NBB Business Climate,Non-economic,-14.2,-14.8,-13.7,2026-04-24 07:32:00
2026-04-24,9:00am,USD,Revised UoM Consumer Sentiment,Medium,49.8,48.5,47.6,2026-04-24 09:00:00
2026-04-24,9:00am,USD,Revised UoM Inflation Expectations,Non-economic,4.7%,,4.8%,2026-04-24 09:00:00
2026-04-25,11:00am,USD,President Trump Speaks,Medium,,,,2026-04-25 11:00:00
2026-04-25,9:45pm,USD,President Trump Speaks,Medium,,,,2026-04-25 21:45:00
2026-04-26,All Day,NZD,Bank Holiday,Low,,,,2026-04-26 00:00:00
2026-04-26,All Day,AUD,Bank Holiday,Low,,,,2026-04-26 00:00:00
2026-04-26,6:00pm,USD,President Trump Speaks,Medium,,,,2026-04-26 18:00:00
2026-04-27,1:00am,EUR,German GfK Consumer Climate,Non-economic,-33.3,-30.2,-28.1,2026-04-27 01:00:00
2026-04-27,5:00am,GBP,CBI Realized Sales,Non-economic,-68,-42,-52,2026-04-27 05:00:00
2026-04-27,8:00am,CNY,CB Leading Index m/m,Non-economic,-0.2%,,-0.2%,2026-04-27 08:00:00
2026-04-27,6:01pm,GBP,BRC Shop Price Index y/y,Non-economic,1.0%,1.4%,1.2%,2026-04-27 18:01:00
2026-04-27,6:30pm,JPY,Unemployment Rate,Non-economic,2.7%,2.6%,2.6%,2026-04-27 18:30:00
2026-04-27,10:04pm,JPY,BOJ Outlook Report,High,,,,2026-04-27 22:04:00
2026-04-27,10:04pm,JPY,BOJ Policy Rate,High,<0.75%,<0.75%,<0.75%,2026-04-27 22:04:00
2026-04-27,10:04pm,JPY,Monetary Policy Statement,High,,,,2026-04-27 22:04:00
2026-04-28,12:00am,JPY,BOJ Core CPI y/y,Non-economic,1.7%,1.9%,1.7%,2026-04-28 00:00:00
2026-04-28,1:30am,JPY,BOJ Press Conference,High,,,,2026-04-28 01:30:00
2026-04-28,2:00am,EUR,Spanish Unemployment Rate,Non-economic,10.8%,9.8%,9.9%,2026-04-28 02:00:00
2026-04-28,7:15am,USD,ADP Weekly Employment Change,Non-economic,39.3K,,40.3K,2026-04-28 07:15:00
2026-04-28,8:00am,USD,HPI m/m,Non-economic,0.0%,0.1%,0.2%,2026-04-28 08:00:00
2026-04-28,8:00am,USD,S&P/CS Composite-20 HPI y/y,Non-economic,0.9%,1.1%,1.2%,2026-04-28 08:00:00
2026-04-28,9:00am,USD,CB Consumer Confidence,Medium,92.8,89.0,92.2,2026-04-28 09:00:00
2026-04-28,9:00am,USD,Richmond Manufacturing Index,Non-economic,3,2,0,2026-04-28 09:00:00
2026-04-28,3:30pm,USD,API Weekly Statistical Bulletin,Non-economic,,,,2026-04-28 15:30:00
2026-04-28,All Day,JPY,Bank Holiday,Low,,,,2026-04-28 00:00:00
2026-04-28,7:30pm,NZD,RBNZ Gov Breman Speaks,Medium,,,,2026-04-28 19:30:00
2026-04-28,8:30pm,AUD,CPI m/m,High,1.1%,1.3%,0.0%,2026-04-28 20:30:00
2026-04-28,8:30pm,AUD,CPI y/y,High,4.6%,4.8%,3.7%,2026-04-28 20:30:00
2026-04-28,8:30pm,AUD,Trimmed Mean CPI m/m,High,0.3%,0.3%,0.2%,2026-04-28 20:30:00
2026-04-29,All Day,EUR,German Prelim CPI m/m,Medium,0.6%,0.7%,1.1%,2026-04-29 00:00:00
2026-04-29,2:00am,EUR,Spanish Flash CPI y/y,Non-economic,3.2%,3.5%,3.3%,2026-04-29 02:00:00
2026-04-29,3:00am,CHF,UBS Economic Expectations,Non-economic,-30.3,,-35.0,2026-04-29 03:00:00
2026-04-29,3:00am,EUR,M3 Money Supply y/y,Non-economic,3.2%,3.1%,3.0%,2026-04-29 03:00:00
2026-04-29,3:00am,EUR,Private Loans y/y,Non-economic,3.0%,3.1%,3.0%,2026-04-29 03:00:00
2026-04-29,4:17am,EUR,Italian 10-y Bond Auction,Non-economic,3.77|1.7,,4.09|1.7,2026-04-29 04:17:00
2026-04-29,4:32am,EUR,German 10-y Bond Auction,Non-economic,3.08|1.5,,2.92|1.2,2026-04-29 04:32:00
2026-04-29,Feb Data,USD,Building Permits,Non-economic,1.54M,,1.39M,2026-04-29 00:00:00
2026-04-29,Feb Data,USD,Housing Starts,Non-economic,1.36M,,1.40M,2026-04-29 00:00:00
2026-04-29,7:30am,USD,Building Permits,Non-economic,1.37M,1.39M,1.54M,2026-04-29 07:30:00
2026-04-29,7:30am,USD,Core Durable Goods Orders m/m,Non-economic,0.9%,0.4%,0.9%,2026-04-29 07:30:00
2026-04-29,7:30am,USD,Durable Goods Orders m/m,Non-economic,0.8%,0.4%,-1.3%,2026-04-29 07:30:00
2026-04-29,7:30am,USD,Goods Trade Balance,Non-economic,-87.9B,-87.5B,-83.5B,2026-04-29 07:30:00
2026-04-29,7:30am,USD,Housing Starts,Non-economic,1.50M,1.38M,1.36M,2026-04-29 07:30:00
2026-04-29,7:30am,USD,Prelim Wholesale Inventories m/m,Non-economic,1.4%,0.4%,0.9%,2026-04-29 07:30:00
2026-04-29,8:45am,CAD,BOC Monetary Policy Report,High,,,,2026-04-29 08:45:00
2026-04-29,8:45am,CAD,BOC Rate Statement,High,,,,2026-04-29 08:45:00
2026-04-29,8:45am,CAD,Overnight Rate,High,2.25%,2.25%,2.25%,2026-04-29 08:45:00
2026-04-29,9:30am,CAD,BOC Press Conference,High,,,,2026-04-29 09:30:00
2026-04-29,9:30am,USD,Crude Oil Inventories,Non-economic,-6.2M,0.3M,1.9M,2026-04-29 09:30:00
2026-04-29,1:00pm,USD,Federal Funds Rate,High,3.75%,3.75%,3.75%,2026-04-29 13:00:00
2026-04-29,1:00pm,USD,FOMC Statement,High,,,,2026-04-29 13:00:00
2026-04-29,1:30pm,USD,FOMC Press Conference,High,,,,2026-04-29 13:30:00
2026-04-29,6:50pm,JPY,Prelim Industrial Production m/m,Non-economic,,1.0%,-2.0%,2026-04-29 18:50:00
2026-04-29,6:50pm,JPY,Retail Sales y/y,Non-economic,,0.9%,-0.1%,2026-04-29 18:50:00
2026-04-29,8:00pm,NZD,ANZ Business Confidence,Non-economic,,,32.5,2026-04-29 20:00:00
2026-04-29,8:30pm,AUD,Import Prices q/q,Non-economic,,0.4%,0.9%,2026-04-29 20:30:00
2026-04-29,8:30pm,AUD,Private Sector Credit m/m,Non-economic,,0.6%,0.6%,2026-04-29 20:30:00
2026-04-29,8:30pm,CNY,Manufacturing PMI,Non-economic,,50.1,50.4,2026-04-29 20:30:00
2026-04-29,8:30pm,CNY,Non-Manufacturing PMI,Non-economic,,49.9,50.1,2026-04-29 20:30:00
2026-04-29,8:45pm,CNY,RatingDog Manufacturing PMI,Non-economic,,50.9,50.8,2026-04-29 20:45:00
2026-04-30,12:00am,JPY,Consumer Confidence,Non-economic,,32.8,33.3,2026-04-30 00:00:00
2026-04-30,12:00am,JPY,Housing Starts y/y,Non-economic,,-28.7%,-4.9%,2026-04-30 00:00:00
2026-04-30,12:30am,EUR,French Consumer Spending m/m,Non-economic,,0.7%,-1.4%,2026-04-30 00:30:00
2026-04-30,12:30am,EUR,French Flash GDP q/q,Non-economic,,0.2%,0.2%,2026-04-30 00:30:00
2026-04-30,1:00am,EUR,German Import Prices m/m,Non-economic,,3.6%,0.3%,2026-04-30 01:00:00
2026-04-30,1:00am,EUR,German Retail Sales m/m,Non-economic,,-0.3%,-0.6%,2026-04-30 01:00:00
2026-04-30,1:45am,EUR,French Prelim CPI m/m,Non-economic,,0.9%,1.0%,2026-04-30 01:45:00
2026-04-30,1:45am,EUR,French Prelim Private Payrolls q/q,Non-economic,,-0.1%,-0.1%,2026-04-30 01:45:00
2026-04-30,2:00am,CHF,KOF Economic Barometer,Non-economic,,95.8,96.1,2026-04-30 02:00:00
2026-04-30,2:00am,EUR,Spanish Flash GDP q/q,Non-economic,,0.5%,0.8%,2026-04-30 02:00:00
2026-04-30,2:55am,EUR,German Unemployment Change,Non-economic,,4K,0K,2026-04-30 02:55:00
2026-04-30,3:00am,EUR,German Prelim GDP q/q,Medium,,0.1%,0.3%,2026-04-30 03:00:00
2026-04-30,3:00am,EUR,Italian Prelim GDP q/q,Non-economic,,0.1%,0.3%,2026-04-30 03:00:00
2026-04-30,3:30am,EUR,Italian Monthly Unemployment Rate,Non-economic,,5.3%,5.3%,2026-04-30 03:30:00
2026-04-30,4:00am,EUR,Core CPI Flash Estimate y/y,Medium,,2.2%,2.3%,2026-04-30 04:00:00
2026-04-30,4:00am,EUR,CPI Flash Estimate y/y,Medium,,3.0%,2.6%,2026-04-30 04:00:00
2026-04-30,4:00am,EUR,Italian Prelim CPI m/m,Non-economic,,0.9%,0.5%,2026-04-30 04:00:00
2026-04-30,4:00am,EUR,Prelim Flash GDP q/q,Non-economic,,0.2%,0.2%,2026-04-30 04:00:00
2026-04-30,4:00am,EUR,Unemployment Rate,Non-economic,,6.2%,6.2%,2026-04-30 04:00:00
2026-04-30,6:00am,GBP,BOE Monetary Policy Report,High,,,,2026-04-30 06:00:00
2026-04-30,6:00am,GBP,Monetary Policy Summary,High,,,,2026-04-30 06:00:00
2026-04-30,6:00am,GBP,MPC Official Bank Rate Votes,High,,1-0-8,0-0-9,2026-04-30 06:00:00
2026-04-30,6:00am,GBP,Official Bank Rate,High,,3.75%,3.75%,2026-04-30 06:00:00
2026-04-30,Tentative,GBP,BOE Inflation Letter,Non-economic,,,,2026-04-30 00:00:00
2026-04-30,6:30am,GBP,BOE Gov Bailey Speaks,High,,,,2026-04-30 06:30:00
2026-04-30,7:15am,EUR,Main Refinancing Rate,High,,2.15%,2.15%,2026-04-30 07:15:00
2026-04-30,7:15am,EUR,Monetary Policy Statement,High,,,,2026-04-30 07:15:00
2026-04-30,7:30am,CAD,GDP m/m,High,,0.2%,0.1%,2026-04-30 07:30:00
2026-04-30,7:30am,USD,Advance GDP q/q,High,,2.2%,0.5%,2026-04-30 07:30:00
2026-04-30,7:30am,USD,Core PCE Price Index m/m,High,,0.3%,0.4%,2026-04-30 07:30:00
2026-04-30,7:30am,USD,Employment Cost Index q/q,High,,0.8%,0.7%,2026-04-30 07:30:00
2026-04-30,7:30am,USD,Advance GDP Price Index q/q,Medium,,3.8%,3.7%,2026-04-30 07:30:00
2026-04-30,7:30am,USD,Unemployment Claims,Medium,,213K,214K,2026-04-30 07:30:00
2026-04-30,7:30am,USD,Personal Income m/m,Non-economic,,0.3%,-0.1%,2026-04-30 07:30:00
2026-04-30,7:30am,USD,Personal Spending m/m,Non-economic,,0.9%,0.5%,2026-04-30 07:30:00
2026-04-30,7:45am,EUR,ECB Press Conference,High,,,,2026-04-30 07:45:00
2026-04-30,8:45am,USD,Chicago PMI,Non-economic,,54.8,52.8,2026-04-30 08:45:00
2026-04-30,9:00am,USD,CB Leading Index m/m,Non-economic,,-0.2%,-0.1%,2026-04-30 09:00:00
2026-04-30,9:30am,USD,Natural Gas Storage,Non-economic,,83B,103B,2026-04-30 09:30:00
2026-04-30,5:45pm,NZD,Building Consents m/m,Non-economic,,,2.7%,2026-04-30 17:45:00
2026-04-30,All Day,CNY,Bank Holiday,Low,,,,2026-04-30 00:00:00
2026-04-30,6:30pm,JPY,Tokyo Core CPI y/y,Medium,,1.8%,1.7%,2026-04-30 18:30:00
2026-04-30,7:30pm,JPY,Final Manufacturing PMI,Non-economic,,54.9,54.9,2026-04-30 19:30:00
2026-04-30,8:30pm,AUD,PPI q/q,Non-economic,,0.9%,0.8%,2026-04-30 20:30:00
2026-05-01,All Day,CHF,Bank Holiday,Low,,,,2026-05-01 00:00:00
2026-05-01,1:00am,GBP,Nationwide HPI m/m,Non-economic,,-0.3%,0.9%,2026-05-01 01:00:00
2026-05-01,All Day,EUR,French Bank Holiday,Low,,,,2026-05-01 00:00:00
2026-05-01,All Day,EUR,German Bank Holiday,Low,,,,2026-05-01 00:00:00
2026-05-01,All Day,EUR,Italian Bank Holiday,Low,,,,2026-05-01 00:00:00
2026-05-01,1:30am,AUD,Commodity Prices y/y,Non-economic,,,12.8%,2026-05-01 01:30:00
2026-05-01,1:30am,CHF,Retail Sales y/y,Non-economic,,0.6%,0.9%,2026-05-01 01:30:00
2026-05-01,3:30am,GBP,Final Manufacturing PMI,Non-economic,,53.3,53.6,2026-05-01 03:30:00
2026-05-01,3:30am,GBP,M4 Money Supply m/m,Non-economic,,0.5%,0.6%,2026-05-01 03:30:00
2026-05-01,3:30am,GBP,Mortgage Approvals,Non-economic,,60K,63K,2026-05-01 03:30:00
2026-05-01,3:30am,GBP,Net Lending to Individuals m/m,Non-economic,,5.9B,6.8B,2026-05-01 03:30:00
2026-05-01,6:15am,GBP,MPC Member Pill Speaks,Non-economic,,,,2026-05-01 06:15:00
2026-05-01,8:30am,CAD,Manufacturing PMI,Non-economic,,,50.0,2026-05-01 08:30:00
2026-05-01,8:45am,USD,Final Manufacturing PMI,Non-economic,,54.0,54.0,2026-05-01 08:45:00
2026-05-01,9:00am,USD,ISM Manufacturing PMI,Medium,,53.1,52.7,2026-05-01 09:00:00
2026-05-01,9:00am,USD,ISM Manufacturing Prices,Medium,,80.0,78.3,2026-05-01 09:00:00
2026-05-01,All Day,USD,Wards Total Vehicle Sales,Non-economic,,16.0M,16.3M,2026-05-01 00:00:00
2026-05-03,All Day,JPY,Bank Holiday,Low,,,,2026-05-03 00:00:00
2026-05-03,All Day,CNY,Bank Holiday,Low,,,,2026-05-03 00:00:00
2026-05-03,8:00pm,AUD,MI Inflation Gauge m/m,Non-economic,,,1.3%,2026-05-03 20:00:00
2026-05-03,8:30pm,AUD,ANZ Job Advertisements m/m,Non-economic,,,-3.1%,2026-05-03 20:30:00
2026-05-03,8:30pm,AUD,Building Approvals m/m,Non-economic,,,29.7%,2026-05-03 20:30:00
2026-05-04,All Day,GBP,Bank Holiday,Low,,,,2026-05-04 00:00:00
2026-05-04,2:15am,EUR,Spanish Manufacturing PMI,Non-economic,,,48.7,2026-05-04 02:15:00
2026-05-04,2:30am,CHF,Manufacturing PMI,Non-economic,,,53.3,2026-05-04 02:30:00
2026-05-04,2:45am,EUR,Italian Manufacturing PMI,Non-economic,,,51.3,2026-05-04 02:45:00
2026-05-04,2:50am,EUR,French Final Manufacturing PMI,Non-economic,,,52.8,2026-05-04 02:50:00
2026-05-04,2:55am,EUR,German Final Manufacturing PMI,Non-economic,,,51.2,2026-05-04 02:55:00
2026-05-04,3:00am,EUR,Final Manufacturing PMI,Non-economic,,,52.2,2026-05-04 03:00:00
2026-05-04,3:30am,EUR,Sentix Investor Confidence,Non-economic,,,-19.2,2026-05-04 03:30:00
2026-05-04,All Day,EUR,Eurogroup Meetings,Non-economic,,,,2026-05-04 00:00:00
2026-05-04,9:00am,USD,Factory Orders m/m,Non-economic,,,0.0%,2026-05-04 09:00:00
2026-05-04,Tentative,USD,Loan Officer Survey,Non-economic,,,,2026-05-04 00:00:00
2026-05-04,All Day,JPY,Bank Holiday,Low,,,,2026-05-04 00:00:00
2026-05-04,All Day,CNY,Bank Holiday,Low,,,,2026-05-04 00:00:00
2026-05-04,8:00pm,NZD,ANZ Commodity Prices m/m,Non-economic,,,4.1%,2026-05-04 20:00:00
2026-05-04,8:30pm,AUD,Household Spending m/m,Non-economic,,,0.3%,2026-05-04 20:30:00
2026-05-04,11:30pm,AUD,Cash Rate,High,,,4.10%,2026-05-04 23:30:00
2026-05-04,11:30pm,AUD,RBA Monetary Policy Statement,High,,,,2026-05-04 23:30:00
2026-05-04,11:30pm,AUD,RBA Rate Statement,High,,,,2026-05-04 23:30:00
2026-05-05,12:30am,AUD,RBA Press Conference,High,,,,2026-05-05 00:30:00
2026-05-05,1:30am,CHF,CPI m/m,Medium,,,0.2%,2026-05-05 01:30:00
2026-05-05,1:45am,EUR,French Gov Budget Balance,Non-economic,,,-32.1B,2026-05-05 01:45:00
2026-05-05,2:00am,EUR,Spanish Unemployment Change,Non-economic,,,-22.9K,2026-05-05 02:00:00
2026-05-05,All Day,EUR,ECOFIN Meetings,Non-economic,,,,2026-05-05 00:00:00
2026-05-05,7:30am,CAD,Trade Balance,Non-economic,,,-5.7B,2026-05-05 07:30:00
2026-05-05,7:30am,USD,Trade Balance,Non-economic,,,-57.3B,2026-05-05 07:30:00
2026-05-05,8:45am,USD,Final Services PMI,Non-economic,,,51.3,2026-05-05 08:45:00
2026-05-05,9:00am,USD,ISM Services PMI,High,,,54.0,2026-05-05 09:00:00
2026-05-05,9:00am,USD,JOLTS Job Openings,High,,,6.88M,2026-05-05 09:00:00
2026-05-05,9:00am,USD,New Home Sales,Medium,,,,2026-05-05 09:00:00
2026-05-05,Feb Data,USD,New Home Sales,Medium,,,587K,2026-05-05 00:00:00
2026-05-05,Tentative,USD,RCM/TIPP Economic Optimism,Non-economic,,,42.8,2026-05-05 00:00:00
2026-05-05,Tentative,NZD,GDT Price Index,Non-economic,,,-2.7%,2026-05-05 00:00:00
2026-05-05,3:30pm,USD,API Weekly Statistical Bulletin,Non-economic,,,,2026-05-05 15:30:00
2026-05-05,4:00pm,NZD,RBNZ Financial Stability Report,Non-economic,,,,2026-05-05 16:00:00
2026-05-05,5:45pm,NZD,Employment Change q/q,High,,,0.5%,2026-05-05 17:45:00
2026-05-05,5:45pm,NZD,Unemployment Rate,High,,,5.4%,2026-05-05 17:45:00
2026-05-05,5:45pm,NZD,Labor Cost Index q/q,Non-economic,,,0.4%,2026-05-05 17:45:00
2026-05-05,All Day,JPY,Bank Holiday,Low,,,,2026-05-05 00:00:00
2026-05-05,8:45pm,CNY,RatingDog Services PMI,Non-economic,,,52.1,2026-05-05 20:45:00
2026-05-06,1:45am,EUR,French Industrial Production m/m,Non-economic,,,-0.7%,2026-05-06 01:45:00
2026-05-06,2:15am,EUR,Spanish Services PMI,Non-economic,,,53.3,2026-05-06 02:15:00
2026-05-06,2:45am,EUR,Italian Services PMI,Non-economic,,,48.8,2026-05-06 02:45:00
2026-05-06,2:50am,EUR,French Final Services PMI,Non-economic,,,46.5,2026-05-06 02:50:00
2026-05-06,2:55am,EUR,German Final Services PMI,Non-economic,,,46.9,2026-05-06 02:55:00
2026-05-06,3:00am,EUR,Final Services PMI,Non-economic,,,47.4,2026-05-06 03:00:00
2026-05-06,3:00am,EUR,Italian Retail Sales m/m,Non-economic,,,0.0%,2026-05-06 03:00:00
2026-05-06,3:30am,GBP,Final Services PMI,Non-economic,,,52.0,2026-05-06 03:30:00
2026-05-06,4:00am,EUR,PPI m/m,Non-economic,,,-0.7%,2026-05-06 04:00:00
2026-05-06,7:15am,USD,ADP Non-Farm Employment Change,Medium,,,62K,2026-05-06 07:15:00
2026-05-06,9:00am,CAD,Ivey PMI,Medium,,,49.7,2026-05-06 09:00:00
2026-05-06,9:30am,USD,Crude Oil Inventories,Non-economic,,,,2026-05-06 09:30:00
2026-05-06,6:50pm,JPY,Monetary Base y/y,Non-economic,,,-11.6%,2026-05-06 18:50:00
2026-05-06,6:50pm,JPY,Monetary Policy Meeting Minutes,Non-economic,,,,2026-05-06 18:50:00
2026-05-06,8:30pm,AUD,Goods Trade Balance,Non-economic,,,5.69B,2026-05-06 20:30:00
2026-05-07,1:00am,EUR,German Factory Orders m/m,Non-economic,,,0.9%,2026-05-07 01:00:00
2026-05-07,1:45am,EUR,French Trade Balance,Non-economic,,,-5.8B,2026-05-07 01:45:00
2026-05-07,2:00am,CHF,Foreign Currency Reserves,Non-economic,,,721B,2026-05-07 02:00:00
2026-05-07,2:00am,CHF,Unemployment Rate,Non-economic,,,3.0%,2026-05-07 02:00:00
2026-05-07,3:30am,GBP,Construction PMI,Non-economic,,,45.6,2026-05-07 03:30:00
2026-05-07,4:00am,EUR,Retail Sales m/m,Non-economic,,,-0.2%,2026-05-07 04:00:00
2026-05-07,Tentative,EUR,Spanish 10-y Bond Auction,Non-economic,,,,2026-05-07 00:00:00
2026-05-07,Tentative,EUR,French 10-y Bond Auction,Non-economic,,,,2026-05-07 00:00:00
2026-05-07,6:30am,USD,Challenger Job Cuts y/y,Non-economic,,,-78.0%,2026-05-07 06:30:00
2026-05-07,7:30am,USD,Unemployment Claims,Medium,,,,2026-05-07 07:30:00
2026-05-07,7:30am,USD,Prelim Nonfarm Productivity q/q,Non-economic,,,1.8%,2026-05-07 07:30:00
2026-05-07,7:30am,USD,Prelim Unit Labor Costs q/q,Non-economic,,,4.4%,2026-05-07 07:30:00
2026-05-07,9:00am,USD,Construction Spending m/m,Non-economic,,,,2026-05-07 09:00:00
2026-05-07,Feb Data,USD,Construction Spending m/m,Non-economic,,,-0.3%,2026-05-07 00:00:00
2026-05-07,9:30am,USD,Natural Gas Storage,Non-economic,,,,2026-05-07 09:30:00
2026-05-07,2:00pm,USD,Consumer Credit m/m,Non-economic,,,9.5B,2026-05-07 14:00:00
2026-05-07,Tentative,USD,FOMC Financial Stability Report,Non-economic,,,,2026-05-07 00:00:00
2026-05-07,6:30pm,JPY,Average Cash Earnings y/y,Non-economic,,,3.4%,2026-05-07 18:30:00
2026-05-07,Tentative,CNY,Trade Balance,Non-economic,,,355B,2026-05-07 00:00:00
2026-05-07,Tentative,CNY,USD-Denominated Trade Balance,Non-economic,,,51.1B,2026-05-07 00:00:00
2026-05-08,1:00am,EUR,German Industrial Production m/m,Non-economic,,,-0.3%,2026-05-08 01:00:00
2026-05-08,1:00am,EUR,German Trade Balance,Non-economic,,,19.8B,2026-05-08 01:00:00
2026-05-08,1:00am,GBP,Halifax HPI m/m,Non-economic,,,-0.5%,2026-05-08 01:00:00
2026-05-08,8th-11th,JPY,Prelim Machine Tool Orders y/y,Non-economic,,,,2026-05-08 00:00:00
2026-05-08,All Day,EUR,French Bank Holiday,Low,,,,2026-05-08 00:00:00
2026-05-08,2:00am,CHF,SECO Consumer Climate,Non-economic,,,-43,2026-05-08 02:00:00
2026-05-08,7:30am,CAD,Employment Change,High,,,14.1K,2026-05-08 07:30:00
2026-05-08,7:30am,CAD,Unemployment Rate,High,,,6.7%,2026-05-08 07:30:00
2026-05-08,7:30am,USD,Average Hourly Earnings m/m,High,,,0.2%,2026-05-08 07:30:00
2026-05-08,7:30am,USD,Non-Farm Employment Change,High,,,178K,2026-05-08 07:30:00
2026-05-08,7:30am,USD,Unemployment Rate,High,,,4.3%,2026-05-08 07:30:00
2026-05-08,9:00am,USD,Prelim UoM Consumer Sentiment,Medium,,,49.8,2026-05-08 09:00:00
2026-05-08,9:00am,USD,Prelim UoM Inflation Expectations,Medium,,,4.7%,2026-05-08 09:00:00
2026-05-08,9:00am,USD,Final Wholesale Inventories m/m,Non-economic,,,,2026-05-08 09:00:00
2026-05-08,Tentative,USD,Treasury Currency Report,Non-economic,,,,2026-05-08 00:00:00
2026-05-10,8:30pm,CNY,CPI y/y,Medium,,,,2026-05-10 20:30:00
2026-05-10,8:30pm,CNY,PPI y/y,Medium,,,,2026-05-10 20:30:00
2026-05-11,5:00am,EUR,German Buba Monthly Report,Non-economic,,,,2026-05-11 05:00:00
2026-05-11,Tentative,USD,Fed Chair Nomination Vote,High,,Pass,,2026-05-11 00:00:00
2026-05-11,Tentative,USD,Cleveland Fed Inflation Expectations,Non-economic,,,,2026-05-11 00:00:00
2026-05-11,9:00am,USD,Existing Home Sales,Non-economic,,,,2026-05-11 09:00:00
2026-05-11,6:01pm,GBP,BRC Retail Sales Monitor y/y,Non-economic,,,,2026-05-11 18:01:00
2026-05-11,6:30pm,JPY,Household Spending y/y,Non-economic,,,,2026-05-11 18:30:00
2026-05-11,6:50pm,JPY,BOJ Summary of Opinions,Non-economic,,,,2026-05-11 18:50:00
2026-05-11,7:30pm,AUD,Westpac Consumer Sentiment,Non-economic,,,,2026-05-11 19:30:00
2026-05-11,8:30pm,AUD,NAB Business Confidence,Non-economic,,,,2026-05-11 20:30:00
2026-05-11,10:35pm,JPY,10-y Bond Auction,Non-economic,,,,2026-05-11 22:35:00
2026-05-12,12:00am,JPY,Leading Indicators,Non-economic,,,,2026-05-12 00:00:00
2026-05-12,1:00am,EUR,German Final CPI m/m,Non-economic,,,,2026-05-12 01:00:00
2026-05-12,12th-15th,EUR,German WPI m/m,Non-economic,,,,2026-05-12 00:00:00
2026-05-12,1:30am,CHF,PPI m/m,Non-economic,,,,2026-05-12 01:30:00
2026-05-12,3:00am,EUR,Italian Industrial Production m/m,Non-economic,,,,2026-05-12 03:00:00
2026-05-12,4:00am,EUR,German ZEW Economic Sentiment,Non-economic,,,,2026-05-12 04:00:00
2026-05-12,4:00am,EUR,ZEW Economic Sentiment,Non-economic,,,,2026-05-12 04:00:00
2026-05-12,4:30am,AUD,Annual Budget Release,Non-economic,,,,2026-05-12 04:30:00
2026-05-12,5:00am,USD,NFIB Small Business Index,Non-economic,,,,2026-05-12 05:00:00
2026-05-12,7:15am,USD,ADP Weekly Employment Change,Non-economic,,,,2026-05-12 07:15:00
2026-05-12,7:30am,USD,Core CPI m/m,High,,,,2026-05-12 07:30:00
2026-05-12,7:30am,USD,CPI m/m,High,,,,2026-05-12 07:30:00
2026-05-12,7:30am,USD,CPI y/y,High,,,,2026-05-12 07:30:00
2026-05-12,9:30am,AUD,CB Leading Index m/m,Non-economic,,,,2026-05-12 09:30:00
2026-05-12,12:01pm,USD,10-y Bond Auction,Non-economic,,,,2026-05-12 12:01:00
2026-05-12,1:00pm,USD,Federal Budget Balance,Non-economic,,,,2026-05-12 13:00:00
2026-05-12,3:30pm,USD,API Weekly Statistical Bulletin,Non-economic,,,,2026-05-12 15:30:00
2026-05-12,6:50pm,JPY,Bank Lending y/y,Non-economic,,,,2026-05-12 18:50:00
2026-05-12,6:50pm,JPY,Current Account,Non-economic,,,,2026-05-12 18:50:00
2026-05-12,8:30pm,AUD,Wage Price Index q/q,Medium,,,,2026-05-12 20:30:00
2026-05-12,10:00pm,NZD,Inflation Expectations q/q,Non-economic,,,,2026-05-12 22:00:00
2026-05-13,12:00am,JPY,Economy Watchers Sentiment,Non-economic,,,,2026-05-13 00:00:00
2026-05-13,Tentative,CNY,Foreign Direct Investment ytd/y,Non-economic,,,,2026-05-13 00:00:00
2026-05-13,1:45am,EUR,French Final CPI m/m,Non-economic,,,,2026-05-13 01:45:00
2026-05-13,4:00am,EUR,Flash Employment Change q/q,Non-economic,,,,2026-05-13 04:00:00
2026-05-13,4:00am,EUR,Flash GDP q/q,Non-economic,,,,2026-05-13 04:00:00
2026-05-13,4:00am,EUR,Industrial Production m/m,Non-economic,,,,2026-05-13 04:00:00
2026-05-13,Tentative,GBP,10-y Bond Auction,Non-economic,,,,2026-05-13 00:00:00
2026-05-13,Tentative,EUR,German 30-y Bond Auction,Non-economic,,,,2026-05-13 00:00:00
2026-05-13,7:30am,USD,Core PPI m/m,High,,,,2026-05-13 07:30:00
2026-05-13,7:30am,USD,PPI m/m,High,,,,2026-05-13 07:30:00
2026-05-13,8:30am,GBP,CB Leading Index m/m,Non-economic,,,,2026-05-13 08:30:00
2026-05-13,9:30am,USD,Crude Oil Inventories,Non-economic,,,,2026-05-13 09:30:00
2026-05-13,12:01pm,USD,30-y Bond Auction,Non-economic,,,,2026-05-13 12:01:00
2026-05-13,12:30pm,CAD,BOC Summary of Deliberations,Non-economic,,,,2026-05-13 12:30:00
2026-05-13,5:45pm,NZD,Visitor Arrivals m/m,Non-economic,,,,2026-05-13 17:45:00
2026-05-13,6:01pm,GBP,RICS House Price Balance,Non-economic,,,,2026-05-13 18:01:00
2026-05-13,6:50pm,JPY,M2 Money Stock y/y,Non-economic,,,,2026-05-13 18:50:00
2026-05-13,8:00pm,AUD,MI Inflation Expectations,Non-economic,,,,2026-05-13 20:00:00
2026-05-13,10:35pm,JPY,30-y Bond Auction,Non-economic,,,,2026-05-13 22:35:00
2026-05-14,All Day,CHF,Bank Holiday,Low,,,,2026-05-14 00:00:00
2026-05-14,1:00am,GBP,GDP m/m,High,,,,2026-05-14 01:00:00
2026-05-14,1:00am,GBP,Prelim GDP q/q,Medium,,,,2026-05-14 01:00:00
2026-05-14,1:00am,GBP,Construction Output m/m,Non-economic,,,,2026-05-14 01:00:00
2026-05-14,1:00am,GBP,Goods Trade Balance,Non-economic,,,,2026-05-14 01:00:00
2026-05-14,1:00am,GBP,Index of Services 3m/3m,Non-economic,,,,2026-05-14 01:00:00
2026-05-14,1:00am,GBP,Industrial Production m/m,Non-economic,,,,2026-05-14 01:00:00
2026-05-14,1:00am,GBP,Manufacturing Production m/m,Non-economic,,,,2026-05-14 01:00:00
2026-05-14,1:00am,GBP,Prelim Business Investment q/q,Non-economic,,,,2026-05-14 01:00:00
2026-05-14,All Day,EUR,French Bank Holiday,Low,,,,2026-05-14 00:00:00
2026-05-14,All Day,EUR,German Bank Holiday,Low,,,,2026-05-14 00:00:00
2026-05-14,Tentative,CNY,M2 Money Supply y/y,Non-economic,,,,2026-05-14 00:00:00
2026-05-14,Tentative,CNY,New Loans,Non-economic,,,,2026-05-14 00:00:00
2026-05-14,7:30am,CAD,Wholesale Sales m/m,Non-economic,,,,2026-05-14 07:30:00
2026-05-14,7:30am,USD,Core Retail Sales m/m,High,,,,2026-05-14 07:30:00
2026-05-14,7:30am,USD,Retail Sales m/m,High,,,,2026-05-14 07:30:00
2026-05-14,7:30am,USD,Unemployment Claims,Medium,,,,2026-05-14 07:30:00
2026-05-14,7:30am,USD,Import Prices m/m,Non-economic,,,,2026-05-14 07:30:00
2026-05-14,9:00am,USD,Business Inventories m/m,Non-economic,,,,2026-05-14 09:00:00
2026-05-14,Tentative,USD,Mortgage Delinquencies,Non-economic,,,,2026-05-14 00:00:00
2026-05-14,9:30am,USD,Natural Gas Storage,Non-economic,,,,2026-05-14 09:30:00
2026-05-14,5:30pm,NZD,BusinessNZ Manufacturing Index,Non-economic,,,,2026-05-14 17:30:00
2026-05-14,5:45pm,NZD,FPI m/m,Non-economic,,,,2026-05-14 17:45:00
2026-05-14,6:50pm,JPY,PPI y/y,Non-economic,,,,2026-05-14 18:50:00
2026-05-15,3:00am,EUR,ECB Economic Bulletin,Non-economic,,,,2026-05-15 03:00:00
2026-05-15,7:15am,CAD,Housing Starts,Non-economic,,,,2026-05-15 07:15:00
2026-05-15,7:30am,CAD,Foreign Securities Purchases,Non-economic,,,,2026-05-15 07:30:00
2026-05-15,7:30am,CAD,Manufacturing Sales m/m,Non-economic,,,,2026-05-15 07:30:00
2026-05-15,7:30am,USD,Empire State Manufacturing Index,Non-economic,,,,2026-05-15 07:30:00
2026-05-15,8:15am,USD,Capacity Utilization Rate,Non-economic,,,,2026-05-15 08:15:00
2026-05-15,8:15am,USD,Industrial Production m/m,Non-economic,,,,2026-05-15 08:15:00
2026-05-17,5:30pm,NZD,BusinessNZ Services Index,Non-economic,,,,2026-05-17 17:30:00
2026-05-17,6:01pm,GBP,Rightmove HPI m/m,Non-economic,,,,2026-05-17 18:01:00
2026-05-17,8:30pm,CNY,New Home Prices m/m,Non-economic,,,,2026-05-17 20:30:00
2026-05-17,9:00pm,CNY,Fixed Asset Investment ytd/y,Non-economic,,,,2026-05-17 21:00:00
2026-05-17,9:00pm,CNY,Industrial Production y/y,Non-economic,,,,2026-05-17 21:00:00
2026-05-17,9:00pm,CNY,NBS Press Conference,Non-economic,,,,2026-05-17 21:00:00
2026-05-17,9:00pm,CNY,Retail Sales y/y,Non-economic,,,,2026-05-17 21:00:00
2026-05-17,9:00pm,CNY,Unemployment Rate,Non-economic,,,,2026-05-17 21:00:00
2026-05-18,3:00am,EUR,Italian Trade Balance,Non-economic,,,,2026-05-18 03:00:00
2026-05-18,4:00am,EUR,EU Economic Forecasts,Non-economic,,,,2026-05-18 04:00:00
2026-05-18,18th-22nd,GBP,CBI Industrial Order Expectations,Non-economic,,,,2026-05-18 00:00:00
2026-05-18,Tentative,GBP,30-y Bond Auction,Non-economic,,,,2026-05-18 00:00:00
2026-05-18,All Day,CAD,Bank Holiday,Low,,,,2026-05-18 00:00:00
2026-05-18,9:00am,USD,NAHB Housing Market Index,Non-economic,,,,2026-05-18 09:00:00
2026-05-18,3:00pm,USD,TIC Long-Term Purchases,Non-economic,,,,2026-05-18 15:00:00
2026-05-18,5:45pm,NZD,PPI Input q/q,Non-economic,,,,2026-05-18 17:45:00
2026-05-18,5:45pm,NZD,PPI Output q/q,Non-economic,,,,2026-05-18 17:45:00
2026-05-18,6:50pm,JPY,Prelim GDP Price Index y/y,Non-economic,,,,2026-05-18 18:50:00
2026-05-18,6:50pm,JPY,Prelim GDP q/q,Non-economic,,,,2026-05-18 18:50:00
2026-05-18,8:30pm,AUD,Monetary Policy Meeting Minutes,Non-economic,,,,2026-05-18 20:30:00
2026-05-18,11:30pm,JPY,Revised Industrial Production m/m,Non-economic,,,,2026-05-18 23:30:00
2026-05-18,11:30pm,JPY,Tertiary Industry Activity m/m,Non-economic,,,,2026-05-18 23:30:00
2026-05-19,1:00am,GBP,Claimant Count Change,High,,,,2026-05-19 01:00:00
2026-05-19,1:00am,GBP,Average Earnings Index 3m/y,Medium,,,,2026-05-19 01:00:00
2026-05-19,1:00am,GBP,Unemployment Rate,Non-economic,,,,2026-05-19 01:00:00
2026-05-19,4:00am,EUR,Trade Balance,Non-economic,,,,2026-05-19 04:00:00
2026-05-19,7:15am,USD,ADP Weekly Employment Change,Non-economic,,,,2026-05-19 07:15:00
2026-05-19,7:30am,CAD,CPI m/m,High,,,,2026-05-19 07:30:00
2026-05-19,7:30am,CAD,Common CPI y/y,Medium,,,,2026-05-19 07:30:00
2026-05-19,7:30am,CAD,Median CPI y/y,Medium,,,,2026-05-19 07:30:00
2026-05-19,7:30am,CAD,Trimmed CPI y/y,Medium,,,,2026-05-19 07:30:00
2026-05-19,7:30am,CAD,Building Permits m/m,Non-economic,,,,2026-05-19 07:30:00
2026-05-19,7:30am,CAD,Core CPI m/m,Non-economic,,,,2026-05-19 07:30:00
2026-05-19,7:30am,CAD,NHPI m/m,Non-economic,,,,2026-05-19 07:30:00
2026-05-19,9:00am,USD,Pending Home Sales m/m,Medium,,,,2026-05-19 09:00:00
2026-05-19,Tentative,NZD,GDT Price Index,Non-economic,,,,2026-05-19 00:00:00
2026-05-19,3:30pm,USD,API Weekly Statistical Bulletin,Non-economic,,,,2026-05-19 15:30:00
2026-05-19,7:30pm,AUD,MI Leading Index m/m,Non-economic,,,,2026-05-19 19:30:00
2026-05-19,8:00pm,CNY,1-y Loan Prime Rate,Non-economic,,,,2026-05-19 20:00:00
2026-05-19,8:00pm,CNY,5-y Loan Prime Rate,Non-economic,,,,2026-05-19 20:00:00
2026-05-20,1:00am,EUR,German PPI m/m,Non-economic,,,,2026-05-20 01:00:00
2026-05-20,1:00am,GBP,CPI y/y,High,,,,2026-05-20 01:00:00
2026-05-20,1:00am,GBP,Core CPI y/y,Non-economic,,,,2026-05-20 01:00:00
2026-05-20,1:00am,GBP,PPI Input m/m,Non-economic,,,,2026-05-20 01:00:00
2026-05-20,1:00am,GBP,PPI Output m/m,Non-economic,,,,2026-05-20 01:00:00
2026-05-20,1:00am,GBP,RPI y/y,Non-economic,,,,2026-05-20 01:00:00
2026-05-20,20th-22nd,EUR,German Final GDP q/q,Non-economic,,,,2026-05-20 00:00:00
2026-05-20,3:30am,GBP,HPI y/y,Non-economic,,,,2026-05-20 03:30:00
2026-05-20,4:00am,EUR,Final Core CPI y/y,Non-economic,,,,2026-05-20 04:00:00
2026-05-20,4:00am,EUR,Final CPI y/y,Non-economic,,,,2026-05-20 04:00:00
2026-05-20,Tentative,EUR,German 10-y Bond Auction,Non-economic,,,,2026-05-20 00:00:00
2026-05-20,9:30am,USD,Crude Oil Inventories,Non-economic,,,,2026-05-20 09:30:00
2026-05-20,1:00pm,USD,FOMC Meeting Minutes,High,,,,2026-05-20 13:00:00
2026-05-20,5:45pm,NZD,Trade Balance,Non-economic,,,,2026-05-20 17:45:00
2026-05-20,6:00pm,AUD,Flash Manufacturing PMI,Non-economic,,,,2026-05-20 18:00:00
2026-05-20,6:00pm,AUD,Flash Services PMI,Non-economic,,,,2026-05-20 18:00:00
2026-05-20,6:50pm,JPY,Core Machinery Orders m/m,Non-economic,,,,2026-05-20 18:50:00
2026-05-20,6:50pm,JPY,Trade Balance,Non-economic,,,,2026-05-20 18:50:00
2026-05-20,7:30pm,JPY,Flash Manufacturing PMI,Non-economic,,,,2026-05-20 19:30:00
2026-05-20,8:30pm,AUD,Employment Change,High,,,,2026-05-20 20:30:00
2026-05-20,8:30pm,AUD,Unemployment Rate,High,,,,2026-05-20 20:30:00
2026-05-20,10:00pm,NZD,Credit Card Spending y/y,Non-economic,,,,2026-05-20 22:00:00
2026-05-21,2:15am,EUR,French Flash Manufacturing PMI,Medium,,,,2026-05-21 02:15:00
2026-05-21,2:15am,EUR,French Flash Services PMI,Medium,,,,2026-05-21 02:15:00
2026-05-21,2:30am,EUR,German Flash Manufacturing PMI,Medium,,,,2026-05-21 02:30:00
2026-05-21,2:30am,EUR,German Flash Services PMI,Medium,,,,2026-05-21 02:30:00
2026-05-21,3:00am,EUR,Current Account,Non-economic,,,,2026-05-21 03:00:00
2026-05-21,3:00am,EUR,Flash Manufacturing PMI,Non-economic,,,,2026-05-21 03:00:00
2026-05-21,3:00am,EUR,Flash Services PMI,Non-economic,,,,2026-05-21 03:00:00
2026-05-21,3:30am,GBP,Flash Manufacturing PMI,High,,,,2026-05-21 03:30:00
2026-05-21,3:30am,GBP,Flash Services PMI,High,,,,2026-05-21 03:30:00
2026-05-21,Tentative,GBP,10-y Bond Auction,Non-economic,,,,2026-05-21 00:00:00
2026-05-21,7:30am,USD,Philly Fed Manufacturing Index,Medium,,,,2026-05-21 07:30:00
2026-05-21,7:30am,USD,Unemployment Claims,Medium,,,,2026-05-21 07:30:00
2026-05-21,7:30am,USD,Building Permits,Non-economic,,,,2026-05-21 07:30:00
2026-05-21,7:30am,USD,Housing Starts,Non-economic,,,,2026-05-21 07:30:00
2026-05-21,8:45am,USD,Flash Manufacturing PMI,High,,,,2026-05-21 08:45:00
2026-05-21,8:45am,USD,Flash Services PMI,High,,,,2026-05-21 08:45:00
2026-05-21,9:00am,EUR,Consumer Confidence,Non-economic,,,,2026-05-21 09:00:00
2026-05-21,9:30am,USD,Natural Gas Storage,Non-economic,,,,2026-05-21 09:30:00
2026-05-21,5:45pm,NZD,Core Retail Sales q/q,Non-economic,,,,2026-05-21 17:45:00
2026-05-21,5:45pm,NZD,Retail Sales q/q,Non-economic,,,,2026-05-21 17:45:00
2026-05-21,6:01pm,GBP,GfK Consumer Confidence,Non-economic,,,,2026-05-21 18:01:00
2026-05-21,6:30pm,JPY,National Core CPI y/y,Non-economic,,,,2026-05-21 18:30:00
2026-05-22,1:00am,EUR,German GfK Consumer Climate,Non-economic,,,,2026-05-22 01:00:00
2026-05-22,1:00am,GBP,Retail Sales m/m,Medium,,,,2026-05-22 01:00:00
2026-05-22,1:00am,GBP,Public Sector Net Borrowing,Non-economic,,,,2026-05-22 01:00:00
2026-05-22,3:00am,EUR,German ifo Business Climate,Non-economic,,,,2026-05-22 03:00:00
2026-05-22,All Day,EUR,ECOFIN Meetings,Non-economic,,,,2026-05-22 00:00:00
2026-05-22,All Day,EUR,Eurogroup Meetings,Non-economic,,,,2026-05-22 00:00:00
2026-05-22,Tentative,GBP,30-y Bond Auction,Non-economic,,,,2026-05-22 00:00:00
2026-05-22,7:30am,CAD,Core Retail Sales m/m,Medium,,,,2026-05-22 07:30:00
2026-05-22,7:30am,CAD,Retail Sales m/m,Medium,,,,2026-05-22 07:30:00
2026-05-22,7:30am,CAD,IPPI m/m,Non-economic,,,,2026-05-22 07:30:00
2026-05-22,7:30am,CAD,RMPI m/m,Non-economic,,,,2026-05-22 07:30:00
2026-05-22,8:00am,EUR,Belgian NBB Business Climate,Non-economic,,,,2026-05-22 08:00:00
2026-05-22,9:00am,USD,Revised UoM Consumer Sentiment,Medium,,,,2026-05-22 09:00:00
2026-05-22,9:00am,USD,CB Leading Index m/m,Non-economic,,,,2026-05-22 09:00:00
2026-05-22,9:00am,USD,Revised UoM Inflation Expectations,Non-economic,,,,2026-05-22 09:00:00
2026-05-23,All Day,EUR,ECOFIN Meetings,Non-economic,,,,2026-05-23 00:00:00
2026-05-24,Tentative,USD,Fed Monetary Policy Report,Non-economic,,,,2026-05-24 00:00:00
2026-05-25,All Day,CHF,Bank Holiday,Low,,,,2026-05-25 00:00:00
2026-05-25,25th-29th,EUR,German Import Prices m/m,Non-economic,,,,2026-05-25 00:00:00
2026-05-25,All Day,EUR,French Bank Holiday,Low,,,,2026-05-25 00:00:00
2026-05-25,All Day,EUR,German Bank Holiday,Low,,,,2026-05-25 00:00:00
2026-05-25,All Day,GBP,Bank Holiday,Low,,,,2026-05-25 00:00:00
2026-05-25,25th-29th,GBP,CBI Realized Sales,Non-economic,,,,2026-05-25 00:00:00
2026-05-25,All Day,USD,Bank Holiday,Low,,,,2026-05-25 00:00:00
2026-05-25,7:30am,CAD,Corporate Profits q/q,Non-economic,,,,2026-05-25 07:30:00
2026-05-25,6:01pm,GBP,BRC Shop Price Index y/y,Non-economic,,,,2026-05-25 18:01:00
2026-05-26,12:00am,JPY,BOJ Core CPI y/y,Non-economic,,,,2026-05-26 00:00:00
2026-05-26,8:00am,USD,HPI m/m,Non-economic,,,,2026-05-26 08:00:00
2026-05-26,8:00am,USD,S&P/CS Composite-20 HPI y/y,Non-economic,,,,2026-05-26 08:00:00
2026-05-26,9:00am,USD,CB Consumer Confidence,Medium,,,,2026-05-26 09:00:00
2026-05-26,6:50pm,JPY,SPPI y/y,Non-economic,,,,2026-05-26 18:50:00
2026-05-26,7:00pm,NZD,ANZ Business Confidence,Non-economic,,,,2026-05-26 19:00:00
2026-05-26,8:30pm,AUD,CPI m/m,High,,,,2026-05-26 20:30:00
2026-05-26,8:30pm,AUD,CPI y/y,High,,,,2026-05-26 20:30:00
2026-05-26,8:30pm,AUD,Trimmed Mean CPI m/m,High,,,,2026-05-26 20:30:00
2026-05-26,8:30pm,AUD,Construction Work Done q/q,Non-economic,,,,2026-05-26 20:30:00
2026-05-26,9:00pm,NZD,Official Cash Rate,High,,,,2026-05-26 21:00:00
2026-05-26,9:00pm,NZD,RBNZ Monetary Policy Statement,High,,,,2026-05-26 21:00:00
2026-05-26,9:00pm,NZD,RBNZ Rate Statement,High,,,,2026-05-26 21:00:00
2026-05-26,10:00pm,NZD,RBNZ Press Conference,High,,,,2026-05-26 22:00:00
2026-05-27,27th-2nd,EUR,German Retail Sales m/m,Non-economic,,,,2026-05-27 00:00:00
2026-05-27,3:00am,CHF,UBS Economic Expectations,Non-economic,,,,2026-05-27 03:00:00
2026-05-27,3:00am,EUR,ECB Financial Stability Review,Medium,,,,2026-05-27 03:00:00
2026-05-27,7:15am,USD,ADP Weekly Employment Change,Non-economic,,,,2026-05-27 07:15:00
2026-05-27,8:00am,CNY,CB Leading Index m/m,Non-economic,,,,2026-05-27 08:00:00
2026-05-27,9:00am,USD,Richmond Manufacturing Index,Non-economic,,,,2026-05-27 09:00:00
2026-05-27,3:30pm,USD,API Weekly Statistical Bulletin,Non-economic,,,,2026-05-27 15:30:00
2026-05-27,8:30pm,AUD,Private Capital Expenditure q/q,Non-economic,,,,2026-05-27 20:30:00
2026-05-27,8:30pm,AUD,RBA Bulletin,Non-economic,,,,2026-05-27 20:30:00
2026-05-27,9:00pm,NZD,Annual Budget Release,Medium,,,,2026-05-27 21:00:00
2026-05-28,28th-2nd,GBP,Nationwide HPI m/m,Non-economic,,,,2026-05-28 00:00:00
2026-05-28,Tentative,EUR,Italian 10-y Bond Auction,Non-economic,,,,2026-05-28 00:00:00
2026-05-28,6:30am,EUR,ECB Monetary Policy Meeting Accounts,Non-economic,,,,2026-05-28 06:30:00
2026-05-28,7:30am,CAD,Current Account,Non-economic,,,,2026-05-28 07:30:00
2026-05-28,7:30am,USD,Core PCE Price Index m/m,High,,,,2026-05-28 07:30:00
2026-05-28,7:30am,USD,Prelim GDP q/q,High,,,,2026-05-28 07:30:00
2026-05-28,7:30am,USD,Prelim GDP Price Index q/q,Medium,,,,2026-05-28 07:30:00
2026-05-28,7:30am,USD,Unemployment Claims,Medium,,,,2026-05-28 07:30:00
2026-05-28,7:30am,USD,Core Durable Goods Orders m/m,Non-economic,,,,2026-05-28 07:30:00
2026-05-28,7:30am,USD,Durable Goods Orders m/m,Non-economic,,,,2026-05-28 07:30:00
2026-05-28,7:30am,USD,Personal Income m/m,Non-economic,,,,2026-05-28 07:30:00
2026-05-28,7:30am,USD,Personal Spending m/m,Non-economic,,,,2026-05-28 07:30:00
2026-05-28,9:00am,CAD,BOC Financial System Review,Non-economic,,,,2026-05-28 09:00:00
2026-05-28,9:00am,USD,New Home Sales,Medium,,,,2026-05-28 09:00:00
2026-05-28,9:30am,USD,Natural Gas Storage,Non-economic,,,,2026-05-28 09:30:00
2026-05-28,11:00am,USD,Crude Oil Inventories,Non-economic,,,,2026-05-28 11:00:00
2026-05-28,6:30pm,JPY,Tokyo Core CPI y/y,Medium,,,,2026-05-28 18:30:00
2026-05-28,6:30pm,JPY,Unemployment Rate,Non-economic,,,,2026-05-28 18:30:00
2026-05-28,6:50pm,JPY,Prelim Industrial Production m/m,Non-economic,,,,2026-05-28 18:50:00
2026-05-28,6:50pm,JPY,Retail Sales y/y,Non-economic,,,,2026-05-28 18:50:00
2026-05-28,8:30pm,AUD,Private Sector Credit m/m,Non-economic,,,,2026-05-28 20:30:00
2026-05-29,12:00am,JPY,Consumer Confidence,Non-economic,,,,2026-05-29 00:00:00
2026-05-29,12:00am,JPY,Housing Starts y/y,Non-economic,,,,2026-05-29 00:00:00
2026-05-29,All Day,EUR,German Prelim CPI m/m,Medium,,,,2026-05-29 00:00:00
2026-05-29,29th-2nd,CHF,Retail Sales y/y,Non-economic,,,,2026-05-29 00:00:00
2026-05-29,1:45am,EUR,French Consumer Spending m/m,Non-economic,,,,2026-05-29 01:45:00
2026-05-29,1:45am,EUR,French Final Private Payrolls q/q,Non-economic,,,,2026-05-29 01:45:00
2026-05-29,1:45am,EUR,French Prelim CPI m/m,Non-economic,,,,2026-05-29 01:45:00
2026-05-29,1:45am,EUR,French Prelim GDP q/q,Non-economic,,,,2026-05-29 01:45:00
2026-05-29,2:00am,CHF,KOF Economic Barometer,Non-economic,,,,2026-05-29 02:00:00
2026-05-29,2:00am,EUR,Spanish Flash CPI y/y,Non-economic,,,,2026-05-29 02:00:00
2026-05-29,2:55am,EUR,German Unemployment Change,Non-economic,,,,2026-05-29 02:55:00
2026-05-29,3:00am,EUR,Italian Monthly Unemployment Rate,Non-economic,,,,2026-05-29 03:00:00
2026-05-29,4:00am,EUR,Italian Prelim CPI m/m,Non-economic,,,,2026-05-29 04:00:00
2026-05-29,7:30am,CAD,GDP m/m,High,,,,2026-05-29 07:30:00
2026-05-29,7:30am,USD,Goods Trade Balance,Non-economic,,,,2026-05-29 07:30:00
2026-05-29,7:30am,USD,Prelim Wholesale Inventories m/m,Non-economic,,,,2026-05-29 07:30:00
2026-05-29,8:45am,USD,Chicago PMI,Non-economic,,,,2026-05-29 08:45:00
2026-05-30,8:30pm,CNY,Manufacturing PMI,Non-economic,,,,2026-05-30 20:30:00
2026-05-30,8:30pm,CNY,Non-Manufacturing PMI,Non-economic,,,,2026-05-30 20:30:00
2026-05-31,All Day,NZD,Bank Holiday,Low,,,,2026-05-31 00:00:00
2026-05-31,6:50pm,JPY,Capital Spending q/y,Non-economic,,,,2026-05-31 18:50:00
2026-05-31,7:30pm,JPY,Final Manufacturing PMI,Non-economic,,,,2026-05-31 19:30:00
2026-05-31,8:00pm,AUD,MI Inflation Gauge m/m,Non-economic,,,,2026-05-31 20:00:00
2026-05-31,8:30pm,AUD,ANZ Job Advertisements m/m,Non-economic,,,,2026-05-31 20:30:00
2026-05-31,8:45pm,CNY,RatingDog Manufacturing PMI,Non-economic,,,,2026-05-31 20:45:00
2026-06-01,1:30am,AUD,Commodity Prices y/y,Non-economic,,,,2026-06-01 01:30:00
2026-06-01,2:00am,CHF,GDP q/q,Non-economic,,,,2026-06-01 02:00:00
2026-06-01,2:15am,EUR,Spanish Manufacturing PMI,Non-economic,,,,2026-06-01 02:15:00
2026-06-01,2:30am,CHF,Manufacturing PMI,Non-economic,,,,2026-06-01 02:30:00
2026-06-01,2:45am,EUR,Italian Manufacturing PMI,Non-economic,,,,2026-06-01 02:45:00
2026-06-01,2:50am,EUR,French Final Manufacturing PMI,Non-economic,,,,2026-06-01 02:50:00
2026-06-01,2:55am,EUR,German Final Manufacturing PMI,Non-economic,,,,2026-06-01 02:55:00
2026-06-01,3:00am,EUR,Final Manufacturing PMI,Non-economic,,,,2026-06-01 03:00:00
2026-06-01,3:00am,EUR,M3 Money Supply y/y,Non-economic,,,,2026-06-01 03:00:00
2026-06-01,3:00am,EUR,Private Loans y/y,Non-economic,,,,2026-06-01 03:00:00
2026-06-01,3:30am,GBP,Final Manufacturing PMI,Non-economic,,,,2026-06-01 03:30:00
2026-06-01,4:00am,EUR,Unemployment Rate,Non-economic,,,,2026-06-01 04:00:00
2026-06-01,8:30am,CAD,Manufacturing PMI,Non-economic,,,,2026-06-01 08:30:00
2026-06-01,8:45am,USD,Final Manufacturing PMI,Non-economic,,,,2026-06-01 08:45:00
2026-06-01,9:00am,USD,ISM Manufacturing PMI,High,,,,2026-06-01 09:00:00
2026-06-01,9:00am,USD,ISM Manufacturing Prices,Medium,,,,2026-06-01 09:00:00
2026-06-01,9:00am,USD,Construction Spending m/m,Non-economic,,,,2026-06-01 09:00:00
2026-06-01,6:50pm,JPY,Monetary Base y/y,Non-economic,,,,2026-06-01 18:50:00
2026-06-01,8:30pm,AUD,Building Approvals m/m,Non-economic,,,,2026-06-01 20:30:00
2026-06-01,8:30pm,AUD,Company Operating Profits q/q,Non-economic,,,,2026-06-01 20:30:00
2026-06-01,8:30pm,AUD,Current Account,Non-economic,,,,2026-06-01 20:30:00
2026-06-01,10:35pm,JPY,10-y Bond Auction,Non-economic,,,,2026-06-01 22:35:00
2026-06-02,All Day,EUR,Italian Bank Holiday,Low,,,,2026-06-02 00:00:00
2026-06-02,1:45am,EUR,French Gov Budget Balance,Non-economic,,,,2026-06-02 01:45:00
2026-06-02,2:00am,EUR,Spanish Unemployment Change,Non-economic,,,,2026-06-02 02:00:00
2026-06-02,3:30am,GBP,M4 Money Supply m/m,Non-economic,,,,2026-06-02 03:30:00
2026-06-02,3:30am,GBP,Mortgage Approvals,Non-economic,,,,2026-06-02 03:30:00
2026-06-02,3:30am,GBP,Net Lending to Individuals m/m,Non-economic,,,,2026-06-02 03:30:00
2026-06-02,4:00am,EUR,Core CPI Flash Estimate y/y,Medium,,,,2026-06-02 04:00:00
2026-06-02,4:00am,EUR,CPI Flash Estimate y/y,Medium,,,,2026-06-02 04:00:00
2026-06-02,Tentative,EUR,Spanish 10-y Bond Auction,Non-economic,,,,2026-06-02 00:00:00
2026-06-02,Tentative,EUR,French 10-y Bond Auction,Non-economic,,,,2026-06-02 00:00:00
2026-06-02,9:00am,USD,JOLTS Job Openings,High,,,,2026-06-02 09:00:00
2026-06-02,Tentative,USD,RCM/TIPP Economic Optimism,Non-economic,,,,2026-06-02 00:00:00
2026-06-02,All Day,USD,Wards Total Vehicle Sales,Non-economic,,,,2026-06-02 00:00:00
2026-06-02,Tentative,NZD,GDT Price Index,Non-economic,,,,2026-06-02 00:00:00
2026-06-02,3:30pm,USD,API Weekly Statistical Bulletin,Non-economic,,,,2026-06-02 15:30:00
2026-06-02,5:45pm,NZD,Building Consents m/m,Non-economic,,,,2026-06-02 17:45:00
2026-06-02,5:45pm,NZD,Overseas Trade Index q/q,Non-economic,,,,2026-06-02 17:45:00
2026-06-02,8:30pm,AUD,GDP q/q,High,,,,2026-06-02 20:30:00
2026-06-02,8:45pm,CNY,RatingDog Services PMI,Non-economic,,,,2026-06-02 20:45:00
2026-06-03,2:15am,EUR,Spanish Services PMI,Non-economic,,,,2026-06-03 02:15:00
2026-06-03,2:45am,EUR,Italian Services PMI,Non-economic,,,,2026-06-03 02:45:00
2026-06-03,2:50am,EUR,French Final Services PMI,Non-economic,,,,2026-06-03 02:50:00
2026-06-03,2:55am,EUR,German Final Services PMI,Non-economic,,,,2026-06-03 02:55:00
2026-06-03,3:00am,EUR,Final Services PMI,Non-economic,,,,2026-06-03 03:00:00
2026-06-03,3:30am,GBP,Final Services PMI,Non-economic,,,,2026-06-03 03:30:00
2026-06-03,4:00am,EUR,PPI m/m,Non-economic,,,,2026-06-03 04:00:00
2026-06-03,7:15am,USD,ADP Non-Farm Employment Change,High,,,,2026-06-03 07:15:00
2026-06-03,7:30am,CAD,Labor Productivity q/q,Non-economic,,,,2026-06-03 07:30:00
2026-06-03,Tentative,GBP,Monetary Policy Report Hearings,Medium,,,,2026-06-03 00:00:00
2026-06-03,8:45am,USD,Final Services PMI,Non-economic,,,,2026-06-03 08:45:00
2026-06-03,9:00am,USD,ISM Services PMI,High,,,,2026-06-03 09:00:00
2026-06-03,9:00am,USD,Factory Orders m/m,Non-economic,,,,2026-06-03 09:00:00
2026-06-03,9:30am,USD,Crude Oil Inventories,Non-economic,,,,2026-06-03 09:30:00
2026-06-03,1:00pm,USD,Beige Book,Non-economic,,,,2026-06-03 13:00:00
2026-06-03,8:00pm,NZD,ANZ Commodity Prices m/m,Non-economic,,,,2026-06-03 20:00:00
2026-06-03,8:30pm,AUD,Goods Trade Balance,Non-economic,,,,2026-06-03 20:30:00
2026-06-03,8:30pm,AUD,Household Spending m/m,Non-economic,,,,2026-06-03 20:30:00
2026-06-03,10:35pm,JPY,30-y Bond Auction,Non-economic,,,,2026-06-03 22:35:00
2026-06-04,1:30am,CHF,CPI m/m,Medium,,,,2026-06-04 01:30:00
2026-06-04,2:00am,CHF,Unemployment Rate,Non-economic,,,,2026-06-04 02:00:00
2026-06-04,3:30am,GBP,Construction PMI,Non-economic,,,,2026-06-04 03:30:00
2026-06-04,4:00am,EUR,Retail Sales m/m,Non-economic,,,,2026-06-04 04:00:00
2026-06-04,6:30am,USD,Challenger Job Cuts y/y,Non-economic,,,,2026-06-04 06:30:00
2026-06-04,7:30am,USD,Unemployment Claims,Medium,,,,2026-06-04 07:30:00
2026-06-04,7:30am,USD,Revised Nonfarm Productivity q/q,Non-economic,,,,2026-06-04 07:30:00
2026-06-04,7:30am,USD,Revised Unit Labor Costs q/q,Non-economic,,,,2026-06-04 07:30:00
2026-06-04,9:30am,USD,Natural Gas Storage,Non-economic,,,,2026-06-04 09:30:00
2026-06-04,6:30pm,JPY,Average Cash Earnings y/y,Non-economic,,,,2026-06-04 18:30:00
2026-06-04,6:30pm,JPY,Household Spending y/y,Non-economic,,,,2026-06-04 18:30:00
2026-06-05,12:00am,JPY,Leading Indicators,Non-economic,,,,2026-06-05 00:00:00
2026-06-05,1:00am,GBP,Halifax HPI m/m,Non-economic,,,,2026-06-05 01:00:00
2026-06-05,1:45am,EUR,French Industrial Production m/m,Non-economic,,,,2026-06-05 01:45:00
2026-06-05,1:45am,EUR,French Trade Balance,Non-economic,,,,2026-06-05 01:45:00
2026-06-05,2:00am,CHF,Foreign Currency Reserves,Non-economic,,,,2026-06-05 02:00:00
2026-06-05,4:00am,EUR,Final Employment Change q/q,Non-economic,,,,2026-06-05 04:00:00
2026-06-05,4:00am,EUR,Italian Retail Sales m/m,Non-economic,,,,2026-06-05 04:00:00
2026-06-05,4:00am,EUR,Revised GDP q/q,Non-economic,,,,2026-06-05 04:00:00
2026-06-05,7:30am,CAD,Employment Change,High,,,,2026-06-05 07:30:00
2026-06-05,7:30am,CAD,Unemployment Rate,High,,,,2026-06-05 07:30:00
2026-06-05,7:30am,USD,Average Hourly Earnings m/m,High,,,,2026-06-05 07:30:00
2026-06-05,7:30am,USD,Non-Farm Employment Change,High,,,,2026-06-05 07:30:00
2026-06-05,7:30am,USD,Unemployment Rate,High,,,,2026-06-05 07:30:00
2026-06-05,9:00am,CAD,Ivey PMI,Medium,,,,2026-06-05 09:00:00
2026-06-05,2:00pm,USD,Consumer Credit m/m,Non-economic,,,,2026-06-05 14:00:00
2026-06-07,All Day,All,OPEC-JMMC Meetings,Medium,,,,2026-06-07 00:00:00
2026-06-07,All Day,All,OPEC Meetings,Medium,,,,2026-06-07 00:00:00
2026-06-07,All Day,AUD,Bank Holiday,Low,,,,2026-06-07 00:00:00
2026-06-07,6:50pm,JPY,Bank Lending y/y,Non-economic,,,,2026-06-07 18:50:00
2026-06-07,6:50pm,JPY,Current Account,Non-economic,,,,2026-06-07 18:50:00
2026-06-07,6:50pm,JPY,Final GDP Price Index y/y,Non-economic,,,,2026-06-07 18:50:00
2026-06-07,6:50pm,JPY,Final GDP q/q,Non-economic,,,,2026-06-07 18:50:00
2026-06-08,12:00am,JPY,Economy Watchers Sentiment,Non-economic,,,,2026-06-08 00:00:00
2026-06-08,1:00am,EUR,German Factory Orders m/m,Non-economic,,,,2026-06-08 01:00:00
2026-06-08,8th-11th,JPY,Prelim Machine Tool Orders y/y,Non-economic,,,,2026-06-08 00:00:00
2026-06-08,2:00am,CHF,SECO Consumer Climate,Non-economic,,,,2026-06-08 02:00:00
2026-06-08,3:30am,EUR,Sentix Investor Confidence,Non-economic,,,,2026-06-08 03:30:00
2026-06-08,5:45pm,NZD,Manufacturing Sales q/q,Non-economic,,,,2026-06-08 17:45:00
2026-06-08,6:01pm,GBP,BRC Retail Sales Monitor y/y,Non-economic,,,,2026-06-08 18:01:00
2026-06-08,6:50pm,JPY,M2 Money Stock y/y,Non-economic,,,,2026-06-08 18:50:00
2026-06-08,7:30pm,AUD,Westpac Consumer Sentiment,Non-economic,,,,2026-06-08 19:30:00
2026-06-08,8:30pm,AUD,NAB Business Confidence,Non-economic,,,,2026-06-08 20:30:00
2026-06-08,Tentative,CNY,Trade Balance,Non-economic,,,,2026-06-08 00:00:00
2026-06-08,Tentative,CNY,USD-Denominated Trade Balance,Non-economic,,,,2026-06-08 00:00:00
2026-06-09,1:00am,EUR,German Industrial Production m/m,Non-economic,,,,2026-06-09 01:00:00
2026-06-09,1:00am,EUR,German Trade Balance,Non-economic,,,,2026-06-09 01:00:00
2026-06-09,Tentative,EUR,German 10-y Bond Auction,Non-economic,,,,2026-06-09 00:00:00
2026-06-09,5:00am,USD,NFIB Small Business Index,Non-economic,,,,2026-06-09 05:00:00
2026-06-09,7:15am,USD,ADP Weekly Employment Change,Non-economic,,,,2026-06-09 07:15:00
2026-06-09,7:30am,CAD,Trade Balance,Non-economic,,,,2026-06-09 07:30:00
2026-06-09,7:30am,USD,Trade Balance,Non-economic,,,,2026-06-09 07:30:00
2026-06-09,9:00am,USD,Existing Home Sales,Non-economic,,,,2026-06-09 09:00:00
2026-06-09,9:00am,USD,Final Wholesale Inventories m/m,Non-economic,,,,2026-06-09 09:00:00
2026-06-09,3:30pm,USD,API Weekly Statistical Bulletin,Non-economic,,,,2026-06-09 15:30:00
2026-06-09,6:50pm,JPY,PPI y/y,Non-economic,,,,2026-06-09 18:50:00
2026-06-09,8:30pm,CNY,CPI y/y,Medium,,,,2026-06-09 20:30:00
2026-06-09,8:30pm,CNY,PPI y/y,Medium,,,,2026-06-09 20:30:00
2026-06-10,3:00am,EUR,Italian Industrial Production m/m,Non-economic,,,,2026-06-10 03:00:00
2026-06-10,10th-19th,GBP,Consumer Inflation Expectations,Non-economic,,,,2026-06-10 00:00:00
2026-06-10,7:30am,USD,Core CPI m/m,High,,,,2026-06-10 07:30:00
2026-06-10,7:30am,USD,CPI m/m,High,,,,2026-06-10 07:30:00
2026-06-10,7:30am,USD,CPI y/y,High,,,,2026-06-10 07:30:00
2026-06-10,8:45am,CAD,BOC Rate Statement,High,,,,2026-06-10 08:45:00
2026-06-10,8:45am,CAD,Overnight Rate,High,,,,2026-06-10 08:45:00
2026-06-10,9:30am,CAD,BOC Press Conference,High,,,,2026-06-10 09:30:00
2026-06-10,9:30am,USD,Crude Oil Inventories,Non-economic,,,,2026-06-10 09:30:00
2026-06-10,12:01pm,USD,10-y Bond Auction,Non-economic,,,,2026-06-10 12:01:00
2026-06-10,1:00pm,USD,Federal Budget Balance,Non-economic,,,,2026-06-10 13:00:00
2026-06-10,6:01pm,GBP,RICS House Price Balance,Non-economic,,,,2026-06-10 18:01:00
2026-06-10,6:50pm,JPY,BSI Manufacturing Index,Non-economic,,,,2026-06-10 18:50:00
2026-06-10,8:00pm,AUD,MI Inflation Expectations,Non-economic,,,,2026-06-10 20:00:00
2026-06-11,11th-15th,EUR,German WPI m/m,Non-economic,,,,2026-06-11 00:00:00
2026-06-11,Tentative,CNY,M2 Money Supply y/y,Non-economic,,,,2026-06-11 00:00:00
2026-06-11,Tentative,CNY,New Loans,Non-economic,,,,2026-06-11 00:00:00
2026-06-11,All Day,EUR,Eurogroup Meetings,Non-economic,,,,2026-06-11 00:00:00
2026-06-11,Tentative,GBP,10-y Bond Auction,Non-economic,,,,2026-06-11 00:00:00
2026-06-11,Tentative,EUR,German 30-y Bond Auction,Non-economic,,,,2026-06-11 00:00:00
2026-06-11,7:15am,EUR,Main Refinancing Rate,High,,,,2026-06-11 07:15:00
2026-06-11,7:15am,EUR,Monetary Policy Statement,High,,,,2026-06-11 07:15:00
2026-06-11,7:30am,CAD,Building Permits m/m,Non-economic,,,,2026-06-11 07:30:00
2026-06-11,7:30am,USD,Core PPI m/m,High,,,,2026-06-11 07:30:00
2026-06-11,7:30am,USD,PPI m/m,High,,,,2026-06-11 07:30:00
2026-06-11,7:30am,USD,Unemployment Claims,Medium,,,,2026-06-11 07:30:00
2026-06-11,7:45am,EUR,ECB Press Conference,High,,,,2026-06-11 07:45:00
2026-06-11,9:30am,USD,Natural Gas Storage,Non-economic,,,,2026-06-11 09:30:00
2026-06-11,12:01pm,USD,30-y Bond Auction,Non-economic,,,,2026-06-11 12:01:00
2026-06-11,5:30pm,NZD,BusinessNZ Manufacturing Index,Non-economic,,,,2026-06-11 17:30:00
2026-06-11,5:45pm,NZD,Visitor Arrivals m/m,Non-economic,,,,2026-06-11 17:45:00
2026-06-11,11:30pm,JPY,Revised Industrial Production m/m,Non-economic,,,,2026-06-11 23:30:00
2026-06-12,1:00am,EUR,German Final CPI m/m,Non-economic,,,,2026-06-12 01:00:00
2026-06-12,1:00am,GBP,GDP m/m,High,,,,2026-06-12 01:00:00
2026-06-12,1:00am,GBP,Construction Output m/m,Non-economic,,,,2026-06-12 01:00:00
2026-06-12,1:00am,GBP,Goods Trade Balance,Non-economic,,,,2026-06-12 01:00:00
2026-06-12,1:00am,GBP,Index of Services 3m/3m,Non-economic,,,,2026-06-12 01:00:00
2026-06-12,1:00am,GBP,Industrial Production m/m,Non-economic,,,,2026-06-12 01:00:00
2026-06-12,1:00am,GBP,Manufacturing Production m/m,Non-economic,,,,2026-06-12 01:00:00
2026-06-12,1:45am,EUR,French Final CPI m/m,Non-economic,,,,2026-06-12 01:45:00
2026-06-12,3:00am,EUR,Italian Quarterly Unemployment Rate,Non-economic,,,,2026-06-12 03:00:00
2026-06-12,All Day,EUR,ECOFIN Meetings,Non-economic,,,,2026-06-12 00:00:00
2026-06-12,7:30am,CAD,Capacity Utilization Rate,Non-economic,,,,2026-06-12 07:30:00
2026-06-12,8:30am,GBP,CB Leading Index m/m,Non-economic,,,,2026-06-12 08:30:00
2026-06-12,9:00am,USD,Prelim UoM Consumer Sentiment,Medium,,,,2026-06-12 09:00:00
2026-06-12,9:00am,USD,Prelim UoM Inflation Expectations,Medium,,,,2026-06-12 09:00:00
2026-06-14,14th-18th,NZD,Westpac Consumer Sentiment,Non-economic,,,,2026-06-14 00:00:00
2026-06-14,5:30pm,NZD,BusinessNZ Services Index,Non-economic,,,,2026-06-14 17:30:00
2026-06-14,6:01pm,GBP,Rightmove HPI m/m,Non-economic,,,,2026-06-14 18:01:00
2026-06-14,11:30pm,JPY,Tertiary Industry Activity m/m,Non-economic,,,,2026-06-14 23:30:00
2026-06-15,Tentative,CNY,Foreign Direct Investment ytd/y,Non-economic,,,,2026-06-15 00:00:00
2026-06-15,1:30am,CHF,PPI m/m,Non-economic,,,,2026-06-15 01:30:00
2026-06-15,3:00am,EUR,Italian Trade Balance,Non-economic,,,,2026-06-15 03:00:00
2026-06-15,4:00am,EUR,Industrial Production m/m,Non-economic,,,,2026-06-15 04:00:00
2026-06-15,4:00am,EUR,Trade Balance,Non-economic,,,,2026-06-15 04:00:00
2026-06-15,5:00am,EUR,German Buba Monthly Report,Non-economic,,,,2026-06-15 05:00:00
2026-06-15,Tentative,GBP,30-y Bond Auction,Non-economic,,,,2026-06-15 00:00:00
2026-06-15,7:15am,CAD,Housing Starts,Non-economic,,,,2026-06-15 07:15:00
2026-06-15,7:30am,CAD,Manufacturing Sales m/m,Non-economic,,,,2026-06-15 07:30:00
2026-06-15,7:30am,CAD,Wholesale Sales m/m,Non-economic,,,,2026-06-15 07:30:00
2026-06-15,7:30am,USD,Empire State Manufacturing Index,Non-economic,,,,2026-06-15 07:30:00
2026-06-15,8:15am,USD,Capacity Utilization Rate,Non-economic,,,,2026-06-15 08:15:00
2026-06-15,8:15am,USD,Industrial Production m/m,Non-economic,,,,2026-06-15 08:15:00
2026-06-15,9:00am,USD,NAHB Housing Market Index,Non-economic,,,,2026-06-15 09:00:00
2026-06-15,5:45pm,NZD,FPI m/m,Non-economic,,,,2026-06-15 17:45:00
2026-06-15,8:30pm,CNY,New Home Prices m/m,Non-economic,,,,2026-06-15 20:30:00
2026-06-15,9:00pm,CNY,Fixed Asset Investment ytd/y,Non-economic,,,,2026-06-15 21:00:00
2026-06-15,9:00pm,CNY,Industrial Production y/y,Non-economic,,,,2026-06-15 21:00:00
2026-06-15,9:00pm,CNY,NBS Press Conference,Non-economic,,,,2026-06-15 21:00:00
2026-06-15,9:00pm,CNY,Retail Sales y/y,Non-economic,,,,2026-06-15 21:00:00
2026-06-15,9:00pm,CNY,Unemployment Rate,Non-economic,,,,2026-06-15 21:00:00
2026-06-15,Tentative,JPY,BOJ Policy Rate,High,,,,2026-06-15 00:00:00
2026-06-15,Tentative,JPY,Monetary Policy Statement,High,,,,2026-06-15 00:00:00
2026-06-15,11:30pm,AUD,Cash Rate,High,,,,2026-06-15 23:30:00
2026-06-15,11:30pm,AUD,RBA Rate Statement,High,,,,2026-06-15 23:30:00
2026-06-16,12:30am,AUD,RBA Press Conference,High,,,,2026-06-16 00:30:00
2026-06-16,Tentative,JPY,BOJ Press Conference,High,,,,2026-06-16 00:00:00
2026-06-16,Day 1,All,G7 Meetings,Non-economic,,,,2026-06-16 00:00:00
2026-06-16,4:00am,EUR,German ZEW Economic Sentiment,Non-economic,,,,2026-06-16 04:00:00
2026-06-16,4:00am,EUR,ZEW Economic Sentiment,Non-economic,,,,2026-06-16 04:00:00
2026-06-16,7:15am,USD,ADP Weekly Employment Change,Non-economic,,,,2026-06-16 07:15:00
2026-06-16,7:30am,CAD,Foreign Securities Purchases,Non-economic,,,,2026-06-16 07:30:00
2026-06-16,7:30am,USD,Building Permits,Non-economic,,,,2026-06-16 07:30:00
2026-06-16,7:30am,USD,Housing Starts,Non-economic,,,,2026-06-16 07:30:00
2026-06-16,7:30am,USD,Import Prices m/m,Non-economic,,,,2026-06-16 07:30:00
2026-06-16,Tentative,NZD,GDT Price Index,Non-economic,,,,2026-06-16 00:00:00
2026-06-16,3:30pm,USD,API Weekly Statistical Bulletin,Non-economic,,,,2026-06-16 15:30:00
2026-06-16,5:45pm,NZD,Current Account,Non-economic,,,,2026-06-16 17:45:00
2026-06-16,6:50pm,JPY,Core Machinery Orders m/m,Non-economic,,,,2026-06-16 18:50:00
2026-06-16,6:50pm,JPY,Trade Balance,Non-economic,,,,2026-06-16 18:50:00
2026-06-16,7:30pm,AUD,MI Leading Index m/m,Non-economic,,,,2026-06-16 19:30:00
2026-06-17,1:00am,GBP,CPI y/y,High,,,,2026-06-17 01:00:00
2026-06-17,1:00am,GBP,Core CPI y/y,Non-economic,,,,2026-06-17 01:00:00
2026-06-17,1:00am,GBP,PPI Input m/m,Non-economic,,,,2026-06-17 01:00:00
2026-06-17,1:00am,GBP,PPI Output m/m,Non-economic,,,,2026-06-17 01:00:00
2026-06-17,1:00am,GBP,RPI y/y,Non-economic,,,,2026-06-17 01:00:00
2026-06-17,2:00am,CHF,SECO Economic Forecasts,Non-economic,,,,2026-06-17 02:00:00
2026-06-17,3:30am,GBP,HPI y/y,Non-economic,,,,2026-06-17 03:30:00
2026-06-17,Day 2,All,G7 Meetings,Non-economic,,,,2026-06-17 00:00:00
2026-06-17,4:00am,EUR,Final Core CPI y/y,Non-economic,,,,2026-06-17 04:00:00
2026-06-17,4:00am,EUR,Final CPI y/y,Non-economic,,,,2026-06-17 04:00:00
2026-06-17,7:30am,USD,Core Retail Sales m/m,High,,,,2026-06-17 07:30:00
2026-06-17,7:30am,USD,Retail Sales m/m,High,,,,2026-06-17 07:30:00
2026-06-17,9:00am,USD,Pending Home Sales m/m,Medium,,,,2026-06-17 09:00:00
2026-06-17,9:00am,USD,Business Inventories m/m,Non-economic,,,,2026-06-17 09:00:00
2026-06-17,9:30am,USD,Crude Oil Inventories,Non-economic,,,,2026-06-17 09:30:00
2026-06-17,1:00pm,USD,Federal Funds Rate,High,,,,2026-06-17 13:00:00
2026-06-17,1:00pm,USD,FOMC Economic Projections,High,,,,2026-06-17 13:00:00
2026-06-17,1:00pm,USD,FOMC Statement,High,,,,2026-06-17 13:00:00
2026-06-17,1:30pm,USD,FOMC Press Conference,High,,,,2026-06-17 13:30:00
2026-06-17,5:45pm,NZD,GDP q/q,High,,,,2026-06-17 17:45:00
2026-06-18,1:00am,GBP,Claimant Count Change,High,,,,2026-06-18 01:00:00
2026-06-18,1:00am,GBP,Average Earnings Index 3m/y,Medium,,,,2026-06-18 01:00:00
2026-06-18,1:00am,GBP,Unemployment Rate,Non-economic,,,,2026-06-18 01:00:00
2026-06-18,2:30am,CHF,SNB Monetary Policy Assessment,High,,,,2026-06-18 02:30:00
2026-06-18,2:30am,CHF,SNB Policy Rate,High,,,,2026-06-18 02:30:00
2026-06-18,3:00am,CHF,SNB Press Conference,High,,,,2026-06-18 03:00:00
2026-06-18,3:00am,EUR,Current Account,Non-economic,,,,2026-06-18 03:00:00
2026-06-18,6:00am,GBP,Monetary Policy Summary,High,,,,2026-06-18 06:00:00
2026-06-18,6:00am,GBP,MPC Official Bank Rate Votes,High,,,,2026-06-18 06:00:00
2026-06-18,6:00am,GBP,Official Bank Rate,High,,,,2026-06-18 06:00:00
2026-06-18,7:30am,CAD,IPPI m/m,Non-economic,,,,2026-06-18 07:30:00
2026-06-18,7:30am,CAD,RMPI m/m,Non-economic,,,,2026-06-18 07:30:00
2026-06-18,7:30am,USD,Philly Fed Manufacturing Index,Medium,,,,2026-06-18 07:30:00
2026-06-18,7:30am,USD,Unemployment Claims,Medium,,,,2026-06-18 07:30:00
2026-06-18,9:00am,USD,CB Leading Index m/m,Non-economic,,,,2026-06-18 09:00:00
2026-06-18,9:30am,USD,Natural Gas Storage,Non-economic,,,,2026-06-18 09:30:00
2026-06-18,3:00pm,USD,TIC Long-Term Purchases,Non-economic,,,,2026-06-18 15:00:00
2026-06-18,5:45pm,NZD,Trade Balance,Non-economic,,,,2026-06-18 17:45:00
2026-06-18,6:01pm,GBP,GfK Consumer Confidence,Non-economic,,,,2026-06-18 18:01:00
2026-06-18,All Day,CNY,Bank Holiday,Low,,,,2026-06-18 00:00:00
2026-06-18,6:30pm,JPY,National Core CPI y/y,Non-economic,,,,2026-06-18 18:30:00
2026-06-18,6:50pm,JPY,Monetary Policy Meeting Minutes,Non-economic,,,,2026-06-18 18:50:00
2026-06-19,1:00am,EUR,German PPI m/m,Non-economic,,,,2026-06-19 01:00:00
2026-06-19,1:00am,GBP,Retail Sales m/m,Medium,,,,2026-06-19 01:00:00
2026-06-19,1:00am,GBP,Public Sector Net Borrowing,Non-economic,,,,2026-06-19 01:00:00
2026-06-19,All Day,USD,Bank Holiday,Low,,,,2026-06-19 00:00:00
2026-06-19,7:30am,CAD,Core Retail Sales m/m,Medium,,,,2026-06-19 07:30:00
2026-06-19,7:30am,CAD,Retail Sales m/m,Medium,,,,2026-06-19 07:30:00
2026-06-19,9:30am,AUD,CB Leading Index m/m,Non-economic,,,,2026-06-19 09:30:00
2026-06-19,Tentative,USD,Fed Monetary Policy Report,Non-economic,,,,2026-06-19 00:00:00
2026-06-21,8:00pm,CNY,1-y Loan Prime Rate,Non-economic,,,,2026-06-21 20:00:00
2026-06-21,8:00pm,CNY,5-y Loan Prime Rate,Non-economic,,,,2026-06-21 20:00:00
2026-06-21,10:00pm,NZD,Credit Card Spending y/y,Non-economic,,,,2026-06-21 22:00:00
2026-06-22,22nd-26th,GBP,CBI Industrial Order Expectations,Non-economic,,,,2026-06-22 00:00:00
2026-06-22,22nd-26th,GBP,CBI Realized Sales,Non-economic,,,,2026-06-22 00:00:00
2026-06-22,7:30am,CAD,CPI m/m,High,,,,2026-06-22 07:30:00
2026-06-22,7:30am,CAD,Median CPI y/y,High,,,,2026-06-22 07:30:00
2026-06-22,7:30am,CAD,Trimmed CPI y/y,High,,,,2026-06-22 07:30:00
2026-06-22,7:30am,CAD,Common CPI y/y,Medium,,,,2026-06-22 07:30:00
2026-06-22,7:30am,CAD,Core CPI m/m,Non-economic,,,,2026-06-22 07:30:00
2026-06-22,7:30am,CAD,NHPI m/m,Non-economic,,,,2026-06-22 07:30:00
2026-06-22,9:00am,EUR,Consumer Confidence,Non-economic,,,,2026-06-22 09:00:00
2026-06-22,6:00pm,AUD,Flash Manufacturing PMI,Non-economic,,,,2026-06-22 18:00:00
2026-06-22,6:00pm,AUD,Flash Services PMI,Non-economic,,,,2026-06-22 18:00:00
2026-06-22,7:30pm,JPY,Flash Manufacturing PMI,Non-economic,,,,2026-06-22 19:30:00
2026-06-23,12:00am,JPY,BOJ Core CPI y/y,Non-economic,,,,2026-06-23 00:00:00
2026-06-23,2:15am,EUR,French Flash Manufacturing PMI,Medium,,,,2026-06-23 02:15:00
2026-06-23,2:15am,EUR,French Flash Services PMI,Medium,,,,2026-06-23 02:15:00
2026-06-23,2:30am,EUR,German Flash Manufacturing PMI,Medium,,,,2026-06-23 02:30:00
2026-06-23,2:30am,EUR,German Flash Services PMI,Medium,,,,2026-06-23 02:30:00
2026-06-23,3:00am,EUR,Flash Manufacturing PMI,Non-economic,,,,2026-06-23 03:00:00
2026-06-23,3:00am,EUR,Flash Services PMI,Non-economic,,,,2026-06-23 03:00:00
2026-06-23,3:30am,GBP,Flash Manufacturing PMI,High,,,,2026-06-23 03:30:00
2026-06-23,3:30am,GBP,Flash Services PMI,High,,,,2026-06-23 03:30:00
2026-06-23,7:15am,USD,ADP Weekly Employment Change,Non-economic,,,,2026-06-23 07:15:00
2026-06-23,8:45am,USD,Flash Manufacturing PMI,High,,,,2026-06-23 08:45:00
2026-06-23,8:45am,USD,Flash Services PMI,High,,,,2026-06-23 08:45:00
2026-06-23,9:00am,USD,Richmond Manufacturing Index,Non-economic,,,,2026-06-23 09:00:00
2026-06-23,3:30pm,USD,API Weekly Statistical Bulletin,Non-economic,,,,2026-06-23 15:30:00
2026-06-23,6:50pm,JPY,BOJ Summary of Opinions,Non-economic,,,,2026-06-23 18:50:00
2026-06-23,6:50pm,JPY,SPPI y/y,Non-economic,,,,2026-06-23 18:50:00
2026-06-23,8:30pm,AUD,CPI m/m,High,,,,2026-06-23 20:30:00
2026-06-23,8:30pm,AUD,CPI y/y,High,,,,2026-06-23 20:30:00
2026-06-23,8:30pm,AUD,Trimmed Mean CPI m/m,High,,,,2026-06-23 20:30:00
2026-06-24,24th-30th,EUR,German Import Prices m/m,Non-economic,,,,2026-06-24 00:00:00
2026-06-24,3:00am,CHF,UBS Economic Expectations,Non-economic,,,,2026-06-24 03:00:00
2026-06-24,3:00am,EUR,German ifo Business Climate,Non-economic,,,,2026-06-24 03:00:00
2026-06-24,7:30am,USD,Current Account,Non-economic,,,,2026-06-24 07:30:00
2026-06-24,8:00am,CHF,SNB Quarterly Bulletin,Non-economic,,,,2026-06-24 08:00:00
2026-06-24,8:00am,EUR,Belgian NBB Business Climate,Non-economic,,,,2026-06-24 08:00:00
2026-06-24,9:00am,USD,New Home Sales,Medium,,,,2026-06-24 09:00:00
2026-06-24,9:30am,USD,Crude Oil Inventories,Non-economic,,,,2026-06-24 09:30:00
2026-06-24,12:30pm,CAD,BOC Summary of Deliberations,Non-economic,,,,2026-06-24 12:30:00
2026-06-24,8:30pm,AUD,Employment Change,High,,,,2026-06-24 20:30:00
2026-06-24,8:30pm,AUD,Unemployment Rate,High,,,,2026-06-24 20:30:00
2026-06-24,Tentative,AUD,NAB Quarterly Business Confidence,Non-economic,,,,2026-06-24 00:00:00
2026-06-25,1:00am,EUR,German GfK Consumer Climate,Non-economic,,,,2026-06-25 01:00:00
2026-06-25,3:00am,EUR,ECB Economic Bulletin,Non-economic,,,,2026-06-25 03:00:00
2026-06-25,7:30am,USD,Core PCE Price Index m/m,High,,,,2026-06-25 07:30:00
2026-06-25,7:30am,USD,Final GDP q/q,High,,,,2026-06-25 07:30:00
2026-06-25,7:30am,USD,Final GDP Price Index q/q,Medium,,,,2026-06-25 07:30:00
2026-06-25,7:30am,USD,Unemployment Claims,Medium,,,,2026-06-25 07:30:00
2026-06-25,7:30am,USD,Core Durable Goods Orders m/m,Non-economic,,,,2026-06-25 07:30:00
2026-06-25,7:30am,USD,Durable Goods Orders m/m,Non-economic,,,,2026-06-25 07:30:00
2026-06-25,7:30am,USD,Personal Income m/m,Non-economic,,,,2026-06-25 07:30:00
2026-06-25,7:30am,USD,Personal Spending m/m,Non-economic,,,,2026-06-25 07:30:00
2026-06-25,8:00am,CNY,CB Leading Index m/m,Non-economic,,,,2026-06-25 08:00:00
2026-06-25,9:30am,USD,Natural Gas Storage,Non-economic,,,,2026-06-25 09:30:00
2026-06-25,3:30pm,USD,Bank Stress Test Results,Non-economic,,,,2026-06-25 15:30:00
2026-06-25,6:30pm,JPY,Tokyo Core CPI y/y,Medium,,,,2026-06-25 18:30:00
2026-06-26,7:30am,USD,Goods Trade Balance,Non-economic,,,,2026-06-26 07:30:00
2026-06-26,7:30am,USD,Prelim Wholesale Inventories m/m,Non-economic,,,,2026-06-26 07:30:00
2026-06-26,9:00am,USD,Revised UoM Consumer Sentiment,Medium,,,,2026-06-26 09:00:00
2026-06-26,9:00am,USD,Revised UoM Inflation Expectations,Non-economic,,,,2026-06-26 09:00:00
2026-06-27,27th-2nd,EUR,German Retail Sales m/m,Non-economic,,,,2026-06-27 00:00:00
2026-06-28,6:50pm,JPY,Retail Sales y/y,Non-economic,,,,2026-06-28 18:50:00
2026-06-29,29th-3rd,GBP,Nationwide HPI m/m,Non-economic,,,,2026-06-29 00:00:00
2026-06-29,All Day,EUR,Italian Bank Holiday,Low,,,,2026-06-29 00:00:00
2026-06-29,29th-2nd,CHF,Retail Sales y/y,Non-economic,,,,2026-06-29 00:00:00
2026-06-29,2:00am,EUR,Spanish Flash CPI y/y,Non-economic,,,,2026-06-29 02:00:00
2026-06-29,3:00am,EUR,M3 Money Supply y/y,Non-economic,,,,2026-06-29 03:00:00
2026-06-29,3:00am,EUR,Private Loans y/y,Non-economic,,,,2026-06-29 03:00:00
2026-06-29,3:30am,GBP,M4 Money Supply m/m,Non-economic,,,,2026-06-29 03:30:00
2026-06-29,3:30am,GBP,Mortgage Approvals,Non-economic,,,,2026-06-29 03:30:00
2026-06-29,3:30am,GBP,Net Lending to Individuals m/m,Non-economic,,,,2026-06-29 03:30:00
2026-06-29,Tentative,EUR,Italian 10-y Bond Auction,Non-economic,,,,2026-06-29 00:00:00
2026-06-29,6:01pm,GBP,BRC Shop Price Index y/y,Non-economic,,,,2026-06-29 18:01:00
2026-06-29,6:30pm,JPY,Unemployment Rate,Non-economic,,,,2026-06-29 18:30:00
2026-06-29,6:50pm,JPY,Prelim Industrial Production m/m,Non-economic,,,,2026-06-29 18:50:00
2026-06-29,8:00pm,NZD,ANZ Business Confidence,Non-economic,,,,2026-06-29 20:00:00
2026-06-29,8:30pm,AUD,Monetary Policy Meeting Minutes,Non-economic,,,,2026-06-29 20:30:00
2026-06-29,8:30pm,AUD,Private Sector Credit m/m,Non-economic,,,,2026-06-29 20:30:00
2026-06-29,8:30pm,CNY,Manufacturing PMI,Non-economic,,,,2026-06-29 20:30:00
2026-06-29,8:30pm,CNY,Non-Manufacturing PMI,Non-economic,,,,2026-06-29 20:30:00
2026-06-30,12:00am,JPY,Housing Starts y/y,Non-economic,,,,2026-06-30 00:00:00
2026-06-30,1:00am,GBP,Current Account,Non-economic,,,,2026-06-30 01:00:00
2026-06-30,1:00am,GBP,Final GDP q/q,Non-economic,,,,2026-06-30 01:00:00
2026-06-30,1:00am,GBP,Revised Business Investment q/q,Non-economic,,,,2026-06-30 01:00:00
2026-06-30,All Day,EUR,German Prelim CPI m/m,Medium,,,,2026-06-30 00:00:00
2026-06-30,1:45am,EUR,French Consumer Spending m/m,Non-economic,,,,2026-06-30 01:45:00
2026-06-30,1:45am,EUR,French Prelim CPI m/m,Non-economic,,,,2026-06-30 01:45:00
2026-06-30,2:00am,CHF,KOF Economic Barometer,Non-economic,,,,2026-06-30 02:00:00
2026-06-30,2:55am,EUR,German Unemployment Change,Non-economic,,,,2026-06-30 02:55:00
2026-06-30,4:00am,EUR,Italian Prelim CPI m/m,Non-economic,,,,2026-06-30 04:00:00
2026-06-30,7:30am,CAD,GDP m/m,High,,,,2026-06-30 07:30:00
2026-06-30,8:00am,USD,HPI m/m,Non-economic,,,,2026-06-30 08:00:00
2026-06-30,8:00am,USD,S&P/CS Composite-20 HPI y/y,Non-economic,,,,2026-06-30 08:00:00
2026-06-30,8:45am,USD,Chicago PMI,Non-economic,,,,2026-06-30 08:45:00
2026-06-30,9:00am,USD,JOLTS Job Openings,High,,,,2026-06-30 09:00:00
2026-06-30,9:00am,USD,CB Consumer Confidence,Medium,,,,2026-06-30 09:00:00
2026-06-30,3:30pm,USD,API Weekly Statistical Bulletin,Non-economic,,,,2026-06-30 15:30:00
2026-06-30,5:45pm,NZD,Building Consents m/m,Non-economic,,,,2026-06-30 17:45:00
2026-06-30,6:50pm,JPY,Tankan Manufacturing Index,Non-economic,,,,2026-06-30 18:50:00
2026-06-30,6:50pm,JPY,Tankan Non-Manufacturing Index,Non-economic,,,,2026-06-30 18:50:00
2026-06-30,7:30pm,JPY,Final Manufacturing PMI,Non-economic,,,,2026-06-30 19:30:00
2026-06-30,8:30pm,AUD,Building Approvals m/m,Non-economic,,,,2026-06-30 20:30:00
2026-06-30,8:45pm,CNY,RatingDog Manufacturing PMI,Non-economic,,,,2026-06-30 20:45:00
2026-07-01,12:00am,JPY,Consumer Confidence,Non-economic,,,,2026-07-01 00:00:00
2026-07-01,1:30am,AUD,Commodity Prices y/y,Non-economic,,,,2026-07-01 01:30:00
2026-07-01,2:15am,EUR,Spanish Manufacturing PMI,Non-economic,,,,2026-07-01 02:15:00
2026-07-01,2:30am,CHF,Manufacturing PMI,Non-economic,,,,2026-07-01 02:30:00
2026-07-01,2:45am,EUR,Italian Manufacturing PMI,Non-economic,,,,2026-07-01 02:45:00
2026-07-01,2:50am,EUR,French Final Manufacturing PMI,Non-economic,,,,2026-07-01 02:50:00
2026-07-01,2:55am,EUR,German Final Manufacturing PMI,Non-economic,,,,2026-07-01 02:55:00
2026-07-01,3:00am,EUR,Final Manufacturing PMI,Non-economic,,,,2026-07-01 03:00:00
2026-07-01,3:30am,GBP,Final Manufacturing PMI,Non-economic,,,,2026-07-01 03:30:00
2026-07-01,4:00am,EUR,Core CPI Flash Estimate y/y,Medium,,,,2026-07-01 04:00:00
2026-07-01,4:00am,EUR,CPI Flash Estimate y/y,Medium,,,,2026-07-01 04:00:00
2026-07-01,6:30am,USD,Challenger Job Cuts y/y,Non-economic,,,,2026-07-01 06:30:00
2026-07-01,All Day,CAD,Bank Holiday,Low,,,,2026-07-01 00:00:00
2026-07-01,7:15am,USD,ADP Non-Farm Employment Change,High,,,,2026-07-01 07:15:00
2026-07-01,8:45am,USD,Final Manufacturing PMI,Non-economic,,,,2026-07-01 08:45:00
2026-07-01,9:00am,USD,ISM Manufacturing PMI,High,,,,2026-07-01 09:00:00
2026-07-01,9:00am,USD,ISM Manufacturing Prices,Medium,,,,2026-07-01 09:00:00
2026-07-01,9:00am,USD,Construction Spending m/m,Non-economic,,,,2026-07-01 09:00:00
2026-07-01,All Day,USD,Wards Total Vehicle Sales,Non-economic,,,,2026-07-01 00:00:00
2026-07-01,9:30am,USD,Crude Oil Inventories,Non-economic,,,,2026-07-01 09:30:00
2026-07-01,6:50pm,JPY,Monetary Base y/y,Non-economic,,,,2026-07-01 18:50:00
2026-07-01,8:30pm,AUD,Goods Trade Balance,Non-economic,,,,2026-07-01 20:30:00
2026-07-01,8:30pm,AUD,Household Spending m/m,Non-economic,,,,2026-07-01 20:30:00
2026-07-01,10:35pm,JPY,10-y Bond Auction,Non-economic,,,,2026-07-01 22:35:00
2026-07-01,11:30pm,CHF,SNB Financial Stability Report,Non-economic,,,,2026-07-01 23:30:00
2026-07-02,1:30am,CHF,CPI m/m,Medium,,,,2026-07-02 01:30:00
2026-07-02,1:45am,EUR,French Gov Budget Balance,Non-economic,,,,2026-07-02 01:45:00
2026-07-02,2:00am,EUR,Spanish Unemployment Change,Non-economic,,,,2026-07-02 02:00:00
2026-07-02,3:00am,EUR,Italian Monthly Unemployment Rate,Non-economic,,,,2026-07-02 03:00:00
2026-07-02,3:30am,GBP,BOE Credit Conditions Survey,Non-economic,,,,2026-07-02 03:30:00
2026-07-02,4:00am,EUR,Unemployment Rate,Non-economic,,,,2026-07-02 04:00:00
2026-07-02,Tentative,EUR,Spanish 10-y Bond Auction,Non-economic,,,,2026-07-02 00:00:00
2026-07-02,Tentative,EUR,French 10-y Bond Auction,Non-economic,,,,2026-07-02 00:00:00
2026-07-02,7:30am,USD,Average Hourly Earnings m/m,High,,,,2026-07-02 07:30:00
2026-07-02,7:30am,USD,Non-Farm Employment Change,High,,,,2026-07-02 07:30:00
2026-07-02,7:30am,USD,Unemployment Rate,High,,,,2026-07-02 07:30:00
2026-07-02,7:30am,USD,Unemployment Claims,Medium,,,,2026-07-02 07:30:00
2026-07-02,8:30am,CAD,Manufacturing PMI,Non-economic,,,,2026-07-02 08:30:00
2026-07-02,9:00am,USD,Factory Orders m/m,Non-economic,,,,2026-07-02 09:00:00
2026-07-02,9:30am,USD,Natural Gas Storage,Non-economic,,,,2026-07-02 09:30:00
2026-07-02,7:45pm,CNY,RatingDog Services PMI,Non-economic,,,,2026-07-02 19:45:00
2026-07-03,1:45am,EUR,French Industrial Production m/m,Non-economic,,,,2026-07-03 01:45:00
2026-07-03,2:15am,EUR,Spanish Services PMI,Non-economic,,,,2026-07-03 02:15:00
2026-07-03,2:45am,EUR,Italian Services PMI,Non-economic,,,,2026-07-03 02:45:00
2026-07-03,2:50am,EUR,French Final Services PMI,Non-economic,,,,2026-07-03 02:50:00
2026-07-03,2:55am,EUR,German Final Services PMI,Non-economic,,,,2026-07-03 02:55:00
2026-07-03,3:00am,EUR,Final Services PMI,Non-economic,,,,2026-07-03 03:00:00
2026-07-03,3:30am,GBP,Final Services PMI,Non-economic,,,,2026-07-03 03:30:00
2026-07-03,All Day,USD,Bank Holiday,Low,,,,2026-07-03 00:00:00
2026-07-05,8:00pm,AUD,MI Inflation Gauge m/m,Non-economic,,,,2026-07-05 20:00:00
2026-07-05,8:00pm,NZD,ANZ Commodity Prices m/m,Non-economic,,,,2026-07-05 20:00:00
2026-07-05,8:30pm,AUD,ANZ Job Advertisements m/m,Non-economic,,,,2026-07-05 20:30:00
2026-07-06,1:00am,EUR,German Factory Orders m/m,Non-economic,,,,2026-07-06 01:00:00
2026-07-06,2:00am,CHF,Unemployment Rate,Non-economic,,,,2026-07-06 02:00:00
2026-07-06,3:00am,EUR,Italian Retail Sales m/m,Non-economic,,,,2026-07-06 03:00:00
2026-07-06,3:30am,EUR,Sentix Investor Confidence,Non-economic,,,,2026-07-06 03:30:00
2026-07-06,3:30am,GBP,Construction PMI,Non-economic,,,,2026-07-06 03:30:00
2026-07-06,Tentative,GBP,Housing Equity Withdrawal q/q,Non-economic,,,,2026-07-06 00:00:00
2026-07-06,4:00am,EUR,PPI m/m,Non-economic,,,,2026-07-06 04:00:00
2026-07-06,4:00am,EUR,Retail Sales m/m,Non-economic,,,,2026-07-06 04:00:00
2026-07-06,8:45am,USD,Final Services PMI,Non-economic,,,,2026-07-06 08:45:00
2026-07-06,9:00am,USD,ISM Services PMI,High,,,,2026-07-06 09:00:00
2026-07-06,9:30am,CAD,BOC Business Outlook Survey,Non-economic,,,,2026-07-06 09:30:00
2026-07-06,6:30pm,JPY,Average Cash Earnings y/y,Non-economic,,,,2026-07-06 18:30:00
2026-07-06,6:30pm,JPY,Household Spending y/y,Non-economic,,,,2026-07-06 18:30:00
2026-07-06,10:35pm,JPY,30-y Bond Auction,Non-economic,,,,2026-07-06 22:35:00
2026-07-07,12:00am,JPY,Leading Indicators,Non-economic,,,,2026-07-07 00:00:00
2026-07-07,1:00am,EUR,German Industrial Production m/m,Non-economic,,,,2026-07-07 01:00:00
2026-07-07,1:00am,GBP,Halifax HPI m/m,Non-economic,,,,2026-07-07 01:00:00
2026-07-07,1:45am,EUR,French Trade Balance,Non-economic,,,,2026-07-07 01:45:00
2026-07-07,2:00am,CHF,Foreign Currency Reserves,Non-economic,,,,2026-07-07 02:00:00
2026-07-07,4:30am,GBP,BOE Financial Stability Report,Non-economic,,,,2026-07-07 04:30:00
2026-07-07,4:30am,GBP,FPC Meeting Minutes,Non-economic,,,,2026-07-07 04:30:00
2026-07-07,4:30am,GBP,FPC Statement,Non-economic,,,,2026-07-07 04:30:00
2026-07-07,7:15am,USD,ADP Weekly Employment Change,Non-economic,,,,2026-07-07 07:15:00
2026-07-07,7:30am,CAD,Trade Balance,Non-economic,,,,2026-07-07 07:30:00
2026-07-07,7:30am,USD,Trade Balance,Non-economic,,,,2026-07-07 07:30:00
2026-07-07,9:00am,CAD,Ivey PMI,Medium,,,,2026-07-07 09:00:00
2026-07-07,Tentative,USD,RCM/TIPP Economic Optimism,Non-economic,,,,2026-07-07 00:00:00
2026-07-07,Tentative,NZD,GDT Price Index,Non-economic,,,,2026-07-07 00:00:00
2026-07-07,3:30pm,USD,API Weekly Statistical Bulletin,Non-economic,,,,2026-07-07 15:30:00
2026-07-07,6:50pm,JPY,Bank Lending y/y,Non-economic,,,,2026-07-07 18:50:00
2026-07-07,6:50pm,JPY,Current Account,Non-economic,,,,2026-07-07 18:50:00
2026-07-07,9:00pm,NZD,Official Cash Rate,High,,,,2026-07-07 21:00:00
2026-07-07,9:00pm,NZD,RBNZ Rate Statement,High,,,,2026-07-07 21:00:00
2026-07-07,10:00pm,NZD,RBNZ Press Conference,High,,,,2026-07-07 22:00:00
2026-07-08,12:00am,JPY,Economy Watchers Sentiment,Non-economic,,,,2026-07-08 00:00:00
2026-07-08,8th-11th,JPY,Prelim Machine Tool Orders y/y,Non-economic,,,,2026-07-08 00:00:00
2026-07-08,9:00am,USD,Final Wholesale Inventories m/m,Non-economic,,,,2026-07-08 09:00:00
2026-07-08,9:30am,USD,Crude Oil Inventories,Non-economic,,,,2026-07-08 09:30:00
2026-07-08,12:01pm,USD,10-y Bond Auction,Non-economic,,,,2026-07-08 12:01:00
2026-07-08,1:00pm,USD,FOMC Meeting Minutes,High,,,,2026-07-08 13:00:00
2026-07-08,2:00pm,USD,Consumer Credit m/m,Non-economic,,,,2026-07-08 14:00:00
2026-07-08,5:30pm,NZD,BusinessNZ Manufacturing Index,Non-economic,,,,2026-07-08 17:30:00
2026-07-08,6:01pm,GBP,RICS House Price Balance,Non-economic,,,,2026-07-08 18:01:00
2026-07-08,6:50pm,JPY,M2 Money Stock y/y,Non-economic,,,,2026-07-08 18:50:00
2026-07-08,6:50pm,JPY,PPI y/y,Non-economic,,,,2026-07-08 18:50:00
2026-07-08,8:00pm,AUD,MI Inflation Expectations,Non-economic,,,,2026-07-08 20:00:00
2026-07-08,8:30pm,CNY,CPI y/y,Medium,,,,2026-07-08 20:30:00
2026-07-08,8:30pm,CNY,PPI y/y,Medium,,,,2026-07-08 20:30:00
2026-07-08,Tentative,CNY,Trade Balance,Non-economic,,,,2026-07-08 00:00:00
2026-07-08,Tentative,CNY,USD-Denominated Trade Balance,Non-economic,,,,2026-07-08 00:00:00
2026-07-09,1:00am,EUR,German Trade Balance,Non-economic,,,,2026-07-09 01:00:00
2026-07-09,1:00am,EUR,German WPI m/m,Non-economic,,,,2026-07-09 01:00:00
2026-07-09,Tentative,GBP,10-y Bond Auction,Non-economic,,,,2026-07-09 00:00:00
2026-07-09,Tentative,EUR,German 10-y Bond Auction,Non-economic,,,,2026-07-09 00:00:00
2026-07-09,6:30am,EUR,ECB Monetary Policy Meeting Accounts,Non-economic,,,,2026-07-09 06:30:00
2026-07-09,7:30am,USD,Unemployment Claims,Medium,,,,2026-07-09 07:30:00
2026-07-09,9:00am,USD,Existing Home Sales,Non-economic,,,,2026-07-09 09:00:00
2026-07-09,9:30am,USD,Natural Gas Storage,Non-economic,,,,2026-07-09 09:30:00
2026-07-09,12:01pm,USD,30-y Bond Auction,Non-economic,,,,2026-07-09 12:01:00
2026-07-09,All Day,NZD,Bank Holiday,Low,,,,2026-07-09 00:00:00
2026-07-10,1:00am,EUR,German Final CPI m/m,Non-economic,,,,2026-07-10 01:00:00
2026-07-10,2:00am,CHF,SECO Consumer Climate,Non-economic,,,,2026-07-10 02:00:00
2026-07-10,3:00am,EUR,Italian Industrial Production m/m,Non-economic,,,,2026-07-10 03:00:00
2026-07-10,7:30am,CAD,Employment Change,High,,,,2026-07-10 07:30:00
2026-07-10,7:30am,CAD,Unemployment Rate,High,,,,2026-07-10 07:30:00
2026-07-10,7:30am,CAD,Building Permits m/m,Non-economic,,,,2026-07-10 07:30:00
2026-07-12,5:30pm,NZD,BusinessNZ Services Index,Non-economic,,,,2026-07-12 17:30:00
2026-07-13,3:00am,EUR,Italian Trade Balance,Non-economic,,,,2026-07-13 03:00:00
2026-07-13,All Day,EUR,Eurogroup Meetings,Non-economic,,,,2026-07-13 00:00:00
2026-07-13,5:00am,EUR,German Buba Monthly Report,Non-economic,,,,2026-07-13 05:00:00
2026-07-13,1:00pm,USD,Federal Budget Balance,Non-economic,,,,2026-07-13 13:00:00
2026-07-13,5:00pm,NZD,NZIER Business Confidence,Non-economic,,,,2026-07-13 17:00:00
2026-07-13,5:45pm,NZD,Visitor Arrivals m/m,Non-economic,,,,2026-07-13 17:45:00
2026-07-13,6:01pm,GBP,BRC Retail Sales Monitor y/y,Non-economic,,,,2026-07-13 18:01:00
2026-07-13,7:30pm,AUD,Westpac Consumer Sentiment,Non-economic,,,,2026-07-13 19:30:00
2026-07-13,8:30pm,AUD,NAB Business Confidence,Non-economic,,,,2026-07-13 20:30:00
2026-07-13,8:30pm,CNY,New Home Prices m/m,Non-economic,,,,2026-07-13 20:30:00
2026-07-14,All Day,EUR,French Bank Holiday,Low,,,,2026-07-14 00:00:00
2026-07-14,1:30am,CHF,PPI m/m,Non-economic,,,,2026-07-14 01:30:00
2026-07-14,1:45am,EUR,French Final CPI m/m,Non-economic,,,,2026-07-14 01:45:00
2026-07-14,Tentative,CNY,M2 Money Supply y/y,Non-economic,,,,2026-07-14 00:00:00
2026-07-14,Tentative,CNY,New Loans,Non-economic,,,,2026-07-14 00:00:00
2026-07-14,4:00am,EUR,German ZEW Economic Sentiment,Non-economic,,,,2026-07-14 04:00:00
2026-07-14,4:00am,EUR,ZEW Economic Sentiment,Non-economic,,,,2026-07-14 04:00:00
2026-07-14,All Day,EUR,ECOFIN Meetings,Non-economic,,,,2026-07-14 00:00:00
2026-07-14,5:00am,USD,NFIB Small Business Index,Non-economic,,,,2026-07-14 05:00:00
2026-07-14,Tentative,GBP,30-y Bond Auction,Non-economic,,,,2026-07-14 00:00:00
2026-07-14,7:15am,USD,ADP Weekly Employment Change,Non-economic,,,,2026-07-14 07:15:00
2026-07-14,7:30am,USD,Core CPI m/m,High,,,,2026-07-14 07:30:00
2026-07-14,7:30am,USD,CPI m/m,High,,,,2026-07-14 07:30:00
2026-07-14,7:30am,USD,CPI y/y,High,,,,2026-07-14 07:30:00
2026-07-14,8:30am,GBP,CB Leading Index m/m,Non-economic,,,,2026-07-14 08:30:00
2026-07-14,9:30am,AUD,CB Leading Index m/m,Non-economic,,,,2026-07-14 09:30:00
2026-07-14,3:00pm,USD,TIC Long-Term Purchases,Non-economic,,,,2026-07-14 15:00:00
2026-07-14,3:30pm,USD,API Weekly Statistical Bulletin,Non-economic,,,,2026-07-14 15:30:00
2026-07-14,5:45pm,NZD,FPI m/m,Non-economic,,,,2026-07-14 17:45:00
2026-07-14,7:30pm,AUD,MI Leading Index m/m,Non-economic,,,,2026-07-14 19:30:00
2026-07-14,11:30pm,JPY,Tertiary Industry Activity m/m,Non-economic,,,,2026-07-14 23:30:00
2026-07-15,4:00am,EUR,Industrial Production m/m,Non-economic,,,,2026-07-15 04:00:00
2026-07-15,Tentative,EUR,German 30-y Bond Auction,Non-economic,,,,2026-07-15 00:00:00
2026-07-15,7:30am,CAD,Manufacturing Sales m/m,Non-economic,,,,2026-07-15 07:30:00
2026-07-15,7:30am,CAD,Wholesale Sales m/m,Non-economic,,,,2026-07-15 07:30:00
2026-07-15,7:30am,USD,Core PPI m/m,High,,,,2026-07-15 07:30:00
2026-07-15,7:30am,USD,PPI m/m,High,,,,2026-07-15 07:30:00
2026-07-15,7:30am,USD,Empire State Manufacturing Index,Non-economic,,,,2026-07-15 07:30:00
2026-07-15,8:45am,CAD,BOC Monetary Policy Report,High,,,,2026-07-15 08:45:00
2026-07-15,8:45am,CAD,BOC Rate Statement,High,,,,2026-07-15 08:45:00
2026-07-15,8:45am,CAD,Overnight Rate,High,,,,2026-07-15 08:45:00
2026-07-15,9:30am,CAD,BOC Press Conference,High,,,,2026-07-15 09:30:00
2026-07-15,9:30am,USD,Crude Oil Inventories,Non-economic,,,,2026-07-15 09:30:00
2026-07-15,1:00pm,USD,Beige Book,Non-economic,,,,2026-07-15 13:00:00
2026-07-15,6:50pm,JPY,Core Machinery Orders m/m,Non-economic,,,,2026-07-15 18:50:00
2026-07-16,1:00am,GBP,GDP m/m,High,,,,2026-07-16 01:00:00
2026-07-16,1:00am,GBP,Construction Output m/m,Non-economic,,,,2026-07-16 01:00:00
2026-07-16,1:00am,GBP,Goods Trade Balance,Non-economic,,,,2026-07-16 01:00:00
2026-07-16,1:00am,GBP,Index of Services 3m/3m,Non-economic,,,,2026-07-16 01:00:00
2026-07-16,1:00am,GBP,Industrial Production m/m,Non-economic,,,,2026-07-16 01:00:00
2026-07-16,1:00am,GBP,Manufacturing Production m/m,Non-economic,,,,2026-07-16 01:00:00
2026-07-16,Tentative,CNY,Foreign Direct Investment ytd/y,Non-economic,,,,2026-07-16 00:00:00
2026-07-16,2:30am,CHF,Summary of Monetary Policy Discussions,Non-economic,,,,2026-07-16 02:30:00
2026-07-16,4:00am,EUR,Trade Balance,Non-economic,,,,2026-07-16 04:00:00
2026-07-16,7:15am,CAD,Housing Starts,Non-economic,,,,2026-07-16 07:15:00
2026-07-16,7:30am,USD,Core Retail Sales m/m,High,,,,2026-07-16 07:30:00
2026-07-16,7:30am,USD,Retail Sales m/m,High,,,,2026-07-16 07:30:00
2026-07-16,7:30am,USD,Philly Fed Manufacturing Index,Medium,,,,2026-07-16 07:30:00
2026-07-16,7:30am,USD,Unemployment Claims,Medium,,,,2026-07-16 07:30:00
2026-07-16,9:00am,USD,Pending Home Sales m/m,Medium,,,,2026-07-16 09:00:00
2026-07-16,9:00am,USD,Business Inventories m/m,Non-economic,,,,2026-07-16 09:00:00
2026-07-16,9:00am,USD,NAHB Housing Market Index,Non-economic,,,,2026-07-16 09:00:00
2026-07-16,9:30am,USD,Natural Gas Storage,Non-economic,,,,2026-07-16 09:30:00
2026-07-16,6:01pm,GBP,GfK Consumer Confidence,Non-economic,,,,2026-07-16 18:01:00
2026-07-16,9:00pm,CNY,Fixed Asset Investment ytd/y,Non-economic,,,,2026-07-16 21:00:00
2026-07-16,9:00pm,CNY,GDP q/y,Non-economic,,,,2026-07-16 21:00:00
2026-07-16,9:00pm,CNY,Industrial Production y/y,Non-economic,,,,2026-07-16 21:00:00
2026-07-16,9:00pm,CNY,NBS Press Conference,Non-economic,,,,2026-07-16 21:00:00
2026-07-16,9:00pm,CNY,Retail Sales y/y,Non-economic,,,,2026-07-16 21:00:00
2026-07-16,9:00pm,CNY,Unemployment Rate,Non-economic,,,,2026-07-16 21:00:00
2026-07-17,3:00am,EUR,Current Account,Non-economic,,,,2026-07-17 03:00:00
2026-07-17,4:00am,EUR,Final Core CPI y/y,Non-economic,,,,2026-07-17 04:00:00
2026-07-17,4:00am,EUR,Final CPI y/y,Non-economic,,,,2026-07-17 04:00:00
2026-07-17,7:30am,CAD,Foreign Securities Purchases,Non-economic,,,,2026-07-17 07:30:00
2026-07-17,7:30am,USD,Building Permits,Non-economic,,,,2026-07-17 07:30:00
2026-07-17,7:30am,USD,Housing Starts,Non-economic,,,,2026-07-17 07:30:00
2026-07-17,7:30am,USD,Import Prices m/m,Non-economic,,,,2026-07-17 07:30:00
2026-07-17,8:15am,USD,Capacity Utilization Rate,Non-economic,,,,2026-07-17 08:15:00
2026-07-17,8:15am,USD,Industrial Production m/m,Non-economic,,,,2026-07-17 08:15:00
2026-07-17,9:00am,USD,Prelim UoM Consumer Sentiment,Medium,,,,2026-07-17 09:00:00
2026-07-17,9:00am,USD,Prelim UoM Inflation Expectations,Medium,,,,2026-07-17 09:00:00
2026-07-19,5:45pm,NZD,Trade Balance,Non-economic,,,,2026-07-19 17:45:00
2026-07-19,All Day,JPY,Bank Holiday,Low,,,,2026-07-19 00:00:00
2026-07-19,6:01pm,GBP,Rightmove HPI m/m,Non-economic,,,,2026-07-19 18:01:00
2026-07-19,8:00pm,CNY,1-y Loan Prime Rate,Non-economic,,,,2026-07-19 20:00:00
2026-07-19,8:00pm,CNY,5-y Loan Prime Rate,Non-economic,,,,2026-07-19 20:00:00
2026-07-20,1:00am,EUR,German PPI m/m,Non-economic,,,,2026-07-20 01:00:00
2026-07-20,7:30am,CAD,CPI m/m,High,,,,2026-07-20 07:30:00
2026-07-20,7:30am,CAD,Median CPI y/y,High,,,,2026-07-20 07:30:00
2026-07-20,7:30am,CAD,Trimmed CPI y/y,High,,,,2026-07-20 07:30:00
2026-07-20,7:30am,CAD,Common CPI y/y,Medium,,,,2026-07-20 07:30:00
2026-07-20,7:30am,CAD,Core CPI m/m,Non-economic,,,,2026-07-20 07:30:00
2026-07-20,9:00am,EUR,Consumer Confidence,Non-economic,,,,2026-07-20 09:00:00
2026-07-20,9:00am,USD,CB Leading Index m/m,Non-economic,,,,2026-07-20 09:00:00
2026-07-20,5:45pm,NZD,CPI q/q,High,,,,2026-07-20 17:45:00
2026-07-20,6:50pm,JPY,Trade Balance,Non-economic,,,,2026-07-20 18:50:00
2026-07-20,10:00pm,NZD,Credit Card Spending y/y,Non-economic,,,,2026-07-20 22:00:00
2026-07-20,11:30pm,JPY,Revised Industrial Production m/m,Non-economic,,,,2026-07-20 23:30:00
2026-07-21,1:00am,GBP,Claimant Count Change,High,,,,2026-07-21 01:00:00
2026-07-21,1:00am,GBP,Average Earnings Index 3m/y,Medium,,,,2026-07-21 01:00:00
2026-07-21,1:00am,GBP,Public Sector Net Borrowing,Non-economic,,,,2026-07-21 01:00:00
2026-07-21,1:00am,GBP,Unemployment Rate,Non-economic,,,,2026-07-21 01:00:00
2026-07-21,7:15am,USD,ADP Weekly Employment Change,Non-economic,,,,2026-07-21 07:15:00
2026-07-21,Tentative,NZD,GDT Price Index,Non-economic,,,,2026-07-21 00:00:00
2026-07-21,3:30pm,USD,API Weekly Statistical Bulletin,Non-economic,,,,2026-07-21 15:30:00
2026-07-22,1:00am,EUR,German GfK Consumer Climate,Non-economic,,,,2026-07-22 01:00:00
2026-07-22,1:00am,GBP,CPI y/y,High,,,,2026-07-22 01:00:00
2026-07-22,1:00am,GBP,Core CPI y/y,Non-economic,,,,2026-07-22 01:00:00
2026-07-22,1:00am,GBP,PPI Input m/m,Non-economic,,,,2026-07-22 01:00:00
2026-07-22,1:00am,GBP,PPI Output m/m,Non-economic,,,,2026-07-22 01:00:00
2026-07-22,1:00am,GBP,RPI y/y,Non-economic,,,,2026-07-22 01:00:00
2026-07-22,3:30am,GBP,HPI y/y,Non-economic,,,,2026-07-22 03:30:00
2026-07-22,7:30am,CAD,NHPI m/m,Non-economic,,,,2026-07-22 07:30:00
2026-07-22,9:30am,USD,Crude Oil Inventories,Non-economic,,,,2026-07-22 09:30:00
2026-07-22,8:30pm,AUD,Employment Change,High,,,,2026-07-22 20:30:00
2026-07-22,8:30pm,AUD,Unemployment Rate,High,,,,2026-07-22 20:30:00
2026-07-23,3:00am,EUR,German ifo Business Climate,Non-economic,,,,2026-07-23 03:00:00
2026-07-23,5:00am,GBP,CBI Industrial Order Expectations,Non-economic,,,,2026-07-23 05:00:00
2026-07-23,7:15am,EUR,Main Refinancing Rate,High,,,,2026-07-23 07:15:00
2026-07-23,7:15am,EUR,Monetary Policy Statement,High,,,,2026-07-23 07:15:00
2026-07-23,7:30am,CAD,Core Retail Sales m/m,Medium,,,,2026-07-23 07:30:00
2026-07-23,7:30am,CAD,Retail Sales m/m,Medium,,,,2026-07-23 07:30:00
2026-07-23,7:30am,USD,Unemployment Claims,Medium,,,,2026-07-23 07:30:00
2026-07-23,7:45am,EUR,ECB Press Conference,High,,,,2026-07-23 07:45:00
2026-07-23,8:00am,CNY,CB Leading Index m/m,Non-economic,,,,2026-07-23 08:00:00
2026-07-23,9:30am,USD,Natural Gas Storage,Non-economic,,,,2026-07-23 09:30:00
2026-07-23,6:00pm,AUD,Flash Manufacturing PMI,Non-economic,,,,2026-07-23 18:00:00
2026-07-23,6:00pm,AUD,Flash Services PMI,Non-economic,,,,2026-07-23 18:00:00
2026-07-23,6:30pm,JPY,National Core CPI y/y,Non-economic,,,,2026-07-23 18:30:00
2026-07-23,7:30pm,JPY,Flash Manufacturing PMI,Non-economic,,,,2026-07-23 19:30:00
2026-07-24,1:00am,GBP,Retail Sales m/m,Medium,,,,2026-07-24 01:00:00
2026-07-24,2:15am,EUR,French Flash Manufacturing PMI,Medium,,,,2026-07-24 02:15:00
2026-07-24,2:15am,EUR,French Flash Services PMI,Medium,,,,2026-07-24 02:15:00
2026-07-24,2:30am,EUR,German Flash Manufacturing PMI,Medium,,,,2026-07-24 02:30:00
2026-07-24,2:30am,EUR,German Flash Services PMI,Medium,,,,2026-07-24 02:30:00
2026-07-24,3:00am,EUR,Flash Manufacturing PMI,Non-economic,,,,2026-07-24 03:00:00
2026-07-24,3:00am,EUR,Flash Services PMI,Non-economic,,,,2026-07-24 03:00:00
2026-07-24,3:00am,EUR,M3 Money Supply y/y,Non-economic,,,,2026-07-24 03:00:00
2026-07-24,3:00am,EUR,Private Loans y/y,Non-economic,,,,2026-07-24 03:00:00
2026-07-24,3:30am,GBP,Flash Manufacturing PMI,High,,,,2026-07-24 03:30:00
2026-07-24,3:30am,GBP,Flash Services PMI,High,,,,2026-07-24 03:30:00
2026-07-24,7:30am,CAD,IPPI m/m,Non-economic,,,,2026-07-24 07:30:00
2026-07-24,7:30am,CAD,RMPI m/m,Non-economic,,,,2026-07-24 07:30:00
2026-07-24,8:00am,EUR,Belgian NBB Business Climate,Non-economic,,,,2026-07-24 08:00:00
2026-07-24,8:45am,USD,Flash Manufacturing PMI,High,,,,2026-07-24 08:45:00
2026-07-24,8:45am,USD,Flash Services PMI,High,,,,2026-07-24 08:45:00
2026-07-24,9:00am,USD,New Home Sales,Medium,,,,2026-07-24 09:00:00
2026-07-24,Tentative,NZD,RBNZ Statement of Intent,Non-economic,,,,2026-07-24 00:00:00
2026-07-27,5:00am,GBP,CBI Realized Sales,Non-economic,,,,2026-07-27 05:00:00
2026-07-27,7:30am,USD,Core Durable Goods Orders m/m,Non-economic,,,,2026-07-27 07:30:00
2026-07-27,7:30am,USD,Durable Goods Orders m/m,Non-economic,,,,2026-07-27 07:30:00
2026-07-28,12:00am,JPY,BOJ Core CPI y/y,Non-economic,,,,2026-07-28 00:00:00
2026-07-28,2:00am,EUR,Spanish Flash CPI y/y,Non-economic,,,,2026-07-28 02:00:00
2026-07-28,2:00am,EUR,Spanish Unemployment Rate,Non-economic,,,,2026-07-28 02:00:00
2026-07-28,3:00am,CHF,UBS Economic Expectations,Non-economic,,,,2026-07-28 03:00:00
2026-07-28,4:00am,EUR,Italian Prelim CPI m/m,Non-economic,,,,2026-07-28 04:00:00
2026-07-28,7:15am,USD,ADP Weekly Employment Change,Non-economic,,,,2026-07-28 07:15:00
2026-07-28,7:30am,USD,Goods Trade Balance,Non-economic,,,,2026-07-28 07:30:00
2026-07-28,7:30am,USD,Prelim Wholesale Inventories m/m,Non-economic,,,,2026-07-28 07:30:00
2026-07-28,8:00am,USD,HPI m/m,Non-economic,,,,2026-07-28 08:00:00
2026-07-28,8:00am,USD,S&P/CS Composite-20 HPI y/y,Non-economic,,,,2026-07-28 08:00:00
2026-07-28,9:00am,USD,CB Consumer Confidence,Medium,,,,2026-07-28 09:00:00
2026-07-28,9:00am,USD,Richmond Manufacturing Index,Non-economic,,,,2026-07-28 09:00:00
2026-07-28,3:30pm,USD,API Weekly Statistical Bulletin,Non-economic,,,,2026-07-28 15:30:00
2026-07-28,6:01pm,GBP,BRC Shop Price Index y/y,Non-economic,,,,2026-07-28 18:01:00
2026-07-28,6:50pm,JPY,SPPI y/y,Non-economic,,,,2026-07-28 18:50:00
2026-07-28,8:30pm,AUD,CPI m/m,High,,,,2026-07-28 20:30:00
2026-07-28,8:30pm,AUD,CPI y/y,High,,,,2026-07-28 20:30:00
2026-07-28,8:30pm,AUD,Trimmed Mean CPI m/m,High,,,,2026-07-28 20:30:00
2026-07-29,12:00am,JPY,Consumer Confidence,Non-economic,,,,2026-07-29 00:00:00
2026-07-29,1:00am,EUR,German Import Prices m/m,Non-economic,,,,2026-07-29 01:00:00
2026-07-29,1:00am,EUR,German Retail Sales m/m,Non-economic,,,,2026-07-29 01:00:00
2026-07-29,1:45am,EUR,French Consumer Spending m/m,Non-economic,,,,2026-07-29 01:45:00
2026-07-29,2:00am,CHF,KOF Economic Barometer,Non-economic,,,,2026-07-29 02:00:00
2026-07-29,3:00am,EUR,Italian Monthly Unemployment Rate,Non-economic,,,,2026-07-29 03:00:00
2026-07-29,9:30am,USD,Crude Oil Inventories,Non-economic,,,,2026-07-29 09:30:00
2026-07-29,12:30pm,CAD,BOC Summary of Deliberations,Non-economic,,,,2026-07-29 12:30:00
2026-07-29,1:00pm,USD,Federal Funds Rate,High,,,,2026-07-29 13:00:00
2026-07-29,1:00pm,USD,FOMC Statement,High,,,,2026-07-29 13:00:00
2026-07-29,1:30pm,USD,FOMC Press Conference,High,,,,2026-07-29 13:30:00
2026-07-29,8:00pm,NZD,ANZ Business Confidence,Non-economic,,,,2026-07-29 20:00:00
2026-07-29,8:30pm,AUD,Building Approvals m/m,Non-economic,,,,2026-07-29 20:30:00
2026-07-29,8:30pm,AUD,Import Prices q/q,Non-economic,,,,2026-07-29 20:30:00
2026-07-30,1:00am,GBP,Nationwide HPI m/m,Non-economic,,,,2026-07-30 01:00:00
2026-07-30,1:29am,EUR,German Prelim CPI m/m,Medium,,,,2026-07-30 01:29:00
2026-07-30,1:30am,CHF,Retail Sales y/y,Non-economic,,,,2026-07-30 01:30:00
2026-07-30,1:30am,EUR,French Flash GDP q/q,Non-economic,,,,2026-07-30 01:30:00
2026-07-30,1:45am,EUR,French Prelim CPI m/m,Non-economic,,,,2026-07-30 01:45:00
2026-07-30,2:00am,EUR,Spanish Flash GDP q/q,Non-economic,,,,2026-07-30 02:00:00
2026-07-30,3:30am,GBP,M4 Money Supply m/m,Non-economic,,,,2026-07-30 03:30:00
2026-07-30,3:30am,GBP,Mortgage Approvals,Non-economic,,,,2026-07-30 03:30:00
2026-07-30,3:30am,GBP,Net Lending to Individuals m/m,Non-economic,,,,2026-07-30 03:30:00
2026-07-30,4:00am,EUR,German Prelim GDP q/q,Medium,,,,2026-07-30 04:00:00
2026-07-30,4:00am,EUR,Unemployment Rate,Non-economic,,,,2026-07-30 04:00:00
2026-07-30,4:33am,EUR,Italian 10-y Bond Auction,Non-economic,,,,2026-07-30 04:33:00
2026-07-30,5:00am,EUR,Prelim Flash GDP q/q,Non-economic,,,,2026-07-30 05:00:00
2026-07-30,6:00am,GBP,BOE Monetary Policy Report,High,,,,2026-07-30 06:00:00
2026-07-30,6:00am,GBP,Monetary Policy Summary,High,,,,2026-07-30 06:00:00
2026-07-30,6:00am,GBP,MPC Official Bank Rate Votes,High,,,,2026-07-30 06:00:00
2026-07-30,6:00am,GBP,Official Bank Rate,High,,,,2026-07-30 06:00:00
2026-07-30,7:30am,USD,Advance GDP q/q,High,,,,2026-07-30 07:30:00
2026-07-30,7:30am,USD,Core PCE Price Index m/m,High,,,,2026-07-30 07:30:00
2026-07-30,7:30am,USD,Advance GDP Price Index q/q,Medium,,,,2026-07-30 07:30:00
2026-07-30,7:30am,USD,Unemployment Claims,Medium,,,,2026-07-30 07:30:00
2026-07-30,7:30am,USD,Personal Income m/m,Non-economic,,,,2026-07-30 07:30:00
2026-07-30,7:30am,USD,Personal Spending m/m,Non-economic,,,,2026-07-30 07:30:00
2026-07-30,9:30am,USD,Natural Gas Storage,Non-economic,,,,2026-07-30 09:30:00
2026-07-30,6:30pm,JPY,Tokyo Core CPI y/y,Medium,,,,2026-07-30 18:30:00
2026-07-30,6:30pm,JPY,Unemployment Rate,Non-economic,,,,2026-07-30 18:30:00
2026-07-30,6:50pm,JPY,Prelim Industrial Production m/m,Non-economic,,,,2026-07-30 18:50:00
2026-07-30,6:50pm,JPY,Retail Sales y/y,Non-economic,,,,2026-07-30 18:50:00
2026-07-30,8:30pm,AUD,PPI q/q,Non-economic,,,,2026-07-30 20:30:00
2026-07-30,8:30pm,AUD,Private Sector Credit m/m,Non-economic,,,,2026-07-30 20:30:00
2026-07-30,Tentative,JPY,BOJ Policy Rate,High,,,,2026-07-30 00:00:00
2026-07-30,Tentative,JPY,Monetary Policy Statement,High,,,,2026-07-30 00:00:00
2026-07-30,Tentative,JPY,BOJ Outlook Report,High,,,,2026-07-30 00:00:00
2026-07-31,12:00am,JPY,Housing Starts y/y,Non-economic,,,,2026-07-31 00:00:00
2026-07-31,Tentative,JPY,BOJ Press Conference,High,,,,2026-07-31 00:00:00
2026-07-31,2:55am,EUR,German Unemployment Change,Non-economic,,,,2026-07-31 02:55:00
2026-07-31,3:00am,EUR,Italian Prelim GDP q/q,Non-economic,,,,2026-07-31 03:00:00
2026-07-31,4:00am,EUR,Core CPI Flash Estimate y/y,Medium,,,,2026-07-31 04:00:00
2026-07-31,4:00am,EUR,CPI Flash Estimate y/y,Medium,,,,2026-07-31 04:00:00
2026-07-31,7:30am,CAD,GDP m/m,High,,,,2026-07-31 07:30:00
2026-07-31,7:30am,USD,Employment Cost Index q/q,High,,,,2026-07-31 07:30:00
2026-07-31,8:45am,USD,Chicago PMI,Non-economic,,,,2026-07-31 08:45:00
2026-07-31,9:00am,USD,Revised UoM Consumer Sentiment,Medium,,,,2026-07-31 09:00:00
2026-07-31,9:00am,USD,Revised UoM Inflation Expectations,Non-economic,,,,2026-07-31 09:00:00
2026-07-31,8:30pm,CNY,Manufacturing PMI,Non-economic,,,,2026-07-31 20:30:00
2026-07-31,8:30pm,CNY,Non-Manufacturing PMI,Non-economic,,,,2026-07-31 20:30:00
2026-08-01,All Day,All,OPEC-JMMC Meetings,Medium,,,,2026-08-01 00:00:00
2026-08-01,Tentative,CAD,Annual Budget Release,Medium,,,,2026-08-01 00:00:00
2026-08-02,All Day,AUD,Bank Holiday,Low,,,,2026-08-02 00:00:00
2026-08-02,7:30pm,JPY,Final Manufacturing PMI,Non-economic,,,,2026-08-02 19:30:00
2026-08-02,7:45pm,CNY,RatingDog Manufacturing PMI,Non-economic,,,,2026-08-02 19:45:00
2026-08-02,8:00pm,AUD,MI Inflation Gauge m/m,Non-economic,,,,2026-08-02 20:00:00
2026-08-02,8:30pm,AUD,ANZ Job Advertisements m/m,Non-economic,,,,2026-08-02 20:30:00
2026-08-03,1:30am,AUD,Commodity Prices y/y,Non-economic,,,,2026-08-03 01:30:00
2026-08-03,2:15am,EUR,Spanish Manufacturing PMI,Non-economic,,,,2026-08-03 02:15:00
2026-08-03,2:30am,CHF,Manufacturing PMI,Non-economic,,,,2026-08-03 02:30:00
2026-08-03,2:45am,EUR,Italian Manufacturing PMI,Non-economic,,,,2026-08-03 02:45:00
2026-08-03,2:50am,EUR,French Final Manufacturing PMI,Non-economic,,,,2026-08-03 02:50:00
2026-08-03,2:55am,EUR,German Final Manufacturing PMI,Non-economic,,,,2026-08-03 02:55:00
2026-08-03,3:00am,EUR,Final Manufacturing PMI,Non-economic,,,,2026-08-03 03:00:00
2026-08-03,3:30am,GBP,Final Manufacturing PMI,Non-economic,,,,2026-08-03 03:30:00
2026-08-03,All Day,CAD,Bank Holiday,Low,,,,2026-08-03 00:00:00
2026-08-03,8:45am,USD,Final Manufacturing PMI,Non-economic,,,,2026-08-03 08:45:00
2026-08-03,9:00am,USD,ISM Manufacturing PMI,High,,,,2026-08-03 09:00:00
2026-08-03,9:00am,USD,ISM Manufacturing Prices,Medium,,,,2026-08-03 09:00:00
2026-08-03,9:00am,USD,Construction Spending m/m,Non-economic,,,,2026-08-03 09:00:00
2026-08-03,All Day,USD,Wards Total Vehicle Sales,Non-economic,,,,2026-08-03 00:00:00
2026-08-03,Tentative,USD,Loan Officer Survey,Non-economic,,,,2026-08-03 00:00:00
2026-08-03,5:45pm,NZD,Building Consents m/m,Non-economic,,,,2026-08-03 17:45:00
2026-08-03,6:01pm,GBP,BRC Retail Sales Monitor y/y,Non-economic,,,,2026-08-03 18:01:00
2026-08-03,6:50pm,JPY,Monetary Base y/y,Non-economic,,,,2026-08-03 18:50:00
2026-08-03,8:30pm,AUD,Household Spending m/m,Non-economic,,,,2026-08-03 20:30:00
2026-08-03,10:35pm,JPY,10-y Bond Auction,Non-economic,,,,2026-08-03 22:35:00
2026-08-04,1:30am,CHF,CPI m/m,Medium,,,,2026-08-04 01:30:00
2026-08-04,1:45am,EUR,French Gov Budget Balance,Non-economic,,,,2026-08-04 01:45:00
2026-08-04,Tentative,EUR,Spanish 10-y Bond Auction,Non-economic,,,,2026-08-04 00:00:00
2026-08-04,Tentative,EUR,French 10-y Bond Auction,Non-economic,,,,2026-08-04 00:00:00
2026-08-04,7:30am,CAD,Trade Balance,Non-economic,,,,2026-08-04 07:30:00
2026-08-04,7:30am,USD,Trade Balance,Non-economic,,,,2026-08-04 07:30:00
2026-08-04,8:30am,CAD,Manufacturing PMI,Non-economic,,,,2026-08-04 08:30:00
2026-08-04,9:00am,USD,JOLTS Job Openings,High,,,,2026-08-04 09:00:00
2026-08-04,9:00am,USD,Factory Orders m/m,Non-economic,,,,2026-08-04 09:00:00
2026-08-04,Tentative,USD,RCM/TIPP Economic Optimism,Non-economic,,,,2026-08-04 00:00:00
2026-08-04,Tentative,NZD,GDT Price Index,Non-economic,,,,2026-08-04 00:00:00
2026-08-04,3:30pm,USD,API Weekly Statistical Bulletin,Non-economic,,,,2026-08-04 15:30:00
2026-08-04,5:45pm,NZD,Employment Change q/q,High,,,,2026-08-04 17:45:00
2026-08-04,5:45pm,NZD,Unemployment Rate,High,,,,2026-08-04 17:45:00
2026-08-04,5:45pm,NZD,Labor Cost Index q/q,Non-economic,,,,2026-08-04 17:45:00
2026-08-04,6:50pm,JPY,Monetary Policy Meeting Minutes,Non-economic,,,,2026-08-04 18:50:00
2026-08-04,7:45pm,CNY,RatingDog Services PMI,Non-economic,,,,2026-08-04 19:45:00
2026-08-04,8:00pm,NZD,ANZ Commodity Prices m/m,Non-economic,,,,2026-08-04 20:00:00
2026-08-05,1:00am,GBP,Halifax HPI m/m,Non-economic,,,,2026-08-05 01:00:00
2026-08-05,1:45am,EUR,French Prelim Private Payrolls q/q,Non-economic,,,,2026-08-05 01:45:00
2026-08-05,2:00am,EUR,Spanish Unemployment Change,Non-economic,,,,2026-08-05 02:00:00
2026-08-05,2:15am,EUR,Spanish Services PMI,Non-economic,,,,2026-08-05 02:15:00
2026-08-05,2:45am,EUR,Italian Services PMI,Non-economic,,,,2026-08-05 02:45:00
2026-08-05,2:50am,EUR,French Final Services PMI,Non-economic,,,,2026-08-05 02:50:00
2026-08-05,2:55am,EUR,German Final Services PMI,Non-economic,,,,2026-08-05 02:55:00
2026-08-05,3:00am,EUR,Final Services PMI,Non-economic,,,,2026-08-05 03:00:00
2026-08-05,3:30am,GBP,Final Services PMI,Non-economic,,,,2026-08-05 03:30:00
2026-08-05,4:00am,EUR,PPI m/m,Non-economic,,,,2026-08-05 04:00:00
2026-08-05,7:15am,USD,ADP Non-Farm Employment Change,High,,,,2026-08-05 07:15:00
2026-08-05,8:45am,USD,Final Services PMI,Non-economic,,,,2026-08-05 08:45:00
2026-08-05,9:00am,USD,ISM Services PMI,High,,,,2026-08-05 09:00:00
2026-08-05,9:30am,USD,Crude Oil Inventories,Non-economic,,,,2026-08-05 09:30:00
2026-08-05,8:30pm,AUD,Goods Trade Balance,Non-economic,,,,2026-08-05 20:30:00
2026-08-05,10:35pm,JPY,30-y Bond Auction,Non-economic,,,,2026-08-05 22:35:00
2026-08-06,1:00am,EUR,German Factory Orders m/m,Non-economic,,,,2026-08-06 01:00:00
2026-08-06,3:00am,EUR,ECB Economic Bulletin,Non-economic,,,,2026-08-06 03:00:00
2026-08-06,3:00am,EUR,Italian Retail Sales m/m,Non-economic,,,,2026-08-06 03:00:00
2026-08-06,3:30am,GBP,Construction PMI,Non-economic,,,,2026-08-06 03:30:00
2026-08-06,4:00am,EUR,Retail Sales m/m,Non-economic,,,,2026-08-06 04:00:00
2026-08-06,Tentative,GBP,10-y Bond Auction,Non-economic,,,,2026-08-06 00:00:00
2026-08-06,Tentative,EUR,German 10-y Bond Auction,Non-economic,,,,2026-08-06 00:00:00
2026-08-06,6:30am,USD,Challenger Job Cuts y/y,Non-economic,,,,2026-08-06 06:30:00
2026-08-06,7:30am,USD,Unemployment Claims,Medium,,,,2026-08-06 07:30:00
2026-08-06,7:30am,USD,Prelim Nonfarm Productivity q/q,Non-economic,,,,2026-08-06 07:30:00
2026-08-06,7:30am,USD,Prelim Unit Labor Costs q/q,Non-economic,,,,2026-08-06 07:30:00
2026-08-06,9:00am,USD,Final Wholesale Inventories m/m,Non-economic,,,,2026-08-06 09:00:00
2026-08-06,9:30am,USD,Natural Gas Storage,Non-economic,,,,2026-08-06 09:30:00
2026-08-06,6:30pm,JPY,Average Cash Earnings y/y,Non-economic,,,,2026-08-06 18:30:00
2026-08-06,6:30pm,JPY,Household Spending y/y,Non-economic,,,,2026-08-06 18:30:00
2026-08-06,8:30pm,CNY,CPI y/y,Medium,,,,2026-08-06 20:30:00
2026-08-06,8:30pm,CNY,PPI y/y,Medium,,,,2026-08-06 20:30:00
2026-08-06,Tentative,CNY,Trade Balance,Non-economic,,,,2026-08-06 00:00:00
2026-08-06,Tentative,CNY,USD-Denominated Trade Balance,Non-economic,,,,2026-08-06 00:00:00
2026-08-06,10:00pm,NZD,Inflation Expectations q/q,Non-economic,,,,2026-08-06 22:00:00
2026-08-07,12:00am,JPY,Leading Indicators,Non-economic,,,,2026-08-07 00:00:00
2026-08-07,1:00am,EUR,German Industrial Production m/m,Non-economic,,,,2026-08-07 01:00:00
2026-08-07,1:00am,EUR,German Trade Balance,Non-economic,,,,2026-08-07 01:00:00
2026-08-07,1:00am,EUR,German WPI m/m,Non-economic,,,,2026-08-07 01:00:00
2026-08-07,1:45am,EUR,French Trade Balance,Non-economic,,,,2026-08-07 01:45:00
2026-08-07,2:00am,CHF,Foreign Currency Reserves,Non-economic,,,,2026-08-07 02:00:00
2026-08-07,7:30am,CAD,Employment Change,High,,,,2026-08-07 07:30:00
2026-08-07,7:30am,CAD,Unemployment Rate,High,,,,2026-08-07 07:30:00
2026-08-07,7:30am,USD,Average Hourly Earnings m/m,High,,,,2026-08-07 07:30:00
2026-08-07,7:30am,USD,Non-Farm Employment Change,High,,,,2026-08-07 07:30:00
2026-08-07,7:30am,USD,Unemployment Rate,High,,,,2026-08-07 07:30:00
2026-08-07,9:00am,CAD,Ivey PMI,Medium,,,,2026-08-07 09:00:00
2026-08-07,2:00pm,USD,Consumer Credit m/m,Non-economic,,,,2026-08-07 14:00:00
2026-08-09,6:50pm,JPY,BOJ Summary of Opinions,Non-economic,,,,2026-08-09 18:50:00
2026-08-09,6:50pm,JPY,Current Account,Non-economic,,,,2026-08-09 18:50:00
2026-08-10,3:00am,EUR,Italian Industrial Production m/m,Non-economic,,,,2026-08-10 03:00:00
2026-08-10,3:30am,EUR,Sentix Investor Confidence,Non-economic,,,,2026-08-10 03:30:00
2026-08-10,All Day,EUR,Eurogroup Meetings,Non-economic,,,,2026-08-10 00:00:00
2026-08-10,5:00am,EUR,German Buba Monthly Report,Non-economic,,,,2026-08-10 05:00:00
2026-08-10,Tentative,GBP,30-y Bond Auction,Non-economic,,,,2026-08-10 00:00:00
2026-08-10,Tentative,USD,Cleveland Fed Inflation Expectations,Non-economic,,,,2026-08-10 00:00:00
2026-08-10,All Day,JPY,Bank Holiday,Low,,,,2026-08-10 00:00:00
2026-08-10,7:30pm,AUD,Westpac Consumer Sentiment,Non-economic,,,,2026-08-10 19:30:00
2026-08-10,8:30pm,AUD,NAB Business Confidence,Non-economic,,,,2026-08-10 20:30:00
2026-08-10,11:30pm,AUD,Cash Rate,High,,,,2026-08-10 23:30:00
2026-08-10,11:30pm,AUD,RBA Monetary Policy Statement,High,,,,2026-08-10 23:30:00
2026-08-10,11:30pm,AUD,RBA Rate Statement,High,,,,2026-08-10 23:30:00
2026-08-11,12:00am,JPY,Economy Watchers Sentiment,Non-economic,,,,2026-08-11 00:00:00
2026-08-11,12:30am,AUD,RBA Press Conference,High,,,,2026-08-11 00:30:00
2026-08-11,1:00am,EUR,German WPI m/m,Non-economic,,,,2026-08-11 01:00:00
2026-08-11,1:45am,EUR,French Industrial Production m/m,Non-economic,,,,2026-08-11 01:45:00
2026-08-11,2:00am,CHF,SECO Consumer Climate,Non-economic,,,,2026-08-11 02:00:00
2026-08-11,4:00am,EUR,ZEW Economic Sentiment,Non-economic,,,,2026-08-11 04:00:00
2026-08-11,4:00am,EUR,German ZEW Economic Sentiment,Non-economic,,,,2026-08-11 04:00:00
2026-08-11,All Day,EUR,ECOFIN Meetings,Non-economic,,,,2026-08-11 00:00:00
2026-08-11,5:00am,USD,NFIB Small Business Index,Non-economic,,,,2026-08-11 05:00:00
2026-08-11,7:15am,USD,ADP Weekly Employment Change,Non-economic,,,,2026-08-11 07:15:00
2026-08-11,9:00am,USD,Existing Home Sales,Non-economic,,,,2026-08-11 09:00:00
2026-08-11,12:01pm,USD,10-y Bond Auction,Non-economic,,,,2026-08-11 12:01:00
2026-08-11,3:30pm,USD,API Weekly Statistical Bulletin,Non-economic,,,,2026-08-11 15:30:00
2026-08-11,5:45pm,NZD,Visitor Arrivals m/m,Non-economic,,,,2026-08-11 17:45:00
2026-08-11,6:50pm,JPY,M2 Money Stock y/y,Non-economic,,,,2026-08-11 18:50:00
2026-08-12,1:00am,EUR,German Final CPI m/m,Non-economic,,,,2026-08-12 01:00:00
2026-08-12,1:00am,JPY,Prelim Machine Tool Orders y/y,Non-economic,,,,2026-08-12 01:00:00
2026-08-12,3:00am,EUR,Italian Trade Balance,Non-economic,,,,2026-08-12 03:00:00
2026-08-12,7:30am,CAD,Building Permits m/m,Non-economic,,,,2026-08-12 07:30:00
2026-08-12,7:30am,USD,Core CPI m/m,High,,,,2026-08-12 07:30:00
2026-08-12,7:30am,USD,CPI m/m,High,,,,2026-08-12 07:30:00
2026-08-12,7:30am,USD,CPI y/y,High,,,,2026-08-12 07:30:00
2026-08-12,9:30am,USD,Crude Oil Inventories,Non-economic,,,,2026-08-12 09:30:00
2026-08-12,12:01pm,USD,30-y Bond Auction,Non-economic,,,,2026-08-12 12:01:00
2026-08-12,6:50pm,JPY,Bank Lending y/y,Non-economic,,,,2026-08-12 18:50:00
2026-08-12,6:50pm,JPY,PPI y/y,Non-economic,,,,2026-08-12 18:50:00
2026-08-12,8:00pm,AUD,MI Inflation Expectations,Non-economic,,,,2026-08-12 20:00:00
2026-08-12,11:30pm,JPY,Tertiary Industry Activity m/m,Non-economic,,,,2026-08-12 23:30:00
2026-08-13,1:00am,GBP,Claimant Count Change,High,,,,2026-08-13 01:00:00
2026-08-13,1:00am,GBP,GDP m/m,High,,,,2026-08-13 01:00:00
2026-08-13,1:00am,GBP,Average Earnings Index 3m/y,Medium,,,,2026-08-13 01:00:00
2026-08-13,1:00am,GBP,Prelim GDP q/q,Medium,,,,2026-08-13 01:00:00
2026-08-13,1:00am,GBP,Construction Output m/m,Non-economic,,,,2026-08-13 01:00:00
2026-08-13,1:00am,GBP,Goods Trade Balance,Non-economic,,,,2026-08-13 01:00:00
2026-08-13,1:00am,GBP,Index of Services 3m/3m,Non-economic,,,,2026-08-13 01:00:00
2026-08-13,1:00am,GBP,Industrial Production m/m,Non-economic,,,,2026-08-13 01:00:00
2026-08-13,1:00am,GBP,Manufacturing Production m/m,Non-economic,,,,2026-08-13 01:00:00
2026-08-13,1:00am,GBP,Prelim Business Investment q/q,Non-economic,,,,2026-08-13 01:00:00
2026-08-13,1:00am,GBP,Unemployment Rate,Non-economic,,,,2026-08-13 01:00:00
2026-08-13,Tentative,CNY,Foreign Direct Investment ytd/y,Non-economic,,,,2026-08-13 00:00:00
2026-08-13,2:00am,CHF,Unemployment Rate,Non-economic,,,,2026-08-13 02:00:00
2026-08-13,Tentative,CNY,M2 Money Supply y/y,Non-economic,,,,2026-08-13 00:00:00
2026-08-13,Tentative,CNY,New Loans,Non-economic,,,,2026-08-13 00:00:00
2026-08-13,4:00am,EUR,Industrial Production m/m,Non-economic,,,,2026-08-13 04:00:00
2026-08-13,Tentative,EUR,German 30-y Bond Auction,Non-economic,,,,2026-08-13 00:00:00
2026-08-13,7:30am,USD,Core PPI m/m,High,,,,2026-08-13 07:30:00
2026-08-13,7:30am,USD,PPI m/m,High,,,,2026-08-13 07:30:00
2026-08-13,7:30am,USD,Unemployment Claims,Medium,,,,2026-08-13 07:30:00
2026-08-13,8:30am,GBP,CB Leading Index m/m,Non-economic,,,,2026-08-13 08:30:00
2026-08-13,Tentative,USD,Mortgage Delinquencies,Non-economic,,,,2026-08-13 00:00:00
2026-08-13,9:30am,AUD,CB Leading Index m/m,Non-economic,,,,2026-08-13 09:30:00
2026-08-13,9:30am,USD,Natural Gas Storage,Non-economic,,,,2026-08-13 09:30:00
2026-08-13,1:00pm,USD,Federal Budget Balance,Non-economic,,,,2026-08-13 13:00:00
2026-08-13,5:30pm,NZD,BusinessNZ Manufacturing Index,Non-economic,,,,2026-08-13 17:30:00
2026-08-13,8:30pm,CNY,New Home Prices m/m,Non-economic,,,,2026-08-13 20:30:00
2026-08-14,1:30am,CHF,PPI m/m,Non-economic,,,,2026-08-14 01:30:00
2026-08-14,1:45am,EUR,French Final CPI m/m,Non-economic,,,,2026-08-14 01:45:00
2026-08-14,4:00am,EUR,Flash Employment Change q/q,Non-economic,,,,2026-08-14 04:00:00
2026-08-14,4:00am,EUR,Flash GDP q/q,Non-economic,,,,2026-08-14 04:00:00
2026-08-14,4:00am,EUR,Trade Balance,Non-economic,,,,2026-08-14 04:00:00
2026-08-14,7:30am,CAD,Manufacturing Sales m/m,Non-economic,,,,2026-08-14 07:30:00
2026-08-14,7:30am,CAD,Wholesale Sales m/m,Non-economic,,,,2026-08-14 07:30:00
2026-08-14,7:30am,USD,Core Retail Sales m/m,High,,,,2026-08-14 07:30:00
2026-08-14,7:30am,USD,Retail Sales m/m,High,,,,2026-08-14 07:30:00
2026-08-14,9:00am,USD,Prelim UoM Consumer Sentiment,Medium,,,,2026-08-14 09:00:00
2026-08-14,9:00am,USD,Prelim UoM Inflation Expectations,Medium,,,,2026-08-14 09:00:00
2026-08-14,9:00am,USD,Business Inventories m/m,Non-economic,,,,2026-08-14 09:00:00
2026-08-16,5:30pm,NZD,BusinessNZ Services Index,Non-economic,,,,2026-08-16 17:30:00
2026-08-16,5:45pm,NZD,FPI m/m,Non-economic,,,,2026-08-16 17:45:00
2026-08-16,6:50pm,JPY,Prelim GDP Price Index y/y,Non-economic,,,,2026-08-16 18:50:00
2026-08-16,6:50pm,JPY,Prelim GDP q/q,Non-economic,,,,2026-08-16 18:50:00
2026-08-16,9:00pm,CNY,Fixed Asset Investment ytd/y,Non-economic,,,,2026-08-16 21:00:00
2026-08-16,9:00pm,CNY,Industrial Production y/y,Non-economic,,,,2026-08-16 21:00:00
2026-08-16,9:00pm,CNY,NBS Press Conference,Non-economic,,,,2026-08-16 21:00:00
2026-08-16,9:00pm,CNY,Retail Sales y/y,Non-economic,,,,2026-08-16 21:00:00
2026-08-16,9:00pm,CNY,Unemployment Rate,Non-economic,,,,2026-08-16 21:00:00
2026-08-16,11:30pm,JPY,Revised Industrial Production m/m,Non-economic,,,,2026-08-16 23:30:00
2026-08-17,7:30am,CAD,CPI m/m,High,,,,2026-08-17 07:30:00
2026-08-17,7:30am,CAD,Median CPI y/y,High,,,,2026-08-17 07:30:00
2026-08-17,7:30am,CAD,Trimmed CPI y/y,High,,,,2026-08-17 07:30:00
2026-08-17,7:30am,CAD,Common CPI y/y,Medium,,,,2026-08-17 07:30:00
2026-08-17,7:30am,CAD,Core CPI m/m,Non-economic,,,,2026-08-17 07:30:00
2026-08-17,7:30am,CAD,Foreign Securities Purchases,Non-economic,,,,2026-08-17 07:30:00
2026-08-17,7:30am,USD,Empire State Manufacturing Index,Non-economic,,,,2026-08-17 07:30:00
2026-08-17,9:00am,USD,NAHB Housing Market Index,Non-economic,,,,2026-08-17 09:00:00
2026-08-17,3:00pm,USD,TIC Long-Term Purchases,Non-economic,,,,2026-08-17 15:00:00
2026-08-18,7:15am,CAD,Housing Starts,Non-economic,,,,2026-08-18 07:15:00
2026-08-18,7:15am,USD,ADP Weekly Employment Change,Non-economic,,,,2026-08-18 07:15:00
2026-08-18,7:30am,USD,Building Permits,Non-economic,,,,2026-08-18 07:30:00
2026-08-18,7:30am,USD,Housing Starts,Non-economic,,,,2026-08-18 07:30:00
2026-08-18,7:30am,USD,Import Prices m/m,Non-economic,,,,2026-08-18 07:30:00
2026-08-18,8:15am,USD,Capacity Utilization Rate,Non-economic,,,,2026-08-18 08:15:00
2026-08-18,8:15am,USD,Industrial Production m/m,Non-economic,,,,2026-08-18 08:15:00
2026-08-18,9:00am,USD,Pending Home Sales m/m,Medium,,,,2026-08-18 09:00:00
2026-08-18,Tentative,NZD,GDT Price Index,Non-economic,,,,2026-08-18 00:00:00
2026-08-18,3:30pm,USD,API Weekly Statistical Bulletin,Non-economic,,,,2026-08-18 15:30:00
2026-08-18,5:45pm,NZD,PPI Input q/q,Non-economic,,,,2026-08-18 17:45:00
2026-08-18,5:45pm,NZD,PPI Output q/q,Non-economic,,,,2026-08-18 17:45:00
2026-08-18,6:50pm,JPY,Trade Balance,Non-economic,,,,2026-08-18 18:50:00
2026-08-18,7:30pm,AUD,MI Leading Index m/m,Non-economic,,,,2026-08-18 19:30:00
2026-08-18,8:30pm,AUD,Wage Price Index q/q,High,,,,2026-08-18 20:30:00
2026-08-19,1:00am,EUR,German Final CPI m/m,Non-economic,,,,2026-08-19 01:00:00
2026-08-19,1:00am,GBP,CPI y/y,High,,,,2026-08-19 01:00:00
2026-08-19,1:00am,GBP,Core CPI y/y,Non-economic,,,,2026-08-19 01:00:00
2026-08-19,1:00am,GBP,PPI Input m/m,Non-economic,,,,2026-08-19 01:00:00
2026-08-19,1:00am,GBP,PPI Output m/m,Non-economic,,,,2026-08-19 01:00:00
2026-08-19,1:00am,GBP,RPI y/y,Non-economic,,,,2026-08-19 01:00:00
2026-08-19,3:00am,EUR,Current Account,Non-economic,,,,2026-08-19 03:00:00
2026-08-19,3:30am,GBP,HPI y/y,Non-economic,,,,2026-08-19 03:30:00
2026-08-19,4:00am,EUR,Final Core CPI y/y,Non-economic,,,,2026-08-19 04:00:00
2026-08-19,4:00am,EUR,Final CPI y/y,Non-economic,,,,2026-08-19 04:00:00
2026-08-19,9:00am,USD,Prelim Benchmark Payrolls Revision,High,,,-911K,2026-08-19 09:00:00
2026-08-19,9:30am,USD,Crude Oil Inventories,Non-economic,,,,2026-08-19 09:30:00
2026-08-19,1:00pm,USD,FOMC Meeting Minutes,High,,,,2026-08-19 13:00:00
2026-08-19,5:45pm,NZD,Trade Balance,Non-economic,,,,2026-08-19 17:45:00
2026-08-19,6:50pm,JPY,Core Machinery Orders m/m,Non-economic,,,,2026-08-19 18:50:00
2026-08-19,8:00pm,CNY,1-y Loan Prime Rate,Non-economic,,,,2026-08-19 20:00:00
2026-08-19,8:00pm,CNY,5-y Loan Prime Rate,Non-economic,,,,2026-08-19 20:00:00
2026-08-19,8:30pm,AUD,Employment Change,High,,,,2026-08-19 20:30:00
2026-08-19,8:30pm,AUD,Unemployment Rate,High,,,,2026-08-19 20:30:00
2026-08-20,1:00am,EUR,German PPI m/m,Non-economic,,,,2026-08-20 01:00:00
2026-08-20,5:00am,GBP,CBI Industrial Order Expectations,Non-economic,,,,2026-08-20 05:00:00
2026-08-20,6:30am,EUR,ECB Monetary Policy Meeting Accounts,Non-economic,,,,2026-08-20 06:30:00
2026-08-20,7:30am,CAD,IPPI m/m,Non-economic,,,,2026-08-20 07:30:00
2026-08-20,7:30am,CAD,NHPI m/m,Non-economic,,,,2026-08-20 07:30:00
2026-08-20,7:30am,CAD,RMPI m/m,Non-economic,,,,2026-08-20 07:30:00
2026-08-20,7:30am,USD,Philly Fed Manufacturing Index,Medium,,,,2026-08-20 07:30:00
2026-08-20,7:30am,USD,Unemployment Claims,Medium,,,,2026-08-20 07:30:00
2026-08-20,9:00am,EUR,Consumer Confidence,Non-economic,,,,2026-08-20 09:00:00
2026-08-20,9:00am,USD,CB Leading Index m/m,Non-economic,,,,2026-08-20 09:00:00
2026-08-20,9:30am,USD,Natural Gas Storage,Non-economic,,,,2026-08-20 09:30:00
2026-08-20,Day 1,All,Jackson Hole Symposium,Medium,,,,2026-08-20 00:00:00
2026-08-20,6:00pm,AUD,Flash Manufacturing PMI,Non-economic,,,,2026-08-20 18:00:00
2026-08-20,6:00pm,AUD,Flash Services PMI,Non-economic,,,,2026-08-20 18:00:00
2026-08-20,6:01pm,GBP,GfK Consumer Confidence,Non-economic,,,,2026-08-20 18:01:00
2026-08-20,6:30pm,JPY,National Core CPI y/y,Non-economic,,,,2026-08-20 18:30:00
2026-08-20,7:30pm,JPY,Flash Manufacturing PMI,Non-economic,,,,2026-08-20 19:30:00
2026-08-20,10:00pm,NZD,Credit Card Spending y/y,Non-economic,,,,2026-08-20 22:00:00
2026-08-21,1:00am,GBP,Retail Sales m/m,Medium,,,,2026-08-21 01:00:00
2026-08-21,1:00am,GBP,Public Sector Net Borrowing,Non-economic,,,,2026-08-21 01:00:00
2026-08-21,2:15am,EUR,French Flash Manufacturing PMI,Medium,,,,2026-08-21 02:15:00
2026-08-21,2:15am,EUR,French Flash Services PMI,Medium,,,,2026-08-21 02:15:00
2026-08-21,2:30am,EUR,German Flash Manufacturing PMI,Medium,,,,2026-08-21 02:30:00
2026-08-21,2:30am,EUR,German Flash Services PMI,Medium,,,,2026-08-21 02:30:00
2026-08-21,3:00am,EUR,Flash Manufacturing PMI,Non-economic,,,,2026-08-21 03:00:00
2026-08-21,3:00am,EUR,Flash Services PMI,Non-economic,,,,2026-08-21 03:00:00
2026-08-21,3:30am,GBP,Flash Manufacturing PMI,High,,,,2026-08-21 03:30:00
2026-08-21,3:30am,GBP,Flash Services PMI,High,,,,2026-08-21 03:30:00
2026-08-21,7:30am,CAD,Core Retail Sales m/m,Medium,,,,2026-08-21 07:30:00
2026-08-21,7:30am,CAD,Retail Sales m/m,Medium,,,,2026-08-21 07:30:00
2026-08-21,8:45am,USD,Flash Manufacturing PMI,High,,,,2026-08-21 08:45:00
2026-08-21,8:45am,USD,Flash Services PMI,High,,,,2026-08-21 08:45:00
2026-08-21,Day 2,All,Jackson Hole Symposium,Medium,,,,2026-08-21 00:00:00
2026-08-22,Day 3,All,Jackson Hole Symposium,Medium,,,,2026-08-22 00:00:00
2026-08-23,5:45pm,NZD,Core Retail Sales q/q,Non-economic,,,,2026-08-23 17:45:00
2026-08-23,5:45pm,NZD,Retail Sales q/q,Non-economic,,,,2026-08-23 17:45:00
2026-08-24,3:00am,EUR,German ifo Business Climate,Non-economic,,,,2026-08-24 03:00:00
2026-08-24,5:00am,GBP,CBI Realized Sales,Non-economic,,,,2026-08-24 05:00:00
2026-08-24,7:30am,CAD,Corporate Profits q/q,Non-economic,,,,2026-08-24 07:30:00
2026-08-24,8:30pm,AUD,Monetary Policy Meeting Minutes,Non-economic,,,,2026-08-24 20:30:00
2026-08-25,12:00am,JPY,BOJ Core CPI y/y,Non-economic,,,,2026-08-25 00:00:00
2026-08-25,1:00am,EUR,German GfK Consumer Climate,Non-economic,,,,2026-08-25 01:00:00
2026-08-25,4:00am,EUR,Italian Prelim CPI m/m,Non-economic,,,,2026-08-25 04:00:00
2026-08-25,7:15am,USD,ADP Weekly Employment Change,Non-economic,,,,2026-08-25 07:15:00
2026-08-25,8:00am,EUR,Belgian NBB Business Climate,Non-economic,,,,2026-08-25 08:00:00
2026-08-25,8:00am,USD,HPI m/m,Non-economic,,,,2026-08-25 08:00:00
2026-08-25,8:00am,USD,S&P/CS Composite-20 HPI y/y,Non-economic,,,,2026-08-25 08:00:00
2026-08-25,9:00am,USD,CB Consumer Confidence,Medium,,,,2026-08-25 09:00:00
2026-08-25,9:00am,USD,New Home Sales,Medium,,,,2026-08-25 09:00:00
2026-08-25,9:00am,USD,Richmond Manufacturing Index,Non-economic,,,,2026-08-25 09:00:00
2026-08-25,3:30pm,USD,API Weekly Statistical Bulletin,Non-economic,,,,2026-08-25 15:30:00
2026-08-25,6:01pm,GBP,BRC Shop Price Index y/y,Non-economic,,,,2026-08-25 18:01:00
2026-08-25,6:50pm,JPY,SPPI y/y,Non-economic,,,,2026-08-25 18:50:00
2026-08-25,8:30pm,AUD,CPI m/m,High,,,,2026-08-25 20:30:00
2026-08-25,8:30pm,AUD,CPI y/y,High,,,,2026-08-25 20:30:00
2026-08-25,8:30pm,AUD,Trimmed Mean CPI m/m,High,,,,2026-08-25 20:30:00
2026-08-25,8:30pm,AUD,Construction Work Done q/q,Non-economic,,,,2026-08-25 20:30:00
2026-08-26,3:00am,CHF,UBS Economic Expectations,Non-economic,,,,2026-08-26 03:00:00
2026-08-26,3:00am,EUR,Italian Monthly Unemployment Rate,Non-economic,,,,2026-08-26 03:00:00
2026-08-26,7:30am,USD,Core PCE Price Index m/m,High,,,,2026-08-26 07:30:00
2026-08-26,7:30am,USD,Prelim GDP q/q,High,,,,2026-08-26 07:30:00
2026-08-26,7:30am,USD,Prelim GDP Price Index q/q,Medium,,,,2026-08-26 07:30:00
2026-08-26,7:30am,USD,Core Durable Goods Orders m/m,Non-economic,,,,2026-08-26 07:30:00
2026-08-26,7:30am,USD,Durable Goods Orders m/m,Non-economic,,,,2026-08-26 07:30:00
2026-08-26,7:30am,USD,Personal Income m/m,Non-economic,,,,2026-08-26 07:30:00
2026-08-26,7:30am,USD,Personal Spending m/m,Non-economic,,,,2026-08-26 07:30:00
2026-08-26,9:30am,USD,Crude Oil Inventories,Non-economic,,,,2026-08-26 09:30:00
2026-08-26,8:30pm,AUD,Private Capital Expenditure q/q,Non-economic,,,,2026-08-26 20:30:00
2026-08-26,8:30pm,AUD,RBA Bulletin,Non-economic,,,,2026-08-26 20:30:00
2026-08-27,2:00am,CHF,KOF Economic Barometer,Non-economic,,,,2026-08-27 02:00:00
2026-08-27,2:00am,EUR,Spanish Flash CPI y/y,Non-economic,,,,2026-08-27 02:00:00
2026-08-27,Tentative,EUR,Italian 10-y Bond Auction,Non-economic,,,,2026-08-27 00:00:00
2026-08-27,7:30am,CAD,Current Account,Non-economic,,,,2026-08-27 07:30:00
2026-08-27,7:30am,USD,Unemployment Claims,Medium,,,,2026-08-27 07:30:00
2026-08-27,7:30am,USD,Goods Trade Balance,Non-economic,,,,2026-08-27 07:30:00
2026-08-27,7:30am,USD,Prelim Wholesale Inventories m/m,Non-economic,,,,2026-08-27 07:30:00
2026-08-27,8:00am,CNY,CB Leading Index m/m,Non-economic,,,,2026-08-27 08:00:00
2026-08-27,9:30am,USD,Natural Gas Storage,Non-economic,,,,2026-08-27 09:30:00
2026-08-27,6:30pm,JPY,Tokyo Core CPI y/y,Medium,,,,2026-08-27 18:30:00
2026-08-28,1:00am,EUR,German Import Prices m/m,Non-economic,,,,2026-08-28 01:00:00
2026-08-28,1:00am,EUR,German Retail Sales m/m,Non-economic,,,,2026-08-28 01:00:00
2026-08-28,1:30am,CHF,Retail Sales y/y,Non-economic,,,,2026-08-28 01:30:00
2026-08-28,1:45am,EUR,French Consumer Spending m/m,Non-economic,,,,2026-08-28 01:45:00
2026-08-28,1:45am,EUR,French Final Private Payrolls q/q,Non-economic,,,,2026-08-28 01:45:00
2026-08-28,1:45am,EUR,French Prelim GDP q/q,Non-economic,,,,2026-08-28 01:45:00
2026-08-28,2:55am,EUR,German Unemployment Change,Non-economic,,,,2026-08-28 02:55:00
2026-08-28,3:00am,EUR,M3 Money Supply y/y,Non-economic,,,,2026-08-28 03:00:00
2026-08-28,3:00am,EUR,Private Loans y/y,Non-economic,,,,2026-08-28 03:00:00
2026-08-28,7:30am,CAD,GDP m/m,High,,,,2026-08-28 07:30:00
2026-08-28,8:45am,USD,Chicago PMI,Non-economic,,,,2026-08-28 08:45:00
2026-08-28,9:00am,USD,Revised UoM Consumer Sentiment,Medium,,,,2026-08-28 09:00:00
2026-08-28,9:00am,USD,Revised UoM Inflation Expectations,Non-economic,,,,2026-08-28 09:00:00
2026-08-30,6:50pm,JPY,Prelim Industrial Production m/m,Non-economic,,,,2026-08-30 18:50:00
2026-08-30,6:50pm,JPY,Retail Sales y/y,Non-economic,,,,2026-08-30 18:50:00
2026-08-30,8:00pm,AUD,MI Inflation Gauge m/m,Non-economic,,,,2026-08-30 20:00:00
2026-08-30,8:00pm,NZD,ANZ Business Confidence,Non-economic,,,,2026-08-30 20:00:00
2026-08-30,8:30pm,AUD,Company Operating Profits q/q,Non-economic,,,,2026-08-30 20:30:00
2026-08-30,8:30pm,AUD,Private Sector Credit m/m,Non-economic,,,,2026-08-30 20:30:00
2026-08-31,12:00am,JPY,Housing Starts y/y,Non-economic,,,,2026-08-31 00:00:00
2026-08-31,1:00am,GBP,Nationwide HPI m/m,Non-economic,,,,2026-08-31 01:00:00
2026-08-31,All Day,EUR,German Prelim CPI m/m,Medium,,,,2026-08-31 00:00:00
2026-08-31,1:45am,EUR,French Prelim CPI m/m,Non-economic,,,,2026-08-31 01:45:00
2026-08-31,All Day,GBP,Bank Holiday,Low,,,,2026-08-31 00:00:00
2026-08-31,3:30am,GBP,M4 Money Supply m/m,Non-economic,,,,2026-08-31 03:30:00
2026-08-31,3:30am,GBP,Mortgage Approvals,Non-economic,,,,2026-08-31 03:30:00
2026-08-31,3:30am,GBP,Net Lending to Individuals m/m,Non-economic,,,,2026-08-31 03:30:00
2026-08-31,5:45pm,NZD,Building Consents m/m,Non-economic,,,,2026-08-31 17:45:00
2026-08-31,6:30pm,JPY,Unemployment Rate,Non-economic,,,,2026-08-31 18:30:00
2026-08-31,6:50pm,JPY,Capital Spending q/y,Non-economic,,,,2026-08-31 18:50:00
2026-08-31,7:30pm,JPY,Final Manufacturing PMI,Non-economic,,,,2026-08-31 19:30:00
2026-08-31,7:45pm,CNY,RatingDog Manufacturing PMI,Non-economic,,,,2026-08-31 19:45:00
2026-08-31,8:30pm,AUD,Building Approvals m/m,Non-economic,,,,2026-08-31 20:30:00
2026-08-31,8:30pm,AUD,Current Account,Non-economic,,,,2026-08-31 20:30:00
2026-08-31,8:30pm,CNY,Manufacturing PMI,Non-economic,,,,2026-08-31 20:30:00
2026-08-31,8:30pm,CNY,Non-Manufacturing PMI,Non-economic,,,,2026-08-31 20:30:00
2026-08-31,10:35pm,JPY,10-y Bond Auction,Non-economic,,,,2026-08-31 22:35:00
2026-09-01,1:30am,AUD,Commodity Prices y/y,Non-economic,,,,2026-09-01 01:30:00
2026-09-01,2:15am,EUR,Spanish Manufacturing PMI,Non-economic,,,,2026-09-01 02:15:00
2026-09-01,2:30am,CHF,Manufacturing PMI,Non-economic,,,,2026-09-01 02:30:00
2026-09-01,2:45am,EUR,Italian Manufacturing PMI,Non-economic,,,,2026-09-01 02:45:00
2026-09-01,2:50am,EUR,French Final Manufacturing PMI,Non-economic,,,,2026-09-01 02:50:00
2026-09-01,2:55am,EUR,German Final Manufacturing PMI,Non-economic,,,,2026-09-01 02:55:00
2026-09-01,3:00am,EUR,Final Manufacturing PMI,Non-economic,,,,2026-09-01 03:00:00
2026-09-01,3:30am,GBP,Final Manufacturing PMI,Non-economic,,,,2026-09-01 03:30:00
2026-09-01,4:00am,EUR,Core CPI Flash Estimate y/y,Medium,,,,2026-09-01 04:00:00
2026-09-01,4:00am,EUR,CPI Flash Estimate y/y,Medium,,,,2026-09-01 04:00:00
2026-09-01,4:00am,EUR,Unemployment Rate,Non-economic,,,,2026-09-01 04:00:00
2026-09-01,8:30am,CAD,Manufacturing PMI,Non-economic,,,,2026-09-01 08:30:00
2026-09-01,8:45am,USD,Final Manufacturing PMI,Non-economic,,,,2026-09-01 08:45:00
2026-09-01,9:00am,USD,ISM Manufacturing PMI,High,,,,2026-09-01 09:00:00
2026-09-01,9:00am,USD,JOLTS Job Openings,High,,,,2026-09-01 09:00:00
2026-09-01,9:00am,USD,ISM Manufacturing Prices,Medium,,,,2026-09-01 09:00:00
2026-09-01,9:00am,USD,Construction Spending m/m,Non-economic,,,,2026-09-01 09:00:00
2026-09-01,Tentative,USD,RCM/TIPP Economic Optimism,Non-economic,,,,2026-09-01 00:00:00
2026-09-01,All Day,USD,Wards Total Vehicle Sales,Non-economic,,,,2026-09-01 00:00:00
2026-09-01,Tentative,NZD,GDT Price Index,Non-economic,,,,2026-09-01 00:00:00
2026-09-01,3:30pm,USD,API Weekly Statistical Bulletin,Non-economic,,,,2026-09-01 15:30:00
2026-09-01,6:50pm,JPY,Monetary Base y/y,Non-economic,,,,2026-09-01 18:50:00
2026-09-01,8:00pm,NZD,ANZ Commodity Prices m/m,Non-economic,,,,2026-09-01 20:00:00
2026-09-01,8:30pm,AUD,GDP q/q,High,,,,2026-09-01 20:30:00
2026-09-01,8:30pm,AUD,Household Spending m/m,Non-economic,,,,2026-09-01 20:30:00
2026-09-01,9:00pm,NZD,Official Cash Rate,High,,,,2026-09-01 21:00:00
2026-09-01,9:00pm,NZD,RBNZ Monetary Policy Statement,High,,,,2026-09-01 21:00:00
2026-09-01,9:00pm,NZD,RBNZ Rate Statement,High,,,,2026-09-01 21:00:00
2026-09-01,10:00pm,NZD,RBNZ Press Conference,High,,,,2026-09-01 22:00:00
2026-09-02,12:00am,JPY,Consumer Confidence,Non-economic,,,,2026-09-02 00:00:00
2026-09-02,1:45am,EUR,French Gov Budget Balance,Non-economic,,,,2026-09-02 01:45:00
2026-09-02,7:15am,USD,ADP Non-Farm Employment Change,High,,,,2026-09-02 07:15:00
2026-09-02,8:45am,CAD,BOC Rate Statement,High,,,,2026-09-02 08:45:00
2026-09-02,8:45am,CAD,Overnight Rate,High,,,,2026-09-02 08:45:00
2026-09-02,9:00am,USD,Factory Orders m/m,Non-economic,,,,2026-09-02 09:00:00
2026-09-02,9:30am,CAD,BOC Press Conference,High,,,,2026-09-02 09:30:00
2026-09-02,9:30am,USD,Crude Oil Inventories,Non-economic,,,,2026-09-02 09:30:00
2026-09-02,1:00pm,USD,Beige Book,Non-economic,,,,2026-09-02 13:00:00
2026-09-02,5:45pm,NZD,Overseas Trade Index q/q,Non-economic,,,,2026-09-02 17:45:00
2026-09-02,7:45pm,CNY,RatingDog Services PMI,Non-economic,,,,2026-09-02 19:45:00
2026-09-02,8:30pm,AUD,Goods Trade Balance,Non-economic,,,,2026-09-02 20:30:00
2026-09-02,10:35pm,JPY,30-y Bond Auction,Non-economic,,,,2026-09-02 22:35:00
2026-09-03,1:30am,CHF,CPI m/m,Medium,,,,2026-09-03 01:30:00
2026-09-03,2:00am,CHF,GDP q/q,Non-economic,,,,2026-09-03 02:00:00
2026-09-03,2:00am,EUR,Spanish Unemployment Change,Non-economic,,,,2026-09-03 02:00:00
2026-09-03,2:15am,EUR,Spanish Services PMI,Non-economic,,,,2026-09-03 02:15:00
2026-09-03,2:45am,EUR,Italian Services PMI,Non-economic,,,,2026-09-03 02:45:00
2026-09-03,2:50am,EUR,French Final Services PMI,Non-economic,,,,2026-09-03 02:50:00
2026-09-03,2:55am,EUR,German Final Services PMI,Non-economic,,,,2026-09-03 02:55:00
2026-09-03,3:00am,EUR,Final Services PMI,Non-economic,,,,2026-09-03 03:00:00
2026-09-03,3:30am,GBP,Final Services PMI,Non-economic,,,,2026-09-03 03:30:00
2026-09-03,4:00am,EUR,PPI m/m,Non-economic,,,,2026-09-03 04:00:00
2026-09-03,Tentative,EUR,Spanish 10-y Bond Auction,Non-economic,,,,2026-09-03 00:00:00
2026-09-03,Tentative,EUR,French 10-y Bond Auction,Non-economic,,,,2026-09-03 00:00:00
2026-09-03,6:30am,USD,Challenger Job Cuts y/y,Non-economic,,,,2026-09-03 06:30:00
2026-09-03,7:30am,CAD,Labor Productivity q/q,Non-economic,,,,2026-09-03 07:30:00
2026-09-03,7:30am,CAD,Trade Balance,Non-economic,,,,2026-09-03 07:30:00
2026-09-03,7:30am,USD,Unemployment Claims,Medium,,,,2026-09-03 07:30:00
2026-09-03,7:30am,USD,Revised Nonfarm Productivity q/q,Non-economic,,,,2026-09-03 07:30:00
2026-09-03,7:30am,USD,Revised Unit Labor Costs q/q,Non-economic,,,,2026-09-03 07:30:00
2026-09-03,7:30am,USD,Trade Balance,Non-economic,,,,2026-09-03 07:30:00
2026-09-03,Tentative,GBP,Monetary Policy Report Hearings,Medium,,,,2026-09-03 00:00:00
2026-09-03,8:45am,USD,Final Services PMI,Non-economic,,,,2026-09-03 08:45:00
2026-09-03,9:00am,USD,ISM Services PMI,High,,,,2026-09-03 09:00:00
2026-09-03,9:30am,USD,Natural Gas Storage,Non-economic,,,,2026-09-03 09:30:00
2026-09-03,6:30pm,JPY,Household Spending y/y,Non-economic,,,,2026-09-03 18:30:00
2026-09-04,12:00am,JPY,Leading Indicators,Non-economic,,,,2026-09-04 00:00:00
2026-09-04,1:00am,EUR,German Factory Orders m/m,Non-economic,,,,2026-09-04 01:00:00
2026-09-04,1:00am,GBP,Halifax HPI m/m,Non-economic,,,,2026-09-04 01:00:00
2026-09-04,3:00am,EUR,Italian Retail Sales m/m,Non-economic,,,,2026-09-04 03:00:00
2026-09-04,4:00am,EUR,Retail Sales m/m,Non-economic,,,,2026-09-04 04:00:00
2026-09-04,7:30am,CAD,Employment Change,High,,,,2026-09-04 07:30:00
2026-09-04,7:30am,CAD,Unemployment Rate,High,,,,2026-09-04 07:30:00
2026-09-04,7:30am,USD,Average Hourly Earnings m/m,High,,,,2026-09-04 07:30:00
2026-09-04,7:30am,USD,Non-Farm Employment Change,High,,,,2026-09-04 07:30:00
2026-09-04,7:30am,USD,Unemployment Rate,High,,,,2026-09-04 07:30:00
2026-09-04,9:00am,CAD,Ivey PMI,Medium,,,,2026-09-04 09:00:00
2026-09-06,8:30pm,AUD,ANZ Job Advertisements m/m,Non-economic,,,,2026-09-06 20:30:00
2026-09-07,1:00am,EUR,German Industrial Production m/m,Non-economic,,,,2026-09-07 01:00:00
2026-09-07,1:45am,EUR,French Trade Balance,Non-economic,,,,2026-09-07 01:45:00
2026-09-07,2:00am,CHF,Foreign Currency Reserves,Non-economic,,,,2026-09-07 02:00:00
2026-09-07,3:30am,EUR,Sentix Investor Confidence,Non-economic,,,,2026-09-07 03:30:00
2026-09-07,3:30am,GBP,Construction PMI,Non-economic,,,,2026-09-07 03:30:00
2026-09-07,4:00am,EUR,Final Employment Change q/q,Non-economic,,,,2026-09-07 04:00:00
2026-09-07,4:00am,EUR,Revised GDP q/q,Non-economic,,,,2026-09-07 04:00:00
2026-09-07,Tentative,EUR,German 10-y Bond Auction,Non-economic,,,,2026-09-07 00:00:00
2026-09-07,All Day,CAD,Bank Holiday,Low,,,,2026-09-07 00:00:00
2026-09-07,All Day,USD,Bank Holiday,Low,,,,2026-09-07 00:00:00
2026-09-07,5:45pm,NZD,Manufacturing Sales q/q,Non-economic,,,,2026-09-07 17:45:00
2026-09-07,6:01pm,GBP,BRC Retail Sales Monitor y/y,Non-economic,,,,2026-09-07 18:01:00
2026-09-07,6:30pm,JPY,Average Cash Earnings y/y,Non-economic,,,,2026-09-07 18:30:00
2026-09-07,6:50pm,JPY,Bank Lending y/y,Non-economic,,,,2026-09-07 18:50:00
2026-09-07,6:50pm,JPY,Current Account,Non-economic,,,,2026-09-07 18:50:00
2026-09-07,6:50pm,JPY,Final GDP Price Index y/y,Non-economic,,,,2026-09-07 18:50:00
2026-09-07,6:50pm,JPY,Final GDP q/q,Non-economic,,,,2026-09-07 18:50:00
2026-09-07,7:30pm,AUD,Westpac Consumer Sentiment,Non-economic,,,,2026-09-07 19:30:00
2026-09-07,8:30pm,AUD,NAB Business Confidence,Non-economic,,,,2026-09-07 20:30:00
2026-09-08,12:00am,JPY,Economy Watchers Sentiment,Non-economic,,,,2026-09-08 00:00:00
2026-09-08,1:00am,EUR,German Trade Balance,Non-economic,,,,2026-09-08 01:00:00
2026-09-08,5:00am,USD,NFIB Small Business Index,Non-economic,,,,2026-09-08 05:00:00
2026-09-08,7:15am,USD,ADP Weekly Employment Change,Non-economic,,,,2026-09-08 07:15:00
2026-09-08,2:00pm,USD,Consumer Credit m/m,Non-economic,,,,2026-09-08 14:00:00
2026-09-08,6:50pm,JPY,M2 Money Stock y/y,Non-economic,,,,2026-09-08 18:50:00
2026-09-08,8:30pm,CNY,CPI y/y,Medium,,,,2026-09-08 20:30:00
2026-09-08,8:30pm,CNY,PPI y/y,Medium,,,,2026-09-08 20:30:00
2026-09-08,Tentative,CNY,Trade Balance,Non-economic,,,,2026-09-08 00:00:00
2026-09-08,Tentative,CNY,USD-Denominated Trade Balance,Non-economic,,,,2026-09-08 00:00:00
2026-09-09,1:00am,JPY,Prelim Machine Tool Orders y/y,Non-economic,,,,2026-09-09 01:00:00
2026-09-09,12:01pm,USD,10-y Bond Auction,Non-economic,,,,2026-09-09 12:01:00
2026-09-09,3:30pm,USD,API Weekly Statistical Bulletin,Non-economic,,,,2026-09-09 15:30:00
2026-09-09,6:01pm,GBP,RICS House Price Balance,Non-economic,,,,2026-09-09 18:01:00
2026-09-09,6:50pm,JPY,PPI y/y,Non-economic,,,,2026-09-09 18:50:00
2026-09-09,8:00pm,AUD,MI Inflation Expectations,Non-economic,,,,2026-09-09 20:00:00
2026-09-10,1:00am,EUR,German Final CPI m/m,Non-economic,,,,2026-09-10 01:00:00
2026-09-10,2:00am,CHF,SECO Consumer Climate,Non-economic,,,,2026-09-10 02:00:00
2026-09-10,3:00am,EUR,Italian Industrial Production m/m,Non-economic,,,,2026-09-10 03:00:00
2026-09-10,3:30am,GBP,Consumer Inflation Expectations,Non-economic,,,,2026-09-10 03:30:00
2026-09-10,Tentative,EUR,German 30-y Bond Auction,Non-economic,,,,2026-09-10 00:00:00
2026-09-10,7:15am,EUR,Main Refinancing Rate,High,,,,2026-09-10 07:15:00
2026-09-10,7:15am,EUR,Monetary Policy Statement,High,,,,2026-09-10 07:15:00
2026-09-10,7:30am,USD,Core PPI m/m,High,,,,2026-09-10 07:30:00
2026-09-10,7:30am,USD,PPI m/m,High,,,,2026-09-10 07:30:00
2026-09-10,7:30am,USD,Unemployment Claims,Medium,,,,2026-09-10 07:30:00
2026-09-10,7:45am,EUR,ECB Press Conference,High,,,,2026-09-10 07:45:00
2026-09-10,9:00am,USD,Existing Home Sales,Non-economic,,,,2026-09-10 09:00:00
2026-09-10,9:00am,USD,Final Wholesale Inventories m/m,Non-economic,,,,2026-09-10 09:00:00
2026-09-10,9:30am,USD,Natural Gas Storage,Non-economic,,,,2026-09-10 09:30:00
2026-09-10,11:00am,USD,Crude Oil Inventories,Non-economic,,,,2026-09-10 11:00:00
2026-09-10,12:01pm,USD,30-y Bond Auction,Non-economic,,,,2026-09-10 12:01:00
2026-09-10,1:00pm,USD,Federal Budget Balance,Non-economic,,,,2026-09-10 13:00:00
2026-09-10,5:30pm,NZD,BusinessNZ Manufacturing Index,Non-economic,,,,2026-09-10 17:30:00
2026-09-10,6:50pm,JPY,BSI Manufacturing Index,Non-economic,,,,2026-09-10 18:50:00
2026-09-10,8:30pm,CNY,New Home Prices m/m,Non-economic,,,,2026-09-10 20:30:00
2026-09-11,1:00am,GBP,GDP m/m,High,,,,2026-09-11 01:00:00
2026-09-11,1:00am,GBP,Construction Output m/m,Non-economic,,,,2026-09-11 01:00:00
2026-09-11,1:00am,GBP,Goods Trade Balance,Non-economic,,,,2026-09-11 01:00:00
2026-09-11,1:00am,GBP,Index of Services 3m/3m,Non-economic,,,,2026-09-11 01:00:00
2026-09-11,1:00am,GBP,Industrial Production m/m,Non-economic,,,,2026-09-11 01:00:00
2026-09-11,1:00am,GBP,Manufacturing Production m/m,Non-economic,,,,2026-09-11 01:00:00
2026-09-11,1:45am,EUR,French Industrial Production m/m,Non-economic,,,,2026-09-11 01:45:00
2026-09-11,2:00am,CHF,Unemployment Rate,Non-economic,,,,2026-09-11 02:00:00
2026-09-11,3:00am,EUR,Italian Quarterly Unemployment Rate,Non-economic,,,,2026-09-11 03:00:00
2026-09-11,3:00am,EUR,Italian Trade Balance,Non-economic,,,,2026-09-11 03:00:00
2026-09-11,7:30am,CAD,Capacity Utilization Rate,Non-economic,,,,2026-09-11 07:30:00
2026-09-11,7:30am,USD,Core CPI m/m,High,,,,2026-09-11 07:30:00
2026-09-11,7:30am,USD,CPI m/m,High,,,,2026-09-11 07:30:00
2026-09-11,7:30am,USD,CPI y/y,High,,,,2026-09-11 07:30:00
2026-09-11,9:00am,USD,Prelim UoM Consumer Sentiment,Medium,,,,2026-09-11 09:00:00
2026-09-11,9:00am,USD,Prelim UoM Inflation Expectations,Medium,,,,2026-09-11 09:00:00
2026-09-13,Tentative,CNY,M2 Money Supply y/y,Non-economic,,,,2026-09-13 00:00:00
2026-09-13,Tentative,CNY,New Loans,Non-economic,,,,2026-09-13 00:00:00
2026-09-13,5:30pm,NZD,BusinessNZ Services Index,Non-economic,,,,2026-09-13 17:30:00
2026-09-13,5:45pm,NZD,Visitor Arrivals m/m,Non-economic,,,,2026-09-13 17:45:00
2026-09-13,6:01pm,GBP,Rightmove HPI m/m,Non-economic,,,,2026-09-13 18:01:00
2026-09-13,11:30pm,JPY,Tertiary Industry Activity m/m,Non-economic,,,,2026-09-13 23:30:00
2026-09-14,1:00am,EUR,German WPI m/m,Non-economic,,,,2026-09-14 01:00:00
2026-09-14,Tentative,CNY,Foreign Direct Investment ytd/y,Non-economic,,,,2026-09-14 00:00:00
2026-09-14,1:45am,EUR,French Final CPI m/m,Non-economic,,,,2026-09-14 01:45:00
2026-09-14,All Day,EUR,Eurogroup Meetings,Non-economic,,,,2026-09-14 00:00:00
2026-09-14,5:00am,EUR,German Buba Monthly Report,Non-economic,,,,2026-09-14 05:00:00
2026-09-14,7:30am,CAD,CPI m/m,High,,,,2026-09-14 07:30:00
2026-09-14,7:30am,CAD,Median CPI y/y,High,,,,2026-09-14 07:30:00
2026-09-14,7:30am,CAD,Trimmed CPI y/y,High,,,,2026-09-14 07:30:00
2026-09-14,7:30am,CAD,Common CPI y/y,Medium,,,,2026-09-14 07:30:00
2026-09-14,7:30am,CAD,Core CPI m/m,Non-economic,,,,2026-09-14 07:30:00
2026-09-14,7:30am,CAD,Manufacturing Sales m/m,Non-economic,,,,2026-09-14 07:30:00
2026-09-14,8:30am,GBP,CB Leading Index m/m,Non-economic,,,,2026-09-14 08:30:00
2026-09-14,1:30pm,CHF,PPI m/m,High,,,,2026-09-14 13:30:00
2026-09-15,1:00am,GBP,Claimant Count Change,High,,,,2026-09-15 01:00:00
2026-09-15,1:00am,GBP,Average Earnings Index 3m/y,Medium,,,,2026-09-15 01:00:00
2026-09-15,1:00am,GBP,Unemployment Rate,Non-economic,,,,2026-09-15 01:00:00
2026-09-15,4:00am,EUR,Trade Balance,Non-economic,,,,2026-09-15 04:00:00
2026-09-15,4:00am,EUR,German ZEW Economic Sentiment,Non-economic,,,,2026-09-15 04:00:00
2026-09-15,4:00am,EUR,ZEW Economic Sentiment,Non-economic,,,,2026-09-15 04:00:00
2026-09-15,All Day,EUR,ECOFIN Meetings,Non-economic,,,,2026-09-15 00:00:00
2026-09-15,7:15am,USD,ADP Weekly Employment Change,Non-economic,,,,2026-09-15 07:15:00
2026-09-15,7:30am,CAD,Wholesale Sales m/m,Non-economic,,,,2026-09-15 07:30:00
2026-09-15,7:30am,USD,Empire State Manufacturing Index,Non-economic,,,,2026-09-15 07:30:00
2026-09-15,Tentative,NZD,GDT Price Index,Non-economic,,,,2026-09-15 00:00:00
2026-09-15,3:30pm,USD,API Weekly Statistical Bulletin,Non-economic,,,,2026-09-15 15:30:00
2026-09-15,5:45pm,NZD,Current Account,Non-economic,,,,2026-09-15 17:45:00
2026-09-15,5:45pm,NZD,FPI m/m,Non-economic,,,,2026-09-15 17:45:00
2026-09-15,6:50pm,JPY,Trade Balance,Non-economic,,,,2026-09-15 18:50:00
2026-09-15,7:30pm,AUD,MI Leading Index m/m,Non-economic,,,,2026-09-15 19:30:00
2026-09-16,1:00am,GBP,CPI y/y,High,,,,2026-09-16 01:00:00
2026-09-16,1:00am,GBP,Core CPI y/y,Non-economic,,,,2026-09-16 01:00:00
2026-09-16,1:00am,GBP,PPI Input m/m,Non-economic,,,,2026-09-16 01:00:00
2026-09-16,1:00am,GBP,PPI Output m/m,Non-economic,,,,2026-09-16 01:00:00
2026-09-16,1:00am,GBP,RPI y/y,Non-economic,,,,2026-09-16 01:00:00
2026-09-16,3:30am,GBP,HPI y/y,Non-economic,,,,2026-09-16 03:30:00
2026-09-16,4:00am,EUR,Industrial Production m/m,Non-economic,,,,2026-09-16 04:00:00
2026-09-16,7:15am,CAD,Housing Starts,Non-economic,,,,2026-09-16 07:15:00
2026-09-16,7:30am,CAD,Building Permits m/m,Non-economic,,,,2026-09-16 07:30:00
2026-09-16,7:30am,USD,Core Retail Sales m/m,High,,,,2026-09-16 07:30:00
2026-09-16,7:30am,USD,Retail Sales m/m,High,,,,2026-09-16 07:30:00
2026-09-16,7:30am,USD,Import Prices m/m,Non-economic,,,,2026-09-16 07:30:00
2026-09-16,9:00am,USD,Business Inventories m/m,Non-economic,,,,2026-09-16 09:00:00
2026-09-16,9:00am,USD,NAHB Housing Market Index,Non-economic,,,,2026-09-16 09:00:00
2026-09-16,9:30am,USD,Crude Oil Inventories,Non-economic,,,,2026-09-16 09:30:00
2026-09-16,12:30pm,CAD,BOC Summary of Deliberations,Non-economic,,,,2026-09-16 12:30:00
2026-09-16,1:00pm,USD,Federal Funds Rate,High,,,,2026-09-16 13:00:00
2026-09-16,1:00pm,USD,FOMC Economic Projections,High,,,,2026-09-16 13:00:00
2026-09-16,1:00pm,USD,FOMC Statement,High,,,,2026-09-16 13:00:00
2026-09-16,1:30pm,USD,FOMC Press Conference,High,,,,2026-09-16 13:30:00
2026-09-16,3:00pm,USD,TIC Long-Term Purchases,Non-economic,,,,2026-09-16 15:00:00
2026-09-16,4:00pm,NZD,Westpac Consumer Sentiment,Non-economic,,,,2026-09-16 16:00:00
2026-09-16,5:45pm,NZD,GDP q/q,High,,,,2026-09-16 17:45:00
2026-09-16,6:50pm,JPY,Core Machinery Orders m/m,Non-economic,,,,2026-09-16 18:50:00
2026-09-16,8:30pm,AUD,Employment Change,High,,,,2026-09-16 20:30:00
2026-09-16,8:30pm,AUD,Unemployment Rate,High,,,,2026-09-16 20:30:00
2026-09-16,9:00pm,CNY,Fixed Asset Investment ytd/y,Non-economic,,,,2026-09-16 21:00:00
2026-09-16,9:00pm,CNY,Industrial Production y/y,Non-economic,,,,2026-09-16 21:00:00
2026-09-16,9:00pm,CNY,NBS Press Conference,Non-economic,,,,2026-09-16 21:00:00
2026-09-16,9:00pm,CNY,Retail Sales y/y,Non-economic,,,,2026-09-16 21:00:00
2026-09-16,9:00pm,CNY,Unemployment Rate,Non-economic,,,,2026-09-16 21:00:00
2026-09-17,2:00am,CHF,SECO Economic Forecasts,Non-economic,,,,2026-09-17 02:00:00
2026-09-17,4:00am,EUR,Final Core CPI y/y,Non-economic,,,,2026-09-17 04:00:00
2026-09-17,4:00am,EUR,Final CPI y/y,Non-economic,,,,2026-09-17 04:00:00
2026-09-17,6:00am,GBP,Monetary Policy Summary,High,,,,2026-09-17 06:00:00
2026-09-17,6:00am,GBP,MPC Official Bank Rate Votes,High,,,,2026-09-17 06:00:00
2026-09-17,6:00am,GBP,Official Bank Rate,High,,,,2026-09-17 06:00:00
2026-09-17,7:30am,CAD,Foreign Securities Purchases,Non-economic,,,,2026-09-17 07:30:00
2026-09-17,7:30am,CAD,IPPI m/m,Non-economic,,,,2026-09-17 07:30:00
2026-09-17,7:30am,CAD,RMPI m/m,Non-economic,,,,2026-09-17 07:30:00
2026-09-17,7:30am,USD,Philly Fed Manufacturing Index,Medium,,,,2026-09-17 07:30:00
2026-09-17,7:30am,USD,Unemployment Claims,Medium,,,,2026-09-17 07:30:00
2026-09-17,7:30am,USD,Building Permits,Non-economic,,,,2026-09-17 07:30:00
2026-09-17,7:30am,USD,Housing Starts,Non-economic,,,,2026-09-17 07:30:00
2026-09-17,9:00am,USD,Pending Home Sales m/m,Medium,,,,2026-09-17 09:00:00
2026-09-17,9:30am,AUD,CB Leading Index m/m,Non-economic,,,,2026-09-17 09:30:00
2026-09-17,9:30am,USD,Natural Gas Storage,Non-economic,,,,2026-09-17 09:30:00
2026-09-17,6:01pm,GBP,GfK Consumer Confidence,Non-economic,,,,2026-09-17 18:01:00
2026-09-17,6:30pm,JPY,National Core CPI y/y,Non-economic,,,,2026-09-17 18:30:00
2026-09-17,8:00pm,CNY,1-y Loan Prime Rate,Non-economic,,,,2026-09-17 20:00:00
2026-09-17,8:00pm,CNY,5-y Loan Prime Rate,Non-economic,,,,2026-09-17 20:00:00
2026-09-17,Tentative,JPY,BOJ Policy Rate,High,,,,2026-09-17 00:00:00
2026-09-17,Tentative,JPY,Monetary Policy Statement,High,,,,2026-09-17 00:00:00
2026-09-18,Tentative,JPY,BOJ Press Conference,High,,,,2026-09-18 00:00:00
2026-09-18,1:00am,EUR,German PPI m/m,Non-economic,,,,2026-09-18 01:00:00
2026-09-18,1:00am,GBP,Retail Sales m/m,Medium,,,,2026-09-18 01:00:00
2026-09-18,3:00am,EUR,Current Account,Non-economic,,,,2026-09-18 03:00:00
2026-09-18,8:15am,USD,Capacity Utilization Rate,Non-economic,,,,2026-09-18 08:15:00
2026-09-18,8:15am,USD,Industrial Production m/m,Non-economic,,,,2026-09-18 08:15:00
2026-09-18,9:00am,EUR,Consumer Confidence,Non-economic,,,,2026-09-18 09:00:00
2026-09-18,9:00am,USD,CB Leading Index m/m,Non-economic,,,,2026-09-18 09:00:00
2026-09-20,5:45pm,NZD,Trade Balance,Non-economic,,,,2026-09-20 17:45:00
2026-09-20,All Day,JPY,Bank Holiday,Low,,,,2026-09-20 00:00:00
2026-09-20,10:00pm,NZD,Credit Card Spending y/y,Non-economic,,,,2026-09-20 22:00:00
2026-09-20,11:30pm,JPY,Revised Industrial Production m/m,Non-economic,,,,2026-09-20 23:30:00
2026-09-21,All Day,JPY,Bank Holiday,Low,,,,2026-09-21 00:00:00
2026-09-22,1:00am,EUR,German GfK Consumer Climate,Non-economic,,,,2026-09-22 01:00:00
2026-09-22,1:00am,GBP,Public Sector Net Borrowing,Non-economic,,,,2026-09-22 01:00:00
2026-09-22,5:00am,GBP,CBI Industrial Order Expectations,Non-economic,,,,2026-09-22 05:00:00
2026-09-22,7:15am,USD,ADP Weekly Employment Change,Non-economic,,,,2026-09-22 07:15:00
2026-09-22,7:30am,CAD,NHPI m/m,Non-economic,,,,2026-09-22 07:30:00
2026-09-22,9:00am,USD,Richmond Manufacturing Index,Non-economic,,,,2026-09-22 09:00:00
2026-09-22,3:30pm,USD,API Weekly Statistical Bulletin,Non-economic,,,,2026-09-22 15:30:00
2026-09-22,6:00pm,AUD,Flash Manufacturing PMI,Non-economic,,,,2026-09-22 18:00:00
2026-09-22,6:00pm,AUD,Flash Services PMI,Non-economic,,,,2026-09-22 18:00:00
2026-09-22,All Day,JPY,Bank Holiday,Low,,,,2026-09-22 00:00:00
2026-09-22,8:30pm,AUD,CPI m/m,High,,,,2026-09-22 20:30:00
2026-09-22,8:30pm,AUD,CPI y/y,High,,,,2026-09-22 20:30:00
2026-09-22,8:30pm,AUD,Trimmed Mean CPI m/m,High,,,,2026-09-22 20:30:00
2026-09-23,2:15am,EUR,French Flash Manufacturing PMI,Medium,,,,2026-09-23 02:15:00
2026-09-23,2:15am,EUR,French Flash Services PMI,Medium,,,,2026-09-23 02:15:00
2026-09-23,2:30am,EUR,German Flash Manufacturing PMI,Medium,,,,2026-09-23 02:30:00
2026-09-23,2:30am,EUR,German Flash Services PMI,Medium,,,,2026-09-23 02:30:00
2026-09-23,3:00am,EUR,Flash Manufacturing PMI,Non-economic,,,,2026-09-23 03:00:00
2026-09-23,3:00am,EUR,Flash Services PMI,Non-economic,,,,2026-09-23 03:00:00
2026-09-23,3:00am,EUR,German ifo Business Climate,Non-economic,,,,2026-09-23 03:00:00
2026-09-23,3:30am,GBP,Flash Manufacturing PMI,High,,,,2026-09-23 03:30:00
2026-09-23,3:30am,GBP,Flash Services PMI,High,,,,2026-09-23 03:30:00
2026-09-23,8:45am,USD,Flash Manufacturing PMI,High,,,,2026-09-23 08:45:00
2026-09-23,8:45am,USD,Flash Services PMI,High,,,,2026-09-23 08:45:00
2026-09-23,9:30am,USD,Crude Oil Inventories,Non-economic,,,,2026-09-23 09:30:00
2026-09-23,7:30pm,JPY,Flash Manufacturing PMI,Non-economic,,,,2026-09-23 19:30:00
2026-09-24,2:30am,CHF,SNB Monetary Policy Assessment,High,,,,2026-09-24 02:30:00
2026-09-24,2:30am,CHF,SNB Policy Rate,High,,,,2026-09-24 02:30:00
2026-09-24,3:00am,CHF,SNB Press Conference,High,,,,2026-09-24 03:00:00
2026-09-24,3:00am,CHF,UBS Economic Expectations,Non-economic,,,,2026-09-24 03:00:00
2026-09-24,3:00am,EUR,ECB Economic Bulletin,Non-economic,,,,2026-09-24 03:00:00
2026-09-24,5:00am,GBP,CBI Realized Sales,Non-economic,,,,2026-09-24 05:00:00
2026-09-24,7:30am,CAD,Core Retail Sales m/m,Medium,,,,2026-09-24 07:30:00
2026-09-24,7:30am,CAD,Retail Sales m/m,Medium,,,,2026-09-24 07:30:00
2026-09-24,7:30am,USD,Unemployment Claims,Medium,,,,2026-09-24 07:30:00
2026-09-24,7:30am,USD,Current Account,Non-economic,,,,2026-09-24 07:30:00
2026-09-24,8:00am,CNY,CB Leading Index m/m,Non-economic,,,,2026-09-24 08:00:00
2026-09-24,8:00am,EUR,Belgian NBB Business Climate,Non-economic,,,,2026-09-24 08:00:00
2026-09-24,9:00am,USD,New Home Sales,Medium,,,,2026-09-24 09:00:00
2026-09-24,9:30am,USD,Natural Gas Storage,Non-economic,,,,2026-09-24 09:30:00
2026-09-24,All Day,CNY,Bank Holiday,Low,,,,2026-09-24 00:00:00
2026-09-24,6:30pm,JPY,Tokyo Core CPI y/y,Medium,,,,2026-09-24 18:30:00
2026-09-25,3:00am,EUR,M3 Money Supply y/y,Non-economic,,,,2026-09-25 03:00:00
2026-09-25,3:00am,EUR,Private Loans y/y,Non-economic,,,,2026-09-25 03:00:00
2026-09-25,7:30am,USD,Core Durable Goods Orders m/m,Non-economic,,,,2026-09-25 07:30:00
2026-09-25,7:30am,USD,Durable Goods Orders m/m,Non-economic,,,,2026-09-25 07:30:00
2026-09-25,9:00am,USD,Revised UoM Consumer Sentiment,Medium,,,,2026-09-25 09:00:00
2026-09-25,9:00am,USD,Revised UoM Inflation Expectations,Non-economic,,,,2026-09-25 09:00:00
2026-09-26,9:00am,NZD,Daylight Saving Time Shift,Low,,,,2026-09-26 09:00:00
2026-09-27,6:50pm,JPY,Monetary Policy Meeting Minutes,Non-economic,,,,2026-09-27 18:50:00
2026-09-28,1:45am,EUR,French Consumer Spending m/m,Non-economic,,,,2026-09-28 01:45:00
2026-09-28,2:00am,CHF,KOF Economic Barometer,Non-economic,,,,2026-09-28 02:00:00
2026-09-28,4:00am,EUR,Italian Prelim CPI m/m,Non-economic,,,,2026-09-28 04:00:00
2026-09-28,Tentative,EUR,Italian 10-y Bond Auction,Non-economic,,,,2026-09-28 00:00:00
2026-09-28,11:30pm,AUD,Cash Rate,High,,,,2026-09-28 23:30:00
2026-09-28,11:30pm,AUD,RBA Rate Statement,High,,,,2026-09-28 23:30:00
2026-09-29,12:00am,JPY,BOJ Core CPI y/y,Non-economic,,,,2026-09-29 00:00:00
2026-09-29,12:30am,AUD,RBA Press Conference,High,,,,2026-09-29 00:30:00
2026-09-29,1:00am,EUR,German Import Prices m/m,Non-economic,,,,2026-09-29 01:00:00
2026-09-29,1:00am,EUR,German Retail Sales m/m,Non-economic,,,,2026-09-29 01:00:00
2026-09-29,1:00am,GBP,Nationwide HPI m/m,Non-economic,,,,2026-09-29 01:00:00
2026-09-29,1:30am,CHF,Retail Sales y/y,Non-economic,,,,2026-09-29 01:30:00
2026-09-29,1:45am,EUR,French Prelim CPI m/m,Non-economic,,,,2026-09-29 01:45:00
2026-09-29,2:00am,EUR,Spanish Flash CPI y/y,Non-economic,,,,2026-09-29 02:00:00
2026-09-29,2:55am,EUR,German Unemployment Change,Non-economic,,,,2026-09-29 02:55:00
2026-09-29,3:00am,EUR,Italian Monthly Unemployment Rate,Non-economic,,,,2026-09-29 03:00:00
2026-09-29,7:30am,CAD,GDP m/m,High,,,,2026-09-29 07:30:00
2026-09-29,8:00am,USD,HPI m/m,Non-economic,,,,2026-09-29 08:00:00
2026-09-29,8:00am,USD,S&P/CS Composite-20 HPI y/y,Non-economic,,,,2026-09-29 08:00:00
2026-09-29,9:00am,USD,JOLTS Job Openings,High,,,,2026-09-29 09:00:00
2026-09-29,9:00am,USD,CB Consumer Confidence,Medium,,,,2026-09-29 09:00:00
2026-09-29,3:30pm,USD,API Weekly Statistical Bulletin,Non-economic,,,,2026-09-29 15:30:00
2026-09-29,6:01pm,GBP,BRC Shop Price Index y/y,Non-economic,,,,2026-09-29 18:01:00
2026-09-29,6:50pm,JPY,Prelim Industrial Production m/m,Non-economic,,,,2026-09-29 18:50:00
2026-09-29,6:50pm,JPY,Retail Sales y/y,Non-economic,,,,2026-09-29 18:50:00
2026-09-29,6:50pm,JPY,SPPI y/y,Non-economic,,,,2026-09-29 18:50:00
2026-09-29,7:00pm,NZD,ANZ Business Confidence,Non-economic,,,,2026-09-29 19:00:00
2026-09-29,8:30pm,AUD,Building Approvals m/m,Non-economic,,,,2026-09-29 20:30:00
2026-09-29,8:30pm,AUD,Private Sector Credit m/m,Non-economic,,,,2026-09-29 20:30:00
2026-09-30,12:00am,JPY,Consumer Confidence,Non-economic,,,,2026-09-30 00:00:00
2026-09-30,12:00am,JPY,Housing Starts y/y,Non-economic,,,,2026-09-30 00:00:00
2026-09-30,1:00am,GBP,Current Account,Non-economic,,,,2026-09-30 01:00:00
2026-09-30,1:00am,GBP,Final GDP q/q,Non-economic,,,,2026-09-30 01:00:00
2026-09-30,1:00am,GBP,Revised Business Investment q/q,Non-economic,,,,2026-09-30 01:00:00
2026-09-30,1:29am,EUR,German Prelim CPI m/m,Medium,,,,2026-09-30 01:29:00
2026-09-30,3:30am,GBP,M4 Money Supply m/m,Non-economic,,,,2026-09-30 03:30:00
2026-09-30,3:30am,GBP,Mortgage Approvals,Non-economic,,,,2026-09-30 03:30:00
2026-09-30,3:30am,GBP,Net Lending to Individuals m/m,Non-economic,,,,2026-09-30 03:30:00
2026-09-30,4:30am,GBP,FPC Meeting Minutes,Non-economic,,,,2026-09-30 04:30:00
2026-09-30,4:30am,GBP,FPC Statement,Non-economic,,,,2026-09-30 04:30:00
2026-09-30,All Day,CAD,Bank Holiday,Low,,,,2026-09-30 00:00:00
2026-09-30,7:15am,USD,ADP Non-Farm Employment Change,High,,,,2026-09-30 07:15:00
2026-09-30,7:30am,USD,Core PCE Price Index m/m,High,,,,2026-09-30 07:30:00
2026-09-30,7:30am,USD,Final GDP q/q,High,,,,2026-09-30 07:30:00
2026-09-30,7:30am,USD,Final GDP Price Index q/q,Medium,,,,2026-09-30 07:30:00
2026-09-30,7:30am,USD,Goods Trade Balance,Non-economic,,,,2026-09-30 07:30:00
2026-09-30,7:30am,USD,Personal Income m/m,Non-economic,,,,2026-09-30 07:30:00
2026-09-30,7:30am,USD,Personal Spending m/m,Non-economic,,,,2026-09-30 07:30:00
2026-09-30,7:30am,USD,Prelim Wholesale Inventories m/m,Non-economic,,,,2026-09-30 07:30:00
2026-09-30,8:00am,CHF,SNB Quarterly Bulletin,Non-economic,,,,2026-09-30 08:00:00
2026-09-30,8:45am,USD,Chicago PMI,Non-economic,,,,2026-09-30 08:45:00
2026-09-30,9:30am,USD,Crude Oil Inventories,Non-economic,,,,2026-09-30 09:30:00
2026-09-30,4:45pm,NZD,Building Consents m/m,Non-economic,,,,2026-09-30 16:45:00
2026-09-30,All Day,CNY,Bank Holiday,Low,,,,2026-09-30 00:00:00
2026-09-30,6:50pm,JPY,BOJ Summary of Opinions,Non-economic,,,,2026-09-30 18:50:00
2026-09-30,6:50pm,JPY,Tankan Manufacturing Index,Non-economic,,,,2026-09-30 18:50:00
2026-09-30,6:50pm,JPY,Tankan Non-Manufacturing Index,Non-economic,,,,2026-09-30 18:50:00
2026-09-30,7:30pm,JPY,Final Manufacturing PMI,Non-economic,,,,2026-09-30 19:30:00
2026-09-30,7:45pm,CNY,RatingDog Manufacturing PMI,Non-economic,,,,2026-09-30 19:45:00
2026-09-30,8:30pm,AUD,Goods Trade Balance,Non-economic,,,,2026-09-30 20:30:00
2026-09-30,8:30pm,AUD,RBA Financial Stability Review,Non-economic,,,,2026-09-30 20:30:00
2026-09-30,8:30pm,CNY,Manufacturing PMI,Non-economic,,,,2026-09-30 20:30:00
2026-09-30,8:30pm,CNY,Non-Manufacturing PMI,Non-economic,,,,2026-09-30 20:30:00
2026-09-30,10:35pm,JPY,10-y Bond Auction,Non-economic,,,,2026-09-30 22:35:00
2026-10-01,1:30am,AUD,Commodity Prices y/y,Non-economic,,,,2026-10-01 01:30:00
2026-10-01,2:15am,EUR,Spanish Manufacturing PMI,Non-economic,,,,2026-10-01 02:15:00
2026-10-01,2:30am,CHF,Manufacturing PMI,Non-economic,,,,2026-10-01 02:30:00
2026-10-01,2:45am,EUR,Italian Manufacturing PMI,Non-economic,,,,2026-10-01 02:45:00
2026-10-01,2:50am,EUR,French Final Manufacturing PMI,Non-economic,,,,2026-10-01 02:50:00
2026-10-01,2:55am,EUR,German Final Manufacturing PMI,Non-economic,,,,2026-10-01 02:55:00
2026-10-01,3:00am,EUR,Final Manufacturing PMI,Non-economic,,,,2026-10-01 03:00:00
2026-10-01,3:30am,GBP,Final Manufacturing PMI,Non-economic,,,,2026-10-01 03:30:00
2026-10-01,4:00am,EUR,Unemployment Rate,Non-economic,,,,2026-10-01 04:00:00
2026-10-01,All Day,All,OPEC-JMMC Meetings,Medium,,,,2026-10-01 00:00:00
2026-10-01,6:30am,USD,Challenger Job Cuts y/y,Non-economic,,,,2026-10-01 06:30:00
2026-10-01,7:30am,USD,Unemployment Claims,Medium,,,,2026-10-01 07:30:00
2026-10-01,8:30am,CAD,Manufacturing PMI,Non-economic,,,,2026-10-01 08:30:00
2026-10-01,8:45am,USD,Final Manufacturing PMI,Non-economic,,,,2026-10-01 08:45:00
2026-10-01,9:00am,USD,ISM Manufacturing PMI,High,,,,2026-10-01 09:00:00
2026-10-01,9:00am,USD,ISM Manufacturing Prices,Medium,,,,2026-10-01 09:00:00
2026-10-01,9:00am,USD,Construction Spending m/m,Non-economic,,,,2026-10-01 09:00:00
2026-10-01,All Day,USD,Wards Total Vehicle Sales,Non-economic,,,,2026-10-01 00:00:00
2026-10-01,9:30am,USD,Natural Gas Storage,Non-economic,,,,2026-10-01 09:30:00
2026-10-01,All Day,CNY,Bank Holiday,Low,,,,2026-10-01 00:00:00
2026-10-01,6:30pm,JPY,Household Spending y/y,Non-economic,,,,2026-10-01 18:30:00
2026-10-01,6:30pm,JPY,Unemployment Rate,Non-economic,,,,2026-10-01 18:30:00
2026-10-01,6:50pm,JPY,Monetary Base y/y,Non-economic,,,,2026-10-01 18:50:00
2026-10-01,8:30pm,AUD,Household Spending m/m,Non-economic,,,,2026-10-01 20:30:00
2026-10-02,12:00am,JPY,Leading Indicators,Non-economic,,,,2026-10-02 00:00:00
2026-10-02,1:45am,EUR,French Gov Budget Balance,Non-economic,,,,2026-10-02 01:45:00
2026-10-02,4:00am,EUR,Core CPI Flash Estimate y/y,Medium,,,,2026-10-02 04:00:00
2026-10-02,4:00am,EUR,CPI Flash Estimate y/y,Medium,,,,2026-10-02 04:00:00
2026-10-02,Tentative,EUR,French 10-y Bond Auction,Non-economic,,,,2026-10-02 00:00:00
2026-10-02,7:30am,USD,Average Hourly Earnings m/m,High,,,,2026-10-02 07:30:00
2026-10-02,7:30am,USD,Non-Farm Employment Change,High,,,,2026-10-02 07:30:00
2026-10-02,7:30am,USD,Unemployment Rate,High,,,,2026-10-02 07:30:00
2026-10-02,9:00am,USD,Factory Orders m/m,Non-economic,,,,2026-10-02 09:00:00
2026-10-03,11:00am,AUD,Daylight Saving Time Shift,Low,,,,2026-10-03 11:00:00
2026-10-04,All Day,AUD,Bank Holiday,Low,,,,2026-10-04 00:00:00
2026-10-04,All Day,CNY,Bank Holiday,Low,,,,2026-10-04 00:00:00
2026-10-04,7:00pm,AUD,MI Inflation Gauge m/m,Non-economic,,,,2026-10-04 19:00:00
2026-10-04,7:30pm,AUD,ANZ Job Advertisements m/m,Non-economic,,,,2026-10-04 19:30:00
2026-10-04,7:45pm,CNY,RatingDog Services PMI,Non-economic,,,,2026-10-04 19:45:00
2026-10-05,1:30am,CHF,CPI m/m,Medium,,,,2026-10-05 01:30:00
2026-10-05,2:00am,EUR,Spanish Unemployment Change,Non-economic,,,,2026-10-05 02:00:00
2026-10-05,2:15am,EUR,Spanish Services PMI,Non-economic,,,,2026-10-05 02:15:00
2026-10-05,2:45am,EUR,Italian Services PMI,Non-economic,,,,2026-10-05 02:45:00
2026-10-05,2:50am,EUR,French Final Services PMI,Non-economic,,,,2026-10-05 02:50:00
2026-10-05,2:55am,EUR,German Final Services PMI,Non-economic,,,,2026-10-05 02:55:00
2026-10-05,3:00am,EUR,Final Services PMI,Non-economic,,,,2026-10-05 03:00:00
2026-10-05,3:00am,EUR,Italian Retail Sales m/m,Non-economic,,,,2026-10-05 03:00:00
2026-10-05,3:30am,EUR,Sentix Investor Confidence,Non-economic,,,,2026-10-05 03:30:00
2026-10-05,3:30am,GBP,Final Services PMI,Non-economic,,,,2026-10-05 03:30:00
2026-10-05,4:00am,EUR,PPI m/m,Non-economic,,,,2026-10-05 04:00:00
2026-10-05,8:45am,USD,Final Services PMI,Non-economic,,,,2026-10-05 08:45:00
2026-10-05,9:00am,USD,ISM Services PMI,High,,,,2026-10-05 09:00:00
2026-10-05,4:00pm,NZD,NZIER Business Confidence,Non-economic,,,,2026-10-05 16:00:00
2026-10-05,6:01pm,GBP,BRC Retail Sales Monitor y/y,Non-economic,,,,2026-10-05 18:01:00
2026-10-05,All Day,CNY,Bank Holiday,Low,,,,2026-10-05 00:00:00
2026-10-05,10:35pm,JPY,30-y Bond Auction,Non-economic,,,,2026-10-05 22:35:00
2026-10-06,1:00am,EUR,German Factory Orders m/m,Non-economic,,,,2026-10-06 01:00:00
2026-10-06,Tentative,GBP,Housing Equity Withdrawal q/q,Non-economic,,,,2026-10-06 00:00:00
2026-10-06,4:00am,EUR,Retail Sales m/m,Non-economic,,,,2026-10-06 04:00:00
2026-10-06,Tentative,EUR,German 10-y Bond Auction,Non-economic,,,,2026-10-06 00:00:00
2026-10-06,7:15am,USD,ADP Weekly Employment Change,Non-economic,,,,2026-10-06 07:15:00
2026-10-06,7:30am,CAD,Trade Balance,Non-economic,,,,2026-10-06 07:30:00
2026-10-06,7:30am,USD,Trade Balance,Non-economic,,,,2026-10-06 07:30:00
2026-10-06,9:00am,CAD,Ivey PMI,Medium,,,,2026-10-06 09:00:00
2026-10-06,Tentative,USD,RCM/TIPP Economic Optimism,Non-economic,,,,2026-10-06 00:00:00
2026-10-06,Tentative,NZD,GDT Price Index,Non-economic,,,,2026-10-06 00:00:00
2026-10-06,3:30pm,USD,API Weekly Statistical Bulletin,Non-economic,,,,2026-10-06 15:30:00
2026-10-06,All Day,CNY,Bank Holiday,Low,,,,2026-10-06 00:00:00
2026-10-06,7:00pm,NZD,ANZ Commodity Prices m/m,Non-economic,,,,2026-10-06 19:00:00
2026-10-07,1:00am,EUR,German Industrial Production m/m,Non-economic,,,,2026-10-07 01:00:00
2026-10-07,1:00am,GBP,Halifax HPI m/m,Non-economic,,,,2026-10-07 01:00:00
2026-10-07,1:45am,EUR,French Trade Balance,Non-economic,,,,2026-10-07 01:45:00
2026-10-07,2:00am,CHF,Foreign Currency Reserves,Non-economic,,,,2026-10-07 02:00:00
2026-10-07,3:30am,GBP,Construction PMI,Non-economic,,,,2026-10-07 03:30:00
2026-10-07,9:00am,USD,Consumer Credit m/m,Non-economic,,,,2026-10-07 09:00:00
2026-10-07,9:30am,USD,Crude Oil Inventories,Non-economic,,,,2026-10-07 09:30:00
2026-10-07,12:01pm,USD,10-y Bond Auction,Non-economic,,,,2026-10-07 12:01:00
2026-10-07,1:00pm,USD,FOMC Meeting Minutes,High,,,,2026-10-07 13:00:00
2026-10-07,6:01pm,GBP,RICS House Price Balance,Non-economic,,,,2026-10-07 18:01:00
2026-10-07,6:50pm,JPY,Current Account,Non-economic,,,,2026-10-07 18:50:00
2026-10-07,7:00pm,AUD,MI Inflation Expectations,Non-economic,,,,2026-10-07 19:00:00
2026-10-08,12:00am,JPY,Economy Watchers Sentiment,Non-economic,,,,2026-10-08 00:00:00
2026-10-08,1:00am,EUR,German Trade Balance,Non-economic,,,,2026-10-08 01:00:00
2026-10-08,3:30am,GBP,BOE Credit Conditions Survey,Non-economic,,,,2026-10-08 03:30:00
2026-10-08,6:30am,EUR,ECB Monetary Policy Meeting Accounts,Non-economic,,,,2026-10-08 06:30:00
2026-10-08,7:30am,USD,Unemployment Claims,Medium,,,,2026-10-08 07:30:00
2026-10-08,9:00am,USD,Final Wholesale Inventories m/m,Non-economic,,,,2026-10-08 09:00:00
2026-10-08,9:30am,USD,Natural Gas Storage,Non-economic,,,,2026-10-08 09:30:00
2026-10-08,12:01pm,USD,30-y Bond Auction,Non-economic,,,,2026-10-08 12:01:00
2026-10-08,6:30pm,JPY,Average Cash Earnings y/y,Non-economic,,,,2026-10-08 18:30:00
2026-10-08,8:30pm,CNY,CPI y/y,Medium,,,,2026-10-08 20:30:00
2026-10-08,8:30pm,CNY,PPI y/y,Medium,,,,2026-10-08 20:30:00
2026-10-08,Tentative,CNY,Trade Balance,Non-economic,,,,2026-10-08 00:00:00
2026-10-08,Tentative,CNY,USD-Denominated Trade Balance,Non-economic,,,,2026-10-08 00:00:00
2026-10-09,1:45am,EUR,French Industrial Production m/m,Non-economic,,,,2026-10-09 01:45:00
2026-10-09,2:00am,CHF,SECO Consumer Climate,Non-economic,,,,2026-10-09 02:00:00
2026-10-09,3:00am,EUR,Italian Industrial Production m/m,Non-economic,,,,2026-10-09 03:00:00
2026-10-09,7:30am,CAD,Employment Change,High,,,,2026-10-09 07:30:00
2026-10-09,7:30am,CAD,Unemployment Rate,High,,,,2026-10-09 07:30:00
2026-10-09,9:00am,USD,Prelim UoM Consumer Sentiment,Medium,,,,2026-10-09 09:00:00
2026-10-09,9:00am,USD,Prelim UoM Inflation Expectations,Medium,,,,2026-10-09 09:00:00
2026-10-11,4:45pm,NZD,Visitor Arrivals m/m,Non-economic,,,,2026-10-11 16:45:00
2026-10-11,All Day,JPY,Bank Holiday,Low,,,,2026-10-11 00:00:00
2026-10-12,1:00am,EUR,German WPI m/m,Non-economic,,,,2026-10-12 01:00:00
2026-10-12,3:00am,EUR,Italian Trade Balance,Non-economic,,,,2026-10-12 03:00:00
2026-10-12,All Day,EUR,Eurogroup Meetings,Non-economic,,,,2026-10-12 00:00:00
2026-10-12,Tentative,EUR,German 30-y Bond Auction,Non-economic,,,,2026-10-12 00:00:00
2026-10-12,5:00am,EUR,German Buba Monthly Report,Non-economic,,,,2026-10-12 05:00:00
2026-10-12,All Day,CAD,Bank Holiday,Low,,,,2026-10-12 00:00:00
2026-10-12,All Day,USD,Bank Holiday,Low,,,,2026-10-12 00:00:00
2026-10-12,Day 1,All,IMF Meetings,Non-economic,,,,2026-10-12 00:00:00
2026-10-12,6:30pm,AUD,Westpac Consumer Sentiment,Non-economic,,,,2026-10-12 18:30:00
2026-10-12,6:50pm,JPY,Bank Lending y/y,Non-economic,,,,2026-10-12 18:50:00
2026-10-12,6:50pm,JPY,M2 Money Stock y/y,Non-economic,,,,2026-10-12 18:50:00
2026-10-12,7:30pm,AUD,Monetary Policy Meeting Minutes,Non-economic,,,,2026-10-12 19:30:00
2026-10-12,7:30pm,AUD,NAB Business Confidence,Non-economic,,,,2026-10-12 19:30:00
2026-10-12,8:30pm,CNY,New Home Prices m/m,Non-economic,,,,2026-10-12 20:30:00
2026-10-12,11:30pm,JPY,Tertiary Industry Activity m/m,Non-economic,,,,2026-10-12 23:30:00
2026-10-13,1:00am,EUR,German Final CPI m/m,Non-economic,,,,2026-10-13 01:00:00
2026-10-13,2:00am,CHF,Unemployment Rate,Non-economic,,,,2026-10-13 02:00:00
2026-10-13,Tentative,CNY,M2 Money Supply y/y,Non-economic,,,,2026-10-13 00:00:00
2026-10-13,Tentative,CNY,New Loans,Non-economic,,,,2026-10-13 00:00:00
2026-10-13,4:00am,EUR,German ZEW Economic Sentiment,Non-economic,,,,2026-10-13 04:00:00
2026-10-13,4:00am,EUR,ZEW Economic Sentiment,Non-economic,,,,2026-10-13 04:00:00
2026-10-13,All Day,EUR,ECOFIN Meetings,Non-economic,,,,2026-10-13 00:00:00
2026-10-13,5:00am,USD,NFIB Small Business Index,Non-economic,,,,2026-10-13 05:00:00
2026-10-13,7:15am,USD,ADP Weekly Employment Change,Non-economic,,,,2026-10-13 07:15:00
2026-10-13,9:00am,USD,Existing Home Sales,Non-economic,,,,2026-10-13 09:00:00
2026-10-13,Day 2,All,IMF Meetings,Non-economic,,,,2026-10-13 00:00:00
2026-10-13,9:30am,AUD,CB Leading Index m/m,Non-economic,,,,2026-10-13 09:30:00
2026-10-13,1:00pm,USD,Federal Budget Balance,Non-economic,,,,2026-10-13 13:00:00
2026-10-14,1:00am,JPY,Prelim Machine Tool Orders y/y,Non-economic,,,,2026-10-14 01:00:00
2026-10-14,Tentative,CNY,Foreign Direct Investment ytd/y,Non-economic,,,,2026-10-14 00:00:00
2026-10-14,7:30am,CAD,Building Permits m/m,Non-economic,,,,2026-10-14 07:30:00
2026-10-14,7:30am,USD,Core CPI m/m,High,,,,2026-10-14 07:30:00
2026-10-14,7:30am,USD,CPI m/m,High,,,,2026-10-14 07:30:00
2026-10-14,7:30am,USD,CPI y/y,High,,,,2026-10-14 07:30:00
2026-10-14,8:30am,GBP,CB Leading Index m/m,Non-economic,,,,2026-10-14 08:30:00
2026-10-14,Day 3,All,IMF Meetings,Non-economic,,,,2026-10-14 00:00:00
2026-10-14,1:00pm,USD,Beige Book,Non-economic,,,,2026-10-14 13:00:00
2026-10-14,1:30pm,CHF,PPI m/m,Non-economic,,,,2026-10-14 13:30:00
2026-10-14,3:30pm,USD,API Weekly Statistical Bulletin,Non-economic,,,,2026-10-14 15:30:00
2026-10-14,6:50pm,JPY,PPI y/y,Non-economic,,,,2026-10-14 18:50:00
2026-10-14,7:30pm,AUD,Employment Change,High,,,,2026-10-14 19:30:00
2026-10-14,7:30pm,AUD,Unemployment Rate,High,,,,2026-10-14 19:30:00
2026-10-14,Tentative,AUD,NAB Quarterly Business Confidence,Non-economic,,,,2026-10-14 00:00:00
2026-10-15,1:00am,GBP,Claimant Count Change,High,,,,2026-10-15 01:00:00
2026-10-15,1:00am,GBP,GDP m/m,High,,,,2026-10-15 01:00:00
2026-10-15,1:00am,GBP,Average Earnings Index 3m/y,Medium,,,,2026-10-15 01:00:00
2026-10-15,1:00am,GBP,Construction Output m/m,Non-economic,,,,2026-10-15 01:00:00
2026-10-15,1:00am,GBP,Goods Trade Balance,Non-economic,,,,2026-10-15 01:00:00
2026-10-15,1:00am,GBP,Index of Services 3m/3m,Non-economic,,,,2026-10-15 01:00:00
2026-10-15,1:00am,GBP,Industrial Production m/m,Non-economic,,,,2026-10-15 01:00:00
2026-10-15,1:00am,GBP,Manufacturing Production m/m,Non-economic,,,,2026-10-15 01:00:00
2026-10-15,1:00am,GBP,Unemployment Rate,Non-economic,,,,2026-10-15 01:00:00
2026-10-15,1:45am,EUR,French Final CPI m/m,Non-economic,,,,2026-10-15 01:45:00
2026-10-15,4:00am,EUR,Industrial Production m/m,Non-economic,,,,2026-10-15 04:00:00
2026-10-15,7:30am,CAD,Manufacturing Sales m/m,Non-economic,,,,2026-10-15 07:30:00
2026-10-15,7:30am,CAD,Wholesale Sales m/m,Non-economic,,,,2026-10-15 07:30:00
2026-10-15,7:30am,USD,Core PPI m/m,High,,,,2026-10-15 07:30:00
2026-10-15,7:30am,USD,Core Retail Sales m/m,High,,,,2026-10-15 07:30:00
2026-10-15,7:30am,USD,PPI m/m,High,,,,2026-10-15 07:30:00
2026-10-15,7:30am,USD,Retail Sales m/m,High,,,,2026-10-15 07:30:00
2026-10-15,7:30am,USD,Philly Fed Manufacturing Index,Medium,,,,2026-10-15 07:30:00
2026-10-15,7:30am,USD,Unemployment Claims,Medium,,,,2026-10-15 07:30:00
2026-10-15,7:30am,USD,Empire State Manufacturing Index,Non-economic,,,,2026-10-15 07:30:00
2026-10-15,9:00am,USD,Business Inventories m/m,Non-economic,,,,2026-10-15 09:00:00
2026-10-15,Day 4,All,IMF Meetings,Non-economic,,,,2026-10-15 00:00:00
2026-10-15,9:30am,USD,Natural Gas Storage,Non-economic,,,,2026-10-15 09:30:00
2026-10-15,11:00am,USD,Crude Oil Inventories,Non-economic,,,,2026-10-15 11:00:00
2026-10-15,4:30pm,NZD,BusinessNZ Manufacturing Index,Non-economic,,,,2026-10-15 16:30:00
2026-10-15,4:45pm,NZD,FPI m/m,Non-economic,,,,2026-10-15 16:45:00
2026-10-15,6:01pm,GBP,GfK Consumer Confidence,Non-economic,,,,2026-10-15 18:01:00
2026-10-15,9:00pm,CNY,Fixed Asset Investment ytd/y,Non-economic,,,,2026-10-15 21:00:00
2026-10-15,9:00pm,CNY,GDP q/y,Non-economic,,,,2026-10-15 21:00:00
2026-10-15,9:00pm,CNY,Industrial Production y/y,Non-economic,,,,2026-10-15 21:00:00
2026-10-15,9:00pm,CNY,NBS Press Conference,Non-economic,,,,2026-10-15 21:00:00
2026-10-15,9:00pm,CNY,Retail Sales y/y,Non-economic,,,,2026-10-15 21:00:00
2026-10-15,9:00pm,CNY,Unemployment Rate,Non-economic,,,,2026-10-15 21:00:00
2026-10-16,4:00am,EUR,Final Core CPI y/y,Non-economic,,,,2026-10-16 04:00:00
2026-10-16,4:00am,EUR,Final CPI y/y,Non-economic,,,,2026-10-16 04:00:00
2026-10-16,4:00am,EUR,Trade Balance,Non-economic,,,,2026-10-16 04:00:00
2026-10-16,7:15am,CAD,Housing Starts,Non-economic,,,,2026-10-16 07:15:00
2026-10-16,7:30am,CAD,Foreign Securities Purchases,Non-economic,,,,2026-10-16 07:30:00
2026-10-16,7:30am,USD,Import Prices m/m,Non-economic,,,,2026-10-16 07:30:00
2026-10-16,8:15am,USD,Capacity Utilization Rate,Non-economic,,,,2026-10-16 08:15:00
2026-10-16,8:15am,USD,Industrial Production m/m,Non-economic,,,,2026-10-16 08:15:00
2026-10-16,Day 5,All,IMF Meetings,Non-economic,,,,2026-10-16 00:00:00
2026-10-16,3:00pm,USD,TIC Long-Term Purchases,Non-economic,,,,2026-10-16 15:00:00
2026-10-16,Tentative,USD,Treasury Currency Report,Medium,,,,2026-10-16 00:00:00
2026-10-17,Day 6,All,IMF Meetings,Non-economic,,,,2026-10-17 00:00:00
2026-10-17,Tentative,AUD,RBA Annual Report,Non-economic,,,,2026-10-17 00:00:00
2026-10-18,Day 7,All,IMF Meetings,Non-economic,,,,2026-10-18 00:00:00
2026-10-18,4:30pm,NZD,BusinessNZ Services Index,Non-economic,,,,2026-10-18 16:30:00
2026-10-18,6:01pm,GBP,Rightmove HPI m/m,Non-economic,,,,2026-10-18 18:01:00
2026-10-18,11:30pm,JPY,Revised Industrial Production m/m,Non-economic,,,,2026-10-18 23:30:00
2026-10-19,7:30am,CAD,CPI m/m,High,,,,2026-10-19 07:30:00
2026-10-19,7:30am,CAD,Median CPI y/y,High,,,,2026-10-19 07:30:00
2026-10-19,7:30am,CAD,Trimmed CPI y/y,High,,,,2026-10-19 07:30:00
2026-10-19,7:30am,CAD,Common CPI y/y,Medium,,,,2026-10-19 07:30:00
2026-10-19,7:30am,CAD,Core CPI m/m,Non-economic,,,,2026-10-19 07:30:00
2026-10-19,9:00am,USD,NAHB Housing Market Index,Non-economic,,,,2026-10-19 09:00:00
2026-10-19,9:30am,CAD,BOC Business Outlook Survey,Non-economic,,,,2026-10-19 09:30:00
2026-10-19,4:45pm,NZD,CPI q/q,High,,,,2026-10-19 16:45:00
2026-10-19,4:45pm,NZD,Trade Balance,Non-economic,,,,2026-10-19 16:45:00
2026-10-19,8:00pm,CNY,1-y Loan Prime Rate,Non-economic,,,,2026-10-19 20:00:00
2026-10-19,8:00pm,CNY,5-y Loan Prime Rate,Non-economic,,,,2026-10-19 20:00:00
2026-10-20,1:00am,EUR,German PPI m/m,Non-economic,,,,2026-10-20 01:00:00
2026-10-20,3:00am,EUR,Current Account,Non-economic,,,,2026-10-20 03:00:00
2026-10-20,Tentative,All,BRICS Summit,Non-economic,,,,2026-10-20 00:00:00
2026-10-20,7:15am,USD,ADP Weekly Employment Change,Non-economic,,,,2026-10-20 07:15:00
2026-10-20,7:30am,USD,Building Permits,Non-economic,,,,2026-10-20 07:30:00
2026-10-20,7:30am,USD,Housing Starts,Non-economic,,,,2026-10-20 07:30:00
2026-10-20,9:00am,EUR,Consumer Confidence,Non-economic,,,,2026-10-20 09:00:00
2026-10-20,9:00am,USD,Pending Home Sales m/m,Medium,,,,2026-10-20 09:00:00
2026-10-20,Tentative,NZD,GDT Price Index,Non-economic,,,,2026-10-20 00:00:00
2026-10-20,Tentative,USD,FOMC Financial Stability Report,Non-economic,,,,2026-10-20 00:00:00
2026-10-20,3:30pm,USD,API Weekly Statistical Bulletin,Non-economic,,,,2026-10-20 15:30:00
2026-10-20,6:30pm,AUD,MI Leading Index m/m,Non-economic,,,,2026-10-20 18:30:00
2026-10-20,9:00pm,NZD,Credit Card Spending y/y,Non-economic,,,,2026-10-20 21:00:00
2026-10-21,1:00am,GBP,CPI y/y,High,,,,2026-10-21 01:00:00
2026-10-21,1:00am,GBP,Core CPI y/y,Non-economic,,,,2026-10-21 01:00:00
2026-10-21,1:00am,GBP,PPI Input m/m,Non-economic,,,,2026-10-21 01:00:00
2026-10-21,1:00am,GBP,PPI Output m/m,Non-economic,,,,2026-10-21 01:00:00
2026-10-21,1:00am,GBP,Public Sector Net Borrowing,Non-economic,,,,2026-10-21 01:00:00
2026-10-21,1:00am,GBP,RPI y/y,Non-economic,,,,2026-10-21 01:00:00
2026-10-21,3:30am,GBP,HPI y/y,Non-economic,,,,2026-10-21 03:30:00
2026-10-21,9:30am,USD,Crude Oil Inventories,Non-economic,,,,2026-10-21 09:30:00
2026-10-21,6:50pm,JPY,Core Machinery Orders m/m,Non-economic,,,,2026-10-21 18:50:00
2026-10-22,2:30am,CHF,Summary of Monetary Policy Discussions,Non-economic,,,,2026-10-22 02:30:00
2026-10-22,5:00am,GBP,CBI Industrial Order Expectations,Non-economic,,,,2026-10-22 05:00:00
2026-10-22,7:30am,CAD,IPPI m/m,Non-economic,,,,2026-10-22 07:30:00
2026-10-22,7:30am,CAD,RMPI m/m,Non-economic,,,,2026-10-22 07:30:00
2026-10-22,7:30am,USD,Unemployment Claims,Medium,,,,2026-10-22 07:30:00
2026-10-22,7:33am,GBP,Autumn Forecast Statement,Medium,,,,2026-10-22 07:33:00
2026-10-22,9:00am,USD,CB Leading Index m/m,Non-economic,,,,2026-10-22 09:00:00
2026-10-22,9:30am,USD,Natural Gas Storage,Non-economic,,,,2026-10-22 09:30:00
2026-10-22,5:00pm,AUD,Flash Manufacturing PMI,Non-economic,,,,2026-10-22 17:00:00
2026-10-22,5:00pm,AUD,Flash Services PMI,Non-economic,,,,2026-10-22 17:00:00
2026-10-22,6:30pm,JPY,National Core CPI y/y,Non-economic,,,,2026-10-22 18:30:00
2026-10-22,7:30pm,JPY,Flash Manufacturing PMI,Non-economic,,,,2026-10-22 19:30:00
2026-10-23,1:00am,GBP,Retail Sales m/m,Medium,,,,2026-10-23 01:00:00
2026-10-23,2:15am,EUR,French Flash Manufacturing PMI,Medium,,,,2026-10-23 02:15:00
2026-10-23,2:15am,EUR,French Flash Services PMI,Medium,,,,2026-10-23 02:15:00
2026-10-23,2:30am,EUR,German Flash Manufacturing PMI,Medium,,,,2026-10-23 02:30:00
2026-10-23,2:30am,EUR,German Flash Services PMI,Medium,,,,2026-10-23 02:30:00
2026-10-23,3:00am,EUR,Flash Manufacturing PMI,Non-economic,,,,2026-10-23 03:00:00
2026-10-23,3:00am,EUR,Flash Services PMI,Non-economic,,,,2026-10-23 03:00:00
2026-10-23,3:30am,GBP,Flash Manufacturing PMI,High,,,,2026-10-23 03:30:00
2026-10-23,3:30am,GBP,Flash Services PMI,High,,,,2026-10-23 03:30:00
2026-10-23,7:30am,CAD,Core Retail Sales m/m,Medium,,,,2026-10-23 07:30:00
2026-10-23,7:30am,CAD,Retail Sales m/m,Medium,,,,2026-10-23 07:30:00
2026-10-23,7:30am,CAD,NHPI m/m,Non-economic,,,,2026-10-23 07:30:00
2026-10-23,8:00am,EUR,Belgian NBB Business Climate,Non-economic,,,,2026-10-23 08:00:00
2026-10-23,8:45am,USD,Flash Manufacturing PMI,High,,,,2026-10-23 08:45:00
2026-10-23,8:45am,USD,Flash Services PMI,High,,,,2026-10-23 08:45:00
2026-10-23,9:00am,USD,Revised UoM Consumer Sentiment,Medium,,,,2026-10-23 09:00:00
2026-10-23,9:00am,USD,Revised UoM Inflation Expectations,Non-economic,,,,2026-10-23 09:00:00
2026-10-24,9:00pm,CHF,Daylight Saving Time Shift,Low,,,,2026-10-24 21:00:00
2026-10-24,9:00pm,EUR,Daylight Saving Time Shift,Low,,,,2026-10-24 21:00:00
2026-10-24,9:00pm,GBP,Daylight Saving Time Shift,Low,,,,2026-10-24 21:00:00
2026-10-25,All Day,NZD,Bank Holiday,Low,,,,2026-10-25 00:00:00
2026-10-25,6:50pm,JPY,Trade Balance,Non-economic,,,,2026-10-25 18:50:00
2026-10-26,3:00am,CHF,UBS Economic Expectations,Non-economic,,,,2026-10-26 03:00:00
2026-10-26,3:00am,EUR,German ifo Business Climate,Non-economic,,,,2026-10-26 03:00:00
2026-10-26,3:00am,EUR,M3 Money Supply y/y,Non-economic,,,,2026-10-26 03:00:00
2026-10-26,3:00am,EUR,Private Loans y/y,Non-economic,,,,2026-10-26 03:00:00
2026-10-26,5:00am,GBP,CBI Realized Sales,Non-economic,,,,2026-10-26 05:00:00
2026-10-27,12:00am,JPY,BOJ Core CPI y/y,Non-economic,,,,2026-10-27 00:00:00
2026-10-27,1:00am,EUR,German GfK Consumer Climate,Non-economic,,,,2026-10-27 01:00:00
2026-10-27,2:00am,EUR,Spanish Unemployment Rate,Non-economic,,,,2026-10-27 02:00:00
2026-10-27,4:00am,EUR,Italian Prelim CPI m/m,Non-economic,,,,2026-10-27 04:00:00
2026-10-27,7:15am,USD,ADP Weekly Employment Change,Non-economic,,,,2026-10-27 07:15:00
2026-10-27,7:30am,USD,Core Durable Goods Orders m/m,Non-economic,,,,2026-10-27 07:30:00
2026-10-27,7:30am,USD,Durable Goods Orders m/m,Non-economic,,,,2026-10-27 07:30:00
2026-10-27,8:00am,USD,HPI m/m,Non-economic,,,,2026-10-27 08:00:00
2026-10-27,8:00am,USD,S&P/CS Composite-20 HPI y/y,Non-economic,,,,2026-10-27 08:00:00
2026-10-27,9:00am,USD,CB Consumer Confidence,Medium,,,,2026-10-27 09:00:00
2026-10-27,9:00am,USD,New Home Sales,Medium,,,,2026-10-27 09:00:00
2026-10-27,9:00am,USD,Richmond Manufacturing Index,Non-economic,,,,2026-10-27 09:00:00
2026-10-27,3:30pm,USD,API Weekly Statistical Bulletin,Non-economic,,,,2026-10-27 15:30:00
2026-10-27,6:01pm,GBP,BRC Shop Price Index y/y,Non-economic,,,,2026-10-27 18:01:00
2026-10-27,6:50pm,JPY,SPPI y/y,Non-economic,,,,2026-10-27 18:50:00
2026-10-27,7:30pm,AUD,CPI m/m,High,,,,2026-10-27 19:30:00
2026-10-27,7:30pm,AUD,CPI y/y,High,,,,2026-10-27 19:30:00
2026-10-27,7:30pm,AUD,Trimmed Mean CPI m/m,High,,,,2026-10-27 19:30:00
2026-10-27,8:00pm,NZD,Official Cash Rate,High,,,,2026-10-27 20:00:00
2026-10-27,8:00pm,NZD,RBNZ Rate Statement,High,,,,2026-10-27 20:00:00
2026-10-27,9:00pm,NZD,RBNZ Press Conference,High,,,,2026-10-27 21:00:00
2026-10-28,1:45am,EUR,French Consumer Spending m/m,Non-economic,,,,2026-10-28 01:45:00
2026-10-28,2:00am,CHF,KOF Economic Barometer,Non-economic,,,,2026-10-28 02:00:00
2026-10-28,2:00am,EUR,Spanish Flash CPI y/y,Non-economic,,,,2026-10-28 02:00:00
2026-10-28,3:00am,EUR,Italian Monthly Unemployment Rate,Non-economic,,,,2026-10-28 03:00:00
2026-10-28,4:00am,EUR,German Prelim GDP q/q,Medium,,,,2026-10-28 04:00:00
2026-10-28,7:30am,USD,Goods Trade Balance,Non-economic,,,,2026-10-28 07:30:00
2026-10-28,7:30am,USD,Prelim Wholesale Inventories m/m,Non-economic,,,,2026-10-28 07:30:00
2026-10-28,8:00am,CNY,CB Leading Index m/m,Non-economic,,,,2026-10-28 08:00:00
2026-10-28,8:45am,CAD,BOC Monetary Policy Report,High,,,,2026-10-28 08:45:00
2026-10-28,8:45am,CAD,BOC Rate Statement,High,,,,2026-10-28 08:45:00
2026-10-28,8:45am,CAD,Overnight Rate,High,,,,2026-10-28 08:45:00
2026-10-28,9:30am,CAD,BOC Press Conference,High,,,,2026-10-28 09:30:00
2026-10-28,9:30am,USD,Crude Oil Inventories,Non-economic,,,,2026-10-28 09:30:00
2026-10-28,1:00pm,USD,Federal Funds Rate,High,,,,2026-10-28 13:00:00
2026-10-28,1:00pm,USD,FOMC Statement,High,,,,2026-10-28 13:00:00
2026-10-28,1:30pm,USD,FOMC Press Conference,High,,,,2026-10-28 13:30:00
2026-10-28,7:00pm,NZD,ANZ Business Confidence,Non-economic,,,,2026-10-28 19:00:00
2026-10-28,7:30pm,AUD,Import Prices q/q,Non-economic,,,,2026-10-28 19:30:00
2026-10-29,1:00am,EUR,German Import Prices m/m,Non-economic,,,,2026-10-29 01:00:00
2026-10-29,1:00am,EUR,German Retail Sales m/m,Non-economic,,,,2026-10-29 01:00:00
2026-10-29,1:00am,GBP,Nationwide HPI m/m,Non-economic,,,,2026-10-29 01:00:00
2026-10-29,1:30am,CHF,Retail Sales y/y,Non-economic,,,,2026-10-29 01:30:00
2026-10-29,1:45am,EUR,French Prelim CPI m/m,Non-economic,,,,2026-10-29 01:45:00
2026-10-29,Tentative,EUR,Italian 10-y Bond Auction,Non-economic,,,,2026-10-29 00:00:00
2026-10-29,7:15am,EUR,Main Refinancing Rate,High,,,,2026-10-29 07:15:00
2026-10-29,7:15am,EUR,Monetary Policy Statement,High,,,,2026-10-29 07:15:00
2026-10-29,7:30am,USD,Advance GDP q/q,High,,,,2026-10-29 07:30:00
2026-10-29,7:30am,USD,Core PCE Price Index m/m,High,,,,2026-10-29 07:30:00
2026-10-29,7:30am,USD,Advance GDP Price Index q/q,Medium,,,,2026-10-29 07:30:00
2026-10-29,7:30am,USD,Unemployment Claims,Medium,,,,2026-10-29 07:30:00
2026-10-29,7:30am,USD,Personal Income m/m,Non-economic,,,,2026-10-29 07:30:00
2026-10-29,7:30am,USD,Personal Spending m/m,Non-economic,,,,2026-10-29 07:30:00
2026-10-29,7:45am,EUR,ECB Press Conference,High,,,,2026-10-29 07:45:00
2026-10-29,9:30am,USD,Natural Gas Storage,Non-economic,,,,2026-10-29 09:30:00
2026-10-29,6:30pm,JPY,Tokyo Core CPI y/y,Medium,,,,2026-10-29 18:30:00
2026-10-29,6:30pm,JPY,Unemployment Rate,Non-economic,,,,2026-10-29 18:30:00
2026-10-29,6:50pm,JPY,Prelim Industrial Production m/m,Non-economic,,,,2026-10-29 18:50:00
2026-10-29,6:50pm,JPY,Retail Sales y/y,Non-economic,,,,2026-10-29 18:50:00
2026-10-29,7:30pm,AUD,PPI q/q,Non-economic,,,,2026-10-29 19:30:00
2026-10-29,7:30pm,AUD,Private Sector Credit m/m,Non-economic,,,,2026-10-29 19:30:00
2026-10-29,Tentative,JPY,BOJ Policy Rate,High,,,,2026-10-29 00:00:00
2026-10-29,Tentative,JPY,Monetary Policy Statement,High,,,,2026-10-29 00:00:00
2026-10-29,Tentative,JPY,BOJ Outlook Report,High,,,,2026-10-29 00:00:00
2026-10-30,12:00am,JPY,Housing Starts y/y,Non-economic,,,,2026-10-30 00:00:00
2026-10-30,Tentative,JPY,BOJ Press Conference,High,,,,2026-10-30 00:00:00
2026-10-30,All Day,EUR,German Prelim CPI m/m,Medium,,,,2026-10-30 00:00:00
2026-10-30,1:30am,EUR,French Flash GDP q/q,Non-economic,,,,2026-10-30 01:30:00
2026-10-30,2:00am,EUR,Spanish Flash GDP q/q,Non-economic,,,,2026-10-30 02:00:00
2026-10-30,2:55am,EUR,German Unemployment Change,Non-economic,,,,2026-10-30 02:55:00
2026-10-30,3:00am,EUR,Italian Prelim GDP q/q,Non-economic,,,,2026-10-30 03:00:00
2026-10-30,3:30am,GBP,M4 Money Supply m/m,Non-economic,,,,2026-10-30 03:30:00
2026-10-30,3:30am,GBP,Mortgage Approvals,Non-economic,,,,2026-10-30 03:30:00
2026-10-30,3:30am,GBP,Net Lending to Individuals m/m,Non-economic,,,,2026-10-30 03:30:00
2026-10-30,4:00am,EUR,Unemployment Rate,Non-economic,,,,2026-10-30 04:00:00
2026-10-30,5:00am,EUR,Prelim Flash GDP q/q,Non-economic,,,,2026-10-30 05:00:00
2026-10-30,7:30am,CAD,GDP m/m,High,,,,2026-10-30 07:30:00
2026-10-30,7:30am,USD,Employment Cost Index q/q,High,,,,2026-10-30 07:30:00
2026-10-30,8:45am,USD,Chicago PMI,Non-economic,,,,2026-10-30 08:45:00
2026-10-31,8:30pm,CNY,Manufacturing PMI,Non-economic,,,,2026-10-31 20:30:00
2026-10-31,8:30pm,CNY,Non-Manufacturing PMI,Non-economic,,,,2026-10-31 20:30:00
2026-11-01,2:00am,CAD,Daylight Saving Time Shift,Low,,,,2026-11-01 02:00:00
2026-11-01,2:00am,USD,Daylight Saving Time Shift,Low,,,,2026-11-01 02:00:00
2026-11-01,7:00pm,AUD,MI Inflation Gauge m/m,Non-economic,,,,2026-11-01 19:00:00
2026-11-01,7:30pm,AUD,ANZ Job Advertisements m/m,Non-economic,,,,2026-11-01 19:30:00
2026-11-01,7:30pm,AUD,Building Approvals m/m,Non-economic,,,,2026-11-01 19:30:00
2026-11-01,7:30pm,AUD,Household Spending m/m,Non-economic,,,,2026-11-01 19:30:00
2026-11-01,8:45pm,CNY,RatingDog Manufacturing PMI,Non-economic,,,,2026-11-01 20:45:00
2026-11-02,12:30am,AUD,Commodity Prices y/y,Non-economic,,,,2026-11-02 00:30:00
2026-11-02,3:15am,EUR,Spanish Manufacturing PMI,Non-economic,,,,2026-11-02 03:15:00
2026-11-02,3:30am,CHF,Manufacturing PMI,Non-economic,,,,2026-11-02 03:30:00
2026-11-02,3:45am,EUR,Italian Manufacturing PMI,Non-economic,,,,2026-11-02 03:45:00
2026-11-02,3:50am,EUR,French Final Manufacturing PMI,Non-economic,,,,2026-11-02 03:50:00
2026-11-02,3:55am,EUR,German Final Manufacturing PMI,Non-economic,,,,2026-11-02 03:55:00
2026-11-02,4:00am,EUR,Final Manufacturing PMI,Non-economic,,,,2026-11-02 04:00:00
2026-11-02,4:30am,GBP,Final Manufacturing PMI,Non-economic,,,,2026-11-02 04:30:00
2026-11-02,9:30am,CAD,Manufacturing PMI,Non-economic,,,,2026-11-02 09:30:00
2026-11-02,9:45am,USD,Final Manufacturing PMI,Non-economic,,,,2026-11-02 09:45:00
2026-11-02,10:00am,USD,ISM Manufacturing PMI,High,,,,2026-11-02 10:00:00
2026-11-02,10:00am,USD,ISM Manufacturing Prices,Medium,,,,2026-11-02 10:00:00
2026-11-02,10:00am,USD,Construction Spending m/m,Non-economic,,,,2026-11-02 10:00:00
2026-11-02,All Day,USD,Wards Total Vehicle Sales,Non-economic,,,,2026-11-02 00:00:00
2026-11-02,Tentative,USD,Loan Officer Survey,Non-economic,,,,2026-11-02 00:00:00
2026-11-02,4:45pm,NZD,Building Consents m/m,Non-economic,,,,2026-11-02 16:45:00
2026-11-02,All Day,JPY,Bank Holiday,Low,,,,2026-11-02 00:00:00
2026-11-02,7:01pm,GBP,BRC Retail Sales Monitor y/y,Non-economic,,,,2026-11-02 19:01:00
2026-11-02,10:30pm,AUD,Cash Rate,High,,,,2026-11-02 22:30:00
2026-11-02,10:30pm,AUD,RBA Monetary Policy Statement,High,,,,2026-11-02 22:30:00
2026-11-02,10:30pm,AUD,RBA Rate Statement,High,,,,2026-11-02 22:30:00
2026-11-02,11:30pm,AUD,RBA Press Conference,High,,,,2026-11-02 23:30:00
2026-11-03,12:00am,JPY,Consumer Confidence,Non-economic,,,,2026-11-03 00:00:00
2026-11-03,2:45am,EUR,French Gov Budget Balance,Non-economic,,,,2026-11-03 02:45:00
2026-11-03,Tentative,EUR,Spanish 10-y Bond Auction,Non-economic,,,,2026-11-03 00:00:00
2026-11-03,Tentative,EUR,French 10-y Bond Auction,Non-economic,,,,2026-11-03 00:00:00
2026-11-03,10:00am,USD,JOLTS Job Openings,High,,,,2026-11-03 10:00:00
2026-11-03,10:00am,USD,Factory Orders m/m,Non-economic,,,,2026-11-03 10:00:00
2026-11-03,Tentative,USD,RCM/TIPP Economic Optimism,Non-economic,,,,2026-11-03 00:00:00
2026-11-03,All Day,USD,Congressional Elections,High,,,,2026-11-03 00:00:00
2026-11-03,Tentative,NZD,GDT Price Index,Non-economic,,,,2026-11-03 00:00:00
2026-11-03,4:30pm,USD,API Weekly Statistical Bulletin,Non-economic,,,,2026-11-03 16:30:00
2026-11-03,4:45pm,NZD,Employment Change q/q,High,,,,2026-11-03 16:45:00
2026-11-03,4:45pm,NZD,Unemployment Rate,High,,,,2026-11-03 16:45:00
2026-11-03,4:45pm,NZD,Labor Cost Index q/q,Non-economic,,,,2026-11-03 16:45:00
2026-11-03,6:50pm,JPY,Monetary Base y/y,Non-economic,,,,2026-11-03 18:50:00
2026-11-03,7:00pm,NZD,ANZ Commodity Prices m/m,Non-economic,,,,2026-11-03 19:00:00
2026-11-03,8:45pm,CNY,RatingDog Services PMI,Non-economic,,,,2026-11-03 20:45:00
2026-11-04,2:30am,CHF,CPI m/m,Medium,,,,2026-11-04 02:30:00
2026-11-04,3:00am,EUR,Spanish Unemployment Change,Non-economic,,,,2026-11-04 03:00:00
2026-11-04,3:15am,EUR,Spanish Services PMI,Non-economic,,,,2026-11-04 03:15:00
2026-11-04,3:45am,EUR,Italian Services PMI,Non-economic,,,,2026-11-04 03:45:00
2026-11-04,3:50am,EUR,French Final Services PMI,Non-economic,,,,2026-11-04 03:50:00
2026-11-04,3:55am,EUR,German Final Services PMI,Non-economic,,,,2026-11-04 03:55:00
2026-11-04,4:00am,EUR,Final Services PMI,Non-economic,,,,2026-11-04 04:00:00
2026-11-04,4:30am,GBP,Final Services PMI,Non-economic,,,,2026-11-04 04:30:00
2026-11-04,5:00am,EUR,Core CPI Flash Estimate y/y,Medium,,,,2026-11-04 05:00:00
2026-11-04,5:00am,EUR,CPI Flash Estimate y/y,Medium,,,,2026-11-04 05:00:00
2026-11-04,8:15am,USD,ADP Non-Farm Employment Change,High,,,,2026-11-04 08:15:00
2026-11-04,8:30am,CAD,Trade Balance,Non-economic,,,,2026-11-04 08:30:00
2026-11-04,8:30am,USD,Trade Balance,Non-economic,,,,2026-11-04 08:30:00
2026-11-04,9:45am,USD,Final Services PMI,Non-economic,,,,2026-11-04 09:45:00
2026-11-04,10:00am,USD,ISM Services PMI,High,,,,2026-11-04 10:00:00
2026-11-04,10:30am,USD,Crude Oil Inventories,Non-economic,,,,2026-11-04 10:30:00
2026-11-04,6:50pm,JPY,Monetary Policy Meeting Minutes,Non-economic,,,,2026-11-04 18:50:00
2026-11-04,7:30pm,AUD,Goods Trade Balance,Non-economic,,,,2026-11-04 19:30:00
2026-11-04,7:30pm,JPY,Final Manufacturing PMI,Non-economic,,,,2026-11-04 19:30:00
2026-11-04,10:35pm,JPY,10-y Bond Auction,Non-economic,,,,2026-11-04 22:35:00
2026-11-05,2:00am,EUR,German Factory Orders m/m,Non-economic,,,,2026-11-05 02:00:00
2026-11-05,2:45am,EUR,French Prelim Private Payrolls q/q,Non-economic,,,,2026-11-05 02:45:00
2026-11-05,4:00am,EUR,Italian Retail Sales m/m,Non-economic,,,,2026-11-05 04:00:00
2026-11-05,4:30am,GBP,Construction PMI,Non-economic,,,,2026-11-05 04:30:00
2026-11-05,5:00am,EUR,PPI m/m,Non-economic,,,,2026-11-05 05:00:00
2026-11-05,Tentative,EUR,German 10-y Bond Auction,Non-economic,,,,2026-11-05 00:00:00
2026-11-05,7:00am,GBP,BOE Monetary Policy Report,High,,,,2026-11-05 07:00:00
2026-11-05,7:00am,GBP,Monetary Policy Summary,High,,,,2026-11-05 07:00:00
2026-11-05,7:00am,GBP,MPC Official Bank Rate Votes,High,,,,2026-11-05 07:00:00
2026-11-05,7:00am,GBP,Official Bank Rate,High,,,,2026-11-05 07:00:00
2026-11-05,7:30am,USD,Challenger Job Cuts y/y,Non-economic,,,,2026-11-05 07:30:00
2026-11-05,8:30am,USD,Unemployment Claims,Medium,,,,2026-11-05 08:30:00
2026-11-05,8:30am,USD,Prelim Nonfarm Productivity q/q,Non-economic,,,,2026-11-05 08:30:00
2026-11-05,8:30am,USD,Prelim Unit Labor Costs q/q,Non-economic,,,,2026-11-05 08:30:00
2026-11-05,10:30am,USD,Natural Gas Storage,Non-economic,,,,2026-11-05 10:30:00
2026-11-05,6:30pm,JPY,Average Cash Earnings y/y,Non-economic,,,,2026-11-05 18:30:00
2026-11-05,6:30pm,JPY,Household Spending y/y,Non-economic,,,,2026-11-05 18:30:00
2026-11-06,12:00am,JPY,Leading Indicators,Non-economic,,,,2026-11-06 00:00:00
2026-11-06,2:00am,EUR,German Industrial Production m/m,Non-economic,,,,2026-11-06 02:00:00
2026-11-06,2:00am,GBP,Halifax HPI m/m,Non-economic,,,,2026-11-06 02:00:00
2026-11-06,3:00am,CHF,Foreign Currency Reserves,Non-economic,,,,2026-11-06 03:00:00
2026-11-06,5:00am,EUR,Retail Sales m/m,Non-economic,,,,2026-11-06 05:00:00
2026-11-06,8:30am,CAD,Employment Change,High,,,,2026-11-06 08:30:00
2026-11-06,8:30am,CAD,Unemployment Rate,High,,,,2026-11-06 08:30:00
2026-11-06,8:30am,USD,Average Hourly Earnings m/m,High,,,,2026-11-06 08:30:00
2026-11-06,8:30am,USD,Non-Farm Employment Change,High,,,,2026-11-06 08:30:00
2026-11-06,8:30am,USD,Unemployment Rate,High,,,,2026-11-06 08:30:00
2026-11-06,10:00am,CAD,Ivey PMI,Medium,,,,2026-11-06 10:00:00
2026-11-06,10:00am,USD,Prelim UoM Consumer Sentiment,Medium,,,,2026-11-06 10:00:00
2026-11-06,10:00am,USD,Prelim UoM Inflation Expectations,Medium,,,,2026-11-06 10:00:00
2026-11-06,10:00am,USD,Consumer Credit m/m,Non-economic,,,,2026-11-06 10:00:00
2026-11-06,All Day,NZD,Parliamentary Elections,High,,,,2026-11-06 00:00:00
2026-11-08,8:30pm,CNY,CPI y/y,Medium,,,,2026-11-08 20:30:00
2026-11-08,8:30pm,CNY,PPI y/y,Medium,,,,2026-11-08 20:30:00
2026-11-08,Tentative,CNY,Trade Balance,Non-economic,,,,2026-11-08 00:00:00
2026-11-08,Tentative,CNY,USD-Denominated Trade Balance,Non-economic,,,,2026-11-08 00:00:00
2026-11-09,2:00am,EUR,German Trade Balance,Non-economic,,,,2026-11-09 02:00:00
2026-11-09,2:45am,EUR,French Trade Balance,Non-economic,,,,2026-11-09 02:45:00
2026-11-09,4:30am,EUR,Sentix Investor Confidence,Non-economic,,,,2026-11-09 04:30:00
2026-11-09,All Day,EUR,Eurogroup Meetings,Non-economic,,,,2026-11-09 00:00:00
2026-11-09,Tentative,USD,Cleveland Fed Inflation Expectations,Non-economic,,,,2026-11-09 00:00:00
2026-11-09,10:00am,USD,Final Wholesale Inventories m/m,Non-economic,,,,2026-11-09 10:00:00
2026-11-09,6:30pm,AUD,Westpac Consumer Sentiment,Non-economic,,,,2026-11-09 18:30:00
2026-11-09,6:50pm,JPY,Bank Lending y/y,Non-economic,,,,2026-11-09 18:50:00
2026-11-09,6:50pm,JPY,BOJ Summary of Opinions,Non-economic,,,,2026-11-09 18:50:00
2026-11-09,6:50pm,JPY,Current Account,Non-economic,,,,2026-11-09 18:50:00
2026-11-09,7:30pm,AUD,NAB Business Confidence,Non-economic,,,,2026-11-09 19:30:00
2026-11-09,10:35pm,JPY,30-y Bond Auction,Non-economic,,,,2026-11-09 22:35:00
2026-11-10,12:00am,JPY,Economy Watchers Sentiment,Non-economic,,,,2026-11-10 00:00:00
2026-11-10,2:00am,EUR,German WPI m/m,Non-economic,,,,2026-11-10 02:00:00
2026-11-10,3:00am,CHF,SECO Consumer Climate,Non-economic,,,,2026-11-10 03:00:00
2026-11-10,4:00am,EUR,Italian Industrial Production m/m,Non-economic,,,,2026-11-10 04:00:00
2026-11-10,All Day,EUR,ECOFIN Meetings,Non-economic,,,,2026-11-10 00:00:00
2026-11-10,Tentative,GBP,10-y Bond Auction,Non-economic,,,,2026-11-10 00:00:00
2026-11-10,6:00am,USD,NFIB Small Business Index,Non-economic,,,,2026-11-10 06:00:00
2026-11-10,8:15am,USD,ADP Weekly Employment Change,Non-economic,,,,2026-11-10 08:15:00
2026-11-10,8:30am,USD,Core CPI m/m,High,,,,2026-11-10 08:30:00
2026-11-10,8:30am,USD,CPI m/m,High,,,,2026-11-10 08:30:00
2026-11-10,8:30am,USD,CPI y/y,High,,,,2026-11-10 08:30:00
2026-11-10,1:01pm,USD,10-y Bond Auction,Non-economic,,,,2026-11-10 13:01:00
2026-11-10,1:30pm,CAD,BOC Summary of Deliberations,Non-economic,,,,2026-11-10 13:30:00
2026-11-10,3:00pm,NZD,RBNZ Financial Stability Report,Non-economic,,,,2026-11-10 15:00:00
2026-11-10,4:30pm,USD,API Weekly Statistical Bulletin,Non-economic,,,,2026-11-10 16:30:00
2026-11-10,6:50pm,JPY,M2 Money Stock y/y,Non-economic,,,,2026-11-10 18:50:00
2026-11-10,9:00pm,NZD,Inflation Expectations q/q,Non-economic,,,,2026-11-10 21:00:00
2026-11-11,1:00am,JPY,Prelim Machine Tool Orders y/y,Non-economic,,,,2026-11-11 01:00:00
2026-11-11,2:00am,EUR,German Final CPI m/m,Non-economic,,,,2026-11-11 02:00:00
2026-11-11,All Day,EUR,French Bank Holiday,Low,,,,2026-11-11 00:00:00
2026-11-11,3:00am,CHF,Unemployment Rate,Non-economic,,,,2026-11-11 03:00:00
2026-11-11,Tentative,EUR,German 30-y Bond Auction,Non-economic,,,,2026-11-11 00:00:00
2026-11-11,Tentative,GBP,30-y Bond Auction,Non-economic,,,,2026-11-11 00:00:00
2026-11-11,All Day,CAD,Bank Holiday,Low,,,,2026-11-11 00:00:00
2026-11-11,All Day,USD,Bank Holiday,Low,,,,2026-11-11 00:00:00
2026-11-11,4:45pm,NZD,Visitor Arrivals m/m,Non-economic,,,,2026-11-11 16:45:00
2026-11-11,6:50pm,JPY,PPI y/y,Non-economic,,,,2026-11-11 18:50:00
2026-11-11,7:00pm,AUD,MI Inflation Expectations,Non-economic,,,,2026-11-11 19:00:00
2026-11-11,7:01pm,GBP,RICS House Price Balance,Non-economic,,,,2026-11-11 19:01:00
2026-11-12,2:00am,GBP,GDP m/m,High,,,,2026-11-12 02:00:00
2026-11-12,2:00am,GBP,Prelim GDP q/q,Medium,,,,2026-11-12 02:00:00
2026-11-12,2:00am,GBP,Construction Output m/m,Non-economic,,,,2026-11-12 02:00:00
2026-11-12,2:00am,GBP,Goods Trade Balance,Non-economic,,,,2026-11-12 02:00:00
2026-11-12,2:00am,GBP,Index of Services 3m/3m,Non-economic,,,,2026-11-12 02:00:00
2026-11-12,2:00am,GBP,Industrial Production m/m,Non-economic,,,,2026-11-12 02:00:00
2026-11-12,2:00am,GBP,Manufacturing Production m/m,Non-economic,,,,2026-11-12 02:00:00
2026-11-12,2:00am,GBP,Prelim Business Investment q/q,Non-economic,,,,2026-11-12 02:00:00
2026-11-12,Tentative,CNY,Foreign Direct Investment ytd/y,Non-economic,,,,2026-11-12 00:00:00
2026-11-12,2:45am,EUR,French Final CPI m/m,Non-economic,,,,2026-11-12 02:45:00
2026-11-12,4:00am,EUR,ECB Economic Bulletin,Non-economic,,,,2026-11-12 04:00:00
2026-11-12,Tentative,CNY,M2 Money Supply y/y,Non-economic,,,,2026-11-12 00:00:00
2026-11-12,Tentative,CNY,New Loans,Non-economic,,,,2026-11-12 00:00:00
2026-11-12,5:00am,EUR,EU Economic Forecasts,Non-economic,,,,2026-11-12 05:00:00
2026-11-12,8:30am,CAD,Building Permits m/m,Non-economic,,,,2026-11-12 08:30:00
2026-11-12,8:30am,USD,Unemployment Claims,Medium,,,,2026-11-12 08:30:00
2026-11-12,10:00am,USD,Existing Home Sales,Non-economic,,,,2026-11-12 10:00:00
2026-11-12,Tentative,USD,Mortgage Delinquencies,Non-economic,,,,2026-11-12 00:00:00
2026-11-12,10:30am,AUD,CB Leading Index m/m,Non-economic,,,,2026-11-12 10:30:00
2026-11-12,12:00pm,USD,Crude Oil Inventories,Non-economic,,,,2026-11-12 12:00:00
2026-11-12,1:01pm,USD,30-y Bond Auction,Non-economic,,,,2026-11-12 13:01:00
2026-11-12,2:00pm,USD,Federal Budget Balance,Non-economic,,,,2026-11-12 14:00:00
2026-11-12,4:30pm,NZD,BusinessNZ Manufacturing Index,Non-economic,,,,2026-11-12 16:30:00
2026-11-12,8:30pm,CNY,New Home Prices m/m,Non-economic,,,,2026-11-12 20:30:00
2026-11-12,11:30pm,JPY,Tertiary Industry Activity m/m,Non-economic,,,,2026-11-12 23:30:00
2026-11-13,2:45am,EUR,French Industrial Production m/m,Non-economic,,,,2026-11-13 02:45:00
2026-11-13,4:00am,EUR,Italian Trade Balance,Non-economic,,,,2026-11-13 04:00:00
2026-11-13,5:00am,EUR,Flash Employment Change q/q,Non-economic,,,,2026-11-13 05:00:00
2026-11-13,5:00am,EUR,Flash GDP q/q,Non-economic,,,,2026-11-13 05:00:00
2026-11-13,5:00am,EUR,Trade Balance,Non-economic,,,,2026-11-13 05:00:00
2026-11-13,8:30am,CAD,Manufacturing Sales m/m,Non-economic,,,,2026-11-13 08:30:00
2026-11-13,8:30am,CAD,Wholesale Sales m/m,Non-economic,,,,2026-11-13 08:30:00
2026-11-13,8:30am,USD,Core PPI m/m,High,,,,2026-11-13 08:30:00
2026-11-13,8:30am,USD,PPI m/m,High,,,,2026-11-13 08:30:00
2026-11-13,9:30am,GBP,CB Leading Index m/m,Non-economic,,,,2026-11-13 09:30:00
2026-11-13,10:30am,USD,Natural Gas Storage,Non-economic,,,,2026-11-13 10:30:00
2026-11-13,2:30pm,CHF,PPI m/m,Non-economic,,,,2026-11-13 14:30:00
2026-11-15,4:30pm,NZD,BusinessNZ Services Index,Non-economic,,,,2026-11-15 16:30:00
2026-11-15,4:45pm,NZD,FPI m/m,Non-economic,,,,2026-11-15 16:45:00
2026-11-15,6:50pm,JPY,Prelim GDP Price Index y/y,Non-economic,,,,2026-11-15 18:50:00
2026-11-15,6:50pm,JPY,Prelim GDP q/q,Non-economic,,,,2026-11-15 18:50:00
2026-11-15,7:01pm,GBP,Rightmove HPI m/m,Non-economic,,,,2026-11-15 19:01:00
2026-11-15,11:30pm,JPY,Revised Industrial Production m/m,Non-economic,,,,2026-11-15 23:30:00
2026-11-16,2:00am,GBP,Claimant Count Change,High,,,,2026-11-16 02:00:00
2026-11-16,2:00am,GBP,Average Earnings Index 3m/y,Medium,,,,2026-11-16 02:00:00
2026-11-16,2:00am,GBP,Unemployment Rate,Non-economic,,,,2026-11-16 02:00:00
2026-11-16,5:00am,EUR,Industrial Production m/m,Non-economic,,,,2026-11-16 05:00:00
2026-11-16,6:00am,EUR,German Buba Monthly Report,Non-economic,,,,2026-11-16 06:00:00
2026-11-16,8:30am,CAD,CPI m/m,High,,,,2026-11-16 08:30:00
2026-11-16,8:30am,CAD,Median CPI y/y,High,,,,2026-11-16 08:30:00
2026-11-16,8:30am,CAD,Trimmed CPI y/y,High,,,,2026-11-16 08:30:00
2026-11-16,8:30am,CAD,Common CPI y/y,Medium,,,,2026-11-16 08:30:00
2026-11-16,8:30am,CAD,Core CPI m/m,Non-economic,,,,2026-11-16 08:30:00
2026-11-16,8:30am,USD,Empire State Manufacturing Index,Non-economic,,,,2026-11-16 08:30:00
2026-11-16,7:30pm,AUD,Monetary Policy Meeting Minutes,Non-economic,,,,2026-11-16 19:30:00
2026-11-16,9:00pm,CNY,Fixed Asset Investment ytd/y,Non-economic,,,,2026-11-16 21:00:00
2026-11-16,9:00pm,CNY,Industrial Production y/y,Non-economic,,,,2026-11-16 21:00:00
2026-11-16,9:00pm,CNY,NBS Press Conference,Non-economic,,,,2026-11-16 21:00:00
2026-11-16,9:00pm,CNY,Retail Sales y/y,Non-economic,,,,2026-11-16 21:00:00
2026-11-16,9:00pm,CNY,Unemployment Rate,Non-economic,,,,2026-11-16 21:00:00
2026-11-17,5:00am,EUR,ZEW Economic Sentiment,Non-economic,,,,2026-11-17 05:00:00
2026-11-17,5:00am,EUR,German ZEW Economic Sentiment,Non-economic,,,,2026-11-17 05:00:00
2026-11-17,8:15am,CAD,Housing Starts,Non-economic,,,,2026-11-17 08:15:00
2026-11-17,8:15am,USD,ADP Weekly Employment Change,Non-economic,,,,2026-11-17 08:15:00
2026-11-17,8:30am,CAD,Foreign Securities Purchases,Non-economic,,,,2026-11-17 08:30:00
2026-11-17,8:30am,USD,Core Retail Sales m/m,High,,,,2026-11-17 08:30:00
2026-11-17,8:30am,USD,Retail Sales m/m,High,,,,2026-11-17 08:30:00
2026-11-17,8:30am,USD,Import Prices m/m,Non-economic,,,,2026-11-17 08:30:00
2026-11-17,9:15am,USD,Capacity Utilization Rate,Non-economic,,,,2026-11-17 09:15:00
2026-11-17,9:15am,USD,Industrial Production m/m,Non-economic,,,,2026-11-17 09:15:00
2026-11-17,10:00am,USD,Business Inventories m/m,Non-economic,,,,2026-11-17 10:00:00
2026-11-17,10:00am,USD,NAHB Housing Market Index,Non-economic,,,,2026-11-17 10:00:00
2026-11-17,Tentative,NZD,GDT Price Index,Non-economic,,,,2026-11-17 00:00:00
2026-11-17,4:30pm,USD,API Weekly Statistical Bulletin,Non-economic,,,,2026-11-17 16:30:00
2026-11-17,6:30pm,AUD,MI Leading Index m/m,Non-economic,,,,2026-11-17 18:30:00
2026-11-17,6:50pm,JPY,Trade Balance,Non-economic,,,,2026-11-17 18:50:00
2026-11-17,7:30pm,AUD,Wage Price Index q/q,High,,,,2026-11-17 19:30:00
2026-11-18,2:00am,GBP,Core CPI y/y,Non-economic,,,,2026-11-18 02:00:00
2026-11-18,2:00am,GBP,Core CPI y/y,Non-economic,,,,2026-11-18 02:00:00
2026-11-18,2:00am,GBP,PPI Input m/m,Non-economic,,,,2026-11-18 02:00:00
2026-11-18,2:00am,GBP,PPI Output m/m,Non-economic,,,,2026-11-18 02:00:00
2026-11-18,2:00am,GBP,RPI y/y,Non-economic,,,,2026-11-18 02:00:00
2026-11-18,4:30am,GBP,HPI y/y,Non-economic,,,,2026-11-18 04:30:00
2026-11-18,5:00am,EUR,Final Core CPI y/y,Non-economic,,,,2026-11-18 05:00:00
2026-11-18,5:00am,EUR,Final CPI y/y,Non-economic,,,,2026-11-18 05:00:00
2026-11-18,8:30am,USD,Building Permits,Non-economic,,,,2026-11-18 08:30:00
2026-11-18,8:30am,USD,Housing Starts,Non-economic,,,,2026-11-18 08:30:00
2026-11-18,10:00am,USD,Pending Home Sales m/m,Medium,,,,2026-11-18 10:00:00
2026-11-18,10:30am,USD,Crude Oil Inventories,Non-economic,,,,2026-11-18 10:30:00
2026-11-18,2:00pm,USD,FOMC Meeting Minutes,High,,,,2026-11-18 14:00:00
2026-11-18,4:00pm,USD,TIC Long-Term Purchases,Non-economic,,,,2026-11-18 16:00:00
2026-11-18,4:45pm,NZD,PPI Input q/q,Non-economic,,,,2026-11-18 16:45:00
2026-11-18,4:45pm,NZD,PPI Output q/q,Non-economic,,,,2026-11-18 16:45:00
2026-11-18,6:50pm,JPY,Core Machinery Orders m/m,Non-economic,,,,2026-11-18 18:50:00
2026-11-18,7:30pm,AUD,Employment Change,High,,,,2026-11-18 19:30:00
2026-11-18,7:30pm,AUD,Unemployment Rate,High,,,,2026-11-18 19:30:00
2026-11-19,2:00am,GBP,Retail Sales m/m,Medium,,,,2026-11-19 02:00:00
2026-11-19,8:30am,CAD,IPPI m/m,Non-economic,,,,2026-11-19 08:30:00
2026-11-19,8:30am,CAD,RMPI m/m,Non-economic,,,,2026-11-19 08:30:00
2026-11-19,8:30am,USD,Philly Fed Manufacturing Index,Medium,,,,2026-11-19 08:30:00
2026-11-19,8:30am,USD,Unemployment Claims,Medium,,,,2026-11-19 08:30:00
2026-11-19,10:00am,USD,CB Leading Index m/m,Non-economic,,,,2026-11-19 10:00:00
2026-11-19,10:30am,USD,Natural Gas Storage,Non-economic,,,,2026-11-19 10:30:00
2026-11-19,4:45pm,NZD,Trade Balance,Non-economic,,,,2026-11-19 16:45:00
2026-11-19,6:30pm,JPY,National Core CPI y/y,Non-economic,,,,2026-11-19 18:30:00
2026-11-19,7:01pm,GBP,GfK Consumer Confidence,Non-economic,,,,2026-11-19 19:01:00
2026-11-19,8:00pm,CNY,1-y Loan Prime Rate,Non-economic,,,,2026-11-19 20:00:00
2026-11-19,8:00pm,CNY,5-y Loan Prime Rate,Non-economic,,,,2026-11-19 20:00:00
2026-11-19,9:00pm,NZD,Credit Card Spending y/y,Non-economic,,,,2026-11-19 21:00:00
2026-11-20,2:00am,EUR,German PPI m/m,Non-economic,,,,2026-11-20 02:00:00
2026-11-20,2:00am,GBP,Public Sector Net Borrowing,Non-economic,,,,2026-11-20 02:00:00
2026-11-20,8:30am,CAD,Core Retail Sales m/m,Medium,,,,2026-11-20 08:30:00
2026-11-20,8:30am,CAD,Retail Sales m/m,Medium,,,,2026-11-20 08:30:00
2026-11-20,8:30am,CAD,NHPI m/m,Non-economic,,,,2026-11-20 08:30:00
2026-11-20,10:00am,EUR,Consumer Confidence,Non-economic,,,,2026-11-20 10:00:00
2026-11-20,10:00am,USD,Revised UoM Consumer Sentiment,Medium,,,,2026-11-20 10:00:00
2026-11-20,10:00am,USD,Revised UoM Inflation Expectations,Non-economic,,,,2026-11-20 10:00:00
2026-11-22,5:00pm,AUD,Flash Manufacturing PMI,Non-economic,,,,2026-11-22 17:00:00
2026-11-22,5:00pm,AUD,Flash Services PMI,Non-economic,,,,2026-11-22 17:00:00
2026-11-22,All Day,JPY,Bank Holiday,Low,,,,2026-11-22 00:00:00
2026-11-23,3:15am,EUR,French Flash Manufacturing PMI,Medium,,,,2026-11-23 03:15:00
2026-11-23,3:15am,EUR,French Flash Services PMI,Medium,,,,2026-11-23 03:15:00
2026-11-23,3:30am,EUR,German Flash Manufacturing PMI,Medium,,,,2026-11-23 03:30:00
2026-11-23,3:30am,EUR,German Flash Services PMI,Medium,,,,2026-11-23 03:30:00
2026-11-23,4:00am,EUR,Flash Manufacturing PMI,Non-economic,,,,2026-11-23 04:00:00
2026-11-23,4:00am,EUR,Flash Services PMI,Non-economic,,,,2026-11-23 04:00:00
2026-11-23,4:30am,GBP,Flash Manufacturing PMI,High,,,,2026-11-23 04:30:00
2026-11-23,4:30am,GBP,Flash Services PMI,High,,,,2026-11-23 04:30:00
2026-11-23,6:00am,GBP,CBI Industrial Order Expectations,Non-economic,,,,2026-11-23 06:00:00
2026-11-23,8:30am,CAD,Corporate Profits q/q,Non-economic,,,,2026-11-23 08:30:00
2026-11-23,9:45am,USD,Flash Manufacturing PMI,High,,,,2026-11-23 09:45:00
2026-11-23,9:45am,USD,Flash Services PMI,High,,,,2026-11-23 09:45:00
2026-11-23,7:30pm,JPY,Flash Manufacturing PMI,Non-economic,,,,2026-11-23 19:30:00
2026-11-24,12:00am,JPY,BOJ Core CPI y/y,Non-economic,,,,2026-11-24 00:00:00
2026-11-24,2:00am,EUR,German Final GDP q/q,Non-economic,,,,2026-11-24 02:00:00
2026-11-24,2:00am,EUR,German GfK Consumer Climate,Non-economic,,,,2026-11-24 02:00:00
2026-11-24,4:00am,EUR,German ifo Business Climate,Non-economic,,,,2026-11-24 04:00:00
2026-11-24,6:00am,GBP,CBI Realized Sales,Non-economic,,,,2026-11-24 06:00:00
2026-11-24,8:15am,USD,ADP Weekly Employment Change,Non-economic,,,,2026-11-24 08:15:00
2026-11-24,9:00am,CNY,CB Leading Index m/m,Non-economic,,,,2026-11-24 09:00:00
2026-11-24,9:00am,EUR,Belgian NBB Business Climate,Non-economic,,,,2026-11-24 09:00:00
2026-11-24,9:00am,USD,HPI m/m,Non-economic,,,,2026-11-24 09:00:00
2026-11-24,9:00am,USD,S&P/CS Composite-20 HPI y/y,Non-economic,,,,2026-11-24 09:00:00
2026-11-24,10:00am,USD,CB Consumer Confidence,Medium,,,,2026-11-24 10:00:00
2026-11-24,10:00am,USD,Richmond Manufacturing Index,Non-economic,,,,2026-11-24 10:00:00
2026-11-24,4:30pm,USD,API Weekly Statistical Bulletin,Non-economic,,,,2026-11-24 16:30:00
2026-11-24,6:50pm,JPY,SPPI y/y,Non-economic,,,,2026-11-24 18:50:00
2026-11-24,7:01pm,GBP,BRC Shop Price Index y/y,Non-economic,,,,2026-11-24 19:01:00
2026-11-24,7:30pm,AUD,CPI m/m,High,,,,2026-11-24 19:30:00
2026-11-24,7:30pm,AUD,CPI y/y,High,,,,2026-11-24 19:30:00
2026-11-24,7:30pm,AUD,Trimmed Mean CPI m/m,High,,,,2026-11-24 19:30:00
2026-11-24,7:30pm,AUD,Construction Work Done q/q,Non-economic,,,,2026-11-24 19:30:00
2026-11-25,4:00am,EUR,ECB Financial Stability Review,Medium,,,,2026-11-25 04:00:00
2026-11-25,8:30am,USD,Core PCE Price Index m/m,High,,,,2026-11-25 08:30:00
2026-11-25,8:30am,USD,Prelim GDP q/q,High,,,,2026-11-25 08:30:00
2026-11-25,8:30am,USD,Prelim GDP Price Index q/q,Medium,,,,2026-11-25 08:30:00
2026-11-25,8:30am,USD,Unemployment Claims,Medium,,,,2026-11-25 08:30:00
2026-11-25,8:30am,USD,Core Durable Goods Orders m/m,Non-economic,,,,2026-11-25 08:30:00
2026-11-25,8:30am,USD,Durable Goods Orders m/m,Non-economic,,,,2026-11-25 08:30:00
2026-11-25,8:30am,USD,Personal Income m/m,Non-economic,,,,2026-11-25 08:30:00
2026-11-25,8:30am,USD,Personal Spending m/m,Non-economic,,,,2026-11-25 08:30:00
2026-11-25,10:00am,USD,New Home Sales,Medium,,,,2026-11-25 10:00:00
2026-11-25,10:30am,USD,Crude Oil Inventories,Non-economic,,,,2026-11-25 10:30:00
2026-11-25,12:00pm,USD,Natural Gas Storage,Non-economic,,,,2026-11-25 12:00:00
2026-11-25,2:00pm,USD,Beige Book,Non-economic,,,,2026-11-25 14:00:00
2026-11-25,4:45pm,NZD,Core Retail Sales q/q,Non-economic,,,,2026-11-25 16:45:00
2026-11-25,4:45pm,NZD,Retail Sales q/q,Non-economic,,,,2026-11-25 16:45:00
2026-11-25,7:30pm,AUD,Private Capital Expenditure q/q,Non-economic,,,,2026-11-25 19:30:00
2026-11-25,7:30pm,AUD,RBA Bulletin,Non-economic,,,,2026-11-25 19:30:00
2026-11-26,2:45am,EUR,French Consumer Spending m/m,Non-economic,,,,2026-11-26 02:45:00
2026-11-26,3:00am,EUR,Spanish Flash CPI y/y,Non-economic,,,,2026-11-26 03:00:00
2026-11-26,4:00am,CHF,UBS Economic Expectations,Non-economic,,,,2026-11-26 04:00:00
2026-11-26,5:00am,EUR,Italian Prelim CPI m/m,Non-economic,,,,2026-11-26 05:00:00
2026-11-26,5:30am,GBP,BOE Financial Stability Report,Non-economic,,,,2026-11-26 05:30:00
2026-11-26,5:30am,GBP,FPC Meeting Minutes,Non-economic,,,,2026-11-26 05:30:00
2026-11-26,5:30am,GBP,FPC Statement,Non-economic,,,,2026-11-26 05:30:00
2026-11-26,Tentative,EUR,Italian 10-y Bond Auction,Non-economic,,,,2026-11-26 00:00:00
2026-11-26,7:30am,EUR,ECB Monetary Policy Meeting Accounts,Non-economic,,,,2026-11-26 07:30:00
2026-11-26,All Day,USD,Bank Holiday,Low,,,,2026-11-26 00:00:00
2026-11-26,6:30pm,JPY,Tokyo Core CPI y/y,Medium,,,,2026-11-26 18:30:00
2026-11-27,2:45am,EUR,French Final Private Payrolls q/q,Non-economic,,,,2026-11-27 02:45:00
2026-11-27,2:45am,EUR,French Prelim CPI m/m,Non-economic,,,,2026-11-27 02:45:00
2026-11-27,2:45am,EUR,French Prelim GDP q/q,Non-economic,,,,2026-11-27 02:45:00
2026-11-27,3:55am,EUR,German Unemployment Change,Non-economic,,,,2026-11-27 03:55:00
2026-11-27,4:00am,EUR,M3 Money Supply y/y,Non-economic,,,,2026-11-27 04:00:00
2026-11-27,4:00am,EUR,Italian Monthly Unemployment Rate,Non-economic,,,,2026-11-27 04:00:00
2026-11-27,4:00am,EUR,Private Loans y/y,Non-economic,,,,2026-11-27 04:00:00
2026-11-27,8:30am,CAD,Current Account,Non-economic,,,,2026-11-27 08:30:00
2026-11-27,8:30am,USD,Goods Trade Balance,Non-economic,,,,2026-11-27 08:30:00
2026-11-27,8:30am,USD,Prelim Wholesale Inventories m/m,Non-economic,,,,2026-11-27 08:30:00
2026-11-29,6:50pm,JPY,Prelim Industrial Production m/m,Non-economic,,,,2026-11-29 18:50:00
2026-11-29,6:50pm,JPY,Retail Sales y/y,Non-economic,,,,2026-11-29 18:50:00
2026-11-29,7:00pm,AUD,MI Inflation Gauge m/m,Non-economic,,,,2026-11-29 19:00:00
2026-11-29,7:00pm,NZD,ANZ Business Confidence,Non-economic,,,,2026-11-29 19:00:00
2026-11-29,7:30pm,AUD,Company Operating Profits q/q,Non-economic,,,,2026-11-29 19:30:00
2026-11-29,7:30pm,AUD,Private Sector Credit m/m,Non-economic,,,,2026-11-29 19:30:00
2026-11-30,12:00am,JPY,Housing Starts y/y,Non-economic,,,,2026-11-30 00:00:00
2026-11-30,2:00am,EUR,German Import Prices m/m,Non-economic,,,,2026-11-30 02:00:00
2026-11-30,2:00am,EUR,German Retail Sales m/m,Non-economic,,,,2026-11-30 02:00:00
2026-11-30,2:00am,GBP,Nationwide HPI m/m,Non-economic,,,,2026-11-30 02:00:00
2026-11-30,All Day,EUR,German Prelim CPI m/m,Medium,,,,2026-11-30 00:00:00
2026-11-30,2:30am,CHF,Retail Sales y/y,Non-economic,,,,2026-11-30 02:30:00
2026-11-30,3:00am,CHF,GDP q/q,Non-economic,,,,2026-11-30 03:00:00
2026-11-30,3:00am,CHF,KOF Economic Barometer,Non-economic,,,,2026-11-30 03:00:00
2026-11-30,4:30am,GBP,M4 Money Supply m/m,Non-economic,,,,2026-11-30 04:30:00
2026-11-30,4:30am,GBP,Mortgage Approvals,Non-economic,,,,2026-11-30 04:30:00
2026-11-30,4:30am,GBP,Net Lending to Individuals m/m,Non-economic,,,,2026-11-30 04:30:00
2026-11-30,8:30am,CAD,GDP m/m,High,,,,2026-11-30 08:30:00
2026-11-30,9:45am,USD,Chicago PMI,Non-economic,,,,2026-11-30 09:45:00
2026-11-30,4:45pm,NZD,Building Consents m/m,Non-economic,,,,2026-11-30 16:45:00
2026-11-30,6:30pm,JPY,Unemployment Rate,Non-economic,,,,2026-11-30 18:30:00
2026-11-30,6:50pm,JPY,Capital Spending q/y,Non-economic,,,,2026-11-30 18:50:00
2026-11-30,7:30pm,AUD,Building Approvals m/m,Non-economic,,,,2026-11-30 19:30:00
2026-11-30,7:30pm,AUD,Current Account,Non-economic,,,,2026-11-30 19:30:00
2026-11-30,7:30pm,JPY,Final Manufacturing PMI,Non-economic,,,,2026-11-30 19:30:00
2026-11-30,8:45pm,CNY,RatingDog Manufacturing PMI,Non-economic,,,,2026-11-30 20:45:00
2026-11-30,9:30pm,CNY,Manufacturing PMI,Non-economic,,,,2026-11-30 21:30:00
2026-11-30,9:30pm,CNY,Non-Manufacturing PMI,Non-economic,,,,2026-11-30 21:30:00
2026-11-30,10:35pm,JPY,10-y Bond Auction,Non-economic,,,,2026-11-30 22:35:00
2026-12-01,12:30am,AUD,Commodity Prices y/y,Non-economic,,,,2026-12-01 00:30:00
2026-12-01,3:15am,EUR,Spanish Manufacturing PMI,Non-economic,,,,2026-12-01 03:15:00
2026-12-01,3:30am,CHF,Manufacturing PMI,Non-economic,,,,2026-12-01 03:30:00
2026-12-01,3:45am,EUR,Italian Manufacturing PMI,Non-economic,,,,2026-12-01 03:45:00
2026-12-01,3:50am,EUR,French Final Manufacturing PMI,Non-economic,,,,2026-12-01 03:50:00
2026-12-01,3:55am,EUR,German Final Manufacturing PMI,Non-economic,,,,2026-12-01 03:55:00
2026-12-01,4:00am,EUR,Final Manufacturing PMI,Non-economic,,,,2026-12-01 04:00:00
2026-12-01,4:30am,GBP,Final Manufacturing PMI,Non-economic,,,,2026-12-01 04:30:00
2026-12-01,5:00am,EUR,Core CPI Flash Estimate y/y,Medium,,,,2026-12-01 05:00:00
2026-12-01,5:00am,EUR,CPI Flash Estimate y/y,Medium,,,,2026-12-01 05:00:00
2026-12-01,9:30am,CAD,Manufacturing PMI,Non-economic,,,,2026-12-01 09:30:00
2026-12-01,9:45am,USD,Final Manufacturing PMI,Non-economic,,,,2026-12-01 09:45:00
2026-12-01,10:00am,USD,ISM Manufacturing PMI,High,,,,2026-12-01 10:00:00
2026-12-01,10:00am,USD,JOLTS Job Openings,High,,,,2026-12-01 10:00:00
2026-12-01,10:00am,USD,ISM Manufacturing Prices,Medium,,,,2026-12-01 10:00:00
2026-12-01,10:00am,USD,Construction Spending m/m,Non-economic,,,,2026-12-01 10:00:00
2026-12-01,Tentative,USD,RCM/TIPP Economic Optimism,Non-economic,,,,2026-12-01 00:00:00
2026-12-01,All Day,USD,Wards Total Vehicle Sales,Non-economic,,,,2026-12-01 00:00:00
2026-12-01,Tentative,NZD,GDT Price Index,Non-economic,,,,2026-12-01 00:00:00
2026-12-01,4:30pm,USD,API Weekly Statistical Bulletin,Non-economic,,,,2026-12-01 16:30:00
2026-12-01,6:50pm,JPY,Monetary Base y/y,Non-economic,,,,2026-12-01 18:50:00
2026-12-01,7:00pm,NZD,ANZ Commodity Prices m/m,Non-economic,,,,2026-12-01 19:00:00
2026-12-01,7:30pm,AUD,GDP q/q,High,,,,2026-12-01 19:30:00
2026-12-01,7:30pm,AUD,Household Spending m/m,Non-economic,,,,2026-12-01 19:30:00
2026-12-02,12:00am,JPY,Consumer Confidence,Non-economic,,,,2026-12-02 00:00:00
2026-12-02,2:45am,EUR,French Gov Budget Balance,Non-economic,,,,2026-12-02 02:45:00
2026-12-02,5:00am,EUR,Unemployment Rate,Non-economic,,,,2026-12-02 05:00:00
2026-12-02,Tentative,EUR,Spanish 10-y Bond Auction,Non-economic,,,,2026-12-02 00:00:00
2026-12-02,All Day,All,OPEC-JMMC Meetings,Medium,,,,2026-12-02 00:00:00
2026-12-02,Tentative,EUR,French 10-y Bond Auction,Non-economic,,,,2026-12-02 00:00:00
2026-12-02,All Day,All,OPEC Meetings,Medium,,,,2026-12-02 00:00:00
2026-12-02,8:15am,USD,ADP Non-Farm Employment Change,High,,,,2026-12-02 08:15:00
2026-12-02,10:30am,USD,Crude Oil Inventories,Non-economic,,,,2026-12-02 10:30:00
2026-12-02,4:45pm,NZD,Overseas Trade Index q/q,Non-economic,,,,2026-12-02 16:45:00
2026-12-02,7:30pm,AUD,Goods Trade Balance,Non-economic,,,,2026-12-02 19:30:00
2026-12-02,8:45pm,CNY,RatingDog Services PMI,Non-economic,,,,2026-12-02 20:45:00
2026-12-02,10:35pm,JPY,30-y Bond Auction,Non-economic,,,,2026-12-02 22:35:00
2026-12-03,2:30am,CHF,CPI m/m,Medium,,,,2026-12-03 02:30:00
2026-12-03,3:00am,EUR,Spanish Unemployment Change,Non-economic,,,,2026-12-03 03:00:00
2026-12-03,3:45am,EUR,Italian Services PMI,Non-economic,,,,2026-12-03 03:45:00
2026-12-03,3:50am,EUR,French Final Services PMI,Non-economic,,,,2026-12-03 03:50:00
2026-12-03,3:55am,EUR,German Final Services PMI,Non-economic,,,,2026-12-03 03:55:00
2026-12-03,4:00am,EUR,Final Services PMI,Non-economic,,,,2026-12-03 04:00:00
2026-12-03,4:30am,GBP,Final Services PMI,Non-economic,,,,2026-12-03 04:30:00
2026-12-03,5:00am,EUR,PPI m/m,Non-economic,,,,2026-12-03 05:00:00
2026-12-03,Tentative,EUR,German 10-y Bond Auction,Non-economic,,,,2026-12-03 00:00:00
2026-12-03,7:30am,USD,Challenger Job Cuts y/y,Non-economic,,,,2026-12-03 07:30:00
2026-12-03,8:30am,CAD,Labor Productivity q/q,Non-economic,,,,2026-12-03 08:30:00
2026-12-03,8:30am,USD,Unemployment Claims,Medium,,,,2026-12-03 08:30:00
2026-12-03,Tentative,GBP,Monetary Policy Report Hearings,Medium,,,,2026-12-03 00:00:00
2026-12-03,9:45am,USD,Final Services PMI,Non-economic,,,,2026-12-03 09:45:00
2026-12-03,10:00am,USD,ISM Services PMI,High,,,,2026-12-03 10:00:00
2026-12-03,10:00am,USD,Factory Orders m/m,Non-economic,,,,2026-12-03 10:00:00
2026-12-03,10:30am,USD,Natural Gas Storage,Non-economic,,,,2026-12-03 10:30:00
2026-12-03,6:30pm,JPY,Household Spending y/y,Non-economic,,,,2026-12-03 18:30:00
2026-12-04,12:00am,JPY,Leading Indicators,Non-economic,,,,2026-12-04 00:00:00
2026-12-04,4:00am,EUR,Italian Retail Sales m/m,Non-economic,,,,2026-12-04 04:00:00
2026-12-04,4:30am,GBP,Construction PMI,Non-economic,,,,2026-12-04 04:30:00
2026-12-04,5:00am,EUR,Retail Sales m/m,Non-economic,,,,2026-12-04 05:00:00
2026-12-04,8:30am,CAD,Employment Change,High,,,,2026-12-04 08:30:00
2026-12-04,8:30am,CAD,Unemployment Rate,High,,,,2026-12-04 08:30:00
2026-12-04,8:30am,USD,Average Hourly Earnings m/m,High,,,,2026-12-04 08:30:00
2026-12-04,8:30am,USD,Non-Farm Employment Change,High,,,,2026-12-04 08:30:00
2026-12-04,8:30am,USD,Unemployment Rate,High,,,,2026-12-04 08:30:00
2026-12-04,10:00am,CAD,Ivey PMI,Medium,,,,2026-12-04 10:00:00
2026-12-04,10:00am,USD,Prelim UoM Consumer Sentiment,Medium,,,,2026-12-04 10:00:00
2026-12-04,10:00am,USD,Prelim UoM Inflation Expectations,Medium,,,,2026-12-04 10:00:00
2026-12-06,7:30pm,AUD,ANZ Job Advertisements m/m,Non-economic,,,,2026-12-06 19:30:00
2026-12-07,2:00am,EUR,German Factory Orders m/m,Non-economic,,,,2026-12-07 02:00:00
2026-12-07,2:00am,GBP,Halifax HPI m/m,Non-economic,,,,2026-12-07 02:00:00
2026-12-07,3:00am,CHF,Foreign Currency Reserves,Non-economic,,,,2026-12-07 03:00:00
2026-12-07,4:30am,EUR,Sentix Investor Confidence,Non-economic,,,,2026-12-07 04:30:00
2026-12-07,5:00am,EUR,Final Employment Change q/q,Non-economic,,,,2026-12-07 05:00:00
2026-12-07,5:00am,EUR,Revised GDP q/q,Non-economic,,,,2026-12-07 05:00:00
2026-12-07,All Day,EUR,Eurogroup Meetings,Non-economic,,,,2026-12-07 00:00:00
2026-12-07,10:00am,USD,Consumer Credit m/m,Non-economic,,,,2026-12-07 10:00:00
2026-12-07,4:45pm,NZD,Manufacturing Sales q/q,Non-economic,,,,2026-12-07 16:45:00
2026-12-07,6:30pm,AUD,Westpac Consumer Sentiment,Non-economic,,,,2026-12-07 18:30:00
2026-12-07,6:30pm,JPY,Average Cash Earnings y/y,Non-economic,,,,2026-12-07 18:30:00
2026-12-07,6:50pm,JPY,Bank Lending y/y,Non-economic,,,,2026-12-07 18:50:00
2026-12-07,6:50pm,JPY,Current Account,Non-economic,,,,2026-12-07 18:50:00
2026-12-07,6:50pm,JPY,Final GDP Price Index y/y,Non-economic,,,,2026-12-07 18:50:00
2026-12-07,6:50pm,JPY,Final GDP q/q,Non-economic,,,,2026-12-07 18:50:00
2026-12-07,7:01pm,GBP,BRC Retail Sales Monitor y/y,Non-economic,,,,2026-12-07 19:01:00
2026-12-07,7:30pm,AUD,NAB Business Confidence,Non-economic,,,,2026-12-07 19:30:00
2026-12-07,10:30pm,AUD,Cash Rate,High,,,,2026-12-07 22:30:00
2026-12-07,10:30pm,AUD,RBA Rate Statement,High,,,,2026-12-07 22:30:00
2026-12-07,11:30pm,AUD,RBA Press Conference,High,,,,2026-12-07 23:30:00
2026-12-08,12:00am,JPY,Economy Watchers Sentiment,Non-economic,,,,2026-12-08 00:00:00
2026-12-08,2:00am,EUR,German Industrial Production m/m,Non-economic,,,,2026-12-08 02:00:00
2026-12-08,All Day,EUR,Italian Bank Holiday,Low,,,,2026-12-08 00:00:00
2026-12-08,2:45am,EUR,French Trade Balance,Non-economic,,,,2026-12-08 02:45:00
2026-12-08,All Day,EUR,ECOFIN Meetings,Non-economic,,,,2026-12-08 00:00:00
2026-12-08,6:00am,USD,NFIB Small Business Index,Non-economic,,,,2026-12-08 06:00:00
2026-12-08,8:15am,USD,ADP Weekly Employment Change,Non-economic,,,,2026-12-08 08:15:00
2026-12-08,8:30am,CAD,Trade Balance,Non-economic,,,,2026-12-08 08:30:00
2026-12-08,8:30am,USD,Revised Nonfarm Productivity q/q,Non-economic,,,,2026-12-08 08:30:00
2026-12-08,8:30am,USD,Revised Unit Labor Costs q/q,Non-economic,,,,2026-12-08 08:30:00
2026-12-08,8:30am,USD,Trade Balance,Non-economic,,,,2026-12-08 08:30:00
2026-12-08,4:30pm,USD,API Weekly Statistical Bulletin,Non-economic,,,,2026-12-08 16:30:00
2026-12-08,6:50pm,JPY,M2 Money Stock y/y,Non-economic,,,,2026-12-08 18:50:00
2026-12-08,Tentative,AUD,Mid-Year Economic and Fiscal Outlook,Non-economic,,,,2026-12-08 00:00:00
2026-12-08,8:00pm,NZD,Official Cash Rate,High,,,,2026-12-08 20:00:00
2026-12-08,8:00pm,NZD,RBNZ Monetary Policy Statement,High,,,,2026-12-08 20:00:00
2026-12-08,8:00pm,NZD,RBNZ Rate Statement,High,,,,2026-12-08 20:00:00
2026-12-08,8:30pm,CNY,CPI y/y,Medium,,,,2026-12-08 20:30:00
2026-12-08,8:30pm,CNY,PPI y/y,Medium,,,,2026-12-08 20:30:00
2026-12-08,9:00pm,NZD,RBNZ Press Conference,High,,,,2026-12-08 21:00:00
2026-12-08,Tentative,CNY,Trade Balance,Non-economic,,,,2026-12-08 00:00:00
2026-12-08,Tentative,CNY,USD-Denominated Trade Balance,Non-economic,,,,2026-12-08 00:00:00
2026-12-09,1:00am,JPY,Prelim Machine Tool Orders y/y,Non-economic,,,,2026-12-09 01:00:00
2026-12-09,2:00am,EUR,German Trade Balance,Non-economic,,,,2026-12-09 02:00:00
2026-12-09,Tentative,EUR,German 30-y Bond Auction,Non-economic,,,,2026-12-09 00:00:00
2026-12-09,9:45am,CAD,BOC Rate Statement,High,,,,2026-12-09 09:45:00
2026-12-09,9:45am,CAD,Overnight Rate,High,,,,2026-12-09 09:45:00
2026-12-09,10:00am,USD,Existing Home Sales,Non-economic,,,,2026-12-09 10:00:00
2026-12-09,10:00am,USD,Final Wholesale Inventories m/m,Non-economic,,,,2026-12-09 10:00:00
2026-12-09,10:30am,CAD,BOC Press Conference,High,,,,2026-12-09 10:30:00
2026-12-09,10:30am,USD,Crude Oil Inventories,Non-economic,,,,2026-12-09 10:30:00
2026-12-09,1:01pm,USD,10-y Bond Auction,Non-economic,,,,2026-12-09 13:01:00
2026-12-09,2:00pm,USD,Federal Funds Rate,High,,,,2026-12-09 14:00:00
2026-12-09,2:00pm,USD,FOMC Economic Projections,High,,,,2026-12-09 14:00:00
2026-12-09,2:00pm,USD,FOMC Statement,High,,,,2026-12-09 14:00:00
2026-12-09,2:30pm,USD,FOMC Press Conference,High,,,,2026-12-09 14:30:00
2026-12-09,6:50pm,JPY,BSI Manufacturing Index,Non-economic,,,,2026-12-09 18:50:00
2026-12-09,6:50pm,JPY,PPI y/y,Non-economic,,,,2026-12-09 18:50:00
2026-12-09,7:00pm,AUD,MI Inflation Expectations,Non-economic,,,,2026-12-09 19:00:00
2026-12-09,7:01pm,GBP,RICS House Price Balance,Non-economic,,,,2026-12-09 19:01:00
2026-12-10,2:00am,EUR,German Final CPI m/m,Non-economic,,,,2026-12-10 02:00:00
2026-12-10,3:00am,CHF,SECO Consumer Climate,Non-economic,,,,2026-12-10 03:00:00
2026-12-10,3:30am,CHF,SNB Monetary Policy Assessment,High,,,,2026-12-10 03:30:00
2026-12-10,3:30am,CHF,SNB Policy Rate,High,,,,2026-12-10 03:30:00
2026-12-10,4:00am,CHF,SNB Press Conference,High,,,,2026-12-10 04:00:00
2026-12-10,4:00am,EUR,Italian Industrial Production m/m,Non-economic,,,,2026-12-10 04:00:00
2026-12-10,Tentative,CNY,M2 Money Supply y/y,Non-economic,,,,2026-12-10 00:00:00
2026-12-10,Tentative,CNY,New Loans,Non-economic,,,,2026-12-10 00:00:00
2026-12-10,4:30am,GBP,Consumer Inflation Expectations,Non-economic,,,,2026-12-10 04:30:00
2026-12-10,Tentative,GBP,10-y Bond Auction,Non-economic,,,,2026-12-10 00:00:00
2026-12-10,8:30am,USD,Core CPI m/m,High,,,,2026-12-10 08:30:00
2026-12-10,8:30am,USD,CPI m/m,High,,,,2026-12-10 08:30:00
2026-12-10,8:30am,USD,CPI y/y,High,,,,2026-12-10 08:30:00
2026-12-10,8:30am,USD,Unemployment Claims,Medium,,,,2026-12-10 08:30:00
2026-12-10,10:30am,USD,Natural Gas Storage,Non-economic,,,,2026-12-10 10:30:00
2026-12-10,1:01pm,USD,30-y Bond Auction,Non-economic,,,,2026-12-10 13:01:00
2026-12-10,2:00pm,USD,Federal Budget Balance,Non-economic,,,,2026-12-10 14:00:00
2026-12-10,4:30pm,NZD,BusinessNZ Manufacturing Index,Non-economic,,,,2026-12-10 16:30:00
2026-12-10,8:30pm,CNY,New Home Prices m/m,Non-economic,,,,2026-12-10 20:30:00
2026-12-11,2:00am,EUR,German WPI m/m,Non-economic,,,,2026-12-11 02:00:00
2026-12-11,2:00am,GBP,GDP m/m,High,,,,2026-12-11 02:00:00
2026-12-11,2:00am,GBP,Construction Output m/m,Non-economic,,,,2026-12-11 02:00:00
2026-12-11,2:00am,GBP,Goods Trade Balance,Non-economic,,,,2026-12-11 02:00:00
2026-12-11,2:00am,GBP,Index of Services 3m/3m,Non-economic,,,,2026-12-11 02:00:00
2026-12-11,2:00am,GBP,Industrial Production m/m,Non-economic,,,,2026-12-11 02:00:00
2026-12-11,2:00am,GBP,Manufacturing Production m/m,Non-economic,,,,2026-12-11 02:00:00
2026-12-11,2:45am,EUR,French Industrial Production m/m,Non-economic,,,,2026-12-11 02:45:00
2026-12-11,3:00am,CHF,Unemployment Rate,Non-economic,,,,2026-12-11 03:00:00
2026-12-11,4:00am,EUR,Italian Quarterly Unemployment Rate,Non-economic,,,,2026-12-11 04:00:00
2026-12-11,4:00am,EUR,Italian Trade Balance,Non-economic,,,,2026-12-11 04:00:00
2026-12-11,8:30am,CAD,Building Permits m/m,Non-economic,,,,2026-12-11 08:30:00
2026-12-11,8:30am,CAD,Capacity Utilization Rate,Non-economic,,,,2026-12-11 08:30:00
2026-12-11,10:30am,AUD,CB Leading Index m/m,Non-economic,,,,2026-12-11 10:30:00
2026-12-13,4:30pm,NZD,BusinessNZ Services Index,Non-economic,,,,2026-12-13 16:30:00
2026-12-13,4:45pm,NZD,Visitor Arrivals m/m,Non-economic,,,,2026-12-13 16:45:00
2026-12-13,7:01pm,GBP,Rightmove HPI m/m,Non-economic,,,,2026-12-13 19:01:00
2026-12-13,11:30pm,JPY,Tertiary Industry Activity m/m,Non-economic,,,,2026-12-13 23:30:00
2026-12-14,Tentative,CNY,Foreign Direct Investment ytd/y,Non-economic,,,,2026-12-14 00:00:00
2026-12-14,2:45am,EUR,French Final CPI m/m,Non-economic,,,,2026-12-14 02:45:00
2026-12-14,6:00am,EUR,German Buba Monthly Report,Non-economic,,,,2026-12-14 06:00:00
2026-12-14,Tentative,GBP,30-y Bond Auction,Non-economic,,,,2026-12-14 00:00:00
2026-12-14,8:30am,CAD,CPI m/m,High,,,,2026-12-14 08:30:00
2026-12-14,8:30am,CAD,Median CPI y/y,High,,,,2026-12-14 08:30:00
2026-12-14,8:30am,CAD,Trimmed CPI y/y,High,,,,2026-12-14 08:30:00
2026-12-14,8:30am,CAD,Common CPI y/y,Medium,,,,2026-12-14 08:30:00
2026-12-14,8:30am,CAD,Core CPI m/m,Non-economic,,,,2026-12-14 08:30:00
2026-12-14,8:30am,CAD,Manufacturing Sales m/m,Non-economic,,,,2026-12-14 08:30:00
2026-12-14,9:30am,GBP,CB Leading Index m/m,Non-economic,,,,2026-12-14 09:30:00
2026-12-14,Day 1,All,G20 Meetings,Non-economic,,,,2026-12-14 00:00:00
2026-12-14,2:30pm,CHF,PPI m/m,Non-economic,,,,2026-12-14 14:30:00
2026-12-14,6:50pm,JPY,Tankan Manufacturing Index,Non-economic,,,,2026-12-14 18:50:00
2026-12-14,6:50pm,JPY,Tankan Non-Manufacturing Index,Non-economic,,,,2026-12-14 18:50:00
2026-12-15,2:00am,GBP,Claimant Count Change,High,,,,2026-12-15 02:00:00
2026-12-15,2:00am,GBP,Average Earnings Index 3m/y,Medium,,,,2026-12-15 02:00:00
2026-12-15,2:00am,GBP,Retail Sales m/m,Medium,,,,2026-12-15 02:00:00
2026-12-15,2:00am,GBP,Unemployment Rate,Non-economic,,,,2026-12-15 02:00:00
2026-12-15,5:00am,EUR,Final CPI y/y,Non-economic,,,,2026-12-15 05:00:00
2026-12-15,5:00am,EUR,Industrial Production m/m,Non-economic,,,,2026-12-15 05:00:00
2026-12-15,5:00am,EUR,German ZEW Economic Sentiment,Non-economic,,,,2026-12-15 05:00:00
2026-12-15,5:00am,EUR,ZEW Economic Sentiment,Non-economic,,,,2026-12-15 05:00:00
2026-12-15,8:15am,CAD,Housing Starts,Non-economic,,,,2026-12-15 08:15:00
2026-12-15,8:15am,USD,ADP Weekly Employment Change,Non-economic,,,,2026-12-15 08:15:00
2026-12-15,8:30am,CAD,Wholesale Sales m/m,Non-economic,,,,2026-12-15 08:30:00
2026-12-15,8:30am,USD,Core PPI m/m,High,,,,2026-12-15 08:30:00
2026-12-15,8:30am,USD,PPI m/m,High,,,,2026-12-15 08:30:00
2026-12-15,8:30am,USD,Empire State Manufacturing Index,Non-economic,,,,2026-12-15 08:30:00
2026-12-15,10:00am,USD,NAHB Housing Market Index,Non-economic,,,,2026-12-15 10:00:00
2026-12-15,Tentative,NZD,GDT Price Index,Non-economic,,,,2026-12-15 00:00:00
2026-12-15,Day 2,All,G20 Meetings,Non-economic,,,,2026-12-15 00:00:00
2026-12-15,4:00pm,USD,TIC Long-Term Purchases,Non-economic,,,,2026-12-15 16:00:00
2026-12-15,4:30pm,USD,API Weekly Statistical Bulletin,Non-economic,,,,2026-12-15 16:30:00
2026-12-15,4:45pm,NZD,Current Account,Non-economic,,,,2026-12-15 16:45:00
2026-12-15,4:45pm,NZD,FPI m/m,Non-economic,,,,2026-12-15 16:45:00
2026-12-15,5:00pm,AUD,Flash Manufacturing PMI,Non-economic,,,,2026-12-15 17:00:00
2026-12-15,5:00pm,AUD,Flash Services PMI,Non-economic,,,,2026-12-15 17:00:00
2026-12-15,6:30pm,AUD,MI Leading Index m/m,Non-economic,,,,2026-12-15 18:30:00
2026-12-15,6:50pm,JPY,Trade Balance,Non-economic,,,,2026-12-15 18:50:00
2026-12-15,7:30pm,JPY,Flash Manufacturing PMI,Non-economic,,,,2026-12-15 19:30:00
2026-12-16,2:00am,GBP,CPI y/y,High,,,,2026-12-16 02:00:00
2026-12-16,2:00am,GBP,Core CPI y/y,Non-economic,,,,2026-12-16 02:00:00
2026-12-16,2:00am,GBP,PPI Input m/m,Non-economic,,,,2026-12-16 02:00:00
2026-12-16,2:00am,GBP,PPI Output m/m,Non-economic,,,,2026-12-16 02:00:00
2026-12-16,2:00am,GBP,RPI y/y,Non-economic,,,,2026-12-16 02:00:00
2026-12-16,3:00am,CHF,SECO Economic Forecasts,Non-economic,,,,2026-12-16 03:00:00
2026-12-16,3:15am,EUR,French Flash Manufacturing PMI,Medium,,,,2026-12-16 03:15:00
2026-12-16,3:15am,EUR,French Flash Services PMI,Medium,,,,2026-12-16 03:15:00
2026-12-16,3:30am,EUR,German Flash Manufacturing PMI,Medium,,,,2026-12-16 03:30:00
2026-12-16,3:30am,EUR,German Flash Services PMI,Medium,,,,2026-12-16 03:30:00
2026-12-16,4:00am,EUR,Flash Manufacturing PMI,Non-economic,,,,2026-12-16 04:00:00
2026-12-16,4:00am,EUR,Flash Services PMI,Non-economic,,,,2026-12-16 04:00:00
2026-12-16,4:00am,EUR,German ifo Business Climate,Non-economic,,,,2026-12-16 04:00:00
2026-12-16,4:30am,GBP,Flash Manufacturing PMI,High,,,,2026-12-16 04:30:00
2026-12-16,4:30am,GBP,Flash Services PMI,High,,,,2026-12-16 04:30:00
2026-12-16,4:30am,GBP,HPI y/y,Non-economic,,,,2026-12-16 04:30:00
2026-12-16,5:00am,EUR,Trade Balance,Non-economic,,,,2026-12-16 05:00:00
2026-12-16,6:00am,GBP,CBI Industrial Order Expectations,Non-economic,,,,2026-12-16 06:00:00
2026-12-16,8:30am,USD,Core Retail Sales m/m,High,,,,2026-12-16 08:30:00
2026-12-16,8:30am,USD,Retail Sales m/m,High,,,,2026-12-16 08:30:00
2026-12-16,9:00am,CHF,SNB Quarterly Bulletin,Non-economic,,,,2026-12-16 09:00:00
2026-12-16,9:15am,USD,Capacity Utilization Rate,Non-economic,,,,2026-12-16 09:15:00
2026-12-16,9:15am,USD,Industrial Production m/m,Non-economic,,,,2026-12-16 09:15:00
2026-12-16,9:45am,USD,Flash Manufacturing PMI,High,,,,2026-12-16 09:45:00
2026-12-16,9:45am,USD,Flash Services PMI,High,,,,2026-12-16 09:45:00
2026-12-16,10:00am,USD,Business Inventories m/m,Non-economic,,,,2026-12-16 10:00:00
2026-12-16,10:30am,USD,Crude Oil Inventories,Non-economic,,,,2026-12-16 10:30:00
2026-12-16,3:00pm,NZD,Westpac Consumer Sentiment,Non-economic,,,,2026-12-16 15:00:00
2026-12-16,4:45pm,NZD,GDP q/q,High,,,,2026-12-16 16:45:00
2026-12-16,6:50pm,JPY,Core Machinery Orders m/m,Non-economic,,,,2026-12-16 18:50:00
2026-12-16,7:30pm,AUD,Employment Change,High,,,,2026-12-16 19:30:00
2026-12-16,7:30pm,AUD,Unemployment Rate,High,,,,2026-12-16 19:30:00
2026-12-16,9:00pm,CNY,Fixed Asset Investment ytd/y,Non-economic,,,,2026-12-16 21:00:00
2026-12-16,9:00pm,CNY,Industrial Production y/y,Non-economic,,,,2026-12-16 21:00:00
2026-12-16,9:00pm,CNY,NBS Press Conference,Non-economic,,,,2026-12-16 21:00:00
2026-12-16,9:00pm,CNY,Retail Sales y/y,Non-economic,,,,2026-12-16 21:00:00
2026-12-16,9:00pm,CNY,Unemployment Rate,Non-economic,,,,2026-12-16 21:00:00
2026-12-17,2:00am,EUR,German GfK Consumer Climate,Non-economic,,,,2026-12-17 02:00:00
2026-12-17,5:00am,EUR,Final Core CPI y/y,Non-economic,,,,2026-12-17 05:00:00
2026-12-17,6:00am,GBP,CBI Realized Sales,Non-economic,,,,2026-12-17 06:00:00
2026-12-17,7:00am,GBP,Monetary Policy Summary,High,,,,2026-12-17 07:00:00
2026-12-17,7:00am,GBP,MPC Official Bank Rate Votes,High,,,,2026-12-17 07:00:00
2026-12-17,7:00am,GBP,Official Bank Rate,High,,,,2026-12-17 07:00:00
2026-12-17,8:15am,EUR,Main Refinancing Rate,High,,,,2026-12-17 08:15:00
2026-12-17,8:15am,EUR,Monetary Policy Statement,High,,,,2026-12-17 08:15:00
2026-12-17,8:30am,CAD,Foreign Securities Purchases,Non-economic,,,,2026-12-17 08:30:00
2026-12-17,8:30am,CAD,IPPI m/m,Non-economic,,,,2026-12-17 08:30:00
2026-12-17,8:30am,CAD,NHPI m/m,Non-economic,,,,2026-12-17 08:30:00
2026-12-17,8:30am,CAD,RMPI m/m,Non-economic,,,,2026-12-17 08:30:00
2026-12-17,8:30am,USD,Philly Fed Manufacturing Index,Medium,,,,2026-12-17 08:30:00
2026-12-17,8:30am,USD,Unemployment Claims,Medium,,,,2026-12-17 08:30:00
2026-12-17,8:30am,USD,Building Permits,Non-economic,,,,2026-12-17 08:30:00
2026-12-17,8:30am,USD,Housing Starts,Non-economic,,,,2026-12-17 08:30:00
2026-12-17,8:30am,USD,Import Prices m/m,Non-economic,,,,2026-12-17 08:30:00
2026-12-17,8:45am,EUR,ECB Press Conference,High,,,,2026-12-17 08:45:00
2026-12-17,10:00am,USD,Pending Home Sales m/m,Medium,,,,2026-12-17 10:00:00
2026-12-17,10:30am,USD,Natural Gas Storage,Non-economic,,,,2026-12-17 10:30:00
2026-12-17,6:30pm,JPY,National Core CPI y/y,Non-economic,,,,2026-12-17 18:30:00
2026-12-17,7:00pm,NZD,ANZ Business Confidence,Non-economic,,,,2026-12-17 19:00:00
2026-12-17,7:01pm,GBP,GfK Consumer Confidence,Non-economic,,,,2026-12-17 19:01:00
2026-12-17,8:00pm,CNY,1-y Loan Prime Rate,Non-economic,,,,2026-12-17 20:00:00
2026-12-17,8:00pm,CNY,5-y Loan Prime Rate,Non-economic,,,,2026-12-17 20:00:00
2026-12-17,Tentative,JPY,BOJ Policy Rate,High,,,,2026-12-17 00:00:00
2026-12-17,Tentative,JPY,Monetary Policy Statement,High,,,,2026-12-17 00:00:00
2026-12-18,Tentative,JPY,BOJ Press Conference,High,,,,2026-12-18 00:00:00
2026-12-18,2:00am,EUR,German PPI m/m,Non-economic,,,,2026-12-18 02:00:00
2026-12-18,4:00am,EUR,Current Account,Non-economic,,,,2026-12-18 04:00:00
2026-12-18,8:30am,CAD,Core Retail Sales m/m,Medium,,,,2026-12-18 08:30:00
2026-12-18,8:30am,CAD,Retail Sales m/m,Medium,,,,2026-12-18 08:30:00
2026-12-18,8:30am,USD,Current Account,Non-economic,,,,2026-12-18 08:30:00
2026-12-18,9:00am,EUR,Belgian NBB Business Climate,Non-economic,,,,2026-12-18 09:00:00
2026-12-18,10:00am,EUR,Consumer Confidence,Non-economic,,,,2026-12-18 10:00:00
2026-12-18,10:00am,USD,Revised UoM Consumer Sentiment,Medium,,,,2026-12-18 10:00:00
2026-12-18,10:00am,USD,CB Leading Index m/m,Non-economic,,,,2026-12-18 10:00:00
2026-12-18,10:00am,USD,Revised UoM Inflation Expectations,Non-economic,,,,2026-12-18 10:00:00
2026-12-20,4:45pm,NZD,Trade Balance,Non-economic,,,,2026-12-20 16:45:00
2026-12-20,9:00pm,NZD,Credit Card Spending y/y,Non-economic,,,,2026-12-20 21:00:00
2026-12-20,11:30pm,JPY,Revised Industrial Production m/m,Non-economic,,,,2026-12-20 23:30:00
2026-12-21,2:00am,GBP,CPI y/y,High,,,,2026-12-21 02:00:00
2026-12-21,2:00am,GBP,Core CPI y/y,Non-economic,,,,2026-12-21 02:00:00
2026-12-21,2:00am,GBP,PPI Input m/m,Non-economic,,,,2026-12-21 02:00:00
2026-12-21,2:00am,GBP,PPI Output m/m,Non-economic,,,,2026-12-21 02:00:00
2026-12-21,2:00am,GBP,RPI y/y,Non-economic,,,,2026-12-21 02:00:00
2026-12-21,3:55am,EUR,German Unemployment Change,Non-economic,,,,2026-12-21 03:55:00
2026-12-21,4:30am,GBP,HPI y/y,Non-economic,,,,2026-12-21 04:30:00
2026-12-21,5:00am,EUR,Italian Prelim CPI m/m,Non-economic,,,,2026-12-21 05:00:00
2026-12-21,7:30pm,AUD,Monetary Policy Meeting Minutes,Non-economic,,,,2026-12-21 19:30:00
2026-12-22,2:00am,GBP,Current Account,Non-economic,,,,2026-12-22 02:00:00
2026-12-22,2:00am,GBP,Final GDP q/q,Non-economic,,,,2026-12-22 02:00:00
2026-12-22,2:00am,GBP,Public Sector Net Borrowing,Non-economic,,,,2026-12-22 02:00:00
2026-12-22,2:00am,GBP,Revised Business Investment q/q,Non-economic,,,,2026-12-22 02:00:00
2026-12-22,8:15am,USD,ADP Weekly Employment Change,Non-economic,,,,2026-12-22 08:15:00
2026-12-22,9:00am,CNY,CB Leading Index m/m,Non-economic,,,,2026-12-22 09:00:00
2026-12-22,10:00am,USD,CB Consumer Confidence,Medium,,,,2026-12-22 10:00:00
2026-12-22,10:00am,USD,Richmond Manufacturing Index,Non-economic,,,,2026-12-22 10:00:00
2026-12-22,4:30pm,USD,API Weekly Statistical Bulletin,Non-economic,,,,2026-12-22 16:30:00
2026-12-22,6:50pm,JPY,Monetary Policy Meeting Minutes,Non-economic,,,,2026-12-22 18:50:00
2026-12-23,3:00am,EUR,Spanish Flash CPI y/y,Non-economic,,,,2026-12-23 03:00:00
2026-12-23,8:30am,CAD,GDP m/m,High,,,,2026-12-23 08:30:00
2026-12-23,8:30am,USD,Core PCE Price Index m/m,High,,,,2026-12-23 08:30:00
2026-12-23,8:30am,USD,Final GDP q/q,High,,,,2026-12-23 08:30:00
2026-12-23,8:30am,USD,Final GDP Price Index q/q,Medium,,,,2026-12-23 08:30:00
2026-12-23,8:30am,USD,Core Durable Goods Orders m/m,Non-economic,,,,2026-12-23 08:30:00
2026-12-23,8:30am,USD,Durable Goods Orders m/m,Non-economic,,,,2026-12-23 08:30:00
2026-12-23,8:30am,USD,Personal Income m/m,Non-economic,,,,2026-12-23 08:30:00
2026-12-23,8:30am,USD,Personal Spending m/m,Non-economic,,,,2026-12-23 08:30:00
2026-12-23,10:00am,USD,New Home Sales,Medium,,,,2026-12-23 10:00:00
2026-12-23,10:30am,USD,Crude Oil Inventories,Non-economic,,,,2026-12-23 10:30:00
2026-12-23,1:30pm,CAD,BOC Summary of Deliberations,Non-economic,,,,2026-12-23 13:30:00
2026-12-24,All Day,EUR,German Bank Holiday,Low,,,,2026-12-24 00:00:00
2026-12-24,8:30am,USD,Unemployment Claims,Medium,,,,2026-12-24 08:30:00
2026-12-24,10:30am,USD,Natural Gas Storage,Non-economic,,,,2026-12-24 10:30:00
2026-12-24,All Day,NZD,Bank Holiday,Low,,,,2026-12-24 00:00:00
2026-12-24,All Day,AUD,Bank Holiday,Low,,,,2026-12-24 00:00:00
2026-12-24,6:30pm,JPY,Tokyo Core CPI y/y,Medium,,,,2026-12-24 18:30:00
2026-12-24,6:30pm,JPY,Unemployment Rate,Non-economic,,,,2026-12-24 18:30:00
2026-12-25,All Day,CHF,Bank Holiday,Low,,,,2026-12-25 00:00:00
2026-12-25,All Day,EUR,French Bank Holiday,Low,,,,2026-12-25 00:00:00
2026-12-25,All Day,EUR,German Bank Holiday,Low,,,,2026-12-25 00:00:00
2026-12-25,All Day,EUR,Italian Bank Holiday,Low,,,,2026-12-25 00:00:00
2026-12-25,All Day,GBP,Bank Holiday,Low,,,,2026-12-25 00:00:00
2026-12-25,All Day,CAD,Bank Holiday,Low,,,,2026-12-25 00:00:00
2026-12-25,All Day,USD,Bank Holiday,Low,,,,2026-12-25 00:00:00
2026-12-27,All Day,NZD,Bank Holiday,Low,,,,2026-12-27 00:00:00
2026-12-27,All Day,AUD,Bank Holiday,Low,,,,2026-12-27 00:00:00
2026-12-27,6:50pm,JPY,BOJ Summary of Opinions,Non-economic,,,,2026-12-27 18:50:00
2026-12-28,2:29am,EUR,German Prelim CPI m/m,Medium,,,,2026-12-28 02:29:00
2026-12-28,2:45am,EUR,French Consumer Spending m/m,Non-economic,,,,2026-12-28 02:45:00
2026-12-28,All Day,GBP,Bank Holiday,Low,,,,2026-12-28 00:00:00
2026-12-28,4:00am,CHF,UBS Economic Expectations,Non-economic,,,,2026-12-28 04:00:00
2026-12-28,All Day,CAD,Bank Holiday,Low,,,,2026-12-28 00:00:00
2026-12-28,8:30am,USD,Goods Trade Balance,Non-economic,,,,2026-12-28 08:30:00
2026-12-28,8:30am,USD,Prelim Wholesale Inventories m/m,Non-economic,,,,2026-12-28 08:30:00
2026-12-29,12:00am,JPY,BOJ Core CPI y/y,Non-economic,,,,2026-12-29 00:00:00
2026-12-29,12:00am,JPY,Housing Starts y/y,Non-economic,,,,2026-12-29 00:00:00
2026-12-29,2:00am,EUR,German Import Prices m/m,Non-economic,,,,2026-12-29 02:00:00
2026-12-29,2:00am,EUR,German Retail Sales m/m,Non-economic,,,,2026-12-29 02:00:00
2026-12-29,2:45am,EUR,French Prelim CPI m/m,Non-economic,,,,2026-12-29 02:45:00
2026-12-29,3:00am,CHF,KOF Economic Barometer,Non-economic,,,,2026-12-29 03:00:00
2026-12-29,4:00am,EUR,Italian Monthly Unemployment Rate,Non-economic,,,,2026-12-29 04:00:00
2026-12-29,8:15am,USD,ADP Weekly Employment Change,Non-economic,,,,2026-12-29 08:15:00
2026-12-29,9:00am,USD,HPI m/m,Non-economic,,,,2026-12-29 09:00:00
2026-12-29,9:00am,USD,S&P/CS Composite-20 HPI y/y,Non-economic,,,,2026-12-29 09:00:00
2026-12-29,4:30pm,USD,API Weekly Statistical Bulletin,Non-economic,,,,2026-12-29 16:30:00
2026-12-29,6:50pm,JPY,Prelim Industrial Production m/m,Non-economic,,,,2026-12-29 18:50:00
2026-12-29,6:50pm,JPY,Retail Sales y/y,Non-economic,,,,2026-12-29 18:50:00
2026-12-29,6:50pm,JPY,SPPI y/y,Non-economic,,,,2026-12-29 18:50:00
2026-12-29,7:01pm,GBP,BRC Shop Price Index y/y,Non-economic,,,,2026-12-29 19:01:00
2026-12-30,2:00am,GBP,Nationwide HPI m/m,Non-economic,,,,2026-12-30 02:00:00
2026-12-30,2:30am,CHF,Retail Sales y/y,Non-economic,,,,2026-12-30 02:30:00
2026-12-30,Tentative,EUR,Italian 10-y Bond Auction,Non-economic,,,,2026-12-30 00:00:00
2026-12-30,9:45am,USD,Chicago PMI,Non-economic,,,,2026-12-30 09:45:00
2026-12-30,10:30am,USD,Crude Oil Inventories,Non-economic,,,,2026-12-30 10:30:00
2026-12-30,2:00pm,USD,FOMC Meeting Minutes,High,,,,2026-12-30 14:00:00
2026-12-30,All Day,JPY,Bank Holiday,Low,,,,2026-12-30 00:00:00
2026-12-30,7:30pm,AUD,Private Sector Credit m/m,Non-economic,,,,2026-12-30 19:30:00
2026-12-30,8:30pm,CNY,Manufacturing PMI,Non-economic,,,,2026-12-30 20:30:00
2026-12-30,8:30pm,CNY,Non-Manufacturing PMI,Non-economic,,,,2026-12-30 20:30:00
2026-12-31,All Day,EUR,German Bank Holiday,Low,,,,2026-12-31 00:00:00
2026-12-31,8:30am,USD,Unemployment Claims,Medium,,,,2026-12-31 08:30:00
2026-12-31,10:30am,USD,Natural Gas Storage,Non-economic,,,,2026-12-31 10:30:00
