Date,Time,Currency,Event,Impact,Actual,Forecast,Previous,Combined DateTime
2024-01-01,All Day,CHF,Bank Holiday,Low,,,,2024-01-01 00:00:00
2024-01-01,All Day,EUR,French Bank Holiday,Low,,,,2024-01-01 00:00:00
2024-01-01,All Day,EUR,German Bank Holiday,Low,,,,2024-01-01 00:00:00
2024-01-01,All Day,EUR,Italian Bank Holiday,Low,,,,2024-01-01 00:00:00
2024-01-01,All Day,GBP,Bank Holiday,Low,,,,2024-01-01 00:00:00
2024-01-01,All Day,CAD,Bank Holiday,Low,,,,2024-01-01 00:00:00
2024-01-01,All Day,USD,Bank Holiday,Low,,,,2024-01-01 00:00:00
2024-01-01,All Day,NZD,Bank Holiday,Low,,,,2024-01-01 00:00:00
2024-01-01,All Day,JPY,Bank Holiday,Low,,,,2024-01-01 00:00:00
2024-01-01,7:01pm,GBP,BRC Shop Price Index y/y,Non-economic,4.3%,,4.3%,2024-01-01 19:01:00
2024-01-01,8:45pm,CNY,RatingDog Manufacturing PMI,Medium,50.8,50.4,50.7,2024-01-01 20:45:00
2024-01-02,12:30am,AUD,Commodity Prices y/y,Non-economic,-10.7%,,-12.8%,2024-01-02 00:30:00
2024-01-02,All Day,CHF,Bank Holiday,Low,,,,2024-01-02 00:00:00
2024-01-02,3:15am,EUR,Spanish Manufacturing PMI,Non-economic,46.2,46.3,46.3,2024-01-02 03:15:00
2024-01-02,3:45am,EUR,Italian Manufacturing PMI,Non-economic,45.3,44.3,44.4,2024-01-02 03:45:00
2024-01-02,3:50am,EUR,French Final Manufacturing PMI,Non-economic,42.1,42.0,42.0,2024-01-02 03:50:00
2024-01-02,3:55am,EUR,German Final Manufacturing PMI,Non-economic,43.3,43.1,43.1,2024-01-02 03:55:00
2024-01-02,4:00am,EUR,Final Manufacturing PMI,Non-economic,44.4,44.2,44.2,2024-01-02 04:00:00
2024-01-02,4:00am,EUR,M3 Money Supply y/y,Non-economic,-0.9%,-1.0%,-1.0%,2024-01-02 04:00:00
2024-01-02,4:00am,EUR,Private Loans y/y,Non-economic,0.5%,0.8%,0.6%,2024-01-02 04:00:00
2024-01-02,4:30am,GBP,Final Manufacturing PMI,Non-economic,46.2,46.4,46.4,2024-01-02 04:30:00
2024-01-02,9:30am,CAD,Manufacturing PMI,Non-economic,45.4,,47.7,2024-01-02 09:30:00
2024-01-02,9:45am,USD,Final Manufacturing PMI,Non-economic,47.9,48.4,48.2,2024-01-02 09:45:00
2024-01-02,9:51am,NZD,GDT Price Index,Non-economic,1.2%,,2.3%,2024-01-02 09:51:00
2024-01-02,10:00am,USD,Construction Spending m/m,Non-economic,0.4%,0.6%,1.2%,2024-01-02 10:00:00
2024-01-02,All Day,JPY,Bank Holiday,Low,,,,2024-01-02 00:00:00
2024-01-03,3:00am,EUR,Spanish Unemployment Change,Non-economic,-27.4K,-15.7K,-24.6K,2024-01-03 03:00:00
2024-01-03,3:30am,CHF,Manufacturing PMI,Non-economic,43.0,43.0,42.1,2024-01-03 03:30:00
2024-01-03,3:55am,EUR,German Unemployment Change,Non-economic,5K,20K,21K,2024-01-03 03:55:00
2024-01-03,8:30am,USD,FOMC Member Barkin Speaks,Medium,,,,2024-01-03 08:30:00
2024-01-03,10:00am,USD,ISM Manufacturing PMI,High,47.4,47.2,46.7,2024-01-03 10:00:00
2024-01-03,10:00am,USD,JOLTS Job Openings,High,8.79M,8.84M,8.85M,2024-01-03 10:00:00
2024-01-03,10:00am,USD,ISM Manufacturing Prices,Medium,45.2,49.5,49.9,2024-01-03 10:00:00
2024-01-03,All Day,USD,Wards Total Vehicle Sales,Non-economic,15.8M,15.5M,15.3M,2024-01-03 00:00:00
2024-01-03,2:00pm,USD,FOMC Meeting Minutes,High,,,,2024-01-03 14:00:00
2024-01-03,4:30pm,USD,API Weekly Statistical Bulletin,Non-economic,,,,2024-01-03 16:30:00
2024-01-03,7:30pm,JPY,Final Manufacturing PMI,Non-economic,47.9,47.7,47.7,2024-01-03 19:30:00
2024-01-03,8:45pm,CNY,RatingDog Services PMI,Medium,52.9,51.6,51.5,2024-01-03 20:45:00
2024-01-04,All Day,EUR,German Prelim CPI m/m,High,0.1%,0.2%,-0.4%,2024-01-04 00:00:00
2024-01-04,2:45am,EUR,French Prelim CPI m/m,Non-economic,0.1%,0.2%,-0.2%,2024-01-04 02:45:00
2024-01-04,3:15am,EUR,Spanish Services PMI,Non-economic,51.5,51.1,51.0,2024-01-04 03:15:00
2024-01-04,3:45am,EUR,Italian Services PMI,Non-economic,49.8,49.8,49.5,2024-01-04 03:45:00
2024-01-04,3:50am,EUR,French Final Services PMI,Non-economic,45.7,44.3,44.3,2024-01-04 03:50:00
2024-01-04,3:55am,EUR,German Final Services PMI,Non-economic,49.3,48.4,48.4,2024-01-04 03:55:00
2024-01-04,4:00am,EUR,Final Services PMI,Non-economic,48.8,48.1,48.1,2024-01-04 04:00:00
2024-01-04,4:30am,GBP,Final Services PMI,Non-economic,53.4,52.7,52.7,2024-01-04 04:30:00
2024-01-04,4:30am,GBP,M4 Money Supply m/m,Non-economic,-0.1%,0.2%,0.3%,2024-01-04 04:30:00
2024-01-04,4:30am,GBP,Mortgage Approvals,Non-economic,50K,48K,48K,2024-01-04 04:30:00
2024-01-04,4:30am,GBP,Net Lending to Individuals m/m,Non-economic,2.0B,1.6B,1.3B,2024-01-04 04:30:00
2024-01-04,5:01am,EUR,French 10-y Bond Auction,Non-economic,2.59|1.8,,2.75|3.0,2024-01-04 05:01:00
2024-01-04,7:30am,USD,Challenger Job Cuts y/y,Non-economic,-20.2%,,-40.8%,2024-01-04 07:30:00
2024-01-04,8:15am,USD,ADP Non-Farm Employment Change,High,164K,120K,101K,2024-01-04 08:15:00
2024-01-04,8:30am,USD,Unemployment Claims,High,202K,217K,220K,2024-01-04 08:30:00
2024-01-04,9:45am,USD,Final Services PMI,Non-economic,51.4,51.3,51.3,2024-01-04 09:45:00
2024-01-04,10:30am,USD,Natural Gas Storage,Non-economic,-14B,-33B,-87B,2024-01-04 10:30:00
2024-01-04,11:00am,USD,Crude Oil Inventories,Non-economic,-5.5M,-3.2M,-7.1M,2024-01-04 11:00:00
2024-01-04,6:50pm,JPY,Monetary Base y/y,Non-economic,7.8%,9.0%,8.9%,2024-01-04 18:50:00
2024-01-05,12:00am,JPY,Consumer Confidence,Non-economic,37.2,36.4,36.1,2024-01-05 00:00:00
2024-01-05,2:00am,EUR,German Retail Sales m/m,Non-economic,-2.5%,-0.5%,1.3%,2024-01-05 02:00:00
2024-01-05,2:00am,GBP,Halifax HPI m/m,Non-economic,1.1%,0.1%,0.6%,2024-01-05 02:00:00
2024-01-05,4:30am,GBP,Construction PMI,Medium,46.8,46.1,45.5,2024-01-05 04:30:00
2024-01-05,5:00am,EUR,Core CPI Flash Estimate y/y,Medium,3.4%,3.4%,3.6%,2024-01-05 05:00:00
2024-01-05,5:00am,EUR,CPI Flash Estimate y/y,Medium,2.9%,3.0%,2.4%,2024-01-05 05:00:00
2024-01-05,5:00am,EUR,PPI m/m,Non-economic,-0.3%,-0.1%,0.3%,2024-01-05 05:00:00
2024-01-05,5:00am,EUR,Italian Prelim CPI m/m,Non-economic,0.2%,0.2%,-0.5%,2024-01-05 05:00:00
2024-01-05,8:30am,CAD,Employment Change,High,0.1K,12.2K,24.9K,2024-01-05 08:30:00
2024-01-05,8:30am,CAD,Unemployment Rate,High,5.8%,5.9%,5.8%,2024-01-05 08:30:00
2024-01-05,8:30am,USD,Average Hourly Earnings m/m,High,0.4%,0.3%,0.4%,2024-01-05 08:30:00
2024-01-05,8:30am,USD,Non-Farm Employment Change,High,216K,168K,173K,2024-01-05 08:30:00
2024-01-05,8:30am,USD,Unemployment Rate,High,3.7%,3.8%,3.7%,2024-01-05 08:30:00
2024-01-05,10:00am,CAD,Ivey PMI,Medium,56.3,55.0,54.7,2024-01-05 10:00:00
2024-01-05,10:00am,USD,ISM Services PMI,High,50.6,52.5,52.7,2024-01-05 10:00:00
2024-01-05,10:00am,USD,Factory Orders m/m,Non-economic,2.6%,2.0%,-3.4%,2024-01-05 10:00:00
2024-01-05,1:30pm,USD,FOMC Member Barkin Speaks,Medium,,,,2024-01-05 13:30:00
2024-01-07,All Day,JPY,Bank Holiday,Low,,,,2024-01-07 00:00:00
2024-01-08,2:00am,EUR,German Factory Orders m/m,Non-economic,0.3%,1.1%,-3.8%,2024-01-08 02:00:00
2024-01-08,2:00am,EUR,German Trade Balance,Non-economic,20.4B,17.9B,17.7B,2024-01-08 02:00:00
2024-01-08,2:30am,CHF,CPI m/m,High,0.0%,-0.1%,-0.2%,2024-01-08 02:30:00
2024-01-08,2:30am,CHF,Retail Sales y/y,Non-economic,0.7%,0.0%,-0.3%,2024-01-08 02:30:00
2024-01-08,4:30am,EUR,Sentix Investor Confidence,Non-economic,-15.8,-15.5,-16.8,2024-01-08 04:30:00
2024-01-08,5:00am,EUR,Retail Sales m/m,Non-economic,-0.3%,-0.3%,0.4%,2024-01-08 05:00:00
2024-01-08,12:30pm,USD,FOMC Member Bostic Speaks,Non-economic,,,,2024-01-08 12:30:00
2024-01-08,3:00pm,USD,Consumer Credit m/m,Non-economic,23.8B,8.9B,5.8B,2024-01-08 15:00:00
2024-01-08,6:30pm,JPY,Tokyo Core CPI y/y,Medium,2.1%,2.1%,2.3%,2024-01-08 18:30:00
2024-01-08,6:30pm,JPY,Household Spending y/y,Non-economic,-2.9%,-2.2%,-2.5%,2024-01-08 18:30:00
2024-01-08,7:01pm,GBP,BRC Retail Sales Monitor y/y,Non-economic,1.9%,2.3%,2.6%,2024-01-08 19:01:00
2024-01-08,7:30pm,AUD,Retail Sales m/m,Medium,2.0%,1.2%,-0.4%,2024-01-08 19:30:00
2024-01-08,7:30pm,AUD,Building Approvals m/m,Non-economic,1.6%,-1.9%,7.2%,2024-01-08 19:30:00
2024-01-09,1:45am,CHF,Unemployment Rate,Non-economic,2.2%,2.2%,2.1%,2024-01-09 01:45:00
2024-01-09,2:00am,EUR,German Industrial Production m/m,Non-economic,-0.7%,0.4%,-0.3%,2024-01-09 02:00:00
2024-01-09,2:45am,EUR,French Trade Balance,Non-economic,-5.9B,-7.9B,-8.5B,2024-01-09 02:45:00
2024-01-09,3:00am,CHF,Foreign Currency Reserves,Medium,654B,,642B,2024-01-09 03:00:00
2024-01-09,4:00am,EUR,Italian Monthly Unemployment Rate,Non-economic,7.5%,7.8%,7.7%,2024-01-09 04:00:00
2024-01-09,5:00am,EUR,Unemployment Rate,Non-economic,6.4%,6.5%,6.5%,2024-01-09 05:00:00
2024-01-09,6:00am,USD,NFIB Small Business Index,Non-economic,91.9,90.7,90.6,2024-01-09 06:00:00
2024-01-09,8:30am,CAD,Building Permits m/m,Non-economic,-3.9%,-1.5%,3.0%,2024-01-09 08:30:00
2024-01-09,8:30am,CAD,Trade Balance,Non-economic,1.6B,2.0B,3.2B,2024-01-09 08:30:00
2024-01-09,8:30am,USD,Trade Balance,Non-economic,-63.2B,-64.9B,-64.5B,2024-01-09 08:30:00
2024-01-09,10:02am,USD,RCM/TIPP Economic Optimism,Non-economic,44.7,42.0,40.0,2024-01-09 10:02:00
2024-01-09,12:00pm,USD,FOMC Member Barr Speaks,Non-economic,,,,2024-01-09 12:00:00
2024-01-09,4:30pm,USD,API Weekly Statistical Bulletin,Non-economic,,,,2024-01-09 16:30:00
2024-01-09,6:30pm,JPY,Average Cash Earnings y/y,Non-economic,0.2%,1.5%,1.5%,2024-01-09 18:30:00
2024-01-09,7:00pm,NZD,ANZ Commodity Prices m/m,Non-economic,2.4%,,-1.2%,2024-01-09 19:00:00
2024-01-09,7:30pm,AUD,CPI y/y,High,4.3%,4.4%,4.9%,2024-01-09 19:30:00
2024-01-09,10:35pm,JPY,10-y Bond Auction,Non-economic,0.60|2.9,,0.70|2.8,2024-01-09 22:35:00
2024-01-10,2:45am,EUR,French Industrial Production m/m,Non-economic,0.5%,0.1%,-0.3%,2024-01-10 02:45:00
2024-01-10,4:00am,EUR,Italian Retail Sales m/m,Non-economic,0.4%,0.2%,0.4%,2024-01-10 04:00:00
2024-01-10,5:34am,EUR,German 10-y Bond Auction,Non-economic,2.19|1.7,,2.45|1.7,2024-01-10 05:34:00
2024-01-10,9:15am,GBP,BOE Gov Bailey Speaks,High,,,,2024-01-10 09:15:00
2024-01-10,10:00am,USD,Final Wholesale Inventories m/m,Non-economic,-0.2%,-0.2%,-0.2%,2024-01-10 10:00:00
2024-01-10,10:30am,USD,Crude Oil Inventories,Non-economic,1.3M,-0.2M,-5.5M,2024-01-10 10:30:00
2024-01-10,1:01pm,USD,10-y Bond Auction,Medium,4.02|2.6,,4.30|2.5,2024-01-10 13:01:00
2024-01-10,3:15pm,USD,FOMC Member Williams Speaks,Non-economic,,,,2024-01-10 15:15:00
2024-01-10,4:45pm,NZD,Building Consents m/m,Non-economic,-10.6%,,8.5%,2024-01-10 16:45:00
2024-01-10,7:30pm,AUD,Goods Trade Balance,Non-economic,11.44B,7.50B,7.66B,2024-01-10 19:30:00
2024-01-11,12:00am,JPY,Leading Indicators,Non-economic,107.7%,107.9%,108.9%,2024-01-11 00:00:00
2024-01-11,4:00am,EUR,ECB Economic Bulletin,Non-economic,,,,2024-01-11 04:00:00
2024-01-11,4:00am,EUR,Italian Industrial Production m/m,Non-economic,-1.5%,-0.2%,-0.2%,2024-01-11 04:00:00
2024-01-11,4:30am,GBP,Housing Equity Withdrawal q/q,Non-economic,-21.8B,-20.4B,-23.5B,2024-01-11 04:30:00
2024-01-11,8:30am,USD,Core CPI m/m,High,0.3%,0.3%,0.3%,2024-01-11 08:30:00
2024-01-11,8:30am,USD,CPI m/m,High,0.3%,0.2%,0.1%,2024-01-11 08:30:00
2024-01-11,8:30am,USD,CPI y/y,High,3.4%,3.2%,3.1%,2024-01-11 08:30:00
2024-01-11,8:30am,USD,Unemployment Claims,High,202K,209K,203K,2024-01-11 08:30:00
2024-01-11,10:30am,USD,Natural Gas Storage,Non-economic,-140B,-121B,-14B,2024-01-11 10:30:00
2024-01-11,1:01pm,USD,30-y Bond Auction,Medium,4.23|2.4,,4.34|2.4,2024-01-11 13:01:00
2024-01-11,2:00pm,USD,Federal Budget Balance,Non-economic,-129.4B,-66.2B,-314.0B,2024-01-11 14:00:00
2024-01-11,6:50pm,JPY,Bank Lending y/y,Non-economic,3.1%,2.7%,2.8%,2024-01-11 18:50:00
2024-01-11,6:50pm,JPY,Current Account,Non-economic,1.89T,2.18T,2.62T,2024-01-11 18:50:00
2024-01-11,7:30pm,AUD,Household Spending m/m,Non-economic,7.4%,,-0.5%,2024-01-11 19:30:00
2024-01-11,8:30pm,CNY,CPI y/y,High,-0.3%,-0.4%,-0.5%,2024-01-11 20:30:00
2024-01-11,8:30pm,CNY,PPI y/y,Medium,-2.7%,-2.6%,-3.0%,2024-01-11 20:30:00
2024-01-11,9:11pm,CNY,Trade Balance,Non-economic,541B,520B,491B,2024-01-11 21:11:00
2024-01-11,9:12pm,CNY,USD-Denominated Trade Balance,Non-economic,75.3B,76.2B,68.4B,2024-01-11 21:12:00
2024-01-11,10:35pm,JPY,30-y Bond Auction,Non-economic,1.63|3.0,,1.62|2.6,2024-01-11 22:35:00
2024-01-12,12:00am,JPY,Economy Watchers Sentiment,Non-economic,50.7,49.9,49.5,2024-01-12 00:00:00
2024-01-12,2:00am,GBP,GDP m/m,High,0.3%,0.2%,-0.3%,2024-01-12 02:00:00
2024-01-12,2:00am,GBP,Construction Output m/m,Non-economic,-0.2%,0.2%,-0.4%,2024-01-12 02:00:00
2024-01-12,2:00am,GBP,Goods Trade Balance,Non-economic,-14.2B,-15.7B,-15.9B,2024-01-12 02:00:00
2024-01-12,2:00am,GBP,Index of Services 3m/3m,Non-economic,0.0%,0.1%,-0.1%,2024-01-12 02:00:00
2024-01-12,2:00am,GBP,Industrial Production m/m,Non-economic,0.3%,0.3%,-1.3%,2024-01-12 02:00:00
2024-01-12,2:00am,GBP,Manufacturing Production m/m,Non-economic,0.4%,0.3%,-1.2%,2024-01-12 02:00:00
2024-01-12,2:45am,EUR,French Consumer Spending m/m,Non-economic,0.7%,-0.1%,-0.9%,2024-01-12 02:45:00
2024-01-12,2:45am,EUR,French Final CPI m/m,Non-economic,0.1%,0.1%,0.1%,2024-01-12 02:45:00
2024-01-12,4:36am,CNY,New Loans,Medium,1170B,1360B,1090B,2024-01-12 04:36:00
2024-01-12,4:36am,CNY,M2 Money Supply y/y,Non-economic,9.7%,10.1%,10.0%,2024-01-12 04:36:00
2024-01-12,7:35am,GBP,NIESR GDP Estimate,Non-economic,0.0%,,-0.2%,2024-01-12 07:35:00
2024-01-12,8:30am,USD,Core PPI m/m,High,0.0%,0.2%,0.0%,2024-01-12 08:30:00
2024-01-12,8:30am,USD,PPI m/m,High,-0.1%,0.1%,-0.1%,2024-01-12 08:30:00
2024-01-14,6:50pm,JPY,M2 Money Stock y/y,Non-economic,2.3%,2.2%,2.3%,2024-01-14 18:50:00
2024-01-14,7:01pm,GBP,Rightmove HPI m/m,Non-economic,1.3%,,-1.9%,2024-01-14 19:01:00
2024-01-14,7:13pm,AUD,MI Inflation Gauge m/m,Non-economic,1.0%,,0.3%,2024-01-14 19:13:00
2024-01-14,7:30pm,AUD,ANZ Job Advertisements m/m,Non-economic,0.1%,,-5.1%,2024-01-14 19:30:00
2024-01-15,12:59am,JPY,Prelim Machine Tool Orders y/y,Non-economic,-9.9%,,-13.6%,2024-01-15 00:59:00
2024-01-15,2:00am,EUR,German WPI m/m,Non-economic,-0.6%,0.2%,-0.2%,2024-01-15 02:00:00
2024-01-15,4:00am,EUR,Italian Trade Balance,Non-economic,3.89B,5.20B,4.73B,2024-01-15 04:00:00
2024-01-15,Day 1,All,WEF Annual Meetings,Medium,,,,2024-01-15 00:00:00
2024-01-15,5:00am,EUR,Industrial Production m/m,Non-economic,-0.3%,-0.3%,-0.7%,2024-01-15 05:00:00
2024-01-15,5:00am,EUR,Trade Balance,Non-economic,14.8B,11.2B,11.1B,2024-01-15 05:00:00
2024-01-15,All Day,EUR,Eurogroup Meetings,Non-economic,,,,2024-01-15 00:00:00
2024-01-15,All Day,USD,Bank Holiday,Low,,,,2024-01-15 00:00:00
2024-01-15,8:30am,CAD,Manufacturing Sales m/m,Non-economic,1.2%,0.9%,-2.9%,2024-01-15 08:30:00
2024-01-15,8:30am,CAD,Wholesale Sales m/m,Non-economic,0.9%,0.9%,-0.3%,2024-01-15 08:30:00
2024-01-15,10:30am,CAD,BOC Business Outlook Survey,Medium,,,,2024-01-15 10:30:00
2024-01-15,4:00pm,NZD,NZIER Business Confidence,Non-economic,-2,,-52,2024-01-15 16:00:00
2024-01-15,6:30pm,AUD,Westpac Consumer Sentiment,Non-economic,-1.3%,,2.7%,2024-01-15 18:30:00
2024-01-15,6:50pm,JPY,PPI y/y,Non-economic,0.0%,-0.3%,0.3%,2024-01-15 18:50:00
2024-01-16,2:00am,EUR,German Final CPI m/m,Non-economic,0.1%,0.1%,0.1%,2024-01-16 02:00:00
2024-01-16,2:00am,GBP,Claimant Count Change,High,11.7K,18.1K,0.6K,2024-01-16 02:00:00
2024-01-16,2:00am,GBP,Average Earnings Index 3m/y,Medium,6.5%,6.8%,7.2%,2024-01-16 02:00:00
2024-01-16,2:00am,GBP,Unemployment Rate,Non-economic,4.2%,4.2%,4.2%,2024-01-16 02:00:00
2024-01-16,Day 2,All,WEF Annual Meetings,Medium,,,,2024-01-16 00:00:00
2024-01-16,5:00am,EUR,German ZEW Economic Sentiment,Non-economic,15.2,11.6,12.8,2024-01-16 05:00:00
2024-01-16,5:00am,EUR,ZEW Economic Sentiment,Non-economic,22.7,20.2,23.0,2024-01-16 05:00:00
2024-01-16,All Day,EUR,ECOFIN Meetings,Non-economic,,,,2024-01-16 00:00:00
2024-01-16,8:15am,CAD,Housing Starts,Non-economic,249K,245K,211K,2024-01-16 08:15:00
2024-01-16,8:30am,CAD,CPI m/m,High,-0.3%,-0.3%,0.1%,2024-01-16 08:30:00
2024-01-16,8:30am,CAD,Median CPI y/y,High,3.6%,3.3%,3.6%,2024-01-16 08:30:00
2024-01-16,8:30am,CAD,Trimmed CPI y/y,High,3.7%,3.4%,3.5%,2024-01-16 08:30:00
2024-01-16,8:30am,CAD,Common CPI y/y,Medium,3.9%,3.8%,3.9%,2024-01-16 08:30:00
2024-01-16,8:30am,CAD,Core CPI m/m,Non-economic,-0.5%,,0.1%,2024-01-16 08:30:00
2024-01-16,8:30am,USD,Empire State Manufacturing Index,High,-43.7,-4.9,-14.5,2024-01-16 08:30:00
2024-01-16,9:31am,NZD,GDT Price Index,Non-economic,2.3%,,1.2%,2024-01-16 09:31:00
2024-01-16,10:00am,GBP,BOE Gov Bailey Speaks,High,,,,2024-01-16 10:00:00
2024-01-16,11:00am,USD,FOMC Member Waller Speaks,Non-economic,,,,2024-01-16 11:00:00
2024-01-16,8:30pm,CNY,New Home Prices m/m,Non-economic,-0.45%,,-0.37%,2024-01-16 20:30:00
2024-01-16,9:00pm,CNY,Industrial Production y/y,High,6.8%,6.6%,6.6%,2024-01-16 21:00:00
2024-01-16,9:00pm,CNY,GDP q/y,Medium,5.2%,5.3%,4.9%,2024-01-16 21:00:00
2024-01-16,9:00pm,CNY,Retail Sales y/y,Medium,7.4%,7.9%,10.1%,2024-01-16 21:00:00
2024-01-16,9:00pm,CNY,Fixed Asset Investment ytd/y,Non-economic,3.0%,2.9%,2.9%,2024-01-16 21:00:00
2024-01-16,9:00pm,CNY,NBS Press Conference,Non-economic,,,,2024-01-16 21:00:00
2024-01-16,9:00pm,CNY,Unemployment Rate,Non-economic,5.1%,5.0%,5.0%,2024-01-16 21:00:00
2024-01-17,2:00am,GBP,CPI y/y,High,4.0%,3.8%,3.9%,2024-01-17 02:00:00
2024-01-17,2:00am,GBP,Core CPI y/y,Non-economic,5.1%,4.9%,5.1%,2024-01-17 02:00:00
2024-01-17,2:00am,GBP,PPI Input m/m,Non-economic,-1.2%,-0.6%,-0.4%,2024-01-17 02:00:00
2024-01-17,2:00am,GBP,PPI Output m/m,Non-economic,-0.6%,-0.2%,0.0%,2024-01-17 02:00:00
2024-01-17,2:00am,GBP,RPI y/y,Non-economic,5.2%,5.1%,5.3%,2024-01-17 02:00:00
2024-01-17,2:45am,EUR,French Gov Budget Balance,Non-economic,-198.0B,,-177.7B,2024-01-17 02:45:00
2024-01-17,Day 3,All,WEF Annual Meetings,Medium,,,,2024-01-17 00:00:00
2024-01-17,4:30am,GBP,HPI y/y,Non-economic,-2.1%,-1.9%,-1.3%,2024-01-17 04:30:00
2024-01-17,5:00am,EUR,Final Core CPI y/y,Non-economic,3.4%,3.4%,3.4%,2024-01-17 05:00:00
2024-01-17,5:00am,EUR,Final CPI y/y,Non-economic,2.9%,2.9%,2.9%,2024-01-17 05:00:00
2024-01-17,5:36am,EUR,German 30-y Bond Auction,Non-economic,2.45|2.5,,2.81|3.0,2024-01-17 05:36:00
2024-01-17,6:33am,GBP,10-y Bond Auction,Non-economic,3.97|3.1,,3.74|2.8,2024-01-17 06:33:00
2024-01-17,8:30am,CAD,Foreign Securities Purchases,Non-economic,11.43B,7.58B,-15.88B,2024-01-17 08:30:00
2024-01-17,8:30am,CAD,IPPI m/m,Non-economic,-1.5%,-0.7%,-0.3%,2024-01-17 08:30:00
2024-01-17,8:30am,CAD,RMPI m/m,Non-economic,-4.9%,-1.5%,-4.9%,2024-01-17 08:30:00
2024-01-17,8:30am,USD,Core Retail Sales m/m,High,0.4%,0.2%,0.2%,2024-01-17 08:30:00
2024-01-17,8:30am,USD,Retail Sales m/m,High,0.6%,0.4%,0.3%,2024-01-17 08:30:00
2024-01-17,8:30am,USD,Import Prices m/m,Non-economic,0.0%,-0.6%,-0.5%,2024-01-17 08:30:00
2024-01-17,9:00am,USD,FOMC Member Barr Speaks,Non-economic,,,,2024-01-17 09:00:00
2024-01-17,9:00am,USD,FOMC Member Bowman Speaks,Non-economic,,,,2024-01-17 09:00:00
2024-01-17,9:15am,USD,Industrial Production m/m,Medium,0.1%,-0.1%,0.0%,2024-01-17 09:15:00
2024-01-17,9:15am,USD,Capacity Utilization Rate,Non-economic,78.6%,78.7%,78.6%,2024-01-17 09:15:00
2024-01-17,10:00am,USD,Business Inventories m/m,Non-economic,-0.1%,-0.1%,-0.1%,2024-01-17 10:00:00
2024-01-17,10:00am,USD,NAHB Housing Market Index,Non-economic,44,39,37,2024-01-17 10:00:00
2024-01-17,10:15am,EUR,ECB President Lagarde Speaks,Medium,,,,2024-01-17 10:15:00
2024-01-17,1:30pm,EUR,German Buba President Nagel Speaks,Non-economic,,,,2024-01-17 13:30:00
2024-01-17,2:00pm,USD,Beige Book,Non-economic,,,,2024-01-17 14:00:00
2024-01-17,3:00pm,USD,FOMC Member Williams Speaks,Non-economic,,,,2024-01-17 15:00:00
2024-01-17,4:30pm,USD,API Weekly Statistical Bulletin,Non-economic,,,,2024-01-17 16:30:00
2024-01-17,4:45pm,NZD,FPI m/m,Non-economic,-0.1%,,-0.2%,2024-01-17 16:45:00
2024-01-17,6:50pm,JPY,Core Machinery Orders m/m,Non-economic,-4.9%,-0.8%,0.7%,2024-01-17 18:50:00
2024-01-17,7:01pm,GBP,RICS House Price Balance,Non-economic,-30%,-35%,-41%,2024-01-17 19:01:00
2024-01-17,7:03pm,AUD,MI Inflation Expectations,Non-economic,4.5%,,4.5%,2024-01-17 19:03:00
2024-01-17,7:30pm,AUD,Employment Change,High,-65.1K,15.4K,72.6K,2024-01-17 19:30:00
2024-01-17,7:30pm,AUD,Unemployment Rate,High,3.9%,3.9%,3.9%,2024-01-17 19:30:00
2024-01-17,11:30pm,JPY,Revised Industrial Production m/m,Non-economic,-0.9%,-0.9%,-0.9%,2024-01-17 23:30:00
2024-01-18,4:00am,EUR,Current Account,Non-economic,24.6B,30.9B,32.3B,2024-01-18 04:00:00
2024-01-18,Day 4,All,WEF Annual Meetings,Medium,,,,2024-01-18 00:00:00
2024-01-18,4:30am,GBP,BOE Credit Conditions Survey,Non-economic,,,,2024-01-18 04:30:00
2024-01-18,5:30am,CHF,SNB Chairman Jordan Speaks,Medium,,,,2024-01-18 05:30:00
2024-01-18,7:30am,EUR,ECB Monetary Policy Meeting Accounts,Non-economic,,,,2024-01-18 07:30:00
2024-01-18,7:30am,USD,FOMC Member Bostic Speaks,Non-economic,,,,2024-01-18 07:30:00
2024-01-18,8:30am,USD,Unemployment Claims,High,187K,206K,203K,2024-01-18 08:30:00
2024-01-18,8:30am,USD,Building Permits,Medium,1.50M,1.47M,1.47M,2024-01-18 08:30:00
2024-01-18,8:30am,USD,Philly Fed Manufacturing Index,Medium,-10.6,-6.6,-10.5,2024-01-18 08:30:00
2024-01-18,8:30am,USD,Housing Starts,Non-economic,1.46M,1.43M,1.53M,2024-01-18 08:30:00
2024-01-18,10:15am,EUR,ECB President Lagarde Speaks,Medium,,,,2024-01-18 10:15:00
2024-01-18,10:30am,AUD,CB Leading Index m/m,Non-economic,0.2%,,-0.3%,2024-01-18 10:30:00
2024-01-18,10:30am,USD,Natural Gas Storage,Non-economic,-154B,-166B,-140B,2024-01-18 10:30:00
2024-01-18,11:00am,USD,Crude Oil Inventories,Non-economic,-2.5M,-0.6M,1.3M,2024-01-18 11:00:00
2024-01-18,12:05pm,USD,FOMC Member Bostic Speaks,Non-economic,,,,2024-01-18 12:05:00
2024-01-18,4:30pm,NZD,BusinessNZ Manufacturing Index,Non-economic,43.1,,46.5,2024-01-18 16:30:00
2024-01-18,4:45pm,NZD,Visitor Arrivals m/m,Non-economic,-1.5%,,-6.7%,2024-01-18 16:45:00
2024-01-18,6:30pm,JPY,National Core CPI y/y,Non-economic,2.3%,2.3%,2.5%,2024-01-18 18:30:00
2024-01-18,11:30pm,JPY,Tertiary Industry Activity m/m,Non-economic,-0.7%,0.2%,-0.2%,2024-01-18 23:30:00
2024-01-19,2:00am,EUR,German PPI m/m,Non-economic,-1.2%,-0.4%,-0.5%,2024-01-19 02:00:00
2024-01-19,2:00am,GBP,Retail Sales m/m,High,-3.2%,-0.5%,1.4%,2024-01-19 02:00:00
2024-01-19,2:30am,CHF,PPI m/m,Non-economic,-0.6%,-0.6%,-0.9%,2024-01-19 02:30:00
2024-01-19,3:31am,CNY,Foreign Direct Investment ytd/y,Non-economic,-8.0%,,-10.0%,2024-01-19 03:31:00
2024-01-19,Day 5,All,WEF Annual Meetings,Medium,,,,2024-01-19 00:00:00
2024-01-19,5:00am,EUR,ECB President Lagarde Speaks,Medium,,,,2024-01-19 05:00:00
2024-01-19,8:30am,CAD,Core Retail Sales m/m,Medium,-0.5%,0.1%,0.4%,2024-01-19 08:30:00
2024-01-19,8:30am,CAD,Retail Sales m/m,Medium,-0.2%,0.0%,0.5%,2024-01-19 08:30:00
2024-01-19,9:30am,GBP,CB Leading Index m/m,Non-economic,-0.1%,,-0.5%,2024-01-19 09:30:00
2024-01-19,10:00am,USD,Prelim UoM Consumer Sentiment,High,78.8,69.8,69.7,2024-01-19 10:00:00
2024-01-19,10:00am,USD,Existing Home Sales,Medium,3.78M,3.83M,3.82M,2024-01-19 10:00:00
2024-01-19,10:00am,USD,Prelim UoM Inflation Expectations,Medium,2.9%,,3.1%,2024-01-19 10:00:00
2024-01-19,4:00pm,USD,TIC Long-Term Purchases,Non-economic,126.1B,21.7B,3.4B,2024-01-19 16:00:00
2024-01-19,4:15pm,USD,FOMC Member Daly Speaks,Non-economic,,,,2024-01-19 16:15:00
2024-01-21,8:15pm,CNY,1-y Loan Prime Rate,Medium,3.45%,3.45%,3.45%,2024-01-21 20:15:00
2024-01-21,8:15pm,CNY,5-y Loan Prime Rate,Medium,4.20%,4.20%,4.20%,2024-01-21 20:15:00
2024-01-22,10:00am,USD,CB Leading Index m/m,Non-economic,-0.1%,-0.3%,-0.5%,2024-01-22 10:00:00
2024-01-22,4:30pm,NZD,BusinessNZ Services Index,Non-economic,48.8,,51.1,2024-01-22 16:30:00
2024-01-22,7:30pm,AUD,NAB Business Confidence,Non-economic,-1,,-8,2024-01-22 19:30:00
2024-01-22,10:09pm,JPY,BOJ Outlook Report,High,,,,2024-01-22 22:09:00
2024-01-22,10:09pm,JPY,Monetary Policy Statement,High,,,,2024-01-22 22:09:00
2024-01-22,10:09pm,JPY,BOJ Policy Rate,Medium,-0.10%,-0.10%,-0.10%,2024-01-22 22:09:00
2024-01-23,12:00am,JPY,BOJ Core CPI y/y,Non-economic,2.6%,2.8%,2.7%,2024-01-23 00:00:00
2024-01-23,1:30am,JPY,BOJ Press Conference,High,,,,2024-01-23 01:30:00
2024-01-23,2:00am,GBP,Public Sector Net Borrowing,Non-economic,6.8B,11.4B,12.8B,2024-01-23 02:00:00
2024-01-23,8:30am,CAD,NHPI m/m,Non-economic,0.0%,0.0%,-0.2%,2024-01-23 08:30:00
2024-01-23,9:59am,USD,Richmond Manufacturing Index,Medium,-15,-7,-11,2024-01-23 09:59:00
2024-01-23,10:00am,EUR,Consumer Confidence,Non-economic,-16,-14,-15,2024-01-23 10:00:00
2024-01-23,4:30pm,USD,API Weekly Statistical Bulletin,Non-economic,,,,2024-01-23 16:30:00
2024-01-23,4:45pm,NZD,CPI q/q,High,0.5%,0.5%,1.8%,2024-01-23 16:45:00
2024-01-23,5:00pm,AUD,Flash Manufacturing PMI,Non-economic,50.3,,47.6,2024-01-23 17:00:00
2024-01-23,5:00pm,AUD,Flash Services PMI,Non-economic,47.9,,47.1,2024-01-23 17:00:00
2024-01-23,6:30pm,AUD,MI Leading Index m/m,Non-economic,0.0%,,0.1%,2024-01-23 18:30:00
2024-01-23,6:50pm,JPY,Trade Balance,Non-economic,-0.41T,-0.45T,-0.35T,2024-01-23 18:50:00
2024-01-23,7:30pm,JPY,Flash Manufacturing PMI,Non-economic,48.0,48.2,47.9,2024-01-23 19:30:00
2024-01-23,9:00pm,NZD,Credit Card Spending y/y,Non-economic,4.3%,,3.3%,2024-01-23 21:00:00
2024-01-24,3:15am,EUR,French Flash Manufacturing PMI,High,43.2,42.5,42.1,2024-01-24 03:15:00
2024-01-24,3:15am,EUR,French Flash Services PMI,High,45.0,46.1,45.7,2024-01-24 03:15:00
2024-01-24,3:30am,EUR,German Flash Manufacturing PMI,High,45.4,43.7,43.3,2024-01-24 03:30:00
2024-01-24,3:30am,EUR,German Flash Services PMI,High,47.6,49.3,49.3,2024-01-24 03:30:00
2024-01-24,4:00am,EUR,Flash Manufacturing PMI,Medium,46.6,44.8,44.4,2024-01-24 04:00:00
2024-01-24,4:00am,EUR,Flash Services PMI,Medium,48.4,49.1,48.8,2024-01-24 04:00:00
2024-01-24,4:30am,GBP,Flash Manufacturing PMI,High,47.3,46.7,46.2,2024-01-24 04:30:00
2024-01-24,4:30am,GBP,Flash Services PMI,High,53.8,53.1,53.4,2024-01-24 04:30:00
2024-01-24,6:00am,GBP,CBI Industrial Order Expectations,Non-economic,-30,-23,-23,2024-01-24 06:00:00
2024-01-24,9:45am,CAD,BOC Monetary Policy Report,High,,,,2024-01-24 09:45:00
2024-01-24,9:45am,CAD,BOC Rate Statement,High,,,,2024-01-24 09:45:00
2024-01-24,9:45am,CAD,Overnight Rate,High,5.00%,5.00%,5.00%,2024-01-24 09:45:00
2024-01-24,9:45am,USD,Flash Manufacturing PMI,High,50.3,47.6,47.9,2024-01-24 09:45:00
2024-01-24,9:45am,USD,Flash Services PMI,High,52.9,51.4,51.4,2024-01-24 09:45:00
2024-01-24,10:30am,CAD,BOC Press Conference,High,,,,2024-01-24 10:30:00
2024-01-24,10:30am,USD,Crude Oil Inventories,Non-economic,-9.2M,-1.2M,-2.5M,2024-01-24 10:30:00
2024-01-24,7:30pm,AUD,RBA Bulletin,Non-economic,,,,2024-01-24 19:30:00
2024-01-25,4:00am,EUR,German ifo Business Climate,Medium,85.2,86.7,86.3,2024-01-25 04:00:00
2024-01-25,6:00am,GBP,CBI Realized Sales,Non-economic,-50,-19,-32,2024-01-25 06:00:00
2024-01-25,8:15am,EUR,Main Refinancing Rate,High,4.50%,4.50%,4.50%,2024-01-25 08:15:00
2024-01-25,8:15am,EUR,Monetary Policy Statement,High,,,,2024-01-25 08:15:00
2024-01-25,8:30am,USD,Advance GDP q/q,High,3.3%,2.0%,4.9%,2024-01-25 08:30:00
2024-01-25,8:30am,USD,Unemployment Claims,High,214K,199K,189K,2024-01-25 08:30:00
2024-01-25,8:30am,USD,Advance GDP Price Index q/q,Medium,1.5%,2.3%,3.3%,2024-01-25 08:30:00
2024-01-25,8:30am,USD,Core Durable Goods Orders m/m,Medium,0.6%,0.2%,0.4%,2024-01-25 08:30:00
2024-01-25,8:30am,USD,Durable Goods Orders m/m,Medium,0.0%,1.2%,5.5%,2024-01-25 08:30:00
2024-01-25,8:30am,USD,Goods Trade Balance,Non-economic,-88.5B,-88.7B,-89.3B,2024-01-25 08:30:00
2024-01-25,8:30am,USD,Prelim Wholesale Inventories m/m,Non-economic,0.4%,-0.2%,-0.4%,2024-01-25 08:30:00
2024-01-25,8:45am,EUR,ECB Press Conference,High,,,,2024-01-25 08:45:00
2024-01-25,9:00am,EUR,Belgian NBB Business Climate,Non-economic,-16.4,-11.9,-12.7,2024-01-25 09:00:00
2024-01-25,10:00am,USD,New Home Sales,Medium,664K,648K,615K,2024-01-25 10:00:00
2024-01-25,10:30am,USD,Natural Gas Storage,Non-economic,-326B,-322B,-154B,2024-01-25 10:30:00
2024-01-25,All Day,AUD,Bank Holiday,Low,,,,2024-01-25 00:00:00
2024-01-25,6:30pm,JPY,Tokyo Core CPI y/y,Medium,1.6%,1.9%,2.1%,2024-01-25 18:30:00
2024-01-25,6:50pm,JPY,Monetary Policy Meeting Minutes,Non-economic,,,,2024-01-25 18:50:00
2024-01-25,6:50pm,JPY,SPPI y/y,Non-economic,2.4%,2.4%,2.4%,2024-01-25 18:50:00
2024-01-25,7:01pm,GBP,GfK Consumer Confidence,Non-economic,-19,-21,-22,2024-01-25 19:01:00
2024-01-26,2:00am,EUR,German GfK Consumer Climate,Non-economic,-29.7,-24.7,-25.4,2024-01-26 02:00:00
2024-01-26,3:00am,EUR,Spanish Unemployment Rate,Non-economic,11.8%,11.9%,11.8%,2024-01-26 03:00:00
2024-01-26,4:00am,EUR,M3 Money Supply y/y,Non-economic,0.1%,-0.7%,-0.9%,2024-01-26 04:00:00
2024-01-26,4:00am,EUR,Private Loans y/y,Non-economic,0.3%,0.6%,0.5%,2024-01-26 04:00:00
2024-01-26,6:00am,EUR,German Buba Monthly Report,Non-economic,,,,2024-01-26 06:00:00
2024-01-26,8:30am,USD,Core PCE Price Index m/m,High,0.2%,0.2%,0.1%,2024-01-26 08:30:00
2024-01-26,8:30am,USD,Personal Income m/m,Non-economic,0.3%,0.3%,0.4%,2024-01-26 08:30:00
2024-01-26,8:30am,USD,Personal Spending m/m,Non-economic,0.7%,0.5%,0.4%,2024-01-26 08:30:00
2024-01-26,10:00am,USD,Pending Home Sales m/m,Medium,8.3%,2.1%,-0.3%,2024-01-26 10:00:00
2024-01-28,4:45pm,NZD,Trade Balance,Non-economic,-323M,-975M,-1250M,2024-01-28 16:45:00
2024-01-29,9:00am,CNY,CB Leading Index m/m,Non-economic,-0.3%,,-0.5%,2024-01-29 09:00:00
2024-01-29,6:30pm,JPY,Unemployment Rate,Non-economic,2.4%,2.5%,2.5%,2024-01-29 18:30:00
2024-01-29,7:01pm,GBP,BRC Shop Price Index y/y,Non-economic,2.9%,,4.3%,2024-01-29 19:01:00
2024-01-29,7:30pm,AUD,Retail Sales m/m,Medium,-2.7%,-1.9%,1.6%,2024-01-29 19:30:00
2024-01-30,1:30am,EUR,French Consumer Spending m/m,Non-economic,0.3%,0.0%,0.6%,2024-01-30 01:30:00
2024-01-30,1:30am,EUR,French Flash GDP q/q,Non-economic,0.0%,0.0%,-0.1%,2024-01-30 01:30:00
2024-01-30,2:00am,CHF,Trade Balance,Non-economic,1.25B,2.55B,3.83B,2024-01-30 02:00:00
2024-01-30,3:00am,CHF,KOF Economic Barometer,Non-economic,101.5,98.3,98.0,2024-01-30 03:00:00
2024-01-30,3:00am,EUR,Spanish Flash CPI y/y,Medium,3.4%,3.0%,3.1%,2024-01-30 03:00:00
2024-01-30,3:00am,EUR,Spanish Flash GDP q/q,Non-economic,0.6%,0.2%,0.4%,2024-01-30 03:00:00
2024-01-30,4:00am,EUR,Italian Prelim GDP q/q,Non-economic,0.2%,0.0%,0.1%,2024-01-30 04:00:00
2024-01-30,4:00am,EUR,German Prelim GDP q/q,Non-economic,-0.3%,-0.3%,0.0%,2024-01-30 04:00:00
2024-01-30,4:30am,GBP,M4 Money Supply m/m,Non-economic,0.5%,0.2%,-0.1%,2024-01-30 04:30:00
2024-01-30,4:30am,GBP,Mortgage Approvals,Non-economic,50K,53K,49K,2024-01-30 04:30:00
2024-01-30,4:30am,GBP,Net Lending to Individuals m/m,Non-economic,0.4B,1.5B,2.1B,2024-01-30 04:30:00
2024-01-30,5:00am,EUR,Prelim Flash GDP q/q,Non-economic,0.0%,-0.1%,-0.1%,2024-01-30 05:00:00
2024-01-30,5:19am,EUR,Italian 10-y Bond Auction,Non-economic,3.69|1.7,,4.17|1.4,2024-01-30 05:19:00
2024-01-30,9:00am,USD,S&P/CS Composite-20 HPI y/y,Medium,5.4%,5.8%,4.9%,2024-01-30 09:00:00
2024-01-30,9:00am,USD,HPI m/m,Non-economic,0.3%,0.3%,0.3%,2024-01-30 09:00:00
2024-01-30,10:00am,USD,CB Consumer Confidence,High,114.8,114.2,108.0,2024-01-30 10:00:00
2024-01-30,10:00am,USD,JOLTS Job Openings,High,9.03M,8.73M,8.93M,2024-01-30 10:00:00
2024-01-30,10:30am,EUR,German Buba President Nagel Speaks,Non-economic,,,,2024-01-30 10:30:00
2024-01-30,4:30pm,USD,API Weekly Statistical Bulletin,Non-economic,,,,2024-01-30 16:30:00
2024-01-30,6:50pm,JPY,BOJ Summary of Opinions,Non-economic,,,,2024-01-30 18:50:00
2024-01-30,6:50pm,JPY,Prelim Industrial Production m/m,Non-economic,1.8%,2.5%,-0.9%,2024-01-30 18:50:00
2024-01-30,6:50pm,JPY,Retail Sales y/y,Non-economic,2.1%,5.0%,5.4%,2024-01-30 18:50:00
2024-01-30,7:00pm,NZD,ANZ Business Confidence,Non-economic,36.6,,33.2,2024-01-30 19:00:00
2024-01-30,7:30pm,AUD,CPI m/m,High,0.6%,0.8%,1.2%,2024-01-30 19:30:00
2024-01-30,7:30pm,AUD,CPI y/y,High,3.4%,3.7%,4.3%,2024-01-30 19:30:00
2024-01-30,7:30pm,AUD,Trimmed Mean CPI m/m,High,0.8%,0.9%,1.2%,2024-01-30 19:30:00
2024-01-30,7:30pm,AUD,Private Sector Credit m/m,Non-economic,0.4%,0.4%,0.4%,2024-01-30 19:30:00
2024-01-30,8:30pm,CNY,Manufacturing PMI,High,49.2,49.3,49.0,2024-01-30 20:30:00
2024-01-30,8:30pm,CNY,Non-Manufacturing PMI,Medium,50.7,50.6,50.4,2024-01-30 20:30:00
2024-01-31,12:00am,JPY,Consumer Confidence,Non-economic,38.0,37.6,37.2,2024-01-31 00:00:00
2024-01-31,12:00am,JPY,Housing Starts y/y,Non-economic,-4.0%,-6.6%,-8.5%,2024-01-31 00:00:00
2024-01-31,2:00am,EUR,German Import Prices m/m,Non-economic,-1.1%,-0.6%,-0.1%,2024-01-31 02:00:00
2024-01-31,2:00am,EUR,German Retail Sales m/m,Non-economic,-1.6%,0.6%,-0.8%,2024-01-31 02:00:00
2024-01-31,2:00am,GBP,Nationwide HPI m/m,Non-economic,0.7%,0.1%,0.0%,2024-01-31 02:00:00
2024-01-31,All Day,EUR,German Prelim CPI m/m,High,0.2%,0.1%,0.1%,2024-01-31 00:00:00
2024-01-31,2:30am,CHF,Retail Sales y/y,Non-economic,-0.8%,0.9%,-1.5%,2024-01-31 02:30:00
2024-01-31,2:45am,EUR,French Prelim CPI m/m,Non-economic,-0.2%,0.0%,0.1%,2024-01-31 02:45:00
2024-01-31,3:55am,EUR,German Unemployment Change,Non-economic,-2K,11K,2K,2024-01-31 03:55:00
2024-01-31,4:00am,CHF,UBS Economic Expectations,Non-economic,-19.5,,-23.7,2024-01-31 04:00:00
2024-01-31,4:00am,EUR,Italian Monthly Unemployment Rate,Non-economic,7.2%,7.5%,7.4%,2024-01-31 04:00:00
2024-01-31,5:32am,EUR,German 10-y Bond Auction,Non-economic,2.23|1.8,,2.19|1.7,2024-01-31 05:32:00
2024-01-31,8:15am,USD,ADP Non-Farm Employment Change,High,107K,148K,158K,2024-01-31 08:15:00
2024-01-31,8:30am,CAD,GDP m/m,High,0.2%,0.1%,0.0%,2024-01-31 08:30:00
2024-01-31,8:30am,USD,Employment Cost Index q/q,High,0.9%,1.0%,1.1%,2024-01-31 08:30:00
2024-01-31,9:45am,USD,Chicago PMI,Medium,46.0,47.9,46.9,2024-01-31 09:45:00
2024-01-31,10:30am,USD,Crude Oil Inventories,Non-economic,1.2M,-0.8M,-9.2M,2024-01-31 10:30:00
2024-01-31,2:00pm,USD,Federal Funds Rate,High,5.50%,5.50%,5.50%,2024-01-31 14:00:00
2024-01-31,2:00pm,USD,FOMC Statement,High,,,,2024-01-31 14:00:00
2024-01-31,2:30pm,USD,FOMC Press Conference,High,,,,2024-01-31 14:30:00
2024-01-31,7:30pm,AUD,Building Approvals m/m,Non-economic,-9.5%,0.5%,0.3%,2024-01-31 19:30:00
2024-01-31,7:30pm,AUD,Import Prices q/q,Non-economic,1.1%,0.6%,0.8%,2024-01-31 19:30:00
2024-01-31,7:30pm,AUD,NAB Quarterly Business Confidence,Non-economic,-6,,-1,2024-01-31 19:30:00
2024-01-31,7:30pm,JPY,Final Manufacturing PMI,Non-economic,48.0,48.0,48.0,2024-01-31 19:30:00
2024-01-31,8:45pm,CNY,RatingDog Manufacturing PMI,Medium,50.8,50.8,50.8,2024-01-31 20:45:00
2024-01-31,10:35pm,JPY,10-y Bond Auction,Non-economic,0.74|3.6,,0.60|2.9,2024-01-31 22:35:00
2024-02-01,12:30am,AUD,Commodity Prices y/y,Non-economic,-10.4%,,-11.2%,2024-02-01 00:30:00
2024-02-01,3:00am,EUR,ECB President Lagarde Speaks,Medium,,,,2024-02-01 03:00:00
2024-02-01,3:15am,EUR,Spanish Manufacturing PMI,Non-economic,49.2,47.9,46.2,2024-02-01 03:15:00
2024-02-01,3:30am,CHF,Manufacturing PMI,Non-economic,43.1,44.5,43.0,2024-02-01 03:30:00
2024-02-01,3:45am,EUR,Italian Manufacturing PMI,Non-economic,48.5,47.0,45.3,2024-02-01 03:45:00
2024-02-01,3:50am,EUR,French Final Manufacturing PMI,Non-economic,43.1,43.2,43.2,2024-02-01 03:50:00
2024-02-01,3:55am,EUR,German Final Manufacturing PMI,Non-economic,45.5,45.4,45.4,2024-02-01 03:55:00
2024-02-01,4:00am,EUR,Final Manufacturing PMI,Non-economic,46.6,46.6,46.6,2024-02-01 04:00:00
2024-02-01,4:30am,GBP,Final Manufacturing PMI,Non-economic,47.0,47.3,47.3,2024-02-01 04:30:00
2024-02-01,4:45am,EUR,Spanish 10-y Bond Auction,Non-economic,3.17|1.8,,3.61|2.2,2024-02-01 04:45:00
2024-02-01,5:00am,EUR,Core CPI Flash Estimate y/y,Medium,3.3%,3.2%,3.4%,2024-02-01 05:00:00
2024-02-01,5:00am,EUR,CPI Flash Estimate y/y,Medium,2.8%,2.7%,2.9%,2024-02-01 05:00:00
2024-02-01,5:00am,EUR,Italian Prelim CPI m/m,Non-economic,0.3%,0.5%,0.2%,2024-02-01 05:00:00
2024-02-01,5:00am,EUR,Unemployment Rate,Non-economic,6.4%,6.4%,6.4%,2024-02-01 05:00:00
2024-02-01,5:01am,EUR,French 10-y Bond Auction,Non-economic,2.70|1.9,,2.59|1.8,2024-02-01 05:01:00
2024-02-01,All Day,All,OPEC-JMMC Meetings,Medium,,,,2024-02-01 00:00:00
2024-02-01,7:00am,GBP,BOE Monetary Policy Report,High,,,,2024-02-01 07:00:00
2024-02-01,7:00am,GBP,Monetary Policy Summary,High,,,,2024-02-01 07:00:00
2024-02-01,7:00am,GBP,MPC Official Bank Rate Votes,High,2-1-6,2-0-7,3-0-6,2024-02-01 07:00:00
2024-02-01,7:00am,GBP,Official Bank Rate,High,5.25%,5.25%,5.25%,2024-02-01 07:00:00
2024-02-01,7:30am,GBP,BOE Gov Bailey Speaks,High,,,,2024-02-01 07:30:00
2024-02-01,7:30am,USD,Challenger Job Cuts y/y,Non-economic,-20.0%,,-20.2%,2024-02-01 07:30:00
2024-02-01,8:30am,USD,Unemployment Claims,High,224K,213K,215K,2024-02-01 08:30:00
2024-02-01,8:30am,USD,Prelim Nonfarm Productivity q/q,Non-economic,3.2%,2.4%,5.2%,2024-02-01 08:30:00
2024-02-01,8:30am,USD,Prelim Unit Labor Costs q/q,Non-economic,0.5%,1.3%,-1.2%,2024-02-01 08:30:00
2024-02-01,9:30am,CAD,Manufacturing PMI,Non-economic,48.3,,45.4,2024-02-01 09:30:00
2024-02-01,9:45am,USD,Final Manufacturing PMI,Non-economic,50.7,50.3,50.3,2024-02-01 09:45:00
2024-02-01,10:00am,USD,ISM Manufacturing PMI,High,49.1,47.2,47.4,2024-02-01 10:00:00
2024-02-01,10:00am,USD,ISM Manufacturing Prices,Medium,52.9,46.0,45.2,2024-02-01 10:00:00
2024-02-01,10:00am,USD,Construction Spending m/m,Non-economic,0.9%,0.5%,0.9%,2024-02-01 10:00:00
2024-02-01,All Day,USD,Wards Total Vehicle Sales,Non-economic,15.0M,15.7M,15.8M,2024-02-01 00:00:00
2024-02-01,10:30am,USD,Natural Gas Storage,Non-economic,-197B,-202B,-326B,2024-02-01 10:30:00
2024-02-01,11:30am,CAD,BOC Gov Macklem Speaks,High,,,,2024-02-01 11:30:00
2024-02-01,4:45pm,NZD,Building Consents m/m,Non-economic,3.7%,,-10.6%,2024-02-01 16:45:00
2024-02-01,6:50pm,JPY,Monetary Base y/y,Non-economic,4.8%,7.5%,7.8%,2024-02-01 18:50:00
2024-02-01,7:30pm,AUD,PPI q/q,Non-economic,0.9%,1.9%,1.8%,2024-02-01 19:30:00
2024-02-02,2:45am,EUR,French Gov Budget Balance,Non-economic,-173.3B,,-198.0B,2024-02-02 02:45:00
2024-02-02,2:45am,EUR,French Industrial Production m/m,Non-economic,1.1%,0.2%,0.5%,2024-02-02 02:45:00
2024-02-02,3:00am,EUR,Spanish Unemployment Change,Non-economic,60.4K,-38.6K,-27.4K,2024-02-02 03:00:00
2024-02-02,7:15am,GBP,MPC Member Pill Speaks,Non-economic,,,,2024-02-02 07:15:00
2024-02-02,8:30am,USD,Average Hourly Earnings m/m,High,0.6%,0.3%,0.4%,2024-02-02 08:30:00
2024-02-02,8:30am,USD,Non-Farm Employment Change,High,353K,187K,333K,2024-02-02 08:30:00
2024-02-02,8:30am,USD,Unemployment Rate,High,3.7%,3.8%,3.7%,2024-02-02 08:30:00
2024-02-02,10:00am,USD,Revised UoM Consumer Sentiment,High,79.0,78.9,78.8,2024-02-02 10:00:00
2024-02-02,10:00am,USD,Factory Orders m/m,Non-economic,0.2%,0.3%,2.6%,2024-02-02 10:00:00
2024-02-02,10:00am,USD,Revised UoM Inflation Expectations,Non-economic,2.9%,,2.9%,2024-02-02 10:00:00
2024-02-04,7:00pm,AUD,MI Inflation Gauge m/m,Non-economic,0.3%,,1.0%,2024-02-04 19:00:00
2024-02-04,7:00pm,NZD,ANZ Commodity Prices m/m,Non-economic,2.2%,,2.4%,2024-02-04 19:00:00
2024-02-04,7:00pm,USD,Fed Chairman Powell Speaks,High,,,,2024-02-04 19:00:00
2024-02-04,7:30pm,AUD,ANZ Job Advertisements m/m,Non-economic,1.7%,,0.6%,2024-02-04 19:30:00
2024-02-04,7:30pm,AUD,Goods Trade Balance,Non-economic,10.96B,10.51B,11.76B,2024-02-04 19:30:00
2024-02-04,8:45pm,CNY,RatingDog Services PMI,Medium,52.7,53.0,52.9,2024-02-04 20:45:00
2024-02-05,2:00am,EUR,German Trade Balance,Non-economic,22.2B,19.0B,20.7B,2024-02-05 02:00:00
2024-02-05,3:15am,EUR,Spanish Services PMI,Non-economic,52.1,52.2,51.5,2024-02-05 03:15:00
2024-02-05,3:45am,EUR,Italian Services PMI,Non-economic,51.2,50.7,49.8,2024-02-05 03:45:00
2024-02-05,3:50am,EUR,French Final Services PMI,Non-economic,45.4,45.0,45.0,2024-02-05 03:50:00
2024-02-05,3:55am,EUR,German Final Services PMI,Non-economic,47.7,47.6,47.6,2024-02-05 03:55:00
2024-02-05,4:00am,EUR,Final Services PMI,Non-economic,48.4,48.4,48.4,2024-02-05 04:00:00
2024-02-05,4:30am,EUR,Sentix Investor Confidence,Non-economic,-12.9,-15.0,-15.8,2024-02-05 04:30:00
2024-02-05,4:30am,GBP,Final Services PMI,Non-economic,54.3,53.8,53.8,2024-02-05 04:30:00
2024-02-05,5:00am,EUR,PPI m/m,Non-economic,-0.8%,-0.8%,-0.3%,2024-02-05 05:00:00
2024-02-05,9:45am,USD,Final Services PMI,Non-economic,52.5,52.9,52.9,2024-02-05 09:45:00
2024-02-05,10:00am,USD,ISM Services PMI,High,53.4,52.0,50.6,2024-02-05 10:00:00
2024-02-05,12:30pm,GBP,MPC Member Pill Speaks,Non-economic,,,,2024-02-05 12:30:00
2024-02-05,2:00pm,USD,FOMC Member Bostic Speaks,Non-economic,,,,2024-02-05 14:00:00
2024-02-05,2:00pm,USD,Loan Officer Survey,Non-economic,,,,2024-02-05 14:00:00
2024-02-05,All Day,NZD,Bank Holiday,Low,,,,2024-02-05 00:00:00
2024-02-05,6:30pm,JPY,Average Cash Earnings y/y,Non-economic,1.0%,1.3%,0.7%,2024-02-05 18:30:00
2024-02-05,6:30pm,JPY,Household Spending y/y,Non-economic,-2.5%,-2.0%,-2.9%,2024-02-05 18:30:00
2024-02-05,7:01pm,GBP,BRC Retail Sales Monitor y/y,Non-economic,1.4%,1.2%,1.9%,2024-02-05 19:01:00
2024-02-05,10:30pm,AUD,Cash Rate,High,4.35%,4.35%,4.35%,2024-02-05 22:30:00
2024-02-05,10:30pm,AUD,RBA Rate Statement,High,,,,2024-02-05 22:30:00
2024-02-05,10:30pm,AUD,RBA Monetary Policy Statement,Medium,,,,2024-02-05 22:30:00
2024-02-05,11:30pm,AUD,RBA Press Conference,High,,,,2024-02-05 23:30:00
2024-02-06,2:00am,EUR,German Factory Orders m/m,Non-economic,8.9%,-0.1%,0.0%,2024-02-06 02:00:00
2024-02-06,4:30am,GBP,Construction PMI,Medium,48.8,47.2,46.8,2024-02-06 04:30:00
2024-02-06,5:00am,EUR,Retail Sales m/m,Non-economic,-1.1%,-0.9%,0.3%,2024-02-06 05:00:00
2024-02-06,8:30am,CAD,Building Permits m/m,Non-economic,-14.0%,1.8%,-5.0%,2024-02-06 08:30:00
2024-02-06,10:00am,CAD,Ivey PMI,Medium,56.5,55.0,56.3,2024-02-06 10:00:00
2024-02-06,10:06am,USD,RCM/TIPP Economic Optimism,Non-economic,44.0,47.2,44.7,2024-02-06 10:06:00
2024-02-06,10:19am,NZD,GDT Price Index,Non-economic,4.2%,,2.3%,2024-02-06 10:19:00
2024-02-06,12:00pm,USD,FOMC Member Mester Speaks,Medium,,,,2024-02-06 12:00:00
2024-02-06,12:45pm,CAD,BOC Gov Macklem Speaks,High,,,,2024-02-06 12:45:00
2024-02-06,4:30pm,USD,API Weekly Statistical Bulletin,Non-economic,,,,2024-02-06 16:30:00
2024-02-06,4:45pm,NZD,Employment Change q/q,High,0.4%,0.3%,-0.1%,2024-02-06 16:45:00
2024-02-06,4:45pm,NZD,Unemployment Rate,High,4.0%,4.3%,3.9%,2024-02-06 16:45:00
2024-02-06,4:45pm,NZD,Labor Cost Index q/q,Non-economic,1.0%,0.8%,0.8%,2024-02-06 16:45:00
2024-02-06,10:35pm,JPY,30-y Bond Auction,Non-economic,1.79|3.2,,1.63|3.0,2024-02-06 22:35:00
2024-02-07,12:00am,JPY,Leading Indicators,Non-economic,110.0%,109.4%,108.1%,2024-02-07 00:00:00
2024-02-07,1:45am,CHF,Unemployment Rate,Non-economic,2.2%,2.2%,2.2%,2024-02-07 01:45:00
2024-02-07,2:00am,EUR,German Industrial Production m/m,Non-economic,-1.6%,-0.4%,-0.2%,2024-02-07 02:00:00
2024-02-07,2:00am,GBP,Halifax HPI m/m,Non-economic,1.3%,0.8%,1.1%,2024-02-07 02:00:00
2024-02-07,2:45am,EUR,French Prelim Private Payrolls q/q,Non-economic,0.0%,-0.1%,0.1%,2024-02-07 02:45:00
2024-02-07,2:45am,EUR,French Trade Balance,Non-economic,-6.8B,-6.0B,-5.9B,2024-02-07 02:45:00
2024-02-07,3:00am,CHF,Foreign Currency Reserves,Medium,662B,,654B,2024-02-07 03:00:00
2024-02-07,3:40am,GBP,MPC Member Breeden Speaks,Non-economic,,,,2024-02-07 03:40:00
2024-02-07,4:00am,EUR,Italian Retail Sales m/m,Non-economic,-0.1%,0.2%,0.3%,2024-02-07 04:00:00
2024-02-07,8:30am,CAD,Trade Balance,Non-economic,-0.3B,1.1B,1.1B,2024-02-07 08:30:00
2024-02-07,8:30am,USD,Trade Balance,Non-economic,-62.2B,-62.0B,-61.9B,2024-02-07 08:30:00
2024-02-07,10:30am,USD,Crude Oil Inventories,Non-economic,5.5M,1.7M,1.2M,2024-02-07 10:30:00
2024-02-07,11:00am,USD,FOMC Member Kugler Speaks,Medium,,,,2024-02-07 11:00:00
2024-02-07,12:30pm,USD,FOMC Member Barkin Speaks,Medium,,,,2024-02-07 12:30:00
2024-02-07,1:01pm,USD,10-y Bond Auction,Medium,4.09|2.6,,4.02|2.6,2024-02-07 13:01:00
2024-02-07,1:30pm,CAD,BOC Summary of Deliberations,Non-economic,,,,2024-02-07 13:30:00
2024-02-07,2:00pm,USD,FOMC Member Bowman Speaks,Non-economic,,,,2024-02-07 14:00:00
2024-02-07,3:00pm,USD,Consumer Credit m/m,Non-economic,1.6B,14.9B,23.5B,2024-02-07 15:00:00
2024-02-07,6:50pm,JPY,Bank Lending y/y,Non-economic,3.1%,3.2%,3.0%,2024-02-07 18:50:00
2024-02-07,6:50pm,JPY,Current Account,Non-economic,1.81T,1.93T,1.89T,2024-02-07 18:50:00
2024-02-07,7:01pm,GBP,RICS House Price Balance,Non-economic,-18%,-22%,-29%,2024-02-07 19:01:00
2024-02-07,8:30pm,CNY,CPI y/y,Medium,-0.8%,-0.5%,-0.3%,2024-02-07 20:30:00
2024-02-07,8:30pm,CNY,PPI y/y,Medium,-2.5%,-2.6%,-2.7%,2024-02-07 20:30:00
2024-02-08,12:00am,JPY,Economy Watchers Sentiment,Non-economic,50.2,50.3,50.7,2024-02-08 00:00:00
2024-02-08,4:00am,EUR,ECB Economic Bulletin,Non-economic,,,,2024-02-08 04:00:00
2024-02-08,8:30am,USD,Unemployment Claims,High,218K,221K,227K,2024-02-08 08:30:00
2024-02-08,8:30am,USD,FOMC Member Barkin Speaks,Medium,,,,2024-02-08 08:30:00
2024-02-08,10:00am,GBP,MPC Member Mann Speaks,Non-economic,,,,2024-02-08 10:00:00
2024-02-08,10:00am,USD,Final Wholesale Inventories m/m,Non-economic,0.4%,0.4%,0.4%,2024-02-08 10:00:00
2024-02-08,10:00am,USD,Mortgage Delinquencies,Non-economic,3.88%,,3.62%,2024-02-08 10:00:00
2024-02-08,10:30am,USD,Natural Gas Storage,Non-economic,-75B,-73B,-197B,2024-02-08 10:30:00
2024-02-08,12:05pm,USD,FOMC Member Barkin Speaks,Medium,,,,2024-02-08 12:05:00
2024-02-08,1:01pm,USD,30-y Bond Auction,Medium,4.36|2.4,,4.23|2.4,2024-02-08 13:01:00
2024-02-08,5:30pm,AUD,RBA Gov Bullock Speaks,High,,,,2024-02-08 17:30:00
2024-02-08,6:50pm,JPY,M2 Money Stock y/y,Non-economic,2.4%,2.2%,2.3%,2024-02-08 18:50:00
2024-02-08,7:30pm,AUD,Household Spending m/m,Non-economic,0.5%,,7.5%,2024-02-08 19:30:00
2024-02-09,2:00am,CNY,New Loans,Medium,4920B,3490B,1170B,2024-02-09 02:00:00
2024-02-09,2:00am,CNY,M2 Money Supply y/y,Non-economic,8.7%,9.4%,9.7%,2024-02-09 02:00:00
2024-02-09,2:00am,EUR,German Final CPI m/m,Non-economic,0.2%,0.2%,0.2%,2024-02-09 02:00:00
2024-02-09,4:00am,EUR,Italian Industrial Production m/m,Non-economic,1.1%,0.8%,-1.3%,2024-02-09 04:00:00
2024-02-09,5:30am,EUR,German Buba President Nagel Speaks,Non-economic,,,,2024-02-09 05:30:00
2024-02-09,8:30am,CAD,Employment Change,High,37.3K,16.0K,0.1K,2024-02-09 08:30:00
2024-02-09,8:30am,CAD,Unemployment Rate,High,5.7%,5.9%,5.8%,2024-02-09 08:30:00
2024-02-11,All Day,JPY,Bank Holiday,Low,,,,2024-02-11 00:00:00
2024-02-11,7:30pm,NZD,RBNZ Gov Orr Speaks,Medium,,,,2024-02-11 19:30:00
2024-02-11,All Day,CNY,Bank Holiday,Low,,,,2024-02-11 00:00:00
2024-02-12,9:20am,USD,FOMC Member Bowman Speaks,Non-economic,,,,2024-02-12 09:20:00
2024-02-12,9:45am,USD,Cleveland Fed Inflation Expectations,Non-economic,3.4%,,4.2%,2024-02-12 09:45:00
2024-02-12,12:00pm,USD,FOMC Member Barkin Speaks,Medium,,,,2024-02-12 12:00:00
2024-02-12,1:00pm,GBP,BOE Gov Bailey Speaks,High,,,,2024-02-12 13:00:00
2024-02-12,2:00pm,USD,Federal Budget Balance,Non-economic,-21.9B,-39.3B,-129.4B,2024-02-12 14:00:00
2024-02-12,6:30pm,AUD,Westpac Consumer Sentiment,Non-economic,6.2%,,-1.3%,2024-02-12 18:30:00
2024-02-12,6:50pm,JPY,PPI y/y,Non-economic,0.2%,0.1%,0.2%,2024-02-12 18:50:00
2024-02-12,7:30pm,AUD,NAB Business Confidence,Non-economic,1,,0,2024-02-12 19:30:00
2024-02-12,All Day,CNY,Bank Holiday,Low,,,,2024-02-12 00:00:00
2024-02-12,9:20pm,NZD,Inflation Expectations q/q,High,2.50%,,2.76%,2024-02-12 21:20:00
2024-02-13,12:58am,JPY,Prelim Machine Tool Orders y/y,Non-economic,-14.1%,,-9.6%,2024-02-13 00:58:00
2024-02-13,2:00am,GBP,Claimant Count Change,High,14.1K,15.2K,5.5K,2024-02-13 02:00:00
2024-02-13,2:00am,GBP,Average Earnings Index 3m/y,Medium,5.8%,5.6%,6.7%,2024-02-13 02:00:00
2024-02-13,2:00am,GBP,Unemployment Rate,Non-economic,3.8%,4.0%,4.2%,2024-02-13 02:00:00
2024-02-13,2:30am,CHF,CPI m/m,High,0.2%,0.6%,0.0%,2024-02-13 02:30:00
2024-02-13,5:00am,EUR,ZEW Economic Sentiment,Non-economic,25.0,20.1,22.7,2024-02-13 05:00:00
2024-02-13,5:00am,EUR,German ZEW Economic Sentiment,Non-economic,19.9,17.4,15.2,2024-02-13 05:00:00
2024-02-13,6:00am,USD,NFIB Small Business Index,Non-economic,89.9,92.3,91.9,2024-02-13 06:00:00
2024-02-13,8:30am,USD,Core CPI m/m,High,0.4%,0.3%,0.3%,2024-02-13 08:30:00
2024-02-13,8:30am,USD,CPI m/m,High,0.3%,0.2%,0.3%,2024-02-13 08:30:00
2024-02-13,8:30am,USD,CPI y/y,High,3.1%,2.9%,3.4%,2024-02-13 08:30:00
2024-02-13,4:30pm,USD,API Weekly Statistical Bulletin,Non-economic,,,,2024-02-13 16:30:00
2024-02-13,4:45pm,NZD,FPI m/m,Non-economic,1.2%,,-0.1%,2024-02-13 16:45:00
2024-02-13,All Day,CNY,Bank Holiday,Low,,,,2024-02-13 00:00:00
2024-02-14,2:00am,GBP,CPI y/y,High,4.0%,4.1%,4.0%,2024-02-14 02:00:00
2024-02-14,2:00am,GBP,Core CPI y/y,Non-economic,5.1%,5.2%,5.1%,2024-02-14 02:00:00
2024-02-14,2:00am,GBP,PPI Input m/m,Non-economic,-0.8%,0.1%,-0.4%,2024-02-14 02:00:00
2024-02-14,2:00am,GBP,PPI Output m/m,Non-economic,-0.2%,-0.2%,-0.5%,2024-02-14 02:00:00
2024-02-14,2:00am,GBP,RPI y/y,Non-economic,4.9%,5.1%,5.2%,2024-02-14 02:00:00
2024-02-14,4:30am,GBP,HPI y/y,Non-economic,-1.4%,-1.8%,-2.3%,2024-02-14 04:30:00
2024-02-14,5:00am,EUR,Flash Employment Change q/q,Non-economic,0.3%,0.3%,0.2%,2024-02-14 05:00:00
2024-02-14,5:00am,EUR,Flash GDP q/q,Non-economic,0.0%,0.0%,0.0%,2024-02-14 05:00:00
2024-02-14,5:00am,EUR,Industrial Production m/m,Non-economic,2.6%,-0.2%,0.4%,2024-02-14 05:00:00
2024-02-14,5:33am,EUR,German 30-y Bond Auction,Non-economic,2.53|2.8,,2.45|2.5,2024-02-14 05:33:00
2024-02-14,6:33am,GBP,10-y Bond Auction,Non-economic,4.13|3.1,,3.97|3.1,2024-02-14 06:33:00
2024-02-14,9:30am,GBP,CB Leading Index m/m,Non-economic,-0.1%,,-0.3%,2024-02-14 09:30:00
2024-02-14,10:00am,GBP,BOE Gov Bailey Speaks,High,,,,2024-02-14 10:00:00
2024-02-14,10:30am,USD,Crude Oil Inventories,Non-economic,12.0M,3.3M,5.5M,2024-02-14 10:30:00
2024-02-14,12:00pm,EUR,German Buba President Nagel Speaks,Non-economic,,,,2024-02-14 12:00:00
2024-02-14,2:30pm,CAD,Gov Council Member Mendes Speaks,Non-economic,,,,2024-02-14 14:30:00
2024-02-14,4:00pm,USD,FOMC Member Barr Speaks,Non-economic,,,,2024-02-14 16:00:00
2024-02-14,4:45pm,NZD,Visitor Arrivals m/m,Non-economic,-2.2%,,-1.6%,2024-02-14 16:45:00
2024-02-14,5:00pm,AUD,RBA Gov Bullock Speaks,High,,,,2024-02-14 17:00:00
2024-02-14,6:50pm,JPY,Prelim GDP Price Index y/y,Non-economic,3.8%,4.0%,5.3%,2024-02-14 18:50:00
2024-02-14,6:50pm,JPY,Prelim GDP q/q,Non-economic,-0.1%,0.2%,-0.7%,2024-02-14 18:50:00
2024-02-14,7:00pm,AUD,MI Inflation Expectations,Non-economic,4.5%,,4.5%,2024-02-14 19:00:00
2024-02-14,7:30pm,AUD,Employment Change,High,0.5K,26.4K,-62.7K,2024-02-14 19:30:00
2024-02-14,7:30pm,AUD,Unemployment Rate,High,4.1%,4.0%,3.9%,2024-02-14 19:30:00
2024-02-14,All Day,CNY,Bank Holiday,Low,,,,2024-02-14 00:00:00
2024-02-14,11:30pm,JPY,Revised Industrial Production m/m,Non-economic,1.4%,1.8%,1.8%,2024-02-14 23:30:00
2024-02-15,2:00am,GBP,GDP m/m,High,-0.1%,-0.2%,0.2%,2024-02-15 02:00:00
2024-02-15,2:00am,GBP,Prelim GDP q/q,Medium,-0.3%,-0.1%,-0.1%,2024-02-15 02:00:00
2024-02-15,2:00am,GBP,Construction Output m/m,Non-economic,-0.5%,-0.1%,-0.7%,2024-02-15 02:00:00
2024-02-15,2:00am,GBP,Goods Trade Balance,Non-economic,-14.0B,-15.0B,-15.1B,2024-02-15 02:00:00
2024-02-15,2:00am,GBP,Index of Services 3m/3m,Non-economic,-0.2%,0.1%,-0.2%,2024-02-15 02:00:00
2024-02-15,2:00am,GBP,Industrial Production m/m,Non-economic,0.6%,-0.1%,0.5%,2024-02-15 02:00:00
2024-02-15,2:00am,GBP,Manufacturing Production m/m,Non-economic,0.8%,-0.1%,0.8%,2024-02-15 02:00:00
2024-02-15,2:00am,GBP,Prelim Business Investment q/q,Non-economic,1.5%,-0.1%,-3.2%,2024-02-15 02:00:00
2024-02-15,2:30am,CHF,PPI m/m,Non-economic,-0.5%,-0.2%,-0.6%,2024-02-15 02:30:00
2024-02-15,3:00am,CHF,SECO Consumer Climate,Non-economic,-41,-33,-40,2024-02-15 03:00:00
2024-02-15,3:00am,EUR,ECB President Lagarde Speaks,Medium,,,,2024-02-15 03:00:00
2024-02-15,4:00am,EUR,Italian Trade Balance,Non-economic,5.61B,3.65B,3.88B,2024-02-15 04:00:00
2024-02-15,4:46am,EUR,Spanish 10-y Bond Auction,Non-economic,3.14|1.9,,3.17|1.8,2024-02-15 04:46:00
2024-02-15,5:00am,EUR,EU Economic Forecasts,Non-economic,,,,2024-02-15 05:00:00
2024-02-15,5:00am,EUR,Trade Balance,Non-economic,13.0B,15.7B,15.1B,2024-02-15 05:00:00
2024-02-15,7:22am,GBP,NIESR GDP Estimate,Non-economic,-0.1%,,-0.3%,2024-02-15 07:22:00
2024-02-15,8:00am,GBP,MPC Member Greene Speaks,Non-economic,,,,2024-02-15 08:00:00
2024-02-15,8:15am,CAD,Housing Starts,Non-economic,224K,236K,249K,2024-02-15 08:15:00
2024-02-15,8:30am,CAD,Manufacturing Sales m/m,Non-economic,-0.7%,-0.5%,1.5%,2024-02-15 08:30:00
2024-02-15,8:30am,USD,Core Retail Sales m/m,High,-0.6%,0.2%,0.4%,2024-02-15 08:30:00
2024-02-15,8:30am,USD,Empire State Manufacturing Index,High,-2.4,-13.7,-43.7,2024-02-15 08:30:00
2024-02-15,8:30am,USD,Retail Sales m/m,High,-0.8%,-0.2%,0.4%,2024-02-15 08:30:00
2024-02-15,8:30am,USD,Unemployment Claims,High,212K,219K,220K,2024-02-15 08:30:00
2024-02-15,8:30am,USD,Philly Fed Manufacturing Index,Medium,5.2,-8.0,-10.6,2024-02-15 08:30:00
2024-02-15,8:30am,USD,Import Prices m/m,Non-economic,0.8%,0.0%,-0.7%,2024-02-15 08:30:00
2024-02-15,8:50am,GBP,MPC Member Mann Speaks,Non-economic,,,,2024-02-15 08:50:00
2024-02-15,9:15am,USD,Industrial Production m/m,Medium,-0.1%,0.2%,0.0%,2024-02-15 09:15:00
2024-02-15,9:15am,USD,Capacity Utilization Rate,Non-economic,78.5%,78.8%,78.7%,2024-02-15 09:15:00
2024-02-15,10:00am,USD,Business Inventories m/m,Non-economic,0.4%,0.4%,-0.1%,2024-02-15 10:00:00
2024-02-15,10:00am,USD,NAHB Housing Market Index,Non-economic,48,46,44,2024-02-15 10:00:00
2024-02-15,10:30am,AUD,CB Leading Index m/m,Non-economic,0.3%,,0.0%,2024-02-15 10:30:00
2024-02-15,10:30am,USD,Natural Gas Storage,Non-economic,-49B,-67B,-75B,2024-02-15 10:30:00
2024-02-15,1:00pm,EUR,German Buba President Nagel Speaks,Non-economic,,,,2024-02-15 13:00:00
2024-02-15,1:15pm,USD,FOMC Member Waller Speaks,Medium,,,,2024-02-15 13:15:00
2024-02-15,1:40pm,NZD,RBNZ Gov Orr Speaks,Medium,,,,2024-02-15 13:40:00
2024-02-15,4:00pm,USD,TIC Long-Term Purchases,Non-economic,160.2B,42.6B,99.7B,2024-02-15 16:00:00
2024-02-15,4:30pm,NZD,BusinessNZ Manufacturing Index,Non-economic,47.3,,43.4,2024-02-15 16:30:00
2024-02-15,7:00pm,USD,FOMC Member Bostic Speaks,Non-economic,,,,2024-02-15 19:00:00
2024-02-15,All Day,CNY,Bank Holiday,Low,,,,2024-02-15 00:00:00
2024-02-15,11:30pm,JPY,Tertiary Industry Activity m/m,Non-economic,0.7%,0.2%,-1.4%,2024-02-15 23:30:00
2024-02-16,2:00am,EUR,German WPI m/m,Non-economic,0.1%,-0.4%,-0.6%,2024-02-16 02:00:00
2024-02-16,2:00am,GBP,Retail Sales m/m,High,3.4%,1.5%,-3.3%,2024-02-16 02:00:00
2024-02-16,2:45am,EUR,French Final CPI m/m,Non-economic,-0.2%,-0.2%,-0.2%,2024-02-16 02:45:00
2024-02-16,8:30am,CAD,Foreign Securities Purchases,Non-economic,10.44B,-6.45B,11.31B,2024-02-16 08:30:00
2024-02-16,8:30am,CAD,Wholesale Sales m/m,Non-economic,0.3%,0.7%,0.9%,2024-02-16 08:30:00
2024-02-16,8:30am,USD,Core PPI m/m,High,0.5%,0.1%,-0.1%,2024-02-16 08:30:00
2024-02-16,8:30am,USD,PPI m/m,High,0.3%,0.1%,-0.1%,2024-02-16 08:30:00
2024-02-16,8:30am,USD,Building Permits,Medium,1.47M,1.51M,1.49M,2024-02-16 08:30:00
2024-02-16,8:30am,USD,Housing Starts,Non-economic,1.33M,1.45M,1.56M,2024-02-16 08:30:00
2024-02-16,9:10am,USD,FOMC Member Barr Speaks,Non-economic,,,,2024-02-16 09:10:00
2024-02-16,10:00am,USD,Prelim UoM Consumer Sentiment,High,79.6,80.0,79.0,2024-02-16 10:00:00
2024-02-16,10:00am,USD,Prelim UoM Inflation Expectations,Medium,3.0%,,2.9%,2024-02-16 10:00:00
2024-02-16,12:45pm,USD,FOMC Member Daly Speaks,Non-economic,,,,2024-02-16 12:45:00
2024-02-16,2:40pm,GBP,MPC Member Pill Speaks,Non-economic,,,,2024-02-16 14:40:00
2024-02-18,4:30pm,NZD,BusinessNZ Services Index,Non-economic,52.1,,48.8,2024-02-18 16:30:00
2024-02-18,6:50pm,JPY,Core Machinery Orders m/m,Non-economic,2.7%,2.7%,-4.9%,2024-02-18 18:50:00
2024-02-18,7:01pm,GBP,Rightmove HPI m/m,Non-economic,0.9%,,1.3%,2024-02-18 19:01:00
2024-02-19,6:00am,EUR,German Buba Monthly Report,Non-economic,,,,2024-02-19 06:00:00
2024-02-19,All Day,CAD,Bank Holiday,Low,,,,2024-02-19 00:00:00
2024-02-19,All Day,USD,Bank Holiday,Low,,,,2024-02-19 00:00:00
2024-02-19,8:30am,CAD,IPPI m/m,Non-economic,-0.1%,-0.1%,-1.6%,2024-02-19 08:30:00
2024-02-19,8:30am,CAD,RMPI m/m,Non-economic,1.2%,0.7%,-4.9%,2024-02-19 08:30:00
2024-02-19,7:30pm,AUD,Monetary Policy Meeting Minutes,High,,,,2024-02-19 19:30:00
2024-02-19,8:15pm,CNY,1-y Loan Prime Rate,Medium,3.45%,3.45%,3.45%,2024-02-19 20:15:00
2024-02-19,8:15pm,CNY,5-y Loan Prime Rate,Medium,3.95%,4.10%,4.20%,2024-02-19 20:15:00
2024-02-20,2:00am,CHF,Trade Balance,Non-economic,4.74B,2.35B,1.27B,2024-02-20 02:00:00
2024-02-20,4:00am,EUR,Current Account,Non-economic,31.9B,20.3B,22.5B,2024-02-20 04:00:00
2024-02-20,5:15am,GBP,Monetary Policy Report Hearings,Medium,,,,2024-02-20 05:15:00
2024-02-20,8:30am,CAD,CPI m/m,High,0.0%,0.4%,-0.3%,2024-02-20 08:30:00
2024-02-20,8:30am,CAD,Median CPI y/y,High,3.3%,3.6%,3.5%,2024-02-20 08:30:00
2024-02-20,8:30am,CAD,Trimmed CPI y/y,High,3.4%,3.6%,3.7%,2024-02-20 08:30:00
2024-02-20,8:30am,CAD,Common CPI y/y,Medium,3.4%,3.8%,3.9%,2024-02-20 08:30:00
2024-02-20,8:30am,CAD,Core CPI m/m,Non-economic,0.1%,,-0.5%,2024-02-20 08:30:00
2024-02-20,9:36am,NZD,GDT Price Index,Non-economic,0.5%,,4.2%,2024-02-20 09:36:00
2024-02-20,10:00am,USD,CB Leading Index m/m,Non-economic,-0.4%,-0.3%,-0.2%,2024-02-20 10:00:00
2024-02-20,4:45pm,NZD,PPI Input q/q,Non-economic,0.9%,0.5%,1.2%,2024-02-20 16:45:00
2024-02-20,4:45pm,NZD,PPI Output q/q,Non-economic,0.7%,0.4%,0.8%,2024-02-20 16:45:00
2024-02-20,6:30pm,AUD,MI Leading Index m/m,Non-economic,-0.1%,,0.0%,2024-02-20 18:30:00
2024-02-20,6:50pm,JPY,Trade Balance,Non-economic,0.24T,-0.23T,-0.44T,2024-02-20 18:50:00
2024-02-20,7:30pm,AUD,Wage Price Index q/q,High,0.9%,0.9%,1.3%,2024-02-20 19:30:00
2024-02-21,2:00am,GBP,Public Sector Net Borrowing,Non-economic,-17.6B,-18.4B,6.5B,2024-02-21 02:00:00
2024-02-21,5:35am,EUR,German 10-y Bond Auction,Non-economic,2.38|2.1,,2.23|1.8,2024-02-21 05:35:00
2024-02-21,6:00am,GBP,CBI Industrial Order Expectations,Non-economic,-20,-27,-30,2024-02-21 06:00:00
2024-02-21,8:00am,USD,FOMC Member Bostic Speaks,Non-economic,,,,2024-02-21 08:00:00
2024-02-21,8:30am,CAD,NHPI m/m,Non-economic,-0.1%,0.1%,0.0%,2024-02-21 08:30:00
2024-02-21,9:00am,GBP,MPC Member Dhingra Speaks,Non-economic,,,,2024-02-21 09:00:00
2024-02-21,9:10am,USD,FOMC Member Barkin Speaks,Medium,,,,2024-02-21 09:10:00
2024-02-21,10:00am,EUR,Consumer Confidence,Non-economic,-16,-16,-16,2024-02-21 10:00:00
2024-02-21,1:00pm,USD,FOMC Member Bowman Speaks,Non-economic,,,,2024-02-21 13:00:00
2024-02-21,2:00pm,USD,FOMC Meeting Minutes,High,,,,2024-02-21 14:00:00
2024-02-21,4:30pm,USD,API Weekly Statistical Bulletin,Non-economic,,,,2024-02-21 16:30:00
2024-02-21,4:45pm,NZD,Trade Balance,Non-economic,-976M,-200M,-368M,2024-02-21 16:45:00
2024-02-21,5:00pm,AUD,Flash Manufacturing PMI,Non-economic,47.7,,50.1,2024-02-21 17:00:00
2024-02-21,5:00pm,AUD,Flash Services PMI,Non-economic,52.8,,49.1,2024-02-21 17:00:00
2024-02-21,7:30pm,JPY,Flash Manufacturing PMI,Non-economic,47.2,48.2,48.0,2024-02-21 19:30:00
2024-02-21,9:05pm,NZD,Credit Card Spending y/y,Non-economic,-0.3%,,4.3%,2024-02-21 21:05:00
2024-02-22,1:30am,GBP,MPC Member Greene Speaks,Non-economic,,,,2024-02-22 01:30:00
2024-02-22,3:15am,EUR,French Flash Manufacturing PMI,High,46.8,43.5,43.1,2024-02-22 03:15:00
2024-02-22,3:15am,EUR,French Flash Services PMI,High,48.0,45.7,45.4,2024-02-22 03:15:00
2024-02-22,3:30am,EUR,German Flash Manufacturing PMI,High,42.3,46.1,45.5,2024-02-22 03:30:00
2024-02-22,3:30am,EUR,German Flash Services PMI,High,48.2,48.0,47.7,2024-02-22 03:30:00
2024-02-22,4:00am,EUR,Flash Manufacturing PMI,Medium,46.1,47.0,46.6,2024-02-22 04:00:00
2024-02-22,4:00am,EUR,Flash Services PMI,Medium,50.0,48.8,48.4,2024-02-22 04:00:00
2024-02-22,4:30am,GBP,Flash Manufacturing PMI,High,47.1,47.5,47.0,2024-02-22 04:30:00
2024-02-22,4:30am,GBP,Flash Services PMI,High,54.3,54.2,54.3,2024-02-22 04:30:00
2024-02-22,5:00am,EUR,Final Core CPI y/y,Non-economic,3.3%,3.3%,3.3%,2024-02-22 05:00:00
2024-02-22,5:00am,EUR,Final CPI y/y,Non-economic,2.8%,2.8%,2.8%,2024-02-22 05:00:00
2024-02-22,Day 1,EUR,ECOFIN Meetings,Non-economic,,,,2024-02-22 00:00:00
2024-02-22,7:30am,EUR,ECB Monetary Policy Meeting Accounts,Non-economic,,,,2024-02-22 07:30:00
2024-02-22,8:30am,CAD,Core Retail Sales m/m,Medium,0.6%,0.7%,-0.4%,2024-02-22 08:30:00
2024-02-22,8:30am,CAD,Retail Sales m/m,Medium,0.9%,0.8%,0.0%,2024-02-22 08:30:00
2024-02-22,8:30am,USD,Unemployment Claims,High,201K,217K,213K,2024-02-22 08:30:00
2024-02-22,9:00am,CNY,CB Leading Index m/m,Non-economic,-0.1%,,-0.3%,2024-02-22 09:00:00
2024-02-22,9:45am,USD,Flash Manufacturing PMI,High,51.5,50.5,50.7,2024-02-22 09:45:00
2024-02-22,9:45am,USD,Flash Services PMI,High,51.3,52.4,52.5,2024-02-22 09:45:00
2024-02-22,10:00am,USD,Existing Home Sales,Medium,4.00M,3.96M,3.88M,2024-02-22 10:00:00
2024-02-22,10:00am,USD,FOMC Member Jefferson Speaks,Non-economic,,,,2024-02-22 10:00:00
2024-02-22,10:30am,USD,Natural Gas Storage,Non-economic,-60B,-59B,-49B,2024-02-22 10:30:00
2024-02-22,11:00am,USD,Crude Oil Inventories,Non-economic,3.5M,3.9M,12.0M,2024-02-22 11:00:00
2024-02-22,4:45pm,NZD,Retail Sales q/q,Medium,-1.9%,-0.2%,-0.8%,2024-02-22 16:45:00
2024-02-22,4:45pm,NZD,Core Retail Sales q/q,Non-economic,-1.7%,-0.1%,0.4%,2024-02-22 16:45:00
2024-02-22,5:00pm,USD,FOMC Member Cook Speaks,Non-economic,,,,2024-02-22 17:00:00
2024-02-22,All Day,JPY,Bank Holiday,Low,,,,2024-02-22 00:00:00
2024-02-22,7:01pm,GBP,GfK Consumer Confidence,Non-economic,-21,-18,-19,2024-02-22 19:01:00
2024-02-22,7:35pm,USD,FOMC Member Waller Speaks,Medium,,,,2024-02-22 19:35:00
2024-02-22,8:30pm,CNY,New Home Prices m/m,Non-economic,-0.37%,,-0.45%,2024-02-22 20:30:00
2024-02-23,2:00am,EUR,German Final GDP q/q,Non-economic,-0.3%,-0.3%,-0.3%,2024-02-23 02:00:00
2024-02-23,3:00am,GBP,MPC Member Greene Speaks,Non-economic,,,,2024-02-23 03:00:00
2024-02-23,3:30am,CHF,Gov Board Member Schlegel Speaks,Non-economic,,,,2024-02-23 03:30:00
2024-02-23,3:33am,CNY,Foreign Direct Investment ytd/y,Non-economic,-11.7%,,-8.0%,2024-02-23 03:33:00
2024-02-23,4:00am,EUR,German ifo Business Climate,Medium,85.5,85.5,85.2,2024-02-23 04:00:00
2024-02-23,5:00am,EUR,German Buba President Nagel Speaks,Non-economic,,,,2024-02-23 05:00:00
2024-02-23,Day 2,EUR,ECOFIN Meetings,Non-economic,,,,2024-02-23 00:00:00
2024-02-23,All Day,EUR,Eurogroup Meetings,Non-economic,,,,2024-02-23 00:00:00
2024-02-23,8:30am,CAD,Corporate Profits q/q,Non-economic,2.7%,,4.7%,2024-02-23 08:30:00
2024-02-23,8:56am,EUR,Belgian NBB Business Climate,Non-economic,-12.8,-16.0,-16.4,2024-02-23 08:56:00
2024-02-24,Day 3,EUR,ECOFIN Meetings,Non-economic,,,,2024-02-24 00:00:00
2024-02-25,6:50pm,JPY,SPPI y/y,Non-economic,2.1%,2.4%,2.4%,2024-02-25 18:50:00
2024-02-26,4:00am,GBP,MPC Member Breeden Speaks,Non-economic,,,,2024-02-26 04:00:00
2024-02-26,6:00am,GBP,CBI Realized Sales,Non-economic,-7,-33,-50,2024-02-26 06:00:00
2024-02-26,6:00am,GBP,MPC Member Pill Speaks,Non-economic,,,,2024-02-26 06:00:00
2024-02-26,10:00am,USD,New Home Sales,Medium,661K,680K,651K,2024-02-26 10:00:00
2024-02-26,11:00am,EUR,ECB President Lagarde Speaks,Medium,,,,2024-02-26 11:00:00
2024-02-26,6:30pm,JPY,National Core CPI y/y,Non-economic,2.0%,1.9%,2.3%,2024-02-26 18:30:00
2024-02-26,7:01pm,GBP,BRC Shop Price Index y/y,Non-economic,2.5%,,2.9%,2024-02-26 19:01:00
2024-02-27,2:00am,EUR,German GfK Consumer Climate,Non-economic,-29.0,-29.0,-29.6,2024-02-27 02:00:00
2024-02-27,4:00am,EUR,M3 Money Supply y/y,Non-economic,0.1%,0.3%,0.2%,2024-02-27 04:00:00
2024-02-27,4:00am,EUR,Private Loans y/y,Non-economic,0.3%,0.4%,0.4%,2024-02-27 04:00:00
2024-02-27,8:30am,USD,Durable Goods Orders m/m,High,-6.1%,-4.9%,-0.3%,2024-02-27 08:30:00
2024-02-27,8:30am,USD,Core Durable Goods Orders m/m,Medium,-0.3%,0.2%,0.5%,2024-02-27 08:30:00
2024-02-27,8:40am,GBP,MPC Member Ramsden Speaks,Non-economic,,,,2024-02-27 08:40:00
2024-02-27,9:00am,USD,S&P/CS Composite-20 HPI y/y,Medium,6.1%,6.0%,5.4%,2024-02-27 09:00:00
2024-02-27,9:00am,USD,HPI m/m,Non-economic,0.1%,0.3%,0.4%,2024-02-27 09:00:00
2024-02-27,9:05am,USD,FOMC Member Barr Speaks,Non-economic,,,,2024-02-27 09:05:00
2024-02-27,9:59am,USD,Richmond Manufacturing Index,Medium,-5,-4,-15,2024-02-27 09:59:00
2024-02-27,10:00am,USD,CB Consumer Confidence,High,106.7,114.8,110.9,2024-02-27 10:00:00
2024-02-27,4:30pm,USD,API Weekly Statistical Bulletin,Non-economic,,,,2024-02-27 16:30:00
2024-02-27,7:30pm,AUD,CPI y/y,High,3.4%,3.6%,3.4%,2024-02-27 19:30:00
2024-02-27,7:30pm,AUD,Construction Work Done q/q,Non-economic,0.7%,0.6%,1.4%,2024-02-27 19:30:00
2024-02-27,8:00pm,NZD,Official Cash Rate,High,5.50%,5.50%,5.50%,2024-02-27 20:00:00
2024-02-27,8:00pm,NZD,RBNZ Monetary Policy Statement,High,,,,2024-02-27 20:00:00
2024-02-27,8:00pm,NZD,RBNZ Rate Statement,High,,,,2024-02-27 20:00:00
2024-02-27,9:00pm,NZD,RBNZ Press Conference,Medium,,,,2024-02-27 21:00:00
2024-02-28,4:00am,CHF,UBS Economic Expectations,Non-economic,10.2,,-19.5,2024-02-28 04:00:00
2024-02-28,5:19am,EUR,Italian 10-y Bond Auction,Non-economic,3.91|1.4,,3.69|1.7,2024-02-28 05:19:00
2024-02-28,8:30am,CAD,Current Account,Non-economic,-1.6B,-1.9B,-4.7B,2024-02-28 08:30:00
2024-02-28,8:30am,USD,Prelim GDP q/q,High,3.2%,3.3%,3.3%,2024-02-28 08:30:00
2024-02-28,8:30am,USD,Prelim GDP Price Index q/q,Medium,1.6%,1.5%,1.5%,2024-02-28 08:30:00
2024-02-28,8:30am,USD,Goods Trade Balance,Non-economic,-90.2B,-88.4B,-87.9B,2024-02-28 08:30:00
2024-02-28,8:30am,USD,Prelim Wholesale Inventories m/m,Non-economic,-0.1%,0.1%,0.4%,2024-02-28 08:30:00
2024-02-28,10:30am,GBP,MPC Member Mann Speaks,Non-economic,,,,2024-02-28 10:30:00
2024-02-28,10:30am,USD,Crude Oil Inventories,Non-economic,4.2M,3.1M,3.5M,2024-02-28 10:30:00
2024-02-28,Day 1,All,G20 Meetings,Medium,,,,2024-02-28 00:00:00
2024-02-28,12:00pm,USD,FOMC Member Bostic Speaks,Non-economic,,,,2024-02-28 12:00:00
2024-02-28,12:45pm,USD,FOMC Member Williams Speaks,Non-economic,,,,2024-02-28 12:45:00
2024-02-28,2:10pm,NZD,RBNZ Gov Orr Speaks,Medium,,,,2024-02-28 14:10:00
2024-02-28,6:50pm,JPY,Prelim Industrial Production m/m,Non-economic,-7.5%,-6.7%,1.4%,2024-02-28 18:50:00
2024-02-28,6:50pm,JPY,Retail Sales y/y,Non-economic,2.3%,2.0%,2.3%,2024-02-28 18:50:00
2024-02-28,7:00pm,NZD,ANZ Business Confidence,Non-economic,34.7,,36.6,2024-02-28 19:00:00
2024-02-28,7:30pm,AUD,Retail Sales m/m,Medium,1.1%,1.6%,-2.1%,2024-02-28 19:30:00
2024-02-28,7:30pm,AUD,Private Capital Expenditure q/q,Non-economic,0.8%,0.4%,0.3%,2024-02-28 19:30:00
2024-02-28,7:30pm,AUD,Private Sector Credit m/m,Non-economic,0.4%,0.4%,0.4%,2024-02-28 19:30:00
Thu Feb 29,12:00am,JPY,Housing Starts y/y,Non-economic,-7.5%,-7.6%,-4.0%,2024-02-29 00:00:00
Thu Feb 29,12:02am,JPY,BOJ Core CPI y/y,Non-economic,2.6%,2.3%,2.6%,2024-02-29 00:02:00
Thu Feb 29,1:30am,EUR,French Final Private Payrolls q/q,Non-economic,-0.1%,0.0%,0.0%,2024-02-29 01:30:00
Thu Feb 29,2:00am,EUR,German Retail Sales m/m,Non-economic,-0.4%,0.5%,-0.5%,2024-02-29 02:00:00
Thu Feb 29,All Day,EUR,German Prelim CPI m/m,High,0.4%,0.5%,0.2%,2024-02-29 00:00:00
Thu Feb 29,2:45am,EUR,French Consumer Spending m/m,Non-economic,-0.3%,-0.1%,0.3%,2024-02-29 02:45:00
Thu Feb 29,2:45am,EUR,French Prelim CPI m/m,Non-economic,0.8%,0.7%,-0.2%,2024-02-29 02:45:00
Thu Feb 29,2:45am,EUR,French Prelim GDP q/q,Non-economic,0.1%,0.0%,0.0%,2024-02-29 02:45:00
Thu Feb 29,3:00am,CHF,GDP q/q,Medium,0.3%,0.1%,0.3%,2024-02-29 03:00:00
Thu Feb 29,3:00am,CHF,KOF Economic Barometer,Non-economic,101.6,101.6,102.5,2024-02-29 03:00:00
Thu Feb 29,3:00am,EUR,Spanish Flash CPI y/y,Medium,2.8%,2.8%,3.4%,2024-02-29 03:00:00
Thu Feb 29,3:55am,EUR,German Unemployment Change,Non-economic,11K,6K,1K,2024-02-29 03:55:00
Thu Feb 29,4:30am,GBP,M4 Money Supply m/m,Non-economic,-0.1%,0.3%,0.5%,2024-02-29 04:30:00
Thu Feb 29,4:30am,GBP,Mortgage Approvals,Non-economic,55K,52K,52K,2024-02-29 04:30:00
Thu Feb 29,4:30am,GBP,Net Lending to Individuals m/m,Non-economic,0.8B,1.9B,0.4B,2024-02-29 04:30:00
Thu Feb 29,8:30am,CAD,GDP m/m,High,0.0%,0.2%,0.2%,2024-02-29 08:30:00
Thu Feb 29,8:30am,USD,Core PCE Price Index m/m,High,0.4%,0.4%,0.1%,2024-02-29 08:30:00
Thu Feb 29,8:30am,USD,Unemployment Claims,High,215K,209K,202K,2024-02-29 08:30:00
Thu Feb 29,8:30am,USD,Personal Income m/m,Non-economic,1.0%,0.4%,0.3%,2024-02-29 08:30:00
Thu Feb 29,8:30am,USD,Personal Spending m/m,Non-economic,0.2%,0.2%,0.7%,2024-02-29 08:30:00
Thu Feb 29,9:45am,USD,Chicago PMI,Medium,44.0,48.1,46.0,2024-02-29 09:45:00
Thu Feb 29,10:00am,USD,Pending Home Sales m/m,Medium,-4.9%,1.4%,5.7%,2024-02-29 10:00:00
Thu Feb 29,10:30am,USD,Natural Gas Storage,Non-economic,-96B,-86B,-60B,2024-02-29 10:30:00
Thu Feb 29,10:50am,USD,FOMC Member Bostic Speaks,Non-economic,,,,2024-02-29 10:50:00
Thu Feb 29,Day 2,All,G20 Meetings,Medium,,,,2024-02-29 00:00:00
Thu Feb 29,1:15pm,USD,FOMC Member Mester Speaks,Medium,,,,2024-02-29 13:15:00
Thu Feb 29,4:45pm,NZD,Building Consents m/m,Non-economic,-8.8%,,3.6%,2024-02-29 16:45:00
Thu Feb 29,6:30pm,JPY,Unemployment Rate,Non-economic,2.4%,2.4%,2.4%,2024-02-29 18:30:00
Thu Feb 29,7:05pm,NZD,RBNZ Gov Orr Speaks,Medium,,,,2024-02-29 19:05:00
Thu Feb 29,7:30pm,JPY,Final Manufacturing PMI,Non-economic,47.2,47.2,47.2,2024-02-29 19:30:00
Thu Feb 29,8:10pm,USD,FOMC Member Williams Speaks,Non-economic,,,,2024-02-29 20:10:00
Thu Feb 29,8:30pm,CNY,Manufacturing PMI,High,49.1,49.1,49.2,2024-02-29 20:30:00
Thu Feb 29,8:30pm,CNY,Non-Manufacturing PMI,Medium,51.4,50.9,50.7,2024-02-29 20:30:00
Thu Feb 29,8:45pm,CNY,RatingDog Manufacturing PMI,Medium,50.9,50.7,50.8,2024-02-29 20:45:00
2024-03-01,12:00am,JPY,Consumer Confidence,Non-economic,39.1,38.4,38.0,2024-03-01 00:00:00
2024-03-01,12:30am,AUD,Commodity Prices y/y,Non-economic,-11.0%,,-10.4%,2024-03-01 00:30:00
2024-03-01,2:00am,GBP,Nationwide HPI m/m,Non-economic,0.7%,0.2%,0.7%,2024-03-01 02:00:00
2024-03-01,2:30am,CHF,Retail Sales y/y,Non-economic,0.3%,0.4%,-0.1%,2024-03-01 02:30:00
2024-03-01,3:15am,EUR,Spanish Manufacturing PMI,Non-economic,51.5,49.7,49.2,2024-03-01 03:15:00
2024-03-01,3:30am,CHF,Manufacturing PMI,Non-economic,44.0,44.3,43.1,2024-03-01 03:30:00
2024-03-01,3:45am,EUR,Italian Manufacturing PMI,Non-economic,48.7,49.0,48.5,2024-03-01 03:45:00
2024-03-01,3:50am,EUR,French Final Manufacturing PMI,Non-economic,47.1,46.8,46.8,2024-03-01 03:50:00
2024-03-01,3:55am,EUR,German Final Manufacturing PMI,Non-economic,42.5,42.3,42.3,2024-03-01 03:55:00
2024-03-01,4:00am,EUR,Final Manufacturing PMI,Non-economic,46.5,46.1,46.1,2024-03-01 04:00:00
2024-03-01,4:00am,EUR,Italian Monthly Unemployment Rate,Non-economic,7.2%,7.2%,7.2%,2024-03-01 04:00:00
2024-03-01,4:30am,GBP,Final Manufacturing PMI,Non-economic,47.5,47.1,47.1,2024-03-01 04:30:00
2024-03-01,5:00am,EUR,Core CPI Flash Estimate y/y,Medium,3.1%,2.9%,3.3%,2024-03-01 05:00:00
2024-03-01,5:00am,EUR,CPI Flash Estimate y/y,Medium,2.6%,2.5%,2.8%,2024-03-01 05:00:00
2024-03-01,5:00am,EUR,Italian Prelim CPI m/m,Non-economic,0.1%,0.3%,0.3%,2024-03-01 05:00:00
2024-03-01,5:00am,EUR,Unemployment Rate,Non-economic,6.4%,6.4%,6.5%,2024-03-01 05:00:00
2024-03-01,9:00am,GBP,MPC Member Pill Speaks,Non-economic,,,,2024-03-01 09:00:00
2024-03-01,9:30am,CAD,Manufacturing PMI,Non-economic,49.7,,48.3,2024-03-01 09:30:00
2024-03-01,9:45am,USD,Final Manufacturing PMI,Non-economic,52.2,51.5,51.5,2024-03-01 09:45:00
2024-03-01,10:00am,USD,ISM Manufacturing PMI,High,47.8,49.5,49.1,2024-03-01 10:00:00
2024-03-01,10:00am,USD,Revised UoM Consumer Sentiment,High,76.9,79.6,79.6,2024-03-01 10:00:00
2024-03-01,10:00am,USD,ISM Manufacturing Prices,Medium,52.5,53.5,52.9,2024-03-01 10:00:00
2024-03-01,10:00am,USD,Construction Spending m/m,Non-economic,-0.2%,0.2%,1.1%,2024-03-01 10:00:00
2024-03-01,10:00am,USD,Revised UoM Inflation Expectations,Non-economic,3.0%,,3.0%,2024-03-01 10:00:00
2024-03-01,10:15am,USD,FOMC Member Waller Speaks,Medium,,,,2024-03-01 10:15:00
2024-03-01,All Day,USD,Wards Total Vehicle Sales,Non-economic,15.8M,15.4M,15.0M,2024-03-01 00:00:00
2024-03-01,11:00am,USD,Fed Monetary Policy Report,Non-economic,,,,2024-03-01 11:00:00
2024-03-01,12:15pm,USD,FOMC Member Bostic Speaks,Non-economic,,,,2024-03-01 12:15:00
2024-03-01,1:30pm,USD,FOMC Member Daly Speaks,Non-economic,,,,2024-03-01 13:30:00
2024-03-01,3:30pm,USD,FOMC Member Kugler Speaks,Non-economic,,,,2024-03-01 15:30:00
2024-03-03,4:45pm,NZD,Overseas Trade Index q/q,Non-economic,-7.8%,-0.1%,-0.6%,2024-03-03 16:45:00
2024-03-03,6:50pm,JPY,Capital Spending q/y,Non-economic,16.4%,2.9%,3.4%,2024-03-03 18:50:00
2024-03-03,6:50pm,JPY,Monetary Base y/y,Non-economic,2.4%,4.7%,4.8%,2024-03-03 18:50:00
2024-03-03,7:02pm,AUD,MI Inflation Gauge m/m,Non-economic,-0.1%,,0.3%,2024-03-03 19:02:00
2024-03-03,7:30pm,AUD,ANZ Job Advertisements m/m,Non-economic,-2.8%,,3.4%,2024-03-03 19:30:00
2024-03-03,7:30pm,AUD,Building Approvals m/m,Non-economic,-1.0%,3.8%,-10.1%,2024-03-03 19:30:00
2024-03-03,7:30pm,AUD,Company Operating Profits q/q,Non-economic,7.4%,1.1%,-1.6%,2024-03-03 19:30:00
2024-03-04,2:30am,CHF,CPI m/m,High,0.6%,0.5%,0.2%,2024-03-04 02:30:00
2024-03-04,2:45am,EUR,French Gov Budget Balance,Non-economic,-25.7B,,-173.3B,2024-03-04 02:45:00
2024-03-04,3:00am,EUR,Spanish Unemployment Change,Non-economic,-7.5K,50.0K,60.4K,2024-03-04 03:00:00
2024-03-04,4:30am,EUR,Sentix Investor Confidence,Non-economic,-10.5,-10.8,-12.9,2024-03-04 04:30:00
2024-03-04,6:30pm,JPY,Tokyo Core CPI y/y,Medium,2.5%,2.5%,1.8%,2024-03-04 18:30:00
2024-03-04,7:00pm,NZD,ANZ Commodity Prices m/m,Non-economic,3.5%,,2.1%,2024-03-04 19:00:00
2024-03-04,7:01pm,GBP,BRC Retail Sales Monitor y/y,Non-economic,1.0%,1.6%,1.4%,2024-03-04 19:01:00
2024-03-04,7:30pm,AUD,Current Account,Non-economic,11.8B,4.9B,1.3B,2024-03-04 19:30:00
2024-03-04,8:45pm,CNY,RatingDog Services PMI,Medium,52.5,52.9,52.7,2024-03-04 20:45:00
2024-03-04,10:35pm,JPY,10-y Bond Auction,Non-economic,0.72|3.2,,0.74|3.6,2024-03-04 22:35:00
2024-03-04,11:00pm,JPY,BOJ Gov Ueda Speaks,High,,,,2024-03-04 23:00:00
2024-03-05,2:45am,EUR,French Industrial Production m/m,Non-economic,-1.1%,-0.1%,0.4%,2024-03-05 02:45:00
2024-03-05,3:15am,EUR,Spanish Services PMI,Non-economic,54.7,53.4,52.1,2024-03-05 03:15:00
2024-03-05,3:45am,EUR,Italian Services PMI,Non-economic,52.2,52.2,51.2,2024-03-05 03:45:00
2024-03-05,3:50am,EUR,French Final Services PMI,Non-economic,48.4,48.0,48.0,2024-03-05 03:50:00
2024-03-05,3:55am,EUR,German Final Services PMI,Non-economic,48.3,48.2,48.2,2024-03-05 03:55:00
2024-03-05,4:00am,EUR,Final Services PMI,Non-economic,50.2,50.0,50.0,2024-03-05 04:00:00
2024-03-05,4:30am,GBP,Final Services PMI,Non-economic,53.8,54.3,54.3,2024-03-05 04:30:00
2024-03-05,5:00am,EUR,PPI m/m,Non-economic,-0.9%,-0.1%,-0.9%,2024-03-05 05:00:00
2024-03-05,9:24am,NZD,GDT Price Index,Non-economic,-2.3%,,0.5%,2024-03-05 09:24:00
2024-03-05,9:45am,USD,Final Services PMI,Non-economic,52.3,51.4,51.3,2024-03-05 09:45:00
2024-03-05,10:00am,USD,ISM Services PMI,High,52.6,53.0,53.4,2024-03-05 10:00:00
2024-03-05,10:00am,USD,Factory Orders m/m,Non-economic,-3.6%,-3.1%,-0.3%,2024-03-05 10:00:00
2024-03-05,10:36am,USD,RCM/TIPP Economic Optimism,Non-economic,43.5,45.2,44.0,2024-03-05 10:36:00
2024-03-05,12:00pm,USD,FOMC Member Barr Speaks,Non-economic,,,,2024-03-05 12:00:00
2024-03-05,3:30pm,USD,FOMC Member Barr Speaks,Non-economic,,,,2024-03-05 15:30:00
2024-03-05,4:30pm,USD,API Weekly Statistical Bulletin,Non-economic,,,,2024-03-05 16:30:00
2024-03-05,7:30pm,AUD,GDP q/q,High,0.2%,0.2%,0.3%,2024-03-05 19:30:00
2024-03-06,2:00am,EUR,German Trade Balance,Non-economic,27.5B,21.0B,23.3B,2024-03-06 02:00:00
2024-03-06,4:30am,GBP,Construction PMI,Medium,49.7,49.0,48.8,2024-03-06 04:30:00
2024-03-06,5:00am,EUR,Retail Sales m/m,Non-economic,0.1%,0.1%,-0.6%,2024-03-06 05:00:00
2024-03-06,7:34am,GBP,Annual Budget Release,High,,,,2024-03-06 07:34:00
2024-03-06,8:15am,USD,ADP Non-Farm Employment Change,High,140K,149K,111K,2024-03-06 08:15:00
2024-03-06,8:30am,CAD,Labor Productivity q/q,Non-economic,0.4%,0.2%,-0.5%,2024-03-06 08:30:00
2024-03-06,9:45am,CAD,BOC Rate Statement,High,,,,2024-03-06 09:45:00
2024-03-06,9:45am,CAD,Overnight Rate,High,5.00%,5.00%,5.00%,2024-03-06 09:45:00
2024-03-06,10:00am,CAD,Ivey PMI,Medium,53.9,54.2,56.5,2024-03-06 10:00:00
2024-03-06,10:00am,USD,Fed Chairman Powell Testifies,High,,,,2024-03-06 10:00:00
2024-03-06,10:00am,USD,JOLTS Job Openings,High,8.86M,8.80M,8.89M,2024-03-06 10:00:00
2024-03-06,10:00am,USD,Final Wholesale Inventories m/m,Non-economic,-0.3%,-0.1%,-0.1%,2024-03-06 10:00:00
2024-03-06,10:30am,CAD,BOC Press Conference,High,,,,2024-03-06 10:30:00
2024-03-06,10:30am,USD,Crude Oil Inventories,Non-economic,1.4M,2.4M,4.2M,2024-03-06 10:30:00
2024-03-06,12:00pm,USD,FOMC Member Daly Speaks,Non-economic,,,,2024-03-06 12:00:00
2024-03-06,2:00pm,USD,Beige Book,Non-economic,,,,2024-03-06 14:00:00
2024-03-06,4:45pm,NZD,Manufacturing Sales q/q,Non-economic,-0.7%,,-2.8%,2024-03-06 16:45:00
2024-03-06,6:30pm,JPY,Average Cash Earnings y/y,Non-economic,2.0%,1.3%,0.8%,2024-03-06 18:30:00
2024-03-06,7:30pm,AUD,Goods Trade Balance,Non-economic,11.03B,11.42B,10.74B,2024-03-06 19:30:00
2024-03-06,7:30pm,AUD,Household Spending m/m,Non-economic,-14.0%,,0.3%,2024-03-06 19:30:00
2024-03-06,10:01pm,CNY,Trade Balance,Non-economic,891B,620B,541B,2024-03-06 22:01:00
2024-03-06,10:02pm,CNY,USD-Denominated Trade Balance,Non-economic,125.2B,110.3B,75.3B,2024-03-06 22:02:00
2024-03-06,10:35pm,JPY,30-y Bond Auction,Non-economic,1.77|2.9,,1.79|3.2,2024-03-06 22:35:00
2024-03-07,1:45am,CHF,Unemployment Rate,Non-economic,2.2%,2.2%,2.2%,2024-03-07 01:45:00
2024-03-07,2:00am,EUR,German Factory Orders m/m,Non-economic,-11.3%,-6.0%,12.0%,2024-03-07 02:00:00
2024-03-07,2:00am,GBP,Halifax HPI m/m,Non-economic,0.4%,0.8%,1.2%,2024-03-07 02:00:00
2024-03-07,3:00am,CHF,Foreign Currency Reserves,Medium,678B,,662B,2024-03-07 03:00:00
2024-03-07,4:55am,EUR,Spanish 10-y Bond Auction,Non-economic,3.16|2.2,,3.14|1.9,2024-03-07 04:55:00
2024-03-07,5:09am,EUR,French 10-y Bond Auction,Non-economic,2.81|2.4,,2.70|1.9,2024-03-07 05:09:00
2024-03-07,7:30am,USD,Challenger Job Cuts y/y,Non-economic,8.8%,,-20.0%,2024-03-07 07:30:00
2024-03-07,8:15am,EUR,Main Refinancing Rate,High,4.50%,4.50%,4.50%,2024-03-07 08:15:00
2024-03-07,8:15am,EUR,Monetary Policy Statement,High,,,,2024-03-07 08:15:00
2024-03-07,8:30am,CAD,Building Permits m/m,Non-economic,13.5%,4.6%,-11.5%,2024-03-07 08:30:00
2024-03-07,8:30am,CAD,Trade Balance,Non-economic,0.5B,-0.1B,-0.9B,2024-03-07 08:30:00
2024-03-07,8:30am,USD,Unemployment Claims,High,217K,217K,217K,2024-03-07 08:30:00
2024-03-07,8:30am,USD,Revised Nonfarm Productivity q/q,Non-economic,3.2%,3.1%,3.2%,2024-03-07 08:30:00
2024-03-07,8:30am,USD,Revised Unit Labor Costs q/q,Non-economic,0.4%,0.7%,0.5%,2024-03-07 08:30:00
2024-03-07,8:30am,USD,Trade Balance,Non-economic,-67.4B,-63.4B,-64.2B,2024-03-07 08:30:00
2024-03-07,8:45am,EUR,ECB Press Conference,High,,,,2024-03-07 08:45:00
2024-03-07,10:00am,USD,Fed Chairman Powell Testifies,High,,,,2024-03-07 10:00:00
2024-03-07,10:30am,USD,Natural Gas Storage,Non-economic,-40B,-42B,-96B,2024-03-07 10:30:00
2024-03-07,11:30am,USD,FOMC Member Mester Speaks,Medium,,,,2024-03-07 11:30:00
2024-03-07,3:00pm,USD,Consumer Credit m/m,Non-economic,19.5B,10.1B,0.9B,2024-03-07 15:00:00
2024-03-07,6:30pm,JPY,Household Spending y/y,Non-economic,-6.3%,-4.1%,-2.5%,2024-03-07 18:30:00
2024-03-07,6:50pm,JPY,Bank Lending y/y,Non-economic,3.0%,3.2%,3.1%,2024-03-07 18:50:00
2024-03-07,6:50pm,JPY,Current Account,Non-economic,2.73T,2.07T,1.81T,2024-03-07 18:50:00
2024-03-07,9:00pm,USD,President Biden Speaks,Non-economic,,,,2024-03-07 21:00:00
2024-03-08,12:00am,JPY,Leading Indicators,Non-economic,109.9%,109.7%,110.2%,2024-03-08 00:00:00
2024-03-08,1:00am,JPY,Economy Watchers Sentiment,Non-economic,51.3,50.6,50.2,2024-03-08 01:00:00
2024-03-08,2:00am,EUR,German Industrial Production m/m,Non-economic,1.0%,0.5%,-2.0%,2024-03-08 02:00:00
2024-03-08,2:00am,EUR,German PPI m/m,Non-economic,0.2%,0.1%,-0.8%,2024-03-08 02:00:00
2024-03-08,2:45am,EUR,French Trade Balance,Non-economic,-7.4B,-6.5B,-6.4B,2024-03-08 02:45:00
2024-03-08,5:00am,EUR,Final Employment Change q/q,Non-economic,0.3%,0.3%,0.3%,2024-03-08 05:00:00
2024-03-08,5:00am,EUR,Revised GDP q/q,Non-economic,0.0%,0.0%,0.0%,2024-03-08 05:00:00
2024-03-08,7:00am,USD,FOMC Member Williams Speaks,Non-economic,,,,2024-03-08 07:00:00
2024-03-08,8:30am,CAD,Employment Change,High,40.7K,21.1K,37.3K,2024-03-08 08:30:00
2024-03-08,8:30am,CAD,Unemployment Rate,High,5.8%,5.8%,5.7%,2024-03-08 08:30:00
2024-03-08,8:30am,CAD,Capacity Utilization Rate,Non-economic,78.7%,80.2%,78.8%,2024-03-08 08:30:00
2024-03-08,8:30am,USD,Average Hourly Earnings m/m,High,0.1%,0.2%,0.5%,2024-03-08 08:30:00
2024-03-08,8:30am,USD,Non-Farm Employment Change,High,275K,198K,229K,2024-03-08 08:30:00
2024-03-08,8:30am,USD,Unemployment Rate,High,3.9%,3.7%,3.7%,2024-03-08 08:30:00
2024-03-08,8:30pm,CNY,CPI y/y,Medium,0.7%,0.3%,-0.8%,2024-03-08 20:30:00
2024-03-08,8:30pm,CNY,PPI y/y,Medium,-2.7%,-2.5%,-2.5%,2024-03-08 20:30:00
2024-03-10,2:00am,CAD,Daylight Saving Time Shift,Low,,,,2024-03-10 02:00:00
2024-03-10,2:00am,USD,Daylight Saving Time Shift,Low,,,,2024-03-10 02:00:00
2024-03-10,6:50pm,JPY,Final GDP q/q,Medium,0.1%,0.3%,-0.1%,2024-03-10 18:50:00
2024-03-10,6:50pm,JPY,Final GDP Price Index y/y,Non-economic,3.9%,3.8%,3.8%,2024-03-10 18:50:00
2024-03-10,6:50pm,JPY,M2 Money Stock y/y,Non-economic,2.5%,2.4%,2.5%,2024-03-10 18:50:00
2024-03-11,12:59am,JPY,Prelim Machine Tool Orders y/y,Non-economic,-8.0%,,-14.0%,2024-03-11 00:59:00
2024-03-11,3:00am,CHF,SECO Consumer Climate,Non-economic,-42,-35,-41,2024-03-11 03:00:00
2024-03-11,All Day,EUR,Eurogroup Meetings,Non-economic,,,,2024-03-11 00:00:00
2024-03-11,12:00pm,GBP,MPC Member Mann Speaks,Non-economic,,,,2024-03-11 12:00:00
2024-03-11,5:30pm,AUD,RBA Assist Gov Hunter Speaks,Non-economic,,,,2024-03-11 17:30:00
2024-03-11,6:50pm,JPY,BSI Manufacturing Index,Non-economic,-6.7,6.2,5.7,2024-03-11 18:50:00
2024-03-11,6:50pm,JPY,PPI y/y,Non-economic,0.6%,0.6%,0.2%,2024-03-11 18:50:00
2024-03-11,7:30pm,AUD,NAB Business Confidence,Non-economic,0,,1,2024-03-11 19:30:00
2024-03-12,2:00am,EUR,German Final CPI m/m,Non-economic,0.4%,0.4%,0.4%,2024-03-12 02:00:00
2024-03-12,2:00am,GBP,Claimant Count Change,High,16.8K,20.3K,3.1K,2024-03-12 02:00:00
2024-03-12,2:00am,GBP,Average Earnings Index 3m/y,Medium,5.6%,5.7%,5.8%,2024-03-12 02:00:00
2024-03-12,2:00am,GBP,Unemployment Rate,Non-economic,3.9%,3.8%,3.8%,2024-03-12 02:00:00
2024-03-12,All Day,EUR,ECOFIN Meetings,Non-economic,,,,2024-03-12 00:00:00
2024-03-12,5:00am,USD,NFIB Small Business Index,Non-economic,89.4,90.5,89.9,2024-03-12 05:00:00
2024-03-12,5:03am,GBP,10-y Bond Auction,Non-economic,3.93|3.6,,4.13|3.1,2024-03-12 05:03:00
2024-03-12,6:00am,GBP,MPC Member Mann Speaks,Non-economic,,,,2024-03-12 06:00:00
2024-03-12,7:30am,USD,Core CPI m/m,High,0.4%,0.3%,0.4%,2024-03-12 07:30:00
2024-03-12,7:30am,USD,CPI m/m,High,0.4%,0.4%,0.3%,2024-03-12 07:30:00
2024-03-12,7:30am,USD,CPI y/y,High,3.2%,3.1%,3.1%,2024-03-12 07:30:00
2024-03-12,8:30am,GBP,CB Leading Index m/m,Non-economic,-0.3%,,-0.3%,2024-03-12 08:30:00
2024-03-12,11:15am,GBP,BOE Gov Bailey Speaks,Medium,,,,2024-03-12 11:15:00
2024-03-12,12:01pm,USD,10-y Bond Auction,High,4.17|2.5,,4.09|2.6,2024-03-12 12:01:00
2024-03-12,1:00pm,USD,Federal Budget Balance,Non-economic,-296.3B,-298.5B,-21.9B,2024-03-12 13:00:00
2024-03-12,3:30pm,USD,API Weekly Statistical Bulletin,Non-economic,,,,2024-03-12 15:30:00
2024-03-12,4:45pm,NZD,FPI m/m,Non-economic,-0.6%,,1.2%,2024-03-12 16:45:00
2024-03-13,2:00am,EUR,German WPI m/m,Non-economic,-0.1%,0.2%,0.1%,2024-03-13 02:00:00
2024-03-13,2:00am,GBP,GDP m/m,High,0.2%,0.2%,-0.1%,2024-03-13 02:00:00
2024-03-13,2:00am,GBP,Construction Output m/m,Non-economic,1.1%,0.0%,-0.5%,2024-03-13 02:00:00
2024-03-13,2:00am,GBP,Goods Trade Balance,Non-economic,-14.5B,-14.9B,-14.0B,2024-03-13 02:00:00
2024-03-13,2:00am,GBP,Index of Services 3m/3m,Non-economic,0.0%,0.0%,-0.2%,2024-03-13 02:00:00
2024-03-13,2:00am,GBP,Industrial Production m/m,Non-economic,-0.2%,0.0%,0.6%,2024-03-13 02:00:00
2024-03-13,2:00am,GBP,Manufacturing Production m/m,Non-economic,0.0%,0.0%,0.8%,2024-03-13 02:00:00
2024-03-13,4:00am,EUR,Italian Quarterly Unemployment Rate,Non-economic,7.4%,7.3%,7.6%,2024-03-13 04:00:00
2024-03-13,5:00am,EUR,Industrial Production m/m,Non-economic,-3.2%,-1.8%,1.6%,2024-03-13 05:00:00
2024-03-13,5:33am,EUR,German 10-y Bond Auction,Non-economic,2.31|2.3,,2.38|2.1,2024-03-13 05:33:00
2024-03-13,6:50am,GBP,NIESR GDP Estimate,Non-economic,0.0%,,-0.1%,2024-03-13 06:50:00
2024-03-13,9:30am,USD,Crude Oil Inventories,Non-economic,-1.5M,0.9M,1.4M,2024-03-13 09:30:00
2024-03-13,12:01pm,USD,30-y Bond Auction,High,4.33|2.5,,4.36|2.4,2024-03-13 12:01:00
2024-03-13,4:45pm,NZD,Visitor Arrivals m/m,Non-economic,8.2%,,-2.3%,2024-03-13 16:45:00
2024-03-13,7:01pm,GBP,RICS House Price Balance,Non-economic,-10%,-10%,-19%,2024-03-13 19:01:00
2024-03-14,2:30am,CHF,PPI m/m,Non-economic,0.1%,0.2%,-0.5%,2024-03-14 02:30:00
2024-03-14,7:30am,CAD,Manufacturing Sales m/m,Non-economic,0.2%,0.3%,-1.1%,2024-03-14 07:30:00
2024-03-14,7:30am,USD,Core PPI m/m,High,0.3%,0.2%,0.5%,2024-03-14 07:30:00
2024-03-14,7:30am,USD,Core Retail Sales m/m,High,0.3%,0.5%,-0.8%,2024-03-14 07:30:00
2024-03-14,7:30am,USD,PPI m/m,High,0.6%,0.3%,0.3%,2024-03-14 07:30:00
2024-03-14,7:30am,USD,Retail Sales m/m,High,0.6%,0.8%,-1.1%,2024-03-14 07:30:00
2024-03-14,7:30am,USD,Unemployment Claims,High,209K,218K,210K,2024-03-14 07:30:00
2024-03-14,9:00am,USD,Business Inventories m/m,Non-economic,0.0%,0.2%,0.3%,2024-03-14 09:00:00
2024-03-14,9:30am,USD,Natural Gas Storage,Non-economic,-9B,-3B,-40B,2024-03-14 09:30:00
2024-03-14,4:30pm,NZD,BusinessNZ Manufacturing Index,Non-economic,49.3,,47.5,2024-03-14 16:30:00
2024-03-14,8:30pm,CNY,New Home Prices m/m,Non-economic,-0.36%,,-0.37%,2024-03-14 20:30:00
2024-03-14,11:30pm,JPY,Tertiary Industry Activity m/m,Non-economic,0.3%,0.1%,0.5%,2024-03-14 23:30:00
2024-03-15,2:45am,EUR,French Final CPI m/m,Non-economic,0.9%,0.8%,0.8%,2024-03-15 02:45:00
2024-03-15,3:34am,CNY,New Loans,Medium,1450B,1540B,4920B,2024-03-15 03:34:00
2024-03-15,3:34am,CNY,M2 Money Supply y/y,Non-economic,8.7%,8.8%,8.7%,2024-03-15 03:34:00
2024-03-15,4:30am,GBP,Consumer Inflation Expectations,Non-economic,3.0%,,3.3%,2024-03-15 04:30:00
2024-03-15,5:00am,EUR,Italian Retail Sales m/m,Non-economic,-0.1%,0.2%,-0.2%,2024-03-15 05:00:00
2024-03-15,6:00am,EUR,Italian Trade Balance,Non-economic,2.66B,6.22B,5.53B,2024-03-15 06:00:00
2024-03-15,7:15am,CAD,Housing Starts,Non-economic,253K,227K,223K,2024-03-15 07:15:00
2024-03-15,7:30am,CAD,Foreign Securities Purchases,Non-economic,8.88B,2.05B,10.80B,2024-03-15 07:30:00
2024-03-15,7:30am,CAD,Wholesale Sales m/m,Non-economic,0.1%,-0.6%,-0.3%,2024-03-15 07:30:00
2024-03-15,7:30am,USD,Empire State Manufacturing Index,High,-20.9,-7.0,-2.4,2024-03-15 07:30:00
2024-03-15,7:30am,USD,Import Prices m/m,Non-economic,0.3%,0.3%,0.8%,2024-03-15 07:30:00
2024-03-15,8:15am,USD,Industrial Production m/m,Medium,0.1%,0.0%,-0.5%,2024-03-15 08:15:00
2024-03-15,8:15am,USD,Capacity Utilization Rate,Non-economic,78.3%,78.5%,78.3%,2024-03-15 08:15:00
2024-03-15,9:00am,USD,Prelim UoM Consumer Sentiment,High,76.5,77.1,76.9,2024-03-15 09:00:00
2024-03-15,9:00am,USD,Prelim UoM Inflation Expectations,Medium,3.0%,,3.0%,2024-03-15 09:00:00
2024-03-17,4:30pm,NZD,BusinessNZ Services Index,Non-economic,53.0,,52.2,2024-03-17 16:30:00
2024-03-17,6:50pm,JPY,Core Machinery Orders m/m,Non-economic,-1.7%,-0.7%,2.7%,2024-03-17 18:50:00
2024-03-17,7:01pm,GBP,Rightmove HPI m/m,Non-economic,1.5%,,0.9%,2024-03-17 19:01:00
2024-03-17,9:00pm,CNY,Industrial Production y/y,High,7.0%,5.3%,6.8%,2024-03-17 21:00:00
2024-03-17,9:00pm,CNY,Retail Sales y/y,Medium,5.5%,5.6%,7.4%,2024-03-17 21:00:00
2024-03-17,9:00pm,CNY,Fixed Asset Investment ytd/y,Non-economic,4.2%,3.2%,3.0%,2024-03-17 21:00:00
2024-03-17,9:00pm,CNY,NBS Press Conference,Non-economic,,,,2024-03-17 21:00:00
2024-03-17,9:00pm,CNY,Unemployment Rate,Non-economic,5.3%,5.1%,5.1%,2024-03-17 21:00:00
2024-03-18,5:00am,EUR,Final Core CPI y/y,Non-economic,3.1%,3.1%,3.1%,2024-03-18 05:00:00
2024-03-18,5:00am,EUR,Final CPI y/y,Non-economic,2.6%,2.6%,2.6%,2024-03-18 05:00:00
2024-03-18,5:00am,EUR,Trade Balance,Non-economic,28.1B,14.2B,14.3B,2024-03-18 05:00:00
2024-03-18,7:30am,CAD,IPPI m/m,Non-economic,0.7%,0.0%,-0.1%,2024-03-18 07:30:00
2024-03-18,7:30am,CAD,RMPI m/m,Non-economic,2.1%,0.8%,1.2%,2024-03-18 07:30:00
2024-03-18,9:00am,USD,NAHB Housing Market Index,Non-economic,51,48,48,2024-03-18 09:00:00
2024-03-18,10:30pm,AUD,Cash Rate,High,4.35%,4.35%,4.35%,2024-03-18 22:30:00
2024-03-18,10:30pm,AUD,RBA Rate Statement,High,,,,2024-03-18 22:30:00
2024-03-18,10:36pm,JPY,BOJ Policy Rate,High,<0.10%,-0.10%,-0.10%,2024-03-18 22:36:00
2024-03-18,10:36pm,JPY,Monetary Policy Statement,High,,,,2024-03-18 22:36:00
2024-03-18,11:30pm,AUD,RBA Press Conference,High,,,,2024-03-18 23:30:00
2024-03-18,11:30pm,JPY,Revised Industrial Production m/m,Non-economic,-6.7%,-7.5%,-7.5%,2024-03-18 23:30:00
2024-03-19,1:30am,JPY,BOJ Press Conference,High,,,,2024-03-19 01:30:00
2024-03-19,2:00am,CHF,Trade Balance,Non-economic,3.66B,3.50B,4.70B,2024-03-19 02:00:00
2024-03-19,3:00am,CHF,SECO Economic Forecasts,Non-economic,,,,2024-03-19 03:00:00
2024-03-19,5:00am,EUR,German ZEW Economic Sentiment,Non-economic,31.7,20.6,19.9,2024-03-19 05:00:00
2024-03-19,5:00am,EUR,ZEW Economic Sentiment,Non-economic,33.5,25.4,25.0,2024-03-19 05:00:00
2024-03-19,7:30am,CAD,CPI m/m,High,0.3%,0.6%,0.0%,2024-03-19 07:30:00
2024-03-19,7:30am,CAD,Median CPI y/y,High,3.1%,3.3%,3.3%,2024-03-19 07:30:00
2024-03-19,7:30am,CAD,Trimmed CPI y/y,High,3.2%,3.4%,3.4%,2024-03-19 07:30:00
2024-03-19,7:30am,CAD,Common CPI y/y,Medium,3.1%,3.4%,3.3%,2024-03-19 07:30:00
2024-03-19,7:30am,USD,Building Permits,Medium,1.52M,1.50M,1.49M,2024-03-19 07:30:00
2024-03-19,7:30am,USD,Housing Starts,Non-economic,1.52M,1.43M,1.37M,2024-03-19 07:30:00
2024-03-19,7:32am,CAD,Core CPI m/m,Non-economic,0.1%,,0.1%,2024-03-19 07:32:00
2024-03-19,9:08am,NZD,GDT Price Index,Non-economic,-2.8%,,-2.3%,2024-03-19 09:08:00
2024-03-19,2:05pm,NZD,Westpac Consumer Sentiment,Non-economic,93.2,,88.9,2024-03-19 14:05:00
2024-03-19,3:00pm,USD,TIC Long-Term Purchases,Non-economic,36.1B,95.5B,158.6B,2024-03-19 15:00:00
2024-03-19,3:30pm,USD,API Weekly Statistical Bulletin,Non-economic,,,,2024-03-19 15:30:00
2024-03-19,4:45pm,NZD,Current Account,Non-economic,-7.84B,-7.79B,-10.97B,2024-03-19 16:45:00
2024-03-19,All Day,JPY,Bank Holiday,Low,,,,2024-03-19 00:00:00
2024-03-19,8:15pm,CNY,1-y Loan Prime Rate,Medium,3.45%,3.45%,3.45%,2024-03-19 20:15:00
2024-03-19,8:15pm,CNY,5-y Loan Prime Rate,Medium,3.95%,3.95%,3.95%,2024-03-19 20:15:00
2024-03-20,2:00am,EUR,German PPI m/m,Non-economic,-0.4%,-0.1%,0.2%,2024-03-20 02:00:00
2024-03-20,2:00am,GBP,CPI y/y,High,3.4%,3.5%,4.0%,2024-03-20 02:00:00
2024-03-20,2:00am,GBP,Core CPI y/y,Non-economic,4.5%,4.6%,5.1%,2024-03-20 02:00:00
2024-03-20,2:00am,GBP,PPI Input m/m,Non-economic,-0.4%,0.2%,-0.1%,2024-03-20 02:00:00
2024-03-20,2:00am,GBP,PPI Output m/m,Non-economic,0.3%,0.1%,0.0%,2024-03-20 02:00:00
2024-03-20,2:00am,GBP,RPI y/y,Non-economic,4.5%,4.5%,4.9%,2024-03-20 02:00:00
2024-03-20,3:45am,EUR,ECB President Lagarde Speaks,Medium,,,,2024-03-20 03:45:00
2024-03-20,4:00am,EUR,Italian Industrial Production m/m,Non-economic,-1.2%,-0.6%,1.2%,2024-03-20 04:00:00
2024-03-20,4:30am,GBP,HPI y/y,Non-economic,-0.6%,-0.7%,-2.2%,2024-03-20 04:30:00
2024-03-20,5:38am,EUR,German 30-y Bond Auction,Non-economic,2.52|3.4,,2.53|2.8,2024-03-20 05:38:00
2024-03-20,9:30am,AUD,CB Leading Index m/m,Non-economic,0.2%,,0.4%,2024-03-20 09:30:00
2024-03-20,9:30am,USD,Crude Oil Inventories,Non-economic,-2.0M,-0.9M,-1.5M,2024-03-20 09:30:00
2024-03-20,10:00am,EUR,Consumer Confidence,Non-economic,-15,-15,-16,2024-03-20 10:00:00
2024-03-20,11:30am,EUR,German Buba President Nagel Speaks,Non-economic,,,,2024-03-20 11:30:00
2024-03-20,12:30pm,CAD,BOC Summary of Deliberations,Non-economic,,,,2024-03-20 12:30:00
2024-03-20,1:00pm,USD,Federal Funds Rate,High,5.50%,5.50%,5.50%,2024-03-20 13:00:00
2024-03-20,1:00pm,USD,FOMC Economic Projections,High,,,,2024-03-20 13:00:00
2024-03-20,1:00pm,USD,FOMC Statement,High,,,,2024-03-20 13:00:00
2024-03-20,1:30pm,USD,FOMC Press Conference,High,,,,2024-03-20 13:30:00
2024-03-20,4:45pm,NZD,GDP q/q,High,-0.1%,0.1%,-0.3%,2024-03-20 16:45:00
2024-03-20,5:00pm,AUD,Flash Manufacturing PMI,Non-economic,46.8,,47.8,2024-03-20 17:00:00
2024-03-20,5:00pm,AUD,Flash Services PMI,Non-economic,53.5,,53.1,2024-03-20 17:00:00
2024-03-20,6:50pm,JPY,Trade Balance,Non-economic,-0.45T,-0.83T,0.01T,2024-03-20 18:50:00
2024-03-20,7:30pm,AUD,Employment Change,High,116.5K,39.7K,15.3K,2024-03-20 19:30:00
2024-03-20,7:30pm,AUD,Unemployment Rate,High,3.7%,4.0%,4.1%,2024-03-20 19:30:00
2024-03-20,7:30pm,JPY,Flash Manufacturing PMI,Non-economic,48.2,47.5,47.2,2024-03-20 19:30:00
2024-03-20,9:05pm,NZD,Credit Card Spending y/y,Non-economic,2.2%,,0.0%,2024-03-20 21:05:00
2024-03-21,2:00am,GBP,Public Sector Net Borrowing,Non-economic,7.5B,6.3B,-17.0B,2024-03-21 02:00:00
2024-03-21,3:15am,EUR,French Flash Manufacturing PMI,High,45.8,47.5,47.1,2024-03-21 03:15:00
2024-03-21,3:15am,EUR,French Flash Services PMI,High,47.8,48.8,48.4,2024-03-21 03:15:00
2024-03-21,3:30am,CHF,SNB Monetary Policy Assessment,High,,,,2024-03-21 03:30:00
2024-03-21,3:30am,CHF,SNB Policy Rate,High,1.50%,1.75%,1.75%,2024-03-21 03:30:00
2024-03-21,3:30am,EUR,German Flash Manufacturing PMI,High,41.6,43.1,42.5,2024-03-21 03:30:00
2024-03-21,3:30am,EUR,German Flash Services PMI,High,49.8,48.8,48.3,2024-03-21 03:30:00
2024-03-21,4:00am,CHF,SNB Press Conference,High,,,,2024-03-21 04:00:00
2024-03-21,4:00am,EUR,Flash Manufacturing PMI,Medium,45.7,47.0,46.5,2024-03-21 04:00:00
2024-03-21,4:00am,EUR,Flash Services PMI,Medium,51.1,50.5,50.2,2024-03-21 04:00:00
2024-03-21,4:00am,EUR,Current Account,Non-economic,39.4B,32.3B,31.9B,2024-03-21 04:00:00
2024-03-21,4:00am,EUR,ECB Economic Bulletin,Non-economic,,,,2024-03-21 04:00:00
2024-03-21,4:30am,GBP,Flash Manufacturing PMI,High,49.9,47.9,47.5,2024-03-21 04:30:00
2024-03-21,4:30am,GBP,Flash Services PMI,High,53.4,53.8,53.8,2024-03-21 04:30:00
2024-03-21,6:00am,EUR,German Buba Monthly Report,Non-economic,,,,2024-03-21 06:00:00
2024-03-21,7:00am,GBP,Monetary Policy Summary,High,,,,2024-03-21 07:00:00
2024-03-21,7:00am,GBP,MPC Official Bank Rate Votes,High,0-1-8,0-1-8,2-1-6,2024-03-21 07:00:00
2024-03-21,7:00am,GBP,Official Bank Rate,High,5.25%,5.25%,5.25%,2024-03-21 07:00:00
2024-03-21,7:00am,GBP,BOE Inflation Letter,Non-economic,,,,2024-03-21 07:00:00
2024-03-21,7:30am,CAD,NHPI m/m,Non-economic,0.1%,0.1%,-0.1%,2024-03-21 07:30:00
2024-03-21,7:30am,USD,Unemployment Claims,High,210K,212K,212K,2024-03-21 07:30:00
2024-03-21,7:30am,USD,Philly Fed Manufacturing Index,Medium,3.2,-2.6,5.2,2024-03-21 07:30:00
2024-03-21,7:30am,USD,Current Account,Non-economic,-195B,-209B,-196B,2024-03-21 07:30:00
2024-03-21,8:35am,CAD,Gov Council Member Gravelle Speaks,Non-economic,,,,2024-03-21 08:35:00
2024-03-21,8:45am,USD,Flash Manufacturing PMI,High,52.5,51.8,52.2,2024-03-21 08:45:00
2024-03-21,8:45am,USD,Flash Services PMI,High,51.7,52.0,52.3,2024-03-21 08:45:00
2024-03-21,9:00am,USD,Existing Home Sales,Medium,4.38M,3.95M,4.00M,2024-03-21 09:00:00
2024-03-21,9:00am,USD,CB Leading Index m/m,Non-economic,0.1%,-0.1%,-0.4%,2024-03-21 09:00:00
2024-03-21,9:30am,USD,Natural Gas Storage,Non-economic,7B,5B,-9B,2024-03-21 09:30:00
2024-03-21,11:00am,USD,FOMC Member Barr Speaks,Non-economic,,,,2024-03-21 11:00:00
2024-03-21,4:45pm,NZD,Trade Balance,Non-economic,-218M,-825M,-1089M,2024-03-21 16:45:00
2024-03-21,6:30pm,JPY,National Core CPI y/y,Medium,2.8%,2.8%,2.0%,2024-03-21 18:30:00
2024-03-21,7:01pm,GBP,GfK Consumer Confidence,Non-economic,-21,-19,-21,2024-03-21 19:01:00
2024-03-21,7:30pm,AUD,RBA Financial Stability Review,Non-economic,,,,2024-03-21 19:30:00
2024-03-22,2:00am,EUR,German Import Prices m/m,Non-economic,0.0%,-0.4%,-1.0%,2024-03-22 02:00:00
2024-03-22,2:00am,GBP,Retail Sales m/m,High,0.0%,-0.4%,3.6%,2024-03-22 02:00:00
2024-03-22,4:00am,EUR,German ifo Business Climate,Medium,87.8,85.9,85.7,2024-03-22 04:00:00
2024-03-22,4:00am,EUR,German Buba President Nagel Speaks,Non-economic,,,,2024-03-22 04:00:00
2024-03-22,4:01am,CNY,Foreign Direct Investment ytd/y,Non-economic,-19.9%,,-11.7%,2024-03-22 04:01:00
2024-03-22,All Day,EUR,Euro Summit,High,,,,2024-03-22 00:00:00
2024-03-22,6:00am,GBP,CBI Industrial Order Expectations,Non-economic,-18,-20,-20,2024-03-22 06:00:00
2024-03-22,7:30am,CAD,Core Retail Sales m/m,Medium,0.5%,-0.4%,0.6%,2024-03-22 07:30:00
2024-03-22,7:30am,CAD,Retail Sales m/m,Medium,-0.3%,-0.4%,0.9%,2024-03-22 07:30:00
2024-03-22,8:00am,EUR,German Buba President Nagel Speaks,Non-economic,,,,2024-03-22 08:00:00
2024-03-22,8:00am,USD,Fed Chairman Powell Speaks,High,,,,2024-03-22 08:00:00
2024-03-22,8:55am,EUR,Belgian NBB Business Climate,Non-economic,-10.4,-12.4,-12.8,2024-03-22 08:55:00
2024-03-22,11:15am,USD,FOMC Member Barr Speaks,Non-economic,,,,2024-03-22 11:15:00
2024-03-22,3:00pm,USD,FOMC Member Bostic Speaks,Non-economic,,,,2024-03-22 15:00:00
2024-03-24,6:50pm,JPY,Monetary Policy Meeting Minutes,Non-economic,,,,2024-03-24 18:50:00
2024-03-25,6:00am,GBP,CBI Realized Sales,Non-economic,2,-13,-7,2024-03-25 06:00:00
2024-03-25,7:25am,USD,FOMC Member Bostic Speaks,Non-economic,,,,2024-03-25 07:25:00
2024-03-25,9:00am,USD,New Home Sales,Medium,662K,675K,664K,2024-03-25 09:00:00
2024-03-25,9:15am,GBP,MPC Member Mann Speaks,Non-economic,,,,2024-03-25 09:15:00
2024-03-25,9:30am,USD,FOMC Member Cook Speaks,Non-economic,,,,2024-03-25 09:30:00
2024-03-25,6:30pm,AUD,Westpac Consumer Sentiment,Non-economic,-1.8%,,6.2%,2024-03-25 18:30:00
2024-03-25,6:50pm,JPY,SPPI y/y,Non-economic,2.1%,2.1%,2.1%,2024-03-25 18:50:00
2024-03-26,12:00am,JPY,BOJ Core CPI y/y,Non-economic,2.3%,2.5%,2.6%,2024-03-26 00:00:00
2024-03-26,2:00am,EUR,German GfK Consumer Climate,Non-economic,-27.4,-27.9,-28.8,2024-03-26 02:00:00
2024-03-26,5:32am,EUR,German 10-y Bond Auction,Non-economic,2.30|2.3,,2.31|2.3,2024-03-26 05:32:00
2024-03-26,7:00am,CAD,Gov Council Member Rogers Speaks,Non-economic,,,,2024-03-26 07:00:00
2024-03-26,7:30am,USD,Core Durable Goods Orders m/m,Medium,0.5%,0.4%,-0.4%,2024-03-26 07:30:00
2024-03-26,7:30am,USD,Durable Goods Orders m/m,Medium,1.4%,1.2%,-6.2%,2024-03-26 07:30:00
2024-03-26,8:00am,USD,S&P/CS Composite-20 HPI y/y,Medium,6.6%,6.6%,6.2%,2024-03-26 08:00:00
2024-03-26,8:00am,USD,HPI m/m,Non-economic,-0.1%,0.2%,0.1%,2024-03-26 08:00:00
2024-03-26,8:59am,USD,Richmond Manufacturing Index,Medium,-11,-5,-5,2024-03-26 08:59:00
2024-03-26,9:00am,USD,CB Consumer Confidence,High,104.7,106.9,104.8,2024-03-26 09:00:00
2024-03-26,3:30pm,USD,API Weekly Statistical Bulletin,Non-economic,,,,2024-03-26 15:30:00
2024-03-26,6:30pm,AUD,MI Leading Index m/m,Non-economic,0.1%,,-0.1%,2024-03-26 18:30:00
2024-03-26,7:30pm,AUD,CPI y/y,High,3.4%,3.5%,3.4%,2024-03-26 19:30:00
2024-03-27,3:00am,EUR,Spanish Flash CPI y/y,Medium,3.2%,3.1%,2.8%,2024-03-27 03:00:00
2024-03-27,4:00am,CHF,UBS Economic Expectations,Non-economic,11.5,,10.2,2024-03-27 04:00:00
2024-03-27,5:17am,EUR,Italian 10-y Bond Auction,Non-economic,3.67|1.4,,3.91|1.4,2024-03-27 05:17:00
2024-03-27,5:30am,GBP,FPC Meeting Minutes,Non-economic,,,,2024-03-27 05:30:00
2024-03-27,5:30am,GBP,FPC Statement,Non-economic,,,,2024-03-27 05:30:00
2024-03-27,8:00am,CNY,CB Leading Index m/m,Non-economic,-0.1%,,0.1%,2024-03-27 08:00:00
2024-03-27,9:00am,CHF,SNB Quarterly Bulletin,Non-economic,,,,2024-03-27 09:00:00
2024-03-27,9:30am,USD,Crude Oil Inventories,Non-economic,3.2M,-0.7M,-2.0M,2024-03-27 09:30:00
2024-03-27,12:40pm,CHF,Gov Board Member Schlegel Speaks,Non-economic,,,,2024-03-27 12:40:00
2024-03-27,5:00pm,USD,FOMC Member Waller Speaks,High,,,,2024-03-27 17:00:00
2024-03-27,6:50pm,JPY,BOJ Summary of Opinions,Non-economic,,,,2024-03-27 18:50:00
2024-03-27,7:00pm,AUD,MI Inflation Expectations,Non-economic,4.3%,,4.5%,2024-03-27 19:00:00
2024-03-27,7:00pm,NZD,ANZ Business Confidence,Non-economic,22.9,,34.7,2024-03-27 19:00:00
2024-03-27,7:30pm,AUD,Retail Sales m/m,Medium,0.3%,0.4%,1.1%,2024-03-27 19:30:00
2024-03-27,7:30pm,AUD,Private Sector Credit m/m,Non-economic,0.5%,0.4%,0.5%,2024-03-27 19:30:00
2024-03-28,2:00am,EUR,German Retail Sales m/m,Non-economic,-1.9%,0.4%,-0.3%,2024-03-28 02:00:00
2024-03-28,2:00am,GBP,Current Account,Non-economic,-21.2B,-21.3B,-18.5B,2024-03-28 02:00:00
2024-03-28,2:00am,GBP,Final GDP q/q,Non-economic,-0.3%,-0.3%,-0.3%,2024-03-28 02:00:00
2024-03-28,2:00am,GBP,Revised Business Investment q/q,Non-economic,1.4%,1.5%,1.5%,2024-03-28 02:00:00
2024-03-28,3:00am,CHF,KOF Economic Barometer,Non-economic,101.5,102.1,102.0,2024-03-28 03:00:00
2024-03-28,3:55am,EUR,German Unemployment Change,Non-economic,4K,10K,12K,2024-03-28 03:55:00
2024-03-28,4:00am,EUR,M3 Money Supply y/y,Non-economic,0.4%,0.3%,0.1%,2024-03-28 04:00:00
2024-03-28,4:00am,EUR,Private Loans y/y,Non-economic,0.3%,0.4%,0.3%,2024-03-28 04:00:00
2024-03-28,7:30am,CAD,GDP m/m,High,0.6%,0.4%,-0.1%,2024-03-28 07:30:00
2024-03-28,7:30am,USD,Final GDP q/q,High,3.4%,3.2%,3.2%,2024-03-28 07:30:00
2024-03-28,7:30am,USD,Unemployment Claims,High,210K,212K,212K,2024-03-28 07:30:00
2024-03-28,7:30am,USD,Final GDP Price Index q/q,Medium,1.6%,1.6%,1.6%,2024-03-28 07:30:00
2024-03-28,8:45am,USD,Chicago PMI,Medium,41.4,45.9,44.0,2024-03-28 08:45:00
2024-03-28,9:00am,USD,Pending Home Sales m/m,High,1.6%,1.4%,-4.7%,2024-03-28 09:00:00
2024-03-28,9:00am,USD,Revised UoM Consumer Sentiment,High,79.4,76.5,76.5,2024-03-28 09:00:00
2024-03-28,9:00am,USD,Revised UoM Inflation Expectations,Non-economic,2.9%,,3.0%,2024-03-28 09:00:00
2024-03-28,9:30am,USD,Natural Gas Storage,Non-economic,-36B,-26B,7B,2024-03-28 09:30:00
2024-03-28,All Day,NZD,Bank Holiday,Low,,,,2024-03-28 00:00:00
2024-03-28,All Day,AUD,Bank Holiday,Low,,,,2024-03-28 00:00:00
2024-03-28,6:30pm,JPY,Tokyo Core CPI y/y,Medium,2.4%,2.4%,2.5%,2024-03-28 18:30:00
2024-03-28,6:30pm,JPY,Unemployment Rate,Non-economic,2.6%,2.4%,2.4%,2024-03-28 18:30:00
2024-03-28,6:50pm,JPY,Prelim Industrial Production m/m,Non-economic,-0.1%,1.2%,-6.7%,2024-03-28 18:50:00
2024-03-28,6:50pm,JPY,Retail Sales y/y,Non-economic,4.6%,2.8%,2.1%,2024-03-28 18:50:00
2024-03-29,12:00am,JPY,Housing Starts y/y,Non-economic,-8.2%,-5.4%,-7.5%,2024-03-29 00:00:00
2024-03-29,All Day,CHF,Bank Holiday,Low,,,,2024-03-29 00:00:00
2024-03-29,All Day,EUR,German Bank Holiday,Low,,,,2024-03-29 00:00:00
2024-03-29,All Day,GBP,Bank Holiday,Low,,,,2024-03-29 00:00:00
2024-03-29,2:45am,EUR,French Consumer Spending m/m,Non-economic,0.0%,0.3%,-0.6%,2024-03-29 02:45:00
2024-03-29,2:45am,EUR,French Prelim CPI m/m,Non-economic,0.2%,0.5%,0.9%,2024-03-29 02:45:00
2024-03-29,5:00am,EUR,Italian Prelim CPI m/m,Non-economic,0.1%,0.1%,0.1%,2024-03-29 05:00:00
2024-03-29,All Day,CAD,Bank Holiday,Low,,,,2024-03-29 00:00:00
2024-03-29,7:30am,USD,Core PCE Price Index m/m,High,0.3%,0.3%,0.5%,2024-03-29 07:30:00
2024-03-29,7:30am,USD,Goods Trade Balance,Non-economic,-91.8B,-90.1B,-90.5B,2024-03-29 07:30:00
2024-03-29,7:30am,USD,Personal Income m/m,Non-economic,0.3%,0.4%,1.0%,2024-03-29 07:30:00
2024-03-29,7:30am,USD,Personal Spending m/m,Non-economic,0.8%,0.5%,0.2%,2024-03-29 07:30:00
2024-03-29,7:30am,USD,Prelim Wholesale Inventories m/m,Non-economic,0.5%,0.2%,-0.3%,2024-03-29 07:30:00
2024-03-29,10:20am,USD,FOMC Member Daly Speaks,Non-economic,,,,2024-03-29 10:20:00
2024-03-29,10:30am,USD,Fed Chairman Powell Speaks,High,,,,2024-03-29 10:30:00
2024-03-30,8:00pm,CHF,Daylight Saving Time Shift,Low,,,,2024-03-30 20:00:00
2024-03-30,8:00pm,EUR,Daylight Saving Time Shift,Low,,,,2024-03-30 20:00:00
2024-03-30,8:00pm,GBP,Daylight Saving Time Shift,Low,,,,2024-03-30 20:00:00
2024-03-30,8:30pm,CNY,Manufacturing PMI,High,50.8,50.1,49.1,2024-03-30 20:30:00
2024-03-30,8:30pm,CNY,Non-Manufacturing PMI,Medium,53.0,51.3,51.4,2024-03-30 20:30:00
2024-03-31,All Day,NZD,Bank Holiday,Low,,,,2024-03-31 00:00:00
2024-03-31,All Day,AUD,Bank Holiday,Low,,,,2024-03-31 00:00:00
2024-03-31,6:50pm,JPY,Tankan Manufacturing Index,Non-economic,11,10,12,2024-03-31 18:50:00
2024-03-31,6:50pm,JPY,Tankan Non-Manufacturing Index,Non-economic,34,31,30,2024-03-31 18:50:00
2024-03-31,7:30pm,JPY,Final Manufacturing PMI,Non-economic,48.2,48.2,48.2,2024-03-31 19:30:00
2024-03-31,8:45pm,CNY,RatingDog Manufacturing PMI,Non-economic,51.1,51.0,50.9,2024-03-31 20:45:00
2024-04-01,All Day,CHF,Bank Holiday,Low,,,,2024-04-01 00:00:00
2024-04-01,All Day,EUR,French Bank Holiday,Low,,,,2024-04-01 00:00:00
2024-04-01,All Day,EUR,German Bank Holiday,Low,,,,2024-04-01 00:00:00
2024-04-01,All Day,EUR,Italian Bank Holiday,Low,,,,2024-04-01 00:00:00
2024-04-01,All Day,GBP,Bank Holiday,Low,,,,2024-04-01 00:00:00
2024-04-01,8:30am,CAD,Manufacturing PMI,Non-economic,49.8,,49.7,2024-04-01 08:30:00
2024-04-01,8:45am,USD,Final Manufacturing PMI,Non-economic,51.9,52.5,52.5,2024-04-01 08:45:00
2024-04-01,9:00am,USD,ISM Manufacturing PMI,High,50.3,48.5,47.8,2024-04-01 09:00:00
2024-04-01,9:00am,USD,ISM Manufacturing Prices,Medium,55.8,53.3,52.5,2024-04-01 09:00:00
2024-04-01,9:00am,USD,Construction Spending m/m,Non-economic,-0.3%,0.7%,-0.2%,2024-04-01 09:00:00
2024-04-01,9:30am,CAD,BOC Business Outlook Survey,Medium,,,,2024-04-01 09:30:00
2024-04-01,5:10pm,AUD,RBA Assist Gov Kent Speaks,Non-economic,,,,2024-04-01 17:10:00
2024-04-01,5:50pm,USD,FOMC Member Cook Speaks,Non-economic,,,,2024-04-01 17:50:00
2024-04-01,6:01pm,GBP,BRC Shop Price Index y/y,Non-economic,1.3%,,2.5%,2024-04-01 18:01:00
2024-04-01,6:50pm,JPY,Monetary Base y/y,Non-economic,1.6%,2.5%,2.4%,2024-04-01 18:50:00
2024-04-01,7:00pm,AUD,MI Inflation Gauge m/m,Non-economic,0.1%,,-0.1%,2024-04-01 19:00:00
2024-04-01,7:30pm,AUD,Monetary Policy Meeting Minutes,Medium,,,,2024-04-01 19:30:00
2024-04-01,7:30pm,AUD,ANZ Job Advertisements m/m,Non-economic,-1.0%,,-2.1%,2024-04-01 19:30:00
2024-04-01,10:35pm,JPY,10-y Bond Auction,Non-economic,0.75|3.8,,0.72|3.2,2024-04-01 22:35:00
2024-04-02,1:00am,GBP,Nationwide HPI m/m,Non-economic,-0.2%,0.4%,0.7%,2024-04-02 01:00:00
2024-04-02,1:10am,AUD,Commodity Prices y/y,Non-economic,-15.3%,,-15.3%,2024-04-02 01:10:00
2024-04-02,All Day,EUR,German Prelim CPI m/m,High,0.4%,0.5%,0.4%,2024-04-02 00:00:00
2024-04-02,1:30am,CHF,Retail Sales y/y,Non-economic,-0.2%,0.4%,0.3%,2024-04-02 01:30:00
2024-04-02,2:00am,EUR,Spanish Unemployment Change,Non-economic,-33.4K,10.0K,-7.5K,2024-04-02 02:00:00
2024-04-02,2:15am,EUR,Spanish Manufacturing PMI,Non-economic,51.4,51.1,51.5,2024-04-02 02:15:00
2024-04-02,2:30am,CHF,Manufacturing PMI,Non-economic,45.2,45.0,44.0,2024-04-02 02:30:00
2024-04-02,2:45am,EUR,Italian Manufacturing PMI,Non-economic,50.4,48.9,48.7,2024-04-02 02:45:00
2024-04-02,2:50am,EUR,French Final Manufacturing PMI,Non-economic,46.2,45.8,45.8,2024-04-02 02:50:00
2024-04-02,2:55am,EUR,German Final Manufacturing PMI,Non-economic,41.9,41.6,41.6,2024-04-02 02:55:00
2024-04-02,3:00am,EUR,Final Manufacturing PMI,Non-economic,46.1,45.7,45.7,2024-04-02 03:00:00
2024-04-02,3:30am,GBP,Final Manufacturing PMI,Non-economic,50.3,49.9,49.9,2024-04-02 03:30:00
2024-04-02,3:30am,GBP,M4 Money Supply m/m,Non-economic,0.5%,0.2%,-0.1%,2024-04-02 03:30:00
2024-04-02,3:30am,GBP,Mortgage Approvals,Non-economic,60K,57K,56K,2024-04-02 03:30:00
2024-04-02,3:30am,GBP,Net Lending to Individuals m/m,Non-economic,2.9B,1.2B,0.7B,2024-04-02 03:30:00
2024-04-02,9:00am,USD,JOLTS Job Openings,High,8.76M,8.76M,8.75M,2024-04-02 09:00:00
2024-04-02,9:00am,USD,Factory Orders m/m,Non-economic,1.4%,1.1%,-3.8%,2024-04-02 09:00:00
2024-04-02,9:10am,USD,FOMC Member Bowman Speaks,Non-economic,,,,2024-04-02 09:10:00
2024-04-02,All Day,USD,Wards Total Vehicle Sales,Non-economic,15.5M,15.9M,15.8M,2024-04-02 00:00:00
2024-04-02,10:02am,NZD,GDT Price Index,Non-economic,2.8%,,-2.8%,2024-04-02 10:02:00
2024-04-02,11:00am,USD,FOMC Member Williams Speaks,Non-economic,,,,2024-04-02 11:00:00
2024-04-02,11:05am,USD,FOMC Member Mester Speaks,Medium,,,,2024-04-02 11:05:00
2024-04-02,12:30pm,USD,FOMC Member Daly Speaks,Non-economic,,,,2024-04-02 12:30:00
2024-04-02,3:30pm,USD,API Weekly Statistical Bulletin,Non-economic,,,,2024-04-02 15:30:00
2024-04-02,8:45pm,CNY,RatingDog Services PMI,Non-economic,52.7,52.5,52.5,2024-04-02 20:45:00
2024-04-03,1:45am,EUR,French Gov Budget Balance,Non-economic,-44.0B,,-25.7B,2024-04-03 01:45:00
2024-04-03,3:00am,EUR,Italian Monthly Unemployment Rate,Non-economic,7.5%,7.2%,7.3%,2024-04-03 03:00:00
2024-04-03,4:00am,EUR,Core CPI Flash Estimate y/y,Medium,2.9%,3.0%,3.1%,2024-04-03 04:00:00
2024-04-03,4:00am,EUR,CPI Flash Estimate y/y,Medium,2.4%,2.5%,2.6%,2024-04-03 04:00:00
2024-04-03,4:00am,EUR,Unemployment Rate,Non-economic,6.5%,6.4%,6.5%,2024-04-03 04:00:00
2024-04-03,All Day,All,OPEC-JMMC Meetings,Medium,,,,2024-04-03 00:00:00
2024-04-03,4:33am,EUR,German 10-y Bond Auction,Non-economic,2.38|2.0,,2.30|2.3,2024-04-03 04:33:00
2024-04-03,7:15am,USD,ADP Non-Farm Employment Change,High,184K,148K,155K,2024-04-03 07:15:00
2024-04-03,7:30am,USD,FOMC Member Bostic Speaks,Non-economic,,,,2024-04-03 07:30:00
2024-04-03,8:45am,USD,Final Services PMI,Medium,51.7,51.7,51.7,2024-04-03 08:45:00
2024-04-03,8:45am,USD,FOMC Member Bowman Speaks,Non-economic,,,,2024-04-03 08:45:00
2024-04-03,9:00am,USD,ISM Services PMI,High,51.4,52.8,52.6,2024-04-03 09:00:00
2024-04-03,9:30am,USD,Crude Oil Inventories,Non-economic,3.2M,-0.3M,3.2M,2024-04-03 09:30:00
2024-04-03,11:10am,USD,Fed Chairman Powell Speaks,High,,,,2024-04-03 11:10:00
2024-04-03,12:10pm,USD,FOMC Member Barr Speaks,Non-economic,,,,2024-04-03 12:10:00
2024-04-03,3:30pm,USD,FOMC Member Kugler Speaks,Non-economic,,,,2024-04-03 15:30:00
2024-04-03,4:45pm,NZD,Building Consents m/m,Non-economic,14.9%,,-8.6%,2024-04-03 16:45:00
2024-04-03,6:50pm,AUD,RBA Assist Gov Jones Speaks,Non-economic,,,,2024-04-03 18:50:00
2024-04-03,7:00pm,NZD,ANZ Commodity Prices m/m,Non-economic,-1.3%,,3.6%,2024-04-03 19:00:00
2024-04-03,All Day,CNY,Bank Holiday,Low,,,,2024-04-03 00:00:00
2024-04-03,7:30pm,AUD,Building Approvals m/m,Non-economic,-1.9%,3.0%,-2.5%,2024-04-03 19:30:00
2024-04-03,8:30pm,AUD,Household Spending m/m,Non-economic,3.8%,,-14.2%,2024-04-03 20:30:00
2024-04-03,10:35pm,JPY,30-y Bond Auction,Non-economic,1.81|3.5,,1.77|2.9,2024-04-03 22:35:00
2024-04-04,1:30am,CHF,CPI m/m,High,0.0%,0.3%,0.6%,2024-04-04 01:30:00
2024-04-04,2:15am,EUR,Spanish Services PMI,Non-economic,56.1,55.5,54.7,2024-04-04 02:15:00
2024-04-04,2:45am,EUR,Italian Services PMI,Non-economic,54.6,53.0,52.2,2024-04-04 02:45:00
2024-04-04,2:50am,EUR,French Final Services PMI,Non-economic,48.3,47.8,47.8,2024-04-04 02:50:00
2024-04-04,2:55am,EUR,German Final Services PMI,Non-economic,50.1,49.8,49.8,2024-04-04 02:55:00
2024-04-04,3:00am,EUR,Final Services PMI,Non-economic,51.5,51.1,51.1,2024-04-04 03:00:00
2024-04-04,3:30am,GBP,Final Services PMI,Non-economic,53.1,53.4,53.4,2024-04-04 03:30:00
2024-04-04,3:42am,EUR,Spanish 10-y Bond Auction,Non-economic,3.19|1.8,,3.16|2.2,2024-04-04 03:42:00
2024-04-04,4:00am,EUR,PPI m/m,Non-economic,-1.0%,-0.6%,-0.9%,2024-04-04 04:00:00
2024-04-04,4:02am,EUR,French 10-y Bond Auction,Non-economic,2.87|1.9,,2.81|2.4,2024-04-04 04:02:00
2024-04-04,4:03am,GBP,10-y Bond Auction,Non-economic,4.01|3.3,,3.93|3.6,2024-04-04 04:03:00
2024-04-04,6:30am,EUR,ECB Monetary Policy Meeting Accounts,Non-economic,,,,2024-04-04 06:30:00
2024-04-04,6:30am,USD,Challenger Job Cuts y/y,Non-economic,0.7%,,8.8%,2024-04-04 06:30:00
2024-04-04,7:30am,CAD,Trade Balance,Non-economic,1.4B,0.7B,0.6B,2024-04-04 07:30:00
2024-04-04,7:30am,USD,Unemployment Claims,High,221K,213K,212K,2024-04-04 07:30:00
2024-04-04,7:30am,USD,Trade Balance,Non-economic,-68.9B,-66.9B,-67.6B,2024-04-04 07:30:00
2024-04-04,9:30am,USD,Natural Gas Storage,Non-economic,-37B,-42B,-36B,2024-04-04 09:30:00
2024-04-04,11:15am,USD,FOMC Member Barkin Speaks,Medium,,,,2024-04-04 11:15:00
2024-04-04,1:00pm,USD,FOMC Member Mester Speaks,Medium,,,,2024-04-04 13:00:00
2024-04-04,6:30pm,JPY,Household Spending y/y,Non-economic,-0.5%,-2.8%,-6.3%,2024-04-04 18:30:00
2024-04-04,6:30pm,USD,FOMC Member Kugler Speaks,Non-economic,,,,2024-04-04 18:30:00
2024-04-04,All Day,CNY,Bank Holiday,Low,,,,2024-04-04 00:00:00
2024-04-04,7:30pm,AUD,Goods Trade Balance,Non-economic,7.28B,10.50B,10.06B,2024-04-04 19:30:00
2024-04-05,12:00am,JPY,Leading Indicators,Non-economic,111.8%,111.6%,109.5%,2024-04-05 00:00:00
2024-04-05,1:00am,EUR,German Factory Orders m/m,Non-economic,0.2%,0.6%,-11.4%,2024-04-05 01:00:00
2024-04-05,1:00am,EUR,German Import Prices m/m,Non-economic,-0.2%,-0.1%,0.0%,2024-04-05 01:00:00
2024-04-05,1:00am,GBP,Halifax HPI m/m,Non-economic,-1.0%,0.3%,0.3%,2024-04-05 01:00:00
2024-04-05,1:45am,EUR,French Industrial Production m/m,Non-economic,0.2%,0.5%,-0.9%,2024-04-05 01:45:00
2024-04-05,2:00am,CHF,Foreign Currency Reserves,Medium,715B,,678B,2024-04-05 02:00:00
2024-04-05,2:00am,CHF,SECO Consumer Climate,Non-economic,-38,-41,-42,2024-04-05 02:00:00
2024-04-05,3:30am,GBP,Construction PMI,Medium,50.2,49.8,49.7,2024-04-05 03:30:00
2024-04-05,3:30am,GBP,Housing Equity Withdrawal q/q,Non-economic,-25.1B,-22.3B,-21.4B,2024-04-05 03:30:00
2024-04-05,4:00am,EUR,Retail Sales m/m,Non-economic,-0.5%,-0.3%,0.0%,2024-04-05 04:00:00
2024-04-05,7:30am,CAD,Employment Change,High,-2.2K,25.9K,40.7K,2024-04-05 07:30:00
2024-04-05,7:30am,CAD,Unemployment Rate,High,6.1%,5.9%,5.8%,2024-04-05 07:30:00
2024-04-05,7:30am,USD,Average Hourly Earnings m/m,High,0.3%,0.3%,0.2%,2024-04-05 07:30:00
2024-04-05,7:30am,USD,Non-Farm Employment Change,High,303K,212K,270K,2024-04-05 07:30:00
2024-04-05,7:30am,USD,Unemployment Rate,High,3.8%,3.9%,3.9%,2024-04-05 07:30:00
2024-04-05,8:15am,USD,FOMC Member Barkin Speaks,Non-economic,,,,2024-04-05 08:15:00
2024-04-05,9:00am,CAD,Ivey PMI,Medium,57.5,54.2,53.9,2024-04-05 09:00:00
2024-04-05,11:30am,USD,FOMC Member Bowman Speaks,Non-economic,,,,2024-04-05 11:30:00
2024-04-05,2:00pm,USD,Consumer Credit m/m,Non-economic,14.1B,16.2B,17.7B,2024-04-05 14:00:00
2024-04-06,9:00am,NZD,Daylight Saving Time Shift,Low,,,,2024-04-06 09:00:00
2024-04-06,11:00am,AUD,Daylight Saving Time Shift,Low,,,,2024-04-06 11:00:00
2024-04-07,6:30pm,JPY,Average Cash Earnings y/y,Non-economic,1.8%,1.8%,1.5%,2024-04-07 18:30:00
2024-04-07,6:50pm,JPY,Current Account,Non-economic,1.37T,1.99T,2.75T,2024-04-07 18:50:00
2024-04-08,12:00am,JPY,Economy Watchers Sentiment,Non-economic,49.8,51.6,51.3,2024-04-08 00:00:00
2024-04-08,12:45am,CHF,Unemployment Rate,Non-economic,2.3%,2.2%,2.2%,2024-04-08 00:45:00
2024-04-08,1:00am,EUR,German Industrial Production m/m,Non-economic,2.1%,0.6%,1.3%,2024-04-08 01:00:00
2024-04-08,1:00am,EUR,German Trade Balance,Non-economic,21.4B,25.1B,27.6B,2024-04-08 01:00:00
2024-04-08,3:30am,EUR,Sentix Investor Confidence,Non-economic,-5.9,-8.3,-10.5,2024-04-08 03:30:00
2024-04-08,10:15am,CHF,SNB Chairman Jordan Speaks,Medium,,,,2024-04-08 10:15:00
2024-04-08,10:30am,GBP,MPC Member Breeden Speaks,Non-economic,,,,2024-04-08 10:30:00
2024-04-08,5:00pm,NZD,NZIER Business Confidence,Non-economic,-25,,-2,2024-04-08 17:00:00
2024-04-08,6:01pm,GBP,BRC Retail Sales Monitor y/y,Non-economic,3.2%,1.8%,1.0%,2024-04-08 18:01:00
2024-04-08,7:30pm,AUD,Westpac Consumer Sentiment,Non-economic,-2.4%,,-1.8%,2024-04-08 19:30:00
2024-04-08,8:30pm,AUD,NAB Business Confidence,Non-economic,1,,0,2024-04-08 20:30:00
2024-04-09,12:00am,JPY,Consumer Confidence,Non-economic,39.5,39.6,39.1,2024-04-09 00:00:00
2024-04-09,12:58am,JPY,Prelim Machine Tool Orders y/y,Non-economic,-3.8%,,-8.0%,2024-04-09 00:58:00
2024-04-09,1:45am,EUR,French Trade Balance,Non-economic,-5.2B,-7.0B,-7.2B,2024-04-09 01:45:00
2024-04-09,5:00am,USD,NFIB Small Business Index,Non-economic,88.5,88.8,89.4,2024-04-09 05:00:00
2024-04-09,9:06am,USD,RCM/TIPP Economic Optimism,Non-economic,43.2,44.2,43.5,2024-04-09 09:06:00
2024-04-09,11:30am,CHF,Gov Board Member Schlegel Speaks,Non-economic,,,,2024-04-09 11:30:00
2024-04-09,3:30pm,USD,API Weekly Statistical Bulletin,Non-economic,,,,2024-04-09 15:30:00
2024-04-09,6:50pm,JPY,Bank Lending y/y,Non-economic,3.2%,3.1%,3.0%,2024-04-09 18:50:00
2024-04-09,6:50pm,JPY,PPI y/y,Non-economic,0.8%,0.8%,0.7%,2024-04-09 18:50:00
2024-04-09,9:00pm,NZD,Official Cash Rate,High,5.50%,5.50%,5.50%,2024-04-09 21:00:00
2024-04-09,9:00pm,NZD,RBNZ Rate Statement,High,,,,2024-04-09 21:00:00
2024-04-10,3:00am,EUR,Italian Retail Sales m/m,Non-economic,0.1%,0.2%,0.0%,2024-04-10 03:00:00
2024-04-10,7:30am,CAD,Building Permits m/m,Non-economic,9.3%,-4.3%,12.9%,2024-04-10 07:30:00
2024-04-10,7:30am,USD,Core CPI m/m,High,0.4%,0.3%,0.4%,2024-04-10 07:30:00
2024-04-10,7:30am,USD,CPI m/m,High,0.4%,0.3%,0.4%,2024-04-10 07:30:00
2024-04-10,7:30am,USD,CPI y/y,High,3.5%,3.4%,3.2%,2024-04-10 07:30:00
2024-04-10,7:45am,USD,FOMC Member Bowman Speaks,Non-economic,,,,2024-04-10 07:45:00
2024-04-10,8:45am,CAD,BOC Monetary Policy Report,High,,,,2024-04-10 08:45:00
2024-04-10,8:45am,CAD,BOC Rate Statement,High,,,,2024-04-10 08:45:00
2024-04-10,8:45am,CAD,Overnight Rate,High,5.00%,5.00%,5.00%,2024-04-10 08:45:00
2024-04-10,9:00am,USD,Final Wholesale Inventories m/m,Non-economic,0.5%,0.5%,0.5%,2024-04-10 09:00:00
2024-04-10,9:30am,CAD,BOC Press Conference,High,,,,2024-04-10 09:30:00
2024-04-10,9:30am,USD,Crude Oil Inventories,Non-economic,5.8M,0.9M,3.2M,2024-04-10 09:30:00
2024-04-10,11:45am,USD,FOMC Member Barkin Speaks,Medium,,,,2024-04-10 11:45:00
2024-04-10,12:01pm,USD,10-y Bond Auction,Medium,4.56|2.3,,4.17|2.5,2024-04-10 12:01:00
2024-04-10,1:00pm,USD,FOMC Meeting Minutes,High,,,,2024-04-10 13:00:00
2024-04-10,1:00pm,USD,Federal Budget Balance,Non-economic,-236.5B,-209.4B,-296.3B,2024-04-10 13:00:00
2024-04-10,6:01pm,GBP,RICS House Price Balance,Non-economic,-4%,-6%,-10%,2024-04-10 18:01:00
2024-04-10,6:50pm,JPY,M2 Money Stock y/y,Non-economic,2.5%,2.4%,2.4%,2024-04-10 18:50:00
2024-04-10,8:00pm,AUD,MI Inflation Expectations,Non-economic,4.6%,,4.3%,2024-04-10 20:00:00
2024-04-10,8:30pm,CNY,CPI y/y,Medium,0.1%,0.4%,0.7%,2024-04-10 20:30:00
2024-04-10,8:30pm,CNY,PPI y/y,Medium,-2.8%,-2.8%,-2.7%,2024-04-10 20:30:00
2024-04-11,3:00am,EUR,Italian Industrial Production m/m,Non-economic,0.1%,0.6%,-1.4%,2024-04-11 03:00:00
2024-04-11,3:30am,GBP,BOE Credit Conditions Survey,Non-economic,,,,2024-04-11 03:30:00
2024-04-11,All Day,EUR,Eurogroup Meetings,Non-economic,,,,2024-04-11 00:00:00
2024-04-11,7:15am,EUR,Main Refinancing Rate,High,4.50%,4.50%,4.50%,2024-04-11 07:15:00
2024-04-11,7:15am,EUR,Monetary Policy Statement,High,,,,2024-04-11 07:15:00
2024-04-11,7:30am,USD,Core PPI m/m,High,0.2%,0.2%,0.3%,2024-04-11 07:30:00
2024-04-11,7:30am,USD,PPI m/m,High,0.2%,0.3%,0.6%,2024-04-11 07:30:00
2024-04-11,7:30am,USD,Unemployment Claims,High,211K,216K,222k,2024-04-11 07:30:00
2024-04-11,7:45am,EUR,ECB Press Conference,High,,,,2024-04-11 07:45:00
2024-04-11,7:45am,USD,FOMC Member Williams Speaks,Non-economic,,,,2024-04-11 07:45:00
2024-04-11,9:00am,USD,FOMC Member Barkin Speaks,Medium,,,,2024-04-11 09:00:00
2024-04-11,9:30am,USD,Natural Gas Storage,Non-economic,24B,14B,-37B,2024-04-11 09:30:00
2024-04-11,11:50am,GBP,MPC Member Greene Speaks,Non-economic,,,,2024-04-11 11:50:00
2024-04-11,12:01pm,USD,30-y Bond Auction,High,4.67|2.4,,4.33|2.5,2024-04-11 12:01:00
2024-04-11,12:30pm,USD,FOMC Member Bostic Speaks,Non-economic,,,,2024-04-11 12:30:00
2024-04-11,5:30pm,NZD,BusinessNZ Manufacturing Index,Non-economic,47.1,,49.1,2024-04-11 17:30:00
2024-04-11,5:45pm,NZD,FPI m/m,Non-economic,-0.5%,,-0.6%,2024-04-11 17:45:00
2024-04-11,11:30pm,JPY,Revised Industrial Production m/m,Non-economic,-0.6%,-0.1%,-0.1%,2024-04-11 23:30:00
2024-04-12,1:00am,EUR,German Final CPI m/m,Non-economic,0.4%,0.4%,0.4%,2024-04-12 01:00:00
2024-04-12,1:00am,GBP,GDP m/m,High,0.1%,0.1%,0.3%,2024-04-12 01:00:00
2024-04-12,1:00am,GBP,Construction Output m/m,Non-economic,-1.9%,-0.4%,1.1%,2024-04-12 01:00:00
2024-04-12,1:00am,GBP,Goods Trade Balance,Non-economic,-14.2B,-14.5B,-14.1B,2024-04-12 01:00:00
2024-04-12,1:00am,GBP,Index of Services 3m/3m,Non-economic,0.2%,0.1%,0.0%,2024-04-12 01:00:00
2024-04-12,1:00am,GBP,Industrial Production m/m,Non-economic,1.1%,0.0%,-0.3%,2024-04-12 01:00:00
2024-04-12,1:00am,GBP,Manufacturing Production m/m,Non-economic,1.2%,0.1%,-0.2%,2024-04-12 01:00:00
2024-04-12,1:00am,GBP,MPC Member Greene Speaks,Non-economic,,,,2024-04-12 01:00:00
2024-04-12,1:45am,EUR,French Final CPI m/m,Non-economic,0.2%,0.2%,0.2%,2024-04-12 01:45:00
2024-04-12,2:12am,CNY,Trade Balance,Non-economic,416B,508B,891B,2024-04-12 02:12:00
2024-04-12,2:13am,CNY,USD-Denominated Trade Balance,Non-economic,58.6B,70.2B,125.2B,2024-04-12 02:13:00
2024-04-12,All Day,EUR,ECOFIN Meetings,Non-economic,,,,2024-04-12 00:00:00
2024-04-12,5:54am,CNY,New Loans,Medium,3090B,3700B,1450B,2024-04-12 05:54:00
2024-04-12,5:54am,CNY,M2 Money Supply y/y,Non-economic,8.3%,8.7%,8.7%,2024-04-12 05:54:00
2024-04-12,6:02am,GBP,NIESR GDP Estimate,Non-economic,0.4%,,0.2%,2024-04-12 06:02:00
2024-04-12,7:30am,USD,Import Prices m/m,Non-economic,0.4%,0.3%,0.3%,2024-04-12 07:30:00
2024-04-12,9:00am,USD,Prelim UoM Consumer Sentiment,High,77.9,79.0,79.4,2024-04-12 09:00:00
2024-04-12,9:00am,USD,Prelim UoM Inflation Expectations,Medium,3.1%,,2.9%,2024-04-12 09:00:00
2024-04-12,1:30pm,USD,FOMC Member Bostic Speaks,Non-economic,,,,2024-04-12 13:30:00
2024-04-12,2:30pm,USD,FOMC Member Daly Speaks,Non-economic,,,,2024-04-12 14:30:00
2024-04-14,All Day,All,G7 Meetings,Non-economic,,,,2024-04-14 00:00:00
2024-04-14,5:30pm,NZD,BusinessNZ Services Index,Non-economic,47.5,,52.6,2024-04-14 17:30:00
2024-04-14,5:45pm,NZD,Visitor Arrivals m/m,Non-economic,0.9%,,7.6%,2024-04-14 17:45:00
2024-04-14,6:50pm,JPY,Core Machinery Orders m/m,Non-economic,7.7%,0.8%,-1.7%,2024-04-14 18:50:00
2024-04-15,1:30am,CHF,PPI m/m,Non-economic,0.1%,0.2%,0.1%,2024-04-15 01:30:00
2024-04-15,4:00am,EUR,Industrial Production m/m,Non-economic,0.8%,0.8%,-3.0%,2024-04-15 04:00:00
2024-04-15,6:15am,GBP,MPC Member Breeden Speaks,Non-economic,,,,2024-04-15 06:15:00
2024-04-15,7:30am,CAD,Manufacturing Sales m/m,Non-economic,0.7%,0.7%,0.0%,2024-04-15 07:30:00
2024-04-15,7:30am,CAD,Wholesale Sales m/m,Non-economic,0.0%,0.8%,-0.2%,2024-04-15 07:30:00
2024-04-15,7:30am,USD,Core Retail Sales m/m,High,1.1%,0.5%,0.6%,2024-04-15 07:30:00
2024-04-15,7:30am,USD,Empire State Manufacturing Index,High,-14.3,-5.2,-20.9,2024-04-15 07:30:00
2024-04-15,7:30am,USD,Retail Sales m/m,High,0.7%,0.4%,0.9%,2024-04-15 07:30:00
2024-04-15,7:30am,USD,FOMC Member Williams Speaks,Non-economic,,,,2024-04-15 07:30:00
2024-04-15,9:00am,USD,Business Inventories m/m,Non-economic,0.4%,0.3%,0.0%,2024-04-15 09:00:00
2024-04-15,9:00am,USD,NAHB Housing Market Index,Non-economic,51,51,51,2024-04-15 09:00:00
2024-04-15,Day 1,All,IMF Meetings,Non-economic,,,,2024-04-15 00:00:00
2024-04-15,7:00pm,USD,FOMC Member Daly Speaks,Non-economic,,,,2024-04-15 19:00:00
2024-04-15,8:30pm,CNY,New Home Prices m/m,Non-economic,-0.34%,,-0.36%,2024-04-15 20:30:00
2024-04-15,9:00pm,CNY,Industrial Production y/y,High,4.5%,6.0%,7.0%,2024-04-15 21:00:00
2024-04-15,9:00pm,CNY,GDP q/y,Medium,5.3%,4.8%,5.2%,2024-04-15 21:00:00
2024-04-15,9:00pm,CNY,Retail Sales y/y,Medium,3.1%,5.1%,5.5%,2024-04-15 21:00:00
2024-04-15,9:00pm,CNY,Fixed Asset Investment ytd/y,Non-economic,4.5%,4.0%,4.2%,2024-04-15 21:00:00
2024-04-15,9:00pm,CNY,NBS Press Conference,Non-economic,,,,2024-04-15 21:00:00
2024-04-15,9:00pm,CNY,Unemployment Rate,Non-economic,5.2%,5.2%,5.3%,2024-04-15 21:00:00
2024-04-16,1:00am,EUR,German WPI m/m,Non-economic,0.2%,0.1%,-0.1%,2024-04-16 01:00:00
2024-04-16,1:00am,GBP,Claimant Count Change,High,10.9K,17.2K,4.1K,2024-04-16 01:00:00
2024-04-16,1:00am,GBP,Average Earnings Index 3m/y,Medium,5.6%,5.5%,5.6%,2024-04-16 01:00:00
2024-04-16,1:00am,GBP,Unemployment Rate,Non-economic,4.2%,4.0%,3.9%,2024-04-16 01:00:00
2024-04-16,4:00am,EUR,Italian Trade Balance,Non-economic,6.03B,3.44B,2.50B,2024-04-16 04:00:00
2024-04-16,4:00am,EUR,Trade Balance,Non-economic,17.9B,27.3B,27.1B,2024-04-16 04:00:00
2024-04-16,4:00am,EUR,German ZEW Economic Sentiment,Non-economic,42.9,35.9,31.7,2024-04-16 04:00:00
2024-04-16,4:00am,EUR,ZEW Economic Sentiment,Non-economic,43.9,37.8,33.5,2024-04-16 04:00:00
2024-04-16,7:15am,CAD,Housing Starts,Non-economic,242K,244K,260K,2024-04-16 07:15:00
2024-04-16,7:30am,CAD,CPI m/m,High,0.6%,0.7%,0.3%,2024-04-16 07:30:00
2024-04-16,7:30am,CAD,Median CPI y/y,High,2.8%,3.0%,3.0%,2024-04-16 07:30:00
2024-04-16,7:30am,CAD,Trimmed CPI y/y,High,3.1%,3.2%,3.2%,2024-04-16 07:30:00
2024-04-16,7:30am,CAD,Common CPI y/y,Medium,2.9%,3.1%,3.1%,2024-04-16 07:30:00
2024-04-16,7:30am,CAD,Core CPI m/m,Non-economic,0.5%,,0.1%,2024-04-16 07:30:00
2024-04-16,7:30am,USD,Building Permits,Medium,1.46M,1.51M,1.52M,2024-04-16 07:30:00
2024-04-16,7:30am,USD,Housing Starts,Non-economic,1.32M,1.48M,1.55M,2024-04-16 07:30:00
2024-04-16,8:00am,USD,FOMC Member Jefferson Speaks,Non-economic,,,,2024-04-16 08:00:00
2024-04-16,8:15am,USD,Industrial Production m/m,Medium,0.4%,0.4%,0.4%,2024-04-16 08:15:00
2024-04-16,8:15am,USD,Capacity Utilization Rate,Non-economic,78.4%,78.5%,78.2%,2024-04-16 08:15:00
2024-04-16,8:30am,GBP,CB Leading Index m/m,Non-economic,-0.3%,,0.0%,2024-04-16 08:30:00
2024-04-16,Day 2,All,IMF Meetings,Non-economic,,,,2024-04-16 00:00:00
2024-04-16,9:17am,NZD,GDT Price Index,Non-economic,0.1%,,2.8%,2024-04-16 09:17:00
2024-04-16,9:30am,AUD,CB Leading Index m/m,Non-economic,-0.3%,,0.3%,2024-04-16 09:30:00
2024-04-16,9:30am,EUR,German Buba President Nagel Speaks,Non-economic,,,,2024-04-16 09:30:00
2024-04-16,11:30am,USD,FOMC Member Williams Speaks,Non-economic,,,,2024-04-16 11:30:00
2024-04-16,12:00pm,GBP,BOE Gov Bailey Speaks,High,,,,2024-04-16 12:00:00
2024-04-16,12:00pm,USD,FOMC Member Barkin Speaks,Medium,,,,2024-04-16 12:00:00
2024-04-16,12:15pm,CAD,BOC Gov Macklem Speaks,High,,,,2024-04-16 12:15:00
2024-04-16,12:15pm,USD,Fed Chairman Powell Speaks,High,,,,2024-04-16 12:15:00
2024-04-16,3:00pm,CAD,Annual Budget Release,Non-economic,,,,2024-04-16 15:00:00
2024-04-16,3:30pm,USD,API Weekly Statistical Bulletin,Non-economic,,,,2024-04-16 15:30:00
2024-04-16,5:45pm,NZD,CPI q/q,High,0.6%,0.6%,0.5%,2024-04-16 17:45:00
2024-04-16,6:50pm,JPY,Trade Balance,Non-economic,-0.70T,-0.30T,-0.57T,2024-04-16 18:50:00
2024-04-16,7:30pm,AUD,MI Leading Index m/m,Non-economic,-0.1%,,0.1%,2024-04-16 19:30:00
2024-04-17,1:00am,GBP,CPI y/y,High,3.2%,3.1%,3.4%,2024-04-17 01:00:00
2024-04-17,1:00am,GBP,Core CPI y/y,Non-economic,4.2%,4.1%,4.5%,2024-04-17 01:00:00
2024-04-17,1:00am,GBP,PPI Input m/m,Non-economic,-0.1%,0.1%,0.3%,2024-04-17 01:00:00
2024-04-17,1:00am,GBP,PPI Output m/m,Non-economic,0.2%,0.2%,0.3%,2024-04-17 01:00:00
2024-04-17,1:00am,GBP,RPI y/y,Non-economic,4.3%,4.2%,4.5%,2024-04-17 01:00:00
2024-04-17,3:30am,GBP,HPI y/y,Non-economic,-0.2%,0.2%,-1.3%,2024-04-17 03:30:00
2024-04-17,4:00am,EUR,Final Core CPI y/y,Non-economic,2.9%,2.9%,2.9%,2024-04-17 04:00:00
2024-04-17,4:00am,EUR,Final CPI y/y,Non-economic,2.4%,2.4%,2.4%,2024-04-17 04:00:00
2024-04-17,4:37am,EUR,German 30-y Bond Auction,Non-economic,2.62|3.2,,2.52|3.4,2024-04-17 04:37:00
2024-04-17,7:05am,GBP,MPC Member Greene Speaks,Non-economic,,,,2024-04-17 07:05:00
2024-04-17,7:30am,CAD,Foreign Securities Purchases,Non-economic,-8.78B,10.10B,8.88B,2024-04-17 07:30:00
2024-04-17,Day 3,All,IMF Meetings,Non-economic,,,,2024-04-17 00:00:00
2024-04-17,9:30am,USD,Crude Oil Inventories,Non-economic,2.7M,1.6M,5.8M,2024-04-17 09:30:00
2024-04-17,11:00am,GBP,BOE Gov Bailey Speaks,High,,,,2024-04-17 11:00:00
2024-04-17,1:00pm,EUR,ECB President Lagarde Speaks,Medium,,,,2024-04-17 13:00:00
2024-04-17,1:00pm,GBP,MPC Member Haskel Speaks,Non-economic,,,,2024-04-17 13:00:00
2024-04-17,1:00pm,USD,Beige Book,Non-economic,,,,2024-04-17 13:00:00
2024-04-17,3:00pm,USD,TIC Long-Term Purchases,Non-economic,71.5B,40.2B,14.0B,2024-04-17 15:00:00
2024-04-17,4:30pm,USD,FOMC Member Mester Speaks,Medium,,,,2024-04-17 16:30:00
2024-04-17,5:30pm,USD,FOMC Member Bowman Speaks,Non-economic,,,,2024-04-17 17:30:00
2024-04-17,8:30pm,AUD,Employment Change,High,-6.6K,7.2K,117.6K,2024-04-17 20:30:00
2024-04-17,8:30pm,AUD,Unemployment Rate,High,3.8%,3.9%,3.7%,2024-04-17 20:30:00
2024-04-17,8:30pm,AUD,NAB Quarterly Business Confidence,Non-economic,-2,,-6,2024-04-17 20:30:00
2024-04-17,8:30pm,AUD,RBA Bulletin,Non-economic,,,,2024-04-17 20:30:00
2024-04-17,11:30pm,JPY,Tertiary Industry Activity m/m,Non-economic,1.5%,0.4%,-0.5%,2024-04-17 23:30:00
2024-04-18,1:00am,CHF,Trade Balance,Non-economic,3.54B,3.22B,3.68B,2024-04-18 01:00:00
2024-04-18,3:00am,EUR,Current Account,Non-economic,29.5B,45.2B,39.3B,2024-04-18 03:00:00
2024-04-18,3:45am,EUR,Spanish 10-y Bond Auction,Non-economic,3.25|1.8,,3.19|1.8,2024-04-18 03:45:00
2024-04-18,5:00am,EUR,German Buba Monthly Report,Non-economic,,,,2024-04-18 05:00:00
2024-04-18,7:00am,EUR,German Buba President Nagel Speaks,Non-economic,,,,2024-04-18 07:00:00
2024-04-18,7:30am,USD,Unemployment Claims,High,212K,215K,212K,2024-04-18 07:30:00
2024-04-18,7:30am,USD,Philly Fed Manufacturing Index,Medium,15.5,1.5,3.2,2024-04-18 07:30:00
2024-04-18,8:05am,USD,FOMC Member Bowman Speaks,Non-economic,,,,2024-04-18 08:05:00
2024-04-18,8:15am,USD,FOMC Member Bowman Speaks,Non-economic,,,,2024-04-18 08:15:00
2024-04-18,8:15am,USD,FOMC Member Williams Speaks,Non-economic,,,,2024-04-18 08:15:00
2024-04-18,9:00am,USD,Existing Home Sales,Medium,4.19M,4.20M,4.38M,2024-04-18 09:00:00
2024-04-18,9:00am,USD,CB Leading Index m/m,Non-economic,-0.3%,-0.1%,0.2%,2024-04-18 09:00:00
2024-04-18,Day 4,All,IMF Meetings,Non-economic,,,,2024-04-18 00:00:00
2024-04-18,9:30am,USD,Natural Gas Storage,Non-economic,50B,54B,24B,2024-04-18 09:30:00
2024-04-18,10:00am,USD,FOMC Member Bostic Speaks,Non-economic,,,,2024-04-18 10:00:00
2024-04-18,11:00am,CHF,Gov Board Member Martin Speaks,Non-economic,,,,2024-04-18 11:00:00
2024-04-18,4:45pm,USD,FOMC Member Bostic Speaks,Non-economic,,,,2024-04-18 16:45:00
2024-04-18,6:30pm,JPY,National Core CPI y/y,Non-economic,2.6%,2.7%,2.8%,2024-04-18 18:30:00
2024-04-19,1:00am,EUR,German PPI m/m,Non-economic,0.2%,0.0%,-0.4%,2024-04-19 01:00:00
2024-04-19,1:00am,GBP,Retail Sales m/m,High,0.0%,0.3%,0.1%,2024-04-19 01:00:00
2024-04-19,4:10am,CNY,Foreign Direct Investment ytd/y,Non-economic,-26.1%,,-19.9%,2024-04-19 04:10:00
2024-04-19,9:15am,GBP,MPC Member Breeden Speaks,Non-economic,,,,2024-04-19 09:15:00
2024-04-19,9:15am,GBP,MPC Member Ramsden Speaks,Non-economic,,,,2024-04-19 09:15:00
2024-04-19,Day 5,All,IMF Meetings,Non-economic,,,,2024-04-19 00:00:00
2024-04-19,11:30am,GBP,MPC Member Mann Speaks,Non-economic,,,,2024-04-19 11:30:00
2024-04-19,2:00pm,EUR,German Buba President Nagel Speaks,Non-economic,,,,2024-04-19 14:00:00
2024-04-19,3:00pm,USD,FOMC Financial Stability Report,Non-economic,,,,2024-04-19 15:00:00
2024-04-20,Day 6,All,IMF Meetings,Non-economic,,,,2024-04-20 00:00:00
2024-04-21,6:01pm,GBP,Rightmove HPI m/m,Non-economic,1.1%,,1.5%,2024-04-21 18:01:00
2024-04-21,8:15pm,CNY,1-y Loan Prime Rate,Medium,3.45%,3.45%,3.45%,2024-04-21 20:15:00
2024-04-21,8:15pm,CNY,5-y Loan Prime Rate,Medium,3.95%,3.95%,3.95%,2024-04-21 20:15:00
2024-04-21,10:00pm,NZD,Credit Card Spending y/y,Non-economic,1.4%,,2.1%,2024-04-21 22:00:00
2024-04-22,7:30am,CAD,IPPI m/m,Non-economic,0.8%,0.8%,1.1%,2024-04-22 07:30:00
2024-04-22,7:30am,CAD,NHPI m/m,Non-economic,0.0%,0.1%,0.1%,2024-04-22 07:30:00
2024-04-22,7:30am,CAD,RMPI m/m,Non-economic,4.7%,2.9%,2.1%,2024-04-22 07:30:00
2024-04-22,9:00am,EUR,Consumer Confidence,Non-economic,-15,-14,-15,2024-04-22 09:00:00
2024-04-22,10:30am,EUR,ECB President Lagarde Speaks,Medium,,,,2024-04-22 10:30:00
2024-04-22,6:00pm,AUD,Flash Manufacturing PMI,Non-economic,49.9,,47.3,2024-04-22 18:00:00
2024-04-22,6:00pm,AUD,Flash Services PMI,Non-economic,54.2,,54.4,2024-04-22 18:00:00
2024-04-22,7:30pm,JPY,Flash Manufacturing PMI,Non-economic,49.9,48.0,48.2,2024-04-22 19:30:00
2024-04-23,12:00am,JPY,BOJ Core CPI y/y,Non-economic,2.2%,2.3%,2.3%,2024-04-23 00:00:00
2024-04-23,1:00am,GBP,Public Sector Net Borrowing,Non-economic,11.0B,8.9B,8.6B,2024-04-23 01:00:00
2024-04-23,2:15am,EUR,French Flash Manufacturing PMI,High,44.9,46.9,46.2,2024-04-23 02:15:00
2024-04-23,2:15am,EUR,French Flash Services PMI,High,50.5,48.9,48.3,2024-04-23 02:15:00
2024-04-23,2:30am,EUR,German Flash Manufacturing PMI,High,42.2,42.8,41.9,2024-04-23 02:30:00
2024-04-23,2:30am,EUR,German Flash Services PMI,High,53.3,50.6,50.1,2024-04-23 02:30:00
2024-04-23,3:00am,EUR,Flash Manufacturing PMI,Medium,45.6,46.5,46.1,2024-04-23 03:00:00
2024-04-23,3:00am,EUR,Flash Services PMI,Medium,52.9,51.8,51.5,2024-04-23 03:00:00
2024-04-23,3:00am,GBP,MPC Member Haskel Speaks,Non-economic,,,,2024-04-23 03:00:00
2024-04-23,3:30am,GBP,Flash Manufacturing PMI,High,48.7,50.3,50.3,2024-04-23 03:30:00
2024-04-23,3:30am,GBP,Flash Services PMI,High,54.9,53.0,53.1,2024-04-23 03:30:00
2024-04-23,6:15am,GBP,MPC Member Pill Speaks,Non-economic,,,,2024-04-23 06:15:00
2024-04-23,7:30am,EUR,German Buba President Nagel Speaks,Non-economic,,,,2024-04-23 07:30:00
2024-04-23,8:45am,USD,Flash Manufacturing PMI,High,49.9,52.0,51.9,2024-04-23 08:45:00
2024-04-23,8:45am,USD,Flash Services PMI,High,50.9,52.0,51.7,2024-04-23 08:45:00
2024-04-23,8:59am,USD,Richmond Manufacturing Index,Medium,-7,-7,-11,2024-04-23 08:59:00
2024-04-23,9:00am,USD,New Home Sales,Medium,693K,668K,637K,2024-04-23 09:00:00
2024-04-23,3:30pm,USD,API Weekly Statistical Bulletin,Non-economic,,,,2024-04-23 15:30:00
2024-04-23,5:45pm,NZD,Trade Balance,Non-economic,588M,-505M,-315M,2024-04-23 17:45:00
2024-04-23,6:50pm,JPY,SPPI y/y,Non-economic,2.3%,2.1%,2.2%,2024-04-23 18:50:00
2024-04-23,8:30pm,AUD,CPI m/m,High,1.0%,0.8%,0.6%,2024-04-23 20:30:00
2024-04-23,8:30pm,AUD,CPI y/y,High,3.5%,3.4%,3.4%,2024-04-23 20:30:00
2024-04-23,8:30pm,AUD,Trimmed Mean CPI m/m,High,1.0%,0.8%,0.8%,2024-04-23 20:30:00
2024-04-24,2:00am,EUR,German Buba President Nagel Speaks,Non-economic,,,,2024-04-24 02:00:00
2024-04-24,3:00am,CHF,UBS Economic Expectations,Non-economic,17.6,,11.5,2024-04-24 03:00:00
2024-04-24,3:00am,EUR,German ifo Business Climate,Medium,89.4,88.9,87.9,2024-04-24 03:00:00
2024-04-24,4:33am,EUR,German 10-y Bond Auction,Non-economic,2.54|2.5,,2.38|2.0,2024-04-24 04:33:00
2024-04-24,5:00am,GBP,CBI Industrial Order Expectations,Non-economic,-23,-16,-18,2024-04-24 05:00:00
2024-04-24,7:30am,CAD,Core Retail Sales m/m,Medium,-0.3%,0.0%,0.4%,2024-04-24 07:30:00
2024-04-24,7:30am,CAD,Retail Sales m/m,Medium,-0.1%,0.1%,-0.3%,2024-04-24 07:30:00
2024-04-24,7:30am,USD,Core Durable Goods Orders m/m,Medium,0.2%,0.3%,0.3%,2024-04-24 07:30:00
2024-04-24,7:30am,USD,Durable Goods Orders m/m,Medium,2.6%,2.5%,1.3%,2024-04-24 07:30:00
2024-04-24,7:55am,EUR,Belgian NBB Business Climate,Non-economic,-11.9,-9.6,-10.4,2024-04-24 07:55:00
2024-04-24,8:00am,CNY,CB Leading Index m/m,Non-economic,-0.2%,,-0.3%,2024-04-24 08:00:00
2024-04-24,9:30am,USD,Crude Oil Inventories,Non-economic,-6.4M,1.6M,2.7M,2024-04-24 09:30:00
2024-04-24,12:30pm,CAD,BOC Summary of Deliberations,Non-economic,,,,2024-04-24 12:30:00
2024-04-24,All Day,NZD,Bank Holiday,Low,,,,2024-04-24 00:00:00
2024-04-24,All Day,AUD,Bank Holiday,Low,,,,2024-04-24 00:00:00
2024-04-25,1:00am,EUR,German GfK Consumer Climate,Non-economic,-24.2,-25.9,-27.3,2024-04-25 01:00:00
2024-04-25,All Day,EUR,Italian Bank Holiday,Low,,,,2024-04-25 00:00:00
2024-04-25,3:00am,EUR,ECB Economic Bulletin,Non-economic,,,,2024-04-25 03:00:00
2024-04-25,5:00am,GBP,CBI Realized Sales,Non-economic,-44,-2,2,2024-04-25 05:00:00
2024-04-25,7:30am,USD,Advance GDP q/q,High,1.6%,2.5%,3.4%,2024-04-25 07:30:00
2024-04-25,7:30am,USD,Unemployment Claims,High,207K,214K,212K,2024-04-25 07:30:00
2024-04-25,7:30am,USD,Advance GDP Price Index q/q,Medium,3.1%,3.0%,1.6%,2024-04-25 07:30:00
2024-04-25,7:30am,USD,Goods Trade Balance,Non-economic,-91.8B,-91.1B,-90.3B,2024-04-25 07:30:00
2024-04-25,7:30am,USD,Prelim Wholesale Inventories m/m,Non-economic,-0.4%,0.2%,0.4%,2024-04-25 07:30:00
2024-04-25,9:00am,USD,Pending Home Sales m/m,High,3.4%,0.3%,1.6%,2024-04-25 09:00:00
2024-04-25,9:30am,USD,Natural Gas Storage,Non-economic,92B,87B,50B,2024-04-25 09:30:00
2024-04-25,10:15am,EUR,German Buba President Nagel Speaks,Non-economic,,,,2024-04-25 10:15:00
2024-04-25,6:01pm,GBP,GfK Consumer Confidence,Non-economic,-19,-20,-21,2024-04-25 18:01:00
2024-04-25,6:30pm,JPY,Tokyo Core CPI y/y,Medium,1.6%,2.2%,2.4%,2024-04-25 18:30:00
2024-04-25,8:30pm,AUD,Import Prices q/q,Non-economic,-1.8%,0.1%,1.1%,2024-04-25 20:30:00
2024-04-25,8:30pm,AUD,PPI q/q,Non-economic,0.9%,0.9%,0.9%,2024-04-25 20:30:00
2024-04-25,10:22pm,JPY,BOJ Outlook Report,High,,,,2024-04-25 22:22:00
2024-04-25,10:22pm,JPY,BOJ Policy Rate,High,<0.10%,<0.10%,<0.10%,2024-04-25 22:22:00
2024-04-25,10:22pm,JPY,Monetary Policy Statement,High,,,,2024-04-25 22:22:00
2024-04-26,1:30am,JPY,BOJ Press Conference,High,,,,2024-04-26 01:30:00
2024-04-26,2:00am,EUR,Spanish Unemployment Rate,Non-economic,12.3%,11.8%,11.8%,2024-04-26 02:00:00
2024-04-26,3:00am,CHF,SNB Chairman Jordan Speaks,Medium,,,,2024-04-26 03:00:00
2024-04-26,3:00am,EUR,M3 Money Supply y/y,Non-economic,0.9%,0.5%,0.4%,2024-04-26 03:00:00
2024-04-26,3:00am,EUR,Private Loans y/y,Non-economic,0.2%,0.3%,0.3%,2024-04-26 03:00:00
2024-04-26,7:30am,USD,Core PCE Price Index m/m,High,0.3%,0.3%,0.3%,2024-04-26 07:30:00
2024-04-26,7:30am,USD,Personal Income m/m,Non-economic,0.5%,0.5%,0.3%,2024-04-26 07:30:00
2024-04-26,7:30am,USD,Personal Spending m/m,Non-economic,0.8%,0.6%,0.8%,2024-04-26 07:30:00
2024-04-26,9:00am,USD,Revised UoM Consumer Sentiment,High,77.2,77.9,77.9,2024-04-26 09:00:00
2024-04-26,9:00am,USD,Revised UoM Inflation Expectations,Non-economic,3.2%,,3.1%,2024-04-26 09:00:00
2024-04-28,All Day,JPY,Bank Holiday,Low,,,,2024-04-28 00:00:00
2024-04-29,All Day,EUR,German Prelim CPI m/m,High,0.5%,0.6%,0.4%,2024-04-29 00:00:00
2024-04-29,2:00am,EUR,Spanish Flash CPI y/y,Medium,3.3%,3.4%,3.2%,2024-04-29 02:00:00
2024-04-29,4:13am,EUR,Italian 10-y Bond Auction,Non-economic,3.86|1.3,,3.67|1.4,2024-04-29 04:13:00
2024-04-29,6:01pm,GBP,BRC Shop Price Index y/y,Non-economic,0.8%,,1.3%,2024-04-29 18:01:00
2024-04-29,6:30pm,JPY,Unemployment Rate,Non-economic,2.6%,2.5%,2.6%,2024-04-29 18:30:00
2024-04-29,6:50pm,JPY,Prelim Industrial Production m/m,Non-economic,3.8%,3.4%,-0.6%,2024-04-29 18:50:00
2024-04-29,6:50pm,JPY,Retail Sales y/y,Non-economic,1.2%,2.5%,4.7%,2024-04-29 18:50:00
2024-04-29,8:00pm,NZD,ANZ Business Confidence,Medium,14.9,,22.9,2024-04-29 20:00:00
2024-04-29,8:30pm,AUD,Retail Sales m/m,Medium,-0.4%,0.2%,0.2%,2024-04-29 20:30:00
2024-04-29,8:30pm,AUD,Private Sector Credit m/m,Non-economic,0.3%,0.4%,0.5%,2024-04-29 20:30:00
2024-04-29,8:30pm,CNY,Manufacturing PMI,High,50.4,50.3,50.8,2024-04-29 20:30:00
2024-04-29,8:30pm,CNY,Non-Manufacturing PMI,Medium,51.2,52.3,53.0,2024-04-29 20:30:00
2024-04-29,8:45pm,CNY,RatingDog Manufacturing PMI,Non-economic,51.4,51.0,51.1,2024-04-29 20:45:00
2024-04-30,12:00am,JPY,Housing Starts y/y,Non-economic,-12.8%,-7.6%,-8.2%,2024-04-30 00:00:00
2024-04-30,12:30am,EUR,French Consumer Spending m/m,Non-economic,0.4%,0.2%,0.1%,2024-04-30 00:30:00
2024-04-30,12:30am,EUR,French Flash GDP q/q,Non-economic,0.2%,0.1%,0.1%,2024-04-30 00:30:00
2024-04-30,1:00am,EUR,German Import Prices m/m,Non-economic,0.4%,0.1%,-0.2%,2024-04-30 01:00:00
2024-04-30,1:00am,EUR,German Retail Sales m/m,Non-economic,1.8%,1.3%,-1.9%,2024-04-30 01:00:00
2024-04-30,1:45am,EUR,French Prelim CPI m/m,Non-economic,0.5%,0.5%,0.2%,2024-04-30 01:45:00
2024-04-30,2:00am,CHF,KOF Economic Barometer,Non-economic,101.8,102.1,100.4,2024-04-30 02:00:00
2024-04-30,2:00am,EUR,Spanish Flash GDP q/q,Non-economic,0.7%,0.4%,0.7%,2024-04-30 02:00:00
2024-04-30,2:55am,EUR,German Unemployment Change,Non-economic,10K,7K,6K,2024-04-30 02:55:00
2024-04-30,3:00am,EUR,Italian Prelim GDP q/q,Non-economic,0.3%,0.1%,0.1%,2024-04-30 03:00:00
2024-04-30,3:00am,EUR,German Prelim GDP q/q,Non-economic,0.2%,0.1%,-0.5%,2024-04-30 03:00:00
2024-04-30,3:30am,GBP,M4 Money Supply m/m,Non-economic,0.7%,0.4%,0.6%,2024-04-30 03:30:00
2024-04-30,3:30am,GBP,Mortgage Approvals,Non-economic,61K,61K,60K,2024-04-30 03:30:00
2024-04-30,3:30am,GBP,Net Lending to Individuals m/m,Non-economic,1.8B,1.7B,3.1B,2024-04-30 03:30:00
2024-04-30,4:00am,EUR,Core CPI Flash Estimate y/y,Medium,2.7%,2.6%,2.9%,2024-04-30 04:00:00
2024-04-30,4:00am,EUR,CPI Flash Estimate y/y,Medium,2.4%,2.4%,2.4%,2024-04-30 04:00:00
2024-04-30,4:00am,EUR,Italian Prelim CPI m/m,Non-economic,0.2%,0.3%,0.0%,2024-04-30 04:00:00
2024-04-30,4:00am,EUR,Prelim Flash GDP q/q,Non-economic,0.3%,0.1%,0.0%,2024-04-30 04:00:00
2024-04-30,7:30am,CAD,GDP m/m,High,0.2%,0.3%,0.5%,2024-04-30 07:30:00
2024-04-30,7:30am,USD,Employment Cost Index q/q,High,1.2%,1.0%,0.9%,2024-04-30 07:30:00
2024-04-30,8:00am,USD,S&P/CS Composite-20 HPI y/y,Medium,7.3%,6.7%,6.6%,2024-04-30 08:00:00
2024-04-30,8:00am,USD,HPI m/m,Non-economic,1.2%,0.1%,-0.1%,2024-04-30 08:00:00
2024-04-30,8:45am,USD,Chicago PMI,Medium,37.9,44.9,41.4,2024-04-30 08:45:00
2024-04-30,9:00am,USD,CB Consumer Confidence,High,97.0,104.0,103.1,2024-04-30 09:00:00
2024-04-30,3:30pm,USD,API Weekly Statistical Bulletin,Non-economic,,,,2024-04-30 15:30:00
2024-04-30,4:00pm,NZD,RBNZ Financial Stability Report,Non-economic,,,,2024-04-30 16:00:00
2024-04-30,5:45pm,NZD,Employment Change q/q,High,-0.2%,0.3%,0.4%,2024-04-30 17:45:00
2024-04-30,5:45pm,NZD,Unemployment Rate,High,4.3%,4.3%,4.0%,2024-04-30 17:45:00
2024-04-30,5:45pm,NZD,Labor Cost Index q/q,Non-economic,0.8%,0.8%,1.0%,2024-04-30 17:45:00
2024-04-30,All Day,CNY,Bank Holiday,Low,,,,2024-04-30 00:00:00
2024-04-30,7:30pm,JPY,Final Manufacturing PMI,Non-economic,49.6,49.9,49.9,2024-04-30 19:30:00
2024-04-30,8:00pm,NZD,RBNZ Gov Orr Speaks,Medium,,,,2024-04-30 20:00:00
2024-05-01,All Day,CHF,Bank Holiday,Low,,,,2024-05-01 00:00:00
2024-05-01,1:00am,GBP,Nationwide HPI m/m,Non-economic,-0.4%,0.1%,-0.2%,2024-05-01 01:00:00
2024-05-01,All Day,EUR,French Bank Holiday,Low,,,,2024-05-01 00:00:00
2024-05-01,All Day,EUR,German Bank Holiday,Low,,,,2024-05-01 00:00:00
2024-05-01,All Day,EUR,Italian Bank Holiday,Low,,,,2024-05-01 00:00:00
2024-05-01,1:30am,AUD,Commodity Prices y/y,Non-economic,-11.6%,,-14.9%,2024-05-01 01:30:00
2024-05-01,3:30am,GBP,Final Manufacturing PMI,Non-economic,49.1,48.7,48.7,2024-05-01 03:30:00
2024-05-01,4:03am,GBP,10-y Bond Auction,Non-economic,4.37|3.1,,4.01|3.3,2024-05-01 04:03:00
2024-05-01,7:15am,USD,ADP Non-Farm Employment Change,High,192K,179K,208K,2024-05-01 07:15:00
2024-05-01,8:30am,CAD,Manufacturing PMI,Non-economic,49.4,,49.8,2024-05-01 08:30:00
2024-05-01,8:45am,USD,Final Manufacturing PMI,High,50.0,49.9,49.9,2024-05-01 08:45:00
2024-05-01,9:00am,USD,ISM Manufacturing PMI,High,49.2,50.0,50.3,2024-05-01 09:00:00
2024-05-01,9:00am,USD,JOLTS Job Openings,High,8.49M,8.68M,8.81M,2024-05-01 09:00:00
2024-05-01,9:00am,USD,ISM Manufacturing Prices,Medium,60.9,55.5,55.8,2024-05-01 09:00:00
2024-05-01,9:00am,USD,Construction Spending m/m,Non-economic,-0.2%,0.3%,0.0%,2024-05-01 09:00:00
2024-05-01,All Day,USD,Wards Total Vehicle Sales,Non-economic,15.7M,15.7M,15.5M,2024-05-01 00:00:00
2024-05-01,9:30am,USD,Crude Oil Inventories,Non-economic,7.3M,-2.3M,-6.4M,2024-05-01 09:30:00
2024-05-01,1:00pm,USD,Federal Funds Rate,High,5.50%,5.50%,5.50%,2024-05-01 13:00:00
2024-05-01,1:00pm,USD,FOMC Statement,High,,,,2024-05-01 13:00:00
2024-05-01,1:30pm,USD,FOMC Press Conference,High,,,,2024-05-01 13:30:00
2024-05-01,3:15pm,CAD,BOC Gov Macklem Speaks,High,,,,2024-05-01 15:15:00
2024-05-01,5:45pm,NZD,Building Consents m/m,Non-economic,-0.2%,,15.9%,2024-05-01 17:45:00
2024-05-01,6:50pm,JPY,Monetary Base y/y,Non-economic,2.1%,1.7%,1.6%,2024-05-01 18:50:00
2024-05-01,6:50pm,JPY,Monetary Policy Meeting Minutes,Non-economic,,,,2024-05-01 18:50:00
2024-05-01,All Day,CNY,Bank Holiday,Low,,,,2024-05-01 00:00:00
2024-05-01,8:30pm,AUD,Building Approvals m/m,Non-economic,1.9%,3.5%,-0.9%,2024-05-01 20:30:00
2024-05-01,8:30pm,AUD,Goods Trade Balance,Non-economic,5.02B,7.19B,6.59B,2024-05-01 20:30:00
2024-05-01,11:59pm,JPY,Consumer Confidence,Non-economic,38.3,39.7,39.5,2024-05-01 23:59:00
2024-05-02,1:30am,CHF,CPI m/m,High,0.3%,0.1%,0.0%,2024-05-02 01:30:00
2024-05-02,1:30am,CHF,Retail Sales y/y,Non-economic,-0.1%,0.2%,0.2%,2024-05-02 01:30:00
2024-05-02,2:15am,EUR,Spanish Manufacturing PMI,Non-economic,52.2,51.3,51.4,2024-05-02 02:15:00
2024-05-02,2:30am,CHF,Manufacturing PMI,Non-economic,41.4,45.5,45.2,2024-05-02 02:30:00
2024-05-02,2:45am,EUR,Italian Manufacturing PMI,Non-economic,47.3,50.3,50.4,2024-05-02 02:45:00
2024-05-02,2:50am,EUR,French Final Manufacturing PMI,Non-economic,45.3,44.9,44.9,2024-05-02 02:50:00
2024-05-02,2:55am,EUR,German Final Manufacturing PMI,Non-economic,42.5,42.2,42.2,2024-05-02 02:55:00
2024-05-02,3:00am,EUR,Final Manufacturing PMI,Non-economic,45.7,45.6,45.6,2024-05-02 03:00:00
2024-05-02,3:58am,EUR,French 10-y Bond Auction,Non-economic,3.03|2.2,,2.87|1.9,2024-05-02 03:58:00
2024-05-02,6:30am,USD,Challenger Job Cuts y/y,Non-economic,-3.3%,,0.7%,2024-05-02 06:30:00
2024-05-02,7:30am,CAD,Trade Balance,Non-economic,-2.3B,1.1B,0.5B,2024-05-02 07:30:00
2024-05-02,7:30am,USD,Unemployment Claims,High,208K,212K,208K,2024-05-02 07:30:00
2024-05-02,7:30am,USD,Prelim Nonfarm Productivity q/q,Non-economic,0.3%,0.8%,3.5%,2024-05-02 07:30:00
2024-05-02,7:30am,USD,Prelim Unit Labor Costs q/q,Non-economic,4.7%,3.6%,0.4%,2024-05-02 07:30:00
2024-05-02,7:30am,USD,Trade Balance,Non-economic,-69.4B,-69.5B,-69.5B,2024-05-02 07:30:00
2024-05-02,7:45am,CAD,BOC Gov Macklem Speaks,High,,,,2024-05-02 07:45:00
2024-05-02,9:00am,USD,Factory Orders m/m,Non-economic,1.6%,1.6%,1.2%,2024-05-02 09:00:00
2024-05-02,9:30am,USD,Natural Gas Storage,Non-economic,59B,68B,92B,2024-05-02 09:30:00
2024-05-02,All Day,JPY,Bank Holiday,Low,,,,2024-05-02 00:00:00
2024-05-02,All Day,CNY,Bank Holiday,Low,,,,2024-05-02 00:00:00
2024-05-02,8:30pm,AUD,Household Spending m/m,Non-economic,-0.7%,,3.9%,2024-05-02 20:30:00
2024-05-03,1:45am,EUR,French Gov Budget Balance,Non-economic,-52.8B,,-44.0B,2024-05-03 01:45:00
2024-05-03,1:45am,EUR,French Industrial Production m/m,Non-economic,-0.3%,0.3%,0.2%,2024-05-03 01:45:00
2024-05-03,3:00am,EUR,Italian Monthly Unemployment Rate,Non-economic,7.2%,7.5%,7.4%,2024-05-03 03:00:00
2024-05-03,3:30am,GBP,Final Services PMI,Non-economic,55.0,54.9,54.9,2024-05-03 03:30:00
2024-05-03,4:00am,EUR,Unemployment Rate,Non-economic,6.5%,6.5%,6.5%,2024-05-03 04:00:00
2024-05-03,7:30am,USD,Average Hourly Earnings m/m,High,0.2%,0.3%,0.3%,2024-05-03 07:30:00
2024-05-03,7:30am,USD,Non-Farm Employment Change,High,175K,238K,315K,2024-05-03 07:30:00
2024-05-03,7:30am,USD,Unemployment Rate,High,3.9%,3.8%,3.8%,2024-05-03 07:30:00
2024-05-03,8:45am,USD,Final Services PMI,Medium,51.3,50.9,50.9,2024-05-03 08:45:00
2024-05-03,8:45am,USD,FOMC Member Bowman Speaks,Non-economic,,,,2024-05-03 08:45:00
2024-05-03,9:00am,USD,ISM Services PMI,High,49.4,52.0,51.4,2024-05-03 09:00:00
2024-05-03,7:15pm,USD,FOMC Member Williams Speaks,Non-economic,,,,2024-05-03 19:15:00
2024-05-04,8:20am,USD,FOMC Member Cook Speaks,Non-economic,,,,2024-05-04 08:20:00
2024-05-05,All Day,JPY,Bank Holiday,Low,,,,2024-05-05 00:00:00
2024-05-05,8:00pm,AUD,MI Inflation Gauge m/m,Non-economic,0.1%,,0.1%,2024-05-05 20:00:00
2024-05-05,8:00pm,NZD,ANZ Commodity Prices m/m,Non-economic,0.5%,,-1.3%,2024-05-05 20:00:00
2024-05-05,8:30pm,AUD,ANZ Job Advertisements m/m,Non-economic,2.8%,,-1.0%,2024-05-05 20:30:00
2024-05-05,8:45pm,CNY,RatingDog Services PMI,Non-economic,52.5,52.5,52.7,2024-05-05 20:45:00
2024-05-06,2:00am,EUR,Spanish Unemployment Change,Non-economic,-60.5K,-74.5K,-33.4K,2024-05-06 02:00:00
2024-05-06,All Day,GBP,Bank Holiday,Low,,,,2024-05-06 00:00:00
2024-05-06,2:15am,EUR,Spanish Services PMI,Non-economic,56.2,56.0,56.1,2024-05-06 02:15:00
2024-05-06,2:45am,EUR,Italian Services PMI,Non-economic,54.3,54.7,54.6,2024-05-06 02:45:00
2024-05-06,2:50am,EUR,French Final Services PMI,Non-economic,51.3,50.5,50.5,2024-05-06 02:50:00
2024-05-06,2:55am,EUR,German Final Services PMI,Non-economic,53.2,53.3,53.3,2024-05-06 02:55:00
2024-05-06,3:00am,EUR,Final Services PMI,Non-economic,53.3,52.9,52.9,2024-05-06 03:00:00
2024-05-06,3:30am,EUR,Sentix Investor Confidence,Non-economic,-3.6,-4.8,-5.9,2024-05-06 03:30:00
2024-05-06,4:00am,EUR,PPI m/m,Non-economic,-0.4%,-0.4%,-1.1%,2024-05-06 04:00:00
2024-05-06,6:30am,EUR,German Buba President Nagel Speaks,Non-economic,,,,2024-05-06 06:30:00
2024-05-06,7:25am,CHF,SNB Chairman Jordan Speaks,Medium,,,,2024-05-06 07:25:00
2024-05-06,11:50am,USD,FOMC Member Barkin Speaks,Non-economic,,,,2024-05-06 11:50:00
2024-05-06,12:00pm,USD,FOMC Member Williams Speaks,Non-economic,,,,2024-05-06 12:00:00
2024-05-06,1:00pm,USD,Loan Officer Survey,Non-economic,,,,2024-05-06 13:00:00
2024-05-06,6:01pm,GBP,BRC Retail Sales Monitor y/y,Non-economic,-4.4%,1.8%,3.2%,2024-05-06 18:01:00
2024-05-06,11:30pm,AUD,Cash Rate,High,4.35%,4.35%,4.35%,2024-05-06 23:30:00
2024-05-06,11:30pm,AUD,RBA Monetary Policy Statement,High,,,,2024-05-06 23:30:00
2024-05-06,11:30pm,AUD,RBA Rate Statement,High,,,,2024-05-06 23:30:00
2024-05-07,12:30am,AUD,RBA Press Conference,Medium,,,,2024-05-07 00:30:00
2024-05-07,12:45am,CHF,Unemployment Rate,Non-economic,2.3%,2.3%,2.3%,2024-05-07 00:45:00
2024-05-07,1:00am,EUR,German Factory Orders m/m,Non-economic,-0.4%,0.4%,-0.8%,2024-05-07 01:00:00
2024-05-07,1:00am,EUR,German Trade Balance,Non-economic,22.3B,22.4B,21.4B,2024-05-07 01:00:00
2024-05-07,1:00am,GBP,Halifax HPI m/m,Non-economic,0.1%,0.2%,-0.9%,2024-05-07 01:00:00
2024-05-07,1:45am,EUR,French Prelim Private Payrolls q/q,Non-economic,0.2%,0.0%,-0.1%,2024-05-07 01:45:00
2024-05-07,1:45am,EUR,French Trade Balance,Non-economic,-5.5B,-5.0B,-5.6B,2024-05-07 01:45:00
2024-05-07,2:00am,CHF,Foreign Currency Reserves,Non-economic,720B,,716B,2024-05-07 02:00:00
2024-05-07,3:30am,GBP,Construction PMI,Medium,53.0,50.4,50.2,2024-05-07 03:30:00
2024-05-07,4:00am,EUR,Retail Sales m/m,Non-economic,0.8%,0.6%,-0.3%,2024-05-07 04:00:00
2024-05-07,9:00am,CAD,Ivey PMI,Medium,63.0,58.1,57.5,2024-05-07 09:00:00
2024-05-07,9:00am,EUR,German Buba President Nagel Speaks,Non-economic,,,,2024-05-07 09:00:00
2024-05-07,9:06am,USD,RCM/TIPP Economic Optimism,Non-economic,41.8,44.1,43.2,2024-05-07 09:06:00
2024-05-07,9:56am,NZD,GDT Price Index,Non-economic,1.8%,,0.1%,2024-05-07 09:56:00
2024-05-07,10:30am,EUR,German Buba President Nagel Speaks,Non-economic,,,,2024-05-07 10:30:00
2024-05-07,2:00pm,USD,Consumer Credit m/m,Non-economic,6.3B,14.8B,15.0B,2024-05-07 14:00:00
2024-05-07,2:30pm,CAD,Gov Council Member Rogers Speaks,Non-economic,,,,2024-05-07 14:30:00
2024-05-07,3:30pm,USD,API Weekly Statistical Bulletin,Non-economic,,,,2024-05-07 15:30:00
2024-05-07,10:35pm,JPY,10-y Bond Auction,Non-economic,0.86|3.2,,0.75|3.8,2024-05-07 22:35:00
2024-05-08,1:00am,EUR,German Industrial Production m/m,Non-economic,-0.4%,-0.6%,1.7%,2024-05-08 01:00:00
2024-05-08,All Day,EUR,French Bank Holiday,Low,,,,2024-05-08 00:00:00
2024-05-08,3:00am,EUR,Italian Retail Sales m/m,Non-economic,0.0%,0.2%,0.1%,2024-05-08 03:00:00
2024-05-08,4:03am,GBP,30-y Bond Auction,Non-economic,4.55|3.3,,4.43|2.7,2024-05-08 04:03:00
2024-05-08,9:00am,USD,Final Wholesale Inventories m/m,Non-economic,-0.4%,-0.4%,-0.4%,2024-05-08 09:00:00
2024-05-08,9:30am,USD,Crude Oil Inventories,Non-economic,-1.4M,-1.0M,7.3M,2024-05-08 09:30:00
2024-05-08,10:00am,USD,FOMC Member Jefferson Speaks,Non-economic,,,,2024-05-08 10:00:00
2024-05-08,12:01pm,USD,10-y Bond Auction,Medium,4.48|2.5,,4.56|2.3,2024-05-08 12:01:00
2024-05-08,12:30pm,USD,FOMC Member Cook Speaks,Non-economic,,,,2024-05-08 12:30:00
2024-05-08,6:01pm,GBP,RICS House Price Balance,Non-economic,-5%,-2%,-5%,2024-05-08 18:01:00
2024-05-08,6:30pm,JPY,Average Cash Earnings y/y,Non-economic,0.6%,1.5%,1.4%,2024-05-08 18:30:00
2024-05-08,6:50pm,JPY,BOJ Summary of Opinions,Non-economic,,,,2024-05-08 18:50:00
2024-05-08,10:06pm,CNY,USD-Denominated Trade Balance,Non-economic,72.4B,81.4B,58.6B,2024-05-08 22:06:00
2024-05-08,10:07pm,CNY,Trade Balance,Non-economic,513B,510B,416B,2024-05-08 22:07:00
2024-05-09,12:00am,JPY,Leading Indicators,Non-economic,111.4%,111.3%,112.1%,2024-05-09 00:00:00
2024-05-09,All Day,CHF,Bank Holiday,Low,,,,2024-05-09 00:00:00
2024-05-09,All Day,EUR,French Bank Holiday,Low,,,,2024-05-09 00:00:00
2024-05-09,All Day,EUR,German Bank Holiday,Low,,,,2024-05-09 00:00:00
2024-05-09,6:00am,GBP,BOE Monetary Policy Report,High,,,,2024-05-09 06:00:00
2024-05-09,6:00am,GBP,Monetary Policy Summary,High,,,,2024-05-09 06:00:00
2024-05-09,6:00am,GBP,MPC Official Bank Rate Votes,High,0-2-7,0-0-9,0-1-8,2024-05-09 06:00:00
2024-05-09,6:00am,GBP,Official Bank Rate,High,5.25%,5.25%,5.25%,2024-05-09 06:00:00
2024-05-09,6:30am,GBP,BOE Gov Bailey Speaks,High,,,,2024-05-09 06:30:00
2024-05-09,7:30am,USD,Unemployment Claims,High,231K,212K,209K,2024-05-09 07:30:00
2024-05-09,9:00am,CAD,BOC Financial System Review,Non-economic,,,,2024-05-09 09:00:00
2024-05-09,9:30am,USD,Natural Gas Storage,Non-economic,79B,87B,59B,2024-05-09 09:30:00
2024-05-09,10:00am,CAD,BOC Gov Macklem Speaks,High,,,,2024-05-09 10:00:00
2024-05-09,11:15am,GBP,MPC Member Pill Speaks,Non-economic,,,,2024-05-09 11:15:00
2024-05-09,12:01pm,USD,30-y Bond Auction,High,4.64|2.4,,4.67|2.4,2024-05-09 12:01:00
2024-05-09,1:00pm,USD,FOMC Member Daly Speaks,Non-economic,,,,2024-05-09 13:00:00
2024-05-09,5:30pm,NZD,BusinessNZ Manufacturing Index,Non-economic,48.9,,46.8,2024-05-09 17:30:00
2024-05-09,6:30pm,JPY,Household Spending y/y,Non-economic,-1.2%,-2.3%,-0.5%,2024-05-09 18:30:00
2024-05-09,6:50pm,JPY,Bank Lending y/y,Non-economic,3.1%,3.1%,3.2%,2024-05-09 18:50:00
2024-05-09,6:50pm,JPY,Current Account,Non-economic,2.01T,2.04T,1.41T,2024-05-09 18:50:00
2024-05-09,10:35pm,JPY,30-y Bond Auction,Non-economic,1.99|3.2,,1.81|3.5,2024-05-09 22:35:00
2024-05-10,12:00am,JPY,Economy Watchers Sentiment,Non-economic,47.4,50.4,49.8,2024-05-10 00:00:00
2024-05-10,1:00am,GBP,GDP m/m,High,0.4%,0.1%,0.2%,2024-05-10 01:00:00
2024-05-10,1:00am,GBP,Prelim GDP q/q,Medium,0.6%,0.4%,-0.3%,2024-05-10 01:00:00
2024-05-10,1:00am,GBP,Construction Output m/m,Non-economic,-0.4%,0.8%,-2.0%,2024-05-10 01:00:00
2024-05-10,1:00am,GBP,Goods Trade Balance,Non-economic,-14.0B,-14.5B,-14.1B,2024-05-10 01:00:00
2024-05-10,1:00am,GBP,Index of Services 3m/3m,Non-economic,0.7%,0.4%,0.3%,2024-05-10 01:00:00
2024-05-10,1:00am,GBP,Industrial Production m/m,Non-economic,0.2%,-0.5%,1.0%,2024-05-10 01:00:00
2024-05-10,1:00am,GBP,Manufacturing Production m/m,Non-economic,0.3%,-0.5%,1.2%,2024-05-10 01:00:00
2024-05-10,1:00am,GBP,Prelim Business Investment q/q,Non-economic,0.9%,0.2%,1.4%,2024-05-10 01:00:00
2024-05-10,3:00am,EUR,Italian Industrial Production m/m,Non-economic,-0.5%,0.3%,0.0%,2024-05-10 03:00:00
2024-05-10,6:15am,GBP,MPC Member Pill Speaks,Non-economic,,,,2024-05-10 06:15:00
2024-05-10,6:30am,EUR,ECB Monetary Policy Meeting Accounts,Non-economic,,,,2024-05-10 06:30:00
2024-05-10,6:40am,GBP,NIESR GDP Estimate,Non-economic,0.7%,,0.4%,2024-05-10 06:40:00
2024-05-10,6:45am,GBP,MPC Member Dhingra Speaks,Non-economic,,,,2024-05-10 06:45:00
2024-05-10,7:30am,CAD,Employment Change,High,90.4K,20.9K,-2.2K,2024-05-10 07:30:00
2024-05-10,7:30am,CAD,Unemployment Rate,High,6.1%,6.2%,6.1%,2024-05-10 07:30:00
2024-05-10,8:00am,USD,FOMC Member Bowman Speaks,Non-economic,,,,2024-05-10 08:00:00
2024-05-10,9:00am,USD,Prelim UoM Consumer Sentiment,High,67.4,76.3,77.2,2024-05-10 09:00:00
2024-05-10,9:00am,USD,Prelim UoM Inflation Expectations,Medium,3.5%,,3.2%,2024-05-10 09:00:00
2024-05-10,12:30pm,USD,FOMC Member Barr Speaks,Non-economic,,,,2024-05-10 12:30:00
2024-05-10,1:00pm,USD,Federal Budget Balance,Non-economic,209.5B,244.5B,-236.5B,2024-05-10 13:00:00
2024-05-10,8:30pm,CNY,CPI y/y,Medium,0.3%,0.2%,0.1%,2024-05-10 20:30:00
2024-05-10,8:30pm,CNY,PPI y/y,Medium,-2.5%,-2.3%,-2.8%,2024-05-10 20:30:00
2024-05-11,4:35am,CNY,M2 Money Supply y/y,Non-economic,7.2%,8.2%,8.3%,2024-05-11 04:35:00
2024-05-11,4:36am,CNY,New Loans,Non-economic,730B,1200B,3090B,2024-05-11 04:36:00
2024-05-12,5:30pm,NZD,BusinessNZ Services Index,Non-economic,47.1,,47.2,2024-05-12 17:30:00
2024-05-12,5:45pm,NZD,FPI m/m,Non-economic,0.6%,,-0.5%,2024-05-12 17:45:00
2024-05-12,6:50pm,JPY,M2 Money Stock y/y,Non-economic,2.2%,2.5%,2.5%,2024-05-12 18:50:00
2024-05-12,8:30pm,AUD,NAB Business Confidence,Non-economic,1,,1,2024-05-12 20:30:00
2024-05-12,10:00pm,NZD,Inflation Expectations q/q,High,2.33%,,2.50%,2024-05-12 22:00:00
2024-05-13,2:00am,CHF,SECO Consumer Climate,Non-economic,-38,-40,-38,2024-05-13 02:00:00
2024-05-13,All Day,EUR,Eurogroup Meetings,Non-economic,,,,2024-05-13 00:00:00
2024-05-13,7:30am,CAD,Building Permits m/m,Non-economic,-11.7%,-4.6%,8.9%,2024-05-13 07:30:00
2024-05-13,8:00am,USD,FOMC Member Jefferson Speaks,Non-economic,,,,2024-05-13 08:00:00
2024-05-13,8:00am,USD,FOMC Member Mester Speaks,Non-economic,,,,2024-05-13 08:00:00
2024-05-13,8:45am,USD,Cleveland Fed Inflation Expectations,Non-economic,3.8%,,3.4%,2024-05-13 08:45:00
2024-05-13,11:45am,CHF,SNB Chairman Jordan Speaks,Medium,,,,2024-05-13 11:45:00
2024-05-13,5:45pm,NZD,Visitor Arrivals m/m,Non-economic,9.1%,,1.6%,2024-05-13 17:45:00
2024-05-13,6:50pm,JPY,PPI y/y,Non-economic,0.9%,0.9%,0.9%,2024-05-13 18:50:00
2024-05-14,12:58am,JPY,Prelim Machine Tool Orders y/y,Non-economic,-11.6%,,-3.8%,2024-05-14 00:58:00
2024-05-14,1:00am,EUR,German Final CPI m/m,Non-economic,0.5%,0.5%,0.5%,2024-05-14 01:00:00
2024-05-14,1:00am,GBP,Claimant Count Change,High,8.9K,13.9K,-2.4K,2024-05-14 01:00:00
2024-05-14,1:00am,GBP,Average Earnings Index 3m/y,Medium,5.7%,5.3%,5.7%,2024-05-14 01:00:00
2024-05-14,1:00am,GBP,Unemployment Rate,Non-economic,4.3%,4.3%,4.2%,2024-05-14 01:00:00
2024-05-14,1:30am,CHF,PPI m/m,Non-economic,0.6%,0.2%,0.1%,2024-05-14 01:30:00
2024-05-14,2:30am,GBP,MPC Member Pill Speaks,Non-economic,,,,2024-05-14 02:30:00
2024-05-14,4:00am,EUR,ZEW Economic Sentiment,Non-economic,47.0,46.1,43.9,2024-05-14 04:00:00
2024-05-14,4:00am,EUR,German ZEW Economic Sentiment,Non-economic,47.1,44.9,42.9,2024-05-14 04:00:00
2024-05-14,All Day,EUR,ECOFIN Meetings,Non-economic,,,,2024-05-14 00:00:00
2024-05-14,4:30am,AUD,Annual Budget Release,Non-economic,,,,2024-05-14 04:30:00
2024-05-14,5:00am,USD,NFIB Small Business Index,Non-economic,89.7,88.1,88.5,2024-05-14 05:00:00
2024-05-14,7:30am,CAD,Wholesale Sales m/m,Non-economic,-1.1%,-0.9%,0.2%,2024-05-14 07:30:00
2024-05-14,7:30am,USD,Core PPI m/m,High,0.5%,0.2%,-0.1%,2024-05-14 07:30:00
2024-05-14,7:30am,USD,PPI m/m,High,0.5%,0.3%,-0.1%,2024-05-14 07:30:00
2024-05-14,8:10am,USD,FOMC Member Cook Speaks,Non-economic,,,,2024-05-14 08:10:00
2024-05-14,8:30am,GBP,CB Leading Index m/m,Non-economic,-0.1%,,-0.1%,2024-05-14 08:30:00
2024-05-14,9:00am,USD,Fed Chairman Powell Speaks,High,,,,2024-05-14 09:00:00
2024-05-14,3:30pm,USD,API Weekly Statistical Bulletin,Non-economic,,,,2024-05-14 15:30:00
2024-05-14,8:30pm,AUD,Wage Price Index q/q,High,0.8%,0.9%,1.0%,2024-05-14 20:30:00
2024-05-15,1:45am,EUR,French Final CPI m/m,Non-economic,0.5%,0.5%,0.5%,2024-05-15 01:45:00
2024-05-15,4:00am,EUR,EU Economic Forecasts,Non-economic,,,,2024-05-15 04:00:00
2024-05-15,4:00am,EUR,Flash Employment Change q/q,Non-economic,0.3%,0.3%,0.3%,2024-05-15 04:00:00
2024-05-15,4:00am,EUR,Flash GDP q/q,Non-economic,0.3%,0.3%,0.3%,2024-05-15 04:00:00
2024-05-15,4:00am,EUR,Industrial Production m/m,Non-economic,0.6%,0.5%,1.0%,2024-05-15 04:00:00
2024-05-15,4:03am,GBP,10-y Bond Auction,Non-economic,4.07|3.5,,4.37|3.1,2024-05-15 04:03:00
2024-05-15,4:33am,EUR,German 30-y Bond Auction,Non-economic,2.62|3.1,,2.62|3.2,2024-05-15 04:33:00
2024-05-15,7:15am,CAD,Housing Starts,Non-economic,240K,239K,242K,2024-05-15 07:15:00
2024-05-15,7:30am,CAD,Manufacturing Sales m/m,Non-economic,-2.1%,-2.4%,0.9%,2024-05-15 07:30:00
2024-05-15,7:30am,USD,Core CPI m/m,High,0.3%,0.3%,0.4%,2024-05-15 07:30:00
2024-05-15,7:30am,USD,Core Retail Sales m/m,High,0.2%,0.2%,0.9%,2024-05-15 07:30:00
2024-05-15,7:30am,USD,CPI m/m,High,0.3%,0.4%,0.4%,2024-05-15 07:30:00
2024-05-15,7:30am,USD,CPI y/y,High,3.4%,3.4%,3.5%,2024-05-15 07:30:00
2024-05-15,7:30am,USD,Empire State Manufacturing Index,High,-15.6,-9.9,-14.3,2024-05-15 07:30:00
2024-05-15,7:30am,USD,Retail Sales m/m,High,0.0%,0.4%,0.6%,2024-05-15 07:30:00
2024-05-15,9:00am,USD,Business Inventories m/m,Non-economic,-0.1%,0.0%,0.3%,2024-05-15 09:00:00
2024-05-15,9:00am,USD,FOMC Member Barr Speaks,Non-economic,,,,2024-05-15 09:00:00
2024-05-15,9:00am,USD,NAHB Housing Market Index,Non-economic,45,51,51,2024-05-15 09:00:00
2024-05-15,9:30am,AUD,CB Leading Index m/m,Non-economic,0.1%,,0.1%,2024-05-15 09:30:00
2024-05-15,9:30am,USD,Crude Oil Inventories,Non-economic,-2.5M,-0.4M,-1.4M,2024-05-15 09:30:00
2024-05-15,2:20pm,USD,FOMC Member Bowman Speaks,Non-economic,,,,2024-05-15 14:20:00
2024-05-15,3:00pm,USD,TIC Long-Term Purchases,Non-economic,100.5B,89.3B,62.9B,2024-05-15 15:00:00
2024-05-15,6:40pm,AUD,RBA Assist Gov Hunter Speaks,Non-economic,,,,2024-05-15 18:40:00
2024-05-15,6:50pm,JPY,Prelim GDP q/q,Medium,-0.5%,-0.3%,0.1%,2024-05-15 18:50:00
2024-05-15,6:50pm,JPY,Prelim GDP Price Index y/y,Non-economic,3.6%,3.3%,3.9%,2024-05-15 18:50:00
2024-05-15,8:30pm,AUD,Employment Change,High,38.5K,22.4K,-5.9K,2024-05-15 20:30:00
2024-05-15,8:30pm,AUD,Unemployment Rate,High,4.1%,3.9%,3.9%,2024-05-15 20:30:00
2024-05-15,11:30pm,JPY,Revised Industrial Production m/m,Non-economic,4.4%,3.4%,3.8%,2024-05-15 23:30:00
2024-05-16,3:00am,EUR,ECB Financial Stability Review,Medium,,,,2024-05-16 03:00:00
2024-05-16,4:00am,EUR,Italian Trade Balance,Non-economic,4.34B,4.77B,6.00B,2024-05-16 04:00:00
2024-05-16,6:00am,GBP,MPC Member Greene Speaks,Non-economic,,,,2024-05-16 06:00:00
2024-05-16,6:30am,EUR,German Buba President Nagel Speaks,Non-economic,,,,2024-05-16 06:30:00
2024-05-16,7:30am,USD,Unemployment Claims,High,222K,219K,232K,2024-05-16 07:30:00
2024-05-16,7:30am,USD,Building Permits,Medium,1.44M,1.48M,1.49M,2024-05-16 07:30:00
2024-05-16,7:30am,USD,Philly Fed Manufacturing Index,Medium,4.5,7.7,15.5,2024-05-16 07:30:00
2024-05-16,7:30am,USD,Housing Starts,Non-economic,1.36M,1.42M,1.29M,2024-05-16 07:30:00
2024-05-16,7:30am,USD,Import Prices m/m,Non-economic,0.9%,0.2%,0.6%,2024-05-16 07:30:00
2024-05-16,8:15am,USD,Industrial Production m/m,Medium,0.0%,0.1%,0.1%,2024-05-16 08:15:00
2024-05-16,8:15am,USD,Capacity Utilization Rate,Non-economic,78.4%,78.4%,78.5%,2024-05-16 08:15:00
2024-05-16,9:00am,USD,FOMC Member Barr Speaks,Non-economic,,,,2024-05-16 09:00:00
2024-05-16,9:23am,USD,Mortgage Delinquencies,Non-economic,3.94%,,3.88%,2024-05-16 09:23:00
2024-05-16,9:30am,USD,Natural Gas Storage,Non-economic,70B,76B,79B,2024-05-16 09:30:00
2024-05-16,11:00am,USD,FOMC Member Mester Speaks,Non-economic,,,,2024-05-16 11:00:00
2024-05-16,2:50pm,USD,FOMC Member Bostic Speaks,Non-economic,,,,2024-05-16 14:50:00
2024-05-16,5:45pm,NZD,PPI Input q/q,Non-economic,0.7%,0.6%,0.9%,2024-05-16 17:45:00
2024-05-16,5:45pm,NZD,PPI Output q/q,Non-economic,0.9%,0.5%,0.7%,2024-05-16 17:45:00
2024-05-16,8:30pm,CNY,New Home Prices m/m,Non-economic,-0.58%,,-0.34%,2024-05-16 20:30:00
2024-05-16,9:00pm,CNY,Industrial Production y/y,Medium,6.7%,5.5%,4.5%,2024-05-16 21:00:00
2024-05-16,9:00pm,CNY,Retail Sales y/y,Medium,2.3%,3.7%,3.1%,2024-05-16 21:00:00
2024-05-16,9:00pm,CNY,Fixed Asset Investment ytd/y,Non-economic,4.2%,4.6%,4.5%,2024-05-16 21:00:00
2024-05-16,9:00pm,CNY,NBS Press Conference,Non-economic,,,,2024-05-16 21:00:00
2024-05-16,9:00pm,CNY,Unemployment Rate,Non-economic,5.0%,5.2%,5.2%,2024-05-16 21:00:00
2024-05-17,3:00am,GBP,MPC Member Mann Speaks,Non-economic,,,,2024-05-17 03:00:00
2024-05-17,4:00am,EUR,Final Core CPI y/y,Non-economic,2.7%,2.7%,2.7%,2024-05-17 04:00:00
2024-05-17,4:00am,EUR,Final CPI y/y,Non-economic,2.4%,2.4%,2.4%,2024-05-17 04:00:00
2024-05-17,7:30am,CAD,Foreign Securities Purchases,Non-economic,14.37B,3.51B,-4.28B,2024-05-17 07:30:00
2024-05-17,9:00am,USD,CB Leading Index m/m,Non-economic,-0.6%,-0.3%,-0.3%,2024-05-17 09:00:00
2024-05-17,9:15am,USD,FOMC Member Waller Speaks,Medium,,,,2024-05-17 09:15:00
2024-05-17,11:15am,USD,FOMC Member Daly Speaks,Non-economic,,,,2024-05-17 11:15:00
2024-05-18,4:45pm,USD,FOMC Member Kugler Speaks,Non-economic,,,,2024-05-18 16:45:00
2024-05-19,2:30pm,USD,Fed Chairman Powell Speaks,Medium,,,,2024-05-19 14:30:00
2024-05-19,6:01pm,GBP,Rightmove HPI m/m,Non-economic,0.8%,,1.1%,2024-05-19 18:01:00
2024-05-19,8:15pm,CNY,1-y Loan Prime Rate,Medium,3.45%,3.45%,3.45%,2024-05-19 20:15:00
2024-05-19,8:15pm,CNY,5-y Loan Prime Rate,Medium,3.95%,3.95%,3.95%,2024-05-19 20:15:00
2024-05-19,11:30pm,JPY,Tertiary Industry Activity m/m,Non-economic,-2.4%,0.1%,2.2%,2024-05-19 23:30:00
2024-05-20,All Day,CHF,Bank Holiday,Low,,,,2024-05-20 00:00:00
2024-05-20,All Day,EUR,French Bank Holiday,Low,,,,2024-05-20 00:00:00
2024-05-20,All Day,EUR,German Bank Holiday,Low,,,,2024-05-20 00:00:00
2024-05-20,4:00am,GBP,MPC Member Broadbent Speaks,Non-economic,,,,2024-05-20 04:00:00
2024-05-20,6:30am,USD,FOMC Member Bostic Speaks,Non-economic,,,,2024-05-20 06:30:00
2024-05-20,All Day,CAD,Bank Holiday,Low,,,,2024-05-20 00:00:00
2024-05-20,7:45am,USD,FOMC Member Bostic Speaks,Non-economic,,,,2024-05-20 07:45:00
2024-05-20,8:00am,USD,FOMC Member Waller Speaks,Medium,,,,2024-05-20 08:00:00
2024-05-20,8:00am,USD,FOMC Member Barr Speaks,Non-economic,,,,2024-05-20 08:00:00
2024-05-20,9:30am,USD,FOMC Member Jefferson Speaks,Non-economic,,,,2024-05-20 09:30:00
2024-05-20,1:00pm,USD,FOMC Member Mester Speaks,Non-economic,,,,2024-05-20 13:00:00
2024-05-20,7:30pm,AUD,Westpac Consumer Sentiment,Non-economic,-0.3%,,-2.4%,2024-05-20 19:30:00
2024-05-20,8:30pm,AUD,Monetary Policy Meeting Minutes,Medium,,,,2024-05-20 20:30:00
2024-05-20,10:00pm,NZD,Credit Card Spending y/y,Non-economic,-0.6%,,-0.6%,2024-05-20 22:00:00
2024-05-21,1:00am,EUR,German PPI m/m,Non-economic,0.2%,0.3%,0.2%,2024-05-21 01:00:00
2024-05-21,3:00am,EUR,ECB President Lagarde Speaks,Medium,,,,2024-05-21 03:00:00
2024-05-21,3:00am,EUR,Current Account,Non-economic,35.8B,30.2B,28.9B,2024-05-21 03:00:00
2024-05-21,3:00am,USD,Treasury Sec Yellen Speaks,Medium,,,,2024-05-21 03:00:00
2024-05-21,4:00am,EUR,Trade Balance,Non-economic,17.3B,19.9B,16.7B,2024-05-21 04:00:00
2024-05-21,5:00am,GBP,CBI Industrial Order Expectations,Non-economic,-33,-20,-23,2024-05-21 05:00:00
2024-05-21,7:30am,CAD,CPI m/m,High,0.5%,0.5%,0.6%,2024-05-21 07:30:00
2024-05-21,7:30am,CAD,Median CPI y/y,High,2.6%,2.7%,2.9%,2024-05-21 07:30:00
2024-05-21,7:30am,CAD,Trimmed CPI y/y,High,2.9%,2.9%,3.2%,2024-05-21 07:30:00
2024-05-21,7:30am,CAD,Common CPI y/y,Medium,2.6%,2.8%,2.9%,2024-05-21 07:30:00
2024-05-21,7:32am,CAD,Core CPI m/m,Non-economic,0.2%,,0.5%,2024-05-21 07:32:00
2024-05-21,8:00am,USD,FOMC Member Waller Speaks,Medium,,,,2024-05-21 08:00:00
2024-05-21,8:00am,USD,FOMC Member Barkin Speaks,Non-economic,,,,2024-05-21 08:00:00
2024-05-21,8:05am,USD,FOMC Member Williams Speaks,Non-economic,,,,2024-05-21 08:05:00
2024-05-21,8:10am,USD,FOMC Member Bostic Speaks,Non-economic,,,,2024-05-21 08:10:00
2024-05-21,9:42am,NZD,GDT Price Index,Non-economic,3.3%,,1.8%,2024-05-21 09:42:00
2024-05-21,10:45am,USD,FOMC Member Barr Speaks,Non-economic,,,,2024-05-21 10:45:00
2024-05-21,12:00pm,GBP,BOE Gov Bailey Speaks,High,,,,2024-05-21 12:00:00
2024-05-21,3:30pm,USD,API Weekly Statistical Bulletin,Non-economic,,,,2024-05-21 15:30:00
2024-05-21,6:00pm,USD,FOMC Member Mester Speaks,Non-economic,,,,2024-05-21 18:00:00
2024-05-21,6:50pm,JPY,Core Machinery Orders m/m,Non-economic,2.9%,-1.8%,7.7%,2024-05-21 18:50:00
2024-05-21,6:50pm,JPY,Trade Balance,Non-economic,-0.56T,-0.72T,-0.68T,2024-05-21 18:50:00
2024-05-21,9:00pm,NZD,Official Cash Rate,High,5.50%,5.50%,5.50%,2024-05-21 21:00:00
2024-05-21,9:00pm,NZD,RBNZ Monetary Policy Statement,High,,,,2024-05-21 21:00:00
2024-05-21,9:00pm,NZD,RBNZ Rate Statement,High,,,,2024-05-21 21:00:00
2024-05-21,10:00pm,NZD,RBNZ Press Conference,Medium,,,,2024-05-21 22:00:00
2024-05-22,1:00am,GBP,CPI y/y,High,2.3%,2.1%,3.2%,2024-05-22 01:00:00
2024-05-22,1:00am,GBP,Core CPI y/y,Non-economic,3.9%,3.6%,4.2%,2024-05-22 01:00:00
2024-05-22,1:00am,GBP,PPI Input m/m,Non-economic,0.6%,0.4%,-0.2%,2024-05-22 01:00:00
2024-05-22,1:00am,GBP,PPI Output m/m,Non-economic,0.2%,0.4%,0.2%,2024-05-22 01:00:00
2024-05-22,1:00am,GBP,Public Sector Net Borrowing,Non-economic,19.6B,18.5B,12.1B,2024-05-22 01:00:00
2024-05-22,1:00am,GBP,RPI y/y,Non-economic,3.3%,3.3%,4.3%,2024-05-22 01:00:00
2024-05-22,3:30am,GBP,HPI y/y,Non-economic,1.8%,0.1%,-0.2%,2024-05-22 03:30:00
2024-05-22,4:32am,EUR,German 10-y Bond Auction,Non-economic,2.53|2.8,,2.54|2.5,2024-05-22 04:32:00
2024-05-22,5:00am,EUR,German Buba Monthly Report,Non-economic,,,,2024-05-22 05:00:00
2024-05-22,7:45am,GBP,MPC Member Breeden Speaks,Non-economic,,,,2024-05-22 07:45:00
2024-05-22,9:00am,USD,Existing Home Sales,Medium,4.14M,4.21M,4.22M,2024-05-22 09:00:00
2024-05-22,9:30am,USD,Crude Oil Inventories,Non-economic,1.8M,-2.4M,-2.5M,2024-05-22 09:30:00
2024-05-22,1:00pm,USD,FOMC Meeting Minutes,High,,,,2024-05-22 13:00:00
2024-05-22,3:10pm,NZD,RBNZ Gov Orr Speaks,Medium,,,,2024-05-22 15:10:00
2024-05-22,5:45pm,NZD,Retail Sales q/q,Medium,0.5%,-0.3%,-1.8%,2024-05-22 17:45:00
2024-05-22,5:45pm,NZD,Core Retail Sales q/q,Non-economic,0.4%,0.0%,-1.6%,2024-05-22 17:45:00
2024-05-22,6:00pm,AUD,Flash Manufacturing PMI,Non-economic,49.6,,49.6,2024-05-22 18:00:00
2024-05-22,6:00pm,AUD,Flash Services PMI,Non-economic,53.1,,53.6,2024-05-22 18:00:00
2024-05-22,7:30pm,JPY,Flash Manufacturing PMI,Non-economic,50.5,49.7,49.6,2024-05-22 19:30:00
2024-05-22,8:00pm,AUD,MI Inflation Expectations,Non-economic,4.1%,,4.6%,2024-05-22 20:00:00
2024-05-23,2:15am,EUR,French Flash Manufacturing PMI,High,46.7,45.8,45.3,2024-05-23 02:15:00
2024-05-23,2:15am,EUR,French Flash Services PMI,High,49.4,51.8,51.3,2024-05-23 02:15:00
2024-05-23,2:30am,EUR,German Flash Manufacturing PMI,High,45.4,43.4,42.5,2024-05-23 02:30:00
2024-05-23,2:30am,EUR,German Flash Services PMI,High,53.9,53.5,53.2,2024-05-23 02:30:00
2024-05-23,3:00am,EUR,Flash Manufacturing PMI,Medium,47.4,46.2,45.7,2024-05-23 03:00:00
2024-05-23,3:00am,EUR,Flash Services PMI,Medium,53.3,53.6,53.3,2024-05-23 03:00:00
2024-05-23,3:30am,GBP,Flash Manufacturing PMI,High,51.3,49.5,49.1,2024-05-23 03:30:00
2024-05-23,3:30am,GBP,Flash Services PMI,High,52.9,54.7,55.0,2024-05-23 03:30:00
2024-05-23,Day 1,All,G7 Meetings,Non-economic,,,,2024-05-23 00:00:00
2024-05-23,6:30am,GBP,MPC Member Pill Speaks,Non-economic,,,,2024-05-23 06:30:00
2024-05-23,7:30am,CAD,NHPI m/m,Non-economic,0.2%,0.1%,0.0%,2024-05-23 07:30:00
2024-05-23,7:30am,USD,Unemployment Claims,High,215K,220K,223K,2024-05-23 07:30:00
2024-05-23,8:00am,CNY,CB Leading Index m/m,Non-economic,-0.2%,,-0.4%,2024-05-23 08:00:00
2024-05-23,8:45am,USD,Flash Manufacturing PMI,High,50.9,50.0,50.0,2024-05-23 08:45:00
2024-05-23,8:45am,USD,Flash Services PMI,High,54.8,51.2,51.3,2024-05-23 08:45:00
2024-05-23,9:00am,EUR,Consumer Confidence,Non-economic,-14,-14,-15,2024-05-23 09:00:00
2024-05-23,9:00am,USD,New Home Sales,Medium,634K,677K,665K,2024-05-23 09:00:00
2024-05-23,9:30am,USD,Natural Gas Storage,Non-economic,78B,84B,70B,2024-05-23 09:30:00
2024-05-23,2:00pm,USD,FOMC Member Bostic Speaks,Non-economic,,,,2024-05-23 14:00:00
2024-05-23,5:45pm,NZD,Trade Balance,Non-economic,91M,-202M,476M,2024-05-23 17:45:00
2024-05-23,6:01pm,GBP,GfK Consumer Confidence,Non-economic,-17,-18,-19,2024-05-23 18:01:00
2024-05-23,6:30pm,JPY,National Core CPI y/y,Non-economic,2.2%,2.2%,2.6%,2024-05-23 18:30:00
2024-05-24,1:00am,EUR,German Final GDP q/q,Non-economic,0.2%,0.2%,0.2%,2024-05-24 01:00:00
2024-05-24,1:00am,GBP,Retail Sales m/m,High,-2.3%,-0.5%,-0.2%,2024-05-24 01:00:00
2024-05-24,2:45am,CHF,SNB Chairman Jordan Speaks,Medium,,,,2024-05-24 02:45:00
2024-05-24,Day 2,All,G7 Meetings,Non-economic,,,,2024-05-24 00:00:00
2024-05-24,4:15am,EUR,German Buba President Nagel Speaks,Non-economic,,,,2024-05-24 04:15:00
2024-05-24,4:44am,CNY,Foreign Direct Investment ytd/y,Non-economic,-27.9%,,-26.1%,2024-05-24 04:44:00
2024-05-24,7:30am,CAD,Core Retail Sales m/m,Medium,-0.6%,0.3%,-0.2%,2024-05-24 07:30:00
2024-05-24,7:30am,CAD,Retail Sales m/m,Medium,-0.2%,-0.1%,-0.1%,2024-05-24 07:30:00
2024-05-24,7:30am,CAD,Corporate Profits q/q,Non-economic,0.6%,,2.7%,2024-05-24 07:30:00
2024-05-24,7:30am,USD,Core Durable Goods Orders m/m,Medium,0.4%,0.1%,0.0%,2024-05-24 07:30:00
2024-05-24,7:30am,USD,Durable Goods Orders m/m,Medium,0.7%,-0.9%,0.9%,2024-05-24 07:30:00
2024-05-24,8:35am,USD,FOMC Member Waller Speaks,Medium,,,,2024-05-24 08:35:00
2024-05-24,9:00am,USD,Revised UoM Consumer Sentiment,High,69.1,67.8,67.4,2024-05-24 09:00:00
2024-05-24,9:00am,USD,Revised UoM Inflation Expectations,Non-economic,3.3%,,3.5%,2024-05-24 09:00:00
2024-05-25,Day 3,All,G7 Meetings,Non-economic,,,,2024-05-25 00:00:00
2024-05-26,7:05pm,JPY,BOJ Gov Ueda Speaks,High,,,,2024-05-26 19:05:00
2024-05-27,All Day,GBP,Bank Holiday,Low,,,,2024-05-27 00:00:00
2024-05-27,3:00am,EUR,German ifo Business Climate,Medium,89.3,90.4,89.3,2024-05-27 03:00:00
2024-05-27,All Day,USD,Bank Holiday,Low,,,,2024-05-27 00:00:00
2024-05-27,7:59am,EUR,Belgian NBB Business Climate,Non-economic,-11.0,-10.8,-11.9,2024-05-27 07:59:00
2024-05-27,6:01pm,GBP,BRC Shop Price Index y/y,Non-economic,0.6%,,0.8%,2024-05-27 18:01:00
2024-05-27,6:50pm,JPY,SPPI y/y,Non-economic,2.8%,2.3%,2.4%,2024-05-27 18:50:00
2024-05-27,8:30pm,AUD,Retail Sales m/m,Medium,0.1%,0.3%,-0.4%,2024-05-27 20:30:00
2024-05-27,11:55pm,CHF,SNB Chairman Jordan Speaks,Medium,,,,2024-05-27 23:55:00
2024-05-27,11:55pm,USD,FOMC Member Bowman Speaks,Non-economic,,,,2024-05-27 23:55:00
2024-05-27,11:55pm,USD,FOMC Member Mester Speaks,Non-economic,,,,2024-05-27 23:55:00
2024-05-28,12:00am,JPY,BOJ Core CPI y/y,Non-economic,1.8%,2.2%,2.2%,2024-05-28 00:00:00
2024-05-28,1:00am,EUR,German WPI m/m,Non-economic,0.4%,0.1%,0.2%,2024-05-28 01:00:00
2024-05-28,5:00am,GBP,CBI Realized Sales,Non-economic,8,-24,-44,2024-05-28 05:00:00
2024-05-28,7:30am,CAD,IPPI m/m,Non-economic,1.5%,0.8%,0.9%,2024-05-28 07:30:00
2024-05-28,7:30am,CAD,RMPI m/m,Non-economic,5.5%,3.1%,4.3%,2024-05-28 07:30:00
2024-05-28,8:00am,USD,S&P/CS Composite-20 HPI y/y,Medium,7.4%,7.3%,7.3%,2024-05-28 08:00:00
2024-05-28,8:00am,USD,HPI m/m,Non-economic,0.1%,0.5%,1.2%,2024-05-28 08:00:00
2024-05-28,9:00am,USD,CB Consumer Confidence,High,102.0,96.0,97.5,2024-05-28 09:00:00
2024-05-28,12:05pm,USD,FOMC Member Cook Speaks,Non-economic,,,,2024-05-28 12:05:00
2024-05-28,12:05pm,USD,FOMC Member Daly Speaks,Non-economic,,,,2024-05-28 12:05:00
2024-05-28,7:30pm,AUD,MI Leading Index m/m,Non-economic,0.0%,,-0.1%,2024-05-28 19:30:00
2024-05-28,8:00pm,NZD,ANZ Business Confidence,Non-economic,11.2,,14.9,2024-05-28 20:00:00
2024-05-28,8:30pm,AUD,CPI y/y,High,3.6%,3.4%,3.5%,2024-05-28 20:30:00
2024-05-28,8:30pm,AUD,Construction Work Done q/q,Non-economic,-2.9%,0.6%,1.8%,2024-05-28 20:30:00
2024-05-28,11:59pm,JPY,Consumer Confidence,Non-economic,36.2,39.1,38.3,2024-05-28 23:59:00
2024-05-29,1:00am,EUR,German GfK Consumer Climate,Non-economic,-20.9,-22.5,-24.0,2024-05-29 01:00:00
2024-05-29,All Day,EUR,German Prelim CPI m/m,High,0.1%,0.2%,0.5%,2024-05-29 00:00:00
2024-05-29,3:00am,CHF,UBS Economic Expectations,Non-economic,18.2,,17.6,2024-05-29 03:00:00
2024-05-29,3:00am,EUR,M3 Money Supply y/y,Non-economic,1.3%,1.3%,0.9%,2024-05-29 03:00:00
2024-05-29,3:00am,EUR,Private Loans y/y,Non-economic,0.2%,0.4%,0.2%,2024-05-29 03:00:00
2024-05-29,8:59am,USD,Richmond Manufacturing Index,Medium,0,-6,-7,2024-05-29 08:59:00
2024-05-29,12:45pm,USD,FOMC Member Williams Speaks,Non-economic,,,,2024-05-29 12:45:00
2024-05-29,1:00pm,USD,Beige Book,Non-economic,,,,2024-05-29 13:00:00
2024-05-29,3:30pm,USD,API Weekly Statistical Bulletin,Non-economic,,,,2024-05-29 15:30:00
2024-05-29,5:45pm,NZD,Building Consents m/m,Non-economic,-1.9%,,-0.2%,2024-05-29 17:45:00
2024-05-29,5:50pm,AUD,RBA Assist Gov Hunter Speaks,Non-economic,,,,2024-05-29 17:50:00
2024-05-29,6:00pm,USD,FOMC Member Bostic Speaks,Non-economic,,,,2024-05-29 18:00:00
2024-05-29,7:00pm,CHF,SNB Chairman Jordan Speaks,Medium,,,,2024-05-29 19:00:00
2024-05-29,8:30pm,AUD,Building Approvals m/m,Non-economic,-0.3%,1.8%,2.7%,2024-05-29 20:30:00
2024-05-29,8:30pm,AUD,Private Capital Expenditure q/q,Non-economic,1.0%,0.6%,0.9%,2024-05-29 20:30:00
2024-05-29,9:00pm,NZD,Annual Budget Release,Medium,,,,2024-05-29 21:00:00
2024-05-30,1:00am,CHF,Trade Balance,Non-economic,4.32B,3.98B,3.77B,2024-05-30 01:00:00
2024-05-30,2:00am,CHF,GDP q/q,Medium,0.5%,0.3%,0.3%,2024-05-30 02:00:00
2024-05-30,2:00am,CHF,KOF Economic Barometer,Non-economic,100.3,102.2,101.9,2024-05-30 02:00:00
2024-05-30,2:00am,EUR,Spanish Flash CPI y/y,Medium,3.6%,3.7%,3.3%,2024-05-30 02:00:00
2024-05-30,3:00am,EUR,Italian Monthly Unemployment Rate,Non-economic,6.9%,7.3%,7.1%,2024-05-30 03:00:00
2024-05-30,4:00am,EUR,Unemployment Rate,Non-economic,6.4%,6.5%,6.5%,2024-05-30 04:00:00
2024-05-30,4:21am,EUR,Italian 10-y Bond Auction,Non-economic,3.97|1.5,,3.86|1.3,2024-05-30 04:21:00
2024-05-30,7:30am,CAD,Current Account,Non-economic,-5.4B,-5.5B,-4.5B,2024-05-30 07:30:00
2024-05-30,7:30am,USD,Prelim GDP q/q,High,1.3%,1.2%,1.6%,2024-05-30 07:30:00
2024-05-30,7:30am,USD,Unemployment Claims,High,219K,218K,216K,2024-05-30 07:30:00
2024-05-30,7:30am,USD,Prelim GDP Price Index q/q,Medium,3.0%,3.1%,3.1%,2024-05-30 07:30:00
2024-05-30,7:30am,USD,Goods Trade Balance,Non-economic,-99.4B,-91.9B,-92.3B,2024-05-30 07:30:00
2024-05-30,7:30am,USD,Prelim Wholesale Inventories m/m,Non-economic,0.2%,0.0%,-0.4%,2024-05-30 07:30:00
2024-05-30,9:00am,USD,Pending Home Sales m/m,High,-7.7%,-1.1%,3.6%,2024-05-30 09:00:00
2024-05-30,9:30am,USD,Natural Gas Storage,Non-economic,84B,77B,78B,2024-05-30 09:30:00
2024-05-30,10:00am,USD,Crude Oil Inventories,Non-economic,-4.2M,-1.6M,1.8M,2024-05-30 10:00:00
2024-05-30,11:05am,USD,FOMC Member Williams Speaks,Non-economic,,,,2024-05-30 11:05:00
2024-05-30,6:30pm,JPY,Tokyo Core CPI y/y,Medium,1.9%,1.9%,1.6%,2024-05-30 18:30:00
2024-05-30,6:30pm,JPY,Unemployment Rate,Non-economic,2.6%,2.6%,2.6%,2024-05-30 18:30:00
2024-05-30,6:50pm,JPY,Prelim Industrial Production m/m,Non-economic,-0.1%,1.5%,4.4%,2024-05-30 18:50:00
2024-05-30,6:50pm,JPY,Retail Sales y/y,Non-economic,2.4%,1.8%,1.1%,2024-05-30 18:50:00
2024-05-30,8:30pm,AUD,Private Sector Credit m/m,Non-economic,0.5%,0.4%,0.4%,2024-05-30 20:30:00
2024-05-30,8:30pm,CNY,Manufacturing PMI,High,49.5,50.5,50.4,2024-05-30 20:30:00
2024-05-30,8:30pm,CNY,Non-Manufacturing PMI,Medium,51.1,51.5,51.2,2024-05-30 20:30:00
2024-05-31,12:00am,JPY,Housing Starts y/y,Non-economic,13.9%,-0.2%,-12.8%,2024-05-31 00:00:00
2024-05-31,12:30am,EUR,French Final Private Payrolls q/q,Non-economic,0.3%,0.2%,0.2%,2024-05-31 00:30:00
2024-05-31,1:00am,EUR,German Import Prices m/m,Non-economic,0.7%,0.5%,0.4%,2024-05-31 01:00:00
2024-05-31,1:00am,EUR,German Retail Sales m/m,Non-economic,-1.2%,-0.2%,2.6%,2024-05-31 01:00:00
2024-05-31,1:00am,GBP,Nationwide HPI m/m,Non-economic,0.4%,0.1%,-0.4%,2024-05-31 01:00:00
2024-05-31,1:30am,CHF,Retail Sales y/y,Non-economic,2.7%,0.2%,-0.2%,2024-05-31 01:30:00
2024-05-31,1:45am,EUR,French Consumer Spending m/m,Non-economic,-0.8%,0.2%,0.5%,2024-05-31 01:45:00
2024-05-31,1:45am,EUR,French Prelim CPI m/m,Non-economic,0.0%,0.1%,0.5%,2024-05-31 01:45:00
2024-05-31,1:45am,EUR,French Prelim GDP q/q,Non-economic,0.2%,0.2%,0.2%,2024-05-31 01:45:00
2024-05-31,3:30am,GBP,M4 Money Supply m/m,Non-economic,0.1%,0.4%,0.7%,2024-05-31 03:30:00
2024-05-31,3:30am,GBP,Mortgage Approvals,Non-economic,61K,62K,61K,2024-05-31 03:30:00
2024-05-31,3:30am,GBP,Net Lending to Individuals m/m,Non-economic,3.1B,2.0B,1.9B,2024-05-31 03:30:00
2024-05-31,4:00am,EUR,Core CPI Flash Estimate y/y,High,2.9%,2.7%,2.7%,2024-05-31 04:00:00
2024-05-31,4:00am,EUR,CPI Flash Estimate y/y,High,2.6%,2.5%,2.4%,2024-05-31 04:00:00
2024-05-31,4:00am,EUR,Italian Prelim CPI m/m,Non-economic,0.2%,0.2%,0.1%,2024-05-31 04:00:00
2024-05-31,7:30am,CAD,GDP m/m,High,0.0%,0.0%,0.2%,2024-05-31 07:30:00
2024-05-31,7:30am,USD,Core PCE Price Index m/m,High,0.2%,0.3%,0.3%,2024-05-31 07:30:00
2024-05-31,7:30am,USD,Personal Income m/m,Non-economic,0.3%,0.3%,0.5%,2024-05-31 07:30:00
2024-05-31,7:30am,USD,Personal Spending m/m,Non-economic,0.2%,0.3%,0.7%,2024-05-31 07:30:00
2024-05-31,8:45am,USD,Chicago PMI,Medium,35.4,41.1,37.9,2024-05-31 08:45:00
2024-05-31,5:15pm,USD,FOMC Member Bostic Speaks,Non-economic,,,,2024-05-31 17:15:00
2024-06-02,All Day,All,OPEC-JMMC Meetings,Medium,,,,2024-06-02 00:00:00
2024-06-02,All Day,All,OPEC Meetings,Medium,,,,2024-06-02 00:00:00
2024-06-02,All Day,NZD,Bank Holiday,Low,,,,2024-06-02 00:00:00
2024-06-02,6:50pm,JPY,Capital Spending q/y,Non-economic,6.8%,12.2%,16.4%,2024-06-02 18:50:00
2024-06-02,7:30pm,JPY,Final Manufacturing PMI,Non-economic,50.4,50.5,50.5,2024-06-02 19:30:00
2024-06-02,8:00pm,AUD,MI Inflation Gauge m/m,Non-economic,0.3%,,0.1%,2024-06-02 20:00:00
2024-06-02,8:45pm,CNY,RatingDog Manufacturing PMI,Non-economic,51.7,51.6,51.4,2024-06-02 20:45:00
2024-06-03,1:30am,AUD,Commodity Prices y/y,Non-economic,-4.2%,,-12.1%,2024-06-03 01:30:00
2024-06-03,2:15am,EUR,Spanish Manufacturing PMI,Non-economic,54.0,52.5,52.2,2024-06-03 02:15:00
2024-06-03,2:30am,CHF,Manufacturing PMI,Non-economic,46.4,45.4,41.4,2024-06-03 02:30:00
2024-06-03,2:45am,EUR,Italian Manufacturing PMI,Non-economic,45.6,47.9,47.3,2024-06-03 02:45:00
2024-06-03,2:50am,EUR,French Final Manufacturing PMI,Non-economic,46.4,46.7,46.7,2024-06-03 02:50:00
2024-06-03,2:55am,EUR,German Final Manufacturing PMI,Non-economic,45.4,45.4,45.4,2024-06-03 02:55:00
2024-06-03,3:00am,EUR,Final Manufacturing PMI,Non-economic,47.3,47.4,47.4,2024-06-03 03:00:00
2024-06-03,3:30am,GBP,Final Manufacturing PMI,Non-economic,51.2,51.3,51.3,2024-06-03 03:30:00
2024-06-03,8:30am,CAD,Manufacturing PMI,Non-economic,49.3,,49.4,2024-06-03 08:30:00
2024-06-03,8:45am,USD,Final Manufacturing PMI,High,51.3,50.9,50.9,2024-06-03 08:45:00
2024-06-03,9:00am,USD,ISM Manufacturing PMI,High,48.7,49.8,49.2,2024-06-03 09:00:00
2024-06-03,9:00am,USD,ISM Manufacturing Prices,Medium,57.0,60.0,60.9,2024-06-03 09:00:00
2024-06-03,9:00am,USD,Construction Spending m/m,Non-economic,-0.1%,0.2%,-0.2%,2024-06-03 09:00:00
2024-06-03,All Day,USD,Wards Total Vehicle Sales,Non-economic,15.9M,15.8M,15.7M,2024-06-03 00:00:00
2024-06-03,6:01pm,GBP,BRC Retail Sales Monitor y/y,Non-economic,0.4%,1.2%,-4.4%,2024-06-03 18:01:00
2024-06-03,6:50pm,JPY,Monetary Base y/y,Non-economic,0.9%,2.2%,2.1%,2024-06-03 18:50:00
2024-06-03,8:30pm,AUD,Company Operating Profits q/q,Non-economic,-2.5%,-0.9%,7.1%,2024-06-03 20:30:00
2024-06-03,8:30pm,AUD,Current Account,Non-economic,-4.9B,5.6B,2.7B,2024-06-03 20:30:00
2024-06-03,10:35pm,JPY,10-y Bond Auction,Non-economic,1.05|3.7,,0.86|3.2,2024-06-03 22:35:00
2024-06-04,1:30am,CHF,CPI m/m,High,0.3%,0.3%,0.3%,2024-06-04 01:30:00
2024-06-04,1:45am,EUR,French Gov Budget Balance,Non-economic,-91.6B,,-52.8B,2024-06-04 01:45:00
2024-06-04,2:00am,EUR,Spanish Unemployment Change,Non-economic,-58.7K,-55.4K,-60.5K,2024-06-04 02:00:00
2024-06-04,2:55am,EUR,German Unemployment Change,Non-economic,25K,7K,10K,2024-06-04 02:55:00
2024-06-04,9:00am,USD,JOLTS Job Openings,High,8.06M,8.37M,8.36M,2024-06-04 09:00:00
2024-06-04,9:00am,USD,Factory Orders m/m,Non-economic,0.7%,0.7%,0.8%,2024-06-04 09:00:00
2024-06-04,9:02am,USD,RCM/TIPP Economic Optimism,Non-economic,40.5,45.2,41.8,2024-06-04 09:02:00
2024-06-04,10:11am,NZD,GDT Price Index,Non-economic,1.7%,,3.3%,2024-06-04 10:11:00
2024-06-04,3:30pm,USD,API Weekly Statistical Bulletin,Non-economic,,,,2024-06-04 15:30:00
2024-06-04,5:45pm,NZD,Overseas Trade Index q/q,Non-economic,5.1%,3.1%,-7.8%,2024-06-04 17:45:00
2024-06-04,6:30pm,JPY,Average Cash Earnings y/y,Non-economic,2.1%,1.7%,1.0%,2024-06-04 18:30:00
2024-06-04,8:30pm,AUD,GDP q/q,High,0.1%,0.2%,0.3%,2024-06-04 20:30:00
2024-06-04,8:45pm,CNY,RatingDog Services PMI,Non-economic,54.0,52.5,52.5,2024-06-04 20:45:00
2024-06-05,1:45am,EUR,French Industrial Production m/m,Non-economic,0.5%,0.3%,-0.2%,2024-06-05 01:45:00
2024-06-05,2:15am,EUR,Spanish Services PMI,Non-economic,56.9,56.5,56.2,2024-06-05 02:15:00
2024-06-05,2:45am,EUR,Italian Services PMI,Non-economic,54.2,54.4,54.3,2024-06-05 02:45:00
2024-06-05,2:50am,EUR,French Final Services PMI,Non-economic,49.3,49.4,49.4,2024-06-05 02:50:00
2024-06-05,2:55am,EUR,German Final Services PMI,Non-economic,54.2,53.9,53.9,2024-06-05 02:55:00
2024-06-05,3:00am,EUR,Final Services PMI,Non-economic,53.2,53.3,53.3,2024-06-05 03:00:00
2024-06-05,3:30am,GBP,Final Services PMI,Non-economic,52.9,52.9,52.9,2024-06-05 03:30:00
2024-06-05,4:00am,EUR,PPI m/m,Non-economic,-1.0%,-0.6%,-0.5%,2024-06-05 04:00:00
2024-06-05,7:15am,USD,ADP Non-Farm Employment Change,High,152K,173K,188K,2024-06-05 07:15:00
2024-06-05,7:30am,CAD,Labor Productivity q/q,Non-economic,-0.3%,-0.2%,0.2%,2024-06-05 07:30:00
2024-06-05,8:45am,CAD,BOC Rate Statement,High,,,,2024-06-05 08:45:00
2024-06-05,8:45am,CAD,Overnight Rate,High,4.75%,4.75%,5.00%,2024-06-05 08:45:00
2024-06-05,8:45am,USD,Final Services PMI,Medium,54.8,54.8,54.8,2024-06-05 08:45:00
2024-06-05,9:00am,USD,ISM Services PMI,High,53.8,51.0,49.4,2024-06-05 09:00:00
2024-06-05,9:30am,CAD,BOC Press Conference,High,,,,2024-06-05 09:30:00
2024-06-05,9:30am,USD,Crude Oil Inventories,Non-economic,1.2M,-2.1M,-4.2M,2024-06-05 09:30:00
2024-06-05,8:00pm,NZD,ANZ Commodity Prices m/m,Non-economic,1.1%,,0.5%,2024-06-05 20:00:00
2024-06-05,8:30pm,AUD,Goods Trade Balance,Non-economic,6.55B,5.37B,4.84B,2024-06-05 20:30:00
2024-06-05,10:35pm,JPY,30-y Bond Auction,Non-economic,2.16|3.6,,1.99|3.2,2024-06-05 22:35:00
2024-06-06,12:45am,CHF,Unemployment Rate,Non-economic,2.4%,2.3%,2.3%,2024-06-06 00:45:00
2024-06-06,1:00am,EUR,German Factory Orders m/m,Non-economic,-0.2%,0.6%,-0.4%,2024-06-06 01:00:00
2024-06-06,3:00am,EUR,Italian Retail Sales m/m,Non-economic,-0.1%,0.3%,0.0%,2024-06-06 03:00:00
2024-06-06,3:30am,GBP,Construction PMI,Medium,54.7,52.5,53.0,2024-06-06 03:30:00
2024-06-06,3:58am,EUR,French 10-y Bond Auction,Non-economic,3.05|2.0,,3.03|2.2,2024-06-06 03:58:00
2024-06-06,4:00am,EUR,Retail Sales m/m,Non-economic,-0.5%,-0.2%,0.7%,2024-06-06 04:00:00
2024-06-06,Day 1,EUR,European Parliamentary Elections,Medium,,,,2024-06-06 00:00:00
2024-06-06,6:30am,USD,Challenger Job Cuts y/y,Non-economic,-20.3%,,-3.3%,2024-06-06 06:30:00
2024-06-06,7:15am,EUR,Main Refinancing Rate,High,4.25%,4.25%,4.50%,2024-06-06 07:15:00
2024-06-06,7:15am,EUR,Monetary Policy Statement,High,,,,2024-06-06 07:15:00
2024-06-06,7:30am,CAD,Trade Balance,Non-economic,-1.0B,-1.2B,-2.0B,2024-06-06 07:30:00
2024-06-06,7:30am,USD,Unemployment Claims,High,229K,220K,221K,2024-06-06 07:30:00
2024-06-06,7:30am,USD,Revised Nonfarm Productivity q/q,Non-economic,0.2%,0.1%,0.3%,2024-06-06 07:30:00
2024-06-06,7:30am,USD,Revised Unit Labor Costs q/q,Non-economic,4.0%,4.8%,4.7%,2024-06-06 07:30:00
2024-06-06,7:30am,USD,Trade Balance,Non-economic,-74.6B,-76.2B,-68.6B,2024-06-06 07:30:00
2024-06-06,7:45am,EUR,ECB Press Conference,High,,,,2024-06-06 07:45:00
2024-06-06,9:00am,CAD,Ivey PMI,Medium,52.0,65.2,63.0,2024-06-06 09:00:00
2024-06-06,9:30am,USD,Natural Gas Storage,Non-economic,98B,89B,84B,2024-06-06 09:30:00
2024-06-06,5:45pm,NZD,Manufacturing Sales q/q,Non-economic,0.7%,,-0.5%,2024-06-06 17:45:00
2024-06-06,6:30pm,JPY,Household Spending y/y,Non-economic,0.5%,0.6%,-1.2%,2024-06-06 18:30:00
2024-06-06,8:30pm,AUD,Household Spending m/m,Non-economic,0.8%,,-0.8%,2024-06-06 20:30:00
2024-06-06,10:00pm,AUD,RBA Deputy Gov Hauser Speaks,Non-economic,,,,2024-06-06 22:00:00
2024-06-06,10:03pm,CNY,Trade Balance,Non-economic,586B,523B,513B,2024-06-06 22:03:00
2024-06-06,10:04pm,CNY,USD-Denominated Trade Balance,Non-economic,82.6B,72.2B,72.4B,2024-06-06 22:04:00
2024-06-07,12:00am,JPY,Leading Indicators,Non-economic,111.6%,111.6%,112.2%,2024-06-07 00:00:00
2024-06-07,1:00am,EUR,German Industrial Production m/m,Non-economic,-0.1%,0.1%,-0.4%,2024-06-07 01:00:00
2024-06-07,1:00am,EUR,German Trade Balance,Non-economic,22.1B,22.6B,22.2B,2024-06-07 01:00:00
2024-06-07,1:00am,GBP,Halifax HPI m/m,Non-economic,-0.1%,0.3%,0.0%,2024-06-07 01:00:00
2024-06-07,1:45am,EUR,French Trade Balance,Non-economic,-7.6B,-5.4B,-5.4B,2024-06-07 01:45:00
2024-06-07,2:00am,CHF,Foreign Currency Reserves,Non-economic,718B,,720B,2024-06-07 02:00:00
2024-06-07,2:00am,EUR,German Buba President Nagel Speaks,Non-economic,,,,2024-06-07 02:00:00
2024-06-07,4:00am,EUR,Final Employment Change q/q,Non-economic,0.3%,0.3%,0.3%,2024-06-07 04:00:00
2024-06-07,4:00am,EUR,Revised GDP q/q,Non-economic,0.3%,0.3%,0.3%,2024-06-07 04:00:00
2024-06-07,5:03am,EUR,German Buba Monthly Report,Non-economic,,,,2024-06-07 05:03:00
2024-06-07,Day 2,EUR,European Parliamentary Elections,Medium,,,,2024-06-07 00:00:00
2024-06-07,7:30am,CAD,Employment Change,High,26.7K,24.8K,90.4K,2024-06-07 07:30:00
2024-06-07,7:30am,CAD,Unemployment Rate,High,6.2%,6.2%,6.1%,2024-06-07 07:30:00
2024-06-07,7:30am,CAD,Capacity Utilization Rate,Non-economic,78.5%,78.8%,78.6%,2024-06-07 07:30:00
2024-06-07,7:30am,USD,Average Hourly Earnings m/m,High,0.4%,0.3%,0.2%,2024-06-07 07:30:00
2024-06-07,7:30am,USD,Non-Farm Employment Change,High,272K,182K,165K,2024-06-07 07:30:00
2024-06-07,7:30am,USD,Unemployment Rate,High,4.0%,3.9%,3.9%,2024-06-07 07:30:00
2024-06-07,9:00am,USD,Final Wholesale Inventories m/m,Non-economic,0.1%,0.2%,0.2%,2024-06-07 09:00:00
2024-06-07,11:00am,USD,FOMC Member Cook Speaks,Non-economic,,,,2024-06-07 11:00:00
2024-06-07,2:00pm,USD,Consumer Credit m/m,Non-economic,6.4B,9.3B,-1.1B,2024-06-07 14:00:00
2024-06-08,Day 3,EUR,European Parliamentary Elections,Medium,,,,2024-06-08 00:00:00
2024-06-09,Day 4,EUR,European Parliamentary Elections,High,,,,2024-06-09 00:00:00
2024-06-09,All Day,AUD,Bank Holiday,Low,,,,2024-06-09 00:00:00
2024-06-09,6:50pm,JPY,Bank Lending y/y,Non-economic,3.0%,3.1%,3.1%,2024-06-09 18:50:00
2024-06-09,6:50pm,JPY,Current Account,Non-economic,2.52T,2.09T,2.01T,2024-06-09 18:50:00
2024-06-09,6:50pm,JPY,Final GDP Price Index y/y,Non-economic,3.4%,3.6%,3.6%,2024-06-09 18:50:00
2024-06-09,6:50pm,JPY,Final GDP q/q,Non-economic,-0.5%,-0.5%,-0.5%,2024-06-09 18:50:00
2024-06-09,All Day,CNY,Bank Holiday,Low,,,,2024-06-09 00:00:00
2024-06-10,12:00am,JPY,Economy Watchers Sentiment,Non-economic,45.7,48.6,47.4,2024-06-10 00:00:00
2024-06-10,2:00am,CHF,SECO Consumer Climate,Non-economic,-38,-37,-38,2024-06-10 02:00:00
2024-06-10,3:00am,EUR,Italian Industrial Production m/m,Non-economic,-1.0%,0.3%,-0.5%,2024-06-10 03:00:00
2024-06-10,3:30am,EUR,Sentix Investor Confidence,Non-economic,0.3,-1.5,-3.6,2024-06-10 03:30:00
2024-06-10,4:30am,EUR,German Buba President Nagel Speaks,Non-economic,,,,2024-06-10 04:30:00
2024-06-10,6:50pm,JPY,M2 Money Stock y/y,Non-economic,1.9%,2.1%,2.2%,2024-06-10 18:50:00
2024-06-10,8:30pm,AUD,NAB Business Confidence,Non-economic,-3,,2,2024-06-10 20:30:00
2024-06-11,12:58am,JPY,Prelim Machine Tool Orders y/y,Non-economic,4.2%,,-8.9%,2024-06-11 00:58:00
2024-06-11,1:00am,GBP,Claimant Count Change,High,50.4K,10.2K,8.4K,2024-06-11 01:00:00
2024-06-11,1:00am,GBP,Average Earnings Index 3m/y,Medium,5.9%,5.7%,5.9%,2024-06-11 01:00:00
2024-06-11,1:00am,GBP,Unemployment Rate,Non-economic,4.4%,4.3%,4.3%,2024-06-11 01:00:00
2024-06-11,5:00am,USD,NFIB Small Business Index,Non-economic,90.5,89.8,89.7,2024-06-11 05:00:00
2024-06-11,7:30am,CAD,Building Permits m/m,Non-economic,20.5%,4.9%,-12.3%,2024-06-11 07:30:00
2024-06-11,8:30am,GBP,CB Leading Index m/m,Non-economic,-0.1%,,-0.1%,2024-06-11 08:30:00
2024-06-11,12:01pm,USD,10-y Bond Auction,Medium,4.44|2.7,,4.48|2.5,2024-06-11 12:01:00
2024-06-11,3:30pm,USD,API Weekly Statistical Bulletin,Non-economic,,,,2024-06-11 15:30:00
2024-06-11,5:45pm,NZD,Visitor Arrivals m/m,Non-economic,-9.4%,,9.7%,2024-06-11 17:45:00
2024-06-11,6:50pm,JPY,PPI y/y,Non-economic,2.4%,2.0%,1.1%,2024-06-11 18:50:00
2024-06-11,8:30pm,CNY,CPI y/y,Medium,0.3%,0.4%,0.3%,2024-06-11 20:30:00
2024-06-11,8:30pm,CNY,PPI y/y,Medium,-1.4%,-1.5%,-2.5%,2024-06-11 20:30:00
2024-06-12,1:00am,EUR,German Final CPI m/m,Non-economic,0.1%,0.1%,0.1%,2024-06-12 01:00:00
2024-06-12,1:00am,GBP,GDP m/m,High,0.0%,0.0%,0.4%,2024-06-12 01:00:00
2024-06-12,1:00am,GBP,Construction Output m/m,Non-economic,-1.4%,0.1%,-0.4%,2024-06-12 01:00:00
2024-06-12,1:00am,GBP,Goods Trade Balance,Non-economic,-19.6B,-14.2B,-14.0B,2024-06-12 01:00:00
2024-06-12,1:00am,GBP,Index of Services 3m/3m,Non-economic,0.9%,0.8%,0.7%,2024-06-12 01:00:00
2024-06-12,1:00am,GBP,Industrial Production m/m,Non-economic,-0.9%,-0.1%,0.2%,2024-06-12 01:00:00
2024-06-12,1:00am,GBP,Manufacturing Production m/m,Non-economic,-1.4%,-0.2%,0.3%,2024-06-12 01:00:00
2024-06-12,All Day,EUR,Eurogroup Meetings,Non-economic,,,,2024-06-12 00:00:00
2024-06-12,4:33am,EUR,German 10-y Bond Auction,Non-economic,2.60|2.0,,2.53|2.8,2024-06-12 04:33:00
2024-06-12,6:01am,GBP,NIESR GDP Estimate,Non-economic,0.7%,,0.7%,2024-06-12 06:01:00
2024-06-12,7:30am,USD,Core CPI m/m,High,0.2%,0.3%,0.3%,2024-06-12 07:30:00
2024-06-12,7:30am,USD,CPI m/m,High,0.0%,0.1%,0.3%,2024-06-12 07:30:00
2024-06-12,7:30am,USD,CPI y/y,High,3.3%,3.4%,3.4%,2024-06-12 07:30:00
2024-06-12,9:30am,USD,Crude Oil Inventories,Non-economic,3.7M,-1.2M,1.2M,2024-06-12 09:30:00
2024-06-12,1:00pm,USD,Federal Funds Rate,High,5.50%,5.50%,5.50%,2024-06-12 13:00:00
2024-06-12,1:00pm,USD,FOMC Economic Projections,High,,,,2024-06-12 13:00:00
2024-06-12,1:00pm,USD,FOMC Statement,High,,,,2024-06-12 13:00:00
2024-06-12,1:00pm,USD,Federal Budget Balance,Non-economic,-347.1B,-279.6B,209.5B,2024-06-12 13:00:00
2024-06-12,1:30pm,USD,FOMC Press Conference,High,,,,2024-06-12 13:30:00
2024-06-12,2:15pm,CAD,BOC Gov Macklem Speaks,High,,,,2024-06-12 14:15:00
2024-06-12,2:30pm,EUR,German Buba President Nagel Speaks,Non-economic,,,,2024-06-12 14:30:00
2024-06-12,6:01pm,GBP,RICS House Price Balance,Non-economic,-17%,-5%,-7%,2024-06-12 18:01:00
2024-06-12,6:50pm,JPY,BSI Manufacturing Index,Non-economic,-1.0,-5.2,-6.7,2024-06-12 18:50:00
2024-06-12,8:30pm,AUD,Employment Change,High,39.7K,30.5K,37.4K,2024-06-12 20:30:00
2024-06-12,8:30pm,AUD,Unemployment Rate,High,4.0%,4.0%,4.1%,2024-06-12 20:30:00
2024-06-13,1:00am,EUR,German WPI m/m,Non-economic,0.1%,0.3%,0.4%,2024-06-13 01:00:00
2024-06-13,1:30am,CHF,PPI m/m,Non-economic,-0.3%,0.5%,0.6%,2024-06-13 01:30:00
2024-06-13,3:00am,EUR,Italian Quarterly Unemployment Rate,Non-economic,7.2%,7.4%,7.4%,2024-06-13 03:00:00
2024-06-13,Day 1,All,G7 Meetings,Non-economic,,,,2024-06-13 00:00:00
2024-06-13,4:00am,EUR,Industrial Production m/m,Non-economic,-0.1%,0.1%,0.5%,2024-06-13 04:00:00
2024-06-13,7:30am,USD,Core PPI m/m,High,0.0%,0.3%,0.5%,2024-06-13 07:30:00
2024-06-13,7:30am,USD,PPI m/m,High,-0.2%,0.1%,0.5%,2024-06-13 07:30:00
2024-06-13,7:30am,USD,Unemployment Claims,High,242K,225K,229K,2024-06-13 07:30:00
2024-06-13,8:35am,CAD,Gov Council Member Kozicki Speaks,Non-economic,,,,2024-06-13 08:35:00
2024-06-13,9:30am,USD,Natural Gas Storage,Non-economic,74B,73B,98B,2024-06-13 09:30:00
2024-06-13,11:00am,USD,Treasury Sec Yellen Speaks,Medium,,,,2024-06-13 11:00:00
2024-06-13,11:00am,USD,FOMC Member Williams Speaks,Non-economic,,,,2024-06-13 11:00:00
2024-06-13,12:00pm,CAD,BOC Gov Macklem Speaks,High,,,,2024-06-13 12:00:00
2024-06-13,12:01pm,USD,30-y Bond Auction,Medium,4.40|2.5,,4.64|2.4,2024-06-13 12:01:00
2024-06-13,5:30pm,NZD,BusinessNZ Manufacturing Index,Non-economic,47.2,,48.8,2024-06-13 17:30:00
2024-06-13,5:45pm,NZD,FPI m/m,Non-economic,-0.2%,,0.6%,2024-06-13 17:45:00
2024-06-13,10:23pm,JPY,BOJ Policy Rate,High,<0.10%,<0.10%,<0.10%,2024-06-13 22:23:00
2024-06-13,10:23pm,JPY,Monetary Policy Statement,High,,,,2024-06-13 22:23:00
2024-06-13,11:29pm,JPY,Revised Industrial Production m/m,Non-economic,-0.9%,-0.1%,-0.1%,2024-06-13 23:29:00
2024-06-13,11:30pm,JPY,Tertiary Industry Activity m/m,Non-economic,1.9%,0.4%,-2.3%,2024-06-13 23:30:00
2024-06-14,1:30am,JPY,BOJ Press Conference,High,,,,2024-06-14 01:30:00
2024-06-14,1:45am,EUR,French Final CPI m/m,Non-economic,0.0%,0.0%,0.0%,2024-06-14 01:45:00
2024-06-14,3:00am,EUR,Italian Trade Balance,Non-economic,4.81B,4.25B,4.30B,2024-06-14 03:00:00
2024-06-14,3:30am,GBP,Consumer Inflation Expectations,Non-economic,2.8%,,3.0%,2024-06-14 03:30:00
2024-06-14,Day 2,All,G7 Meetings,Non-economic,,,,2024-06-14 00:00:00
2024-06-14,4:00am,EUR,Trade Balance,Non-economic,19.4B,17.0B,17.2B,2024-06-14 04:00:00
2024-06-14,4:02am,CNY,M2 Money Supply y/y,Non-economic,7.0%,7.1%,7.2%,2024-06-14 04:02:00
2024-06-14,4:03am,CNY,New Loans,Medium,950B,2250B,730B,2024-06-14 04:03:00
2024-06-14,7:30am,CAD,Manufacturing Sales m/m,Non-economic,1.1%,1.3%,-1.8%,2024-06-14 07:30:00
2024-06-14,7:30am,CAD,Wholesale Sales m/m,Non-economic,2.4%,2.6%,-1.3%,2024-06-14 07:30:00
2024-06-14,7:30am,USD,Import Prices m/m,Non-economic,-0.4%,0.0%,0.9%,2024-06-14 07:30:00
2024-06-14,9:00am,USD,Prelim UoM Consumer Sentiment,High,65.6,72.1,69.1,2024-06-14 09:00:00
2024-06-14,9:00am,USD,Prelim UoM Inflation Expectations,Medium,3.3%,,3.3%,2024-06-14 09:00:00
2024-06-14,12:30pm,EUR,ECB President Lagarde Speaks,Medium,,,,2024-06-14 12:30:00
2024-06-14,6:00pm,USD,FOMC Member Cook Speaks,Non-economic,,,,2024-06-14 18:00:00
2024-06-15,Day 3,All,G7 Meetings,Non-economic,,,,2024-06-15 00:00:00
2024-06-16,5:30pm,NZD,BusinessNZ Services Index,Non-economic,43.0,,46.6,2024-06-16 17:30:00
2024-06-16,6:01pm,GBP,Rightmove HPI m/m,Non-economic,0.0%,,0.8%,2024-06-16 18:01:00
2024-06-16,6:50pm,JPY,Core Machinery Orders m/m,Non-economic,-2.9%,-2.9%,2.9%,2024-06-16 18:50:00
2024-06-16,8:30pm,AUD,ANZ Job Advertisements m/m,Non-economic,-2.1%,,-2.3%,2024-06-16 20:30:00
2024-06-16,8:30pm,CNY,New Home Prices m/m,Non-economic,-0.71%,,-0.58%,2024-06-16 20:30:00
2024-06-16,9:00pm,CNY,Industrial Production y/y,Medium,5.6%,6.2%,6.7%,2024-06-16 21:00:00
2024-06-16,9:00pm,CNY,Retail Sales y/y,Medium,3.7%,3.0%,2.3%,2024-06-16 21:00:00
2024-06-16,9:00pm,CNY,Fixed Asset Investment ytd/y,Non-economic,4.0%,4.2%,4.2%,2024-06-16 21:00:00
2024-06-16,9:00pm,CNY,NBS Press Conference,Non-economic,,,,2024-06-16 21:00:00
2024-06-16,9:00pm,CNY,Unemployment Rate,Non-economic,5.0%,5.0%,5.0%,2024-06-16 21:00:00
2024-06-17,2:00am,CHF,SECO Economic Forecasts,Non-economic,,,,2024-06-17 02:00:00
2024-06-17,7:15am,CAD,Housing Starts,Non-economic,265K,247K,241K,2024-06-17 07:15:00
2024-06-17,7:30am,CAD,Foreign Securities Purchases,Non-economic,41.16B,12.30B,14.38B,2024-06-17 07:30:00
2024-06-17,7:30am,USD,Empire State Manufacturing Index,High,-6.0,-12.5,-15.6,2024-06-17 07:30:00
2024-06-17,4:00pm,NZD,Westpac Consumer Sentiment,Non-economic,82.2,,93.2,2024-06-17 16:00:00
2024-06-17,8:00pm,USD,FOMC Member Cook Speaks,Non-economic,,,,2024-06-17 20:00:00
2024-06-17,11:30pm,AUD,Cash Rate,High,4.35%,4.35%,4.35%,2024-06-17 23:30:00
2024-06-17,11:30pm,AUD,RBA Rate Statement,High,,,,2024-06-17 23:30:00
2024-06-18,12:30am,AUD,RBA Press Conference,Medium,,,,2024-06-18 00:30:00
2024-06-18,4:00am,EUR,Final Core CPI y/y,Non-economic,2.9%,2.9%,2.9%,2024-06-18 04:00:00
2024-06-18,4:00am,EUR,Final CPI y/y,Non-economic,2.6%,2.6%,2.6%,2024-06-18 04:00:00
2024-06-18,4:00am,EUR,ZEW Economic Sentiment,Non-economic,51.3,47.8,47.0,2024-06-18 04:00:00
2024-06-18,4:00am,EUR,German ZEW Economic Sentiment,Non-economic,47.5,49.6,47.1,2024-06-18 04:00:00
2024-06-18,7:30am,USD,Core Retail Sales m/m,High,-0.1%,0.2%,-0.1%,2024-06-18 07:30:00
2024-06-18,7:30am,USD,Retail Sales m/m,High,0.1%,0.3%,-0.2%,2024-06-18 07:30:00
2024-06-18,8:15am,USD,Industrial Production m/m,Medium,0.9%,0.3%,0.0%,2024-06-18 08:15:00
2024-06-18,8:15am,USD,Capacity Utilization Rate,Non-economic,78.7%,78.6%,78.2%,2024-06-18 08:15:00
2024-06-18,9:00am,USD,Business Inventories m/m,Non-economic,0.3%,0.3%,-0.1%,2024-06-18 09:00:00
2024-06-18,9:00am,USD,FOMC Member Barkin Speaks,Non-economic,,,,2024-06-18 09:00:00
2024-06-18,9:30am,AUD,CB Leading Index m/m,Non-economic,-0.3%,,-0.3%,2024-06-18 09:30:00
2024-06-18,10:09am,NZD,GDT Price Index,Non-economic,-0.5%,,1.7%,2024-06-18 10:09:00
2024-06-18,12:00pm,USD,FOMC Member Kugler Speaks,Non-economic,,,,2024-06-18 12:00:00
2024-06-18,3:00pm,USD,TIC Long-Term Purchases,Non-economic,123.1B,69.3B,102.6B,2024-06-18 15:00:00
2024-06-18,3:30pm,USD,API Weekly Statistical Bulletin,Non-economic,,,,2024-06-18 15:30:00
2024-06-18,5:45pm,NZD,Current Account,Non-economic,-4.36B,-4.69B,-7.98B,2024-06-18 17:45:00
2024-06-18,6:50pm,JPY,Monetary Policy Meeting Minutes,Non-economic,,,,2024-06-18 18:50:00
2024-06-18,6:50pm,JPY,Trade Balance,Non-economic,-0.62T,-0.64T,-0.58T,2024-06-18 18:50:00
2024-06-19,1:00am,GBP,CPI y/y,High,2.0%,2.0%,2.3%,2024-06-19 01:00:00
2024-06-19,1:00am,GBP,Core CPI y/y,Non-economic,3.5%,3.5%,3.9%,2024-06-19 01:00:00
2024-06-19,1:00am,GBP,PPI Input m/m,Non-economic,0.0%,-0.3%,0.8%,2024-06-19 01:00:00
2024-06-19,1:00am,GBP,PPI Output m/m,Non-economic,-0.1%,0.1%,0.3%,2024-06-19 01:00:00
2024-06-19,1:00am,GBP,RPI y/y,Non-economic,3.0%,3.1%,3.3%,2024-06-19 01:00:00
2024-06-19,3:00am,EUR,Current Account,Non-economic,38.6B,35.2B,35.8B,2024-06-19 03:00:00
2024-06-19,3:30am,GBP,HPI y/y,Non-economic,1.1%,2.0%,0.9%,2024-06-19 03:30:00
2024-06-19,4:36am,EUR,German 30-y Bond Auction,Non-economic,2.54|1.6,,2.62|3.1,2024-06-19 04:36:00
2024-06-19,All Day,USD,Bank Holiday,Low,,,,2024-06-19 00:00:00
2024-06-19,9:00am,USD,NAHB Housing Market Index,Non-economic,43,45,45,2024-06-19 09:00:00
2024-06-19,12:30pm,CAD,BOC Summary of Deliberations,Non-economic,,,,2024-06-19 12:30:00
2024-06-19,5:45pm,NZD,GDP q/q,High,0.2%,0.1%,-0.1%,2024-06-19 17:45:00
2024-06-19,8:15pm,CNY,1-y Loan Prime Rate,Medium,3.45%,3.45%,3.45%,2024-06-19 20:15:00
2024-06-19,8:15pm,CNY,5-y Loan Prime Rate,Medium,3.95%,3.95%,3.95%,2024-06-19 20:15:00
2024-06-19,11:30pm,CHF,SNB Financial Stability Report,Non-economic,,,,2024-06-19 23:30:00
2024-06-20,1:00am,CHF,Trade Balance,Non-economic,5.81B,3.84B,4.34B,2024-06-20 01:00:00
2024-06-20,1:00am,EUR,German PPI m/m,Non-economic,0.0%,0.1%,0.2%,2024-06-20 01:00:00
2024-06-20,2:30am,CHF,SNB Monetary Policy Assessment,High,,,,2024-06-20 02:30:00
2024-06-20,2:30am,CHF,SNB Policy Rate,High,1.25%,1.50%,1.50%,2024-06-20 02:30:00
2024-06-20,3:00am,CHF,SNB Press Conference,High,,,,2024-06-20 03:00:00
2024-06-20,3:00am,EUR,ECB Economic Bulletin,Non-economic,,,,2024-06-20 03:00:00
2024-06-20,3:45am,EUR,Spanish 10-y Bond Auction,Non-economic,3.35|1.7,,3.25|1.8,2024-06-20 03:45:00
2024-06-20,6:00am,GBP,Monetary Policy Summary,High,,,,2024-06-20 06:00:00
2024-06-20,6:00am,GBP,MPC Official Bank Rate Votes,High,0-2-7,0-2-7,0-2-7,2024-06-20 06:00:00
2024-06-20,6:00am,GBP,Official Bank Rate,High,5.25%,5.25%,5.25%,2024-06-20 06:00:00
2024-06-20,7:30am,CAD,NHPI m/m,Non-economic,0.2%,0.2%,0.2%,2024-06-20 07:30:00
2024-06-20,7:30am,USD,Unemployment Claims,High,238K,235K,243K,2024-06-20 07:30:00
2024-06-20,7:30am,USD,Building Permits,Medium,1.39M,1.45M,1.44M,2024-06-20 07:30:00
2024-06-20,7:30am,USD,Philly Fed Manufacturing Index,Medium,1.3,4.8,4.5,2024-06-20 07:30:00
2024-06-20,7:30am,USD,Current Account,Non-economic,-238B,-207B,-222B,2024-06-20 07:30:00
2024-06-20,7:30am,USD,Housing Starts,Non-economic,1.28M,1.37M,1.35M,2024-06-20 07:30:00
2024-06-20,9:00am,EUR,Consumer Confidence,Non-economic,-14,-14,-14,2024-06-20 09:00:00
2024-06-20,10:00am,USD,Crude Oil Inventories,Non-economic,-2.5M,-2.8M,3.7M,2024-06-20 10:00:00
2024-06-20,2:30pm,USD,FOMC Member Barkin Speaks,Non-economic,,,,2024-06-20 14:30:00
2024-06-20,3:00pm,USD,Treasury Currency Report,High,,,,2024-06-20 15:00:00
2024-06-20,6:00pm,AUD,Flash Manufacturing PMI,Non-economic,47.5,,49.7,2024-06-20 18:00:00
2024-06-20,6:00pm,AUD,Flash Services PMI,Non-economic,51.0,,52.5,2024-06-20 18:00:00
2024-06-20,6:01pm,GBP,GfK Consumer Confidence,Non-economic,-14,-16,-17,2024-06-20 18:01:00
2024-06-20,6:30pm,JPY,National Core CPI y/y,Non-economic,2.5%,2.6%,2.2%,2024-06-20 18:30:00
2024-06-20,7:30pm,JPY,Flash Manufacturing PMI,Non-economic,50.1,50.6,50.4,2024-06-20 19:30:00
2024-06-21,1:00am,GBP,Retail Sales m/m,High,2.9%,1.6%,-1.8%,2024-06-21 01:00:00
2024-06-21,1:00am,GBP,Public Sector Net Borrowing,Non-economic,14.1B,14.5B,17.5B,2024-06-21 01:00:00
2024-06-21,2:00am,EUR,German Buba President Nagel Speaks,Non-economic,,,,2024-06-21 02:00:00
2024-06-21,2:15am,EUR,French Flash Manufacturing PMI,High,45.3,46.8,46.4,2024-06-21 02:15:00
2024-06-21,2:15am,EUR,French Flash Services PMI,High,48.8,50.0,49.3,2024-06-21 02:15:00
2024-06-21,2:30am,EUR,German Flash Manufacturing PMI,High,43.4,46.4,45.4,2024-06-21 02:30:00
2024-06-21,2:30am,EUR,German Flash Services PMI,High,53.5,54.4,54.2,2024-06-21 02:30:00
2024-06-21,3:00am,EUR,Flash Manufacturing PMI,Medium,45.6,48.0,47.3,2024-06-21 03:00:00
2024-06-21,3:00am,EUR,Flash Services PMI,Medium,52.6,53.5,53.2,2024-06-21 03:00:00
2024-06-21,3:30am,GBP,Flash Manufacturing PMI,High,51.4,51.3,51.2,2024-06-21 03:30:00
2024-06-21,3:30am,GBP,Flash Services PMI,High,51.2,53.0,52.9,2024-06-21 03:30:00
2024-06-21,All Day,EUR,ECOFIN Meetings,Non-economic,,,,2024-06-21 00:00:00
2024-06-21,7:26am,CNY,Foreign Direct Investment ytd/y,Non-economic,-28.2%,,-27.9%,2024-06-21 07:26:00
2024-06-21,7:30am,CAD,Core Retail Sales m/m,Medium,1.8%,0.5%,-0.8%,2024-06-21 07:30:00
2024-06-21,7:30am,CAD,Retail Sales m/m,Medium,0.7%,0.7%,-0.3%,2024-06-21 07:30:00
2024-06-21,7:30am,CAD,IPPI m/m,Non-economic,0.0%,0.4%,1.4%,2024-06-21 07:30:00
2024-06-21,7:30am,CAD,RMPI m/m,Non-economic,-1.0%,-0.6%,5.3%,2024-06-21 07:30:00
2024-06-21,8:45am,USD,Flash Manufacturing PMI,High,51.7,51.0,51.3,2024-06-21 08:45:00
2024-06-21,8:45am,USD,Flash Services PMI,High,55.1,53.4,54.8,2024-06-21 08:45:00
2024-06-21,9:00am,USD,Existing Home Sales,Medium,4.11M,4.08M,4.14M,2024-06-21 09:00:00
2024-06-21,9:00am,USD,CB Leading Index m/m,Non-economic,-0.5%,-0.4%,-0.6%,2024-06-21 09:00:00
2024-06-21,9:30am,USD,Natural Gas Storage,Non-economic,71B,69B,74B,2024-06-21 09:30:00
2024-06-23,5:45pm,NZD,Trade Balance,Non-economic,204M,155M,-3M,2024-06-23 17:45:00
2024-06-23,6:50pm,JPY,BOJ Summary of Opinions,Non-economic,,,,2024-06-23 18:50:00
2024-06-23,10:00pm,NZD,Credit Card Spending y/y,Non-economic,0.0%,,-0.8%,2024-06-23 22:00:00
2024-06-24,2:00am,USD,FOMC Member Waller Speaks,Medium,,,,2024-06-24 02:00:00
2024-06-24,3:00am,EUR,German ifo Business Climate,Medium,88.6,89.4,89.3,2024-06-24 03:00:00
2024-06-24,5:00am,GBP,CBI Industrial Order Expectations,Non-economic,-18,-26,-33,2024-06-24 05:00:00
2024-06-24,5:10am,EUR,German Buba President Nagel Speaks,Non-economic,,,,2024-06-24 05:10:00
2024-06-24,7:58am,EUR,Belgian NBB Business Climate,Non-economic,-11.1,-10.2,-11.0,2024-06-24 07:58:00
2024-06-24,12:30pm,CAD,BOC Gov Macklem Speaks,High,,,,2024-06-24 12:30:00
2024-06-24,1:00pm,USD,FOMC Member Daly Speaks,Non-economic,,,,2024-06-24 13:00:00
2024-06-24,6:50pm,JPY,SPPI y/y,Non-economic,2.5%,3.0%,2.7%,2024-06-24 18:50:00
2024-06-24,7:30pm,AUD,Westpac Consumer Sentiment,Non-economic,1.7%,,-0.3%,2024-06-24 19:30:00
2024-06-25,12:00am,JPY,BOJ Core CPI y/y,Non-economic,2.1%,1.9%,1.8%,2024-06-25 00:00:00
2024-06-25,6:00am,USD,FOMC Member Bowman Speaks,Non-economic,,,,2024-06-25 06:00:00
2024-06-25,7:30am,CAD,CPI m/m,High,0.6%,0.3%,0.5%,2024-06-25 07:30:00
2024-06-25,7:30am,CAD,Median CPI y/y,High,2.8%,2.6%,2.6%,2024-06-25 07:30:00
2024-06-25,7:30am,CAD,Trimmed CPI y/y,High,2.9%,2.8%,2.8%,2024-06-25 07:30:00
2024-06-25,7:30am,CAD,Common CPI y/y,Medium,2.4%,2.6%,2.6%,2024-06-25 07:30:00
2024-06-25,7:32am,CAD,Core CPI m/m,Non-economic,0.6%,,0.2%,2024-06-25 07:32:00
2024-06-25,8:00am,USD,S&P/CS Composite-20 HPI y/y,Medium,7.2%,7.0%,7.5%,2024-06-25 08:00:00
2024-06-25,8:00am,USD,HPI m/m,Non-economic,0.2%,0.3%,0.0%,2024-06-25 08:00:00
2024-06-25,8:59am,USD,Richmond Manufacturing Index,Medium,-10,-3,0,2024-06-25 08:59:00
2024-06-25,9:00am,USD,CB Consumer Confidence,High,100.4,100.0,101.3,2024-06-25 09:00:00
2024-06-25,11:00am,USD,FOMC Member Cook Speaks,Non-economic,,,,2024-06-25 11:00:00
2024-06-25,12:15pm,EUR,German Buba President Nagel Speaks,Non-economic,,,,2024-06-25 12:15:00
2024-06-25,1:10pm,USD,FOMC Member Bowman Speaks,Non-economic,,,,2024-06-25 13:10:00
2024-06-25,3:30pm,USD,API Weekly Statistical Bulletin,Non-economic,,,,2024-06-25 15:30:00
2024-06-25,6:35pm,AUD,RBA Assist Gov Kent Speaks,Non-economic,,,,2024-06-25 18:35:00
2024-06-25,7:30pm,AUD,MI Leading Index m/m,Non-economic,0.0%,,0.0%,2024-06-25 19:30:00
2024-06-25,8:30pm,AUD,CPI y/y,High,4.0%,3.8%,3.6%,2024-06-25 20:30:00
2024-06-26,1:00am,EUR,German GfK Consumer Climate,Non-economic,-21.8,-19.4,-21.0,2024-06-26 01:00:00
2024-06-26,3:00am,CHF,UBS Economic Expectations,Non-economic,17.5,,18.2,2024-06-26 03:00:00
2024-06-26,5:00am,GBP,CBI Realized Sales,Non-economic,-24,1,8,2024-06-26 05:00:00
2024-06-26,8:00am,CHF,SNB Quarterly Bulletin,Non-economic,,,,2024-06-26 08:00:00
2024-06-26,8:00am,CNY,CB Leading Index m/m,Non-economic,-0.5%,,-0.3%,2024-06-26 08:00:00
2024-06-26,9:00am,USD,New Home Sales,High,619K,636K,698K,2024-06-26 09:00:00
2024-06-26,9:30am,USD,Crude Oil Inventories,Non-economic,3.6M,-2.6M,-2.5M,2024-06-26 09:30:00
2024-06-26,3:30pm,USD,Bank Stress Test Results,Non-economic,,,,2024-06-26 15:30:00
2024-06-26,6:50pm,JPY,Retail Sales y/y,Non-economic,3.0%,2.0%,2.0%,2024-06-26 18:50:00
2024-06-26,8:00pm,AUD,MI Inflation Expectations,Non-economic,4.4%,,4.1%,2024-06-26 20:00:00
2024-06-26,8:00pm,NZD,ANZ Business Confidence,Non-economic,6.1,,11.2,2024-06-26 20:00:00
2024-06-26,9:00pm,NZD,RBNZ Statement of Intent,Medium,,,,2024-06-26 21:00:00
2024-06-27,3:00am,EUR,M3 Money Supply y/y,Non-economic,1.6%,1.5%,1.3%,2024-06-27 03:00:00
2024-06-27,3:00am,EUR,Private Loans y/y,Non-economic,0.3%,0.3%,0.2%,2024-06-27 03:00:00
2024-06-27,4:09am,EUR,Italian 10-y Bond Auction,Non-economic,4.01|1.4,,3.97|1.5,2024-06-27 04:09:00
2024-06-27,4:30am,GBP,BOE Gov Bailey Speaks,High,,,,2024-06-27 04:30:00
2024-06-27,4:30am,GBP,BOE Financial Stability Report,Non-economic,,,,2024-06-27 04:30:00
2024-06-27,4:30am,GBP,FPC Meeting Minutes,Non-economic,,,,2024-06-27 04:30:00
2024-06-27,4:30am,GBP,FPC Statement,Non-economic,,,,2024-06-27 04:30:00
2024-06-27,5:00am,AUD,RBA Deputy Gov Hauser Speaks,Non-economic,,,,2024-06-27 05:00:00
2024-06-27,7:30am,USD,Final GDP q/q,High,1.4%,1.4%,1.3%,2024-06-27 07:30:00
2024-06-27,7:30am,USD,Unemployment Claims,High,233K,236K,239K,2024-06-27 07:30:00
2024-06-27,7:30am,USD,Core Durable Goods Orders m/m,Medium,-0.1%,0.2%,0.4%,2024-06-27 07:30:00
2024-06-27,7:30am,USD,Durable Goods Orders m/m,Medium,0.1%,-0.5%,0.6%,2024-06-27 07:30:00
2024-06-27,7:30am,USD,Final GDP Price Index q/q,Medium,3.1%,3.0%,3.0%,2024-06-27 07:30:00
2024-06-27,7:30am,USD,Goods Trade Balance,Non-economic,-100.6B,-96.0B,-98.0B,2024-06-27 07:30:00
2024-06-27,7:30am,USD,Prelim Wholesale Inventories m/m,Non-economic,0.6%,0.1%,0.1%,2024-06-27 07:30:00
2024-06-27,9:00am,USD,Pending Home Sales m/m,High,-2.1%,0.6%,-7.7%,2024-06-27 09:00:00
2024-06-27,9:30am,USD,Natural Gas Storage,Non-economic,52B,53B,71B,2024-06-27 09:30:00
2024-06-27,All Day,NZD,Bank Holiday,Low,,,,2024-06-27 00:00:00
2024-06-27,6:30pm,JPY,Tokyo Core CPI y/y,Medium,2.1%,2.0%,1.9%,2024-06-27 18:30:00
2024-06-27,6:30pm,JPY,Unemployment Rate,Non-economic,2.6%,2.6%,2.6%,2024-06-27 18:30:00
2024-06-27,6:50pm,JPY,Prelim Industrial Production m/m,Non-economic,2.8%,2.0%,-0.9%,2024-06-27 18:50:00
2024-06-27,8:00pm,USD,President Biden Speaks,Medium,,,,2024-06-27 20:00:00
2024-06-27,8:30pm,AUD,Private Sector Credit m/m,Non-economic,0.4%,0.4%,0.5%,2024-06-27 20:30:00
2024-06-28,12:00am,JPY,Housing Starts y/y,Non-economic,-5.3%,-6.1%,13.9%,2024-06-28 00:00:00
2024-06-28,1:00am,EUR,German Import Prices m/m,Non-economic,0.0%,0.2%,0.7%,2024-06-28 01:00:00
2024-06-28,1:00am,GBP,Current Account,Non-economic,-21.0B,-17.7B,-21.2B,2024-06-28 01:00:00
2024-06-28,1:00am,GBP,Final GDP q/q,Non-economic,0.7%,0.6%,0.6%,2024-06-28 01:00:00
2024-06-28,1:00am,GBP,Revised Business Investment q/q,Non-economic,0.5%,0.9%,0.9%,2024-06-28 01:00:00
2024-06-28,1:45am,EUR,French Prelim CPI m/m,Medium,0.1%,0.1%,0.0%,2024-06-28 01:45:00
2024-06-28,1:45am,EUR,French Consumer Spending m/m,Non-economic,1.5%,0.2%,-0.9%,2024-06-28 01:45:00
2024-06-28,2:00am,CHF,KOF Economic Barometer,Non-economic,102.7,101.0,102.2,2024-06-28 02:00:00
2024-06-28,2:00am,EUR,Spanish Flash CPI y/y,Medium,3.4%,3.4%,3.6%,2024-06-28 02:00:00
2024-06-28,2:55am,EUR,German Unemployment Change,Non-economic,19K,14K,25K,2024-06-28 02:55:00
2024-06-28,4:00am,EUR,Italian Prelim CPI m/m,Non-economic,0.1%,0.2%,0.2%,2024-06-28 04:00:00
2024-06-28,5:00am,USD,FOMC Member Barkin Speaks,Non-economic,,,,2024-06-28 05:00:00
2024-06-28,7:30am,CAD,GDP m/m,High,0.3%,0.3%,0.0%,2024-06-28 07:30:00
2024-06-28,7:30am,USD,Core PCE Price Index m/m,High,0.1%,0.1%,0.3%,2024-06-28 07:30:00
2024-06-28,7:30am,USD,Personal Income m/m,Non-economic,0.5%,0.4%,0.3%,2024-06-28 07:30:00
2024-06-28,7:30am,USD,Personal Spending m/m,Non-economic,0.2%,0.3%,0.1%,2024-06-28 07:30:00
2024-06-28,8:45am,USD,Chicago PMI,Medium,47.4,39.7,35.4,2024-06-28 08:45:00
2024-06-28,9:00am,USD,Revised UoM Consumer Sentiment,Medium,68.2,65.9,65.6,2024-06-28 09:00:00
2024-06-28,9:00am,USD,Revised UoM Inflation Expectations,Non-economic,3.0%,,3.3%,2024-06-28 09:00:00
2024-06-28,11:00am,USD,FOMC Member Bowman Speaks,Non-economic,,,,2024-06-28 11:00:00
2024-06-29,8:30pm,CNY,Manufacturing PMI,High,49.5,49.5,49.5,2024-06-29 20:30:00
2024-06-29,8:30pm,CNY,Non-Manufacturing PMI,Medium,50.5,51.1,51.1,2024-06-29 20:30:00
2024-06-30,All Day,EUR,French Parliamentary Elections,High,,,,2024-06-30 00:00:00
2024-06-30,6:50pm,JPY,Tankan Manufacturing Index,Non-economic,13,11,11,2024-06-30 18:50:00
2024-06-30,6:50pm,JPY,Tankan Non-Manufacturing Index,Non-economic,33,33,34,2024-06-30 18:50:00
2024-06-30,7:30pm,JPY,Final Manufacturing PMI,Non-economic,50.0,50.1,50.1,2024-06-30 19:30:00
2024-06-30,8:00pm,AUD,MI Inflation Gauge m/m,Non-economic,0.3%,,0.3%,2024-06-30 20:00:00
2024-06-30,8:30pm,AUD,ANZ Job Advertisements m/m,Non-economic,-2.2%,,-1.9%,2024-06-30 20:30:00
2024-06-30,8:45pm,CNY,RatingDog Manufacturing PMI,Non-economic,51.8,51.5,51.7,2024-06-30 20:45:00
2024-07-01,12:00am,JPY,Consumer Confidence,Non-economic,36.4,36.4,36.2,2024-07-01 00:00:00
2024-07-01,1:25am,GBP,Nationwide HPI m/m,Non-economic,0.2%,0.0%,0.4%,2024-07-01 01:25:00
2024-07-01,All Day,EUR,German Prelim CPI m/m,High,0.1%,0.2%,0.1%,2024-07-01 00:00:00
2024-07-01,1:30am,AUD,Commodity Prices y/y,Non-economic,-4.1%,,-6.0%,2024-07-01 01:30:00
2024-07-01,1:30am,CHF,Retail Sales y/y,Non-economic,0.4%,2.5%,2.2%,2024-07-01 01:30:00
2024-07-01,2:15am,EUR,Spanish Manufacturing PMI,Non-economic,52.3,53.1,54.0,2024-07-01 02:15:00
2024-07-01,2:30am,CHF,Manufacturing PMI,Non-economic,43.9,45.2,46.4,2024-07-01 02:30:00
2024-07-01,2:45am,EUR,Italian Manufacturing PMI,Non-economic,45.7,44.3,45.6,2024-07-01 02:45:00
2024-07-01,2:50am,EUR,French Final Manufacturing PMI,Non-economic,45.4,45.3,45.3,2024-07-01 02:50:00
2024-07-01,2:55am,EUR,German Final Manufacturing PMI,Non-economic,43.5,43.4,43.4,2024-07-01 02:55:00
2024-07-01,3:00am,EUR,Final Manufacturing PMI,Non-economic,45.8,45.6,45.6,2024-07-01 03:00:00
2024-07-01,3:30am,GBP,Final Manufacturing PMI,Non-economic,50.9,51.4,51.4,2024-07-01 03:30:00
2024-07-01,3:30am,GBP,M4 Money Supply m/m,Non-economic,-0.1%,0.2%,0.0%,2024-07-01 03:30:00
2024-07-01,3:30am,GBP,Mortgage Approvals,Non-economic,60K,60K,61K,2024-07-01 03:30:00
2024-07-01,3:30am,GBP,Net Lending to Individuals m/m,Non-economic,2.7B,3.3B,3.0B,2024-07-01 03:30:00
2024-07-01,All Day,CAD,Bank Holiday,Low,,,,2024-07-01 00:00:00
2024-07-01,7:15am,EUR,German Buba President Nagel Speaks,Non-economic,,,,2024-07-01 07:15:00
2024-07-01,8:45am,USD,Final Manufacturing PMI,Medium,51.6,51.7,51.7,2024-07-01 08:45:00
2024-07-01,9:00am,USD,ISM Manufacturing PMI,High,48.5,49.2,48.7,2024-07-01 09:00:00
2024-07-01,9:00am,USD,ISM Manufacturing Prices,Medium,52.1,55.8,57.0,2024-07-01 09:00:00
2024-07-01,9:00am,USD,Construction Spending m/m,Non-economic,-0.1%,0.3%,0.3%,2024-07-01 09:00:00
2024-07-01,2:00pm,EUR,ECB President Lagarde Speaks,Medium,,,,2024-07-01 14:00:00
2024-07-01,5:00pm,NZD,NZIER Business Confidence,Non-economic,-44,,-25,2024-07-01 17:00:00
2024-07-01,5:45pm,NZD,Building Consents m/m,Non-economic,-1.7%,,-2.1%,2024-07-01 17:45:00
2024-07-01,6:01pm,GBP,BRC Shop Price Index y/y,Non-economic,0.2%,,0.6%,2024-07-01 18:01:00
2024-07-01,6:50pm,JPY,Monetary Base y/y,Non-economic,0.6%,1.0%,0.9%,2024-07-01 18:50:00
2024-07-01,8:30pm,AUD,Monetary Policy Meeting Minutes,Medium,,,,2024-07-01 20:30:00
2024-07-01,10:35pm,JPY,10-y Bond Auction,Non-economic,1.09|3.2,,1.05|3.7,2024-07-01 22:35:00
2024-07-02,2:00am,EUR,Spanish Unemployment Change,Non-economic,-46.8K,-50.9K,-58.7K,2024-07-02 02:00:00
2024-07-02,3:00am,EUR,Italian Monthly Unemployment Rate,Non-economic,6.8%,6.9%,6.8%,2024-07-02 03:00:00
2024-07-02,4:00am,EUR,Core CPI Flash Estimate y/y,High,2.9%,2.8%,2.9%,2024-07-02 04:00:00
2024-07-02,4:00am,EUR,CPI Flash Estimate y/y,High,2.5%,2.5%,2.6%,2024-07-02 04:00:00
2024-07-02,4:00am,EUR,Unemployment Rate,Non-economic,6.4%,6.4%,6.4%,2024-07-02 04:00:00
2024-07-02,8:30am,CAD,Manufacturing PMI,Non-economic,49.3,,49.3,2024-07-02 08:30:00
2024-07-02,8:30am,EUR,ECB President Lagarde Speaks,Medium,,,,2024-07-02 08:30:00
2024-07-02,8:30am,USD,Fed Chairman Powell Speaks,High,,,,2024-07-02 08:30:00
2024-07-02,9:00am,USD,JOLTS Job Openings,High,8.14M,7.96M,7.92M,2024-07-02 09:00:00
2024-07-02,All Day,USD,Wards Total Vehicle Sales,Non-economic,15.3M,15.8M,15.9M,2024-07-02 00:00:00
2024-07-02,9:40am,USD,RCM/TIPP Economic Optimism,Non-economic,44.2,41.2,40.5,2024-07-02 09:40:00
2024-07-02,9:48am,NZD,GDT Price Index,Non-economic,-6.9%,,-0.5%,2024-07-02 09:48:00
2024-07-02,3:30pm,USD,API Weekly Statistical Bulletin,Non-economic,,,,2024-07-02 15:30:00
2024-07-02,8:00pm,NZD,ANZ Commodity Prices m/m,Non-economic,1.5%,,1.1%,2024-07-02 20:00:00
2024-07-02,8:30pm,AUD,Retail Sales m/m,Medium,0.6%,0.3%,0.1%,2024-07-02 20:30:00
2024-07-02,8:30pm,AUD,Building Approvals m/m,Non-economic,5.5%,1.5%,1.9%,2024-07-02 20:30:00
2024-07-02,8:45pm,CNY,RatingDog Services PMI,Non-economic,51.2,53.4,54.0,2024-07-02 20:45:00
2024-07-03,1:45am,EUR,French Gov Budget Balance,Non-economic,-113.5B,,-91.6B,2024-07-03 01:45:00
2024-07-03,2:15am,EUR,Spanish Services PMI,Non-economic,56.8,56.5,56.9,2024-07-03 02:15:00
2024-07-03,2:45am,EUR,Italian Services PMI,Non-economic,53.7,53.9,54.2,2024-07-03 02:45:00
2024-07-03,2:50am,EUR,French Final Services PMI,Non-economic,49.6,48.8,48.8,2024-07-03 02:50:00
2024-07-03,2:55am,EUR,German Final Services PMI,Non-economic,53.1,53.5,53.5,2024-07-03 02:55:00
2024-07-03,3:00am,EUR,Final Services PMI,Non-economic,52.8,52.6,52.6,2024-07-03 03:00:00
2024-07-03,3:30am,GBP,Final Services PMI,Non-economic,52.1,51.2,51.2,2024-07-03 03:30:00
2024-07-03,4:00am,EUR,PPI m/m,Non-economic,-0.2%,-0.1%,-1.0%,2024-07-03 04:00:00
2024-07-03,4:39am,EUR,German 10-y Bond Auction,Non-economic,2.63|1.9,,2.60|2.0,2024-07-03 04:39:00
2024-07-03,5:30am,USD,FOMC Member Williams Speaks,Non-economic,,,,2024-07-03 05:30:00
2024-07-03,6:30am,CHF,Gov Board Member Martin Speaks,Non-economic,,,,2024-07-03 06:30:00
2024-07-03,6:30am,USD,Challenger Job Cuts y/y,Non-economic,19.8%,,-20.3%,2024-07-03 06:30:00
2024-07-03,7:15am,USD,ADP Non-Farm Employment Change,High,150K,163K,157K,2024-07-03 07:15:00
2024-07-03,7:30am,CAD,Trade Balance,Non-economic,-1.9B,-1.3B,-1.3B,2024-07-03 07:30:00
2024-07-03,7:30am,USD,Unemployment Claims,High,238K,234K,234K,2024-07-03 07:30:00
2024-07-03,7:30am,USD,Trade Balance,Non-economic,-75.1B,-76.3B,-74.5B,2024-07-03 07:30:00
2024-07-03,8:45am,USD,Final Services PMI,Medium,55.3,55.0,55.1,2024-07-03 08:45:00
2024-07-03,9:00am,USD,ISM Services PMI,High,48.8,52.6,53.8,2024-07-03 09:00:00
2024-07-03,9:00am,USD,Factory Orders m/m,Non-economic,-0.5%,0.2%,0.4%,2024-07-03 09:00:00
2024-07-03,9:15am,EUR,ECB President Lagarde Speaks,Medium,,,,2024-07-03 09:15:00
2024-07-03,9:30am,USD,Crude Oil Inventories,Non-economic,-12.2M,-0.4M,3.6M,2024-07-03 09:30:00
2024-07-03,11:00am,USD,Natural Gas Storage,Non-economic,32B,31B,52B,2024-07-03 11:00:00
2024-07-03,1:00pm,USD,FOMC Meeting Minutes,High,,,,2024-07-03 13:00:00
2024-07-03,8:30pm,AUD,Goods Trade Balance,Non-economic,5.77B,6.20B,6.03B,2024-07-03 20:30:00
2024-07-03,10:35pm,JPY,30-y Bond Auction,Non-economic,2.19|3.0,,2.16|3.6,2024-07-03 22:35:00
2024-07-04,12:45am,CHF,Unemployment Rate,Non-economic,2.4%,2.4%,2.4%,2024-07-04 00:45:00
2024-07-04,1:00am,EUR,German Factory Orders m/m,Non-economic,-1.6%,0.5%,-0.6%,2024-07-04 01:00:00
2024-07-04,1:30am,CHF,CPI m/m,High,0.0%,0.1%,0.3%,2024-07-04 01:30:00
2024-07-04,All Day,GBP,Parliamentary Elections,High,,,,2024-07-04 00:00:00
2024-07-04,3:30am,GBP,Construction PMI,Medium,52.2,54.0,54.7,2024-07-04 03:30:00
2024-07-04,3:41am,EUR,Spanish 10-y Bond Auction,Non-economic,3.42|2.2,,3.35|1.7,2024-07-04 03:41:00
2024-07-04,4:01am,EUR,French 10-y Bond Auction,Non-economic,3.23|2.4,,3.05|2.0,2024-07-04 04:01:00
2024-07-04,6:30am,EUR,ECB Monetary Policy Meeting Accounts,Non-economic,,,,2024-07-04 06:30:00
2024-07-04,All Day,USD,Bank Holiday,Low,,,,2024-07-04 00:00:00
2024-07-04,6:30pm,JPY,Household Spending y/y,Non-economic,-1.8%,0.2%,0.5%,2024-07-04 18:30:00
2024-07-04,8:30pm,AUD,Household Spending m/m,Non-economic,0.0%,,-0.6%,2024-07-04 20:30:00
2024-07-05,12:00am,JPY,Leading Indicators,Non-economic,111.1%,111.1%,110.9%,2024-07-05 00:00:00
2024-07-05,1:00am,EUR,German Industrial Production m/m,Non-economic,-2.5%,0.2%,0.1%,2024-07-05 01:00:00
2024-07-05,1:00am,GBP,Halifax HPI m/m,Non-economic,-0.2%,0.2%,0.0%,2024-07-05 01:00:00
2024-07-05,1:45am,EUR,French Industrial Production m/m,Non-economic,-2.1%,-0.6%,0.6%,2024-07-05 01:45:00
2024-07-05,1:45am,EUR,French Trade Balance,Non-economic,-8.0B,-7.2B,-7.6B,2024-07-05 01:45:00
2024-07-05,2:00am,CHF,Foreign Currency Reserves,Non-economic,711B,,718B,2024-07-05 02:00:00
2024-07-05,2:00am,CHF,SECO Consumer Climate,Non-economic,-37,-35,-38,2024-07-05 02:00:00
2024-07-05,2:00am,EUR,German Buba President Nagel Speaks,Non-economic,,,,2024-07-05 02:00:00
2024-07-05,3:00am,EUR,Italian Retail Sales m/m,Non-economic,0.4%,0.2%,-0.1%,2024-07-05 03:00:00
2024-07-05,3:30am,GBP,Housing Equity Withdrawal q/q,Non-economic,-23.9B,-20.3B,-24.7B,2024-07-05 03:30:00
2024-07-05,4:00am,EUR,Retail Sales m/m,Non-economic,0.1%,0.2%,-0.2%,2024-07-05 04:00:00
2024-07-05,4:40am,USD,FOMC Member Williams Speaks,Non-economic,,,,2024-07-05 04:40:00
2024-07-05,7:30am,CAD,Employment Change,High,-1.4K,27.3K,26.7K,2024-07-05 07:30:00
2024-07-05,7:30am,CAD,Unemployment Rate,High,6.4%,6.3%,6.2%,2024-07-05 07:30:00
2024-07-05,7:30am,USD,Average Hourly Earnings m/m,High,0.3%,0.3%,0.4%,2024-07-05 07:30:00
2024-07-05,7:30am,USD,Non-Farm Employment Change,High,206K,191K,218K,2024-07-05 07:30:00
2024-07-05,7:30am,USD,Unemployment Rate,High,4.1%,4.0%,4.0%,2024-07-05 07:30:00
2024-07-05,9:00am,CAD,Ivey PMI,Medium,62.5,53.0,52.0,2024-07-05 09:00:00
2024-07-05,10:00am,USD,Fed Monetary Policy Report,Non-economic,,,,2024-07-05 10:00:00
2024-07-05,12:15pm,EUR,ECB President Lagarde Speaks,Medium,,,,2024-07-05 12:15:00
2024-07-07,All Day,EUR,French Parliamentary Elections,High,,,,2024-07-07 00:00:00
2024-07-07,6:30pm,JPY,Average Cash Earnings y/y,Non-economic,1.9%,2.1%,1.6%,2024-07-07 18:30:00
2024-07-07,6:50pm,JPY,Bank Lending y/y,Non-economic,3.2%,3.1%,2.9%,2024-07-07 18:50:00
2024-07-07,6:50pm,JPY,Current Account,Non-economic,2.41T,2.07T,2.52T,2024-07-07 18:50:00
2024-07-08,12:00am,JPY,Economy Watchers Sentiment,Non-economic,47.0,46.1,45.7,2024-07-08 00:00:00
2024-07-08,1:00am,EUR,German Trade Balance,Non-economic,24.9B,19.9B,22.2B,2024-07-08 01:00:00
2024-07-08,3:30am,EUR,Sentix Investor Confidence,Non-economic,-7.3,-0.6,0.3,2024-07-08 03:30:00
2024-07-08,6:00am,GBP,MPC Member Haskel Speaks,Non-economic,,,,2024-07-08 06:00:00
2024-07-08,2:00pm,USD,Consumer Credit m/m,Non-economic,11.4B,9.7B,6.5B,2024-07-08 14:00:00
2024-07-08,6:01pm,GBP,BRC Retail Sales Monitor y/y,Non-economic,-0.5%,0.9%,0.4%,2024-07-08 18:01:00
2024-07-08,6:50pm,JPY,M2 Money Stock y/y,Non-economic,1.5%,2.0%,1.9%,2024-07-08 18:50:00
2024-07-08,7:30pm,AUD,Westpac Consumer Sentiment,Non-economic,-1.1%,,1.7%,2024-07-08 19:30:00
2024-07-08,8:30pm,AUD,NAB Business Confidence,Non-economic,4,,-2,2024-07-08 20:30:00
2024-07-09,12:58am,JPY,Prelim Machine Tool Orders y/y,Non-economic,9.7%,,4.2%,2024-07-09 00:58:00
2024-07-09,5:00am,USD,NFIB Small Business Index,Non-economic,91.5,90.3,90.5,2024-07-09 05:00:00
2024-07-09,8:15am,USD,FOMC Member Barr Speaks,Non-economic,,,,2024-07-09 08:15:00
2024-07-09,9:00am,USD,Fed Chairman Powell Testifies,High,,,,2024-07-09 09:00:00
2024-07-09,9:00am,USD,Treasury Sec Yellen Speaks,Medium,,,,2024-07-09 09:00:00
2024-07-09,12:30pm,USD,FOMC Member Bowman Speaks,Non-economic,,,,2024-07-09 12:30:00
2024-07-09,3:30pm,USD,API Weekly Statistical Bulletin,Non-economic,,,,2024-07-09 15:30:00
2024-07-09,5:45pm,NZD,Visitor Arrivals m/m,Non-economic,4.0%,,-8.8%,2024-07-09 17:45:00
2024-07-09,6:50pm,JPY,PPI y/y,Non-economic,2.9%,2.9%,2.6%,2024-07-09 18:50:00
2024-07-09,8:30pm,CNY,CPI y/y,Medium,0.2%,0.4%,0.3%,2024-07-09 20:30:00
2024-07-09,8:30pm,CNY,PPI y/y,Medium,-0.8%,-0.8%,-1.4%,2024-07-09 20:30:00
2024-07-09,9:00pm,NZD,Official Cash Rate,High,5.50%,5.50%,5.50%,2024-07-09 21:00:00
2024-07-09,9:00pm,NZD,RBNZ Rate Statement,High,,,,2024-07-09 21:00:00
2024-07-10,3:00am,EUR,German Buba President Nagel Speaks,Non-economic,,,,2024-07-10 03:00:00
2024-07-10,3:00am,EUR,Italian Industrial Production m/m,Non-economic,0.5%,0.0%,-1.0%,2024-07-10 03:00:00
2024-07-10,8:30am,GBP,MPC Member Pill Speaks,Non-economic,,,,2024-07-10 08:30:00
2024-07-10,9:00am,EUR,German Buba President Nagel Speaks,Non-economic,,,,2024-07-10 09:00:00
2024-07-10,9:00am,USD,Fed Chairman Powell Testifies,High,,,,2024-07-10 09:00:00
2024-07-10,9:00am,USD,Final Wholesale Inventories m/m,Non-economic,0.6%,0.6%,0.6%,2024-07-10 09:00:00
2024-07-10,9:30am,USD,Crude Oil Inventories,Non-economic,-3.4M,0.7M,-12.2M,2024-07-10 09:30:00
2024-07-10,10:30am,GBP,MPC Member Mann Speaks,Non-economic,,,,2024-07-10 10:30:00
2024-07-10,12:01pm,USD,10-y Bond Auction,Medium,4.28|2.6,,4.44|2.7,2024-07-10 12:01:00
2024-07-10,1:30pm,USD,FOMC Member Bowman Speaks,Non-economic,,,,2024-07-10 13:30:00
2024-07-10,1:30pm,USD,FOMC Member Goolsbee Speaks,Non-economic,,,,2024-07-10 13:30:00
2024-07-10,5:45pm,NZD,FPI m/m,Non-economic,1.0%,,-0.2%,2024-07-10 17:45:00
2024-07-10,6:01pm,GBP,RICS House Price Balance,Non-economic,-17%,-14%,-17%,2024-07-10 18:01:00
2024-07-10,6:30pm,USD,FOMC Member Cook Speaks,Non-economic,,,,2024-07-10 18:30:00
2024-07-10,6:50pm,JPY,Core Machinery Orders m/m,Non-economic,-3.2%,0.9%,-2.9%,2024-07-10 18:50:00
2024-07-10,8:00pm,AUD,MI Inflation Expectations,Non-economic,4.3%,,4.4%,2024-07-10 20:00:00
2024-07-11,1:00am,EUR,German Final CPI m/m,Non-economic,0.1%,0.1%,0.1%,2024-07-11 01:00:00
2024-07-11,1:00am,GBP,GDP m/m,High,0.4%,0.2%,0.0%,2024-07-11 01:00:00
2024-07-11,1:00am,GBP,Construction Output m/m,Non-economic,1.9%,0.5%,-1.1%,2024-07-11 01:00:00
2024-07-11,1:00am,GBP,Goods Trade Balance,Non-economic,-17.9B,-15.6B,-19.4B,2024-07-11 01:00:00
2024-07-11,1:00am,GBP,Index of Services 3m/3m,Non-economic,1.1%,1.0%,1.0%,2024-07-11 01:00:00
2024-07-11,1:00am,GBP,Industrial Production m/m,Non-economic,0.2%,0.3%,-0.9%,2024-07-11 01:00:00
2024-07-11,1:00am,GBP,Manufacturing Production m/m,Non-economic,0.4%,0.4%,-1.6%,2024-07-11 01:00:00
2024-07-11,3:30am,GBP,BOE Credit Conditions Survey,Non-economic,,,,2024-07-11 03:30:00
2024-07-11,5:50am,GBP,NIESR GDP Estimate,Non-economic,0.6%,,0.8%,2024-07-11 05:50:00
2024-07-11,7:30am,USD,Core CPI m/m,High,0.1%,0.2%,0.2%,2024-07-11 07:30:00
2024-07-11,7:30am,USD,CPI m/m,High,-0.1%,0.1%,0.0%,2024-07-11 07:30:00
2024-07-11,7:30am,USD,CPI y/y,High,3.0%,3.1%,3.3%,2024-07-11 07:30:00
2024-07-11,7:30am,USD,Unemployment Claims,High,222K,236K,239K,2024-07-11 07:30:00
2024-07-11,8:30am,GBP,CB Leading Index m/m,Non-economic,-0.3%,,-0.1%,2024-07-11 08:30:00
2024-07-11,9:30am,USD,Natural Gas Storage,Non-economic,65B,56B,32B,2024-07-11 09:30:00
2024-07-11,10:30am,USD,FOMC Member Bostic Speaks,Non-economic,,,,2024-07-11 10:30:00
2024-07-11,12:00pm,USD,FOMC Member Musalem Speaks,Non-economic,,,,2024-07-11 12:00:00
2024-07-11,12:01pm,USD,30-y Bond Auction,Medium,4.41|2.3,,4.40|2.5,2024-07-11 12:01:00
2024-07-11,1:00pm,USD,Federal Budget Balance,Non-economic,-66.0B,-71.2B,-347.1B,2024-07-11 13:00:00
2024-07-11,5:30pm,NZD,BusinessNZ Manufacturing Index,Non-economic,41.1,,46.6,2024-07-11 17:30:00
2024-07-11,5:30pm,USD,President Biden Speaks,Non-economic,,,,2024-07-11 17:30:00
2024-07-11,10:08pm,CNY,USD-Denominated Trade Balance,Non-economic,99.1B,85.1B,82.6B,2024-07-11 22:08:00
2024-07-11,10:09pm,CNY,Trade Balance,Non-economic,704B,590B,586B,2024-07-11 22:09:00
2024-07-11,11:30pm,JPY,Revised Industrial Production m/m,Non-economic,3.6%,2.8%,2.8%,2024-07-11 23:30:00
2024-07-12,1:00am,EUR,German WPI m/m,Non-economic,-0.3%,0.2%,0.1%,2024-07-12 01:00:00
2024-07-12,1:45am,EUR,French Final CPI m/m,Non-economic,0.1%,0.1%,0.1%,2024-07-12 01:45:00
2024-07-12,4:02am,CNY,M2 Money Supply y/y,Non-economic,6.2%,6.8%,7.0%,2024-07-12 04:02:00
2024-07-12,4:03am,CNY,New Loans,Medium,2130B,1050B,950B,2024-07-12 04:03:00
2024-07-12,4:08am,CNY,Foreign Direct Investment ytd/y,Non-economic,-29.1%,,-28.2%,2024-07-12 04:08:00
2024-07-12,7:30am,CAD,Building Permits m/m,Non-economic,-12.2%,-5.0%,23.4%,2024-07-12 07:30:00
2024-07-12,7:30am,USD,Core PPI m/m,High,0.4%,0.2%,0.3%,2024-07-12 07:30:00
2024-07-12,7:30am,USD,PPI m/m,High,0.2%,0.1%,0.0%,2024-07-12 07:30:00
2024-07-12,9:00am,USD,Prelim UoM Consumer Sentiment,High,66.0,68.5,68.2,2024-07-12 09:00:00
2024-07-12,9:00am,USD,Prelim UoM Inflation Expectations,Medium,2.9%,,3.0%,2024-07-12 09:00:00
2024-07-14,5:30pm,NZD,BusinessNZ Services Index,Non-economic,40.2,,42.6,2024-07-14 17:30:00
2024-07-14,All Day,JPY,Bank Holiday,Low,,,,2024-07-14 00:00:00
2024-07-14,6:01pm,GBP,Rightmove HPI m/m,Non-economic,-0.4%,,0.0%,2024-07-14 18:01:00
2024-07-14,8:30pm,CNY,New Home Prices m/m,Non-economic,-0.67%,,-0.71%,2024-07-14 20:30:00
2024-07-14,9:00pm,CNY,GDP q/y,Medium,4.7%,5.1%,5.3%,2024-07-14 21:00:00
2024-07-14,9:00pm,CNY,Industrial Production y/y,Medium,5.3%,4.9%,5.6%,2024-07-14 21:00:00
2024-07-14,9:00pm,CNY,NBS Press Conference,Non-economic,,,,2024-07-14 21:00:00
2024-07-14,9:02pm,CNY,Fixed Asset Investment ytd/y,Non-economic,3.9%,3.9%,4.0%,2024-07-14 21:02:00
2024-07-14,9:02pm,CNY,Retail Sales y/y,Non-economic,2.0%,3.3%,3.7%,2024-07-14 21:02:00
2024-07-14,9:02pm,CNY,Unemployment Rate,Non-economic,5.0%,5.0%,5.0%,2024-07-14 21:02:00
2024-07-15,1:30am,CHF,PPI m/m,Non-economic,0.0%,0.1%,-0.3%,2024-07-15 01:30:00
2024-07-15,4:00am,EUR,Industrial Production m/m,Non-economic,-0.6%,-0.9%,0.0%,2024-07-15 04:00:00
2024-07-15,All Day,EUR,Eurogroup Meetings,Non-economic,,,,2024-07-15 00:00:00
2024-07-15,7:30am,CAD,Manufacturing Sales m/m,Non-economic,0.4%,0.3%,1.4%,2024-07-15 07:30:00
2024-07-15,7:30am,CAD,Wholesale Sales m/m,Non-economic,-0.8%,2.0%,2.0%,2024-07-15 07:30:00
2024-07-15,7:30am,USD,Empire State Manufacturing Index,High,-6.6,-5.5,-6.0,2024-07-15 07:30:00
2024-07-15,9:30am,CAD,BOC Business Outlook Survey,Non-economic,,,,2024-07-15 09:30:00
2024-07-15,11:30am,USD,Fed Chairman Powell Speaks,High,,,,2024-07-15 11:30:00
2024-07-15,3:35pm,USD,FOMC Member Daly Speaks,Non-economic,,,,2024-07-15 15:35:00
2024-07-15,11:30pm,JPY,Tertiary Industry Activity m/m,Non-economic,-0.4%,0.1%,2.2%,2024-07-15 23:30:00
2024-07-16,4:00am,EUR,Italian Trade Balance,Non-economic,6.43B,3.55B,4.83B,2024-07-16 04:00:00
2024-07-16,4:00am,EUR,Trade Balance,Non-economic,12.3B,18.0B,18.5B,2024-07-16 04:00:00
2024-07-16,4:00am,EUR,ZEW Economic Sentiment,Non-economic,43.7,48.1,51.3,2024-07-16 04:00:00
2024-07-16,4:00am,EUR,German ZEW Economic Sentiment,Non-economic,41.8,41.2,47.5,2024-07-16 04:00:00
2024-07-16,All Day,EUR,ECOFIN Meetings,Non-economic,,,,2024-07-16 00:00:00
2024-07-16,7:15am,CAD,Housing Starts,Non-economic,242K,255K,265K,2024-07-16 07:15:00
2024-07-16,7:30am,CAD,CPI m/m,High,-0.1%,0.1%,0.6%,2024-07-16 07:30:00
2024-07-16,7:30am,CAD,Median CPI y/y,High,2.6%,2.7%,2.7%,2024-07-16 07:30:00
2024-07-16,7:30am,CAD,Trimmed CPI y/y,High,2.9%,2.8%,2.9%,2024-07-16 07:30:00
2024-07-16,7:30am,CAD,Common CPI y/y,Medium,2.3%,2.4%,2.4%,2024-07-16 07:30:00
2024-07-16,7:30am,USD,Core Retail Sales m/m,High,0.4%,0.1%,0.1%,2024-07-16 07:30:00
2024-07-16,7:30am,USD,Retail Sales m/m,High,0.0%,-0.3%,0.3%,2024-07-16 07:30:00
2024-07-16,7:30am,USD,Import Prices m/m,Non-economic,0.0%,0.2%,-0.2%,2024-07-16 07:30:00
2024-07-16,7:32am,CAD,Core CPI m/m,Non-economic,-0.1%,,0.6%,2024-07-16 07:32:00
2024-07-16,9:00am,USD,Business Inventories m/m,Non-economic,0.5%,0.4%,0.3%,2024-07-16 09:00:00
2024-07-16,9:00am,USD,NAHB Housing Market Index,Non-economic,42,43,43,2024-07-16 09:00:00
2024-07-16,9:57am,NZD,GDT Price Index,Non-economic,0.4%,,-6.9%,2024-07-16 09:57:00
2024-07-16,1:45pm,USD,FOMC Member Kugler Speaks,Non-economic,,,,2024-07-16 13:45:00
2024-07-16,3:30pm,USD,API Weekly Statistical Bulletin,Non-economic,,,,2024-07-16 15:30:00
2024-07-16,5:45pm,NZD,CPI q/q,High,0.4%,0.5%,0.6%,2024-07-16 17:45:00
2024-07-16,7:30pm,AUD,MI Leading Index m/m,Non-economic,0.0%,,0.0%,2024-07-16 19:30:00
2024-07-17,1:00am,GBP,CPI y/y,High,2.0%,1.9%,2.0%,2024-07-17 01:00:00
2024-07-17,1:00am,GBP,Core CPI y/y,Non-economic,3.5%,3.4%,3.5%,2024-07-17 01:00:00
2024-07-17,1:00am,GBP,PPI Input m/m,Non-economic,-0.8%,0.1%,-0.6%,2024-07-17 01:00:00
2024-07-17,1:00am,GBP,PPI Output m/m,Non-economic,-0.3%,0.1%,0.0%,2024-07-17 01:00:00
2024-07-17,1:00am,GBP,RPI y/y,Non-economic,2.9%,2.9%,3.0%,2024-07-17 01:00:00
2024-07-17,3:30am,GBP,HPI y/y,Non-economic,2.2%,1.5%,1.3%,2024-07-17 03:30:00
2024-07-17,4:00am,EUR,Final Core CPI y/y,Non-economic,2.9%,2.9%,2.9%,2024-07-17 04:00:00
2024-07-17,4:00am,EUR,Final CPI y/y,Non-economic,2.5%,2.5%,2.5%,2024-07-17 04:00:00
2024-07-17,4:36am,EUR,German 30-y Bond Auction,Non-economic,2.59|2.6,,2.54|1.6,2024-07-17 04:36:00
2024-07-17,7:30am,CAD,Foreign Securities Purchases,Non-economic,20.89B,21.05B,41.05B,2024-07-17 07:30:00
2024-07-17,7:30am,USD,Building Permits,Medium,1.45M,1.40M,1.40M,2024-07-17 07:30:00
2024-07-17,7:30am,USD,Housing Starts,Non-economic,1.35M,1.30M,1.31M,2024-07-17 07:30:00
2024-07-17,8:00am,USD,FOMC Member Barkin Speaks,Non-economic,,,,2024-07-17 08:00:00
2024-07-17,8:15am,USD,Industrial Production m/m,Medium,0.6%,0.3%,0.9%,2024-07-17 08:15:00
2024-07-17,8:15am,USD,Capacity Utilization Rate,Non-economic,78.8%,78.5%,78.3%,2024-07-17 08:15:00
2024-07-17,8:35am,USD,FOMC Member Waller Speaks,Medium,,,,2024-07-17 08:35:00
2024-07-17,9:30am,USD,Crude Oil Inventories,Non-economic,-4.9M,-0.9M,-3.4M,2024-07-17 09:30:00
2024-07-17,1:00pm,USD,Beige Book,Non-economic,,,,2024-07-17 13:00:00
2024-07-17,6:50pm,JPY,Trade Balance,Non-economic,-0.82T,-0.82T,-0.64T,2024-07-17 18:50:00
2024-07-17,8:30pm,AUD,Employment Change,High,50.2K,19.9K,39.5K,2024-07-17 20:30:00
2024-07-17,8:30pm,AUD,Unemployment Rate,High,4.1%,4.1%,4.0%,2024-07-17 20:30:00
2024-07-17,8:30pm,AUD,NAB Quarterly Business Confidence,Non-economic,-1,,-2,2024-07-17 20:30:00
2024-07-17,8:30pm,AUD,RBA Bulletin,Non-economic,,,,2024-07-17 20:30:00
2024-07-18,1:00am,CHF,Trade Balance,Non-economic,6.18B,5.05B,5.79B,2024-07-18 01:00:00
2024-07-18,1:00am,GBP,Claimant Count Change,High,32.3K,23.4K,51.9K,2024-07-18 01:00:00
2024-07-18,1:00am,GBP,Average Earnings Index 3m/y,Medium,5.7%,5.7%,5.9%,2024-07-18 01:00:00
2024-07-18,1:00am,GBP,Unemployment Rate,Non-economic,4.4%,4.4%,4.4%,2024-07-18 01:00:00
2024-07-18,3:42am,EUR,Spanish 10-y Bond Auction,Non-economic,3.19|1.4,,3.42|2.2,2024-07-18 03:42:00
2024-07-18,5:00am,EUR,German Buba Monthly Report,Non-economic,,,,2024-07-18 05:00:00
2024-07-18,7:15am,EUR,Main Refinancing Rate,High,4.25%,4.25%,4.25%,2024-07-18 07:15:00
2024-07-18,7:15am,EUR,Monetary Policy Statement,High,,,,2024-07-18 07:15:00
2024-07-18,7:30am,USD,Unemployment Claims,High,243K,229K,223K,2024-07-18 07:30:00
2024-07-18,7:30am,USD,Philly Fed Manufacturing Index,Medium,13.9,2.7,1.3,2024-07-18 07:30:00
2024-07-18,7:45am,EUR,ECB Press Conference,High,,,,2024-07-18 07:45:00
2024-07-18,9:00am,USD,CB Leading Index m/m,Non-economic,-0.2%,-0.3%,-0.4%,2024-07-18 09:00:00
2024-07-18,9:30am,USD,Natural Gas Storage,Non-economic,10B,27B,65B,2024-07-18 09:30:00
2024-07-18,12:45pm,USD,FOMC Member Logan Speaks,Non-economic,,,,2024-07-18 12:45:00
2024-07-18,3:00pm,USD,TIC Long-Term Purchases,Non-economic,-54.6B,98.4B,123.3B,2024-07-18 15:00:00
2024-07-18,5:05pm,USD,FOMC Member Daly Speaks,Medium,,,,2024-07-18 17:05:00
2024-07-18,6:01pm,GBP,GfK Consumer Confidence,Non-economic,-13,-12,-14,2024-07-18 18:01:00
2024-07-18,6:30pm,JPY,National Core CPI y/y,Non-economic,2.6%,2.7%,2.5%,2024-07-18 18:30:00
2024-07-18,6:45pm,USD,FOMC Member Bowman Speaks,Non-economic,,,,2024-07-18 18:45:00
2024-07-18,10:00pm,NZD,Credit Card Spending y/y,Non-economic,-3.1%,,-0.2%,2024-07-18 22:00:00
2024-07-19,1:00am,EUR,German PPI m/m,Non-economic,0.2%,0.1%,0.0%,2024-07-19 01:00:00
2024-07-19,1:00am,GBP,Retail Sales m/m,High,-1.2%,-0.6%,2.9%,2024-07-19 01:00:00
2024-07-19,1:00am,GBP,Public Sector Net Borrowing,Non-economic,13.6B,10.8B,15.6B,2024-07-19 01:00:00
2024-07-19,3:05am,EUR,Current Account,Non-economic,36.7B,34.6B,36.7B,2024-07-19 03:05:00
2024-07-19,7:30am,CAD,Core Retail Sales m/m,High,-1.3%,-0.5%,1.7%,2024-07-19 07:30:00
2024-07-19,7:30am,CAD,Retail Sales m/m,High,-0.8%,-0.5%,0.6%,2024-07-19 07:30:00
2024-07-19,7:30am,CAD,IPPI m/m,Non-economic,0.0%,0.2%,0.2%,2024-07-19 07:30:00
2024-07-19,7:30am,CAD,RMPI m/m,Non-economic,-1.4%,-0.7%,-1.5%,2024-07-19 07:30:00
2024-07-19,9:30am,AUD,CB Leading Index m/m,Non-economic,0.2%,,-0.4%,2024-07-19 09:30:00
2024-07-19,9:40am,USD,FOMC Member Williams Speaks,Medium,,,,2024-07-19 09:40:00
2024-07-19,12:00pm,USD,FOMC Member Bostic Speaks,Non-economic,,,,2024-07-19 12:00:00
2024-07-21,5:45pm,NZD,Trade Balance,Non-economic,699M,294M,54M,2024-07-21 17:45:00
2024-07-21,8:03pm,CNY,1-y Loan Prime Rate,Medium,3.35%,3.45%,3.45%,2024-07-21 20:03:00
2024-07-21,8:03pm,CNY,5-y Loan Prime Rate,Medium,3.85%,3.95%,3.95%,2024-07-21 20:03:00
2024-07-23,12:00am,JPY,BOJ Core CPI y/y,Non-economic,2.1%,2.1%,2.1%,2024-07-23 00:00:00
2024-07-23,8:59am,USD,Richmond Manufacturing Index,Medium,-17,-7,-10,2024-07-23 08:59:00
2024-07-23,9:00am,EUR,Consumer Confidence,Non-economic,-13,-13,-14,2024-07-23 09:00:00
2024-07-23,9:00am,USD,Existing Home Sales,Medium,3.89M,3.99M,4.11M,2024-07-23 09:00:00
2024-07-23,3:30pm,USD,API Weekly Statistical Bulletin,Non-economic,,,,2024-07-23 15:30:00
2024-07-23,6:00pm,AUD,Flash Manufacturing PMI,Non-economic,47.4,,47.2,2024-07-23 18:00:00
2024-07-23,6:00pm,AUD,Flash Services PMI,Non-economic,50.8,,51.2,2024-07-23 18:00:00
2024-07-23,7:30pm,JPY,Flash Manufacturing PMI,Non-economic,49.2,50.5,50.0,2024-07-23 19:30:00
2024-07-24,1:00am,EUR,German GfK Consumer Climate,Non-economic,-18.4,-21.1,-21.6,2024-07-24 01:00:00
2024-07-24,2:15am,EUR,French Flash Manufacturing PMI,High,44.1,45.8,45.4,2024-07-24 02:15:00
2024-07-24,2:15am,EUR,French Flash Services PMI,High,50.7,49.7,49.6,2024-07-24 02:15:00
2024-07-24,2:30am,EUR,German Flash Manufacturing PMI,High,42.6,44.1,43.5,2024-07-24 02:30:00
2024-07-24,2:30am,EUR,German Flash Services PMI,High,52.0,53.2,53.1,2024-07-24 02:30:00
2024-07-24,3:00am,EUR,Flash Manufacturing PMI,Medium,45.6,46.0,45.8,2024-07-24 03:00:00
2024-07-24,3:00am,EUR,Flash Services PMI,Medium,51.9,52.9,52.8,2024-07-24 03:00:00
2024-07-24,3:30am,GBP,Flash Manufacturing PMI,High,51.8,51.1,50.9,2024-07-24 03:30:00
2024-07-24,3:30am,GBP,Flash Services PMI,High,52.4,52.5,52.1,2024-07-24 03:30:00
2024-07-24,4:02am,GBP,30-y Bond Auction,Non-economic,4.64|3.3,,4.55|3.3,2024-07-24 04:02:00
2024-07-24,4:32am,EUR,German 10-y Bond Auction,Non-economic,2.43|1.8,,2.63|1.9,2024-07-24 04:32:00
2024-07-24,7:30am,CAD,NHPI m/m,Non-economic,-0.2%,0.1%,0.2%,2024-07-24 07:30:00
2024-07-24,7:30am,USD,Goods Trade Balance,Non-economic,-96.8B,-98.8B,-99.4B,2024-07-24 07:30:00
2024-07-24,7:30am,USD,Prelim Wholesale Inventories m/m,Non-economic,0.2%,0.5%,0.6%,2024-07-24 07:30:00
2024-07-24,8:45am,CAD,BOC Monetary Policy Report,High,,,,2024-07-24 08:45:00
2024-07-24,8:45am,CAD,BOC Rate Statement,High,,,,2024-07-24 08:45:00
2024-07-24,8:45am,CAD,Overnight Rate,High,4.50%,4.50%,4.75%,2024-07-24 08:45:00
2024-07-24,8:45am,USD,Flash Manufacturing PMI,High,49.5,51.7,51.6,2024-07-24 08:45:00
2024-07-24,8:45am,USD,Flash Services PMI,High,56.0,54.7,55.3,2024-07-24 08:45:00
2024-07-24,9:00am,USD,New Home Sales,Medium,617K,639K,621K,2024-07-24 09:00:00
2024-07-24,9:30am,CAD,BOC Press Conference,High,,,,2024-07-24 09:30:00
2024-07-24,9:30am,USD,Crude Oil Inventories,Non-economic,-3.7M,-2.6M,-4.9M,2024-07-24 09:30:00
2024-07-24,3:05pm,USD,FOMC Member Bowman Speaks,Non-economic,,,,2024-07-24 15:05:00
2024-07-24,3:05pm,USD,FOMC Member Logan Speaks,Non-economic,,,,2024-07-24 15:05:00
2024-07-24,6:50pm,JPY,SPPI y/y,Non-economic,3.0%,2.6%,2.7%,2024-07-24 18:50:00
2024-07-24,7:00pm,USD,President Biden Speaks,Non-economic,,,,2024-07-24 19:00:00
2024-07-25,3:00am,EUR,German ifo Business Climate,Medium,87.0,88.9,88.6,2024-07-25 03:00:00
2024-07-25,3:00am,EUR,M3 Money Supply y/y,Non-economic,2.2%,1.9%,1.5%,2024-07-25 03:00:00
2024-07-25,3:00am,EUR,Private Loans y/y,Non-economic,0.3%,0.5%,0.3%,2024-07-25 03:00:00
2024-07-25,5:00am,GBP,CBI Industrial Order Expectations,Non-economic,-32,-19,-18,2024-07-25 05:00:00
2024-07-25,7:30am,USD,Advance GDP q/q,High,2.8%,2.0%,1.4%,2024-07-25 07:30:00
2024-07-25,7:30am,USD,Unemployment Claims,High,235K,237K,245K,2024-07-25 07:30:00
2024-07-25,7:30am,USD,Advance GDP Price Index q/q,Medium,2.3%,2.6%,3.1%,2024-07-25 07:30:00
2024-07-25,7:30am,USD,Core Durable Goods Orders m/m,Medium,0.5%,0.2%,-0.1%,2024-07-25 07:30:00
2024-07-25,7:30am,USD,Durable Goods Orders m/m,Medium,-6.6%,0.3%,0.1%,2024-07-25 07:30:00
2024-07-25,8:00am,CNY,CB Leading Index m/m,Non-economic,-0.7%,,-0.5%,2024-07-25 08:00:00
2024-07-25,8:00am,EUR,Belgian NBB Business Climate,Non-economic,-12.3,-11.0,-11.1,2024-07-25 08:00:00
2024-07-25,9:30am,USD,Natural Gas Storage,Non-economic,22B,13B,10B,2024-07-25 09:30:00
2024-07-25,10:00am,EUR,ECB President Lagarde Speaks,Medium,,,,2024-07-25 10:00:00
2024-07-25,Day 1,All,G20 Meetings,Medium,,,,2024-07-25 00:00:00
2024-07-25,6:30pm,JPY,Tokyo Core CPI y/y,Medium,2.2%,2.2%,2.1%,2024-07-25 18:30:00
2024-07-26,2:00am,EUR,Spanish Unemployment Rate,Non-economic,11.3%,11.4%,12.3%,2024-07-26 02:00:00
2024-07-26,7:30am,USD,Core PCE Price Index m/m,High,0.2%,0.2%,0.1%,2024-07-26 07:30:00
2024-07-26,7:30am,USD,Personal Income m/m,Non-economic,0.2%,0.4%,0.4%,2024-07-26 07:30:00
2024-07-26,7:30am,USD,Personal Spending m/m,Non-economic,0.3%,0.3%,0.4%,2024-07-26 07:30:00
2024-07-26,9:00am,USD,Revised UoM Consumer Sentiment,Medium,66.4,66.3,66.0,2024-07-26 09:00:00
2024-07-26,9:00am,USD,Revised UoM Inflation Expectations,Non-economic,2.9%,,2.9%,2024-07-26 09:00:00
2024-07-26,Day 2,All,G20 Meetings,Medium,,,,2024-07-26 00:00:00
2024-07-29,3:30am,GBP,M4 Money Supply m/m,Non-economic,0.5%,0.2%,-0.1%,2024-07-29 03:30:00
2024-07-29,3:30am,GBP,Mortgage Approvals,Non-economic,60K,60K,60K,2024-07-29 03:30:00
2024-07-29,3:30am,GBP,Net Lending to Individuals m/m,Non-economic,3.8B,2.2B,2.8B,2024-07-29 03:30:00
2024-07-29,5:00am,GBP,CBI Realized Sales,Non-economic,-43,-20,-24,2024-07-29 05:00:00
2024-07-29,6:01pm,GBP,BRC Shop Price Index y/y,Non-economic,0.2%,,0.2%,2024-07-29 18:01:00
2024-07-29,6:30pm,JPY,Unemployment Rate,Non-economic,2.5%,2.6%,2.6%,2024-07-29 18:30:00
2024-07-29,8:30pm,AUD,Building Approvals m/m,Non-economic,-6.5%,-2.1%,5.7%,2024-07-29 20:30:00
2024-07-30,12:30am,EUR,French Consumer Spending m/m,Non-economic,-0.5%,-0.2%,0.8%,2024-07-30 00:30:00
2024-07-30,12:30am,EUR,French Flash GDP q/q,Non-economic,0.3%,0.2%,0.3%,2024-07-30 00:30:00
2024-07-30,All Day,EUR,German Prelim CPI m/m,High,0.3%,0.3%,0.1%,2024-07-30 00:00:00
2024-07-30,2:00am,CHF,KOF Economic Barometer,Non-economic,101.0,102.6,102.7,2024-07-30 02:00:00
2024-07-30,2:00am,EUR,Spanish Flash CPI y/y,Medium,2.8%,3.0%,3.4%,2024-07-30 02:00:00
2024-07-30,2:00am,EUR,Spanish Flash GDP q/q,Non-economic,0.8%,0.5%,0.8%,2024-07-30 02:00:00
2024-07-30,3:00am,EUR,Italian Prelim GDP q/q,Non-economic,0.2%,0.2%,0.3%,2024-07-30 03:00:00
2024-07-30,3:00am,EUR,German Prelim GDP q/q,Non-economic,-0.1%,0.1%,0.2%,2024-07-30 03:00:00
2024-07-30,4:00am,EUR,Prelim Flash GDP q/q,Non-economic,0.3%,0.2%,0.3%,2024-07-30 04:00:00
2024-07-30,4:03am,GBP,10-y Bond Auction,Non-economic,4.08|2.9,,4.07|3.5,2024-07-30 04:03:00
2024-07-30,4:18am,EUR,Italian 10-y Bond Auction,Non-economic,3.76|1.4,,4.01|1.4,2024-07-30 04:18:00
2024-07-30,8:00am,USD,S&P/CS Composite-20 HPI y/y,Medium,6.8%,6.5%,7.3%,2024-07-30 08:00:00
2024-07-30,8:00am,USD,HPI m/m,Non-economic,0.0%,0.2%,0.3%,2024-07-30 08:00:00
2024-07-30,9:00am,USD,CB Consumer Confidence,High,100.3,99.7,97.8,2024-07-30 09:00:00
2024-07-30,9:00am,USD,JOLTS Job Openings,High,8.18M,8.02M,8.23M,2024-07-30 09:00:00
2024-07-30,3:30pm,USD,API Weekly Statistical Bulletin,Non-economic,,,,2024-07-30 15:30:00
2024-07-30,5:45pm,NZD,Building Consents m/m,Non-economic,-13.8%,,-1.9%,2024-07-30 17:45:00
2024-07-30,6:50pm,JPY,Prelim Industrial Production m/m,Non-economic,-3.6%,-4.2%,3.6%,2024-07-30 18:50:00
2024-07-30,6:50pm,JPY,Retail Sales y/y,Non-economic,3.7%,3.3%,2.8%,2024-07-30 18:50:00
2024-07-30,8:00pm,NZD,ANZ Business Confidence,Non-economic,27.1,,6.1,2024-07-30 20:00:00
2024-07-30,8:30pm,AUD,CPI m/m,High,1.0%,1.0%,1.0%,2024-07-30 20:30:00
2024-07-30,8:30pm,AUD,CPI y/y,High,3.8%,3.8%,4.0%,2024-07-30 20:30:00
2024-07-30,8:30pm,AUD,Trimmed Mean CPI m/m,High,0.8%,1.0%,1.0%,2024-07-30 20:30:00
2024-07-30,8:30pm,AUD,Retail Sales m/m,Medium,0.5%,0.2%,0.6%,2024-07-30 20:30:00
2024-07-30,8:30pm,AUD,Private Sector Credit m/m,Non-economic,0.6%,0.4%,0.4%,2024-07-30 20:30:00
2024-07-30,8:30pm,CNY,Manufacturing PMI,High,49.4,49.4,49.5,2024-07-30 20:30:00
2024-07-30,8:30pm,CNY,Non-Manufacturing PMI,Medium,50.2,50.3,50.5,2024-07-30 20:30:00
2024-07-30,10:57pm,JPY,BOJ Outlook Report,High,,,,2024-07-30 22:57:00
2024-07-30,10:57pm,JPY,BOJ Policy Rate,High,<0.25%,<0.10%,<0.10%,2024-07-30 22:57:00
2024-07-30,10:57pm,JPY,Monetary Policy Statement,High,,,,2024-07-30 22:57:00
2024-07-30,11:59pm,JPY,Consumer Confidence,Non-economic,36.7,36.5,36.4,2024-07-30 23:59:00
2024-07-31,12:00am,JPY,Housing Starts y/y,Non-economic,-6.7%,-2.3%,-5.3%,2024-07-31 00:00:00
2024-07-31,1:00am,EUR,German Import Prices m/m,Non-economic,0.4%,0.1%,0.0%,2024-07-31 01:00:00
2024-07-31,1:30am,JPY,BOJ Press Conference,High,,,,2024-07-31 01:30:00
2024-07-31,1:45am,EUR,French Prelim CPI m/m,Non-economic,0.1%,0.3%,0.1%,2024-07-31 01:45:00
2024-07-31,2:55am,EUR,German Unemployment Change,Non-economic,18K,16K,20K,2024-07-31 02:55:00
2024-07-31,3:00am,CHF,UBS Economic Expectations,Non-economic,9.4,,17.5,2024-07-31 03:00:00
2024-07-31,3:41am,EUR,Italian Prelim CPI m/m,Non-economic,0.5%,0.3%,0.1%,2024-07-31 03:41:00
2024-07-31,4:00am,EUR,Core CPI Flash Estimate y/y,High,2.9%,2.8%,2.9%,2024-07-31 04:00:00
2024-07-31,4:00am,EUR,CPI Flash Estimate y/y,High,2.6%,2.5%,2.5%,2024-07-31 04:00:00
2024-07-31,7:15am,USD,ADP Non-Farm Employment Change,High,122K,147K,155K,2024-07-31 07:15:00
2024-07-31,7:30am,CAD,GDP m/m,High,0.2%,0.1%,0.3%,2024-07-31 07:30:00
2024-07-31,7:30am,USD,Employment Cost Index q/q,High,0.9%,1.0%,1.2%,2024-07-31 07:30:00
2024-07-31,8:45am,USD,Chicago PMI,Medium,45.3,44.8,47.4,2024-07-31 08:45:00
2024-07-31,9:00am,USD,Pending Home Sales m/m,High,4.8%,1.4%,-1.9%,2024-07-31 09:00:00
2024-07-31,9:30am,USD,Crude Oil Inventories,Non-economic,-3.4M,-1.6M,-3.7M,2024-07-31 09:30:00
2024-07-31,1:00pm,USD,Federal Funds Rate,High,5.50%,5.50%,5.50%,2024-07-31 13:00:00
2024-07-31,1:00pm,USD,FOMC Statement,High,,,,2024-07-31 13:00:00
2024-07-31,1:30pm,USD,FOMC Press Conference,High,,,,2024-07-31 13:30:00
2024-07-31,7:30pm,JPY,Final Manufacturing PMI,Non-economic,49.1,49.2,49.2,2024-07-31 19:30:00
2024-07-31,8:30pm,AUD,Goods Trade Balance,Non-economic,5.59B,5.08B,5.05B,2024-07-31 20:30:00
2024-07-31,8:30pm,AUD,Import Prices q/q,Non-economic,1.0%,-0.9%,-1.8%,2024-07-31 20:30:00
2024-07-31,8:45pm,CNY,RatingDog Manufacturing PMI,Non-economic,49.8,51.4,51.8,2024-07-31 20:45:00
2024-08-01,All Day,CHF,Bank Holiday,Low,,,,2024-08-01 00:00:00
2024-08-01,1:00am,GBP,Nationwide HPI m/m,Non-economic,0.3%,0.1%,0.2%,2024-08-01 01:00:00
2024-08-01,1:30am,AUD,Commodity Prices y/y,Non-economic,-3.0%,,-3.5%,2024-08-01 01:30:00
2024-08-01,2:15am,EUR,Spanish Manufacturing PMI,Non-economic,51.0,52.5,52.3,2024-08-01 02:15:00
2024-08-01,2:45am,EUR,Italian Manufacturing PMI,Non-economic,47.4,46.0,45.7,2024-08-01 02:45:00
2024-08-01,2:50am,EUR,French Final Manufacturing PMI,Non-economic,44.0,44.1,44.1,2024-08-01 02:50:00
2024-08-01,2:55am,EUR,German Final Manufacturing PMI,Non-economic,43.2,42.6,42.6,2024-08-01 02:55:00
2024-08-01,3:00am,EUR,ECB Economic Bulletin,Non-economic,,,,2024-08-01 03:00:00
2024-08-01,3:00am,EUR,Final Manufacturing PMI,Non-economic,45.8,45.6,45.6,2024-08-01 03:00:00
2024-08-01,3:00am,EUR,Italian Monthly Unemployment Rate,Non-economic,7.0%,6.8%,6.9%,2024-08-01 03:00:00
2024-08-01,3:30am,GBP,Final Manufacturing PMI,Non-economic,52.1,51.8,51.8,2024-08-01 03:30:00
2024-08-01,3:50am,EUR,Spanish 10-y Bond Auction,Non-economic,3.11|1.5,,3.19|1.4,2024-08-01 03:50:00
2024-08-01,4:00am,EUR,Unemployment Rate,Non-economic,6.5%,6.4%,6.4%,2024-08-01 04:00:00
2024-08-01,4:02am,EUR,French 10-y Bond Auction,Non-economic,3.01|2.2,,3.23|2.4,2024-08-01 04:02:00
2024-08-01,All Day,All,OPEC-JMMC Meetings,Medium,,,,2024-08-01 00:00:00
2024-08-01,6:00am,GBP,BOE Monetary Policy Report,High,,,,2024-08-01 06:00:00
2024-08-01,6:00am,GBP,Monetary Policy Summary,High,,,,2024-08-01 06:00:00
2024-08-01,6:00am,GBP,MPC Official Bank Rate Votes,High,0-5-4,0-6-3,0-2-7,2024-08-01 06:00:00
2024-08-01,6:00am,GBP,Official Bank Rate,High,5.00%,5.00%,5.25%,2024-08-01 06:00:00
2024-08-01,6:30am,GBP,BOE Gov Bailey Speaks,High,,,,2024-08-01 06:30:00
2024-08-01,6:30am,USD,Challenger Job Cuts y/y,Non-economic,9.2%,,19.8%,2024-08-01 06:30:00
2024-08-01,7:30am,USD,Unemployment Claims,High,249K,236K,235K,2024-08-01 07:30:00
2024-08-01,7:30am,USD,Prelim Nonfarm Productivity q/q,Non-economic,2.3%,1.7%,0.2%,2024-08-01 07:30:00
2024-08-01,7:30am,USD,Prelim Unit Labor Costs q/q,Non-economic,0.9%,1.8%,4.0%,2024-08-01 07:30:00
2024-08-01,8:30am,CAD,Manufacturing PMI,Non-economic,47.8,,49.3,2024-08-01 08:30:00
2024-08-01,8:45am,USD,Final Manufacturing PMI,Medium,49.6,49.5,49.5,2024-08-01 08:45:00
2024-08-01,9:00am,USD,ISM Manufacturing PMI,High,46.8,48.8,48.5,2024-08-01 09:00:00
2024-08-01,9:00am,USD,ISM Manufacturing Prices,Medium,52.9,51.9,52.1,2024-08-01 09:00:00
2024-08-01,9:00am,USD,Construction Spending m/m,Non-economic,-0.3%,0.2%,-0.4%,2024-08-01 09:00:00
2024-08-01,All Day,USD,Wards Total Vehicle Sales,Non-economic,15.8M,16.1M,15.3M,2024-08-01 00:00:00
2024-08-01,9:30am,USD,Natural Gas Storage,Non-economic,18B,30B,22B,2024-08-01 09:30:00
2024-08-01,11:15am,GBP,MPC Member Pill Speaks,Medium,,,,2024-08-01 11:15:00
2024-08-01,6:50pm,JPY,Monetary Base y/y,Non-economic,1.0%,0.9%,0.6%,2024-08-01 18:50:00
2024-08-01,8:30pm,AUD,Household Spending m/m,Non-economic,-0.5%,,1.0%,2024-08-01 20:30:00
2024-08-01,8:30pm,AUD,PPI q/q,Non-economic,1.0%,1.0%,0.9%,2024-08-01 20:30:00
2024-08-02,1:30am,CHF,CPI m/m,High,-0.2%,-0.2%,0.0%,2024-08-02 01:30:00
2024-08-02,1:45am,EUR,French Gov Budget Balance,Non-economic,-103.5B,,-113.5B,2024-08-02 01:45:00
2024-08-02,1:45am,EUR,French Industrial Production m/m,Non-economic,0.8%,1.0%,-2.2%,2024-08-02 01:45:00
2024-08-02,2:00am,EUR,Spanish Unemployment Change,Non-economic,-10.8K,-17.4K,-46.8K,2024-08-02 02:00:00
2024-08-02,2:30am,CHF,Manufacturing PMI,Non-economic,43.5,44.4,43.9,2024-08-02 02:30:00
2024-08-02,3:00am,EUR,Italian Industrial Production m/m,Non-economic,0.5%,0.0%,0.5%,2024-08-02 03:00:00
2024-08-02,4:00am,EUR,Italian Retail Sales m/m,Non-economic,-0.2%,0.2%,0.4%,2024-08-02 04:00:00
2024-08-02,6:15am,GBP,MPC Member Pill Speaks,Non-economic,,,,2024-08-02 06:15:00
2024-08-02,7:30am,USD,Average Hourly Earnings m/m,High,0.2%,0.3%,0.3%,2024-08-02 07:30:00
2024-08-02,7:30am,USD,Non-Farm Employment Change,High,114K,176K,179K,2024-08-02 07:30:00
2024-08-02,7:30am,USD,Unemployment Rate,High,4.3%,4.1%,4.1%,2024-08-02 07:30:00
2024-08-02,9:00am,USD,Factory Orders m/m,Non-economic,-3.3%,-2.7%,-0.5%,2024-08-02 09:00:00
2024-08-04,All Day,AUD,Bank Holiday,Low,,,,2024-08-04 00:00:00
2024-08-04,6:50pm,JPY,Monetary Policy Meeting Minutes,Non-economic,,,,2024-08-04 18:50:00
2024-08-04,8:00pm,AUD,MI Inflation Gauge m/m,Non-economic,0.4%,,0.3%,2024-08-04 20:00:00
2024-08-04,8:00pm,NZD,ANZ Commodity Prices m/m,Non-economic,-1.7%,,1.5%,2024-08-04 20:00:00
2024-08-04,8:45pm,CNY,RatingDog Services PMI,Non-economic,52.1,51.4,51.2,2024-08-04 20:45:00
2024-08-05,2:15am,EUR,Spanish Services PMI,Non-economic,53.9,53.5,56.8,2024-08-05 02:15:00
2024-08-05,2:45am,EUR,Italian Services PMI,Non-economic,51.7,51.9,53.7,2024-08-05 02:45:00
2024-08-05,2:50am,EUR,French Final Services PMI,Non-economic,50.1,50.7,50.7,2024-08-05 02:50:00
2024-08-05,2:55am,EUR,German Final Services PMI,Non-economic,52.5,52.0,52.0,2024-08-05 02:55:00
2024-08-05,3:00am,EUR,Final Services PMI,Non-economic,51.9,51.9,51.9,2024-08-05 03:00:00
2024-08-05,3:30am,EUR,Sentix Investor Confidence,Non-economic,-13.9,-5.5,-7.3,2024-08-05 03:30:00
2024-08-05,3:30am,GBP,Final Services PMI,Non-economic,52.5,52.4,52.4,2024-08-05 03:30:00
2024-08-05,4:00am,EUR,PPI m/m,Non-economic,0.5%,0.1%,-0.2%,2024-08-05 04:00:00
2024-08-05,All Day,CAD,Bank Holiday,Low,,,,2024-08-05 00:00:00
2024-08-05,7:30am,USD,FOMC Member Goolsbee Speaks,Non-economic,,,,2024-08-05 07:30:00
2024-08-05,8:45am,USD,Final Services PMI,Medium,55.0,56.0,56.0,2024-08-05 08:45:00
2024-08-05,9:00am,USD,ISM Services PMI,High,51.4,51.1,48.8,2024-08-05 09:00:00
2024-08-05,1:00pm,USD,Loan Officer Survey,Non-economic,,,,2024-08-05 13:00:00
2024-08-05,4:00pm,USD,FOMC Member Daly Speaks,Non-economic,,,,2024-08-05 16:00:00
2024-08-05,6:01pm,GBP,BRC Retail Sales Monitor y/y,Non-economic,0.3%,0.3%,-0.5%,2024-08-05 18:01:00
2024-08-05,6:30pm,JPY,Average Cash Earnings y/y,Non-economic,4.5%,2.5%,2.0%,2024-08-05 18:30:00
2024-08-05,6:30pm,JPY,Household Spending y/y,Non-economic,-1.4%,-0.9%,-1.8%,2024-08-05 18:30:00
2024-08-05,8:57pm,AUD,ANZ Job Advertisements m/m,Non-economic,-3.0%,,-2.7%,2024-08-05 20:57:00
2024-08-05,10:35pm,JPY,10-y Bond Auction,Non-economic,0.93|3.0,,1.09|3.2,2024-08-05 22:35:00
2024-08-05,11:30pm,AUD,Cash Rate,High,4.35%,4.35%,4.35%,2024-08-05 23:30:00
2024-08-05,11:30pm,AUD,RBA Monetary Policy Statement,High,,,,2024-08-05 23:30:00
2024-08-05,11:30pm,AUD,RBA Rate Statement,High,,,,2024-08-05 23:30:00
2024-08-06,12:30am,AUD,RBA Press Conference,Medium,,,,2024-08-06 00:30:00
2024-08-06,12:45am,CHF,Unemployment Rate,Non-economic,2.5%,2.5%,2.4%,2024-08-06 00:45:00
2024-08-06,1:00am,EUR,German Factory Orders m/m,Non-economic,3.9%,0.4%,-1.7%,2024-08-06 01:00:00
2024-08-06,1:30am,CHF,Retail Sales y/y,Non-economic,-2.2%,0.5%,-0.2%,2024-08-06 01:30:00
2024-08-06,1:45am,EUR,French Prelim Private Payrolls q/q,Non-economic,0.0%,0.2%,0.3%,2024-08-06 01:45:00
2024-08-06,3:30am,GBP,Construction PMI,Medium,55.3,52.5,52.2,2024-08-06 03:30:00
2024-08-06,4:00am,EUR,Retail Sales m/m,Non-economic,-0.3%,0.0%,0.1%,2024-08-06 04:00:00
2024-08-06,7:30am,CAD,Trade Balance,Non-economic,0.6B,-2.0B,-1.6B,2024-08-06 07:30:00
2024-08-06,7:30am,USD,Trade Balance,Non-economic,-73.1B,-72.5B,-75.0B,2024-08-06 07:30:00
2024-08-06,9:05am,USD,RCM/TIPP Economic Optimism,Non-economic,44.5,45.0,44.2,2024-08-06 09:05:00
2024-08-06,9:57am,NZD,GDT Price Index,Non-economic,0.5%,,0.4%,2024-08-06 09:57:00
2024-08-06,3:30pm,USD,API Weekly Statistical Bulletin,Non-economic,,,,2024-08-06 15:30:00
2024-08-06,5:45pm,NZD,Employment Change q/q,High,0.4%,-0.2%,-0.3%,2024-08-06 17:45:00
2024-08-06,5:45pm,NZD,Unemployment Rate,High,4.6%,4.7%,4.4%,2024-08-06 17:45:00
2024-08-06,5:45pm,NZD,Labor Cost Index q/q,Non-economic,0.9%,0.8%,0.8%,2024-08-06 17:45:00
2024-08-06,6:00pm,AUD,RBA Assist Gov Hunter Speaks,Non-economic,,,,2024-08-06 18:00:00
2024-08-06,10:12pm,CNY,Trade Balance,Non-economic,602B,693B,704B,2024-08-06 22:12:00
2024-08-06,10:13pm,CNY,USD-Denominated Trade Balance,Non-economic,84.7B,97.5B,99.1B,2024-08-06 22:13:00
2024-08-07,12:00am,JPY,Leading Indicators,Non-economic,108.6%,109.0%,111.2%,2024-08-07 00:00:00
2024-08-07,1:00am,EUR,German Industrial Production m/m,Non-economic,1.4%,1.0%,-3.1%,2024-08-07 01:00:00
2024-08-07,1:00am,EUR,German Trade Balance,Non-economic,20.4B,21.7B,25.3B,2024-08-07 01:00:00
2024-08-07,1:00am,GBP,Halifax HPI m/m,Non-economic,0.8%,0.2%,0.0%,2024-08-07 01:00:00
2024-08-07,1:45am,EUR,French Trade Balance,Non-economic,-6.1B,-7.5B,-7.7B,2024-08-07 01:45:00
2024-08-07,2:00am,CHF,Foreign Currency Reserves,Non-economic,704B,,712B,2024-08-07 02:00:00
2024-08-07,9:00am,CAD,Ivey PMI,Medium,57.6,60.0,62.5,2024-08-07 09:00:00
2024-08-07,9:30am,USD,Crude Oil Inventories,Non-economic,-3.7M,-1.6M,-3.4M,2024-08-07 09:30:00
2024-08-07,12:01pm,USD,10-y Bond Auction,Medium,3.96|2.3,,4.28|2.6,2024-08-07 12:01:00
2024-08-07,12:30pm,CAD,BOC Summary of Deliberations,Non-economic,,,,2024-08-07 12:30:00
2024-08-07,2:00pm,USD,Consumer Credit m/m,Non-economic,8.9B,9.8B,13.9B,2024-08-07 14:00:00
2024-08-07,6:01pm,GBP,RICS House Price Balance,Non-economic,-19%,-12%,-17%,2024-08-07 18:01:00
2024-08-07,6:50pm,JPY,Bank Lending y/y,Non-economic,3.2%,3.2%,3.2%,2024-08-07 18:50:00
2024-08-07,6:50pm,JPY,BOJ Summary of Opinions,Non-economic,,,,2024-08-07 18:50:00
2024-08-07,6:50pm,JPY,Current Account,Non-economic,1.78T,2.34T,2.41T,2024-08-07 18:50:00
2024-08-07,9:40pm,AUD,RBA Gov Bullock Speaks,High,,,,2024-08-07 21:40:00
2024-08-07,10:00pm,NZD,Inflation Expectations q/q,High,2.03%,,2.33%,2024-08-07 22:00:00
2024-08-07,10:35pm,JPY,30-y Bond Auction,Non-economic,2.23|3.5,,2.19|3.0,2024-08-07 22:35:00
2024-08-08,12:00am,JPY,Economy Watchers Sentiment,Non-economic,47.5,47.4,47.0,2024-08-08 00:00:00
2024-08-08,7:30am,USD,Unemployment Claims,High,233K,241K,250K,2024-08-08 07:30:00
2024-08-08,9:00am,USD,Final Wholesale Inventories m/m,Non-economic,0.2%,0.2%,0.2%,2024-08-08 09:00:00
2024-08-08,9:30am,USD,Natural Gas Storage,Non-economic,21B,22B,18B,2024-08-08 09:30:00
2024-08-08,12:01pm,USD,30-y Bond Auction,Medium,4.31|2.3,,4.41|2.3,2024-08-08 12:01:00
2024-08-08,2:00pm,USD,FOMC Member Barkin Speaks,Non-economic,,,,2024-08-08 14:00:00
2024-08-08,6:50pm,JPY,M2 Money Stock y/y,Non-economic,1.4%,1.6%,1.5%,2024-08-08 18:50:00
2024-08-08,8:30pm,CNY,CPI y/y,Medium,0.5%,0.3%,0.2%,2024-08-08 20:30:00
2024-08-08,8:30pm,CNY,PPI y/y,Medium,-0.8%,-0.9%,-0.8%,2024-08-08 20:30:00
2024-08-09,1:00am,EUR,German Final CPI m/m,Non-economic,0.3%,0.3%,0.3%,2024-08-09 01:00:00
2024-08-09,2:00am,CHF,SECO Consumer Climate,Non-economic,-32,-36,-37,2024-08-09 02:00:00
2024-08-09,4:00am,EUR,Italian Trade Balance,Non-economic,5.07B,5.55B,6.38B,2024-08-09 04:00:00
2024-08-09,7:30am,CAD,Employment Change,High,-2.8K,26.9K,-1.4K,2024-08-09 07:30:00
2024-08-09,7:30am,CAD,Unemployment Rate,High,6.4%,6.5%,6.4%,2024-08-09 07:30:00
2024-08-11,All Day,JPY,Bank Holiday,Low,,,,2024-08-11 00:00:00
2024-08-11,9:00pm,AUD,RBA Deputy Gov Hauser Speaks,Non-economic,,,,2024-08-11 21:00:00
2024-08-12,1:00am,EUR,German WPI m/m,Non-economic,0.3%,0.2%,-0.3%,2024-08-12 01:00:00
2024-08-12,7:30am,CAD,Building Permits m/m,Non-economic,-13.9%,5.6%,-12.7%,2024-08-12 07:30:00
2024-08-12,8:56am,USD,Cleveland Fed Inflation Expectations,Non-economic,3.4%,,3.8%,2024-08-12 08:56:00
2024-08-12,1:00pm,USD,Federal Budget Balance,Non-economic,-243.7B,-238.1B,-66.0B,2024-08-12 13:00:00
2024-08-12,5:45pm,NZD,Visitor Arrivals m/m,Non-economic,-0.2%,,4.0%,2024-08-12 17:45:00
2024-08-12,6:50pm,JPY,PPI y/y,Non-economic,3.0%,3.0%,2.9%,2024-08-12 18:50:00
2024-08-12,7:30pm,AUD,Westpac Consumer Sentiment,Non-economic,2.8%,,-1.1%,2024-08-12 19:30:00
2024-08-12,8:30pm,AUD,Wage Price Index q/q,High,0.8%,0.9%,0.9%,2024-08-12 20:30:00
2024-08-12,8:30pm,AUD,NAB Business Confidence,Non-economic,1,,3,2024-08-12 20:30:00
2024-08-13,12:58am,JPY,Prelim Machine Tool Orders y/y,Non-economic,8.4%,,9.7%,2024-08-13 00:58:00
2024-08-13,1:00am,GBP,Claimant Count Change,High,135.0K,14.5K,36.2K,2024-08-13 01:00:00
2024-08-13,1:00am,GBP,Average Earnings Index 3m/y,Medium,4.5%,4.6%,5.7%,2024-08-13 01:00:00
2024-08-13,1:00am,GBP,Unemployment Rate,Non-economic,4.2%,4.5%,4.4%,2024-08-13 01:00:00
2024-08-13,4:00am,EUR,German ZEW Economic Sentiment,Non-economic,19.2,32.6,41.8,2024-08-13 04:00:00
2024-08-13,4:00am,EUR,ZEW Economic Sentiment,Non-economic,17.9,35.4,43.7,2024-08-13 04:00:00
2024-08-13,4:02am,CNY,M2 Money Supply y/y,Non-economic,6.3%,6.0%,6.2%,2024-08-13 04:02:00
2024-08-13,4:03am,CNY,New Loans,Medium,260B,1280B,2130B,2024-08-13 04:03:00
2024-08-13,4:55am,USD,NFIB Small Business Index,Non-economic,93.7,91.5,91.5,2024-08-13 04:55:00
2024-08-13,7:30am,USD,Core PPI m/m,High,0.0%,0.2%,0.3%,2024-08-13 07:30:00
2024-08-13,7:30am,USD,PPI m/m,High,0.1%,0.2%,0.2%,2024-08-13 07:30:00
2024-08-13,12:15pm,USD,FOMC Member Bostic Speaks,Non-economic,,,,2024-08-13 12:15:00
2024-08-13,3:30pm,USD,API Weekly Statistical Bulletin,Non-economic,,,,2024-08-13 15:30:00
2024-08-13,9:00pm,NZD,Official Cash Rate,High,5.25%,5.50%,5.50%,2024-08-13 21:00:00
2024-08-13,9:00pm,NZD,RBNZ Monetary Policy Statement,High,,,,2024-08-13 21:00:00
2024-08-13,9:00pm,NZD,RBNZ Rate Statement,High,,,,2024-08-13 21:00:00
2024-08-13,10:00pm,NZD,RBNZ Press Conference,Medium,,,,2024-08-13 22:00:00
2024-08-14,1:00am,GBP,CPI y/y,High,2.2%,2.3%,2.0%,2024-08-14 01:00:00
2024-08-14,1:00am,GBP,Core CPI y/y,Non-economic,3.3%,3.4%,3.5%,2024-08-14 01:00:00
2024-08-14,1:00am,GBP,PPI Input m/m,Non-economic,-0.1%,-0.3%,-0.4%,2024-08-14 01:00:00
2024-08-14,1:00am,GBP,PPI Output m/m,Non-economic,0.0%,0.1%,-0.7%,2024-08-14 01:00:00
2024-08-14,1:00am,GBP,RPI y/y,Non-economic,3.6%,3.4%,2.9%,2024-08-14 01:00:00
2024-08-14,1:45am,EUR,French Final CPI m/m,Non-economic,0.2%,0.1%,0.1%,2024-08-14 01:45:00
2024-08-14,3:30am,GBP,HPI y/y,Non-economic,2.7%,2.6%,2.7%,2024-08-14 03:30:00
2024-08-14,4:00am,EUR,Flash Employment Change q/q,Non-economic,0.2%,0.2%,0.3%,2024-08-14 04:00:00
2024-08-14,4:00am,EUR,Flash GDP q/q,Non-economic,0.3%,0.3%,0.3%,2024-08-14 04:00:00
2024-08-14,4:00am,EUR,Industrial Production m/m,Non-economic,-0.1%,0.4%,-0.9%,2024-08-14 04:00:00
2024-08-14,4:34am,EUR,German 30-y Bond Auction,Non-economic,2.45|2.8,,2.59|2.6,2024-08-14 04:34:00
2024-08-14,7:30am,USD,Core CPI m/m,High,0.2%,0.2%,0.1%,2024-08-14 07:30:00
2024-08-14,7:30am,USD,CPI m/m,High,0.2%,0.2%,-0.1%,2024-08-14 07:30:00
2024-08-14,7:30am,USD,CPI y/y,High,2.9%,3.0%,3.0%,2024-08-14 07:30:00
2024-08-14,9:30am,USD,Crude Oil Inventories,Non-economic,1.4M,-1.9M,-3.7M,2024-08-14 09:30:00
2024-08-14,1:00pm,NZD,RBNZ Gov Orr Speaks,Medium,,,,2024-08-14 13:00:00
2024-08-14,2:30pm,NZD,RBNZ Gov Orr Speaks,Medium,,,,2024-08-14 14:30:00
2024-08-14,5:45pm,NZD,FPI m/m,Non-economic,0.4%,,1.0%,2024-08-14 17:45:00
2024-08-14,6:10pm,NZD,RBNZ Gov Orr Speaks,Medium,,,,2024-08-14 18:10:00
2024-08-14,6:50pm,JPY,Prelim GDP Price Index y/y,Non-economic,3.0%,2.6%,3.4%,2024-08-14 18:50:00
2024-08-14,6:50pm,JPY,Prelim GDP q/q,Non-economic,0.8%,0.6%,-0.5%,2024-08-14 18:50:00
2024-08-14,8:00pm,AUD,MI Inflation Expectations,Non-economic,4.5%,,4.3%,2024-08-14 20:00:00
2024-08-14,8:30pm,AUD,Employment Change,High,58.2K,20.2K,52.3K,2024-08-14 20:30:00
2024-08-14,8:30pm,AUD,Unemployment Rate,High,4.2%,4.1%,4.1%,2024-08-14 20:30:00
2024-08-14,8:30pm,CNY,New Home Prices m/m,Non-economic,-0.65%,,-0.67%,2024-08-14 20:30:00
2024-08-14,9:00pm,CNY,Industrial Production y/y,Medium,5.1%,5.2%,5.3%,2024-08-14 21:00:00
2024-08-14,9:00pm,CNY,Retail Sales y/y,Medium,2.7%,2.6%,2.0%,2024-08-14 21:00:00
2024-08-14,9:00pm,CNY,Fixed Asset Investment ytd/y,Non-economic,3.6%,3.9%,3.9%,2024-08-14 21:00:00
2024-08-14,9:00pm,CNY,NBS Press Conference,Non-economic,,,,2024-08-14 21:00:00
2024-08-14,9:00pm,CNY,Unemployment Rate,Non-economic,5.2%,5.1%,5.0%,2024-08-14 21:00:00
2024-08-14,11:30pm,JPY,Revised Industrial Production m/m,Non-economic,-4.2%,-3.6%,-3.6%,2024-08-14 23:30:00
2024-08-15,1:00am,GBP,GDP m/m,High,0.0%,0.0%,0.4%,2024-08-15 01:00:00
2024-08-15,1:00am,GBP,Prelim GDP q/q,Medium,0.6%,0.6%,0.7%,2024-08-15 01:00:00
2024-08-15,1:00am,GBP,Construction Output m/m,Non-economic,0.5%,-0.3%,1.7%,2024-08-15 01:00:00
2024-08-15,1:00am,GBP,Goods Trade Balance,Non-economic,-18.9B,-16.0B,-18.6B,2024-08-15 01:00:00
2024-08-15,1:00am,GBP,Index of Services 3m/3m,Non-economic,0.8%,0.9%,1.1%,2024-08-15 01:00:00
2024-08-15,1:00am,GBP,Industrial Production m/m,Non-economic,0.8%,0.1%,0.3%,2024-08-15 01:00:00
2024-08-15,1:00am,GBP,Manufacturing Production m/m,Non-economic,1.1%,0.2%,0.3%,2024-08-15 01:00:00
2024-08-15,1:00am,GBP,Prelim Business Investment q/q,Non-economic,-0.1%,0.4%,0.5%,2024-08-15 01:00:00
2024-08-15,All Day,EUR,French Bank Holiday,Low,,,,2024-08-15 00:00:00
2024-08-15,All Day,EUR,Italian Bank Holiday,Low,,,,2024-08-15 00:00:00
2024-08-15,1:30am,CHF,PPI m/m,Non-economic,0.0%,0.2%,0.0%,2024-08-15 01:30:00
2024-08-15,6:02am,GBP,NIESR GDP Estimate,Non-economic,0.5%,,0.6%,2024-08-15 06:02:00
2024-08-15,7:30am,CAD,Wholesale Sales m/m,Non-economic,-0.6%,-0.6%,-1.2%,2024-08-15 07:30:00
2024-08-15,7:30am,USD,Core Retail Sales m/m,High,0.4%,0.1%,0.5%,2024-08-15 07:30:00
2024-08-15,7:30am,USD,Retail Sales m/m,High,1.0%,0.4%,-0.2%,2024-08-15 07:30:00
2024-08-15,7:30am,USD,Unemployment Claims,High,227K,236K,234K,2024-08-15 07:30:00
2024-08-15,7:30am,USD,Empire State Manufacturing Index,Medium,-4.7,-5.9,-6.6,2024-08-15 07:30:00
2024-08-15,7:30am,USD,Philly Fed Manufacturing Index,Medium,-7.0,5.4,13.9,2024-08-15 07:30:00
2024-08-15,7:30am,USD,Import Prices m/m,Non-economic,0.1%,-0.1%,0.0%,2024-08-15 07:30:00
2024-08-15,8:10am,USD,FOMC Member Musalem Speaks,Non-economic,,,,2024-08-15 08:10:00
2024-08-15,8:15am,USD,Capacity Utilization Rate,Non-economic,77.8%,78.5%,78.4%,2024-08-15 08:15:00
2024-08-15,8:15am,USD,Industrial Production m/m,Non-economic,-0.6%,-0.3%,0.3%,2024-08-15 08:15:00
2024-08-15,9:00am,USD,Business Inventories m/m,Non-economic,0.3%,0.3%,0.5%,2024-08-15 09:00:00
2024-08-15,9:00am,USD,NAHB Housing Market Index,Non-economic,39,43,41,2024-08-15 09:00:00
2024-08-15,9:23am,USD,Mortgage Delinquencies,Non-economic,3.97%,,3.94%,2024-08-15 09:23:00
2024-08-15,9:30am,AUD,CB Leading Index m/m,Non-economic,-0.1%,,0.3%,2024-08-15 09:30:00
2024-08-15,9:30am,USD,Natural Gas Storage,Non-economic,-6B,3B,21B,2024-08-15 09:30:00
2024-08-15,12:10pm,USD,FOMC Member Harker Speaks,Non-economic,,,,2024-08-15 12:10:00
2024-08-15,3:00pm,USD,TIC Long-Term Purchases,Non-economic,96.1B,56.3B,-54.1B,2024-08-15 15:00:00
2024-08-15,5:30pm,NZD,BusinessNZ Manufacturing Index,Non-economic,44.0,,41.2,2024-08-15 17:30:00
2024-08-15,5:45pm,NZD,PPI Input q/q,Non-economic,1.4%,0.5%,0.7%,2024-08-15 17:45:00
2024-08-15,5:45pm,NZD,PPI Output q/q,Non-economic,1.1%,0.6%,0.8%,2024-08-15 17:45:00
2024-08-15,6:30pm,AUD,RBA Gov Bullock Speaks,High,,,,2024-08-15 18:30:00
2024-08-15,9:30pm,NZD,RBNZ Gov Orr Speaks,Medium,,,,2024-08-15 21:30:00
2024-08-15,11:30pm,JPY,Tertiary Industry Activity m/m,Non-economic,-1.3%,0.3%,0.6%,2024-08-15 23:30:00
2024-08-16,1:00am,GBP,Retail Sales m/m,High,0.5%,0.6%,-0.9%,2024-08-16 01:00:00
2024-08-16,4:00am,EUR,Trade Balance,Non-economic,17.5B,13.3B,12.4B,2024-08-16 04:00:00
2024-08-16,4:18am,CNY,Foreign Direct Investment ytd/y,Non-economic,-29.6%,,-29.1%,2024-08-16 04:18:00
2024-08-16,7:15am,CAD,Housing Starts,Non-economic,280K,246K,242K,2024-08-16 07:15:00
2024-08-16,7:30am,CAD,Foreign Securities Purchases,Non-economic,5.17B,15.90B,21.07B,2024-08-16 07:30:00
2024-08-16,7:30am,CAD,Manufacturing Sales m/m,Non-economic,-2.1%,-2.3%,0.2%,2024-08-16 07:30:00
2024-08-16,7:30am,USD,Building Permits,Medium,1.40M,1.43M,1.45M,2024-08-16 07:30:00
2024-08-16,7:30am,USD,Housing Starts,Non-economic,1.24M,1.34M,1.33M,2024-08-16 07:30:00
2024-08-16,8:30am,GBP,CB Leading Index m/m,Non-economic,-0.1%,,-0.1%,2024-08-16 08:30:00
2024-08-16,9:00am,USD,Prelim UoM Consumer Sentiment,Medium,67.8,66.7,66.4,2024-08-16 09:00:00
2024-08-16,9:00am,USD,Prelim UoM Inflation Expectations,Medium,2.9%,,2.9%,2024-08-16 09:00:00
2024-08-16,12:25pm,USD,FOMC Member Goolsbee Speaks,Non-economic,,,,2024-08-16 12:25:00
2024-08-18,5:30pm,NZD,BusinessNZ Services Index,Non-economic,44.6,,40.7,2024-08-18 17:30:00
2024-08-18,6:01pm,GBP,Rightmove HPI m/m,Non-economic,-1.5%,,-0.4%,2024-08-18 18:01:00
2024-08-18,6:50pm,JPY,Core Machinery Orders m/m,Non-economic,2.1%,0.9%,-3.2%,2024-08-18 18:50:00
2024-08-19,8:15am,USD,FOMC Member Waller Speaks,Medium,,,,2024-08-19 08:15:00
2024-08-19,9:00am,USD,CB Leading Index m/m,Non-economic,-0.6%,-0.4%,-0.2%,2024-08-19 09:00:00
2024-08-19,5:45pm,NZD,Trade Balance,Non-economic,-963M,331M,585M,2024-08-19 17:45:00
2024-08-19,8:03pm,CNY,1-y Loan Prime Rate,Medium,3.35%,3.35%,3.35%,2024-08-19 20:03:00
2024-08-19,8:03pm,CNY,5-y Loan Prime Rate,Medium,3.85%,3.85%,3.85%,2024-08-19 20:03:00
2024-08-19,8:30pm,AUD,Monetary Policy Meeting Minutes,Medium,,,,2024-08-19 20:30:00
2024-08-20,1:00am,CHF,Trade Balance,Non-economic,4.89B,5.44B,6.12B,2024-08-20 01:00:00
2024-08-20,1:00am,EUR,German PPI m/m,Non-economic,0.2%,0.2%,0.2%,2024-08-20 01:00:00
2024-08-20,3:00am,EUR,Current Account,Non-economic,50.5B,37.0B,37.6B,2024-08-20 03:00:00
2024-08-20,4:00am,EUR,Final Core CPI y/y,Non-economic,2.9%,2.9%,2.9%,2024-08-20 04:00:00
2024-08-20,4:00am,EUR,Final CPI y/y,Non-economic,2.6%,2.6%,2.6%,2024-08-20 04:00:00
2024-08-20,4:30am,CHF,SNB Chairman Jordan Speaks,Medium,,,,2024-08-20 04:30:00
2024-08-20,5:00am,EUR,German Buba Monthly Report,Non-economic,,,,2024-08-20 05:00:00
2024-08-20,7:30am,CAD,CPI m/m,High,0.4%,0.4%,-0.1%,2024-08-20 07:30:00
2024-08-20,7:30am,CAD,Median CPI y/y,High,2.4%,2.5%,2.6%,2024-08-20 07:30:00
2024-08-20,7:30am,CAD,Trimmed CPI y/y,High,2.7%,2.8%,2.8%,2024-08-20 07:30:00
2024-08-20,7:30am,CAD,Common CPI y/y,Medium,2.2%,2.2%,2.3%,2024-08-20 07:30:00
2024-08-20,7:30am,CAD,Core CPI m/m,Non-economic,0.3%,,-0.1%,2024-08-20 07:30:00
2024-08-20,7:30am,CAD,NHPI m/m,Non-economic,0.2%,0.0%,-0.2%,2024-08-20 07:30:00
2024-08-20,10:12am,NZD,GDT Price Index,Non-economic,5.5%,,0.5%,2024-08-20 10:12:00
2024-08-20,12:35pm,USD,FOMC Member Bostic Speaks,Non-economic,,,,2024-08-20 12:35:00
2024-08-20,1:45pm,USD,FOMC Member Barr Speaks,Non-economic,,,,2024-08-20 13:45:00
2024-08-20,3:30pm,USD,API Weekly Statistical Bulletin,Non-economic,,,,2024-08-20 15:30:00
2024-08-20,6:50pm,JPY,Trade Balance,Non-economic,-0.76T,-0.72T,-0.82T,2024-08-20 18:50:00
2024-08-20,7:30pm,AUD,MI Leading Index m/m,Non-economic,0.0%,,0.0%,2024-08-20 19:30:00
2024-08-20,10:00pm,NZD,Credit Card Spending y/y,Non-economic,-3.8%,,-3.1%,2024-08-20 22:00:00
2024-08-21,1:00am,GBP,Public Sector Net Borrowing,Non-economic,2.2B,0.5B,12.6B,2024-08-21 01:00:00
2024-08-21,4:38am,EUR,German 10-y Bond Auction,Non-economic,2.22|2.0,,2.43|1.8,2024-08-21 04:38:00
2024-08-21,7:30am,CAD,IPPI m/m,Non-economic,0.0%,-0.3%,-0.1%,2024-08-21 07:30:00
2024-08-21,7:30am,CAD,RMPI m/m,Non-economic,0.7%,-0.7%,-1.7%,2024-08-21 07:30:00
2024-08-21,9:00am,USD,Prelim Benchmark Payrolls Revision,High,-818K,,-306K,2024-08-21 09:00:00
2024-08-21,9:30am,USD,Crude Oil Inventories,Medium,-4.6M,-2.0M,1.4M,2024-08-21 09:30:00
2024-08-21,1:00pm,USD,FOMC Meeting Minutes,High,,,,2024-08-21 13:00:00
2024-08-21,6:00pm,AUD,Flash Manufacturing PMI,Non-economic,48.7,,47.5,2024-08-21 18:00:00
2024-08-21,6:00pm,AUD,Flash Services PMI,Non-economic,52.2,,50.4,2024-08-21 18:00:00
2024-08-21,7:30pm,JPY,Flash Manufacturing PMI,Non-economic,49.5,49.8,49.1,2024-08-21 19:30:00
2024-08-22,2:15am,EUR,French Flash Manufacturing PMI,High,42.1,44.4,44.0,2024-08-22 02:15:00
2024-08-22,2:15am,EUR,French Flash Services PMI,High,55.0,50.2,50.1,2024-08-22 02:15:00
2024-08-22,2:30am,EUR,German Flash Manufacturing PMI,High,42.1,43.4,43.2,2024-08-22 02:30:00
2024-08-22,2:30am,EUR,German Flash Services PMI,High,51.4,52.3,52.5,2024-08-22 02:30:00
2024-08-22,3:00am,EUR,Flash Manufacturing PMI,Medium,45.6,45.7,45.8,2024-08-22 03:00:00
2024-08-22,3:00am,EUR,Flash Services PMI,Medium,53.3,51.7,51.9,2024-08-22 03:00:00
2024-08-22,3:30am,GBP,Flash Manufacturing PMI,High,52.5,52.1,52.1,2024-08-22 03:30:00
2024-08-22,3:30am,GBP,Flash Services PMI,High,53.3,52.8,52.5,2024-08-22 03:30:00
2024-08-22,5:00am,GBP,CBI Industrial Order Expectations,Non-economic,-22,-26,-32,2024-08-22 05:00:00
2024-08-22,6:30am,EUR,ECB Monetary Policy Meeting Accounts,Non-economic,,,,2024-08-22 06:30:00
2024-08-22,7:30am,USD,Unemployment Claims,High,232K,232K,228K,2024-08-22 07:30:00
2024-08-22,7:30am,USD,FOMC Member Collins Speaks,Non-economic,,,,2024-08-22 07:30:00
2024-08-22,8:45am,USD,Flash Manufacturing PMI,High,48.0,49.5,49.6,2024-08-22 08:45:00
2024-08-22,8:45am,USD,Flash Services PMI,High,55.2,54.0,55.0,2024-08-22 08:45:00
2024-08-22,9:00am,EUR,Consumer Confidence,Non-economic,-13,-13,-13,2024-08-22 09:00:00
2024-08-22,9:00am,USD,Existing Home Sales,Medium,3.95M,3.94M,3.90M,2024-08-22 09:00:00
2024-08-22,9:00am,USD,FOMC Member Harker Speaks,Non-economic,,,,2024-08-22 09:00:00
2024-08-22,9:30am,USD,Natural Gas Storage,Non-economic,35B,26B,-6B,2024-08-22 09:30:00
2024-08-22,Day 1,All,Jackson Hole Symposium,Medium,,,,2024-08-22 00:00:00
2024-08-22,5:45pm,NZD,Retail Sales q/q,Medium,-1.2%,-1.0%,0.4%,2024-08-22 17:45:00
2024-08-22,5:45pm,NZD,Core Retail Sales q/q,Non-economic,-1.0%,-0.8%,0.3%,2024-08-22 17:45:00
2024-08-22,6:01pm,GBP,GfK Consumer Confidence,Non-economic,-13,-12,-13,2024-08-22 18:01:00
2024-08-22,6:30pm,JPY,National Core CPI y/y,Non-economic,2.7%,2.7%,2.6%,2024-08-22 18:30:00
2024-08-22,7:33pm,JPY,BOJ Gov Ueda Speaks,High,,,,2024-08-22 19:33:00
2024-08-22,11:00pm,JPY,BOJ Gov Ueda Speaks,High,,,,2024-08-22 23:00:00
2024-08-23,7:00am,USD,FOMC Member Bostic Speaks,Medium,,,,2024-08-23 07:00:00
2024-08-23,7:30am,CAD,Core Retail Sales m/m,High,0.3%,-0.2%,-1.2%,2024-08-23 07:30:00
2024-08-23,7:30am,CAD,Retail Sales m/m,High,-0.3%,-0.3%,-0.8%,2024-08-23 07:30:00
2024-08-23,7:30am,CAD,Corporate Profits q/q,Non-economic,1.5%,,0.6%,2024-08-23 07:30:00
2024-08-23,8:00am,USD,FOMC Member Bostic Speaks,Non-economic,,,,2024-08-23 08:00:00
2024-08-23,9:00am,USD,Fed Chairman Powell Speaks,High,,,,2024-08-23 09:00:00
2024-08-23,9:00am,USD,New Home Sales,Medium,739K,624K,668K,2024-08-23 09:00:00
2024-08-23,10:00am,GBP,BOE Gov Bailey Speaks,High,,,,2024-08-23 10:00:00
2024-08-23,10:00am,USD,FOMC Member Harker Speaks,Medium,,,,2024-08-23 10:00:00
2024-08-23,Day 2,All,Jackson Hole Symposium,High,,,,2024-08-23 00:00:00
2024-08-23,11:30am,USD,FOMC Member Goolsbee Speaks,Medium,,,,2024-08-23 11:30:00
2024-08-23,12:45pm,USD,FOMC Member Goolsbee Speaks,Non-economic,,,,2024-08-23 12:45:00
2024-08-23,1:15pm,USD,FOMC Member Goolsbee Speaks,Non-economic,,,,2024-08-23 13:15:00
2024-08-24,Day 3,All,Jackson Hole Symposium,Medium,,,,2024-08-24 00:00:00
2024-08-26,All Day,GBP,Bank Holiday,Low,,,,2024-08-26 00:00:00
2024-08-26,3:00am,EUR,German ifo Business Climate,Medium,86.6,86.0,87.0,2024-08-26 03:00:00
2024-08-26,7:30am,USD,Core Durable Goods Orders m/m,Medium,-0.2%,0.0%,0.4%,2024-08-26 07:30:00
2024-08-26,7:30am,USD,Durable Goods Orders m/m,Medium,9.9%,4.0%,-6.7%,2024-08-26 07:30:00
2024-08-26,8:00am,CNY,CB Leading Index m/m,Non-economic,0.0%,,-0.3%,2024-08-26 08:00:00
2024-08-26,8:00am,EUR,Belgian NBB Business Climate,Non-economic,-12.6,-12.6,-12.3,2024-08-26 08:00:00
2024-08-26,6:01pm,GBP,BRC Shop Price Index y/y,Non-economic,-0.3%,,0.2%,2024-08-26 18:01:00
2024-08-26,6:50pm,JPY,SPPI y/y,Non-economic,2.8%,2.9%,3.1%,2024-08-26 18:50:00
2024-08-27,12:00am,JPY,BOJ Core CPI y/y,Non-economic,1.8%,2.1%,2.1%,2024-08-27 00:00:00
2024-08-27,1:00am,EUR,German GfK Consumer Climate,Non-economic,-22.0,-18.3,-18.6,2024-08-27 01:00:00
2024-08-27,1:03am,EUR,German Final GDP q/q,Non-economic,-0.1%,-0.1%,-0.1%,2024-08-27 01:03:00
2024-08-27,5:00am,GBP,CBI Realized Sales,Non-economic,-27,-11,-43,2024-08-27 05:00:00
2024-08-27,8:00am,USD,S&P/CS Composite-20 HPI y/y,Medium,6.5%,6.2%,6.9%,2024-08-27 08:00:00
2024-08-27,8:00am,USD,HPI m/m,Non-economic,-0.1%,0.1%,0.0%,2024-08-27 08:00:00
2024-08-27,8:59am,USD,Richmond Manufacturing Index,Medium,-19,-14,-17,2024-08-27 08:59:00
2024-08-27,9:00am,EUR,German Buba President Nagel Speaks,Non-economic,,,,2024-08-27 09:00:00
2024-08-27,9:00am,USD,CB Consumer Confidence,High,103.3,100.9,101.9,2024-08-27 09:00:00
2024-08-27,3:30pm,USD,API Weekly Statistical Bulletin,Non-economic,,,,2024-08-27 15:30:00
2024-08-27,8:30pm,AUD,CPI y/y,High,3.5%,3.4%,3.8%,2024-08-27 20:30:00
2024-08-27,8:30pm,AUD,Construction Work Done q/q,Non-economic,0.1%,0.8%,-2.0%,2024-08-27 20:30:00
2024-08-28,12:15am,USD,FOMC Member Waller Speaks,Medium,,,,2024-08-28 00:15:00
2024-08-28,3:00am,CHF,UBS Economic Expectations,Non-economic,-3.4,,9.4,2024-08-28 03:00:00
2024-08-28,3:00am,EUR,M3 Money Supply y/y,Non-economic,2.3%,2.7%,2.3%,2024-08-28 03:00:00
2024-08-28,3:00am,EUR,Private Loans y/y,Non-economic,0.5%,0.5%,0.3%,2024-08-28 03:00:00
2024-08-28,7:15am,GBP,MPC Member Mann Speaks,Non-economic,,,,2024-08-28 07:15:00
2024-08-28,9:30am,USD,Crude Oil Inventories,Medium,-0.8M,-2.7M,-4.6M,2024-08-28 09:30:00
2024-08-28,5:00pm,USD,FOMC Member Bostic Speaks,Non-economic,,,,2024-08-28 17:00:00
2024-08-28,8:00pm,NZD,ANZ Business Confidence,Non-economic,50.6,,27.1,2024-08-28 20:00:00
2024-08-28,8:30pm,AUD,Private Capital Expenditure q/q,Non-economic,-2.2%,0.9%,1.9%,2024-08-28 20:30:00
2024-08-29,12:00am,JPY,Consumer Confidence,Non-economic,36.7,36.9,36.7,2024-08-29 00:00:00
2024-08-29,All Day,EUR,German Prelim CPI m/m,High,-0.1%,0.0%,0.3%,2024-08-29 00:00:00
2024-08-29,2:00am,EUR,Spanish Flash CPI y/y,Medium,2.2%,2.4%,2.8%,2024-08-29 02:00:00
2024-08-29,4:14am,EUR,Italian 10-y Bond Auction,Non-economic,3.68|1.6,,3.76|1.4,2024-08-29 04:14:00
2024-08-29,7:30am,CAD,Current Account,Non-economic,-8.5B,-6.0B,-5.4B,2024-08-29 07:30:00
2024-08-29,7:30am,USD,Prelim GDP q/q,High,3.0%,2.8%,2.8%,2024-08-29 07:30:00
2024-08-29,7:30am,USD,Unemployment Claims,High,231K,232K,233K,2024-08-29 07:30:00
2024-08-29,7:30am,USD,Prelim GDP Price Index q/q,Medium,2.5%,2.3%,2.3%,2024-08-29 07:30:00
2024-08-29,7:30am,USD,Goods Trade Balance,Non-economic,-102.7B,-97.7B,-96.6B,2024-08-29 07:30:00
2024-08-29,7:30am,USD,Prelim Wholesale Inventories m/m,Non-economic,0.3%,0.3%,0.2%,2024-08-29 07:30:00
2024-08-29,9:00am,USD,Pending Home Sales m/m,Medium,-5.5%,0.2%,4.8%,2024-08-29 09:00:00
2024-08-29,9:30am,USD,Natural Gas Storage,Non-economic,35B,33B,35B,2024-08-29 09:30:00
2024-08-29,11:00am,CHF,SNB Chairman Jordan Speaks,Medium,,,,2024-08-29 11:00:00
2024-08-29,12:00pm,EUR,German Buba President Nagel Speaks,Non-economic,,,,2024-08-29 12:00:00
2024-08-29,2:30pm,USD,FOMC Member Bostic Speaks,Non-economic,,,,2024-08-29 14:30:00
2024-08-29,5:45pm,NZD,Building Consents m/m,Non-economic,26.2%,,-17.0%,2024-08-29 17:45:00
2024-08-29,6:30pm,JPY,Tokyo Core CPI y/y,Medium,2.4%,2.2%,2.2%,2024-08-29 18:30:00
2024-08-29,6:30pm,JPY,Unemployment Rate,Non-economic,2.7%,2.5%,2.5%,2024-08-29 18:30:00
2024-08-29,6:50pm,JPY,Prelim Industrial Production m/m,Non-economic,2.8%,3.6%,-4.2%,2024-08-29 18:50:00
2024-08-29,6:50pm,JPY,Retail Sales y/y,Non-economic,2.6%,2.8%,3.8%,2024-08-29 18:50:00
2024-08-29,8:30pm,AUD,Retail Sales m/m,Medium,0.0%,0.3%,0.5%,2024-08-29 20:30:00
2024-08-29,8:30pm,AUD,Private Sector Credit m/m,Non-economic,0.5%,0.5%,0.6%,2024-08-29 20:30:00
2024-08-30,12:00am,JPY,Housing Starts y/y,Non-economic,-0.2%,-1.1%,-6.7%,2024-08-30 00:00:00
2024-08-30,12:30am,EUR,French Final Private Payrolls q/q,Non-economic,-0.1%,0.0%,0.0%,2024-08-30 00:30:00
2024-08-30,1:00am,EUR,German Import Prices m/m,Non-economic,-0.4%,0.1%,0.4%,2024-08-30 01:00:00
2024-08-30,1:00am,GBP,Nationwide HPI m/m,Non-economic,-0.2%,0.2%,0.3%,2024-08-30 01:00:00
2024-08-30,1:45am,EUR,French Consumer Spending m/m,Non-economic,0.3%,0.4%,-0.6%,2024-08-30 01:45:00
2024-08-30,1:45am,EUR,French Prelim CPI m/m,Non-economic,0.6%,0.5%,0.2%,2024-08-30 01:45:00
2024-08-30,1:45am,EUR,French Prelim GDP q/q,Non-economic,0.2%,0.3%,0.3%,2024-08-30 01:45:00
2024-08-30,2:00am,CHF,KOF Economic Barometer,Non-economic,101.6,100.6,100.6,2024-08-30 02:00:00
2024-08-30,2:55am,EUR,German Unemployment Change,Non-economic,2K,17K,17K,2024-08-30 02:55:00
2024-08-30,3:00am,EUR,Italian Monthly Unemployment Rate,Non-economic,6.5%,7.0%,6.9%,2024-08-30 03:00:00
2024-08-30,3:30am,GBP,M4 Money Supply m/m,Non-economic,0.3%,0.5%,0.5%,2024-08-30 03:30:00
2024-08-30,3:30am,GBP,Mortgage Approvals,Non-economic,62K,61K,60K,2024-08-30 03:30:00
2024-08-30,3:30am,GBP,Net Lending to Individuals m/m,Non-economic,4.0B,3.4B,3.5B,2024-08-30 03:30:00
2024-08-30,4:00am,EUR,CPI Flash Estimate y/y,High,2.2%,2.2%,2.6%,2024-08-30 04:00:00
2024-08-30,4:00am,EUR,Core CPI Flash Estimate y/y,Medium,2.8%,2.8%,2.9%,2024-08-30 04:00:00
2024-08-30,4:00am,EUR,Italian Prelim CPI m/m,Non-economic,0.2%,0.3%,0.4%,2024-08-30 04:00:00
2024-08-30,4:00am,EUR,Unemployment Rate,Non-economic,6.4%,6.5%,6.5%,2024-08-30 04:00:00
2024-08-30,7:30am,CAD,GDP m/m,High,0.0%,0.1%,0.1%,2024-08-30 07:30:00
2024-08-30,7:30am,USD,Core PCE Price Index m/m,High,0.2%,0.2%,0.2%,2024-08-30 07:30:00
2024-08-30,7:30am,USD,Personal Income m/m,Non-economic,0.3%,0.2%,0.2%,2024-08-30 07:30:00
2024-08-30,7:30am,USD,Personal Spending m/m,Non-economic,0.5%,0.5%,0.3%,2024-08-30 07:30:00
2024-08-30,8:45am,USD,Chicago PMI,Medium,46.1,45.0,45.3,2024-08-30 08:45:00
2024-08-30,9:00am,USD,Revised UoM Consumer Sentiment,Medium,67.9,68.0,67.8,2024-08-30 09:00:00
2024-08-30,9:00am,USD,Revised UoM Inflation Expectations,Non-economic,2.8%,,2.9%,2024-08-30 09:00:00
2024-08-30,8:30pm,CNY,Manufacturing PMI,High,49.1,49.5,49.4,2024-08-30 20:30:00
2024-08-30,8:30pm,CNY,Non-Manufacturing PMI,Medium,50.3,50.1,50.2,2024-08-30 20:30:00
2024-09-01,6:50pm,JPY,Capital Spending q/y,Non-economic,7.4%,9.6%,6.8%,2024-09-01 18:50:00
2024-09-01,7:30pm,JPY,Final Manufacturing PMI,Non-economic,49.8,49.5,49.5,2024-09-01 19:30:00
2024-09-01,8:00pm,AUD,MI Inflation Gauge m/m,Non-economic,-0.1%,,0.4%,2024-09-01 20:00:00
2024-09-01,8:30pm,AUD,ANZ Job Advertisements m/m,Non-economic,-2.1%,,-2.7%,2024-09-01 20:30:00
2024-09-01,8:30pm,AUD,Building Approvals m/m,Non-economic,10.4%,2.4%,-6.4%,2024-09-01 20:30:00
2024-09-01,8:30pm,AUD,Company Operating Profits q/q,Non-economic,-5.3%,-0.6%,-2.5%,2024-09-01 20:30:00
2024-09-01,8:45pm,CNY,RatingDog Manufacturing PMI,Non-economic,50.4,50.0,49.8,2024-09-01 20:45:00
2024-09-02,1:30am,CHF,Retail Sales y/y,Non-economic,2.7%,-0.2%,-2.6%,2024-09-02 01:30:00
2024-09-02,1:32am,AUD,Commodity Prices y/y,Non-economic,-5.2%,,-4.2%,2024-09-02 01:32:00
2024-09-02,2:15am,EUR,Spanish Manufacturing PMI,Non-economic,50.5,51.4,51.0,2024-09-02 02:15:00
2024-09-02,2:30am,CHF,Manufacturing PMI,Non-economic,49.0,43.7,43.5,2024-09-02 02:30:00
2024-09-02,2:45am,EUR,Italian Manufacturing PMI,Non-economic,49.4,48.0,47.4,2024-09-02 02:45:00
2024-09-02,2:50am,EUR,French Final Manufacturing PMI,Non-economic,43.9,42.1,42.1,2024-09-02 02:50:00
2024-09-02,2:55am,EUR,German Final Manufacturing PMI,Non-economic,42.4,42.1,42.1,2024-09-02 02:55:00
2024-09-02,3:00am,EUR,Final Manufacturing PMI,Non-economic,45.8,45.6,45.6,2024-09-02 03:00:00
2024-09-02,3:30am,GBP,Final Manufacturing PMI,Non-economic,52.5,52.5,52.5,2024-09-02 03:30:00
2024-09-02,All Day,CAD,Bank Holiday,Low,,,,2024-09-02 00:00:00
2024-09-02,All Day,USD,Bank Holiday,Low,,,,2024-09-02 00:00:00
2024-09-02,5:45pm,NZD,Overseas Trade Index q/q,Non-economic,2.1%,2.6%,5.1%,2024-09-02 17:45:00
2024-09-02,6:01pm,GBP,BRC Retail Sales Monitor y/y,Non-economic,0.8%,0.7%,0.3%,2024-09-02 18:01:00
2024-09-02,6:50pm,JPY,Monetary Base y/y,Non-economic,0.6%,0.6%,1.0%,2024-09-02 18:50:00
2024-09-02,8:30pm,AUD,Current Account,Non-economic,-10.7B,-4.5B,-6.3B,2024-09-02 20:30:00
2024-09-02,10:35pm,JPY,10-y Bond Auction,Non-economic,0.92|3.2,,0.93|3.0,2024-09-02 22:35:00
2024-09-03,1:30am,CHF,CPI m/m,High,0.0%,0.1%,-0.2%,2024-09-03 01:30:00
2024-09-03,1:45am,EUR,French Gov Budget Balance,Non-economic,-156.9B,,-103.5B,2024-09-03 01:45:00
2024-09-03,2:00am,CHF,GDP q/q,Medium,0.7%,0.5%,0.5%,2024-09-03 02:00:00
2024-09-03,2:00am,EUR,Spanish Unemployment Change,Non-economic,21.9K,34.3K,-10.8K,2024-09-03 02:00:00
2024-09-03,8:30am,CAD,Manufacturing PMI,Non-economic,49.5,,47.8,2024-09-03 08:30:00
2024-09-03,8:45am,USD,Final Manufacturing PMI,Non-economic,47.9,48.1,48.0,2024-09-03 08:45:00
2024-09-03,9:00am,USD,ISM Manufacturing PMI,High,47.2,47.5,46.8,2024-09-03 09:00:00
2024-09-03,9:00am,USD,ISM Manufacturing Prices,Medium,54.0,52.1,52.9,2024-09-03 09:00:00
2024-09-03,9:00am,USD,Construction Spending m/m,Non-economic,-0.3%,0.1%,0.0%,2024-09-03 09:00:00
2024-09-03,9:07am,USD,RCM/TIPP Economic Optimism,Non-economic,46.1,46.2,44.5,2024-09-03 09:07:00
2024-09-03,10:54am,NZD,GDT Price Index,Non-economic,-0.4%,,5.5%,2024-09-03 10:54:00
2024-09-03,11:45am,EUR,German Buba President Nagel Speaks,Non-economic,,,,2024-09-03 11:45:00
2024-09-03,8:00pm,NZD,ANZ Commodity Prices m/m,Non-economic,2.1%,,-1.7%,2024-09-03 20:00:00
2024-09-03,8:30pm,AUD,GDP q/q,High,0.2%,0.2%,0.2%,2024-09-03 20:30:00
2024-09-03,8:30pm,AUD,Household Spending m/m,Non-economic,0.8%,,-0.5%,2024-09-03 20:30:00
2024-09-03,8:45pm,CNY,RatingDog Services PMI,Non-economic,51.6,51.9,52.1,2024-09-03 20:45:00
2024-09-04,2:15am,EUR,Spanish Services PMI,Non-economic,54.6,54.8,53.9,2024-09-04 02:15:00
2024-09-04,2:45am,EUR,Italian Services PMI,Non-economic,51.4,52.5,51.7,2024-09-04 02:45:00
2024-09-04,2:50am,EUR,French Final Services PMI,Non-economic,55.0,55.0,55.0,2024-09-04 02:50:00
2024-09-04,2:55am,EUR,German Final Services PMI,Non-economic,51.2,51.4,51.4,2024-09-04 02:55:00
2024-09-04,3:00am,EUR,Final Services PMI,Non-economic,52.9,53.3,53.3,2024-09-04 03:00:00
2024-09-04,3:30am,GBP,Final Services PMI,Non-economic,53.7,53.3,53.3,2024-09-04 03:30:00
2024-09-04,4:00am,EUR,PPI m/m,Non-economic,0.8%,0.3%,0.6%,2024-09-04 04:00:00
2024-09-04,7:30am,CAD,Trade Balance,Non-economic,0.7B,0.7B,-0.2B,2024-09-04 07:30:00
2024-09-04,7:30am,USD,Trade Balance,Non-economic,-78.8B,-78.8B,-73.0B,2024-09-04 07:30:00
2024-09-04,8:45am,CAD,BOC Rate Statement,High,,,,2024-09-04 08:45:00
2024-09-04,8:45am,CAD,Overnight Rate,High,4.25%,4.25%,4.50%,2024-09-04 08:45:00
2024-09-04,9:00am,USD,JOLTS Job Openings,High,7.67M,8.09M,7.91M,2024-09-04 09:00:00
2024-09-04,9:00am,USD,Factory Orders m/m,Non-economic,5.0%,4.7%,-3.3%,2024-09-04 09:00:00
2024-09-04,All Day,USD,Wards Total Vehicle Sales,Non-economic,15.1M,15.4M,15.8M,2024-09-04 00:00:00
2024-09-04,9:30am,CAD,BOC Press Conference,High,,,,2024-09-04 09:30:00
2024-09-04,1:00pm,USD,Beige Book,Non-economic,,,,2024-09-04 13:00:00
2024-09-04,3:30pm,USD,API Weekly Statistical Bulletin,Non-economic,,,,2024-09-04 15:30:00
2024-09-04,6:30pm,JPY,Average Cash Earnings y/y,Non-economic,3.6%,3.0%,4.5%,2024-09-04 18:30:00
2024-09-04,8:30pm,AUD,Goods Trade Balance,Non-economic,6.01B,5.05B,5.43B,2024-09-04 20:30:00
2024-09-04,10:05pm,AUD,RBA Gov Bullock Speaks,High,,,,2024-09-04 22:05:00
2024-09-04,10:35pm,JPY,30-y Bond Auction,Non-economic,2.04|3.4,,2.23|3.5,2024-09-04 22:35:00
2024-09-05,12:45am,CHF,Unemployment Rate,Non-economic,2.5%,2.5%,2.5%,2024-09-05 00:45:00
2024-09-05,1:00am,EUR,German Factory Orders m/m,Non-economic,2.9%,-1.6%,4.6%,2024-09-05 01:00:00
2024-09-05,3:30am,GBP,Construction PMI,Medium,53.6,54.6,55.3,2024-09-05 03:30:00
2024-09-05,3:52am,EUR,Spanish 10-y Bond Auction,Non-economic,3.04|2.1,,3.11|1.5,2024-09-05 03:52:00
2024-09-05,4:00am,AUD,RBA Gov Bullock Speaks,Non-economic,,,,2024-09-05 04:00:00
2024-09-05,4:00am,EUR,Retail Sales m/m,Non-economic,0.1%,0.1%,-0.4%,2024-09-05 04:00:00
2024-09-05,4:02am,EUR,French 10-y Bond Auction,Non-economic,2.95|2.2,,3.01|2.2,2024-09-05 04:02:00
2024-09-05,6:30am,USD,Challenger Job Cuts y/y,Non-economic,1.0%,,9.2%,2024-09-05 06:30:00
2024-09-05,7:15am,USD,ADP Non-Farm Employment Change,High,99K,144K,111K,2024-09-05 07:15:00
2024-09-05,7:30am,CAD,Labor Productivity q/q,Non-economic,-0.2%,-0.1%,-0.3%,2024-09-05 07:30:00
2024-09-05,7:30am,USD,Unemployment Claims,High,227K,231K,232K,2024-09-05 07:30:00
2024-09-05,7:30am,USD,Revised Nonfarm Productivity q/q,Non-economic,2.5%,2.4%,2.3%,2024-09-05 07:30:00
2024-09-05,7:30am,USD,Revised Unit Labor Costs q/q,Non-economic,0.4%,0.8%,0.9%,2024-09-05 07:30:00
2024-09-05,8:45am,USD,Final Services PMI,Medium,55.7,55.0,55.2,2024-09-05 08:45:00
2024-09-05,9:00am,USD,ISM Services PMI,High,51.5,51.3,51.4,2024-09-05 09:00:00
2024-09-05,9:30am,USD,Natural Gas Storage,Non-economic,13B,26B,35B,2024-09-05 09:30:00
2024-09-05,10:00am,USD,Crude Oil Inventories,Medium,-6.9M,-0.6M,-0.8M,2024-09-05 10:00:00
2024-09-05,6:30pm,JPY,Household Spending y/y,Non-economic,0.1%,1.2%,-1.4%,2024-09-05 18:30:00
2024-09-06,12:00am,JPY,Leading Indicators,Non-economic,109.5%,109.4%,109.0%,2024-09-06 00:00:00
2024-09-06,1:00am,EUR,German Industrial Production m/m,Non-economic,-2.4%,-0.4%,1.7%,2024-09-06 01:00:00
2024-09-06,1:00am,EUR,German Trade Balance,Non-economic,16.8B,21.0B,20.4B,2024-09-06 01:00:00
2024-09-06,1:00am,GBP,Halifax HPI m/m,Non-economic,0.3%,0.2%,0.9%,2024-09-06 01:00:00
2024-09-06,1:45am,EUR,French Industrial Production m/m,Non-economic,-0.5%,-0.3%,0.8%,2024-09-06 01:45:00
2024-09-06,1:45am,EUR,French Trade Balance,Non-economic,-5.9B,-6.5B,-6.0B,2024-09-06 01:45:00
2024-09-06,2:00am,CHF,Foreign Currency Reserves,Non-economic,694B,,704B,2024-09-06 02:00:00
2024-09-06,2:00am,CHF,SECO Consumer Climate,Non-economic,-35,-33,-32,2024-09-06 02:00:00
2024-09-06,3:00am,EUR,Italian Retail Sales m/m,Non-economic,0.5%,0.1%,-0.2%,2024-09-06 03:00:00
2024-09-06,4:00am,EUR,Final Employment Change q/q,Non-economic,0.2%,0.2%,0.2%,2024-09-06 04:00:00
2024-09-06,4:00am,EUR,Revised GDP q/q,Non-economic,0.2%,0.3%,0.3%,2024-09-06 04:00:00
2024-09-06,7:30am,CAD,Employment Change,High,22.1K,23.7K,-2.8K,2024-09-06 07:30:00
2024-09-06,7:30am,CAD,Unemployment Rate,High,6.6%,6.5%,6.4%,2024-09-06 07:30:00
2024-09-06,7:30am,USD,Average Hourly Earnings m/m,High,0.4%,0.3%,0.2%,2024-09-06 07:30:00
2024-09-06,7:30am,USD,Non-Farm Employment Change,High,142K,164K,89K,2024-09-06 07:30:00
2024-09-06,7:30am,USD,Unemployment Rate,High,4.2%,4.2%,4.3%,2024-09-06 07:30:00
2024-09-06,7:45am,USD,FOMC Member Williams Speaks,Medium,,,,2024-09-06 07:45:00
2024-09-06,9:00am,CAD,Ivey PMI,Medium,48.2,55.3,57.6,2024-09-06 09:00:00
2024-09-06,10:00am,USD,FOMC Member Waller Speaks,High,,,,2024-09-06 10:00:00
2024-09-08,6:50pm,JPY,Bank Lending y/y,Non-economic,3.0%,3.2%,3.2%,2024-09-08 18:50:00
2024-09-08,6:50pm,JPY,Current Account,Non-economic,2.80T,2.08T,1.78T,2024-09-08 18:50:00
2024-09-08,6:50pm,JPY,Final GDP Price Index y/y,Non-economic,3.2%,3.0%,3.0%,2024-09-08 18:50:00
2024-09-08,6:50pm,JPY,Final GDP q/q,Non-economic,0.7%,0.8%,0.8%,2024-09-08 18:50:00
2024-09-08,8:30pm,CNY,CPI y/y,Medium,0.6%,0.7%,0.5%,2024-09-08 20:30:00
2024-09-08,8:30pm,CNY,PPI y/y,Medium,-1.8%,-1.5%,-0.8%,2024-09-08 20:30:00
2024-09-09,12:00am,JPY,Economy Watchers Sentiment,Non-economic,49.0,47.6,47.5,2024-09-09 00:00:00
2024-09-09,3:30am,EUR,Sentix Investor Confidence,Non-economic,-15.4,-12.4,-13.9,2024-09-09 03:30:00
2024-09-09,9:00am,USD,Final Wholesale Inventories m/m,Non-economic,0.2%,0.3%,0.3%,2024-09-09 09:00:00
2024-09-09,2:00pm,USD,Consumer Credit m/m,Non-economic,25.5B,12.3B,5.2B,2024-09-09 14:00:00
2024-09-09,5:45pm,NZD,Manufacturing Sales q/q,Non-economic,0.1%,,0.8%,2024-09-09 17:45:00
2024-09-09,6:50pm,JPY,M2 Money Stock y/y,Non-economic,1.3%,1.5%,1.5%,2024-09-09 18:50:00
2024-09-09,7:30pm,AUD,Westpac Consumer Sentiment,Non-economic,-0.5%,,2.8%,2024-09-09 19:30:00
2024-09-09,8:30pm,AUD,NAB Business Confidence,Non-economic,-4,,1,2024-09-09 20:30:00
2024-09-09,10:17pm,CNY,USD-Denominated Trade Balance,Non-economic,91.0B,81.4B,84.7B,2024-09-09 22:17:00
2024-09-09,10:18pm,CNY,Trade Balance,Non-economic,649B,579B,602B,2024-09-09 22:18:00
2024-09-10,12:58am,JPY,Prelim Machine Tool Orders y/y,Non-economic,-3.5%,,8.4%,2024-09-10 00:58:00
2024-09-10,1:00am,EUR,German Final CPI m/m,Non-economic,-0.1%,-0.1%,-0.1%,2024-09-10 01:00:00
2024-09-10,1:00am,GBP,Claimant Count Change,High,23.7K,95.5K,102.3K,2024-09-10 01:00:00
2024-09-10,1:00am,GBP,Average Earnings Index 3m/y,Medium,4.0%,4.1%,4.6%,2024-09-10 01:00:00
2024-09-10,1:00am,GBP,Unemployment Rate,Non-economic,4.1%,4.1%,4.2%,2024-09-10 01:00:00
2024-09-10,3:00am,EUR,Italian Industrial Production m/m,Non-economic,-0.9%,-0.2%,0.5%,2024-09-10 03:00:00
2024-09-10,4:59am,USD,NFIB Small Business Index,Non-economic,91.2,93.6,93.7,2024-09-10 04:59:00
2024-09-10,6:00am,GBP,MPC Member Breeden Speaks,Non-economic,,,,2024-09-10 06:00:00
2024-09-10,7:10am,CAD,BOC Gov Macklem Speaks,High,,,,2024-09-10 07:10:00
2024-09-10,9:00am,USD,FOMC Member Barr Speaks,Non-economic,,,,2024-09-10 09:00:00
2024-09-10,11:15am,USD,FOMC Member Bowman Speaks,Non-economic,,,,2024-09-10 11:15:00
2024-09-10,3:30pm,USD,API Weekly Statistical Bulletin,Non-economic,,,,2024-09-10 15:30:00
2024-09-10,5:45pm,NZD,Visitor Arrivals m/m,Non-economic,2.2%,,0.5%,2024-09-10 17:45:00
2024-09-10,7:20pm,AUD,RBA Assist Gov Hunter Speaks,Non-economic,,,,2024-09-10 19:20:00
2024-09-11,1:00am,GBP,GDP m/m,High,0.0%,0.2%,0.0%,2024-09-11 01:00:00
2024-09-11,1:00am,GBP,Construction Output m/m,Non-economic,-0.4%,0.4%,0.5%,2024-09-11 01:00:00
2024-09-11,1:00am,GBP,Goods Trade Balance,Non-economic,-20.0B,-18.0B,-18.9B,2024-09-11 01:00:00
2024-09-11,1:00am,GBP,Index of Services 3m/3m,Non-economic,0.6%,0.6%,0.8%,2024-09-11 01:00:00
2024-09-11,1:00am,GBP,Industrial Production m/m,Non-economic,-0.8%,0.3%,0.8%,2024-09-11 01:00:00
2024-09-11,1:00am,GBP,Manufacturing Production m/m,Non-economic,-1.0%,0.2%,1.1%,2024-09-11 01:00:00
2024-09-11,4:03am,GBP,10-y Bond Auction,Non-economic,3.76|2.8,,4.08|2.9,2024-09-11 04:03:00
2024-09-11,4:33am,EUR,German 10-y Bond Auction,Non-economic,2.11|2.1,,2.22|2.0,2024-09-11 04:33:00
2024-09-11,6:18am,GBP,NIESR GDP Estimate,Non-economic,0.3%,,0.5%,2024-09-11 06:18:00
2024-09-11,7:30am,USD,Core CPI m/m,High,0.3%,0.2%,0.2%,2024-09-11 07:30:00
2024-09-11,7:30am,USD,CPI m/m,High,0.2%,0.2%,0.2%,2024-09-11 07:30:00
2024-09-11,7:30am,USD,CPI y/y,High,2.5%,2.5%,2.9%,2024-09-11 07:30:00
2024-09-11,8:30am,GBP,CB Leading Index m/m,Non-economic,-0.3%,,-0.1%,2024-09-11 08:30:00
2024-09-11,9:30am,USD,Crude Oil Inventories,Medium,0.8M,0.9M,-6.9M,2024-09-11 09:30:00
2024-09-11,12:01pm,USD,10-y Bond Auction,Non-economic,3.65|2.6,,3.96|2.3,2024-09-11 12:01:00
2024-09-11,5:45pm,NZD,FPI m/m,Non-economic,0.2%,,0.4%,2024-09-11 17:45:00
2024-09-11,6:01pm,GBP,RICS House Price Balance,Non-economic,1%,-14%,-18%,2024-09-11 18:01:00
2024-09-11,6:50pm,JPY,BSI Manufacturing Index,Non-economic,4.5,-2.5,-1.0,2024-09-11 18:50:00
2024-09-11,6:50pm,JPY,PPI y/y,Non-economic,2.5%,2.8%,3.0%,2024-09-11 18:50:00
2024-09-11,8:00pm,AUD,MI Inflation Expectations,Non-economic,4.4%,,4.5%,2024-09-11 20:00:00
2024-09-12,1:00am,EUR,German WPI m/m,Non-economic,-0.8%,0.1%,0.3%,2024-09-12 01:00:00
2024-09-12,3:05am,EUR,Italian Quarterly Unemployment Rate,Non-economic,6.8%,7.1%,7.2%,2024-09-12 03:05:00
2024-09-12,7:00am,USD,Federal Budget Balance,Non-economic,-380.1B,-285.7B,-243.7B,2024-09-12 07:00:00
2024-09-12,7:15am,EUR,Main Refinancing Rate,High,3.65%,3.65%,4.25%,2024-09-12 07:15:00
2024-09-12,7:15am,EUR,Monetary Policy Statement,High,,,,2024-09-12 07:15:00
2024-09-12,7:30am,CAD,Building Permits m/m,Non-economic,22.1%,6.5%,-13.0%,2024-09-12 07:30:00
2024-09-12,7:30am,USD,Core PPI m/m,High,0.3%,0.2%,-0.2%,2024-09-12 07:30:00
2024-09-12,7:30am,USD,PPI m/m,High,0.2%,0.1%,0.0%,2024-09-12 07:30:00
2024-09-12,7:30am,USD,Unemployment Claims,High,230K,227K,228K,2024-09-12 07:30:00
2024-09-12,7:45am,EUR,ECB Press Conference,High,,,,2024-09-12 07:45:00
2024-09-12,9:25am,CHF,SNB Chairman Jordan Speaks,Medium,,,,2024-09-12 09:25:00
2024-09-12,9:30am,USD,Natural Gas Storage,Non-economic,40B,49B,13B,2024-09-12 09:30:00
2024-09-12,12:01pm,USD,30-y Bond Auction,Medium,4.02|2.4,,4.31|2.3,2024-09-12 12:01:00
2024-09-12,5:30pm,NZD,BusinessNZ Manufacturing Index,Non-economic,45.8,,44.4,2024-09-12 17:30:00
2024-09-12,11:30pm,JPY,Revised Industrial Production m/m,Non-economic,3.1%,2.8%,2.8%,2024-09-12 23:30:00
2024-09-13,1:45am,EUR,French Final CPI m/m,Non-economic,0.5%,0.6%,0.6%,2024-09-13 01:45:00
2024-09-13,3:30am,GBP,Consumer Inflation Expectations,Non-economic,2.7%,,2.8%,2024-09-13 03:30:00
2024-09-13,4:00am,EUR,Industrial Production m/m,Non-economic,-0.3%,-0.6%,0.0%,2024-09-13 04:00:00
2024-09-13,Day 1,EUR,ECOFIN Meetings,Non-economic,,,,2024-09-13 00:00:00
2024-09-13,All Day,EUR,Eurogroup Meetings,Non-economic,,,,2024-09-13 00:00:00
2024-09-13,6:28am,CNY,M2 Money Supply y/y,Non-economic,6.3%,6.2%,6.3%,2024-09-13 06:28:00
2024-09-13,6:29am,CNY,New Loans,Medium,900B,810B,260B,2024-09-13 06:29:00
2024-09-13,7:30am,CAD,Capacity Utilization Rate,Non-economic,79.1%,78.8%,78.6%,2024-09-13 07:30:00
2024-09-13,7:30am,CAD,Wholesale Sales m/m,Non-economic,0.4%,-1.1%,-0.5%,2024-09-13 07:30:00
2024-09-13,7:30am,USD,Import Prices m/m,Non-economic,-0.3%,-0.2%,0.1%,2024-09-13 07:30:00
2024-09-13,9:00am,USD,Prelim UoM Consumer Sentiment,Medium,69.0,68.3,67.9,2024-09-13 09:00:00
2024-09-13,9:00am,USD,Prelim UoM Inflation Expectations,Medium,2.7%,,2.8%,2024-09-13 09:00:00
2024-09-13,8:30pm,CNY,New Home Prices m/m,Non-economic,-0.73%,,-0.65%,2024-09-13 20:30:00
2024-09-13,9:00pm,CNY,Industrial Production y/y,Medium,4.5%,4.7%,5.1%,2024-09-13 21:00:00
2024-09-13,9:00pm,CNY,Retail Sales y/y,Medium,2.1%,2.5%,2.7%,2024-09-13 21:00:00
2024-09-13,9:00pm,CNY,Fixed Asset Investment ytd/y,Non-economic,3.4%,3.5%,3.6%,2024-09-13 21:00:00
2024-09-13,9:00pm,CNY,NBS Press Conference,Non-economic,,,,2024-09-13 21:00:00
2024-09-13,9:00pm,CNY,Unemployment Rate,Non-economic,5.3%,5.2%,5.2%,2024-09-13 21:00:00
2024-09-14,Day 2,EUR,ECOFIN Meetings,Non-economic,,,,2024-09-14 00:00:00
2024-09-14,4:22am,CNY,Foreign Direct Investment ytd/y,Non-economic,-31.5%,,-29.6%,2024-09-14 04:22:00
2024-09-15,5:30pm,NZD,BusinessNZ Services Index,Non-economic,45.5,,45.2,2024-09-15 17:30:00
2024-09-15,All Day,JPY,Bank Holiday,Low,,,,2024-09-15 00:00:00
2024-09-15,6:01pm,GBP,Rightmove HPI m/m,Non-economic,0.8%,,-1.5%,2024-09-15 18:01:00
2024-09-15,All Day,CNY,Bank Holiday,Low,,,,2024-09-15 00:00:00
2024-09-16,1:30am,CHF,PPI m/m,Non-economic,0.2%,0.1%,0.0%,2024-09-16 01:30:00
2024-09-16,4:00am,EUR,Italian Trade Balance,Non-economic,6.74B,4.45B,5.15B,2024-09-16 04:00:00
2024-09-16,4:00am,EUR,Trade Balance,Non-economic,15.5B,14.9B,17.0B,2024-09-16 04:00:00
2024-09-16,7:30am,CAD,Manufacturing Sales m/m,Non-economic,1.4%,0.7%,-1.7%,2024-09-16 07:30:00
2024-09-16,7:30am,USD,Empire State Manufacturing Index,Medium,11.5,-4.1,-4.7,2024-09-16 07:30:00
2024-09-16,All Day,CNY,Bank Holiday,Low,,,,2024-09-16 00:00:00
2024-09-16,11:30pm,JPY,Tertiary Industry Activity m/m,Non-economic,1.4%,0.8%,-1.2%,2024-09-16 23:30:00
2024-09-17,4:00am,EUR,German ZEW Economic Sentiment,Medium,3.6,17.1,19.2,2024-09-17 04:00:00
2024-09-17,4:00am,EUR,ZEW Economic Sentiment,Non-economic,9.3,16.3,17.9,2024-09-17 04:00:00
2024-09-17,4:02am,GBP,30-y Bond Auction,Non-economic,4.33|2.9,,4.64|3.3,2024-09-17 04:02:00
2024-09-17,7:15am,CAD,Housing Starts,Non-economic,217K,252K,280K,2024-09-17 07:15:00
2024-09-17,7:30am,CAD,CPI m/m,High,-0.2%,0.0%,0.4%,2024-09-17 07:30:00
2024-09-17,7:30am,CAD,Median CPI y/y,High,2.3%,2.2%,2.4%,2024-09-17 07:30:00
2024-09-17,7:30am,CAD,Trimmed CPI y/y,High,2.4%,2.5%,2.7%,2024-09-17 07:30:00
2024-09-17,7:30am,CAD,Common CPI y/y,Medium,2.0%,2.2%,2.2%,2024-09-17 07:30:00
2024-09-17,7:30am,CAD,Core CPI m/m,Non-economic,-0.1%,,0.3%,2024-09-17 07:30:00
2024-09-17,7:30am,USD,Core Retail Sales m/m,High,0.1%,0.2%,0.4%,2024-09-17 07:30:00
2024-09-17,7:30am,USD,Retail Sales m/m,High,0.1%,-0.2%,1.1%,2024-09-17 07:30:00
2024-09-17,8:15am,USD,Capacity Utilization Rate,Non-economic,78.0%,77.9%,77.4%,2024-09-17 08:15:00
2024-09-17,8:15am,USD,Industrial Production m/m,Non-economic,0.8%,0.2%,-0.9%,2024-09-17 08:15:00
2024-09-17,9:00am,USD,Business Inventories m/m,Non-economic,0.4%,0.3%,0.3%,2024-09-17 09:00:00
2024-09-17,9:00am,USD,FOMC Member Logan Speaks,Non-economic,,,,2024-09-17 09:00:00
2024-09-17,9:00am,USD,NAHB Housing Market Index,Non-economic,41,41,39,2024-09-17 09:00:00
2024-09-17,9:42am,AUD,CB Leading Index m/m,Non-economic,0.1%,,-0.2%,2024-09-17 09:42:00
2024-09-17,9:55am,NZD,GDT Price Index,Non-economic,0.8%,,-0.4%,2024-09-17 09:55:00
2024-09-17,1:50pm,NZD,Westpac Consumer Sentiment,Non-economic,90.8,,82.2,2024-09-17 13:50:00
2024-09-17,3:30pm,USD,API Weekly Statistical Bulletin,Non-economic,,,,2024-09-17 15:30:00
2024-09-17,5:00pm,CAD,Gov Council Member Rogers Speaks,Non-economic,,,,2024-09-17 17:00:00
2024-09-17,5:45pm,NZD,Current Account,Non-economic,-4.83B,-3.95B,-3.83B,2024-09-17 17:45:00
2024-09-17,6:20pm,AUD,RBA Assist Gov Jones Speaks,Non-economic,,,,2024-09-17 18:20:00
2024-09-17,6:50pm,JPY,Core Machinery Orders m/m,Non-economic,-0.1%,0.4%,2.1%,2024-09-17 18:50:00
2024-09-17,6:50pm,JPY,Trade Balance,Non-economic,-0.60T,-0.96T,-0.68T,2024-09-17 18:50:00
2024-09-17,7:30pm,AUD,MI Leading Index m/m,Non-economic,-0.1%,,0.0%,2024-09-17 19:30:00
2024-09-18,1:00am,GBP,CPI y/y,High,2.2%,2.2%,2.2%,2024-09-18 01:00:00
2024-09-18,1:00am,GBP,Core CPI y/y,Non-economic,3.6%,3.6%,3.3%,2024-09-18 01:00:00
2024-09-18,1:00am,GBP,PPI Input m/m,Non-economic,-0.5%,-0.3%,-0.3%,2024-09-18 01:00:00
2024-09-18,1:00am,GBP,PPI Output m/m,Non-economic,-0.3%,0.0%,0.0%,2024-09-18 01:00:00
2024-09-18,1:00am,GBP,RPI y/y,Non-economic,3.5%,3.4%,3.6%,2024-09-18 01:00:00
2024-09-18,3:30am,GBP,HPI y/y,Non-economic,2.2%,2.8%,2.7%,2024-09-18 03:30:00
2024-09-18,4:00am,EUR,Final Core CPI y/y,Non-economic,2.8%,2.8%,2.8%,2024-09-18 04:00:00
2024-09-18,4:00am,EUR,Final CPI y/y,Non-economic,2.2%,2.2%,2.2%,2024-09-18 04:00:00
2024-09-18,4:36am,EUR,German 30-y Bond Auction,Non-economic,2.44|2.7,,2.45|2.8,2024-09-18 04:36:00
2024-09-18,6:00am,EUR,German Buba President Nagel Speaks,Non-economic,,,,2024-09-18 06:00:00
2024-09-18,7:30am,CAD,Foreign Securities Purchases,Non-economic,10.98B,11.50B,5.20B,2024-09-18 07:30:00
2024-09-18,7:30am,USD,Building Permits,Medium,1.48M,1.41M,1.41M,2024-09-18 07:30:00
2024-09-18,7:30am,USD,Housing Starts,Non-economic,1.36M,1.31M,1.24M,2024-09-18 07:30:00
2024-09-18,9:30am,USD,Crude Oil Inventories,Medium,-1.6M,-0.2M,0.8M,2024-09-18 09:30:00
2024-09-18,12:30pm,CAD,BOC Summary of Deliberations,Non-economic,,,,2024-09-18 12:30:00
2024-09-18,1:00pm,USD,Federal Funds Rate,High,5.00%,5.25%,5.50%,2024-09-18 13:00:00
2024-09-18,1:00pm,USD,FOMC Economic Projections,High,,,,2024-09-18 13:00:00
2024-09-18,1:00pm,USD,FOMC Statement,High,,,,2024-09-18 13:00:00
2024-09-18,1:30pm,USD,FOMC Press Conference,High,,,,2024-09-18 13:30:00
2024-09-18,3:00pm,USD,TIC Long-Term Purchases,Non-economic,135.4B,54.9B,80.5B,2024-09-18 15:00:00
2024-09-18,5:45pm,NZD,GDP q/q,High,-0.2%,-0.4%,0.1%,2024-09-18 17:45:00
2024-09-18,8:30pm,AUD,Employment Change,High,47.5K,26.4K,48.9K,2024-09-18 20:30:00
2024-09-18,8:30pm,AUD,Unemployment Rate,High,4.2%,4.2%,4.2%,2024-09-18 20:30:00
2024-09-19,1:00am,CHF,Trade Balance,Non-economic,4.58B,5.05B,4.88B,2024-09-19 01:00:00
2024-09-19,2:00am,CHF,SECO Economic Forecasts,Non-economic,,,,2024-09-19 02:00:00
2024-09-19,3:00am,EUR,Current Account,Non-economic,39.6B,40.3B,50.5B,2024-09-19 03:00:00
2024-09-19,5:00am,EUR,German Buba Monthly Report,Non-economic,,,,2024-09-19 05:00:00
2024-09-19,6:00am,GBP,Monetary Policy Summary,High,,,,2024-09-19 06:00:00
2024-09-19,6:00am,GBP,MPC Official Bank Rate Votes,High,0-1-8,0-2-7,0-5-4,2024-09-19 06:00:00
2024-09-19,6:00am,GBP,Official Bank Rate,High,5.00%,5.00%,5.00%,2024-09-19 06:00:00
2024-09-19,6:30am,EUR,German Buba President Nagel Speaks,Non-economic,,,,2024-09-19 06:30:00
2024-09-19,7:00am,CAD,Gov Council Member Vincent Speaks,Non-economic,,,,2024-09-19 07:00:00
2024-09-19,7:30am,USD,Unemployment Claims,High,219K,230K,231K,2024-09-19 07:30:00
2024-09-19,7:30am,USD,Philly Fed Manufacturing Index,Medium,1.7,-0.8,-7.0,2024-09-19 07:30:00
2024-09-19,7:30am,USD,Current Account,Non-economic,-267B,-259B,-241B,2024-09-19 07:30:00
2024-09-19,9:00am,USD,Existing Home Sales,Medium,3.86M,3.92M,3.96M,2024-09-19 09:00:00
2024-09-19,9:00am,USD,CB Leading Index m/m,Non-economic,-0.2%,-0.3%,-0.6%,2024-09-19 09:00:00
2024-09-19,9:30am,USD,Natural Gas Storage,Non-economic,58B,53B,40B,2024-09-19 09:30:00
2024-09-19,6:01pm,GBP,GfK Consumer Confidence,Non-economic,-20,-13,-13,2024-09-19 18:01:00
2024-09-19,6:30pm,JPY,National Core CPI y/y,Non-economic,2.8%,2.8%,2.7%,2024-09-19 18:30:00
2024-09-19,8:00pm,CNY,1-y Loan Prime Rate,Medium,3.35%,3.35%,3.35%,2024-09-19 20:00:00
2024-09-19,8:00pm,CNY,5-y Loan Prime Rate,Medium,3.85%,3.85%,3.85%,2024-09-19 20:00:00
2024-09-19,9:52pm,JPY,BOJ Policy Rate,High,<0.25%,<0.25%,<0.25%,2024-09-19 21:52:00
2024-09-19,9:52pm,JPY,Monetary Policy Statement,High,,,,2024-09-19 21:52:00
2024-09-19,10:00pm,NZD,Credit Card Spending y/y,Non-economic,-3.1%,,-3.7%,2024-09-19 22:00:00
2024-09-20,1:00am,EUR,German PPI m/m,Non-economic,0.2%,0.0%,0.2%,2024-09-20 01:00:00
2024-09-20,1:00am,GBP,Retail Sales m/m,High,1.0%,0.3%,0.7%,2024-09-20 01:00:00
2024-09-20,1:00am,GBP,Public Sector Net Borrowing,Non-economic,13.7B,12.1B,3.1B,2024-09-20 01:00:00
2024-09-20,1:30am,JPY,BOJ Press Conference,High,,,,2024-09-20 01:30:00
2024-09-20,4:00am,GBP,MPC Member Mann Speaks,Non-economic,,,,2024-09-20 04:00:00
2024-09-20,7:15am,CAD,BOC Gov Macklem Speaks,High,,,,2024-09-20 07:15:00
2024-09-20,7:30am,CAD,Core Retail Sales m/m,High,0.4%,0.2%,0.3%,2024-09-20 07:30:00
2024-09-20,7:30am,CAD,Retail Sales m/m,High,0.9%,0.5%,-0.2%,2024-09-20 07:30:00
2024-09-20,7:30am,CAD,IPPI m/m,Non-economic,-0.8%,-0.3%,-0.1%,2024-09-20 07:30:00
2024-09-20,7:30am,CAD,RMPI m/m,Non-economic,-3.1%,-2.0%,0.7%,2024-09-20 07:30:00
2024-09-20,9:00am,EUR,Consumer Confidence,Non-economic,-13,-13,-13,2024-09-20 09:00:00
2024-09-20,10:00am,EUR,ECB President Lagarde Speaks,Medium,,,,2024-09-20 10:00:00
2024-09-20,10:30am,USD,FOMC Member Waller Speaks,Medium,,,,2024-09-20 10:30:00
2024-09-20,1:00pm,USD,FOMC Member Harker Speaks,Medium,,,,2024-09-20 13:00:00
2024-09-22,5:45pm,NZD,Trade Balance,Non-economic,-2203M,-155M,-1016M,2024-09-22 17:45:00
2024-09-22,6:00pm,AUD,Flash Manufacturing PMI,Non-economic,46.7,,48.5,2024-09-22 18:00:00
2024-09-22,6:00pm,AUD,Flash Services PMI,Non-economic,50.6,,52.5,2024-09-22 18:00:00
2024-09-22,All Day,JPY,Bank Holiday,Low,,,,2024-09-22 00:00:00
2024-09-23,2:15am,EUR,French Flash Manufacturing PMI,High,44.0,44.3,43.9,2024-09-23 02:15:00
2024-09-23,2:15am,EUR,French Flash Services PMI,High,48.3,53.0,55.0,2024-09-23 02:15:00
2024-09-23,2:30am,EUR,German Flash Manufacturing PMI,High,40.3,42.4,42.4,2024-09-23 02:30:00
2024-09-23,2:30am,EUR,German Flash Services PMI,High,50.6,51.1,51.2,2024-09-23 02:30:00
2024-09-23,3:00am,EUR,Flash Manufacturing PMI,Medium,44.8,45.7,45.8,2024-09-23 03:00:00
2024-09-23,3:00am,EUR,Flash Services PMI,Medium,50.5,52.3,52.9,2024-09-23 03:00:00
2024-09-23,3:30am,GBP,Flash Manufacturing PMI,High,51.5,52.3,52.5,2024-09-23 03:30:00
2024-09-23,3:30am,GBP,Flash Services PMI,High,52.8,53.5,53.7,2024-09-23 03:30:00
2024-09-23,5:00am,GBP,CBI Industrial Order Expectations,Non-economic,-35,-23,-22,2024-09-23 05:00:00
2024-09-23,7:00am,USD,FOMC Member Bostic Speaks,Non-economic,,,,2024-09-23 07:00:00
2024-09-23,7:10am,USD,FOMC Member Kashkari Speaks,Non-economic,,,,2024-09-23 07:10:00
2024-09-23,7:30am,CAD,NHPI m/m,Non-economic,0.0%,0.1%,0.2%,2024-09-23 07:30:00
2024-09-23,8:45am,USD,Flash Manufacturing PMI,High,47.0,48.6,47.9,2024-09-23 08:45:00
2024-09-23,8:45am,USD,Flash Services PMI,High,55.4,55.3,55.7,2024-09-23 08:45:00
2024-09-23,9:15am,USD,FOMC Member Goolsbee Speaks,Non-economic,,,,2024-09-23 09:15:00
2024-09-23,12:00pm,USD,FOMC Member Kashkari Speaks,Non-economic,,,,2024-09-23 12:00:00
2024-09-23,7:30pm,JPY,Flash Manufacturing PMI,Non-economic,49.6,49.9,49.8,2024-09-23 19:30:00
2024-09-23,11:30pm,AUD,Cash Rate,High,4.35%,4.35%,4.35%,2024-09-23 23:30:00
2024-09-23,11:30pm,AUD,RBA Rate Statement,High,,,,2024-09-23 23:30:00
2024-09-24,12:05am,JPY,BOJ Gov Ueda Speaks,High,,,,2024-09-24 00:05:00
2024-09-24,12:30am,AUD,RBA Press Conference,Medium,,,,2024-09-24 00:30:00
2024-09-24,3:00am,EUR,German ifo Business Climate,Medium,85.4,86.1,86.6,2024-09-24 03:00:00
2024-09-24,7:57am,EUR,Belgian NBB Business Climate,Non-economic,-13.3,-12.3,-12.6,2024-09-24 07:57:00
2024-09-24,8:00am,USD,S&P/CS Composite-20 HPI y/y,Medium,5.9%,5.9%,6.5%,2024-09-24 08:00:00
2024-09-24,8:00am,USD,FOMC Member Bowman Speaks,Non-economic,,,,2024-09-24 08:00:00
2024-09-24,8:00am,USD,HPI m/m,Non-economic,0.1%,0.2%,0.0%,2024-09-24 08:00:00
2024-09-24,8:59am,USD,Richmond Manufacturing Index,Medium,-21,-13,-19,2024-09-24 08:59:00
2024-09-24,9:00am,USD,CB Consumer Confidence,High,98.7,103.9,105.6,2024-09-24 09:00:00
2024-09-24,11:00am,EUR,German Buba President Nagel Speaks,Non-economic,,,,2024-09-24 11:00:00
2024-09-24,12:10pm,CAD,BOC Gov Macklem Speaks,High,,,,2024-09-24 12:10:00
2024-09-24,3:30pm,USD,API Weekly Statistical Bulletin,Non-economic,,,,2024-09-24 15:30:00
2024-09-24,6:50pm,JPY,SPPI y/y,Non-economic,2.7%,2.6%,2.7%,2024-09-24 18:50:00
2024-09-24,8:30pm,AUD,CPI y/y,High,2.7%,2.7%,3.5%,2024-09-24 20:30:00
2024-09-24,11:59pm,JPY,BOJ Core CPI y/y,Non-economic,1.8%,1.8%,1.8%,2024-09-24 23:59:00
2024-09-25,3:00am,CHF,UBS Economic Expectations,Non-economic,-8.8,,-3.4,2024-09-25 03:00:00
2024-09-25,3:00am,GBP,MPC Member Greene Speaks,Non-economic,,,,2024-09-25 03:00:00
2024-09-25,8:00am,CNY,CB Leading Index m/m,Non-economic,-0.2%,,0.0%,2024-09-25 08:00:00
2024-09-25,9:00am,USD,New Home Sales,Medium,716K,699K,751K,2024-09-25 09:00:00
2024-09-25,9:30am,USD,Crude Oil Inventories,Medium,-4.5M,-1.3M,-1.6M,2024-09-25 09:30:00
2024-09-25,3:00pm,USD,FOMC Member Kugler Speaks,Non-economic,,,,2024-09-25 15:00:00
2024-09-25,6:50pm,JPY,Monetary Policy Meeting Minutes,Non-economic,,,,2024-09-25 18:50:00
2024-09-25,8:30pm,AUD,RBA Financial Stability Review,Non-economic,,,,2024-09-25 20:30:00
2024-09-26,1:00am,EUR,German GfK Consumer Climate,Non-economic,-21.2,-22.4,-21.9,2024-09-26 01:00:00
2024-09-26,2:30am,CHF,SNB Monetary Policy Assessment,High,,,,2024-09-26 02:30:00
2024-09-26,2:30am,CHF,SNB Policy Rate,High,1.00%,1.00%,1.25%,2024-09-26 02:30:00
2024-09-26,3:00am,CHF,SNB Press Conference,High,,,,2024-09-26 03:00:00
2024-09-26,3:00am,EUR,ECB Economic Bulletin,Non-economic,,,,2024-09-26 03:00:00
2024-09-26,3:00am,EUR,M3 Money Supply y/y,Non-economic,2.9%,2.5%,2.3%,2024-09-26 03:00:00
2024-09-26,3:00am,EUR,Private Loans y/y,Non-economic,0.6%,0.6%,0.5%,2024-09-26 03:00:00
2024-09-26,7:30am,USD,Final GDP q/q,High,3.0%,3.0%,3.0%,2024-09-26 07:30:00
2024-09-26,7:30am,USD,Unemployment Claims,High,218K,224K,222K,2024-09-26 07:30:00
2024-09-26,7:30am,USD,Core Durable Goods Orders m/m,Medium,0.5%,0.1%,-0.2%,2024-09-26 07:30:00
2024-09-26,7:30am,USD,Durable Goods Orders m/m,Medium,0.0%,-2.8%,9.8%,2024-09-26 07:30:00
2024-09-26,7:30am,USD,Final GDP Price Index q/q,Medium,2.5%,2.5%,2.5%,2024-09-26 07:30:00
2024-09-26,8:10am,USD,FOMC Member Collins Speaks,Non-economic,,,,2024-09-26 08:10:00
2024-09-26,8:10am,USD,FOMC Member Kugler Speaks,Non-economic,,,,2024-09-26 08:10:00
2024-09-26,8:15am,USD,FOMC Member Bowman Speaks,Non-economic,,,,2024-09-26 08:15:00
2024-09-26,8:20am,USD,Fed Chairman Powell Speaks,High,,,,2024-09-26 08:20:00
2024-09-26,8:25am,USD,FOMC Member Williams Speaks,Non-economic,,,,2024-09-26 08:25:00
2024-09-26,8:30am,EUR,ECB President Lagarde Speaks,Medium,,,,2024-09-26 08:30:00
2024-09-26,9:00am,USD,Pending Home Sales m/m,Medium,0.6%,0.9%,-5.5%,2024-09-26 09:00:00
2024-09-26,9:30am,USD,FOMC Member Barr Speaks,Non-economic,,,,2024-09-26 09:30:00
2024-09-26,9:30am,USD,FOMC Member Cook Speaks,Non-economic,,,,2024-09-26 09:30:00
2024-09-26,9:30am,USD,Natural Gas Storage,Non-economic,47B,52B,58B,2024-09-26 09:30:00
2024-09-26,10:15am,USD,Treasury Sec Yellen Speaks,Medium,,,,2024-09-26 10:15:00
2024-09-26,12:00pm,USD,FOMC Member Barr Speaks,Non-economic,,,,2024-09-26 12:00:00
2024-09-26,12:00pm,USD,FOMC Member Kashkari Speaks,Non-economic,,,,2024-09-26 12:00:00
2024-09-26,5:00pm,USD,FOMC Member Cook Speaks,Non-economic,,,,2024-09-26 17:00:00
2024-09-26,6:30pm,JPY,Tokyo Core CPI y/y,Medium,2.0%,2.0%,2.4%,2024-09-26 18:30:00
2024-09-27,1:45am,EUR,French Consumer Spending m/m,Non-economic,0.2%,-0.1%,0.2%,2024-09-27 01:45:00
2024-09-27,1:45am,EUR,French Prelim CPI m/m,Non-economic,-1.2%,-0.7%,0.5%,2024-09-27 01:45:00
2024-09-27,2:00am,EUR,Spanish Flash CPI y/y,Medium,1.5%,1.9%,2.3%,2024-09-27 02:00:00
2024-09-27,2:55am,EUR,German Unemployment Change,Non-economic,17K,13K,4K,2024-09-27 02:55:00
2024-09-27,4:10am,EUR,Italian 10-y Bond Auction,Non-economic,3.43|1.6,,3.68|1.6,2024-09-27 04:10:00
2024-09-27,5:00am,GBP,CBI Realized Sales,Non-economic,4,-17,-27,2024-09-27 05:00:00
2024-09-27,6:15am,EUR,German Buba President Nagel Speaks,Non-economic,,,,2024-09-27 06:15:00
2024-09-27,7:30am,CAD,GDP m/m,High,0.2%,0.1%,0.0%,2024-09-27 07:30:00
2024-09-27,7:30am,USD,Core PCE Price Index m/m,High,0.1%,0.2%,0.2%,2024-09-27 07:30:00
2024-09-27,7:30am,USD,Goods Trade Balance,Non-economic,-94.3B,-100.6B,-102.8B,2024-09-27 07:30:00
2024-09-27,7:30am,USD,Personal Income m/m,Non-economic,0.2%,0.4%,0.3%,2024-09-27 07:30:00
2024-09-27,7:30am,USD,Personal Spending m/m,Non-economic,0.2%,0.3%,0.5%,2024-09-27 07:30:00
2024-09-27,7:30am,USD,Prelim Wholesale Inventories m/m,Non-economic,0.2%,0.2%,0.2%,2024-09-27 07:30:00
2024-09-27,9:00am,USD,Revised UoM Consumer Sentiment,Medium,70.1,69.3,69.0,2024-09-27 09:00:00
2024-09-27,9:00am,USD,Revised UoM Inflation Expectations,Non-economic,2.7%,,2.7%,2024-09-27 09:00:00
2024-09-27,12:15pm,USD,FOMC Member Bowman Speaks,Non-economic,,,,2024-09-27 12:15:00
2024-09-28,9:00am,NZD,Daylight Saving Time Shift,Low,,,,2024-09-28 09:00:00
2024-09-29,6:50pm,JPY,Prelim Industrial Production m/m,Non-economic,-3.3%,-0.5%,3.1%,2024-09-29 18:50:00
2024-09-29,6:50pm,JPY,Retail Sales y/y,Non-economic,2.8%,2.6%,2.7%,2024-09-29 18:50:00
2024-09-29,7:00pm,NZD,ANZ Business Confidence,Medium,60.9,,50.6,2024-09-29 19:00:00
2024-09-29,8:30pm,AUD,Private Sector Credit m/m,Non-economic,0.5%,0.5%,0.5%,2024-09-29 20:30:00
2024-09-29,8:30pm,CNY,Manufacturing PMI,High,49.8,49.4,49.1,2024-09-29 20:30:00
2024-09-29,8:30pm,CNY,Non-Manufacturing PMI,Medium,50.0,50.4,50.3,2024-09-29 20:30:00
2024-09-29,8:45pm,CNY,RatingDog Manufacturing PMI,Non-economic,49.3,50.5,50.4,2024-09-29 20:45:00
2024-09-29,8:45pm,CNY,RatingDog Services PMI,Non-economic,50.3,51.6,51.6,2024-09-29 20:45:00
2024-09-30,12:00am,JPY,Housing Starts y/y,Non-economic,-5.1%,-3.3%,-0.2%,2024-09-30 00:00:00
2024-09-30,1:00am,EUR,German Import Prices m/m,Non-economic,-0.4%,-0.4%,-0.4%,2024-09-30 01:00:00
2024-09-30,1:00am,GBP,Current Account,Non-economic,-28.4B,-32.5B,-13.8B,2024-09-30 01:00:00
2024-09-30,1:00am,GBP,Final GDP q/q,Non-economic,0.5%,0.6%,0.6%,2024-09-30 01:00:00
2024-09-30,1:00am,GBP,Nationwide HPI m/m,Non-economic,0.7%,0.3%,-0.2%,2024-09-30 01:00:00
2024-09-30,1:00am,GBP,Revised Business Investment q/q,Non-economic,1.4%,-0.1%,-0.1%,2024-09-30 01:00:00
2024-09-30,All Day,EUR,German Prelim CPI m/m,High,0.0%,0.1%,-0.1%,2024-09-30 00:00:00
2024-09-30,2:00am,CHF,KOF Economic Barometer,Non-economic,105.5,101.0,105.0,2024-09-30 02:00:00
2024-09-30,3:30am,GBP,M4 Money Supply m/m,Non-economic,-0.1%,0.2%,0.3%,2024-09-30 03:30:00
2024-09-30,3:30am,GBP,Mortgage Approvals,Non-economic,65K,64K,62K,2024-09-30 03:30:00
2024-09-30,3:30am,GBP,Net Lending to Individuals m/m,Non-economic,4.2B,4.1B,4.0B,2024-09-30 03:30:00
2024-09-30,4:00am,EUR,Italian Prelim CPI m/m,Non-economic,-0.2%,-0.2%,0.2%,2024-09-30 04:00:00
2024-09-30,All Day,CAD,Bank Holiday,Low,,,,2024-09-30 00:00:00
2024-09-30,7:50am,USD,FOMC Member Bowman Speaks,Non-economic,,,,2024-09-30 07:50:00
2024-09-30,8:00am,EUR,ECB President Lagarde Speaks,Medium,,,,2024-09-30 08:00:00
2024-09-30,8:45am,USD,Chicago PMI,Medium,46.6,46.1,46.1,2024-09-30 08:45:00
2024-09-30,12:55pm,USD,Fed Chairman Powell Speaks,High,,,,2024-09-30 12:55:00
2024-09-30,3:10pm,GBP,MPC Member Greene Speaks,Non-economic,,,,2024-09-30 15:10:00
2024-09-30,4:00pm,NZD,NZIER Business Confidence,Medium,-1,,-44,2024-09-30 16:00:00
2024-09-30,4:45pm,NZD,Building Consents m/m,Non-economic,-5.3%,,26.4%,2024-09-30 16:45:00
2024-09-30,6:01pm,GBP,BRC Shop Price Index y/y,Non-economic,-0.6%,,-0.3%,2024-09-30 18:01:00
2024-09-30,6:30pm,JPY,Unemployment Rate,Non-economic,2.5%,2.6%,2.7%,2024-09-30 18:30:00
2024-09-30,6:50pm,JPY,BOJ Summary of Opinions,Non-economic,,,,2024-09-30 18:50:00
2024-09-30,6:50pm,JPY,Tankan Manufacturing Index,Non-economic,13,12,13,2024-09-30 18:50:00
2024-09-30,6:50pm,JPY,Tankan Non-Manufacturing Index,Non-economic,34,32,33,2024-09-30 18:50:00
2024-09-30,All Day,CNY,Bank Holiday,Low,,,,2024-09-30 00:00:00
2024-09-30,7:30pm,JPY,Final Manufacturing PMI,Non-economic,49.7,49.6,49.6,2024-09-30 19:30:00
2024-09-30,8:30pm,AUD,Retail Sales m/m,Medium,0.7%,0.4%,0.1%,2024-09-30 20:30:00
2024-09-30,8:30pm,AUD,Building Approvals m/m,Non-economic,-6.1%,-4.3%,11.0%,2024-09-30 20:30:00
2024-10-01,1:30am,AUD,Commodity Prices y/y,Non-economic,-10.1%,,-6.0%,2024-10-01 01:30:00
2024-10-01,1:30am,CHF,Retail Sales y/y,Non-economic,3.2%,2.6%,2.9%,2024-10-01 01:30:00
2024-10-01,2:00am,EUR,German Buba President Nagel Speaks,Non-economic,,,,2024-10-01 02:00:00
2024-10-01,2:15am,EUR,Spanish Manufacturing PMI,Non-economic,53.0,50.2,50.5,2024-10-01 02:15:00
2024-10-01,2:30am,CHF,Manufacturing PMI,Non-economic,49.9,47.9,49.0,2024-10-01 02:30:00
2024-10-01,2:45am,EUR,Italian Manufacturing PMI,Non-economic,48.3,49.0,49.4,2024-10-01 02:45:00
2024-10-01,2:50am,EUR,French Final Manufacturing PMI,Non-economic,44.6,44.0,44.0,2024-10-01 02:50:00
2024-10-01,2:55am,EUR,German Final Manufacturing PMI,Non-economic,40.6,40.3,40.3,2024-10-01 02:55:00
2024-10-01,3:00am,EUR,Final Manufacturing PMI,Non-economic,45.0,44.8,44.8,2024-10-01 03:00:00
2024-10-01,3:30am,GBP,Final Manufacturing PMI,Non-economic,51.5,51.5,51.5,2024-10-01 03:30:00
2024-10-01,4:00am,EUR,Core CPI Flash Estimate y/y,High,2.7%,2.7%,2.8%,2024-10-01 04:00:00
2024-10-01,4:00am,EUR,CPI Flash Estimate y/y,High,1.8%,1.8%,2.2%,2024-10-01 04:00:00
2024-10-01,8:30am,CAD,Manufacturing PMI,Non-economic,50.4,,49.5,2024-10-01 08:30:00
2024-10-01,8:45am,USD,Final Manufacturing PMI,Medium,47.3,47.0,47.0,2024-10-01 08:45:00
2024-10-01,9:00am,GBP,MPC Member Pill Speaks,Non-economic,,,,2024-10-01 09:00:00
2024-10-01,9:00am,USD,ISM Manufacturing PMI,High,47.2,47.6,47.2,2024-10-01 09:00:00
2024-10-01,9:00am,USD,JOLTS Job Openings,High,8.04M,7.64M,7.71M,2024-10-01 09:00:00
2024-10-01,9:00am,USD,ISM Manufacturing Prices,Medium,48.3,53.5,54.0,2024-10-01 09:00:00
2024-10-01,9:00am,USD,Construction Spending m/m,Non-economic,-0.1%,0.2%,-0.5%,2024-10-01 09:00:00
2024-10-01,All Day,USD,Wards Total Vehicle Sales,Non-economic,15.8M,15.6M,15.1M,2024-10-01 00:00:00
2024-10-01,10:00am,USD,FOMC Member Bostic Speaks,Non-economic,,,,2024-10-01 10:00:00
2024-10-01,10:10am,USD,FOMC Member Cook Speaks,Non-economic,,,,2024-10-01 10:10:00
2024-10-01,10:15am,CHF,SNB Chairman Schlegel Speaks,High,,,,2024-10-01 10:15:00
2024-10-01,10:17am,NZD,GDT Price Index,Non-economic,1.2%,,0.8%,2024-10-01 10:17:00
2024-10-01,3:30pm,USD,API Weekly Statistical Bulletin,Non-economic,,,,2024-10-01 15:30:00
2024-10-01,5:15pm,USD,FOMC Member Barkin Speaks,Non-economic,,,,2024-10-01 17:15:00
2024-10-01,5:15pm,USD,FOMC Member Bostic Speaks,Non-economic,,,,2024-10-01 17:15:00
2024-10-01,5:15pm,USD,FOMC Member Collins Speaks,Non-economic,,,,2024-10-01 17:15:00
2024-10-01,6:50pm,JPY,Monetary Base y/y,Non-economic,-0.1%,0.8%,0.6%,2024-10-01 18:50:00
2024-10-01,All Day,CNY,Bank Holiday,Low,,,,2024-10-01 00:00:00
2024-10-02,12:00am,JPY,Consumer Confidence,Non-economic,36.9,37.1,36.7,2024-10-02 00:00:00
2024-10-02,2:00am,EUR,Spanish Unemployment Change,Non-economic,3.2K,12.1K,21.9K,2024-10-02 02:00:00
2024-10-02,2:48am,EUR,French Gov Budget Balance,Non-economic,-171.9B,,-156.9B,2024-10-02 02:48:00
2024-10-02,3:00am,EUR,Italian Monthly Unemployment Rate,Non-economic,6.2%,6.5%,6.4%,2024-10-02 03:00:00
2024-10-02,4:00am,EUR,Unemployment Rate,Non-economic,6.4%,6.4%,6.4%,2024-10-02 04:00:00
2024-10-02,All Day,All,OPEC-JMMC Meetings,Medium,,,,2024-10-02 00:00:00
2024-10-02,4:30am,GBP,FPC Meeting Minutes,Non-economic,,,,2024-10-02 04:30:00
2024-10-02,4:30am,GBP,FPC Statement,Non-economic,,,,2024-10-02 04:30:00
2024-10-02,4:32am,EUR,German 10-y Bond Auction,Non-economic,2.08|2.0,,2.11|2.1,2024-10-02 04:32:00
2024-10-02,7:15am,USD,ADP Non-Farm Employment Change,High,143K,124K,103K,2024-10-02 07:15:00
2024-10-02,8:00am,CHF,SNB Quarterly Bulletin,Non-economic,,,,2024-10-02 08:00:00
2024-10-02,8:00am,USD,FOMC Member Hammack Speaks,Non-economic,,,,2024-10-02 08:00:00
2024-10-02,9:05am,USD,FOMC Member Musalem Speaks,Non-economic,,,,2024-10-02 09:05:00
2024-10-02,9:30am,USD,Crude Oil Inventories,Medium,3.9M,-1.5M,-4.5M,2024-10-02 09:30:00
2024-10-02,10:00am,USD,FOMC Member Bowman Speaks,Non-economic,,,,2024-10-02 10:00:00
2024-10-02,11:15am,USD,FOMC Member Barkin Speaks,Non-economic,,,,2024-10-02 11:15:00
2024-10-02,7:00pm,NZD,ANZ Commodity Prices m/m,Non-economic,1.8%,,2.1%,2024-10-02 19:00:00
2024-10-02,All Day,CNY,Bank Holiday,Low,,,,2024-10-02 00:00:00
2024-10-02,8:30pm,AUD,Goods Trade Balance,Non-economic,5.64B,5.51B,5.64B,2024-10-02 20:30:00
2024-10-02,10:35pm,JPY,10-y Bond Auction,Non-economic,0.87|3.5,,0.92|3.2,2024-10-02 22:35:00
2024-10-03,All Day,EUR,German Bank Holiday,Low,,,,2024-10-03 00:00:00
2024-10-03,1:30am,CHF,CPI m/m,High,-0.3%,-0.1%,0.0%,2024-10-03 01:30:00
2024-10-03,2:15am,EUR,Spanish Services PMI,Non-economic,57.0,54.0,54.6,2024-10-03 02:15:00
2024-10-03,2:45am,EUR,Italian Services PMI,Non-economic,50.5,51.2,51.4,2024-10-03 02:45:00
2024-10-03,2:50am,EUR,French Final Services PMI,Non-economic,49.6,48.3,48.3,2024-10-03 02:50:00
2024-10-03,2:55am,EUR,German Final Services PMI,Non-economic,50.6,50.6,50.6,2024-10-03 02:55:00
2024-10-03,3:00am,EUR,Final Services PMI,Non-economic,51.4,50.5,50.5,2024-10-03 03:00:00
2024-10-03,3:30am,GBP,Final Services PMI,Non-economic,52.4,52.8,52.8,2024-10-03 03:30:00
2024-10-03,3:59am,EUR,French 10-y Bond Auction,Non-economic,2.92|2.1,,2.95|2.2,2024-10-03 03:59:00
2024-10-03,4:00am,EUR,PPI m/m,Non-economic,0.6%,0.4%,0.7%,2024-10-03 04:00:00
2024-10-03,6:30am,USD,Challenger Job Cuts y/y,Non-economic,53.4%,,1.0%,2024-10-03 06:30:00
2024-10-03,7:30am,USD,Unemployment Claims,High,225K,222K,219K,2024-10-03 07:30:00
2024-10-03,8:45am,USD,Final Services PMI,Medium,55.2,55.4,55.4,2024-10-03 08:45:00
2024-10-03,9:00am,USD,ISM Services PMI,High,54.9,51.7,51.5,2024-10-03 09:00:00
2024-10-03,9:00am,USD,Factory Orders m/m,Non-economic,-0.2%,0.1%,4.9%,2024-10-03 09:00:00
2024-10-03,9:00am,USD,FOMC Member Schmid Speaks,Non-economic,,,,2024-10-03 09:00:00
2024-10-03,9:30am,USD,Natural Gas Storage,Non-economic,55B,59B,47B,2024-10-03 09:30:00
2024-10-03,9:40am,USD,FOMC Member Bostic Speaks,Non-economic,,,,2024-10-03 09:40:00
2024-10-03,All Day,CNY,Bank Holiday,Low,,,,2024-10-03 00:00:00
2024-10-03,8:30pm,AUD,Household Spending m/m,Non-economic,0.0%,,0.0%,2024-10-03 20:30:00
2024-10-04,12:45am,CHF,Unemployment Rate,Non-economic,2.6%,2.6%,2.5%,2024-10-04 00:45:00
2024-10-04,1:45am,EUR,French Industrial Production m/m,Non-economic,1.4%,0.3%,0.2%,2024-10-04 01:45:00
2024-10-04,2:55am,GBP,MPC Member Pill Speaks,Non-economic,,,,2024-10-04 02:55:00
2024-10-04,3:30am,GBP,Construction PMI,Medium,57.2,53.1,53.6,2024-10-04 03:30:00
2024-10-04,3:30am,GBP,Housing Equity Withdrawal q/q,Non-economic,-14.7B,-20.3B,-23.0B,2024-10-04 03:30:00
2024-10-04,5:00am,EUR,Italian Retail Sales m/m,Non-economic,-0.5%,0.2%,0.5%,2024-10-04 05:00:00
2024-10-04,7:30am,USD,Average Hourly Earnings m/m,High,0.4%,0.3%,0.5%,2024-10-04 07:30:00
2024-10-04,7:30am,USD,Non-Farm Employment Change,High,254K,147K,159K,2024-10-04 07:30:00
2024-10-04,7:30am,USD,Unemployment Rate,High,4.1%,4.2%,4.2%,2024-10-04 07:30:00
2024-10-04,8:00am,USD,FOMC Member Williams Speaks,Non-economic,,,,2024-10-04 08:00:00
2024-10-04,9:00am,CAD,Ivey PMI,Medium,53.1,50.3,48.2,2024-10-04 09:00:00
2024-10-04,9:00am,USD,FOMC Member Goolsbee Speaks,Non-economic,,,,2024-10-04 09:00:00
2024-10-04,9:30am,USD,FOMC Member Goolsbee Speaks,Non-economic,,,,2024-10-04 09:30:00
2024-10-04,3:00pm,USD,FOMC Member Goolsbee Speaks,Non-economic,,,,2024-10-04 15:00:00
2024-10-05,11:00am,AUD,Daylight Saving Time Shift,Low,,,,2024-10-05 11:00:00
2024-10-06,All Day,AUD,Bank Holiday,Low,,,,2024-10-06 00:00:00
2024-10-06,7:00pm,AUD,MI Inflation Gauge m/m,Non-economic,0.1%,,-0.1%,2024-10-06 19:00:00
2024-10-06,All Day,CNY,Bank Holiday,Low,,,,2024-10-06 00:00:00
2024-10-07,12:00am,JPY,Leading Indicators,Non-economic,106.7%,107.2%,109.3%,2024-10-07 00:00:00
2024-10-07,1:00am,EUR,German Factory Orders m/m,Non-economic,-5.8%,-1.9%,3.9%,2024-10-07 01:00:00
2024-10-07,1:00am,GBP,Halifax HPI m/m,Non-economic,0.3%,0.2%,0.3%,2024-10-07 01:00:00
2024-10-07,2:00am,CHF,Foreign Currency Reserves,Non-economic,716B,,694B,2024-10-07 02:00:00
2024-10-07,3:30am,EUR,Sentix Investor Confidence,Non-economic,-13.8,-14.6,-15.4,2024-10-07 03:30:00
2024-10-07,4:00am,EUR,Retail Sales m/m,Non-economic,0.2%,0.2%,0.0%,2024-10-07 04:00:00
2024-10-07,All Day,EUR,Eurogroup Meetings,Non-economic,,,,2024-10-07 00:00:00
2024-10-07,9:30am,EUR,German Buba President Nagel Speaks,Non-economic,,,,2024-10-07 09:30:00
2024-10-07,12:00pm,USD,FOMC Member Bowman Speaks,Non-economic,,,,2024-10-07 12:00:00
2024-10-07,12:50pm,USD,FOMC Member Kashkari Speaks,Non-economic,,,,2024-10-07 12:50:00
2024-10-07,2:00pm,USD,Consumer Credit m/m,Non-economic,8.9B,11.8B,26.6B,2024-10-07 14:00:00
2024-10-07,5:30pm,USD,FOMC Member Musalem Speaks,Non-economic,,,,2024-10-07 17:30:00
2024-10-07,6:01pm,GBP,BRC Retail Sales Monitor y/y,Non-economic,1.7%,0.8%,0.8%,2024-10-07 18:01:00
2024-10-07,6:30pm,AUD,Westpac Consumer Sentiment,Non-economic,6.2%,,-0.5%,2024-10-07 18:30:00
2024-10-07,6:30pm,JPY,Average Cash Earnings y/y,Non-economic,3.0%,3.0%,3.4%,2024-10-07 18:30:00
2024-10-07,6:30pm,JPY,Household Spending y/y,Non-economic,-1.9%,-2.5%,0.1%,2024-10-07 18:30:00
2024-10-07,6:50pm,JPY,Current Account,Non-economic,3.02T,2.43T,2.80T,2024-10-07 18:50:00
2024-10-07,7:30pm,AUD,Monetary Policy Meeting Minutes,Medium,,,,2024-10-07 19:30:00
2024-10-07,7:30pm,AUD,ANZ Job Advertisements m/m,Non-economic,1.6%,,-1.8%,2024-10-07 19:30:00
2024-10-07,7:30pm,AUD,NAB Business Confidence,Non-economic,-2,,-5,2024-10-07 19:30:00
2024-10-07,8:00pm,AUD,RBA Deputy Gov Hauser Speaks,Non-economic,,,,2024-10-07 20:00:00
2024-10-07,10:35pm,JPY,30-y Bond Auction,Non-economic,2.15|3.3,,2.04|3.4,2024-10-07 22:35:00
2024-10-08,12:00am,JPY,Economy Watchers Sentiment,Non-economic,47.8,49.3,49.0,2024-10-08 00:00:00
2024-10-08,1:00am,EUR,German Industrial Production m/m,Non-economic,2.9%,0.8%,-2.9%,2024-10-08 01:00:00
2024-10-08,1:45am,EUR,French Trade Balance,Non-economic,-7.4B,-5.5B,-6.0B,2024-10-08 01:45:00
2024-10-08,2:00am,USD,FOMC Member Kugler Speaks,Non-economic,,,,2024-10-08 02:00:00
2024-10-08,All Day,EUR,ECOFIN Meetings,Non-economic,,,,2024-10-08 00:00:00
2024-10-08,5:00am,USD,NFIB Small Business Index,Non-economic,91.5,92.0,91.2,2024-10-08 05:00:00
2024-10-08,7:30am,USD,Trade Balance,Non-economic,-70.4B,-70.1B,-78.9B,2024-10-08 07:30:00
2024-10-08,8:00am,CAD,Trade Balance,Non-economic,-1.1B,-0.4B,-0.3B,2024-10-08 08:00:00
2024-10-08,9:00am,USD,RCM/TIPP Economic Optimism,Non-economic,46.9,47.2,46.1,2024-10-08 09:00:00
2024-10-08,11:45am,USD,FOMC Member Bostic Speaks,Non-economic,,,,2024-10-08 11:45:00
2024-10-08,12:00pm,EUR,German Buba President Nagel Speaks,Non-economic,,,,2024-10-08 12:00:00
2024-10-08,3:00pm,USD,FOMC Member Collins Speaks,Non-economic,,,,2024-10-08 15:00:00
2024-10-08,3:30pm,USD,API Weekly Statistical Bulletin,Non-economic,,,,2024-10-08 15:30:00
2024-10-08,6:30pm,USD,FOMC Member Jefferson Speaks,Non-economic,,,,2024-10-08 18:30:00
2024-10-08,7:00pm,AUD,RBA Assist Gov Kent Speaks,Non-economic,,,,2024-10-08 19:00:00
2024-10-08,8:00pm,NZD,Official Cash Rate,High,4.75%,4.75%,5.25%,2024-10-08 20:00:00
2024-10-08,8:00pm,NZD,RBNZ Rate Statement,High,,,,2024-10-08 20:00:00
2024-10-09,12:59am,JPY,Prelim Machine Tool Orders y/y,Non-economic,-6.5%,,-3.5%,2024-10-09 00:59:00
2024-10-09,1:00am,EUR,German Trade Balance,Non-economic,22.5B,18.9B,16.9B,2024-10-09 01:00:00
2024-10-09,4:08am,GBP,10-y Bond Auction,Non-economic,4.17|3.3,,3.76|2.8,2024-10-09 04:08:00
2024-10-09,7:00am,USD,FOMC Member Bostic Speaks,Non-economic,,,,2024-10-09 07:00:00
2024-10-09,8:15am,USD,FOMC Member Logan Speaks,Non-economic,,,,2024-10-09 08:15:00
2024-10-09,9:00am,USD,Final Wholesale Inventories m/m,Non-economic,0.1%,0.2%,0.2%,2024-10-09 09:00:00
2024-10-09,9:30am,USD,Crude Oil Inventories,Medium,5.8M,2.0M,3.9M,2024-10-09 09:30:00
2024-10-09,9:30am,USD,FOMC Member Goolsbee Speaks,Non-economic,,,,2024-10-09 09:30:00
2024-10-09,11:30am,USD,FOMC Member Jefferson Speaks,Non-economic,,,,2024-10-09 11:30:00
2024-10-09,12:01pm,USD,10-y Bond Auction,Non-economic,4.07|2.5,,3.65|2.6,2024-10-09 12:01:00
2024-10-09,1:00pm,USD,FOMC Meeting Minutes,High,,,,2024-10-09 13:00:00
2024-10-09,4:00pm,USD,FOMC Member Collins Speaks,Non-economic,,,,2024-10-09 16:00:00
2024-10-09,5:00pm,USD,FOMC Member Daly Speaks,Non-economic,,,,2024-10-09 17:00:00
2024-10-09,6:01pm,GBP,RICS House Price Balance,Non-economic,11%,9%,0%,2024-10-09 18:01:00
2024-10-09,6:50pm,JPY,Bank Lending y/y,Non-economic,2.7%,2.9%,3.0%,2024-10-09 18:50:00
2024-10-09,6:50pm,JPY,PPI y/y,Non-economic,2.8%,2.3%,2.6%,2024-10-09 18:50:00
2024-10-09,7:00pm,AUD,MI Inflation Expectations,Non-economic,4.0%,,4.4%,2024-10-09 19:00:00
2024-10-10,May Data,EUR,German Retail Sales m/m,Non-economic,-1.4%,,-1.2%,2024-10-10 00:00:00
2024-10-10,June Data,EUR,German Retail Sales m/m,Non-economic,-1.1%,,-1.4%,2024-10-10 00:00:00
2024-10-10,July Data,EUR,German Retail Sales m/m,Non-economic,1.5%,,-1.1%,2024-10-10 00:00:00
2024-10-10,1:00am,EUR,German Retail Sales m/m,Non-economic,1.6%,,1.5%,2024-10-10 01:00:00
2024-10-10,2:45am,AUD,RBA Assist Gov Hunter Speaks,Non-economic,,,,2024-10-10 02:45:00
2024-10-10,3:00am,EUR,Italian Industrial Production m/m,Non-economic,0.1%,0.3%,-1.0%,2024-10-10 03:00:00
2024-10-10,3:30am,GBP,BOE Credit Conditions Survey,Non-economic,,,,2024-10-10 03:30:00
2024-10-10,6:30am,EUR,ECB Monetary Policy Meeting Accounts,Non-economic,,,,2024-10-10 06:30:00
2024-10-10,7:30am,USD,Core CPI m/m,High,0.3%,0.2%,0.3%,2024-10-10 07:30:00
2024-10-10,7:30am,USD,CPI m/m,High,0.2%,0.1%,0.2%,2024-10-10 07:30:00
2024-10-10,7:30am,USD,CPI y/y,High,2.4%,2.3%,2.5%,2024-10-10 07:30:00
2024-10-10,7:30am,USD,Unemployment Claims,High,258K,231K,225K,2024-10-10 07:30:00
2024-10-10,8:15am,USD,FOMC Member Cook Speaks,Non-economic,,,,2024-10-10 08:15:00
2024-10-10,9:30am,USD,FOMC Member Barkin Speaks,Non-economic,,,,2024-10-10 09:30:00
2024-10-10,9:30am,USD,Natural Gas Storage,Non-economic,82B,73B,55B,2024-10-10 09:30:00
2024-10-10,10:00am,USD,FOMC Member Williams Speaks,Non-economic,,,,2024-10-10 10:00:00
2024-10-10,10:30am,CHF,Gov Board Member Martin Speaks,Non-economic,,,,2024-10-10 10:30:00
2024-10-10,12:01pm,USD,30-y Bond Auction,Non-economic,4.39|2.5,,4.02|2.4,2024-10-10 12:01:00
2024-10-10,4:30pm,NZD,BusinessNZ Manufacturing Index,Non-economic,46.9,,46.1,2024-10-10 16:30:00
2024-10-10,4:45pm,NZD,FPI m/m,Non-economic,0.5%,,0.2%,2024-10-10 16:45:00
2024-10-10,4:45pm,NZD,Visitor Arrivals m/m,Non-economic,-4.3%,,2.2%,2024-10-10 16:45:00
2024-10-10,6:50pm,JPY,M2 Money Stock y/y,Non-economic,1.3%,1.5%,1.3%,2024-10-10 18:50:00
2024-10-11,1:00am,EUR,German Final CPI m/m,Non-economic,0.0%,0.0%,0.0%,2024-10-11 01:00:00
2024-10-11,1:00am,GBP,GDP m/m,High,0.2%,0.2%,0.0%,2024-10-11 01:00:00
2024-10-11,1:00am,GBP,Construction Output m/m,Non-economic,0.4%,0.5%,-0.4%,2024-10-11 01:00:00
2024-10-11,1:00am,GBP,Goods Trade Balance,Non-economic,-15.1B,-18.8B,-18.9B,2024-10-11 01:00:00
2024-10-11,1:00am,GBP,Index of Services 3m/3m,Non-economic,0.1%,0.3%,0.4%,2024-10-11 01:00:00
2024-10-11,1:00am,GBP,Industrial Production m/m,Non-economic,0.5%,0.2%,-0.7%,2024-10-11 01:00:00
2024-10-11,1:00am,GBP,Manufacturing Production m/m,Non-economic,1.1%,0.3%,-1.2%,2024-10-11 01:00:00
2024-10-11,2:00am,CHF,SECO Consumer Climate,Non-economic,-34,-33,-35,2024-10-11 02:00:00
2024-10-11,7:30am,CAD,Employment Change,High,46.7K,29.8K,22.1K,2024-10-11 07:30:00
2024-10-11,7:30am,CAD,Unemployment Rate,High,6.5%,6.7%,6.6%,2024-10-11 07:30:00
2024-10-11,7:30am,CAD,Building Permits m/m,Non-economic,-7.0%,-7.5%,20.8%,2024-10-11 07:30:00
2024-10-11,7:30am,USD,Core PPI m/m,High,0.2%,0.2%,0.3%,2024-10-11 07:30:00
2024-10-11,7:30am,USD,PPI m/m,High,0.0%,0.1%,0.2%,2024-10-11 07:30:00
2024-10-11,7:32am,GBP,NIESR GDP Estimate,Non-economic,0.2%,,0.2%,2024-10-11 07:32:00
2024-10-11,8:30am,GBP,CB Leading Index m/m,Non-economic,0.0%,,-0.3%,2024-10-11 08:30:00
2024-10-11,8:45am,USD,FOMC Member Goolsbee Speaks,Non-economic,,,,2024-10-11 08:45:00
2024-10-11,9:00am,USD,Prelim UoM Consumer Sentiment,Medium,68.9,70.9,70.1,2024-10-11 09:00:00
2024-10-11,9:00am,USD,Prelim UoM Inflation Expectations,Medium,2.9%,,2.7%,2024-10-11 09:00:00
2024-10-11,9:30am,CAD,BOC Business Outlook Survey,Non-economic,,,,2024-10-11 09:30:00
2024-10-11,9:45am,USD,FOMC Member Logan Speaks,Non-economic,,,,2024-10-11 09:45:00
2024-10-11,12:10pm,USD,FOMC Member Bowman Speaks,Non-economic,,,,2024-10-11 12:10:00
2024-10-12,8:30pm,CNY,CPI y/y,Medium,0.4%,0.6%,0.6%,2024-10-12 20:30:00
2024-10-12,8:30pm,CNY,PPI y/y,Medium,-2.8%,-2.5%,-1.8%,2024-10-12 20:30:00
2024-10-13,3:15pm,NZD,RBNZ Gov Orr Speaks,Medium,,,,2024-10-13 15:15:00
2024-10-13,4:30pm,NZD,BusinessNZ Services Index,Non-economic,45.7,,45.7,2024-10-13 16:30:00
2024-10-13,All Day,JPY,Bank Holiday,Low,,,,2024-10-13 00:00:00
2024-10-14,1:15am,EUR,German Buba President Nagel Speaks,Non-economic,,,,2024-10-14 01:15:00
2024-10-14,1:30am,CHF,PPI m/m,Non-economic,-0.1%,0.1%,0.2%,2024-10-14 01:30:00
2024-10-14,1:30am,GBP,MPC Member Dhingra Speaks,Non-economic,,,,2024-10-14 01:30:00
2024-10-14,3:12am,CNY,USD-Denominated Trade Balance,Non-economic,81.7B,91.5B,91.0B,2024-10-14 03:12:00
2024-10-14,3:13am,CNY,Trade Balance,Non-economic,583B,651B,649B,2024-10-14 03:13:00
2024-10-14,4:01am,CNY,M2 Money Supply y/y,Non-economic,6.8%,6.4%,6.3%,2024-10-14 04:01:00
2024-10-14,4:02am,CNY,New Loans,Medium,1590B,1090B,900B,2024-10-14 04:02:00
2024-10-14,All Day,CAD,Bank Holiday,Low,,,,2024-10-14 00:00:00
2024-10-14,All Day,USD,Bank Holiday,Low,,,,2024-10-14 00:00:00
2024-10-14,8:00am,USD,FOMC Member Kashkari Speaks,Non-economic,,,,2024-10-14 08:00:00
2024-10-14,2:00pm,USD,FOMC Member Waller Speaks,Medium,,,,2024-10-14 14:00:00
2024-10-14,4:00pm,USD,FOMC Member Kashkari Speaks,Non-economic,,,,2024-10-14 16:00:00
2024-10-14,11:30pm,JPY,Revised Industrial Production m/m,Non-economic,-3.3%,-3.3%,-3.3%,2024-10-14 23:30:00
2024-10-15,1:00am,EUR,German WPI m/m,Non-economic,-0.3%,0.2%,-0.8%,2024-10-15 01:00:00
2024-10-15,1:00am,GBP,Claimant Count Change,High,27.9K,20.2K,0.3K,2024-10-15 01:00:00
2024-10-15,1:00am,GBP,Average Earnings Index 3m/y,Medium,3.8%,3.8%,4.1%,2024-10-15 01:00:00
2024-10-15,1:00am,GBP,Unemployment Rate,Non-economic,4.0%,4.1%,4.1%,2024-10-15 01:00:00
2024-10-15,1:45am,EUR,French Final CPI m/m,Non-economic,-1.2%,-1.2%,-1.2%,2024-10-15 01:45:00
2024-10-15,4:00am,EUR,German ZEW Economic Sentiment,Medium,13.1,10.2,3.6,2024-10-15 04:00:00
2024-10-15,4:00am,EUR,Industrial Production m/m,Non-economic,1.8%,1.8%,-0.5%,2024-10-15 04:00:00
2024-10-15,4:00am,EUR,ZEW Economic Sentiment,Non-economic,20.1,16.9,9.3,2024-10-15 04:00:00
2024-10-15,7:30am,CAD,CPI m/m,High,-0.4%,-0.2%,-0.2%,2024-10-15 07:30:00
2024-10-15,7:30am,CAD,Median CPI y/y,High,2.3%,2.3%,2.3%,2024-10-15 07:30:00
2024-10-15,7:30am,CAD,Trimmed CPI y/y,High,2.4%,2.4%,2.4%,2024-10-15 07:30:00
2024-10-15,7:30am,CAD,Common CPI y/y,Medium,2.1%,2.1%,1.9%,2024-10-15 07:30:00
2024-10-15,7:30am,CAD,Wholesale Sales m/m,Non-economic,-0.6%,-1.1%,0.3%,2024-10-15 07:30:00
2024-10-15,7:30am,USD,Empire State Manufacturing Index,Medium,-11.9,3.4,11.5,2024-10-15 07:30:00
2024-10-15,7:32am,CAD,Core CPI m/m,Non-economic,0.0%,,-0.1%,2024-10-15 07:32:00
2024-10-15,9:41am,NZD,GDT Price Index,Non-economic,-0.3%,,1.2%,2024-10-15 09:41:00
2024-10-15,10:30am,USD,FOMC Member Daly Speaks,Non-economic,,,,2024-10-15 10:30:00
2024-10-15,12:00pm,USD,FOMC Member Kugler Speaks,Non-economic,,,,2024-10-15 12:00:00
2024-10-15,4:45pm,NZD,CPI q/q,High,0.6%,0.7%,0.4%,2024-10-15 16:45:00
2024-10-15,5:00pm,AUD,RBA Assist Gov Hunter Speaks,Non-economic,,,,2024-10-15 17:00:00
2024-10-15,6:30pm,AUD,MI Leading Index m/m,Non-economic,0.0%,,0.0%,2024-10-15 18:30:00
2024-10-15,6:50pm,JPY,Core Machinery Orders m/m,Non-economic,-1.9%,0.1%,-0.1%,2024-10-15 18:50:00
2024-10-16,1:00am,GBP,CPI y/y,High,1.7%,1.9%,2.2%,2024-10-16 01:00:00
2024-10-16,1:00am,GBP,Core CPI y/y,Non-economic,3.2%,3.4%,3.6%,2024-10-16 01:00:00
2024-10-16,1:00am,GBP,PPI Input m/m,Non-economic,-1.0%,-0.5%,-0.3%,2024-10-16 01:00:00
2024-10-16,1:00am,GBP,PPI Output m/m,Non-economic,-0.5%,-0.3%,-0.3%,2024-10-16 01:00:00
2024-10-16,1:00am,GBP,RPI y/y,Non-economic,2.7%,3.1%,3.5%,2024-10-16 01:00:00
2024-10-16,3:30am,GBP,HPI y/y,Non-economic,2.8%,2.5%,1.8%,2024-10-16 03:30:00
2024-10-16,4:34am,EUR,German 30-y Bond Auction,Non-economic,2.49|3.6,,2.44|2.7,2024-10-16 04:34:00
2024-10-16,7:15am,CAD,Housing Starts,Non-economic,224K,235K,213K,2024-10-16 07:15:00
2024-10-16,7:30am,CAD,Manufacturing Sales m/m,Non-economic,-1.3%,-1.5%,1.1%,2024-10-16 07:30:00
2024-10-16,7:30am,USD,Import Prices m/m,Non-economic,-0.4%,-0.3%,-0.2%,2024-10-16 07:30:00
2024-10-16,9:30am,AUD,CB Leading Index m/m,Non-economic,0.0%,,0.0%,2024-10-16 09:30:00
2024-10-16,1:40pm,EUR,ECB President Lagarde Speaks,Medium,,,,2024-10-16 13:40:00
2024-10-16,3:30pm,USD,API Weekly Statistical Bulletin,Non-economic,,,,2024-10-16 15:30:00
2024-10-16,6:50pm,JPY,Trade Balance,Non-economic,-0.19T,-0.49T,-0.47T,2024-10-16 18:50:00
2024-10-16,7:30pm,AUD,Employment Change,High,64.1K,25.2K,42.6K,2024-10-16 19:30:00
2024-10-16,7:30pm,AUD,Unemployment Rate,High,4.1%,4.2%,4.1%,2024-10-16 19:30:00
2024-10-16,7:30pm,AUD,RBA Bulletin,Non-economic,,,,2024-10-16 19:30:00
2024-10-16,7:32pm,AUD,NAB Quarterly Business Confidence,Non-economic,-6,,-2,2024-10-16 19:32:00
2024-10-16,11:30pm,JPY,Tertiary Industry Activity m/m,Non-economic,-1.1%,-0.2%,2.2%,2024-10-16 23:30:00
2024-10-17,1:00am,CHF,Trade Balance,Non-economic,4.95B,4.85B,4.74B,2024-10-17 01:00:00
2024-10-17,3:47am,EUR,Spanish 10-y Bond Auction,Non-economic,2.92|1.7,,3.04|2.1,2024-10-17 03:47:00
2024-10-17,4:00am,EUR,Final Core CPI y/y,Non-economic,2.7%,2.7%,2.7%,2024-10-17 04:00:00
2024-10-17,4:00am,EUR,Final CPI y/y,Non-economic,1.7%,1.8%,1.8%,2024-10-17 04:00:00
2024-10-17,4:00am,EUR,Italian Trade Balance,Non-economic,1.43B,5.55B,6.82B,2024-10-17 04:00:00
2024-10-17,4:00am,EUR,Trade Balance,Non-economic,11.0B,17.8B,13.7B,2024-10-17 04:00:00
2024-10-17,7:15am,EUR,Main Refinancing Rate,High,3.40%,3.40%,3.65%,2024-10-17 07:15:00
2024-10-17,7:15am,EUR,Monetary Policy Statement,High,,,,2024-10-17 07:15:00
2024-10-17,7:30am,CAD,Foreign Securities Purchases,Non-economic,9.97B,9.50B,10.97B,2024-10-17 07:30:00
2024-10-17,7:30am,USD,Core Retail Sales m/m,High,0.5%,0.1%,0.2%,2024-10-17 07:30:00
2024-10-17,7:30am,USD,Retail Sales m/m,High,0.4%,0.3%,0.1%,2024-10-17 07:30:00
2024-10-17,7:30am,USD,Unemployment Claims,High,241K,241K,260K,2024-10-17 07:30:00
2024-10-17,7:30am,USD,Philly Fed Manufacturing Index,Medium,10.3,4.2,1.7,2024-10-17 07:30:00
2024-10-17,7:45am,EUR,ECB Press Conference,High,,,,2024-10-17 07:45:00
2024-10-17,8:15am,USD,Capacity Utilization Rate,Non-economic,77.5%,77.9%,77.8%,2024-10-17 08:15:00
2024-10-17,8:15am,USD,Industrial Production m/m,Non-economic,-0.3%,-0.1%,0.3%,2024-10-17 08:15:00
2024-10-17,9:00am,USD,Business Inventories m/m,Non-economic,0.3%,0.3%,0.3%,2024-10-17 09:00:00
2024-10-17,9:00am,USD,NAHB Housing Market Index,Non-economic,43,43,41,2024-10-17 09:00:00
2024-10-17,9:30am,USD,Natural Gas Storage,Non-economic,76B,80B,82B,2024-10-17 09:30:00
2024-10-17,10:00am,USD,Crude Oil Inventories,Medium,-2.2M,1.8M,5.8M,2024-10-17 10:00:00
2024-10-17,10:00am,USD,FOMC Member Goolsbee Speaks,Non-economic,,,,2024-10-17 10:00:00
2024-10-17,2:00pm,USD,Treasury Sec Yellen Speaks,Medium,,,,2024-10-17 14:00:00
2024-10-17,3:00pm,USD,TIC Long-Term Purchases,Non-economic,111.4B,58.9B,137.9B,2024-10-17 15:00:00
2024-10-17,6:30pm,JPY,National Core CPI y/y,Non-economic,2.4%,2.3%,2.8%,2024-10-17 18:30:00
2024-10-17,8:30pm,CNY,New Home Prices m/m,Non-economic,-0.71%,,-0.73%,2024-10-17 20:30:00
2024-10-17,9:00pm,CNY,GDP q/y,Medium,4.6%,4.6%,4.7%,2024-10-17 21:00:00
2024-10-17,9:00pm,CNY,Industrial Production y/y,Medium,5.4%,4.6%,4.5%,2024-10-17 21:00:00
2024-10-17,9:00pm,CNY,Retail Sales y/y,Medium,3.2%,2.5%,2.1%,2024-10-17 21:00:00
2024-10-17,9:00pm,CNY,Fixed Asset Investment ytd/y,Non-economic,3.4%,3.3%,3.4%,2024-10-17 21:00:00
2024-10-17,9:00pm,CNY,NBS Press Conference,Non-economic,,,,2024-10-17 21:00:00
2024-10-17,9:00pm,CNY,Unemployment Rate,Non-economic,5.1%,5.3%,5.3%,2024-10-17 21:00:00
2024-10-18,1:00am,GBP,Retail Sales m/m,High,0.3%,-0.4%,1.0%,2024-10-18 01:00:00
2024-10-18,3:00am,EUR,Current Account,Non-economic,31.5B,42.2B,40.8B,2024-10-18 03:00:00
2024-10-18,7:30am,USD,Building Permits,Medium,1.43M,1.45M,1.47M,2024-10-18 07:30:00
2024-10-18,7:30am,USD,Housing Starts,Non-economic,1.35M,1.35M,1.36M,2024-10-18 07:30:00
2024-10-18,11:10am,USD,FOMC Member Waller Speaks,Medium,,,,2024-10-18 11:10:00
2024-10-18,11:30am,USD,FOMC Member Bostic Speaks,Non-economic,,,,2024-10-18 11:30:00
2024-10-18,3:00pm,USD,Federal Budget Balance,Non-economic,64.3B,43.5B,-380.1B,2024-10-18 15:00:00
2024-10-20,6:01pm,GBP,Rightmove HPI m/m,Non-economic,0.3%,,0.8%,2024-10-20 18:01:00
2024-10-20,8:00pm,AUD,RBA Deputy Gov Hauser Speaks,Non-economic,,,,2024-10-20 20:00:00
2024-10-20,8:00pm,CNY,1-y Loan Prime Rate,Medium,3.10%,3.15%,3.35%,2024-10-20 20:00:00
2024-10-20,8:00pm,CNY,5-y Loan Prime Rate,Medium,3.60%,3.65%,3.85%,2024-10-20 20:00:00
2024-10-20,9:00pm,NZD,Credit Card Spending y/y,Non-economic,-3.2%,,-3.1%,2024-10-20 21:00:00
2024-10-21,1:00am,EUR,German PPI m/m,Non-economic,-0.5%,-0.2%,0.2%,2024-10-21 01:00:00
2024-10-21,7:55am,USD,FOMC Member Logan Speaks,Non-economic,,,,2024-10-21 07:55:00
2024-10-21,9:00am,USD,CB Leading Index m/m,Non-economic,-0.5%,-0.3%,-0.3%,2024-10-21 09:00:00
2024-10-21,Day 1,All,IMF Meetings,Non-economic,,,,2024-10-21 00:00:00
2024-10-21,12:00pm,USD,FOMC Member Kashkari Speaks,Non-economic,,,,2024-10-21 12:00:00
2024-10-21,4:05pm,USD,FOMC Member Schmid Speaks,Non-economic,,,,2024-10-21 16:05:00
2024-10-21,4:45pm,NZD,Trade Balance,Non-economic,-2108M,-2100M,-2306M,2024-10-21 16:45:00
2024-10-21,5:40pm,USD,FOMC Member Daly Speaks,Non-economic,,,,2024-10-21 17:40:00
2024-10-22,12:00am,JPY,BOJ Core CPI y/y,Non-economic,1.7%,1.8%,1.8%,2024-10-22 00:00:00
2024-10-22,1:00am,GBP,Public Sector Net Borrowing,Non-economic,16.6B,17.4B,13.0B,2024-10-22 01:00:00
2024-10-22,Day 1,All,BRICS Summit,Medium,,,,2024-10-22 00:00:00
2024-10-22,7:30am,CAD,IPPI m/m,Non-economic,-0.6%,-0.4%,-0.9%,2024-10-22 07:30:00
2024-10-22,7:30am,CAD,RMPI m/m,Non-economic,-3.1%,-1.7%,-3.0%,2024-10-22 07:30:00
2024-10-22,8:25am,GBP,BOE Gov Bailey Speaks,High,,,,2024-10-22 08:25:00
2024-10-22,8:45am,GBP,MPC Member Greene Speaks,Non-economic,,,,2024-10-22 08:45:00
2024-10-22,8:59am,USD,Richmond Manufacturing Index,Medium,-14,-19,-21,2024-10-22 08:59:00
2024-10-22,9:00am,EUR,ECB President Lagarde Speaks,Medium,,,,2024-10-22 09:00:00
2024-10-22,9:00am,USD,FOMC Member Harker Speaks,Medium,,,,2024-10-22 09:00:00
2024-10-22,Day 2,All,IMF Meetings,Non-economic,,,,2024-10-22 00:00:00
2024-10-22,2:15pm,EUR,ECB President Lagarde Speaks,Medium,,,,2024-10-22 14:15:00
2024-10-22,2:15pm,GBP,MPC Member Breeden Speaks,Non-economic,,,,2024-10-22 14:15:00
2024-10-22,3:30pm,USD,API Weekly Statistical Bulletin,Non-economic,,,,2024-10-22 15:30:00
2024-10-23,Day 2,All,BRICS Summit,Medium,,,,2024-10-23 00:00:00
2024-10-23,4:37am,EUR,German 10-y Bond Auction,Non-economic,2.31|2.3,,2.08|2.0,2024-10-23 04:37:00
2024-10-23,8:00am,GBP,MPC Member Breeden Speaks,Non-economic,,,,2024-10-23 08:00:00
2024-10-23,8:00am,USD,FOMC Member Bowman Speaks,Non-economic,,,,2024-10-23 08:00:00
2024-10-23,8:45am,CAD,BOC Monetary Policy Report,High,,,,2024-10-23 08:45:00
2024-10-23,8:45am,CAD,BOC Rate Statement,High,,,,2024-10-23 08:45:00
2024-10-23,8:45am,CAD,Overnight Rate,High,3.75%,3.75%,4.25%,2024-10-23 08:45:00
2024-10-23,9:00am,EUR,ECB President Lagarde Speaks,Medium,,,,2024-10-23 09:00:00
2024-10-23,9:00am,EUR,Consumer Confidence,Non-economic,-13,-12,-13,2024-10-23 09:00:00
2024-10-23,9:00am,USD,Existing Home Sales,Medium,3.84M,3.88M,3.88M,2024-10-23 09:00:00
2024-10-23,Day 3,All,IMF Meetings,Non-economic,,,,2024-10-23 00:00:00
2024-10-23,9:30am,CAD,BOC Press Conference,High,,,,2024-10-23 09:30:00
2024-10-23,9:30am,USD,Crude Oil Inventories,Medium,5.5M,0.9M,-2.2M,2024-10-23 09:30:00
2024-10-23,11:00am,USD,FOMC Member Barkin Speaks,Non-economic,,,,2024-10-23 11:00:00
2024-10-23,11:57am,NZD,RBNZ Gov Orr Speaks,Medium,,,,2024-10-23 11:57:00
2024-10-23,1:00pm,USD,Beige Book,Non-economic,,,,2024-10-23 13:00:00
2024-10-23,1:45pm,GBP,BOE Gov Bailey Speaks,High,,,,2024-10-23 13:45:00
2024-10-23,5:00pm,AUD,Flash Manufacturing PMI,Non-economic,46.6,,46.7,2024-10-23 17:00:00
2024-10-23,5:00pm,AUD,Flash Services PMI,Non-economic,50.6,,50.5,2024-10-23 17:00:00
2024-10-23,7:30pm,JPY,Flash Manufacturing PMI,Non-economic,49.0,49.9,49.7,2024-10-23 19:30:00
2024-10-24,2:15am,EUR,French Flash Manufacturing PMI,High,44.5,44.9,44.6,2024-10-24 02:15:00
2024-10-24,2:15am,EUR,French Flash Services PMI,High,48.3,49.8,49.6,2024-10-24 02:15:00
2024-10-24,2:30am,EUR,German Flash Manufacturing PMI,High,42.6,40.7,40.6,2024-10-24 02:30:00
2024-10-24,2:30am,EUR,German Flash Services PMI,High,51.4,50.6,50.6,2024-10-24 02:30:00
2024-10-24,3:00am,EUR,Flash Manufacturing PMI,Medium,45.9,45.1,45.0,2024-10-24 03:00:00
2024-10-24,3:00am,EUR,Flash Services PMI,Medium,51.2,51.5,51.4,2024-10-24 03:00:00
2024-10-24,Day 3,All,BRICS Summit,Medium,,,,2024-10-24 00:00:00
2024-10-24,3:30am,GBP,Flash Manufacturing PMI,High,50.3,51.5,51.5,2024-10-24 03:30:00
2024-10-24,3:30am,GBP,Flash Services PMI,High,51.8,52.3,52.4,2024-10-24 03:30:00
2024-10-24,5:00am,EUR,German Buba Monthly Report,Non-economic,,,,2024-10-24 05:00:00
2024-10-24,5:00am,GBP,CBI Industrial Order Expectations,Non-economic,-27,-28,-35,2024-10-24 05:00:00
2024-10-24,7:30am,USD,Unemployment Claims,High,227K,243K,242K,2024-10-24 07:30:00
2024-10-24,7:45am,USD,FOMC Member Hammack Speaks,Non-economic,,,,2024-10-24 07:45:00
2024-10-24,8:00am,GBP,MPC Member Mann Speaks,Non-economic,,,,2024-10-24 08:00:00
2024-10-24,8:45am,USD,Flash Manufacturing PMI,High,47.8,47.5,47.3,2024-10-24 08:45:00
2024-10-24,8:45am,USD,Flash Services PMI,High,55.3,55.0,55.2,2024-10-24 08:45:00
2024-10-24,9:00am,USD,New Home Sales,Medium,738K,719K,709K,2024-10-24 09:00:00
2024-10-24,Day 4,All,IMF Meetings,Non-economic,,,,2024-10-24 00:00:00
2024-10-24,9:30am,USD,Natural Gas Storage,Non-economic,80B,61B,76B,2024-10-24 09:30:00
2024-10-24,2:45pm,GBP,BOE Gov Bailey Speaks,High,,,,2024-10-24 14:45:00
2024-10-24,6:01pm,GBP,GfK Consumer Confidence,Non-economic,-21,-20,-20,2024-10-24 18:01:00
2024-10-24,6:30pm,JPY,Tokyo Core CPI y/y,Medium,1.8%,1.7%,2.0%,2024-10-24 18:30:00
2024-10-24,6:50pm,JPY,SPPI y/y,Non-economic,2.6%,2.7%,2.8%,2024-10-24 18:50:00
2024-10-24,11:30pm,AUD,RBA Annual Report,Non-economic,,,,2024-10-24 23:30:00
2024-10-25,2:00am,EUR,Spanish Unemployment Rate,Non-economic,11.2%,11.4%,11.3%,2024-10-25 02:00:00
2024-10-25,3:00am,EUR,German ifo Business Climate,Medium,86.5,85.6,85.4,2024-10-25 03:00:00
2024-10-25,3:00am,EUR,M3 Money Supply y/y,Non-economic,3.2%,2.9%,2.9%,2024-10-25 03:00:00
2024-10-25,3:00am,EUR,Private Loans y/y,Non-economic,0.7%,0.8%,0.6%,2024-10-25 03:00:00
2024-10-25,4:01am,CNY,Foreign Direct Investment ytd/y,Non-economic,-30.4%,,-31.5%,2024-10-25 04:01:00
2024-10-25,7:30am,CAD,Core Retail Sales m/m,High,-0.7%,0.3%,0.3%,2024-10-25 07:30:00
2024-10-25,7:30am,CAD,Retail Sales m/m,High,0.4%,0.5%,0.9%,2024-10-25 07:30:00
2024-10-25,7:30am,CAD,NHPI m/m,Non-economic,0.0%,0.2%,0.0%,2024-10-25 07:30:00
2024-10-25,7:30am,USD,Core Durable Goods Orders m/m,Medium,0.4%,-0.1%,0.6%,2024-10-25 07:30:00
2024-10-25,7:30am,USD,Durable Goods Orders m/m,Medium,-0.8%,-1.1%,-0.8%,2024-10-25 07:30:00
2024-10-25,7:55am,EUR,Belgian NBB Business Climate,Non-economic,-12.8,-12.7,-13.3,2024-10-25 07:55:00
2024-10-25,9:00am,USD,Revised UoM Consumer Sentiment,Medium,70.5,69.2,68.9,2024-10-25 09:00:00
2024-10-25,9:00am,USD,Revised UoM Inflation Expectations,Non-economic,2.7%,,2.9%,2024-10-25 09:00:00
2024-10-25,Day 5,All,IMF Meetings,Non-economic,,,,2024-10-25 00:00:00
2024-10-25,10:00am,USD,FOMC Member Collins Speaks,Non-economic,,,,2024-10-25 10:00:00
2024-10-26,Day 6,All,IMF Meetings,Non-economic,,,,2024-10-26 00:00:00
2024-10-26,10:20am,GBP,BOE Gov Bailey Speaks,Medium,,,,2024-10-26 10:20:00
2024-10-26,9:00pm,CHF,Daylight Saving Time Shift,Low,,,,2024-10-26 21:00:00
2024-10-26,9:00pm,EUR,Daylight Saving Time Shift,Low,,,,2024-10-26 21:00:00
2024-10-26,9:00pm,GBP,Daylight Saving Time Shift,Low,,,,2024-10-26 21:00:00
2024-10-27,All Day,JPY,Lower House Elections,High,,,,2024-10-27 00:00:00
2024-10-27,All Day,NZD,Bank Holiday,Low,,,,2024-10-27 00:00:00
2024-10-28,6:00am,GBP,CBI Realized Sales,Non-economic,-6,-9,4,2024-10-28 06:00:00
2024-10-28,8:00am,CNY,CB Leading Index m/m,Non-economic,-0.2%,,-0.2%,2024-10-28 08:00:00
2024-10-28,12:30pm,CAD,BOC Gov Macklem Speaks,High,,,,2024-10-28 12:30:00
2024-10-28,6:30pm,JPY,Unemployment Rate,Non-economic,2.4%,2.5%,2.5%,2024-10-28 18:30:00
2024-10-28,7:01pm,GBP,BRC Shop Price Index y/y,Non-economic,-0.8%,,-0.6%,2024-10-28 19:01:00
2024-10-29,2:00am,EUR,German GfK Consumer Climate,Non-economic,-18.3,-20.4,-21.0,2024-10-29 02:00:00
2024-10-29,4:30am,GBP,M4 Money Supply m/m,Non-economic,0.6%,0.1%,-0.1%,2024-10-29 04:30:00
2024-10-29,4:30am,GBP,Mortgage Approvals,Non-economic,66K,65K,65K,2024-10-29 04:30:00
2024-10-29,4:30am,GBP,Net Lending to Individuals m/m,Non-economic,3.8B,4.1B,4.2B,2024-10-29 04:30:00
2024-10-29,7:30am,USD,Goods Trade Balance,Non-economic,-108.2B,-95.9B,-94.2B,2024-10-29 07:30:00
2024-10-29,7:30am,USD,Prelim Wholesale Inventories m/m,Non-economic,-0.1%,0.1%,0.1%,2024-10-29 07:30:00
2024-10-29,8:00am,USD,S&P/CS Composite-20 HPI y/y,Medium,5.2%,4.9%,5.9%,2024-10-29 08:00:00
2024-10-29,8:00am,USD,HPI m/m,Non-economic,0.3%,0.1%,0.2%,2024-10-29 08:00:00
2024-10-29,9:00am,USD,CB Consumer Confidence,High,108.7,99.5,99.2,2024-10-29 09:00:00
2024-10-29,9:00am,USD,JOLTS Job Openings,High,7.44M,7.98M,7.86M,2024-10-29 09:00:00
2024-10-29,1:00pm,CHF,SNB Chairman Schlegel Speaks,High,,,,2024-10-29 13:00:00
2024-10-29,2:30pm,CAD,BOC Gov Macklem Speaks,High,,,,2024-10-29 14:30:00
2024-10-29,3:30pm,USD,API Weekly Statistical Bulletin,Non-economic,,,,2024-10-29 15:30:00
2024-10-29,7:30pm,AUD,CPI m/m,High,0.2%,0.3%,1.0%,2024-10-29 19:30:00
2024-10-29,7:30pm,AUD,CPI y/y,High,2.1%,2.3%,2.7%,2024-10-29 19:30:00
2024-10-29,7:30pm,AUD,Trimmed Mean CPI m/m,High,0.8%,0.8%,0.9%,2024-10-29 19:30:00
2024-10-30,12:00am,JPY,Consumer Confidence,Non-economic,36.2,36.7,36.9,2024-10-30 00:00:00
2024-10-30,All Day,EUR,German Prelim CPI m/m,High,0.4%,0.2%,0.0%,2024-10-30 00:00:00
2024-10-30,1:30am,EUR,French Consumer Spending m/m,Non-economic,0.1%,0.1%,0.4%,2024-10-30 01:30:00
2024-10-30,1:30am,EUR,French Flash GDP q/q,Non-economic,0.4%,0.3%,0.2%,2024-10-30 01:30:00
2024-10-30,3:00am,CHF,KOF Economic Barometer,Non-economic,99.5,105.1,104.5,2024-10-30 03:00:00
2024-10-30,3:00am,EUR,Spanish Flash CPI y/y,Medium,1.8%,1.7%,1.5%,2024-10-30 03:00:00
2024-10-30,3:00am,EUR,Spanish Flash GDP q/q,Non-economic,0.8%,0.6%,0.8%,2024-10-30 03:00:00
2024-10-30,3:55am,EUR,German Unemployment Change,Non-economic,27K,15K,19K,2024-10-30 03:55:00
2024-10-30,4:00am,CHF,SNB Chairman Schlegel Speaks,High,,,,2024-10-30 04:00:00
2024-10-30,4:00am,CHF,UBS Economic Expectations,Non-economic,-7.7,,-8.8,2024-10-30 04:00:00
2024-10-30,4:00am,EUR,Italian Prelim GDP q/q,Non-economic,0.0%,0.2%,0.2%,2024-10-30 04:00:00
2024-10-30,4:00am,EUR,German Prelim GDP q/q,Non-economic,0.2%,-0.1%,-0.3%,2024-10-30 04:00:00
2024-10-30,5:00am,EUR,Prelim Flash GDP q/q,Non-economic,0.4%,0.2%,0.2%,2024-10-30 05:00:00
2024-10-30,5:22am,EUR,Italian 10-y Bond Auction,Non-economic,3.57|1.6,,3.43|1.6,2024-10-30 05:22:00
2024-10-30,7:15am,USD,ADP Non-Farm Employment Change,High,233K,110K,159K,2024-10-30 07:15:00
2024-10-30,7:30am,USD,Advance GDP q/q,High,2.8%,3.0%,3.0%,2024-10-30 07:30:00
2024-10-30,7:30am,USD,Advance GDP Price Index q/q,Medium,1.8%,1.9%,2.5%,2024-10-30 07:30:00
2024-10-30,7:33am,GBP,Autumn Forecast Statement,Medium,,,,2024-10-30 07:33:00
2024-10-30,9:00am,USD,Pending Home Sales m/m,Medium,7.4%,1.9%,0.6%,2024-10-30 09:00:00
2024-10-30,9:30am,USD,Crude Oil Inventories,Medium,-0.5M,1.5M,5.5M,2024-10-30 09:30:00
2024-10-30,1:00pm,EUR,German Buba President Nagel Speaks,Non-economic,,,,2024-10-30 13:00:00
2024-10-30,3:15pm,CAD,BOC Gov Macklem Speaks,High,,,,2024-10-30 15:15:00
2024-10-30,6:50pm,JPY,Prelim Industrial Production m/m,Non-economic,1.4%,0.9%,-3.3%,2024-10-30 18:50:00
2024-10-30,6:50pm,JPY,Retail Sales y/y,Non-economic,0.5%,2.1%,3.1%,2024-10-30 18:50:00
2024-10-30,7:00pm,NZD,ANZ Business Confidence,Non-economic,65.7,,60.9,2024-10-30 19:00:00
2024-10-30,7:30pm,AUD,Retail Sales m/m,Medium,0.1%,0.3%,0.7%,2024-10-30 19:30:00
2024-10-30,7:30pm,AUD,Building Approvals m/m,Non-economic,4.4%,2.2%,-3.9%,2024-10-30 19:30:00
2024-10-30,7:30pm,AUD,Import Prices q/q,Non-economic,-1.4%,-0.2%,1.0%,2024-10-30 19:30:00
2024-10-30,7:30pm,AUD,Private Sector Credit m/m,Non-economic,0.5%,0.5%,0.5%,2024-10-30 19:30:00
2024-10-30,8:30pm,CNY,Manufacturing PMI,High,50.1,49.8,49.8,2024-10-30 20:30:00
2024-10-30,8:30pm,CNY,Non-Manufacturing PMI,Medium,50.2,50.4,50.0,2024-10-30 20:30:00
2024-10-30,8:35pm,GBP,MPC Member Breeden Speaks,Non-economic,,,,2024-10-30 20:35:00
2024-10-30,9:48pm,JPY,BOJ Outlook Report,High,,,,2024-10-30 21:48:00
2024-10-30,9:48pm,JPY,BOJ Policy Rate,High,<0.25%,<0.25%,<0.25%,2024-10-30 21:48:00
2024-10-30,9:48pm,JPY,Monetary Policy Statement,High,,,,2024-10-30 21:48:00
2024-10-31,12:00am,JPY,Housing Starts y/y,Non-economic,-0.6%,-4.2%,-5.1%,2024-10-31 00:00:00
2024-10-31,1:30am,JPY,BOJ Press Conference,High,,,,2024-10-31 01:30:00
2024-10-31,2:00am,EUR,German Import Prices m/m,Non-economic,-0.4%,-0.4%,-0.4%,2024-10-31 02:00:00
2024-10-31,2:00am,EUR,German Retail Sales m/m,Non-economic,1.2%,-0.7%,1.6%,2024-10-31 02:00:00
2024-10-31,2:45am,EUR,French Prelim CPI m/m,Non-economic,0.2%,0.2%,-1.2%,2024-10-31 02:45:00
2024-10-31,4:00am,EUR,ECB Economic Bulletin,Non-economic,,,,2024-10-31 04:00:00
2024-10-31,4:00am,EUR,Italian Monthly Unemployment Rate,Non-economic,6.1%,6.2%,6.1%,2024-10-31 04:00:00
2024-10-31,5:00am,EUR,Core CPI Flash Estimate y/y,Medium,2.7%,2.6%,2.7%,2024-10-31 05:00:00
2024-10-31,5:00am,EUR,CPI Flash Estimate y/y,Medium,2.0%,1.9%,1.7%,2024-10-31 05:00:00
2024-10-31,5:00am,EUR,Italian Prelim CPI m/m,Non-economic,0.0%,-0.1%,-0.2%,2024-10-31 05:00:00
2024-10-31,5:00am,EUR,Unemployment Rate,Non-economic,6.3%,6.4%,6.3%,2024-10-31 05:00:00
2024-10-31,5:03am,GBP,30-y Bond Auction,Non-economic,4.83|3.1,,4.33|2.9,2024-10-31 05:03:00
2024-10-31,6:30am,USD,Challenger Job Cuts y/y,Non-economic,50.9%,,53.4%,2024-10-31 06:30:00
2024-10-31,7:30am,CAD,GDP m/m,High,0.0%,0.0%,0.1%,2024-10-31 07:30:00
2024-10-31,7:30am,USD,Core PCE Price Index m/m,High,0.3%,0.3%,0.2%,2024-10-31 07:30:00
2024-10-31,7:30am,USD,Employment Cost Index q/q,High,0.8%,0.9%,0.9%,2024-10-31 07:30:00
2024-10-31,7:30am,USD,Unemployment Claims,High,216K,229K,228K,2024-10-31 07:30:00
2024-10-31,7:30am,USD,Personal Income m/m,Non-economic,0.3%,0.3%,0.2%,2024-10-31 07:30:00
2024-10-31,7:30am,USD,Personal Spending m/m,Non-economic,0.5%,0.4%,0.3%,2024-10-31 07:30:00
2024-10-31,8:45am,USD,Chicago PMI,Medium,41.6,46.9,46.6,2024-10-31 08:45:00
2024-10-31,9:30am,USD,Natural Gas Storage,Non-economic,78B,79B,80B,2024-10-31 09:30:00
2024-10-31,4:45pm,NZD,Building Consents m/m,Non-economic,2.6%,,-5.2%,2024-10-31 16:45:00
2024-10-31,7:30pm,AUD,Household Spending m/m,Non-economic,-0.1%,,0.4%,2024-10-31 19:30:00
2024-10-31,7:30pm,AUD,PPI q/q,Non-economic,0.9%,0.7%,1.0%,2024-10-31 19:30:00
2024-10-31,7:30pm,JPY,Final Manufacturing PMI,Non-economic,49.2,49.0,49.0,2024-10-31 19:30:00
2024-10-31,8:45pm,CNY,RatingDog Manufacturing PMI,Non-economic,50.3,49.7,49.3,2024-10-31 20:45:00
2024-11-01,12:30am,AUD,Commodity Prices y/y,Non-economic,-7.8%,,-10.8%,2024-11-01 00:30:00
2024-11-01,All Day,EUR,French Bank Holiday,Low,,,,2024-11-01 00:00:00
2024-11-01,All Day,EUR,Italian Bank Holiday,Low,,,,2024-11-01 00:00:00
2024-11-01,2:00am,GBP,Nationwide HPI m/m,Non-economic,0.1%,0.3%,0.6%,2024-11-01 02:00:00
2024-11-01,2:30am,CHF,CPI m/m,High,-0.1%,0.0%,-0.3%,2024-11-01 02:30:00
2024-11-01,2:30am,CHF,Retail Sales y/y,Non-economic,2.2%,2.5%,2.7%,2024-11-01 02:30:00
2024-11-01,3:30am,CHF,Manufacturing PMI,Non-economic,49.9,49.5,49.9,2024-11-01 03:30:00
2024-11-01,4:30am,GBP,Final Manufacturing PMI,Non-economic,49.9,50.3,50.3,2024-11-01 04:30:00
2024-11-01,7:30am,USD,Average Hourly Earnings m/m,High,0.4%,0.3%,0.3%,2024-11-01 07:30:00
2024-11-01,7:30am,USD,Non-Farm Employment Change,High,12K,106K,223K,2024-11-01 07:30:00
2024-11-01,7:30am,USD,Unemployment Rate,High,4.1%,4.1%,4.1%,2024-11-01 07:30:00
2024-11-01,8:30am,CAD,Manufacturing PMI,Non-economic,51.1,,50.4,2024-11-01 08:30:00
2024-11-01,8:45am,USD,Final Manufacturing PMI,Non-economic,48.5,47.8,47.8,2024-11-01 08:45:00
2024-11-01,9:00am,USD,ISM Manufacturing PMI,High,46.5,47.6,47.2,2024-11-01 09:00:00
2024-11-01,9:00am,USD,ISM Manufacturing Prices,Medium,54.8,49.9,48.3,2024-11-01 09:00:00
2024-11-01,9:00am,USD,Construction Spending m/m,Non-economic,0.1%,0.0%,0.1%,2024-11-01 09:00:00
2024-11-01,All Day,USD,Wards Total Vehicle Sales,Non-economic,16.0M,15.8M,15.8M,2024-11-01 00:00:00
2024-11-03,2:00am,CAD,Daylight Saving Time Shift,Low,,,,2024-11-03 02:00:00
2024-11-03,2:00am,USD,Daylight Saving Time Shift,Low,,,,2024-11-03 02:00:00
2024-11-03,7:00pm,AUD,MI Inflation Gauge m/m,Non-economic,0.3%,,0.1%,2024-11-03 19:00:00
2024-11-03,All Day,JPY,Bank Holiday,Low,,,,2024-11-03 00:00:00
2024-11-03,7:30pm,AUD,ANZ Job Advertisements m/m,Non-economic,0.3%,,2.3%,2024-11-03 19:30:00
2024-11-04,3:15am,EUR,Spanish Manufacturing PMI,Non-economic,54.5,53.1,53.0,2024-11-04 03:15:00
2024-11-04,3:45am,EUR,Italian Manufacturing PMI,Non-economic,46.9,48.8,48.3,2024-11-04 03:45:00
2024-11-04,3:50am,EUR,French Final Manufacturing PMI,Non-economic,44.5,44.5,44.5,2024-11-04 03:50:00
2024-11-04,3:55am,EUR,German Final Manufacturing PMI,Non-economic,43.0,42.6,42.6,2024-11-04 03:55:00
2024-11-04,4:00am,EUR,Final Manufacturing PMI,Non-economic,46.0,45.9,45.9,2024-11-04 04:00:00
2024-11-04,4:30am,EUR,Sentix Investor Confidence,Non-economic,-12.8,-12.7,-13.8,2024-11-04 04:30:00
2024-11-04,All Day,EUR,Eurogroup Meetings,Non-economic,,,,2024-11-04 00:00:00
2024-11-04,10:00am,USD,Factory Orders m/m,Non-economic,-0.5%,-0.4%,-0.8%,2024-11-04 10:00:00
2024-11-04,3:00pm,NZD,RBNZ Financial Stability Report,Non-economic,,,,2024-11-04 15:00:00
2024-11-04,6:50pm,JPY,Monetary Base y/y,Non-economic,-0.3%,0.3%,-0.1%,2024-11-04 18:50:00
2024-11-04,7:00pm,NZD,ANZ Commodity Prices m/m,Non-economic,1.4%,,1.8%,2024-11-04 19:00:00
2024-11-04,7:01pm,GBP,BRC Retail Sales Monitor y/y,Non-economic,0.3%,1.4%,1.7%,2024-11-04 19:01:00
2024-11-04,8:45pm,CNY,RatingDog Services PMI,Non-economic,52.0,50.5,50.3,2024-11-04 20:45:00
2024-11-04,10:30pm,AUD,Cash Rate,High,4.35%,4.35%,4.35%,2024-11-04 22:30:00
2024-11-04,10:30pm,AUD,RBA Monetary Policy Statement,High,,,,2024-11-04 22:30:00
2024-11-04,10:30pm,AUD,RBA Rate Statement,High,,,,2024-11-04 22:30:00
2024-11-04,11:30pm,AUD,RBA Press Conference,Medium,,,,2024-11-04 23:30:00
2024-11-05,1:45am,CHF,Unemployment Rate,Non-economic,2.6%,2.6%,2.6%,2024-11-05 01:45:00
2024-11-05,2:45am,EUR,French Gov Budget Balance,Non-economic,-173.8B,,-171.9B,2024-11-05 02:45:00
2024-11-05,2:45am,EUR,French Industrial Production m/m,Non-economic,-0.9%,-0.5%,1.1%,2024-11-05 02:45:00
2024-11-05,3:00am,EUR,Spanish Unemployment Change,Non-economic,26.8K,26.5K,3.2K,2024-11-05 03:00:00
2024-11-05,4:30am,GBP,Final Services PMI,Non-economic,52.0,51.8,51.8,2024-11-05 04:30:00
2024-11-05,5:03am,GBP,10-y Bond Auction,Non-economic,4.48|2.8,,4.17|3.3,2024-11-05 05:03:00
2024-11-05,All Day,EUR,ECOFIN Meetings,Non-economic,,,,2024-11-05 00:00:00
2024-11-05,8:30am,CAD,Trade Balance,Non-economic,-1.3B,-0.9B,-1.5B,2024-11-05 08:30:00
2024-11-05,8:30am,USD,Trade Balance,Non-economic,-84.4B,-83.8B,-70.8B,2024-11-05 08:30:00
2024-11-05,9:45am,USD,Final Services PMI,Medium,55.0,55.3,55.3,2024-11-05 09:45:00
2024-11-05,10:00am,USD,ISM Services PMI,High,56.0,53.8,54.9,2024-11-05 10:00:00
2024-11-05,10:10am,EUR,ECB President Lagarde Speaks,Medium,,,,2024-11-05 10:10:00
2024-11-05,All Day,USD,Presidential Election,High,,,,2024-11-05 00:00:00
2024-11-05,All Day,USD,Congressional Elections,High,,,,2024-11-05 00:00:00
2024-11-05,10:21am,NZD,GDT Price Index,Non-economic,4.8%,,-0.3%,2024-11-05 10:21:00
2024-11-05,1:01pm,USD,10-y Bond Auction,Non-economic,4.35|2.6,,4.07|2.5,2024-11-05 13:01:00
2024-11-05,1:30pm,CAD,BOC Summary of Deliberations,Non-economic,,,,2024-11-05 13:30:00
2024-11-05,4:30pm,USD,API Weekly Statistical Bulletin,Non-economic,,,,2024-11-05 16:30:00
2024-11-05,4:45pm,NZD,Employment Change q/q,High,-0.5%,-0.4%,0.2%,2024-11-05 16:45:00
2024-11-05,4:45pm,NZD,Unemployment Rate,High,4.8%,5.0%,4.6%,2024-11-05 16:45:00
2024-11-05,4:45pm,NZD,Labor Cost Index q/q,Non-economic,0.6%,0.7%,0.9%,2024-11-05 16:45:00
2024-11-05,6:50pm,JPY,Monetary Policy Meeting Minutes,Non-economic,,,,2024-11-05 18:50:00
2024-11-06,2:00am,EUR,German Factory Orders m/m,Non-economic,4.2%,1.6%,-5.4%,2024-11-06 02:00:00
2024-11-06,3:15am,EUR,Spanish Services PMI,Non-economic,54.9,56.6,57.0,2024-11-06 03:15:00
2024-11-06,3:45am,EUR,Italian Services PMI,Non-economic,52.4,50.3,50.5,2024-11-06 03:45:00
2024-11-06,3:50am,EUR,French Final Services PMI,Non-economic,49.2,48.3,48.3,2024-11-06 03:50:00
2024-11-06,3:55am,EUR,German Final Services PMI,Non-economic,51.6,51.4,51.4,2024-11-06 03:55:00
2024-11-06,4:00am,EUR,Final Services PMI,Non-economic,51.6,51.2,51.2,2024-11-06 04:00:00
2024-11-06,4:30am,GBP,Construction PMI,Medium,54.3,55.3,57.2,2024-11-06 04:30:00
2024-11-06,5:00am,EUR,PPI m/m,Non-economic,-0.6%,-0.5%,0.6%,2024-11-06 05:00:00
2024-11-06,9:00am,EUR,ECB President Lagarde Speaks,Medium,,,,2024-11-06 09:00:00
2024-11-06,10:00am,CAD,Ivey PMI,Medium,52.0,54.2,53.1,2024-11-06 10:00:00
2024-11-06,10:30am,USD,Crude Oil Inventories,Medium,2.1M,0.3M,-0.5M,2024-11-06 10:30:00
2024-11-06,12:25pm,CAD,Gov Council Member Rogers Speaks,Non-economic,,,,2024-11-06 12:25:00
2024-11-06,1:01pm,USD,30-y Bond Auction,Non-economic,4.61|2.6,,4.39|2.5,2024-11-06 13:01:00
2024-11-06,2:10pm,NZD,RBNZ Gov Orr Speaks,Medium,,,,2024-11-06 14:10:00
2024-11-06,5:00pm,AUD,RBA Gov Bullock Speaks,High,,,,2024-11-06 17:00:00
2024-11-06,6:30pm,JPY,Average Cash Earnings y/y,Non-economic,2.8%,3.0%,2.8%,2024-11-06 18:30:00
2024-11-06,7:30pm,AUD,Goods Trade Balance,Non-economic,4.61B,5.24B,5.28B,2024-11-06 19:30:00
2024-11-06,10:26pm,CNY,USD-Denominated Trade Balance,Non-economic,95.7B,73.5B,81.7B,2024-11-06 22:26:00
2024-11-06,10:27pm,CNY,Trade Balance,Non-economic,679B,560B,583B,2024-11-06 22:27:00
2024-11-06,10:35pm,JPY,10-y Bond Auction,Non-economic,1.00|3.1,,0.87|3.5,2024-11-06 22:35:00
2024-11-07,2:00am,EUR,German Industrial Production m/m,Non-economic,-2.5%,-1.1%,2.6%,2024-11-07 02:00:00
2024-11-07,2:00am,EUR,German Trade Balance,Non-economic,17.0B,20.8B,21.4B,2024-11-07 02:00:00
2024-11-07,2:00am,GBP,Halifax HPI m/m,Non-economic,0.2%,0.2%,0.3%,2024-11-07 02:00:00
2024-11-07,2:45am,EUR,French Prelim Private Payrolls q/q,Non-economic,-0.1%,0.0%,-0.1%,2024-11-07 02:45:00
2024-11-07,3:00am,CHF,Foreign Currency Reserves,Non-economic,719B,,716B,2024-11-07 03:00:00
2024-11-07,4:58am,EUR,French 10-y Bond Auction,Non-economic,3.24|2.0,,2.92|2.1,2024-11-07 04:58:00
2024-11-07,5:00am,EUR,Retail Sales m/m,Non-economic,0.5%,0.4%,0.2%,2024-11-07 05:00:00
2024-11-07,7:00am,GBP,BOE Monetary Policy Report,High,,,,2024-11-07 07:00:00
2024-11-07,7:00am,GBP,Monetary Policy Summary,High,,,,2024-11-07 07:00:00
2024-11-07,7:00am,GBP,MPC Official Bank Rate Votes,High,0-8-1,0-8-1,0-1-8,2024-11-07 07:00:00
2024-11-07,7:00am,GBP,Official Bank Rate,High,4.75%,4.75%,5.00%,2024-11-07 07:00:00
2024-11-07,7:30am,GBP,BOE Gov Bailey Speaks,High,,,,2024-11-07 07:30:00
2024-11-07,8:30am,USD,Unemployment Claims,High,221K,223K,218K,2024-11-07 08:30:00
2024-11-07,8:30am,USD,Prelim Nonfarm Productivity q/q,Non-economic,2.2%,2.6%,2.5%,2024-11-07 08:30:00
2024-11-07,8:30am,USD,Prelim Unit Labor Costs q/q,Non-economic,1.9%,1.1%,0.4%,2024-11-07 08:30:00
2024-11-07,9:00am,CAD,Gov Council Member Kozicki Speaks,Non-economic,,,,2024-11-07 09:00:00
2024-11-07,10:00am,USD,Final Wholesale Inventories m/m,Non-economic,-0.2%,-0.1%,-0.1%,2024-11-07 10:00:00
2024-11-07,10:00am,USD,Mortgage Delinquencies,Non-economic,3.92%,,3.97%,2024-11-07 10:00:00
2024-11-07,10:30am,USD,Natural Gas Storage,Non-economic,69B,67B,78B,2024-11-07 10:30:00
2024-11-07,2:00pm,USD,Federal Funds Rate,High,4.75%,4.75%,5.00%,2024-11-07 14:00:00
2024-11-07,2:00pm,USD,FOMC Statement,High,,,,2024-11-07 14:00:00
2024-11-07,2:30pm,USD,FOMC Press Conference,High,,,,2024-11-07 14:30:00
2024-11-07,2:30pm,USD,FOMC Member Musalem Speaks,Non-economic,,,,2024-11-07 14:30:00
2024-11-07,3:00pm,USD,Consumer Credit m/m,Non-economic,6.0B,12.2B,7.6B,2024-11-07 15:00:00
2024-11-07,6:30pm,JPY,Household Spending y/y,Non-economic,-1.1%,-1.8%,-1.9%,2024-11-07 18:30:00
2024-11-07,9:45pm,AUD,RBA Assist Gov Jones Speaks,Non-economic,,,,2024-11-07 21:45:00
2024-11-08,12:00am,JPY,Leading Indicators,Non-economic,109.4%,108.9%,106.9%,2024-11-08 00:00:00
2024-11-08,2:45am,EUR,French Trade Balance,Non-economic,-8.3B,-7.0B,-7.7B,2024-11-08 02:45:00
2024-11-08,3:00am,CHF,Gov Board Member Martin Speaks,Non-economic,,,,2024-11-08 03:00:00
2024-11-08,3:10am,CHF,SECO Consumer Climate,Non-economic,-37,-33,-34,2024-11-08 03:10:00
2024-11-08,4:00am,EUR,Italian Industrial Production m/m,Non-economic,-0.4%,-0.4%,0.0%,2024-11-08 04:00:00
2024-11-08,6:00am,EUR,Italian Retail Sales m/m,Non-economic,1.2%,0.2%,-0.3%,2024-11-08 06:00:00
2024-11-08,6:10am,CAD,Gov Council Member Gravelle Speaks,Non-economic,,,,2024-11-08 06:10:00
2024-11-08,7:15am,GBP,MPC Member Pill Speaks,Non-economic,,,,2024-11-08 07:15:00
2024-11-08,8:30am,CAD,Employment Change,High,14.5K,27.9K,46.7K,2024-11-08 08:30:00
2024-11-08,8:30am,CAD,Unemployment Rate,High,6.5%,6.6%,6.5%,2024-11-08 08:30:00
2024-11-08,10:00am,USD,Prelim UoM Consumer Sentiment,Medium,73.0,71.0,70.5,2024-11-08 10:00:00
2024-11-08,10:00am,USD,Prelim UoM Inflation Expectations,Medium,2.6%,,2.7%,2024-11-08 10:00:00
2024-11-08,11:00am,USD,FOMC Member Bowman Speaks,Non-economic,,,,2024-11-08 11:00:00
2024-11-08,8:30pm,CNY,CPI y/y,Medium,0.3%,0.4%,0.4%,2024-11-08 20:30:00
2024-11-08,8:30pm,CNY,PPI y/y,Medium,-2.9%,-2.5%,-2.8%,2024-11-08 20:30:00
2024-11-09,10:35am,EUR,ECB President Lagarde Speaks,Medium,,,,2024-11-09 10:35:00
2024-11-10,6:50pm,JPY,Bank Lending y/y,Non-economic,2.7%,2.7%,2.7%,2024-11-10 18:50:00
2024-11-10,6:50pm,JPY,BOJ Summary of Opinions,Non-economic,,,,2024-11-10 18:50:00
2024-11-10,6:50pm,JPY,Current Account,Non-economic,1.27T,2.80T,3.15T,2024-11-10 18:50:00
2024-11-10,9:00pm,NZD,Inflation Expectations q/q,High,2.12%,,2.03%,2024-11-10 21:00:00
2024-11-11,12:00am,JPY,Economy Watchers Sentiment,Non-economic,47.5,47.2,47.8,2024-11-11 00:00:00
2024-11-11,All Day,EUR,French Bank Holiday,Low,,,,2024-11-11 00:00:00
2024-11-11,3:31am,CNY,M2 Money Supply y/y,Non-economic,7.5%,7.0%,6.8%,2024-11-11 03:31:00
2024-11-11,3:32am,CNY,New Loans,Medium,500B,770B,1590B,2024-11-11 03:32:00
2024-11-11,All Day,CAD,Bank Holiday,Low,,,,2024-11-11 00:00:00
2024-11-11,All Day,USD,Bank Holiday,Low,,,,2024-11-11 00:00:00
2024-11-11,9:30am,GBP,CB Leading Index m/m,Non-economic,-0.1%,,0.1%,2024-11-11 09:30:00
2024-11-11,6:30pm,AUD,Westpac Consumer Sentiment,Non-economic,5.3%,,6.2%,2024-11-11 18:30:00
2024-11-11,6:50pm,JPY,M2 Money Stock y/y,Non-economic,1.2%,1.5%,1.2%,2024-11-11 18:50:00
2024-11-11,7:30pm,AUD,NAB Business Confidence,Non-economic,5,,-2,2024-11-11 19:30:00
2024-11-12,12:59am,JPY,Prelim Machine Tool Orders y/y,Non-economic,9.3%,,-6.4%,2024-11-12 00:59:00
2024-11-12,2:00am,EUR,German Final CPI m/m,Non-economic,0.4%,0.4%,0.4%,2024-11-12 02:00:00
2024-11-12,2:00am,GBP,Claimant Count Change,High,26.7K,30.5K,10.1K,2024-11-12 02:00:00
2024-11-12,2:00am,GBP,Average Earnings Index 3m/y,Medium,4.3%,3.9%,3.9%,2024-11-12 02:00:00
2024-11-12,2:00am,GBP,Unemployment Rate,Non-economic,4.3%,4.1%,4.0%,2024-11-12 02:00:00
2024-11-12,4:00am,GBP,MPC Member Pill Speaks,Non-economic,,,,2024-11-12 04:00:00
2024-11-12,5:00am,EUR,German ZEW Economic Sentiment,Medium,7.4,13.2,13.1,2024-11-12 05:00:00
2024-11-12,5:00am,EUR,ZEW Economic Sentiment,Non-economic,12.5,20.5,20.1,2024-11-12 05:00:00
2024-11-12,5:55am,USD,NFIB Small Business Index,Non-economic,93.7,91.9,91.5,2024-11-12 05:55:00
2024-11-12,8:30am,CAD,Building Permits m/m,Non-economic,11.5%,2.9%,-6.3%,2024-11-12 08:30:00
2024-11-12,9:45am,USD,Cleveland Fed Inflation Expectations,Non-economic,3.8%,,3.4%,2024-11-12 09:45:00
2024-11-12,10:00am,USD,FOMC Member Waller Speaks,Medium,,,,2024-11-12 10:00:00
2024-11-12,10:06am,USD,RCM/TIPP Economic Optimism,Non-economic,53.2,47.3,46.9,2024-11-12 10:06:00
2024-11-12,10:15am,USD,FOMC Member Barkin Speaks,Non-economic,,,,2024-11-12 10:15:00
2024-11-12,2:00pm,USD,FOMC Member Kashkari Speaks,Non-economic,,,,2024-11-12 14:00:00
2024-11-12,2:00pm,USD,Loan Officer Survey,Non-economic,,,,2024-11-12 14:00:00
2024-11-12,4:45pm,NZD,Visitor Arrivals m/m,Non-economic,1.1%,,-2.1%,2024-11-12 16:45:00
2024-11-12,5:00pm,USD,FOMC Member Harker Speaks,Medium,,,,2024-11-12 17:00:00
2024-11-12,5:30pm,USD,FOMC Member Barkin Speaks,Non-economic,,,,2024-11-12 17:30:00
2024-11-12,6:50pm,JPY,PPI y/y,Non-economic,3.4%,2.9%,3.1%,2024-11-12 18:50:00
2024-11-12,7:30pm,AUD,Wage Price Index q/q,High,0.8%,0.9%,0.8%,2024-11-12 19:30:00
2024-11-12,10:35pm,JPY,30-y Bond Auction,Non-economic,2.27|3.4,,2.15|3.3,2024-11-12 22:35:00
2024-11-13,4:45am,GBP,MPC Member Mann Speaks,Non-economic,,,,2024-11-13 04:45:00
2024-11-13,5:35am,EUR,German 10-y Bond Auction,Non-economic,2.38|2.3,,2.31|2.3,2024-11-13 05:35:00
2024-11-13,8:30am,USD,Core CPI m/m,High,0.3%,0.3%,0.3%,2024-11-13 08:30:00
2024-11-13,8:30am,USD,CPI m/m,High,0.2%,0.2%,0.2%,2024-11-13 08:30:00
2024-11-13,8:30am,USD,CPI y/y,High,2.6%,2.6%,2.4%,2024-11-13 08:30:00
2024-11-13,8:40am,USD,FOMC Member Kashkari Speaks,Non-economic,,,,2024-11-13 08:40:00
2024-11-13,9:45am,USD,FOMC Member Logan Speaks,Non-economic,,,,2024-11-13 09:45:00
2024-11-13,1:00pm,USD,FOMC Member Musalem Speaks,Non-economic,,,,2024-11-13 13:00:00
2024-11-13,1:30pm,USD,FOMC Member Schmid Speaks,Non-economic,,,,2024-11-13 13:30:00
2024-11-13,2:00pm,USD,Federal Budget Balance,Non-economic,-257.5B,-226.4B,64.3B,2024-11-13 14:00:00
2024-11-13,4:30pm,USD,API Weekly Statistical Bulletin,Non-economic,,,,2024-11-13 16:30:00
2024-11-13,4:45pm,NZD,FPI m/m,Non-economic,-0.9%,,0.5%,2024-11-13 16:45:00
2024-11-13,6:00pm,AUD,RBA Gov Bullock Speaks,High,,,,2024-11-13 18:00:00
2024-11-13,7:00pm,AUD,MI Inflation Expectations,Non-economic,3.8%,,4.0%,2024-11-13 19:00:00
2024-11-13,7:01pm,GBP,RICS House Price Balance,Non-economic,16%,12%,11%,2024-11-13 19:01:00
2024-11-13,7:30pm,AUD,Employment Change,High,15.9K,25.2K,61.3K,2024-11-13 19:30:00
2024-11-13,7:30pm,AUD,Unemployment Rate,High,4.1%,4.1%,4.1%,2024-11-13 19:30:00
2024-11-14,5:00am,EUR,Flash Employment Change q/q,Non-economic,0.2%,0.2%,0.2%,2024-11-14 05:00:00
2024-11-14,5:00am,EUR,Flash GDP q/q,Non-economic,0.4%,0.4%,0.4%,2024-11-14 05:00:00
2024-11-14,5:00am,EUR,Industrial Production m/m,Non-economic,-2.0%,-1.3%,1.5%,2024-11-14 05:00:00
2024-11-14,7:00am,USD,FOMC Member Kugler Speaks,Non-economic,,,,2024-11-14 07:00:00
2024-11-14,7:30am,EUR,ECB Monetary Policy Meeting Accounts,Non-economic,,,,2024-11-14 07:30:00
2024-11-14,8:00am,GBP,MPC Member Mann Speaks,Non-economic,,,,2024-11-14 08:00:00
2024-11-14,8:30am,USD,Core PPI m/m,High,0.3%,0.3%,0.2%,2024-11-14 08:30:00
2024-11-14,8:30am,USD,PPI m/m,High,0.2%,0.2%,0.1%,2024-11-14 08:30:00
2024-11-14,8:30am,USD,Unemployment Claims,High,217K,224K,221K,2024-11-14 08:30:00
2024-11-14,9:00am,USD,FOMC Member Barkin Speaks,Non-economic,,,,2024-11-14 09:00:00
2024-11-14,10:30am,USD,Natural Gas Storage,Non-economic,42B,34B,69B,2024-11-14 10:30:00
2024-11-14,11:00am,USD,Crude Oil Inventories,Medium,2.1M,0.4M,2.1M,2024-11-14 11:00:00
2024-11-14,2:00pm,EUR,ECB President Lagarde Speaks,Medium,,,,2024-11-14 14:00:00
2024-11-14,3:00pm,USD,Fed Chairman Powell Speaks,High,,,,2024-11-14 15:00:00
2024-11-14,3:43pm,GBP,BOE Gov Bailey Speaks,High,,,,2024-11-14 15:43:00
2024-11-14,4:00pm,USD,Treasury Currency Report,Medium,,,,2024-11-14 16:00:00
2024-11-14,4:15pm,USD,FOMC Member Williams Speaks,Non-economic,,,,2024-11-14 16:15:00
2024-11-14,4:30pm,NZD,BusinessNZ Manufacturing Index,Non-economic,45.8,,47.0,2024-11-14 16:30:00
2024-11-14,6:50pm,JPY,Prelim GDP Price Index y/y,Non-economic,2.5%,2.8%,3.2%,2024-11-14 18:50:00
2024-11-14,6:50pm,JPY,Prelim GDP q/q,Non-economic,0.2%,0.2%,0.7%,2024-11-14 18:50:00
2024-11-14,7:30pm,AUD,RBA Assist Gov Jones Speaks,Non-economic,,,,2024-11-14 19:30:00
2024-11-14,8:30pm,CNY,New Home Prices m/m,Non-economic,-0.51%,,-0.71%,2024-11-14 20:30:00
2024-11-14,9:00pm,CNY,Industrial Production y/y,Medium,5.3%,5.5%,5.4%,2024-11-14 21:00:00
2024-11-14,9:00pm,CNY,Retail Sales y/y,Medium,4.8%,3.8%,3.2%,2024-11-14 21:00:00
2024-11-14,9:00pm,CNY,Fixed Asset Investment ytd/y,Non-economic,3.4%,3.5%,3.4%,2024-11-14 21:00:00
2024-11-14,9:00pm,CNY,NBS Press Conference,Non-economic,,,,2024-11-14 21:00:00
2024-11-14,9:00pm,CNY,Unemployment Rate,Non-economic,5.0%,5.1%,5.1%,2024-11-14 21:00:00
2024-11-14,11:30pm,JPY,Revised Industrial Production m/m,Non-economic,1.6%,1.4%,1.4%,2024-11-14 23:30:00
2024-11-14,11:30pm,JPY,Tertiary Industry Activity m/m,Non-economic,-0.2%,0.2%,-1.1%,2024-11-14 23:30:00
2024-11-15,2:00am,EUR,German WPI m/m,Non-economic,0.4%,0.1%,-0.3%,2024-11-15 02:00:00
2024-11-15,2:00am,GBP,GDP m/m,High,-0.1%,0.2%,0.2%,2024-11-15 02:00:00
2024-11-15,2:00am,GBP,Prelim GDP q/q,Medium,0.1%,0.2%,0.5%,2024-11-15 02:00:00
2024-11-15,2:00am,GBP,Construction Output m/m,Non-economic,0.1%,0.3%,0.6%,2024-11-15 02:00:00
2024-11-15,2:00am,GBP,Goods Trade Balance,Non-economic,-16.3B,-15.7B,-15.2B,2024-11-15 02:00:00
2024-11-15,2:00am,GBP,Index of Services 3m/3m,Non-economic,0.1%,0.2%,0.1%,2024-11-15 02:00:00
2024-11-15,2:00am,GBP,Industrial Production m/m,Non-economic,-0.5%,0.1%,0.5%,2024-11-15 02:00:00
2024-11-15,2:00am,GBP,Manufacturing Production m/m,Non-economic,-1.0%,0.0%,1.3%,2024-11-15 02:00:00
2024-11-15,2:00am,GBP,Prelim Business Investment q/q,Non-economic,1.2%,0.6%,1.4%,2024-11-15 02:00:00
2024-11-15,2:30am,CHF,PPI m/m,Non-economic,-0.3%,0.1%,-0.1%,2024-11-15 02:30:00
2024-11-15,2:45am,EUR,French Final CPI m/m,Non-economic,0.3%,0.2%,0.2%,2024-11-15 02:45:00
2024-11-15,4:53am,CNY,Foreign Direct Investment ytd/y,Non-economic,-29.8%,,-30.4%,2024-11-15 04:53:00
2024-11-15,4:58am,EUR,Italian Trade Balance,Non-economic,2.58B,2.55B,1.34B,2024-11-15 04:58:00
2024-11-15,5:00am,EUR,EU Economic Forecasts,Non-economic,,,,2024-11-15 05:00:00
2024-11-15,8:20am,GBP,NIESR GDP Estimate,Non-economic,0.1%,,0.1%,2024-11-15 08:20:00
2024-11-15,8:30am,CAD,Manufacturing Sales m/m,Non-economic,-0.5%,-0.7%,-1.3%,2024-11-15 08:30:00
2024-11-15,8:30am,CAD,Wholesale Sales m/m,Non-economic,0.8%,1.0%,-0.6%,2024-11-15 08:30:00
2024-11-15,8:30am,USD,Core Retail Sales m/m,High,0.1%,0.3%,1.0%,2024-11-15 08:30:00
2024-11-15,8:30am,USD,Retail Sales m/m,High,0.4%,0.3%,0.8%,2024-11-15 08:30:00
2024-11-15,8:30am,USD,Empire State Manufacturing Index,Medium,31.2,-0.3,-11.9,2024-11-15 08:30:00
2024-11-15,8:30am,USD,Import Prices m/m,Non-economic,0.3%,-0.1%,-0.4%,2024-11-15 08:30:00
2024-11-15,9:00am,USD,FOMC Member Collins Speaks,Non-economic,,,,2024-11-15 09:00:00
2024-11-15,9:15am,USD,Capacity Utilization Rate,Non-economic,77.1%,77.1%,77.4%,2024-11-15 09:15:00
2024-11-15,9:15am,USD,Industrial Production m/m,Non-economic,-0.3%,-0.3%,-0.5%,2024-11-15 09:15:00
2024-11-15,10:00am,USD,Business Inventories m/m,Non-economic,0.1%,0.2%,0.3%,2024-11-15 10:00:00
2024-11-15,10:30am,AUD,CB Leading Index m/m,Non-economic,0.3%,,0.1%,2024-11-15 10:30:00
2024-11-15,1:15pm,USD,FOMC Member Williams Speaks,Non-economic,,,,2024-11-15 13:15:00
2024-11-15,2:05pm,USD,FOMC Member Goolsbee Speaks,Non-economic,,,,2024-11-15 14:05:00
2024-11-15,3:00pm,USD,FOMC Member Barkin Speaks,Non-economic,,,,2024-11-15 15:00:00
2024-11-17,4:30pm,NZD,BusinessNZ Services Index,Non-economic,46.0,,45.7,2024-11-17 16:30:00
2024-11-17,4:45pm,NZD,PPI Input q/q,Non-economic,1.9%,1.0%,1.4%,2024-11-17 16:45:00
2024-11-17,4:45pm,NZD,PPI Output q/q,Non-economic,1.5%,0.9%,1.1%,2024-11-17 16:45:00
2024-11-17,6:50pm,JPY,Core Machinery Orders m/m,Non-economic,-0.7%,1.4%,-1.9%,2024-11-17 18:50:00
2024-11-17,7:01pm,GBP,Rightmove HPI m/m,Non-economic,-1.4%,,0.3%,2024-11-17 19:01:00
2024-11-17,8:05pm,JPY,BOJ Gov Ueda Speaks,High,,,,2024-11-17 20:05:00
2024-11-18,1:30am,AUD,RBA Assist Gov Kent Speaks,Non-economic,,,,2024-11-18 01:30:00
2024-11-18,3:00am,EUR,German Buba President Nagel Speaks,Non-economic,,,,2024-11-18 03:00:00
2024-11-18,5:00am,EUR,Trade Balance,Non-economic,13.6B,7.9B,10.8B,2024-11-18 05:00:00
2024-11-18,8:15am,CAD,Housing Starts,Non-economic,241K,239K,223K,2024-11-18 08:15:00
2024-11-18,8:30am,CAD,Foreign Securities Purchases,Non-economic,29.30B,10.50B,10.33B,2024-11-18 08:30:00
2024-11-18,10:00am,USD,FOMC Member Goolsbee Speaks,Non-economic,,,,2024-11-18 10:00:00
2024-11-18,10:00am,USD,NAHB Housing Market Index,Non-economic,46,42,43,2024-11-18 10:00:00
2024-11-18,Day 1,All,G20 Meetings,Medium,,,,2024-11-18 00:00:00
2024-11-18,1:30pm,EUR,ECB President Lagarde Speaks,Medium,,,,2024-11-18 13:30:00
2024-11-18,1:30pm,GBP,MPC Member Greene Speaks,Non-economic,,,,2024-11-18 13:30:00
2024-11-18,4:00pm,USD,TIC Long-Term Purchases,Non-economic,216.1B,114.3B,108.8B,2024-11-18 16:00:00
2024-11-18,7:30pm,AUD,Monetary Policy Meeting Minutes,Medium,,,,2024-11-18 19:30:00
2024-11-19,2:00am,CHF,Trade Balance,Non-economic,8.06B,4.25B,4.94B,2024-11-19 02:00:00
2024-11-19,4:00am,EUR,Current Account,Non-economic,37.0B,27.0B,35.4B,2024-11-19 04:00:00
2024-11-19,5:00am,EUR,Final Core CPI y/y,Non-economic,2.7%,2.7%,2.7%,2024-11-19 05:00:00
2024-11-19,5:00am,EUR,Final CPI y/y,Non-economic,2.0%,2.0%,2.0%,2024-11-19 05:00:00
2024-11-19,5:00am,GBP,Monetary Policy Report Hearings,High,,,,2024-11-19 05:00:00
2024-11-19,6:00am,EUR,German Buba Monthly Report,Non-economic,,,,2024-11-19 06:00:00
2024-11-19,8:30am,CAD,CPI m/m,High,0.4%,0.3%,-0.4%,2024-11-19 08:30:00
2024-11-19,8:30am,CAD,Median CPI y/y,High,2.5%,2.4%,2.3%,2024-11-19 08:30:00
2024-11-19,8:30am,CAD,Trimmed CPI y/y,High,2.6%,2.4%,2.4%,2024-11-19 08:30:00
2024-11-19,8:30am,CAD,Common CPI y/y,Medium,2.2%,2.1%,2.1%,2024-11-19 08:30:00
2024-11-19,8:30am,CAD,Core CPI m/m,Non-economic,0.4%,,0.0%,2024-11-19 08:30:00
2024-11-19,8:30am,USD,Building Permits,Medium,1.42M,1.44M,1.43M,2024-11-19 08:30:00
2024-11-19,8:30am,USD,Housing Starts,Non-economic,1.31M,1.34M,1.35M,2024-11-19 08:30:00
2024-11-19,9:56am,NZD,GDT Price Index,Non-economic,1.9%,,4.8%,2024-11-19 09:56:00
2024-11-19,Day 2,All,G20 Meetings,Medium,,,,2024-11-19 00:00:00
2024-11-19,1:10pm,USD,FOMC Member Schmid Speaks,Non-economic,,,,2024-11-19 13:10:00
2024-11-19,4:30pm,USD,API Weekly Statistical Bulletin,Non-economic,,,,2024-11-19 16:30:00
2024-11-19,6:30pm,AUD,MI Leading Index m/m,Non-economic,0.2%,,0.0%,2024-11-19 18:30:00
2024-11-19,6:50pm,JPY,Trade Balance,Non-economic,-0.36T,-0.15T,-0.27T,2024-11-19 18:50:00
2024-11-19,8:00pm,CNY,1-y Loan Prime Rate,Medium,3.10%,3.10%,3.10%,2024-11-19 20:00:00
2024-11-19,8:00pm,CNY,5-y Loan Prime Rate,Medium,3.60%,3.60%,3.60%,2024-11-19 20:00:00
2024-11-20,2:00am,EUR,German PPI m/m,Non-economic,0.2%,0.2%,-0.5%,2024-11-20 02:00:00
2024-11-20,2:00am,GBP,CPI y/y,High,2.3%,2.2%,1.7%,2024-11-20 02:00:00
2024-11-20,2:00am,GBP,Core CPI y/y,Non-economic,3.3%,3.1%,3.2%,2024-11-20 02:00:00
2024-11-20,2:00am,GBP,PPI Input m/m,Non-economic,0.1%,0.5%,-0.5%,2024-11-20 02:00:00
2024-11-20,2:00am,GBP,PPI Output m/m,Non-economic,0.0%,-0.1%,-0.4%,2024-11-20 02:00:00
2024-11-20,2:00am,GBP,RPI y/y,Non-economic,3.4%,3.4%,2.7%,2024-11-20 02:00:00
2024-11-20,4:00am,EUR,ECB Financial Stability Review,Medium,,,,2024-11-20 04:00:00
2024-11-20,4:30am,GBP,HPI y/y,Non-economic,2.9%,2.9%,2.7%,2024-11-20 04:30:00
2024-11-20,5:32am,EUR,German 30-y Bond Auction,Non-economic,2.55|3.6,,2.49|3.6,2024-11-20 05:32:00
2024-11-20,8:00am,EUR,ECB President Lagarde Speaks,Medium,,,,2024-11-20 08:00:00
2024-11-20,10:00am,USD,FOMC Member Barr Speaks,Non-economic,,,,2024-11-20 10:00:00
2024-11-20,10:30am,USD,Crude Oil Inventories,Medium,0.5M,-0.1M,2.1M,2024-11-20 10:30:00
2024-11-20,11:00am,GBP,MPC Member Ramsden Speaks,Non-economic,,,,2024-11-20 11:00:00
2024-11-20,11:00am,USD,FOMC Member Cook Speaks,Non-economic,,,,2024-11-20 11:00:00
2024-11-20,12:15pm,USD,FOMC Member Bowman Speaks,Non-economic,,,,2024-11-20 12:15:00
2024-11-20,4:00pm,USD,FOMC Member Collins Speaks,Non-economic,,,,2024-11-20 16:00:00
2024-11-20,9:00pm,NZD,Credit Card Spending y/y,Non-economic,0.3%,,-3.1%,2024-11-20 21:00:00
2024-11-21,12:12am,JPY,BOJ Gov Ueda Speaks,High,,,,2024-11-21 00:12:00
2024-11-21,2:00am,GBP,Public Sector Net Borrowing,Non-economic,17.4B,13.0B,16.1B,2024-11-21 02:00:00
2024-11-21,3:00am,AUD,RBA Gov Bullock Speaks,High,,,,2024-11-21 03:00:00
2024-11-21,6:00am,GBP,CBI Industrial Order Expectations,Non-economic,-19,-25,-27,2024-11-21 06:00:00
2024-11-21,8:30am,CAD,IPPI m/m,Non-economic,1.2%,0.8%,-0.8%,2024-11-21 08:30:00
2024-11-21,8:30am,CAD,RMPI m/m,Non-economic,3.8%,2.6%,-3.2%,2024-11-21 08:30:00
2024-11-21,8:30am,USD,Unemployment Claims,High,213K,220K,219K,2024-11-21 08:30:00
2024-11-21,8:30am,USD,Philly Fed Manufacturing Index,Medium,-5.5,7.4,10.3,2024-11-21 08:30:00
2024-11-21,8:45am,USD,FOMC Member Hammack Speaks,Non-economic,,,,2024-11-21 08:45:00
2024-11-21,9:00am,GBP,MPC Member Mann Speaks,Non-economic,,,,2024-11-21 09:00:00
2024-11-21,10:00am,EUR,Consumer Confidence,Non-economic,-14,-13,-13,2024-11-21 10:00:00
2024-11-21,10:00am,USD,Existing Home Sales,Medium,3.96M,3.95M,3.83M,2024-11-21 10:00:00
2024-11-21,10:00am,USD,CB Leading Index m/m,Non-economic,-0.4%,-0.3%,-0.3%,2024-11-21 10:00:00
2024-11-21,10:30am,USD,Natural Gas Storage,Non-economic,-3B,2B,42B,2024-11-21 10:30:00
2024-11-21,12:00pm,CHF,Gov Board Member Tschudin Speaks,Non-economic,,,,2024-11-21 12:00:00
2024-11-21,12:25pm,USD,FOMC Member Goolsbee Speaks,Non-economic,,,,2024-11-21 12:25:00
2024-11-21,12:30pm,USD,FOMC Member Hammack Speaks,Non-economic,,,,2024-11-21 12:30:00
2024-11-21,4:40pm,USD,FOMC Member Barr Speaks,Non-economic,,,,2024-11-21 16:40:00
2024-11-21,5:00pm,AUD,Flash Manufacturing PMI,Non-economic,49.4,,47.3,2024-11-21 17:00:00
2024-11-21,5:00pm,AUD,Flash Services PMI,Non-economic,49.6,,51.0,2024-11-21 17:00:00
2024-11-21,6:30pm,JPY,National Core CPI y/y,Non-economic,2.3%,2.2%,2.4%,2024-11-21 18:30:00
2024-11-21,7:01pm,GBP,GfK Consumer Confidence,Non-economic,-18,-21,-21,2024-11-21 19:01:00
2024-11-21,7:30pm,JPY,Flash Manufacturing PMI,Non-economic,49.0,49.5,49.2,2024-11-21 19:30:00
2024-11-22,2:00am,EUR,German Final GDP q/q,Non-economic,0.1%,0.2%,0.2%,2024-11-22 02:00:00
2024-11-22,2:00am,GBP,Retail Sales m/m,High,-0.7%,-0.3%,0.1%,2024-11-22 02:00:00
2024-11-22,3:15am,EUR,French Flash Manufacturing PMI,High,43.2,44.6,44.5,2024-11-22 03:15:00
2024-11-22,3:15am,EUR,French Flash Services PMI,High,45.7,49.1,49.2,2024-11-22 03:15:00
2024-11-22,3:30am,EUR,German Flash Manufacturing PMI,High,43.2,43.1,43.0,2024-11-22 03:30:00
2024-11-22,3:30am,EUR,German Flash Services PMI,High,49.4,51.6,51.6,2024-11-22 03:30:00
2024-11-22,3:30am,EUR,ECB President Lagarde Speaks,Medium,,,,2024-11-22 03:30:00
2024-11-22,4:00am,EUR,Flash Manufacturing PMI,Medium,45.2,46.0,46.0,2024-11-22 04:00:00
2024-11-22,4:00am,EUR,Flash Services PMI,Medium,49.2,51.6,51.6,2024-11-22 04:00:00
2024-11-22,4:30am,GBP,Flash Manufacturing PMI,High,48.6,50.0,49.9,2024-11-22 04:30:00
2024-11-22,4:30am,GBP,Flash Services PMI,High,50.0,51.9,52.0,2024-11-22 04:30:00
2024-11-22,7:40am,CHF,SNB Chairman Schlegel Speaks,High,,,,2024-11-22 07:40:00
2024-11-22,8:00am,EUR,German Buba President Nagel Speaks,Non-economic,,,,2024-11-22 08:00:00
2024-11-22,8:30am,CAD,Core Retail Sales m/m,High,0.9%,0.3%,-0.8%,2024-11-22 08:30:00
2024-11-22,8:30am,CAD,Retail Sales m/m,High,0.4%,0.4%,0.4%,2024-11-22 08:30:00
2024-11-22,8:30am,CAD,NHPI m/m,Non-economic,-0.4%,0.1%,0.0%,2024-11-22 08:30:00
2024-11-22,9:45am,USD,Flash Manufacturing PMI,High,48.8,48.8,48.5,2024-11-22 09:45:00
2024-11-22,9:45am,USD,Flash Services PMI,High,57.0,55.2,55.0,2024-11-22 09:45:00
2024-11-22,10:00am,USD,Revised UoM Consumer Sentiment,Medium,71.8,74.0,73.0,2024-11-22 10:00:00
2024-11-22,10:00am,USD,Revised UoM Inflation Expectations,Non-economic,2.6%,,2.6%,2024-11-22 10:00:00
2024-11-22,4:00pm,USD,FOMC Financial Stability Report,Non-economic,,,,2024-11-22 16:00:00
2024-11-22,6:15pm,USD,FOMC Member Bowman Speaks,Non-economic,,,,2024-11-22 18:15:00
2024-11-24,4:45pm,NZD,Retail Sales q/q,Medium,-0.1%,-0.5%,-1.2%,2024-11-24 16:45:00
2024-11-24,4:45pm,NZD,Core Retail Sales q/q,Non-economic,-0.8%,-0.3%,-1.0%,2024-11-24 16:45:00
2024-11-24,4:45pm,NZD,Trade Balance,Non-economic,-1544M,-1760M,-2154M,2024-11-24 16:45:00
2024-11-25,4:00am,EUR,German ifo Business Climate,Medium,85.7,86.1,86.5,2024-11-25 04:00:00
2024-11-25,4:00am,GBP,MPC Member Lombardelli Speaks,Non-economic,,,,2024-11-25 04:00:00
2024-11-25,5:30am,GBP,MPC Member Dhingra Speaks,Non-economic,,,,2024-11-25 05:30:00
2024-11-25,8:30am,CAD,Corporate Profits q/q,Non-economic,-2.5%,,1.5%,2024-11-25 08:30:00
2024-11-25,8:56am,EUR,Belgian NBB Business Climate,Non-economic,-11.1,-12.7,-12.8,2024-11-25 08:56:00
2024-11-25,9:00am,CNY,CB Leading Index m/m,Non-economic,-0.3%,,-0.3%,2024-11-25 09:00:00
2024-11-25,12:30pm,EUR,German Buba President Nagel Speaks,Non-economic,,,,2024-11-25 12:30:00
2024-11-25,6:50pm,JPY,SPPI y/y,Non-economic,2.9%,2.5%,2.8%,2024-11-25 18:50:00
2024-11-25,7:01pm,GBP,BRC Shop Price Index y/y,Non-economic,-0.6%,,-0.8%,2024-11-25 19:01:00
2024-11-26,12:00am,JPY,BOJ Core CPI y/y,Non-economic,1.5%,1.8%,1.7%,2024-11-26 00:00:00
2024-11-26,6:00am,GBP,CBI Realized Sales,Non-economic,-18,-14,-6,2024-11-26 06:00:00
2024-11-26,8:05am,CAD,Gov Council Member Mendes Speaks,Non-economic,,,,2024-11-26 08:05:00
2024-11-26,9:00am,USD,S&P/CS Composite-20 HPI y/y,Medium,4.6%,4.7%,5.2%,2024-11-26 09:00:00
2024-11-26,9:00am,USD,HPI m/m,Non-economic,0.7%,0.3%,0.4%,2024-11-26 09:00:00
2024-11-26,9:59am,USD,Richmond Manufacturing Index,Medium,-14,-10,-14,2024-11-26 09:59:00
2024-11-26,10:00am,GBP,MPC Member Pill Speaks,Non-economic,,,,2024-11-26 10:00:00
2024-11-26,10:00am,USD,CB Consumer Confidence,High,111.7,111.8,109.6,2024-11-26 10:00:00
2024-11-26,10:00am,USD,New Home Sales,Medium,610K,725K,738K,2024-11-26 10:00:00
2024-11-26,2:00pm,USD,FOMC Meeting Minutes,High,,,,2024-11-26 14:00:00
2024-11-26,2:30pm,USD,President Biden Speaks,Non-economic,,,,2024-11-26 14:30:00
2024-11-26,4:30pm,USD,API Weekly Statistical Bulletin,Non-economic,,,,2024-11-26 16:30:00
2024-11-26,7:30pm,AUD,CPI y/y,High,2.1%,2.5%,2.1%,2024-11-26 19:30:00
2024-11-26,7:30pm,AUD,Construction Work Done q/q,Non-economic,1.6%,0.4%,1.1%,2024-11-26 19:30:00
2024-11-26,8:00pm,NZD,Official Cash Rate,High,4.25%,4.25%,4.75%,2024-11-26 20:00:00
2024-11-26,8:00pm,NZD,RBNZ Monetary Policy Statement,High,,,,2024-11-26 20:00:00
2024-11-26,8:00pm,NZD,RBNZ Rate Statement,High,,,,2024-11-26 20:00:00
2024-11-26,9:00pm,NZD,RBNZ Press Conference,High,,,,2024-11-26 21:00:00
2024-11-27,4:00am,CHF,UBS Economic Expectations,Non-economic,-12.4,,-7.7,2024-11-27 04:00:00
2024-11-27,4:30am,EUR,German GfK Consumer Climate,Non-economic,-23.3,-18.8,-18.4,2024-11-27 04:30:00
2024-11-27,8:30am,USD,Prelim GDP q/q,High,2.8%,2.8%,2.8%,2024-11-27 08:30:00
2024-11-27,8:30am,USD,Unemployment Claims,High,213K,215K,215K,2024-11-27 08:30:00
2024-11-27,8:30am,USD,Core Durable Goods Orders m/m,Medium,0.1%,0.2%,0.5%,2024-11-27 08:30:00
2024-11-27,8:30am,USD,Durable Goods Orders m/m,Medium,0.2%,0.4%,-0.7%,2024-11-27 08:30:00
2024-11-27,8:30am,USD,Prelim GDP Price Index q/q,Medium,1.9%,1.8%,1.8%,2024-11-27 08:30:00
2024-11-27,8:30am,USD,Goods Trade Balance,Non-economic,-99.1B,-102.2B,-108.7B,2024-11-27 08:30:00
2024-11-27,8:30am,USD,Prelim Wholesale Inventories m/m,Non-economic,0.2%,0.0%,-0.2%,2024-11-27 08:30:00
2024-11-27,9:45am,USD,Chicago PMI,Medium,40.2,44.9,41.6,2024-11-27 09:45:00
2024-11-27,10:00am,USD,Core PCE Price Index m/m,High,0.3%,0.3%,0.3%,2024-11-27 10:00:00
2024-11-27,10:00am,USD,Pending Home Sales m/m,Medium,2.0%,-2.1%,7.5%,2024-11-27 10:00:00
2024-11-27,10:00am,USD,Personal Income m/m,Non-economic,0.6%,0.3%,0.3%,2024-11-27 10:00:00
2024-11-27,10:00am,USD,Personal Spending m/m,Non-economic,0.4%,0.4%,0.6%,2024-11-27 10:00:00
2024-11-27,10:30am,USD,Crude Oil Inventories,Medium,-1.8M,-1.3M,0.5M,2024-11-27 10:30:00
2024-11-27,12:00pm,USD,Natural Gas Storage,Non-economic,-2B,-2B,-3B,2024-11-27 12:00:00
2024-11-27,7:00pm,NZD,ANZ Business Confidence,Non-economic,64.9,,65.7,2024-11-27 19:00:00
2024-11-27,7:30pm,AUD,Private Capital Expenditure q/q,Non-economic,1.1%,0.9%,-2.2%,2024-11-27 19:30:00
2024-11-28,All Day,EUR,German Prelim CPI m/m,High,-0.2%,-0.2%,0.4%,2024-11-28 00:00:00
2024-11-28,3:00am,EUR,Spanish Flash CPI y/y,Medium,2.4%,2.3%,1.8%,2024-11-28 03:00:00
2024-11-28,3:55am,AUD,RBA Gov Bullock Speaks,High,,,,2024-11-28 03:55:00
2024-11-28,4:00am,EUR,M3 Money Supply y/y,Non-economic,3.4%,3.4%,3.2%,2024-11-28 04:00:00
2024-11-28,4:00am,EUR,Private Loans y/y,Non-economic,0.8%,0.8%,0.7%,2024-11-28 04:00:00
2024-11-28,5:10am,EUR,Italian 10-y Bond Auction,Non-economic,3.39|1.6,,3.57|1.6,2024-11-28 05:10:00
2024-11-28,All Day,USD,Bank Holiday,Low,,,,2024-11-28 00:00:00
2024-11-28,8:30am,CAD,Current Account,Non-economic,-3.2B,-8.6B,-4.7B,2024-11-28 08:30:00
2024-11-28,6:30pm,JPY,Tokyo Core CPI y/y,Medium,2.2%,2.0%,1.8%,2024-11-28 18:30:00
2024-11-28,6:30pm,JPY,Unemployment Rate,Non-economic,2.5%,2.5%,2.4%,2024-11-28 18:30:00
2024-11-28,6:50pm,JPY,Prelim Industrial Production m/m,Non-economic,3.0%,3.8%,1.6%,2024-11-28 18:50:00
2024-11-28,6:50pm,JPY,Retail Sales y/y,Non-economic,1.6%,2.1%,0.7%,2024-11-28 18:50:00
2024-11-28,7:30pm,AUD,Private Sector Credit m/m,Non-economic,0.6%,0.5%,0.5%,2024-11-28 19:30:00
2024-11-29,12:00am,JPY,Consumer Confidence,Non-economic,36.4,36.4,36.2,2024-11-29 00:00:00
2024-11-29,12:00am,JPY,Housing Starts y/y,Non-economic,-2.9%,-2.0%,-0.6%,2024-11-29 00:00:00
2024-11-29,2:00am,EUR,German Import Prices m/m,Non-economic,0.6%,0.2%,-0.4%,2024-11-29 02:00:00
2024-11-29,2:00am,EUR,German Retail Sales m/m,Non-economic,-1.5%,-0.5%,1.6%,2024-11-29 02:00:00
2024-11-29,2:45am,EUR,French Consumer Spending m/m,Non-economic,-0.4%,-0.1%,0.1%,2024-11-29 02:45:00
2024-11-29,2:45am,EUR,French Final Private Payrolls q/q,Non-economic,0.1%,0.0%,-0.1%,2024-11-29 02:45:00
2024-11-29,2:45am,EUR,French Prelim CPI m/m,Non-economic,-0.1%,0.0%,0.2%,2024-11-29 02:45:00
2024-11-29,2:45am,EUR,French Prelim GDP q/q,Non-economic,0.4%,0.4%,0.4%,2024-11-29 02:45:00
2024-11-29,3:00am,CHF,GDP q/q,Medium,0.4%,0.4%,0.6%,2024-11-29 03:00:00
2024-11-29,3:00am,CHF,KOF Economic Barometer,Non-economic,101.8,100.1,99.7,2024-11-29 03:00:00
2024-11-29,3:55am,EUR,German Unemployment Change,Non-economic,7K,20K,26K,2024-11-29 03:55:00
2024-11-29,4:30am,GBP,M4 Money Supply m/m,Non-economic,-0.1%,0.4%,0.5%,2024-11-29 04:30:00
2024-11-29,4:30am,GBP,Mortgage Approvals,Non-economic,68K,65K,66K,2024-11-29 04:30:00
2024-11-29,4:32am,GBP,Net Lending to Individuals m/m,Non-economic,4.5B,4.1B,3.8B,2024-11-29 04:32:00
2024-11-29,5:00am,EUR,Core CPI Flash Estimate y/y,Medium,2.7%,2.8%,2.7%,2024-11-29 05:00:00
2024-11-29,5:00am,EUR,CPI Flash Estimate y/y,Medium,2.3%,2.3%,2.0%,2024-11-29 05:00:00
2024-11-29,5:00am,EUR,Italian Prelim CPI m/m,Non-economic,0.0%,-0.2%,0.0%,2024-11-29 05:00:00
2024-11-29,5:30am,GBP,Bank Stress Test Results,Non-economic,,,,2024-11-29 05:30:00
2024-11-29,5:30am,GBP,BOE Financial Stability Report,Non-economic,,,,2024-11-29 05:30:00
2024-11-29,5:30am,GBP,FPC Meeting Minutes,Non-economic,,,,2024-11-29 05:30:00
2024-11-29,5:30am,GBP,FPC Statement,Non-economic,,,,2024-11-29 05:30:00
2024-11-29,6:00am,GBP,BOE Gov Bailey Speaks,High,,,,2024-11-29 06:00:00
2024-11-29,8:00am,EUR,German Buba President Nagel Speaks,Non-economic,,,,2024-11-29 08:00:00
2024-11-29,8:30am,CAD,GDP m/m,High,0.1%,0.3%,0.0%,2024-11-29 08:30:00
2024-11-29,8:30pm,CNY,Manufacturing PMI,High,50.3,50.2,50.1,2024-11-29 20:30:00
2024-11-29,8:30pm,CNY,Non-Manufacturing PMI,Medium,50.0,50.4,50.2,2024-11-29 20:30:00
2024-11-30,6:15am,CHF,SNB Chairman Schlegel Speaks,Medium,,,,2024-11-30 06:15:00
2024-12-01,4:45pm,NZD,Building Consents m/m,Non-economic,-5.2%,,2.4%,2024-12-01 16:45:00
2024-12-01,6:50pm,JPY,Capital Spending q/y,Non-economic,8.1%,6.7%,7.4%,2024-12-01 18:50:00
2024-12-01,7:00pm,AUD,MI Inflation Gauge m/m,Non-economic,0.2%,,0.3%,2024-12-01 19:00:00
2024-12-01,7:30pm,AUD,Retail Sales m/m,Medium,0.6%,0.4%,0.1%,2024-12-01 19:30:00
2024-12-01,7:30pm,AUD,ANZ Job Advertisements m/m,Non-economic,-1.3%,,0.7%,2024-12-01 19:30:00
2024-12-01,7:30pm,AUD,Building Approvals m/m,Non-economic,4.2%,1.2%,5.8%,2024-12-01 19:30:00
2024-12-01,7:30pm,AUD,Company Operating Profits q/q,Non-economic,-4.6%,0.6%,-6.8%,2024-12-01 19:30:00
2024-12-01,7:30pm,JPY,Final Manufacturing PMI,Non-economic,49.0,49.0,49.0,2024-12-01 19:30:00
2024-12-01,8:45pm,CNY,RatingDog Manufacturing PMI,Non-economic,51.5,50.6,50.3,2024-12-01 20:45:00
2024-12-02,12:30am,AUD,Commodity Prices y/y,Non-economic,-11.8%,,-9.3%,2024-12-02 00:30:00
2024-12-02,2:00am,GBP,Nationwide HPI m/m,Non-economic,1.2%,0.2%,0.1%,2024-12-02 02:00:00
2024-12-02,2:30am,CHF,Retail Sales y/y,Non-economic,1.4%,2.6%,1.8%,2024-12-02 02:30:00
2024-12-02,3:15am,EUR,Spanish Manufacturing PMI,Non-economic,53.1,53.9,54.5,2024-12-02 03:15:00
2024-12-02,3:30am,CHF,Manufacturing PMI,Non-economic,48.5,49.6,49.9,2024-12-02 03:30:00
2024-12-02,3:45am,EUR,Italian Manufacturing PMI,Non-economic,44.5,46.1,46.9,2024-12-02 03:45:00
2024-12-02,3:50am,EUR,French Final Manufacturing PMI,Non-economic,43.1,43.3,43.2,2024-12-02 03:50:00
2024-12-02,3:55am,EUR,German Final Manufacturing PMI,Non-economic,43.0,43.2,43.2,2024-12-02 03:55:00
2024-12-02,4:00am,EUR,Final Manufacturing PMI,Non-economic,45.2,45.2,45.2,2024-12-02 04:00:00
2024-12-02,4:00am,EUR,Italian Monthly Unemployment Rate,Non-economic,5.8%,6.1%,6.0%,2024-12-02 04:00:00
2024-12-02,4:30am,GBP,Final Manufacturing PMI,Non-economic,48.0,48.6,48.6,2024-12-02 04:30:00
2024-12-02,5:00am,EUR,Unemployment Rate,Non-economic,6.3%,6.3%,6.3%,2024-12-02 05:00:00
2024-12-02,9:30am,CAD,Manufacturing PMI,Non-economic,52.0,,51.1,2024-12-02 09:30:00
2024-12-02,9:45am,USD,Final Manufacturing PMI,Medium,49.7,48.8,48.8,2024-12-02 09:45:00
2024-12-02,10:00am,USD,ISM Manufacturing PMI,High,48.4,47.7,46.5,2024-12-02 10:00:00
2024-12-02,10:00am,USD,ISM Manufacturing Prices,Medium,50.3,55.2,54.8,2024-12-02 10:00:00
2024-12-02,10:00am,USD,Construction Spending m/m,Non-economic,0.4%,0.2%,0.1%,2024-12-02 10:00:00
2024-12-02,3:15pm,USD,FOMC Member Waller Speaks,Medium,,,,2024-12-02 15:15:00
2024-12-02,4:30pm,USD,FOMC Member Williams Speaks,Non-economic,,,,2024-12-02 16:30:00
2024-12-02,4:45pm,NZD,Overseas Trade Index q/q,Non-economic,2.4%,1.2%,2.1%,2024-12-02 16:45:00
2024-12-02,6:50pm,JPY,Monetary Base y/y,Non-economic,-0.3%,0.2%,-0.3%,2024-12-02 18:50:00
2024-12-02,7:01pm,GBP,BRC Retail Sales Monitor y/y,Non-economic,-3.4%,0.7%,0.3%,2024-12-02 19:01:00
2024-12-02,7:30pm,AUD,Current Account,Non-economic,-14.1B,-10.3B,-16.4B,2024-12-02 19:30:00
2024-12-02,10:35pm,JPY,10-y Bond Auction,Non-economic,1.08|3.1,,1.00|3.1,2024-12-02 22:35:00
2024-12-03,2:30am,CHF,CPI m/m,High,-0.1%,-0.1%,-0.1%,2024-12-03 02:30:00
2024-12-03,3:00am,EUR,Spanish Unemployment Change,Non-economic,-16.0K,29.3K,26.8K,2024-12-03 03:00:00
2024-12-03,9:44am,NZD,GDT Price Index,Non-economic,1.2%,,1.9%,2024-12-03 09:44:00
2024-12-03,10:00am,USD,JOLTS Job Openings,High,7.74M,7.51M,7.37M,2024-12-03 10:00:00
2024-12-03,10:06am,USD,RCM/TIPP Economic Optimism,Non-economic,54.0,54.1,53.2,2024-12-03 10:06:00
2024-12-03,All Day,USD,Wards Total Vehicle Sales,Non-economic,16.5M,16.0M,16.0M,2024-12-03 00:00:00
2024-12-03,10:52am,EUR,French Gov Budget Balance,Non-economic,-157.4B,,-173.8B,2024-12-03 10:52:00
2024-12-03,12:35pm,USD,FOMC Member Kugler Speaks,Non-economic,,,,2024-12-03 12:35:00
2024-12-03,3:45pm,USD,FOMC Member Goolsbee Speaks,Non-economic,,,,2024-12-03 15:45:00
2024-12-03,4:30pm,USD,API Weekly Statistical Bulletin,Non-economic,,,,2024-12-03 16:30:00
2024-12-03,7:00pm,NZD,ANZ Commodity Prices m/m,Non-economic,2.9%,,1.4%,2024-12-03 19:00:00
2024-12-03,7:30pm,AUD,GDP q/q,High,0.3%,0.5%,0.2%,2024-12-03 19:30:00
2024-12-03,8:00pm,NZD,RBNZ Gov Orr Speaks,Medium,,,,2024-12-03 20:00:00
2024-12-03,8:45pm,CNY,RatingDog Services PMI,Non-economic,51.5,52.4,52.0,2024-12-03 20:45:00
2024-12-04,3:15am,EUR,Spanish Services PMI,Non-economic,53.1,53.4,54.9,2024-12-04 03:15:00
2024-12-04,3:45am,EUR,Italian Services PMI,Non-economic,49.2,50.9,52.4,2024-12-04 03:45:00
2024-12-04,3:50am,EUR,French Final Services PMI,Non-economic,46.9,45.7,45.7,2024-12-04 03:50:00
2024-12-04,3:55am,EUR,German Final Services PMI,Non-economic,49.3,49.4,49.4,2024-12-04 03:55:00
2024-12-04,4:00am,EUR,Final Services PMI,Non-economic,49.5,49.2,49.2,2024-12-04 04:00:00
2024-12-04,4:00am,GBP,BOE Gov Bailey Speaks,Medium,,,,2024-12-04 04:00:00
2024-12-04,4:30am,GBP,Final Services PMI,Non-economic,50.8,50.0,50.0,2024-12-04 04:30:00
2024-12-04,5:00am,EUR,PPI m/m,Non-economic,0.4%,0.4%,-0.6%,2024-12-04 05:00:00
2024-12-04,5:33am,EUR,German 10-y Bond Auction,Non-economic,2.07|2.4,,2.38|2.3,2024-12-04 05:33:00
2024-12-04,8:15am,USD,ADP Non-Farm Employment Change,High,146K,152K,184K,2024-12-04 08:15:00
2024-12-04,8:30am,CAD,Labor Productivity q/q,Non-economic,-0.4%,-0.2%,-0.1%,2024-12-04 08:30:00
2024-12-04,8:30am,EUR,ECB President Lagarde Speaks,Medium,,,,2024-12-04 08:30:00
2024-12-04,8:45am,USD,FOMC Member Musalem Speaks,Non-economic,,,,2024-12-04 08:45:00
2024-12-04,9:45am,USD,Final Services PMI,Medium,56.1,57.0,57.0,2024-12-04 09:45:00
2024-12-04,10:00am,USD,ISM Services PMI,High,52.1,55.7,56.0,2024-12-04 10:00:00
2024-12-04,10:00am,USD,Factory Orders m/m,Non-economic,0.2%,0.2%,-0.2%,2024-12-04 10:00:00
2024-12-04,10:30am,USD,Crude Oil Inventories,Medium,-5.1M,-1.6M,-1.8M,2024-12-04 10:30:00
2024-12-04,12:10pm,EUR,German Buba President Nagel Speaks,Non-economic,,,,2024-12-04 12:10:00
2024-12-04,1:45pm,USD,Fed Chairman Powell Speaks,High,,,,2024-12-04 13:45:00
2024-12-04,2:00pm,USD,Beige Book,Non-economic,,,,2024-12-04 14:00:00
2024-12-04,7:30pm,AUD,Goods Trade Balance,Non-economic,5.95B,4.53B,4.53B,2024-12-04 19:30:00
2024-12-04,7:30pm,AUD,Household Spending m/m,Non-economic,0.8%,,-0.2%,2024-12-04 19:30:00
2024-12-04,10:35pm,JPY,30-y Bond Auction,Non-economic,2.29|3.5,,2.27|3.4,2024-12-04 22:35:00
2024-12-05,1:45am,CHF,Unemployment Rate,Non-economic,2.6%,2.7%,2.6%,2024-12-05 01:45:00
2024-12-05,2:00am,EUR,German Factory Orders m/m,Non-economic,-1.5%,-2.0%,7.2%,2024-12-05 02:00:00
2024-12-05,2:45am,EUR,French Industrial Production m/m,Non-economic,-0.1%,0.2%,-0.8%,2024-12-05 02:45:00
2024-12-05,4:30am,GBP,Construction PMI,Medium,55.2,53.5,54.3,2024-12-05 04:30:00
2024-12-05,4:37am,EUR,Spanish 10-y Bond Auction,Non-economic,2.74|2.6,,2.92|1.7,2024-12-05 04:37:00
2024-12-05,5:00am,EUR,Retail Sales m/m,Non-economic,-0.5%,-0.3%,0.5%,2024-12-05 05:00:00
2024-12-05,All Day,All,OPEC-JMMC Meetings,Medium,,,,2024-12-05 00:00:00
2024-12-05,7:30am,USD,Challenger Job Cuts y/y,Non-economic,26.8%,,50.9%,2024-12-05 07:30:00
2024-12-05,8:30am,CAD,Trade Balance,Non-economic,-0.9B,-1.0B,-1.3B,2024-12-05 08:30:00
2024-12-05,8:30am,USD,Unemployment Claims,High,224K,215K,215K,2024-12-05 08:30:00
2024-12-05,8:30am,USD,Trade Balance,Non-economic,-73.8B,-75.2B,-83.8B,2024-12-05 08:30:00
2024-12-05,10:30am,USD,Natural Gas Storage,Non-economic,-30B,-38B,-2B,2024-12-05 10:30:00
2024-12-05,12:00pm,GBP,MPC Member Greene Speaks,Non-economic,,,,2024-12-05 12:00:00
2024-12-05,6:30pm,JPY,Average Cash Earnings y/y,Non-economic,2.6%,2.6%,2.5%,2024-12-05 18:30:00
2024-12-05,6:30pm,JPY,Household Spending y/y,Non-economic,-1.3%,-2.6%,-1.1%,2024-12-05 18:30:00
2024-12-06,12:00am,JPY,Leading Indicators,Non-economic,108.6%,108.9%,109.1%,2024-12-06 00:00:00
2024-12-06,2:00am,EUR,German Industrial Production m/m,Non-economic,-1.0%,1.0%,-2.0%,2024-12-06 02:00:00
2024-12-06,2:00am,GBP,Halifax HPI m/m,Non-economic,1.3%,0.3%,0.2%,2024-12-06 02:00:00
2024-12-06,2:45am,EUR,French Trade Balance,Non-economic,-7.7B,-8.0B,-8.4B,2024-12-06 02:45:00
2024-12-06,3:00am,CHF,Foreign Currency Reserves,Non-economic,725B,,719B,2024-12-06 03:00:00
2024-12-06,4:01am,EUR,Italian Retail Sales m/m,Non-economic,-0.5%,0.9%,1.3%,2024-12-06 04:01:00
2024-12-06,5:00am,EUR,Final Employment Change q/q,Non-economic,0.2%,0.2%,0.2%,2024-12-06 05:00:00
2024-12-06,5:00am,EUR,Revised GDP q/q,Non-economic,0.4%,0.4%,0.4%,2024-12-06 05:00:00
2024-12-06,8:30am,CAD,Employment Change,High,50.5K,24.7K,14.5K,2024-12-06 08:30:00
2024-12-06,8:30am,CAD,Unemployment Rate,High,6.8%,6.6%,6.5%,2024-12-06 08:30:00
2024-12-06,8:30am,USD,Average Hourly Earnings m/m,High,0.4%,0.3%,0.4%,2024-12-06 08:30:00
2024-12-06,8:30am,USD,Non-Farm Employment Change,High,227K,218K,36K,2024-12-06 08:30:00
2024-12-06,8:30am,USD,Unemployment Rate,High,4.2%,4.1%,4.1%,2024-12-06 08:30:00
2024-12-06,9:15am,USD,FOMC Member Bowman Speaks,Non-economic,,,,2024-12-06 09:15:00
2024-12-06,10:00am,CAD,Ivey PMI,Medium,52.3,53.1,52.0,2024-12-06 10:00:00
2024-12-06,10:00am,USD,Prelim UoM Consumer Sentiment,Medium,74.0,73.3,71.8,2024-12-06 10:00:00
2024-12-06,10:00am,USD,Prelim UoM Inflation Expectations,Medium,2.9%,,2.6%,2024-12-06 10:00:00
2024-12-06,10:30am,USD,FOMC Member Goolsbee Speaks,Non-economic,,,,2024-12-06 10:30:00
2024-12-06,12:00pm,USD,FOMC Member Hammack Speaks,Non-economic,,,,2024-12-06 12:00:00
2024-12-06,1:00pm,USD,FOMC Member Daly Speaks,Non-economic,,,,2024-12-06 13:00:00
2024-12-06,3:00pm,USD,Consumer Credit m/m,Non-economic,19.2B,10.4B,3.2B,2024-12-06 15:00:00
2024-12-08,6:50pm,JPY,Bank Lending y/y,Non-economic,3.0%,2.6%,2.6%,2024-12-08 18:50:00
2024-12-08,6:50pm,JPY,Current Account,Non-economic,2.41T,2.28T,1.27T,2024-12-08 18:50:00
2024-12-08,6:50pm,JPY,Final GDP Price Index y/y,Non-economic,2.4%,2.5%,2.5%,2024-12-08 18:50:00
2024-12-08,6:50pm,JPY,Final GDP q/q,Non-economic,0.3%,0.3%,0.2%,2024-12-08 18:50:00
2024-12-08,8:30pm,CNY,CPI y/y,Medium,0.2%,0.4%,0.3%,2024-12-08 20:30:00
2024-12-08,8:30pm,CNY,PPI y/y,Medium,-2.5%,-2.8%,-2.9%,2024-12-08 20:30:00
2024-12-09,12:00am,JPY,Economy Watchers Sentiment,Non-economic,49.4,47.3,47.5,2024-12-09 00:00:00
2024-12-09,3:00am,CHF,SECO Consumer Climate,Non-economic,-37,-38,-37,2024-12-09 03:00:00
2024-12-09,4:30am,EUR,Sentix Investor Confidence,Non-economic,-17.5,-12.4,-12.8,2024-12-09 04:30:00
2024-12-09,All Day,EUR,Eurogroup Meetings,Non-economic,,,,2024-12-09 00:00:00
2024-12-09,8:00am,GBP,MPC Member Ramsden Speaks,Non-economic,,,,2024-12-09 08:00:00
2024-12-09,10:00am,USD,Final Wholesale Inventories m/m,Non-economic,0.2%,0.2%,0.2%,2024-12-09 10:00:00
2024-12-09,6:50pm,JPY,M2 Money Stock y/y,Non-economic,1.2%,1.2%,1.2%,2024-12-09 18:50:00
2024-12-09,7:30pm,AUD,NAB Business Confidence,Non-economic,-3,,5,2024-12-09 19:30:00
2024-12-09,10:06pm,CNY,USD-Denominated Trade Balance,Non-economic,97.4B,94.0B,95.7B,2024-12-09 22:06:00
2024-12-09,10:07pm,CNY,Trade Balance,Non-economic,693B,682B,679B,2024-12-09 22:07:00
2024-12-09,10:30pm,AUD,Cash Rate,High,4.35%,4.35%,4.35%,2024-12-09 22:30:00
2024-12-09,10:30pm,AUD,RBA Rate Statement,High,,,,2024-12-09 22:30:00
2024-12-09,11:30pm,AUD,RBA Press Conference,Medium,,,,2024-12-09 23:30:00
2024-12-10,12:58am,JPY,Prelim Machine Tool Orders y/y,Non-economic,3.0%,,9.3%,2024-12-10 00:58:00
2024-12-10,2:00am,EUR,German Final CPI m/m,Non-economic,-0.2%,-0.2%,-0.2%,2024-12-10 02:00:00
2024-12-10,4:00am,EUR,Italian Industrial Production m/m,Non-economic,0.0%,-0.1%,-0.3%,2024-12-10 04:00:00
2024-12-10,All Day,EUR,ECOFIN Meetings,Non-economic,,,,2024-12-10 00:00:00
2024-12-10,6:00am,USD,NFIB Small Business Index,Non-economic,101.7,94.6,93.7,2024-12-10 06:00:00
2024-12-10,All Day,All,OPEC Meetings,Medium,,,,2024-12-10 00:00:00
2024-12-10,8:30am,USD,Revised Nonfarm Productivity q/q,Non-economic,2.2%,2.3%,2.2%,2024-12-10 08:30:00
2024-12-10,8:30am,USD,Revised Unit Labor Costs q/q,Non-economic,0.8%,1.3%,1.9%,2024-12-10 08:30:00
2024-12-10,4:30pm,USD,API Weekly Statistical Bulletin,Non-economic,,,,2024-12-10 16:30:00
2024-12-10,4:45pm,NZD,Manufacturing Sales q/q,Non-economic,-0.1%,,0.9%,2024-12-10 16:45:00
2024-12-10,6:50pm,JPY,BSI Manufacturing Index,Non-economic,6.3,1.8,4.5,2024-12-10 18:50:00
2024-12-10,6:50pm,JPY,PPI y/y,Non-economic,3.7%,3.4%,3.6%,2024-12-10 18:50:00
2024-12-11,2:00am,AUD,RBA Deputy Gov Hauser Speaks,Non-economic,,,,2024-12-11 02:00:00
2024-12-11,5:05am,GBP,10-y Bond Auction,Non-economic,4.33|2.9,,4.48|2.8,2024-12-11 05:05:00
2024-12-11,8:30am,USD,Core CPI m/m,High,0.3%,0.3%,0.3%,2024-12-11 08:30:00
2024-12-11,8:30am,USD,CPI m/m,High,0.3%,0.3%,0.2%,2024-12-11 08:30:00
2024-12-11,8:30am,USD,CPI y/y,High,2.7%,2.7%,2.6%,2024-12-11 08:30:00
2024-12-11,9:45am,CAD,BOC Rate Statement,High,,,,2024-12-11 09:45:00
2024-12-11,9:45am,CAD,Overnight Rate,High,3.25%,3.25%,3.75%,2024-12-11 09:45:00
2024-12-11,10:30am,CAD,BOC Press Conference,High,,,,2024-12-11 10:30:00
2024-12-11,10:30am,USD,Crude Oil Inventories,Medium,-1.4M,-1.0M,-5.1M,2024-12-11 10:30:00
2024-12-11,1:01pm,USD,10-y Bond Auction,Non-economic,4.24|2.7,,4.35|2.6,2024-12-11 13:01:00
2024-12-11,2:00pm,USD,Federal Budget Balance,Non-economic,-366.8B,-349.0B,-257.5B,2024-12-11 14:00:00
2024-12-11,5:15pm,AUD,RBA Assist Gov Jones Speaks,Non-economic,,,,2024-12-11 17:15:00
2024-12-11,7:01pm,GBP,RICS House Price Balance,Non-economic,25%,19%,16%,2024-12-11 19:01:00
2024-12-11,7:30pm,AUD,Employment Change,High,35.6K,26.0K,12.1K,2024-12-11 19:30:00
2024-12-11,7:30pm,AUD,Unemployment Rate,High,3.9%,4.2%,4.1%,2024-12-11 19:30:00
2024-12-12,3:30am,CHF,SNB Monetary Policy Assessment,High,,,,2024-12-12 03:30:00
2024-12-12,3:30am,CHF,SNB Policy Rate,High,0.50%,0.75%,1.00%,2024-12-12 03:30:00
2024-12-12,4:00am,CHF,SNB Press Conference,High,,,,2024-12-12 04:00:00
2024-12-12,4:00am,EUR,Italian Quarterly Unemployment Rate,Non-economic,6.1%,6.6%,6.7%,2024-12-12 04:00:00
2024-12-12,5:15am,EUR,Italian 10-y Bond Auction,Non-economic,3.19|2.1,,3.39|1.6,2024-12-12 05:15:00
2024-12-12,8:15am,EUR,Main Refinancing Rate,High,3.15%,3.15%,3.40%,2024-12-12 08:15:00
2024-12-12,8:15am,EUR,Monetary Policy Statement,High,,,,2024-12-12 08:15:00
2024-12-12,8:30am,CAD,Building Permits m/m,Non-economic,-3.1%,-4.8%,11.5%,2024-12-12 08:30:00
2024-12-12,8:30am,USD,Core PPI m/m,High,0.2%,0.2%,0.3%,2024-12-12 08:30:00
2024-12-12,8:30am,USD,PPI m/m,High,0.4%,0.2%,0.3%,2024-12-12 08:30:00
2024-12-12,8:30am,USD,Unemployment Claims,High,242K,221K,225K,2024-12-12 08:30:00
2024-12-12,8:45am,EUR,ECB Press Conference,High,,,,2024-12-12 08:45:00
2024-12-12,9:30am,GBP,CB Leading Index m/m,Non-economic,0.0%,,0.0%,2024-12-12 09:30:00
2024-12-12,10:30am,USD,Natural Gas Storage,Non-economic,-190B,-172B,-30B,2024-12-12 10:30:00
2024-12-12,1:01pm,USD,30-y Bond Auction,Non-economic,4.54|2.4,,4.61|2.6,2024-12-12 13:01:00
2024-12-12,4:30pm,NZD,BusinessNZ Manufacturing Index,Non-economic,45.5,,45.7,2024-12-12 16:30:00
2024-12-12,4:45pm,NZD,Visitor Arrivals m/m,Non-economic,0.6%,,1.3%,2024-12-12 16:45:00
2024-12-12,6:50pm,JPY,Tankan Manufacturing Index,Non-economic,14,13,13,2024-12-12 18:50:00
2024-12-12,6:50pm,JPY,Tankan Non-Manufacturing Index,Non-economic,33,33,34,2024-12-12 18:50:00
2024-12-12,7:01pm,GBP,GfK Consumer Confidence,Non-economic,-17,-18,-18,2024-12-12 19:01:00
2024-12-12,8:30pm,AUD,RBA Assist Gov Hunter Speaks,Non-economic,,,,2024-12-12 20:30:00
2024-12-12,11:30pm,JPY,Revised Industrial Production m/m,Non-economic,2.8%,3.0%,3.0%,2024-12-12 23:30:00
2024-12-13,2:00am,EUR,German Trade Balance,Non-economic,13.4B,15.7B,16.9B,2024-12-13 02:00:00
2024-12-13,2:00am,EUR,German WPI m/m,Non-economic,0.0%,0.2%,0.4%,2024-12-13 02:00:00
2024-12-13,2:00am,GBP,GDP m/m,High,-0.1%,0.1%,-0.1%,2024-12-13 02:00:00
2024-12-13,2:00am,GBP,Construction Output m/m,Non-economic,-0.4%,0.2%,0.1%,2024-12-13 02:00:00
2024-12-13,2:00am,GBP,Goods Trade Balance,Non-economic,-19.0B,-16.1B,-16.3B,2024-12-13 02:00:00
2024-12-13,2:00am,GBP,Index of Services 3m/3m,Non-economic,0.1%,0.2%,0.1%,2024-12-13 02:00:00
2024-12-13,2:00am,GBP,Industrial Production m/m,Non-economic,-0.6%,0.3%,-0.5%,2024-12-13 02:00:00
2024-12-13,2:00am,GBP,Manufacturing Production m/m,Non-economic,-0.6%,0.2%,-1.0%,2024-12-13 02:00:00
2024-12-13,2:45am,EUR,French Final CPI m/m,Non-economic,-0.1%,-0.1%,-0.1%,2024-12-13 02:45:00
2024-12-13,4:30am,GBP,Consumer Inflation Expectations,Non-economic,3.0%,,2.7%,2024-12-13 04:30:00
2024-12-13,All Day,All,G7 Meetings,Non-economic,,,,2024-12-13 00:00:00
2024-12-13,5:00am,EUR,German Buba Monthly Report,Non-economic,,,,2024-12-13 05:00:00
2024-12-13,5:00am,EUR,Industrial Production m/m,Non-economic,0.0%,0.0%,-1.5%,2024-12-13 05:00:00
2024-12-13,6:01am,CNY,M2 Money Supply y/y,Non-economic,7.1%,7.6%,7.5%,2024-12-13 06:01:00
2024-12-13,6:02am,CNY,New Loans,Medium,580B,950B,500B,2024-12-13 06:02:00
2024-12-13,7:32am,GBP,NIESR GDP Estimate,Non-economic,0.0%,,0.1%,2024-12-13 07:32:00
2024-12-13,8:30am,CAD,Capacity Utilization Rate,Non-economic,79.3%,78.9%,79.1%,2024-12-13 08:30:00
2024-12-13,8:30am,CAD,Manufacturing Sales m/m,Non-economic,2.1%,1.2%,-0.6%,2024-12-13 08:30:00
2024-12-13,8:30am,CAD,Wholesale Sales m/m,Non-economic,1.0%,0.6%,1.3%,2024-12-13 08:30:00
2024-12-13,8:30am,USD,Import Prices m/m,Non-economic,0.1%,-0.2%,0.1%,2024-12-13 08:30:00
2024-12-14,11:23pm,CNY,Foreign Direct Investment ytd/y,Non-economic,-27.9%,,-29.8%,2024-12-14 23:23:00
2024-12-15,4:30pm,NZD,BusinessNZ Services Index,Non-economic,49.5,,46.2,2024-12-15 16:30:00
2024-12-15,4:45pm,NZD,FPI m/m,Non-economic,-0.1%,,-0.9%,2024-12-15 16:45:00
2024-12-15,5:00pm,AUD,Flash Manufacturing PMI,Non-economic,48.2,,49.4,2024-12-15 17:00:00
2024-12-15,5:00pm,AUD,Flash Services PMI,Non-economic,50.4,,50.5,2024-12-15 17:00:00
2024-12-15,6:50pm,JPY,Core Machinery Orders m/m,Non-economic,2.1%,1.1%,-0.7%,2024-12-15 18:50:00
2024-12-15,7:01pm,GBP,Rightmove HPI m/m,Non-economic,-1.7%,,-1.4%,2024-12-15 19:01:00
2024-12-15,7:30pm,JPY,Flash Manufacturing PMI,Non-economic,49.5,49.2,49.0,2024-12-15 19:30:00
2024-12-15,8:30pm,CNY,New Home Prices m/m,Non-economic,-0.20%,,-0.51%,2024-12-15 20:30:00
2024-12-15,9:00pm,CNY,Industrial Production y/y,Medium,5.4%,5.4%,5.3%,2024-12-15 21:00:00
2024-12-15,9:00pm,CNY,Retail Sales y/y,Medium,3.0%,5.0%,4.8%,2024-12-15 21:00:00
2024-12-15,9:00pm,CNY,Fixed Asset Investment ytd/y,Non-economic,3.3%,3.5%,3.4%,2024-12-15 21:00:00
2024-12-15,9:00pm,CNY,NBS Press Conference,Non-economic,,,,2024-12-15 21:00:00
2024-12-15,9:00pm,CNY,Unemployment Rate,Non-economic,5.0%,5.0%,5.0%,2024-12-15 21:00:00
2024-12-15,11:30pm,JPY,Tertiary Industry Activity m/m,Non-economic,0.3%,-0.1%,-0.1%,2024-12-15 23:30:00
2024-12-16,2:30am,CHF,PPI m/m,Non-economic,-0.6%,0.2%,-0.3%,2024-12-16 02:30:00
2024-12-16,3:15am,EUR,French Flash Manufacturing PMI,High,41.9,43.2,43.1,2024-12-16 03:15:00
2024-12-16,3:15am,EUR,French Flash Services PMI,High,48.2,46.9,46.9,2024-12-16 03:15:00
2024-12-16,3:15am,EUR,ECB President Lagarde Speaks,Medium,,,,2024-12-16 03:15:00
2024-12-16,3:30am,EUR,German Flash Manufacturing PMI,High,42.5,43.1,43.0,2024-12-16 03:30:00
2024-12-16,3:30am,EUR,German Flash Services PMI,High,51.0,49.5,49.3,2024-12-16 03:30:00
2024-12-16,3:35am,EUR,ECB President Lagarde Speaks,Medium,,,,2024-12-16 03:35:00
2024-12-16,4:00am,EUR,Flash Manufacturing PMI,Medium,45.2,45.3,45.2,2024-12-16 04:00:00
2024-12-16,4:00am,EUR,Flash Services PMI,Medium,51.4,49.5,49.5,2024-12-16 04:00:00
2024-12-16,4:30am,GBP,Flash Manufacturing PMI,High,47.3,48.4,48.0,2024-12-16 04:30:00
2024-12-16,4:30am,GBP,Flash Services PMI,High,51.4,50.9,50.8,2024-12-16 04:30:00
2024-12-16,8:15am,CAD,Housing Starts,Non-economic,262K,246K,242K,2024-12-16 08:15:00
2024-12-16,8:30am,USD,Empire State Manufacturing Index,Medium,0.2,6.4,31.2,2024-12-16 08:30:00
2024-12-16,9:45am,USD,Flash Manufacturing PMI,High,48.3,49.4,49.7,2024-12-16 09:45:00
2024-12-16,9:45am,USD,Flash Services PMI,High,58.5,55.7,56.1,2024-12-16 09:45:00
2024-12-16,3:20pm,CAD,BOC Gov Macklem Speaks,High,,,,2024-12-16 15:20:00
2024-12-16,6:20pm,AUD,Westpac Consumer Sentiment,Non-economic,-2.0%,,5.3%,2024-12-16 18:20:00
2024-12-17,2:00am,GBP,Claimant Count Change,High,0.3K,28.2K,-10.9K,2024-12-17 02:00:00
2024-12-17,2:00am,GBP,Average Earnings Index 3m/y,Medium,5.2%,4.6%,4.4%,2024-12-17 02:00:00
2024-12-17,2:00am,GBP,Unemployment Rate,Non-economic,4.3%,4.3%,4.3%,2024-12-17 02:00:00
2024-12-17,3:00am,CHF,SECO Economic Forecasts,Non-economic,,,,2024-12-17 03:00:00
2024-12-17,4:00am,EUR,German ifo Business Climate,Medium,84.7,85.5,85.6,2024-12-17 04:00:00
2024-12-17,4:00am,EUR,Italian Trade Balance,Non-economic,5.15B,3.22B,2.58B,2024-12-17 04:00:00
2024-12-17,5:00am,EUR,German ZEW Economic Sentiment,Medium,15.7,6.8,7.4,2024-12-17 05:00:00
2024-12-17,5:00am,EUR,Trade Balance,Non-economic,6.1B,11.7B,12.6B,2024-12-17 05:00:00
2024-12-17,5:00am,EUR,ZEW Economic Sentiment,Non-economic,17.0,12.2,12.5,2024-12-17 05:00:00
2024-12-17,8:30am,CAD,CPI m/m,High,0.0%,0.1%,0.4%,2024-12-17 08:30:00
2024-12-17,8:30am,CAD,Median CPI y/y,High,2.6%,2.4%,2.6%,2024-12-17 08:30:00
2024-12-17,8:30am,CAD,Trimmed CPI y/y,High,2.7%,2.6%,2.7%,2024-12-17 08:30:00
2024-12-17,8:30am,CAD,Common CPI y/y,Medium,2.0%,2.1%,2.2%,2024-12-17 08:30:00
2024-12-17,8:30am,CAD,Foreign Securities Purchases,Non-economic,21.55B,24.50B,29.65B,2024-12-17 08:30:00
2024-12-17,8:30am,CAD,NHPI m/m,Non-economic,0.1%,0.1%,-0.4%,2024-12-17 08:30:00
2024-12-17,8:30am,USD,Core Retail Sales m/m,High,0.2%,0.4%,0.2%,2024-12-17 08:30:00
2024-12-17,8:30am,USD,Retail Sales m/m,High,0.7%,0.6%,0.5%,2024-12-17 08:30:00
2024-12-17,8:32am,CAD,Core CPI m/m,Non-economic,-0.1%,,0.4%,2024-12-17 08:32:00
2024-12-17,9:00am,CNY,CB Leading Index m/m,Non-economic,-0.1%,,-0.3%,2024-12-17 09:00:00
2024-12-17,9:15am,USD,Capacity Utilization Rate,Non-economic,76.8%,77.3%,77.0%,2024-12-17 09:15:00
2024-12-17,9:15am,USD,Industrial Production m/m,Non-economic,-0.1%,0.3%,-0.4%,2024-12-17 09:15:00
2024-12-17,9:37am,NZD,GDT Price Index,Non-economic,-2.8%,,1.2%,2024-12-17 09:37:00
2024-12-17,10:00am,USD,Business Inventories m/m,Non-economic,0.1%,0.2%,0.0%,2024-12-17 10:00:00
2024-12-17,10:00am,USD,NAHB Housing Market Index,Non-economic,46,47,46,2024-12-17 10:00:00
2024-12-17,3:00pm,NZD,Westpac Consumer Sentiment,Non-economic,97.5,,90.8,2024-12-17 15:00:00
2024-12-17,4:30pm,USD,API Weekly Statistical Bulletin,Non-economic,,,,2024-12-17 16:30:00
2024-12-17,4:45pm,NZD,Current Account,Non-economic,-10.58B,-10.45B,-4.70B,2024-12-17 16:45:00
2024-12-17,6:30pm,AUD,MI Leading Index m/m,Non-economic,0.1%,,0.2%,2024-12-17 18:30:00
2024-12-17,6:50pm,JPY,Trade Balance,Non-economic,-0.38T,-0.45T,-0.23T,2024-12-17 18:50:00
2024-12-17,7:00pm,AUD,Mid-Year Economic and Fiscal Outlook,Non-economic,,,,2024-12-17 19:00:00
2024-12-18,2:00am,GBP,CPI y/y,High,2.6%,2.6%,2.3%,2024-12-18 02:00:00
2024-12-18,2:00am,GBP,Core CPI y/y,Non-economic,3.5%,3.6%,3.3%,2024-12-18 02:00:00
2024-12-18,2:00am,GBP,PPI Input m/m,Non-economic,0.0%,0.2%,0.1%,2024-12-18 02:00:00
2024-12-18,2:00am,GBP,PPI Output m/m,Non-economic,0.3%,0.2%,-0.1%,2024-12-18 02:00:00
2024-12-18,2:00am,GBP,RPI y/y,Non-economic,3.6%,3.7%,3.4%,2024-12-18 02:00:00
2024-12-18,4:30am,EUR,German Buba President Nagel Speaks,Non-economic,,,,2024-12-18 04:30:00
2024-12-18,4:30am,GBP,HPI y/y,Non-economic,3.4%,3.1%,2.8%,2024-12-18 04:30:00
2024-12-18,5:00am,EUR,Final Core CPI y/y,Non-economic,2.7%,2.7%,2.7%,2024-12-18 05:00:00
2024-12-18,5:00am,EUR,Final CPI y/y,Non-economic,2.2%,2.3%,2.3%,2024-12-18 05:00:00
2024-12-18,6:00am,GBP,CBI Industrial Order Expectations,Non-economic,-40,-22,-19,2024-12-18 06:00:00
2024-12-18,8:30am,USD,Building Permits,Medium,1.51M,1.43M,1.42M,2024-12-18 08:30:00
2024-12-18,8:30am,USD,Current Account,Non-economic,-311B,-286B,-275B,2024-12-18 08:30:00
2024-12-18,8:30am,USD,Housing Starts,Non-economic,1.29M,1.35M,1.31M,2024-12-18 08:30:00
2024-12-18,9:00am,CHF,SNB Quarterly Bulletin,Non-economic,,,,2024-12-18 09:00:00
2024-12-18,10:30am,USD,Crude Oil Inventories,Medium,-0.9M,-1.6M,-1.4M,2024-12-18 10:30:00
2024-12-18,2:00pm,USD,Federal Funds Rate,High,4.50%,4.50%,4.75%,2024-12-18 14:00:00
2024-12-18,2:00pm,USD,FOMC Economic Projections,High,,,,2024-12-18 14:00:00
2024-12-18,2:00pm,USD,FOMC Statement,High,,,,2024-12-18 14:00:00
2024-12-18,2:30pm,USD,FOMC Press Conference,High,,,,2024-12-18 14:30:00
2024-12-18,4:45pm,NZD,GDP q/q,High,-1.0%,-0.2%,-1.1%,2024-12-18 16:45:00
2024-12-18,7:00pm,AUD,MI Inflation Expectations,Non-economic,4.2%,,3.8%,2024-12-18 19:00:00
2024-12-18,7:00pm,NZD,ANZ Business Confidence,Non-economic,62.3,,64.9,2024-12-18 19:00:00
2024-12-18,9:52pm,JPY,BOJ Policy Rate,High,<0.25%,<0.25%,<0.25%,2024-12-18 21:52:00
2024-12-18,9:52pm,JPY,Monetary Policy Statement,High,,,,2024-12-18 21:52:00
2024-12-19,1:30am,JPY,BOJ Press Conference,High,,,,2024-12-19 01:30:00
2024-12-19,2:00am,CHF,Trade Balance,Non-economic,5.42B,6.20B,8.03B,2024-12-19 02:00:00
2024-12-19,2:00am,EUR,German GfK Consumer Climate,Non-economic,-21.3,-22.6,-23.1,2024-12-19 02:00:00
2024-12-19,4:02am,EUR,Current Account,Non-economic,25.8B,33.5B,38.8B,2024-12-19 04:02:00
2024-12-19,7:00am,GBP,Monetary Policy Summary,High,,,,2024-12-19 07:00:00
2024-12-19,7:00am,GBP,MPC Official Bank Rate Votes,High,0-3-6,0-2-7,0-8-1,2024-12-19 07:00:00
2024-12-19,7:00am,GBP,Official Bank Rate,High,4.75%,4.75%,4.75%,2024-12-19 07:00:00
2024-12-19,8:30am,USD,Final GDP q/q,High,3.1%,2.8%,2.8%,2024-12-19 08:30:00
2024-12-19,8:30am,USD,Unemployment Claims,High,220K,229K,242K,2024-12-19 08:30:00
2024-12-19,8:30am,USD,Final GDP Price Index q/q,Medium,1.9%,1.9%,1.9%,2024-12-19 08:30:00
2024-12-19,8:30am,USD,Philly Fed Manufacturing Index,Medium,-16.4,2.9,-5.5,2024-12-19 08:30:00
2024-12-19,10:00am,USD,Existing Home Sales,Medium,4.15M,4.09M,3.96M,2024-12-19 10:00:00
2024-12-19,10:00am,USD,CB Leading Index m/m,Non-economic,0.3%,-0.1%,-0.4%,2024-12-19 10:00:00
2024-12-19,10:30am,USD,Natural Gas Storage,Non-economic,-125B,-123B,-190B,2024-12-19 10:30:00
2024-12-19,4:00pm,USD,TIC Long-Term Purchases,Non-economic,152.3B,154.3B,216.1B,2024-12-19 16:00:00
2024-12-19,4:45pm,NZD,Trade Balance,Non-economic,-437M,-1951M,-1658M,2024-12-19 16:45:00
2024-12-19,6:30pm,JPY,National Core CPI y/y,Non-economic,2.7%,2.6%,2.3%,2024-12-19 18:30:00
2024-12-19,7:30pm,AUD,Private Sector Credit m/m,Non-economic,0.5%,0.5%,0.6%,2024-12-19 19:30:00
2024-12-19,8:00pm,CNY,1-y Loan Prime Rate,Medium,3.10%,3.10%,3.10%,2024-12-19 20:00:00
2024-12-19,8:00pm,CNY,5-y Loan Prime Rate,Medium,3.60%,3.60%,3.60%,2024-12-19 20:00:00
2024-12-19,9:00pm,NZD,Credit Card Spending y/y,Non-economic,-3.2%,,0.3%,2024-12-19 21:00:00
2024-12-20,2:00am,EUR,German PPI m/m,Non-economic,0.5%,0.3%,0.2%,2024-12-20 02:00:00
2024-12-20,2:00am,GBP,Retail Sales m/m,High,0.2%,0.5%,-0.7%,2024-12-20 02:00:00
2024-12-20,2:00am,GBP,Public Sector Net Borrowing,Non-economic,11.2B,15.5B,18.2B,2024-12-20 02:00:00
2024-12-20,6:00am,GBP,CBI Realized Sales,Non-economic,-15,-9,-18,2024-12-20 06:00:00
2024-12-20,7:30am,USD,FOMC Member Daly Speaks,Non-economic,,,,2024-12-20 07:30:00
2024-12-20,8:30am,CAD,Core Retail Sales m/m,High,0.1%,0.2%,1.1%,2024-12-20 08:30:00
2024-12-20,8:30am,CAD,Retail Sales m/m,High,0.6%,0.7%,0.6%,2024-12-20 08:30:00
2024-12-20,8:30am,USD,Core PCE Price Index m/m,High,0.1%,0.2%,0.3%,2024-12-20 08:30:00
2024-12-20,8:30am,USD,Personal Income m/m,Non-economic,0.3%,0.4%,0.7%,2024-12-20 08:30:00
2024-12-20,8:30am,USD,Personal Spending m/m,Non-economic,0.4%,0.5%,0.3%,2024-12-20 08:30:00
2024-12-20,8:48am,EUR,Belgian NBB Business Climate,Non-economic,-13.8,-11.7,-11.1,2024-12-20 08:48:00
2024-12-20,10:00am,EUR,Consumer Confidence,Non-economic,-15,-14,-14,2024-12-20 10:00:00
2024-12-20,10:00am,USD,Revised UoM Consumer Sentiment,Medium,74.0,74.1,74.0,2024-12-20 10:00:00
2024-12-20,10:00am,USD,Revised UoM Inflation Expectations,Non-economic,2.8%,,2.9%,2024-12-20 10:00:00
2024-12-20,11:30am,AUD,CB Leading Index m/m,Non-economic,0.2%,,0.2%,2024-12-20 11:30:00
2024-12-23,2:00am,EUR,German Import Prices m/m,Non-economic,0.9%,0.5%,0.6%,2024-12-23 02:00:00
2024-12-23,2:00am,GBP,Current Account,Non-economic,-18.1B,-22.9B,-24.0B,2024-12-23 02:00:00
2024-12-23,2:00am,GBP,Final GDP q/q,Non-economic,0.0%,0.1%,0.1%,2024-12-23 02:00:00
2024-12-23,2:00am,GBP,Revised Business Investment q/q,Non-economic,1.9%,1.2%,1.2%,2024-12-23 02:00:00
2024-12-23,4:00am,CHF,UBS Economic Expectations,Non-economic,-20.0,,-12.4,2024-12-23 04:00:00
2024-12-23,8:30am,CAD,GDP m/m,High,0.3%,0.2%,0.2%,2024-12-23 08:30:00
2024-12-23,8:30am,CAD,IPPI m/m,Non-economic,0.6%,0.3%,1.2%,2024-12-23 08:30:00
2024-12-23,8:30am,CAD,RMPI m/m,Non-economic,-0.5%,0.4%,4.0%,2024-12-23 08:30:00
2024-12-23,8:30am,USD,Core Durable Goods Orders m/m,Medium,-0.1%,0.3%,0.2%,2024-12-23 08:30:00
2024-12-23,8:30am,USD,Durable Goods Orders m/m,Medium,-1.1%,-0.3%,0.3%,2024-12-23 08:30:00
2024-12-23,10:00am,USD,CB Consumer Confidence,Medium,104.7,112.9,112.8,2024-12-23 10:00:00
2024-12-23,10:00am,USD,New Home Sales,Medium,664K,666K,627K,2024-12-23 10:00:00
2024-12-23,1:30pm,CAD,BOC Summary of Deliberations,Non-economic,,,,2024-12-23 13:30:00
2024-12-23,6:50pm,JPY,Monetary Policy Meeting Minutes,Non-economic,,,,2024-12-23 18:50:00
2024-12-23,7:30pm,AUD,Monetary Policy Meeting Minutes,Medium,,,,2024-12-23 19:30:00
2024-12-23,11:59pm,JPY,BOJ Core CPI y/y,Non-economic,1.7%,1.5%,1.5%,2024-12-23 23:59:00
2024-12-24,All Day,EUR,German Bank Holiday,Low,,,,2024-12-24 00:00:00
2024-12-24,9:59am,USD,Richmond Manufacturing Index,Medium,-10,-10,-14,2024-12-24 09:59:00
2024-12-24,All Day,NZD,Bank Holiday,Low,,,,2024-12-24 00:00:00
2024-12-24,All Day,AUD,Bank Holiday,Low,,,,2024-12-24 00:00:00
2024-12-24,4:30pm,USD,API Weekly Statistical Bulletin,Non-economic,,,,2024-12-24 16:30:00
2024-12-24,6:50pm,JPY,SPPI y/y,Non-economic,3.0%,3.0%,2.9%,2024-12-24 18:50:00
2024-12-24,11:17pm,JPY,BOJ Gov Ueda Speaks,Non-economic,,,,2024-12-24 23:17:00
2024-12-25,All Day,CHF,Bank Holiday,Low,,,,2024-12-25 00:00:00
2024-12-25,All Day,EUR,French Bank Holiday,Low,,,,2024-12-25 00:00:00
2024-12-25,All Day,EUR,German Bank Holiday,Low,,,,2024-12-25 00:00:00
2024-12-25,All Day,EUR,Italian Bank Holiday,Low,,,,2024-12-25 00:00:00
2024-12-25,All Day,GBP,Bank Holiday,Low,,,,2024-12-25 00:00:00
2024-12-25,All Day,CAD,Bank Holiday,Low,,,,2024-12-25 00:00:00
2024-12-25,All Day,USD,Bank Holiday,Low,,,,2024-12-25 00:00:00
2024-12-25,All Day,NZD,Bank Holiday,Low,,,,2024-12-25 00:00:00
2024-12-25,All Day,AUD,Bank Holiday,Low,,,,2024-12-25 00:00:00
2024-12-26,All Day,CHF,Bank Holiday,Low,,,,2024-12-26 00:00:00
2024-12-26,All Day,EUR,German Bank Holiday,Low,,,,2024-12-26 00:00:00
2024-12-26,All Day,EUR,Italian Bank Holiday,Low,,,,2024-12-26 00:00:00
2024-12-26,All Day,GBP,Bank Holiday,Low,,,,2024-12-26 00:00:00
2024-12-26,All Day,CAD,Bank Holiday,Low,,,,2024-12-26 00:00:00
2024-12-26,8:30am,USD,Unemployment Claims,High,219K,223K,220K,2024-12-26 08:30:00
2024-12-26,6:30pm,JPY,Tokyo Core CPI y/y,Medium,2.4%,2.5%,2.2%,2024-12-26 18:30:00
2024-12-26,6:30pm,JPY,Unemployment Rate,Non-economic,2.5%,2.5%,2.5%,2024-12-26 18:30:00
2024-12-26,6:50pm,JPY,BOJ Summary of Opinions,Non-economic,,,,2024-12-26 18:50:00
2024-12-26,6:50pm,JPY,Prelim Industrial Production m/m,Non-economic,-2.3%,-3.4%,2.8%,2024-12-26 18:50:00
2024-12-26,6:50pm,JPY,Retail Sales y/y,Non-economic,2.8%,1.5%,1.3%,2024-12-26 18:50:00
2024-12-27,12:00am,JPY,Housing Starts y/y,Non-economic,-1.8%,-0.1%,-2.9%,2024-12-27 00:00:00
2024-12-27,8:30am,USD,Goods Trade Balance,Non-economic,-102.9B,-101.3B,-98.3B,2024-12-27 08:30:00
2024-12-27,8:30am,USD,Prelim Wholesale Inventories m/m,Non-economic,-0.2%,0.1%,0.1%,2024-12-27 08:30:00
2024-12-27,10:30am,USD,Natural Gas Storage,Non-economic,-93B,-100B,-125B,2024-12-27 10:30:00
2024-12-27,1:00pm,USD,Crude Oil Inventories,Medium,-4.2M,-0.7M,-0.9M,2024-12-27 13:00:00
2024-12-29,7:30pm,JPY,Final Manufacturing PMI,Non-economic,49.6,49.5,49.5,2024-12-29 19:30:00
2024-12-30,3:00am,CHF,KOF Economic Barometer,Non-economic,99.5,101.1,102.9,2024-12-30 03:00:00
2024-12-30,3:00am,EUR,Spanish Flash CPI y/y,Medium,2.8%,2.6%,2.4%,2024-12-30 03:00:00
2024-12-30,9:45am,USD,Chicago PMI,Medium,36.9,42.7,40.2,2024-12-30 09:45:00
2024-12-30,10:00am,USD,Pending Home Sales m/m,Medium,2.2%,0.9%,1.8%,2024-12-30 10:00:00
2024-12-30,All Day,JPY,Bank Holiday,Low,,,,2024-12-30 00:00:00
2024-12-30,8:30pm,CNY,Manufacturing PMI,High,50.1,50.3,50.3,2024-12-30 20:30:00
2024-12-30,8:30pm,CNY,Non-Manufacturing PMI,Medium,52.2,50.2,50.0,2024-12-30 20:30:00
2024-12-31,All Day,EUR,German Bank Holiday,Low,,,,2024-12-31 00:00:00
2024-12-31,9:00am,USD,S&P/CS Composite-20 HPI y/y,Medium,4.2%,4.1%,4.6%,2024-12-31 09:00:00
2024-12-31,9:00am,USD,HPI m/m,Non-economic,0.4%,0.5%,0.7%,2024-12-31 09:00:00
2024-12-31,All Day,NZD,Bank Holiday,Low,,,,2024-12-31 00:00:00
2024-12-31,All Day,AUD,Bank Holiday,Low,,,,2024-12-31 00:00:00
2024-12-31,4:30pm,USD,API Weekly Statistical Bulletin,Non-economic,,,,2024-12-31 16:30:00
2024-12-31,All Day,JPY,Bank Holiday,Low,,,,2024-12-31 00:00:00
2024-12-31,All Day,CNY,Bank Holiday,Low,,,,2024-12-31 00:00:00
2024-01-01,All Day,CHF,Bank Holiday,Low,,,,2024-01-01 00:00:00
2024-01-01,All Day,EUR,French Bank Holiday,Low,,,,2024-01-01 00:00:00
2024-01-01,All Day,EUR,German Bank Holiday,Low,,,,2024-01-01 00:00:00
2024-01-01,All Day,EUR,Italian Bank Holiday,Low,,,,2024-01-01 00:00:00
2024-01-01,3:00am,GBP,Bank Holiday,Low,,,,2024-01-01 03:00:00
2024-01-01,All Day,CAD,Bank Holiday,Low,,,,2024-01-01 00:00:00
2024-01-01,All Day,USD,Bank Holiday,Low,,,,2024-01-01 00:00:00
2024-01-01,All Day,NZD,Bank Holiday,Low,,,,2024-01-01 00:00:00
2024-01-01,All Day,JPY,Bank Holiday,Low,,,,2024-01-01 00:00:00
2024-01-01,8:45pm,CNY,RatingDog Manufacturing PMI,Non-economic,50.5,51.6,51.5,2024-01-01 20:45:00
2024-01-02,12:30am,AUD,Commodity Prices y/y,Non-economic,-10.7%,,-10.8%,2024-01-02 00:30:00
2024-01-02,All Day,CHF,Bank Holiday,Low,,,,2024-01-02 00:00:00
2024-01-02,2:00am,GBP,Nationwide HPI m/m,Non-economic,0.7%,0.1%,1.2%,2024-01-02 02:00:00
2024-01-02,3:15am,EUR,Spanish Manufacturing PMI,Non-economic,53.3,53.6,53.1,2024-01-02 03:15:00
2024-01-02,3:45am,EUR,Italian Manufacturing PMI,Non-economic,46.2,44.9,44.5,2024-01-02 03:45:00
2024-01-02,3:50am,EUR,French Final Manufacturing PMI,Non-economic,41.9,41.9,41.9,2024-01-02 03:50:00
2024-01-02,3:55am,EUR,German Final Manufacturing PMI,Non-economic,42.5,42.5,42.5,2024-01-02 03:55:00
2024-01-02,4:00am,EUR,Final Manufacturing PMI,Non-economic,45.1,45.2,45.2,2024-01-02 04:00:00
2024-01-02,4:00am,EUR,M3 Money Supply y/y,Non-economic,3.8%,3.5%,3.4%,2024-01-02 04:00:00
2024-01-02,4:00am,EUR,Private Loans y/y,Non-economic,0.9%,0.9%,0.8%,2024-01-02 04:00:00
2024-01-02,4:30am,GBP,Final Manufacturing PMI,Non-economic,47.0,47.3,47.3,2024-01-02 04:30:00
2024-01-02,8:30am,USD,Unemployment Claims,High,211K,222K,220K,2024-01-02 08:30:00
2024-01-02,9:30am,CAD,Manufacturing PMI,Non-economic,52.2,,52.0,2024-01-02 09:30:00
2024-01-02,9:45am,USD,Final Manufacturing PMI,Medium,49.4,48.3,48.3,2024-01-02 09:45:00
2024-01-02,10:00am,USD,Construction Spending m/m,Non-economic,0.0%,0.3%,0.5%,2024-01-02 10:00:00
2024-01-02,11:00am,USD,Crude Oil Inventories,Medium,-1.2M,-2.4M,-4.2M,2024-01-02 11:00:00
2024-01-02,All Day,JPY,Bank Holiday,Low,,,,2024-01-02 00:00:00
2024-01-03,3:00am,EUR,Spanish Unemployment Change,Non-economic,-25.3K,-46.5K,-16.0K,2024-01-03 03:00:00
2024-01-03,3:30am,CHF,Manufacturing PMI,Non-economic,48.4,48.4,48.5,2024-01-03 03:30:00
2024-01-03,3:55am,EUR,German Unemployment Change,Non-economic,10K,15K,6K,2024-01-03 03:55:00
2024-01-03,4:30am,GBP,M4 Money Supply m/m,Non-economic,0.0%,0.1%,-0.2%,2024-01-03 04:30:00
2024-01-03,4:30am,GBP,Mortgage Approvals,Non-economic,66K,69K,68K,2024-01-03 04:30:00
2024-01-03,4:30am,GBP,Net Lending to Individuals m/m,Non-economic,3.4B,4.4B,4.5B,2024-01-03 04:30:00
2024-01-03,10:00am,USD,ISM Manufacturing PMI,High,49.3,48.2,48.4,2024-01-03 10:00:00
2024-01-03,10:00am,USD,ISM Manufacturing Prices,Medium,52.5,51.5,50.3,2024-01-03 10:00:00
2024-01-03,All Day,USD,Wards Total Vehicle Sales,Non-economic,16.8M,16.5M,16.5M,2024-01-03 00:00:00
2024-01-03,10:30am,USD,Natural Gas Storage,Non-economic,-116B,-127B,-93B,2024-01-03 10:30:00
2024-01-03,11:00am,USD,FOMC Member Barkin Speaks,Non-economic,,,,2024-01-03 11:00:00
2024-01-04,5:30pm,USD,FOMC Member Daly Speaks,Non-economic,,,,2024-01-04 17:30:00
2024-01-04,5:30pm,USD,FOMC Member Kugler Speaks,Non-economic,,,,2024-01-04 17:30:00
2024-01-05,1:15pm,USD,FOMC Member Daly Speaks,Non-economic,,,,2024-01-05 13:15:00
2024-01-05,8:45pm,CNY,RatingDog Services PMI,Non-economic,52.2,51.4,51.5,2024-01-05 20:45:00
