Date,Time,Currency,Event,Impact,Actual,Forecast,Previous,Combined DateTime
2013-01-01,All Day,CHF,Bank Holiday,Low,,,,2013-01-01 00:00:00
2013-01-01,All Day,EUR,German Bank Holiday,Low,,,,2013-01-01 00:00:00
2013-01-01,All Day,EUR,Italian Bank Holiday,Low,,,,2013-01-01 00:00:00
2013-01-01,All Day,EUR,French Bank Holiday,Low,,,,2013-01-01 00:00:00
2013-01-01,All Day,GBP,Bank Holiday,Low,,,,2013-01-01 00:00:00
2013-01-01,All Day,CAD,Bank Holiday,Low,,,,2013-01-01 00:00:00
2013-01-01,All Day,USD,Bank Holiday,Low,,,,2013-01-01 00:00:00
2013-01-01,All Day,NZD,Bank Holiday,Low,,,,2013-01-01 00:00:00
2013-01-01,5:30pm,AUD,AIG Manufacturing Index,Non-economic,44.3,,44.3,2013-01-01 17:30:00
2013-01-01,All Day,JPY,Bank Holiday,Low,,,,2013-01-01 00:00:00
2013-01-01,All Day,CNY,Bank Holiday,Low,,,,2013-01-01 00:00:00
2013-01-02,12:30am,AUD,Commodity Prices y/y,Non-economic,-8.0%,,-10.3%,2013-01-02 00:30:00
2013-01-02,All Day,CHF,Bank Holiday,Low,,,,2013-01-02 00:00:00
2013-01-02,All Day,EUR,German Prelim CPI m/m,Medium,0.9%,0.7%,-0.1%,2013-01-02 00:00:00
2013-01-02,3:00am,EUR,Spanish Flash CPI y/y,Non-economic,2.9%,2.9%,2.9%,2013-01-02 03:00:00
2013-01-02,3:15am,EUR,Spanish Manufacturing PMI,Medium,44.6,44.9,45.3,2013-01-02 03:15:00
2013-01-02,3:45am,EUR,Italian Manufacturing PMI,Medium,46.7,45.4,45.1,2013-01-02 03:45:00
2013-01-02,3:50am,EUR,French Final Manufacturing PMI,Non-economic,44.6,44.6,44.6,2013-01-02 03:50:00
2013-01-02,3:55am,EUR,German Final Manufacturing PMI,Non-economic,46.0,46.3,46.3,2013-01-02 03:55:00
2013-01-02,4:00am,EUR,Final Manufacturing PMI,Non-economic,46.1,46.3,46.3,2013-01-02 04:00:00
2013-01-02,4:30am,GBP,Final Manufacturing PMI,High,51.4,49.2,49.2,2013-01-02 04:30:00
2013-01-02,8:30am,NZD,GDT Price Index,Non-economic,1.6%,,0.3%,2013-01-02 08:30:00
2013-01-02,9:00am,USD,Final Manufacturing PMI,Non-economic,54.0,53.2,54.2,2013-01-02 09:00:00
2013-01-02,9:30am,CAD,Manufacturing PMI,Non-economic,50.4,,50.4,2013-01-02 09:30:00
2013-01-02,10:00am,USD,ISM Manufacturing PMI,High,50.7,50.2,49.5,2013-01-02 10:00:00
2013-01-02,10:00am,USD,Construction Spending m/m,Non-economic,-0.3%,0.6%,0.7%,2013-01-02 10:00:00
2013-01-02,10:00am,USD,ISM Manufacturing Prices,Non-economic,55.5,51.4,52.5,2013-01-02 10:00:00
2013-01-02,All Day,JPY,Bank Holiday,Low,,,,2013-01-02 00:00:00
2013-01-02,All Day,CNY,Bank Holiday,Low,,,,2013-01-02 00:00:00
2013-01-02,8:00pm,CNY,Non-Manufacturing PMI,Non-economic,56.1,,55.6,2013-01-02 20:00:00
2013-01-03,2:00am,GBP,Nationwide HPI m/m,Medium,-0.1%,0.1%,0.0%,2013-01-03 02:00:00
2013-01-03,3:00am,CHF,KOF Economic Barometer,Medium,1.28,1.39,1.50,2013-01-03 03:00:00
2013-01-03,3:00am,EUR,Spanish Unemployment Change,Medium,-59.1K,50.3K,74.3K,2013-01-03 03:00:00
2013-01-03,3:30am,CHF,Manufacturing PMI,Medium,49.5,48.7,48.5,2013-01-03 03:30:00
2013-01-03,3:55am,EUR,German Unemployment Change,Medium,3K,11K,5K,2013-01-03 03:55:00
2013-01-03,4:00am,EUR,M3 Money Supply y/y,Medium,3.8%,3.8%,3.9%,2013-01-03 04:00:00
2013-01-03,4:00am,EUR,Private Loans y/y,Non-economic,-0.8%,-0.5%,-0.8%,2013-01-03 04:00:00
2013-01-03,4:30am,GBP,Construction PMI,High,48.7,49.6,49.3,2013-01-03 04:30:00
2013-01-03,4:30am,GBP,BOE Credit Conditions Survey,Medium,,,,2013-01-03 04:30:00
2013-01-03,5:00am,EUR,French 10-y Bond Auction,Medium,2.07|1.7,,2.22|2.0,2013-01-03 05:00:00
2013-01-03,7:30am,USD,Challenger Job Cuts y/y,Non-economic,-22.1%,,34.4%,2013-01-03 07:30:00
2013-01-03,8:15am,USD,ADP Non-Farm Employment Change,High,215K,134K,148K,2013-01-03 08:15:00
2013-01-03,8:30am,USD,Unemployment Claims,High,372K,356K,362K,2013-01-03 08:30:00
2013-01-03,All Day,USD,Total Vehicle Sales,Non-economic,15.4M,15.3M,15.5M,2013-01-03 00:00:00
2013-01-03,2:00pm,USD,FOMC Meeting Minutes,High,,,,2013-01-03 14:00:00
2013-01-03,5:30pm,AUD,AIG Services Index,Medium,43.2,,47.1,2013-01-03 17:30:00
2013-01-03,8:45pm,CNY,RatingDog Services PMI,Non-economic,51.7,,52.1,2013-01-03 20:45:00
2013-01-04,2:00am,EUR,German Retail Sales m/m,Medium,1.2%,0.9%,-1.3%,2013-01-04 02:00:00
2013-01-04,3:15am,EUR,Spanish Services PMI,Medium,44.3,42.7,42.4,2013-01-04 03:15:00
2013-01-04,3:45am,EUR,Italian Services PMI,Medium,45.6,45.1,44.6,2013-01-04 03:45:00
2013-01-04,3:50am,EUR,French Final Services PMI,Non-economic,45.2,46.0,46.0,2013-01-04 03:50:00
2013-01-04,3:55am,EUR,German Final Services PMI,Non-economic,52.0,52.1,52.1,2013-01-04 03:55:00
2013-01-04,4:00am,EUR,Final Services PMI,Non-economic,47.8,47.8,47.8,2013-01-04 04:00:00
2013-01-04,4:30am,GBP,Final Services PMI,High,48.9,50.4,50.2,2013-01-04 04:30:00
2013-01-04,4:30am,GBP,Net Lending to Individuals m/m,Medium,-0.1B,0.4B,-0.2B,2013-01-04 04:30:00
2013-01-04,4:30am,GBP,M4 Money Supply m/m,Non-economic,-0.2%,0.3%,0.2%,2013-01-04 04:30:00
2013-01-04,4:30am,GBP,Mortgage Approvals,Non-economic,54K,54K,53K,2013-01-04 04:30:00
2013-01-04,5:00am,EUR,CPI Flash Estimate y/y,Medium,2.2%,2.1%,2.2%,2013-01-04 05:00:00
2013-01-04,5:00am,EUR,Italian Prelim CPI m/m,Non-economic,0.3%,0.2%,-0.2%,2013-01-04 05:00:00
2013-01-04,8:30am,CAD,Employment Change,High,39.8K,4.0K,59.3K,2013-01-04 08:30:00
2013-01-04,8:30am,CAD,Unemployment Rate,High,7.1%,7.3%,7.2%,2013-01-04 08:30:00
2013-01-04,8:30am,CAD,RMPI m/m,Medium,-1.9%,-0.9%,0.1%,2013-01-04 08:30:00
2013-01-04,8:30am,CAD,IPPI m/m,Non-economic,-0.3%,-0.2%,-0.1%,2013-01-04 08:30:00
2013-01-04,8:30am,USD,Non-Farm Employment Change,High,155K,150K,161K,2013-01-04 08:30:00
2013-01-04,8:30am,USD,Unemployment Rate,High,7.8%,7.7%,7.7%,2013-01-04 08:30:00
2013-01-04,8:30am,USD,Average Hourly Earnings m/m,Medium,0.3%,0.2%,0.3%,2013-01-04 08:30:00
2013-01-04,10:00am,USD,ISM Services PMI,High,56.1,54.2,54.7,2013-01-04 10:00:00
2013-01-04,10:00am,USD,Factory Orders m/m,Medium,0.0%,0.3%,0.8%,2013-01-04 10:00:00
2013-01-04,10:30am,USD,Natural Gas Storage,Non-economic,-135B,-129B,-72B,2013-01-04 10:30:00
2013-01-04,11:00am,USD,Crude Oil Inventories,Medium,-11.1M,-0.7M,-0.6M,2013-01-04 11:00:00
2013-01-04,3:30pm,USD,FOMC Member Yellen Speaks,Medium,,,,2013-01-04 15:30:00
2013-01-05,10:15am,USD,FOMC Member Yellen Speaks,Non-economic,,,,2013-01-05 10:15:00
2013-01-06,6:50pm,JPY,Monetary Base y/y,Non-economic,11.8%,5.3%,5.0%,2013-01-06 18:50:00
2013-01-07,3:00am,CHF,Foreign Currency Reserves,High,427B,,427B,2013-01-07 03:00:00
2013-01-07,3:00am,GBP,Halifax HPI m/m,Medium,1.3%,0.2%,1.6%,2013-01-07 03:00:00
2013-01-07,4:30am,EUR,Sentix Investor Confidence,Non-economic,-7.0,-13.7,-16.8,2013-01-07 04:30:00
2013-01-07,5:00am,EUR,PPI m/m,Non-economic,-0.2%,-0.1%,0.1%,2013-01-07 05:00:00
2013-01-07,10:00am,CAD,Ivey PMI,High,52.8,51.3,47.5,2013-01-07 10:00:00
2013-01-07,5:30pm,AUD,AIG Construction Index,Non-economic,38.8,,37.0,2013-01-07 17:30:00
2013-01-07,7:00pm,GBP,BRC Retail Sales Monitor y/y,Medium,0.3%,,0.4%,2013-01-07 19:00:00
2013-01-07,7:30pm,AUD,Goods Trade Balance,High,-2.64B,-2.21B,-2.44B,2013-01-07 19:30:00
2013-01-07,10:45pm,JPY,10-y Bond Auction,Non-economic,0.82|3.6,,0.73|3.8,2013-01-07 22:45:00
2013-01-08,1:45am,CHF,Unemployment Rate,Non-economic,3.0%,3.0%,3.0%,2013-01-08 01:45:00
2013-01-08,2:00am,EUR,German Trade Balance,Non-economic,14.6B,15.4B,14.9B,2013-01-08 02:00:00
2013-01-08,2:45am,EUR,French Trade Balance,Non-economic,-4.3B,-4.8B,-4.7B,2013-01-08 02:45:00
2013-01-08,4:00am,EUR,Italian Monthly Unemployment Rate,Non-economic,11.1%,11.2%,11.1%,2013-01-08 04:00:00
2013-01-08,5:00am,EUR,Retail Sales m/m,Medium,0.1%,0.3%,-0.7%,2013-01-08 05:00:00
2013-01-08,5:00am,EUR,Unemployment Rate,Medium,11.8%,11.8%,11.7%,2013-01-08 05:00:00
2013-01-08,6:00am,EUR,German Factory Orders m/m,Medium,-1.8%,-1.4%,3.8%,2013-01-08 06:00:00
2013-01-08,7:30am,USD,NFIB Small Business Index,Non-economic,88.0,87.2,87.5,2013-01-08 07:30:00
2013-01-08,10:00am,USD,RCM/TIPP Economic Optimism,Non-economic,46.5,46.3,45.1,2013-01-08 10:00:00
2013-01-08,3:00pm,USD,Consumer Credit m/m,Non-economic,16.0B,12.9B,14.1B,2013-01-08 15:00:00
2013-01-08,4:45pm,NZD,Building Consents m/m,Non-economic,-5.4%,,-2.0%,2013-01-08 16:45:00
2013-01-08,7:01pm,GBP,BRC Shop Price Index y/y,Non-economic,1.5%,,1.5%,2013-01-08 19:01:00
2013-01-08,7:09pm,AUD,HIA New Home Sales m/m,Medium,4.7%,,3.4%,2013-01-08 19:09:00
2013-01-08,7:30pm,AUD,Retail Sales m/m,High,-0.1%,0.3%,0.0%,2013-01-08 19:30:00
2013-01-09,4:30am,GBP,Goods Trade Balance,Medium,-9.2B,-9.1B,-9.5B,2013-01-09 04:30:00
2013-01-09,5:00am,EUR,Final GDP q/q,Non-economic,-0.1%,-0.1%,-0.1%,2013-01-09 05:00:00
2013-01-09,6:00am,EUR,German Industrial Production m/m,Medium,0.2%,1.1%,-2.0%,2013-01-09 06:00:00
2013-01-09,8:13am,CAD,Housing Starts,Non-economic,198K,198K,201K,2013-01-09 08:13:00
2013-01-09,10:30am,USD,Crude Oil Inventories,Medium,1.3M,0.9M,-11.1M,2013-01-09 10:30:00
2013-01-09,1:00pm,USD,10-y Bond Auction,Medium,1.86|2.8,,1.65|3.0,2013-01-09 13:00:00
2013-01-09,4:45pm,NZD,Trade Balance,Non-economic,-700M,-645M,-666M,2013-01-09 16:45:00
2013-01-09,7:00pm,NZD,ANZ Commodity Prices m/m,Non-economic,1.0%,,0.9%,2013-01-09 19:00:00
2013-01-09,7:30pm,AUD,Building Approvals m/m,High,2.9%,4.0%,-5.1%,2013-01-09 19:30:00
2013-01-09,7:30pm,CNY,New Loans,Medium,454B,550B,523B,2013-01-09 19:30:00
2013-01-09,7:30pm,CNY,M2 Money Supply y/y,Non-economic,13.8%,14.1%,13.9%,2013-01-09 19:30:00
2013-01-09,9:00pm,CNY,USD-Denominated Trade Balance,High,31.6B,20.1B,19.6B,2013-01-09 21:00:00
2013-01-09,10:45pm,JPY,30-y Bond Auction,Non-economic,1.99|3.5,,1.93|4.1,2013-01-09 22:45:00
2013-01-10,12:00am,JPY,Leading Indicators,Non-economic,91.9%,93.1%,92.8%,2013-01-10 00:00:00
2013-01-10,2:45am,EUR,French Industrial Production m/m,Medium,0.5%,0.2%,-0.6%,2013-01-10 02:45:00
2013-01-10,2:45am,EUR,French Final CPI m/m,Non-economic,0.3%,0.4%,-0.2%,2013-01-10 02:45:00
2013-01-10,7:00am,GBP,Asset Purchase Facility,High,375B,375B,375B,2013-01-10 07:00:00
2013-01-10,7:00am,GBP,Official Bank Rate,High,0.50%,0.50%,0.50%,2013-01-10 07:00:00
2013-01-10,7:45am,EUR,Main Refinancing Rate,High,0.75%,0.75%,0.75%,2013-01-10 07:45:00
2013-01-10,8:30am,CAD,Building Permits m/m,High,-17.9%,2.4%,15.9%,2013-01-10 08:30:00
2013-01-10,8:30am,CAD,NHPI m/m,Medium,0.1%,0.2%,0.2%,2013-01-10 08:30:00
2013-01-10,8:30am,EUR,ECB Press Conference,High,,,,2013-01-10 08:30:00
2013-01-10,8:30am,USD,Unemployment Claims,High,371K,361K,367K,2013-01-10 08:30:00
2013-01-10,10:00am,USD,JOLTS Job Openings,Medium,3.68M,3.68M,3.67M,2013-01-10 10:00:00
2013-01-10,10:00am,USD,Final Wholesale Inventories m/m,Non-economic,0.6%,0.2%,0.3%,2013-01-10 10:00:00
2013-01-10,10:30am,USD,Natural Gas Storage,Non-economic,-201B,-185B,-135B,2013-01-10 10:30:00
2013-01-10,1:00pm,USD,30-y Bond Auction,Non-economic,3.07|2.8,,2.92|2.5,2013-01-10 13:00:00
2013-01-10,1:10pm,USD,FOMC Member George Speaks,Medium,,,,2013-01-10 13:10:00
2013-01-10,2:00pm,USD,FOMC Member Bullard Speaks,Medium,,,,2013-01-10 14:00:00
2013-01-10,4:00pm,CAD,Gov Council Member Macklem Speaks,Non-economic,,,,2013-01-10 16:00:00
2013-01-10,6:50pm,JPY,Current Account,High,0.23T,0.31T,0.41T,2013-01-10 18:50:00
2013-01-10,6:50pm,JPY,Bank Lending y/y,Non-economic,1.2%,,1.0%,2013-01-10 18:50:00
2013-01-10,8:30pm,CNY,CPI y/y,High,2.5%,2.3%,2.0%,2013-01-10 20:30:00
2013-01-10,8:30pm,CNY,PPI y/y,Medium,-1.9%,-1.8%,-2.2%,2013-01-10 20:30:00
2013-01-11,12:00am,JPY,Economy Watchers Sentiment,Non-economic,45.8,41.1,40.0,2013-01-11 00:00:00
2013-01-11,3:15am,CHF,CPI m/m,High,-0.2%,-0.1%,-0.3%,2013-01-11 03:15:00
2013-01-11,4:30am,GBP,Manufacturing Production m/m,High,-0.3%,0.5%,-1.3%,2013-01-11 04:30:00
2013-01-11,4:30am,GBP,Industrial Production m/m,Non-economic,0.3%,0.8%,-0.9%,2013-01-11 04:30:00
2013-01-11,8:30am,CAD,Trade Balance,High,-2.0B,-0.3B,-0.6B,2013-01-11 08:30:00
2013-01-11,8:30am,USD,Trade Balance,High,-48.7B,-41.1B,-42.1B,2013-01-11 08:30:00
2013-01-11,8:30am,USD,Import Prices m/m,Medium,-0.1%,0.1%,-0.8%,2013-01-11 08:30:00
2013-01-11,9:54am,GBP,NIESR GDP Estimate,Medium,-0.3%,,0.1%,2013-01-11 09:54:00
2013-01-11,2:00pm,USD,Federal Budget Balance,Medium,-0.3B,-11.6B,-172.1B,2013-01-11 14:00:00
2013-01-13,6:30pm,AUD,MI Inflation Gauge m/m,Non-economic,0.4%,,-0.1%,2013-01-13 18:30:00
2013-01-13,All Day,JPY,Bank Holiday,Low,,,,2013-01-13 00:00:00
2013-01-13,7:30pm,AUD,ANZ Job Advertisements m/m,Medium,-3.8%,,-2.8%,2013-01-13 19:30:00
2013-01-13,7:30pm,AUD,Home Loans m/m,Non-economic,-0.5%,0.5%,-0.4%,2013-01-13 19:30:00
2013-01-13,8:20pm,USD,FOMC Member Evans Speaks,Medium,,,,2013-01-13 20:20:00
2013-01-14,2:00am,EUR,German WPI m/m,Non-economic,0.0%,0.5%,-0.7%,2013-01-14 02:00:00
2013-01-14,4:00am,EUR,Italian Industrial Production m/m,Medium,-1.0%,-0.1%,-1.1%,2013-01-14 04:00:00
2013-01-14,5:00am,EUR,Industrial Production m/m,Medium,-0.3%,0.2%,-1.0%,2013-01-14 05:00:00
2013-01-14,10:30am,CAD,BOC Business Outlook Survey,Medium,,,,2013-01-14 10:30:00
2013-01-14,3:30pm,NZD,REINZ HPI m/m,Medium,-0.6%,,1.4%,2013-01-14 15:30:00
2013-01-14,4:00pm,NZD,NZIER Business Confidence,Medium,20,,8,2013-01-14 16:00:00
2013-01-14,4:00pm,USD,Fed Chairman Bernanke Speaks,High,,,,2013-01-14 16:00:00
2013-01-14,4:45pm,NZD,FPI m/m,Non-economic,-0.2%,,-0.8%,2013-01-14 16:45:00
2013-01-14,6:50pm,JPY,M2 Money Stock y/y,Non-economic,2.6%,2.1%,2.1%,2013-01-14 18:50:00
2013-01-14,7:01pm,GBP,RICS House Price Balance,Medium,0%,-8%,-9%,2013-01-14 19:01:00
2013-01-15,1:00am,JPY,Prelim Machine Tool Orders y/y,Non-economic,-27.5%,,-21.3%,2013-01-15 01:00:00
2013-01-15,2:00am,EUR,German Final CPI m/m,Non-economic,0.9%,0.9%,0.9%,2013-01-15 02:00:00
2013-01-15,2:45am,EUR,French Gov Budget Balance,Non-economic,-103.4B,,-94.6B,2013-01-15 02:45:00
2013-01-15,4:30am,GBP,CPI y/y,High,2.7%,2.7%,2.7%,2013-01-15 04:30:00
2013-01-15,4:30am,GBP,PPI Input m/m,Medium,-0.2%,0.0%,0.1%,2013-01-15 04:30:00
2013-01-15,4:30am,GBP,RPI y/y,Medium,3.1%,3.0%,3.0%,2013-01-15 04:30:00
2013-01-15,4:30am,GBP,Core CPI y/y,Non-economic,2.4%,2.6%,2.6%,2013-01-15 04:30:00
2013-01-15,4:30am,GBP,ONS HPI y/y,Non-economic,2.1%,1.7%,1.5%,2013-01-15 04:30:00
2013-01-15,4:30am,GBP,PPI Output m/m,Non-economic,-0.1%,0.0%,-0.3%,2013-01-15 04:30:00
2013-01-15,5:00am,EUR,Trade Balance,Non-economic,11.0B,8.2B,7.4B,2013-01-15 05:00:00
2013-01-15,5:00am,GBP,BOE Gov King Speaks,High,,,,2013-01-15 05:00:00
2013-01-15,5:00am,GBP,CB Leading Index m/m,Non-economic,0.2%,,-0.3%,2013-01-15 05:00:00
2013-01-15,8:00am,USD,FOMC Member Rosengren Speaks,Medium,,,,2013-01-15 08:00:00
2013-01-15,8:30am,USD,Core Retail Sales m/m,High,0.3%,0.2%,-0.1%,2013-01-15 08:30:00
2013-01-15,8:30am,USD,PPI m/m,High,-0.2%,-0.1%,-0.8%,2013-01-15 08:30:00
2013-01-15,8:30am,USD,Retail Sales m/m,High,0.5%,0.2%,0.4%,2013-01-15 08:30:00
2013-01-15,8:30am,USD,Core PPI m/m,Medium,0.1%,0.2%,0.1%,2013-01-15 08:30:00
2013-01-15,8:30am,USD,Empire State Manufacturing Index,Medium,-7.8,1.9,-8.1,2013-01-15 08:30:00
2013-01-15,10:00am,USD,Business Inventories m/m,Medium,0.3%,0.3%,0.3%,2013-01-15 10:00:00
2013-01-15,6:30pm,AUD,Westpac Consumer Sentiment,Medium,0.6%,,-4.1%,2013-01-15 18:30:00
2013-01-15,6:50pm,JPY,Core Machinery Orders m/m,Medium,3.9%,0.4%,2.6%,2013-01-15 18:50:00
2013-01-15,6:50pm,JPY,PPI y/y,Non-economic,-0.6%,-0.7%,-0.9%,2013-01-15 18:50:00
2013-01-15,7:30pm,AUD,New Motor Vehicle Sales m/m,Medium,2.2%,,0.2%,2013-01-15 19:30:00
2013-01-15,9:00pm,CNY,Foreign Direct Investment ytd/y,Non-economic,-3.7%,,-3.6%,2013-01-15 21:00:00
2013-01-16,12:00am,JPY,Consumer Confidence,Non-economic,39.2,40.7,39.4,2013-01-16 00:00:00
2013-01-16,3:15am,CHF,Retail Sales y/y,Medium,2.9%,3.3%,2.7%,2013-01-16 03:15:00
2013-01-16,4:00am,EUR,Italian Trade Balance,Non-economic,2.36B,1.91B,2.42B,2013-01-16 04:00:00
2013-01-16,5:00am,EUR,Final Core CPI y/y,Medium,1.5%,1.5%,1.4%,2013-01-16 05:00:00
2013-01-16,5:00am,EUR,Final CPI y/y,Medium,2.2%,2.2%,2.2%,2013-01-16 05:00:00
2013-01-16,5:33am,EUR,German 10-y Bond Auction,Medium,1.56|1.7,,1.40|1.5,2013-01-16 05:33:00
2013-01-16,8:30am,NZD,GDT Price Index,Non-economic,1.9%,,1.6%,2013-01-16 08:30:00
2013-01-16,8:30am,USD,Core CPI m/m,High,0.1%,0.2%,0.1%,2013-01-16 08:30:00
2013-01-16,8:30am,USD,CPI y/y,High,1.7%,1.8%,1.8%,2013-01-16 08:30:00
2013-01-16,8:30am,USD,CPI m/m,Medium,0.0%,0.0%,-0.3%,2013-01-16 08:30:00
2013-01-16,9:00am,USD,TIC Long-Term Purchases,Medium,52.3B,19.8B,-1.0B,2013-01-16 09:00:00
2013-01-16,9:15am,USD,Capacity Utilization Rate,Medium,78.8%,78.6%,78.7%,2013-01-16 09:15:00
2013-01-16,9:15am,USD,Industrial Production m/m,Medium,0.3%,0.2%,1.0%,2013-01-16 09:15:00
2013-01-16,10:00am,USD,NAHB Housing Market Index,Non-economic,47,48,47,2013-01-16 10:00:00
2013-01-16,10:30am,USD,Crude Oil Inventories,Medium,-1.0M,2.0M,1.3M,2013-01-16 10:30:00
2013-01-16,2:00pm,USD,Beige Book,Medium,,,,2013-01-16 14:00:00
2013-01-16,6:50pm,JPY,Tertiary Industry Activity m/m,Medium,-0.3%,0.1%,0.1%,2013-01-16 18:50:00
2013-01-16,6:59pm,AUD,MI Inflation Expectations,Medium,2.0%,,1.8%,2013-01-16 18:59:00
2013-01-16,7:30pm,AUD,Employment Change,High,-5.5K,2.3K,17.1K,2013-01-16 19:30:00
2013-01-16,7:30pm,AUD,Unemployment Rate,High,5.4%,5.4%,5.3%,2013-01-16 19:30:00
2013-01-17,3:15am,CHF,PPI m/m,Medium,0.1%,0.2%,0.0%,2013-01-17 03:15:00
2013-01-17,4:00am,EUR,ECB Monthly Bulletin,Medium,,,,2013-01-17 04:00:00
2013-01-17,8:30am,CAD,Foreign Securities Purchases,Medium,5.62B,9.45B,12.67B,2013-01-17 08:30:00
2013-01-17,8:30am,USD,Building Permits,High,0.90M,0.91M,0.90M,2013-01-17 08:30:00
2013-01-17,8:30am,USD,Unemployment Claims,High,335K,369K,372K,2013-01-17 08:30:00
2013-01-17,8:30am,USD,Housing Starts,Medium,0.95M,0.89M,0.85M,2013-01-17 08:30:00
2013-01-17,10:00am,USD,Philly Fed Manufacturing Index,High,-5.8,7.1,8.1,2013-01-17 10:00:00
2013-01-17,10:30am,USD,Natural Gas Storage,Non-economic,-148B,-131B,-201B,2013-01-17 10:30:00
2013-01-17,4:45pm,NZD,CPI q/q,High,-0.2%,0.1%,0.3%,2013-01-17 16:45:00
2013-01-17,9:00pm,CNY,GDP q/y,High,7.9%,7.8%,7.4%,2013-01-17 21:00:00
2013-01-17,9:00pm,CNY,Fixed Asset Investment ytd/y,Medium,20.6%,20.7%,20.7%,2013-01-17 21:00:00
2013-01-17,9:00pm,CNY,Industrial Production y/y,Medium,10.3%,10.2%,10.1%,2013-01-17 21:00:00
2013-01-17,9:00pm,CNY,NBS Press Conference,Medium,,,,2013-01-17 21:00:00
2013-01-17,9:00pm,CNY,Retail Sales y/y,Non-economic,15.2%,15.0%,14.9%,2013-01-17 21:00:00
2013-01-17,11:30pm,JPY,Revised Industrial Production m/m,Non-economic,-1.4%,-1.7%,-1.7%,2013-01-17 23:30:00
2013-01-18,4:30am,GBP,Retail Sales m/m,High,-0.1%,0.2%,0.0%,2013-01-18 04:30:00
2013-01-18,8:30am,CAD,Manufacturing Sales m/m,Medium,1.7%,0.9%,-1.2%,2013-01-18 08:30:00
2013-01-18,9:55am,USD,Prelim UoM Consumer Sentiment,High,71.3,75.1,72.9,2013-01-18 09:55:00
2013-01-18,9:55am,USD,Prelim UoM Inflation Expectations,Non-economic,3.4%,,3.2%,2013-01-18 09:55:00
2013-01-20,7:01pm,GBP,Rightmove HPI m/m,Non-economic,0.2%,,-3.3%,2013-01-20 19:01:00
2013-01-21,2:00am,EUR,German PPI m/m,Medium,-0.3%,0.0%,-0.1%,2013-01-21 02:00:00
2013-01-21,All Day,EUR,Eurogroup Meetings,High,,,,2013-01-21 00:00:00
2013-01-21,6:00am,EUR,German Buba Monthly Report,Medium,,,,2013-01-21 06:00:00
2013-01-21,All Day,USD,Bank Holiday,Low,,,,2013-01-21 00:00:00
2013-01-21,8:30am,CAD,Wholesale Sales m/m,Medium,0.7%,0.5%,0.8%,2013-01-21 08:30:00
2013-01-21,1:00pm,EUR,German Buba President Weidmann Speaks,Medium,,,,2013-01-21 13:00:00
2013-01-21,10:47pm,JPY,Monetary Policy Statement,High,,,,2013-01-21 22:47:00
2013-01-21,10:47pm,JPY,Overnight Call Rate,High,<0.10%,<0.10%,<0.10%,2013-01-21 22:47:00
2013-01-21,11:32pm,JPY,All Industries Activity m/m,Non-economic,-0.3%,-0.3%,0.2%,2013-01-21 23:32:00
2013-01-22,1:04am,JPY,BOJ Press Conference,High,,,,2013-01-22 01:04:00
2013-01-22,All Day,EUR,ECOFIN Meetings,Medium,,,,2013-01-22 00:00:00
2013-01-22,4:30am,GBP,Public Sector Net Borrowing,Medium,13.2B,13.4B,14.3B,2013-01-22 04:30:00
2013-01-22,5:00am,EUR,German ZEW Economic Sentiment,High,31.5,12.2,6.9,2013-01-22 05:00:00
2013-01-22,5:00am,EUR,ZEW Economic Sentiment,Medium,31.2,14.1,7.6,2013-01-22 05:00:00
2013-01-22,5:34am,GBP,10-y Bond Auction,Medium,1.90|2.9,,1.80|1.7,2013-01-22 05:34:00
2013-01-22,6:00am,GBP,CBI Industrial Order Expectations,Medium,-20,-10,-12,2013-01-22 06:00:00
2013-01-22,8:30am,CAD,Core Retail Sales m/m,High,-0.3%,0.1%,0.2%,2013-01-22 08:30:00
2013-01-22,8:30am,CAD,Retail Sales m/m,Medium,0.2%,0.0%,0.5%,2013-01-22 08:30:00
2013-01-22,9:59am,USD,Richmond Manufacturing Index,Non-economic,-12,4,5,2013-01-22 09:59:00
2013-01-22,10:00am,USD,Existing Home Sales,High,4.94M,5.09M,4.99M,2013-01-22 10:00:00
2013-01-22,1:00pm,EUR,ECB President Draghi Speaks,High,,,,2013-01-22 13:00:00
2013-01-22,2:45pm,GBP,BOE Gov King Speaks,High,,,,2013-01-22 14:45:00
2013-01-22,6:30pm,AUD,MI Leading Index m/m,Non-economic,0.6%,,0.1%,2013-01-22 18:30:00
2013-01-22,7:30pm,AUD,CPI m/m,High,0.2%,0.4%,1.4%,2013-01-22 19:30:00
2013-01-22,7:30pm,AUD,Trimmed Mean CPI m/m,Medium,0.6%,0.7%,0.7%,2013-01-22 19:30:00
2013-01-22,9:00pm,CNY,CB Leading Index m/m,Non-economic,0.4%,,1.1%,2013-01-22 21:00:00
2013-01-23,12:00am,JPY,BOJ Monthly Report,Non-economic,,,,2013-01-23 00:00:00
2013-01-23,Day 1,All,WEF Annual Meetings,Medium,,,,2013-01-23 00:00:00
2013-01-23,4:30am,GBP,Claimant Count Change,High,-12.1K,0.4K,-8.9K,2013-01-23 04:30:00
2013-01-23,4:30am,GBP,MPC Asset Purchase Facility Votes,High,1-0-8,1-0-8,1-0-8,2013-01-23 04:30:00
2013-01-23,4:30am,GBP,MPC Official Bank Rate Votes,High,0-0-9,0-0-9,0-0-9,2013-01-23 04:30:00
2013-01-23,4:30am,GBP,Unemployment Rate,Medium,7.7%,7.8%,7.8%,2013-01-23 04:30:00
2013-01-23,4:30am,GBP,Average Earnings Index 3m/y,Non-economic,1.5%,1.6%,1.8%,2013-01-23 04:30:00
2013-01-23,5:00am,CHF,UBS Economic Expectations,Medium,-6.9,,-15.5,2013-01-23 05:00:00
2013-01-23,9:00am,USD,HPI m/m,Non-economic,0.6%,0.7%,0.6%,2013-01-23 09:00:00
2013-01-23,10:00am,CAD,BOC Monetary Policy Report,High,,,,2013-01-23 10:00:00
2013-01-23,10:00am,CAD,BOC Rate Statement,High,,,,2013-01-23 10:00:00
2013-01-23,10:00am,CAD,Overnight Rate,High,1.00%,1.00%,1.00%,2013-01-23 10:00:00
2013-01-23,10:15am,EUR,Consumer Confidence,Non-economic,-24,-26,-26,2013-01-23 10:15:00
2013-01-23,11:15am,CAD,BOC Press Conference,High,,,,2013-01-23 11:15:00
2013-01-23,4:30pm,NZD,BusinessNZ Manufacturing Index,Non-economic,50.1,,48.8,2013-01-23 16:30:00
2013-01-23,6:50pm,JPY,Trade Balance,Medium,-0.80T,-0.71T,-0.85T,2013-01-23 18:50:00
2013-01-23,8:45pm,CNY,Caixin Flash Manufacturing PMI,High,51.9,,51.5,2013-01-23 20:45:00
2013-01-23,9:00pm,NZD,Credit Card Spending y/y,Non-economic,4.6%,,4.0%,2013-01-23 21:00:00
2013-01-24,3:00am,EUR,French Flash Manufacturing PMI,Medium,42.9,44.9,44.6,2013-01-24 03:00:00
2013-01-24,3:00am,EUR,French Flash Services PMI,Medium,43.6,45.6,45.2,2013-01-24 03:00:00
2013-01-24,3:00am,EUR,Spanish Unemployment Rate,Medium,26.0%,25.9%,25.0%,2013-01-24 03:00:00
2013-01-24,3:30am,EUR,German Flash Manufacturing PMI,High,48.8,47.1,46.0,2013-01-24 03:30:00
2013-01-24,3:30am,EUR,German Flash Services PMI,Medium,55.3,52.0,52.0,2013-01-24 03:30:00
2013-01-24,4:00am,EUR,Current Account,Medium,14.8B,6.5B,8.0B,2013-01-24 04:00:00
2013-01-24,4:00am,EUR,Flash Manufacturing PMI,Medium,47.5,46.6,46.1,2013-01-24 04:00:00
2013-01-24,4:00am,EUR,Flash Services PMI,Medium,48.3,48.1,47.8,2013-01-24 04:00:00
2013-01-24,4:00am,EUR,Italian Retail Sales m/m,Non-economic,-0.4%,0.2%,-1.3%,2013-01-24 04:00:00
2013-01-24,Day 2,All,WEF Annual Meetings,Medium,,,,2013-01-24 00:00:00
2013-01-24,4:30am,GBP,High Street Lending,Medium,33.6K,34.1K,33.6K,2013-01-24 04:30:00
2013-01-24,6:00am,GBP,CBI Realized Sales,Medium,17,14,19,2013-01-24 06:00:00
2013-01-24,8:30am,USD,Unemployment Claims,High,330K,359K,335K,2013-01-24 08:30:00
2013-01-24,9:00am,EUR,Belgian NBB Business Climate,Medium,-13.2,-10.9,-11.8,2013-01-24 09:00:00
2013-01-24,9:00am,USD,Flash Manufacturing PMI,Medium,56.1,53.2,54.0,2013-01-24 09:00:00
2013-01-24,10:00am,USD,CB Leading Index m/m,Non-economic,0.5%,0.4%,0.0%,2013-01-24 10:00:00
2013-01-24,10:30am,USD,Natural Gas Storage,Non-economic,-172B,-167B,-148B,2013-01-24 10:30:00
2013-01-24,11:00am,USD,Crude Oil Inventories,Medium,2.8M,1.9M,-1.0M,2013-01-24 11:00:00
2013-01-24,1:30pm,GBP,MPC Member Weale Speaks,Medium,,,,2013-01-24 13:30:00
2013-01-24,6:30pm,JPY,Tokyo Core CPI y/y,Medium,-0.5%,-0.5%,-0.6%,2013-01-24 18:30:00
2013-01-24,6:30pm,JPY,National Core CPI y/y,Non-economic,-0.2%,-0.2%,-0.1%,2013-01-24 18:30:00
2013-01-24,6:50pm,JPY,Monetary Policy Meeting Minutes,Medium,,,,2013-01-24 18:50:00
2013-01-25,4:00am,EUR,German ifo Business Climate,High,104.2,103.1,102.4,2013-01-25 04:00:00
2013-01-25,Day 3,All,WEF Annual Meetings,Medium,,,,2013-01-25 00:00:00
2013-01-25,4:30am,GBP,Prelim GDP q/q,High,-0.3%,-0.1%,0.9%,2013-01-25 04:30:00
2013-01-25,4:30am,GBP,Index of Services 3m/3m,Non-economic,0.6%,0.5%,1.1%,2013-01-25 04:30:00
2013-01-25,8:30am,CAD,Core CPI m/m,High,-0.6%,-0.2%,0.0%,2013-01-25 08:30:00
2013-01-25,8:30am,CAD,CPI m/m,Medium,-0.6%,-0.2%,-0.2%,2013-01-25 08:30:00
2013-01-25,10:00am,USD,New Home Sales,High,369K,387K,398K,2013-01-25 10:00:00
2013-01-26,Day 4,All,WEF Annual Meetings,Medium,,,,2013-01-26 00:00:00
2013-01-27,Day 5,All,WEF Annual Meetings,Medium,,,,2013-01-27 00:00:00
2013-01-27,All Day,AUD,Bank Holiday,Low,,,,2013-01-27 00:00:00
2013-01-27,4:30pm,NZD,BusinessNZ Services Index,Non-economic,51.5,,54.3,2013-01-27 16:30:00
2013-01-27,6:50pm,JPY,SPPI y/y,Non-economic,-0.4%,-0.5%,-0.5%,2013-01-27 18:50:00
2013-01-28,4:00am,EUR,M3 Money Supply y/y,Medium,3.3%,3.9%,3.8%,2013-01-28 04:00:00
2013-01-28,4:00am,EUR,Private Loans y/y,Non-economic,-0.7%,-0.7%,-0.8%,2013-01-28 04:00:00
2013-01-28,8:30am,USD,Core Durable Goods Orders m/m,High,1.3%,0.8%,1.2%,2013-01-28 08:30:00
2013-01-28,8:30am,USD,Durable Goods Orders m/m,Medium,4.6%,1.8%,0.8%,2013-01-28 08:30:00
2013-01-28,10:00am,USD,Pending Home Sales m/m,High,-4.3%,0.5%,1.6%,2013-01-28 10:00:00
2013-01-28,11:00am,CAD,BOC Gov Carney Speaks,Medium,,,,2013-01-28 11:00:00
2013-01-28,4:45pm,NZD,Trade Balance,Non-economic,486M,-106M,-590M,2013-01-28 16:45:00
2013-01-28,6:00pm,AUD,CB Leading Index m/m,Medium,-0.2%,,0.2%,2013-01-28 18:00:00
2013-01-28,7:30pm,AUD,NAB Business Confidence,Medium,3,,-9,2013-01-28 19:30:00
2013-01-29,2:00am,EUR,German GfK Consumer Climate,Medium,5.8,5.8,5.7,2013-01-29 02:00:00
2013-01-29,2:00am,EUR,German Import Prices m/m,Non-economic,-0.5%,-0.1%,-0.2%,2013-01-29 02:00:00
2013-01-29,9:00am,USD,S&P/CS Composite-20 HPI y/y,Medium,5.5%,5.5%,4.2%,2013-01-29 09:00:00
2013-01-29,10:00am,USD,CB Consumer Confidence,High,58.6,64.8,66.7,2013-01-29 10:00:00
2013-01-29,4:45pm,NZD,Building Consents m/m,Non-economic,9.4%,,-5.2%,2013-01-29 16:45:00
2013-01-29,6:50pm,JPY,Retail Sales y/y,Medium,0.4%,0.4%,1.2%,2013-01-29 18:50:00
2013-01-30,2:00am,CHF,UBS Consumption Indicator,Non-economic,1.34,,1.23,2013-01-30 02:00:00
2013-01-30,3:00am,CHF,KOF Economic Barometer,Medium,1.05,1.21,1.29,2013-01-30 03:00:00
2013-01-30,3:00am,EUR,Spanish Flash GDP q/q,Medium,-0.7%,-0.6%,-0.3%,2013-01-30 03:00:00
2013-01-30,4:10am,EUR,Retail PMI,Non-economic,45.9,,44.5,2013-01-30 04:10:00
2013-01-30,4:30am,GBP,Net Lending to Individuals m/m,Medium,1.7B,0.9B,0.1B,2013-01-30 04:30:00
2013-01-30,4:30am,GBP,M4 Money Supply m/m,Non-economic,0.7%,0.2%,-0.2%,2013-01-30 04:30:00
2013-01-30,4:30am,GBP,Mortgage Approvals,Non-economic,56K,55K,54K,2013-01-30 04:30:00
2013-01-30,5:11am,EUR,Italian 10-y Bond Auction,High,4.17|1.3,,4.48|1.5,2013-01-30 05:11:00
2013-01-30,5:34am,EUR,German 30-y Bond Auction,Non-economic,2.45|1.8,,2.34|2.7,2013-01-30 05:34:00
2013-01-30,8:15am,USD,ADP Non-Farm Employment Change,High,192K,164K,185K,2013-01-30 08:15:00
2013-01-30,8:30am,USD,Advance GDP q/q,High,-0.1%,1.1%,3.1%,2013-01-30 08:30:00
2013-01-30,8:30am,USD,Advance GDP Price Index q/q,Medium,0.6%,1.5%,2.7%,2013-01-30 08:30:00
2013-01-30,10:30am,USD,Crude Oil Inventories,Medium,5.9M,2.9M,2.8M,2013-01-30 10:30:00
2013-01-30,1:00pm,EUR,German Buba President Weidmann Speaks,Medium,,,,2013-01-30 13:00:00
2013-01-30,2:15pm,USD,FOMC Statement,High,,,,2013-01-30 14:15:00
2013-01-30,2:15pm,USD,Federal Funds Rate,Medium,<0.25%,<0.25%,<0.25%,2013-01-30 14:15:00
2013-01-30,3:00pm,NZD,Official Cash Rate,High,2.50%,2.50%,2.50%,2013-01-30 15:00:00
2013-01-30,3:00pm,NZD,RBNZ Rate Statement,High,,,,2013-01-30 15:00:00
2013-01-30,6:15pm,JPY,Final Manufacturing PMI,Non-economic,47.7,,45.0,2013-01-30 18:15:00
2013-01-30,6:50pm,JPY,Prelim Industrial Production m/m,Medium,2.5%,4.2%,-1.4%,2013-01-30 18:50:00
2013-01-30,7:00pm,AUD,HIA New Home Sales m/m,Medium,6.2%,,4.7%,2013-01-30 19:00:00
2013-01-30,7:01pm,GBP,GfK Consumer Confidence,Non-economic,-26,-27,-29,2013-01-30 19:01:00
2013-01-30,7:30pm,AUD,Import Prices q/q,Medium,0.3%,0.5%,-2.4%,2013-01-30 19:30:00
2013-01-30,7:30pm,AUD,Private Sector Credit m/m,Medium,0.4%,0.2%,0.0%,2013-01-30 19:30:00
2013-01-30,8:30pm,JPY,Average Cash Earnings y/y,Medium,-1.4%,1.1%,-0.8%,2013-01-30 20:30:00
2013-01-31,12:00am,JPY,Housing Starts y/y,Non-economic,10.0%,13.6%,10.3%,2013-01-31 00:00:00
2013-01-31,2:00am,EUR,German Retail Sales m/m,Medium,-1.7%,0.1%,0.6%,2013-01-31 02:00:00
2013-01-31,2:00am,GBP,Nationwide HPI m/m,Medium,0.5%,0.3%,0.0%,2013-01-31 02:00:00
2013-01-31,All Day,EUR,German Prelim CPI m/m,Medium,-0.5%,-0.5%,0.9%,2013-01-31 00:00:00
2013-01-31,2:45am,EUR,French Consumer Spending m/m,Medium,0.0%,0.3%,0.2%,2013-01-31 02:45:00
2013-01-31,3:00am,EUR,Spanish Flash CPI y/y,Non-economic,2.6%,3.0%,2.9%,2013-01-31 03:00:00
2013-01-31,3:55am,EUR,German Unemployment Change,Medium,-16K,9K,-2K,2013-01-31 03:55:00
2013-01-31,7:30am,USD,Challenger Job Cuts y/y,Non-economic,-24.4%,,-22.1%,2013-01-31 07:30:00
2013-01-31,8:30am,CAD,GDP m/m,High,0.3%,0.2%,0.1%,2013-01-31 08:30:00
2013-01-31,8:30am,CAD,RMPI m/m,Medium,-2.0%,0.9%,-1.9%,2013-01-31 08:30:00
2013-01-31,8:30am,CAD,IPPI m/m,Non-economic,0.0%,0.1%,-0.3%,2013-01-31 08:30:00
2013-01-31,8:30am,USD,Unemployment Claims,High,368K,362K,330K,2013-01-31 08:30:00
2013-01-31,8:30am,USD,Core PCE Price Index m/m,Medium,0.0%,0.1%,0.0%,2013-01-31 08:30:00
2013-01-31,8:30am,USD,Employment Cost Index q/q,Medium,0.5%,0.6%,0.4%,2013-01-31 08:30:00
2013-01-31,8:30am,USD,Personal Spending m/m,Medium,0.2%,0.4%,0.4%,2013-01-31 08:30:00
2013-01-31,8:30am,USD,Personal Income m/m,Non-economic,2.6%,0.7%,1.0%,2013-01-31 08:30:00
2013-01-31,9:45am,USD,Chicago PMI,Medium,55.6,51.1,51.6,2013-01-31 09:45:00
2013-01-31,10:30am,USD,Natural Gas Storage,Non-economic,-194B,-202B,-172B,2013-01-31 10:30:00
2013-01-31,4:45pm,NZD,Visitor Arrivals m/m,Non-economic,1.8%,,2.8%,2013-01-31 16:45:00
2013-01-31,5:30pm,AUD,AIG Manufacturing Index,Non-economic,40.2,,44.3,2013-01-31 17:30:00
2013-01-31,6:30pm,JPY,Household Spending y/y,Medium,-0.7%,-0.2%,0.2%,2013-01-31 18:30:00
2013-01-31,6:30pm,JPY,Unemployment Rate,Non-economic,4.2%,4.1%,4.1%,2013-01-31 18:30:00
2013-01-31,6:50pm,NZD,RBNZ Gov Wheeler Speaks,Medium,,,,2013-01-31 18:50:00
2013-01-31,7:30pm,AUD,PPI q/q,High,0.2%,0.3%,0.6%,2013-01-31 19:30:00
2013-01-31,8:00pm,CNY,Manufacturing PMI,High,50.4,51.1,50.6,2013-01-31 20:00:00
2013-01-31,8:45pm,CNY,RatingDog Manufacturing PMI,Medium,52.3,52.1,51.9,2013-01-31 20:45:00
2013-02-01,12:30am,AUD,Commodity Prices y/y,Non-economic,-6.4%,,-8.7%,2013-02-01 00:30:00
2013-02-01,3:15am,EUR,Spanish Manufacturing PMI,Medium,46.1,45.5,44.6,2013-02-01 03:15:00
2013-02-01,3:30am,CHF,Manufacturing PMI,Medium,52.5,50.5,49.5,2013-02-01 03:30:00
2013-02-01,3:45am,EUR,Italian Manufacturing PMI,Medium,47.8,47.6,46.7,2013-02-01 03:45:00
2013-02-01,3:50am,EUR,French Final Manufacturing PMI,Non-economic,42.9,42.9,42.9,2013-02-01 03:50:00
2013-02-01,3:55am,EUR,German Final Manufacturing PMI,Non-economic,49.8,48.8,48.8,2013-02-01 03:55:00
2013-02-01,4:00am,EUR,Final Manufacturing PMI,Non-economic,47.9,47.5,47.5,2013-02-01 04:00:00
2013-02-01,4:00am,EUR,Italian Monthly Unemployment Rate,Non-economic,11.2%,11.3%,11.2%,2013-02-01 04:00:00
2013-02-01,4:30am,GBP,Final Manufacturing PMI,High,50.8,51.0,51.2,2013-02-01 04:30:00
2013-02-01,5:00am,EUR,CPI Flash Estimate y/y,Medium,2.0%,2.2%,2.2%,2013-02-01 05:00:00
2013-02-01,5:00am,EUR,Unemployment Rate,Medium,11.7%,11.9%,11.7%,2013-02-01 05:00:00
2013-02-01,8:30am,USD,Non-Farm Employment Change,High,157K,161K,196K,2013-02-01 08:30:00
2013-02-01,8:30am,USD,Unemployment Rate,High,7.9%,7.8%,7.8%,2013-02-01 08:30:00
2013-02-01,8:30am,USD,Average Hourly Earnings m/m,Medium,0.2%,0.2%,0.3%,2013-02-01 08:30:00
2013-02-01,8:30am,USD,FOMC Member Dudley Speaks,Non-economic,,,,2013-02-01 08:30:00
2013-02-01,9:00am,USD,Final Manufacturing PMI,Non-economic,55.8,56.1,56.1,2013-02-01 09:00:00
2013-02-01,9:30am,CAD,Manufacturing PMI,Non-economic,50.5,,50.4,2013-02-01 09:30:00
2013-02-01,9:55am,USD,Revised UoM Consumer Sentiment,Medium,73.8,71.4,71.3,2013-02-01 09:55:00
2013-02-01,9:55am,USD,Revised UoM Inflation Expectations,Non-economic,3.3%,,3.3%,2013-02-01 09:55:00
2013-02-01,10:00am,USD,ISM Manufacturing PMI,High,53.1,50.8,50.7,2013-02-01 10:00:00
2013-02-01,10:00am,USD,Construction Spending m/m,Non-economic,0.9%,0.6%,0.1%,2013-02-01 10:00:00
2013-02-01,10:00am,USD,ISM Manufacturing Prices,Non-economic,56.5,56.3,55.5,2013-02-01 10:00:00
2013-02-01,All Day,USD,Total Vehicle Sales,Non-economic,15.3M,15.2M,15.4M,2013-02-01 00:00:00
2013-02-02,8:03pm,CNY,Non-Manufacturing PMI,Non-economic,56.2,,56.1,2013-02-02 20:03:00
2013-02-03,6:30pm,AUD,MI Inflation Gauge m/m,Non-economic,0.3%,,0.4%,2013-02-03 18:30:00
2013-02-03,6:50pm,JPY,Monetary Base y/y,Non-economic,10.9%,13.2%,11.8%,2013-02-03 18:50:00
2013-02-03,7:00pm,NZD,ANZ Commodity Prices m/m,Non-economic,0.3%,,1.0%,2013-02-03 19:00:00
2013-02-03,7:30pm,AUD,Building Approvals m/m,High,-4.4%,1.1%,3.4%,2013-02-03 19:30:00
2013-02-03,7:30pm,AUD,ANZ Job Advertisements m/m,Medium,-0.9%,,-2.8%,2013-02-03 19:30:00
2013-02-04,3:00am,EUR,Spanish Unemployment Change,High,132.1K,150.0K,-59.1K,2013-02-04 03:00:00
2013-02-04,4:30am,EUR,Sentix Investor Confidence,Non-economic,-3.9,-2.2,-7.0,2013-02-04 04:30:00
2013-02-04,4:30am,GBP,Construction PMI,High,48.7,49.7,48.7,2013-02-04 04:30:00
2013-02-04,5:00am,EUR,PPI m/m,Non-economic,-0.2%,-0.2%,-0.2%,2013-02-04 05:00:00
2013-02-04,10:00am,USD,Factory Orders m/m,Medium,1.8%,2.3%,-0.3%,2013-02-04 10:00:00
2013-02-04,2:00pm,USD,Loan Officer Survey,Non-economic,,,,2013-02-04 14:00:00
2013-02-04,4:45pm,NZD,Labor Cost Index q/q,Medium,0.5%,0.5%,0.5%,2013-02-04 16:45:00
2013-02-04,5:30pm,AUD,AIG Services Index,Non-economic,45.3,,43.2,2013-02-04 17:30:00
2013-02-04,7:01pm,GBP,BRC Retail Sales Monitor y/y,Medium,1.9%,,0.3%,2013-02-04 19:01:00
2013-02-04,7:30pm,AUD,Goods Trade Balance,High,-0.43B,-0.81B,-2.79B,2013-02-04 19:30:00
2013-02-04,7:30pm,AUD,HPI q/q,Medium,1.6%,0.3%,-0.1%,2013-02-04 19:30:00
2013-02-04,8:45pm,CNY,RatingDog Services PMI,Non-economic,54.0,,51.7,2013-02-04 20:45:00
2013-02-04,10:30pm,AUD,Cash Rate,High,3.00%,3.00%,3.00%,2013-02-04 22:30:00
2013-02-04,10:30pm,AUD,RBA Rate Statement,High,,,,2013-02-04 22:30:00
2013-02-04,10:45pm,JPY,10-y Bond Auction,Non-economic,0.80|2.8,,0.82|3.6,2013-02-04 22:45:00
2013-02-05,2:00am,CHF,Trade Balance,Medium,1.00B,2.74B,2.90B,2013-02-05 02:00:00
2013-02-05,3:15am,EUR,Spanish Services PMI,Medium,47.0,44.7,44.3,2013-02-05 03:15:00
2013-02-05,3:45am,EUR,Italian Services PMI,Medium,43.9,45.9,45.6,2013-02-05 03:45:00
2013-02-05,3:50am,EUR,French Final Services PMI,Non-economic,43.6,43.6,43.6,2013-02-05 03:50:00
2013-02-05,3:55am,EUR,German Final Services PMI,Non-economic,55.7,55.3,55.3,2013-02-05 03:55:00
2013-02-05,4:00am,EUR,Final Services PMI,Non-economic,48.6,48.3,48.3,2013-02-05 04:00:00
2013-02-05,4:30am,GBP,Final Services PMI,High,51.5,49.8,48.9,2013-02-05 04:30:00
2013-02-05,5:00am,EUR,Retail Sales m/m,Medium,-0.8%,-0.5%,-0.1%,2013-02-05 05:00:00
2013-02-05,5:00am,EUR,Italian Prelim CPI m/m,Non-economic,0.2%,0.2%,0.3%,2013-02-05 05:00:00
2013-02-05,7:30am,CHF,Gov Board Member Zurbrugg Speaks,Medium,,,,2013-02-05 07:30:00
2013-02-05,8:00am,JPY,BOJ Gov Shirakawa Speaks,High,,,,2013-02-05 08:00:00
2013-02-05,8:30am,NZD,GDT Price Index,Non-economic,4.2%,,1.9%,2013-02-05 08:30:00
2013-02-05,8:30am,USD,FOMC Member Duke Speaks,Non-economic,,,,2013-02-05 08:30:00
2013-02-05,10:00am,USD,ISM Services PMI,High,55.2,55.2,56.1,2013-02-05 10:00:00
2013-02-05,10:00am,USD,RCM/TIPP Economic Optimism,Non-economic,47.3,46.1,46.5,2013-02-05 10:00:00
2013-02-05,1:15pm,USD,President Obama Speaks,Non-economic,,,,2013-02-05 13:15:00
2013-02-05,All Day,NZD,Bank Holiday,Low,,,,2013-02-05 00:00:00
2013-02-05,7:00pm,GBP,BRC Shop Price Index y/y,Non-economic,0.6%,,1.5%,2013-02-05 19:00:00
2013-02-05,7:30pm,AUD,Retail Sales m/m,High,-0.2%,0.3%,-0.2%,2013-02-05 19:30:00
2013-02-06,3:00am,GBP,Halifax HPI m/m,Medium,-0.2%,-0.2%,1.0%,2013-02-06 03:00:00
2013-02-06,6:00am,EUR,German Factory Orders m/m,Medium,0.8%,0.8%,-1.8%,2013-02-06 06:00:00
2013-02-06,10:00am,CAD,Ivey PMI,High,58.9,53.7,52.8,2013-02-06 10:00:00
2013-02-06,10:30am,USD,Crude Oil Inventories,Medium,2.6M,2.7M,5.9M,2013-02-06 10:30:00
2013-02-06,4:45pm,NZD,Employment Change q/q,High,-1.0%,0.4%,-0.4%,2013-02-06 16:45:00
2013-02-06,4:45pm,NZD,Unemployment Rate,High,6.9%,7.1%,7.3%,2013-02-06 16:45:00
2013-02-06,5:30pm,AUD,AIG Construction Index,Non-economic,36.2,,38.8,2013-02-06 17:30:00
2013-02-06,6:50pm,JPY,Core Machinery Orders m/m,Medium,2.8%,-0.7%,3.9%,2013-02-06 18:50:00
2013-02-06,7:30pm,AUD,Employment Change,High,10.4K,5.8K,-3.8K,2013-02-06 19:30:00
2013-02-06,7:30pm,AUD,Unemployment Rate,High,5.4%,5.5%,5.4%,2013-02-06 19:30:00
2013-02-06,7:30pm,AUD,NAB Quarterly Business Confidence,Medium,-5,,-4,2013-02-06 19:30:00
2013-02-07,12:00am,JPY,Leading Indicators,Non-economic,93.4%,93.8%,92.1%,2013-02-07 00:00:00
2013-02-07,1:45am,CHF,SECO Consumer Climate,Medium,-6,-11,-17,2013-02-07 01:45:00
2013-02-07,2:45am,EUR,French Trade Balance,Non-economic,-5.3B,-4.2B,-4.3B,2013-02-07 02:45:00
2013-02-07,3:00am,CHF,Foreign Currency Reserves,High,427B,,427B,2013-02-07 03:00:00
2013-02-07,Day 1,EUR,EU Economic Summit,High,,,,2013-02-07 00:00:00
2013-02-07,4:30am,GBP,Manufacturing Production m/m,High,1.6%,0.7%,-0.3%,2013-02-07 04:30:00
2013-02-07,4:30am,GBP,Goods Trade Balance,Medium,-8.9B,-8.9B,-9.3B,2013-02-07 04:30:00
2013-02-07,4:30am,GBP,Industrial Production m/m,Non-economic,1.1%,0.7%,0.2%,2013-02-07 04:30:00
2013-02-07,4:45am,GBP,BOE Gov Carney Speaks,High,,,,2013-02-07 04:45:00
2013-02-07,5:04am,EUR,French 10-y Bond Auction,Medium,2.30|3.1,,2.07|1.7,2013-02-07 05:04:00
2013-02-07,6:00am,EUR,German Industrial Production m/m,Medium,0.3%,0.2%,-0.2%,2013-02-07 06:00:00
2013-02-07,7:00am,GBP,Asset Purchase Facility,High,375B,375B,375B,2013-02-07 07:00:00
2013-02-07,7:00am,GBP,MPC Rate Statement,High,,,,2013-02-07 07:00:00
2013-02-07,7:00am,GBP,Official Bank Rate,High,0.50%,0.50%,0.50%,2013-02-07 07:00:00
2013-02-07,7:45am,EUR,Main Refinancing Rate,High,0.75%,0.75%,0.75%,2013-02-07 07:45:00
2013-02-07,8:30am,CAD,Building Permits m/m,High,-11.2%,4.3%,-14.5%,2013-02-07 08:30:00
2013-02-07,8:30am,CAD,NHPI m/m,Medium,0.2%,0.2%,0.1%,2013-02-07 08:30:00
2013-02-07,8:30am,EUR,ECB Press Conference,High,,,,2013-02-07 08:30:00
2013-02-07,8:30am,USD,Unemployment Claims,High,366K,361K,371K,2013-02-07 08:30:00
2013-02-07,8:30am,USD,Prelim Nonfarm Productivity q/q,Medium,-2.0%,-1.3%,2.9%,2013-02-07 08:30:00
2013-02-07,8:30am,USD,Prelim Unit Labor Costs q/q,Medium,4.5%,3.1%,-1.9%,2013-02-07 08:30:00
2013-02-07,9:30am,USD,FOMC Member Stein Speaks,Medium,,,,2013-02-07 09:30:00
2013-02-07,10:00am,GBP,NIESR GDP Estimate,Medium,0.0%,,-0.3%,2013-02-07 10:00:00
2013-02-07,10:30am,USD,Natural Gas Storage,Non-economic,-118B,-135B,-194B,2013-02-07 10:30:00
2013-02-07,3:00pm,USD,Consumer Credit m/m,Non-economic,14.6B,14.1B,15.9B,2013-02-07 15:00:00
2013-02-07,6:50pm,JPY,Current Account,High,0.10T,0.18T,0.23T,2013-02-07 18:50:00
2013-02-07,6:50pm,JPY,Bank Lending y/y,Non-economic,1.3%,,1.1%,2013-02-07 18:50:00
2013-02-07,7:30pm,AUD,RBA Monetary Policy Statement,High,,,,2013-02-07 19:30:00
2013-02-07,8:00pm,USD,FOMC Member Evans Speaks,Medium,,,,2013-02-07 20:00:00
2013-02-07,9:07pm,CNY,USD-Denominated Trade Balance,High,29.2B,24.3B,31.6B,2013-02-07 21:07:00
2013-02-08,12:00am,JPY,Economy Watchers Sentiment,Non-economic,49.5,48.2,45.8,2013-02-08 00:00:00
2013-02-08,12:30am,CNY,CPI y/y,High,2.0%,2.1%,2.5%,2013-02-08 00:30:00
2013-02-08,12:30am,CNY,PPI y/y,Medium,-1.6%,-1.6%,-1.9%,2013-02-08 00:30:00
2013-02-08,1:45am,CHF,Unemployment Rate,Non-economic,3.1%,3.1%,3.1%,2013-02-08 01:45:00
2013-02-08,2:00am,EUR,German Trade Balance,Non-economic,16.8B,13.7B,14.6B,2013-02-08 02:00:00
2013-02-08,2:45am,EUR,French Gov Budget Balance,Non-economic,-87.2B,,-103.4B,2013-02-08 02:45:00
2013-02-08,3:00am,CNY,New Loans,Medium,1070B,1000B,454B,2013-02-08 03:00:00
2013-02-08,3:00am,CNY,M2 Money Supply y/y,Non-economic,15.9%,14.3%,13.8%,2013-02-08 03:00:00
2013-02-08,3:15am,CHF,Retail Sales y/y,Medium,5.1%,3.2%,3.0%,2013-02-08 03:15:00
2013-02-08,4:00am,EUR,Italian Industrial Production m/m,Non-economic,0.4%,0.2%,-1.1%,2013-02-08 04:00:00
2013-02-08,Day 2,EUR,EU Economic Summit,High,,,,2013-02-08 00:00:00
2013-02-08,8:13am,CAD,Housing Starts,Non-economic,161K,196K,197K,2013-02-08 08:13:00
2013-02-08,8:30am,CAD,Employment Change,High,-21.9K,4.5K,39.8K,2013-02-08 08:30:00
2013-02-08,8:30am,CAD,Trade Balance,High,-0.9B,-1.5B,-1.7B,2013-02-08 08:30:00
2013-02-08,8:30am,CAD,Unemployment Rate,High,7.0%,7.2%,7.1%,2013-02-08 08:30:00
2013-02-08,8:30am,USD,Trade Balance,High,-38.5B,-45.7B,-48.6B,2013-02-08 08:30:00
2013-02-08,10:00am,USD,Final Wholesale Inventories m/m,Non-economic,-0.1%,0.5%,0.4%,2013-02-08 10:00:00
2013-02-10,All Day,JPY,Bank Holiday,Low,,,,2013-02-10 00:00:00
2013-02-10,All Day,CNY,Bank Holiday,Low,,,,2013-02-10 00:00:00
2013-02-10,7:30pm,AUD,Home Loans m/m,Non-economic,-1.5%,0.1%,-0.7%,2013-02-10 19:30:00
2013-02-11,2:45am,EUR,French Industrial Production m/m,Medium,-0.1%,-0.3%,0.5%,2013-02-11 02:45:00
2013-02-11,All Day,EUR,Eurogroup Meetings,High,,,,2013-02-11 00:00:00
2013-02-11,1:00pm,USD,FOMC Member Yellen Speaks,Medium,,,,2013-02-11 13:00:00
2013-02-11,3:27pm,NZD,REINZ HPI m/m,Medium,-1.0%,,-0.6%,2013-02-11 15:27:00
2013-02-11,4:15pm,CAD,Gov Council Member Lane Speaks,Medium,,,,2013-02-11 16:15:00
2013-02-11,6:50pm,JPY,M2 Money Stock y/y,Non-economic,2.7%,2.6%,2.6%,2013-02-11 18:50:00
2013-02-11,7:01pm,GBP,RICS House Price Balance,Medium,-4%,0%,-1%,2013-02-11 19:01:00
2013-02-11,All Day,CNY,Bank Holiday,Low,,,,2013-02-11 00:00:00
2013-02-11,7:30pm,AUD,NAB Business Confidence,Medium,3,,2,2013-02-11 19:30:00
2013-02-12,12:00am,JPY,Consumer Confidence,Non-economic,43.3,40.5,39.2,2013-02-12 00:00:00
2013-02-12,1:03am,JPY,Prelim Machine Tool Orders y/y,Non-economic,-26.1%,,-27.5%,2013-02-12 01:03:00
2013-02-12,3:15am,CHF,CPI m/m,High,-0.3%,-0.3%,-0.2%,2013-02-12 03:15:00
2013-02-12,All Day,EUR,ECOFIN Meetings,Medium,,,,2013-02-12 00:00:00
2013-02-12,4:30am,GBP,CPI y/y,High,2.7%,2.7%,2.7%,2013-02-12 04:30:00
2013-02-12,4:30am,GBP,PPI Input m/m,Medium,1.3%,0.9%,0.0%,2013-02-12 04:30:00
2013-02-12,4:30am,GBP,RPI y/y,Medium,3.3%,3.2%,3.1%,2013-02-12 04:30:00
2013-02-12,4:30am,GBP,Core CPI y/y,Non-economic,2.3%,2.4%,2.4%,2013-02-12 04:30:00
2013-02-12,4:30am,GBP,ONS HPI y/y,Non-economic,3.3%,2.1%,2.2%,2013-02-12 04:30:00
2013-02-12,4:30am,GBP,PPI Output m/m,Non-economic,0.2%,0.2%,-0.1%,2013-02-12 04:30:00
2013-02-12,5:00am,CHF,SNB Chairman Jordan Speaks,High,,,,2013-02-12 05:00:00
2013-02-12,5:00am,GBP,CB Leading Index m/m,Non-economic,0.1%,,0.2%,2013-02-12 05:00:00
2013-02-12,7:30am,USD,NFIB Small Business Index,Non-economic,88.9,89.0,88.0,2013-02-12 07:30:00
2013-02-12,8:45am,CAD,BOC Gov Carney Speaks,High,,,,2013-02-12 08:45:00
2013-02-12,9:30am,EUR,ECB President Draghi Speaks,High,,,,2013-02-12 09:30:00
2013-02-12,10:00am,USD,JOLTS Job Openings,Medium,3.62M,3.73M,3.79M,2013-02-12 10:00:00
2013-02-12,11:30am,USD,FOMC Member George Speaks,Medium,,,,2013-02-12 11:30:00
2013-02-12,1:46pm,USD,Federal Budget Balance,Medium,2.9B,-4.6B,-0.3B,2013-02-12 13:46:00
2013-02-12,6:30pm,AUD,Westpac Consumer Sentiment,Medium,7.7%,,0.6%,2013-02-12 18:30:00
2013-02-12,6:50pm,JPY,Tertiary Industry Activity m/m,Medium,1.4%,0.8%,-0.4%,2013-02-12 18:50:00
2013-02-12,6:50pm,JPY,PPI y/y,Non-economic,-0.2%,-0.3%,-0.7%,2013-02-12 18:50:00
2013-02-12,All Day,CNY,Bank Holiday,Low,,,,2013-02-12 00:00:00
2013-02-12,9:00pm,USD,President Obama Speaks,Non-economic,,,,2013-02-12 21:00:00
2013-02-13,2:00am,EUR,German WPI m/m,Non-economic,0.3%,0.4%,0.0%,2013-02-13 02:00:00
2013-02-13,3:15am,CHF,PPI m/m,Medium,-0.1%,0.2%,0.1%,2013-02-13 03:15:00
2013-02-13,5:00am,EUR,Industrial Production m/m,Medium,0.7%,0.3%,-0.7%,2013-02-13 05:00:00
2013-02-13,5:30am,GBP,BOE Gov King Speaks,High,,,,2013-02-13 05:30:00
2013-02-13,5:30am,GBP,BOE Monetary Policy Report,High,,,,2013-02-13 05:30:00
2013-02-13,8:30am,USD,Core Retail Sales m/m,High,0.2%,0.1%,0.3%,2013-02-13 08:30:00
2013-02-13,8:30am,USD,Retail Sales m/m,High,0.1%,0.1%,0.5%,2013-02-13 08:30:00
2013-02-13,8:30am,USD,Import Prices m/m,Medium,0.6%,0.8%,-0.5%,2013-02-13 08:30:00
2013-02-13,10:00am,USD,Treasury Sec Lew Speaks,High,,,,2013-02-13 10:00:00
2013-02-13,10:00am,USD,Business Inventories m/m,Medium,0.1%,0.3%,0.2%,2013-02-13 10:00:00
2013-02-13,10:30am,USD,Crude Oil Inventories,Medium,0.6M,2.4M,2.6M,2013-02-13 10:30:00
2013-02-13,11:10am,USD,FOMC Member Bullard Speaks,Medium,,,,2013-02-13 11:10:00
2013-02-13,1:00pm,USD,10-y Bond Auction,Medium,2.05|2.7,,1.86|2.8,2013-02-13 13:00:00
2013-02-13,4:24pm,NZD,BusinessNZ Manufacturing Index,Non-economic,55.2,,50.4,2013-02-13 16:24:00
2013-02-13,4:45pm,NZD,FPI m/m,Non-economic,1.9%,,-0.2%,2013-02-13 16:45:00
2013-02-13,6:50pm,JPY,Prelim GDP q/q,Medium,-0.1%,0.1%,-0.9%,2013-02-13 18:50:00
2013-02-13,6:50pm,JPY,Prelim GDP Price Index y/y,Non-economic,-0.6%,-0.5%,-0.8%,2013-02-13 18:50:00
2013-02-13,7:00pm,AUD,MI Inflation Expectations,Medium,2.2%,,2.0%,2013-02-13 19:00:00
2013-02-13,All Day,CNY,Bank Holiday,Low,,,,2013-02-13 00:00:00
2013-02-13,10:39pm,JPY,Monetary Policy Statement,High,,,,2013-02-13 22:39:00
2013-02-13,10:39pm,JPY,Overnight Call Rate,High,<0.10%,<0.10%,<0.10%,2013-02-13 22:39:00
2013-02-14,1:30am,EUR,French Prelim GDP q/q,Medium,-0.3%,-0.2%,0.1%,2013-02-14 01:30:00
2013-02-14,2:00am,EUR,German Prelim GDP q/q,Medium,-0.6%,-0.5%,0.2%,2013-02-14 02:00:00
2013-02-14,2:24am,JPY,BOJ Press Conference,High,,,,2013-02-14 02:24:00
2013-02-14,2:45am,EUR,French Prelim Private Payrolls q/q,Medium,-0.2%,-0.2%,-0.3%,2013-02-14 02:45:00
2013-02-14,4:00am,EUR,ECB Monthly Bulletin,Medium,,,,2013-02-14 04:00:00
2013-02-14,4:00am,EUR,Italian Prelim GDP q/q,Medium,-0.9%,-0.5%,-0.2%,2013-02-14 04:00:00
2013-02-14,5:00am,EUR,Flash GDP q/q,Medium,-0.6%,-0.4%,-0.1%,2013-02-14 05:00:00
2013-02-14,8:30am,USD,Unemployment Claims,High,341K,361K,368K,2013-02-14 08:30:00
2013-02-14,10:30am,USD,FOMC Member Tarullo Speaks,Non-economic,,,,2013-02-14 10:30:00
2013-02-14,10:30am,USD,Natural Gas Storage,Non-economic,-157B,-166B,-118B,2013-02-14 10:30:00
2013-02-14,12:50pm,USD,FOMC Member Bullard Speaks,Medium,,,,2013-02-14 12:50:00
2013-02-14,1:00pm,USD,30-y Bond Auction,Non-economic,3.18|2.7,,3.07|2.8,2013-02-14 13:00:00
2013-02-14,4:45pm,NZD,Retail Sales q/q,High,2.1%,1.3%,-0.2%,2013-02-14 16:45:00
2013-02-14,4:45pm,NZD,Core Retail Sales q/q,Medium,1.5%,1.4%,0.0%,2013-02-14 16:45:00
2013-02-14,All Day,CNY,Bank Holiday,Low,,,,2013-02-14 00:00:00
2013-02-14,11:30pm,JPY,Revised Industrial Production m/m,Non-economic,2.4%,2.5%,2.5%,2013-02-14 23:30:00
2013-02-15,12:00am,JPY,BOJ Monthly Report,Non-economic,,,,2013-02-15 00:00:00
2013-02-15,Day 1,All,G20 Meetings,High,,,,2013-02-15 00:00:00
2013-02-15,4:00am,EUR,Italian Trade Balance,Non-economic,2.16B,2.22B,2.36B,2013-02-15 04:00:00
2013-02-15,4:30am,GBP,Retail Sales m/m,High,-0.6%,0.5%,-0.3%,2013-02-15 04:30:00
2013-02-15,5:00am,EUR,Trade Balance,Non-economic,12.0B,10.7B,10.5B,2013-02-15 05:00:00
2013-02-15,8:30am,CAD,Manufacturing Sales m/m,Medium,-3.1%,-0.4%,1.9%,2013-02-15 08:30:00
2013-02-15,8:30am,USD,Empire State Manufacturing Index,Medium,10.0,-2.1,-7.8,2013-02-15 08:30:00
2013-02-15,9:00am,USD,TIC Long-Term Purchases,Medium,64.2B,34.3B,52.4B,2013-02-15 09:00:00
2013-02-15,9:15am,USD,Capacity Utilization Rate,Medium,79.1%,78.9%,79.3%,2013-02-15 09:15:00
2013-02-15,9:15am,USD,Industrial Production m/m,Medium,-0.1%,0.2%,0.4%,2013-02-15 09:15:00
2013-02-15,9:55am,USD,Prelim UoM Consumer Sentiment,High,76.3,74.8,71.3,2013-02-15 09:55:00
2013-02-15,9:55am,USD,Prelim UoM Inflation Expectations,Non-economic,3.3%,,3.4%,2013-02-15 09:55:00
2013-02-16,Day 2,All,G20 Meetings,Medium,,,,2013-02-16 00:00:00
2013-02-16,10:50am,GBP,MPC Member Weale Speaks,Medium,,,,2013-02-16 10:50:00
2013-02-16,12:30pm,USD,FOMC Member Dudley Speaks,Non-economic,,,,2013-02-16 12:30:00
2013-02-17,4:30pm,NZD,BusinessNZ Services Index,Non-economic,52.6,,52.6,2013-02-17 16:30:00
2013-02-17,7:01pm,GBP,Rightmove HPI m/m,Non-economic,2.8%,,0.2%,2013-02-17 19:01:00
2013-02-17,7:30pm,AUD,New Motor Vehicle Sales m/m,Medium,-2.4%,,2.7%,2013-02-17 19:30:00
2013-02-18,4:00am,EUR,Current Account,Medium,13.9B,15.3B,15.9B,2013-02-18 04:00:00
2013-02-18,6:00am,EUR,German Buba Monthly Report,Medium,,,,2013-02-18 06:00:00
2013-02-18,All Day,CAD,Bank Holiday,Low,,,,2013-02-18 00:00:00
2013-02-18,All Day,USD,Bank Holiday,Low,,,,2013-02-18 00:00:00
2013-02-18,9:30am,EUR,ECB President Draghi Speaks,High,,,,2013-02-18 09:30:00
2013-02-18,6:50pm,JPY,Monetary Policy Meeting Minutes,Medium,,,,2013-02-18 18:50:00
2013-02-18,7:30pm,AUD,Monetary Policy Meeting Minutes,High,,,,2013-02-18 19:30:00
2013-02-19,5:00am,EUR,German ZEW Economic Sentiment,High,48.2,35.3,31.5,2013-02-19 05:00:00
2013-02-19,5:00am,EUR,ZEW Economic Sentiment,Medium,42.4,35.5,31.2,2013-02-19 05:00:00
2013-02-19,8:30am,CAD,Foreign Securities Purchases,Medium,-1.92B,7.21B,5.50B,2013-02-19 08:30:00
2013-02-19,8:30am,CAD,Wholesale Sales m/m,Medium,-0.9%,-0.4%,1.1%,2013-02-19 08:30:00
2013-02-19,8:30am,NZD,GDT Price Index,Non-economic,4.1%,,4.2%,2013-02-19 08:30:00
2013-02-19,10:00am,USD,NAHB Housing Market Index,Non-economic,46,48,47,2013-02-19 10:00:00
2013-02-19,12:15pm,CHF,SNB Chairman Jordan Speaks,High,,,,2013-02-19 12:15:00
2013-02-19,4:45pm,NZD,PPI Input q/q,Medium,-0.3%,0.3%,-1.0%,2013-02-19 16:45:00
2013-02-19,4:45pm,NZD,PPI Output q/q,Non-economic,-0.1%,0.4%,-0.9%,2013-02-19 16:45:00
2013-02-19,6:00pm,AUD,CB Leading Index m/m,Medium,-0.1%,,-0.2%,2013-02-19 18:00:00
2013-02-19,6:30pm,AUD,MI Leading Index m/m,Non-economic,0.2%,,0.7%,2013-02-19 18:30:00
2013-02-19,6:50pm,JPY,Trade Balance,Medium,-0.68T,-0.59T,-0.78T,2013-02-19 18:50:00
2013-02-19,7:30pm,AUD,Wage Price Index q/q,Medium,0.8%,0.8%,0.7%,2013-02-19 19:30:00
2013-02-19,9:02pm,CNY,Foreign Direct Investment ytd/y,Non-economic,-7.3%,,-3.7%,2013-02-19 21:02:00
2013-02-19,9:30pm,NZD,RBNZ Gov Wheeler Speaks,High,,,,2013-02-19 21:30:00
2013-02-19,11:30pm,JPY,All Industries Activity m/m,Non-economic,1.8%,1.6%,-0.4%,2013-02-19 23:30:00
2013-02-20,2:00am,EUR,German PPI m/m,Medium,0.8%,0.4%,-0.3%,2013-02-20 02:00:00
2013-02-20,2:00am,EUR,German Final CPI m/m,Non-economic,-0.5%,-0.5%,-0.5%,2013-02-20 02:00:00
2013-02-20,2:45am,EUR,French Final CPI m/m,Non-economic,-0.5%,-0.2%,0.3%,2013-02-20 02:45:00
2013-02-20,4:30am,GBP,Claimant Count Change,High,-12.5K,-5.3K,-15.8K,2013-02-20 04:30:00
2013-02-20,4:30am,GBP,MPC Asset Purchase Facility Votes,High,3-0-6,1-0-8,1-0-8,2013-02-20 04:30:00
2013-02-20,4:30am,GBP,MPC Official Bank Rate Votes,High,0-0-9,0-0-9,0-0-9,2013-02-20 04:30:00
2013-02-20,4:30am,GBP,Unemployment Rate,Medium,7.8%,7.7%,7.7%,2013-02-20 04:30:00
2013-02-20,4:30am,GBP,Average Earnings Index 3m/y,Non-economic,1.4%,1.4%,1.5%,2013-02-20 04:30:00
2013-02-20,5:00am,CHF,UBS Economic Expectations,Medium,10.0,,-6.9,2013-02-20 05:00:00
2013-02-20,5:38am,EUR,German 10-y Bond Auction,Medium,1.66|1.2,,1.56|1.7,2013-02-20 05:38:00
2013-02-20,8:30am,USD,Building Permits,High,0.93M,0.92M,0.91M,2013-02-20 08:30:00
2013-02-20,8:30am,USD,PPI m/m,High,0.2%,0.3%,-0.2%,2013-02-20 08:30:00
2013-02-20,8:30am,USD,Core PPI m/m,Medium,0.2%,0.2%,0.1%,2013-02-20 08:30:00
2013-02-20,8:30am,USD,Housing Starts,Medium,0.89M,0.93M,0.97M,2013-02-20 08:30:00
2013-02-20,9:55am,EUR,Consumer Confidence,Non-economic,-24,-23,-24,2013-02-20 09:55:00
2013-02-20,2:00pm,USD,FOMC Meeting Minutes,High,,,,2013-02-20 14:00:00
2013-02-20,9:00pm,CNY,CB Leading Index m/m,Non-economic,1.0%,,0.4%,2013-02-20 21:00:00
2013-02-21,2:00am,CHF,Trade Balance,Medium,2.13B,1.74B,0.90B,2013-02-21 02:00:00
2013-02-21,3:00am,EUR,French Flash Manufacturing PMI,High,43.6,43.9,42.9,2013-02-21 03:00:00
2013-02-21,3:00am,EUR,French Flash Services PMI,Medium,42.7,44.5,43.6,2013-02-21 03:00:00
2013-02-21,3:30am,EUR,German Flash Manufacturing PMI,High,50.1,50.4,49.8,2013-02-21 03:30:00
2013-02-21,3:30am,EUR,German Flash Services PMI,Medium,54.1,55.5,55.7,2013-02-21 03:30:00
2013-02-21,4:00am,EUR,Flash Manufacturing PMI,Medium,47.8,48.4,47.9,2013-02-21 04:00:00
2013-02-21,4:00am,EUR,Flash Services PMI,Medium,47.3,49.2,48.6,2013-02-21 04:00:00
2013-02-21,4:30am,GBP,Public Sector Net Borrowing,Medium,-9.9B,-9.0B,12.4B,2013-02-21 04:30:00
2013-02-21,4:43am,EUR,Spanish 10-y Bond Auction,High,5.20|1.6,,5.29|2.3,2013-02-21 04:43:00
2013-02-21,5:38am,GBP,10-y Bond Auction,Medium,2.15|2.3,,1.90|2.9,2013-02-21 05:38:00
2013-02-21,6:00am,GBP,CBI Industrial Order Expectations,Medium,-14,-16,-20,2013-02-21 06:00:00
2013-02-21,8:30am,USD,Core CPI m/m,High,0.3%,0.2%,0.1%,2013-02-21 08:30:00
2013-02-21,8:30am,USD,CPI y/y,High,1.6%,1.7%,1.7%,2013-02-21 08:30:00
2013-02-21,8:30am,USD,Unemployment Claims,High,362K,353K,342K,2013-02-21 08:30:00
2013-02-21,8:30am,USD,CPI m/m,Medium,0.0%,0.1%,0.0%,2013-02-21 08:30:00
2013-02-21,9:00am,USD,Flash Manufacturing PMI,Medium,55.2,55.6,55.8,2013-02-21 09:00:00
2013-02-21,10:00am,USD,Existing Home Sales,High,4.92M,4.89M,4.90M,2013-02-21 10:00:00
2013-02-21,10:00am,USD,Philly Fed Manufacturing Index,High,-12.5,1.1,-5.8,2013-02-21 10:00:00
2013-02-21,10:00am,USD,Mortgage Delinquencies,Medium,7.09%,,7.40%,2013-02-21 10:00:00
2013-02-21,10:00am,USD,CB Leading Index m/m,Non-economic,0.2%,0.2%,0.5%,2013-02-21 10:00:00
2013-02-21,10:30am,CAD,BOC Review,Non-economic,,,,2013-02-21 10:30:00
2013-02-21,10:30am,USD,Natural Gas Storage,Non-economic,-127B,-119B,-157B,2013-02-21 10:30:00
2013-02-21,11:00am,USD,Crude Oil Inventories,Medium,4.1M,1.9M,0.6M,2013-02-21 11:00:00
2013-02-21,12:30pm,USD,FOMC Member Bullard Speaks,Medium,,,,2013-02-21 12:30:00
2013-02-21,5:30pm,AUD,RBA Gov Stevens Speaks,High,,,,2013-02-21 17:30:00
2013-02-21,9:02pm,NZD,Credit Card Spending y/y,Non-economic,0.4%,,4.5%,2013-02-21 21:02:00
2013-02-22,2:00am,EUR,German Final GDP q/q,Non-economic,-0.6%,-0.6%,-0.6%,2013-02-22 02:00:00
2013-02-22,4:00am,EUR,German ifo Business Climate,High,107.4,104.9,104.3,2013-02-22 04:00:00
2013-02-22,5:00am,EUR,EU Economic Forecasts,Medium,,,,2013-02-22 05:00:00
2013-02-22,6:00am,EUR,Italian Retail Sales m/m,Non-economic,0.2%,0.3%,-0.4%,2013-02-22 06:00:00
2013-02-22,8:30am,CAD,Core CPI m/m,High,0.1%,0.2%,-0.6%,2013-02-22 08:30:00
2013-02-22,8:30am,CAD,Core Retail Sales m/m,High,-0.9%,0.1%,-0.2%,2013-02-22 08:30:00
2013-02-22,8:30am,CAD,CPI m/m,Medium,0.1%,0.3%,-0.6%,2013-02-22 08:30:00
2013-02-22,8:30am,CAD,Retail Sales m/m,Medium,-2.1%,-0.3%,0.3%,2013-02-22 08:30:00
2013-02-22,9:00am,EUR,Belgian NBB Business Climate,Non-economic,-11.0,-11.1,-13.2,2013-02-22 09:00:00
2013-02-22,10:30am,USD,FOMC Member Powell Speaks,Medium,,,,2013-02-22 10:30:00
2013-02-22,6:30pm,USD,FOMC Member Tarullo Speaks,Non-economic,,,,2013-02-22 18:30:00
2013-02-24,Day 1,EUR,Italian Parliamentary Election,High,,,,2013-02-24 00:00:00
2013-02-24,6:50pm,JPY,SPPI y/y,Non-economic,-0.2%,-0.2%,-0.4%,2013-02-24 18:50:00
2013-02-24,8:45pm,CNY,Caixin Flash Manufacturing PMI,High,50.4,52.2,52.3,2013-02-24 20:45:00
2013-02-25,Day 2,EUR,Italian Parliamentary Election,High,,,,2013-02-25 00:00:00
2013-02-25,4:30am,GBP,High Street Lending,Medium,32.3K,34.2K,33.4K,2013-02-25 04:30:00
2013-02-25,10:30am,EUR,German Buba President Weidmann Speaks,Medium,,,,2013-02-25 10:30:00
2013-02-25,10:30am,GBP,Chancellor Osborne Speaks,Non-economic,,,,2013-02-25 10:30:00
2013-02-25,12:15pm,CAD,BOC Gov Carney Speaks,Medium,,,,2013-02-25 12:15:00
2013-02-25,4:15pm,AUD,RBA Deputy Gov Debelle Speaks,Medium,,,,2013-02-25 16:15:00
2013-02-25,9:00pm,NZD,Inflation Expectations q/q,Medium,2.17%,,2.27%,2013-02-25 21:00:00
2013-02-26,1:00am,GBP,BOE Gov King Speaks,High,,,,2013-02-26 01:00:00
2013-02-26,3:15am,CHF,Employment Level,Medium,4.12M,4.11M,4.12M,2013-02-26 03:15:00
2013-02-26,5:00am,GBP,Monetary Policy Report Hearings,High,,,,2013-02-26 05:00:00
2013-02-26,6:00am,GBP,CBI Realized Sales,Medium,8,15,17,2013-02-26 06:00:00
2013-02-26,8:30am,CAD,Corporate Profits q/q,Non-economic,1.4%,,3.7%,2013-02-26 08:30:00
2013-02-26,9:00am,USD,S&P/CS Composite-20 HPI y/y,Medium,6.8%,6.7%,5.4%,2013-02-26 09:00:00
2013-02-26,9:00am,USD,HPI m/m,Non-economic,0.6%,0.6%,0.4%,2013-02-26 09:00:00
2013-02-26,9:59am,USD,Richmond Manufacturing Index,Non-economic,6,-4,-12,2013-02-26 09:59:00
2013-02-26,10:00am,USD,CB Consumer Confidence,High,69.6,60.8,58.4,2013-02-26 10:00:00
2013-02-26,10:00am,USD,Fed Chairman Bernanke Testifies,High,,,,2013-02-26 10:00:00
2013-02-26,10:00am,USD,New Home Sales,High,437K,381K,378K,2013-02-26 10:00:00
2013-02-26,10:00am,USD,Fed Monetary Policy Report,Non-economic,,,,2013-02-26 10:00:00
2013-02-26,1:30pm,GBP,MPC Member Fisher Speaks,Medium,,,,2013-02-26 13:30:00
2013-02-26,4:45pm,NZD,Trade Balance,Medium,-305M,113M,534M,2013-02-26 16:45:00
2013-02-26,4:45pm,NZD,Visitor Arrivals m/m,Non-economic,-2.5%,,1.7%,2013-02-26 16:45:00
2013-02-26,6:50pm,JPY,Retail Sales y/y,Medium,-1.1%,-1.4%,0.3%,2013-02-26 18:50:00
2013-02-26,7:30pm,AUD,Construction Work Done q/q,Medium,-0.1%,1.5%,1.9%,2013-02-26 19:30:00
2013-02-27,2:00am,CHF,UBS Consumption Indicator,Non-economic,1.18,,1.32,2013-02-27 02:00:00
2013-02-27,2:00am,EUR,German GfK Consumer Climate,Medium,5.9,5.9,5.8,2013-02-27 02:00:00
2013-02-27,2:00am,EUR,German Import Prices m/m,Non-economic,0.1%,0.5%,-0.5%,2013-02-27 02:00:00
2013-02-27,3:00am,CHF,KOF Economic Barometer,Medium,1.03,1.00,1.12,2013-02-27 03:00:00
2013-02-27,4:00am,EUR,M3 Money Supply y/y,Medium,3.5%,3.2%,3.4%,2013-02-27 04:00:00
2013-02-27,4:00am,EUR,Private Loans y/y,Non-economic,-0.9%,-0.6%,-0.7%,2013-02-27 04:00:00
2013-02-27,4:10am,EUR,Retail PMI,Non-economic,44.5,,45.9,2013-02-27 04:10:00
2013-02-27,4:20am,GBP,MPC Member Bean Speaks,Medium,,,,2013-02-27 04:20:00
2013-02-27,4:30am,GBP,Second Estimate GDP q/q,High,-0.3%,-0.3%,-0.3%,2013-02-27 04:30:00
2013-02-27,4:30am,GBP,Prelim Business Investment q/q,Medium,-1.2%,2.2%,0.5%,2013-02-27 04:30:00
2013-02-27,4:30am,GBP,Index of Services 3m/3m,Non-economic,-0.1%,0.1%,0.6%,2013-02-27 04:30:00
2013-02-27,5:12am,EUR,Italian 10-y Bond Auction,High,4.83|1.7,,4.17|1.3,2013-02-27 05:12:00
2013-02-27,8:30am,USD,Core Durable Goods Orders m/m,High,1.9%,0.3%,1.0%,2013-02-27 08:30:00
2013-02-27,8:30am,USD,Durable Goods Orders m/m,Medium,-5.2%,-4.8%,4.3%,2013-02-27 08:30:00
2013-02-27,10:00am,USD,Fed Chairman Bernanke Testifies,High,,,,2013-02-27 10:00:00
2013-02-27,10:00am,USD,Pending Home Sales m/m,High,4.5%,1.7%,-1.9%,2013-02-27 10:00:00
2013-02-27,10:30am,USD,Crude Oil Inventories,Medium,1.1M,2.4M,4.1M,2013-02-27 10:30:00
2013-02-27,12:30pm,EUR,ECB President Draghi Speaks,High,,,,2013-02-27 12:30:00
2013-02-27,4:45pm,NZD,Building Consents m/m,Non-economic,-0.4%,,9.4%,2013-02-27 16:45:00
2013-02-27,6:15pm,JPY,Final Manufacturing PMI,Non-economic,48.5,,47.7,2013-02-27 18:15:00
2013-02-27,6:50pm,JPY,Prelim Industrial Production m/m,Medium,1.0%,1.6%,2.5%,2013-02-27 18:50:00
2013-02-27,7:00pm,AUD,HIA New Home Sales m/m,Medium,4.2%,,6.2%,2013-02-27 19:00:00
2013-02-27,7:00pm,NZD,ANZ Business Confidence,High,39.4,,22.7,2013-02-27 19:00:00
2013-02-27,7:01pm,GBP,GfK Consumer Confidence,Non-economic,-26,-26,-26,2013-02-27 19:01:00
2013-02-27,7:30pm,AUD,Private Capital Expenditure q/q,High,-1.2%,1.1%,1.1%,2013-02-27 19:30:00
2013-02-27,7:30pm,AUD,Private Sector Credit m/m,Medium,0.2%,0.3%,0.4%,2013-02-27 19:30:00
2013-02-28,12:00am,JPY,Housing Starts y/y,Non-economic,5.0%,8.9%,10.0%,2013-02-28 00:00:00
2013-02-28,1:45am,CHF,GDP q/q,Medium,0.2%,0.0%,0.6%,2013-02-28 01:45:00
2013-02-28,All Day,EUR,German Prelim CPI m/m,Medium,0.6%,0.7%,-0.5%,2013-02-28 00:00:00
2013-02-28,2:45am,EUR,French Consumer Spending m/m,Medium,-0.8%,-0.1%,0.2%,2013-02-28 02:45:00
2013-02-28,3:00am,EUR,Spanish Flash CPI y/y,Non-economic,2.7%,2.6%,2.7%,2013-02-28 03:00:00
2013-02-28,3:55am,EUR,German Unemployment Change,Medium,-3K,-5K,-14K,2013-02-28 03:55:00
2013-02-28,5:00am,EUR,Final Core CPI y/y,Medium,1.3%,1.5%,1.5%,2013-02-28 05:00:00
2013-02-28,5:00am,EUR,Final CPI y/y,Medium,2.0%,2.0%,2.0%,2013-02-28 05:00:00
2013-02-28,8:30am,CAD,Current Account,Medium,-17.3B,-16.9B,-18.0B,2013-02-28 08:30:00
2013-02-28,8:30am,CAD,RMPI m/m,Medium,3.8%,1.4%,-2.0%,2013-02-28 08:30:00
2013-02-28,8:30am,CAD,IPPI m/m,Non-economic,0.0%,0.2%,0.0%,2013-02-28 08:30:00
2013-02-28,8:30am,USD,Prelim GDP q/q,High,0.1%,0.5%,-0.1%,2013-02-28 08:30:00
2013-02-28,8:30am,USD,Unemployment Claims,High,344K,361K,366K,2013-02-28 08:30:00
2013-02-28,8:30am,USD,Prelim GDP Price Index q/q,Non-economic,0.9%,0.6%,0.6%,2013-02-28 08:30:00
2013-02-28,9:45am,USD,Chicago PMI,Medium,56.8,54.6,55.6,2013-02-28 09:45:00
2013-02-28,10:30am,USD,Natural Gas Storage,Non-economic,-171B,-165B,-127B,2013-02-28 10:30:00
2013-02-28,12:30pm,USD,FOMC Member Raskin Speaks,Medium,,,,2013-02-28 12:30:00
2013-02-28,4:45pm,NZD,Overseas Trade Index q/q,Non-economic,-1.3%,1.4%,-3.2%,2013-02-28 16:45:00
2013-02-28,5:24pm,AUD,AIG Manufacturing Index,Non-economic,45.6,,40.2,2013-02-28 17:24:00
2013-02-28,6:30pm,JPY,Household Spending y/y,Medium,2.4%,0.4%,-0.7%,2013-02-28 18:30:00
2013-02-28,6:30pm,JPY,Tokyo Core CPI y/y,Medium,-0.6%,-0.6%,-0.5%,2013-02-28 18:30:00
2013-02-28,6:30pm,JPY,National Core CPI y/y,Non-economic,-0.2%,-0.2%,-0.2%,2013-02-28 18:30:00
2013-02-28,6:30pm,JPY,Unemployment Rate,Non-economic,4.2%,4.2%,4.2%,2013-02-28 18:30:00
2013-02-28,6:50pm,JPY,Capital Spending q/y,Medium,-8.7%,-7.0%,2.2%,2013-02-28 18:50:00
2013-02-28,7:59pm,CNY,Manufacturing PMI,High,50.1,50.5,50.4,2013-02-28 19:59:00
2013-02-28,8:00pm,USD,FOMC Member Evans Speaks,Medium,,,,2013-02-28 20:00:00
2013-02-28,8:45pm,CNY,RatingDog Manufacturing PMI,Medium,50.4,50.4,50.4,2013-02-28 20:45:00
2013-03-01,12:30am,AUD,Commodity Prices y/y,Non-economic,-7.2%,,-8.9%,2013-03-01 00:30:00
2013-03-01,2:00am,EUR,German Retail Sales m/m,Medium,3.1%,1.1%,-2.1%,2013-03-01 02:00:00
2013-03-01,2:00am,GBP,Nationwide HPI m/m,Medium,0.2%,0.2%,0.5%,2013-03-01 02:00:00
2013-03-01,3:15am,EUR,Spanish Manufacturing PMI,Medium,46.8,46.3,46.1,2013-03-01 03:15:00
2013-03-01,3:30am,CHF,Manufacturing PMI,Medium,50.8,52.2,52.5,2013-03-01 03:30:00
2013-03-01,3:45am,EUR,Italian Manufacturing PMI,Medium,45.8,47.6,47.8,2013-03-01 03:45:00
2013-03-01,3:50am,EUR,French Final Manufacturing PMI,Non-economic,43.9,43.6,43.6,2013-03-01 03:50:00
2013-03-01,3:55am,EUR,German Final Manufacturing PMI,Non-economic,50.3,50.1,50.1,2013-03-01 03:55:00
2013-03-01,4:00am,EUR,Final Manufacturing PMI,Non-economic,47.9,47.8,47.8,2013-03-01 04:00:00
2013-03-01,4:00am,EUR,Italian Monthly Unemployment Rate,Non-economic,11.7%,11.1%,11.3%,2013-03-01 04:00:00
2013-03-01,4:00am,EUR,Italian Quarterly Unemployment Rate,Non-economic,11.2%,10.8%,10.7%,2013-03-01 04:00:00
2013-03-01,4:30am,GBP,Final Manufacturing PMI,High,47.9,51.0,50.8,2013-03-01 04:30:00
2013-03-01,4:30am,GBP,Net Lending to Individuals m/m,Medium,0.6B,1.1B,1.8B,2013-03-01 04:30:00
2013-03-01,4:30am,GBP,M4 Money Supply m/m,Non-economic,0.9%,0.3%,0.7%,2013-03-01 04:30:00
2013-03-01,4:30am,GBP,Mortgage Approvals,Non-economic,55K,57K,56K,2013-03-01 04:30:00
2013-03-01,5:00am,EUR,CPI Flash Estimate y/y,Medium,1.8%,2.0%,2.0%,2013-03-01 05:00:00
2013-03-01,5:00am,EUR,Unemployment Rate,Medium,11.9%,11.8%,11.8%,2013-03-01 05:00:00
2013-03-01,5:00am,EUR,Italian Prelim CPI m/m,Non-economic,0.1%,0.3%,0.2%,2013-03-01 05:00:00
2013-03-01,8:30am,CAD,GDP m/m,High,-0.2%,-0.2%,0.3%,2013-03-01 08:30:00
2013-03-01,8:30am,USD,Core PCE Price Index m/m,Medium,0.1%,0.1%,0.0%,2013-03-01 08:30:00
2013-03-01,8:30am,USD,Personal Spending m/m,Medium,0.2%,0.2%,0.1%,2013-03-01 08:30:00
2013-03-01,8:30am,USD,Personal Income m/m,Non-economic,-3.6%,-2.3%,2.6%,2013-03-01 08:30:00
2013-03-01,9:00am,USD,Final Manufacturing PMI,Non-economic,54.3,55.2,55.2,2013-03-01 09:00:00
2013-03-01,9:30am,CAD,Manufacturing PMI,Non-economic,51.7,,50.5,2013-03-01 09:30:00
2013-03-01,9:55am,USD,Revised UoM Consumer Sentiment,Medium,77.6,76.3,76.3,2013-03-01 09:55:00
2013-03-01,9:55am,USD,Revised UoM Inflation Expectations,Non-economic,3.3%,,3.3%,2013-03-01 09:55:00
2013-03-01,10:00am,USD,ISM Manufacturing PMI,High,54.2,52.7,53.1,2013-03-01 10:00:00
2013-03-01,10:00am,USD,Construction Spending m/m,Non-economic,-2.1%,0.6%,1.1%,2013-03-01 10:00:00
2013-03-01,10:00am,USD,ISM Manufacturing Prices,Non-economic,61.5,57.3,56.5,2013-03-01 10:00:00
2013-03-01,All Day,USD,Total Vehicle Sales,Non-economic,15.4M,15.1M,15.3M,2013-03-01 00:00:00
2013-03-01,11:35am,USD,President Obama Speaks,Non-economic,,,,2013-03-01 11:35:00
2013-03-01,10:00pm,USD,Fed Chairman Bernanke Speaks,High,,,,2013-03-01 22:00:00
2013-03-02,8:00pm,CNY,Non-Manufacturing PMI,Non-economic,54.5,,56.2,2013-03-02 20:00:00
2013-03-03,6:30pm,AUD,MI Inflation Gauge m/m,Non-economic,0.0%,,0.3%,2013-03-03 18:30:00
2013-03-03,6:50pm,JPY,Monetary Base y/y,Non-economic,15.0%,11.5%,10.9%,2013-03-03 18:50:00
2013-03-03,7:00pm,NZD,ANZ Commodity Prices m/m,Non-economic,1.0%,,0.3%,2013-03-03 19:00:00
2013-03-03,7:30pm,AUD,Building Approvals m/m,High,-2.4%,2.8%,-1.7%,2013-03-03 19:30:00
2013-03-03,7:30pm,AUD,ANZ Job Advertisements m/m,Medium,3.0%,,0.6%,2013-03-03 19:30:00
2013-03-03,7:30pm,AUD,Company Operating Profits q/q,Medium,-1.0%,-0.9%,-2.7%,2013-03-03 19:30:00
2013-03-04,3:00am,EUR,Spanish Unemployment Change,High,59.4K,77.5K,132.1K,2013-03-04 03:00:00
2013-03-04,All Day,EUR,Eurogroup Meetings,Medium,,,,2013-03-04 00:00:00
2013-03-04,4:30am,EUR,Sentix Investor Confidence,Non-economic,-10.6,-4.5,-3.9,2013-03-04 04:30:00
2013-03-04,4:30am,GBP,Construction PMI,High,46.8,49.2,48.7,2013-03-04 04:30:00
2013-03-04,5:00am,EUR,PPI m/m,Non-economic,0.6%,0.5%,-0.2%,2013-03-04 05:00:00
2013-03-04,8:00am,USD,FOMC Member Yellen Speaks,Medium,,,,2013-03-04 08:00:00
2013-03-04,1:15pm,USD,FOMC Member Powell Speaks,Medium,,,,2013-03-04 13:15:00
2013-03-04,5:25pm,AUD,AIG Services Index,Non-economic,48.5,,45.3,2013-03-04 17:25:00
2013-03-04,7:00pm,GBP,BRC Retail Sales Monitor y/y,Medium,2.7%,,1.9%,2013-03-04 19:00:00
2013-03-04,7:30pm,AUD,Retail Sales m/m,High,0.9%,0.4%,-0.4%,2013-03-04 19:30:00
2013-03-04,7:30pm,AUD,Current Account,Medium,-14.7B,-15.4B,-15.0B,2013-03-04 19:30:00
2013-03-04,8:30pm,JPY,Average Cash Earnings y/y,Medium,0.7%,-0.3%,-1.7%,2013-03-04 20:30:00
2013-03-04,8:45pm,CNY,RatingDog Services PMI,Non-economic,52.1,,54.0,2013-03-04 20:45:00
2013-03-04,10:30pm,AUD,Cash Rate,High,3.00%,3.00%,3.00%,2013-03-04 22:30:00
2013-03-04,10:30pm,AUD,RBA Rate Statement,High,,,,2013-03-04 22:30:00
2013-03-04,10:45pm,JPY,10-y Bond Auction,Non-economic,0.64|2.4,,0.80|2.8,2013-03-04 22:45:00
2013-03-05,3:15am,EUR,Spanish Services PMI,High,44.7,45.9,47.0,2013-03-05 03:15:00
2013-03-05,3:45am,EUR,Italian Services PMI,High,43.6,43.6,43.9,2013-03-05 03:45:00
2013-03-05,3:50am,EUR,French Final Services PMI,Non-economic,42.7,42.7,42.7,2013-03-05 03:50:00
2013-03-05,3:55am,EUR,German Final Services PMI,Non-economic,54.1,54.1,54.1,2013-03-05 03:55:00
2013-03-05,4:00am,EUR,Final Services PMI,Non-economic,47.9,47.3,47.3,2013-03-05 04:00:00
2013-03-05,All Day,EUR,ECOFIN Meetings,Medium,,,,2013-03-05 00:00:00
2013-03-05,4:30am,GBP,Final Services PMI,High,51.8,51.1,51.5,2013-03-05 04:30:00
2013-03-05,5:00am,EUR,Retail Sales m/m,Medium,1.2%,0.3%,-0.8%,2013-03-05 05:00:00
2013-03-05,8:30am,NZD,GDT Price Index,Non-economic,11.5%,,4.1%,2013-03-05 08:30:00
2013-03-05,10:00am,USD,ISM Services PMI,High,56.0,55.0,55.2,2013-03-05 10:00:00
2013-03-05,10:00am,USD,RCM/TIPP Economic Optimism,Non-economic,42.2,47.8,47.3,2013-03-05 10:00:00
2013-03-05,7:01pm,GBP,BRC Shop Price Index y/y,Non-economic,1.1%,,0.6%,2013-03-05 19:01:00
2013-03-05,7:30pm,AUD,GDP q/q,High,0.6%,0.6%,0.7%,2013-03-05 19:30:00
2013-03-06,3:00am,GBP,Halifax HPI m/m,Medium,0.5%,0.4%,-0.3%,2013-03-06 03:00:00
2013-03-06,4:45am,GBP,BOE Gov King Speaks,High,,,,2013-03-06 04:45:00
2013-03-06,5:00am,EUR,Revised GDP q/q,Non-economic,-0.6%,-0.6%,-0.6%,2013-03-06 05:00:00
2013-03-06,8:15am,USD,ADP Non-Farm Employment Change,High,198K,172K,215K,2013-03-06 08:15:00
2013-03-06,10:00am,CAD,BOC Rate Statement,High,,,,2013-03-06 10:00:00
2013-03-06,10:00am,CAD,Ivey PMI,High,51.1,56.2,58.9,2013-03-06 10:00:00
2013-03-06,10:00am,CAD,Overnight Rate,High,1.00%,1.00%,1.00%,2013-03-06 10:00:00
2013-03-06,10:00am,USD,Factory Orders m/m,Medium,-2.0%,-2.2%,1.3%,2013-03-06 10:00:00
2013-03-06,10:30am,USD,Crude Oil Inventories,Medium,3.8M,0.9M,1.1M,2013-03-06 10:30:00
2013-03-06,2:00pm,USD,Beige Book,Medium,,,,2013-03-06 14:00:00
2013-03-06,5:26pm,AUD,AIG Construction Index,Non-economic,45.6,,36.2,2013-03-06 17:26:00
2013-03-06,7:30pm,AUD,Goods Trade Balance,High,-1.06B,-0.51B,-0.69B,2013-03-06 19:30:00
2013-03-06,10:24pm,JPY,Monetary Policy Statement,High,,,,2013-03-06 22:24:00
2013-03-06,10:24pm,JPY,Overnight Call Rate,High,<0.10%,<0.10%,<0.10%,2013-03-06 22:24:00
2013-03-07,12:00am,JPY,Leading Indicators,Non-economic,96.3%,96.2%,93.2%,2013-03-07 00:00:00
2013-03-07,1:45am,CHF,Unemployment Rate,Non-economic,3.1%,3.1%,3.1%,2013-03-07 01:45:00
2013-03-07,2:32am,JPY,BOJ Press Conference,High,,,,2013-03-07 02:32:00
2013-03-07,2:45am,EUR,French Trade Balance,Non-economic,-5.9B,-4.8B,-5.4B,2013-03-07 02:45:00
2013-03-07,3:00am,CHF,Foreign Currency Reserves,High,428B,,430B,2013-03-07 03:00:00
2013-03-07,4:00am,CHF,SNB Chairman Jordan Speaks,High,,,,2013-03-07 04:00:00
2013-03-07,4:45am,EUR,Spanish 10-y Bond Auction,High,4.92|2.3,,5.20|1.6,2013-03-07 04:45:00
2013-03-07,4:59am,EUR,French 10-y Bond Auction,Medium,2.10|2.2,,2.30|3.1,2013-03-07 04:59:00
2013-03-07,6:00am,EUR,German Factory Orders m/m,Medium,-1.9%,0.6%,1.1%,2013-03-07 06:00:00
2013-03-07,7:00am,GBP,Asset Purchase Facility,High,375B,375B,375B,2013-03-07 07:00:00
2013-03-07,7:00am,GBP,Official Bank Rate,High,0.50%,0.50%,0.50%,2013-03-07 07:00:00
2013-03-07,7:30am,USD,Challenger Job Cuts y/y,Non-economic,7.0%,,-24.4%,2013-03-07 07:30:00
2013-03-07,7:45am,EUR,Main Refinancing Rate,High,0.75%,0.75%,0.75%,2013-03-07 07:45:00
2013-03-07,8:30am,CAD,Building Permits m/m,High,1.7%,5.4%,-10.4%,2013-03-07 08:30:00
2013-03-07,8:30am,CAD,Trade Balance,High,-0.2B,-0.6B,-0.3B,2013-03-07 08:30:00
2013-03-07,8:30am,EUR,ECB Press Conference,High,,,,2013-03-07 08:30:00
2013-03-07,8:30am,USD,Trade Balance,High,-44.4B,-42.8B,-38.1B,2013-03-07 08:30:00
2013-03-07,8:30am,USD,Unemployment Claims,High,340K,354K,347K,2013-03-07 08:30:00
2013-03-07,8:30am,USD,Revised Nonfarm Productivity q/q,Medium,-1.9%,-1.6%,-2.0%,2013-03-07 08:30:00
2013-03-07,8:30am,USD,Revised Unit Labor Costs q/q,Non-economic,4.6%,4.4%,4.5%,2013-03-07 08:30:00
2013-03-07,10:30am,USD,Natural Gas Storage,Non-economic,-146B,-135B,-171B,2013-03-07 10:30:00
2013-03-07,1:15pm,USD,FOMC Member Powell Speaks,Medium,,,,2013-03-07 13:15:00
2013-03-07,3:00pm,USD,Consumer Credit m/m,Non-economic,16.2B,15.2B,15.1B,2013-03-07 15:00:00
2013-03-07,4:30pm,USD,Bank Stress Test Results,Medium,,,,2013-03-07 16:30:00
2013-03-07,4:45pm,NZD,Manufacturing Sales q/q,Non-economic,0.0%,,1.7%,2013-03-07 16:45:00
2013-03-07,6:50pm,JPY,Current Account,High,0.36T,0.11T,0.11T,2013-03-07 18:50:00
2013-03-07,6:50pm,JPY,Final GDP q/q,Medium,0.0%,-0.1%,-0.1%,2013-03-07 18:50:00
2013-03-07,6:50pm,JPY,Bank Lending y/y,Non-economic,1.5%,,1.3%,2013-03-07 18:50:00
2013-03-07,6:50pm,JPY,Final GDP Price Index y/y,Non-economic,-0.7%,-0.6%,-0.6%,2013-03-07 18:50:00
2013-03-07,9:02pm,CNY,USD-Denominated Trade Balance,High,15.3B,-8.8B,29.2B,2013-03-07 21:02:00
2013-03-07,10:45pm,JPY,30-y Bond Auction,Non-economic,1.82|3.3,,1.99|3.5,2013-03-07 22:45:00
2013-03-08,12:00am,JPY,BOJ Monthly Report,Non-economic,,,,2013-03-08 00:00:00
2013-03-08,12:00am,JPY,Economy Watchers Sentiment,Non-economic,53.2,51.2,49.5,2013-03-08 00:00:00
2013-03-08,2:45am,EUR,French Gov Budget Balance,Non-economic,-12.8B,,-87.2B,2013-03-08 02:45:00
2013-03-08,3:15am,CHF,CPI m/m,High,0.3%,-0.3%,-0.3%,2013-03-08 03:15:00
2013-03-08,4:30am,GBP,Consumer Inflation Expectations,Medium,3.6%,,3.5%,2013-03-08 04:30:00
2013-03-08,6:00am,EUR,German Industrial Production m/m,Medium,0.0%,0.6%,0.6%,2013-03-08 06:00:00
2013-03-08,8:13am,CAD,Housing Starts,Non-economic,181K,173K,159K,2013-03-08 08:13:00
2013-03-08,8:30am,CAD,Employment Change,High,50.7K,7.8K,-21.9K,2013-03-08 08:30:00
2013-03-08,8:30am,CAD,Unemployment Rate,High,7.0%,7.1%,7.0%,2013-03-08 08:30:00
2013-03-08,8:30am,CAD,Labor Productivity q/q,Medium,0.1%,-0.1%,-0.4%,2013-03-08 08:30:00
2013-03-08,8:30am,USD,Non-Farm Employment Change,High,236K,162K,119K,2013-03-08 08:30:00
2013-03-08,8:30am,USD,Unemployment Rate,High,7.7%,7.9%,7.9%,2013-03-08 08:30:00
2013-03-08,8:30am,USD,Average Hourly Earnings m/m,Medium,0.2%,0.2%,0.1%,2013-03-08 08:30:00
2013-03-08,10:00am,USD,Final Wholesale Inventories m/m,Non-economic,1.2%,0.4%,0.1%,2013-03-08 10:00:00
2013-03-08,8:00pm,USD,FOMC Member Duke Speaks,Non-economic,,,,2013-03-08 20:00:00
2013-03-08,8:30pm,CNY,CPI y/y,High,3.2%,3.0%,2.0%,2013-03-08 20:30:00
2013-03-08,8:30pm,CNY,PPI y/y,Medium,-1.6%,-1.5%,-1.6%,2013-03-08 20:30:00
2013-03-09,12:30am,CNY,Fixed Asset Investment ytd/y,Medium,21.2%,20.6%,20.6%,2013-03-09 00:30:00
2013-03-09,12:30am,CNY,Industrial Production y/y,Medium,9.9%,10.4%,10.3%,2013-03-09 00:30:00
2013-03-09,12:30am,CNY,Retail Sales y/y,Non-economic,12.3%,14.5%,15.2%,2013-03-09 00:30:00
2013-03-10,2:00am,CAD,Daylight Saving Time Shift,Low,,,,2013-03-10 02:00:00
2013-03-10,2:00am,USD,Daylight Saving Time Shift,Low,,,,2013-03-10 02:00:00
2013-03-10,2:07am,CNY,New Loans,Medium,620B,750B,1070B,2013-03-10 02:07:00
2013-03-10,2:07am,CNY,M2 Money Supply y/y,Non-economic,15.2%,14.8%,15.9%,2013-03-10 02:07:00
2013-03-10,6:50pm,JPY,Core Machinery Orders m/m,Medium,-13.1%,-1.6%,2.8%,2013-03-10 18:50:00
2013-03-10,6:50pm,JPY,M2 Money Stock y/y,Non-economic,2.9%,2.7%,2.7%,2013-03-10 18:50:00
2013-03-11,1:03am,JPY,Prelim Machine Tool Orders y/y,Non-economic,-21.5%,,-26.4%,2013-03-11 01:03:00
2013-03-11,2:00am,EUR,German Trade Balance,Non-economic,15.7B,17.9B,16.9B,2013-03-11 02:00:00
2013-03-11,2:45am,EUR,French Industrial Production m/m,Medium,-1.2%,-0.1%,0.9%,2013-03-11 02:45:00
2013-03-11,3:15am,CHF,Retail Sales y/y,Medium,1.9%,3.7%,4.7%,2013-03-11 03:15:00
2013-03-11,6:50pm,JPY,BSI Manufacturing Index,Medium,-4.6,-6.2,-10.3,2013-03-11 18:50:00
2013-03-11,6:50pm,JPY,Monetary Policy Meeting Minutes,Medium,,,,2013-03-11 18:50:00
2013-03-11,6:50pm,JPY,Tertiary Industry Activity m/m,Medium,-1.1%,-0.1%,1.1%,2013-03-11 18:50:00
2013-03-11,6:50pm,JPY,PPI y/y,Non-economic,-0.1%,-0.1%,-0.3%,2013-03-11 18:50:00
2013-03-11,7:01pm,GBP,RICS House Price Balance,Medium,-6%,-1%,-4%,2013-03-11 19:01:00
2013-03-11,7:27pm,NZD,REINZ HPI m/m,Medium,1.6%,,-1.0%,2013-03-11 19:27:00
2013-03-11,7:30pm,AUD,NAB Business Confidence,Medium,1,,3,2013-03-11 19:30:00
2013-03-12,12:00am,JPY,Consumer Confidence,Non-economic,44.3,43.0,43.3,2013-03-12 00:00:00
2013-03-12,2:00am,EUR,German Final CPI m/m,Non-economic,0.6%,0.6%,0.6%,2013-03-12 02:00:00
2013-03-12,2:00am,EUR,German WPI m/m,Non-economic,0.1%,0.4%,0.3%,2013-03-12 02:00:00
2013-03-12,4:30am,GBP,Manufacturing Production m/m,High,-1.5%,0.0%,1.5%,2013-03-12 04:30:00
2013-03-12,4:30am,GBP,Goods Trade Balance,Medium,-8.2B,-8.8B,-8.7B,2013-03-12 04:30:00
2013-03-12,4:30am,GBP,Industrial Production m/m,Non-economic,-1.2%,0.1%,1.1%,2013-03-12 04:30:00
2013-03-12,6:30am,USD,NFIB Small Business Index,Non-economic,90.8,91.3,88.9,2013-03-12 06:30:00
2013-03-12,9:57am,GBP,NIESR GDP Estimate,Medium,-0.1%,,-0.2%,2013-03-12 09:57:00
2013-03-12,10:00am,USD,JOLTS Job Openings,Medium,3.69M,3.67M,3.61M,2013-03-12 10:00:00
2013-03-12,4:45pm,NZD,FPI m/m,Non-economic,-0.3%,,1.9%,2013-03-12 16:45:00
2013-03-12,6:30pm,AUD,Westpac Consumer Sentiment,Medium,2.0%,,7.7%,2013-03-12 18:30:00
2013-03-12,7:30pm,AUD,Home Loans m/m,Medium,-1.5%,0.2%,-2.1%,2013-03-12 19:30:00
2013-03-13,1:30am,EUR,French Final Private Payrolls q/q,Non-economic,-0.3%,-0.2%,-0.2%,2013-03-13 01:30:00
2013-03-13,2:45am,EUR,French Final CPI m/m,Non-economic,0.3%,0.5%,-0.5%,2013-03-13 02:45:00
2013-03-13,5:00am,EUR,Industrial Production m/m,Medium,-0.4%,-0.1%,0.9%,2013-03-13 05:00:00
2013-03-13,7:30am,USD,Core Retail Sales m/m,High,1.0%,0.5%,0.4%,2013-03-13 07:30:00
2013-03-13,7:30am,USD,Retail Sales m/m,High,1.1%,0.5%,0.2%,2013-03-13 07:30:00
2013-03-13,7:30am,USD,Import Prices m/m,Medium,1.1%,0.5%,0.6%,2013-03-13 07:30:00
2013-03-13,9:00am,USD,Business Inventories m/m,Medium,1.0%,0.5%,0.3%,2013-03-13 09:00:00
2013-03-13,9:30am,USD,Crude Oil Inventories,Medium,2.6M,2.3M,3.8M,2013-03-13 09:30:00
2013-03-13,12:00pm,USD,10-y Bond Auction,Medium,2.03|3.2,,2.05|2.7,2013-03-13 12:00:00
2013-03-13,12:20pm,USD,Federal Budget Balance,Medium,-203.5B,-200.0B,2.9B,2013-03-13 12:20:00
2013-03-13,3:00pm,NZD,Official Cash Rate,High,2.50%,2.50%,2.50%,2013-03-13 15:00:00
2013-03-13,3:00pm,NZD,RBNZ Press Conference,High,,,,2013-03-13 15:00:00
2013-03-13,3:00pm,NZD,RBNZ Rate Statement,High,,,,2013-03-13 15:00:00
2013-03-13,3:00pm,NZD,RBNZ Monetary Policy Statement,Medium,,,,2013-03-13 15:00:00
2013-03-13,7:00pm,AUD,MI Inflation Expectations,Medium,2.3%,,2.2%,2013-03-13 19:00:00
2013-03-13,7:05pm,NZD,RBNZ Gov Wheeler Speaks,High,,,,2013-03-13 19:05:00
2013-03-13,7:30pm,AUD,Employment Change,High,71.5K,9.5K,13.1K,2013-03-13 19:30:00
2013-03-13,7:30pm,AUD,Unemployment Rate,High,5.4%,5.5%,5.4%,2013-03-13 19:30:00
2013-03-13,11:30pm,JPY,Revised Industrial Production m/m,Non-economic,0.3%,1.0%,1.0%,2013-03-13 23:30:00
2013-03-14,2:00am,AUD,RBA Assist Gov Kent Speaks,Medium,,,,2013-03-14 02:00:00
2013-03-14,3:30am,CHF,Libor Rate,High,<0.25%,<0.25%,<0.25%,2013-03-14 03:30:00
2013-03-14,3:30am,CHF,SNB Monetary Policy Assessment,High,,,,2013-03-14 03:30:00
2013-03-14,4:00am,EUR,ECB Monthly Bulletin,Medium,,,,2013-03-14 04:00:00
2013-03-14,Day 1,EUR,EU Economic Summit,High,,,,2013-03-14 00:00:00
2013-03-14,5:00am,EUR,Final Employment Change q/q,Non-economic,-0.3%,-0.1%,-0.1%,2013-03-14 05:00:00
2013-03-14,7:30am,CAD,NHPI m/m,Medium,0.1%,0.1%,0.2%,2013-03-14 07:30:00
2013-03-14,7:30am,CAD,Capacity Utilization Rate,Non-economic,80.7%,80.8%,81.1%,2013-03-14 07:30:00
2013-03-14,7:30am,USD,PPI m/m,High,0.7%,0.7%,0.2%,2013-03-14 07:30:00
2013-03-14,7:30am,USD,Unemployment Claims,High,332K,348K,342K,2013-03-14 07:30:00
2013-03-14,7:30am,USD,Core PPI m/m,Medium,0.2%,0.2%,0.2%,2013-03-14 07:30:00
2013-03-14,7:30am,USD,Current Account,Medium,-110B,-111B,-112B,2013-03-14 07:30:00
2013-03-14,8:00am,USD,FOMC Member Raskin Speaks,Medium,,,,2013-03-14 08:00:00
2013-03-14,9:30am,USD,Natural Gas Storage,Non-economic,-145B,-136B,-146B,2013-03-14 09:30:00
2013-03-14,12:00pm,USD,30-y Bond Auction,Non-economic,3.25|2.4,,3.18|2.7,2013-03-14 12:00:00
2013-03-14,3:30pm,USD,Bank Stress Test Results,Non-economic,,,,2013-03-14 15:30:00
2013-03-14,4:30pm,NZD,BusinessNZ Manufacturing Index,Medium,56.3,,55.2,2013-03-14 16:30:00
2013-03-14,6:00pm,NZD,RBNZ Assist Gov McDermott Speaks,Non-economic,,,,2013-03-14 18:00:00
2013-03-15,3:15am,CHF,PPI m/m,Medium,0.1%,0.3%,-0.1%,2013-03-15 03:15:00
2013-03-15,Day 2,EUR,EU Economic Summit,Medium,,,,2013-03-15 00:00:00
2013-03-15,All Day,EUR,Eurogroup Meetings,Medium,,,,2013-03-15 00:00:00
2013-03-15,5:00am,EUR,Final Core CPI y/y,Medium,1.3%,1.3%,1.3%,2013-03-15 05:00:00
2013-03-15,5:00am,EUR,Final CPI y/y,Medium,1.8%,1.8%,1.8%,2013-03-15 05:00:00
2013-03-15,5:00am,GBP,CB Leading Index m/m,Non-economic,0.4%,,0.0%,2013-03-15 05:00:00
2013-03-15,6:00am,GBP,MPC Member Dale Speaks,Medium,,,,2013-03-15 06:00:00
2013-03-15,7:30am,USD,Core CPI m/m,High,0.2%,0.2%,0.3%,2013-03-15 07:30:00
2013-03-15,7:30am,USD,CPI y/y,High,2.0%,1.9%,1.6%,2013-03-15 07:30:00
2013-03-15,7:30am,USD,CPI m/m,Medium,0.7%,0.6%,0.0%,2013-03-15 07:30:00
2013-03-15,7:30am,USD,Empire State Manufacturing Index,Medium,9.2,9.8,10.0,2013-03-15 07:30:00
2013-03-15,8:00am,USD,TIC Long-Term Purchases,Medium,25.7B,39.3B,64.2B,2013-03-15 08:00:00
2013-03-15,8:12am,USD,Capacity Utilization Rate,Medium,79.6%,79.4%,79.2%,2013-03-15 08:12:00
2013-03-15,8:12am,USD,Industrial Production m/m,Medium,0.7%,0.4%,0.0%,2013-03-15 08:12:00
2013-03-15,8:55am,USD,Prelim UoM Consumer Sentiment,High,71.8,78.2,77.6,2013-03-15 08:55:00
2013-03-15,8:55am,USD,Prelim UoM Inflation Expectations,Non-economic,3.3%,,3.3%,2013-03-15 08:55:00
2013-03-17,4:00pm,NZD,Westpac Consumer Sentiment,Non-economic,110.8,,111.1,2013-03-17 16:00:00
2013-03-17,4:30pm,NZD,BusinessNZ Services Index,Non-economic,55.5,,53.0,2013-03-17 16:30:00
2013-03-17,7:01pm,GBP,Rightmove HPI m/m,Non-economic,1.7%,,2.8%,2013-03-17 19:01:00
2013-03-17,7:35pm,AUD,New Motor Vehicle Sales m/m,Medium,0.0%,,-2.2%,2013-03-17 19:35:00
2013-03-18,1:45am,CHF,SECO Economic Forecasts,Non-economic,,,,2013-03-18 01:45:00
2013-03-18,4:00am,EUR,Italian Trade Balance,Non-economic,-1.62B,2.11B,2.11B,2013-03-18 04:00:00
2013-03-18,All Day,EUR,Eurogroup Meetings,High,,,,2013-03-18 00:00:00
2013-03-18,5:00am,EUR,ZEW Economic Sentiment,Medium,,,,2013-03-18 05:00:00
2013-03-18,5:00am,EUR,Trade Balance,Non-economic,9.0B,10.4B,10.3B,2013-03-18 05:00:00
2013-03-18,6:00am,EUR,German Buba Monthly Report,Medium,,,,2013-03-18 06:00:00
2013-03-18,7:30am,CAD,Foreign Securities Purchases,Medium,13.34B,7.85B,-1.92B,2013-03-18 07:30:00
2013-03-18,9:00am,USD,NAHB Housing Market Index,Non-economic,44,48,46,2013-03-18 09:00:00
2013-03-18,5:15pm,AUD,RBA Deputy Gov Debelle Speaks,Medium,,,,2013-03-18 17:15:00
2013-03-18,5:50pm,AUD,RBA Deputy Gov Lowe Speaks,Medium,,,,2013-03-18 17:50:00
2013-03-18,7:30pm,AUD,Monetary Policy Meeting Minutes,High,,,,2013-03-18 19:30:00
2013-03-18,9:00pm,CNY,CB Leading Index m/m,Non-economic,1.3%,,1.3%,2013-03-18 21:00:00
2013-03-18,9:00pm,CNY,Foreign Direct Investment ytd/y,Non-economic,-1.4%,,-7.3%,2013-03-18 21:00:00
2013-03-19,4:00am,EUR,Italian Industrial Production m/m,Non-economic,0.8%,-0.3%,-0.2%,2013-03-19 04:00:00
2013-03-19,4:30am,GBP,CPI y/y,High,2.8%,2.8%,2.7%,2013-03-19 04:30:00
2013-03-19,4:30am,GBP,PPI Input m/m,High,3.2%,1.7%,1.3%,2013-03-19 04:30:00
2013-03-19,4:30am,GBP,RPI y/y,Medium,3.2%,3.3%,3.3%,2013-03-19 04:30:00
2013-03-19,4:30am,GBP,Core CPI y/y,Non-economic,2.3%,2.2%,2.3%,2013-03-19 04:30:00
2013-03-19,4:30am,GBP,ONS HPI y/y,Non-economic,2.2%,2.6%,3.3%,2013-03-19 04:30:00
2013-03-19,4:30am,GBP,PPI Output m/m,Non-economic,0.8%,0.2%,0.2%,2013-03-19 04:30:00
2013-03-19,5:00am,EUR,German ZEW Economic Sentiment,High,48.5,47.9,48.2,2013-03-19 05:00:00
2013-03-19,5:00am,EUR,ZEW Economic Sentiment,Medium,33.4,43.7,42.4,2013-03-19 05:00:00
2013-03-19,7:30am,CAD,Manufacturing Sales m/m,High,-0.2%,0.7%,-3.3%,2013-03-19 07:30:00
2013-03-19,7:30am,CAD,Wholesale Sales m/m,Medium,0.3%,0.4%,-1.1%,2013-03-19 07:30:00
2013-03-19,7:30am,USD,Building Permits,High,0.95M,0.93M,0.90M,2013-03-19 07:30:00
2013-03-19,7:30am,USD,Housing Starts,Medium,0.92M,0.92M,0.91M,2013-03-19 07:30:00
2013-03-19,8:30am,NZD,GDT Price Index,Non-economic,14.7%,,11.5%,2013-03-19 08:30:00
2013-03-19,4:45pm,NZD,Current Account,Medium,-3.26B,-2.97B,-4.39B,2013-03-19 16:45:00
2013-03-19,6:30pm,AUD,MI Leading Index m/m,Non-economic,0.3%,,0.3%,2013-03-19 18:30:00
2013-03-19,All Day,JPY,Bank Holiday,Low,,,,2013-03-19 00:00:00
2013-03-20,2:00am,EUR,German PPI m/m,Medium,-0.1%,0.2%,0.8%,2013-03-20 02:00:00
2013-03-20,4:00am,EUR,Current Account,Medium,14.8B,7.9B,16.0B,2013-03-20 04:00:00
2013-03-20,4:30am,GBP,Claimant Count Change,High,-1.5K,-5.2K,-10.0K,2013-03-20 04:30:00
2013-03-20,4:30am,GBP,MPC Asset Purchase Facility Votes,High,3-0-6,3-0-6,3-0-6,2013-03-20 04:30:00
2013-03-20,4:30am,GBP,MPC Official Bank Rate Votes,High,0-0-9,0-0-9,0-0-9,2013-03-20 04:30:00
2013-03-20,4:30am,GBP,Unemployment Rate,Medium,7.8%,7.8%,7.8%,2013-03-20 04:30:00
2013-03-20,4:30am,GBP,Average Earnings Index 3m/y,Non-economic,1.2%,1.5%,1.3%,2013-03-20 04:30:00
2013-03-20,5:00am,CHF,UBS Economic Expectations,Medium,2.3,,10.0,2013-03-20 05:00:00
2013-03-20,5:34am,EUR,German 10-y Bond Auction,Medium,1.36|1.6,,1.66|1.2,2013-03-20 05:34:00
2013-03-20,7:30am,GBP,Annual Budget Release,High,,,,2013-03-20 07:30:00
2013-03-20,9:30am,USD,Crude Oil Inventories,Medium,-1.3M,1.8M,2.6M,2013-03-20 09:30:00
2013-03-20,10:00am,EUR,Consumer Confidence,Non-economic,-24,-23,-24,2013-03-20 10:00:00
2013-03-20,1:00pm,USD,FOMC Economic Projections,High,,,,2013-03-20 13:00:00
2013-03-20,1:00pm,USD,FOMC Statement,High,,,,2013-03-20 13:00:00
2013-03-20,1:00pm,USD,Federal Funds Rate,Medium,<0.25%,<0.25%,<0.25%,2013-03-20 13:00:00
2013-03-20,1:30pm,USD,FOMC Press Conference,High,,,,2013-03-20 13:30:00
2013-03-20,4:45pm,NZD,GDP q/q,High,1.5%,0.9%,0.2%,2013-03-20 16:45:00
2013-03-20,6:50pm,JPY,Trade Balance,Medium,-1.09T,-1.01T,-0.74T,2013-03-20 18:50:00
2013-03-20,7:30pm,AUD,RBA Bulletin,Non-economic,,,,2013-03-20 19:30:00
2013-03-20,8:45pm,CNY,Caixin Flash Manufacturing PMI,High,51.7,51.2,50.4,2013-03-20 20:45:00
2013-03-20,9:00pm,NZD,Credit Card Spending y/y,Non-economic,4.7%,,0.5%,2013-03-20 21:00:00
2013-03-20,11:30pm,JPY,All Industries Activity m/m,Non-economic,-1.4%,-1.1%,1.6%,2013-03-20 23:30:00
2013-03-21,2:00am,CHF,Trade Balance,Non-economic,2.10B,1.87B,2.12B,2013-03-21 02:00:00
2013-03-21,3:00am,EUR,French Flash Manufacturing PMI,High,43.9,44.4,43.9,2013-03-21 03:00:00
2013-03-21,3:00am,EUR,French Flash Services PMI,Medium,41.9,44.1,42.7,2013-03-21 03:00:00
2013-03-21,3:30am,EUR,German Flash Manufacturing PMI,High,48.9,50.8,50.3,2013-03-21 03:30:00
2013-03-21,3:30am,EUR,German Flash Services PMI,Medium,51.6,54.9,54.1,2013-03-21 03:30:00
2013-03-21,4:00am,EUR,Flash Manufacturing PMI,Medium,46.6,48.2,47.9,2013-03-21 04:00:00
2013-03-21,4:00am,EUR,Flash Services PMI,Medium,46.5,48.2,47.3,2013-03-21 04:00:00
2013-03-21,All Day,EUR,Eurogroup Meetings,High,,,,2013-03-21 00:00:00
2013-03-21,4:30am,GBP,Retail Sales m/m,High,2.1%,0.5%,-0.7%,2013-03-21 04:30:00
2013-03-21,4:30am,GBP,Public Sector Net Borrowing,Medium,4.4B,8.4B,-10.3B,2013-03-21 04:30:00
2013-03-21,4:45am,EUR,Spanish 10-y Bond Auction,High,4.90|1.9,,4.92|2.3,2013-03-21 04:45:00
2013-03-21,5:00am,JPY,BOJ Gov Kuroda Speaks,High,,,,2013-03-21 05:00:00
2013-03-21,6:00am,GBP,CBI Industrial Order Expectations,Medium,-15,-16,-14,2013-03-21 06:00:00
2013-03-21,7:30am,CAD,Core Retail Sales m/m,High,0.5%,0.4%,-1.0%,2013-03-21 07:30:00
2013-03-21,7:30am,CAD,Retail Sales m/m,Medium,1.0%,0.6%,-2.3%,2013-03-21 07:30:00
2013-03-21,7:30am,USD,Unemployment Claims,High,336K,343K,334K,2013-03-21 07:30:00
2013-03-21,8:00am,USD,Flash Manufacturing PMI,Medium,54.9,55.1,54.3,2013-03-21 08:00:00
2013-03-21,8:00am,USD,HPI m/m,Non-economic,0.6%,0.7%,0.5%,2013-03-21 08:00:00
2013-03-21,9:00am,USD,Existing Home Sales,High,4.98M,5.02M,4.94M,2013-03-21 09:00:00
2013-03-21,9:00am,USD,Philly Fed Manufacturing Index,High,2.0,-1.6,-12.5,2013-03-21 09:00:00
2013-03-21,9:00am,USD,CB Leading Index m/m,Non-economic,0.5%,0.3%,0.5%,2013-03-21 09:00:00
2013-03-21,9:30am,USD,Natural Gas Storage,Non-economic,-62B,-70B,-145B,2013-03-21 09:30:00
2013-03-21,10:00am,CHF,SNB Quarterly Bulletin,Non-economic,,,,2013-03-21 10:00:00
2013-03-21,12:00pm,CHF,Gov Board Member Zurbrugg Speaks,Medium,,,,2013-03-21 12:00:00
2013-03-21,3:00pm,CAD,Annual Budget Release,Medium,,,,2013-03-21 15:00:00
2013-03-21,4:45pm,NZD,Visitor Arrivals m/m,Non-economic,4.1%,,-2.2%,2013-03-21 16:45:00
2013-03-21,6:00pm,AUD,CB Leading Index m/m,Medium,0.2%,,-0.1%,2013-03-21 18:00:00
2013-03-21,8:45pm,AUD,RBA Assist Gov Edey Speaks,Medium,,,,2013-03-21 20:45:00
2013-03-22,4:00am,EUR,German ifo Business Climate,High,106.7,107.8,107.4,2013-03-22 04:00:00
2013-03-22,9:00am,EUR,Belgian NBB Business Climate,Non-economic,-15.0,-10.3,-11.0,2013-03-22 09:00:00
2013-03-24,All Day,EUR,Eurogroup Meetings,High,,,,2013-03-24 00:00:00
2013-03-25,4:30am,GBP,High Street Lending,Medium,30.5K,33.6K,32.0K,2013-03-25 04:30:00
2013-03-25,10:45am,CHF,Gov Board Member Danthine Speaks,Medium,,,,2013-03-25 10:45:00
2013-03-25,11:15am,USD,FOMC Member Dudley Speaks,Non-economic,,,,2013-03-25 11:15:00
2013-03-25,12:15pm,USD,Fed Chairman Bernanke Speaks,High,,,,2013-03-25 12:15:00
2013-03-25,4:45pm,NZD,Trade Balance,Medium,414M,2M,-287M,2013-03-25 16:45:00
2013-03-25,6:50pm,JPY,SPPI y/y,Non-economic,0.1%,0.0%,-0.2%,2013-03-25 18:50:00
2013-03-25,7:00pm,JPY,BOJ Gov Kuroda Speaks,High,,,,2013-03-25 19:00:00
2013-03-25,11:45pm,AUD,RBA Gov Stevens Speaks,High,,,,2013-03-25 23:45:00
2013-03-26,5:00am,GBP,Chancellor Osborne Speaks,Non-economic,,,,2013-03-26 05:00:00
2013-03-26,6:00am,GBP,CBI Realized Sales,Medium,0,12,8,2013-03-26 06:00:00
2013-03-26,7:30am,USD,Core Durable Goods Orders m/m,High,-0.5%,0.7%,2.3%,2013-03-26 07:30:00
2013-03-26,7:30am,USD,Durable Goods Orders m/m,Medium,5.7%,3.9%,-4.9%,2013-03-26 07:30:00
2013-03-26,8:00am,USD,S&P/CS Composite-20 HPI y/y,Medium,8.1%,7.9%,6.8%,2013-03-26 08:00:00
2013-03-26,8:59am,USD,Richmond Manufacturing Index,Non-economic,3,8,6,2013-03-26 08:59:00
2013-03-26,9:00am,USD,CB Consumer Confidence,High,59.7,67.9,68.0,2013-03-26 09:00:00
2013-03-26,9:00am,USD,New Home Sales,High,411K,426K,431K,2013-03-26 09:00:00
2013-03-26,Day 1,All,BRICS Summit,Medium,,,,2013-03-26 00:00:00
2013-03-26,11:45am,CAD,Gov Council Member Cote Speaks,Non-economic,,,,2013-03-26 11:45:00
2013-03-26,7:00pm,NZD,ANZ Business Confidence,High,34.6,,39.4,2013-03-26 19:00:00
2013-03-26,7:30pm,AUD,RBA Financial Stability Review,Medium,,,,2013-03-26 19:30:00
2013-03-27,2:00am,CHF,UBS Consumption Indicator,Non-economic,1.26,,1.15,2013-03-27 02:00:00
2013-03-27,2:00am,EUR,German GfK Consumer Climate,Medium,5.9,5.9,5.9,2013-03-27 02:00:00
2013-03-27,2:00am,EUR,German Import Prices m/m,Non-economic,0.3%,0.2%,0.1%,2013-03-27 02:00:00
2013-03-27,3:00am,CHF,KOF Economic Barometer,Medium,0.99,1.07,1.04,2013-03-27 03:00:00
2013-03-27,3:00am,EUR,Spanish Flash CPI y/y,Non-economic,2.4%,2.7%,2.8%,2013-03-27 03:00:00
2013-03-27,4:30am,GBP,Current Account,High,-14.0B,-12.8B,-15.1B,2013-03-27 04:30:00
2013-03-27,4:30am,GBP,Final GDP q/q,Medium,-0.3%,-0.3%,-0.3%,2013-03-27 04:30:00
2013-03-27,4:30am,GBP,FPC Statement,Non-economic,,,,2013-03-27 04:30:00
2013-03-27,4:30am,GBP,Revised Business Investment q/q,Non-economic,-0.8%,-1.2%,-1.2%,2013-03-27 04:30:00
2013-03-27,5:00am,EUR,Italian Retail Sales m/m,Non-economic,-0.5%,0.4%,-0.1%,2013-03-27 05:00:00
2013-03-27,5:13am,EUR,Italian 10-y Bond Auction,High,4.66|1.3,,4.83|1.7,2013-03-27 05:13:00
2013-03-27,7:30am,CAD,Core CPI m/m,High,0.8%,0.3%,0.1%,2013-03-27 07:30:00
2013-03-27,7:30am,CAD,CPI m/m,Medium,1.2%,0.6%,0.1%,2013-03-27 07:30:00
2013-03-27,9:00am,USD,Pending Home Sales m/m,High,-0.4%,-0.3%,3.8%,2013-03-27 09:00:00
2013-03-27,Day 2,All,BRICS Summit,Medium,,,,2013-03-27 00:00:00
2013-03-27,9:30am,USD,Crude Oil Inventories,Medium,3.3M,1.5M,-1.3M,2013-03-27 09:30:00
2013-03-27,10:00am,USD,FOMC Member Evans Speaks,Medium,,,,2013-03-27 10:00:00
2013-03-27,10:30am,USD,FOMC Member Rosengren Speaks,Medium,,,,2013-03-27 10:30:00
2013-03-27,4:45pm,NZD,Building Consents m/m,Medium,1.9%,,-0.2%,2013-03-27 16:45:00
2013-03-27,6:30pm,AUD,MI Inflation Gauge m/m,Non-economic,0.2%,,0.0%,2013-03-27 18:30:00
2013-03-27,6:50pm,JPY,Retail Sales y/y,Medium,-2.3%,0.9%,-1.1%,2013-03-27 18:50:00
2013-03-27,7:01pm,GBP,GfK Consumer Confidence,Non-economic,-26,-27,-26,2013-03-27 19:01:00
2013-03-27,7:30pm,AUD,Private Sector Credit m/m,Medium,0.2%,0.3%,0.2%,2013-03-27 19:30:00
2013-03-28,2:00am,EUR,German Retail Sales m/m,Medium,0.4%,-0.5%,3.0%,2013-03-28 02:00:00
2013-03-28,2:00am,GBP,Nationwide HPI m/m,Medium,0.0%,0.2%,0.2%,2013-03-28 02:00:00
2013-03-28,3:55am,EUR,German Unemployment Change,Medium,13K,-2K,0K,2013-03-28 03:55:00
2013-03-28,4:00am,EUR,M3 Money Supply y/y,Medium,3.1%,3.2%,3.5%,2013-03-28 04:00:00
2013-03-28,4:00am,EUR,Private Loans y/y,Non-economic,-0.9%,-0.7%,-0.9%,2013-03-28 04:00:00
2013-03-28,4:10am,EUR,Retail PMI,Non-economic,43.7,,44.5,2013-03-28 04:10:00
2013-03-28,4:30am,GBP,Index of Services 3m/3m,Non-economic,-0.2%,-0.2%,0.0%,2013-03-28 04:30:00
2013-03-28,7:30am,CAD,GDP m/m,High,0.2%,0.1%,-0.2%,2013-03-28 07:30:00
2013-03-28,7:30am,CAD,RMPI m/m,Medium,2.2%,1.9%,3.8%,2013-03-28 07:30:00
2013-03-28,7:30am,CAD,IPPI m/m,Non-economic,1.4%,0.6%,0.1%,2013-03-28 07:30:00
2013-03-28,7:30am,USD,Unemployment Claims,High,357K,340K,341K,2013-03-28 07:30:00
2013-03-28,7:30am,USD,Final GDP q/q,Medium,0.4%,0.5%,0.1%,2013-03-28 07:30:00
2013-03-28,7:30am,USD,Final GDP Price Index q/q,Non-economic,1.0%,0.9%,0.9%,2013-03-28 07:30:00
2013-03-28,8:45am,USD,Chicago PMI,Medium,52.4,56.5,56.8,2013-03-28 08:45:00
2013-03-28,9:30am,USD,Natural Gas Storage,Non-economic,-95B,-85B,-62B,2013-03-28 09:30:00
2013-03-28,All Day,NZD,Bank Holiday,Low,,,,2013-03-28 00:00:00
2013-03-28,All Day,AUD,Bank Holiday,Low,,,,2013-03-28 00:00:00
2013-03-28,6:15pm,JPY,Final Manufacturing PMI,Non-economic,50.4,,48.5,2013-03-28 18:15:00
2013-03-28,6:30pm,JPY,Household Spending y/y,Medium,0.8%,0.4%,2.4%,2013-03-28 18:30:00
2013-03-28,6:30pm,JPY,Tokyo Core CPI y/y,Medium,-0.5%,-0.6%,-0.6%,2013-03-28 18:30:00
2013-03-28,6:30pm,JPY,National Core CPI y/y,Non-economic,-0.3%,-0.4%,-0.2%,2013-03-28 18:30:00
2013-03-28,6:30pm,JPY,Unemployment Rate,Non-economic,4.3%,4.2%,4.2%,2013-03-28 18:30:00
2013-03-28,6:50pm,JPY,Prelim Industrial Production m/m,Medium,-0.1%,2.6%,0.3%,2013-03-28 18:50:00
2013-03-29,12:00am,JPY,Housing Starts y/y,Non-economic,3.0%,-1.0%,5.0%,2013-03-29 00:00:00
2013-03-29,All Day,CHF,Bank Holiday,Low,,,,2013-03-29 00:00:00
2013-03-29,All Day,EUR,German Bank Holiday,Low,,,,2013-03-29 00:00:00
2013-03-29,2:45am,EUR,French Consumer Spending m/m,Medium,-0.2%,0.3%,-0.9%,2013-03-29 02:45:00
2013-03-29,All Day,GBP,Bank Holiday,Low,,,,2013-03-29 00:00:00
2013-03-29,5:00am,EUR,Italian Prelim CPI m/m,Non-economic,0.3%,0.3%,0.1%,2013-03-29 05:00:00
2013-03-29,All Day,CAD,Bank Holiday,Low,,,,2013-03-29 00:00:00
2013-03-29,7:30am,USD,Core PCE Price Index m/m,Medium,0.1%,0.1%,0.2%,2013-03-29 07:30:00
2013-03-29,7:30am,USD,Personal Spending m/m,Medium,0.7%,0.6%,0.4%,2013-03-29 07:30:00
2013-03-29,7:30am,USD,Personal Income m/m,Non-economic,1.1%,1.0%,-3.7%,2013-03-29 07:30:00
2013-03-29,8:55am,USD,Revised UoM Consumer Sentiment,Medium,78.6,73.2,71.8,2013-03-29 08:55:00
2013-03-29,8:55am,USD,Revised UoM Inflation Expectations,Non-economic,3.2%,,3.3%,2013-03-29 08:55:00
2013-03-30,8:00pm,CHF,Daylight Saving Time Shift,Low,,,,2013-03-30 20:00:00
2013-03-30,8:00pm,EUR,Daylight Saving Time Shift,Low,,,,2013-03-30 20:00:00
2013-03-30,8:00pm,GBP,Daylight Saving Time Shift,Low,,,,2013-03-30 20:00:00
2013-03-31,All Day,NZD,Bank Holiday,Low,,,,2013-03-31 00:00:00
2013-03-31,All Day,AUD,Bank Holiday,Low,,,,2013-03-31 00:00:00
2013-03-31,6:50pm,JPY,Tankan Manufacturing Index,Medium,-8,-7,-12,2013-03-31 18:50:00
2013-03-31,6:50pm,JPY,Tankan Non-Manufacturing Index,Medium,6,8,4,2013-03-31 18:50:00
2013-03-31,8:00pm,CNY,Manufacturing PMI,High,50.9,51.6,50.1,2013-03-31 20:00:00
2013-03-31,8:45pm,CNY,RatingDog Manufacturing PMI,Medium,51.6,51.7,51.7,2013-03-31 20:45:00
2013-04-01,All Day,CHF,Bank Holiday,Low,,,,2013-04-01 00:00:00
2013-04-01,All Day,EUR,Italian Bank Holiday,Low,,,,2013-04-01 00:00:00
2013-04-01,All Day,EUR,French Bank Holiday,Low,,,,2013-04-01 00:00:00
2013-04-01,All Day,EUR,German Bank Holiday,Low,,,,2013-04-01 00:00:00
2013-04-01,All Day,GBP,Bank Holiday,Low,,,,2013-04-01 00:00:00
2013-04-01,8:00am,USD,Final Manufacturing PMI,Non-economic,54.6,55.0,54.9,2013-04-01 08:00:00
2013-04-01,9:00am,USD,ISM Manufacturing PMI,High,51.3,54.2,54.2,2013-04-01 09:00:00
2013-04-01,9:00am,USD,Construction Spending m/m,Non-economic,1.2%,1.1%,-2.1%,2013-04-01 09:00:00
2013-04-01,9:00am,USD,ISM Manufacturing Prices,Non-economic,54.5,60.1,61.5,2013-04-01 09:00:00
2013-04-01,5:30pm,AUD,AIG Manufacturing Index,Non-economic,44.4,,45.6,2013-04-01 17:30:00
2013-04-01,6:50pm,JPY,Monetary Base y/y,Non-economic,19.8%,16.3%,15.0%,2013-04-01 18:50:00
2013-04-01,7:00pm,NZD,ANZ Commodity Prices m/m,Non-economic,7.4%,,1.1%,2013-04-01 19:00:00
2013-04-01,8:30pm,JPY,Average Cash Earnings y/y,Medium,-0.7%,-0.1%,0.1%,2013-04-01 20:30:00
2013-04-01,10:30pm,AUD,Cash Rate,High,3.00%,3.00%,3.00%,2013-04-01 22:30:00
2013-04-01,10:30pm,AUD,RBA Rate Statement,High,,,,2013-04-01 22:30:00
2013-04-01,10:45pm,JPY,10-y Bond Auction,Non-economic,0.55|3.2,,0.64|2.8,2013-04-01 22:45:00
2013-04-02,12:30am,AUD,Commodity Prices y/y,Non-economic,-7.5%,,-6.5%,2013-04-02 00:30:00
2013-04-02,All Day,EUR,German Prelim CPI m/m,Medium,0.5%,0.4%,0.6%,2013-04-02 00:00:00
2013-04-02,2:00am,EUR,Spanish Unemployment Change,Medium,-5.0K,30.2K,59.4K,2013-04-02 02:00:00
2013-04-02,2:15am,EUR,Spanish Manufacturing PMI,Medium,44.2,46.2,46.8,2013-04-02 02:15:00
2013-04-02,2:30am,CHF,Manufacturing PMI,Medium,48.3,50.5,50.8,2013-04-02 02:30:00
2013-04-02,2:45am,EUR,Italian Manufacturing PMI,High,44.5,45.4,45.8,2013-04-02 02:45:00
2013-04-02,2:50am,EUR,French Final Manufacturing PMI,Non-economic,44.0,43.9,43.9,2013-04-02 02:50:00
2013-04-02,2:55am,EUR,German Final Manufacturing PMI,Non-economic,49.0,48.9,48.9,2013-04-02 02:55:00
2013-04-02,3:00am,EUR,Final Manufacturing PMI,Non-economic,46.8,46.6,46.6,2013-04-02 03:00:00
2013-04-02,3:00am,EUR,Italian Monthly Unemployment Rate,Non-economic,11.6%,11.8%,11.7%,2013-04-02 03:00:00
2013-04-02,3:30am,GBP,Final Manufacturing PMI,High,48.3,48.9,47.9,2013-04-02 03:30:00
2013-04-02,3:30am,GBP,Net Lending to Individuals m/m,Medium,1.5B,0.9B,0.8B,2013-04-02 03:30:00
2013-04-02,3:30am,GBP,M4 Money Supply m/m,Non-economic,-0.5%,1.1%,0.9%,2013-04-02 03:30:00
2013-04-02,3:30am,GBP,Mortgage Approvals,Non-economic,52K,54K,54K,2013-04-02 03:30:00
2013-04-02,4:00am,EUR,Unemployment Rate,Medium,12.0%,12.0%,12.0%,2013-04-02 04:00:00
2013-04-02,8:30am,CAD,Manufacturing PMI,Non-economic,49.3,,51.7,2013-04-02 08:30:00
2013-04-02,8:30am,NZD,GDT Price Index,Non-economic,11.2%,,14.7%,2013-04-02 08:30:00
2013-04-02,9:00am,USD,Factory Orders m/m,Medium,3.0%,3.1%,-1.0%,2013-04-02 09:00:00
2013-04-02,9:00am,USD,RCM/TIPP Economic Optimism,Non-economic,46.2,46.1,42.2,2013-04-02 09:00:00
2013-04-02,All Day,USD,Total Vehicle Sales,Non-economic,15.3M,15.3M,15.4M,2013-04-02 00:00:00
2013-04-02,11:20am,CAD,Gov Council Member Murray Speaks,Medium,,,,2013-04-02 11:20:00
2013-04-02,6:01pm,GBP,BRC Shop Price Index y/y,Non-economic,1.4%,,1.1%,2013-04-02 18:01:00
2013-04-02,6:30pm,USD,FOMC Member Evans Speaks,Medium,,,,2013-04-02 18:30:00
2013-04-02,7:00pm,AUD,HIA New Home Sales m/m,Medium,-5.3%,,4.2%,2013-04-02 19:00:00
2013-04-02,7:30pm,AUD,Goods Trade Balance,High,-0.18B,-1.00B,-1.22B,2013-04-02 19:30:00
2013-04-02,7:59pm,CNY,Non-Manufacturing PMI,Non-economic,55.6,,54.5,2013-04-02 19:59:00
2013-04-02,8:45pm,CNY,RatingDog Services PMI,Non-economic,54.3,,52.1,2013-04-02 20:45:00
2013-04-03,3:30am,GBP,Construction PMI,High,47.2,47.7,46.8,2013-04-03 03:30:00
2013-04-03,3:30am,GBP,BOE Credit Conditions Survey,Medium,,,,2013-04-03 03:30:00
2013-04-03,3:32am,GBP,Housing Equity Withdrawal q/q,Non-economic,-8.6B,-7.4B,-7.9B,2013-04-03 03:32:00
2013-04-03,4:00am,EUR,CPI Flash Estimate y/y,Medium,1.7%,1.6%,1.8%,2013-04-03 04:00:00
2013-04-03,7:15am,USD,ADP Non-Farm Employment Change,High,158K,203K,237K,2013-04-03 07:15:00
2013-04-03,9:00am,USD,ISM Services PMI,High,54.4,55.9,56.0,2013-04-03 09:00:00
2013-04-03,9:30am,USD,Crude Oil Inventories,Medium,2.7M,1.8M,3.3M,2013-04-03 09:30:00
2013-04-03,4:00pm,USD,FOMC Member Bullard Speaks,Medium,,,,2013-04-03 16:00:00
2013-04-03,5:30pm,AUD,AIG Services Index,Non-economic,49.6,,48.5,2013-04-03 17:30:00
2013-04-03,All Day,CNY,Bank Holiday,Low,,,,2013-04-03 00:00:00
2013-04-03,7:30pm,AUD,Building Approvals m/m,High,3.1%,2.4%,-2.0%,2013-04-03 19:30:00
2013-04-03,7:30pm,AUD,Retail Sales m/m,High,1.3%,0.3%,1.2%,2013-04-03 19:30:00
2013-04-03,11:40pm,JPY,Monetary Policy Statement,High,,,,2013-04-03 23:40:00
2013-04-03,11:40pm,JPY,Overnight Call Rate,High,<0.10%,<0.10%,<0.10%,2013-04-03 23:40:00
2013-04-04,2:15am,EUR,Spanish Services PMI,Medium,45.3,44.3,44.7,2013-04-04 02:15:00
2013-04-04,2:34am,JPY,BOJ Press Conference,High,,,,2013-04-04 02:34:00
2013-04-04,2:45am,EUR,Italian Services PMI,Medium,45.5,43.4,43.6,2013-04-04 02:45:00
2013-04-04,2:50am,EUR,French Final Services PMI,Non-economic,41.3,41.9,41.9,2013-04-04 02:50:00
2013-04-04,2:55am,EUR,German Final Services PMI,Non-economic,50.9,51.6,51.6,2013-04-04 02:55:00
2013-04-04,3:00am,EUR,Final Services PMI,Non-economic,46.4,46.5,46.5,2013-04-04 03:00:00
2013-04-04,3:30am,GBP,Final Services PMI,High,52.4,51.4,51.8,2013-04-04 03:30:00
2013-04-04,3:45am,EUR,Spanish 10-y Bond Auction,Medium,4.48|2.1,,4.90|1.9,2013-04-04 03:45:00
2013-04-04,4:00am,EUR,PPI m/m,Non-economic,0.2%,0.2%,0.4%,2013-04-04 04:00:00
2013-04-04,4:02am,EUR,French 10-y Bond Auction,Medium,1.94|3.1,,2.10|2.2,2013-04-04 04:02:00
2013-04-04,6:00am,GBP,Asset Purchase Facility,High,375B,375B,375B,2013-04-04 06:00:00
2013-04-04,6:00am,GBP,Official Bank Rate,High,0.50%,0.50%,0.50%,2013-04-04 06:00:00
2013-04-04,6:30am,USD,Challenger Job Cuts y/y,Non-economic,30.0%,,7.0%,2013-04-04 06:30:00
2013-04-04,6:45am,EUR,Main Refinancing Rate,High,0.75%,0.75%,0.75%,2013-04-04 06:45:00
2013-04-04,7:30am,EUR,ECB Press Conference,High,,,,2013-04-04 07:30:00
2013-04-04,7:30am,USD,Unemployment Claims,High,385K,352K,357K,2013-04-04 07:30:00
2013-04-04,7:45am,USD,FOMC Member Evans Speaks,Medium,,,,2013-04-04 07:45:00
2013-04-04,9:30am,USD,Fed Chairman Bernanke Speaks,High,,,,2013-04-04 09:30:00
2013-04-04,9:30am,USD,Natural Gas Storage,Non-economic,-94B,-89B,-95B,2013-04-04 09:30:00
2013-04-04,11:30am,USD,FOMC Member George Speaks,Medium,,,,2013-04-04 11:30:00
2013-04-04,4:00pm,USD,FOMC Member Yellen Speaks,Medium,,,,2013-04-04 16:00:00
2013-04-04,All Day,CNY,Bank Holiday,Low,,,,2013-04-04 00:00:00
2013-04-04,8:00pm,JPY,BOJ Gov Kuroda Speaks,High,,,,2013-04-04 20:00:00
2013-04-05,12:00am,JPY,BOJ Monthly Report,Non-economic,,,,2013-04-05 00:00:00
2013-04-05,12:00am,JPY,Leading Indicators,Non-economic,97.5%,97.2%,95.0%,2013-04-05 00:00:00
2013-04-05,2:00am,CHF,Foreign Currency Reserves,High,438B,,430B,2013-04-05 02:00:00
2013-04-05,2:00am,GBP,Halifax HPI m/m,Medium,0.2%,0.2%,0.5%,2013-04-05 02:00:00
2013-04-05,3:00am,GBP,MPC Member Dale Speaks,Medium,,,,2013-04-05 03:00:00
2013-04-05,3:30am,GBP,FPC Meeting Minutes,Non-economic,,,,2013-04-05 03:30:00
2013-04-05,4:00am,EUR,Retail Sales m/m,Medium,-0.3%,-0.3%,0.9%,2013-04-05 04:00:00
2013-04-05,4:00am,EUR,Final GDP q/q,Non-economic,-0.6%,-0.6%,-0.6%,2013-04-05 04:00:00
2013-04-05,5:00am,EUR,German Factory Orders m/m,Medium,2.3%,1.2%,-1.6%,2013-04-05 05:00:00
2013-04-05,7:30am,CAD,Employment Change,High,-54.5K,6.8K,50.7K,2013-04-05 07:30:00
2013-04-05,7:30am,CAD,Trade Balance,High,-1.0B,0.2B,-0.8B,2013-04-05 07:30:00
2013-04-05,7:30am,CAD,Unemployment Rate,High,7.2%,7.1%,7.0%,2013-04-05 07:30:00
2013-04-05,7:30am,USD,Non-Farm Employment Change,High,88K,198K,268K,2013-04-05 07:30:00
2013-04-05,7:30am,USD,Trade Balance,High,-43.0B,-44.8B,-44.5B,2013-04-05 07:30:00
2013-04-05,7:30am,USD,Unemployment Rate,High,7.6%,7.7%,7.7%,2013-04-05 07:30:00
2013-04-05,7:30am,USD,Average Hourly Earnings m/m,Medium,0.0%,0.2%,0.1%,2013-04-05 07:30:00
2013-04-05,9:00am,CAD,Ivey PMI,High,61.6,52.4,51.1,2013-04-05 09:00:00
2013-04-05,2:00pm,USD,Consumer Credit m/m,Non-economic,18.1B,15.5B,12.7B,2013-04-05 14:00:00
2013-04-06,9:00am,NZD,Daylight Saving Time Shift,Low,,,,2013-04-06 09:00:00
2013-04-06,11:00am,AUD,Daylight Saving Time Shift,Low,,,,2013-04-06 11:00:00
2013-04-07,6:30pm,AUD,AIG Construction Index,Non-economic,39.0,,45.6,2013-04-07 18:30:00
2013-04-07,6:50pm,JPY,Current Account,High,0.00T,0.46T,0.36T,2013-04-07 18:50:00
2013-04-07,8:30pm,AUD,ANZ Job Advertisements m/m,Medium,-1.5%,,3.0%,2013-04-07 20:30:00
2013-04-08,12:00am,JPY,Economy Watchers Sentiment,Non-economic,57.3,56.3,53.2,2013-04-08 00:00:00
2013-04-08,3:30am,EUR,Sentix Investor Confidence,Non-economic,-17.3,-12.6,-10.6,2013-04-08 03:30:00
2013-04-08,5:00am,EUR,German Industrial Production m/m,Medium,0.5%,0.4%,-0.6%,2013-04-08 05:00:00
2013-04-08,9:30am,CAD,BOC Business Outlook Survey,Medium,,,,2013-04-08 09:30:00
2013-04-08,5:00pm,NZD,NZIER Business Confidence,High,23,,20,2013-04-08 17:00:00
2013-04-08,6:00pm,GBP,BRC Retail Sales Monitor y/y,Medium,1.9%,,2.7%,2013-04-08 18:00:00
2013-04-08,6:01pm,GBP,RICS House Price Balance,Non-economic,-1%,-5%,-7%,2013-04-08 18:01:00
2013-04-08,6:15pm,USD,Fed Chairman Bernanke Speaks,High,,,,2013-04-08 18:15:00
2013-04-08,6:50pm,JPY,Monetary Policy Meeting Minutes,Medium,,,,2013-04-08 18:50:00
2013-04-08,8:30pm,AUD,NAB Business Confidence,Medium,2,,1,2013-04-08 20:30:00
2013-04-08,8:41pm,CNY,CPI y/y,High,2.1%,2.5%,3.2%,2013-04-08 20:41:00
2013-04-08,8:41pm,CNY,PPI y/y,Medium,-1.9%,-1.8%,-1.6%,2013-04-08 20:41:00
2013-04-09,12:45am,CHF,Unemployment Rate,Non-economic,3.1%,3.1%,3.1%,2013-04-09 00:45:00
2013-04-09,1:00am,EUR,German Trade Balance,Non-economic,17.1B,16.2B,15.6B,2013-04-09 01:00:00
2013-04-09,1:00am,JPY,Prelim Machine Tool Orders y/y,Non-economic,-21.6%,,-21.5%,2013-04-09 01:00:00
2013-04-09,1:45am,EUR,French Gov Budget Balance,Non-economic,-27.1B,,-12.8B,2013-04-09 01:45:00
2013-04-09,1:45am,EUR,French Trade Balance,Non-economic,-6.0B,-5.3B,-5.7B,2013-04-09 01:45:00
2013-04-09,2:15am,CHF,CPI m/m,High,0.2%,0.3%,0.3%,2013-04-09 02:15:00
2013-04-09,2:15am,CHF,Retail Sales y/y,Medium,2.4%,2.9%,2.0%,2013-04-09 02:15:00
2013-04-09,3:30am,GBP,Manufacturing Production m/m,High,0.8%,0.4%,-1.9%,2013-04-09 03:30:00
2013-04-09,3:30am,GBP,Goods Trade Balance,Medium,-9.4B,-8.7B,-8.2B,2013-04-09 03:30:00
2013-04-09,3:30am,GBP,Industrial Production m/m,Non-economic,1.0%,0.4%,-1.3%,2013-04-09 03:30:00
2013-04-09,4:35am,GBP,10-y Bond Auction,Non-economic,1.73|1.7,,2.15|2.3,2013-04-09 04:35:00
2013-04-09,6:30am,USD,NFIB Small Business Index,Non-economic,89.5,92.3,90.8,2013-04-09 06:30:00
2013-04-09,7:13am,CAD,Housing Starts,Non-economic,184K,176K,178K,2013-04-09 07:13:00
2013-04-09,7:30am,CAD,Building Permits m/m,High,1.7%,3.7%,1.8%,2013-04-09 07:30:00
2013-04-09,9:00am,GBP,NIESR GDP Estimate,Medium,0.1%,,0.1%,2013-04-09 09:00:00
2013-04-09,9:00am,USD,JOLTS Job Openings,Medium,3.93M,3.74M,3.61M,2013-04-09 09:00:00
2013-04-09,9:00am,USD,Final Wholesale Inventories m/m,Non-economic,-0.3%,0.5%,0.8%,2013-04-09 09:00:00
2013-04-09,6:50pm,JPY,Bank Lending y/y,Non-economic,1.6%,,1.5%,2013-04-09 18:50:00
2013-04-09,7:30pm,AUD,Westpac Consumer Sentiment,Medium,-5.1%,,2.0%,2013-04-09 19:30:00
2013-04-09,9:00pm,CNY,USD-Denominated Trade Balance,High,-0.9B,15.2B,15.3B,2013-04-09 21:00:00
2013-04-10,1:45am,EUR,French Industrial Production m/m,Medium,0.7%,0.6%,-0.8%,2013-04-10 01:45:00
2013-04-10,3:00am,EUR,Italian Industrial Production m/m,Non-economic,-0.8%,-0.4%,1.0%,2013-04-10 03:00:00
2013-04-10,8:00am,USD,FOMC Meeting Minutes,High,,,,2013-04-10 08:00:00
2013-04-10,9:30am,USD,Crude Oil Inventories,Medium,0.3M,1.6M,2.7M,2013-04-10 09:30:00
2013-04-10,12:00pm,USD,10-y Bond Auction,Medium,1.80|2.8,,2.03|3.2,2013-04-10 12:00:00
2013-04-10,2:50pm,USD,Federal Budget Balance,Medium,-106.5B,-110.3B,-203.5B,2013-04-10 14:50:00
2013-04-10,5:34pm,NZD,BusinessNZ Manufacturing Index,Medium,53.4,,56.0,2013-04-10 17:34:00
2013-04-10,6:50pm,JPY,Core Machinery Orders m/m,Medium,7.5%,6.9%,-13.1%,2013-04-10 18:50:00
2013-04-10,6:50pm,JPY,M2 Money Stock y/y,Non-economic,3.0%,2.9%,2.9%,2013-04-10 18:50:00
2013-04-10,6:50pm,JPY,PPI y/y,Non-economic,-0.5%,-0.4%,-0.1%,2013-04-10 18:50:00
2013-04-10,8:00pm,AUD,MI Inflation Expectations,Medium,2.2%,,2.3%,2013-04-10 20:00:00
2013-04-10,8:01pm,CNY,New Loans,Medium,1060B,890B,620B,2013-04-10 20:01:00
2013-04-10,8:01pm,CNY,M2 Money Supply y/y,Non-economic,15.7%,14.8%,15.2%,2013-04-10 20:01:00
2013-04-10,8:30pm,AUD,Employment Change,High,-36.1K,-6.7K,74.0K,2013-04-10 20:30:00
2013-04-10,8:30pm,AUD,Unemployment Rate,High,5.6%,5.4%,5.4%,2013-04-10 20:30:00
2013-04-10,9:30pm,NZD,REINZ HPI m/m,Medium,2.4%,,1.6%,2013-04-10 21:30:00
2013-04-10,10:45pm,JPY,30-y Bond Auction,Non-economic,1.49|3.6,,1.82|3.3,2013-04-10 22:45:00
2013-04-11,1:00am,EUR,German Final CPI m/m,Non-economic,0.5%,0.5%,0.5%,2013-04-11 01:00:00
2013-04-11,1:45am,EUR,French Final CPI m/m,Non-economic,0.8%,0.7%,0.3%,2013-04-11 01:45:00
2013-04-11,3:00am,EUR,ECB Monthly Bulletin,Medium,,,,2013-04-11 03:00:00
2013-04-11,7:30am,CAD,NHPI m/m,Medium,0.2%,0.1%,0.1%,2013-04-11 07:30:00
2013-04-11,7:30am,USD,Unemployment Claims,High,346K,362K,388K,2013-04-11 07:30:00
2013-04-11,7:30am,USD,FOMC Member Bullard Speaks,Medium,,,,2013-04-11 07:30:00
2013-04-11,7:30am,USD,Import Prices m/m,Medium,-0.5%,-0.4%,0.6%,2013-04-11 07:30:00
2013-04-11,8:00am,GBP,MPC Member Tucker Speaks,Medium,,,,2013-04-11 08:00:00
2013-04-11,9:00am,USD,Treasury Sec Lew Speaks,Medium,,,,2013-04-11 09:00:00
2013-04-11,9:30am,USD,Natural Gas Storage,Non-economic,-14B,-12B,-94B,2013-04-11 09:30:00
2013-04-11,12:00pm,USD,30-y Bond Auction,Non-economic,3.00|2.5,,3.25|2.4,2013-04-11 12:00:00
2013-04-11,1:30pm,USD,Treasury Sec Lew Speaks,Medium,,,,2013-04-11 13:30:00
2013-04-11,5:45pm,NZD,FPI m/m,Non-economic,-1.3%,,-0.3%,2013-04-11 17:45:00
2013-04-11,6:50pm,JPY,Tertiary Industry Activity m/m,Medium,1.1%,0.8%,-1.5%,2013-04-11 18:50:00
2013-04-11,10:10pm,JPY,BOJ Gov Kuroda Speaks,High,,,,2013-04-11 22:10:00
2013-04-12,1:00am,EUR,German WPI m/m,Non-economic,-0.2%,0.3%,0.1%,2013-04-12 01:00:00
2013-04-12,4:00am,EUR,Industrial Production m/m,Medium,0.4%,0.3%,-0.6%,2013-04-12 04:00:00
2013-04-12,4:00am,GBP,CB Leading Index m/m,Non-economic,0.4%,,0.2%,2013-04-12 04:00:00
2013-04-12,Day 1,EUR,ECOFIN Meetings,Medium,,,,2013-04-12 00:00:00
2013-04-12,All Day,EUR,Eurogroup Meetings,Medium,,,,2013-04-12 00:00:00
2013-04-12,7:30am,USD,Core Retail Sales m/m,High,-0.4%,-0.1%,1.0%,2013-04-12 07:30:00
2013-04-12,7:30am,USD,PPI m/m,High,-0.6%,-0.2%,0.7%,2013-04-12 07:30:00
2013-04-12,7:30am,USD,Retail Sales m/m,High,-0.4%,0.0%,1.0%,2013-04-12 07:30:00
2013-04-12,7:30am,USD,Core PPI m/m,Medium,0.2%,0.2%,0.2%,2013-04-12 07:30:00
2013-04-12,7:45am,USD,FOMC Member Rosengren Speaks,Medium,,,,2013-04-12 07:45:00
2013-04-12,8:55am,USD,Prelim UoM Consumer Sentiment,High,72.3,79.1,78.6,2013-04-12 08:55:00
2013-04-12,8:55am,USD,Prelim UoM Inflation Expectations,Non-economic,3.0%,,3.2%,2013-04-12 08:55:00
2013-04-12,9:00am,USD,Business Inventories m/m,Medium,0.1%,0.4%,0.9%,2013-04-12 09:00:00
2013-04-12,11:30am,USD,Fed Chairman Bernanke Speaks,High,,,,2013-04-12 11:30:00
2013-04-12,3:25pm,USD,Treasury Currency Report,Medium,,,,2013-04-12 15:25:00
2013-04-13,Day 2,EUR,ECOFIN Meetings,Medium,,,,2013-04-13 00:00:00
2013-04-13,11:30am,USD,FOMC Member Evans Speaks,Medium,,,,2013-04-13 11:30:00
2013-04-14,5:30pm,NZD,BusinessNZ Services Index,Non-economic,55.0,,55.9,2013-04-14 17:30:00
2013-04-14,6:01pm,GBP,Rightmove HPI m/m,Non-economic,2.1%,,1.7%,2013-04-14 18:01:00
2013-04-14,7:30pm,JPY,BOJ Gov Kuroda Speaks,High,,,,2013-04-14 19:30:00
2013-04-14,8:30pm,AUD,Home Loans m/m,Medium,2.0%,1.6%,-0.3%,2013-04-14 20:30:00
2013-04-14,9:00pm,CNY,GDP q/y,High,7.7%,8.0%,7.9%,2013-04-14 21:00:00
2013-04-14,9:00pm,CNY,Fixed Asset Investment ytd/y,Medium,20.9%,21.3%,21.2%,2013-04-14 21:00:00
2013-04-14,9:00pm,CNY,Industrial Production y/y,Medium,8.9%,10.1%,9.9%,2013-04-14 21:00:00
2013-04-14,9:00pm,CNY,NBS Press Conference,Medium,,,,2013-04-14 21:00:00
2013-04-14,9:00pm,CNY,Retail Sales y/y,Non-economic,12.6%,12.5%,12.3%,2013-04-14 21:00:00
2013-04-14,11:30pm,JPY,Revised Industrial Production m/m,Non-economic,0.6%,-0.1%,-0.1%,2013-04-14 23:30:00
2013-04-15,1:15am,JPY,BOJ Gov Kuroda Speaks,High,,,,2013-04-15 01:15:00
2013-04-15,4:00am,EUR,Trade Balance,Non-economic,12.0B,9.9B,8.7B,2013-04-15 04:00:00
2013-04-15,7:30am,USD,Empire State Manufacturing Index,Medium,3.1,7.2,9.2,2013-04-15 07:30:00
2013-04-15,8:00am,EUR,ECB President Draghi Speaks,High,,,,2013-04-15 08:00:00
2013-04-15,8:00am,USD,TIC Long-Term Purchases,Medium,-17.8B,41.3B,25.7B,2013-04-15 08:00:00
2013-04-15,9:00am,USD,NAHB Housing Market Index,Non-economic,42,45,44,2013-04-15 09:00:00
2013-04-15,5:10pm,USD,President Obama Speaks,Non-economic,,,,2013-04-15 17:10:00
2013-04-15,8:30pm,AUD,Monetary Policy Meeting Minutes,High,,,,2013-04-15 20:30:00
2013-04-15,8:30pm,AUD,New Motor Vehicle Sales m/m,Medium,-0.6%,,-0.1%,2013-04-15 20:30:00
2013-04-15,9:55pm,AUD,RBA Deputy Gov Debelle Speaks,Medium,,,,2013-04-15 21:55:00
2013-04-16,2:15am,CHF,PPI m/m,Medium,0.0%,0.0%,0.1%,2013-04-16 02:15:00
2013-04-16,3:00am,EUR,Italian Trade Balance,Non-economic,1.09B,-1.41B,-1.61B,2013-04-16 03:00:00
2013-04-16,3:30am,GBP,CPI y/y,High,2.8%,2.8%,2.8%,2013-04-16 03:30:00
2013-04-16,3:30am,GBP,PPI Input m/m,Medium,-0.1%,-0.3%,2.8%,2013-04-16 03:30:00
2013-04-16,3:30am,GBP,RPI y/y,Medium,3.3%,3.3%,3.2%,2013-04-16 03:30:00
2013-04-16,3:30am,GBP,Core CPI y/y,Non-economic,2.4%,2.3%,2.3%,2013-04-16 03:30:00
2013-04-16,3:30am,GBP,ONS HPI y/y,Non-economic,1.9%,2.8%,2.2%,2013-04-16 03:30:00
2013-04-16,3:30am,GBP,PPI Output m/m,Non-economic,0.3%,0.3%,0.8%,2013-04-16 03:30:00
2013-04-16,4:00am,EUR,German ZEW Economic Sentiment,High,36.3,41.5,48.5,2013-04-16 04:00:00
2013-04-16,4:00am,EUR,Final Core CPI y/y,Medium,1.5%,1.4%,1.3%,2013-04-16 04:00:00
2013-04-16,4:00am,EUR,Final CPI y/y,Medium,1.7%,1.7%,1.7%,2013-04-16 04:00:00
2013-04-16,4:00am,EUR,ZEW Economic Sentiment,Medium,24.9,31.5,33.4,2013-04-16 04:00:00
2013-04-16,7:00am,USD,FOMC Member Dudley Speaks,Non-economic,,,,2013-04-16 07:00:00
2013-04-16,7:30am,CAD,Manufacturing Sales m/m,High,2.6%,0.6%,-0.6%,2013-04-16 07:30:00
2013-04-16,7:30am,CAD,Foreign Securities Purchases,Medium,-6.31B,7.28B,14.32B,2013-04-16 07:30:00
2013-04-16,7:30am,USD,Building Permits,High,0.90M,0.94M,0.94M,2013-04-16 07:30:00
2013-04-16,7:30am,USD,Core CPI m/m,High,0.1%,0.2%,0.2%,2013-04-16 07:30:00
2013-04-16,7:30am,USD,CPI y/y,High,1.5%,1.7%,2.0%,2013-04-16 07:30:00
2013-04-16,7:30am,USD,CPI m/m,Medium,-0.2%,0.0%,0.7%,2013-04-16 07:30:00
2013-04-16,7:30am,USD,Housing Starts,Medium,1.04M,0.93M,0.97M,2013-04-16 07:30:00
2013-04-16,8:00am,EUR,ECB President Draghi Speaks,High,,,,2013-04-16 08:00:00
2013-04-16,8:15am,USD,Capacity Utilization Rate,Medium,78.5%,78.4%,79.6%,2013-04-16 08:15:00
2013-04-16,8:15am,USD,Industrial Production m/m,Medium,0.4%,0.3%,0.7%,2013-04-16 08:15:00
2013-04-16,9:00am,USD,Treasury Sec Lew Speaks,Medium,,,,2013-04-16 09:00:00
2013-04-16,9:30am,NZD,GDT Price Index,Non-economic,1.6%,,11.2%,2013-04-16 09:30:00
2013-04-16,11:00am,USD,FOMC Member Duke Speaks,Non-economic,,,,2013-04-16 11:00:00
2013-04-16,11:30am,CHF,Gov Board Member Danthine Speaks,Medium,,,,2013-04-16 11:30:00
2013-04-16,2:00pm,USD,FOMC Member Yellen Speaks,Medium,,,,2013-04-16 14:00:00
2013-04-16,2:00pm,USD,Treasury Sec Lew Speaks,Medium,,,,2013-04-16 14:00:00
2013-04-16,5:45pm,NZD,CPI q/q,High,0.4%,0.4%,-0.2%,2013-04-16 17:45:00
2013-04-16,7:30pm,AUD,MI Leading Index m/m,Non-economic,0.6%,,0.4%,2013-04-16 19:30:00
2013-04-17,12:00am,JPY,Consumer Confidence,Non-economic,44.8,46.7,44.3,2013-04-17 00:00:00
2013-04-17,3:30am,GBP,Claimant Count Change,High,-7.0K,0.0K,-5.3K,2013-04-17 03:30:00
2013-04-17,3:30am,GBP,MPC Asset Purchase Facility Votes,High,3-0-6,3-0-6,3-0-6,2013-04-17 03:30:00
2013-04-17,3:30am,GBP,MPC Official Bank Rate Votes,High,0-0-9,0-0-9,0-0-9,2013-04-17 03:30:00
2013-04-17,3:30am,GBP,Unemployment Rate,Medium,7.9%,7.8%,7.8%,2013-04-17 03:30:00
2013-04-17,3:30am,GBP,Average Earnings Index 3m/y,Non-economic,0.8%,1.4%,1.2%,2013-04-17 03:30:00
2013-04-17,4:00am,CHF,UBS Economic Expectations,Medium,20.0,,2.3,2013-04-17 04:00:00
2013-04-17,4:33am,EUR,German 10-y Bond Auction,Medium,1.28|1.6,,1.36|1.6,2013-04-17 04:33:00
2013-04-17,8:30am,USD,FOMC Member Bullard Speaks,Medium,,,,2013-04-17 08:30:00
2013-04-17,9:00am,CAD,BOC Monetary Policy Report,High,,,,2013-04-17 09:00:00
2013-04-17,9:00am,CAD,BOC Rate Statement,High,,,,2013-04-17 09:00:00
2013-04-17,9:00am,CAD,Overnight Rate,High,1.00%,1.00%,1.00%,2013-04-17 09:00:00
2013-04-17,9:30am,USD,Crude Oil Inventories,Medium,-1.2M,1.2M,0.3M,2013-04-17 09:30:00
2013-04-17,10:15am,CAD,BOC Press Conference,High,,,,2013-04-17 10:15:00
2013-04-17,11:00am,USD,FOMC Member Rosengren Speaks,Medium,,,,2013-04-17 11:00:00
2013-04-17,1:00pm,USD,Beige Book,Medium,,,,2013-04-17 13:00:00
2013-04-17,3:00pm,USD,Treasury Sec Lew Speaks,Medium,,,,2013-04-17 15:00:00
2013-04-17,6:50pm,JPY,Trade Balance,Medium,-0.92T,-0.92T,-1.09T,2013-04-17 18:50:00
2013-04-17,8:30pm,AUD,NAB Quarterly Business Confidence,Medium,2,,-5,2013-04-17 20:30:00
2013-04-17,9:00pm,CNY,Foreign Direct Investment ytd/y,Non-economic,1.4%,,-1.4%,2013-04-17 21:00:00
2013-04-18,3:30am,GBP,Retail Sales m/m,High,-0.7%,-0.7%,2.1%,2013-04-18 03:30:00
2013-04-18,3:44am,EUR,Spanish 10-y Bond Auction,Medium,4.61|2.6,,4.48|2.1,2013-04-18 03:44:00
2013-04-18,4:00am,CHF,Gov Board Member Zurbrugg Speaks,Medium,,,,2013-04-18 04:00:00
2013-04-18,4:35am,GBP,30-y Bond Auction,Non-economic,3.12|1.7,,2.95|1.5,2013-04-18 04:35:00
2013-04-18,7:30am,USD,Unemployment Claims,High,352K,349K,348K,2013-04-18 07:30:00
2013-04-18,9:00am,USD,Philly Fed Manufacturing Index,High,1.3,2.7,2.0,2013-04-18 09:00:00
2013-04-18,9:00am,USD,CB Leading Index m/m,Non-economic,-0.1%,0.1%,0.5%,2013-04-18 09:00:00
2013-04-18,9:30am,USD,Natural Gas Storage,Non-economic,31B,35B,-14B,2013-04-18 09:30:00
2013-04-18,10:00am,CAD,BOC Gov Carney Speaks,Medium,,,,2013-04-18 10:00:00
2013-04-18,Day 1,All,G20 Meetings,High,,,,2013-04-18 00:00:00
2013-04-18,2:15pm,USD,FOMC Member Raskin Speaks,Medium,,,,2013-04-18 14:15:00
2013-04-18,9:00pm,CNY,CB Leading Index m/m,Non-economic,0.0%,,1.2%,2013-04-18 21:00:00
2013-04-18,11:30pm,JPY,All Industries Activity m/m,Non-economic,0.6%,-0.6%,-1.6%,2013-04-18 23:30:00
2013-04-19,1:00am,EUR,German PPI m/m,Medium,-0.2%,0.1%,-0.1%,2013-04-19 01:00:00
2013-04-19,3:00am,EUR,Current Account,Medium,16.3B,14.9B,13.8B,2013-04-19 03:00:00
2013-04-19,5:30am,EUR,German Buba President Weidmann Speaks,High,,,,2013-04-19 05:30:00
2013-04-19,7:30am,CAD,Core CPI m/m,High,0.2%,0.2%,0.8%,2013-04-19 07:30:00
2013-04-19,7:30am,CAD,CPI m/m,Medium,0.2%,0.3%,1.2%,2013-04-19 07:30:00
2013-04-19,7:30am,CAD,Wholesale Sales m/m,Medium,0.0%,0.4%,0.5%,2013-04-19 07:30:00
2013-04-19,Day 1,All,IMF Meetings,Medium,,,,2013-04-19 00:00:00
2013-04-19,Day 2,All,G20 Meetings,High,,,,2013-04-19 00:00:00
2013-04-19,11:00am,USD,FOMC Member Stein Speaks,Medium,,,,2013-04-19 11:00:00
2013-04-20,Day 2,All,IMF Meetings,Medium,,,,2013-04-20 00:00:00
2013-04-20,5:40pm,CHF,SNB Chairman Jordan Speaks,High,,,,2013-04-20 17:40:00
2013-04-21,Day 3,All,IMF Meetings,Medium,,,,2013-04-21 00:00:00
2013-04-21,12:30pm,EUR,German Buba President Weidmann Speaks,High,,,,2013-04-21 12:30:00
2013-04-21,5:45pm,NZD,Visitor Arrivals m/m,Non-economic,1.0%,,4.6%,2013-04-21 17:45:00
2013-04-21,10:00pm,NZD,Credit Card Spending y/y,Non-economic,3.6%,,4.7%,2013-04-21 22:00:00
2013-04-22,5:00am,EUR,German Buba Monthly Report,Medium,,,,2013-04-22 05:00:00
2013-04-22,7:30am,USD,FOMC Member Dudley Speaks,Non-economic,,,,2013-04-22 07:30:00
2013-04-22,9:00am,EUR,Consumer Confidence,Non-economic,-22,-24,-24,2013-04-22 09:00:00
2013-04-22,9:00am,USD,Existing Home Sales,High,4.92M,5.02M,4.95M,2013-04-22 09:00:00
2013-04-22,1:30pm,GBP,MPC Member Tucker Speaks,Medium,,,,2013-04-22 13:30:00
2013-04-22,7:00pm,AUD,CB Leading Index m/m,Medium,0.3%,,0.2%,2013-04-22 19:00:00
2013-04-22,8:45pm,CNY,Caixin Flash Manufacturing PMI,High,50.5,51.4,51.6,2013-04-22 20:45:00
2013-04-23,1:00am,CHF,Trade Balance,Non-economic,1.90B,1.73B,2.00B,2013-04-23 01:00:00
2013-04-23,2:00am,EUR,French Flash Manufacturing PMI,High,44.4,44.2,44.0,2013-04-23 02:00:00
2013-04-23,2:00am,EUR,French Flash Services PMI,Medium,44.1,42.3,41.3,2013-04-23 02:00:00
2013-04-23,2:30am,EUR,German Flash Manufacturing PMI,High,47.9,49.0,49.0,2013-04-23 02:30:00
2013-04-23,2:30am,EUR,German Flash Services PMI,Medium,49.2,51.1,50.9,2013-04-23 02:30:00
2013-04-23,3:00am,EUR,Flash Manufacturing PMI,Medium,46.5,46.8,46.8,2013-04-23 03:00:00
2013-04-23,3:00am,EUR,Flash Services PMI,Medium,46.6,46.7,46.4,2013-04-23 03:00:00
2013-04-23,3:30am,GBP,Public Sector Net Borrowing,Medium,16.7B,14.3B,7.2B,2013-04-23 03:30:00
2013-04-23,5:00am,GBP,CBI Industrial Order Expectations,Medium,-25,-14,-15,2013-04-23 05:00:00
2013-04-23,6:00am,GBP,MPC Member McCafferty Speaks,Medium,,,,2013-04-23 06:00:00
2013-04-23,7:30am,CAD,Core Retail Sales m/m,High,0.7%,0.5%,0.4%,2013-04-23 07:30:00
2013-04-23,7:30am,CAD,Retail Sales m/m,Medium,0.8%,0.3%,0.9%,2013-04-23 07:30:00
2013-04-23,7:45am,CAD,BOC Gov Carney Speaks,High,,,,2013-04-23 07:45:00
2013-04-23,8:00am,USD,Flash Manufacturing PMI,Medium,52.0,53.8,54.6,2013-04-23 08:00:00
2013-04-23,8:00am,USD,HPI m/m,Non-economic,0.7%,0.7%,0.6%,2013-04-23 08:00:00
2013-04-23,9:00am,USD,New Home Sales,High,417K,416K,411K,2013-04-23 09:00:00
2013-04-23,9:00am,USD,Richmond Manufacturing Index,Non-economic,-6,3,3,2013-04-23 09:00:00
2013-04-23,4:00pm,NZD,Official Cash Rate,High,2.50%,2.50%,2.50%,2013-04-23 16:00:00
2013-04-23,4:00pm,NZD,RBNZ Rate Statement,High,,,,2013-04-23 16:00:00
2013-04-23,6:50pm,JPY,SPPI y/y,Non-economic,-0.2%,-0.4%,0.0%,2013-04-23 18:50:00
2013-04-23,8:30pm,AUD,CPI m/m,High,0.4%,0.7%,0.2%,2013-04-23 20:30:00
2013-04-23,8:30pm,AUD,Trimmed Mean CPI m/m,Medium,0.3%,0.5%,0.6%,2013-04-23 20:30:00
2013-04-23,10:30pm,AUD,RBA Deputy Gov Lowe Speaks,Medium,,,,2013-04-23 22:30:00
2013-04-24,1:00am,CHF,UBS Consumption Indicator,Non-economic,1.25,,1.24,2013-04-24 01:00:00
2013-04-24,3:00am,EUR,German ifo Business Climate,High,104.4,106.4,106.7,2013-04-24 03:00:00
2013-04-24,3:00am,EUR,Italian Retail Sales m/m,Non-economic,-0.2%,0.4%,-0.4%,2013-04-24 03:00:00
2013-04-24,3:30am,GBP,High Street Lending,Medium,31.2K,31.2K,30.6K,2013-04-24 03:30:00
2013-04-24,4:33am,EUR,German 30-y Bond Auction,Non-economic,2.16|1.5,,2.45|1.8,2013-04-24 04:33:00
2013-04-24,5:00am,GBP,CBI Realized Sales,Medium,-1,7,0,2013-04-24 05:00:00
2013-04-24,7:30am,USD,Core Durable Goods Orders m/m,High,-1.4%,0.5%,-0.7%,2013-04-24 07:30:00
2013-04-24,7:30am,USD,Durable Goods Orders m/m,Medium,-5.7%,-2.9%,5.6%,2013-04-24 07:30:00
2013-04-24,8:00am,EUR,Belgian NBB Business Climate,Non-economic,-14.7,-14.3,-15.0,2013-04-24 08:00:00
2013-04-24,8:30am,USD,Treasury Sec Lew Speaks,Medium,,,,2013-04-24 08:30:00
2013-04-24,9:30am,USD,Crude Oil Inventories,Medium,0.9M,1.8M,-1.2M,2013-04-24 09:30:00
2013-04-24,3:15pm,CAD,BOC Gov Carney Speaks,High,,,,2013-04-24 15:15:00
2013-04-24,All Day,NZD,Bank Holiday,Low,,,,2013-04-24 00:00:00
2013-04-24,All Day,AUD,Bank Holiday,Low,,,,2013-04-24 00:00:00
2013-04-25,All Day,EUR,Italian Bank Holiday,Low,,,,2013-04-25 00:00:00
2013-04-25,2:00am,EUR,Spanish Unemployment Rate,Medium,27.2%,26.5%,26.0%,2013-04-25 02:00:00
2013-04-25,3:30am,GBP,Prelim GDP q/q,High,0.3%,0.1%,-0.3%,2013-04-25 03:30:00
2013-04-25,3:30am,GBP,Index of Services 3m/3m,Non-economic,0.1%,0.0%,-0.3%,2013-04-25 03:30:00
2013-04-25,7:30am,USD,Unemployment Claims,High,339K,352K,355K,2013-04-25 07:30:00
2013-04-25,9:00am,USD,Treasury Sec Lew Speaks,Medium,,,,2013-04-25 09:00:00
2013-04-25,9:30am,USD,Natural Gas Storage,Non-economic,30B,33B,31B,2013-04-25 09:30:00
2013-04-25,5:45pm,NZD,Trade Balance,High,718M,472M,441M,2013-04-25 17:45:00
2013-04-25,6:30pm,JPY,Tokyo Core CPI y/y,Medium,-0.3%,-0.4%,-0.5%,2013-04-25 18:30:00
2013-04-25,6:30pm,JPY,National Core CPI y/y,Non-economic,-0.5%,-0.4%,-0.3%,2013-04-25 18:30:00
2013-04-25,11:35pm,JPY,Monetary Policy Statement,High,,,,2013-04-25 23:35:00
2013-04-26,1:00am,EUR,German Import Prices m/m,Non-economic,-0.1%,0.0%,0.3%,2013-04-26 01:00:00
2013-04-26,1:00am,JPY,BOJ Outlook Report,Medium,,,,2013-04-26 01:00:00
2013-04-26,2:00am,CHF,KOF Economic Barometer,Medium,1.02,0.98,1.00,2013-04-26 02:00:00
2013-04-26,2:40am,JPY,BOJ Press Conference,High,,,,2013-04-26 02:40:00
2013-04-26,3:00am,CHF,SNB Chairman Jordan Speaks,High,,,,2013-04-26 03:00:00
2013-04-26,3:00am,EUR,M3 Money Supply y/y,Medium,2.6%,3.0%,3.1%,2013-04-26 03:00:00
2013-04-26,3:00am,EUR,Private Loans y/y,Non-economic,-0.8%,-0.8%,-0.8%,2013-04-26 03:00:00
2013-04-26,7:30am,USD,Advance GDP q/q,High,2.5%,3.1%,0.4%,2013-04-26 07:30:00
2013-04-26,7:30am,USD,Advance GDP Price Index q/q,Medium,1.2%,1.3%,1.0%,2013-04-26 07:30:00
2013-04-26,8:55am,USD,Revised UoM Consumer Sentiment,Medium,76.4,73.3,72.3,2013-04-26 08:55:00
2013-04-26,8:55am,USD,Revised UoM Inflation Expectations,Non-economic,3.1%,,3.0%,2013-04-26 08:55:00
2013-04-28,All Day,JPY,Bank Holiday,Low,,,,2013-04-28 00:00:00
2013-04-28,All Day,CNY,Bank Holiday,Low,,,,2013-04-28 00:00:00
2013-04-29,All Day,EUR,German Prelim CPI m/m,Medium,-0.5%,-0.2%,0.5%,2013-04-29 00:00:00
2013-04-29,2:00am,EUR,Spanish Flash CPI y/y,Non-economic,1.4%,2.0%,2.4%,2013-04-29 02:00:00
2013-04-29,3:10am,EUR,Retail PMI,Non-economic,44.2,,43.7,2013-04-29 03:10:00
2013-04-29,4:12am,EUR,Italian 10-y Bond Auction,High,3.94|1.4,,4.66|1.3,2013-04-29 04:12:00
2013-04-29,7:30am,USD,Core PCE Price Index m/m,Medium,0.0%,0.1%,0.1%,2013-04-29 07:30:00
2013-04-29,7:30am,USD,Personal Spending m/m,Medium,0.2%,0.2%,0.7%,2013-04-29 07:30:00
2013-04-29,7:30am,USD,Personal Income m/m,Non-economic,0.2%,0.4%,1.1%,2013-04-29 07:30:00
2013-04-29,9:00am,USD,Pending Home Sales m/m,High,1.5%,1.1%,-1.0%,2013-04-29 09:00:00
2013-04-29,5:45pm,NZD,Building Consents m/m,Non-economic,-9.1%,,4.4%,2013-04-29 17:45:00
2013-04-29,6:01pm,GBP,GfK Consumer Confidence,Non-economic,-27,-26,-26,2013-04-29 18:01:00
2013-04-29,6:15pm,JPY,Final Manufacturing PMI,Non-economic,51.1,,50.4,2013-04-29 18:15:00
2013-04-29,6:30pm,JPY,Household Spending y/y,Medium,5.2%,1.8%,0.8%,2013-04-29 18:30:00
2013-04-29,6:30pm,JPY,Unemployment Rate,Non-economic,4.1%,4.2%,4.3%,2013-04-29 18:30:00
2013-04-29,6:50pm,JPY,Prelim Industrial Production m/m,Medium,0.2%,0.4%,0.6%,2013-04-29 18:50:00
2013-04-29,6:50pm,JPY,Retail Sales y/y,Medium,-0.3%,0.5%,-2.2%,2013-04-29 18:50:00
2013-04-29,All Day,CNY,Bank Holiday,Low,,,,2013-04-29 00:00:00
2013-04-29,8:00pm,NZD,ANZ Business Confidence,High,32.3,,34.6,2013-04-29 20:00:00
2013-04-29,8:30pm,AUD,Private Sector Credit m/m,Medium,0.2%,0.3%,0.2%,2013-04-29 20:30:00
2013-04-30,12:00am,JPY,Housing Starts y/y,Non-economic,7.3%,5.7%,3.0%,2013-04-30 00:00:00
2013-04-30,1:00am,EUR,German GfK Consumer Climate,Medium,6.2,5.9,6.0,2013-04-30 01:00:00
2013-04-30,1:00am,EUR,German Retail Sales m/m,Medium,-0.3%,-0.2%,-0.6%,2013-04-30 01:00:00
2013-04-30,1:45am,EUR,French Consumer Spending m/m,Medium,1.3%,0.2%,-0.2%,2013-04-30 01:45:00
2013-04-30,2:00am,EUR,Spanish Flash GDP q/q,Medium,-0.5%,-0.5%,-0.8%,2013-04-30 02:00:00
2013-04-30,2:55am,EUR,German Unemployment Change,Medium,4K,2K,12K,2013-04-30 02:55:00
2013-04-30,3:00am,EUR,Italian Monthly Unemployment Rate,Non-economic,11.5%,11.7%,11.5%,2013-04-30 03:00:00
2013-04-30,3:30am,GBP,Net Lending to Individuals m/m,Medium,0.9B,0.9B,1.3B,2013-04-30 03:30:00
2013-04-30,3:30am,GBP,M4 Money Supply m/m,Non-economic,-0.9%,0.4%,-0.5%,2013-04-30 03:30:00
2013-04-30,3:30am,GBP,Mortgage Approvals,Non-economic,54K,53K,52K,2013-04-30 03:30:00
2013-04-30,4:00am,EUR,CPI Flash Estimate y/y,Medium,1.2%,1.6%,1.7%,2013-04-30 04:00:00
2013-04-30,4:00am,EUR,Unemployment Rate,Medium,12.1%,12.1%,12.0%,2013-04-30 04:00:00
2013-04-30,4:00am,EUR,Core CPI Flash Estimate y/y,Non-economic,1.0%,,1.5%,2013-04-30 04:00:00
2013-04-30,4:00am,EUR,Italian Prelim CPI m/m,Non-economic,0.1%,0.3%,0.2%,2013-04-30 04:00:00
2013-04-30,7:30am,CAD,GDP m/m,High,0.3%,0.2%,0.3%,2013-04-30 07:30:00
2013-04-30,7:30am,CAD,RMPI m/m,Medium,-1.7%,0.5%,2.2%,2013-04-30 07:30:00
2013-04-30,7:30am,CAD,IPPI m/m,Non-economic,0.1%,0.1%,1.3%,2013-04-30 07:30:00
2013-04-30,7:30am,USD,Employment Cost Index q/q,Medium,0.3%,0.5%,0.5%,2013-04-30 07:30:00
2013-04-30,8:00am,USD,S&P/CS Composite-20 HPI y/y,Medium,9.3%,9.1%,8.1%,2013-04-30 08:00:00
2013-04-30,8:45am,USD,Chicago PMI,Medium,49.0,52.5,52.4,2013-04-30 08:45:00
2013-04-30,9:00am,USD,CB Consumer Confidence,High,68.1,61.4,61.9,2013-04-30 09:00:00
2013-04-30,6:30pm,AUD,AIG Manufacturing Index,Non-economic,36.7,,44.4,2013-04-30 18:30:00
2013-04-30,All Day,CNY,Bank Holiday,Low,,,,2013-04-30 00:00:00
2013-04-30,8:00pm,AUD,HIA New Home Sales m/m,Medium,4.2%,,-5.3%,2013-04-30 20:00:00
2013-04-30,8:00pm,CNY,Manufacturing PMI,High,50.6,50.8,50.9,2013-04-30 20:00:00
2013-04-30,8:30pm,JPY,Average Cash Earnings y/y,Medium,-0.6%,-1.0%,-0.8%,2013-04-30 20:30:00
2013-04-30,10:25pm,AUD,RBA Assist Gov Edey Speaks,Medium,,,,2013-04-30 22:25:00
2013-04-30,10:45pm,JPY,10-y Bond Auction,Non-economic,0.60|3.7,,0.55|3.2,2013-04-30 22:45:00
2013-05-01,1:00am,GBP,Nationwide HPI m/m,Medium,-0.1%,0.3%,0.0%,2013-05-01 01:00:00
2013-05-01,All Day,CHF,Bank Holiday,Low,,,,2013-05-01 00:00:00
2013-05-01,All Day,EUR,German Bank Holiday,Low,,,,2013-05-01 00:00:00
2013-05-01,All Day,EUR,French Bank Holiday,Low,,,,2013-05-01 00:00:00
2013-05-01,All Day,EUR,Italian Bank Holiday,Low,,,,2013-05-01 00:00:00
2013-05-01,1:30am,AUD,Commodity Prices y/y,Non-economic,-6.5%,,-7.5%,2013-05-01 01:30:00
2013-05-01,3:30am,GBP,Final Manufacturing PMI,High,49.8,48.6,48.6,2013-05-01 03:30:00
2013-05-01,7:15am,USD,ADP Non-Farm Employment Change,High,119K,154K,131K,2013-05-01 07:15:00
2013-05-01,8:00am,USD,Final Manufacturing PMI,Non-economic,52.1,52.1,52.0,2013-05-01 08:00:00
2013-05-01,8:30am,CAD,Manufacturing PMI,Non-economic,50.1,,49.3,2013-05-01 08:30:00
2013-05-01,9:00am,USD,ISM Manufacturing PMI,High,50.7,51.0,51.3,2013-05-01 09:00:00
2013-05-01,9:00am,USD,Construction Spending m/m,Non-economic,-1.7%,0.7%,1.5%,2013-05-01 09:00:00
2013-05-01,9:00am,USD,ISM Manufacturing Prices,Non-economic,50.0,52.6,54.5,2013-05-01 09:00:00
2013-05-01,9:30am,NZD,GDT Price Index,Non-economic,-8.6%,,1.6%,2013-05-01 09:30:00
2013-05-01,9:30am,USD,Crude Oil Inventories,Medium,6.7M,1.2M,0.9M,2013-05-01 09:30:00
2013-05-01,All Day,USD,Total Vehicle Sales,Non-economic,14.9M,15.2M,15.3M,2013-05-01 00:00:00
2013-05-01,1:00pm,GBP,MPC Member Broadbent Speaks,Medium,,,,2013-05-01 13:00:00
2013-05-01,1:00pm,USD,FOMC Statement,High,,,,2013-05-01 13:00:00
2013-05-01,1:00pm,USD,Federal Funds Rate,Medium,<0.25%,<0.25%,<0.25%,2013-05-01 13:00:00
2013-05-01,5:05pm,CAD,BOC Gov Carney Speaks,Medium,,,,2013-05-01 17:05:00
2013-05-01,6:50pm,JPY,Monetary Policy Meeting Minutes,High,,,,2013-05-01 18:50:00
2013-05-01,6:50pm,JPY,Monetary Base y/y,Medium,23.1%,21.0%,19.8%,2013-05-01 18:50:00
2013-05-01,8:00pm,NZD,ANZ Commodity Prices m/m,Non-economic,12.6%,,7.4%,2013-05-01 20:00:00
2013-05-01,8:30pm,AUD,Building Approvals m/m,High,-5.5%,1.2%,3.0%,2013-05-01 20:30:00
2013-05-01,8:30pm,AUD,Import Prices q/q,Medium,0.0%,-0.5%,0.3%,2013-05-01 20:30:00
2013-05-01,8:45pm,CNY,RatingDog Manufacturing PMI,Medium,50.4,50.6,50.5,2013-05-01 20:45:00
2013-05-02,2:15am,EUR,Spanish Manufacturing PMI,High,44.7,44.6,44.2,2013-05-02 02:15:00
2013-05-02,2:30am,CHF,Manufacturing PMI,Medium,50.2,49.1,48.3,2013-05-02 02:30:00
2013-05-02,2:45am,EUR,Italian Manufacturing PMI,Medium,45.5,44.9,44.5,2013-05-02 02:45:00
2013-05-02,2:50am,EUR,French Final Manufacturing PMI,Non-economic,44.4,44.4,44.4,2013-05-02 02:50:00
2013-05-02,2:55am,EUR,German Final Manufacturing PMI,Non-economic,48.1,47.9,47.9,2013-05-02 02:55:00
2013-05-02,3:00am,EUR,Final Manufacturing PMI,Non-economic,46.7,46.5,46.5,2013-05-02 03:00:00
2013-05-02,3:30am,GBP,Construction PMI,High,49.4,48.1,47.2,2013-05-02 03:30:00
2013-05-02,4:00am,EUR,French 10-y Bond Auction,Medium,1.81|2.0,,1.94|3.1,2013-05-02 04:00:00
2013-05-02,6:30am,USD,Challenger Job Cuts y/y,Non-economic,-6.0%,,30.0%,2013-05-02 06:30:00
2013-05-02,6:45am,EUR,Main Refinancing Rate,High,0.50%,0.50%,0.75%,2013-05-02 06:45:00
2013-05-02,7:30am,CAD,Trade Balance,High,0.0B,-0.7B,-1.2B,2013-05-02 07:30:00
2013-05-02,7:30am,EUR,ECB Press Conference,High,,,,2013-05-02 07:30:00
2013-05-02,7:30am,USD,Trade Balance,High,-38.8B,-42.1B,-43.6B,2013-05-02 07:30:00
2013-05-02,7:30am,USD,Unemployment Claims,High,324K,346K,342K,2013-05-02 07:30:00
2013-05-02,7:30am,USD,Prelim Nonfarm Productivity q/q,Medium,0.7%,1.8%,-1.9%,2013-05-02 07:30:00
2013-05-02,7:30am,USD,Prelim Unit Labor Costs q/q,Medium,0.5%,0.8%,4.6%,2013-05-02 07:30:00
2013-05-02,9:30am,USD,Natural Gas Storage,Non-economic,43B,27B,30B,2013-05-02 09:30:00
2013-05-02,6:30pm,AUD,AIG Services Index,Non-economic,44.1,,49.6,2013-05-02 18:30:00
2013-05-02,All Day,JPY,Bank Holiday,Low,,,,2013-05-02 00:00:00
2013-05-02,8:00pm,CNY,Non-Manufacturing PMI,Non-economic,54.5,,55.6,2013-05-02 20:00:00
2013-05-02,8:30pm,AUD,PPI q/q,High,0.3%,0.2%,0.2%,2013-05-02 20:30:00
2013-05-03,3:30am,GBP,Final Services PMI,High,52.9,52.5,52.4,2013-05-03 03:30:00
2013-05-03,4:00am,EUR,EU Economic Forecasts,Medium,,,,2013-05-03 04:00:00
2013-05-03,4:00am,EUR,PPI m/m,Non-economic,-0.2%,-0.1%,0.2%,2013-05-03 04:00:00
2013-05-03,7:30am,USD,Non-Farm Employment Change,High,165K,146K,138K,2013-05-03 07:30:00
2013-05-03,7:30am,USD,Unemployment Rate,High,7.5%,7.6%,7.6%,2013-05-03 07:30:00
2013-05-03,7:30am,USD,Average Hourly Earnings m/m,Medium,0.2%,0.2%,0.0%,2013-05-03 07:30:00
2013-05-03,9:00am,USD,ISM Services PMI,High,53.1,54.1,54.4,2013-05-03 09:00:00
2013-05-03,9:00am,USD,Factory Orders m/m,Medium,-4.0%,-2.8%,1.9%,2013-05-03 09:00:00
2013-05-03,11:30am,USD,FOMC Member Tarullo Speaks,Non-economic,,,,2013-05-03 11:30:00
2013-05-03,12:05pm,CAD,BOC Gov Carney Speaks,Medium,,,,2013-05-03 12:05:00
2013-05-05,All Day,JPY,Bank Holiday,Low,,,,2013-05-05 00:00:00
2013-05-05,7:30pm,AUD,MI Inflation Gauge m/m,Non-economic,0.3%,,0.2%,2013-05-05 19:30:00
2013-05-05,8:30pm,AUD,Retail Sales m/m,High,-0.4%,0.2%,1.3%,2013-05-05 20:30:00
2013-05-05,8:30pm,AUD,ANZ Job Advertisements m/m,Medium,-1.3%,,-0.5%,2013-05-05 20:30:00
2013-05-05,8:45pm,CNY,RatingDog Services PMI,Non-economic,51.1,,54.3,2013-05-05 20:45:00
2013-05-06,2:00am,EUR,Spanish Unemployment Change,Medium,-46.1K,17.1K,-5.0K,2013-05-06 02:00:00
2013-05-06,All Day,GBP,Bank Holiday,Low,,,,2013-05-06 00:00:00
2013-05-06,2:15am,EUR,Spanish Services PMI,Medium,44.4,45.8,45.3,2013-05-06 02:15:00
2013-05-06,2:45am,EUR,Italian Services PMI,Medium,47.0,46.3,45.5,2013-05-06 02:45:00
2013-05-06,2:50am,EUR,French Final Services PMI,Non-economic,44.3,44.1,44.1,2013-05-06 02:50:00
2013-05-06,2:55am,EUR,German Final Services PMI,Non-economic,49.6,49.2,49.2,2013-05-06 02:55:00
2013-05-06,3:00am,EUR,Final Services PMI,Non-economic,47.0,46.6,46.6,2013-05-06 03:00:00
2013-05-06,3:30am,EUR,Sentix Investor Confidence,Non-economic,-15.6,-14.6,-17.3,2013-05-06 03:30:00
2013-05-06,4:00am,EUR,Retail Sales m/m,Medium,-0.1%,-0.1%,-0.2%,2013-05-06 04:00:00
2013-05-06,7:30am,CAD,Building Permits m/m,High,8.6%,0.7%,1.5%,2013-05-06 07:30:00
2013-05-06,8:00am,EUR,ECB President Draghi Speaks,High,,,,2013-05-06 08:00:00
2013-05-06,9:00am,CAD,Ivey PMI,High,52.2,58.3,61.6,2013-05-06 09:00:00
2013-05-06,1:00pm,USD,Loan Officer Survey,Non-economic,,,,2013-05-06 13:00:00
2013-05-06,5:45pm,NZD,Labor Cost Index q/q,Medium,0.4%,0.5%,0.5%,2013-05-06 17:45:00
2013-05-06,6:00pm,GBP,BRC Shop Price Index y/y,Non-economic,0.4%,,1.4%,2013-05-06 18:00:00
2013-05-06,6:28pm,AUD,AIG Construction Index,Non-economic,35.2,,39.0,2013-05-06 18:28:00
2013-05-06,8:30pm,AUD,Goods Trade Balance,High,0.31B,0.20B,-0.11B,2013-05-06 20:30:00
2013-05-06,8:30pm,AUD,HPI q/q,Medium,0.1%,1.9%,2.0%,2013-05-06 20:30:00
2013-05-06,11:30pm,AUD,Cash Rate,High,2.75%,3.00%,3.00%,2013-05-06 23:30:00
2013-05-06,11:30pm,AUD,RBA Rate Statement,High,,,,2013-05-06 23:30:00
2013-05-07,12:45am,CHF,SECO Consumer Climate,Medium,-5,-3,-6,2013-05-07 00:45:00
2013-05-07,12:45am,CHF,Unemployment Rate,Non-economic,3.1%,3.1%,3.1%,2013-05-07 00:45:00
2013-05-07,1:45am,EUR,French Industrial Production m/m,Medium,-0.9%,-0.2%,0.8%,2013-05-07 01:45:00
2013-05-07,1:45am,EUR,French Gov Budget Balance,Non-economic,-31.0B,,-27.1B,2013-05-07 01:45:00
2013-05-07,1:45am,EUR,French Trade Balance,Non-economic,-4.7B,-5.3B,-5.6B,2013-05-07 01:45:00
2013-05-07,2:00am,CHF,Foreign Currency Reserves,High,437B,,438B,2013-05-07 02:00:00
2013-05-07,5:00am,EUR,German Factory Orders m/m,Medium,2.2%,-0.4%,2.2%,2013-05-07 05:00:00
2013-05-07,9:00am,USD,JOLTS Job Openings,Medium,3.84M,3.79M,3.90M,2013-05-07 09:00:00
2013-05-07,9:00am,USD,RCM/TIPP Economic Optimism,Non-economic,45.1,47.1,46.2,2013-05-07 09:00:00
2013-05-07,2:00pm,USD,Consumer Credit m/m,Non-economic,8.0B,16.2B,18.6B,2013-05-07 14:00:00
2013-05-07,3:00pm,USD,Treasury Sec Lew Speaks,Medium,,,,2013-05-07 15:00:00
2013-05-07,4:00pm,NZD,RBNZ Financial Stability Report,High,,,,2013-05-07 16:00:00
2013-05-07,6:00pm,GBP,BRC Retail Sales Monitor y/y,Medium,-2.2%,,1.9%,2013-05-07 18:00:00
2013-05-07,8:49pm,CNY,USD-Denominated Trade Balance,High,18.2B,15.5B,-0.9B,2013-05-07 20:49:00
2013-05-08,All Day,EUR,French Bank Holiday,Low,,,,2013-05-08 00:00:00
2013-05-08,2:00am,GBP,Halifax HPI m/m,Medium,1.1%,0.2%,0.4%,2013-05-08 02:00:00
2013-05-08,2:15am,CHF,CPI m/m,High,0.0%,0.1%,0.2%,2013-05-08 02:15:00
2013-05-08,5:00am,EUR,German Industrial Production m/m,Medium,1.2%,-0.1%,0.6%,2013-05-08 05:00:00
2013-05-08,7:14am,CAD,Housing Starts,Non-economic,175K,175K,181K,2013-05-08 07:14:00
2013-05-08,7:30am,USD,FOMC Member Stein Speaks,Medium,,,,2013-05-08 07:30:00
2013-05-08,9:30am,USD,Crude Oil Inventories,Medium,0.2M,2.1M,6.7M,2013-05-08 09:30:00
2013-05-08,12:00pm,USD,10-y Bond Auction,Medium,1.81|2.7,,1.80|2.8,2013-05-08 12:00:00
2013-05-08,2:00pm,USD,Treasury Sec Lew Speaks,Medium,,,,2013-05-08 14:00:00
2013-05-08,5:45pm,NZD,Employment Change q/q,High,1.7%,1.1%,-0.9%,2013-05-08 17:45:00
2013-05-08,5:45pm,NZD,Unemployment Rate,High,6.2%,6.8%,6.8%,2013-05-08 17:45:00
2013-05-08,8:30pm,AUD,Employment Change,High,50.1K,11.5K,-31.1K,2013-05-08 20:30:00
2013-05-08,8:30pm,AUD,Unemployment Rate,High,5.5%,5.6%,5.6%,2013-05-08 20:30:00
2013-05-08,8:30pm,CNY,CPI y/y,High,2.4%,2.3%,2.1%,2013-05-08 20:30:00
2013-05-08,8:30pm,CNY,PPI y/y,Medium,-2.6%,-2.2%,-1.9%,2013-05-08 20:30:00
2013-05-09,12:00am,JPY,Leading Indicators,Non-economic,97.6%,97.7%,97.6%,2013-05-09 00:00:00
2013-05-09,All Day,CHF,Bank Holiday,Low,,,,2013-05-09 00:00:00
2013-05-09,All Day,EUR,German Bank Holiday,Low,,,,2013-05-09 00:00:00
2013-05-09,All Day,EUR,French Bank Holiday,Low,,,,2013-05-09 00:00:00
2013-05-09,3:00am,EUR,ECB Monthly Bulletin,Medium,,,,2013-05-09 03:00:00
2013-05-09,3:30am,GBP,Manufacturing Production m/m,High,1.1%,0.4%,0.7%,2013-05-09 03:30:00
2013-05-09,3:30am,GBP,Industrial Production m/m,Non-economic,0.7%,0.3%,0.9%,2013-05-09 03:30:00
2013-05-09,6:00am,GBP,Asset Purchase Facility,High,375B,375B,375B,2013-05-09 06:00:00
2013-05-09,6:00am,GBP,Official Bank Rate,High,0.50%,0.50%,0.50%,2013-05-09 06:00:00
2013-05-09,7:30am,CAD,NHPI m/m,Medium,0.1%,0.1%,0.2%,2013-05-09 07:30:00
2013-05-09,7:30am,USD,Unemployment Claims,High,323K,333K,327K,2013-05-09 07:30:00
2013-05-09,9:00am,GBP,NIESR GDP Estimate,Medium,0.8%,,0.3%,2013-05-09 09:00:00
2013-05-09,9:00am,USD,Mortgage Delinquencies,Medium,7.25%,,7.09%,2013-05-09 09:00:00
2013-05-09,9:00am,USD,Final Wholesale Inventories m/m,Non-economic,0.4%,0.3%,-0.3%,2013-05-09 09:00:00
2013-05-09,9:30am,USD,Natural Gas Storage,Non-economic,88B,80B,43B,2013-05-09 09:30:00
2013-05-09,12:00pm,USD,30-y Bond Auction,Non-economic,2.98|2.5,,3.00|2.5,2013-05-09 12:00:00
2013-05-09,6:50pm,JPY,Current Account,High,0.34T,0.48T,-0.03T,2013-05-09 18:50:00
2013-05-09,6:50pm,JPY,Bank Lending y/y,Non-economic,1.7%,,1.5%,2013-05-09 18:50:00
2013-05-09,8:30pm,AUD,RBA Monetary Policy Statement,High,,,,2013-05-09 20:30:00
2013-05-10,12:00am,JPY,Economy Watchers Sentiment,Non-economic,56.5,59.2,57.3,2013-05-10 00:00:00
2013-05-10,1:00am,EUR,German Trade Balance,Medium,17.6B,18.0B,17.7B,2013-05-10 01:00:00
2013-05-10,3:00am,EUR,Italian Industrial Production m/m,Non-economic,-0.8%,-0.2%,-0.9%,2013-05-10 03:00:00
2013-05-10,3:05am,CNY,New Loans,Medium,793B,770B,1060B,2013-05-10 03:05:00
2013-05-10,3:05am,CNY,M2 Money Supply y/y,Non-economic,16.1%,15.5%,15.7%,2013-05-10 03:05:00
2013-05-10,3:30am,GBP,Goods Trade Balance,Medium,-9.1B,-8.9B,-9.2B,2013-05-10 03:30:00
2013-05-10,Day 1,All,G7 Meetings,High,,,,2013-05-10 00:00:00
2013-05-10,7:25am,USD,FOMC Member Evans Speaks,Medium,,,,2013-05-10 07:25:00
2013-05-10,7:30am,CAD,Employment Change,High,12.5K,14.8K,-54.5K,2013-05-10 07:30:00
2013-05-10,7:30am,CAD,Unemployment Rate,High,7.2%,7.2%,7.2%,2013-05-10 07:30:00
2013-05-10,8:30am,USD,Fed Chairman Bernanke Speaks,High,,,,2013-05-10 08:30:00
2013-05-10,12:59pm,USD,Federal Budget Balance,Medium,112.9B,108.3B,-106.5B,2013-05-10 12:59:00
2013-05-10,1:00pm,USD,FOMC Member George Speaks,Medium,,,,2013-05-10 13:00:00
2013-05-11,Day 2,All,G7 Meetings,High,,,,2013-05-11 00:00:00
2013-05-12,5:14pm,NZD,REINZ HPI m/m,Medium,0.8%,,2.4%,2013-05-12 17:14:00
2013-05-12,5:45pm,NZD,FPI m/m,Non-economic,0.2%,,-1.3%,2013-05-12 17:45:00
2013-05-12,6:50pm,JPY,M2 Money Stock y/y,Non-economic,3.3%,3.1%,3.1%,2013-05-12 18:50:00
2013-05-12,8:30pm,AUD,Home Loans m/m,Medium,5.2%,3.8%,2.1%,2013-05-12 20:30:00
2013-05-12,8:30pm,AUD,NAB Business Confidence,Medium,-2,,2,2013-05-12 20:30:00
2013-05-13,12:30am,CNY,Fixed Asset Investment ytd/y,Medium,20.6%,21.1%,20.9%,2013-05-13 00:30:00
2013-05-13,12:30am,CNY,Industrial Production y/y,Medium,9.3%,9.4%,8.9%,2013-05-13 00:30:00
2013-05-13,12:30am,CNY,Retail Sales y/y,Non-economic,12.8%,12.8%,12.6%,2013-05-13 00:30:00
2013-05-13,2:15am,CHF,Retail Sales y/y,Medium,-0.9%,1.0%,2.3%,2013-05-13 02:15:00
2013-05-13,All Day,EUR,Eurogroup Meetings,High,,,,2013-05-13 00:00:00
2013-05-13,7:30am,USD,Core Retail Sales m/m,High,-0.1%,-0.1%,-0.4%,2013-05-13 07:30:00
2013-05-13,7:30am,USD,Retail Sales m/m,High,0.1%,-0.3%,-0.5%,2013-05-13 07:30:00
2013-05-13,9:00am,USD,Business Inventories m/m,Medium,0.0%,0.3%,0.0%,2013-05-13 09:00:00
2013-05-13,5:45pm,NZD,Retail Sales q/q,High,0.5%,0.9%,1.9%,2013-05-13 17:45:00
2013-05-13,5:45pm,NZD,Core Retail Sales q/q,Medium,0.6%,0.7%,1.2%,2013-05-13 17:45:00
2013-05-13,6:01pm,GBP,RICS House Price Balance,Non-economic,1%,2%,-2%,2013-05-13 18:01:00
2013-05-13,6:50pm,JPY,PPI y/y,Non-economic,0.0%,-0.2%,-0.5%,2013-05-13 18:50:00
2013-05-13,10:45pm,JPY,30-y Bond Auction,Non-economic,1.78|3.6,,1.49|3.6,2013-05-13 22:45:00
2013-05-14,1:00am,EUR,German Final CPI m/m,Non-economic,-0.5%,-0.5%,-0.5%,2013-05-14 01:00:00
2013-05-14,1:00am,EUR,German WPI m/m,Non-economic,-0.2%,-0.3%,-0.2%,2013-05-14 01:00:00
2013-05-14,1:00am,JPY,Prelim Machine Tool Orders y/y,Non-economic,-24.1%,,-21.5%,2013-05-14 01:00:00
2013-05-14,4:00am,EUR,German ZEW Economic Sentiment,High,36.4,39.5,36.3,2013-05-14 04:00:00
2013-05-14,4:00am,EUR,Industrial Production m/m,Medium,1.0%,0.6%,0.3%,2013-05-14 04:00:00
2013-05-14,4:00am,EUR,ZEW Economic Sentiment,Medium,27.6,27.3,24.9,2013-05-14 04:00:00
2013-05-14,4:00am,GBP,CB Leading Index m/m,Non-economic,0.4%,,0.4%,2013-05-14 04:00:00
2013-05-14,All Day,EUR,ECOFIN Meetings,Medium,,,,2013-05-14 00:00:00
2013-05-14,4:30am,AUD,Annual Budget Release,High,,,,2013-05-14 04:30:00
2013-05-14,6:30am,USD,NFIB Small Business Index,Non-economic,92.1,89.9,89.5,2013-05-14 06:30:00
2013-05-14,7:30am,USD,Import Prices m/m,Medium,-0.5%,-0.5%,-0.2%,2013-05-14 07:30:00
2013-05-14,6:50pm,JPY,Tertiary Industry Activity m/m,Medium,-1.3%,-0.6%,1.2%,2013-05-14 18:50:00
2013-05-14,8:30pm,AUD,New Motor Vehicle Sales m/m,Medium,-1.6%,,-0.5%,2013-05-14 20:30:00
2013-05-14,8:30pm,AUD,Wage Price Index q/q,Medium,0.7%,0.8%,0.8%,2013-05-14 20:30:00
2013-05-15,12:00am,JPY,Consumer Confidence,Non-economic,44.5,45.8,44.8,2013-05-15 00:00:00
2013-05-15,12:30am,EUR,French Prelim GDP q/q,Medium,-0.2%,-0.1%,-0.2%,2013-05-15 00:30:00
2013-05-15,1:00am,EUR,German Prelim GDP q/q,High,0.1%,0.3%,-0.7%,2013-05-15 01:00:00
2013-05-15,1:45am,EUR,French Final CPI m/m,Non-economic,-0.1%,0.1%,0.8%,2013-05-15 01:45:00
2013-05-15,2:15am,CHF,PPI m/m,Medium,0.2%,-0.2%,0.0%,2013-05-15 02:15:00
2013-05-15,3:00am,EUR,Italian Prelim GDP q/q,Medium,-0.5%,-0.4%,-0.9%,2013-05-15 03:00:00
2013-05-15,3:30am,GBP,Claimant Count Change,High,-7.3K,-3.1K,-9.9K,2013-05-15 03:30:00
2013-05-15,3:30am,GBP,Average Earnings Index 3m/y,Medium,0.4%,0.7%,1.0%,2013-05-15 03:30:00
2013-05-15,3:30am,GBP,Unemployment Rate,Medium,7.8%,7.9%,7.9%,2013-05-15 03:30:00
2013-05-15,4:00am,CHF,UBS Economic Expectations,Medium,2.2,,20.0,2013-05-15 04:00:00
2013-05-15,4:00am,EUR,Flash GDP q/q,High,-0.2%,-0.1%,-0.6%,2013-05-15 04:00:00
2013-05-15,4:30am,GBP,BOE Gov King Speaks,High,,,,2013-05-15 04:30:00
2013-05-15,4:30am,GBP,BOE Monetary Policy Report,High,,,,2013-05-15 04:30:00
2013-05-15,7:30am,CAD,Manufacturing Sales m/m,High,-0.3%,0.6%,2.8%,2013-05-15 07:30:00
2013-05-15,7:30am,USD,PPI m/m,High,-0.7%,-0.6%,-0.6%,2013-05-15 07:30:00
2013-05-15,7:30am,USD,Core PPI m/m,Medium,0.1%,0.1%,0.2%,2013-05-15 07:30:00
2013-05-15,7:30am,USD,Empire State Manufacturing Index,Medium,-1.4,3.6,3.1,2013-05-15 07:30:00
2013-05-15,8:00am,USD,TIC Long-Term Purchases,Medium,-13.5B,33.8B,-13.3B,2013-05-15 08:00:00
2013-05-15,8:15am,USD,Capacity Utilization Rate,Medium,77.8%,78.4%,78.3%,2013-05-15 08:15:00
2013-05-15,8:15am,USD,Industrial Production m/m,Medium,-0.5%,-0.1%,0.3%,2013-05-15 08:15:00
2013-05-15,9:00am,USD,NAHB Housing Market Index,Non-economic,44,43,41,2013-05-15 09:00:00
2013-05-15,9:30am,NZD,GDT Price Index,Non-economic,-2.6%,,-8.6%,2013-05-15 09:30:00
2013-05-15,9:30am,USD,Crude Oil Inventories,Medium,-0.6M,0.5M,0.2M,2013-05-15 09:30:00
2013-05-15,5:34pm,NZD,BusinessNZ Manufacturing Index,Medium,54.5,,53.4,2013-05-15 17:34:00
2013-05-15,6:50pm,JPY,Prelim GDP q/q,Medium,0.9%,0.7%,0.0%,2013-05-15 18:50:00
2013-05-15,6:50pm,JPY,Prelim GDP Price Index y/y,Non-economic,-1.2%,-1.0%,-0.7%,2013-05-15 18:50:00
2013-05-15,9:00pm,CNY,Foreign Direct Investment ytd/y,Non-economic,1.2%,,1.4%,2013-05-15 21:00:00
2013-05-15,9:00pm,NZD,Annual Budget Release,High,,,,2013-05-15 21:00:00
2013-05-15,11:30pm,JPY,Revised Industrial Production m/m,Non-economic,0.9%,0.2%,0.2%,2013-05-15 23:30:00
2013-05-16,1:45am,EUR,French Prelim Private Payrolls q/q,Medium,-0.1%,-0.3%,-0.3%,2013-05-16 01:45:00
2013-05-16,3:00am,EUR,Italian Trade Balance,Non-economic,3.24B,1.72B,1.09B,2013-05-16 03:00:00
2013-05-16,4:00am,EUR,Final CPI y/y,Medium,1.2%,1.2%,1.2%,2013-05-16 04:00:00
2013-05-16,4:00am,EUR,Final Core CPI y/y,Non-economic,1.0%,1.0%,1.0%,2013-05-16 04:00:00
2013-05-16,4:00am,EUR,Trade Balance,Non-economic,18.7B,11.8B,12.7B,2013-05-16 04:00:00
2013-05-16,4:39am,GBP,30-y Bond Auction,Non-economic,3.29|2.0,,3.12|1.7,2013-05-16 04:39:00
2013-05-16,6:45am,USD,FOMC Member Rosengren Speaks,Medium,,,,2013-05-16 06:45:00
2013-05-16,7:30am,CAD,Foreign Securities Purchases,Medium,1.19B,5.36B,-6.28B,2013-05-16 07:30:00
2013-05-16,7:30am,USD,Building Permits,High,1.02M,0.94M,0.89M,2013-05-16 07:30:00
2013-05-16,7:30am,USD,Core CPI m/m,High,0.1%,0.2%,0.1%,2013-05-16 07:30:00
2013-05-16,7:30am,USD,CPI y/y,High,1.1%,1.3%,1.5%,2013-05-16 07:30:00
2013-05-16,7:30am,USD,Unemployment Claims,High,360K,332K,328K,2013-05-16 07:30:00
2013-05-16,7:30am,USD,CPI m/m,Medium,-0.4%,-0.3%,-0.2%,2013-05-16 07:30:00
2013-05-16,7:30am,USD,Housing Starts,Medium,0.85M,0.98M,1.02M,2013-05-16 07:30:00
2013-05-16,9:00am,USD,Philly Fed Manufacturing Index,High,-5.2,2.5,1.3,2013-05-16 09:00:00
2013-05-16,9:30am,CAD,BOC Review,Non-economic,,,,2013-05-16 09:30:00
2013-05-16,9:30am,USD,Natural Gas Storage,Non-economic,99B,96B,88B,2013-05-16 09:30:00
2013-05-16,11:30am,USD,FOMC Member Raskin Speaks,Medium,,,,2013-05-16 11:30:00
2013-05-16,5:45pm,NZD,PPI Input q/q,Medium,0.8%,0.3%,-0.3%,2013-05-16 17:45:00
2013-05-16,5:45pm,NZD,PPI Output q/q,Non-economic,0.8%,0.0%,-0.1%,2013-05-16 17:45:00
2013-05-16,6:50pm,JPY,Core Machinery Orders m/m,Medium,14.2%,3.1%,7.5%,2013-05-16 18:50:00
2013-05-16,9:00pm,CNY,CB Leading Index m/m,Non-economic,1.5%,,-0.6%,2013-05-16 21:00:00
2013-05-17,4:30am,GBP,MPC Member Weale Speaks,Medium,,,,2013-05-17 04:30:00
2013-05-17,7:30am,CAD,Core CPI m/m,High,0.1%,0.2%,0.2%,2013-05-17 07:30:00
2013-05-17,7:30am,CAD,CPI m/m,Medium,-0.2%,0.0%,0.2%,2013-05-17 07:30:00
2013-05-17,7:30am,CAD,Wholesale Sales m/m,Medium,0.3%,0.4%,0.1%,2013-05-17 07:30:00
2013-05-17,8:55am,USD,Prelim UoM Consumer Sentiment,High,83.7,77.9,76.4,2013-05-17 08:55:00
2013-05-17,8:55am,USD,Prelim UoM Inflation Expectations,Non-economic,3.1%,,3.1%,2013-05-17 08:55:00
2013-05-17,9:00am,USD,CB Leading Index m/m,Non-economic,0.6%,0.3%,-0.2%,2013-05-17 09:00:00
2013-05-18,10:00am,USD,Fed Chairman Bernanke Speaks,Medium,,,,2013-05-18 10:00:00
2013-05-19,5:30pm,NZD,BusinessNZ Services Index,Non-economic,56.1,,55.0,2013-05-19 17:30:00
2013-05-19,6:01pm,GBP,Rightmove HPI m/m,Non-economic,2.1%,,2.1%,2013-05-19 18:01:00
2013-05-20,All Day,CHF,Bank Holiday,Low,,,,2013-05-20 00:00:00
2013-05-20,All Day,EUR,German Bank Holiday,Low,,,,2013-05-20 00:00:00
2013-05-20,All Day,EUR,French Bank Holiday,Low,,,,2013-05-20 00:00:00
2013-05-20,All Day,CAD,Bank Holiday,Low,,,,2013-05-20 00:00:00
2013-05-20,12:00pm,USD,FOMC Member Evans Speaks,Medium,,,,2013-05-20 12:00:00
2013-05-20,5:45pm,NZD,Visitor Arrivals m/m,Non-economic,2.2%,,1.2%,2013-05-20 17:45:00
2013-05-20,7:00pm,AUD,CB Leading Index m/m,Medium,0.1%,,0.3%,2013-05-20 19:00:00
2013-05-20,8:30pm,AUD,Monetary Policy Meeting Minutes,High,,,,2013-05-20 20:30:00
2013-05-20,10:00pm,NZD,Credit Card Spending y/y,Non-economic,4.0%,,3.7%,2013-05-20 22:00:00
2013-05-20,10:03pm,NZD,Inflation Expectations q/q,Medium,2.06%,,2.17%,2013-05-20 22:03:00
2013-05-20,11:33pm,JPY,All Industries Activity m/m,Non-economic,-0.3%,-0.3%,0.6%,2013-05-20 23:33:00
2013-05-21,1:00am,EUR,German PPI m/m,Medium,-0.2%,-0.1%,-0.2%,2013-05-21 01:00:00
2013-05-21,3:30am,GBP,CPI y/y,High,2.4%,2.6%,2.8%,2013-05-21 03:30:00
2013-05-21,3:30am,GBP,PPI Input m/m,Medium,-2.3%,-1.2%,0.1%,2013-05-21 03:30:00
2013-05-21,3:30am,GBP,RPI y/y,Medium,2.9%,3.1%,3.3%,2013-05-21 03:30:00
2013-05-21,3:30am,GBP,Core CPI y/y,Non-economic,2.0%,2.3%,2.4%,2013-05-21 03:30:00
2013-05-21,3:30am,GBP,ONS HPI y/y,Non-economic,2.7%,2.3%,1.9%,2013-05-21 03:30:00
2013-05-21,3:30am,GBP,PPI Output m/m,Non-economic,-0.1%,0.2%,0.2%,2013-05-21 03:30:00
2013-05-21,5:00am,EUR,German Buba Monthly Report,Medium,,,,2013-05-21 05:00:00
2013-05-21,9:00am,USD,Treasury Sec Lew Speaks,Medium,,,,2013-05-21 09:00:00
2013-05-21,10:30am,USD,FOMC Member Bullard Speaks,Medium,,,,2013-05-21 10:30:00
2013-05-21,11:45am,CAD,BOC Gov Carney Speaks,Medium,,,,2013-05-21 11:45:00
2013-05-21,12:00pm,USD,FOMC Member Dudley Speaks,Non-economic,,,,2013-05-21 12:00:00
2013-05-21,6:50pm,JPY,Trade Balance,Medium,-0.76T,-0.63T,-0.92T,2013-05-21 18:50:00
2013-05-21,7:30pm,AUD,Westpac Consumer Sentiment,Medium,-7.0%,,-5.1%,2013-05-21 19:30:00
2013-05-21,10:07pm,JPY,Monetary Policy Statement,High,,,,2013-05-21 22:07:00
2013-05-22,2:24am,JPY,BOJ Press Conference,High,,,,2013-05-22 02:24:00
2013-05-22,3:00am,EUR,Current Account,Medium,25.9B,14.2B,14.6B,2013-05-22 03:00:00
2013-05-22,3:30am,GBP,MPC Asset Purchase Facility Votes,High,3-0-6,3-0-6,3-0-6,2013-05-22 03:30:00
2013-05-22,3:30am,GBP,MPC Official Bank Rate Votes,High,0-0-9,0-0-9,0-0-9,2013-05-22 03:30:00
2013-05-22,3:30am,GBP,Retail Sales m/m,High,-1.3%,0.0%,-0.6%,2013-05-22 03:30:00
2013-05-22,3:30am,GBP,Public Sector Net Borrowing,Medium,8.0B,7.6B,12.6B,2013-05-22 03:30:00
2013-05-22,All Day,EUR,EU Economic Summit,Medium,,,,2013-05-22 00:00:00
2013-05-22,4:33am,EUR,German 10-y Bond Auction,Medium,1.41|1.6,,1.28|1.6,2013-05-22 04:33:00
2013-05-22,5:00am,CHF,SNB Chairman Jordan Speaks,High,,,,2013-05-22 05:00:00
2013-05-22,5:00am,GBP,CBI Industrial Order Expectations,Medium,-20,-18,-25,2013-05-22 05:00:00
2013-05-22,6:00am,GBP,MPC Member Bean Speaks,Medium,,,,2013-05-22 06:00:00
2013-05-22,7:30am,CAD,Core Retail Sales m/m,High,-0.2%,0.2%,0.7%,2013-05-22 07:30:00
2013-05-22,7:30am,CAD,Retail Sales m/m,Medium,0.0%,0.2%,0.7%,2013-05-22 07:30:00
2013-05-22,9:00am,USD,Existing Home Sales,High,4.97M,4.99M,4.94M,2013-05-22 09:00:00
2013-05-22,9:00am,USD,Fed Chairman Bernanke Testifies,High,,,,2013-05-22 09:00:00
2013-05-22,9:00am,USD,Treasury Sec Lew Speaks,Non-economic,,,,2013-05-22 09:00:00
2013-05-22,9:30am,USD,Crude Oil Inventories,Medium,-0.3M,-0.4M,-0.6M,2013-05-22 09:30:00
2013-05-22,1:00pm,USD,FOMC Meeting Minutes,High,,,,2013-05-22 13:00:00
2013-05-22,8:00pm,AUD,MI Inflation Expectations,Medium,2.3%,,2.2%,2013-05-22 20:00:00
2013-05-22,8:45pm,CNY,Caixin Flash Manufacturing PMI,High,49.6,50.5,50.4,2013-05-22 20:45:00
2013-05-23,12:00am,JPY,BOJ Monthly Report,Non-economic,,,,2013-05-23 00:00:00
2013-05-23,2:00am,EUR,French Flash Manufacturing PMI,High,45.5,44.8,44.4,2013-05-23 02:00:00
2013-05-23,2:00am,EUR,French Flash Services PMI,Medium,44.3,44.7,44.3,2013-05-23 02:00:00
2013-05-23,2:30am,EUR,German Flash Manufacturing PMI,High,49.0,48.6,48.1,2013-05-23 02:30:00
2013-05-23,2:30am,EUR,German Flash Services PMI,Medium,49.8,50.2,49.6,2013-05-23 02:30:00
2013-05-23,3:00am,EUR,Flash Manufacturing PMI,Medium,47.8,47.1,46.7,2013-05-23 03:00:00
2013-05-23,3:00am,EUR,Flash Services PMI,Medium,47.5,47.4,47.0,2013-05-23 03:00:00
2013-05-23,3:00am,EUR,Italian Retail Sales m/m,Non-economic,-0.3%,0.3%,-0.2%,2013-05-23 03:00:00
2013-05-23,3:30am,GBP,Second Estimate GDP q/q,High,0.3%,0.3%,0.3%,2013-05-23 03:30:00
2013-05-23,3:30am,GBP,Prelim Business Investment q/q,Medium,-0.4%,1.7%,-0.8%,2013-05-23 03:30:00
2013-05-23,3:30am,GBP,Index of Services 3m/3m,Non-economic,0.6%,0.7%,0.1%,2013-05-23 03:30:00
2013-05-23,5:05am,USD,FOMC Member Bullard Speaks,Medium,,,,2013-05-23 05:05:00
2013-05-23,7:30am,USD,Unemployment Claims,High,340K,347K,363K,2013-05-23 07:30:00
2013-05-23,8:00am,USD,Flash Manufacturing PMI,Medium,51.9,51.6,52.1,2013-05-23 08:00:00
2013-05-23,8:00am,USD,HPI m/m,Non-economic,1.3%,0.9%,0.9%,2013-05-23 08:00:00
2013-05-23,9:00am,EUR,Consumer Confidence,Non-economic,-22,-22,-22,2013-05-23 09:00:00
2013-05-23,9:00am,USD,New Home Sales,High,454K,429K,444K,2013-05-23 09:00:00
2013-05-23,9:30am,USD,Natural Gas Storage,Non-economic,89B,90B,99B,2013-05-23 09:30:00
2013-05-23,4:30pm,EUR,ECB President Draghi Speaks,High,,,,2013-05-23 16:30:00
2013-05-23,5:45pm,NZD,Trade Balance,High,157M,495M,732M,2013-05-23 17:45:00
2013-05-23,9:55pm,JPY,BOJ Gov Kuroda Speaks,High,,,,2013-05-23 21:55:00
2013-05-24,1:00am,EUR,German GfK Consumer Climate,Medium,6.5,6.2,6.2,2013-05-24 01:00:00
2013-05-24,1:00am,EUR,German Final GDP q/q,Non-economic,0.1%,0.1%,0.1%,2013-05-24 01:00:00
2013-05-24,2:00am,GBP,MPC Member Fisher Speaks,Medium,,,,2013-05-24 02:00:00
2013-05-24,3:00am,EUR,German ifo Business Climate,High,105.7,104.6,104.4,2013-05-24 03:00:00
2013-05-24,3:30am,GBP,High Street Lending,Medium,32.2K,32.7K,31.4K,2013-05-24 03:30:00
2013-05-24,5:00am,EUR,German Buba President Weidmann Speaks,Medium,,,,2013-05-24 05:00:00
2013-05-24,7:30am,USD,Core Durable Goods Orders m/m,High,1.3%,0.6%,-1.5%,2013-05-24 07:30:00
2013-05-24,7:30am,USD,Durable Goods Orders m/m,Medium,3.3%,1.6%,-6.9%,2013-05-24 07:30:00
2013-05-24,8:00am,EUR,Belgian NBB Business Climate,Non-economic,-12.4,-13.4,-14.7,2013-05-24 08:00:00
2013-05-25,10:50am,JPY,BOJ Gov Kuroda Speaks,High,,,,2013-05-25 10:50:00
2013-05-26,6:50pm,JPY,Monetary Policy Meeting Minutes,Medium,,,,2013-05-26 18:50:00
2013-05-27,All Day,GBP,Bank Holiday,Low,,,,2013-05-27 00:00:00
2013-05-27,All Day,USD,Bank Holiday,Low,,,,2013-05-27 00:00:00
2013-05-27,6:50pm,JPY,SPPI y/y,Non-economic,-0.4%,-0.2%,-0.2%,2013-05-27 18:50:00
2013-05-28,1:00am,CHF,Trade Balance,Non-economic,1.73B,2.02B,1.89B,2013-05-28 01:00:00
2013-05-28,1:00am,EUR,German Import Prices m/m,Non-economic,-1.4%,-0.2%,-0.1%,2013-05-28 01:00:00
2013-05-28,2:15am,CHF,Employment Level,Medium,4.15M,4.11M,4.12M,2013-05-28 02:15:00
2013-05-28,7:30am,CAD,Corporate Profits q/q,Non-economic,-1.2%,,1.4%,2013-05-28 07:30:00
2013-05-28,8:00am,USD,S&P/CS Composite-20 HPI y/y,Medium,10.9%,10.2%,9.4%,2013-05-28 08:00:00
2013-05-28,9:00am,USD,CB Consumer Confidence,High,76.2,70.7,69.0,2013-05-28 09:00:00
2013-05-28,9:00am,USD,Richmond Manufacturing Index,Non-economic,-2,2,-6,2013-05-28 09:00:00
2013-05-28,12:00pm,GBP,MPC Member Tucker Speaks,Medium,,,,2013-05-28 12:00:00
2013-05-28,6:50pm,JPY,Retail Sales y/y,Medium,-0.1%,-0.4%,-0.3%,2013-05-28 18:50:00
2013-05-28,7:00pm,JPY,BOJ Gov Kuroda Speaks,High,,,,2013-05-28 19:00:00
2013-05-28,7:30pm,AUD,MI Leading Index m/m,Non-economic,0.2%,,0.6%,2013-05-28 19:30:00
2013-05-28,8:08pm,AUD,HIA New Home Sales m/m,Medium,3.9%,,4.2%,2013-05-28 20:08:00
2013-05-28,8:30pm,AUD,Construction Work Done q/q,Medium,-2.0%,1.1%,0.1%,2013-05-28 20:30:00
2013-05-29,1:00am,CHF,UBS Consumption Indicator,Non-economic,1.46,,1.24,2013-05-29 01:00:00
2013-05-29,All Day,EUR,German Prelim CPI m/m,Medium,0.4%,0.2%,-0.5%,2013-05-29 00:00:00
2013-05-29,2:55am,EUR,German Unemployment Change,Medium,21K,4K,6K,2013-05-29 02:55:00
2013-05-29,3:00am,EUR,M3 Money Supply y/y,Medium,3.2%,2.9%,2.6%,2013-05-29 03:00:00
2013-05-29,3:02am,EUR,Private Loans y/y,Non-economic,-0.9%,-0.4%,-0.7%,2013-05-29 03:02:00
2013-05-29,4:30am,GBP,MPC Member Bean Speaks,Medium,,,,2013-05-29 04:30:00
2013-05-29,5:00am,EUR,ECB Financial Stability Review,Non-economic,,,,2013-05-29 05:00:00
2013-05-29,5:00am,GBP,CBI Realized Sales,Medium,-11,4,-1,2013-05-29 05:00:00
2013-05-29,9:00am,CAD,BOC Rate Statement,High,,,,2013-05-29 09:00:00
2013-05-29,9:00am,CAD,Overnight Rate,High,1.00%,1.00%,1.00%,2013-05-29 09:00:00
2013-05-29,12:00pm,USD,FOMC Member Rosengren Speaks,Medium,,,,2013-05-29 12:00:00
2013-05-29,5:45pm,NZD,Building Consents m/m,Medium,18.5%,,-8.3%,2013-05-29 17:45:00
2013-05-29,8:30pm,AUD,Building Approvals m/m,High,9.1%,4.1%,-2.6%,2013-05-29 20:30:00
2013-05-29,8:30pm,AUD,Private Capital Expenditure q/q,High,-4.7%,0.7%,-2.1%,2013-05-29 20:30:00
2013-05-30,12:45am,CHF,GDP q/q,Medium,0.6%,0.2%,0.3%,2013-05-30 00:45:00
2013-05-30,1:00am,GBP,Nationwide HPI m/m,Medium,0.4%,0.5%,0.0%,2013-05-30 01:00:00
2013-05-30,2:00am,EUR,Spanish Flash CPI y/y,Non-economic,1.7%,1.6%,1.4%,2013-05-30 02:00:00
2013-05-30,3:10am,EUR,Retail PMI,Non-economic,46.8,,44.2,2013-05-30 03:10:00
2013-05-30,4:13am,EUR,Italian 10-y Bond Auction,Medium,4.14|1.4,,3.94|1.4,2013-05-30 04:13:00
2013-05-30,7:30am,CAD,Current Account,Medium,-14.1B,-15.3B,-14.6B,2013-05-30 07:30:00
2013-05-30,7:30am,CAD,RMPI m/m,Medium,-2.2%,-0.7%,-1.7%,2013-05-30 07:30:00
2013-05-30,7:30am,CAD,IPPI m/m,Non-economic,-0.8%,0.1%,0.0%,2013-05-30 07:30:00
2013-05-30,7:30am,USD,Prelim GDP q/q,High,2.4%,2.5%,2.5%,2013-05-30 07:30:00
2013-05-30,7:30am,USD,Unemployment Claims,High,354K,342K,344K,2013-05-30 07:30:00
2013-05-30,7:30am,USD,Prelim GDP Price Index q/q,Non-economic,1.1%,1.2%,1.2%,2013-05-30 07:30:00
2013-05-30,9:00am,USD,Pending Home Sales m/m,High,0.3%,1.3%,1.5%,2013-05-30 09:00:00
2013-05-30,9:30am,USD,Natural Gas Storage,Non-economic,88B,85B,89B,2013-05-30 09:30:00
2013-05-30,10:00am,USD,Crude Oil Inventories,Medium,3.0M,-0.8M,-0.3M,2013-05-30 10:00:00
2013-05-30,5:45pm,NZD,Overseas Trade Index q/q,Medium,4.1%,1.4%,-1.2%,2013-05-30 17:45:00
2013-05-30,6:01pm,GBP,GfK Consumer Confidence,Non-economic,-22,-25,-27,2013-05-30 18:01:00
2013-05-30,6:15pm,JPY,Final Manufacturing PMI,Non-economic,51.5,,51.1,2013-05-30 18:15:00
2013-05-30,6:30pm,JPY,Household Spending y/y,Medium,1.5%,3.1%,5.2%,2013-05-30 18:30:00
2013-05-30,6:30pm,JPY,Tokyo Core CPI y/y,Medium,0.1%,-0.2%,-0.3%,2013-05-30 18:30:00
2013-05-30,6:30pm,JPY,National Core CPI y/y,Non-economic,-0.4%,-0.4%,-0.5%,2013-05-30 18:30:00
2013-05-30,6:30pm,JPY,Unemployment Rate,Non-economic,4.1%,4.1%,4.1%,2013-05-30 18:30:00
2013-05-30,6:50pm,JPY,Prelim Industrial Production m/m,Medium,1.7%,0.8%,0.2%,2013-05-30 18:50:00
2013-05-30,8:00pm,NZD,ANZ Business Confidence,High,41.8,,32.3,2013-05-30 20:00:00
2013-05-30,8:30pm,AUD,Private Sector Credit m/m,Medium,0.3%,0.3%,0.2%,2013-05-30 20:30:00
2013-05-31,12:00am,JPY,Housing Starts y/y,Non-economic,5.8%,4.3%,7.3%,2013-05-31 00:00:00
2013-05-31,1:00am,EUR,German Retail Sales m/m,Medium,-0.4%,0.3%,-0.5%,2013-05-31 01:00:00
2013-05-31,1:45am,EUR,French Consumer Spending m/m,Medium,-0.3%,-0.5%,1.3%,2013-05-31 01:45:00
2013-05-31,2:00am,CHF,KOF Economic Barometer,Medium,1.10,1.08,1.04,2013-05-31 02:00:00
2013-05-31,3:00am,EUR,Italian Quarterly Unemployment Rate,Medium,11.9%,11.2%,11.4%,2013-05-31 03:00:00
2013-05-31,3:00am,EUR,Italian Monthly Unemployment Rate,Non-economic,12.0%,11.6%,11.9%,2013-05-31 03:00:00
2013-05-31,All Day,All,OPEC Meetings,Non-economic,,,,2013-05-31 00:00:00
2013-05-31,3:30am,GBP,M4 Money Supply m/m,Non-economic,0.3%,0.1%,-0.9%,2013-05-31 03:30:00
2013-05-31,3:30am,GBP,Mortgage Approvals,Non-economic,54K,55K,54K,2013-05-31 03:30:00
2013-05-31,3:33am,GBP,Net Lending to Individuals m/m,Medium,1.4B,0.9B,1.1B,2013-05-31 03:33:00
2013-05-31,4:00am,EUR,CPI Flash Estimate y/y,Medium,1.4%,1.4%,1.2%,2013-05-31 04:00:00
2013-05-31,4:00am,EUR,Unemployment Rate,Medium,12.2%,12.2%,12.1%,2013-05-31 04:00:00
2013-05-31,4:00am,EUR,Core CPI Flash Estimate y/y,Non-economic,1.2%,,1.0%,2013-05-31 04:00:00
2013-05-31,4:00am,EUR,Italian Prelim CPI m/m,Non-economic,0.1%,0.1%,0.0%,2013-05-31 04:00:00
2013-05-31,7:30am,CAD,GDP m/m,High,0.2%,0.1%,0.3%,2013-05-31 07:30:00
2013-05-31,7:30am,USD,Core PCE Price Index m/m,Medium,0.0%,0.1%,0.1%,2013-05-31 07:30:00
2013-05-31,7:30am,USD,Personal Spending m/m,Medium,-0.2%,0.2%,0.1%,2013-05-31 07:30:00
2013-05-31,7:30am,USD,Personal Income m/m,Non-economic,0.0%,0.2%,0.3%,2013-05-31 07:30:00
2013-05-31,8:45am,USD,Chicago PMI,Medium,58.7,50.3,49.0,2013-05-31 08:45:00
2013-05-31,8:55am,USD,Revised UoM Consumer Sentiment,Medium,84.5,84.1,83.7,2013-05-31 08:55:00
2013-05-31,8:55am,USD,Revised UoM Inflation Expectations,Non-economic,3.1%,,3.2%,2013-05-31 08:55:00
2013-05-31,7:59pm,CNY,Manufacturing PMI,High,50.8,49.9,50.6,2013-05-31 19:59:00
2013-06-02,1:00pm,USD,Fed Chairman Bernanke Speaks,Medium,,,,2013-06-02 13:00:00
2013-06-02,All Day,NZD,Bank Holiday,Low,,,,2013-06-02 00:00:00
2013-06-02,6:30pm,AUD,AIG Manufacturing Index,Non-economic,43.8,,36.7,2013-06-02 18:30:00
2013-06-02,6:50pm,JPY,Capital Spending q/y,Medium,-3.9%,-5.5%,-8.7%,2013-06-02 18:50:00
2013-06-02,7:30pm,AUD,MI Inflation Gauge m/m,Non-economic,0.2%,,0.3%,2013-06-02 19:30:00
2013-06-02,8:00pm,CNY,Non-Manufacturing PMI,Non-economic,54.3,,54.5,2013-06-02 20:00:00
2013-06-02,8:30pm,AUD,Retail Sales m/m,High,0.2%,0.3%,-0.4%,2013-06-02 20:30:00
2013-06-02,8:30pm,AUD,ANZ Job Advertisements m/m,Medium,-2.4%,,-1.7%,2013-06-02 20:30:00
2013-06-02,8:30pm,AUD,Company Operating Profits q/q,Medium,3.0%,1.6%,-0.5%,2013-06-02 20:30:00
2013-06-02,8:45pm,CNY,RatingDog Manufacturing PMI,Medium,49.2,49.6,49.6,2013-06-02 20:45:00
2013-06-02,8:50pm,USD,FOMC Member Yellen Speaks,Medium,,,,2013-06-02 20:50:00
2013-06-03,1:30am,AUD,Commodity Prices y/y,Non-economic,-8.6%,,-7.3%,2013-06-03 01:30:00
2013-06-03,2:15am,EUR,Spanish Manufacturing PMI,Medium,48.1,45.5,44.7,2013-06-03 02:15:00
2013-06-03,2:30am,CHF,Manufacturing PMI,Medium,52.2,50.9,50.2,2013-06-03 02:30:00
2013-06-03,2:45am,EUR,Italian Manufacturing PMI,Medium,47.3,46.2,45.5,2013-06-03 02:45:00
2013-06-03,2:50am,EUR,French Final Manufacturing PMI,Non-economic,46.4,45.5,45.5,2013-06-03 02:50:00
2013-06-03,2:55am,EUR,German Final Manufacturing PMI,Non-economic,49.4,49.0,49.0,2013-06-03 02:55:00
2013-06-03,3:00am,EUR,Final Manufacturing PMI,Non-economic,48.3,47.8,47.8,2013-06-03 03:00:00
2013-06-03,3:30am,GBP,Final Manufacturing PMI,High,51.3,50.3,50.2,2013-06-03 03:30:00
2013-06-03,8:00am,USD,Final Manufacturing PMI,Non-economic,52.3,52.0,51.9,2013-06-03 08:00:00
2013-06-03,8:30am,CAD,Manufacturing PMI,Non-economic,53.2,,50.1,2013-06-03 08:30:00
2013-06-03,9:00am,USD,ISM Manufacturing PMI,High,49.0,50.6,50.7,2013-06-03 09:00:00
2013-06-03,9:00am,USD,Construction Spending m/m,Non-economic,0.4%,1.1%,-0.8%,2013-06-03 09:00:00
2013-06-03,9:00am,USD,ISM Manufacturing Prices,Non-economic,49.5,49.6,50.0,2013-06-03 09:00:00
2013-06-03,All Day,USD,Total Vehicle Sales,Non-economic,15.3M,15.2M,14.9M,2013-06-03 00:00:00
2013-06-03,6:01pm,GBP,BRC Retail Sales Monitor y/y,Medium,1.8%,,-2.2%,2013-06-03 18:01:00
2013-06-03,6:50pm,JPY,Monetary Base y/y,Non-economic,31.6%,24.3%,23.1%,2013-06-03 18:50:00
2013-06-03,7:25pm,CAD,Gov Council Member Lane Speaks,Medium,,,,2013-06-03 19:25:00
2013-06-03,8:30pm,AUD,Current Account,Medium,-8.5B,-8.9B,-14.8B,2013-06-03 20:30:00
2013-06-03,8:30pm,JPY,Average Cash Earnings y/y,Medium,0.3%,0.6%,-0.9%,2013-06-03 20:30:00
2013-06-03,9:15pm,CAD,Gov Council Member Lane Speaks,Medium,,,,2013-06-03 21:15:00
2013-06-03,10:45pm,JPY,10-y Bond Auction,Non-economic,0.86|3.1,,0.60|3.7,2013-06-03 22:45:00
2013-06-03,11:30pm,AUD,Cash Rate,High,2.75%,2.75%,2.75%,2013-06-03 23:30:00
2013-06-03,11:30pm,AUD,RBA Rate Statement,High,,,,2013-06-03 23:30:00
2013-06-04,2:00am,EUR,Spanish Unemployment Change,Medium,-98.3K,-50.2K,-46.1K,2013-06-04 02:00:00
2013-06-04,3:30am,GBP,Construction PMI,High,50.8,49.7,49.4,2013-06-04 03:30:00
2013-06-04,4:00am,EUR,PPI m/m,Non-economic,-0.6%,-0.2%,-0.2%,2013-06-04 04:00:00
2013-06-04,7:30am,CAD,Trade Balance,High,-0.6B,-0.4B,0.0B,2013-06-04 07:30:00
2013-06-04,7:30am,USD,Trade Balance,High,-40.3B,-41.1B,-37.1B,2013-06-04 07:30:00
2013-06-04,9:00am,USD,RCM/TIPP Economic Optimism,Non-economic,49.0,50.2,45.1,2013-06-04 09:00:00
2013-06-04,9:30am,NZD,GDT Price Index,Non-economic,-5.3%,,-2.6%,2013-06-04 09:30:00
2013-06-04,11:30am,USD,FOMC Member Raskin Speaks,Medium,,,,2013-06-04 11:30:00
2013-06-04,1:15pm,USD,FOMC Member George Speaks,Medium,,,,2013-06-04 13:15:00
2013-06-04,6:00pm,GBP,BRC Shop Price Index y/y,Non-economic,-0.1%,,0.4%,2013-06-04 18:00:00
2013-06-04,6:30pm,AUD,AIG Services Index,Non-economic,40.6,,44.1,2013-06-04 18:30:00
2013-06-04,8:00pm,NZD,ANZ Commodity Prices m/m,Non-economic,-1.6%,,12.6%,2013-06-04 20:00:00
2013-06-04,8:30pm,AUD,GDP q/q,High,0.6%,0.8%,0.6%,2013-06-04 20:30:00
2013-06-04,8:45pm,CNY,RatingDog Services PMI,Medium,51.2,,51.1,2013-06-04 20:45:00
2013-06-05,2:15am,EUR,Spanish Services PMI,Medium,47.3,45.3,44.4,2013-06-05 02:15:00
2013-06-05,2:45am,EUR,Italian Services PMI,Medium,46.5,47.5,47.0,2013-06-05 02:45:00
2013-06-05,2:50am,EUR,French Final Services PMI,Non-economic,44.3,44.3,44.3,2013-06-05 02:50:00
2013-06-05,2:55am,EUR,German Final Services PMI,Non-economic,49.7,49.8,49.8,2013-06-05 02:55:00
2013-06-05,3:00am,EUR,Final Services PMI,Non-economic,47.2,47.5,47.5,2013-06-05 03:00:00
2013-06-05,3:30am,GBP,Final Services PMI,High,54.9,53.1,52.9,2013-06-05 03:30:00
2013-06-05,4:00am,EUR,Retail Sales m/m,Medium,-0.5%,-0.2%,-0.2%,2013-06-05 04:00:00
2013-06-05,4:00am,EUR,Revised GDP q/q,Non-economic,-0.2%,-0.2%,-0.2%,2013-06-05 04:00:00
2013-06-05,7:15am,USD,ADP Non-Farm Employment Change,High,135K,171K,113K,2013-06-05 07:15:00
2013-06-05,7:30am,CAD,Building Permits m/m,High,10.5%,-2.3%,6.0%,2013-06-05 07:30:00
2013-06-05,7:30am,USD,Revised Nonfarm Productivity q/q,Medium,0.5%,0.7%,0.7%,2013-06-05 07:30:00
2013-06-05,7:30am,USD,Revised Unit Labor Costs q/q,Non-economic,-4.3%,0.5%,0.5%,2013-06-05 07:30:00
2013-06-05,9:00am,USD,ISM Services PMI,High,53.7,53.4,53.1,2013-06-05 09:00:00
2013-06-05,9:00am,USD,Factory Orders m/m,Medium,1.0%,1.6%,-4.9%,2013-06-05 09:00:00
2013-06-05,9:30am,USD,Crude Oil Inventories,Medium,-6.3M,-0.8M,3.0M,2013-06-05 09:30:00
2013-06-05,1:00pm,USD,Beige Book,Medium,,,,2013-06-05 13:00:00
2013-06-05,8:30pm,AUD,Goods Trade Balance,High,0.03B,0.20B,0.56B,2013-06-05 20:30:00
2013-06-05,10:45pm,JPY,30-y Bond Auction,Non-economic,1.87|4.1,,1.78|3.6,2013-06-05 22:45:00
2013-06-06,2:00am,GBP,Halifax HPI m/m,Medium,0.4%,0.2%,1.1%,2013-06-06 02:00:00
2013-06-06,2:15am,CHF,CPI m/m,High,0.1%,0.1%,0.0%,2013-06-06 02:15:00
2013-06-06,3:43am,EUR,Spanish 10-y Bond Auction,Medium,4.52|2.5,,4.61|2.6,2013-06-06 03:43:00
2013-06-06,3:59am,EUR,French 10-y Bond Auction,Medium,2.04|1.6,,1.81|2.0,2013-06-06 03:59:00
2013-06-06,5:00am,EUR,German Factory Orders m/m,Medium,-2.3%,-1.0%,2.3%,2013-06-06 05:00:00
2013-06-06,6:00am,GBP,Asset Purchase Facility,High,375B,375B,375B,2013-06-06 06:00:00
2013-06-06,6:00am,GBP,Official Bank Rate,High,0.50%,0.50%,0.50%,2013-06-06 06:00:00
2013-06-06,6:30am,USD,Challenger Job Cuts y/y,Non-economic,-41.2%,,-6.0%,2013-06-06 06:30:00
2013-06-06,6:45am,EUR,Main Refinancing Rate,High,0.50%,0.50%,0.50%,2013-06-06 06:45:00
2013-06-06,7:30am,EUR,ECB Press Conference,High,,,,2013-06-06 07:30:00
2013-06-06,7:30am,USD,Unemployment Claims,High,346K,345K,357K,2013-06-06 07:30:00
2013-06-06,7:45am,CAD,BOC Gov Poloz Speaks,High,,,,2013-06-06 07:45:00
2013-06-06,9:00am,CAD,Ivey PMI,High,63.1,55.3,52.2,2013-06-06 09:00:00
2013-06-06,9:30am,USD,Natural Gas Storage,Non-economic,111B,101B,88B,2013-06-06 09:30:00
2013-06-06,6:30pm,AUD,AIG Construction Index,Non-economic,35.3,,35.2,2013-06-06 18:30:00
2013-06-07,12:00am,JPY,Leading Indicators,Non-economic,99.3%,98.8%,97.9%,2013-06-07 00:00:00
2013-06-07,1:00am,EUR,German Trade Balance,Medium,17.7B,16.5B,17.6B,2013-06-07 01:00:00
2013-06-07,1:45am,EUR,French Gov Budget Balance,Non-economic,-66.8B,,-31.0B,2013-06-07 01:45:00
2013-06-07,1:45am,EUR,French Trade Balance,Non-economic,-4.5B,-4.4B,-4.5B,2013-06-07 01:45:00
2013-06-07,2:00am,CHF,Foreign Currency Reserves,Medium,441B,,436B,2013-06-07 02:00:00
2013-06-07,3:30am,GBP,Consumer Inflation Expectations,Medium,3.6%,,3.6%,2013-06-07 03:30:00
2013-06-07,3:30am,GBP,Goods Trade Balance,Medium,-8.2B,-8.8B,-9.2B,2013-06-07 03:30:00
2013-06-07,5:00am,EUR,German Industrial Production m/m,Medium,1.8%,0.0%,1.2%,2013-06-07 05:00:00
2013-06-07,7:30am,CAD,Employment Change,High,95.0K,16.1K,12.5K,2013-06-07 07:30:00
2013-06-07,7:30am,CAD,Unemployment Rate,High,7.1%,7.2%,7.2%,2013-06-07 07:30:00
2013-06-07,7:30am,CAD,Labor Productivity q/q,Medium,0.2%,0.3%,0.1%,2013-06-07 07:30:00
2013-06-07,7:30am,USD,Non-Farm Employment Change,High,175K,167K,149K,2013-06-07 07:30:00
2013-06-07,7:30am,USD,Unemployment Rate,High,7.6%,7.5%,7.5%,2013-06-07 07:30:00
2013-06-07,7:30am,USD,Average Hourly Earnings m/m,Medium,0.0%,0.2%,0.2%,2013-06-07 07:30:00
2013-06-07,2:00pm,USD,Consumer Credit m/m,Non-economic,11.1B,13.4B,8.4B,2013-06-07 14:00:00
2013-06-07,9:14pm,CNY,USD-Denominated Trade Balance,High,20.4B,20.8B,18.2B,2013-06-07 21:14:00
2013-06-08,8:30pm,CNY,CPI y/y,High,2.1%,2.5%,2.4%,2013-06-08 20:30:00
2013-06-08,8:30pm,CNY,PPI y/y,Medium,-2.9%,-2.5%,-2.6%,2013-06-08 20:30:00
2013-06-08,9:00pm,CNY,New Loans,Medium,667B,815B,793B,2013-06-08 21:00:00
2013-06-08,9:00pm,CNY,M2 Money Supply y/y,Non-economic,15.8%,16.0%,16.1%,2013-06-08 21:00:00
2013-06-09,12:30am,CNY,Fixed Asset Investment ytd/y,Medium,20.4%,20.6%,20.6%,2013-06-09 00:30:00
2013-06-09,12:30am,CNY,Industrial Production y/y,Medium,9.2%,9.4%,9.3%,2013-06-09 00:30:00
2013-06-09,12:30am,CNY,Retail Sales y/y,Non-economic,12.9%,12.9%,12.8%,2013-06-09 00:30:00
2013-06-09,All Day,AUD,Bank Holiday,Low,,,,2013-06-09 00:00:00
2013-06-09,5:45pm,NZD,Manufacturing Sales q/q,Non-economic,0.2%,,-0.1%,2013-06-09 17:45:00
2013-06-09,6:50pm,JPY,Current Account,High,0.85T,0.39T,0.34T,2013-06-09 18:50:00
2013-06-09,6:50pm,JPY,Final GDP q/q,Medium,1.0%,0.9%,0.9%,2013-06-09 18:50:00
2013-06-09,6:50pm,JPY,Bank Lending y/y,Non-economic,1.8%,,1.7%,2013-06-09 18:50:00
2013-06-09,6:50pm,JPY,Final GDP Price Index y/y,Non-economic,-1.1%,-1.2%,-1.2%,2013-06-09 18:50:00
2013-06-09,All Day,CNY,Bank Holiday,Low,,,,2013-06-09 00:00:00
2013-06-10,12:00am,JPY,Consumer Confidence,Non-economic,45.7,44.8,44.5,2013-06-10 00:00:00
2013-06-10,12:45am,CHF,Unemployment Rate,Non-economic,3.2%,3.2%,3.1%,2013-06-10 00:45:00
2013-06-10,1:00am,JPY,Economy Watchers Sentiment,Non-economic,55.7,56.3,56.5,2013-06-10 01:00:00
2013-06-10,1:45am,EUR,French Industrial Production m/m,Medium,2.2%,0.2%,-0.6%,2013-06-10 01:45:00
2013-06-10,2:15am,CHF,Retail Sales y/y,Medium,3.3%,2.5%,-0.8%,2013-06-10 02:15:00
2013-06-10,3:00am,EUR,Italian Industrial Production m/m,Non-economic,-0.3%,0.1%,-0.9%,2013-06-10 03:00:00
2013-06-10,3:30am,EUR,Sentix Investor Confidence,Non-economic,-11.6,-10.0,-15.6,2013-06-10 03:30:00
2013-06-10,7:13am,CAD,Housing Starts,Non-economic,200K,176K,176K,2013-06-10 07:13:00
2013-06-10,8:50am,USD,FOMC Member Bullard Speaks,Medium,,,,2013-06-10 08:50:00
2013-06-10,2:00pm,CHF,Gov Board Member Danthine Speaks,Medium,,,,2013-06-10 14:00:00
2013-06-10,6:01pm,GBP,RICS House Price Balance,Non-economic,5%,2%,1%,2013-06-10 18:01:00
2013-06-10,6:50pm,JPY,BSI Manufacturing Index,Medium,5.0,-2.1,-4.6,2013-06-10 18:50:00
2013-06-10,6:50pm,JPY,M2 Money Stock y/y,Non-economic,3.4%,3.5%,3.2%,2013-06-10 18:50:00
2013-06-10,All Day,CNY,Bank Holiday,Low,,,,2013-06-10 00:00:00
2013-06-10,8:30pm,AUD,Home Loans m/m,Medium,0.8%,2.1%,4.8%,2013-06-10 20:30:00
2013-06-10,8:30pm,AUD,NAB Business Confidence,Medium,-1,,-1,2013-06-10 20:30:00
2013-06-10,9:48pm,JPY,Monetary Policy Statement,High,,,,2013-06-10 21:48:00
2013-06-11,12:45am,CHF,SECO Economic Forecasts,Non-economic,,,,2013-06-11 00:45:00
2013-06-11,1:04am,JPY,Prelim Machine Tool Orders y/y,Non-economic,-7.4%,,-23.6%,2013-06-11 01:04:00
2013-06-11,2:37am,JPY,BOJ Press Conference,High,,,,2013-06-11 02:37:00
2013-06-11,Day 1,EUR,German Constitutional Court Ruling,High,,,,2013-06-11 00:00:00
2013-06-11,3:30am,GBP,Manufacturing Production m/m,High,-0.2%,0.0%,1.1%,2013-06-11 03:30:00
2013-06-11,3:30am,GBP,Industrial Production m/m,Non-economic,0.1%,-0.4%,0.7%,2013-06-11 03:30:00
2013-06-11,4:35am,GBP,10-y Bond Auction,Non-economic,2.37|1.5,,1.73|1.7,2013-06-11 04:35:00
2013-06-11,6:30am,USD,NFIB Small Business Index,Non-economic,94.4,93.4,92.1,2013-06-11 06:30:00
2013-06-11,9:00am,GBP,NIESR GDP Estimate,Medium,0.6%,,1.0%,2013-06-11 09:00:00
2013-06-11,9:00am,USD,JOLTS Job Openings,Medium,3.76M,3.88M,3.88M,2013-06-11 09:00:00
2013-06-11,9:00am,USD,Final Wholesale Inventories m/m,Non-economic,0.2%,0.1%,0.3%,2013-06-11 09:00:00
2013-06-11,6:28pm,NZD,REINZ HPI m/m,Medium,0.7%,,0.8%,2013-06-11 18:28:00
2013-06-11,6:50pm,JPY,Core Machinery Orders m/m,Medium,-8.8%,-8.3%,14.2%,2013-06-11 18:50:00
2013-06-11,6:50pm,JPY,PPI y/y,Non-economic,0.6%,0.7%,0.1%,2013-06-11 18:50:00
2013-06-11,All Day,CNY,Bank Holiday,Low,,,,2013-06-11 00:00:00
2013-06-11,7:30pm,AUD,Westpac Consumer Sentiment,Medium,4.7%,,-7.0%,2013-06-11 19:30:00
2013-06-12,12:00am,JPY,BOJ Monthly Report,Non-economic,,,,2013-06-12 00:00:00
2013-06-12,12:30am,EUR,French Final Private Payrolls q/q,Non-economic,-0.1%,-0.1%,-0.1%,2013-06-12 00:30:00
2013-06-12,1:00am,EUR,German Final CPI m/m,Non-economic,0.4%,0.4%,0.4%,2013-06-12 01:00:00
2013-06-12,1:45am,EUR,French Final CPI m/m,Non-economic,0.1%,0.3%,-0.1%,2013-06-12 01:45:00
2013-06-12,Day 2,EUR,German Constitutional Court Ruling,High,,,,2013-06-12 00:00:00
2013-06-12,3:30am,GBP,Claimant Count Change,High,-8.6K,-6.8K,-11.8K,2013-06-12 03:30:00
2013-06-12,3:30am,GBP,Average Earnings Index 3m/y,Medium,1.3%,0.3%,0.6%,2013-06-12 03:30:00
2013-06-12,3:30am,GBP,Unemployment Rate,Medium,7.8%,7.8%,7.8%,2013-06-12 03:30:00
2013-06-12,4:00am,EUR,Industrial Production m/m,Medium,0.4%,-0.2%,0.9%,2013-06-12 04:00:00
2013-06-12,4:00am,GBP,MPC Member Fisher Speaks,Medium,,,,2013-06-12 04:00:00
2013-06-12,9:30am,USD,Crude Oil Inventories,Medium,2.5M,-1.4M,-6.3M,2013-06-12 09:30:00
2013-06-12,12:00pm,USD,10-y Bond Auction,Medium,2.21|2.5,,1.81|2.7,2013-06-12 12:00:00
2013-06-12,12:52pm,USD,Federal Budget Balance,Medium,-138.7B,-110.2B,112.9B,2013-06-12 12:52:00
2013-06-12,4:00pm,NZD,Official Cash Rate,High,2.50%,2.50%,2.50%,2013-06-12 16:00:00
2013-06-12,4:00pm,NZD,RBNZ Press Conference,High,,,,2013-06-12 16:00:00
2013-06-12,4:00pm,NZD,RBNZ Rate Statement,High,,,,2013-06-12 16:00:00
2013-06-12,4:00pm,NZD,RBNZ Monetary Policy Statement,Medium,,,,2013-06-12 16:00:00
2013-06-12,8:00pm,AUD,MI Inflation Expectations,Medium,2.3%,,2.3%,2013-06-12 20:00:00
2013-06-12,8:10pm,NZD,RBNZ Gov Wheeler Speaks,High,,,,2013-06-12 20:10:00
2013-06-12,8:30pm,AUD,Employment Change,High,1.1K,-9.8K,45.0K,2013-06-12 20:30:00
2013-06-12,8:30pm,AUD,Unemployment Rate,High,5.5%,5.6%,5.6%,2013-06-12 20:30:00
2013-06-13,1:00am,EUR,German WPI m/m,Non-economic,-0.4%,-0.2%,-0.2%,2013-06-13 01:00:00
2013-06-13,2:15am,CHF,PPI m/m,Medium,-0.3%,0.1%,0.2%,2013-06-13 02:15:00
2013-06-13,3:00am,EUR,ECB Monthly Bulletin,Medium,,,,2013-06-13 03:00:00
2013-06-13,7:15am,GBP,MPC Member Tucker Speaks,Medium,,,,2013-06-13 07:15:00
2013-06-13,7:30am,CAD,NHPI m/m,Medium,0.2%,0.3%,0.1%,2013-06-13 07:30:00
2013-06-13,7:30am,CAD,Capacity Utilization Rate,Non-economic,81.1%,81.3%,80.5%,2013-06-13 07:30:00
2013-06-13,7:30am,USD,Core Retail Sales m/m,High,0.3%,0.3%,0.0%,2013-06-13 07:30:00
2013-06-13,7:30am,USD,Retail Sales m/m,High,0.6%,0.4%,0.1%,2013-06-13 07:30:00
2013-06-13,7:30am,USD,Unemployment Claims,High,334K,354K,346K,2013-06-13 07:30:00
2013-06-13,7:30am,USD,Import Prices m/m,Medium,-0.6%,0.0%,-0.7%,2013-06-13 07:30:00
2013-06-13,9:00am,USD,Business Inventories m/m,Medium,0.3%,0.3%,-0.1%,2013-06-13 09:00:00
2013-06-13,9:30am,CAD,BOC Financial System Review,Non-economic,,,,2013-06-13 09:30:00
2013-06-13,9:30am,USD,Natural Gas Storage,Non-economic,95B,96B,111B,2013-06-13 09:30:00
2013-06-13,12:00pm,EUR,German Buba President Weidmann Speaks,Medium,,,,2013-06-13 12:00:00
2013-06-13,12:00pm,USD,30-y Bond Auction,Medium,3.36|2.5,,2.98|2.5,2013-06-13 12:00:00
2013-06-13,5:33pm,NZD,BusinessNZ Manufacturing Index,Medium,59.2,,55.2,2013-06-13 17:33:00
2013-06-13,5:45pm,NZD,FPI m/m,Non-economic,0.3%,,0.2%,2013-06-13 17:45:00
2013-06-13,6:50pm,JPY,Monetary Policy Meeting Minutes,Medium,,,,2013-06-13 18:50:00
2013-06-14,4:00am,EUR,Final CPI y/y,Medium,1.4%,1.4%,1.4%,2013-06-14 04:00:00
2013-06-14,4:00am,EUR,Final Core CPI y/y,Non-economic,1.2%,1.2%,1.2%,2013-06-14 04:00:00
2013-06-14,4:00am,EUR,Final Employment Change q/q,Non-economic,-0.5%,-0.2%,-0.3%,2013-06-14 04:00:00
2013-06-14,4:00am,GBP,CB Leading Index m/m,Non-economic,0.2%,,0.4%,2013-06-14 04:00:00
2013-06-14,4:50am,GBP,MPC Member McCafferty Speaks,Medium,,,,2013-06-14 04:50:00
2013-06-14,7:30am,CAD,Manufacturing Sales m/m,High,-2.4%,0.3%,-0.6%,2013-06-14 07:30:00
2013-06-14,7:30am,USD,PPI m/m,High,0.5%,0.1%,-0.7%,2013-06-14 07:30:00
2013-06-14,7:30am,USD,Core PPI m/m,Medium,0.1%,0.1%,0.1%,2013-06-14 07:30:00
2013-06-14,7:30am,USD,Current Account,Medium,-106B,-110B,-102B,2013-06-14 07:30:00
2013-06-14,8:00am,USD,TIC Long-Term Purchases,Medium,-37.3B,35.0B,-13.4B,2013-06-14 08:00:00
2013-06-14,8:15am,USD,Capacity Utilization Rate,Medium,77.6%,77.9%,77.7%,2013-06-14 08:15:00
2013-06-14,8:15am,USD,Industrial Production m/m,Medium,0.0%,0.3%,-0.4%,2013-06-14 08:15:00
2013-06-14,8:55am,USD,Prelim UoM Consumer Sentiment,High,82.7,84.9,84.5,2013-06-14 08:55:00
2013-06-14,8:55am,USD,Prelim UoM Inflation Expectations,Non-economic,3.2%,,3.1%,2013-06-14 08:55:00
2013-06-16,5:00pm,NZD,Westpac Consumer Sentiment,Non-economic,116.6,,110.8,2013-06-16 17:00:00
2013-06-16,5:30pm,NZD,BusinessNZ Services Index,Non-economic,56.2,,55.0,2013-06-16 17:30:00
2013-06-16,6:01pm,GBP,Rightmove HPI m/m,Non-economic,1.2%,,2.1%,2013-06-16 18:01:00
2013-06-16,6:50pm,JPY,Tertiary Industry Activity m/m,Medium,0.0%,0.2%,-0.2%,2013-06-16 18:50:00
2013-06-16,8:30pm,AUD,New Motor Vehicle Sales m/m,Medium,0.0%,,-1.7%,2013-06-16 20:30:00
2013-06-17,3:00am,EUR,Italian Trade Balance,Non-economic,1.91B,2.48B,3.24B,2013-06-17 03:00:00
2013-06-17,4:00am,EUR,Trade Balance,Non-economic,16.1B,21.2B,18.1B,2013-06-17 04:00:00
2013-06-17,5:00am,EUR,German Buba Monthly Report,Medium,,,,2013-06-17 05:00:00
2013-06-17,7:30am,CAD,Foreign Securities Purchases,Medium,14.91B,4.59B,0.96B,2013-06-17 07:30:00
2013-06-17,7:30am,USD,Empire State Manufacturing Index,Medium,7.8,0.4,-1.4,2013-06-17 07:30:00
2013-06-17,9:00am,USD,NAHB Housing Market Index,Non-economic,52,45,44,2013-06-17 09:00:00
2013-06-17,Day 1,All,G8 Meetings,High,,,,2013-06-17 00:00:00
2013-06-17,10:10am,EUR,German Buba President Weidmann Speaks,Medium,,,,2013-06-17 10:10:00
2013-06-17,8:30pm,AUD,Monetary Policy Meeting Minutes,High,,,,2013-06-17 20:30:00
2013-06-17,9:00pm,CNY,CB Leading Index m/m,Non-economic,0.3%,,1.5%,2013-06-17 21:00:00
2013-06-17,9:00pm,CNY,Foreign Direct Investment ytd/y,Non-economic,1.0%,,1.2%,2013-06-17 21:00:00
2013-06-17,11:30pm,JPY,Revised Industrial Production m/m,Non-economic,0.9%,1.7%,1.7%,2013-06-17 23:30:00
2013-06-18,1:00am,EUR,ECB President Draghi Speaks,High,,,,2013-06-18 01:00:00
2013-06-18,3:30am,GBP,CPI y/y,High,2.7%,2.6%,2.4%,2013-06-18 03:30:00
2013-06-18,3:30am,GBP,PPI Input m/m,Medium,-0.3%,0.1%,-2.3%,2013-06-18 03:30:00
2013-06-18,3:30am,GBP,RPI y/y,Medium,3.1%,3.1%,2.9%,2013-06-18 03:30:00
2013-06-18,3:30am,GBP,Core CPI y/y,Non-economic,2.2%,2.1%,2.0%,2013-06-18 03:30:00
2013-06-18,3:30am,GBP,ONS HPI y/y,Non-economic,2.6%,2.6%,2.7%,2013-06-18 03:30:00
2013-06-18,3:30am,GBP,PPI Output m/m,Non-economic,0.0%,0.0%,-0.2%,2013-06-18 03:30:00
2013-06-18,4:00am,EUR,German ZEW Economic Sentiment,High,38.5,38.2,36.4,2013-06-18 04:00:00
2013-06-18,4:00am,EUR,ZEW Economic Sentiment,Medium,30.6,29.4,27.6,2013-06-18 04:00:00
2013-06-18,7:30am,USD,Building Permits,High,0.97M,0.98M,1.01M,2013-06-18 07:30:00
2013-06-18,7:30am,USD,Core CPI m/m,High,0.2%,0.2%,0.1%,2013-06-18 07:30:00
2013-06-18,7:30am,USD,CPI y/y,High,1.4%,1.4%,1.1%,2013-06-18 07:30:00
2013-06-18,7:30am,USD,CPI m/m,Medium,0.1%,0.1%,-0.4%,2013-06-18 07:30:00
2013-06-18,7:30am,USD,Housing Starts,Medium,0.91M,0.95M,0.86M,2013-06-18 07:30:00
2013-06-18,Day 2,All,G8 Meetings,High,,,,2013-06-18 00:00:00
2013-06-18,9:30am,NZD,GDT Price Index,Non-economic,2.4%,,-5.3%,2013-06-18 09:30:00
2013-06-18,5:45pm,NZD,Current Account,Medium,-0.66B,-0.64B,-3.23B,2013-06-18 17:45:00
2013-06-18,6:50pm,JPY,Trade Balance,Medium,-0.82T,-0.89T,-0.70T,2013-06-18 18:50:00
2013-06-18,7:00pm,AUD,CB Leading Index m/m,Medium,0.3%,,0.1%,2013-06-18 19:00:00
2013-06-18,7:30pm,AUD,MI Leading Index m/m,Non-economic,0.6%,,0.1%,2013-06-18 19:30:00
2013-06-19,3:30am,GBP,MPC Asset Purchase Facility Votes,High,3-0-6,3-0-6,3-0-6,2013-06-19 03:30:00
2013-06-19,3:30am,GBP,MPC Official Bank Rate Votes,High,0-0-9,0-0-9,0-0-9,2013-06-19 03:30:00
2013-06-19,4:00am,CHF,UBS Economic Expectations,Medium,2.2,,2.2,2013-06-19 04:00:00
2013-06-19,4:33am,EUR,German 10-y Bond Auction,Medium,1.55|1.5,,1.41|1.6,2013-06-19 04:33:00
2013-06-19,7:30am,CAD,Wholesale Sales m/m,Medium,0.2%,0.5%,0.1%,2013-06-19 07:30:00
2013-06-19,9:30am,USD,Crude Oil Inventories,Medium,0.3M,0.5M,2.5M,2013-06-19 09:30:00
2013-06-19,11:40am,CAD,BOC Gov Poloz Speaks,High,,,,2013-06-19 11:40:00
2013-06-19,1:00pm,USD,FOMC Economic Projections,High,,,,2013-06-19 13:00:00
2013-06-19,1:00pm,USD,FOMC Statement,High,,,,2013-06-19 13:00:00
2013-06-19,1:00pm,USD,Federal Funds Rate,Medium,<0.25%,<0.25%,<0.25%,2013-06-19 13:00:00
2013-06-19,1:30pm,USD,FOMC Press Conference,High,,,,2013-06-19 13:30:00
2013-06-19,3:00pm,GBP,BOE Gov King Speaks,Medium,,,,2013-06-19 15:00:00
2013-06-19,5:45pm,NZD,GDP q/q,High,0.3%,0.6%,1.5%,2013-06-19 17:45:00
2013-06-19,8:30pm,AUD,RBA Bulletin,Non-economic,,,,2013-06-19 20:30:00
2013-06-19,8:45pm,CNY,Caixin Flash Manufacturing PMI,High,48.3,49.4,49.2,2013-06-19 20:45:00
2013-06-19,11:30pm,CHF,SNB Financial Stability Report,Medium,,,,2013-06-19 23:30:00
2013-06-20,1:00am,CHF,Trade Balance,Non-economic,2.22B,2.45B,1.70B,2013-06-20 01:00:00
2013-06-20,1:00am,EUR,German PPI m/m,Medium,-0.3%,0.0%,-0.2%,2013-06-20 01:00:00
2013-06-20,2:00am,EUR,French Flash Manufacturing PMI,High,48.3,47.1,46.4,2013-06-20 02:00:00
2013-06-20,2:00am,EUR,French Flash Services PMI,Medium,46.5,45.0,44.3,2013-06-20 02:00:00
2013-06-20,2:30am,CHF,Libor Rate,High,<0.25%,<0.25%,<0.25%,2013-06-20 02:30:00
2013-06-20,2:30am,CHF,SNB Monetary Policy Assessment,High,,,,2013-06-20 02:30:00
2013-06-20,2:30am,CHF,SNB Press Conference,High,,,,2013-06-20 02:30:00
2013-06-20,2:30am,EUR,German Flash Manufacturing PMI,High,48.7,49.9,49.4,2013-06-20 02:30:00
2013-06-20,2:30am,EUR,German Flash Services PMI,Medium,51.3,50.1,49.7,2013-06-20 02:30:00
2013-06-20,3:00am,EUR,Flash Manufacturing PMI,Medium,48.7,48.6,48.3,2013-06-20 03:00:00
2013-06-20,3:00am,EUR,Flash Services PMI,Medium,48.6,47.7,47.2,2013-06-20 03:00:00
2013-06-20,3:30am,GBP,Retail Sales m/m,High,2.1%,0.8%,-1.1%,2013-06-20 03:30:00
2013-06-20,3:46am,EUR,Spanish 10-y Bond Auction,Medium,4.77|1.8,,4.52|2.5,2013-06-20 03:46:00
2013-06-20,All Day,EUR,Eurogroup Meetings,High,,,,2013-06-20 00:00:00
2013-06-20,5:00am,GBP,CBI Industrial Order Expectations,Medium,-18,-15,-20,2013-06-20 05:00:00
2013-06-20,7:30am,USD,Unemployment Claims,High,354K,343K,336K,2013-06-20 07:30:00
2013-06-20,8:00am,USD,Flash Manufacturing PMI,Medium,52.2,52.5,52.3,2013-06-20 08:00:00
2013-06-20,8:15am,GBP,MPC Member Fisher Speaks,Medium,,,,2013-06-20 08:15:00
2013-06-20,9:00am,EUR,Consumer Confidence,Non-economic,-19,-22,-22,2013-06-20 09:00:00
2013-06-20,9:00am,USD,Existing Home Sales,High,5.18M,5.01M,4.97M,2013-06-20 09:00:00
2013-06-20,9:00am,USD,Philly Fed Manufacturing Index,High,12.5,-0.6,-5.2,2013-06-20 09:00:00
2013-06-20,9:00am,USD,CB Leading Index m/m,Non-economic,0.1%,0.2%,0.8%,2013-06-20 09:00:00
2013-06-20,9:30am,USD,Natural Gas Storage,Non-economic,91B,89B,95B,2013-06-20 09:30:00
2013-06-21,1:35am,JPY,BOJ Gov Kuroda Speaks,High,,,,2013-06-21 01:35:00
2013-06-21,3:00am,EUR,Current Account,Medium,19.5B,15.1B,25.9B,2013-06-21 03:00:00
2013-06-21,3:30am,GBP,Public Sector Net Borrowing,Medium,10.5B,12.7B,6.6B,2013-06-21 03:30:00
2013-06-21,All Day,EUR,ECOFIN Meetings,Medium,,,,2013-06-21 00:00:00
2013-06-21,7:30am,CAD,Core CPI m/m,High,0.2%,0.3%,0.1%,2013-06-21 07:30:00
2013-06-21,7:30am,CAD,Core Retail Sales m/m,High,-0.3%,0.0%,-0.3%,2013-06-21 07:30:00
2013-06-21,7:30am,CAD,CPI m/m,Medium,0.2%,0.4%,-0.2%,2013-06-21 07:30:00
2013-06-21,7:30am,CAD,Retail Sales m/m,Medium,0.1%,0.2%,0.0%,2013-06-21 07:30:00
2013-06-23,5:45pm,NZD,Visitor Arrivals m/m,Non-economic,-0.6%,,2.1%,2013-06-23 17:45:00
2013-06-23,10:00pm,NZD,Credit Card Spending y/y,Non-economic,2.4%,,4.0%,2013-06-23 22:00:00
2013-06-24,3:00am,EUR,German ifo Business Climate,High,105.9,106.0,105.7,2013-06-24 03:00:00
2013-06-24,8:00am,EUR,Belgian NBB Business Climate,Non-economic,-12.8,-11.1,-12.4,2013-06-24 08:00:00
2013-06-24,6:50pm,JPY,SPPI y/y,Non-economic,0.3%,0.1%,-0.3%,2013-06-24 18:50:00
2013-06-25,3:00am,EUR,Italian Retail Sales m/m,Non-economic,-0.1%,0.0%,-0.3%,2013-06-25 03:00:00
2013-06-25,3:30am,GBP,Monetary Policy Report Hearings,High,,,,2013-06-25 03:30:00
2013-06-25,3:30am,GBP,High Street Lending,Medium,36.1K,33.1K,33.0K,2013-06-25 03:30:00
2013-06-25,5:00am,GBP,CBI Realized Sales,Medium,1,1,-11,2013-06-25 05:00:00
2013-06-25,6:30am,CHF,Gov Board Member Zurbrugg Speaks,Medium,,,,2013-06-25 06:30:00
2013-06-25,7:15am,EUR,ECB President Draghi Speaks,High,,,,2013-06-25 07:15:00
2013-06-25,7:30am,USD,Core Durable Goods Orders m/m,High,0.7%,0.0%,1.5%,2013-06-25 07:30:00
2013-06-25,7:30am,USD,Durable Goods Orders m/m,Medium,3.6%,3.0%,3.5%,2013-06-25 07:30:00
2013-06-25,8:00am,USD,S&P/CS Composite-20 HPI y/y,Medium,12.1%,10.6%,10.9%,2013-06-25 08:00:00
2013-06-25,8:00am,USD,HPI m/m,Non-economic,0.7%,1.2%,1.5%,2013-06-25 08:00:00
2013-06-25,8:59am,USD,Richmond Manufacturing Index,Non-economic,8,0,-2,2013-06-25 08:59:00
2013-06-25,9:00am,USD,CB Consumer Confidence,High,81.4,75.2,74.3,2013-06-25 09:00:00
2013-06-25,9:00am,USD,New Home Sales,High,476K,462K,466K,2013-06-25 09:00:00
2013-06-25,4:00pm,USD,Treasury Sec Lew Speaks,Medium,,,,2013-06-25 16:00:00
2013-06-25,9:00pm,NZD,RBNZ Statement of Intent,Medium,,,,2013-06-25 21:00:00
2013-06-26,1:00am,CHF,UBS Consumption Indicator,Non-economic,1.46,,1.43,2013-06-26 01:00:00
2013-06-26,1:00am,EUR,German GfK Consumer Climate,Medium,6.8,6.6,6.5,2013-06-26 01:00:00
2013-06-26,2:48am,EUR,ECB President Draghi Speaks,High,,,,2013-06-26 02:48:00
2013-06-26,All Day,EUR,ECOFIN Meetings,Medium,,,,2013-06-26 00:00:00
2013-06-26,4:30am,GBP,BOE Gov King Speaks,High,,,,2013-06-26 04:30:00
2013-06-26,4:30am,GBP,BOE Financial Stability Report,Medium,,,,2013-06-26 04:30:00
2013-06-26,4:30am,GBP,FPC Statement,Non-economic,,,,2013-06-26 04:30:00
2013-06-26,6:30am,GBP,Government Spending Review,Medium,,,,2013-06-26 06:30:00
2013-06-26,7:30am,USD,Final GDP q/q,Medium,1.8%,2.4%,2.4%,2013-06-26 07:30:00
2013-06-26,7:30am,USD,Final GDP Price Index q/q,Non-economic,1.2%,1.1%,1.1%,2013-06-26 07:30:00
2013-06-26,9:30am,USD,Crude Oil Inventories,Medium,0.0M,-1.9M,0.3M,2013-06-26 09:30:00
2013-06-26,11:00am,CAD,Gov Council Member Lane Speaks,Medium,,,,2013-06-26 11:00:00
2013-06-26,5:45pm,NZD,Trade Balance,High,71M,412M,174M,2013-06-26 17:45:00
2013-06-26,8:00pm,NZD,ANZ Business Confidence,High,50.1,,41.8,2013-06-26 20:00:00
2013-06-26,11:30pm,JPY,All Industries Activity m/m,Non-economic,0.4%,0.5%,0.2%,2013-06-26 23:30:00
2013-06-27,1:00am,EUR,German Import Prices m/m,Non-economic,-0.4%,-0.1%,-1.4%,2013-06-27 01:00:00
2013-06-27,2:00am,EUR,Spanish Flash CPI y/y,Non-economic,2.1%,1.9%,1.7%,2013-06-27 02:00:00
2013-06-27,2:55am,EUR,German Unemployment Change,Medium,-12K,7K,17K,2013-06-27 02:55:00
2013-06-27,3:00am,EUR,M3 Money Supply y/y,Medium,2.9%,2.9%,3.2%,2013-06-27 03:00:00
2013-06-27,3:00am,EUR,Private Loans y/y,Non-economic,-1.1%,-0.8%,-0.9%,2013-06-27 03:00:00
2013-06-27,3:10am,EUR,Retail PMI,Non-economic,49.1,,46.8,2013-06-27 03:10:00
2013-06-27,3:30am,GBP,Current Account,High,-14.5B,-11.9B,-13.6B,2013-06-27 03:30:00
2013-06-27,3:30am,GBP,Final GDP q/q,Medium,0.3%,0.3%,0.3%,2013-06-27 03:30:00
2013-06-27,3:30am,GBP,Revised Business Investment q/q,Non-economic,-1.9%,-0.4%,-0.4%,2013-06-27 03:30:00
2013-06-27,4:14am,EUR,Italian 10-y Bond Auction,High,4.55|1.5,,4.14|1.4,2013-06-27 04:14:00
2013-06-27,Day 1,EUR,EU Economic Summit,Medium,,,,2013-06-27 00:00:00
2013-06-27,7:30am,USD,Unemployment Claims,High,346K,347K,355K,2013-06-27 07:30:00
2013-06-27,7:30am,USD,Core PCE Price Index m/m,Medium,0.1%,0.1%,0.0%,2013-06-27 07:30:00
2013-06-27,7:30am,USD,Personal Spending m/m,Medium,0.3%,0.3%,-0.3%,2013-06-27 07:30:00
2013-06-27,7:30am,USD,Personal Income m/m,Non-economic,0.5%,0.2%,0.1%,2013-06-27 07:30:00
2013-06-27,8:00am,CHF,SNB Quarterly Bulletin,Non-economic,,,,2013-06-27 08:00:00
2013-06-27,9:00am,USD,Pending Home Sales m/m,High,6.7%,1.1%,-0.5%,2013-06-27 09:00:00
2013-06-27,9:00am,USD,FOMC Member Dudley Speaks,Medium,,,,2013-06-27 09:00:00
2013-06-27,9:30am,USD,FOMC Member Powell Speaks,Medium,,,,2013-06-27 09:30:00
2013-06-27,9:30am,USD,Natural Gas Storage,Non-economic,95B,89B,91B,2013-06-27 09:30:00
2013-06-27,5:45pm,NZD,Building Consents m/m,Medium,1.3%,,21.0%,2013-06-27 17:45:00
2013-06-27,6:05pm,GBP,GfK Consumer Confidence,Non-economic,-21,-21,-22,2013-06-27 18:05:00
2013-06-27,6:15pm,JPY,Final Manufacturing PMI,Non-economic,52.3,,51.5,2013-06-27 18:15:00
2013-06-27,6:30pm,JPY,Household Spending y/y,Medium,-1.6%,1.5%,1.5%,2013-06-27 18:30:00
2013-06-27,6:30pm,JPY,Tokyo Core CPI y/y,Medium,0.2%,0.2%,0.1%,2013-06-27 18:30:00
2013-06-27,6:30pm,JPY,National Core CPI y/y,Non-economic,0.0%,0.0%,-0.4%,2013-06-27 18:30:00
2013-06-27,6:30pm,JPY,Unemployment Rate,Non-economic,4.1%,4.0%,4.1%,2013-06-27 18:30:00
2013-06-27,6:50pm,JPY,Prelim Industrial Production m/m,Medium,2.0%,0.2%,1.7%,2013-06-27 18:50:00
2013-06-27,6:50pm,JPY,Retail Sales y/y,Medium,0.8%,0.1%,-0.2%,2013-06-27 18:50:00
2013-06-27,8:30pm,AUD,Private Sector Credit m/m,Medium,0.3%,0.2%,0.3%,2013-06-27 20:30:00
2013-06-28,12:00am,JPY,Housing Starts y/y,Non-economic,14.5%,6.3%,5.8%,2013-06-28 00:00:00
2013-06-28,1:00am,EUR,German Retail Sales m/m,Medium,0.8%,0.4%,-0.1%,2013-06-28 01:00:00
2013-06-28,1:00am,GBP,Nationwide HPI m/m,Medium,0.3%,0.4%,0.4%,2013-06-28 01:00:00
2013-06-28,All Day,EUR,German Prelim CPI m/m,Medium,0.1%,0.0%,0.4%,2013-06-28 00:00:00
2013-06-28,1:45am,EUR,French Consumer Spending m/m,Medium,0.5%,0.0%,-0.5%,2013-06-28 01:45:00
2013-06-28,2:00am,CHF,KOF Economic Barometer,Medium,1.16,1.21,1.09,2013-06-28 02:00:00
2013-06-28,3:30am,GBP,Index of Services 3m/3m,Non-economic,0.8%,0.2%,0.5%,2013-06-28 03:30:00
2013-06-28,4:00am,EUR,Italian Prelim CPI m/m,Non-economic,0.3%,0.1%,0.0%,2013-06-28 04:00:00
2013-06-28,Day 2,EUR,EU Economic Summit,Medium,,,,2013-06-28 00:00:00
2013-06-28,7:00am,USD,FOMC Member Stein Speaks,Medium,,,,2013-06-28 07:00:00
2013-06-28,7:30am,CAD,GDP m/m,High,0.1%,0.1%,0.2%,2013-06-28 07:30:00
2013-06-28,7:30am,CAD,RMPI m/m,Medium,0.2%,0.5%,-2.4%,2013-06-28 07:30:00
2013-06-28,7:30am,CAD,IPPI m/m,Non-economic,0.0%,0.7%,-0.9%,2013-06-28 07:30:00
2013-06-28,8:45am,USD,Chicago PMI,Medium,51.6,55.5,58.7,2013-06-28 08:45:00
2013-06-28,8:55am,USD,Revised UoM Consumer Sentiment,Medium,84.1,83.1,82.7,2013-06-28 08:55:00
2013-06-28,8:55am,USD,Revised UoM Inflation Expectations,Non-economic,3.0%,,3.2%,2013-06-28 08:55:00
2013-06-30,6:30pm,AUD,AIG Manufacturing Index,Non-economic,49.6,,43.8,2013-06-30 18:30:00
2013-06-30,6:30pm,USD,Treasury Sec Lew Speaks,Medium,,,,2013-06-30 18:30:00
2013-06-30,6:50pm,JPY,Tankan Manufacturing Index,Medium,4,3,-8,2013-06-30 18:50:00
2013-06-30,6:50pm,JPY,Tankan Non-Manufacturing Index,Medium,12,12,6,2013-06-30 18:50:00
2013-06-30,7:30pm,AUD,MI Inflation Gauge m/m,Non-economic,0.0%,,0.2%,2013-06-30 19:30:00
2013-06-30,8:00pm,CNY,Manufacturing PMI,High,50.1,50.1,50.8,2013-06-30 20:00:00
2013-06-30,8:45pm,CNY,RatingDog Manufacturing PMI,Medium,48.2,48.3,48.3,2013-06-30 20:45:00
2013-07-01,1:30am,AUD,Commodity Prices y/y,Non-economic,-10.5%,,-8.2%,2013-07-01 01:30:00
2013-07-01,2:15am,EUR,Spanish Manufacturing PMI,Medium,50.0,48.9,48.1,2013-07-01 02:15:00
2013-07-01,2:30am,CHF,Manufacturing PMI,Medium,51.9,52.5,52.2,2013-07-01 02:30:00
2013-07-01,2:45am,EUR,Italian Manufacturing PMI,Medium,49.1,47.8,47.3,2013-07-01 02:45:00
2013-07-01,2:50am,EUR,French Final Manufacturing PMI,Non-economic,48.4,48.3,48.3,2013-07-01 02:50:00
2013-07-01,2:55am,EUR,German Final Manufacturing PMI,Non-economic,48.6,48.7,48.7,2013-07-01 02:55:00
2013-07-01,3:00am,EUR,Final Manufacturing PMI,Non-economic,48.8,48.7,48.7,2013-07-01 03:00:00
2013-07-01,3:00am,EUR,Italian Monthly Unemployment Rate,Non-economic,12.2%,12.1%,12.0%,2013-07-01 03:00:00
2013-07-01,3:30am,GBP,Final Manufacturing PMI,High,52.5,51.3,51.5,2013-07-01 03:30:00
2013-07-01,3:30am,GBP,Net Lending to Individuals m/m,Medium,1.0B,1.4B,1.3B,2013-07-01 03:30:00
2013-07-01,3:30am,GBP,FPC Meeting Minutes,Non-economic,,,,2013-07-01 03:30:00
2013-07-01,3:30am,GBP,M4 Money Supply m/m,Non-economic,-0.1%,0.0%,0.3%,2013-07-01 03:30:00
2013-07-01,3:30am,GBP,Mortgage Approvals,Non-economic,58K,56K,54K,2013-07-01 03:30:00
2013-07-01,4:00am,EUR,CPI Flash Estimate y/y,Medium,1.6%,1.6%,1.4%,2013-07-01 04:00:00
2013-07-01,4:00am,EUR,Unemployment Rate,Medium,12.1%,12.3%,12.0%,2013-07-01 04:00:00
2013-07-01,4:00am,EUR,Core CPI Flash Estimate y/y,Non-economic,1.2%,,1.2%,2013-07-01 04:00:00
2013-07-01,All Day,CAD,Bank Holiday,Low,,,,2013-07-01 00:00:00
2013-07-01,8:00am,USD,Final Manufacturing PMI,Non-economic,51.9,52.4,52.2,2013-07-01 08:00:00
2013-07-01,9:00am,USD,ISM Manufacturing PMI,High,50.9,50.6,49.0,2013-07-01 09:00:00
2013-07-01,9:00am,USD,Construction Spending m/m,Non-economic,0.5%,0.6%,0.1%,2013-07-01 09:00:00
2013-07-01,9:00am,USD,ISM Manufacturing Prices,Non-economic,52.5,50.5,49.5,2013-07-01 09:00:00
2013-07-01,6:50pm,JPY,Monetary Base y/y,Non-economic,36.0%,41.2%,31.6%,2013-07-01 18:50:00
2013-07-01,8:00pm,NZD,ANZ Commodity Prices m/m,Non-economic,-3.7%,,-1.6%,2013-07-01 20:00:00
2013-07-01,8:30pm,JPY,Average Cash Earnings y/y,Medium,0.0%,0.6%,0.0%,2013-07-01 20:30:00
2013-07-01,10:45pm,JPY,10-y Bond Auction,Non-economic,0.88|2.4,,0.86|3.1,2013-07-01 22:45:00
2013-07-01,11:30pm,AUD,Cash Rate,High,2.75%,2.75%,2.75%,2013-07-01 23:30:00
2013-07-01,11:30pm,AUD,RBA Rate Statement,High,,,,2013-07-01 23:30:00
2013-07-02,2:00am,EUR,Spanish Unemployment Change,Medium,-127.2K,-83.5K,-98.3K,2013-07-02 02:00:00
2013-07-02,3:30am,GBP,Construction PMI,High,51.0,51.3,50.8,2013-07-02 03:30:00
2013-07-02,4:00am,EUR,PPI m/m,Non-economic,-0.3%,-0.2%,-0.6%,2013-07-02 04:00:00
2013-07-02,4:00am,GBP,MPC Member Tucker Speaks,Medium,,,,2013-07-02 04:00:00
2013-07-02,4:38am,GBP,10-y Bond Auction,Medium,2.58|1.8,,2.37|1.5,2013-07-02 04:38:00
2013-07-02,8:30am,CAD,Manufacturing PMI,Non-economic,52.4,,53.2,2013-07-02 08:30:00
2013-07-02,9:00am,USD,Factory Orders m/m,Medium,2.1%,2.0%,1.3%,2013-07-02 09:00:00
2013-07-02,9:00am,USD,RCM/TIPP Economic Optimism,Non-economic,47.1,49.3,49.0,2013-07-02 09:00:00
2013-07-02,9:30am,NZD,GDT Price Index,Non-economic,0.7%,,2.4%,2013-07-02 09:30:00
2013-07-02,All Day,USD,Total Vehicle Sales,Non-economic,16.0M,15.3M,15.3M,2013-07-02 00:00:00
2013-07-02,11:30am,USD,FOMC Member Dudley Speaks,Medium,,,,2013-07-02 11:30:00
2013-07-02,4:45pm,USD,FOMC Member Powell Speaks,Medium,,,,2013-07-02 16:45:00
2013-07-02,6:01pm,GBP,BRC Shop Price Index y/y,Non-economic,-0.2%,,-0.1%,2013-07-02 18:01:00
2013-07-02,6:30pm,AUD,AIG Services Index,Non-economic,41.5,,40.6,2013-07-02 18:30:00
2013-07-02,7:57pm,CNY,Non-Manufacturing PMI,Medium,53.9,,54.3,2013-07-02 19:57:00
2013-07-02,8:00pm,AUD,HIA New Home Sales m/m,Medium,1.6%,,3.9%,2013-07-02 20:00:00
2013-07-02,8:30pm,AUD,Goods Trade Balance,High,0.67B,0.05B,0.17B,2013-07-02 20:30:00
2013-07-02,8:30pm,AUD,Retail Sales m/m,High,0.1%,0.4%,-0.1%,2013-07-02 20:30:00
2013-07-02,8:45pm,CNY,RatingDog Services PMI,Medium,51.3,,51.2,2013-07-02 20:45:00
2013-07-02,9:55pm,AUD,RBA Gov Stevens Speaks,High,,,,2013-07-02 21:55:00
2013-07-03,2:15am,EUR,Spanish Services PMI,Medium,47.8,47.8,47.3,2013-07-03 02:15:00
2013-07-03,2:45am,EUR,Italian Services PMI,Medium,45.8,47.1,46.5,2013-07-03 02:45:00
2013-07-03,2:50am,EUR,French Final Services PMI,Non-economic,47.2,46.5,46.5,2013-07-03 02:50:00
2013-07-03,2:55am,EUR,German Final Services PMI,Non-economic,50.4,51.3,51.3,2013-07-03 02:55:00
2013-07-03,3:00am,EUR,Final Services PMI,Non-economic,48.3,48.6,48.6,2013-07-03 03:00:00
2013-07-03,3:30am,GBP,Final Services PMI,High,56.9,54.6,54.9,2013-07-03 03:30:00
2013-07-03,3:30am,GBP,BOE Credit Conditions Survey,Medium,,,,2013-07-03 03:30:00
2013-07-03,3:30am,GBP,Housing Equity Withdrawal q/q,Non-economic,-8.8B,-8.5B,-8.3B,2013-07-03 03:30:00
2013-07-03,4:00am,EUR,Retail Sales m/m,Medium,1.0%,0.4%,-0.2%,2013-07-03 04:00:00
2013-07-03,6:30am,USD,Challenger Job Cuts y/y,Non-economic,4.8%,,-41.2%,2013-07-03 06:30:00
2013-07-03,7:15am,USD,ADP Non-Farm Employment Change,High,188K,161K,134K,2013-07-03 07:15:00
2013-07-03,7:30am,CAD,Trade Balance,High,-0.3B,-0.7B,-1.0B,2013-07-03 07:30:00
2013-07-03,7:30am,USD,Trade Balance,High,-45.0B,-40.3B,-40.1B,2013-07-03 07:30:00
2013-07-03,7:30am,USD,Unemployment Claims,High,343K,345K,348K,2013-07-03 07:30:00
2013-07-03,9:00am,USD,ISM Services PMI,High,52.2,54.3,53.7,2013-07-03 09:00:00
2013-07-03,9:00am,USD,Treasury Sec Lew Speaks,Medium,,,,2013-07-03 09:00:00
2013-07-03,9:30am,USD,Crude Oil Inventories,Medium,-10.3M,-2.6M,0.0M,2013-07-03 09:30:00
2013-07-03,11:00am,USD,Natural Gas Storage,Non-economic,72B,75B,95B,2013-07-03 11:00:00
2013-07-03,7:30pm,JPY,BOJ Gov Kuroda Speaks,High,,,,2013-07-03 19:30:00
2013-07-03,8:30pm,AUD,Building Approvals m/m,High,-1.1%,-0.9%,9.5%,2013-07-03 20:30:00
2013-07-03,9:30pm,AUD,RBA Deputy Gov Lowe Speaks,Medium,,,,2013-07-03 21:30:00
2013-07-03,10:45pm,JPY,30-y Bond Auction,Non-economic,1.89|4.0,,1.87|4.1,2013-07-03 22:45:00
2013-07-04,2:00am,GBP,Halifax HPI m/m,Medium,0.6%,0.4%,0.5%,2013-07-04 02:00:00
2013-07-04,3:57am,EUR,French 10-y Bond Auction,Medium,2.32|1.7,,2.04|1.6,2013-07-04 03:57:00
2013-07-04,4:00am,EUR,Final GDP q/q,Non-economic,-0.3%,-0.2%,-0.2%,2013-07-04 04:00:00
2013-07-04,6:00am,GBP,Asset Purchase Facility,High,375B,375B,375B,2013-07-04 06:00:00
2013-07-04,6:00am,GBP,MPC Rate Statement,High,,,,2013-07-04 06:00:00
2013-07-04,6:00am,GBP,Official Bank Rate,High,0.50%,0.50%,0.50%,2013-07-04 06:00:00
2013-07-04,6:45am,EUR,Main Refinancing Rate,High,0.50%,0.50%,0.50%,2013-07-04 06:45:00
2013-07-04,All Day,USD,Bank Holiday,Low,,,,2013-07-04 00:00:00
2013-07-04,7:30am,EUR,ECB Press Conference,High,,,,2013-07-04 07:30:00
2013-07-04,6:30pm,AUD,AIG Construction Index,Non-economic,39.5,,35.3,2013-07-04 18:30:00
2013-07-05,12:00am,JPY,Leading Indicators,Non-economic,110.5%,96.3%,107.7%,2013-07-05 00:00:00
2013-07-05,1:45am,EUR,French Trade Balance,Non-economic,-6.0B,-4.5B,-4.5B,2013-07-05 01:45:00
2013-07-05,2:00am,CHF,Foreign Currency Reserves,Medium,435B,,441B,2013-07-05 02:00:00
2013-07-05,2:15am,CHF,CPI m/m,High,0.1%,-0.1%,0.1%,2013-07-05 02:15:00
2013-07-05,5:00am,EUR,German Factory Orders m/m,Medium,-1.3%,1.3%,-2.2%,2013-07-05 05:00:00
2013-07-05,7:30am,CAD,Employment Change,High,-0.4K,-4.2K,95.0K,2013-07-05 07:30:00
2013-07-05,7:30am,CAD,Unemployment Rate,High,7.1%,7.1%,7.1%,2013-07-05 07:30:00
2013-07-05,7:30am,USD,Non-Farm Employment Change,High,195K,163K,195K,2013-07-05 07:30:00
2013-07-05,7:30am,USD,Unemployment Rate,High,7.6%,7.5%,7.6%,2013-07-05 07:30:00
2013-07-05,7:30am,USD,Average Hourly Earnings m/m,Medium,0.4%,0.2%,0.1%,2013-07-05 07:30:00
2013-07-05,9:00am,CAD,Ivey PMI,High,55.3,59.6,63.1,2013-07-05 09:00:00
2013-07-07,4:30am,EUR,German Buba President Weidmann Speaks,Medium,,,,2013-07-07 04:30:00
2013-07-07,6:50pm,JPY,Current Account,High,0.62T,0.62T,0.85T,2013-07-07 18:50:00
2013-07-07,6:50pm,JPY,Bank Lending y/y,Non-economic,1.9%,,1.8%,2013-07-07 18:50:00
2013-07-07,8:30pm,AUD,ANZ Job Advertisements m/m,Medium,-1.8%,,-2.5%,2013-07-07 20:30:00
2013-07-07,9:35pm,NZD,REINZ HPI m/m,Medium,0.0%,,0.7%,2013-07-07 21:35:00
2013-07-08,12:00am,JPY,Economy Watchers Sentiment,Non-economic,53.0,55.6,55.7,2013-07-08 00:00:00
2013-07-08,12:45am,CHF,Unemployment Rate,Non-economic,3.2%,3.2%,3.2%,2013-07-08 00:45:00
2013-07-08,1:00am,EUR,German Trade Balance,Medium,14.1B,17.4B,17.5B,2013-07-08 01:00:00
2013-07-08,3:30am,EUR,Sentix Investor Confidence,Non-economic,-12.6,-11.5,-11.6,2013-07-08 03:30:00
2013-07-08,All Day,EUR,Eurogroup Meetings,High,,,,2013-07-08 00:00:00
2013-07-08,5:00am,EUR,German Industrial Production m/m,Medium,-1.0%,-0.5%,2.0%,2013-07-08 05:00:00
2013-07-08,7:30am,CAD,Building Permits m/m,High,4.5%,2.6%,11.2%,2013-07-08 07:30:00
2013-07-08,7:30am,EUR,ECB President Draghi Speaks,High,,,,2013-07-08 07:30:00
2013-07-08,8:30am,EUR,ECB President Draghi Speaks,High,,,,2013-07-08 08:30:00
2013-07-08,9:30am,CAD,BOC Business Outlook Survey,Medium,,,,2013-07-08 09:30:00
2013-07-08,2:00pm,USD,Consumer Credit m/m,Non-economic,19.6B,13.2B,10.9B,2013-07-08 14:00:00
2013-07-08,5:00pm,NZD,NZIER Business Confidence,High,32,,23,2013-07-08 17:00:00
2013-07-08,6:01pm,GBP,BRC Retail Sales Monitor y/y,Medium,1.4%,,1.8%,2013-07-08 18:01:00
2013-07-08,6:01pm,GBP,RICS House Price Balance,Non-economic,21%,9%,5%,2013-07-08 18:01:00
2013-07-08,6:50pm,JPY,M2 Money Stock y/y,Non-economic,3.8%,3.4%,3.5%,2013-07-08 18:50:00
2013-07-08,8:30pm,AUD,NAB Business Confidence,Medium,0,,-1,2013-07-08 20:30:00
2013-07-08,8:30pm,CNY,CPI y/y,High,2.7%,2.5%,2.1%,2013-07-08 20:30:00
2013-07-08,8:30pm,CNY,PPI y/y,Medium,-2.7%,-2.5%,-2.9%,2013-07-08 20:30:00
2013-07-09,1:00am,JPY,Prelim Machine Tool Orders y/y,Non-economic,-12.4%,,-7.4%,2013-07-09 01:00:00
2013-07-09,1:45am,EUR,French Gov Budget Balance,Non-economic,-72.6B,,-66.8B,2013-07-09 01:45:00
2013-07-09,2:15am,CHF,Retail Sales y/y,Medium,1.8%,3.7%,3.1%,2013-07-09 02:15:00
2013-07-09,3:30am,GBP,Manufacturing Production m/m,High,-0.8%,0.3%,-0.2%,2013-07-09 03:30:00
2013-07-09,3:30am,GBP,Goods Trade Balance,Medium,-8.5B,-8.4B,-8.4B,2013-07-09 03:30:00
2013-07-09,3:30am,GBP,Industrial Production m/m,Non-economic,0.0%,0.3%,-0.1%,2013-07-09 03:30:00
2013-07-09,All Day,EUR,ECOFIN Meetings,Medium,,,,2013-07-09 00:00:00
2013-07-09,6:30am,USD,NFIB Small Business Index,Non-economic,93.5,96.2,94.4,2013-07-09 06:30:00
2013-07-09,7:13am,CAD,Housing Starts,Non-economic,200K,189K,205K,2013-07-09 07:13:00
2013-07-09,9:00am,GBP,NIESR GDP Estimate,Medium,0.6%,,0.6%,2013-07-09 09:00:00
2013-07-09,9:00am,USD,JOLTS Job Openings,Medium,3.83M,3.81M,3.80M,2013-07-09 09:00:00
2013-07-09,6:50pm,JPY,Tertiary Industry Activity m/m,Medium,1.2%,0.9%,-0.5%,2013-07-09 18:50:00
2013-07-09,6:50pm,JPY,PPI y/y,Non-economic,1.2%,1.2%,0.5%,2013-07-09 18:50:00
2013-07-09,7:30pm,AUD,Westpac Consumer Sentiment,High,-0.1%,,4.7%,2013-07-09 19:30:00
2013-07-09,9:00pm,CNY,USD-Denominated Trade Balance,High,27.1B,27.8B,20.4B,2013-07-09 21:00:00
2013-07-10,12:00am,JPY,Consumer Confidence,Non-economic,44.3,47.2,45.7,2013-07-10 00:00:00
2013-07-10,1:00am,EUR,German Final CPI m/m,Non-economic,0.1%,0.1%,0.1%,2013-07-10 01:00:00
2013-07-10,1:45am,EUR,French Industrial Production m/m,Medium,-0.4%,-0.5%,2.2%,2013-07-10 01:45:00
2013-07-10,2:40am,AUD,RBA Deputy Gov Debelle Speaks,Medium,,,,2013-07-10 02:40:00
2013-07-10,3:00am,EUR,Italian Industrial Production m/m,Non-economic,0.1%,0.4%,-0.3%,2013-07-10 03:00:00
2013-07-10,9:00am,USD,Final Wholesale Inventories m/m,Non-economic,-0.5%,0.3%,-0.1%,2013-07-10 09:00:00
2013-07-10,9:30am,USD,Crude Oil Inventories,Medium,-9.9M,-2.9M,-10.3M,2013-07-10 09:30:00
2013-07-10,12:00pm,USD,10-y Bond Auction,High,2.67|2.6,,2.21|2.5,2013-07-10 12:00:00
2013-07-10,1:00pm,USD,FOMC Meeting Minutes,High,,,,2013-07-10 13:00:00
2013-07-10,3:10pm,USD,Fed Chairman Bernanke Speaks,High,,,,2013-07-10 15:10:00
2013-07-10,5:30pm,NZD,BusinessNZ Manufacturing Index,Medium,54.7,,59.0,2013-07-10 17:30:00
2013-07-10,5:45pm,NZD,FPI m/m,Non-economic,2.1%,,0.3%,2013-07-10 17:45:00
2013-07-10,6:50pm,JPY,Core Machinery Orders m/m,Medium,10.5%,1.9%,-8.8%,2013-07-10 18:50:00
2013-07-10,8:00pm,AUD,MI Inflation Expectations,Medium,2.6%,,2.3%,2013-07-10 20:00:00
2013-07-10,8:30pm,AUD,Employment Change,High,10.3K,0.3K,-0.7K,2013-07-10 20:30:00
2013-07-10,8:30pm,AUD,Unemployment Rate,High,5.7%,5.6%,5.6%,2013-07-10 20:30:00
2013-07-10,9:48pm,JPY,Monetary Policy Statement,High,,,,2013-07-10 21:48:00
2013-07-11,1:00am,EUR,German WPI m/m,Non-economic,-0.4%,0.3%,-0.4%,2013-07-11 01:00:00
2013-07-11,1:45am,EUR,French Final CPI m/m,Non-economic,0.2%,0.1%,0.1%,2013-07-11 01:45:00
2013-07-11,2:38am,JPY,BOJ Press Conference,High,,,,2013-07-11 02:38:00
2013-07-11,3:00am,EUR,German Buba President Weidmann Speaks,Medium,,,,2013-07-11 03:00:00
2013-07-11,3:00am,EUR,ECB Monthly Bulletin,Medium,,,,2013-07-11 03:00:00
2013-07-11,3:30am,GBP,MPC Member Miles Speaks,Medium,,,,2013-07-11 03:30:00
2013-07-11,4:42am,GBP,30-y Bond Auction,Non-economic,3.55|1.7,,3.29|2.0,2013-07-11 04:42:00
2013-07-11,7:30am,CAD,NHPI m/m,Medium,0.1%,0.3%,0.2%,2013-07-11 07:30:00
2013-07-11,7:30am,USD,Unemployment Claims,High,360K,342K,344K,2013-07-11 07:30:00
2013-07-11,7:30am,USD,Import Prices m/m,Medium,-0.2%,0.1%,-0.7%,2013-07-11 07:30:00
2013-07-11,9:30am,USD,Natural Gas Storage,Non-economic,82B,80B,72B,2013-07-11 09:30:00
2013-07-11,10:00am,USD,FOMC Member Tarullo Speaks,Non-economic,,,,2013-07-11 10:00:00
2013-07-11,12:00pm,USD,30-y Bond Auction,Non-economic,3.66|2.3,,3.36|2.5,2013-07-11 12:00:00
2013-07-11,12:54pm,USD,Federal Budget Balance,Medium,116.5B,42.1B,-138.7B,2013-07-11 12:54:00
2013-07-11,8:30pm,AUD,Home Loans m/m,High,1.8%,2.3%,1.2%,2013-07-11 20:30:00
2013-07-11,11:30pm,JPY,Revised Industrial Production m/m,Non-economic,1.9%,2.0%,2.0%,2013-07-11 23:30:00
2013-07-12,12:00am,JPY,BOJ Monthly Report,Non-economic,,,,2013-07-12 00:00:00
2013-07-12,3:00am,CNY,New Loans,Medium,861B,800B,667B,2013-07-12 03:00:00
2013-07-12,3:00am,CNY,M2 Money Supply y/y,Non-economic,14.0%,15.3%,15.8%,2013-07-12 03:00:00
2013-07-12,3:30am,GBP,Construction Output m/m,Non-economic,0.0%,,4.6%,2013-07-12 03:30:00
2013-07-12,4:00am,EUR,Industrial Production m/m,Medium,-0.3%,-0.2%,0.5%,2013-07-12 04:00:00
2013-07-12,4:00am,GBP,CB Leading Index m/m,Non-economic,0.4%,,0.2%,2013-07-12 04:00:00
2013-07-12,7:30am,USD,PPI m/m,High,0.8%,0.5%,0.5%,2013-07-12 07:30:00
2013-07-12,7:30am,USD,Core PPI m/m,Medium,0.2%,0.2%,0.1%,2013-07-12 07:30:00
2013-07-12,8:55am,USD,Prelim UoM Consumer Sentiment,High,83.9,85.3,84.1,2013-07-12 08:55:00
2013-07-12,8:55am,USD,Prelim UoM Inflation Expectations,Non-economic,3.3%,,3.2%,2013-07-12 08:55:00
2013-07-12,12:00pm,USD,FOMC Member Bullard Speaks,Medium,,,,2013-07-12 12:00:00
2013-07-14,5:30pm,NZD,BusinessNZ Services Index,Non-economic,55.0,,56.2,2013-07-14 17:30:00
2013-07-14,6:01pm,GBP,Rightmove HPI m/m,Non-economic,0.3%,,1.2%,2013-07-14 18:01:00
2013-07-14,All Day,JPY,Bank Holiday,Low,,,,2013-07-14 00:00:00
2013-07-14,8:30pm,AUD,New Motor Vehicle Sales m/m,Medium,4.0%,,0.3%,2013-07-14 20:30:00
2013-07-14,9:00pm,CNY,GDP q/y,High,7.5%,7.7%,7.7%,2013-07-14 21:00:00
2013-07-14,9:00pm,CNY,Fixed Asset Investment ytd/y,Medium,20.1%,20.3%,20.4%,2013-07-14 21:00:00
2013-07-14,9:00pm,CNY,Industrial Production y/y,Medium,8.9%,9.1%,9.2%,2013-07-14 21:00:00
2013-07-14,9:00pm,CNY,NBS Press Conference,Medium,,,,2013-07-14 21:00:00
2013-07-14,9:00pm,CNY,Retail Sales y/y,Non-economic,13.3%,12.9%,12.9%,2013-07-14 21:00:00
2013-07-15,2:15am,CHF,PPI m/m,Medium,0.1%,0.3%,-0.3%,2013-07-15 02:15:00
2013-07-15,7:00am,USD,FOMC Member Tarullo Speaks,Non-economic,,,,2013-07-15 07:00:00
2013-07-15,7:30am,USD,Core Retail Sales m/m,High,0.0%,0.5%,0.3%,2013-07-15 07:30:00
2013-07-15,7:30am,USD,Retail Sales m/m,High,0.4%,0.7%,0.5%,2013-07-15 07:30:00
2013-07-15,7:30am,USD,Empire State Manufacturing Index,Medium,9.5,5.2,7.8,2013-07-15 07:30:00
2013-07-15,9:00am,USD,Business Inventories m/m,Medium,0.1%,0.2%,0.2%,2013-07-15 09:00:00
2013-07-15,5:45pm,NZD,CPI q/q,High,0.2%,0.3%,0.4%,2013-07-15 17:45:00
2013-07-15,8:30pm,AUD,Monetary Policy Meeting Minutes,High,,,,2013-07-15 20:30:00
2013-07-16,3:00am,EUR,Italian Trade Balance,Non-economic,3.90B,2.14B,2.03B,2013-07-16 03:00:00
2013-07-16,3:30am,GBP,CPI y/y,High,2.9%,3.0%,2.7%,2013-07-16 03:30:00
2013-07-16,3:30am,GBP,PPI Input m/m,Medium,0.2%,-0.2%,-0.6%,2013-07-16 03:30:00
2013-07-16,3:30am,GBP,RPI y/y,Medium,3.3%,3.3%,3.1%,2013-07-16 03:30:00
2013-07-16,3:30am,GBP,Core CPI y/y,Non-economic,2.3%,2.3%,2.2%,2013-07-16 03:30:00
2013-07-16,3:30am,GBP,ONS HPI y/y,Non-economic,2.9%,2.9%,2.6%,2013-07-16 03:30:00
2013-07-16,3:30am,GBP,PPI Output m/m,Non-economic,0.1%,0.1%,0.0%,2013-07-16 03:30:00
2013-07-16,4:00am,EUR,German ZEW Economic Sentiment,High,36.3,39.8,38.5,2013-07-16 04:00:00
2013-07-16,4:00am,EUR,ZEW Economic Sentiment,Medium,32.8,31.8,30.6,2013-07-16 04:00:00
2013-07-16,4:00am,EUR,Final Core CPI y/y,Non-economic,1.2%,1.2%,1.2%,2013-07-16 04:00:00
2013-07-16,4:00am,EUR,Final CPI y/y,Non-economic,1.6%,1.6%,1.6%,2013-07-16 04:00:00
2013-07-16,4:00am,EUR,Trade Balance,Non-economic,14.6B,15.8B,15.2B,2013-07-16 04:00:00
2013-07-16,5:30am,GBP,MPC Member Fisher Speaks,Medium,,,,2013-07-16 05:30:00
2013-07-16,7:30am,CAD,Manufacturing Sales m/m,High,0.7%,0.7%,-2.1%,2013-07-16 07:30:00
2013-07-16,7:30am,USD,Core CPI m/m,High,0.2%,0.2%,0.2%,2013-07-16 07:30:00
2013-07-16,7:30am,USD,CPI y/y,High,1.8%,1.6%,1.4%,2013-07-16 07:30:00
2013-07-16,7:30am,USD,CPI m/m,Medium,0.5%,0.3%,0.1%,2013-07-16 07:30:00
2013-07-16,8:00am,USD,TIC Long-Term Purchases,Medium,-27.2B,14.3B,-21.8B,2013-07-16 08:00:00
2013-07-16,8:15am,USD,Capacity Utilization Rate,Medium,77.8%,77.8%,77.7%,2013-07-16 08:15:00
2013-07-16,8:15am,USD,Industrial Production m/m,Medium,0.3%,0.2%,0.0%,2013-07-16 08:15:00
2013-07-16,9:00am,USD,NAHB Housing Market Index,Non-economic,57,51,51,2013-07-16 09:00:00
2013-07-16,9:30am,NZD,GDT Price Index,Non-economic,5.3%,,0.7%,2013-07-16 09:30:00
2013-07-16,1:15pm,USD,FOMC Member George Speaks,Medium,,,,2013-07-16 13:15:00
2013-07-16,6:50pm,JPY,Monetary Policy Meeting Minutes,Medium,,,,2013-07-16 18:50:00
2013-07-16,7:30pm,AUD,MI Leading Index m/m,Non-economic,0.2%,,0.7%,2013-07-16 19:30:00
2013-07-16,9:00pm,CNY,CB Leading Index m/m,Non-economic,1.0%,,0.3%,2013-07-16 21:00:00
2013-07-16,9:00pm,CNY,Foreign Direct Investment ytd/y,Non-economic,4.9%,,1.0%,2013-07-16 21:00:00
2013-07-17,3:30am,GBP,Claimant Count Change,High,-21.2K,-7.5K,-16.2K,2013-07-17 03:30:00
2013-07-17,3:30am,GBP,MPC Asset Purchase Facility Votes,High,0-0-9,2-0-7,3-0-6,2013-07-17 03:30:00
2013-07-17,3:30am,GBP,MPC Official Bank Rate Votes,High,0-0-9,0-0-9,0-0-9,2013-07-17 03:30:00
2013-07-17,3:30am,GBP,Average Earnings Index 3m/y,Medium,1.7%,1.4%,1.3%,2013-07-17 03:30:00
2013-07-17,3:30am,GBP,Unemployment Rate,Medium,7.8%,7.8%,7.8%,2013-07-17 03:30:00
2013-07-17,4:00am,CHF,UBS Economic Expectations,Medium,4.8,,2.2,2013-07-17 04:00:00
2013-07-17,4:32am,EUR,German 10-y Bond Auction,Medium,1.57|1.6,,1.55|1.5,2013-07-17 04:32:00
2013-07-17,7:30am,CAD,Foreign Securities Purchases,Medium,6.74B,10.23B,14.91B,2013-07-17 07:30:00
2013-07-17,7:30am,USD,Building Permits,High,0.91M,1.00M,0.99M,2013-07-17 07:30:00
2013-07-17,7:30am,USD,Housing Starts,Medium,0.84M,0.96M,0.93M,2013-07-17 07:30:00
2013-07-17,9:00am,CAD,BOC Monetary Policy Report,High,,,,2013-07-17 09:00:00
2013-07-17,9:00am,CAD,BOC Rate Statement,High,,,,2013-07-17 09:00:00
2013-07-17,9:00am,CAD,Overnight Rate,High,1.00%,1.00%,1.00%,2013-07-17 09:00:00
2013-07-17,9:00am,USD,Fed Chairman Bernanke Testifies,High,,,,2013-07-17 09:00:00
2013-07-17,9:00am,USD,Fed Monetary Policy Report,Non-economic,,,,2013-07-17 09:00:00
2013-07-17,9:30am,USD,Crude Oil Inventories,Medium,-6.9M,-1.9M,-9.9M,2013-07-17 09:30:00
2013-07-17,10:15am,CAD,BOC Press Conference,High,,,,2013-07-17 10:15:00
2013-07-17,11:30am,USD,FOMC Member Raskin Speaks,Medium,,,,2013-07-17 11:30:00
2013-07-17,1:00pm,USD,Beige Book,Medium,,,,2013-07-17 13:00:00
2013-07-17,7:00pm,AUD,CB Leading Index m/m,Medium,0.0%,,0.3%,2013-07-17 19:00:00
2013-07-17,8:30pm,AUD,NAB Quarterly Business Confidence,Medium,-1,,2,2013-07-17 20:30:00
2013-07-18,1:00am,CHF,Trade Balance,Non-economic,2.73B,2.41B,2.12B,2013-07-18 01:00:00
2013-07-18,3:00am,EUR,Current Account,Medium,19.6B,21.3B,23.8B,2013-07-18 03:00:00
2013-07-18,3:30am,GBP,Retail Sales m/m,High,0.2%,0.2%,2.1%,2013-07-18 03:30:00
2013-07-18,3:54am,EUR,Spanish 10-y Bond Auction,Medium,4.72|2.3,,4.77|1.8,2013-07-18 03:54:00
2013-07-18,7:30am,CAD,Wholesale Sales m/m,Medium,2.3%,0.4%,0.4%,2013-07-18 07:30:00
2013-07-18,7:30am,USD,Unemployment Claims,High,334K,344K,358K,2013-07-18 07:30:00
2013-07-18,9:00am,USD,Philly Fed Manufacturing Index,High,19.8,8.5,12.5,2013-07-18 09:00:00
2013-07-18,9:00am,USD,CB Leading Index m/m,Non-economic,0.0%,0.3%,0.2%,2013-07-18 09:00:00
2013-07-18,9:30am,USD,Fed Chairman Bernanke Testifies,High,,,,2013-07-18 09:30:00
2013-07-18,9:30am,USD,Natural Gas Storage,Non-economic,58B,63B,82B,2013-07-18 09:30:00
2013-07-18,5:45pm,NZD,Visitor Arrivals m/m,Non-economic,-1.5%,,-0.7%,2013-07-18 17:45:00
2013-07-18,10:03pm,NZD,Credit Card Spending y/y,Non-economic,5.4%,,2.6%,2013-07-18 22:03:00
2013-07-18,11:32pm,JPY,All Industries Activity m/m,Non-economic,1.1%,1.3%,0.1%,2013-07-18 23:32:00
2013-07-19,1:00am,EUR,German PPI m/m,Medium,0.0%,-0.2%,-0.3%,2013-07-19 01:00:00
2013-07-19,3:30am,GBP,Public Sector Net Borrowing,Medium,10.2B,9.4B,12.8B,2013-07-19 03:30:00
2013-07-19,7:30am,CAD,Core CPI m/m,High,-0.2%,-0.2%,0.2%,2013-07-19 07:30:00
2013-07-19,7:30am,CAD,CPI m/m,Medium,0.0%,0.2%,0.2%,2013-07-19 07:30:00
2013-07-19,Day 1,All,G20 Meetings,High,,,,2013-07-19 00:00:00
2013-07-20,Day 2,All,G20 Meetings,Medium,,,,2013-07-20 00:00:00
2013-07-20,All Day,JPY,Upper House Elections,High,,,,2013-07-20 00:00:00
2013-07-22,5:00am,EUR,German Buba Monthly Report,Medium,,,,2013-07-22 05:00:00
2013-07-22,9:00am,USD,Existing Home Sales,High,5.08M,5.27M,5.14M,2013-07-22 09:00:00
2013-07-23,3:30am,GBP,High Street Lending,Medium,37.3K,38.5K,36.3K,2013-07-23 03:30:00
2013-07-23,7:30am,CAD,Core Retail Sales m/m,High,1.2%,0.1%,-0.2%,2013-07-23 07:30:00
2013-07-23,7:30am,CAD,Retail Sales m/m,Medium,1.9%,0.4%,0.2%,2013-07-23 07:30:00
2013-07-23,8:00am,USD,HPI m/m,Non-economic,0.7%,0.9%,0.5%,2013-07-23 08:00:00
2013-07-23,8:59am,USD,Richmond Manufacturing Index,Non-economic,-11,7,8,2013-07-23 08:59:00
2013-07-23,9:00am,EUR,Consumer Confidence,Non-economic,-17,-18,-19,2013-07-23 09:00:00
2013-07-23,5:45pm,NZD,Trade Balance,High,414M,5M,39M,2013-07-23 17:45:00
2013-07-23,6:50pm,JPY,Trade Balance,Medium,-0.60T,-0.58T,-0.78T,2013-07-23 18:50:00
2013-07-23,8:30pm,AUD,CPI m/m,High,0.4%,0.5%,0.4%,2013-07-23 20:30:00
2013-07-23,8:30pm,AUD,Trimmed Mean CPI m/m,Medium,0.5%,0.5%,0.4%,2013-07-23 20:30:00
2013-07-23,8:45pm,CNY,Caixin Flash Manufacturing PMI,High,47.7,48.6,48.2,2013-07-23 20:45:00
2013-07-24,2:00am,EUR,French Flash Manufacturing PMI,High,49.8,48.9,48.4,2013-07-24 02:00:00
2013-07-24,2:00am,EUR,French Flash Services PMI,Medium,48.3,47.7,47.2,2013-07-24 02:00:00
2013-07-24,2:30am,EUR,German Flash Manufacturing PMI,High,50.3,49.3,48.6,2013-07-24 02:30:00
2013-07-24,2:30am,EUR,German Flash Services PMI,Medium,52.5,50.9,50.4,2013-07-24 02:30:00
2013-07-24,3:00am,EUR,Flash Manufacturing PMI,Medium,50.1,49.1,48.8,2013-07-24 03:00:00
2013-07-24,3:00am,EUR,Flash Services PMI,Medium,49.6,48.9,48.3,2013-07-24 03:00:00
2013-07-24,3:00am,EUR,Italian Retail Sales m/m,Non-economic,0.1%,0.4%,-0.1%,2013-07-24 03:00:00
2013-07-24,5:00am,GBP,CBI Industrial Order Expectations,Medium,-12,-12,-18,2013-07-24 05:00:00
2013-07-24,8:00am,USD,Flash Manufacturing PMI,Medium,53.2,52.5,51.9,2013-07-24 08:00:00
2013-07-24,9:00am,USD,New Home Sales,High,497K,482K,459K,2013-07-24 09:00:00
2013-07-24,9:30am,USD,Crude Oil Inventories,Medium,-2.8M,-2.5M,-6.9M,2013-07-24 09:30:00
2013-07-24,4:00pm,NZD,Official Cash Rate,High,2.50%,2.50%,2.50%,2013-07-24 16:00:00
2013-07-24,4:00pm,NZD,RBNZ Rate Statement,High,,,,2013-07-24 16:00:00
2013-07-24,6:50pm,JPY,SPPI y/y,Non-economic,0.4%,0.7%,0.3%,2013-07-24 18:50:00
2013-07-25,2:00am,EUR,Spanish Unemployment Rate,Medium,26.3%,27.2%,27.2%,2013-07-25 02:00:00
2013-07-25,3:00am,EUR,German ifo Business Climate,High,106.2,106.3,105.9,2013-07-25 03:00:00
2013-07-25,3:00am,EUR,M3 Money Supply y/y,Medium,2.3%,3.0%,2.9%,2013-07-25 03:00:00
2013-07-25,3:00am,EUR,Private Loans y/y,Non-economic,-1.6%,-0.9%,-1.1%,2013-07-25 03:00:00
2013-07-25,3:30am,GBP,Prelim GDP q/q,High,0.6%,0.6%,0.3%,2013-07-25 03:30:00
2013-07-25,3:30am,GBP,Index of Services 3m/3m,Non-economic,0.8%,0.7%,0.8%,2013-07-25 03:30:00
2013-07-25,7:30am,USD,Core Durable Goods Orders m/m,High,0.0%,0.5%,0.5%,2013-07-25 07:30:00
2013-07-25,7:30am,USD,Unemployment Claims,High,343K,339K,336K,2013-07-25 07:30:00
2013-07-25,7:30am,USD,Durable Goods Orders m/m,Medium,4.2%,1.1%,3.7%,2013-07-25 07:30:00
2013-07-25,7:45am,USD,Treasury Sec Lew Speaks,Medium,,,,2013-07-25 07:45:00
2013-07-25,8:00am,EUR,Belgian NBB Business Climate,Non-economic,-12.0,-11.2,-12.8,2013-07-25 08:00:00
2013-07-25,9:30am,USD,Natural Gas Storage,Non-economic,41B,44B,58B,2013-07-25 09:30:00
2013-07-25,6:30pm,JPY,Tokyo Core CPI y/y,Medium,0.3%,0.3%,0.2%,2013-07-25 18:30:00
2013-07-25,6:30pm,JPY,National Core CPI y/y,Non-economic,0.4%,0.3%,0.0%,2013-07-25 18:30:00
2013-07-26,1:00am,EUR,German Import Prices m/m,Non-economic,-0.8%,0.4%,-0.4%,2013-07-26 01:00:00
2013-07-26,8:55am,USD,Revised UoM Consumer Sentiment,Medium,85.1,84.0,83.9,2013-07-26 08:55:00
2013-07-26,8:55am,USD,Revised UoM Inflation Expectations,Non-economic,3.1%,,3.3%,2013-07-26 08:55:00
2013-07-28,6:50pm,JPY,Retail Sales y/y,Medium,1.6%,1.7%,0.8%,2013-07-28 18:50:00
2013-07-28,11:16pm,JPY,BOJ Gov Kuroda Speaks,High,,,,2013-07-28 23:16:00
2013-07-29,3:30am,GBP,Net Lending to Individuals m/m,Medium,1.5B,1.4B,1.2B,2013-07-29 03:30:00
2013-07-29,3:30am,GBP,M4 Money Supply m/m,Non-economic,0.1%,0.2%,0.0%,2013-07-29 03:30:00
2013-07-29,3:30am,GBP,Mortgage Approvals,Non-economic,58K,60K,58K,2013-07-29 03:30:00
2013-07-29,5:00am,GBP,CBI Realized Sales,Medium,17,11,1,2013-07-29 05:00:00
2013-07-29,9:00am,USD,Pending Home Sales m/m,High,-0.4%,-1.1%,5.8%,2013-07-29 09:00:00
2013-07-29,5:45pm,NZD,Building Consents m/m,Medium,-4.0%,,1.0%,2013-07-29 17:45:00
2013-07-29,6:30pm,JPY,Household Spending y/y,Medium,-0.4%,1.2%,-1.6%,2013-07-29 18:30:00
2013-07-29,6:30pm,JPY,Unemployment Rate,Non-economic,3.9%,4.0%,4.1%,2013-07-29 18:30:00
2013-07-29,6:50pm,JPY,Prelim Industrial Production m/m,Medium,-3.3%,-1.4%,1.9%,2013-07-29 18:50:00
2013-07-29,8:30pm,AUD,Building Approvals m/m,High,-6.9%,2.2%,-4.3%,2013-07-29 20:30:00
2013-07-29,10:05pm,AUD,RBA Gov Stevens Speaks,High,,,,2013-07-29 22:05:00
2013-07-30,1:00am,EUR,German GfK Consumer Climate,Medium,7.0,6.9,6.8,2013-07-30 01:00:00
2013-07-30,All Day,EUR,German Prelim CPI m/m,Medium,0.5%,0.3%,0.1%,2013-07-30 00:00:00
2013-07-30,2:00am,EUR,Spanish Flash GDP q/q,Medium,-0.1%,-0.1%,-0.5%,2013-07-30 02:00:00
2013-07-30,2:00am,EUR,Spanish Flash CPI y/y,Non-economic,1.8%,1.8%,2.1%,2013-07-30 02:00:00
2013-07-30,3:10am,EUR,Retail PMI,Non-economic,49.5,,49.1,2013-07-30 03:10:00
2013-07-30,4:13am,EUR,Italian 10-y Bond Auction,Medium,4.46|1.3,,4.55|1.5,2013-07-30 04:13:00
2013-07-30,7:30am,CAD,RMPI m/m,Medium,0.3%,0.0%,0.2%,2013-07-30 07:30:00
2013-07-30,7:30am,CAD,IPPI m/m,Non-economic,0.3%,0.1%,0.0%,2013-07-30 07:30:00
2013-07-30,8:00am,USD,S&P/CS Composite-20 HPI y/y,Medium,12.2%,12.4%,12.1%,2013-07-30 08:00:00
2013-07-30,9:00am,USD,CB Consumer Confidence,High,80.3,81.1,82.1,2013-07-30 09:00:00
2013-07-30,11:06am,GBP,GfK Consumer Confidence,Non-economic,-16,-19,-21,2013-07-30 11:06:00
2013-07-30,1:00pm,USD,President Obama Speaks,Medium,,,,2013-07-30 13:00:00
2013-07-30,6:01pm,GBP,BRC Shop Price Index y/y,Non-economic,-0.5%,,-0.2%,2013-07-30 18:01:00
2013-07-30,6:15pm,JPY,Final Manufacturing PMI,Non-economic,50.7,,52.3,2013-07-30 18:15:00
2013-07-30,8:00pm,NZD,ANZ Business Confidence,High,52.8,,50.1,2013-07-30 20:00:00
2013-07-30,8:30pm,AUD,Private Sector Credit m/m,Medium,0.4%,0.3%,0.3%,2013-07-30 20:30:00
2013-07-30,8:30pm,JPY,Average Cash Earnings y/y,Medium,0.1%,0.2%,-0.1%,2013-07-30 20:30:00
2013-07-31,12:00am,JPY,Housing Starts y/y,Non-economic,15.3%,15.9%,14.5%,2013-07-31 00:00:00
2013-07-31,1:00am,CHF,UBS Consumption Indicator,Non-economic,1.44,,1.45,2013-07-31 01:00:00
2013-07-31,1:00am,EUR,German Retail Sales m/m,Medium,-1.5%,0.1%,0.7%,2013-07-31 01:00:00
2013-07-31,1:45am,EUR,French Consumer Spending m/m,Medium,-0.8%,0.1%,0.7%,2013-07-31 01:45:00
2013-07-31,2:00am,CHF,KOF Economic Barometer,Medium,1.23,1.21,1.15,2013-07-31 02:00:00
2013-07-31,2:55am,EUR,German Unemployment Change,Medium,-7K,-1K,-13K,2013-07-31 02:55:00
2013-07-31,3:00am,EUR,Italian Monthly Unemployment Rate,Non-economic,12.1%,12.3%,12.2%,2013-07-31 03:00:00
2013-07-31,4:00am,EUR,CPI Flash Estimate y/y,Medium,1.6%,1.6%,1.6%,2013-07-31 04:00:00
2013-07-31,4:00am,EUR,Unemployment Rate,Medium,12.1%,12.2%,12.1%,2013-07-31 04:00:00
2013-07-31,4:00am,EUR,Core CPI Flash Estimate y/y,Non-economic,1.1%,,1.2%,2013-07-31 04:00:00
2013-07-31,4:00am,EUR,Italian Prelim CPI m/m,Non-economic,0.0%,0.3%,0.3%,2013-07-31 04:00:00
2013-07-31,4:34am,EUR,German 30-y Bond Auction,Non-economic,2.47|1.6,,2.16|1.5,2013-07-31 04:34:00
2013-07-31,7:15am,USD,ADP Non-Farm Employment Change,High,200K,179K,198K,2013-07-31 07:15:00
2013-07-31,7:30am,CAD,GDP m/m,High,0.2%,0.2%,0.1%,2013-07-31 07:30:00
2013-07-31,7:30am,USD,Advance GDP q/q,High,1.7%,1.1%,1.8%,2013-07-31 07:30:00
2013-07-31,7:30am,USD,Advance GDP Price Index q/q,Medium,0.7%,1.1%,1.2%,2013-07-31 07:30:00
2013-07-31,7:30am,USD,Employment Cost Index q/q,Medium,0.5%,0.4%,0.3%,2013-07-31 07:30:00
2013-07-31,8:45am,USD,Chicago PMI,Medium,52.3,53.7,51.6,2013-07-31 08:45:00
2013-07-31,9:30am,USD,Crude Oil Inventories,Medium,0.4M,-2.1M,-2.8M,2013-07-31 09:30:00
2013-07-31,1:00pm,USD,FOMC Statement,High,,,,2013-07-31 13:00:00
2013-07-31,1:00pm,USD,Federal Funds Rate,Medium,<0.25%,<0.25%,<0.25%,2013-07-31 13:00:00
2013-07-31,6:30pm,AUD,AIG Manufacturing Index,Non-economic,42.0,,49.6,2013-07-31 18:30:00
2013-07-31,7:58pm,CNY,Manufacturing PMI,High,50.3,49.8,50.1,2013-07-31 19:58:00
2013-07-31,8:00pm,AUD,HIA New Home Sales m/m,Medium,3.4%,,1.6%,2013-07-31 20:00:00
2013-07-31,8:30pm,AUD,Import Prices q/q,Medium,-0.3%,1.9%,0.0%,2013-07-31 20:30:00
2013-07-31,8:45pm,CNY,RatingDog Manufacturing PMI,Medium,47.7,47.7,47.7,2013-07-31 20:45:00
2013-07-31,10:45pm,JPY,10-y Bond Auction,Non-economic,0.80|3.5,,0.88|2.4,2013-07-31 22:45:00
2013-08-01,All Day,CHF,Bank Holiday,Low,,,,2013-08-01 00:00:00
2013-08-01,1:30am,AUD,Commodity Prices y/y,Non-economic,-11.8%,,-10.4%,2013-08-01 01:30:00
2013-08-01,2:15am,EUR,Spanish Manufacturing PMI,Medium,49.8,50.7,50.0,2013-08-01 02:15:00
2013-08-01,2:45am,EUR,Italian Manufacturing PMI,Medium,50.4,49.8,49.1,2013-08-01 02:45:00
2013-08-01,2:50am,EUR,French Final Manufacturing PMI,Non-economic,49.7,49.8,49.8,2013-08-01 02:50:00
2013-08-01,2:55am,EUR,German Final Manufacturing PMI,Non-economic,50.7,50.3,50.3,2013-08-01 02:55:00
2013-08-01,3:00am,EUR,Final Manufacturing PMI,Non-economic,50.3,50.1,50.1,2013-08-01 03:00:00
2013-08-01,3:30am,GBP,Final Manufacturing PMI,High,54.6,52.8,52.9,2013-08-01 03:30:00
2013-08-01,6:00am,GBP,Asset Purchase Facility,High,375B,375B,375B,2013-08-01 06:00:00
2013-08-01,6:00am,GBP,Official Bank Rate,High,0.50%,0.50%,0.50%,2013-08-01 06:00:00
2013-08-01,6:30am,USD,Challenger Job Cuts y/y,Non-economic,2.3%,,4.8%,2013-08-01 06:30:00
2013-08-01,6:45am,EUR,Main Refinancing Rate,High,0.50%,0.50%,0.50%,2013-08-01 06:45:00
2013-08-01,7:30am,EUR,ECB Press Conference,High,,,,2013-08-01 07:30:00
2013-08-01,7:30am,USD,Unemployment Claims,High,326K,346K,345K,2013-08-01 07:30:00
2013-08-01,8:00am,USD,Final Manufacturing PMI,Non-economic,53.7,53.1,53.2,2013-08-01 08:00:00
2013-08-01,8:30am,CAD,Manufacturing PMI,Non-economic,52.0,,52.4,2013-08-01 08:30:00
2013-08-01,9:00am,USD,ISM Manufacturing PMI,High,55.4,52.1,50.9,2013-08-01 09:00:00
2013-08-01,9:00am,USD,Construction Spending m/m,Non-economic,-0.6%,0.4%,1.3%,2013-08-01 09:00:00
2013-08-01,9:00am,USD,ISM Manufacturing Prices,Non-economic,49.0,53.0,52.5,2013-08-01 09:00:00
2013-08-01,9:30am,USD,Natural Gas Storage,Non-economic,59B,55B,41B,2013-08-01 09:30:00
2013-08-01,All Day,USD,Total Vehicle Sales,Non-economic,15.7M,15.8M,16.0M,2013-08-01 00:00:00
2013-08-01,6:50pm,JPY,Monetary Base y/y,Non-economic,38.0%,43.2%,36.0%,2013-08-01 18:50:00
2013-08-01,8:30pm,AUD,PPI q/q,High,0.1%,0.5%,0.3%,2013-08-01 20:30:00
2013-08-02,1:00am,GBP,Nationwide HPI m/m,Medium,0.8%,0.4%,0.3%,2013-08-02 01:00:00
2013-08-02,2:00am,EUR,Spanish Unemployment Change,Medium,-64.9K,-80.0K,-127.2K,2013-08-02 02:00:00
2013-08-02,2:30am,CHF,Manufacturing PMI,Medium,57.4,53.1,51.9,2013-08-02 02:30:00
2013-08-02,3:30am,GBP,Construction PMI,High,57.0,51.6,51.0,2013-08-02 03:30:00
2013-08-02,4:00am,EUR,PPI m/m,Non-economic,0.0%,0.1%,-0.2%,2013-08-02 04:00:00
2013-08-02,7:30am,USD,Non-Farm Employment Change,High,162K,184K,188K,2013-08-02 07:30:00
2013-08-02,7:30am,USD,Unemployment Rate,High,7.4%,7.5%,7.6%,2013-08-02 07:30:00
2013-08-02,7:30am,USD,Average Hourly Earnings m/m,Medium,-0.1%,0.2%,0.4%,2013-08-02 07:30:00
2013-08-02,7:30am,USD,Core PCE Price Index m/m,Medium,0.2%,0.1%,0.1%,2013-08-02 07:30:00
2013-08-02,7:30am,USD,Personal Income m/m,Non-economic,0.3%,0.5%,0.4%,2013-08-02 07:30:00
2013-08-02,7:30am,USD,Personal Spending m/m,Non-economic,0.5%,0.5%,0.2%,2013-08-02 07:30:00
2013-08-02,9:00am,USD,Factory Orders m/m,Medium,1.5%,2.3%,3.0%,2013-08-02 09:00:00
2013-08-02,11:15am,USD,FOMC Member Bullard Speaks,High,,,,2013-08-02 11:15:00
2013-08-02,8:00pm,CNY,Non-Manufacturing PMI,Medium,54.1,,53.9,2013-08-02 20:00:00
2013-08-04,All Day,AUD,Bank Holiday,Low,,,,2013-08-04 00:00:00
2013-08-04,6:30pm,AUD,AIG Services Index,Non-economic,39.4,,41.5,2013-08-04 18:30:00
2013-08-04,7:30pm,AUD,MI Inflation Gauge m/m,Non-economic,0.5%,,0.0%,2013-08-04 19:30:00
2013-08-04,8:00pm,NZD,ANZ Commodity Prices m/m,Non-economic,0.6%,,-3.7%,2013-08-04 20:00:00
2013-08-04,8:30pm,AUD,Retail Sales m/m,High,0.0%,0.4%,0.2%,2013-08-04 20:30:00
2013-08-04,8:45pm,CNY,RatingDog Services PMI,Medium,51.3,,51.3,2013-08-04 20:45:00
2013-08-05,2:15am,EUR,Spanish Services PMI,Medium,48.5,48.4,47.8,2013-08-05 02:15:00
2013-08-05,2:45am,EUR,Italian Services PMI,Medium,48.7,46.6,45.8,2013-08-05 02:45:00
2013-08-05,2:50am,EUR,French Final Services PMI,Non-economic,48.6,48.3,48.3,2013-08-05 02:50:00
2013-08-05,2:55am,EUR,German Final Services PMI,Non-economic,51.3,52.5,52.5,2013-08-05 02:55:00
2013-08-05,3:00am,EUR,Final Services PMI,Non-economic,49.8,49.6,49.6,2013-08-05 03:00:00
2013-08-05,3:30am,EUR,Sentix Investor Confidence,Non-economic,-4.9,9.8,-12.6,2013-08-05 03:30:00
2013-08-05,3:30am,GBP,Final Services PMI,High,60.2,57.4,56.9,2013-08-05 03:30:00
2013-08-05,4:00am,EUR,Retail Sales m/m,Medium,-0.5%,-0.6%,1.1%,2013-08-05 04:00:00
2013-08-05,All Day,CAD,Bank Holiday,Low,,,,2013-08-05 00:00:00
2013-08-05,9:00am,USD,ISM Services PMI,High,56.0,53.2,52.2,2013-08-05 09:00:00
2013-08-05,1:00pm,USD,Loan Officer Survey,Non-economic,,,,2013-08-05 13:00:00
2013-08-05,6:01pm,GBP,BRC Retail Sales Monitor y/y,Medium,2.2%,,1.4%,2013-08-05 18:01:00
2013-08-05,8:30pm,AUD,Goods Trade Balance,High,0.60B,0.81B,0.51B,2013-08-05 20:30:00
2013-08-05,8:30pm,AUD,ANZ Job Advertisements m/m,Medium,-1.1%,,-1.6%,2013-08-05 20:30:00
2013-08-05,8:30pm,AUD,HPI q/q,Medium,2.4%,1.3%,0.8%,2013-08-05 20:30:00
2013-08-05,11:30pm,AUD,Cash Rate,High,2.50%,2.50%,2.75%,2013-08-05 23:30:00
2013-08-05,11:30pm,AUD,RBA Rate Statement,High,,,,2013-08-05 23:30:00
2013-08-06,12:00am,JPY,Leading Indicators,Non-economic,107.0%,108.0%,110.7%,2013-08-06 00:00:00
2013-08-06,2:00am,GBP,Halifax HPI m/m,Medium,0.9%,0.3%,0.7%,2013-08-06 02:00:00
2013-08-06,3:00am,EUR,Italian Industrial Production m/m,Non-economic,0.3%,0.5%,0.1%,2013-08-06 03:00:00
2013-08-06,3:30am,GBP,Manufacturing Production m/m,High,1.9%,0.9%,-0.7%,2013-08-06 03:30:00
2013-08-06,3:30am,GBP,Industrial Production m/m,Non-economic,1.1%,0.7%,0.0%,2013-08-06 03:30:00
2013-08-06,4:00am,EUR,Italian Prelim GDP q/q,Medium,-0.2%,-0.4%,-0.6%,2013-08-06 04:00:00
2013-08-06,5:00am,EUR,German Factory Orders m/m,Medium,3.8%,1.1%,-0.5%,2013-08-06 05:00:00
2013-08-06,7:30am,CAD,Trade Balance,High,-0.5B,-0.5B,-0.8B,2013-08-06 07:30:00
2013-08-06,7:30am,USD,Trade Balance,High,-34.2B,-43.1B,-44.1B,2013-08-06 07:30:00
2013-08-06,9:00am,GBP,NIESR GDP Estimate,Medium,0.7%,,0.6%,2013-08-06 09:00:00
2013-08-06,9:00am,USD,JOLTS Job Openings,Medium,3.94M,3.91M,3.91M,2013-08-06 09:00:00
2013-08-06,9:00am,USD,RCM/TIPP Economic Optimism,Non-economic,45.1,47.9,47.1,2013-08-06 09:00:00
2013-08-06,9:30am,NZD,GDT Price Index,Non-economic,-2.4%,,5.3%,2013-08-06 09:30:00
2013-08-06,12:00pm,USD,FOMC Member Evans Speaks,Medium,,,,2013-08-06 12:00:00
2013-08-06,5:45pm,NZD,Employment Change q/q,High,0.4%,0.4%,1.7%,2013-08-06 17:45:00
2013-08-06,5:45pm,NZD,Unemployment Rate,High,6.4%,6.3%,6.2%,2013-08-06 17:45:00
2013-08-06,5:45pm,NZD,Labor Cost Index q/q,Non-economic,0.4%,0.5%,0.4%,2013-08-06 17:45:00
2013-08-06,6:30pm,AUD,AIG Construction Index,Non-economic,44.1,,39.5,2013-08-06 18:30:00
2013-08-06,8:30pm,AUD,Home Loans m/m,Medium,2.7%,2.2%,1.7%,2013-08-06 20:30:00
2013-08-06,8:30pm,AUD,RBA Deputy Gov Debelle Speaks,Medium,,,,2013-08-06 20:30:00
2013-08-07,12:45am,CHF,SECO Consumer Climate,Medium,-9,-2,-5,2013-08-07 00:45:00
2013-08-07,1:45am,EUR,French Trade Balance,Non-economic,-4.4B,-5.0B,-5.7B,2013-08-07 01:45:00
2013-08-07,2:00am,CHF,Foreign Currency Reserves,Medium,435B,,435B,2013-08-07 02:00:00
2013-08-07,2:15am,CHF,CPI m/m,High,-0.4%,-0.3%,0.1%,2013-08-07 02:15:00
2013-08-07,4:30am,GBP,BOE Gov Carney Speaks,High,,,,2013-08-07 04:30:00
2013-08-07,4:30am,GBP,BOE Monetary Policy Report,High,,,,2013-08-07 04:30:00
2013-08-07,5:00am,EUR,German Industrial Production m/m,Medium,2.4%,0.3%,-0.8%,2013-08-07 05:00:00
2013-08-07,7:30am,CAD,Building Permits m/m,High,-10.3%,-2.5%,5.8%,2013-08-07 07:30:00
2013-08-07,9:00am,CAD,Ivey PMI,High,48.4,56.3,55.3,2013-08-07 09:00:00
2013-08-07,9:30am,USD,Crude Oil Inventories,Medium,-1.3M,-1.2M,0.4M,2013-08-07 09:30:00
2013-08-07,12:00pm,USD,10-y Bond Auction,Medium,2.62|2.5,,2.67|2.6,2013-08-07 12:00:00
2013-08-07,2:00pm,USD,Consumer Credit m/m,Non-economic,13.8B,15.3B,17.5B,2013-08-07 14:00:00
2013-08-07,6:50pm,JPY,Current Account,High,0.65T,0.73T,0.62T,2013-08-07 18:50:00
2013-08-07,6:50pm,JPY,Bank Lending y/y,Non-economic,2.0%,,1.9%,2013-08-07 18:50:00
2013-08-07,8:30pm,AUD,Employment Change,High,-10.2K,6.2K,9.3K,2013-08-07 20:30:00
2013-08-07,8:30pm,AUD,Unemployment Rate,High,5.7%,5.8%,5.7%,2013-08-07 20:30:00
2013-08-07,9:59pm,JPY,Monetary Policy Statement,High,,,,2013-08-07 21:59:00
2013-08-07,10:05pm,CNY,USD-Denominated Trade Balance,High,17.8B,26.2B,27.1B,2013-08-07 22:05:00
2013-08-08,12:00am,JPY,Economy Watchers Sentiment,Non-economic,52.3,53.5,53.0,2013-08-08 00:00:00
2013-08-08,12:45am,CHF,Unemployment Rate,Non-economic,3.2%,3.2%,3.2%,2013-08-08 00:45:00
2013-08-08,1:00am,EUR,German Trade Balance,Medium,15.7B,15.2B,14.6B,2013-08-08 01:00:00
2013-08-08,2:31am,JPY,BOJ Press Conference,High,,,,2013-08-08 02:31:00
2013-08-08,3:00am,EUR,ECB Monthly Bulletin,Medium,,,,2013-08-08 03:00:00
2013-08-08,7:30am,CAD,NHPI m/m,Medium,0.2%,0.3%,0.1%,2013-08-08 07:30:00
2013-08-08,7:30am,USD,Unemployment Claims,High,333K,336K,328K,2013-08-08 07:30:00
2013-08-08,9:00am,USD,Mortgage Delinquencies,Medium,6.96%,,7.25%,2013-08-08 09:00:00
2013-08-08,9:30am,USD,Natural Gas Storage,Non-economic,96B,74B,59B,2013-08-08 09:30:00
2013-08-08,12:00pm,USD,30-y Bond Auction,Non-economic,3.65|2.1,,3.66|2.3,2013-08-08 12:00:00
2013-08-08,6:50pm,JPY,Tertiary Industry Activity m/m,Medium,-0.3%,-0.2%,1.3%,2013-08-08 18:50:00
2013-08-08,6:50pm,JPY,M2 Money Stock y/y,Non-economic,3.7%,3.8%,3.8%,2013-08-08 18:50:00
2013-08-08,8:30pm,AUD,RBA Monetary Policy Statement,High,,,,2013-08-08 20:30:00
2013-08-08,8:30pm,CNY,CPI y/y,High,2.7%,2.8%,2.7%,2013-08-08 20:30:00
2013-08-08,8:30pm,CNY,PPI y/y,Medium,-2.3%,-2.0%,-2.7%,2013-08-08 20:30:00
2013-08-08,10:45pm,JPY,30-y Bond Auction,Non-economic,1.79|4.1,,1.89|4.0,2013-08-08 22:45:00
2013-08-09,12:00am,JPY,BOJ Monthly Report,Non-economic,,,,2013-08-09 00:00:00
2013-08-09,12:00am,JPY,Consumer Confidence,Non-economic,43.6,45.3,44.3,2013-08-09 00:00:00
2013-08-09,12:30am,CNY,Fixed Asset Investment ytd/y,Medium,20.1%,20.0%,20.1%,2013-08-09 00:30:00
2013-08-09,12:30am,CNY,Industrial Production y/y,Medium,9.7%,9.0%,8.9%,2013-08-09 00:30:00
2013-08-09,12:30am,CNY,Retail Sales y/y,Non-economic,13.2%,13.5%,13.3%,2013-08-09 00:30:00
2013-08-09,1:45am,EUR,French Industrial Production m/m,Medium,-1.4%,0.3%,-0.3%,2013-08-09 01:45:00
2013-08-09,1:45am,EUR,French Gov Budget Balance,Non-economic,-59.3B,,-72.6B,2013-08-09 01:45:00
2013-08-09,3:00am,EUR,Italian Trade Balance,Non-economic,3.62B,4.22B,3.93B,2013-08-09 03:00:00
2013-08-09,3:05am,CNY,New Loans,Medium,700B,635B,861B,2013-08-09 03:05:00
2013-08-09,3:05am,CNY,M2 Money Supply y/y,Non-economic,14.5%,13.9%,14.0%,2013-08-09 03:05:00
2013-08-09,3:30am,GBP,Goods Trade Balance,Medium,-8.1B,-8.4B,-8.7B,2013-08-09 03:30:00
2013-08-09,3:30am,GBP,Construction Output m/m,Non-economic,-0.8%,-1.1%,-0.2%,2013-08-09 03:30:00
2013-08-09,4:00am,GBP,CB Leading Index m/m,Non-economic,-0.2%,,0.4%,2013-08-09 04:00:00
2013-08-09,7:13am,CAD,Housing Starts,Non-economic,193K,193K,194K,2013-08-09 07:13:00
2013-08-09,7:30am,CAD,Employment Change,High,-39.4K,6.2K,-0.4K,2013-08-09 07:30:00
2013-08-09,7:30am,CAD,Unemployment Rate,High,7.2%,7.1%,7.1%,2013-08-09 07:30:00
2013-08-09,9:00am,USD,Final Wholesale Inventories m/m,Non-economic,-0.2%,0.5%,-0.6%,2013-08-09 09:00:00
2013-08-11,4:20pm,NZD,REINZ HPI m/m,Medium,-0.5%,,0.0%,2013-08-11 16:20:00
2013-08-11,5:45pm,NZD,FPI m/m,Non-economic,0.5%,,2.1%,2013-08-11 17:45:00
2013-08-11,6:50pm,JPY,Prelim GDP q/q,High,0.6%,0.9%,1.0%,2013-08-11 18:50:00
2013-08-11,6:50pm,JPY,PPI y/y,Non-economic,2.2%,1.9%,1.2%,2013-08-11 18:50:00
2013-08-11,6:50pm,JPY,Prelim GDP Price Index y/y,Non-economic,-0.3%,-0.7%,-1.1%,2013-08-11 18:50:00
2013-08-11,11:30pm,JPY,Revised Industrial Production m/m,Non-economic,-3.1%,-3.1%,-3.3%,2013-08-11 23:30:00
2013-08-12,1:03am,JPY,Prelim Machine Tool Orders y/y,Non-economic,-12.1%,,-12.4%,2013-08-12 01:03:00
2013-08-12,2:15am,CHF,Retail Sales y/y,Medium,2.3%,1.9%,1.5%,2013-08-12 02:15:00
2013-08-12,12:54pm,USD,Federal Budget Balance,Medium,-97.6B,-95.3B,116.5B,2013-08-12 12:54:00
2013-08-12,6:01pm,GBP,RICS House Price Balance,Non-economic,36%,25%,21%,2013-08-12 18:01:00
2013-08-12,6:50pm,JPY,Core Machinery Orders m/m,Medium,-2.7%,-7.1%,10.5%,2013-08-12 18:50:00
2013-08-12,6:50pm,JPY,Monetary Policy Meeting Minutes,Medium,,,,2013-08-12 18:50:00
2013-08-12,8:30pm,AUD,NAB Business Confidence,Medium,-3,,0,2013-08-12 20:30:00
2013-08-13,1:00am,EUR,German Final CPI m/m,Non-economic,0.5%,0.5%,0.5%,2013-08-13 01:00:00
2013-08-13,1:00am,EUR,German WPI m/m,Non-economic,-0.3%,0.2%,-0.4%,2013-08-13 01:00:00
2013-08-13,3:30am,GBP,CPI y/y,High,2.8%,2.8%,2.9%,2013-08-13 03:30:00
2013-08-13,3:30am,GBP,PPI Input m/m,Medium,1.1%,1.2%,0.2%,2013-08-13 03:30:00
2013-08-13,3:30am,GBP,RPI y/y,Medium,3.1%,3.1%,3.3%,2013-08-13 03:30:00
2013-08-13,3:30am,GBP,Core CPI y/y,Non-economic,2.0%,2.3%,2.3%,2013-08-13 03:30:00
2013-08-13,3:30am,GBP,ONS HPI y/y,Non-economic,3.1%,3.6%,2.9%,2013-08-13 03:30:00
2013-08-13,3:30am,GBP,PPI Output m/m,Non-economic,0.2%,0.3%,0.1%,2013-08-13 03:30:00
2013-08-13,4:00am,EUR,German ZEW Economic Sentiment,High,42.0,40.3,36.3,2013-08-13 04:00:00
2013-08-13,4:00am,EUR,Industrial Production m/m,Medium,0.7%,1.1%,-0.2%,2013-08-13 04:00:00
2013-08-13,4:00am,EUR,ZEW Economic Sentiment,Medium,44.0,37.4,32.8,2013-08-13 04:00:00
2013-08-13,6:30am,USD,NFIB Small Business Index,Non-economic,94.1,95.4,93.5,2013-08-13 06:30:00
2013-08-13,7:30am,USD,Core Retail Sales m/m,High,0.5%,0.4%,0.1%,2013-08-13 07:30:00
2013-08-13,7:30am,USD,Retail Sales m/m,High,0.2%,0.2%,0.6%,2013-08-13 07:30:00
2013-08-13,7:30am,USD,Import Prices m/m,Medium,0.2%,0.9%,-0.4%,2013-08-13 07:30:00
2013-08-13,9:00am,USD,Business Inventories m/m,Medium,0.0%,0.3%,-0.1%,2013-08-13 09:00:00
2013-08-13,5:45pm,NZD,Retail Sales q/q,High,1.7%,1.4%,0.9%,2013-08-13 17:45:00
2013-08-13,5:49pm,NZD,Core Retail Sales q/q,Medium,2.3%,1.3%,1.0%,2013-08-13 17:49:00
2013-08-13,7:30pm,AUD,Westpac Consumer Sentiment,Medium,3.5%,,-0.1%,2013-08-13 19:30:00
2013-08-13,8:30pm,AUD,Wage Price Index q/q,Medium,0.7%,0.8%,0.7%,2013-08-13 20:30:00
2013-08-14,12:30am,EUR,French Prelim GDP q/q,Medium,0.5%,0.1%,-0.2%,2013-08-14 00:30:00
2013-08-14,1:00am,EUR,German Prelim GDP q/q,High,0.7%,0.6%,0.1%,2013-08-14 01:00:00
2013-08-14,1:45am,EUR,French Prelim Private Payrolls q/q,Medium,-0.2%,0.0%,-0.1%,2013-08-14 01:45:00
2013-08-14,1:45am,EUR,French Final CPI m/m,Non-economic,-0.3%,-0.1%,0.2%,2013-08-14 01:45:00
2013-08-14,2:15am,CHF,PPI m/m,Medium,0.0%,0.4%,0.1%,2013-08-14 02:15:00
2013-08-14,3:30am,GBP,Claimant Count Change,High,-29.2K,-14.3K,-29.4K,2013-08-14 03:30:00
2013-08-14,3:30am,GBP,MPC Asset Purchase Facility Votes,High,0-0-9,0-0-9,0-0-9,2013-08-14 03:30:00
2013-08-14,3:30am,GBP,MPC Official Bank Rate Votes,High,0-0-9,0-0-9,0-0-9,2013-08-14 03:30:00
2013-08-14,3:30am,GBP,Average Earnings Index 3m/y,Medium,2.1%,2.1%,1.8%,2013-08-14 03:30:00
2013-08-14,3:30am,GBP,Unemployment Rate,Medium,7.8%,7.8%,7.8%,2013-08-14 03:30:00
2013-08-14,4:00am,CHF,UBS Economic Expectations,Medium,7.2,,4.8,2013-08-14 04:00:00
2013-08-14,4:00am,EUR,Flash GDP q/q,High,0.3%,0.2%,-0.3%,2013-08-14 04:00:00
2013-08-14,4:34am,EUR,German 10-y Bond Auction,Medium,1.80|1.3,,1.57|1.6,2013-08-14 04:34:00
2013-08-14,7:30am,USD,PPI m/m,High,0.0%,0.4%,0.8%,2013-08-14 07:30:00
2013-08-14,7:30am,USD,Core PPI m/m,Medium,0.1%,0.2%,0.2%,2013-08-14 07:30:00
2013-08-14,9:30am,USD,Crude Oil Inventories,Medium,-2.8M,-1.4M,-1.3M,2013-08-14 09:30:00
2013-08-14,12:20pm,USD,FOMC Member Bullard Speaks,Medium,,,,2013-08-14 12:20:00
2013-08-14,2:15pm,USD,FOMC Member Bullard Speaks,Medium,,,,2013-08-14 14:15:00
2013-08-14,5:30pm,NZD,BusinessNZ Manufacturing Index,Medium,59.5,,55.2,2013-08-14 17:30:00
2013-08-14,8:00pm,AUD,MI Inflation Expectations,Medium,2.3%,,2.6%,2013-08-14 20:00:00
2013-08-15,All Day,EUR,French Bank Holiday,Low,,,,2013-08-15 00:00:00
2013-08-15,All Day,EUR,Italian Bank Holiday,Low,,,,2013-08-15 00:00:00
2013-08-15,3:30am,GBP,Retail Sales m/m,High,1.1%,0.7%,0.2%,2013-08-15 03:30:00
2013-08-15,7:15am,USD,FOMC Member Bullard Speaks,Medium,,,,2013-08-15 07:15:00
2013-08-15,7:30am,USD,Core CPI m/m,High,0.2%,0.2%,0.2%,2013-08-15 07:30:00
2013-08-15,7:30am,USD,CPI y/y,High,2.0%,2.0%,1.8%,2013-08-15 07:30:00
2013-08-15,7:30am,USD,Unemployment Claims,High,320K,334K,335K,2013-08-15 07:30:00
2013-08-15,7:30am,USD,CPI m/m,Medium,0.2%,0.2%,0.5%,2013-08-15 07:30:00
2013-08-15,7:30am,USD,Empire State Manufacturing Index,Medium,8.2,10.2,9.5,2013-08-15 07:30:00
2013-08-15,8:00am,USD,TIC Long-Term Purchases,Medium,-66.9B,31.3B,-27.0B,2013-08-15 08:00:00
2013-08-15,8:15am,USD,Capacity Utilization Rate,Medium,77.6%,77.9%,77.7%,2013-08-15 08:15:00
2013-08-15,8:15am,USD,Industrial Production m/m,Medium,0.0%,0.5%,0.2%,2013-08-15 08:15:00
2013-08-15,9:00am,USD,Philly Fed Manufacturing Index,High,9.3,15.6,19.8,2013-08-15 09:00:00
2013-08-15,9:00am,USD,NAHB Housing Market Index,Medium,59,57,56,2013-08-15 09:00:00
2013-08-15,9:30am,CAD,BOC Review,Non-economic,,,,2013-08-15 09:30:00
2013-08-15,9:30am,USD,Natural Gas Storage,Non-economic,65B,73B,96B,2013-08-15 09:30:00
2013-08-15,8:30pm,AUD,RBA Deputy Gov Debelle Speaks,Medium,,,,2013-08-15 20:30:00
2013-08-16,3:00am,EUR,Current Account,Medium,16.9B,21.2B,19.5B,2013-08-16 03:00:00
2013-08-16,4:00am,EUR,Final CPI y/y,Medium,1.6%,1.6%,1.6%,2013-08-16 04:00:00
2013-08-16,4:00am,EUR,Final Core CPI y/y,Non-economic,1.1%,1.1%,1.1%,2013-08-16 04:00:00
2013-08-16,4:00am,EUR,Trade Balance,Non-economic,14.9B,15.3B,13.8B,2013-08-16 04:00:00
2013-08-16,7:30am,CAD,Manufacturing Sales m/m,High,-0.5%,0.5%,0.6%,2013-08-16 07:30:00
2013-08-16,7:30am,CAD,Foreign Securities Purchases,Medium,-15.41B,7.77B,6.78B,2013-08-16 07:30:00
2013-08-16,7:30am,USD,Building Permits,High,0.94M,0.95M,0.92M,2013-08-16 07:30:00
2013-08-16,7:30am,USD,Housing Starts,Medium,0.90M,0.91M,0.85M,2013-08-16 07:30:00
2013-08-16,7:30am,USD,Prelim Nonfarm Productivity q/q,Medium,0.9%,0.5%,0.5%,2013-08-16 07:30:00
2013-08-16,7:30am,USD,Prelim Unit Labor Costs q/q,Medium,1.4%,1.4%,-4.3%,2013-08-16 07:30:00
2013-08-16,8:55am,USD,Prelim UoM Consumer Sentiment,High,80.0,85.6,85.1,2013-08-16 08:55:00
2013-08-16,8:55am,USD,Prelim UoM Inflation Expectations,Non-economic,3.1%,,3.1%,2013-08-16 08:55:00
2013-08-18,5:30pm,NZD,BusinessNZ Services Index,Non-economic,58.1,,55.8,2013-08-18 17:30:00
2013-08-18,5:45pm,NZD,PPI Input q/q,Medium,0.6%,0.6%,0.8%,2013-08-18 17:45:00
2013-08-18,5:45pm,NZD,PPI Output q/q,Non-economic,1.0%,0.7%,0.8%,2013-08-18 17:45:00
2013-08-18,6:01pm,GBP,Rightmove HPI m/m,Non-economic,-1.8%,,0.3%,2013-08-18 18:01:00
2013-08-18,6:50pm,JPY,Trade Balance,Medium,-0.94T,-0.73T,-0.66T,2013-08-18 18:50:00
2013-08-18,8:30pm,AUD,New Motor Vehicle Sales m/m,Medium,-3.5%,,3.6%,2013-08-18 20:30:00
2013-08-19,5:00am,EUR,German Buba Monthly Report,Medium,,,,2013-08-19 05:00:00
2013-08-19,8:30pm,AUD,Monetary Policy Meeting Minutes,High,,,,2013-08-19 20:30:00
2013-08-19,9:00pm,NZD,RBNZ Gov Wheeler Speaks,High,,,,2013-08-19 21:00:00
2013-08-19,10:03pm,NZD,Inflation Expectations q/q,Medium,2.36%,,2.06%,2013-08-19 22:03:00
2013-08-19,11:30pm,JPY,All Industries Activity m/m,Non-economic,-0.6%,-0.6%,1.2%,2013-08-19 23:30:00
2013-08-20,1:00am,EUR,German PPI m/m,Medium,-0.1%,0.2%,0.0%,2013-08-20 01:00:00
2013-08-20,7:30am,CAD,Wholesale Sales m/m,Medium,-2.8%,-0.5%,2.2%,2013-08-20 07:30:00
2013-08-20,9:30am,NZD,GDT Price Index,Non-economic,2.3%,,-2.4%,2013-08-20 09:30:00
2013-08-20,5:45pm,NZD,Visitor Arrivals m/m,Non-economic,1.3%,,-1.8%,2013-08-20 17:45:00
2013-08-20,8:30pm,AUD,MI Leading Index m/m,Non-economic,0.0%,,0.2%,2013-08-20 20:30:00
2013-08-20,9:00pm,CNY,CB Leading Index m/m,Non-economic,1.4%,,0.8%,2013-08-20 21:00:00
2013-08-20,10:00pm,NZD,Credit Card Spending y/y,Non-economic,4.7%,,3.7%,2013-08-20 22:00:00
2013-08-21,3:30am,GBP,Public Sector Net Borrowing,Medium,-1.6B,-3.7B,10.5B,2013-08-21 03:30:00
2013-08-21,5:00am,GBP,CBI Industrial Order Expectations,Medium,0,-8,-12,2013-08-21 05:00:00
2013-08-21,9:00am,USD,Existing Home Sales,High,5.39M,5.15M,5.06M,2013-08-21 09:00:00
2013-08-21,9:30am,USD,Crude Oil Inventories,Medium,-1.4M,-1.6M,-2.8M,2013-08-21 09:30:00
2013-08-21,Day 1,All,Jackson Hole Symposium,Medium,,,,2013-08-21 00:00:00
2013-08-21,1:00pm,USD,FOMC Meeting Minutes,High,,,,2013-08-21 13:00:00
2013-08-21,7:00pm,AUD,CB Leading Index m/m,Medium,-0.2%,,0.0%,2013-08-21 19:00:00
2013-08-21,8:45pm,CNY,Caixin Flash Manufacturing PMI,High,50.1,48.3,47.7,2013-08-21 20:45:00
2013-08-22,1:00am,CHF,Trade Balance,Non-economic,2.38B,2.91B,2.82B,2013-08-22 01:00:00
2013-08-22,2:00am,EUR,French Flash Manufacturing PMI,High,49.7,50.4,49.7,2013-08-22 02:00:00
2013-08-22,2:00am,EUR,French Flash Services PMI,Medium,47.7,49.3,48.6,2013-08-22 02:00:00
2013-08-22,2:30am,EUR,German Flash Manufacturing PMI,High,52.0,51.1,50.7,2013-08-22 02:30:00
2013-08-22,2:30am,EUR,German Flash Services PMI,Medium,52.4,51.7,51.3,2013-08-22 02:30:00
2013-08-22,3:00am,EUR,Flash Manufacturing PMI,Medium,51.3,50.9,50.3,2013-08-22 03:00:00
2013-08-22,3:00am,EUR,Flash Services PMI,Medium,51.0,50.2,49.8,2013-08-22 03:00:00
2013-08-22,7:30am,CAD,Core Retail Sales m/m,High,-0.8%,0.1%,1.1%,2013-08-22 07:30:00
2013-08-22,7:30am,CAD,Retail Sales m/m,Medium,-0.6%,-0.3%,1.8%,2013-08-22 07:30:00
2013-08-22,7:30am,USD,Unemployment Claims,High,336K,329K,323K,2013-08-22 07:30:00
2013-08-22,8:00am,USD,Flash Manufacturing PMI,Medium,53.9,54.1,53.7,2013-08-22 08:00:00
2013-08-22,8:00am,USD,HPI m/m,Non-economic,0.7%,0.6%,0.8%,2013-08-22 08:00:00
2013-08-22,9:00am,USD,CB Leading Index m/m,Non-economic,0.6%,0.5%,0.0%,2013-08-22 09:00:00
2013-08-22,9:30am,USD,Natural Gas Storage,Non-economic,57B,68B,65B,2013-08-22 09:30:00
2013-08-22,Day 2,All,Jackson Hole Symposium,Medium,,,,2013-08-22 00:00:00
2013-08-22,2:15pm,USD,Treasury Sec Lew Speaks,Medium,,,,2013-08-22 14:15:00
2013-08-22,9:00pm,CNY,Foreign Direct Investment ytd/y,Non-economic,7.1%,,4.9%,2013-08-22 21:00:00
2013-08-23,1:00am,EUR,German Final GDP q/q,Non-economic,0.7%,0.7%,0.7%,2013-08-23 01:00:00
2013-08-23,3:30am,GBP,Second Estimate GDP q/q,High,0.7%,0.6%,0.6%,2013-08-23 03:30:00
2013-08-23,3:30am,GBP,High Street Lending,Medium,37.2K,38.8K,37.3K,2013-08-23 03:30:00
2013-08-23,3:30am,GBP,Prelim Business Investment q/q,Medium,0.9%,0.6%,-1.9%,2013-08-23 03:30:00
2013-08-23,3:30am,GBP,Index of Services 3m/3m,Non-economic,0.6%,0.7%,0.7%,2013-08-23 03:30:00
2013-08-23,7:30am,CAD,Core CPI m/m,High,0.0%,0.0%,-0.2%,2013-08-23 07:30:00
2013-08-23,7:30am,CAD,CPI m/m,Medium,0.1%,0.1%,0.0%,2013-08-23 07:30:00
2013-08-23,8:00am,EUR,Belgian NBB Business Climate,Medium,-8.6,-11.1,-12.0,2013-08-23 08:00:00
2013-08-23,9:00am,EUR,Consumer Confidence,Non-economic,-16,-17,-17,2013-08-23 09:00:00
2013-08-23,9:00am,USD,New Home Sales,High,394K,487K,455K,2013-08-23 09:00:00
2013-08-23,Day 3,All,Jackson Hole Symposium,Medium,,,,2013-08-23 00:00:00
2013-08-25,5:45pm,NZD,Trade Balance,High,-774M,-18M,374M,2013-08-25 17:45:00
2013-08-25,6:50pm,JPY,SPPI y/y,Non-economic,0.4%,0.4%,0.4%,2013-08-25 18:50:00
2013-08-26,All Day,GBP,Bank Holiday,Low,,,,2013-08-26 00:00:00
2013-08-26,7:30am,USD,Core Durable Goods Orders m/m,High,-0.6%,0.6%,-0.1%,2013-08-26 07:30:00
2013-08-26,7:30am,USD,Durable Goods Orders m/m,Medium,-7.3%,-3.0%,3.9%,2013-08-26 07:30:00
2013-08-27,3:00am,EUR,German ifo Business Climate,High,107.5,107.1,106.2,2013-08-27 03:00:00
2013-08-27,7:30am,CAD,Corporate Profits q/q,Non-economic,-0.8%,,-1.2%,2013-08-27 07:30:00
2013-08-27,8:00am,USD,S&P/CS Composite-20 HPI y/y,Medium,12.1%,11.9%,12.2%,2013-08-27 08:00:00
2013-08-27,8:59am,USD,Richmond Manufacturing Index,Non-economic,14,-7,-11,2013-08-27 08:59:00
2013-08-27,9:00am,USD,CB Consumer Confidence,High,81.5,79.6,81.0,2013-08-27 09:00:00
2013-08-27,11:45am,CAD,Gov Council Member Murray Speaks,Medium,,,,2013-08-27 11:45:00
2013-08-27,8:30pm,AUD,Construction Work Done q/q,Medium,-0.3%,1.1%,-1.9%,2013-08-27 20:30:00
2013-08-28,1:00am,CHF,UBS Consumption Indicator,Non-economic,1.41,,1.41,2013-08-28 01:00:00
2013-08-28,1:00am,EUR,German GfK Consumer Climate,Medium,6.9,7.1,7.0,2013-08-28 01:00:00
2013-08-28,1:00am,EUR,German Import Prices m/m,Non-economic,0.3%,0.3%,-0.8%,2013-08-28 01:00:00
2013-08-28,3:00am,EUR,M3 Money Supply y/y,Medium,2.2%,2.0%,2.4%,2013-08-28 03:00:00
2013-08-28,3:00am,EUR,Private Loans y/y,Non-economic,-1.9%,-1.5%,-1.6%,2013-08-28 03:00:00
2013-08-28,3:00am,EUR,Italian Retail Sales m/m,Non-economic,-0.2%,0.1%,0.1%,2013-08-28 03:00:00
2013-08-28,5:00am,GBP,CBI Realized Sales,Medium,27,19,17,2013-08-28 05:00:00
2013-08-28,7:45am,GBP,BOE Gov Carney Speaks,High,,,,2013-08-28 07:45:00
2013-08-28,9:00am,USD,Pending Home Sales m/m,High,-1.3%,0.2%,-0.4%,2013-08-28 09:00:00
2013-08-28,9:30am,USD,Crude Oil Inventories,Medium,3.0M,0.5M,-1.4M,2013-08-28 09:30:00
2013-08-28,6:50pm,JPY,Retail Sales y/y,Medium,-0.3%,0.0%,1.6%,2013-08-28 18:50:00
2013-08-28,8:00pm,AUD,HIA New Home Sales m/m,Non-economic,-4.7%,,3.4%,2013-08-28 20:00:00
2013-08-28,8:00pm,NZD,ANZ Business Confidence,High,48.1,,52.8,2013-08-28 20:00:00
2013-08-28,8:30pm,AUD,Private Capital Expenditure q/q,High,4.0%,0.5%,-4.1%,2013-08-28 20:30:00
2013-08-29,All Day,EUR,German Prelim CPI m/m,Medium,0.0%,0.2%,0.5%,2013-08-29 00:00:00
2013-08-29,2:00am,EUR,Spanish Flash CPI y/y,Non-economic,1.5%,1.5%,1.8%,2013-08-29 02:00:00
2013-08-29,2:15am,CHF,Employment Level,Medium,4.17M,4.14M,4.15M,2013-08-29 02:15:00
2013-08-29,2:55am,EUR,German Unemployment Change,Medium,7K,-5K,-7K,2013-08-29 02:55:00
2013-08-29,3:10am,EUR,Retail PMI,Non-economic,50.3,,49.5,2013-08-29 03:10:00
2013-08-29,4:10am,EUR,Italian 10-y Bond Auction,Medium,4.46|1.5,,4.46|1.3,2013-08-29 04:10:00
2013-08-29,7:30am,CAD,Current Account,Medium,-14.6B,-14.9B,-13.4B,2013-08-29 07:30:00
2013-08-29,7:30am,CAD,RMPI m/m,Medium,4.2%,1.2%,0.3%,2013-08-29 07:30:00
2013-08-29,7:30am,CAD,IPPI m/m,Non-economic,0.3%,0.4%,0.3%,2013-08-29 07:30:00
2013-08-29,7:30am,USD,Prelim GDP q/q,High,2.5%,2.2%,1.7%,2013-08-29 07:30:00
2013-08-29,7:30am,USD,Unemployment Claims,High,331K,330K,337K,2013-08-29 07:30:00
2013-08-29,7:30am,USD,Prelim GDP Price Index q/q,Non-economic,0.8%,0.7%,0.7%,2013-08-29 07:30:00
2013-08-29,7:50am,USD,FOMC Member Bullard Speaks,Medium,,,,2013-08-29 07:50:00
2013-08-29,9:30am,USD,Natural Gas Storage,Non-economic,67B,65B,57B,2013-08-29 09:30:00
2013-08-29,11:00am,EUR,German Buba President Weidmann Speaks,Medium,,,,2013-08-29 11:00:00
2013-08-29,5:45pm,NZD,Building Consents m/m,Medium,-0.8%,,-4.3%,2013-08-29 17:45:00
2013-08-29,6:05pm,GBP,GfK Consumer Confidence,Non-economic,-13,-14,-16,2013-08-29 18:05:00
2013-08-29,6:15pm,JPY,Final Manufacturing PMI,Non-economic,52.2,,50.7,2013-08-29 18:15:00
2013-08-29,6:30pm,JPY,Household Spending y/y,Medium,0.1%,0.4%,-0.4%,2013-08-29 18:30:00
2013-08-29,6:30pm,JPY,National Core CPI y/y,Medium,0.7%,0.6%,0.4%,2013-08-29 18:30:00
2013-08-29,6:30pm,JPY,Tokyo Core CPI y/y,Medium,0.4%,0.4%,0.3%,2013-08-29 18:30:00
2013-08-29,6:30pm,JPY,Unemployment Rate,Non-economic,3.8%,3.9%,3.9%,2013-08-29 18:30:00
2013-08-29,6:45pm,USD,FOMC Member Bullard Speaks,Medium,,,,2013-08-29 18:45:00
2013-08-29,6:50pm,JPY,Prelim Industrial Production m/m,Medium,3.2%,3.9%,-3.1%,2013-08-29 18:50:00
2013-08-29,8:30pm,AUD,Private Sector Credit m/m,Medium,0.4%,0.4%,0.4%,2013-08-29 20:30:00
2013-08-30,12:00am,JPY,Housing Starts y/y,Non-economic,12.0%,14.5%,15.3%,2013-08-30 00:00:00
2013-08-30,1:00am,EUR,German Retail Sales m/m,Medium,-1.4%,0.5%,-0.8%,2013-08-30 01:00:00
2013-08-30,1:00am,GBP,Nationwide HPI m/m,Medium,0.6%,0.6%,0.9%,2013-08-30 01:00:00
2013-08-30,2:00am,CHF,KOF Economic Barometer,Medium,1.36,1.34,1.25,2013-08-30 02:00:00
2013-08-30,3:00am,EUR,Italian Quarterly Unemployment Rate,Medium,12.1%,12.1%,11.9%,2013-08-30 03:00:00
2013-08-30,3:00am,EUR,Italian Monthly Unemployment Rate,Non-economic,12.0%,12.2%,12.1%,2013-08-30 03:00:00
2013-08-30,3:30am,GBP,Net Lending to Individuals m/m,Medium,1.3B,1.7B,1.4B,2013-08-30 03:30:00
2013-08-30,3:30am,GBP,M4 Money Supply m/m,Non-economic,0.6%,0.4%,0.1%,2013-08-30 03:30:00
2013-08-30,3:30am,GBP,Mortgage Approvals,Non-economic,61K,59K,58K,2013-08-30 03:30:00
2013-08-30,4:00am,EUR,CPI Flash Estimate y/y,Medium,1.3%,1.4%,1.6%,2013-08-30 04:00:00
2013-08-30,4:00am,EUR,Unemployment Rate,Medium,12.1%,12.1%,12.1%,2013-08-30 04:00:00
2013-08-30,4:00am,EUR,Core CPI Flash Estimate y/y,Non-economic,1.1%,,1.1%,2013-08-30 04:00:00
2013-08-30,4:00am,EUR,Italian Prelim CPI m/m,Non-economic,0.3%,0.2%,0.1%,2013-08-30 04:00:00
2013-08-30,7:30am,CAD,GDP m/m,High,-0.5%,-0.4%,0.2%,2013-08-30 07:30:00
2013-08-30,7:30am,USD,Core PCE Price Index m/m,Medium,0.1%,0.2%,0.2%,2013-08-30 07:30:00
2013-08-30,7:30am,USD,Personal Spending m/m,Medium,0.1%,0.3%,0.6%,2013-08-30 07:30:00
2013-08-30,7:30am,USD,Personal Income m/m,Non-economic,0.1%,0.3%,0.3%,2013-08-30 07:30:00
2013-08-30,8:00am,USD,FOMC Member Bullard Speaks,Medium,,,,2013-08-30 08:00:00
2013-08-30,8:45am,USD,Chicago PMI,Medium,53.0,53.2,52.3,2013-08-30 08:45:00
2013-08-30,8:55am,USD,Revised UoM Consumer Sentiment,Medium,82.1,81.2,80.0,2013-08-30 08:55:00
2013-08-30,8:55am,USD,Revised UoM Inflation Expectations,Non-economic,3.0%,,3.1%,2013-08-30 08:55:00
2013-08-31,7:58pm,CNY,Manufacturing PMI,High,51.0,50.6,50.3,2013-08-31 19:58:00
2013-09-01,5:45pm,NZD,Overseas Trade Index q/q,Medium,4.9%,3.9%,4.2%,2013-09-01 17:45:00
2013-09-01,6:25pm,AUD,AIG Manufacturing Index,Non-economic,46.4,,42.0,2013-09-01 18:25:00
2013-09-01,6:50pm,JPY,Capital Spending q/y,Medium,0.0%,-2.0%,-3.9%,2013-09-01 18:50:00
2013-09-01,7:30pm,AUD,MI Inflation Gauge m/m,Non-economic,0.1%,,0.5%,2013-09-01 19:30:00
2013-09-01,8:30pm,AUD,Building Approvals m/m,High,10.8%,4.1%,-6.3%,2013-09-01 20:30:00
2013-09-01,8:30pm,AUD,Company Operating Profits q/q,Medium,-0.8%,1.1%,3.5%,2013-09-01 20:30:00
2013-09-01,8:45pm,CNY,RatingDog Manufacturing PMI,Medium,50.1,50.2,50.1,2013-09-01 20:45:00
2013-09-02,1:30am,AUD,Commodity Prices y/y,Non-economic,-7.3%,,-9.7%,2013-09-02 01:30:00
2013-09-02,2:15am,EUR,Spanish Manufacturing PMI,Medium,51.1,50.1,49.8,2013-09-02 02:15:00
2013-09-02,2:30am,CHF,Manufacturing PMI,Medium,54.6,55.9,57.4,2013-09-02 02:30:00
2013-09-02,2:45am,EUR,Italian Manufacturing PMI,Medium,51.3,50.7,50.4,2013-09-02 02:45:00
2013-09-02,2:50am,EUR,French Final Manufacturing PMI,Non-economic,49.7,49.7,49.7,2013-09-02 02:50:00
2013-09-02,2:55am,EUR,German Final Manufacturing PMI,Non-economic,51.8,52.0,52.0,2013-09-02 02:55:00
2013-09-02,3:00am,EUR,Final Manufacturing PMI,Non-economic,51.4,51.3,51.3,2013-09-02 03:00:00
2013-09-02,3:30am,GBP,Final Manufacturing PMI,High,57.2,55.2,54.8,2013-09-02 03:30:00
2013-09-02,All Day,CAD,Bank Holiday,Low,,,,2013-09-02 00:00:00
2013-09-02,All Day,USD,Bank Holiday,Low,,,,2013-09-02 00:00:00
2013-09-02,6:01pm,GBP,BRC Retail Sales Monitor y/y,Medium,1.8%,,2.2%,2013-09-02 18:01:00
2013-09-02,6:50pm,JPY,Monetary Base y/y,Non-economic,42.0%,41.3%,38.0%,2013-09-02 18:50:00
2013-09-02,8:00pm,CNY,Non-Manufacturing PMI,Medium,53.9,,54.1,2013-09-02 20:00:00
2013-09-02,8:00pm,NZD,ANZ Commodity Prices m/m,Non-economic,0.7%,,0.6%,2013-09-02 20:00:00
2013-09-02,8:30pm,AUD,Retail Sales m/m,High,0.1%,0.4%,0.0%,2013-09-02 20:30:00
2013-09-02,8:30pm,AUD,Current Account,Medium,-9.4B,-8.3B,-8.7B,2013-09-02 20:30:00
2013-09-02,8:30pm,JPY,Average Cash Earnings y/y,Medium,0.4%,0.8%,0.6%,2013-09-02 20:30:00
2013-09-02,10:45pm,JPY,10-y Bond Auction,Non-economic,0.77|3.5,,0.80|3.5,2013-09-02 22:45:00
2013-09-02,11:30pm,AUD,Cash Rate,High,2.50%,2.50%,2.50%,2013-09-02 23:30:00
2013-09-02,11:30pm,AUD,RBA Rate Statement,High,,,,2013-09-02 23:30:00
2013-09-03,12:45am,CHF,GDP q/q,Medium,0.5%,0.3%,0.6%,2013-09-03 00:45:00
2013-09-03,2:00am,EUR,Spanish Unemployment Change,Medium,0.0K,-5.2K,-64.9K,2013-09-03 02:00:00
2013-09-03,3:30am,GBP,Construction PMI,High,59.1,58.4,57.0,2013-09-03 03:30:00
2013-09-03,4:00am,EUR,PPI m/m,Non-economic,0.3%,0.2%,0.0%,2013-09-03 04:00:00
2013-09-03,8:00am,USD,Final Manufacturing PMI,Non-economic,53.1,53.9,53.9,2013-09-03 08:00:00
2013-09-03,8:30am,CAD,Manufacturing PMI,Non-economic,52.1,,52.0,2013-09-03 08:30:00
2013-09-03,9:00am,USD,ISM Manufacturing PMI,High,55.7,54.2,55.4,2013-09-03 09:00:00
2013-09-03,9:00am,USD,Construction Spending m/m,Non-economic,0.6%,0.3%,0.0%,2013-09-03 09:00:00
2013-09-03,9:00am,USD,ISM Manufacturing Prices,Non-economic,54.0,51.6,49.0,2013-09-03 09:00:00
2013-09-03,9:30am,NZD,GDT Price Index,Non-economic,-1.1%,,2.3%,2013-09-03 09:30:00
2013-09-03,6:01pm,GBP,BRC Shop Price Index y/y,Non-economic,-0.5%,,-0.5%,2013-09-03 18:01:00
2013-09-03,6:28pm,AUD,AIG Services Index,Non-economic,39.0,,39.4,2013-09-03 18:28:00
2013-09-03,8:30pm,AUD,GDP q/q,High,0.6%,0.6%,0.5%,2013-09-03 20:30:00
2013-09-03,8:45pm,CNY,RatingDog Services PMI,Medium,52.8,,51.3,2013-09-03 20:45:00
2013-09-04,2:15am,EUR,Spanish Services PMI,Medium,50.4,49.3,48.5,2013-09-04 02:15:00
2013-09-04,2:45am,EUR,Italian Services PMI,Medium,48.8,49.2,48.7,2013-09-04 02:45:00
2013-09-04,2:50am,EUR,French Final Services PMI,Non-economic,48.9,47.7,47.7,2013-09-04 02:50:00
2013-09-04,2:55am,EUR,German Final Services PMI,Non-economic,52.8,52.4,52.4,2013-09-04 02:55:00
2013-09-04,3:00am,EUR,Final Services PMI,Non-economic,50.7,51.0,51.0,2013-09-04 03:00:00
2013-09-04,3:30am,GBP,Final Services PMI,High,60.5,59.3,60.2,2013-09-04 03:30:00
2013-09-04,4:00am,EUR,Retail Sales m/m,Medium,0.1%,0.5%,-0.7%,2013-09-04 04:00:00
2013-09-04,4:00am,EUR,Revised GDP q/q,Non-economic,0.3%,0.3%,0.3%,2013-09-04 04:00:00
2013-09-04,7:30am,CAD,Trade Balance,High,-0.9B,-0.3B,-0.5B,2013-09-04 07:30:00
2013-09-04,7:30am,USD,Trade Balance,High,-39.1B,-38.7B,-34.5B,2013-09-04 07:30:00
2013-09-04,9:00am,CAD,BOC Rate Statement,High,,,,2013-09-04 09:00:00
2013-09-04,9:00am,CAD,Overnight Rate,High,1.00%,1.00%,1.00%,2013-09-04 09:00:00
2013-09-04,9:00am,USD,RCM/TIPP Economic Optimism,Non-economic,46.0,46.2,45.1,2013-09-04 09:00:00
2013-09-04,All Day,USD,Total Vehicle Sales,Non-economic,16.1M,15.8M,15.7M,2013-09-04 00:00:00
2013-09-04,1:00pm,USD,Beige Book,Medium,,,,2013-09-04 13:00:00
2013-09-04,8:30pm,AUD,Goods Trade Balance,High,-0.77B,0.10B,0.24B,2013-09-04 20:30:00
2013-09-04,9:42pm,JPY,Monetary Policy Statement,High,,,,2013-09-04 21:42:00
2013-09-05,2:39am,JPY,BOJ Press Conference,High,,,,2013-09-05 02:39:00
2013-09-05,3:41am,EUR,Spanish 10-y Bond Auction,Medium,4.50|2.0,,4.72|2.3,2013-09-05 03:41:00
2013-09-05,4:00am,EUR,French 10-y Bond Auction,Non-economic,2.57|1.9,,2.32|1.7,2013-09-05 04:00:00
2013-09-05,5:00am,EUR,German Factory Orders m/m,Medium,-2.7%,-0.7%,5.0%,2013-09-05 05:00:00
2013-09-05,6:00am,GBP,Asset Purchase Facility,High,375B,375B,375B,2013-09-05 06:00:00
2013-09-05,6:00am,GBP,Official Bank Rate,High,0.50%,0.50%,0.50%,2013-09-05 06:00:00
2013-09-05,6:30am,USD,Challenger Job Cuts y/y,Non-economic,56.5%,,2.3%,2013-09-05 06:30:00
2013-09-05,6:45am,EUR,Main Refinancing Rate,High,0.50%,0.50%,0.50%,2013-09-05 06:45:00
2013-09-05,7:15am,USD,ADP Non-Farm Employment Change,High,176K,175K,198K,2013-09-05 07:15:00
2013-09-05,7:30am,EUR,ECB Press Conference,High,,,,2013-09-05 07:30:00
2013-09-05,7:30am,USD,Unemployment Claims,High,323K,332K,332K,2013-09-05 07:30:00
2013-09-05,7:30am,USD,Revised Nonfarm Productivity q/q,Medium,2.3%,1.6%,0.9%,2013-09-05 07:30:00
2013-09-05,7:30am,USD,Revised Unit Labor Costs q/q,Non-economic,0.0%,0.9%,1.4%,2013-09-05 07:30:00
2013-09-05,9:00am,USD,ISM Services PMI,High,58.6,55.2,56.0,2013-09-05 09:00:00
2013-09-05,9:00am,USD,Factory Orders m/m,Medium,-2.4%,-3.4%,1.6%,2013-09-05 09:00:00
2013-09-05,9:30am,USD,Natural Gas Storage,Non-economic,58B,55B,67B,2013-09-05 09:30:00
2013-09-05,10:00am,USD,Crude Oil Inventories,Medium,-1.8M,-1.9M,3.0M,2013-09-05 10:00:00
2013-09-05,Day 1,All,G20 Meetings,High,,,,2013-09-05 00:00:00
2013-09-05,6:30pm,AUD,AIG Construction Index,Non-economic,43.7,,44.1,2013-09-05 18:30:00
2013-09-06,12:00am,JPY,BOJ Monthly Report,Non-economic,,,,2013-09-06 00:00:00
2013-09-06,12:00am,JPY,Leading Indicators,Non-economic,107.8%,107.9%,107.2%,2013-09-06 00:00:00
2013-09-06,1:00am,EUR,German Trade Balance,Medium,14.5B,15.9B,15.8B,2013-09-06 01:00:00
2013-09-06,1:45am,EUR,French Gov Budget Balance,Non-economic,-80.8B,,-59.3B,2013-09-06 01:45:00
2013-09-06,1:45am,EUR,French Trade Balance,Non-economic,-5.1B,-4.5B,-4.5B,2013-09-06 01:45:00
2013-09-06,2:00am,CHF,Foreign Currency Reserves,Medium,434B,,434B,2013-09-06 02:00:00
2013-09-06,2:00am,GBP,Halifax HPI m/m,Medium,0.4%,0.7%,0.9%,2013-09-06 02:00:00
2013-09-06,2:15am,CHF,CPI m/m,High,-0.1%,0.0%,-0.4%,2013-09-06 02:15:00
2013-09-06,3:30am,GBP,Manufacturing Production m/m,High,0.2%,0.3%,2.0%,2013-09-06 03:30:00
2013-09-06,3:30am,GBP,Consumer Inflation Expectations,Medium,3.2%,,3.6%,2013-09-06 03:30:00
2013-09-06,3:30am,GBP,Goods Trade Balance,Medium,-9.9B,-8.2B,-8.2B,2013-09-06 03:30:00
2013-09-06,3:30am,GBP,Industrial Production m/m,Non-economic,0.0%,0.2%,1.3%,2013-09-06 03:30:00
2013-09-06,5:00am,EUR,German Industrial Production m/m,Medium,-1.7%,-0.3%,2.0%,2013-09-06 05:00:00
2013-09-06,7:00am,USD,FOMC Member Evans Speaks,Medium,,,,2013-09-06 07:00:00
2013-09-06,7:30am,CAD,Employment Change,High,59.2K,21.2K,-39.4K,2013-09-06 07:30:00
2013-09-06,7:30am,CAD,Unemployment Rate,High,7.1%,7.2%,7.2%,2013-09-06 07:30:00
2013-09-06,7:30am,CAD,Labor Productivity q/q,Medium,0.5%,0.3%,0.1%,2013-09-06 07:30:00
2013-09-06,7:30am,USD,Non-Farm Employment Change,High,169K,178K,104K,2013-09-06 07:30:00
2013-09-06,7:30am,USD,Unemployment Rate,High,7.3%,7.4%,7.4%,2013-09-06 07:30:00
2013-09-06,7:30am,USD,Average Hourly Earnings m/m,Medium,0.2%,0.2%,0.0%,2013-09-06 07:30:00
2013-09-06,8:57am,GBP,NIESR GDP Estimate,Medium,0.9%,,0.7%,2013-09-06 08:57:00
2013-09-06,9:00am,CAD,Ivey PMI,High,51.0,52.6,48.4,2013-09-06 09:00:00
2013-09-06,Day 2,All,G20 Meetings,Medium,,,,2013-09-06 00:00:00
2013-09-06,12:30pm,USD,FOMC Member George Speaks,Medium,,,,2013-09-06 12:30:00
2013-09-06,All Day,AUD,Parliamentary Elections,Medium,,,,2013-09-06 00:00:00
2013-09-07,8:51pm,CNY,USD-Denominated Trade Balance,High,28.5B,20.3B,17.8B,2013-09-07 20:51:00
2013-09-08,5:45pm,NZD,Manufacturing Sales q/q,Non-economic,-2.0%,,-0.1%,2013-09-08 17:45:00
2013-09-08,6:50pm,JPY,Current Account,Medium,0.33T,0.32T,0.65T,2013-09-08 18:50:00
2013-09-08,6:50pm,JPY,Final GDP q/q,Medium,0.9%,1.0%,0.6%,2013-09-08 18:50:00
2013-09-08,6:50pm,JPY,Bank Lending y/y,Non-economic,2.0%,,2.0%,2013-09-08 18:50:00
2013-09-08,6:50pm,JPY,Final GDP Price Index y/y,Non-economic,-0.5%,-0.3%,-0.3%,2013-09-08 18:50:00
2013-09-08,8:30pm,AUD,ANZ Job Advertisements m/m,Medium,-2.0%,,-1.1%,2013-09-08 20:30:00
2013-09-08,8:30pm,AUD,Home Loans m/m,Medium,2.4%,2.2%,2.6%,2013-09-08 20:30:00
2013-09-08,8:30pm,CNY,CPI y/y,High,2.6%,2.6%,2.7%,2013-09-08 20:30:00
2013-09-08,8:30pm,CNY,PPI y/y,Medium,-1.6%,-1.7%,-2.3%,2013-09-08 20:30:00
2013-09-09,12:00am,JPY,Consumer Confidence,Non-economic,43.0,44.3,43.6,2013-09-09 00:00:00
2013-09-09,12:45am,CHF,Unemployment Rate,Non-economic,3.2%,3.2%,3.2%,2013-09-09 00:45:00
2013-09-09,1:00am,JPY,Economy Watchers Sentiment,Non-economic,51.2,53.8,52.3,2013-09-09 01:00:00
2013-09-09,2:15am,CHF,Retail Sales y/y,Medium,0.8%,3.2%,2.3%,2013-09-09 02:15:00
2013-09-09,3:30am,EUR,Sentix Investor Confidence,Non-economic,6.5,-4.0,-4.9,2013-09-09 03:30:00
2013-09-09,7:30am,CAD,Building Permits m/m,High,20.7%,4.4%,-10.6%,2013-09-09 07:30:00
2013-09-09,2:00pm,USD,Consumer Credit m/m,Non-economic,10.4B,12.7B,11.9B,2013-09-09 14:00:00
2013-09-09,6:01pm,GBP,RICS House Price Balance,Non-economic,40%,38%,37%,2013-09-09 18:01:00
2013-09-09,6:50pm,JPY,Monetary Policy Meeting Minutes,Medium,,,,2013-09-09 18:50:00
2013-09-09,6:50pm,JPY,Tertiary Industry Activity m/m,Medium,-0.4%,-0.4%,-0.5%,2013-09-09 18:50:00
2013-09-09,6:50pm,JPY,M2 Money Stock y/y,Non-economic,3.7%,3.8%,3.7%,2013-09-09 18:50:00
2013-09-09,8:30pm,AUD,NAB Business Confidence,Medium,6,,-3,2013-09-09 20:30:00
2013-09-09,10:45pm,JPY,30-y Bond Auction,Non-economic,1.80|3.9,,1.79|4.1,2013-09-09 22:45:00
2013-09-10,12:30am,CNY,Fixed Asset Investment ytd/y,Medium,20.3%,20.2%,20.1%,2013-09-10 00:30:00
2013-09-10,12:30am,CNY,Industrial Production y/y,Medium,10.4%,9.9%,9.7%,2013-09-10 00:30:00
2013-09-10,12:30am,CNY,Retail Sales y/y,Non-economic,13.4%,13.3%,13.2%,2013-09-10 00:30:00
2013-09-10,1:00am,JPY,Prelim Machine Tool Orders y/y,Non-economic,-1.8%,,-12.1%,2013-09-10 01:00:00
2013-09-10,1:45am,EUR,French Industrial Production m/m,Medium,-0.6%,0.7%,-1.4%,2013-09-10 01:45:00
2013-09-10,3:00am,CNY,New Loans,Medium,711B,731B,700B,2013-09-10 03:00:00
2013-09-10,3:00am,CNY,M2 Money Supply y/y,Non-economic,14.7%,14.6%,14.5%,2013-09-10 03:00:00
2013-09-10,4:34am,GBP,30-y Bond Auction,Non-economic,3.74|1.5,,3.55|1.7,2013-09-10 04:34:00
2013-09-10,6:30am,USD,NFIB Small Business Index,Non-economic,94.1,94.8,94.1,2013-09-10 06:30:00
2013-09-10,7:13am,CAD,Housing Starts,Non-economic,180K,190K,193K,2013-09-10 07:13:00
2013-09-10,9:00am,USD,JOLTS Job Openings,Medium,3.69M,3.96M,3.87M,2013-09-10 09:00:00
2013-09-10,6:50pm,JPY,BSI Manufacturing Index,Medium,15.2,7.2,5.0,2013-09-10 18:50:00
2013-09-10,6:50pm,JPY,PPI y/y,Non-economic,2.4%,2.3%,2.3%,2013-09-10 18:50:00
2013-09-10,7:30pm,AUD,Westpac Consumer Sentiment,Medium,4.7%,,3.5%,2013-09-10 19:30:00
2013-09-10,8:00pm,USD,President Obama Speaks,Medium,,,,2013-09-10 20:00:00
2013-09-11,12:30am,EUR,French Final Private Payrolls q/q,Non-economic,-0.2%,-0.2%,0.0%,2013-09-11 00:30:00
2013-09-11,1:00am,EUR,German Final CPI m/m,Non-economic,0.0%,0.0%,0.0%,2013-09-11 01:00:00
2013-09-11,3:30am,GBP,Claimant Count Change,High,-32.6K,-21.2K,-36.3K,2013-09-11 03:30:00
2013-09-11,3:30am,GBP,Average Earnings Index 3m/y,Medium,1.1%,1.3%,2.2%,2013-09-11 03:30:00
2013-09-11,3:30am,GBP,Unemployment Rate,Medium,7.7%,7.8%,7.8%,2013-09-11 03:30:00
2013-09-11,4:00am,GBP,CB Leading Index m/m,Non-economic,0.7%,,-0.3%,2013-09-11 04:00:00
2013-09-11,4:33am,EUR,German 10-y Bond Auction,Medium,2.06|1.3,,1.80|1.3,2013-09-11 04:33:00
2013-09-11,9:00am,USD,Final Wholesale Inventories m/m,Non-economic,0.1%,0.3%,-0.2%,2013-09-11 09:00:00
2013-09-11,9:30am,USD,Crude Oil Inventories,Medium,-0.2M,-2.2M,-1.8M,2013-09-11 09:30:00
2013-09-11,10:30am,GBP,MPC Member Miles Speaks,Medium,,,,2013-09-11 10:30:00
2013-09-11,12:00pm,USD,10-y Bond Auction,Medium,2.95|2.9,,2.62|2.5,2013-09-11 12:00:00
2013-09-11,4:00pm,NZD,Official Cash Rate,High,2.50%,2.50%,2.50%,2013-09-11 16:00:00
2013-09-11,4:00pm,NZD,RBNZ Press Conference,High,,,,2013-09-11 16:00:00
2013-09-11,4:00pm,NZD,RBNZ Rate Statement,High,,,,2013-09-11 16:00:00
2013-09-11,4:00pm,NZD,RBNZ Monetary Policy Statement,Medium,,,,2013-09-11 16:00:00
2013-09-11,6:50pm,JPY,Core Machinery Orders m/m,Medium,0.0%,2.5%,-2.7%,2013-09-11 18:50:00
2013-09-11,8:00pm,AUD,MI Inflation Expectations,Medium,1.5%,,2.3%,2013-09-11 20:00:00
2013-09-11,8:10pm,NZD,RBNZ Gov Wheeler Speaks,High,,,,2013-09-11 20:10:00
2013-09-11,8:30pm,AUD,Employment Change,High,-10.8K,10.2K,-11.4K,2013-09-11 20:30:00
2013-09-11,8:30pm,AUD,Unemployment Rate,High,5.8%,5.8%,5.7%,2013-09-11 20:30:00
2013-09-12,1:00am,EUR,German WPI m/m,Non-economic,-0.6%,0.2%,-0.3%,2013-09-12 01:00:00
2013-09-12,1:45am,EUR,French Final CPI m/m,Non-economic,0.5%,0.5%,-0.3%,2013-09-12 01:45:00
2013-09-12,3:00am,EUR,ECB Monthly Bulletin,Medium,,,,2013-09-12 03:00:00
2013-09-12,3:00am,EUR,Italian Industrial Production m/m,Non-economic,-1.1%,0.3%,0.2%,2013-09-12 03:00:00
2013-09-12,4:00am,EUR,Industrial Production m/m,Medium,-1.5%,-0.1%,0.6%,2013-09-12 04:00:00
2013-09-12,4:00am,GBP,Monetary Policy Report Hearings,High,,,,2013-09-12 04:00:00
2013-09-12,4:34am,GBP,10-y Bond Auction,Medium,2.98|1.6,,2.58|1.8,2013-09-12 04:34:00
2013-09-12,6:40am,EUR,ECB President Draghi Speaks,High,,,,2013-09-12 06:40:00
2013-09-12,7:30am,CAD,NHPI m/m,Medium,0.2%,0.2%,0.2%,2013-09-12 07:30:00
2013-09-12,7:30am,USD,Unemployment Claims,High,292K,332K,323K,2013-09-12 07:30:00
2013-09-12,7:30am,USD,Import Prices m/m,Medium,0.0%,0.6%,0.1%,2013-09-12 07:30:00
2013-09-12,8:00am,USD,FOMC Member Dudley Speaks,Medium,,,,2013-09-12 08:00:00
2013-09-12,9:30am,USD,Natural Gas Storage,Non-economic,65B,65B,58B,2013-09-12 09:30:00
2013-09-12,12:00pm,USD,30-y Bond Auction,Non-economic,3.82|2.4,,3.65|2.1,2013-09-12 12:00:00
2013-09-12,12:38pm,USD,Federal Budget Balance,Medium,-147.9B,-155.3B,-97.6B,2013-09-12 12:38:00
2013-09-12,5:24pm,NZD,BusinessNZ Manufacturing Index,Medium,57.5,,59.5,2013-09-12 17:24:00
2013-09-12,5:45pm,NZD,FPI m/m,Non-economic,-0.5%,,0.5%,2013-09-12 17:45:00
2013-09-12,11:30pm,JPY,Revised Industrial Production m/m,Non-economic,3.4%,3.2%,3.2%,2013-09-12 23:30:00
2013-09-13,2:15am,CHF,PPI m/m,Medium,0.2%,0.2%,0.0%,2013-09-13 02:15:00
2013-09-13,3:30am,GBP,Construction Output m/m,Non-economic,2.2%,2.0%,-1.1%,2013-09-13 03:30:00
2013-09-13,4:00am,EUR,Final Employment Change q/q,Non-economic,-0.1%,-0.2%,-0.4%,2013-09-13 04:00:00
2013-09-13,All Day,EUR,ECOFIN Meetings,Medium,,,,2013-09-13 00:00:00
2013-09-13,Day 1,EUR,Eurogroup Meetings,Medium,,,,2013-09-13 00:00:00
2013-09-13,7:30am,CAD,Capacity Utilization Rate,Non-economic,80.6%,81.3%,80.8%,2013-09-13 07:30:00
2013-09-13,7:30am,USD,Core Retail Sales m/m,High,0.1%,0.3%,0.6%,2013-09-13 07:30:00
2013-09-13,7:30am,USD,PPI m/m,High,0.3%,0.2%,0.0%,2013-09-13 07:30:00
2013-09-13,7:30am,USD,Retail Sales m/m,High,0.2%,0.5%,0.4%,2013-09-13 07:30:00
2013-09-13,7:30am,USD,Core PPI m/m,Medium,0.0%,0.2%,0.1%,2013-09-13 07:30:00
2013-09-13,8:55am,USD,Prelim UoM Consumer Sentiment,High,76.8,82.6,82.1,2013-09-13 08:55:00
2013-09-13,8:55am,USD,Prelim UoM Inflation Expectations,Non-economic,3.2%,,3.0%,2013-09-13 08:55:00
2013-09-13,9:00am,USD,Business Inventories m/m,Medium,0.4%,0.4%,0.1%,2013-09-13 09:00:00
2013-09-14,Day 2,EUR,ECOFIN Meetings,Medium,,,,2013-09-14 00:00:00
2013-09-15,4:45pm,NZD,REINZ HPI m/m,Non-economic,2.1%,,-0.5%,2013-09-15 16:45:00
2013-09-15,5:00pm,NZD,Westpac Consumer Sentiment,Non-economic,115.4,,116.6,2013-09-15 17:00:00
2013-09-15,5:30pm,NZD,BusinessNZ Services Index,Non-economic,53.2,,57.7,2013-09-15 17:30:00
2013-09-15,6:01pm,GBP,Rightmove HPI m/m,Non-economic,-1.5%,,-1.8%,2013-09-15 18:01:00
2013-09-15,All Day,JPY,Bank Holiday,Low,,,,2013-09-15 00:00:00
2013-09-16,3:00am,EUR,ECB President Draghi Speaks,High,,,,2013-09-16 03:00:00
2013-09-16,3:00am,EUR,Italian Trade Balance,Non-economic,5.95B,4.13B,3.62B,2013-09-16 03:00:00
2013-09-16,4:00am,EUR,Final CPI y/y,Medium,1.3%,1.3%,1.3%,2013-09-16 04:00:00
2013-09-16,4:00am,EUR,Final Core CPI y/y,Non-economic,1.1%,1.1%,1.1%,2013-09-16 04:00:00
2013-09-16,7:30am,CAD,Foreign Securities Purchases,Medium,6.09B,-2.23B,-15.43B,2013-09-16 07:30:00
2013-09-16,7:30am,USD,Empire State Manufacturing Index,Medium,6.3,9.2,8.2,2013-09-16 07:30:00
2013-09-16,8:15am,USD,Capacity Utilization Rate,Medium,77.8%,77.8%,77.6%,2013-09-16 08:15:00
2013-09-16,8:15am,USD,Industrial Production m/m,Medium,0.4%,0.5%,0.0%,2013-09-16 08:15:00
2013-09-16,8:30pm,AUD,Monetary Policy Meeting Minutes,High,,,,2013-09-16 20:30:00
2013-09-16,8:30pm,AUD,New Motor Vehicle Sales m/m,Medium,0.8%,,-3.6%,2013-09-16 20:30:00
2013-09-16,9:00pm,CNY,CB Leading Index m/m,Non-economic,0.7%,,1.4%,2013-09-16 21:00:00
2013-09-16,9:00pm,CNY,Foreign Direct Investment ytd/y,Non-economic,6.4%,,7.1%,2013-09-16 21:00:00
2013-09-17,3:00am,EUR,Current Account,Medium,16.9B,18.3B,19.8B,2013-09-17 03:00:00
2013-09-17,3:30am,GBP,CPI y/y,High,2.7%,2.7%,2.8%,2013-09-17 03:30:00
2013-09-17,3:30am,GBP,PPI Input m/m,Medium,-0.2%,0.3%,1.2%,2013-09-17 03:30:00
2013-09-17,3:30am,GBP,RPI y/y,Medium,3.3%,3.2%,3.1%,2013-09-17 03:30:00
2013-09-17,3:30am,GBP,Core CPI y/y,Non-economic,2.0%,2.1%,2.0%,2013-09-17 03:30:00
2013-09-17,3:30am,GBP,ONS HPI y/y,Non-economic,3.3%,3.4%,3.1%,2013-09-17 03:30:00
2013-09-17,3:30am,GBP,PPI Output m/m,Non-economic,0.1%,0.2%,0.2%,2013-09-17 03:30:00
2013-09-17,4:00am,EUR,German ZEW Economic Sentiment,High,49.6,45.3,42.0,2013-09-17 04:00:00
2013-09-17,4:00am,EUR,ZEW Economic Sentiment,Medium,58.6,47.2,44.0,2013-09-17 04:00:00
2013-09-17,4:00am,EUR,Trade Balance,Non-economic,11.1B,15.3B,13.5B,2013-09-17 04:00:00
2013-09-17,7:15am,USD,Treasury Sec Lew Speaks,Medium,,,,2013-09-17 07:15:00
2013-09-17,7:30am,CAD,Manufacturing Sales m/m,High,1.7%,0.6%,-0.1%,2013-09-17 07:30:00
2013-09-17,7:30am,USD,Core CPI m/m,High,0.1%,0.1%,0.2%,2013-09-17 07:30:00
2013-09-17,7:30am,USD,CPI y/y,High,1.5%,1.6%,2.0%,2013-09-17 07:30:00
2013-09-17,7:30am,USD,CPI m/m,Medium,0.1%,0.2%,0.2%,2013-09-17 07:30:00
2013-09-17,8:00am,USD,TIC Long-Term Purchases,Medium,31.1B,-45.3B,-67.0B,2013-09-17 08:00:00
2013-09-17,9:00am,USD,NAHB Housing Market Index,Medium,58,59,58,2013-09-17 09:00:00
2013-09-17,9:30am,NZD,GDT Price Index,Non-economic,0.3%,,-1.1%,2013-09-17 09:30:00
2013-09-17,5:45pm,NZD,Current Account,Medium,-1.25B,-1.85B,-0.42B,2013-09-17 17:45:00
2013-09-17,7:00pm,AUD,CB Leading Index m/m,Medium,0.3%,,-1.1%,2013-09-17 19:00:00
2013-09-17,7:30pm,AUD,MI Leading Index m/m,Non-economic,0.6%,,0.0%,2013-09-17 19:30:00
2013-09-17,8:30pm,AUD,RBA Assist Gov Edey Speaks,Medium,,,,2013-09-17 20:30:00
2013-09-18,3:30am,GBP,MPC Asset Purchase Facility Votes,High,0-0-9,0-0-9,0-0-9,2013-09-18 03:30:00
2013-09-18,3:30am,GBP,MPC Official Bank Rate Votes,High,0-0-9,0-0-9,0-0-9,2013-09-18 03:30:00
2013-09-18,4:00am,CHF,UBS Economic Expectations,Medium,16.3,,7.2,2013-09-18 04:00:00
2013-09-18,7:30am,USD,Building Permits,High,0.92M,0.95M,0.95M,2013-09-18 07:30:00
2013-09-18,7:30am,USD,Housing Starts,Medium,0.89M,0.93M,0.88M,2013-09-18 07:30:00
2013-09-18,9:30am,USD,Crude Oil Inventories,Medium,-4.4M,-1.2M,-0.2M,2013-09-18 09:30:00
2013-09-18,9:40am,CAD,BOC Gov Poloz Speaks,Medium,,,,2013-09-18 09:40:00
2013-09-18,1:00pm,USD,FOMC Economic Projections,High,,,,2013-09-18 13:00:00
2013-09-18,1:00pm,USD,FOMC Statement,High,,,,2013-09-18 13:00:00
2013-09-18,1:00pm,USD,Federal Funds Rate,Medium,<0.25%,<0.25%,<0.25%,2013-09-18 13:00:00
2013-09-18,1:30pm,USD,FOMC Press Conference,High,,,,2013-09-18 13:30:00
2013-09-18,5:45pm,NZD,GDP q/q,High,0.2%,0.2%,0.4%,2013-09-18 17:45:00
2013-09-18,6:50pm,JPY,Trade Balance,Medium,-0.79T,-0.83T,-0.91T,2013-09-18 18:50:00
2013-09-18,All Day,CNY,Bank Holiday,Low,,,,2013-09-18 00:00:00
2013-09-18,8:30pm,AUD,RBA Bulletin,Non-economic,,,,2013-09-18 20:30:00
2013-09-18,11:30pm,JPY,All Industries Activity m/m,Non-economic,0.5%,0.3%,-0.7%,2013-09-18 23:30:00
2013-09-19,12:45am,CHF,SECO Economic Forecasts,Non-economic,,,,2013-09-19 00:45:00
2013-09-19,1:00am,CHF,Trade Balance,Non-economic,1.85B,2.74B,2.49B,2013-09-19 01:00:00
2013-09-19,1:32am,JPY,BOJ Gov Kuroda Speaks,High,,,,2013-09-19 01:32:00
2013-09-19,2:30am,CHF,Libor Rate,High,<0.25%,<0.25%,<0.25%,2013-09-19 02:30:00
2013-09-19,2:30am,CHF,SNB Monetary Policy Assessment,High,,,,2013-09-19 02:30:00
2013-09-19,3:30am,GBP,Retail Sales m/m,High,-0.9%,0.4%,1.1%,2013-09-19 03:30:00
2013-09-19,5:00am,GBP,CBI Industrial Order Expectations,Medium,9,2,0,2013-09-19 05:00:00
2013-09-19,7:30am,CAD,Wholesale Sales m/m,Medium,1.5%,1.1%,-3.1%,2013-09-19 07:30:00
2013-09-19,7:30am,USD,Unemployment Claims,High,309K,331K,294K,2013-09-19 07:30:00
2013-09-19,7:30am,USD,Current Account,Medium,-99B,-96B,-105B,2013-09-19 07:30:00
2013-09-19,9:00am,USD,Existing Home Sales,High,5.48M,5.27M,5.39M,2013-09-19 09:00:00
2013-09-19,9:00am,USD,Philly Fed Manufacturing Index,High,22.3,10.2,9.3,2013-09-19 09:00:00
2013-09-19,9:00am,USD,CB Leading Index m/m,Non-economic,0.7%,0.6%,0.5%,2013-09-19 09:00:00
2013-09-19,9:30am,USD,Natural Gas Storage,Non-economic,46B,60B,65B,2013-09-19 09:30:00
2013-09-19,5:45pm,NZD,Visitor Arrivals m/m,Non-economic,0.0%,,1.2%,2013-09-19 17:45:00
2013-09-19,All Day,CNY,Bank Holiday,Low,,,,2013-09-19 00:00:00
2013-09-19,9:30pm,JPY,BOJ Gov Kuroda Speaks,High,,,,2013-09-19 21:30:00
2013-09-19,10:00pm,NZD,Credit Card Spending y/y,Non-economic,6.6%,,4.8%,2013-09-19 22:00:00
2013-09-20,3:30am,GBP,Public Sector Net Borrowing,Medium,11.5B,11.9B,-1.1B,2013-09-20 03:30:00
2013-09-20,6:30am,EUR,German Buba President Weidmann Speaks,Medium,,,,2013-09-20 06:30:00
2013-09-20,7:30am,CAD,Core CPI m/m,High,0.2%,0.1%,0.0%,2013-09-20 07:30:00
2013-09-20,7:30am,CAD,CPI m/m,Medium,0.0%,0.1%,0.1%,2013-09-20 07:30:00
2013-09-20,9:00am,EUR,Consumer Confidence,Non-economic,-15,-14,-16,2013-09-20 09:00:00
2013-09-20,11:30am,USD,FOMC Member George Speaks,Medium,,,,2013-09-20 11:30:00
2013-09-20,11:40am,USD,FOMC Member Tarullo Speaks,Non-economic,,,,2013-09-20 11:40:00
2013-09-20,11:55am,USD,FOMC Member Bullard Speaks,High,,,,2013-09-20 11:55:00
2013-09-22,All Day,EUR,German Federal Elections,High,,,,2013-09-22 00:00:00
2013-09-22,All Day,JPY,Bank Holiday,Low,,,,2013-09-22 00:00:00
2013-09-22,8:45pm,CNY,Caixin Flash Manufacturing PMI,High,51.2,50.9,50.1,2013-09-22 20:45:00
2013-09-23,2:00am,EUR,French Flash Manufacturing PMI,High,49.5,50.2,49.7,2013-09-23 02:00:00
2013-09-23,2:00am,EUR,French Flash Services PMI,Medium,50.7,49.3,48.9,2013-09-23 02:00:00
2013-09-23,2:30am,EUR,German Flash Manufacturing PMI,High,51.3,52.3,51.8,2013-09-23 02:30:00
2013-09-23,2:30am,EUR,German Flash Services PMI,Medium,54.4,53.2,52.8,2013-09-23 02:30:00
2013-09-23,3:00am,EUR,Flash Manufacturing PMI,Medium,51.1,51.8,51.4,2013-09-23 03:00:00
2013-09-23,3:00am,EUR,Flash Services PMI,Medium,52.1,51.1,50.7,2013-09-23 03:00:00
2013-09-23,5:00am,EUR,German Buba Monthly Report,Medium,,,,2013-09-23 05:00:00
2013-09-23,8:00am,EUR,ECB President Draghi Speaks,High,,,,2013-09-23 08:00:00
2013-09-23,8:00am,USD,Flash Manufacturing PMI,Medium,52.8,54.2,53.1,2013-09-23 08:00:00
2013-09-23,8:30am,USD,FOMC Member Dudley Speaks,Medium,,,,2013-09-23 08:30:00
2013-09-23,10:15am,CHF,SNB Chairman Jordan Speaks,High,,,,2013-09-23 10:15:00
2013-09-23,1:00pm,GBP,MPC Member Broadbent Speaks,Medium,,,,2013-09-23 13:00:00
2013-09-24,3:00am,EUR,German ifo Business Climate,High,107.7,108.4,107.6,2013-09-24 03:00:00
2013-09-24,3:30am,GBP,High Street Lending,Medium,38.2K,38.6K,37.4K,2013-09-24 03:30:00
2013-09-24,5:30am,GBP,MPC Member Miles Speaks,Medium,,,,2013-09-24 05:30:00
2013-09-24,7:30am,CAD,Core Retail Sales m/m,High,1.0%,0.6%,-0.9%,2013-09-24 07:30:00
2013-09-24,7:30am,CAD,Retail Sales m/m,Medium,0.6%,0.6%,-0.6%,2013-09-24 07:30:00
2013-09-24,7:45am,GBP,MPC Member Tucker Speaks,Medium,,,,2013-09-24 07:45:00
2013-09-24,8:00am,USD,S&P/CS Composite-20 HPI y/y,Medium,12.4%,12.5%,12.1%,2013-09-24 08:00:00
2013-09-24,8:00am,USD,HPI m/m,Non-economic,1.0%,0.9%,0.7%,2013-09-24 08:00:00
2013-09-24,8:30am,EUR,Belgian NBB Business Climate,Non-economic,-6.7,-7.1,-8.6,2013-09-24 08:30:00
2013-09-24,8:59am,USD,Richmond Manufacturing Index,Non-economic,0,17,14,2013-09-24 08:59:00
2013-09-24,9:00am,USD,CB Consumer Confidence,High,79.7,79.9,81.8,2013-09-24 09:00:00
2013-09-24,11:30am,CAD,Gov Council Member Schembri Speaks,Medium,,,,2013-09-24 11:30:00
2013-09-24,12:00pm,GBP,MPC Member Bean Speaks,Medium,,,,2013-09-24 12:00:00
2013-09-24,12:00pm,USD,FOMC Member George Speaks,Medium,,,,2013-09-24 12:00:00
2013-09-24,5:45pm,NZD,Trade Balance,High,-1191M,-722M,-771M,2013-09-24 17:45:00
2013-09-24,6:50pm,JPY,SPPI y/y,Non-economic,0.6%,0.5%,0.6%,2013-09-24 18:50:00
2013-09-24,8:30pm,AUD,RBA Financial Stability Review,Medium,,,,2013-09-24 20:30:00
2013-09-25,1:00am,CHF,UBS Consumption Indicator,Non-economic,1.32,,1.41,2013-09-25 01:00:00
2013-09-25,1:00am,EUR,German GfK Consumer Climate,Medium,7.1,7.1,7.0,2013-09-25 01:00:00
2013-09-25,3:30am,GBP,FPC Statement,Non-economic,,,,2013-09-25 03:30:00
2013-09-25,5:00am,GBP,CBI Realized Sales,Medium,34,24,27,2013-09-25 05:00:00
2013-09-25,7:30am,USD,Core Durable Goods Orders m/m,High,-0.1%,1.1%,-0.8%,2013-09-25 07:30:00
2013-09-25,7:30am,USD,Durable Goods Orders m/m,Medium,0.1%,0.0%,-7.4%,2013-09-25 07:30:00
2013-09-25,9:00am,USD,New Home Sales,High,421K,422K,390K,2013-09-25 09:00:00
2013-09-25,9:30am,USD,Crude Oil Inventories,Medium,2.6M,-1.0M,-4.4M,2013-09-25 09:30:00
2013-09-26,3:00am,EUR,M3 Money Supply y/y,Medium,2.3%,2.3%,2.2%,2013-09-26 03:00:00
2013-09-26,3:00am,EUR,Private Loans y/y,Non-economic,-2.0%,-1.7%,-1.9%,2013-09-26 03:00:00
2013-09-26,3:00am,EUR,Italian Retail Sales m/m,Non-economic,-0.3%,0.3%,-0.2%,2013-09-26 03:00:00
2013-09-26,3:30am,GBP,Current Account,High,-13.0B,-11.2B,-21.8B,2013-09-26 03:30:00
2013-09-26,3:30am,GBP,Final GDP q/q,Medium,0.7%,0.7%,0.7%,2013-09-26 03:30:00
2013-09-26,3:30am,GBP,Revised Business Investment q/q,Non-economic,-2.7%,0.9%,0.9%,2013-09-26 03:30:00
2013-09-26,7:30am,USD,Unemployment Claims,High,305K,319K,310K,2013-09-26 07:30:00
2013-09-26,7:30am,USD,Final GDP q/q,Medium,2.5%,2.7%,2.5%,2013-09-26 07:30:00
2013-09-26,7:30am,USD,Final GDP Price Index q/q,Non-economic,0.6%,0.8%,0.8%,2013-09-26 07:30:00
2013-09-26,8:00am,CHF,SNB Quarterly Bulletin,Non-economic,,,,2013-09-26 08:00:00
2013-09-26,9:00am,USD,Pending Home Sales m/m,High,-1.6%,-0.9%,-1.4%,2013-09-26 09:00:00
2013-09-26,9:10am,USD,FOMC Member Stein Speaks,Medium,,,,2013-09-26 09:10:00
2013-09-26,9:30am,USD,Natural Gas Storage,Non-economic,87B,60B,46B,2013-09-26 09:30:00
2013-09-26,6:05pm,GBP,GfK Consumer Confidence,Non-economic,-10,-10,-13,2013-09-26 18:05:00
2013-09-26,6:30pm,JPY,National Core CPI y/y,Medium,0.8%,0.7%,0.7%,2013-09-26 18:30:00
2013-09-26,6:30pm,JPY,Tokyo Core CPI y/y,Medium,0.2%,0.3%,0.4%,2013-09-26 18:30:00
2013-09-26,8:15pm,USD,FOMC Member George Speaks,Medium,,,,2013-09-26 20:15:00
2013-09-27,1:00am,GBP,Nationwide HPI m/m,Medium,0.9%,0.5%,0.7%,2013-09-27 01:00:00
2013-09-27,All Day,EUR,German Prelim CPI m/m,Medium,0.0%,0.0%,0.0%,2013-09-27 00:00:00
2013-09-27,Jul Data,EUR,French Consumer Spending m/m,Non-economic,0.4%,0.3%,-0.8%,2013-09-27 00:00:00
2013-09-27,1:45am,EUR,French Consumer Spending m/m,Medium,-0.4%,0.1%,0.4%,2013-09-27 01:45:00
2013-09-27,2:00am,CHF,KOF Economic Barometer,Medium,1.53,1.46,1.37,2013-09-27 02:00:00
2013-09-27,2:00am,EUR,Spanish Flash CPI y/y,Non-economic,0.3%,0.9%,1.5%,2013-09-27 02:00:00
2013-09-27,3:10am,EUR,Retail PMI,Non-economic,48.6,,50.3,2013-09-27 03:10:00
2013-09-27,3:30am,GBP,Index of Services 3m/3m,Non-economic,0.5%,0.6%,0.6%,2013-09-27 03:30:00
2013-09-27,4:00am,EUR,ECB President Draghi Speaks,High,,,,2013-09-27 04:00:00
2013-09-27,4:15am,EUR,Italian 10-y Bond Auction,High,4.50|1.4,,4.46|1.5,2013-09-27 04:15:00
2013-09-27,4:45am,USD,FOMC Member Evans Speaks,High,,,,2013-09-27 04:45:00
2013-09-27,7:30am,USD,Core PCE Price Index m/m,Medium,0.2%,0.1%,0.1%,2013-09-27 07:30:00
2013-09-27,7:30am,USD,FOMC Member Rosengren Speaks,Medium,,,,2013-09-27 07:30:00
2013-09-27,7:30am,USD,Personal Spending m/m,Medium,0.3%,0.3%,0.2%,2013-09-27 07:30:00
2013-09-27,7:30am,USD,Personal Income m/m,Non-economic,0.4%,0.5%,0.2%,2013-09-27 07:30:00
2013-09-27,8:55am,USD,Revised UoM Consumer Sentiment,Medium,77.5,78.2,76.8,2013-09-27 08:55:00
2013-09-27,8:55am,USD,Revised UoM Inflation Expectations,Non-economic,3.3%,,3.2%,2013-09-27 08:55:00
2013-09-27,9:45am,USD,FOMC Member Evans Speaks,Medium,,,,2013-09-27 09:45:00
2013-09-27,1:00pm,USD,FOMC Member Dudley Speaks,Medium,,,,2013-09-27 13:00:00
2013-09-27,2:30pm,USD,President Obama Speaks,Non-economic,,,,2013-09-27 14:30:00
2013-09-28,9:00am,NZD,Daylight Saving Time Shift,Low,,,,2013-09-28 09:00:00
2013-09-29,4:45pm,NZD,Building Consents m/m,Medium,1.4%,,-3.4%,2013-09-29 16:45:00
2013-09-29,6:15pm,JPY,Final Manufacturing PMI,Non-economic,52.5,,52.2,2013-09-29 18:15:00
2013-09-29,6:50pm,JPY,Prelim Industrial Production m/m,Medium,-0.7%,-0.2%,3.4%,2013-09-29 18:50:00
2013-09-29,6:50pm,JPY,Retail Sales y/y,Medium,1.1%,1.1%,-0.3%,2013-09-29 18:50:00
2013-09-29,7:00pm,NZD,ANZ Business Confidence,High,54.1,,48.1,2013-09-29 19:00:00
2013-09-29,7:30pm,AUD,MI Inflation Gauge m/m,Non-economic,0.2%,,0.1%,2013-09-29 19:30:00
2013-09-29,8:30pm,AUD,Private Sector Credit m/m,Medium,0.3%,0.4%,0.4%,2013-09-29 20:30:00
2013-09-29,8:45pm,CNY,RatingDog Manufacturing PMI,Medium,50.2,51.2,51.2,2013-09-29 20:45:00
2013-09-30,12:00am,JPY,Housing Starts y/y,Non-economic,8.8%,12.9%,12.0%,2013-09-30 00:00:00
2013-09-30,1:00am,EUR,German Retail Sales m/m,Medium,0.5%,0.9%,-0.2%,2013-09-30 01:00:00
2013-09-30,3:30am,GBP,Net Lending to Individuals m/m,Medium,1.6B,1.6B,1.5B,2013-09-30 03:30:00
2013-09-30,3:30am,GBP,M4 Money Supply m/m,Non-economic,0.7%,0.7%,0.6%,2013-09-30 03:30:00
2013-09-30,3:30am,GBP,Mortgage Approvals,Non-economic,62K,61K,61K,2013-09-30 03:30:00
2013-09-30,4:00am,EUR,CPI Flash Estimate y/y,Medium,1.1%,1.3%,1.3%,2013-09-30 04:00:00
2013-09-30,4:00am,EUR,Core CPI Flash Estimate y/y,Non-economic,1.0%,,1.1%,2013-09-30 04:00:00
2013-09-30,4:00am,EUR,Italian Prelim CPI m/m,Non-economic,-0.3%,0.3%,0.4%,2013-09-30 04:00:00
2013-09-30,7:30am,CAD,GDP m/m,High,0.6%,0.6%,-0.5%,2013-09-30 07:30:00
2013-09-30,7:30am,CAD,RMPI m/m,Medium,0.9%,3.2%,4.3%,2013-09-30 07:30:00
2013-09-30,7:30am,CAD,IPPI m/m,Non-economic,0.2%,0.9%,0.3%,2013-09-30 07:30:00
2013-09-30,8:45am,USD,Chicago PMI,Medium,55.7,54.5,53.0,2013-09-30 08:45:00
2013-09-30,6:30pm,AUD,AIG Manufacturing Index,Non-economic,51.7,,46.4,2013-09-30 18:30:00
2013-09-30,6:30pm,JPY,Household Spending y/y,Medium,-1.6%,0.2%,0.1%,2013-09-30 18:30:00
2013-09-30,6:30pm,JPY,Unemployment Rate,Non-economic,4.1%,3.8%,3.8%,2013-09-30 18:30:00
2013-09-30,6:50pm,JPY,Tankan Manufacturing Index,Medium,12,7,4,2013-09-30 18:50:00
2013-09-30,6:50pm,JPY,Tankan Non-Manufacturing Index,Medium,14,14,12,2013-09-30 18:50:00
2013-09-30,All Day,CNY,Bank Holiday,Low,,,,2013-09-30 00:00:00
2013-09-30,7:58pm,CNY,Manufacturing PMI,High,51.1,51.6,51.0,2013-09-30 19:58:00
2013-09-30,8:00pm,AUD,HIA New Home Sales m/m,Medium,3.4%,,-4.7%,2013-09-30 20:00:00
2013-09-30,8:30pm,AUD,Retail Sales m/m,High,0.4%,0.3%,0.1%,2013-09-30 20:30:00
2013-09-30,8:30pm,JPY,Average Cash Earnings y/y,Medium,-0.6%,-0.2%,0.1%,2013-09-30 20:30:00
2013-09-30,10:45pm,JPY,10-y Bond Auction,Non-economic,0.68|3.7,,0.77|3.5,2013-09-30 22:45:00
2013-09-30,11:30pm,AUD,Cash Rate,High,2.50%,2.50%,2.50%,2013-09-30 23:30:00
2013-09-30,11:30pm,AUD,RBA Rate Statement,High,,,,2013-09-30 23:30:00
2013-10-01,1:30am,AUD,Commodity Prices y/y,Non-economic,-3.1%,,-8.6%,2013-10-01 01:30:00
2013-10-01,2:15am,EUR,Spanish Manufacturing PMI,Medium,50.7,51.6,51.1,2013-10-01 02:15:00
2013-10-01,2:30am,CHF,Manufacturing PMI,Medium,55.3,54.9,54.6,2013-10-01 02:30:00
2013-10-01,2:45am,EUR,Italian Manufacturing PMI,Medium,50.8,51.2,51.3,2013-10-01 02:45:00
2013-10-01,2:50am,EUR,French Final Manufacturing PMI,Non-economic,49.8,49.5,49.5,2013-10-01 02:50:00
2013-10-01,2:55am,EUR,German Unemployment Change,Medium,25K,-5K,9K,2013-10-01 02:55:00
2013-10-01,2:55am,EUR,German Final Manufacturing PMI,Non-economic,51.1,51.3,51.3,2013-10-01 02:55:00
2013-10-01,3:00am,EUR,Final Manufacturing PMI,Non-economic,51.1,51.1,51.1,2013-10-01 03:00:00
2013-10-01,3:00am,EUR,Italian Monthly Unemployment Rate,Non-economic,12.2%,12.0%,12.1%,2013-10-01 03:00:00
2013-10-01,3:30am,GBP,Final Manufacturing PMI,High,56.7,57.5,57.1,2013-10-01 03:30:00
2013-10-01,3:30am,GBP,FPC Meeting Minutes,Non-economic,,,,2013-10-01 03:30:00
2013-10-01,4:00am,EUR,Unemployment Rate,Medium,12.0%,12.1%,12.0%,2013-10-01 04:00:00
2013-10-01,8:00am,USD,Final Manufacturing PMI,Non-economic,52.8,52.8,52.8,2013-10-01 08:00:00
2013-10-01,8:30am,CAD,Manufacturing PMI,Non-economic,54.2,,52.1,2013-10-01 08:30:00
2013-10-01,8:30am,NZD,GDT Price Index,Non-economic,2.4%,,0.3%,2013-10-01 08:30:00
2013-10-01,9:00am,USD,ISM Manufacturing PMI,High,56.2,55.3,55.7,2013-10-01 09:00:00
2013-10-01,9:00am,USD,ISM Manufacturing Prices,Non-economic,56.5,55.2,54.0,2013-10-01 09:00:00
2013-10-01,All Day,USD,Total Vehicle Sales,Non-economic,15.3M,16.1M,16.1M,2013-10-01 00:00:00
2013-10-01,10:55am,CAD,Gov Council Member Macklem Speaks,Non-economic,,,,2013-10-01 10:55:00
2013-10-01,12:02pm,USD,President Obama Speaks,Medium,,,,2013-10-01 12:02:00
2013-10-01,6:50pm,JPY,Monetary Base y/y,Non-economic,46.1%,45.3%,42.0%,2013-10-01 18:50:00
2013-10-01,7:00pm,NZD,ANZ Commodity Prices m/m,Non-economic,0.9%,,0.7%,2013-10-01 19:00:00
2013-10-01,7:00pm,NZD,RBNZ Assist Gov McDermott Speaks,Non-economic,,,,2013-10-01 19:00:00
2013-10-01,All Day,CNY,Bank Holiday,Low,,,,2013-10-01 00:00:00
2013-10-01,8:30pm,AUD,Building Approvals m/m,High,-4.7%,-0.7%,10.2%,2013-10-01 20:30:00
2013-10-01,8:30pm,AUD,Goods Trade Balance,High,-0.82B,-0.45B,-1.38B,2013-10-01 20:30:00
2013-10-02,2:00am,EUR,Spanish Unemployment Change,High,25.6K,12.3K,0.0K,2013-10-02 02:00:00
2013-10-02,3:30am,GBP,Construction PMI,High,58.9,60.1,59.1,2013-10-02 03:30:00
2013-10-02,3:30am,GBP,Housing Equity Withdrawal q/q,Non-economic,-15.4B,-7.2B,-13.4B,2013-10-02 03:30:00
2013-10-02,4:34am,EUR,German 10-y Bond Auction,Medium,1.79|1.3,,2.06|1.3,2013-10-02 04:34:00
2013-10-02,6:00am,GBP,MPC Member Fisher Speaks,Medium,,,,2013-10-02 06:00:00
2013-10-02,6:45am,EUR,Main Refinancing Rate,High,0.50%,0.50%,0.50%,2013-10-02 06:45:00
2013-10-02,7:15am,USD,ADP Non-Farm Employment Change,High,166K,177K,159K,2013-10-02 07:15:00
2013-10-02,7:30am,EUR,ECB Press Conference,High,,,,2013-10-02 07:30:00
2013-10-02,9:30am,USD,Crude Oil Inventories,Medium,5.5M,2.4M,2.6M,2013-10-02 09:30:00
2013-10-02,11:00am,USD,FOMC Member Rosengren Speaks,Medium,,,,2013-10-02 11:00:00
2013-10-02,2:20pm,USD,FOMC Member Bullard Speaks,Non-economic,,,,2013-10-02 14:20:00
2013-10-02,2:30pm,USD,Fed Chairman Bernanke Speaks,High,,,,2013-10-02 14:30:00
2013-10-02,6:30pm,AUD,AIG Services Index,Non-economic,47.1,,39.0,2013-10-02 18:30:00
2013-10-02,All Day,CNY,Bank Holiday,Low,,,,2013-10-02 00:00:00
2013-10-02,7:55pm,CNY,Non-Manufacturing PMI,Medium,55.4,,53.9,2013-10-02 19:55:00
2013-10-03,All Day,EUR,German Bank Holiday,Low,,,,2013-10-03 00:00:00
2013-10-03,2:00am,GBP,Halifax HPI m/m,Medium,0.3%,0.6%,0.3%,2013-10-03 02:00:00
2013-10-03,2:15am,EUR,Spanish Services PMI,Medium,49.0,50.9,50.4,2013-10-03 02:15:00
2013-10-03,2:45am,EUR,Italian Services PMI,Medium,52.7,49.3,48.8,2013-10-03 02:45:00
2013-10-03,2:50am,EUR,French Final Services PMI,Non-economic,51.0,50.7,50.7,2013-10-03 02:50:00
2013-10-03,2:55am,EUR,German Final Services PMI,Non-economic,53.7,54.4,54.4,2013-10-03 02:55:00
2013-10-03,3:00am,EUR,Final Services PMI,Non-economic,52.2,52.1,52.1,2013-10-03 03:00:00
2013-10-03,3:30am,GBP,Final Services PMI,High,60.3,60.4,60.5,2013-10-03 03:30:00
2013-10-03,3:44am,EUR,Spanish 10-y Bond Auction,Medium,4.27|2.0,,4.50|2.0,2013-10-03 03:44:00
2013-10-03,3:57am,EUR,French 10-y Bond Auction,Medium,2.37|1.9,,2.57|1.9,2013-10-03 03:57:00
2013-10-03,4:00am,EUR,Retail Sales m/m,Medium,0.7%,0.3%,0.5%,2013-10-03 04:00:00
2013-10-03,4:36am,GBP,10-y Bond Auction,Non-economic,2.74|1.8,,2.98|1.6,2013-10-03 04:36:00
2013-10-03,6:30am,USD,Challenger Job Cuts y/y,Non-economic,19.1%,,56.5%,2013-10-03 06:30:00
2013-10-03,7:30am,USD,Unemployment Claims,High,308K,315K,307K,2013-10-03 07:30:00
2013-10-03,9:00am,USD,ISM Services PMI,High,54.4,57.2,58.6,2013-10-03 09:00:00
2013-10-03,9:30am,USD,Natural Gas Storage,Non-economic,101B,96B,87B,2013-10-03 09:30:00
2013-10-03,12:30pm,USD,FOMC Member Powell Speaks,Medium,,,,2013-10-03 12:30:00
2013-10-03,All Day,CNY,Bank Holiday,Low,,,,2013-10-03 00:00:00
2013-10-03,9:49pm,JPY,Monetary Policy Statement,High,,,,2013-10-03 21:49:00
2013-10-04,1:00am,EUR,German PPI m/m,Medium,-0.1%,0.1%,-0.1%,2013-10-04 01:00:00
2013-10-04,2:19am,JPY,BOJ Press Conference,High,,,,2013-10-04 02:19:00
2013-10-04,4:00am,EUR,PPI m/m,Non-economic,0.0%,0.1%,0.2%,2013-10-04 04:00:00
2013-10-04,8:15am,USD,FOMC Member Dudley Speaks,Medium,,,,2013-10-04 08:15:00
2013-10-04,8:30am,USD,FOMC Member Stein Speaks,Medium,,,,2013-10-04 08:30:00
2013-10-04,9:00am,CAD,Ivey PMI,High,51.9,52.6,51.0,2013-10-04 09:00:00
2013-10-05,11:00am,AUD,Daylight Saving Time Shift,Low,,,,2013-10-05 11:00:00
2013-10-06,All Day,AUD,Bank Holiday,Low,,,,2013-10-06 00:00:00
2013-10-06,5:30pm,AUD,AIG Construction Index,Non-economic,47.6,,43.7,2013-10-06 17:30:00
2013-10-07,12:00am,JPY,BOJ Monthly Report,Non-economic,,,,2013-10-07 00:00:00
2013-10-07,12:00am,JPY,Leading Indicators,Non-economic,106.5%,106.9%,107.8%,2013-10-07 00:00:00
2013-10-07,2:00am,CHF,Foreign Currency Reserves,Medium,432B,,434B,2013-10-07 02:00:00
2013-10-07,3:30am,EUR,Sentix Investor Confidence,Non-economic,6.1,10.9,6.5,2013-10-07 03:30:00
2013-10-07,4:00am,EUR,Final GDP q/q,Non-economic,0.3%,0.3%,0.3%,2013-10-07 04:00:00
2013-10-07,7:30am,CAD,Building Permits m/m,High,-21.2%,-2.4%,21.4%,2013-10-07 07:30:00
2013-10-07,2:00pm,USD,Consumer Credit m/m,Non-economic,13.6B,12.6B,10.4B,2013-10-07 14:00:00
2013-10-07,4:00pm,NZD,NZIER Business Confidence,High,38,,32,2013-10-07 16:00:00
2013-10-07,6:01pm,GBP,BRC Retail Sales Monitor y/y,Medium,0.7%,,1.8%,2013-10-07 18:01:00
2013-10-07,6:01pm,GBP,RICS House Price Balance,Non-economic,54%,45%,41%,2013-10-07 18:01:00
2013-10-07,6:50pm,JPY,Current Account,Medium,0.35T,0.65T,0.33T,2013-10-07 18:50:00
2013-10-07,7:30pm,AUD,ANZ Job Advertisements m/m,Medium,0.2%,,-2.0%,2013-10-07 19:30:00
2013-10-07,7:30pm,AUD,NAB Business Confidence,Medium,12,,4,2013-10-07 19:30:00
2013-10-07,8:45pm,CNY,RatingDog Services PMI,Medium,52.4,,52.8,2013-10-07 20:45:00
2013-10-08,12:00am,JPY,Economy Watchers Sentiment,Non-economic,52.8,52.2,51.2,2013-10-08 00:00:00
2013-10-08,12:45am,CHF,Unemployment Rate,Non-economic,3.2%,3.2%,3.2%,2013-10-08 00:45:00
2013-10-08,1:00am,EUR,German Trade Balance,Medium,15.6B,15.1B,15.0B,2013-10-08 01:00:00
2013-10-08,1:45am,EUR,French Gov Budget Balance,Non-economic,-93.6B,,-80.8B,2013-10-08 01:45:00
2013-10-08,1:45am,EUR,French Trade Balance,Non-economic,-4.9B,-4.8B,-5.1B,2013-10-08 01:45:00
2013-10-08,2:15am,CHF,CPI m/m,High,0.3%,0.2%,-0.1%,2013-10-08 02:15:00
2013-10-08,2:15am,CHF,Retail Sales y/y,Medium,2.4%,1.7%,0.6%,2013-10-08 02:15:00
2013-10-08,5:00am,EUR,German Factory Orders m/m,Medium,-0.3%,1.2%,-1.9%,2013-10-08 05:00:00
2013-10-08,6:30am,USD,NFIB Small Business Index,Non-economic,93.9,95.2,94.1,2013-10-08 06:30:00
2013-10-08,7:13am,CAD,Housing Starts,Non-economic,194K,175K,184K,2013-10-08 07:13:00
2013-10-08,7:30am,CAD,Trade Balance,High,-1.3B,-0.7B,-1.2B,2013-10-08 07:30:00
2013-10-08,9:00am,USD,RCM/TIPP Economic Optimism,Non-economic,38.4,46.2,46.0,2013-10-08 09:00:00
2013-10-08,11:00am,CHF,SNB Chairman Jordan Speaks,High,,,,2013-10-08 11:00:00
2013-10-08,1:00pm,USD,President Obama Speaks,Non-economic,,,,2013-10-08 13:00:00
2013-10-08,6:01pm,GBP,BRC Shop Price Index y/y,Non-economic,-0.2%,,-0.5%,2013-10-08 18:01:00
2013-10-08,6:30pm,AUD,Westpac Consumer Sentiment,High,-2.1%,,4.7%,2013-10-08 18:30:00
2013-10-08,6:50pm,JPY,Monetary Policy Meeting Minutes,Medium,,,,2013-10-08 18:50:00
2013-10-09,1:00am,JPY,Prelim Machine Tool Orders y/y,Non-economic,-6.3%,,-1.7%,2013-10-09 01:00:00
2013-10-09,3:30am,GBP,Manufacturing Production m/m,High,-1.2%,0.3%,0.2%,2013-10-09 03:30:00
2013-10-09,3:30am,GBP,BOE Credit Conditions Survey,Medium,,,,2013-10-09 03:30:00
2013-10-09,3:30am,GBP,Goods Trade Balance,Medium,-9.6B,-8.9B,-9.9B,2013-10-09 03:30:00
2013-10-09,3:30am,GBP,Industrial Production m/m,Non-economic,-1.1%,0.2%,0.1%,2013-10-09 03:30:00
2013-10-09,5:00am,EUR,German Industrial Production m/m,Medium,1.4%,1.1%,-1.1%,2013-10-09 05:00:00
2013-10-09,9:00am,GBP,NIESR GDP Estimate,Medium,0.8%,,0.9%,2013-10-09 09:00:00
2013-10-09,9:00am,USD,FOMC Member Evans Speaks,Medium,,,,2013-10-09 09:00:00
2013-10-09,9:30am,USD,Crude Oil Inventories,Medium,6.8M,0.9M,5.5M,2013-10-09 09:30:00
2013-10-09,12:01pm,USD,10-y Bond Auction,High,2.66|2.6,,2.95|2.9,2013-10-09 12:01:00
2013-10-09,1:00pm,USD,FOMC Meeting Minutes,High,,,,2013-10-09 13:00:00
2013-10-09,2:15pm,USD,President Obama Speaks,Medium,,,,2013-10-09 14:15:00
2013-10-09,4:36pm,NZD,BusinessNZ Manufacturing Index,Medium,54.3,,57.1,2013-10-09 16:36:00
2013-10-09,5:00pm,EUR,ECB President Draghi Speaks,High,,,,2013-10-09 17:00:00
2013-10-09,6:50pm,JPY,Core Machinery Orders m/m,Medium,5.4%,2.9%,0.0%,2013-10-09 18:50:00
2013-10-09,6:50pm,JPY,Tertiary Industry Activity m/m,Medium,0.7%,0.5%,-0.4%,2013-10-09 18:50:00
2013-10-09,6:50pm,JPY,Bank Lending y/y,Non-economic,2.0%,,2.0%,2013-10-09 18:50:00
2013-10-09,7:00pm,AUD,MI Inflation Expectations,Medium,2.0%,,1.5%,2013-10-09 19:00:00
2013-10-09,7:30pm,AUD,Employment Change,High,9.1K,15.2K,-10.2K,2013-10-09 19:30:00
2013-10-09,7:30pm,AUD,Unemployment Rate,High,5.6%,5.8%,5.8%,2013-10-09 19:30:00
2013-10-09,10:45pm,JPY,30-y Bond Auction,Non-economic,1.63|4.1,,1.80|3.9,2013-10-09 22:45:00
2013-10-10,12:00am,JPY,Consumer Confidence,Non-economic,45.4,43.8,43.0,2013-10-10 00:00:00
2013-10-10,1:45am,EUR,French Industrial Production m/m,Medium,0.2%,0.7%,-0.6%,2013-10-10 01:45:00
2013-10-10,3:00am,EUR,ECB Monthly Bulletin,Medium,,,,2013-10-10 03:00:00
2013-10-10,3:00am,EUR,Italian Industrial Production m/m,Non-economic,-0.3%,0.6%,-1.0%,2013-10-10 03:00:00
2013-10-10,6:00am,GBP,Asset Purchase Facility,High,375B,375B,375B,2013-10-10 06:00:00
2013-10-10,6:00am,GBP,Official Bank Rate,High,0.50%,0.50%,0.50%,2013-10-10 06:00:00
2013-10-10,7:00am,USD,Treasury Sec Lew Speaks,High,,,,2013-10-10 07:00:00
2013-10-10,7:30am,CAD,NHPI m/m,Medium,0.1%,0.3%,0.2%,2013-10-10 07:30:00
2013-10-10,7:30am,USD,Unemployment Claims,High,374K,307K,308K,2013-10-10 07:30:00
2013-10-10,8:45am,USD,FOMC Member Bullard Speaks,Medium,,,,2013-10-10 08:45:00
2013-10-10,9:30am,USD,Natural Gas Storage,Non-economic,90B,96B,101B,2013-10-10 09:30:00
2013-10-10,Day 1,All,G20 Meetings,Medium,,,,2013-10-10 00:00:00
2013-10-10,11:00am,JPY,BOJ Gov Kuroda Speaks,High,,,,2013-10-10 11:00:00
2013-10-10,11:20am,EUR,ECB President Draghi Speaks,High,,,,2013-10-10 11:20:00
2013-10-10,12:01pm,USD,30-y Bond Auction,Non-economic,3.76|2.6,,3.82|2.4,2013-10-10 12:01:00
2013-10-10,12:45pm,USD,FOMC Member Tarullo Speaks,Non-economic,,,,2013-10-10 12:45:00
2013-10-10,4:45pm,NZD,FPI m/m,Non-economic,0.0%,,-0.5%,2013-10-10 16:45:00
2013-10-10,6:50pm,JPY,M2 Money Stock y/y,Non-economic,3.8%,3.7%,3.8%,2013-10-10 18:50:00
2013-10-10,6:50pm,JPY,PPI y/y,Non-economic,2.3%,2.4%,2.3%,2013-10-10 18:50:00
2013-10-11,1:00am,EUR,German Final CPI m/m,Non-economic,0.0%,0.0%,0.0%,2013-10-11 01:00:00
2013-10-11,1:00am,EUR,German WPI m/m,Non-economic,0.7%,0.5%,-0.6%,2013-10-11 01:00:00
2013-10-11,3:30am,GBP,Construction Output m/m,Non-economic,-0.1%,0.7%,2.8%,2013-10-11 03:30:00
2013-10-11,4:00am,GBP,CB Leading Index m/m,Non-economic,1.2%,,0.7%,2013-10-11 04:00:00
2013-10-11,7:30am,CAD,Employment Change,High,11.9K,15.3K,59.2K,2013-10-11 07:30:00
2013-10-11,7:30am,CAD,Unemployment Rate,High,6.9%,7.1%,7.1%,2013-10-11 07:30:00
2013-10-11,8:55am,USD,Prelim UoM Consumer Sentiment,High,75.2,77.2,77.5,2013-10-11 08:55:00
2013-10-11,8:55am,USD,Prelim UoM Inflation Expectations,Non-economic,2.9%,,3.3%,2013-10-11 08:55:00
2013-10-11,Day 1,All,IMF Meetings,Non-economic,,,,2013-10-11 00:00:00
2013-10-11,9:30am,CAD,BOC Business Outlook Survey,Medium,,,,2013-10-11 09:30:00
2013-10-11,10:00am,USD,FOMC Member Powell Speaks,Medium,,,,2013-10-11 10:00:00
2013-10-11,Day 2,All,G20 Meetings,Medium,,,,2013-10-11 00:00:00
2013-10-11,11:15am,CAD,Gov Council Member Macklem Speaks,Non-economic,,,,2013-10-11 11:15:00
2013-10-11,1:00pm,CHF,Gov Board Member Danthine Speaks,Medium,,,,2013-10-11 13:00:00
2013-10-11,3:00pm,CAD,Gov Council Member Murray Speaks,Medium,,,,2013-10-11 15:00:00
2013-10-11,9:00pm,CNY,USD-Denominated Trade Balance,High,15.2B,25.2B,28.5B,2013-10-11 21:00:00
2013-10-12,9:00am,GBP,MPC Member Tucker Speaks,Medium,,,,2013-10-12 09:00:00
2013-10-12,Day 2,All,IMF Meetings,Medium,,,,2013-10-12 00:00:00
2013-10-12,12:00pm,EUR,German Buba President Weidmann Speaks,Medium,,,,2013-10-12 12:00:00
2013-10-12,3:00pm,JPY,BOJ Gov Kuroda Speaks,High,,,,2013-10-12 15:00:00
2013-10-13,Day 3,All,IMF Meetings,Non-economic,,,,2013-10-13 00:00:00
2013-10-13,4:30pm,NZD,BusinessNZ Services Index,Non-economic,55.6,,53.4,2013-10-13 16:30:00
2013-10-13,6:00pm,NZD,REINZ HPI m/m,Non-economic,0.8%,,2.1%,2013-10-13 18:00:00
2013-10-13,All Day,JPY,Bank Holiday,Low,,,,2013-10-13 00:00:00
2013-10-13,7:30pm,AUD,Home Loans m/m,Medium,-3.9%,-2.1%,2.1%,2013-10-13 19:30:00
2013-10-13,8:30pm,CNY,CPI y/y,High,3.1%,2.8%,2.6%,2013-10-13 20:30:00
2013-10-13,8:30pm,CNY,PPI y/y,Medium,-1.3%,-1.4%,-1.6%,2013-10-13 20:30:00
2013-10-14,2:15am,CHF,PPI m/m,Medium,0.1%,0.3%,0.2%,2013-10-14 02:15:00
2013-10-14,3:00am,CNY,New Loans,Medium,787B,669B,711B,2013-10-14 03:00:00
2013-10-14,3:00am,CNY,M2 Money Supply y/y,Non-economic,14.2%,14.1%,14.7%,2013-10-14 03:00:00
2013-10-14,4:00am,EUR,Industrial Production m/m,Medium,1.0%,0.8%,-1.0%,2013-10-14 04:00:00
2013-10-14,All Day,EUR,Eurogroup Meetings,Medium,,,,2013-10-14 00:00:00
2013-10-14,All Day,CAD,Bank Holiday,Low,,,,2013-10-14 00:00:00
2013-10-14,All Day,USD,Bank Holiday,Low,,,,2013-10-14 00:00:00
2013-10-14,7:30pm,AUD,Monetary Policy Meeting Minutes,High,,,,2013-10-14 19:30:00
2013-10-14,7:30pm,AUD,New Motor Vehicle Sales m/m,Medium,-0.1%,,0.7%,2013-10-14 19:30:00
2013-10-14,8:00pm,USD,Fed Chairman Bernanke Speaks,High,,,,2013-10-14 20:00:00
2013-10-14,11:30pm,JPY,Revised Industrial Production m/m,Non-economic,-0.9%,-0.7%,-0.7%,2013-10-14 23:30:00
2013-10-15,1:00am,EUR,German Import Prices m/m,Non-economic,0.1%,0.0%,0.1%,2013-10-15 01:00:00
2013-10-15,1:45am,EUR,French Final CPI m/m,Non-economic,-0.2%,-0.3%,0.5%,2013-10-15 01:45:00
2013-10-15,3:30am,GBP,CPI y/y,High,2.7%,2.6%,2.7%,2013-10-15 03:30:00
2013-10-15,3:30am,GBP,PPI Input m/m,Medium,-1.2%,-0.1%,-0.7%,2013-10-15 03:30:00
2013-10-15,3:30am,GBP,RPI y/y,Medium,3.2%,3.2%,3.3%,2013-10-15 03:30:00
2013-10-15,3:30am,GBP,Core CPI y/y,Non-economic,2.2%,2.0%,2.0%,2013-10-15 03:30:00
2013-10-15,3:30am,GBP,ONS HPI y/y,Non-economic,3.8%,3.6%,3.3%,2013-10-15 03:30:00
2013-10-15,3:30am,GBP,PPI Output m/m,Non-economic,-0.1%,0.3%,0.2%,2013-10-15 03:30:00
2013-10-15,4:00am,EUR,German ZEW Economic Sentiment,High,52.8,49.2,49.6,2013-10-15 04:00:00
2013-10-15,4:00am,EUR,ZEW Economic Sentiment,Medium,59.1,59.4,58.6,2013-10-15 04:00:00
2013-10-15,4:00am,GBP,MPC Member Weale Speaks,Medium,,,,2013-10-15 04:00:00
2013-10-15,All Day,EUR,ECOFIN Meetings,Medium,,,,2013-10-15 00:00:00
2013-10-15,7:30am,USD,Empire State Manufacturing Index,Medium,1.5,8.2,6.3,2013-10-15 07:30:00
2013-10-15,8:30am,NZD,GDT Price Index,Non-economic,-1.9%,,2.4%,2013-10-15 08:30:00
2013-10-15,9:00am,USD,FOMC Member Dudley Speaks,Medium,,,,2013-10-15 09:00:00
2013-10-15,4:45pm,NZD,CPI q/q,High,0.9%,0.8%,0.2%,2013-10-15 16:45:00
2013-10-15,6:30pm,AUD,MI Leading Index m/m,Non-economic,-0.1%,,0.4%,2013-10-15 18:30:00
2013-10-16,3:00am,EUR,Italian Trade Balance,Non-economic,0.96B,5.21B,5.98B,2013-10-16 03:00:00
2013-10-16,3:30am,GBP,Claimant Count Change,High,-41.7K,-24.3K,-41.6K,2013-10-16 03:30:00
2013-10-16,3:30am,GBP,Unemployment Rate,High,7.7%,7.7%,7.7%,2013-10-16 03:30:00
2013-10-16,3:30am,GBP,Average Earnings Index 3m/y,Medium,0.7%,1.0%,1.2%,2013-10-16 03:30:00
2013-10-16,4:00am,CHF,UBS Economic Expectations,Medium,24.9,,16.3,2013-10-16 04:00:00
2013-10-16,4:00am,EUR,Final CPI y/y,Medium,1.1%,1.1%,1.1%,2013-10-16 04:00:00
2013-10-16,4:00am,EUR,Final Core CPI y/y,Non-economic,1.0%,1.0%,1.0%,2013-10-16 04:00:00
2013-10-16,4:00am,EUR,Trade Balance,Non-economic,12.3B,12.4B,11.0B,2013-10-16 04:00:00
2013-10-16,4:00am,GBP,MPC Member Dale Speaks,Medium,,,,2013-10-16 04:00:00
2013-10-16,7:30am,CAD,Manufacturing Sales m/m,High,-0.2%,0.3%,1.7%,2013-10-16 07:30:00
2013-10-16,9:00am,USD,NAHB Housing Market Index,Medium,55,58,57,2013-10-16 09:00:00
2013-10-16,1:00pm,EUR,ECB President Draghi Speaks,High,,,,2013-10-16 13:00:00
2013-10-16,1:00pm,USD,Beige Book,Medium,,,,2013-10-16 13:00:00
2013-10-16,4:30pm,USD,FOMC Member George Speaks,Medium,,,,2013-10-16 16:30:00
2013-10-16,7:30pm,AUD,NAB Quarterly Business Confidence,Medium,3,,-1,2013-10-16 19:30:00
2013-10-16,9:00pm,CNY,Foreign Direct Investment ytd/y,Non-economic,6.2%,,6.4%,2013-10-16 21:00:00
2013-10-17,3:00am,EUR,Current Account,Medium,17.4B,17.7B,15.5B,2013-10-17 03:00:00
2013-10-17,3:30am,GBP,Retail Sales m/m,High,0.6%,0.5%,-0.8%,2013-10-17 03:30:00
2013-10-17,7:30am,CAD,Foreign Securities Purchases,Medium,2.08B,7.21B,6.12B,2013-10-17 07:30:00
2013-10-17,7:30am,USD,Unemployment Claims,High,358K,357K,373K,2013-10-17 07:30:00
2013-10-17,9:00am,USD,Philly Fed Manufacturing Index,High,19.8,15.4,22.3,2013-10-17 09:00:00
2013-10-17,11:45am,USD,FOMC Member Evans Speaks,Medium,,,,2013-10-17 11:45:00
2013-10-17,11:45am,USD,FOMC Member George Speaks,Medium,,,,2013-10-17 11:45:00
2013-10-17,8:00pm,AUD,RBA Gov Stevens Speaks,High,,,,2013-10-17 20:00:00
2013-10-17,9:00pm,CNY,GDP q/y,High,7.8%,7.8%,7.5%,2013-10-17 21:00:00
2013-10-17,9:00pm,CNY,Fixed Asset Investment ytd/y,Medium,20.2%,20.4%,20.3%,2013-10-17 21:00:00
2013-10-17,9:00pm,CNY,Industrial Production y/y,Medium,10.2%,10.1%,10.4%,2013-10-17 21:00:00
2013-10-17,9:00pm,CNY,NBS Press Conference,Medium,,,,2013-10-17 21:00:00
2013-10-17,9:00pm,CNY,Retail Sales y/y,Non-economic,13.3%,13.6%,13.4%,2013-10-17 21:00:00
2013-10-18,1:35am,JPY,BOJ Gov Kuroda Speaks,High,,,,2013-10-18 01:35:00
2013-10-18,7:30am,CAD,Core CPI m/m,High,0.2%,0.2%,0.2%,2013-10-18 07:30:00
2013-10-18,7:30am,CAD,CPI m/m,Medium,0.2%,0.1%,0.0%,2013-10-18 07:30:00
2013-10-18,11:30am,USD,FOMC Member Tarullo Speaks,Non-economic,,,,2013-10-18 11:30:00
2013-10-18,1:00pm,USD,FOMC Member Evans Speaks,Medium,,,,2013-10-18 13:00:00
2013-10-18,2:40pm,USD,FOMC Member Dudley Speaks,Medium,,,,2013-10-18 14:40:00
2013-10-18,3:30pm,USD,FOMC Member Stein Speaks,Medium,,,,2013-10-18 15:30:00
2013-10-20,4:47pm,NZD,Visitor Arrivals m/m,Non-economic,-1.0%,,0.0%,2013-10-20 16:47:00
2013-10-20,6:01pm,GBP,Rightmove HPI m/m,Non-economic,2.8%,,-1.5%,2013-10-20 18:01:00
2013-10-20,6:50pm,JPY,Trade Balance,Medium,-1.09T,-1.06T,-0.82T,2013-10-20 18:50:00
2013-10-20,9:00pm,NZD,Credit Card Spending y/y,Non-economic,5.2%,,6.6%,2013-10-20 21:00:00
2013-10-20,11:30pm,JPY,All Industries Activity m/m,Non-economic,0.3%,0.3%,0.4%,2013-10-20 23:30:00
2013-10-21,1:00am,EUR,German PPI m/m,Medium,0.3%,0.1%,-0.1%,2013-10-21 01:00:00
2013-10-21,5:00am,EUR,German Buba Monthly Report,Medium,,,,2013-10-21 05:00:00
2013-10-21,7:00am,USD,FOMC Member Evans Speaks,Medium,,,,2013-10-21 07:00:00
2013-10-21,7:30am,CAD,Wholesale Sales m/m,Medium,0.5%,0.6%,1.7%,2013-10-21 07:30:00
2013-10-21,9:00am,USD,Existing Home Sales,High,5.29M,5.31M,5.39M,2013-10-21 09:00:00
2013-10-21,9:30am,USD,Crude Oil Inventories,Medium,4.0M,3.4M,6.8M,2013-10-21 09:30:00
2013-10-21,9:00pm,CNY,CB Leading Index m/m,Non-economic,0.9%,,0.8%,2013-10-21 21:00:00
2013-10-22,1:00am,CHF,Trade Balance,Non-economic,2.49B,2.32B,1.86B,2013-10-22 01:00:00
2013-10-22,3:00am,GBP,MPC Member Bean Speaks,Medium,,,,2013-10-22 03:00:00
2013-10-22,3:30am,GBP,Public Sector Net Borrowing,Medium,9.4B,10.4B,10.8B,2013-10-22 03:30:00
2013-10-22,7:30am,CAD,Core Retail Sales m/m,High,0.4%,0.2%,0.8%,2013-10-22 07:30:00
2013-10-22,7:30am,CAD,Retail Sales m/m,Medium,0.2%,0.3%,0.5%,2013-10-22 07:30:00
2013-10-22,7:30am,USD,Non-Farm Employment Change,High,148K,182K,193K,2013-10-22 07:30:00
2013-10-22,7:30am,USD,Unemployment Rate,High,7.2%,7.3%,7.3%,2013-10-22 07:30:00
2013-10-22,7:30am,USD,Average Hourly Earnings m/m,Medium,0.1%,0.2%,0.3%,2013-10-22 07:30:00
2013-10-22,8:00am,USD,TIC Long-Term Purchases,Medium,-8.9B,30.9B,31.0B,2013-10-22 08:00:00
2013-10-22,8:59am,USD,Richmond Manufacturing Index,Non-economic,1,0,0,2013-10-22 08:59:00
2013-10-22,9:00am,USD,Construction Spending m/m,Non-economic,0.6%,0.5%,1.4%,2013-10-22 09:00:00
2013-10-22,9:30am,USD,Natural Gas Storage,Non-economic,77B,81B,90B,2013-10-22 09:30:00
2013-10-22,6:00pm,AUD,CB Leading Index m/m,Medium,-0.2%,,0.3%,2013-10-22 18:00:00
2013-10-22,7:30pm,AUD,CPI m/m,High,1.2%,0.8%,0.4%,2013-10-22 19:30:00
2013-10-22,7:30pm,AUD,Trimmed Mean CPI m/m,Medium,0.7%,0.7%,0.6%,2013-10-22 19:30:00
2013-10-23,3:30am,GBP,MPC Asset Purchase Facility Votes,High,0-0-9,0-0-9,0-0-9,2013-10-23 03:30:00
2013-10-23,3:30am,GBP,MPC Official Bank Rate Votes,High,0-0-9,0-0-9,0-0-9,2013-10-23 03:30:00
2013-10-23,3:30am,GBP,High Street Lending,Non-economic,43.0K,39.4K,38.8K,2013-10-23 03:30:00
2013-10-23,4:33am,EUR,German 30-y Bond Auction,Non-economic,2.64|1.4,,2.47|1.6,2013-10-23 04:33:00
2013-10-23,7:30am,USD,Import Prices m/m,Medium,0.2%,0.3%,0.2%,2013-10-23 07:30:00
2013-10-23,8:00am,EUR,Belgian NBB Business Climate,Medium,-7.7,-4.1,-6.7,2013-10-23 08:00:00
2013-10-23,8:00am,USD,HPI m/m,Non-economic,0.3%,0.8%,0.8%,2013-10-23 08:00:00
2013-10-23,9:00am,CAD,BOC Monetary Policy Report,High,,,,2013-10-23 09:00:00
2013-10-23,9:00am,CAD,BOC Rate Statement,High,,,,2013-10-23 09:00:00
2013-10-23,9:00am,CAD,Overnight Rate,High,1.00%,1.00%,1.00%,2013-10-23 09:00:00
2013-10-23,9:00am,EUR,Consumer Confidence,Non-economic,-15,-14,-15,2013-10-23 09:00:00
2013-10-23,9:30am,USD,Crude Oil Inventories,Medium,5.2M,2.7M,4.0M,2013-10-23 09:30:00
2013-10-23,10:15am,CAD,BOC Press Conference,High,,,,2013-10-23 10:15:00
2013-10-23,4:45pm,NZD,Trade Balance,High,-199M,-730M,-1234M,2013-10-23 16:45:00
2013-10-23,8:45pm,CNY,Caixin Flash Manufacturing PMI,High,50.9,50.5,50.2,2013-10-23 20:45:00
2013-10-23,10:00pm,AUD,RBA Deputy Gov Lowe Speaks,Medium,,,,2013-10-23 22:00:00
2013-10-24,12:00am,AUD,RBA Annual Report,Non-economic,,,,2013-10-24 00:00:00
2013-10-24,2:00am,EUR,French Flash Manufacturing PMI,High,49.4,50.3,49.8,2013-10-24 02:00:00
2013-10-24,2:00am,EUR,French Flash Services PMI,Medium,50.2,51.2,51.0,2013-10-24 02:00:00
2013-10-24,2:00am,EUR,Spanish Unemployment Rate,Medium,26.0%,26.1%,26.3%,2013-10-24 02:00:00
2013-10-24,2:30am,EUR,German Flash Manufacturing PMI,High,51.5,51.6,51.1,2013-10-24 02:30:00
2013-10-24,2:30am,EUR,German Flash Services PMI,Medium,52.3,53.8,53.7,2013-10-24 02:30:00
2013-10-24,3:00am,EUR,Flash Manufacturing PMI,Medium,51.3,51.4,51.1,2013-10-24 03:00:00
2013-10-24,3:00am,EUR,Flash Services PMI,Medium,50.9,52.3,52.2,2013-10-24 03:00:00
2013-10-24,Day 1,EUR,EU Economic Summit,Medium,,,,2013-10-24 00:00:00
2013-10-24,5:00am,GBP,CBI Industrial Order Expectations,Medium,-4,10,9,2013-10-24 05:00:00
2013-10-24,7:30am,USD,Trade Balance,High,-38.8B,-39.4B,-38.6B,2013-10-24 07:30:00
2013-10-24,7:30am,USD,Unemployment Claims,High,350K,343K,362K,2013-10-24 07:30:00
2013-10-24,8:00am,USD,Flash Manufacturing PMI,Medium,51.1,52.8,52.8,2013-10-24 08:00:00
2013-10-24,9:00am,USD,JOLTS Job Openings,Medium,3.88M,3.77M,3.81M,2013-10-24 09:00:00
2013-10-24,9:30am,USD,Natural Gas Storage,Non-economic,87B,80B,77B,2013-10-24 09:30:00
2013-10-24,11:45am,GBP,BOE Gov Carney Speaks,High,,,,2013-10-24 11:45:00
2013-10-24,6:30pm,JPY,Tokyo Core CPI y/y,Medium,0.3%,0.4%,0.2%,2013-10-24 18:30:00
2013-10-24,6:30pm,JPY,National Core CPI y/y,Non-economic,0.7%,0.7%,0.8%,2013-10-24 18:30:00
2013-10-24,6:50pm,JPY,SPPI y/y,Non-economic,0.7%,0.8%,0.7%,2013-10-24 18:50:00
2013-10-25,3:00am,EUR,German ifo Business Climate,High,107.4,108.2,107.7,2013-10-25 03:00:00
2013-10-25,3:00am,EUR,M3 Money Supply y/y,Medium,2.1%,2.3%,2.3%,2013-10-25 03:00:00
2013-10-25,3:00am,EUR,Private Loans y/y,Non-economic,-1.9%,-1.9%,-2.0%,2013-10-25 03:00:00
2013-10-25,3:00am,EUR,Italian Retail Sales m/m,Non-economic,0.0%,0.2%,-0.2%,2013-10-25 03:00:00
2013-10-25,3:30am,GBP,Prelim GDP q/q,High,0.8%,0.8%,0.7%,2013-10-25 03:30:00
2013-10-25,3:30am,GBP,Index of Services 3m/3m,Non-economic,0.6%,0.5%,0.5%,2013-10-25 03:30:00
2013-10-25,Day 2,EUR,EU Economic Summit,Medium,,,,2013-10-25 00:00:00
2013-10-25,7:30am,USD,Core Durable Goods Orders m/m,High,-0.1%,0.6%,-0.4%,2013-10-25 07:30:00
2013-10-25,7:30am,USD,Durable Goods Orders m/m,Medium,3.7%,1.7%,0.2%,2013-10-25 07:30:00
2013-10-25,8:55am,USD,Revised UoM Consumer Sentiment,Medium,73.2,75.8,75.2,2013-10-25 08:55:00
2013-10-25,8:55am,USD,Revised UoM Inflation Expectations,Non-economic,3.0%,,2.9%,2013-10-25 08:55:00
2013-10-25,9:00am,USD,Final Wholesale Inventories m/m,Non-economic,0.5%,0.3%,0.2%,2013-10-25 09:00:00
2013-10-26,9:00pm,CHF,Daylight Saving Time Shift,Low,,,,2013-10-26 21:00:00
2013-10-26,9:00pm,EUR,Daylight Saving Time Shift,Low,,,,2013-10-26 21:00:00
2013-10-26,9:00pm,GBP,Daylight Saving Time Shift,Low,,,,2013-10-26 21:00:00
2013-10-27,All Day,NZD,Bank Holiday,Low,,,,2013-10-27 00:00:00
2013-10-28,6:00am,GBP,CBI Realized Sales,Medium,2,33,34,2013-10-28 06:00:00
2013-10-28,8:15am,USD,Capacity Utilization Rate,Medium,78.3%,78.1%,77.9%,2013-10-28 08:15:00
2013-10-28,8:15am,USD,Industrial Production m/m,Medium,0.6%,0.5%,0.4%,2013-10-28 08:15:00
2013-10-28,8:20am,GBP,MPC Member Dale Speaks,Medium,,,,2013-10-28 08:20:00
2013-10-28,9:00am,USD,Pending Home Sales m/m,High,-5.6%,0.5%,-1.6%,2013-10-28 09:00:00
2013-10-28,5:30pm,AUD,RBA Gov Stevens Speaks,High,,,,2013-10-28 17:30:00
2013-10-28,6:30pm,JPY,Household Spending y/y,Medium,3.7%,0.7%,-1.6%,2013-10-28 18:30:00
2013-10-28,6:30pm,JPY,Unemployment Rate,Non-economic,4.0%,4.0%,4.1%,2013-10-28 18:30:00
2013-10-28,6:50pm,JPY,Retail Sales y/y,Medium,3.1%,1.9%,1.1%,2013-10-28 18:50:00
2013-10-29,4:30am,GBP,Net Lending to Individuals m/m,Medium,1.9B,2.5B,1.7B,2013-10-29 04:30:00
2013-10-29,4:30am,GBP,M4 Money Supply m/m,Non-economic,0.6%,0.6%,0.7%,2013-10-29 04:30:00
2013-10-29,4:30am,GBP,Mortgage Approvals,Non-economic,67K,65K,63K,2013-10-29 04:30:00
2013-10-29,7:30am,CAD,RMPI m/m,Medium,-1.5%,-0.4%,0.9%,2013-10-29 07:30:00
2013-10-29,7:30am,CAD,IPPI m/m,Non-economic,-0.3%,0.2%,0.3%,2013-10-29 07:30:00
2013-10-29,7:30am,USD,Core Retail Sales m/m,High,0.4%,0.4%,0.1%,2013-10-29 07:30:00
2013-10-29,7:30am,USD,PPI m/m,High,-0.1%,0.2%,0.3%,2013-10-29 07:30:00
2013-10-29,7:30am,USD,Retail Sales m/m,High,-0.1%,0.2%,0.2%,2013-10-29 07:30:00
2013-10-29,7:30am,USD,Core PPI m/m,Medium,0.1%,0.1%,0.0%,2013-10-29 07:30:00
2013-10-29,8:00am,USD,S&P/CS Composite-20 HPI y/y,Medium,12.8%,12.4%,12.3%,2013-10-29 08:00:00
2013-10-29,9:00am,USD,CB Consumer Confidence,High,71.2,75.2,80.2,2013-10-29 09:00:00
2013-10-29,9:00am,USD,Business Inventories m/m,Non-economic,0.3%,0.3%,0.4%,2013-10-29 09:00:00
2013-10-29,11:00am,CAD,BOC Gov Poloz Speaks,High,,,,2013-10-29 11:00:00
2013-10-29,12:40pm,CAD,Gov Council Member Cote Speaks,Non-economic,,,,2013-10-29 12:40:00
2013-10-29,6:35pm,AUD,HIA New Home Sales m/m,Medium,6.4%,,3.4%,2013-10-29 18:35:00
2013-10-29,6:50pm,JPY,Prelim Industrial Production m/m,Medium,1.5%,1.8%,-0.9%,2013-10-29 18:50:00
2013-10-30,All Day,EUR,German Prelim CPI m/m,Medium,-0.2%,0.0%,0.0%,2013-10-30 00:00:00
2013-10-30,1:52am,CHF,UBS Consumption Indicator,Non-economic,1.56,,1.32,2013-10-30 01:52:00
2013-10-30,3:00am,CHF,KOF Economic Barometer,Medium,1.72,1.56,1.54,2013-10-30 03:00:00
2013-10-30,3:00am,EUR,Spanish Flash GDP q/q,Medium,0.1%,0.1%,-0.1%,2013-10-30 03:00:00
2013-10-30,3:00am,EUR,Spanish Flash CPI y/y,Non-economic,-0.1%,0.3%,0.3%,2013-10-30 03:00:00
2013-10-30,3:55am,EUR,German Unemployment Change,Medium,2K,1K,24K,2013-10-30 03:55:00
2013-10-30,4:10am,EUR,Retail PMI,Non-economic,47.7,,48.6,2013-10-30 04:10:00
2013-10-30,5:12am,EUR,Italian 10-y Bond Auction,Medium,4.11|1.5,,4.50|1.4,2013-10-30 05:12:00
2013-10-30,5:34am,EUR,German 10-y Bond Auction,Medium,1.71|1.7,,1.79|1.3,2013-10-30 05:34:00
2013-10-30,7:15am,USD,ADP Non-Farm Employment Change,High,130K,151K,145K,2013-10-30 07:15:00
2013-10-30,7:30am,USD,Core CPI m/m,High,0.1%,0.2%,0.1%,2013-10-30 07:30:00
2013-10-30,7:30am,USD,CPI y/y,High,1.2%,1.2%,1.5%,2013-10-30 07:30:00
2013-10-30,7:30am,USD,CPI m/m,Medium,0.2%,0.2%,0.1%,2013-10-30 07:30:00
2013-10-30,9:30am,USD,Crude Oil Inventories,Medium,4.1M,1.9M,5.2M,2013-10-30 09:30:00
2013-10-30,1:00pm,USD,FOMC Statement,High,,,,2013-10-30 13:00:00
2013-10-30,1:00pm,USD,Federal Funds Rate,Medium,<0.25%,<0.25%,<0.25%,2013-10-30 13:00:00
2013-10-30,3:00pm,NZD,Official Cash Rate,High,2.50%,2.50%,2.50%,2013-10-30 15:00:00
2013-10-30,3:00pm,NZD,RBNZ Rate Statement,High,,,,2013-10-30 15:00:00
2013-10-30,3:30pm,USD,Federal Budget Balance,Medium,75.1B,62.0B,-147.9B,2013-10-30 15:30:00
2013-10-30,4:15pm,USD,Treasury Currency Report,Medium,,,,2013-10-30 16:15:00
2013-10-30,4:45pm,NZD,Building Consents m/m,Medium,1.4%,,1.5%,2013-10-30 16:45:00
2013-10-30,6:15pm,JPY,Final Manufacturing PMI,Non-economic,54.2,,52.5,2013-10-30 18:15:00
2013-10-30,7:00pm,NZD,ANZ Business Confidence,High,53.2,,54.1,2013-10-30 19:00:00
2013-10-30,7:05pm,GBP,GfK Consumer Confidence,Non-economic,-11,-8,-10,2013-10-30 19:05:00
2013-10-30,7:30pm,AUD,Building Approvals m/m,High,14.4%,2.9%,-1.6%,2013-10-30 19:30:00
2013-10-30,7:30pm,AUD,Import Prices q/q,Medium,6.1%,3.5%,-0.3%,2013-10-30 19:30:00
2013-10-30,7:30pm,AUD,Private Sector Credit m/m,Medium,0.3%,0.4%,0.3%,2013-10-30 19:30:00
2013-10-30,8:30pm,JPY,Average Cash Earnings y/y,Medium,0.1%,-0.5%,-0.9%,2013-10-30 20:30:00
2013-10-30,11:14pm,JPY,Monetary Policy Statement,High,,,,2013-10-30 23:14:00
2013-10-31,12:00am,JPY,Housing Starts y/y,Non-economic,19.4%,12.6%,8.8%,2013-10-31 00:00:00
2013-10-31,1:00am,JPY,BOJ Outlook Report,Medium,,,,2013-10-31 01:00:00
2013-10-31,2:00am,EUR,German GfK Consumer Climate,Medium,7.0,7.3,7.1,2013-10-31 02:00:00
2013-10-31,2:00am,EUR,German Retail Sales m/m,Medium,-0.4%,0.5%,-0.2%,2013-10-31 02:00:00
2013-10-31,2:00am,EUR,German Import Prices m/m,Non-economic,0.0%,0.2%,0.1%,2013-10-31 02:00:00
2013-10-31,2:00am,GBP,Nationwide HPI m/m,Medium,1.0%,0.7%,0.9%,2013-10-31 02:00:00
2013-10-31,2:24am,JPY,BOJ Press Conference,High,,,,2013-10-31 02:24:00
2013-10-31,2:45am,EUR,French Consumer Spending m/m,Medium,-0.1%,0.2%,-0.3%,2013-10-31 02:45:00
2013-10-31,4:00am,EUR,Italian Monthly Unemployment Rate,Non-economic,12.5%,12.4%,12.4%,2013-10-31 04:00:00
2013-10-31,5:00am,EUR,CPI Flash Estimate y/y,Medium,0.7%,1.1%,1.1%,2013-10-31 05:00:00
2013-10-31,5:00am,EUR,Unemployment Rate,Medium,12.2%,12.0%,12.2%,2013-10-31 05:00:00
2013-10-31,5:00am,EUR,Core CPI Flash Estimate y/y,Non-economic,0.8%,,1.0%,2013-10-31 05:00:00
2013-10-31,5:00am,EUR,Italian Prelim CPI m/m,Non-economic,-0.3%,0.4%,-0.3%,2013-10-31 05:00:00
2013-10-31,7:30am,CAD,GDP m/m,High,0.3%,0.2%,0.6%,2013-10-31 07:30:00
2013-10-31,7:30am,USD,Unemployment Claims,High,340K,341K,350K,2013-10-31 07:30:00
2013-10-31,8:00am,USD,Treasury Sec Lew Speaks,Medium,,,,2013-10-31 08:00:00
2013-10-31,8:45am,USD,Chicago PMI,Medium,65.9,55.1,55.7,2013-10-31 08:45:00
2013-10-31,9:30am,USD,Natural Gas Storage,Non-economic,38B,35B,87B,2013-10-31 09:30:00
2013-10-31,5:27pm,AUD,AIG Manufacturing Index,Non-economic,53.2,,51.7,2013-10-31 17:27:00
2013-10-31,7:30pm,AUD,PPI q/q,High,1.3%,0.4%,0.1%,2013-10-31 19:30:00
2013-10-31,7:56pm,CNY,Manufacturing PMI,High,51.4,51.2,51.1,2013-10-31 19:56:00
2013-10-31,8:45pm,CNY,RatingDog Manufacturing PMI,Medium,50.9,50.7,50.9,2013-10-31 20:45:00
2013-11-01,12:30am,AUD,Commodity Prices y/y,Non-economic,-1.0%,,-3.1%,2013-11-01 00:30:00
2013-11-01,All Day,EUR,French Bank Holiday,Low,,,,2013-11-01 00:00:00
2013-11-01,All Day,EUR,Italian Bank Holiday,Low,,,,2013-11-01 00:00:00
2013-11-01,3:30am,CHF,Manufacturing PMI,Medium,54.2,55.4,55.3,2013-11-01 03:30:00
2013-11-01,4:30am,GBP,Final Manufacturing PMI,High,56.0,56.3,56.3,2013-11-01 04:30:00
2013-11-01,8:00am,USD,Final Manufacturing PMI,Non-economic,51.8,51.1,51.1,2013-11-01 08:00:00
2013-11-01,8:10am,USD,FOMC Member Bullard Speaks,High,,,,2013-11-01 08:10:00
2013-11-01,8:30am,CAD,Manufacturing PMI,Non-economic,55.6,,54.2,2013-11-01 08:30:00
2013-11-01,9:00am,USD,ISM Manufacturing PMI,High,56.4,55.3,56.2,2013-11-01 09:00:00
2013-11-01,9:00am,USD,ISM Manufacturing Prices,Non-economic,55.5,55.1,56.5,2013-11-01 09:00:00
2013-11-01,All Day,USD,Total Vehicle Sales,Non-economic,15.2M,15.5M,15.3M,2013-11-01 00:00:00
2013-11-02,8:00pm,CNY,Non-Manufacturing PMI,Medium,56.3,,55.4,2013-11-02 20:00:00
2013-11-03,2:00am,CAD,Daylight Saving Time Shift,Low,,,,2013-11-03 02:00:00
2013-11-03,2:00am,USD,Daylight Saving Time Shift,Low,,,,2013-11-03 02:00:00
2013-11-03,6:30pm,AUD,MI Inflation Gauge m/m,Non-economic,0.1%,,0.2%,2013-11-03 18:30:00
2013-11-03,7:00pm,NZD,ANZ Commodity Prices m/m,Non-economic,1.3%,,1.0%,2013-11-03 19:00:00
2013-11-03,All Day,JPY,Bank Holiday,Low,,,,2013-11-03 00:00:00
2013-11-03,7:30pm,AUD,Retail Sales m/m,High,0.8%,0.5%,0.5%,2013-11-03 19:30:00
2013-11-03,7:30pm,AUD,ANZ Job Advertisements m/m,Medium,-0.1%,,0.2%,2013-11-03 19:30:00
2013-11-03,7:30pm,AUD,HPI q/q,Medium,1.9%,2.3%,2.7%,2013-11-03 19:30:00
2013-11-04,3:15am,EUR,Spanish Manufacturing PMI,Medium,50.9,51.0,50.7,2013-11-04 03:15:00
2013-11-04,3:45am,EUR,Italian Manufacturing PMI,Medium,50.7,51.1,50.8,2013-11-04 03:45:00
2013-11-04,3:50am,EUR,French Final Manufacturing PMI,Non-economic,49.1,49.4,49.4,2013-11-04 03:50:00
2013-11-04,3:55am,EUR,German Final Manufacturing PMI,Non-economic,51.7,51.5,51.5,2013-11-04 03:55:00
2013-11-04,4:00am,EUR,Final Manufacturing PMI,Non-economic,51.3,51.3,51.3,2013-11-04 04:00:00
2013-11-04,4:30am,EUR,Sentix Investor Confidence,Non-economic,9.3,6.6,6.1,2013-11-04 04:30:00
2013-11-04,4:30am,GBP,Construction PMI,High,59.4,58.9,58.9,2013-11-04 04:30:00
2013-11-04,Aug Data,USD,Factory Orders m/m,Non-economic,-0.1%,0.2%,-2.8%,2013-11-04 00:00:00
2013-11-04,10:00am,USD,Factory Orders m/m,Medium,1.7%,1.9%,-0.1%,2013-11-04 10:00:00
2013-11-04,11:40am,USD,FOMC Member Powell Speaks,Medium,,,,2013-11-04 11:40:00
2013-11-04,1:10pm,CAD,Gov Council Member Schembri Speaks,Medium,,,,2013-11-04 13:10:00
2013-11-04,2:00pm,USD,Loan Officer Survey,Non-economic,,,,2013-11-04 14:00:00
2013-11-04,4:00pm,USD,FOMC Member Rosengren Speaks,Medium,,,,2013-11-04 16:00:00
2013-11-04,5:30pm,AUD,AIG Services Index,Non-economic,47.9,,47.1,2013-11-04 17:30:00
2013-11-04,6:50pm,JPY,Monetary Base y/y,Non-economic,45.8%,48.3%,46.1%,2013-11-04 18:50:00
2013-11-04,7:00pm,GBP,BRC Retail Sales Monitor y/y,Medium,0.8%,,0.7%,2013-11-04 19:00:00
2013-11-04,8:45pm,CNY,RatingDog Services PMI,Medium,52.6,,52.4,2013-11-04 20:45:00
2013-11-04,10:30pm,AUD,Cash Rate,High,2.50%,2.50%,2.50%,2013-11-04 22:30:00
2013-11-04,10:30pm,AUD,RBA Rate Statement,High,,,,2013-11-04 22:30:00
2013-11-05,12:30am,JPY,BOJ Gov Kuroda Speaks,High,,,,2013-11-05 00:30:00
2013-11-05,3:00am,EUR,Spanish Unemployment Change,Medium,87.0K,31.3K,25.6K,2013-11-05 03:00:00
2013-11-05,3:15am,CHF,CPI m/m,High,-0.1%,0.1%,0.3%,2013-11-05 03:15:00
2013-11-05,4:30am,EUR,EU Economic Forecasts,Medium,,,,2013-11-05 04:30:00
2013-11-05,4:30am,GBP,Final Services PMI,High,62.5,60.4,60.3,2013-11-05 04:30:00
2013-11-05,5:00am,EUR,PPI m/m,Non-economic,0.1%,0.3%,0.0%,2013-11-05 05:00:00
2013-11-05,8:30am,NZD,GDT Price Index,Non-economic,-1.8%,,-1.9%,2013-11-05 08:30:00
2013-11-05,10:00am,USD,ISM Services PMI,High,55.4,54.2,54.4,2013-11-05 10:00:00
2013-11-05,10:00am,USD,RCM/TIPP Economic Optimism,Non-economic,41.4,41.1,38.4,2013-11-05 10:00:00
2013-11-05,4:45pm,NZD,Employment Change q/q,High,1.2%,0.5%,0.4%,2013-11-05 16:45:00
2013-11-05,4:45pm,NZD,Unemployment Rate,High,6.2%,6.2%,6.4%,2013-11-05 16:45:00
2013-11-05,4:45pm,NZD,Labor Cost Index q/q,Non-economic,0.4%,0.5%,0.4%,2013-11-05 16:45:00
2013-11-05,6:50pm,JPY,Monetary Policy Meeting Minutes,Medium,,,,2013-11-05 18:50:00
2013-11-05,7:01pm,GBP,BRC Shop Price Index y/y,Non-economic,-0.5%,,-0.2%,2013-11-05 19:01:00
2013-11-05,7:30pm,AUD,Goods Trade Balance,High,-0.28B,-0.51B,-0.69B,2013-11-05 19:30:00
2013-11-05,10:45pm,JPY,10-y Bond Auction,Non-economic,0.61|3.7,,0.68|3.7,2013-11-05 22:45:00
2013-11-06,3:00am,GBP,Halifax HPI m/m,Medium,0.7%,0.4%,0.4%,2013-11-06 03:00:00
2013-11-06,3:15am,EUR,Spanish Services PMI,Medium,49.6,48.1,49.0,2013-11-06 03:15:00
2013-11-06,3:45am,EUR,Italian Services PMI,Medium,50.5,51.6,52.7,2013-11-06 03:45:00
2013-11-06,3:50am,EUR,French Final Services PMI,Non-economic,50.9,50.2,50.2,2013-11-06 03:50:00
2013-11-06,3:55am,EUR,German Final Services PMI,Non-economic,52.9,52.3,52.3,2013-11-06 03:55:00
2013-11-06,4:00am,EUR,Final Services PMI,Non-economic,51.6,50.9,50.9,2013-11-06 04:00:00
2013-11-06,4:30am,GBP,Manufacturing Production m/m,High,1.2%,1.2%,-1.2%,2013-11-06 04:30:00
2013-11-06,4:30am,GBP,Industrial Production m/m,Non-economic,0.9%,0.7%,-1.1%,2013-11-06 04:30:00
2013-11-06,5:00am,EUR,Retail Sales m/m,Medium,-0.6%,-0.3%,0.5%,2013-11-06 05:00:00
2013-11-06,6:00am,EUR,German Factory Orders m/m,Medium,3.3%,0.6%,-0.3%,2013-11-06 06:00:00
2013-11-06,7:30am,USD,Challenger Job Cuts y/y,Non-economic,-4.2%,,19.1%,2013-11-06 07:30:00
2013-11-06,8:30am,CAD,Building Permits m/m,High,1.7%,7.8%,-20.0%,2013-11-06 08:30:00
2013-11-06,10:00am,CAD,Ivey PMI,High,62.8,54.7,51.9,2013-11-06 10:00:00
2013-11-06,10:00am,GBP,NIESR GDP Estimate,Medium,0.7%,,0.8%,2013-11-06 10:00:00
2013-11-06,10:00am,USD,CB Leading Index m/m,Non-economic,0.7%,0.7%,0.7%,2013-11-06 10:00:00
2013-11-06,10:30am,USD,Crude Oil Inventories,Medium,1.6M,1.7M,4.1M,2013-11-06 10:30:00
2013-11-06,5:26pm,AUD,AIG Construction Index,Non-economic,54.4,,47.6,2013-11-06 17:26:00
2013-11-06,7:30pm,AUD,Employment Change,High,1.1K,10.3K,3.3K,2013-11-06 19:30:00
2013-11-06,7:30pm,AUD,Unemployment Rate,High,5.7%,5.7%,5.7%,2013-11-06 19:30:00
2013-11-07,12:00am,JPY,Leading Indicators,Non-economic,109.5%,109.4%,106.8%,2013-11-07 00:00:00
2013-11-07,1:45am,CHF,SECO Consumer Climate,Non-economic,-5,-2,-9,2013-11-07 01:45:00
2013-11-07,3:00am,CHF,Foreign Currency Reserves,Medium,435B,,433B,2013-11-07 03:00:00
2013-11-07,4:43am,EUR,Spanish 10-y Bond Auction,Medium,4.16|2.6,,4.27|2.0,2013-11-07 04:43:00
2013-11-07,4:58am,EUR,French 10-y Bond Auction,Medium,2.41|2.0,,2.37|1.9,2013-11-07 04:58:00
2013-11-07,6:00am,EUR,German Industrial Production m/m,Medium,-0.9%,0.2%,1.6%,2013-11-07 06:00:00
2013-11-07,7:00am,GBP,Asset Purchase Facility,High,375B,375B,375B,2013-11-07 07:00:00
2013-11-07,7:00am,GBP,Official Bank Rate,High,0.50%,0.50%,0.50%,2013-11-07 07:00:00
2013-11-07,7:45am,EUR,Main Refinancing Rate,High,0.25%,0.50%,0.50%,2013-11-07 07:45:00
2013-11-07,8:30am,EUR,ECB Press Conference,High,,,,2013-11-07 08:30:00
2013-11-07,8:30am,USD,Advance GDP q/q,High,2.8%,2.0%,2.5%,2013-11-07 08:30:00
2013-11-07,8:30am,USD,Unemployment Claims,High,336K,336K,345K,2013-11-07 08:30:00
2013-11-07,8:30am,USD,Advance GDP Price Index q/q,Medium,1.9%,1.5%,0.6%,2013-11-07 08:30:00
2013-11-07,10:00am,USD,Mortgage Delinquencies,Medium,6.41%,,6.96%,2013-11-07 10:00:00
2013-11-07,10:30am,USD,Natural Gas Storage,Non-economic,35B,40B,38B,2013-11-07 10:30:00
2013-11-07,1:30pm,USD,FOMC Member Dudley Speaks,Medium,,,,2013-11-07 13:30:00
2013-11-07,1:50pm,USD,FOMC Member Stein Speaks,Medium,,,,2013-11-07 13:50:00
2013-11-07,2:00pm,EUR,ECB President Draghi Speaks,High,,,,2013-11-07 14:00:00
2013-11-07,3:00pm,USD,Consumer Credit m/m,Non-economic,13.7B,13.0B,14.2B,2013-11-07 15:00:00
2013-11-07,7:30pm,AUD,RBA Monetary Policy Statement,High,,,,2013-11-07 19:30:00
2013-11-07,9:38pm,CNY,USD-Denominated Trade Balance,High,31.1B,23.5B,15.2B,2013-11-07 21:38:00
2013-11-08,1:45am,CHF,Unemployment Rate,Non-economic,3.2%,3.2%,3.2%,2013-11-08 01:45:00
2013-11-08,2:00am,EUR,German Trade Balance,Medium,18.8B,17.2B,15.8B,2013-11-08 02:00:00
2013-11-08,2:45am,EUR,French Industrial Production m/m,Medium,-0.5%,0.4%,0.7%,2013-11-08 02:45:00
2013-11-08,2:45am,EUR,French Gov Budget Balance,Non-economic,-80.8B,,-93.6B,2013-11-08 02:45:00
2013-11-08,2:45am,EUR,French Trade Balance,Non-economic,-5.8B,-4.7B,-5.1B,2013-11-08 02:45:00
2013-11-08,3:15am,CHF,Retail Sales y/y,Medium,1.0%,2.6%,2.5%,2013-11-08 03:15:00
2013-11-08,4:30am,GBP,Goods Trade Balance,Medium,-9.8B,-9.1B,-9.6B,2013-11-08 04:30:00
2013-11-08,4:30am,GBP,Construction Output m/m,Non-economic,-0.9%,1.3%,0.1%,2013-11-08 04:30:00
2013-11-08,8:13am,CAD,Housing Starts,Non-economic,198K,192K,196K,2013-11-08 08:13:00
2013-11-08,8:30am,CAD,Employment Change,High,13.2K,12.7K,11.9K,2013-11-08 08:30:00
2013-11-08,8:30am,CAD,Unemployment Rate,High,6.9%,7.0%,6.9%,2013-11-08 08:30:00
2013-11-08,8:30am,USD,Non-Farm Employment Change,High,204K,121K,163K,2013-11-08 08:30:00
2013-11-08,8:30am,USD,Unemployment Rate,High,7.3%,7.3%,7.2%,2013-11-08 08:30:00
2013-11-08,8:30am,USD,Average Hourly Earnings m/m,Medium,0.1%,0.2%,0.1%,2013-11-08 08:30:00
2013-11-08,8:30am,USD,Core PCE Price Index m/m,Medium,0.1%,0.1%,0.1%,2013-11-08 08:30:00
2013-11-08,8:30am,USD,Personal Spending m/m,Medium,0.2%,0.3%,0.3%,2013-11-08 08:30:00
2013-11-08,8:30am,USD,Personal Income m/m,Non-economic,0.5%,0.3%,0.5%,2013-11-08 08:30:00
2013-11-08,9:55am,USD,Prelim UoM Consumer Sentiment,High,72.0,74.6,73.2,2013-11-08 09:55:00
2013-11-08,9:55am,USD,Prelim UoM Inflation Expectations,Non-economic,3.1%,,3.0%,2013-11-08 09:55:00
2013-11-08,1:10pm,USD,President Obama Speaks,Non-economic,,,,2013-11-08 13:10:00
2013-11-08,3:30pm,USD,Fed Chairman Bernanke Speaks,High,,,,2013-11-08 15:30:00
2013-11-08,8:30pm,CNY,CPI y/y,High,3.2%,3.3%,3.1%,2013-11-08 20:30:00
2013-11-08,8:30pm,CNY,PPI y/y,Medium,-1.5%,-1.3%,-1.3%,2013-11-08 20:30:00
2013-11-09,12:30am,CNY,Industrial Production y/y,High,10.3%,10.1%,10.2%,2013-11-09 00:30:00
2013-11-09,12:30am,CNY,Fixed Asset Investment ytd/y,Medium,20.1%,20.2%,20.2%,2013-11-09 00:30:00
2013-11-09,12:30am,CNY,Retail Sales y/y,Non-economic,13.3%,13.4%,13.3%,2013-11-09 00:30:00
2013-11-10,6:50pm,JPY,Current Account,Medium,-0.13T,-0.10T,0.35T,2013-11-10 18:50:00
2013-11-10,6:50pm,JPY,Bank Lending y/y,Non-economic,2.0%,,2.0%,2013-11-10 18:50:00
2013-11-10,7:30pm,AUD,Home Loans m/m,Medium,4.4%,3.6%,-4.0%,2013-11-10 19:30:00
2013-11-11,12:00am,JPY,Economy Watchers Sentiment,Non-economic,51.8,54.2,52.8,2013-11-11 00:00:00
2013-11-11,All Day,EUR,French Bank Holiday,Low,,,,2013-11-11 00:00:00
2013-11-11,3:09am,CNY,New Loans,Medium,506B,581B,787B,2013-11-11 03:09:00
2013-11-11,3:09am,CNY,M2 Money Supply y/y,Non-economic,14.3%,14.2%,14.2%,2013-11-11 03:09:00
2013-11-11,4:00am,EUR,Italian Industrial Production m/m,Non-economic,0.2%,0.2%,-0.2%,2013-11-11 04:00:00
2013-11-11,All Day,CAD,Bank Holiday,Low,,,,2013-11-11 00:00:00
2013-11-11,All Day,USD,Bank Holiday,Low,,,,2013-11-11 00:00:00
2013-11-11,12:00pm,EUR,German Buba President Weidmann Speaks,Medium,,,,2013-11-11 12:00:00
2013-11-11,2:25pm,USD,NFIB Small Business Index,Non-economic,91.6,93.5,93.9,2013-11-11 14:25:00
2013-11-11,4:00pm,NZD,REINZ HPI m/m,Non-economic,1.6%,,0.8%,2013-11-11 16:00:00
2013-11-11,6:50pm,JPY,Tertiary Industry Activity m/m,Medium,-0.2%,0.2%,0.6%,2013-11-11 18:50:00
2013-11-11,6:50pm,JPY,M2 Money Stock y/y,Non-economic,4.1%,3.9%,3.9%,2013-11-11 18:50:00
2013-11-11,7:01pm,GBP,RICS House Price Balance,Non-economic,57%,59%,53%,2013-11-11 19:01:00
2013-11-11,7:30pm,AUD,NAB Business Confidence,High,5,,12,2013-11-11 19:30:00
2013-11-11,10:45pm,JPY,30-y Bond Auction,Non-economic,1.62|4.4,,1.63|4.1,2013-11-11 22:45:00
2013-11-12,12:00am,JPY,Consumer Confidence,Non-economic,41.2,46.3,45.4,2013-11-12 00:00:00
2013-11-12,1:00am,JPY,Prelim Machine Tool Orders y/y,Non-economic,8.4%,,-6.3%,2013-11-12 01:00:00
2013-11-12,2:00am,EUR,German Final CPI m/m,Non-economic,-0.2%,-0.2%,-0.2%,2013-11-12 02:00:00
2013-11-12,2:00am,EUR,German WPI m/m,Non-economic,-1.0%,0.3%,0.7%,2013-11-12 02:00:00
2013-11-12,4:30am,GBP,CPI y/y,High,2.2%,2.5%,2.7%,2013-11-12 04:30:00
2013-11-12,4:30am,GBP,PPI Input m/m,Medium,-0.6%,-0.8%,-1.0%,2013-11-12 04:30:00
2013-11-12,4:30am,GBP,RPI y/y,Medium,2.6%,3.0%,3.2%,2013-11-12 04:30:00
2013-11-12,4:30am,GBP,Core CPI y/y,Non-economic,1.7%,2.0%,2.2%,2013-11-12 04:30:00
2013-11-12,4:30am,GBP,ONS HPI y/y,Non-economic,3.8%,4.1%,3.7%,2013-11-12 04:30:00
2013-11-12,4:30am,GBP,PPI Output m/m,Non-economic,-0.3%,0.0%,0.0%,2013-11-12 04:30:00
2013-11-12,5:00am,GBP,CB Leading Index m/m,Non-economic,1.5%,,1.2%,2013-11-12 05:00:00
2013-11-12,3:00pm,NZD,RBNZ Financial Stability Report,High,,,,2013-11-12 15:00:00
2013-11-12,4:45pm,NZD,FPI m/m,Non-economic,-1.0%,,0.0%,2013-11-12 16:45:00
2013-11-12,6:30pm,AUD,Westpac Consumer Sentiment,Medium,1.9%,,-2.1%,2013-11-12 18:30:00
2013-11-12,6:50pm,JPY,Core Machinery Orders m/m,Medium,-2.1%,-1.8%,5.4%,2013-11-12 18:50:00
2013-11-12,6:50pm,JPY,PPI y/y,Non-economic,2.5%,2.5%,2.2%,2013-11-12 18:50:00
2013-11-12,7:00pm,NZD,RBNZ Gov Wheeler Speaks,High,,,,2013-11-12 19:00:00
2013-11-12,7:30pm,AUD,New Motor Vehicle Sales m/m,Medium,-0.7%,,-0.3%,2013-11-12 19:30:00
2013-11-12,7:30pm,AUD,Wage Price Index q/q,Medium,0.5%,0.8%,0.7%,2013-11-12 19:30:00
2013-11-13,4:30am,GBP,Claimant Count Change,High,-41.7K,-33.2K,-44.7K,2013-11-13 04:30:00
2013-11-13,4:30am,GBP,Unemployment Rate,High,7.6%,7.6%,7.7%,2013-11-13 04:30:00
2013-11-13,4:30am,GBP,Average Earnings Index 3m/y,Medium,0.7%,0.7%,0.8%,2013-11-13 04:30:00
2013-11-13,5:00am,EUR,Industrial Production m/m,Medium,-0.5%,-0.2%,1.0%,2013-11-13 05:00:00
2013-11-13,5:30am,GBP,BOE Gov Carney Speaks,High,,,,2013-11-13 05:30:00
2013-11-13,5:30am,GBP,BOE Monetary Policy Report,High,,,,2013-11-13 05:30:00
2013-11-13,7:10am,EUR,German Buba President Weidmann Speaks,Medium,,,,2013-11-13 07:10:00
2013-11-13,1:01pm,USD,10-y Bond Auction,Medium,2.75|2.7,,2.66|2.6,2013-11-13 13:01:00
2013-11-13,2:00pm,USD,Federal Budget Balance,Medium,-91.6B,-104.3B,75.1B,2013-11-13 14:00:00
2013-11-13,4:30pm,NZD,BusinessNZ Manufacturing Index,Medium,55.7,,54.2,2013-11-13 16:30:00
2013-11-13,4:45pm,NZD,Retail Sales q/q,High,0.3%,0.9%,1.5%,2013-11-13 16:45:00
2013-11-13,4:45pm,NZD,Core Retail Sales q/q,Medium,-0.1%,1.4%,2.1%,2013-11-13 16:45:00
2013-11-13,6:50pm,JPY,Prelim GDP q/q,High,0.5%,0.4%,0.9%,2013-11-13 18:50:00
2013-11-13,6:50pm,JPY,Prelim GDP Price Index y/y,Non-economic,-0.3%,-0.5%,-0.5%,2013-11-13 18:50:00
2013-11-13,7:00pm,AUD,MI Inflation Expectations,Medium,1.9%,,2.0%,2013-11-13 19:00:00
2013-11-13,7:00pm,USD,Fed Chairman Bernanke Speaks,High,,,,2013-11-13 19:00:00
2013-11-13,11:30pm,JPY,Revised Industrial Production m/m,Non-economic,1.3%,1.5%,1.5%,2013-11-13 23:30:00
2013-11-14,1:30am,EUR,French Prelim GDP q/q,Medium,-0.1%,0.1%,0.5%,2013-11-14 01:30:00
2013-11-14,2:00am,EUR,German Prelim GDP q/q,Medium,0.3%,0.3%,0.7%,2013-11-14 02:00:00
2013-11-14,2:45am,EUR,French Prelim Private Payrolls q/q,Medium,-0.1%,-0.1%,-0.2%,2013-11-14 02:45:00
2013-11-14,2:45am,EUR,French Final CPI m/m,Non-economic,-0.1%,0.0%,-0.2%,2013-11-14 02:45:00
2013-11-14,3:15am,CHF,PPI m/m,Medium,-0.4%,0.3%,0.1%,2013-11-14 03:15:00
2013-11-14,4:00am,EUR,ECB Monthly Bulletin,Medium,,,,2013-11-14 04:00:00
2013-11-14,4:00am,EUR,Italian Prelim GDP q/q,Medium,-0.1%,-0.2%,-0.3%,2013-11-14 04:00:00
2013-11-14,4:30am,GBP,Retail Sales m/m,High,-0.7%,0.0%,0.6%,2013-11-14 04:30:00
2013-11-14,5:00am,EUR,Flash GDP q/q,Medium,0.1%,0.2%,0.3%,2013-11-14 05:00:00
2013-11-14,All Day,EUR,Eurogroup Meetings,Medium,,,,2013-11-14 00:00:00
2013-11-14,8:30am,CAD,Trade Balance,High,-0.4B,-1.2B,-1.1B,2013-11-14 08:30:00
2013-11-14,8:30am,CAD,NHPI m/m,Medium,0.0%,0.2%,0.1%,2013-11-14 08:30:00
2013-11-14,8:30am,USD,Trade Balance,High,-41.8B,-38.7B,-38.7B,2013-11-14 08:30:00
2013-11-14,8:30am,USD,Unemployment Claims,High,339K,331K,341K,2013-11-14 08:30:00
2013-11-14,8:30am,USD,Prelim Nonfarm Productivity q/q,Medium,1.9%,1.3%,2.3%,2013-11-14 08:30:00
2013-11-14,8:30am,USD,Prelim Unit Labor Costs q/q,Medium,-0.6%,1.1%,0.0%,2013-11-14 08:30:00
2013-11-14,10:00am,USD,Fed Chair Yellen Testifies,High,,,,2013-11-14 10:00:00
2013-11-14,10:30am,CAD,BOC Review,Non-economic,,,,2013-11-14 10:30:00
2013-11-14,10:30am,USD,Natural Gas Storage,Non-economic,20B,21B,35B,2013-11-14 10:30:00
2013-11-14,11:00am,USD,Crude Oil Inventories,Medium,2.6M,0.7M,1.6M,2013-11-14 11:00:00
2013-11-14,1:01pm,USD,30-y Bond Auction,Non-economic,3.81|2.2,,3.76|2.6,2013-11-14 13:01:00
2013-11-14,1:45pm,GBP,MPC Member Miles Speaks,Medium,,,,2013-11-14 13:45:00
2013-11-15,4:00am,EUR,Italian Trade Balance,Non-economic,0.79B,1.63B,1.07B,2013-11-15 04:00:00
2013-11-15,5:00am,EUR,Final CPI y/y,Medium,0.7%,0.7%,0.7%,2013-11-15 05:00:00
2013-11-15,5:00am,EUR,Final Core CPI y/y,Non-economic,0.8%,0.8%,0.8%,2013-11-15 05:00:00
2013-11-15,All Day,EUR,ECOFIN Meetings,Medium,,,,2013-11-15 00:00:00
2013-11-15,8:30am,CAD,Manufacturing Sales m/m,High,0.6%,0.5%,0.0%,2013-11-15 08:30:00
2013-11-15,8:30am,USD,Empire State Manufacturing Index,Medium,-2.2,5.2,1.5,2013-11-15 08:30:00
2013-11-15,8:30am,USD,Import Prices m/m,Medium,-0.7%,-0.4%,0.1%,2013-11-15 08:30:00
2013-11-15,9:15am,USD,Capacity Utilization Rate,Medium,78.1%,78.3%,78.3%,2013-11-15 09:15:00
2013-11-15,9:15am,USD,Industrial Production m/m,Medium,-0.1%,0.1%,0.7%,2013-11-15 09:15:00
2013-11-15,10:00am,USD,Final Wholesale Inventories m/m,Non-economic,0.4%,0.5%,0.8%,2013-11-15 10:00:00
2013-11-17,4:30pm,NZD,BusinessNZ Services Index,Non-economic,58.2,,56.2,2013-11-17 16:30:00
2013-11-17,6:48pm,GBP,Rightmove HPI m/m,Non-economic,-2.4%,,2.8%,2013-11-17 18:48:00
2013-11-18,1:00am,USD,FOMC Member Rosengren Speaks,Medium,,,,2013-11-18 01:00:00
2013-11-18,4:00am,EUR,Current Account,Medium,13.7B,18.3B,17.9B,2013-11-18 04:00:00
2013-11-18,5:00am,EUR,Trade Balance,Non-economic,14.3B,14.3B,12.3B,2013-11-18 05:00:00
2013-11-18,6:00am,EUR,German Buba Monthly Report,Medium,,,,2013-11-18 06:00:00
2013-11-18,8:30am,CAD,Foreign Securities Purchases,Medium,8.36B,6.71B,2.08B,2013-11-18 08:30:00
2013-11-18,9:00am,USD,TIC Long-Term Purchases,Medium,25.5B,21.3B,-9.8B,2013-11-18 09:00:00
2013-11-18,10:00am,USD,NAHB Housing Market Index,Medium,54,56,54,2013-11-18 10:00:00
2013-11-18,11:00am,CAD,Gov Council Member Macklem Speaks,Non-economic,,,,2013-11-18 11:00:00
2013-11-18,12:15pm,USD,FOMC Member Dudley Speaks,Medium,,,,2013-11-18 12:15:00
2013-11-18,6:00pm,AUD,CB Leading Index m/m,Medium,0.3%,,-0.2%,2013-11-18 18:00:00
2013-11-18,7:30pm,AUD,Monetary Policy Meeting Minutes,High,,,,2013-11-18 19:30:00
2013-11-18,9:00pm,CNY,Foreign Direct Investment ytd/y,Non-economic,5.8%,,6.2%,2013-11-18 21:00:00
2013-11-18,9:00pm,NZD,Inflation Expectations q/q,Medium,2.34%,,2.36%,2013-11-18 21:00:00
2013-11-19,5:00am,EUR,German ZEW Economic Sentiment,High,54.6,54.6,52.8,2013-11-19 05:00:00
2013-11-19,5:00am,EUR,ZEW Economic Sentiment,Medium,60.2,63.1,59.1,2013-11-19 05:00:00
2013-11-19,5:34am,GBP,10-y Bond Auction,Non-economic,2.73|1.8,,2.74|1.8,2013-11-19 05:34:00
2013-11-19,8:30am,NZD,GDT Price Index,Non-economic,0.1%,,-1.8%,2013-11-19 08:30:00
2013-11-19,8:30am,USD,Employment Cost Index q/q,Medium,0.4%,0.5%,0.5%,2013-11-19 08:30:00
2013-11-19,8:45am,USD,Treasury Sec Lew Speaks,Medium,,,,2013-11-19 08:45:00
2013-11-19,10:00am,USD,FOMC Member Dudley Speaks,Medium,,,,2013-11-19 10:00:00
2013-11-19,2:15pm,USD,FOMC Member Evans Speaks,Medium,,,,2013-11-19 14:15:00
2013-11-19,3:00pm,USD,President Obama Speaks,Non-economic,,,,2013-11-19 15:00:00
2013-11-19,4:45pm,NZD,PPI Input q/q,Medium,2.2%,0.6%,0.6%,2013-11-19 16:45:00
2013-11-19,4:45pm,NZD,PPI Output q/q,Non-economic,2.4%,1.0%,1.0%,2013-11-19 16:45:00
2013-11-19,5:45pm,CAD,Gov Council Member Murray Speaks,Medium,,,,2013-11-19 17:45:00
2013-11-19,Sep Data,AUD,MI Leading Index m/m,Non-economic,-0.1%,,0.3%,2013-11-19 00:00:00
2013-11-19,6:30pm,AUD,MI Leading Index m/m,Non-economic,0.1%,,-0.1%,2013-11-19 18:30:00
2013-11-19,6:50pm,JPY,Trade Balance,Medium,-1.07T,-0.88T,-1.13T,2013-11-19 18:50:00
2013-11-19,7:00pm,USD,Fed Chairman Bernanke Speaks,High,,,,2013-11-19 19:00:00
2013-11-19,7:30pm,AUD,RBA Deputy Gov Debelle Speaks,Medium,,,,2013-11-19 19:30:00
2013-11-19,9:00pm,CNY,CB Leading Index m/m,Non-economic,0.6%,,1.1%,2013-11-19 21:00:00
2013-11-19,11:30pm,JPY,All Industries Activity m/m,Non-economic,0.4%,0.5%,0.3%,2013-11-19 23:30:00
2013-11-20,2:00am,EUR,German PPI m/m,Medium,-0.2%,0.1%,0.3%,2013-11-20 02:00:00
2013-11-20,4:30am,GBP,MPC Asset Purchase Facility Votes,High,0-0-9,0-0-9,0-0-9,2013-11-20 04:30:00
2013-11-20,4:30am,GBP,MPC Official Bank Rate Votes,High,0-0-9,0-0-9,0-0-9,2013-11-20 04:30:00
2013-11-20,5:00am,CHF,UBS Economic Expectations,Medium,31.6,,24.9,2013-11-20 05:00:00
2013-11-20,5:20am,GBP,MPC Member Dale Speaks,Medium,,,,2013-11-20 05:20:00
2013-11-20,8:30am,CAD,Wholesale Sales m/m,Medium,0.2%,0.4%,0.4%,2013-11-20 08:30:00
2013-11-20,8:30am,USD,Core CPI m/m,High,0.1%,0.1%,0.1%,2013-11-20 08:30:00
2013-11-20,8:30am,USD,Core Retail Sales m/m,High,0.2%,0.1%,0.3%,2013-11-20 08:30:00
2013-11-20,8:30am,USD,CPI y/y,High,1.0%,1.0%,1.2%,2013-11-20 08:30:00
2013-11-20,8:30am,USD,Retail Sales m/m,High,0.4%,0.1%,0.0%,2013-11-20 08:30:00
2013-11-20,8:30am,USD,CPI m/m,Medium,-0.1%,0.0%,0.2%,2013-11-20 08:30:00
2013-11-20,10:00am,USD,Existing Home Sales,High,5.12M,5.17M,5.29M,2013-11-20 10:00:00
2013-11-20,10:00am,USD,Business Inventories m/m,Medium,0.6%,0.3%,0.4%,2013-11-20 10:00:00
2013-11-20,10:00am,USD,FOMC Member Dudley Speaks,Medium,,,,2013-11-20 10:00:00
2013-11-20,10:30am,USD,Crude Oil Inventories,Medium,0.4M,-0.2M,2.6M,2013-11-20 10:30:00
2013-11-20,12:10pm,USD,FOMC Member Bullard Speaks,Medium,,,,2013-11-20 12:10:00
2013-11-20,1:30pm,GBP,MPC Member Weale Speaks,Medium,,,,2013-11-20 13:30:00
2013-11-20,2:00pm,USD,FOMC Meeting Minutes,High,,,,2013-11-20 14:00:00
2013-11-20,4:15pm,CAD,BOC Gov Poloz Speaks,High,,,,2013-11-20 16:15:00
2013-11-20,8:45pm,CNY,Caixin Flash Manufacturing PMI,High,50.4,50.9,50.9,2013-11-20 20:45:00
2013-11-20,9:00pm,NZD,Credit Card Spending y/y,Non-economic,3.2%,,5.1%,2013-11-20 21:00:00
2013-11-20,10:15pm,JPY,Monetary Policy Statement,High,,,,2013-11-20 22:15:00
2013-11-21,2:00am,CHF,Trade Balance,Non-economic,2.43B,2.45B,2.40B,2013-11-21 02:00:00
2013-11-21,2:19am,JPY,BOJ Press Conference,High,,,,2013-11-21 02:19:00
2013-11-21,3:00am,EUR,French Flash Manufacturing PMI,High,47.8,49.6,49.1,2013-11-21 03:00:00
2013-11-21,3:00am,EUR,French Flash Services PMI,Medium,48.8,51.3,50.9,2013-11-21 03:00:00
2013-11-21,3:30am,EUR,German Flash Manufacturing PMI,High,52.5,52.3,51.7,2013-11-21 03:30:00
2013-11-21,3:30am,EUR,German Flash Services PMI,Medium,54.5,53.1,52.9,2013-11-21 03:30:00
2013-11-21,4:00am,EUR,Flash Manufacturing PMI,Medium,51.5,51.6,51.3,2013-11-21 04:00:00
2013-11-21,4:00am,EUR,Flash Services PMI,Medium,50.9,51.9,51.6,2013-11-21 04:00:00
2013-11-21,4:05am,AUD,RBA Gov Stevens Speaks,High,,,,2013-11-21 04:05:00
2013-11-21,4:30am,GBP,Public Sector Net Borrowing,Medium,6.4B,4.8B,8.6B,2013-11-21 04:30:00
2013-11-21,6:00am,GBP,CBI Industrial Order Expectations,Medium,11,0,-4,2013-11-21 06:00:00
2013-11-21,6:30am,EUR,ECB President Draghi Speaks,High,,,,2013-11-21 06:30:00
2013-11-21,8:30am,USD,PPI m/m,High,-0.2%,-0.2%,-0.1%,2013-11-21 08:30:00
2013-11-21,8:30am,USD,Unemployment Claims,High,323K,333K,344K,2013-11-21 08:30:00
2013-11-21,8:30am,USD,Core PPI m/m,Medium,0.2%,0.1%,0.1%,2013-11-21 08:30:00
2013-11-21,9:00am,USD,Flash Manufacturing PMI,Medium,54.3,52.6,51.8,2013-11-21 09:00:00
2013-11-21,9:45am,USD,FOMC Member Powell Speaks,Medium,,,,2013-11-21 09:45:00
2013-11-21,10:00am,EUR,Consumer Confidence,Non-economic,-15,-14,-15,2013-11-21 10:00:00
2013-11-21,10:00am,USD,Philly Fed Manufacturing Index,High,6.5,15.8,19.8,2013-11-21 10:00:00
2013-11-21,10:30am,USD,Natural Gas Storage,Non-economic,-45B,-34B,20B,2013-11-21 10:30:00
2013-11-21,11:00am,EUR,German Buba President Weidmann Speaks,High,,,,2013-11-21 11:00:00
2013-11-21,1:00pm,USD,FOMC Member Bullard Speaks,Medium,,,,2013-11-21 13:00:00
2013-11-21,4:45pm,NZD,Visitor Arrivals m/m,Non-economic,-2.1%,,-1.1%,2013-11-21 16:45:00
2013-11-21,5:30pm,NZD,RBNZ Assist Gov McDermott Speaks,Non-economic,,,,2013-11-21 17:30:00
2013-11-22,12:00am,JPY,BOJ Monthly Report,Non-economic,,,,2013-11-22 00:00:00
2013-11-22,2:00am,EUR,German Final GDP q/q,Non-economic,0.3%,0.3%,0.3%,2013-11-22 02:00:00
2013-11-22,3:55am,EUR,ECB President Draghi Speaks,High,,,,2013-11-22 03:55:00
2013-11-22,4:00am,EUR,German ifo Business Climate,High,109.3,107.9,107.4,2013-11-22 04:00:00
2013-11-22,4:00am,EUR,Italian Retail Sales m/m,Non-economic,-0.3%,0.4%,0.0%,2013-11-22 04:00:00
2013-11-22,All Day,EUR,Eurogroup Meetings,Medium,,,,2013-11-22 00:00:00
2013-11-22,8:30am,CAD,Core CPI m/m,High,0.2%,0.0%,0.2%,2013-11-22 08:30:00
2013-11-22,8:30am,CAD,Core Retail Sales m/m,High,0.0%,0.2%,0.5%,2013-11-22 08:30:00
2013-11-22,8:30am,CAD,CPI m/m,Medium,-0.2%,0.2%,0.2%,2013-11-22 08:30:00
2013-11-22,8:30am,CAD,Retail Sales m/m,Medium,1.0%,0.3%,0.1%,2013-11-22 08:30:00
2013-11-22,8:40am,USD,FOMC Member George Speaks,Medium,,,,2013-11-22 08:40:00
2013-11-22,9:00am,EUR,Belgian NBB Business Climate,Non-economic,-4.3,-6.9,-7.7,2013-11-22 09:00:00
2013-11-22,10:00am,USD,JOLTS Job Openings,Medium,3.91M,3.89M,3.84M,2013-11-22 10:00:00
2013-11-22,12:15pm,USD,FOMC Member Tarullo Speaks,Non-economic,,,,2013-11-22 12:15:00
2013-11-25,3:15am,CHF,Employment Level,Medium,4.20M,4.19M,4.17M,2013-11-25 03:15:00
2013-11-25,4:30am,GBP,High Street Lending,Medium,42.8K,45.2K,43.2K,2013-11-25 04:30:00
2013-11-25,9:00am,USD,Flash Services PMI,Non-economic,57.1,,49.3,2013-11-25 09:00:00
2013-11-25,10:00am,USD,Pending Home Sales m/m,High,-0.6%,2.2%,-4.6%,2013-11-25 10:00:00
2013-11-25,11:30am,CHF,SNB Chairman Jordan Speaks,High,,,,2013-11-25 11:30:00
2013-11-25,4:15pm,EUR,German Buba President Weidmann Speaks,Medium,,,,2013-11-25 16:15:00
2013-11-25,5:15pm,AUD,RBA Deputy Gov Lowe Speaks,Medium,,,,2013-11-25 17:15:00
2013-11-25,6:50pm,JPY,Monetary Policy Meeting Minutes,Medium,,,,2013-11-25 18:50:00
2013-11-25,6:50pm,JPY,SPPI y/y,Non-economic,0.8%,0.9%,0.7%,2013-11-25 18:50:00
2013-11-26,5:00am,GBP,Monetary Policy Report Hearings,High,,,,2013-11-26 05:00:00
2013-11-26,Sep Data,USD,Building Permits,Non-economic,0.97M,0.94M,0.93M,2013-11-26 00:00:00
2013-11-26,8:30am,CAD,Corporate Profits q/q,Non-economic,1.5%,,-0.8%,2013-11-26 08:30:00
2013-11-26,8:30am,USD,Building Permits,High,1.03M,0.94M,0.97M,2013-11-26 08:30:00
2013-11-26,9:00am,USD,S&P/CS Composite-20 HPI y/y,Medium,13.3%,13.0%,12.8%,2013-11-26 09:00:00
2013-11-26,9:00am,USD,HPI m/m,Non-economic,0.3%,0.5%,0.4%,2013-11-26 09:00:00
2013-11-26,9:59am,USD,Richmond Manufacturing Index,Non-economic,13,3,1,2013-11-26 09:59:00
2013-11-26,10:00am,USD,CB Consumer Confidence,High,70.4,72.2,72.4,2013-11-26 10:00:00
2013-11-26,4:45pm,NZD,Trade Balance,High,-168M,-345M,-216M,2013-11-26 16:45:00
2013-11-26,7:30pm,AUD,Construction Work Done q/q,Medium,2.7%,0.6%,0.1%,2013-11-26 19:30:00
2013-11-27,2:00am,CHF,UBS Consumption Indicator,Non-economic,1.28,,1.56,2013-11-27 02:00:00
2013-11-27,4:00am,EUR,German GfK Consumer Climate,Medium,7.4,7.1,7.1,2013-11-27 04:00:00
2013-11-27,4:30am,GBP,Second Estimate GDP q/q,High,0.8%,0.8%,0.8%,2013-11-27 04:30:00
2013-11-27,4:30am,GBP,Prelim Business Investment q/q,Medium,1.4%,2.3%,-2.7%,2013-11-27 04:30:00
2013-11-27,4:30am,GBP,Index of Services 3m/3m,Non-economic,0.7%,0.4%,0.6%,2013-11-27 04:30:00
2013-11-27,5:33am,EUR,German 10-y Bond Auction,Medium,1.69|1.7,,1.71|1.7,2013-11-27 05:33:00
2013-11-27,6:00am,EUR,ECB Financial Stability Review,Non-economic,,,,2013-11-27 06:00:00
2013-11-27,6:00am,GBP,CBI Realized Sales,Medium,1,12,2,2013-11-27 06:00:00
2013-11-27,8:30am,USD,Core Durable Goods Orders m/m,High,-0.1%,0.5%,-0.2%,2013-11-27 08:30:00
2013-11-27,8:30am,USD,Unemployment Claims,High,316K,331K,326K,2013-11-27 08:30:00
2013-11-27,8:30am,USD,Durable Goods Orders m/m,Medium,-2.0%,-1.5%,3.8%,2013-11-27 08:30:00
2013-11-27,9:45am,USD,Chicago PMI,Medium,63.0,60.6,65.9,2013-11-27 09:45:00
2013-11-27,9:55am,USD,Revised UoM Consumer Sentiment,Medium,75.1,73.1,72.0,2013-11-27 09:55:00
2013-11-27,9:55am,USD,Revised UoM Inflation Expectations,Non-economic,2.9%,,3.1%,2013-11-27 09:55:00
2013-11-27,10:00am,USD,CB Leading Index m/m,Non-economic,0.2%,0.1%,0.9%,2013-11-27 10:00:00
2013-11-27,10:30am,USD,Crude Oil Inventories,Medium,3.0M,0.5M,0.4M,2013-11-27 10:30:00
2013-11-27,12:00pm,USD,Natural Gas Storage,Non-economic,-13B,-11B,-45B,2013-11-27 12:00:00
2013-11-27,6:50pm,JPY,Retail Sales y/y,Medium,2.3%,2.2%,3.0%,2013-11-27 18:50:00
2013-11-27,7:00pm,AUD,HIA New Home Sales m/m,Medium,-3.8%,,6.4%,2013-11-27 19:00:00
2013-11-27,7:00pm,NZD,ANZ Business Confidence,High,60.5,,53.2,2013-11-27 19:00:00
2013-11-27,7:30pm,AUD,Private Capital Expenditure q/q,High,3.6%,-1.1%,1.6%,2013-11-27 19:30:00
2013-11-28,1:45am,CHF,GDP q/q,Medium,0.5%,0.5%,0.5%,2013-11-28 01:45:00
2013-11-28,2:00am,EUR,German Import Prices m/m,Non-economic,-0.7%,-0.2%,0.0%,2013-11-28 02:00:00
2013-11-28,All Day,EUR,German Prelim CPI m/m,Medium,0.2%,0.1%,-0.2%,2013-11-28 00:00:00
2013-11-28,3:00am,EUR,Spanish Flash CPI y/y,Medium,0.2%,0.1%,-0.1%,2013-11-28 03:00:00
2013-11-28,3:55am,EUR,German Unemployment Change,Medium,10K,0K,3K,2013-11-28 03:55:00
2013-11-28,4:00am,EUR,M3 Money Supply y/y,Medium,1.4%,1.8%,2.0%,2013-11-28 04:00:00
2013-11-28,4:00am,EUR,Private Loans y/y,Non-economic,-2.1%,-1.9%,-2.0%,2013-11-28 04:00:00
2013-11-28,4:10am,EUR,Retail PMI,Non-economic,48.0,,47.7,2013-11-28 04:10:00
2013-11-28,5:10am,EUR,Italian 10-y Bond Auction,Medium,4.01|1.5,,4.11|1.5,2013-11-28 05:10:00
2013-11-28,5:30am,GBP,BOE Gov Carney Speaks,High,,,,2013-11-28 05:30:00
2013-11-28,5:30am,GBP,BOE Financial Stability Report,Medium,,,,2013-11-28 05:30:00
2013-11-28,5:30am,GBP,FPC Statement,Non-economic,,,,2013-11-28 05:30:00
2013-11-28,5:33am,GBP,30-y Bond Auction,Non-economic,3.61|1.7,,3.74|1.5,2013-11-28 05:33:00
2013-11-28,All Day,USD,Bank Holiday,Low,,,,2013-11-28 00:00:00
2013-11-28,8:30am,CAD,Current Account,Medium,-15.5B,-14.3B,-15.9B,2013-11-28 08:30:00
2013-11-28,8:30am,CAD,RMPI m/m,Medium,-2.3%,-2.1%,-1.2%,2013-11-28 08:30:00
2013-11-28,8:30am,CAD,IPPI m/m,Non-economic,-0.3%,-0.3%,-0.2%,2013-11-28 08:30:00
2013-11-28,4:45pm,NZD,Building Consents m/m,Medium,-0.6%,,1.4%,2013-11-28 16:45:00
2013-11-28,6:15pm,JPY,Final Manufacturing PMI,Non-economic,55.1,,54.2,2013-11-28 18:15:00
2013-11-28,6:30pm,JPY,Household Spending y/y,Medium,0.9%,1.2%,3.7%,2013-11-28 18:30:00
2013-11-28,6:30pm,JPY,Tokyo Core CPI y/y,Medium,0.6%,0.4%,0.3%,2013-11-28 18:30:00
2013-11-28,6:30pm,JPY,National Core CPI y/y,Non-economic,0.9%,0.9%,0.7%,2013-11-28 18:30:00
2013-11-28,6:30pm,JPY,Unemployment Rate,Non-economic,4.0%,3.9%,4.0%,2013-11-28 18:30:00
2013-11-28,6:50pm,JPY,Prelim Industrial Production m/m,Medium,0.5%,2.1%,1.5%,2013-11-28 18:50:00
2013-11-28,7:05pm,GBP,GfK Consumer Confidence,Non-economic,-12,-8,-11,2013-11-28 19:05:00
2013-11-28,7:30pm,AUD,Private Sector Credit m/m,Medium,0.3%,0.4%,0.3%,2013-11-28 19:30:00
2013-11-29,12:00am,JPY,Housing Starts y/y,Non-economic,7.1%,5.5%,19.4%,2013-11-29 00:00:00
2013-11-29,2:00am,EUR,German Retail Sales m/m,Medium,-0.8%,0.5%,-0.6%,2013-11-29 02:00:00
2013-11-29,2:00am,GBP,Nationwide HPI m/m,Medium,0.6%,0.6%,1.0%,2013-11-29 02:00:00
2013-11-29,2:45am,EUR,French Consumer Spending m/m,Medium,-0.2%,0.3%,-0.1%,2013-11-29 02:45:00
2013-11-29,3:00am,CHF,KOF Economic Barometer,Medium,1.85,1.82,1.71,2013-11-29 03:00:00
2013-11-29,4:00am,EUR,Italian Monthly Unemployment Rate,Non-economic,12.5%,12.5%,12.5%,2013-11-29 04:00:00
2013-11-29,4:00am,EUR,Italian Quarterly Unemployment Rate,Non-economic,12.3%,12.2%,12.1%,2013-11-29 04:00:00
2013-11-29,4:30am,GBP,Net Lending to Individuals m/m,Medium,1.7B,2.1B,2.2B,2013-11-29 04:30:00
2013-11-29,4:30am,GBP,M4 Money Supply m/m,Non-economic,0.1%,1.1%,0.5%,2013-11-29 04:30:00
2013-11-29,4:30am,GBP,Mortgage Approvals,Non-economic,68K,68K,67K,2013-11-29 04:30:00
2013-11-29,5:00am,EUR,CPI Flash Estimate y/y,High,0.9%,0.8%,0.7%,2013-11-29 05:00:00
2013-11-29,5:00am,EUR,Core CPI Flash Estimate y/y,Medium,1.0%,,0.8%,2013-11-29 05:00:00
2013-11-29,5:00am,EUR,Unemployment Rate,Medium,12.1%,12.2%,12.2%,2013-11-29 05:00:00
2013-11-29,5:00am,EUR,Italian Prelim CPI m/m,Non-economic,-0.4%,0.2%,-0.2%,2013-11-29 05:00:00
2013-11-29,8:30am,CAD,GDP m/m,High,0.3%,0.1%,0.3%,2013-11-29 08:30:00
2013-11-30,8:00pm,CNY,Manufacturing PMI,High,51.4,51.2,51.4,2013-11-30 20:00:00
2013-12-01,4:45pm,NZD,Overseas Trade Index q/q,Medium,7.5%,3.0%,4.7%,2013-12-01 16:45:00
2013-12-01,5:30pm,AUD,AIG Manufacturing Index,Non-economic,47.7,,53.2,2013-12-01 17:30:00
2013-12-01,6:30pm,AUD,MI Inflation Gauge m/m,Non-economic,0.2%,,0.1%,2013-12-01 18:30:00
2013-12-01,6:50pm,JPY,Capital Spending q/y,Medium,1.5%,3.1%,0.0%,2013-12-01 18:50:00
2013-12-01,7:30pm,AUD,Building Approvals m/m,High,-1.8%,-4.3%,16.9%,2013-12-01 19:30:00
2013-12-01,7:30pm,AUD,Company Operating Profits q/q,Medium,3.9%,1.1%,0.4%,2013-12-01 19:30:00
2013-12-01,8:45pm,CNY,RatingDog Manufacturing PMI,Medium,50.8,50.5,50.4,2013-12-01 20:45:00
2013-12-01,9:30pm,JPY,BOJ Gov Kuroda Speaks,High,,,,2013-12-01 21:30:00
2013-12-02,12:30am,AUD,Commodity Prices y/y,Non-economic,-1.9%,,-0.5%,2013-12-02 00:30:00
2013-12-02,3:15am,EUR,Spanish Manufacturing PMI,Medium,48.6,51.3,50.9,2013-12-02 03:15:00
2013-12-02,3:30am,CHF,Manufacturing PMI,Medium,56.5,55.1,54.2,2013-12-02 03:30:00
2013-12-02,3:45am,EUR,Italian Manufacturing PMI,Medium,51.4,51.4,50.7,2013-12-02 03:45:00
2013-12-02,3:50am,EUR,French Final Manufacturing PMI,Non-economic,48.4,47.8,47.8,2013-12-02 03:50:00
2013-12-02,3:55am,EUR,German Final Manufacturing PMI,Non-economic,52.7,52.5,52.5,2013-12-02 03:55:00
2013-12-02,4:00am,EUR,Final Manufacturing PMI,Non-economic,51.6,51.5,51.5,2013-12-02 04:00:00
2013-12-02,4:30am,GBP,Final Manufacturing PMI,High,58.4,56.5,56.5,2013-12-02 04:30:00
2013-12-02,8:30am,USD,Fed Chairman Bernanke Speaks,High,,,,2013-12-02 08:30:00
2013-12-02,9:00am,USD,Final Manufacturing PMI,Non-economic,54.7,54.3,54.3,2013-12-02 09:00:00
2013-12-02,9:30am,CAD,Manufacturing PMI,Non-economic,55.3,,55.6,2013-12-02 09:30:00
2013-12-02,Sep Data,USD,Construction Spending m/m,Non-economic,-0.3%,0.5%,0.6%,2013-12-02 00:00:00
2013-12-02,10:00am,USD,ISM Manufacturing PMI,High,57.3,55.2,56.4,2013-12-02 10:00:00
2013-12-02,10:00am,USD,Construction Spending m/m,Non-economic,0.8%,0.4%,-0.3%,2013-12-02 10:00:00
2013-12-02,10:00am,USD,ISM Manufacturing Prices,Non-economic,52.5,55.0,55.5,2013-12-02 10:00:00
2013-12-02,6:50pm,JPY,Monetary Base y/y,Non-economic,52.5%,47.2%,45.8%,2013-12-02 18:50:00
2013-12-02,7:00pm,NZD,ANZ Commodity Prices m/m,Non-economic,-0.4%,,1.4%,2013-12-02 19:00:00
2013-12-02,7:01pm,GBP,BRC Retail Sales Monitor y/y,Medium,0.6%,,0.8%,2013-12-02 19:01:00
2013-12-02,7:30pm,AUD,Retail Sales m/m,High,0.5%,0.4%,0.9%,2013-12-02 19:30:00
2013-12-02,7:30pm,AUD,Current Account,Medium,-12.7B,-11.1B,-12.1B,2013-12-02 19:30:00
2013-12-02,8:00pm,CNY,Non-Manufacturing PMI,Medium,56.0,,56.3,2013-12-02 20:00:00
2013-12-02,8:30pm,JPY,Average Cash Earnings y/y,Medium,0.1%,0.1%,-0.2%,2013-12-02 20:30:00
2013-12-02,10:30pm,AUD,Cash Rate,High,2.50%,2.50%,2.50%,2013-12-02 22:30:00
2013-12-02,10:30pm,AUD,RBA Rate Statement,High,,,,2013-12-02 22:30:00
2013-12-03,3:00am,EUR,Spanish Unemployment Change,High,-2.5K,49.3K,87.0K,2013-12-03 03:00:00
2013-12-03,4:30am,GBP,Construction PMI,High,62.6,59.3,59.4,2013-12-03 04:30:00
2013-12-03,4:30am,GBP,FPC Meeting Minutes,Non-economic,,,,2013-12-03 04:30:00
2013-12-03,5:00am,EUR,PPI m/m,Non-economic,-0.5%,-0.1%,0.2%,2013-12-03 05:00:00
2013-12-03,8:30am,NZD,GDT Price Index,Non-economic,3.9%,,0.1%,2013-12-03 08:30:00
2013-12-03,10:00am,USD,RCM/TIPP Economic Optimism,Non-economic,43.1,43.2,41.4,2013-12-03 10:00:00
2013-12-03,All Day,USD,Total Vehicle Sales,Non-economic,16.4M,15.8M,15.2M,2013-12-03 00:00:00
2013-12-03,5:10pm,AUD,AIG Services Index,Non-economic,48.9,,47.9,2013-12-03 17:10:00
2013-12-03,7:01pm,GBP,BRC Shop Price Index y/y,Non-economic,-0.3%,,-0.5%,2013-12-03 19:01:00
2013-12-03,7:30pm,AUD,GDP q/q,High,0.6%,0.7%,0.7%,2013-12-03 19:30:00
2013-12-03,8:45pm,CNY,RatingDog Services PMI,Medium,52.5,,52.6,2013-12-03 20:45:00
2013-12-04,3:15am,EUR,Spanish Services PMI,Medium,51.5,50.7,49.6,2013-12-04 03:15:00
2013-12-04,3:45am,EUR,Italian Services PMI,Medium,47.2,51.2,50.5,2013-12-04 03:45:00
2013-12-04,3:50am,EUR,French Final Services PMI,Non-economic,48.0,48.8,48.8,2013-12-04 03:50:00
2013-12-04,3:55am,EUR,German Final Services PMI,Non-economic,55.7,54.5,54.5,2013-12-04 03:55:00
2013-12-04,4:00am,EUR,Final Services PMI,Non-economic,51.2,50.9,50.9,2013-12-04 04:00:00
2013-12-04,All Day,All,OPEC Meetings,Non-economic,,,,2013-12-04 00:00:00
2013-12-04,4:30am,GBP,Final Services PMI,High,60.0,62.1,62.5,2013-12-04 04:30:00
2013-12-04,5:00am,EUR,Retail Sales m/m,Medium,-0.2%,0.2%,-0.6%,2013-12-04 05:00:00
2013-12-04,5:00am,EUR,Revised GDP q/q,Non-economic,0.1%,0.1%,0.1%,2013-12-04 05:00:00
2013-12-04,8:15am,USD,ADP Non-Farm Employment Change,High,215K,172K,184K,2013-12-04 08:15:00
2013-12-04,8:30am,CAD,Trade Balance,High,0.1B,-0.7B,-0.3B,2013-12-04 08:30:00
2013-12-04,8:30am,USD,Trade Balance,High,-40.6B,-40.3B,-43.0B,2013-12-04 08:30:00
2013-12-04,9:00am,USD,Final Services PMI,Non-economic,55.9,57.1,57.1,2013-12-04 09:00:00
2013-12-04,Sep Data,USD,New Home Sales,Non-economic,354K,427K,379K,2013-12-04 00:00:00
2013-12-04,10:00am,CAD,BOC Rate Statement,High,,,,2013-12-04 10:00:00
2013-12-04,10:00am,CAD,Overnight Rate,High,1.00%,1.00%,1.00%,2013-12-04 10:00:00
2013-12-04,10:00am,USD,ISM Services PMI,High,53.9,55.4,55.4,2013-12-04 10:00:00
2013-12-04,10:00am,USD,New Home Sales,High,444K,432K,354K,2013-12-04 10:00:00
2013-12-04,10:30am,USD,Crude Oil Inventories,Medium,-5.6M,-0.5M,3.0M,2013-12-04 10:30:00
2013-12-04,11:20am,USD,President Obama Speaks,Non-economic,,,,2013-12-04 11:20:00
2013-12-04,2:00pm,USD,Beige Book,Medium,,,,2013-12-04 14:00:00
2013-12-04,7:30pm,AUD,Goods Trade Balance,High,-0.53B,-0.38B,-0.27B,2013-12-04 19:30:00
2013-12-04,10:45pm,JPY,10-y Bond Auction,Non-economic,0.65|4.0,,0.61|3.7,2013-12-04 22:45:00
2013-12-05,6:15am,GBP,Autumn Forecast Statement,High,,,,2013-12-05 06:15:00
2013-12-05,7:00am,GBP,Asset Purchase Facility,High,375B,375B,375B,2013-12-05 07:00:00
2013-12-05,7:00am,GBP,Official Bank Rate,High,0.50%,0.50%,0.50%,2013-12-05 07:00:00
2013-12-05,7:30am,USD,Challenger Job Cuts y/y,Non-economic,-20.6%,,-4.2%,2013-12-05 07:30:00
2013-12-05,7:45am,EUR,Main Refinancing Rate,High,0.25%,0.25%,0.25%,2013-12-05 07:45:00
2013-12-05,8:30am,CAD,Building Permits m/m,High,7.4%,1.2%,4.1%,2013-12-05 08:30:00
2013-12-05,8:30am,EUR,ECB Press Conference,High,,,,2013-12-05 08:30:00
2013-12-05,8:30am,USD,Prelim GDP q/q,High,3.6%,3.0%,2.8%,2013-12-05 08:30:00
2013-12-05,8:30am,USD,Unemployment Claims,High,298K,328K,321K,2013-12-05 08:30:00
2013-12-05,8:30am,USD,Treasury Sec Lew Speaks,Medium,,,,2013-12-05 08:30:00
2013-12-05,8:30am,USD,Prelim GDP Price Index q/q,Non-economic,2.0%,1.9%,1.9%,2013-12-05 08:30:00
2013-12-05,10:00am,CAD,Ivey PMI,High,53.7,59.0,62.8,2013-12-05 10:00:00
2013-12-05,10:00am,USD,Factory Orders m/m,Medium,-0.9%,-0.9%,1.8%,2013-12-05 10:00:00
2013-12-05,10:30am,USD,Natural Gas Storage,Non-economic,-162B,-141B,-13B,2013-12-05 10:30:00
2013-12-05,5:05pm,AUD,AIG Construction Index,Non-economic,55.2,,54.4,2013-12-05 17:05:00
2013-12-06,12:00am,JPY,Leading Indicators,Non-economic,109.9%,109.9%,109.2%,2013-12-06 00:00:00
2013-12-06,2:45am,EUR,French Gov Budget Balance,Non-economic,-86.0B,,-80.8B,2013-12-06 02:45:00
2013-12-06,2:45am,EUR,French Trade Balance,Non-economic,-4.7B,-5.1B,-5.6B,2013-12-06 02:45:00
2013-12-06,3:00am,CHF,Foreign Currency Reserves,Medium,436B,,435B,2013-12-06 03:00:00
2013-12-06,3:00am,GBP,Halifax HPI m/m,Medium,1.1%,0.8%,1.3%,2013-12-06 03:00:00
2013-12-06,3:15am,CHF,CPI m/m,High,0.0%,-0.2%,-0.1%,2013-12-06 03:15:00
2013-12-06,4:30am,GBP,Consumer Inflation Expectations,Medium,3.6%,,3.2%,2013-12-06 04:30:00
2013-12-06,6:00am,EUR,German Factory Orders m/m,Medium,-2.2%,-0.4%,3.1%,2013-12-06 06:00:00
2013-12-06,8:30am,CAD,Employment Change,High,21.6K,12.3K,13.2K,2013-12-06 08:30:00
2013-12-06,8:30am,CAD,Unemployment Rate,High,6.9%,6.9%,6.9%,2013-12-06 08:30:00
2013-12-06,8:30am,CAD,Labor Productivity q/q,Medium,0.2%,0.3%,0.4%,2013-12-06 08:30:00
2013-12-06,8:30am,USD,Non-Farm Employment Change,High,203K,180K,200K,2013-12-06 08:30:00
2013-12-06,8:30am,USD,Unemployment Rate,High,7.0%,7.2%,7.3%,2013-12-06 08:30:00
2013-12-06,8:30am,USD,Average Hourly Earnings m/m,Medium,0.2%,0.2%,0.1%,2013-12-06 08:30:00
2013-12-06,8:30am,USD,Core PCE Price Index m/m,Medium,0.1%,0.1%,0.1%,2013-12-06 08:30:00
2013-12-06,8:30am,USD,Personal Spending m/m,Medium,0.3%,0.3%,0.2%,2013-12-06 08:30:00
2013-12-06,8:30am,USD,Personal Income m/m,Non-economic,-0.1%,0.3%,0.5%,2013-12-06 08:30:00
2013-12-06,9:55am,USD,Prelim UoM Consumer Sentiment,High,82.5,76.2,75.1,2013-12-06 09:55:00
2013-12-06,9:55am,USD,Prelim UoM Inflation Expectations,Non-economic,3.0%,,2.9%,2013-12-06 09:55:00
2013-12-06,3:00pm,USD,FOMC Member Evans Speaks,Medium,,,,2013-12-06 15:00:00
2013-12-06,3:00pm,USD,Consumer Credit m/m,Non-economic,18.2B,14.6B,16.3B,2013-12-06 15:00:00
2013-12-06,9:00pm,JPY,BOJ Gov Kuroda Speaks,High,,,,2013-12-06 21:00:00
2013-12-07,10:01pm,CNY,USD-Denominated Trade Balance,High,33.8B,21.3B,31.1B,2013-12-07 22:01:00
2013-12-08,4:45pm,NZD,Manufacturing Sales q/q,Non-economic,4.7%,,-1.2%,2013-12-08 16:45:00
2013-12-08,6:50pm,JPY,Current Account,Medium,-0.06T,0.12T,-0.13T,2013-12-08 18:50:00
2013-12-08,6:50pm,JPY,Final GDP q/q,Medium,0.3%,0.4%,0.5%,2013-12-08 18:50:00
2013-12-08,6:50pm,JPY,Bank Lending y/y,Non-economic,2.2%,,2.0%,2013-12-08 18:50:00
2013-12-08,6:50pm,JPY,Final GDP Price Index y/y,Non-economic,-0.3%,-0.3%,-0.3%,2013-12-08 18:50:00
2013-12-08,7:30pm,AUD,ANZ Job Advertisements m/m,Medium,-0.8%,,-0.1%,2013-12-08 19:30:00
2013-12-08,8:30pm,CNY,CPI y/y,High,3.0%,3.0%,3.2%,2013-12-08 20:30:00
2013-12-08,8:30pm,CNY,PPI y/y,Medium,-1.4%,-1.5%,-1.5%,2013-12-08 20:30:00
2013-12-09,12:00am,JPY,Economy Watchers Sentiment,Non-economic,53.5,52.3,51.8,2013-12-09 00:00:00
2013-12-09,1:45am,CHF,Unemployment Rate,Non-economic,3.2%,3.2%,3.2%,2013-12-09 01:45:00
2013-12-09,2:00am,EUR,German Trade Balance,Medium,16.8B,17.4B,18.7B,2013-12-09 02:00:00
2013-12-09,3:15am,CHF,Retail Sales y/y,Medium,1.2%,1.7%,1.0%,2013-12-09 03:15:00
2013-12-09,4:30am,EUR,Sentix Investor Confidence,Non-economic,8.0,10.5,9.3,2013-12-09 04:30:00
2013-12-09,All Day,EUR,Eurogroup Meetings,Medium,,,,2013-12-09 00:00:00
2013-12-09,6:00am,EUR,German Industrial Production m/m,Medium,-1.2%,0.8%,-0.7%,2013-12-09 06:00:00
2013-12-09,8:13am,CAD,Housing Starts,Non-economic,192K,195K,198K,2013-12-09 08:13:00
2013-12-09,12:15pm,GBP,BOE Gov Carney Speaks,High,,,,2013-12-09 12:15:00
2013-12-09,1:05pm,USD,FOMC Member Bullard Speaks,High,,,,2013-12-09 13:05:00
2013-12-09,6:50pm,JPY,BSI Manufacturing Index,Medium,9.7,17.2,15.2,2013-12-09 18:50:00
2013-12-09,6:50pm,JPY,Tertiary Industry Activity m/m,Medium,-0.7%,0.3%,0.0%,2013-12-09 18:50:00
2013-12-09,6:50pm,JPY,M2 Money Stock y/y,Non-economic,4.3%,4.3%,4.1%,2013-12-09 18:50:00
2013-12-09,7:01pm,GBP,RICS House Price Balance,Non-economic,58%,59%,57%,2013-12-09 19:01:00
2013-12-09,7:30pm,AUD,NAB Business Confidence,High,5,,6,2013-12-09 19:30:00
2013-12-09,7:30pm,AUD,Home Loans m/m,Medium,1.0%,1.3%,3.5%,2013-12-09 19:30:00
2013-12-09,10:45pm,JPY,30-y Bond Auction,Non-economic,1.70|4.2,,1.62|4.4,2013-12-09 22:45:00
2013-12-10,12:00am,JPY,Consumer Confidence,Non-economic,42.5,44.2,41.2,2013-12-10 00:00:00
2013-12-10,12:30am,CNY,Industrial Production y/y,High,10.0%,10.2%,10.3%,2013-12-10 00:30:00
2013-12-10,12:30am,CNY,Fixed Asset Investment ytd/y,Medium,19.9%,20.1%,20.1%,2013-12-10 00:30:00
2013-12-10,12:30am,CNY,Retail Sales y/y,Non-economic,13.7%,13.2%,13.3%,2013-12-10 00:30:00
2013-12-10,1:00am,JPY,Prelim Machine Tool Orders y/y,Non-economic,15.4%,,8.4%,2013-12-10 01:00:00
2013-12-10,2:45am,EUR,French Industrial Production m/m,Medium,-0.3%,0.2%,-0.3%,2013-12-10 02:45:00
2013-12-10,4:00am,EUR,Italian Industrial Production m/m,Non-economic,0.5%,0.3%,0.2%,2013-12-10 04:00:00
2013-12-10,4:30am,GBP,Manufacturing Production m/m,High,0.4%,0.4%,1.2%,2013-12-10 04:30:00
2013-12-10,4:30am,GBP,Goods Trade Balance,Medium,-9.7B,-9.3B,-10.1B,2013-12-10 04:30:00
2013-12-10,4:30am,GBP,Industrial Production m/m,Non-economic,0.4%,0.4%,0.9%,2013-12-10 04:30:00
2013-12-10,All Day,EUR,ECOFIN Meetings,Medium,,,,2013-12-10 00:00:00
2013-12-10,7:00am,EUR,ECB President Draghi Speaks,High,,,,2013-12-10 07:00:00
2013-12-10,7:30am,USD,NFIB Small Business Index,Non-economic,92.5,92.7,91.6,2013-12-10 07:30:00
2013-12-10,10:00am,GBP,NIESR GDP Estimate,Medium,0.8%,,0.7%,2013-12-10 10:00:00
2013-12-10,10:00am,USD,JOLTS Job Openings,Medium,3.93M,3.96M,3.88M,2013-12-10 10:00:00
2013-12-10,10:00am,USD,Final Wholesale Inventories m/m,Non-economic,1.4%,0.3%,0.5%,2013-12-10 10:00:00
2013-12-10,10:30am,CAD,BOC Financial System Review,Non-economic,,,,2013-12-10 10:30:00
2013-12-10,6:30pm,AUD,Westpac Consumer Sentiment,Medium,-4.8%,,1.9%,2013-12-10 18:30:00
2013-12-10,6:50pm,JPY,Core Machinery Orders m/m,Medium,0.6%,0.9%,-2.1%,2013-12-10 18:50:00
2013-12-10,6:50pm,JPY,PPI y/y,Non-economic,2.7%,2.7%,2.5%,2013-12-10 18:50:00
2013-12-11,1:30am,EUR,French Final Private Payrolls q/q,Non-economic,-0.1%,-0.1%,-0.1%,2013-12-11 01:30:00
2013-12-11,2:00am,EUR,German Final CPI m/m,Non-economic,0.2%,0.2%,0.2%,2013-12-11 02:00:00
2013-12-11,3:03am,CNY,New Loans,Medium,625B,585B,506B,2013-12-11 03:03:00
2013-12-11,3:03am,CNY,M2 Money Supply y/y,Non-economic,14.2%,14.2%,14.3%,2013-12-11 03:03:00
2013-12-11,8:00am,GBP,MPC Member Weale Speaks,Medium,,,,2013-12-11 08:00:00
2013-12-11,10:00am,USD,Treasury Sec Lew Speaks,Medium,,,,2013-12-11 10:00:00
2013-12-11,10:30am,USD,Crude Oil Inventories,Medium,-10.6M,-2.2M,-5.6M,2013-12-11 10:30:00
2013-12-11,1:01pm,USD,10-y Bond Auction,Medium,2.82|2.6,,2.75|2.7,2013-12-11 13:01:00
2013-12-11,1:59pm,USD,Federal Budget Balance,Medium,-135.2B,-142.6B,-91.6B,2013-12-11 13:59:00
2013-12-11,3:00pm,NZD,Official Cash Rate,High,2.50%,2.50%,2.50%,2013-12-11 15:00:00
2013-12-11,3:00pm,NZD,RBNZ Press Conference,High,,,,2013-12-11 15:00:00
2013-12-11,3:00pm,NZD,RBNZ Rate Statement,High,,,,2013-12-11 15:00:00
2013-12-11,3:00pm,NZD,RBNZ Monetary Policy Statement,Medium,,,,2013-12-11 15:00:00
2013-12-11,4:25pm,NZD,REINZ HPI m/m,Non-economic,1.2%,,1.6%,2013-12-11 16:25:00
2013-12-11,4:45pm,NZD,FPI m/m,Non-economic,-0.2%,,-1.0%,2013-12-11 16:45:00
2013-12-11,7:00pm,AUD,MI Inflation Expectations,Medium,2.1%,,1.9%,2013-12-11 19:00:00
2013-12-11,7:10pm,NZD,RBNZ Gov Wheeler Speaks,High,,,,2013-12-11 19:10:00
2013-12-11,7:30pm,AUD,Employment Change,High,21.0K,10.3K,-0.7K,2013-12-11 19:30:00
2013-12-11,7:30pm,AUD,Unemployment Rate,High,5.8%,5.8%,5.7%,2013-12-11 19:30:00
2013-12-12,2:45am,EUR,French Final CPI m/m,Non-economic,0.0%,0.1%,-0.1%,2013-12-12 02:45:00
2013-12-12,3:00am,EUR,ECB President Draghi Speaks,High,,,,2013-12-12 03:00:00
2013-12-12,3:30am,CHF,Libor Rate,High,<0.25%,<0.25%,<0.25%,2013-12-12 03:30:00
2013-12-12,3:30am,CHF,SNB Monetary Policy Assessment,High,,,,2013-12-12 03:30:00
2013-12-12,4:00am,CHF,SNB Press Conference,High,,,,2013-12-12 04:00:00
2013-12-12,4:00am,EUR,ECB Monthly Bulletin,Medium,,,,2013-12-12 04:00:00
2013-12-12,5:00am,EUR,Industrial Production m/m,Medium,-1.1%,0.4%,-0.2%,2013-12-12 05:00:00
2013-12-12,5:00am,GBP,CB Leading Index m/m,Non-economic,0.4%,,1.7%,2013-12-12 05:00:00
2013-12-12,8:30am,CAD,NHPI m/m,Medium,0.1%,0.2%,0.0%,2013-12-12 08:30:00
2013-12-12,8:30am,CAD,Capacity Utilization Rate,Non-economic,81.7%,81.1%,81.1%,2013-12-12 08:30:00
2013-12-12,8:30am,USD,Core Retail Sales m/m,High,0.4%,0.2%,0.5%,2013-12-12 08:30:00
2013-12-12,8:30am,USD,Retail Sales m/m,High,0.7%,0.6%,0.6%,2013-12-12 08:30:00
2013-12-12,8:30am,USD,Unemployment Claims,High,368K,321K,300K,2013-12-12 08:30:00
2013-12-12,8:30am,USD,Import Prices m/m,Medium,-0.6%,-0.7%,-0.6%,2013-12-12 08:30:00
2013-12-12,10:00am,USD,Business Inventories m/m,Medium,0.7%,0.4%,0.6%,2013-12-12 10:00:00
2013-12-12,10:30am,USD,Natural Gas Storage,Non-economic,-81B,-85B,-162B,2013-12-12 10:30:00
2013-12-12,12:10pm,NZD,BusinessNZ Manufacturing Index,Medium,56.7,,55.9,2013-12-12 12:10:00
2013-12-12,1:01pm,USD,30-y Bond Auction,Non-economic,3.90|2.3,,3.81|2.2,2013-12-12 13:01:00
2013-12-12,1:05pm,CAD,BOC Gov Poloz Speaks,High,,,,2013-12-12 13:05:00
2013-12-12,11:30pm,JPY,Revised Industrial Production m/m,Non-economic,1.0%,0.5%,0.5%,2013-12-12 23:30:00
2013-12-13,2:00am,EUR,German WPI m/m,Non-economic,-0.2%,0.4%,-1.0%,2013-12-13 02:00:00
2013-12-13,3:15am,CHF,PPI m/m,Medium,-0.1%,0.3%,-0.4%,2013-12-13 03:15:00
2013-12-13,4:30am,GBP,Construction Output m/m,Non-economic,2.2%,1.6%,-0.5%,2013-12-13 04:30:00
2013-12-13,5:00am,EUR,Final Employment Change q/q,Non-economic,0.0%,0.0%,0.0%,2013-12-13 05:00:00
2013-12-13,7:30am,GBP,MPC Member Dale Speaks,Medium,,,,2013-12-13 07:30:00
2013-12-13,8:30am,USD,PPI m/m,High,-0.1%,0.0%,-0.2%,2013-12-13 08:30:00
2013-12-13,8:30am,USD,Core PPI m/m,Medium,0.1%,0.1%,0.2%,2013-12-13 08:30:00
2013-12-15,4:00pm,NZD,Westpac Consumer Sentiment,Non-economic,120.1,,115.4,2013-12-15 16:00:00
2013-12-15,4:30pm,NZD,BusinessNZ Services Index,Non-economic,56.3,,58.0,2013-12-15 16:30:00
2013-12-15,6:14pm,GBP,Rightmove HPI m/m,Non-economic,-1.9%,,-2.4%,2013-12-15 18:14:00
2013-12-15,6:50pm,JPY,Tankan Manufacturing Index,Medium,16,15,12,2013-12-15 18:50:00
2013-12-15,6:50pm,JPY,Tankan Non-Manufacturing Index,Medium,20,16,14,2013-12-15 18:50:00
2013-12-15,8:45pm,CNY,Caixin Flash Manufacturing PMI,High,50.5,51.0,50.8,2013-12-15 20:45:00
2013-12-16,3:00am,EUR,French Flash Manufacturing PMI,High,47.1,49.1,48.4,2013-12-16 03:00:00
2013-12-16,3:00am,EUR,French Flash Services PMI,Medium,47.4,48.9,48.0,2013-12-16 03:00:00
2013-12-16,3:30am,EUR,German Flash Manufacturing PMI,High,54.2,53.1,52.7,2013-12-16 03:30:00
2013-12-16,3:30am,EUR,German Flash Services PMI,Medium,54.0,55.2,55.7,2013-12-16 03:30:00
2013-12-16,4:00am,EUR,Flash Manufacturing PMI,Medium,52.7,51.9,51.6,2013-12-16 04:00:00
2013-12-16,4:00am,EUR,Flash Services PMI,Medium,51.0,51.5,51.2,2013-12-16 04:00:00
2013-12-16,4:00am,EUR,Italian Trade Balance,Non-economic,4.07B,1.24B,0.83B,2013-12-16 04:00:00
2013-12-16,5:00am,EUR,Trade Balance,Non-economic,14.5B,15.2B,12.4B,2013-12-16 05:00:00
2013-12-16,6:00am,EUR,German Buba Monthly Report,Medium,,,,2013-12-16 06:00:00
2013-12-16,8:30am,CAD,Foreign Securities Purchases,Medium,4.41B,9.24B,8.29B,2013-12-16 08:30:00
2013-12-16,8:30am,USD,Empire State Manufacturing Index,Medium,1.0,4.9,-2.2,2013-12-16 08:30:00
2013-12-16,8:30am,USD,Revised Nonfarm Productivity q/q,Medium,3.0%,2.9%,1.9%,2013-12-16 08:30:00
2013-12-16,8:30am,USD,Revised Unit Labor Costs q/q,Non-economic,-1.4%,-1.5%,-0.6%,2013-12-16 08:30:00
2013-12-16,9:00am,EUR,ECB President Draghi Speaks,High,,,,2013-12-16 09:00:00
2013-12-16,9:00am,USD,Flash Manufacturing PMI,Medium,54.4,54.9,54.7,2013-12-16 09:00:00
2013-12-16,9:00am,USD,TIC Long-Term Purchases,Medium,35.4B,31.4B,31.3B,2013-12-16 09:00:00
2013-12-16,9:15am,USD,Capacity Utilization Rate,Medium,79.0%,78.5%,78.2%,2013-12-16 09:15:00
2013-12-16,9:15am,USD,Industrial Production m/m,Medium,1.1%,0.6%,0.1%,2013-12-16 09:15:00
2013-12-16,12:00pm,CHF,Gov Board Member Zurbrugg Speaks,Medium,,,,2013-12-16 12:00:00
2013-12-16,6:00pm,AUD,CB Leading Index m/m,Medium,0.5%,,0.3%,2013-12-16 18:00:00
2013-12-16,7:15pm,AUD,RBA Deputy Gov Debelle Speaks,Medium,,,,2013-12-16 19:15:00
2013-12-16,7:30pm,AUD,Monetary Policy Meeting Minutes,High,,,,2013-12-16 19:30:00
2013-12-16,7:30pm,AUD,New Motor Vehicle Sales m/m,Medium,1.8%,,-0.9%,2013-12-16 19:30:00
2013-12-16,8:30pm,AUD,Mid-Year Economic and Fiscal Outlook,High,,,,2013-12-16 20:30:00
2013-12-17,4:30am,GBP,CPI y/y,High,2.1%,2.2%,2.2%,2013-12-17 04:30:00
2013-12-17,4:30am,GBP,PPI Input m/m,Medium,-0.7%,-0.5%,-0.4%,2013-12-17 04:30:00
2013-12-17,4:30am,GBP,RPI y/y,Medium,2.6%,2.7%,2.6%,2013-12-17 04:30:00
2013-12-17,4:30am,GBP,Core CPI y/y,Non-economic,1.8%,1.8%,1.7%,2013-12-17 04:30:00
2013-12-17,4:30am,GBP,ONS HPI y/y,Non-economic,5.5%,4.2%,3.8%,2013-12-17 04:30:00
2013-12-17,4:30am,GBP,PPI Output m/m,Non-economic,-0.2%,-1.2%,-0.3%,2013-12-17 04:30:00
2013-12-17,5:00am,EUR,German ZEW Economic Sentiment,High,62.0,55.3,54.6,2013-12-17 05:00:00
2013-12-17,5:00am,EUR,Final CPI y/y,Medium,0.9%,0.9%,0.9%,2013-12-17 05:00:00
2013-12-17,5:00am,EUR,ZEW Economic Sentiment,Medium,68.3,60.9,60.2,2013-12-17 05:00:00
2013-12-17,5:00am,EUR,Final Core CPI y/y,Non-economic,0.9%,1.0%,1.0%,2013-12-17 05:00:00
2013-12-17,All Day,EUR,Eurogroup Meetings,Medium,,,,2013-12-17 00:00:00
2013-12-17,6:00am,GBP,CBI Industrial Order Expectations,Medium,12,12,11,2013-12-17 06:00:00
2013-12-17,8:30am,CAD,Manufacturing Sales m/m,High,1.0%,-0.2%,0.6%,2013-12-17 08:30:00
2013-12-17,8:30am,NZD,GDT Price Index,Non-economic,0.2%,,3.9%,2013-12-17 08:30:00
2013-12-17,8:30am,USD,Core CPI m/m,High,0.2%,0.1%,0.1%,2013-12-17 08:30:00
2013-12-17,8:30am,USD,CPI y/y,High,1.2%,1.2%,1.0%,2013-12-17 08:30:00
2013-12-17,8:30am,USD,CPI m/m,Medium,0.0%,0.1%,-0.1%,2013-12-17 08:30:00
2013-12-17,8:30am,USD,Current Account,Medium,-95B,-101B,-97B,2013-12-17 08:30:00
2013-12-17,10:00am,USD,NAHB Housing Market Index,Medium,58,55,54,2013-12-17 10:00:00
2013-12-17,10:30am,GBP,BOE Gov Carney Speaks,High,,,,2013-12-17 10:30:00
2013-12-17,4:45pm,NZD,Current Account,Medium,-4.78B,-4.45B,-1.34B,2013-12-17 16:45:00
2013-12-17,5:30pm,AUD,RBA Gov Stevens Speaks,High,,,,2013-12-17 17:30:00
2013-12-17,6:30pm,AUD,MI Leading Index m/m,Non-economic,-0.1%,,0.1%,2013-12-17 18:30:00
2013-12-17,6:50pm,JPY,Trade Balance,Medium,-1.35T,-1.13T,-1.09T,2013-12-17 18:50:00
2013-12-17,7:00pm,NZD,ANZ Business Confidence,High,64.1,,60.5,2013-12-17 19:00:00
2013-12-17,9:00pm,CNY,CB Leading Index m/m,Non-economic,1.4%,,0.7%,2013-12-17 21:00:00
2013-12-17,9:00pm,CNY,Foreign Direct Investment ytd/y,Non-economic,5.5%,,5.8%,2013-12-17 21:00:00
2013-12-18,4:00am,EUR,German ifo Business Climate,High,109.5,109.7,109.3,2013-12-18 04:00:00
2013-12-18,4:30am,GBP,Claimant Count Change,High,-36.7K,-35.2K,-42.8K,2013-12-18 04:30:00
2013-12-18,4:30am,GBP,MPC Asset Purchase Facility Votes,High,0-0-9,0-0-9,0-0-9,2013-12-18 04:30:00
2013-12-18,4:30am,GBP,MPC Official Bank Rate Votes,High,0-0-9,0-0-9,0-0-9,2013-12-18 04:30:00
2013-12-18,4:30am,GBP,Unemployment Rate,High,7.4%,7.6%,7.6%,2013-12-18 04:30:00
2013-12-18,4:30am,GBP,Average Earnings Index 3m/y,Medium,0.9%,0.8%,0.8%,2013-12-18 04:30:00
2013-12-18,5:00am,CHF,UBS Economic Expectations,Medium,39.4,,31.6,2013-12-18 05:00:00
2013-12-18,All Day,EUR,ECOFIN Meetings,Medium,,,,2013-12-18 00:00:00
2013-12-18,6:00am,GBP,CBI Realized Sales,Medium,34,9,1,2013-12-18 06:00:00
2013-12-18,Sep Data,USD,Housing Starts,Non-economic,0.87M,0.91M,0.88M,2013-12-18 00:00:00
2013-12-18,Oct Data,USD,Housing Starts,Non-economic,0.89M,0.92M,0.87M,2013-12-18 00:00:00
2013-12-18,8:30am,CAD,Wholesale Sales m/m,Medium,1.4%,0.4%,0.0%,2013-12-18 08:30:00
2013-12-18,8:30am,USD,Building Permits,High,1.01M,0.99M,1.04M,2013-12-18 08:30:00
2013-12-18,8:30am,USD,Housing Starts,Medium,1.09M,0.95M,0.89M,2013-12-18 08:30:00
2013-12-18,9:00am,USD,Flash Services PMI,Non-economic,56.0,56.4,55.9,2013-12-18 09:00:00
2013-12-18,10:30am,USD,Crude Oil Inventories,Medium,-2.9M,-2.4M,-10.6M,2013-12-18 10:30:00
2013-12-18,2:00pm,USD,FOMC Economic Projections,High,,,,2013-12-18 14:00:00
2013-12-18,2:00pm,USD,FOMC Statement,High,,,,2013-12-18 14:00:00
2013-12-18,2:00pm,USD,Federal Funds Rate,Medium,<0.25%,<0.25%,<0.25%,2013-12-18 14:00:00
2013-12-18,2:30pm,USD,FOMC Press Conference,High,,,,2013-12-18 14:30:00
2013-12-18,4:45pm,NZD,GDP q/q,High,1.4%,1.1%,0.3%,2013-12-18 16:45:00
2013-12-18,4:45pm,NZD,Trade Balance,High,183M,,-173M,2013-12-18 16:45:00
2013-12-18,7:30pm,AUD,RBA Bulletin,Non-economic,,,,2013-12-18 19:30:00
2013-12-18,11:30pm,JPY,All Industries Activity m/m,Non-economic,-0.2%,-0.2%,0.5%,2013-12-18 23:30:00
2013-12-19,1:45am,CHF,SECO Economic Forecasts,Non-economic,,,,2013-12-19 01:45:00
2013-12-19,2:00am,CHF,Trade Balance,Non-economic,2.11B,2.57B,2.28B,2013-12-19 02:00:00
2013-12-19,4:00am,EUR,Current Account,Medium,21.8B,14.2B,14.9B,2013-12-19 04:00:00
2013-12-19,Day 1,EUR,EU Economic Summit,Medium,,,,2013-12-19 00:00:00
2013-12-19,4:30am,GBP,Retail Sales m/m,High,0.3%,0.3%,-0.9%,2013-12-19 04:30:00
2013-12-19,4:42am,EUR,Spanish 10-y Bond Auction,Medium,4.10|3.6,,4.16|2.6,2013-12-19 04:42:00
2013-12-19,8:30am,USD,Unemployment Claims,High,379K,336K,369K,2013-12-19 08:30:00
2013-12-19,9:00am,CHF,SNB Quarterly Bulletin,Non-economic,,,,2013-12-19 09:00:00
2013-12-19,10:00am,USD,Existing Home Sales,High,4.90M,5.04M,5.12M,2013-12-19 10:00:00
2013-12-19,10:00am,USD,Philly Fed Manufacturing Index,High,7.0,10.3,6.5,2013-12-19 10:00:00
2013-12-19,10:00am,USD,CB Leading Index m/m,Non-economic,0.8%,0.7%,0.1%,2013-12-19 10:00:00
2013-12-19,10:30am,USD,Natural Gas Storage,Non-economic,-285B,-260B,-81B,2013-12-19 10:30:00
2013-12-19,4:45pm,NZD,Visitor Arrivals m/m,Non-economic,2.8%,,-1.9%,2013-12-19 16:45:00
2013-12-19,6:45pm,GBP,GfK Consumer Confidence,Non-economic,-13,-11,-12,2013-12-19 18:45:00
2013-12-19,9:00pm,NZD,Credit Card Spending y/y,Non-economic,6.9%,,3.3%,2013-12-19 21:00:00
2013-12-19,9:58pm,JPY,Monetary Policy Statement,High,,,,2013-12-19 21:58:00
2013-12-20,2:00am,EUR,German GfK Consumer Climate,Medium,7.6,7.4,7.4,2013-12-20 02:00:00
2013-12-20,2:00am,EUR,German PPI m/m,Medium,-0.1%,0.0%,-0.2%,2013-12-20 02:00:00
2013-12-20,2:30am,JPY,BOJ Press Conference,High,,,,2013-12-20 02:30:00
2013-12-20,Day 2,EUR,EU Economic Summit,Medium,,,,2013-12-20 00:00:00
2013-12-20,4:30am,GBP,Current Account,High,-20.7B,-13.8B,-6.2B,2013-12-20 04:30:00
2013-12-20,4:30am,GBP,Final GDP q/q,Medium,0.8%,0.8%,0.8%,2013-12-20 04:30:00
2013-12-20,4:30am,GBP,Public Sector Net Borrowing,Medium,14.8B,6.6B,7.4B,2013-12-20 04:30:00
2013-12-20,4:30am,GBP,Index of Services 3m/3m,Non-economic,0.8%,0.4%,0.8%,2013-12-20 04:30:00
2013-12-20,4:30am,GBP,Revised Business Investment q/q,Non-economic,2.0%,1.6%,1.4%,2013-12-20 04:30:00
2013-12-20,5:00am,EUR,Italian Retail Sales m/m,Non-economic,-0.1%,0.2%,-0.3%,2013-12-20 05:00:00
2013-12-20,8:30am,CAD,Core CPI m/m,High,-0.1%,0.1%,0.2%,2013-12-20 08:30:00
2013-12-20,8:30am,CAD,Core Retail Sales m/m,High,0.4%,0.0%,0.2%,2013-12-20 08:30:00
2013-12-20,8:30am,CAD,CPI m/m,Medium,0.0%,0.2%,-0.2%,2013-12-20 08:30:00
2013-12-20,8:30am,CAD,Retail Sales m/m,Medium,-0.1%,0.3%,1.0%,2013-12-20 08:30:00
2013-12-20,8:30am,USD,Final GDP q/q,Medium,4.1%,3.6%,3.6%,2013-12-20 08:30:00
2013-12-20,8:30am,USD,Final GDP Price Index q/q,Non-economic,2.0%,2.0%,2.0%,2013-12-20 08:30:00
2013-12-20,9:00am,EUR,Belgian NBB Business Climate,Non-economic,-6.4,-3.9,-4.3,2013-12-20 09:00:00
2013-12-20,10:00am,EUR,Consumer Confidence,Non-economic,-14,-15,-15,2013-12-20 10:00:00
2013-12-22,All Day,JPY,Bank Holiday,Low,,,,2013-12-22 00:00:00
2013-12-23,2:00am,CHF,UBS Consumption Indicator,Non-economic,1.43,,1.26,2013-12-23 02:00:00
2013-12-23,2:00am,EUR,German Import Prices m/m,Non-economic,0.1%,0.4%,-0.7%,2013-12-23 02:00:00
2013-12-23,8:30am,CAD,GDP m/m,High,0.3%,0.1%,0.3%,2013-12-23 08:30:00
2013-12-23,8:30am,USD,Core PCE Price Index m/m,Medium,0.1%,0.1%,0.1%,2013-12-23 08:30:00
2013-12-23,8:30am,USD,Personal Spending m/m,Medium,0.5%,0.5%,0.4%,2013-12-23 08:30:00
2013-12-23,8:30am,USD,Personal Income m/m,Non-economic,0.2%,0.4%,-0.1%,2013-12-23 08:30:00
2013-12-23,9:55am,USD,Revised UoM Consumer Sentiment,Medium,82.5,82.9,82.5,2013-12-23 09:55:00
2013-12-23,9:55am,USD,Revised UoM Inflation Expectations,Non-economic,3.0%,,3.0%,2013-12-23 09:55:00
2013-12-24,12:00am,JPY,BOJ Monthly Report,Non-economic,,,,2013-12-24 00:00:00
2013-12-24,All Day,EUR,German Bank Holiday,Low,,,,2013-12-24 00:00:00
2013-12-24,2:45am,EUR,French Consumer Spending m/m,Medium,1.4%,0.3%,-0.1%,2013-12-24 02:45:00
2013-12-24,4:30am,GBP,High Street Lending,Medium,45.0K,44.5K,43.3K,2013-12-24 04:30:00
2013-12-24,8:30am,USD,Core Durable Goods Orders m/m,High,1.2%,0.9%,0.4%,2013-12-24 08:30:00
2013-12-24,8:30am,USD,Durable Goods Orders m/m,Medium,3.5%,1.7%,-1.6%,2013-12-24 08:30:00
2013-12-24,9:00am,USD,HPI m/m,Non-economic,0.5%,0.5%,0.2%,2013-12-24 09:00:00
2013-12-24,9:59am,USD,Richmond Manufacturing Index,Non-economic,13,15,13,2013-12-24 09:59:00
2013-12-24,10:00am,USD,New Home Sales,High,464K,449K,474K,2013-12-24 10:00:00
2013-12-24,All Day,NZD,Bank Holiday,Low,,,,2013-12-24 00:00:00
2013-12-24,All Day,AUD,Bank Holiday,Low,,,,2013-12-24 00:00:00
2013-12-24,6:50pm,JPY,SPPI y/y,Non-economic,1.0%,0.8%,0.8%,2013-12-24 18:50:00
2013-12-24,11:00pm,JPY,BOJ Gov Kuroda Speaks,Medium,,,,2013-12-24 23:00:00
2013-12-25,All Day,CHF,Bank Holiday,Low,,,,2013-12-25 00:00:00
2013-12-25,All Day,EUR,German Bank Holiday,Low,,,,2013-12-25 00:00:00
2013-12-25,All Day,EUR,French Bank Holiday,Low,,,,2013-12-25 00:00:00
2013-12-25,All Day,EUR,Italian Bank Holiday,Low,,,,2013-12-25 00:00:00
2013-12-25,All Day,GBP,Bank Holiday,Low,,,,2013-12-25 00:00:00
2013-12-25,All Day,CAD,Bank Holiday,Low,,,,2013-12-25 00:00:00
2013-12-25,All Day,USD,Bank Holiday,Low,,,,2013-12-25 00:00:00
2013-12-25,All Day,NZD,Bank Holiday,Low,,,,2013-12-25 00:00:00
2013-12-25,All Day,AUD,Bank Holiday,Low,,,,2013-12-25 00:00:00
2013-12-25,6:50pm,JPY,Monetary Policy Meeting Minutes,Medium,,,,2013-12-25 18:50:00
2013-12-26,12:00am,JPY,Housing Starts y/y,Non-economic,14.1%,9.5%,7.1%,2013-12-26 00:00:00
2013-12-26,All Day,CHF,Bank Holiday,Low,,,,2013-12-26 00:00:00
2013-12-26,All Day,EUR,German Bank Holiday,Low,,,,2013-12-26 00:00:00
2013-12-26,All Day,EUR,Italian Bank Holiday,Low,,,,2013-12-26 00:00:00
2013-12-26,All Day,GBP,Bank Holiday,Low,,,,2013-12-26 00:00:00
2013-12-26,All Day,CAD,Bank Holiday,Low,,,,2013-12-26 00:00:00
2013-12-26,8:30am,USD,Unemployment Claims,High,338K,346K,380K,2013-12-26 08:30:00
2013-12-26,6:15pm,JPY,Final Manufacturing PMI,Non-economic,55.2,,55.1,2013-12-26 18:15:00
2013-12-26,6:30pm,JPY,Household Spending y/y,Medium,0.2%,1.9%,0.9%,2013-12-26 18:30:00
2013-12-26,6:30pm,JPY,Tokyo Core CPI y/y,Medium,0.7%,0.7%,0.6%,2013-12-26 18:30:00
2013-12-26,6:30pm,JPY,National Core CPI y/y,Non-economic,1.2%,1.1%,0.9%,2013-12-26 18:30:00
2013-12-26,6:30pm,JPY,Unemployment Rate,Non-economic,4.0%,3.9%,4.0%,2013-12-26 18:30:00
2013-12-26,6:50pm,JPY,Prelim Industrial Production m/m,Medium,0.1%,0.6%,0.5%,2013-12-26 18:50:00
2013-12-26,6:50pm,JPY,Retail Sales y/y,Medium,4.0%,2.9%,2.4%,2013-12-26 18:50:00
2013-12-26,8:30pm,JPY,Average Cash Earnings y/y,Medium,0.5%,0.4%,-0.1%,2013-12-26 20:30:00
2013-12-27,10:30am,USD,Natural Gas Storage,Non-economic,-177B,-177B,-285B,2013-12-27 10:30:00
2013-12-27,11:00am,USD,Crude Oil Inventories,Medium,-4.7M,-1.9M,-2.9M,2013-12-27 11:00:00
2013-12-30,4:10am,EUR,Retail PMI,Non-economic,47.7,,48.0,2013-12-30 04:10:00
2013-12-30,4:30am,GBP,Housing Equity Withdrawal q/q,Non-economic,-10.4B,-7.2B,-12.5B,2013-12-30 04:30:00
2013-12-30,5:12am,EUR,Italian 10-y Bond Auction,Medium,4.11|1.3,,4.01|1.5,2013-12-30 05:12:00
2013-12-30,10:00am,USD,Pending Home Sales m/m,High,0.2%,1.1%,-1.2%,2013-12-30 10:00:00
2013-12-30,All Day,JPY,Bank Holiday,Low,,,,2013-12-30 00:00:00
2013-12-30,7:30pm,AUD,Private Sector Credit m/m,Medium,0.3%,0.4%,0.3%,2013-12-30 19:30:00
2013-12-31,All Day,EUR,German Bank Holiday,Low,,,,2013-12-31 00:00:00
2013-12-31,9:00am,USD,S&P/CS Composite-20 HPI y/y,Medium,13.6%,13.4%,13.3%,2013-12-31 09:00:00
2013-12-31,9:45am,USD,Chicago PMI,Medium,59.1,61.3,63.0,2013-12-31 09:45:00
2013-12-31,10:00am,USD,CB Consumer Confidence,High,78.1,76.5,72.0,2013-12-31 10:00:00
2013-12-31,All Day,NZD,Bank Holiday,Low,,,,2013-12-31 00:00:00
2013-12-31,All Day,AUD,Bank Holiday,Low,,,,2013-12-31 00:00:00
2013-12-31,All Day,JPY,Bank Holiday,Low,,,,2013-12-31 00:00:00
2013-12-31,All Day,CNY,Bank Holiday,Low,,,,2013-12-31 00:00:00
2013-12-31,8:00pm,CNY,Manufacturing PMI,High,51.0,51.3,51.4,2013-12-31 20:00:00
2013-01-01,All Day,CHF,Bank Holiday,Low,,,,2013-01-01 00:00:00
2013-01-01,All Day,EUR,German Bank Holiday,Low,,,,2013-01-01 00:00:00
2013-01-01,All Day,EUR,French Bank Holiday,Low,,,,2013-01-01 00:00:00
2013-01-01,All Day,EUR,Italian Bank Holiday,Low,,,,2013-01-01 00:00:00
2013-01-01,All Day,GBP,Bank Holiday,Low,,,,2013-01-01 00:00:00
2013-01-01,All Day,CAD,Bank Holiday,Low,,,,2013-01-01 00:00:00
2013-01-01,All Day,USD,Bank Holiday,Low,,,,2013-01-01 00:00:00
2013-01-01,All Day,NZD,Bank Holiday,Low,,,,2013-01-01 00:00:00
2013-01-01,5:10pm,AUD,AIG Manufacturing Index,Non-economic,47.6,,47.7,2013-01-01 17:10:00
2013-01-01,All Day,JPY,Bank Holiday,Low,,,,2013-01-01 00:00:00
2013-01-01,All Day,CNY,Bank Holiday,Low,,,,2013-01-01 00:00:00
2013-01-01,8:45pm,CNY,RatingDog Manufacturing PMI,Medium,50.5,50.5,50.5,2013-01-01 20:45:00
2013-01-02,12:30am,AUD,Commodity Prices y/y,Non-economic,-4.0%,,-2.8%,2013-01-02 00:30:00
2013-01-02,All Day,CHF,Bank Holiday,Low,,,,2013-01-02 00:00:00
2013-01-02,3:15am,EUR,Spanish Manufacturing PMI,Medium,50.8,49.9,48.6,2013-01-02 03:15:00
2013-01-02,3:45am,EUR,Italian Manufacturing PMI,Medium,53.3,51.8,51.4,2013-01-02 03:45:00
2013-01-02,3:50am,EUR,French Final Manufacturing PMI,Non-economic,47.0,47.1,47.1,2013-01-02 03:50:00
2013-01-02,3:55am,EUR,German Final Manufacturing PMI,Non-economic,54.3,54.2,54.2,2013-01-02 03:55:00
2013-01-02,4:00am,EUR,Final Manufacturing PMI,Non-economic,52.7,52.7,52.7,2013-01-02 04:00:00
2013-01-02,4:30am,GBP,Final Manufacturing PMI,High,57.3,58.3,58.1,2013-01-02 04:30:00
2013-01-02,8:30am,USD,Unemployment Claims,High,339K,334K,341K,2013-01-02 08:30:00
2013-01-02,9:00am,USD,Final Manufacturing PMI,Non-economic,55.0,54.4,54.4,2013-01-02 09:00:00
2013-01-02,9:30am,CAD,Manufacturing PMI,Non-economic,53.5,,55.3,2013-01-02 09:30:00
2013-01-02,10:00am,USD,ISM Manufacturing PMI,High,57.0,56.8,57.3,2013-01-02 10:00:00
2013-01-02,10:00am,USD,Construction Spending m/m,Non-economic,1.0%,0.7%,0.9%,2013-01-02 10:00:00
2013-01-02,10:00am,USD,ISM Manufacturing Prices,Non-economic,53.5,53.0,52.5,2013-01-02 10:00:00
2013-01-02,All Day,JPY,Bank Holiday,Low,,,,2013-01-02 00:00:00
2013-01-02,8:00pm,CNY,Non-Manufacturing PMI,Medium,54.6,,56.0,2013-01-02 20:00:00
2013-01-03,2:00am,GBP,Nationwide HPI m/m,Medium,1.4%,0.8%,0.7%,2013-01-03 02:00:00
2013-01-03,3:00am,CHF,KOF Economic Barometer,Medium,1.95,1.92,1.85,2013-01-03 03:00:00
2013-01-03,3:00am,EUR,Spanish Flash CPI y/y,Medium,0.2%,0.2%,0.2%,2013-01-03 03:00:00
2013-01-03,3:00am,EUR,Spanish Unemployment Change,Medium,-107.6K,24.3K,-2.5K,2013-01-03 03:00:00
2013-01-03,3:30am,CHF,Manufacturing PMI,Medium,53.9,56.4,56.5,2013-01-03 03:30:00
2013-01-03,4:00am,EUR,M3 Money Supply y/y,Medium,1.5%,1.5%,1.4%,2013-01-03 04:00:00
2013-01-03,4:00am,EUR,Private Loans y/y,Non-economic,-2.3%,-1.9%,-2.2%,2013-01-03 04:00:00
2013-01-03,4:30am,GBP,Construction PMI,High,62.1,62.3,62.6,2013-01-03 04:30:00
2013-01-03,4:30am,GBP,Net Lending to Individuals m/m,Medium,1.5B,2.0B,1.6B,2013-01-03 04:30:00
2013-01-03,4:30am,GBP,M4 Money Supply m/m,Non-economic,0.0%,0.3%,0.1%,2013-01-03 04:30:00
2013-01-03,4:30am,GBP,Mortgage Approvals,Non-economic,71K,70K,68K,2013-01-03 04:30:00
2013-01-03,5:00am,EUR,Italian Prelim CPI m/m,Non-economic,0.2%,0.3%,-0.3%,2013-01-03 05:00:00
2013-01-03,10:30am,USD,Natural Gas Storage,Non-economic,-97B,-125B,-177B,2013-01-03 10:30:00
2013-01-03,11:00am,USD,Crude Oil Inventories,Medium,-7.0M,-2.3M,-4.7M,2013-01-03 11:00:00
2013-01-03,All Day,USD,Total Vehicle Sales,Non-economic,15.4M,16.0M,16.4M,2013-01-03 00:00:00
2013-01-03,12:45pm,USD,FOMC Member Plosser Speaks,Medium,,,,2013-01-03 12:45:00
2013-01-03,1:15pm,USD,FOMC Member Stein Speaks,Medium,,,,2013-01-03 13:15:00
2013-01-03,2:30pm,USD,Fed Chairman Bernanke Speaks,High,,,,2013-01-03 14:30:00
2013-01-04,10:15am,USD,FOMC Member Dudley Speaks,Medium,,,,2013-01-04 10:15:00
2013-01-04,5:00pm,USD,FOMC Member Plosser Speaks,Medium,,,,2013-01-04 17:00:00
2013-01-05,5:16pm,AUD,AIG Services Index,Non-economic,46.1,,48.9,2013-01-05 17:16:00
2013-01-05,8:45pm,CNY,RatingDog Services PMI,Medium,50.9,,52.5,2013-01-05 20:45:00
2013-01-06,All Day,EUR,Italian Bank Holiday,Low,,,,2013-01-06 00:00:00
2013-01-06,All Day,EUR,German Prelim CPI m/m,Medium,0.4%,0.4%,0.2%,2013-01-06 00:00:00
2013-01-06,3:15am,EUR,Spanish Services PMI,Medium,54.2,51.1,51.5,2013-01-06 03:15:00
2013-01-06,3:45am,EUR,Italian Services PMI,Medium,47.9,48.9,47.2,2013-01-06 03:45:00
2013-01-06,3:50am,EUR,French Final Services PMI,Non-economic,47.8,47.4,47.4,2013-01-06 03:50:00
2013-01-06,3:55am,EUR,German Final Services PMI,Non-economic,53.5,54.0,54.0,2013-01-06 03:55:00
2013-01-06,4:00am,EUR,Final Services PMI,Non-economic,51.0,51.2,51.0,2013-01-06 04:00:00
2013-01-06,4:30am,EUR,Sentix Investor Confidence,Non-economic,11.9,9.7,8.0,2013-01-06 04:30:00
2013-01-06,4:30am,GBP,Final Services PMI,High,58.8,60.4,60.0,2013-01-06 04:30:00
2013-01-06,8:30am,CAD,RMPI m/m,Medium,-4.1%,-1.1%,-3.3%,2013-01-06 08:30:00
2013-01-06,8:30am,CAD,IPPI m/m,Non-economic,0.1%,0.0%,-0.5%,2013-01-06 08:30:00
2013-01-06,9:00am,USD,Final Services PMI,Non-economic,55.7,56.0,56.0,2013-01-06 09:00:00
2013-01-06,10:00am,USD,ISM Services PMI,High,53.0,54.6,53.9,2013-01-06 10:00:00
2013-01-06,10:00am,USD,Factory Orders m/m,Medium,1.8%,1.8%,-0.5%,2013-01-06 10:00:00
2013-01-06,6:00pm,USD,Fed Chair Nomination Vote,High,Pass,Pass,,2013-01-06 18:00:00
2013-01-06,6:50pm,JPY,Monetary Base y/y,Non-economic,46.6%,55.2%,52.5%,2013-01-06 18:50:00
2013-01-06,7:30pm,AUD,Goods Trade Balance,High,-0.12B,-0.30B,-0.36B,2013-01-06 19:30:00
2013-01-06,10:45pm,JPY,10-y Bond Auction,Non-economic,0.72|3.8,,0.65|4.0,2013-01-06 22:45:00
