Date,Time,Currency,Event,Impact,Actual,Forecast,Previous,Combined DateTime
2014-01-01,All Day,CHF,Bank Holiday,Low,,,,2014-01-01 00:00:00
2014-01-01,All Day,EUR,Italian Bank Holiday,Low,,,,2014-01-01 00:00:00
2014-01-01,All Day,EUR,German Bank Holiday,Low,,,,2014-01-01 00:00:00
2014-01-01,All Day,EUR,French Bank Holiday,Low,,,,2014-01-01 00:00:00
2014-01-01,All Day,GBP,Bank Holiday,Low,,,,2014-01-01 00:00:00
2014-01-01,All Day,CAD,Bank Holiday,Low,,,,2014-01-01 00:00:00
2014-01-01,All Day,USD,Bank Holiday,Low,,,,2014-01-01 00:00:00
2014-01-01,All Day,NZD,Bank Holiday,Low,,,,2014-01-01 00:00:00
2014-01-01,5:10pm,AUD,AIG Manufacturing Index,Non-economic,47.6,,47.7,2014-01-01 17:10:00
2014-01-01,All Day,JPY,Bank Holiday,Low,,,,2014-01-01 00:00:00
2014-01-01,All Day,CNY,Bank Holiday,Low,,,,2014-01-01 00:00:00
2014-01-01,8:45pm,CNY,RatingDog Manufacturing PMI,Medium,50.5,50.5,50.5,2014-01-01 20:45:00
2014-01-02,12:30am,AUD,Commodity Prices y/y,Non-economic,-4.0%,,-2.8%,2014-01-02 00:30:00
2014-01-02,All Day,CHF,Bank Holiday,Low,,,,2014-01-02 00:00:00
2014-01-02,3:15am,EUR,Spanish Manufacturing PMI,Medium,50.8,49.9,48.6,2014-01-02 03:15:00
2014-01-02,3:45am,EUR,Italian Manufacturing PMI,Medium,53.3,51.8,51.4,2014-01-02 03:45:00
2014-01-02,3:50am,EUR,French Final Manufacturing PMI,Non-economic,47.0,47.1,47.1,2014-01-02 03:50:00
2014-01-02,3:55am,EUR,German Final Manufacturing PMI,Non-economic,54.3,54.2,54.2,2014-01-02 03:55:00
2014-01-02,4:00am,EUR,Final Manufacturing PMI,Non-economic,52.7,52.7,52.7,2014-01-02 04:00:00
2014-01-02,4:30am,GBP,Final Manufacturing PMI,High,57.3,58.3,58.1,2014-01-02 04:30:00
2014-01-02,8:30am,USD,Unemployment Claims,High,339K,334K,341K,2014-01-02 08:30:00
2014-01-02,9:00am,USD,Final Manufacturing PMI,Non-economic,55.0,54.4,54.4,2014-01-02 09:00:00
2014-01-02,9:30am,CAD,Manufacturing PMI,Non-economic,53.5,,55.3,2014-01-02 09:30:00
2014-01-02,10:00am,USD,ISM Manufacturing PMI,High,57.0,56.8,57.3,2014-01-02 10:00:00
2014-01-02,10:00am,USD,Construction Spending m/m,Non-economic,1.0%,0.7%,0.9%,2014-01-02 10:00:00
2014-01-02,10:00am,USD,ISM Manufacturing Prices,Non-economic,53.5,53.0,52.5,2014-01-02 10:00:00
2014-01-02,All Day,JPY,Bank Holiday,Low,,,,2014-01-02 00:00:00
2014-01-02,8:00pm,CNY,Non-Manufacturing PMI,Medium,54.6,,56.0,2014-01-02 20:00:00
2014-01-03,2:00am,GBP,Nationwide HPI m/m,Medium,1.4%,0.8%,0.7%,2014-01-03 02:00:00
2014-01-03,3:00am,CHF,KOF Economic Barometer,Medium,1.95,1.92,1.85,2014-01-03 03:00:00
2014-01-03,3:00am,EUR,Spanish Flash CPI y/y,Medium,0.2%,0.2%,0.2%,2014-01-03 03:00:00
2014-01-03,3:00am,EUR,Spanish Unemployment Change,Medium,-107.6K,24.3K,-2.5K,2014-01-03 03:00:00
2014-01-03,3:30am,CHF,Manufacturing PMI,Medium,53.9,56.4,56.5,2014-01-03 03:30:00
2014-01-03,4:00am,EUR,M3 Money Supply y/y,Medium,1.5%,1.5%,1.4%,2014-01-03 04:00:00
2014-01-03,4:00am,EUR,Private Loans y/y,Non-economic,-2.3%,-1.9%,-2.2%,2014-01-03 04:00:00
2014-01-03,4:30am,GBP,Construction PMI,High,62.1,62.3,62.6,2014-01-03 04:30:00
2014-01-03,4:30am,GBP,Net Lending to Individuals m/m,Medium,1.5B,2.0B,1.6B,2014-01-03 04:30:00
2014-01-03,4:30am,GBP,M4 Money Supply m/m,Non-economic,0.0%,0.3%,0.1%,2014-01-03 04:30:00
2014-01-03,4:30am,GBP,Mortgage Approvals,Non-economic,71K,70K,68K,2014-01-03 04:30:00
2014-01-03,5:00am,EUR,Italian Prelim CPI m/m,Non-economic,0.2%,0.3%,-0.3%,2014-01-03 05:00:00
2014-01-03,10:30am,USD,Natural Gas Storage,Non-economic,-97B,-125B,-177B,2014-01-03 10:30:00
2014-01-03,11:00am,USD,Crude Oil Inventories,Medium,-7.0M,-2.3M,-4.7M,2014-01-03 11:00:00
2014-01-03,All Day,USD,Total Vehicle Sales,Non-economic,15.4M,16.0M,16.4M,2014-01-03 00:00:00
2014-01-03,12:45pm,USD,FOMC Member Plosser Speaks,Medium,,,,2014-01-03 12:45:00
2014-01-03,1:15pm,USD,FOMC Member Stein Speaks,Medium,,,,2014-01-03 13:15:00
2014-01-03,2:30pm,USD,Fed Chairman Bernanke Speaks,High,,,,2014-01-03 14:30:00
2014-01-04,10:15am,USD,FOMC Member Dudley Speaks,Medium,,,,2014-01-04 10:15:00
2014-01-04,5:00pm,USD,FOMC Member Plosser Speaks,Medium,,,,2014-01-04 17:00:00
2014-01-05,5:16pm,AUD,AIG Services Index,Non-economic,46.1,,48.9,2014-01-05 17:16:00
2014-01-05,8:45pm,CNY,RatingDog Services PMI,Medium,50.9,,52.5,2014-01-05 20:45:00
2014-01-06,All Day,EUR,Italian Bank Holiday,Low,,,,2014-01-06 00:00:00
2014-01-06,All Day,EUR,German Prelim CPI m/m,Medium,0.4%,0.4%,0.2%,2014-01-06 00:00:00
2014-01-06,3:15am,EUR,Spanish Services PMI,Medium,54.2,51.1,51.5,2014-01-06 03:15:00
2014-01-06,3:45am,EUR,Italian Services PMI,Medium,47.9,48.9,47.2,2014-01-06 03:45:00
2014-01-06,3:50am,EUR,French Final Services PMI,Non-economic,47.8,47.4,47.4,2014-01-06 03:50:00
2014-01-06,3:55am,EUR,German Final Services PMI,Non-economic,53.5,54.0,54.0,2014-01-06 03:55:00
2014-01-06,4:00am,EUR,Final Services PMI,Non-economic,51.0,51.2,51.0,2014-01-06 04:00:00
2014-01-06,4:30am,EUR,Sentix Investor Confidence,Non-economic,11.9,9.7,8.0,2014-01-06 04:30:00
2014-01-06,4:30am,GBP,Final Services PMI,High,58.8,60.4,60.0,2014-01-06 04:30:00
2014-01-06,8:30am,CAD,RMPI m/m,Medium,-4.1%,-1.1%,-3.3%,2014-01-06 08:30:00
2014-01-06,8:30am,CAD,IPPI m/m,Non-economic,0.1%,0.0%,-0.5%,2014-01-06 08:30:00
2014-01-06,9:00am,USD,Final Services PMI,Non-economic,55.7,56.0,56.0,2014-01-06 09:00:00
2014-01-06,10:00am,USD,ISM Services PMI,High,53.0,54.6,53.9,2014-01-06 10:00:00
2014-01-06,10:00am,USD,Factory Orders m/m,Medium,1.8%,1.8%,-0.5%,2014-01-06 10:00:00
2014-01-06,6:00pm,USD,Fed Chair Nomination Vote,High,Pass,Pass,,2014-01-06 18:00:00
2014-01-06,6:50pm,JPY,Monetary Base y/y,Non-economic,46.6%,55.2%,52.5%,2014-01-06 18:50:00
2014-01-06,7:30pm,AUD,Goods Trade Balance,High,-0.12B,-0.30B,-0.36B,2014-01-06 19:30:00
2014-01-06,10:45pm,JPY,10-y Bond Auction,Non-economic,0.72|3.8,,0.65|4.0,2014-01-06 22:45:00
2014-01-07,2:00am,EUR,German Retail Sales m/m,Medium,1.5%,0.5%,-0.8%,2014-01-07 02:00:00
2014-01-07,3:00am,CHF,Foreign Currency Reserves,Medium,435B,,436B,2014-01-07 03:00:00
2014-01-07,3:55am,EUR,German Unemployment Change,Medium,-15K,-1K,9K,2014-01-07 03:55:00
2014-01-07,5:00am,EUR,CPI Flash Estimate y/y,High,0.8%,0.9%,0.9%,2014-01-07 05:00:00
2014-01-07,5:00am,EUR,Core CPI Flash Estimate y/y,Medium,0.7%,,0.9%,2014-01-07 05:00:00
2014-01-07,5:00am,EUR,PPI m/m,Non-economic,-0.1%,-0.1%,-0.5%,2014-01-07 05:00:00
2014-01-07,8:30am,CAD,Trade Balance,High,-0.9B,-0.2B,-0.9B,2014-01-07 08:30:00
2014-01-07,8:30am,NZD,GDT Price Index,Non-economic,-0.8%,,0.2%,2014-01-07 08:30:00
2014-01-07,8:30am,USD,Trade Balance,High,-34.3B,-40.2B,-39.3B,2014-01-07 08:30:00
2014-01-07,10:00am,CAD,Ivey PMI,High,46.3,55.0,53.7,2014-01-07 10:00:00
2014-01-07,5:17pm,AUD,AIG Construction Index,Non-economic,50.8,,55.2,2014-01-07 17:17:00
2014-01-07,7:01pm,GBP,BRC Shop Price Index y/y,Non-economic,-0.8%,,-0.3%,2014-01-07 19:01:00
2014-01-08,2:00am,EUR,German Trade Balance,Medium,17.8B,18.9B,16.7B,2014-01-08 02:00:00
2014-01-08,2:59am,GBP,Halifax HPI m/m,Medium,-0.6%,0.6%,0.9%,2014-01-08 02:59:00
2014-01-08,4:00am,EUR,Italian Monthly Unemployment Rate,Non-economic,12.7%,12.6%,12.5%,2014-01-08 04:00:00
2014-01-08,4:30am,GBP,BOE Credit Conditions Survey,Medium,,,,2014-01-08 04:30:00
2014-01-08,5:00am,EUR,Retail Sales m/m,Medium,1.4%,0.2%,-0.4%,2014-01-08 05:00:00
2014-01-08,5:00am,EUR,Unemployment Rate,Medium,12.1%,12.1%,12.1%,2014-01-08 05:00:00
2014-01-08,6:00am,EUR,German Factory Orders m/m,Medium,2.1%,1.2%,-2.1%,2014-01-08 06:00:00
2014-01-08,8:15am,USD,ADP Non-Farm Employment Change,High,238K,199K,229K,2014-01-08 08:15:00
2014-01-08,10:30am,USD,Crude Oil Inventories,Medium,-2.7M,-1.6M,-7.0M,2014-01-08 10:30:00
2014-01-08,1:01pm,USD,10-y Bond Auction,Medium,3.01|2.7,,2.82|2.6,2014-01-08 13:01:00
2014-01-08,2:00pm,USD,FOMC Meeting Minutes,High,,,,2014-01-08 14:00:00
2014-01-08,3:00pm,USD,Consumer Credit m/m,Non-economic,12.3B,14.8B,17.9B,2014-01-08 15:00:00
2014-01-08,4:45pm,NZD,Building Consents m/m,Medium,11.1%,,0.3%,2014-01-08 16:45:00
2014-01-08,7:00pm,NZD,ANZ Commodity Prices m/m,Non-economic,1.0%,,-0.3%,2014-01-08 19:00:00
2014-01-08,7:30pm,AUD,Building Approvals m/m,High,-1.5%,-0.9%,-1.6%,2014-01-08 19:30:00
2014-01-08,7:30pm,AUD,Retail Sales m/m,High,0.7%,0.5%,0.5%,2014-01-08 19:30:00
2014-01-08,8:30pm,CNY,CPI y/y,High,2.5%,2.7%,3.0%,2014-01-08 20:30:00
2014-01-08,8:30pm,CNY,PPI y/y,Medium,-1.4%,-1.2%,-1.4%,2014-01-08 20:30:00
2014-01-09,2:45am,EUR,French Trade Balance,Non-economic,-5.7B,-4.6B,-4.8B,2014-01-09 02:45:00
2014-01-09,4:30am,GBP,Goods Trade Balance,Medium,-9.4B,-9.4B,-9.7B,2014-01-09 04:30:00
2014-01-09,5:01am,EUR,French 10-y Bond Auction,Medium,2.51|1.5,,2.41|2.0,2014-01-09 05:01:00
2014-01-09,6:00am,EUR,German Industrial Production m/m,Medium,1.9%,1.6%,-1.2%,2014-01-09 06:00:00
2014-01-09,7:00am,GBP,Asset Purchase Facility,High,375B,375B,375B,2014-01-09 07:00:00
2014-01-09,7:00am,GBP,Official Bank Rate,High,0.50%,0.50%,0.50%,2014-01-09 07:00:00
2014-01-09,7:30am,USD,Challenger Job Cuts y/y,Non-economic,-5.9%,,-20.6%,2014-01-09 07:30:00
2014-01-09,7:45am,EUR,Main Refinancing Rate,High,0.25%,0.25%,0.25%,2014-01-09 07:45:00
2014-01-09,8:13am,CAD,Housing Starts,Non-economic,190K,196K,198K,2014-01-09 08:13:00
2014-01-09,8:30am,CAD,Building Permits m/m,High,-6.7%,-2.3%,8.0%,2014-01-09 08:30:00
2014-01-09,8:30am,CAD,NHPI m/m,Medium,0.0%,0.2%,0.1%,2014-01-09 08:30:00
2014-01-09,8:30am,EUR,ECB Press Conference,High,,,,2014-01-09 08:30:00
2014-01-09,8:30am,USD,Unemployment Claims,High,330K,337K,345K,2014-01-09 08:30:00
2014-01-09,10:30am,USD,Natural Gas Storage,Non-economic,-157B,-147B,-97B,2014-01-09 10:30:00
2014-01-09,1:01pm,USD,30-y Bond Auction,Non-economic,3.90|2.6,,3.90|2.3,2014-01-09 13:01:00
2014-01-09,7:00pm,AUD,HIA New Home Sales m/m,Medium,7.5%,,-3.8%,2014-01-09 19:00:00
2014-01-09,7:01pm,GBP,BRC Retail Sales Monitor y/y,Medium,0.4%,,0.6%,2014-01-09 19:01:00
2014-01-09,9:00pm,CNY,USD-Denominated Trade Balance,High,25.6B,32.6B,33.8B,2014-01-09 21:00:00
2014-01-10,12:00am,JPY,Leading Indicators,Non-economic,110.8%,110.9%,109.8%,2014-01-10 00:00:00
2014-01-10,1:45am,CHF,Unemployment Rate,Non-economic,3.2%,3.2%,3.2%,2014-01-10 01:45:00
2014-01-10,2:45am,EUR,French Industrial Production m/m,Medium,1.3%,0.6%,-0.5%,2014-01-10 02:45:00
2014-01-10,3:15am,CHF,CPI m/m,High,-0.2%,-0.1%,0.0%,2014-01-10 03:15:00
2014-01-10,4:30am,GBP,Manufacturing Production m/m,High,0.0%,0.4%,0.2%,2014-01-10 04:30:00
2014-01-10,4:30am,GBP,Construction Output m/m,Non-economic,-4.0%,0.9%,2.0%,2014-01-10 04:30:00
2014-01-10,4:30am,GBP,Industrial Production m/m,Non-economic,0.0%,0.4%,0.3%,2014-01-10 04:30:00
2014-01-10,5:00am,EUR,Final GDP q/q,Non-economic,0.1%,0.1%,0.1%,2014-01-10 05:00:00
2014-01-10,8:30am,CAD,Employment Change,High,-45.9K,14.4K,21.6K,2014-01-10 08:30:00
2014-01-10,8:30am,CAD,Unemployment Rate,High,7.2%,6.9%,6.9%,2014-01-10 08:30:00
2014-01-10,8:30am,USD,Non-Farm Employment Change,High,74K,196K,241K,2014-01-10 08:30:00
2014-01-10,8:30am,USD,Unemployment Rate,High,6.7%,7.0%,7.0%,2014-01-10 08:30:00
2014-01-10,8:30am,USD,Average Hourly Earnings m/m,Medium,0.1%,0.2%,0.2%,2014-01-10 08:30:00
2014-01-10,10:00am,GBP,NIESR GDP Estimate,Medium,0.7%,,0.8%,2014-01-10 10:00:00
2014-01-10,10:00am,USD,Final Wholesale Inventories m/m,Non-economic,0.5%,0.4%,1.3%,2014-01-10 10:00:00
2014-01-10,10:00am,USD,RCM/TIPP Economic Optimism,Non-economic,45.2,45.3,43.1,2014-01-10 10:00:00
2014-01-12,All Day,JPY,Bank Holiday,Low,,,,2014-01-12 00:00:00
2014-01-12,7:30pm,AUD,ANZ Job Advertisements m/m,Medium,-0.7%,,-0.9%,2014-01-12 19:30:00
2014-01-12,7:30pm,AUD,Home Loans m/m,Medium,1.1%,1.1%,1.1%,2014-01-12 19:30:00
2014-01-13,4:00am,EUR,Italian Industrial Production m/m,Non-economic,0.3%,0.6%,0.7%,2014-01-13 04:00:00
2014-01-13,10:30am,CAD,BOC Business Outlook Survey,Medium,,,,2014-01-13 10:30:00
2014-01-13,2:00pm,USD,Federal Budget Balance,Medium,53.2B,44.3B,-135.2B,2014-01-13 14:00:00
2014-01-13,4:00pm,NZD,NZIER Business Confidence,High,52,,38,2014-01-13 16:00:00
2014-01-13,6:50pm,JPY,Current Account,Medium,-0.05T,-0.02T,-0.06T,2014-01-13 18:50:00
2014-01-13,6:50pm,JPY,Bank Lending y/y,Non-economic,2.3%,,2.2%,2014-01-13 18:50:00
2014-01-14,12:00am,JPY,Economy Watchers Sentiment,Non-economic,55.7,54.2,53.5,2014-01-14 00:00:00
2014-01-14,2:00am,EUR,German WPI m/m,Non-economic,0.4%,0.4%,-0.2%,2014-01-14 02:00:00
2014-01-14,2:45am,EUR,French Final CPI m/m,Non-economic,0.3%,0.4%,0.0%,2014-01-14 02:45:00
2014-01-14,4:30am,GBP,CPI y/y,High,2.0%,2.1%,2.1%,2014-01-14 04:30:00
2014-01-14,4:30am,GBP,PPI Input m/m,Medium,0.1%,-0.2%,-0.7%,2014-01-14 04:30:00
2014-01-14,4:30am,GBP,RPI y/y,Medium,2.7%,2.7%,2.6%,2014-01-14 04:30:00
2014-01-14,4:30am,GBP,Core CPI y/y,Non-economic,1.7%,1.8%,1.8%,2014-01-14 04:30:00
2014-01-14,4:30am,GBP,ONS HPI y/y,Non-economic,5.4%,5.9%,5.5%,2014-01-14 04:30:00
2014-01-14,4:30am,GBP,PPI Output m/m,Non-economic,0.0%,0.2%,-0.2%,2014-01-14 04:30:00
2014-01-14,5:00am,EUR,Industrial Production m/m,Medium,1.8%,1.6%,-0.8%,2014-01-14 05:00:00
2014-01-14,7:30am,USD,NFIB Small Business Index,Non-economic,93.9,93.2,92.5,2014-01-14 07:30:00
2014-01-14,8:30am,USD,Core Retail Sales m/m,High,0.7%,0.4%,0.1%,2014-01-14 08:30:00
2014-01-14,8:30am,USD,Retail Sales m/m,High,0.2%,0.2%,0.4%,2014-01-14 08:30:00
2014-01-14,8:30am,USD,Import Prices m/m,Medium,0.0%,0.3%,-0.9%,2014-01-14 08:30:00
2014-01-14,10:00am,USD,Business Inventories m/m,Medium,0.4%,0.4%,0.8%,2014-01-14 10:00:00
2014-01-14,12:45pm,USD,FOMC Member Plosser Speaks,Medium,,,,2014-01-14 12:45:00
2014-01-14,1:20pm,USD,FOMC Member Fisher Speaks,Medium,,,,2014-01-14 13:20:00
2014-01-14,4:48pm,NZD,FPI m/m,Non-economic,-0.1%,,-0.2%,2014-01-14 16:48:00
2014-01-14,6:50pm,JPY,M2 Money Stock y/y,Non-economic,4.2%,4.5%,4.4%,2014-01-14 18:50:00
2014-01-14,7:30pm,AUD,New Motor Vehicle Sales m/m,Medium,1.7%,,2.1%,2014-01-14 19:30:00
2014-01-14,9:11pm,CNY,New Loans,Medium,483B,589B,625B,2014-01-14 21:11:00
2014-01-14,9:11pm,CNY,M2 Money Supply y/y,Non-economic,13.6%,13.9%,14.2%,2014-01-14 21:11:00
2014-01-14,10:45pm,JPY,30-y Bond Auction,Non-economic,1.67|3.3,,1.70|4.2,2014-01-14 22:45:00
2014-01-15,12:59am,JPY,Prelim Machine Tool Orders y/y,Non-economic,28.0%,,15.4%,2014-01-15 00:59:00
2014-01-15,3:15am,CHF,Retail Sales y/y,Medium,4.2%,2.3%,1.6%,2014-01-15 03:15:00
2014-01-15,5:00am,EUR,Trade Balance,Non-economic,16.0B,16.7B,14.3B,2014-01-15 05:00:00
2014-01-15,5:00am,GBP,CB Leading Index m/m,Non-economic,0.5%,,0.4%,2014-01-15 05:00:00
2014-01-15,8:30am,USD,PPI m/m,High,0.4%,0.5%,-0.1%,2014-01-15 08:30:00
2014-01-15,8:30am,USD,Core PPI m/m,Medium,0.3%,0.1%,0.1%,2014-01-15 08:30:00
2014-01-15,8:30am,USD,Empire State Manufacturing Index,Medium,12.5,3.2,1.0,2014-01-15 08:30:00
2014-01-15,9:15am,GBP,BOE Gov Carney Speaks,High,,,,2014-01-15 09:15:00
2014-01-15,10:30am,USD,Crude Oil Inventories,Medium,-7.7M,-0.7M,-2.7M,2014-01-15 10:30:00
2014-01-15,2:00pm,USD,Beige Book,Medium,,,,2014-01-15 14:00:00
2014-01-15,6:50pm,JPY,Core Machinery Orders m/m,Medium,9.3%,1.2%,0.6%,2014-01-15 18:50:00
2014-01-15,6:50pm,JPY,Tertiary Industry Activity m/m,Medium,0.6%,0.8%,-0.9%,2014-01-15 18:50:00
2014-01-15,6:50pm,JPY,PPI y/y,Non-economic,2.5%,2.7%,2.6%,2014-01-15 18:50:00
2014-01-15,7:01pm,GBP,RICS House Price Balance,Non-economic,56%,59%,58%,2014-01-15 19:01:00
2014-01-15,7:30pm,AUD,Employment Change,High,-22.6K,10.3K,15.4K,2014-01-15 19:30:00
2014-01-15,7:30pm,AUD,Unemployment Rate,High,5.8%,5.8%,5.8%,2014-01-15 19:30:00
2014-01-15,9:18pm,CNY,Foreign Direct Investment ytd/y,Non-economic,5.3%,,5.5%,2014-01-15 21:18:00
2014-01-16,2:00am,EUR,German Final CPI m/m,Non-economic,0.4%,0.4%,0.4%,2014-01-16 02:00:00
2014-01-16,4:00am,EUR,ECB Monthly Bulletin,Medium,,,,2014-01-16 04:00:00
2014-01-16,4:00am,EUR,Italian Trade Balance,Non-economic,3.09B,3.88B,4.06B,2014-01-16 04:00:00
2014-01-16,5:00am,EUR,German Buba President Weidmann Speaks,Medium,,,,2014-01-16 05:00:00
2014-01-16,5:00am,EUR,Final CPI y/y,Medium,0.8%,0.8%,0.8%,2014-01-16 05:00:00
2014-01-16,5:00am,EUR,Final Core CPI y/y,Non-economic,0.7%,0.9%,0.7%,2014-01-16 05:00:00
2014-01-16,5:35am,GBP,30-y Bond Auction,Non-economic,3.59|1.9,,3.61|1.7,2014-01-16 05:35:00
2014-01-16,8:30am,CAD,Foreign Securities Purchases,Medium,8.66B,7.21B,4.44B,2014-01-16 08:30:00
2014-01-16,8:30am,USD,Core CPI m/m,High,0.1%,0.1%,0.2%,2014-01-16 08:30:00
2014-01-16,8:30am,USD,CPI y/y,High,1.5%,1.5%,1.2%,2014-01-16 08:30:00
2014-01-16,8:30am,USD,Unemployment Claims,High,326K,327K,328K,2014-01-16 08:30:00
2014-01-16,8:30am,USD,CPI m/m,Medium,0.3%,0.3%,0.0%,2014-01-16 08:30:00
2014-01-16,8:30am,USD,Treasury Sec Lew Speaks,Medium,,,,2014-01-16 08:30:00
2014-01-16,9:00am,USD,TIC Long-Term Purchases,Medium,-29.3B,42.3B,28.7B,2014-01-16 09:00:00
2014-01-16,10:00am,USD,Philly Fed Manufacturing Index,High,9.4,8.8,7.0,2014-01-16 10:00:00
2014-01-16,10:00am,USD,NAHB Housing Market Index,Medium,56,58,57,2014-01-16 10:00:00
2014-01-16,10:30am,USD,Natural Gas Storage,Non-economic,-287B,-296B,-157B,2014-01-16 10:30:00
2014-01-16,11:10am,USD,Fed Chairman Bernanke Speaks,High,,,,2014-01-16 11:10:00
2014-01-16,12:00pm,CHF,SNB Chairman Jordan Speaks,High,,,,2014-01-16 12:00:00
2014-01-17,12:00am,JPY,Consumer Confidence,Non-economic,41.3,43.4,42.5,2014-01-17 00:00:00
2014-01-17,2:45am,EUR,French Gov Budget Balance,Non-economic,-87.0B,,-86.0B,2014-01-17 02:45:00
2014-01-17,3:15am,CHF,PPI m/m,Medium,0.0%,0.2%,-0.1%,2014-01-17 03:15:00
2014-01-17,4:30am,GBP,Retail Sales m/m,High,2.6%,0.5%,0.1%,2014-01-17 04:30:00
2014-01-17,7:15am,GBP,MPC Member Broadbent Speaks,Medium,,,,2014-01-17 07:15:00
2014-01-17,8:30am,USD,Building Permits,High,0.99M,1.01M,1.02M,2014-01-17 08:30:00
2014-01-17,8:30am,USD,Housing Starts,Medium,1.00M,0.99M,1.11M,2014-01-17 08:30:00
2014-01-17,9:15am,USD,Capacity Utilization Rate,Medium,79.2%,79.2%,79.1%,2014-01-17 09:15:00
2014-01-17,9:15am,USD,Industrial Production m/m,Medium,0.3%,0.4%,1.0%,2014-01-17 09:15:00
2014-01-17,9:55am,USD,Prelim UoM Consumer Sentiment,High,80.4,83.4,82.5,2014-01-17 09:55:00
2014-01-17,9:55am,USD,Prelim UoM Inflation Expectations,Non-economic,3.0%,,3.0%,2014-01-17 09:55:00
2014-01-17,10:00am,USD,JOLTS Job Openings,High,4.00M,3.97M,3.93M,2014-01-17 10:00:00
2014-01-19,6:20pm,GBP,Rightmove HPI m/m,Non-economic,1.0%,,-1.9%,2014-01-19 18:20:00
2014-01-19,6:30pm,AUD,MI Inflation Gauge m/m,Non-economic,0.7%,,0.2%,2014-01-19 18:30:00
2014-01-19,9:00pm,CNY,GDP q/y,High,7.7%,7.6%,7.8%,2014-01-19 21:00:00
2014-01-19,9:00pm,CNY,Fixed Asset Investment ytd/y,Medium,19.6%,19.9%,19.9%,2014-01-19 21:00:00
2014-01-19,9:00pm,CNY,Industrial Production y/y,Medium,9.7%,9.8%,10.0%,2014-01-19 21:00:00
2014-01-19,9:00pm,CNY,NBS Press Conference,Medium,,,,2014-01-19 21:00:00
2014-01-19,9:00pm,CNY,Retail Sales y/y,Non-economic,13.6%,13.6%,13.7%,2014-01-19 21:00:00
2014-01-19,10:03pm,NZD,REINZ HPI m/m,Non-economic,-1.0%,,1.2%,2014-01-19 22:03:00
2014-01-19,11:30pm,JPY,Revised Industrial Production m/m,Non-economic,-0.1%,0.1%,0.1%,2014-01-19 23:30:00
2014-01-20,2:00am,EUR,German PPI m/m,Medium,0.1%,0.2%,-0.1%,2014-01-20 02:00:00
2014-01-20,All Day,USD,Bank Holiday,Low,,,,2014-01-20 00:00:00
2014-01-20,4:45pm,NZD,CPI q/q,High,0.1%,0.0%,0.9%,2014-01-20 16:45:00
2014-01-21,5:00am,EUR,German ZEW Economic Sentiment,High,61.7,63.4,62.0,2014-01-21 05:00:00
2014-01-21,5:00am,EUR,ZEW Economic Sentiment,Medium,73.3,70.2,68.3,2014-01-21 05:00:00
2014-01-21,6:00am,GBP,CBI Industrial Order Expectations,Medium,-2,10,12,2014-01-21 06:00:00
2014-01-21,8:30am,CAD,Manufacturing Sales m/m,High,1.0%,0.3%,0.7%,2014-01-21 08:30:00
2014-01-21,8:30am,CAD,Wholesale Sales m/m,Medium,0.0%,0.3%,1.2%,2014-01-21 08:30:00
2014-01-21,8:30am,NZD,GDT Price Index,Non-economic,1.4%,,-0.8%,2014-01-21 08:30:00
2014-01-21,6:30pm,AUD,Westpac Consumer Sentiment,Medium,-1.7%,,-4.8%,2014-01-21 18:30:00
2014-01-21,7:30pm,AUD,CPI m/m,High,0.8%,0.5%,1.2%,2014-01-21 19:30:00
2014-01-21,7:30pm,AUD,Trimmed Mean CPI m/m,Medium,0.9%,0.6%,0.7%,2014-01-21 19:30:00
2014-01-21,10:20pm,JPY,Monetary Policy Statement,High,,,,2014-01-21 22:20:00
2014-01-21,11:33pm,JPY,All Industries Activity m/m,Non-economic,0.3%,0.4%,-0.4%,2014-01-21 23:33:00
2014-01-22,2:22am,JPY,BOJ Press Conference,High,,,,2014-01-22 02:22:00
2014-01-22,Day 1,All,WEF Annual Meetings,Medium,,,,2014-01-22 00:00:00
2014-01-22,4:30am,GBP,Claimant Count Change,High,-24.0K,-33.8K,-34.3K,2014-01-22 04:30:00
2014-01-22,4:30am,GBP,MPC Asset Purchase Facility Votes,High,0-0-9,0-0-9,0-0-9,2014-01-22 04:30:00
2014-01-22,4:30am,GBP,MPC Official Bank Rate Votes,High,0-0-9,0-0-9,0-0-9,2014-01-22 04:30:00
2014-01-22,4:30am,GBP,Unemployment Rate,High,7.1%,7.3%,7.4%,2014-01-22 04:30:00
2014-01-22,4:30am,GBP,Average Earnings Index 3m/y,Medium,0.9%,1.1%,0.9%,2014-01-22 04:30:00
2014-01-22,4:30am,GBP,Public Sector Net Borrowing,Medium,10.4B,12.1B,15.1B,2014-01-22 04:30:00
2014-01-22,5:00am,CHF,UBS Economic Expectations,Medium,36.4,,39.4,2014-01-22 05:00:00
2014-01-22,10:00am,CAD,BOC Monetary Policy Report,High,,,,2014-01-22 10:00:00
2014-01-22,10:00am,CAD,BOC Rate Statement,High,,,,2014-01-22 10:00:00
2014-01-22,10:00am,CAD,Overnight Rate,Medium,1.00%,1.00%,1.00%,2014-01-22 10:00:00
2014-01-22,11:15am,CAD,BOC Press Conference,High,,,,2014-01-22 11:15:00
2014-01-22,1:00pm,GBP,MPC Member McCafferty Speaks,Medium,,,,2014-01-22 13:00:00
2014-01-22,4:33pm,NZD,BusinessNZ Manufacturing Index,Medium,56.4,,57.0,2014-01-22 16:33:00
2014-01-22,7:00pm,AUD,MI Inflation Expectations,Medium,2.3%,,2.1%,2014-01-22 19:00:00
2014-01-22,8:45pm,CNY,Caixin Flash Manufacturing PMI,High,49.6,50.6,50.5,2014-01-22 20:45:00
2014-01-22,9:00pm,CNY,CB Leading Index m/m,Non-economic,0.4%,,1.3%,2014-01-22 21:00:00
2014-01-23,12:00am,JPY,BOJ Monthly Report,Non-economic,,,,2014-01-23 00:00:00
2014-01-23,3:00am,EUR,French Flash Manufacturing PMI,High,48.8,47.6,47.0,2014-01-23 03:00:00
2014-01-23,3:00am,EUR,French Flash Services PMI,Medium,48.6,48.2,47.8,2014-01-23 03:00:00
2014-01-23,3:00am,EUR,Spanish Unemployment Rate,Medium,26.0%,26.0%,26.0%,2014-01-23 03:00:00
2014-01-23,3:30am,EUR,German Flash Manufacturing PMI,High,56.3,54.7,54.3,2014-01-23 03:30:00
2014-01-23,3:30am,EUR,German Flash Services PMI,Medium,53.6,54.1,53.5,2014-01-23 03:30:00
2014-01-23,4:00am,EUR,Current Account,Medium,23.5B,19.2B,22.2B,2014-01-23 04:00:00
2014-01-23,4:00am,EUR,Flash Manufacturing PMI,Medium,53.9,53.2,52.7,2014-01-23 04:00:00
2014-01-23,4:00am,EUR,Flash Services PMI,Medium,51.9,51.5,51.0,2014-01-23 04:00:00
2014-01-23,4:00am,GBP,MPC Member Fisher Speaks,Medium,,,,2014-01-23 04:00:00
2014-01-23,Day 2,All,WEF Annual Meetings,Medium,,,,2014-01-23 00:00:00
2014-01-23,5:34am,GBP,10-y Bond Auction,Non-economic,2.87|1.7,,2.73|1.8,2014-01-23 05:34:00
2014-01-23,6:00am,GBP,CBI Realized Sales,High,14,28,34,2014-01-23 06:00:00
2014-01-23,8:30am,CAD,Core Retail Sales m/m,High,0.4%,0.3%,0.5%,2014-01-23 08:30:00
2014-01-23,8:30am,CAD,Retail Sales m/m,Medium,0.6%,0.3%,-0.1%,2014-01-23 08:30:00
2014-01-23,8:30am,USD,Unemployment Claims,High,326K,331K,325K,2014-01-23 08:30:00
2014-01-23,9:00am,USD,Flash Manufacturing PMI,Medium,53.7,55.2,54.4,2014-01-23 09:00:00
2014-01-23,9:00am,USD,HPI m/m,Non-economic,0.1%,0.4%,0.5%,2014-01-23 09:00:00
2014-01-23,10:00am,EUR,Consumer Confidence,Non-economic,-12,-13,-14,2014-01-23 10:00:00
2014-01-23,10:00am,USD,Existing Home Sales,High,4.87M,4.94M,4.82M,2014-01-23 10:00:00
2014-01-23,10:00am,USD,CB Leading Index m/m,Non-economic,0.1%,0.2%,1.0%,2014-01-23 10:00:00
2014-01-23,10:30am,USD,Natural Gas Storage,Non-economic,-107B,-112B,-287B,2014-01-23 10:30:00
2014-01-23,11:00am,USD,Crude Oil Inventories,Medium,1.0M,0.7M,-7.7M,2014-01-23 11:00:00
2014-01-23,9:10pm,NZD,Credit Card Spending y/y,Non-economic,4.7%,,6.9%,2014-01-23 21:10:00
2014-01-24,4:00am,EUR,Italian Retail Sales m/m,Non-economic,0.0%,0.4%,-0.1%,2014-01-24 04:00:00
2014-01-24,Day 3,All,WEF Annual Meetings,Medium,,,,2014-01-24 00:00:00
2014-01-24,4:30am,GBP,High Street Lending,Medium,46.5K,47.2K,45.4K,2014-01-24 04:30:00
2014-01-24,7:05am,GBP,BOE Gov Carney Speaks,High,,,,2014-01-24 07:05:00
2014-01-24,8:30am,CAD,Core CPI m/m,High,-0.4%,-0.4%,-0.1%,2014-01-24 08:30:00
2014-01-24,8:30am,CAD,CPI m/m,Medium,-0.2%,-0.2%,0.0%,2014-01-24 08:30:00
2014-01-24,9:00am,EUR,Belgian NBB Business Climate,Medium,-5.6,-4.4,-6.4,2014-01-24 09:00:00
2014-01-24,12:00pm,EUR,ECB President Draghi Speaks,High,,,,2014-01-24 12:00:00
2014-01-25,Day 4,All,WEF Annual Meetings,Medium,,,,2014-01-25 00:00:00
2014-01-26,All Day,AUD,Bank Holiday,Low,,,,2014-01-26 00:00:00
2014-01-26,4:30pm,NZD,BusinessNZ Services Index,Non-economic,57.5,,56.1,2014-01-26 16:30:00
2014-01-26,6:50pm,JPY,Monetary Policy Meeting Minutes,Medium,,,,2014-01-26 18:50:00
2014-01-26,6:50pm,JPY,Trade Balance,Medium,-1.15T,-1.33T,-1.29T,2014-01-26 18:50:00
2014-01-27,4:00am,EUR,German ifo Business Climate,High,110.6,110.2,109.5,2014-01-27 04:00:00
2014-01-27,All Day,EUR,Eurogroup Meetings,Medium,,,,2014-01-27 00:00:00
2014-01-27,6:00am,EUR,German Buba Monthly Report,Medium,,,,2014-01-27 06:00:00
2014-01-27,9:00am,USD,Flash Services PMI,Non-economic,56.6,56.2,55.7,2014-01-27 09:00:00
2014-01-27,10:00am,USD,New Home Sales,High,414K,457K,445K,2014-01-27 10:00:00
2014-01-27,1:00pm,EUR,German Buba President Weidmann Speaks,Medium,,,,2014-01-27 13:00:00
2014-01-27,6:00pm,AUD,CB Leading Index m/m,Medium,0.2%,,0.5%,2014-01-27 18:00:00
2014-01-27,6:50pm,JPY,SPPI y/y,Non-economic,1.3%,1.1%,1.2%,2014-01-27 18:50:00
2014-01-27,7:30pm,AUD,NAB Business Confidence,High,6,,6,2014-01-27 19:30:00
2014-01-28,2:00am,EUR,German Import Prices m/m,Non-economic,0.0%,0.3%,0.1%,2014-01-28 02:00:00
2014-01-28,4:30am,GBP,Prelim GDP q/q,High,0.7%,0.7%,0.8%,2014-01-28 04:30:00
2014-01-28,4:30am,GBP,Index of Services 3m/3m,Non-economic,0.8%,0.7%,0.8%,2014-01-28 04:30:00
2014-01-28,All Day,EUR,ECOFIN Meetings,Medium,,,,2014-01-28 00:00:00
2014-01-28,8:30am,USD,Core Durable Goods Orders m/m,High,-1.6%,0.7%,2.4%,2014-01-28 08:30:00
2014-01-28,8:30am,USD,Durable Goods Orders m/m,Medium,-4.3%,1.9%,3.4%,2014-01-28 08:30:00
2014-01-28,9:00am,USD,S&P/CS Composite-20 HPI y/y,Medium,13.7%,13.7%,13.6%,2014-01-28 09:00:00
2014-01-28,9:59am,USD,Richmond Manufacturing Index,Non-economic,12,13,13,2014-01-28 09:59:00
2014-01-28,10:00am,USD,CB Consumer Confidence,High,80.7,78.3,77.5,2014-01-28 10:00:00
2014-01-28,6:30pm,AUD,MI Leading Index m/m,Non-economic,0.1%,,-0.1%,2014-01-28 18:30:00
2014-01-28,9:00pm,USD,President Obama Speaks,Non-economic,,,,2014-01-28 21:00:00
2014-01-29,2:00am,CHF,UBS Consumption Indicator,Non-economic,1.81,,1.40,2014-01-29 02:00:00
2014-01-29,2:00am,EUR,German GfK Consumer Climate,Medium,8.2,7.8,7.7,2014-01-29 02:00:00
2014-01-29,2:00am,GBP,Nationwide HPI m/m,Medium,0.7%,0.7%,1.4%,2014-01-29 02:00:00
2014-01-29,4:00am,EUR,M3 Money Supply y/y,Medium,1.0%,1.7%,1.5%,2014-01-29 04:00:00
2014-01-29,4:00am,EUR,Private Loans y/y,Non-economic,-2.3%,-2.3%,-2.3%,2014-01-29 04:00:00
2014-01-29,5:33am,EUR,German 10-y Bond Auction,Medium,1.77|1.8,,1.69|1.7,2014-01-29 05:33:00
2014-01-29,8:15am,GBP,BOE Gov Carney Speaks,High,,,,2014-01-29 08:15:00
2014-01-29,10:30am,USD,Crude Oil Inventories,Medium,6.4M,2.2M,1.0M,2014-01-29 10:30:00
2014-01-29,2:00pm,USD,FOMC Statement,High,,,,2014-01-29 14:00:00
2014-01-29,2:00pm,USD,Federal Funds Rate,Medium,<0.25%,<0.25%,<0.25%,2014-01-29 14:00:00
2014-01-29,3:00pm,NZD,Official Cash Rate,High,2.50%,2.50%,2.50%,2014-01-29 15:00:00
2014-01-29,3:00pm,NZD,RBNZ Rate Statement,High,,,,2014-01-29 15:00:00
2014-01-29,4:45pm,NZD,Building Consents m/m,Medium,7.6%,,12.5%,2014-01-29 16:45:00
2014-01-29,4:45pm,NZD,Visitor Arrivals m/m,Non-economic,0.2%,,3.3%,2014-01-29 16:45:00
2014-01-29,6:50pm,JPY,Retail Sales y/y,Medium,2.6%,3.9%,4.1%,2014-01-29 18:50:00
2014-01-29,7:00pm,AUD,HIA New Home Sales m/m,Medium,-0.4%,,7.5%,2014-01-29 19:00:00
2014-01-29,7:30pm,AUD,Import Prices q/q,Medium,-0.6%,1.5%,6.1%,2014-01-29 19:30:00
2014-01-29,8:45pm,CNY,RatingDog Manufacturing PMI,Medium,49.5,49.6,49.6,2014-01-29 20:45:00
2014-01-30,All Day,EUR,German Prelim CPI m/m,Medium,-0.6%,-0.4%,0.4%,2014-01-30 00:00:00
2014-01-30,3:00am,CHF,KOF Economic Barometer,Medium,1.98,2.02,1.95,2014-01-30 03:00:00
2014-01-30,3:00am,EUR,Spanish Flash GDP q/q,Medium,0.3%,0.3%,0.1%,2014-01-30 03:00:00
2014-01-30,3:55am,EUR,German Unemployment Change,Medium,-28K,-5K,-19K,2014-01-30 03:55:00
2014-01-30,4:30am,GBP,Net Lending to Individuals m/m,Medium,2.3B,1.9B,1.8B,2014-01-30 04:30:00
2014-01-30,4:30am,GBP,M4 Money Supply m/m,Non-economic,-1.4%,0.3%,0.1%,2014-01-30 04:30:00
2014-01-30,4:30am,GBP,Mortgage Approvals,Non-economic,72K,73K,71K,2014-01-30 04:30:00
2014-01-30,5:16am,EUR,Italian 10-y Bond Auction,Medium,3.81|1.3,,4.11|1.3,2014-01-30 05:16:00
2014-01-30,8:30am,USD,Advance GDP q/q,High,3.2%,3.3%,4.1%,2014-01-30 08:30:00
2014-01-30,8:30am,USD,Unemployment Claims,High,348K,331K,329K,2014-01-30 08:30:00
2014-01-30,8:30am,USD,Advance GDP Price Index q/q,Medium,1.3%,1.2%,2.0%,2014-01-30 08:30:00
2014-01-30,10:00am,USD,Pending Home Sales m/m,High,-8.7%,-0.1%,-0.3%,2014-01-30 10:00:00
2014-01-30,10:30am,USD,Natural Gas Storage,Non-economic,-230B,-225B,-107B,2014-01-30 10:30:00
2014-01-30,4:45pm,NZD,Trade Balance,High,523M,550M,183M,2014-01-30 16:45:00
2014-01-30,6:00pm,NZD,RBNZ Gov Wheeler Speaks,High,,,,2014-01-30 18:00:00
2014-01-30,6:15pm,JPY,Final Manufacturing PMI,Non-economic,56.6,,55.2,2014-01-30 18:15:00
2014-01-30,6:30pm,JPY,Household Spending y/y,Medium,0.7%,1.2%,0.2%,2014-01-30 18:30:00
2014-01-30,6:30pm,JPY,Tokyo Core CPI y/y,Medium,0.7%,0.7%,0.7%,2014-01-30 18:30:00
2014-01-30,6:30pm,JPY,National Core CPI y/y,Non-economic,1.3%,1.2%,1.2%,2014-01-30 18:30:00
2014-01-30,6:30pm,JPY,Unemployment Rate,Non-economic,3.7%,3.9%,4.0%,2014-01-30 18:30:00
2014-01-30,6:50pm,JPY,Prelim Industrial Production m/m,Medium,1.1%,1.3%,-0.1%,2014-01-30 18:50:00
2014-01-30,6:58pm,GBP,GfK Consumer Confidence,Non-economic,-7,-12,-13,2014-01-30 18:58:00
2014-01-30,All Day,CNY,Bank Holiday,Low,,,,2014-01-30 00:00:00
2014-01-30,7:30pm,AUD,PPI q/q,High,0.2%,0.7%,1.3%,2014-01-30 19:30:00
2014-01-30,7:30pm,AUD,Private Sector Credit m/m,Medium,0.5%,0.4%,0.3%,2014-01-30 19:30:00
2014-01-31,12:00am,JPY,Housing Starts y/y,Non-economic,18.0%,13.9%,14.1%,2014-01-31 00:00:00
2014-01-31,2:00am,EUR,German Retail Sales m/m,Medium,-2.5%,0.2%,0.9%,2014-01-31 02:00:00
2014-01-31,2:45am,EUR,French Consumer Spending m/m,Medium,-0.1%,-0.2%,1.4%,2014-01-31 02:45:00
2014-01-31,3:00am,EUR,Spanish Flash CPI y/y,Medium,0.2%,0.2%,0.3%,2014-01-31 03:00:00
2014-01-31,4:00am,EUR,Italian Monthly Unemployment Rate,Non-economic,12.7%,12.7%,12.8%,2014-01-31 04:00:00
2014-01-31,5:00am,EUR,CPI Flash Estimate y/y,High,0.7%,0.9%,0.8%,2014-01-31 05:00:00
2014-01-31,5:00am,EUR,Core CPI Flash Estimate y/y,Medium,0.8%,,0.7%,2014-01-31 05:00:00
2014-01-31,5:00am,EUR,Unemployment Rate,Medium,12.0%,12.1%,12.0%,2014-01-31 05:00:00
2014-01-31,8:30am,CAD,GDP m/m,High,0.2%,0.2%,0.3%,2014-01-31 08:30:00
2014-01-31,8:30am,USD,Core PCE Price Index m/m,Medium,0.1%,0.1%,0.1%,2014-01-31 08:30:00
2014-01-31,8:30am,USD,Employment Cost Index q/q,Medium,0.5%,0.4%,0.4%,2014-01-31 08:30:00
2014-01-31,8:30am,USD,Personal Spending m/m,Medium,0.4%,0.2%,0.6%,2014-01-31 08:30:00
2014-01-31,8:30am,USD,Personal Income m/m,Non-economic,0.0%,0.2%,0.2%,2014-01-31 08:30:00
2014-01-31,9:45am,USD,Chicago PMI,Medium,59.6,59.8,59.1,2014-01-31 09:45:00
2014-01-31,9:55am,USD,Revised UoM Consumer Sentiment,Medium,81.2,81.1,80.4,2014-01-31 09:55:00
2014-01-31,9:55am,USD,Revised UoM Inflation Expectations,Non-economic,3.1%,,3.0%,2014-01-31 09:55:00
2014-01-31,1:15pm,USD,FOMC Member Fisher Speaks,Medium,,,,2014-01-31 13:15:00
2014-01-31,8:00pm,CNY,Manufacturing PMI,High,50.5,50.6,51.0,2014-01-31 20:00:00
2014-02-02,5:23pm,AUD,AIG Manufacturing Index,Non-economic,46.7,,47.6,2014-02-02 17:23:00
2014-02-02,6:30pm,AUD,MI Inflation Gauge m/m,Non-economic,0.1%,,0.7%,2014-02-02 18:30:00
2014-02-02,All Day,CNY,Bank Holiday,Low,,,,2014-02-02 00:00:00
2014-02-02,7:30pm,AUD,Building Approvals m/m,High,-2.9%,-0.3%,-0.3%,2014-02-02 19:30:00
2014-02-02,7:30pm,AUD,ANZ Job Advertisements m/m,Medium,-0.3%,,-0.8%,2014-02-02 19:30:00
2014-02-02,7:49pm,CNY,Non-Manufacturing PMI,Medium,53.4,,54.6,2014-02-02 19:49:00
2014-02-03,12:30am,AUD,Commodity Prices y/y,Non-economic,-9.9%,,-3.6%,2014-02-03 00:30:00
2014-02-03,3:15am,EUR,Spanish Manufacturing PMI,Medium,52.2,51.3,50.8,2014-02-03 03:15:00
2014-02-03,3:30am,CHF,Manufacturing PMI,Medium,56.1,55.1,53.9,2014-02-03 03:30:00
2014-02-03,3:45am,EUR,Italian Manufacturing PMI,Medium,53.1,54.2,53.3,2014-02-03 03:45:00
2014-02-03,3:50am,EUR,French Final Manufacturing PMI,Non-economic,49.3,48.8,48.8,2014-02-03 03:50:00
2014-02-03,3:55am,EUR,German Final Manufacturing PMI,Non-economic,56.5,56.3,56.3,2014-02-03 03:55:00
2014-02-03,4:00am,EUR,Final Manufacturing PMI,Non-economic,54.0,53.9,53.9,2014-02-03 04:00:00
2014-02-03,4:30am,GBP,Final Manufacturing PMI,High,56.7,57.1,57.2,2014-02-03 04:30:00
2014-02-03,8:30am,CAD,RMPI m/m,Medium,1.9%,2.1%,-4.2%,2014-02-03 08:30:00
2014-02-03,8:30am,CAD,IPPI m/m,Non-economic,0.7%,0.4%,0.2%,2014-02-03 08:30:00
2014-02-03,9:00am,USD,Treasury Sec Lew Speaks,Medium,,,,2014-02-03 09:00:00
2014-02-03,9:00am,USD,Final Manufacturing PMI,Non-economic,53.7,53.8,53.7,2014-02-03 09:00:00
2014-02-03,9:30am,CAD,Manufacturing PMI,Non-economic,51.7,,53.5,2014-02-03 09:30:00
2014-02-03,10:00am,USD,ISM Manufacturing PMI,High,51.3,56.2,57.0,2014-02-03 10:00:00
2014-02-03,10:00am,USD,Construction Spending m/m,Non-economic,0.1%,0.3%,0.8%,2014-02-03 10:00:00
2014-02-03,10:00am,USD,ISM Manufacturing Prices,Non-economic,60.5,54.2,53.5,2014-02-03 10:00:00
2014-02-03,All Day,USD,Total Vehicle Sales,Non-economic,15.2M,15.6M,15.4M,2014-02-03 00:00:00
2014-02-03,2:00pm,USD,Loan Officer Survey,Non-economic,,,,2014-02-03 14:00:00
2014-02-03,6:50pm,JPY,Monetary Base y/y,Non-economic,51.9%,47.2%,46.6%,2014-02-03 18:50:00
2014-02-03,7:00pm,NZD,ANZ Commodity Prices m/m,Non-economic,1.2%,,1.0%,2014-02-03 19:00:00
2014-02-03,All Day,CNY,Bank Holiday,Low,,,,2014-02-03 00:00:00
2014-02-03,10:30pm,AUD,Cash Rate,High,2.50%,2.50%,2.50%,2014-02-03 22:30:00
2014-02-03,10:30pm,AUD,RBA Rate Statement,High,,,,2014-02-03 22:30:00
2014-02-03,10:45pm,JPY,10-y Bond Auction,Non-economic,0.60|3.2,,0.72|3.8,2014-02-03 22:45:00
2014-02-04,3:00am,EUR,Spanish Unemployment Change,Medium,113.1K,-21.3K,-107.6K,2014-02-04 03:00:00
2014-02-04,4:30am,GBP,Construction PMI,High,64.6,61.6,62.1,2014-02-04 04:30:00
2014-02-04,5:00am,EUR,PPI m/m,Non-economic,0.2%,0.3%,-0.1%,2014-02-04 05:00:00
2014-02-04,5:00am,EUR,Italian Prelim CPI m/m,Non-economic,0.2%,0.3%,0.2%,2014-02-04 05:00:00
2014-02-04,8:30am,NZD,GDT Price Index,Non-economic,0.5%,,1.4%,2014-02-04 08:30:00
2014-02-04,10:00am,USD,Factory Orders m/m,Medium,-1.5%,-1.9%,1.5%,2014-02-04 10:00:00
2014-02-04,10:00am,USD,RCM/TIPP Economic Optimism,Non-economic,44.9,46.1,45.2,2014-02-04 10:00:00
2014-02-04,4:45pm,NZD,Employment Change q/q,High,1.1%,0.6%,1.2%,2014-02-04 16:45:00
2014-02-04,4:45pm,NZD,Unemployment Rate,High,6.0%,6.0%,6.2%,2014-02-04 16:45:00
2014-02-04,4:45pm,NZD,Labor Cost Index q/q,Non-economic,0.6%,0.5%,0.4%,2014-02-04 16:45:00
2014-02-04,5:01pm,AUD,AIG Services Index,Non-economic,49.3,,46.1,2014-02-04 17:01:00
2014-02-04,7:01pm,GBP,BRC Shop Price Index y/y,Non-economic,-1.0%,,-0.8%,2014-02-04 19:01:00
2014-02-04,All Day,CNY,Bank Holiday,Low,,,,2014-02-04 00:00:00
2014-02-04,8:30pm,JPY,Average Cash Earnings y/y,Medium,0.8%,0.7%,0.6%,2014-02-04 20:30:00
2014-02-05,3:15am,EUR,Spanish Services PMI,Medium,54.9,55.3,54.2,2014-02-05 03:15:00
2014-02-05,3:45am,EUR,Italian Services PMI,Medium,49.4,48.2,47.9,2014-02-05 03:45:00
2014-02-05,3:50am,EUR,French Final Services PMI,Non-economic,48.9,48.6,48.6,2014-02-05 03:50:00
2014-02-05,3:55am,EUR,German Final Services PMI,Non-economic,53.1,53.6,53.6,2014-02-05 03:55:00
2014-02-05,4:00am,EUR,Final Services PMI,Non-economic,51.6,51.9,51.9,2014-02-05 04:00:00
2014-02-05,4:30am,GBP,Final Services PMI,High,58.3,59.1,58.8,2014-02-05 04:30:00
2014-02-05,5:00am,EUR,Retail Sales m/m,Medium,-1.6%,-0.7%,0.9%,2014-02-05 05:00:00
2014-02-05,8:15am,USD,ADP Non-Farm Employment Change,High,175K,191K,227K,2014-02-05 08:15:00
2014-02-05,8:30am,CAD,Building Permits m/m,High,-4.1%,2.3%,-6.6%,2014-02-05 08:30:00
2014-02-05,9:00am,USD,Final Services PMI,Non-economic,56.7,56.6,56.6,2014-02-05 09:00:00
2014-02-05,10:00am,USD,ISM Services PMI,High,54.0,53.6,53.0,2014-02-05 10:00:00
2014-02-05,10:00am,USD,FOMC Member Tarullo Speaks,Non-economic,,,,2014-02-05 10:00:00
2014-02-05,10:30am,USD,Crude Oil Inventories,Medium,0.4M,2.2M,6.4M,2014-02-05 10:30:00
2014-02-05,12:30pm,USD,FOMC Member Plosser Speaks,Medium,,,,2014-02-05 12:30:00
2014-02-05,All Day,NZD,Bank Holiday,Low,,,,2014-02-05 00:00:00
2014-02-05,All Day,CNY,Bank Holiday,Low,,,,2014-02-05 00:00:00
2014-02-05,7:30pm,AUD,Goods Trade Balance,High,0.47B,-0.27B,0.08B,2014-02-05 19:30:00
2014-02-05,7:30pm,AUD,Retail Sales m/m,High,0.5%,0.5%,0.7%,2014-02-05 19:30:00
2014-02-05,7:30pm,AUD,NAB Quarterly Business Confidence,Medium,8,,5,2014-02-05 19:30:00
2014-02-05,10:45pm,JPY,30-y Bond Auction,Non-economic,1.59|3.4,,1.67|3.3,2014-02-05 22:45:00
2014-02-06,1:45am,CHF,SECO Consumer Climate,Non-economic,2,0,-5,2014-02-06 01:45:00
2014-02-06,2:00am,CHF,Trade Balance,Non-economic,0.50B,2.41B,2.03B,2014-02-06 02:00:00
2014-02-06,3:00am,GBP,Halifax HPI m/m,Medium,1.1%,1.1%,-0.5%,2014-02-06 03:00:00
2014-02-06,4:10am,EUR,Retail PMI,Non-economic,50.5,,47.7,2014-02-06 04:10:00
2014-02-06,4:59am,EUR,French 10-y Bond Auction,Medium,2.25|2.1,,2.51|1.5,2014-02-06 04:59:00
2014-02-06,6:00am,EUR,German Factory Orders m/m,Medium,-0.5%,0.3%,2.4%,2014-02-06 06:00:00
2014-02-06,7:00am,GBP,Asset Purchase Facility,High,375B,375B,375B,2014-02-06 07:00:00
2014-02-06,7:00am,GBP,Official Bank Rate,High,0.50%,0.50%,0.50%,2014-02-06 07:00:00
2014-02-06,7:30am,USD,Challenger Job Cuts y/y,Non-economic,11.6%,,-5.9%,2014-02-06 07:30:00
2014-02-06,7:45am,EUR,Main Refinancing Rate,High,0.25%,0.25%,0.25%,2014-02-06 07:45:00
2014-02-06,8:30am,CAD,Trade Balance,High,-1.7B,0.7B,-1.5B,2014-02-06 08:30:00
2014-02-06,8:30am,EUR,ECB Press Conference,High,,,,2014-02-06 08:30:00
2014-02-06,8:30am,USD,Trade Balance,High,-38.7B,-35.8B,-34.6B,2014-02-06 08:30:00
2014-02-06,8:30am,USD,Unemployment Claims,High,331K,337K,351K,2014-02-06 08:30:00
2014-02-06,8:30am,USD,Prelim Nonfarm Productivity q/q,Medium,3.2%,2.8%,3.0%,2014-02-06 08:30:00
2014-02-06,8:30am,USD,Prelim Unit Labor Costs q/q,Medium,-1.6%,-0.7%,-1.4%,2014-02-06 08:30:00
2014-02-06,10:00am,CAD,Ivey PMI,High,56.8,51.3,46.3,2014-02-06 10:00:00
2014-02-06,10:00am,USD,FOMC Member Tarullo Speaks,Non-economic,,,,2014-02-06 10:00:00
2014-02-06,10:30am,USD,Natural Gas Storage,Non-economic,-262B,-270B,-230B,2014-02-06 10:30:00
2014-02-06,5:14pm,AUD,AIG Construction Index,Non-economic,48.2,,50.8,2014-02-06 17:14:00
2014-02-06,7:30pm,AUD,RBA Monetary Policy Statement,High,,,,2014-02-06 19:30:00
2014-02-06,8:45pm,CNY,RatingDog Services PMI,Medium,50.7,,50.9,2014-02-06 20:45:00
2014-02-07,12:00am,JPY,Leading Indicators,Non-economic,112.1%,111.9%,111.1%,2014-02-07 00:00:00
2014-02-07,2:00am,EUR,German Trade Balance,Medium,18.5B,17.3B,18.9B,2014-02-07 02:00:00
2014-02-07,2:45am,EUR,French Gov Budget Balance,Non-economic,-74.9B,,-87.0B,2014-02-07 02:45:00
2014-02-07,2:45am,EUR,French Trade Balance,Non-economic,-5.2B,-5.6B,-5.7B,2014-02-07 02:45:00
2014-02-07,3:00am,CHF,Foreign Currency Reserves,Medium,438B,,435B,2014-02-07 03:00:00
2014-02-07,3:15am,CHF,Retail Sales y/y,Medium,2.3%,3.9%,4.2%,2014-02-07 03:15:00
2014-02-07,3:31am,EUR,German Constitutional Court Ruling,High,,,,2014-02-07 03:31:00
2014-02-07,4:30am,GBP,Manufacturing Production m/m,High,0.3%,0.6%,-0.1%,2014-02-07 04:30:00
2014-02-07,4:30am,GBP,Goods Trade Balance,Medium,-7.7B,-9.3B,-9.8B,2014-02-07 04:30:00
2014-02-07,4:30am,GBP,Industrial Production m/m,Non-economic,0.4%,0.7%,-0.1%,2014-02-07 04:30:00
2014-02-07,6:00am,EUR,German Industrial Production m/m,Medium,-0.6%,0.5%,2.4%,2014-02-07 06:00:00
2014-02-07,8:30am,CAD,Employment Change,High,29.4K,19.7K,-45.9K,2014-02-07 08:30:00
2014-02-07,8:30am,CAD,Unemployment Rate,High,7.0%,7.1%,7.2%,2014-02-07 08:30:00
2014-02-07,8:30am,USD,Non-Farm Employment Change,High,113K,185K,75K,2014-02-07 08:30:00
2014-02-07,8:30am,USD,Unemployment Rate,High,6.6%,6.7%,6.7%,2014-02-07 08:30:00
2014-02-07,8:30am,USD,Average Hourly Earnings m/m,Medium,0.2%,0.2%,0.0%,2014-02-07 08:30:00
2014-02-07,10:00am,GBP,NIESR GDP Estimate,Medium,0.8%,,0.7%,2014-02-07 10:00:00
2014-02-07,3:00pm,USD,Consumer Credit m/m,Non-economic,18.8B,12.4B,12.4B,2014-02-07 15:00:00
2014-02-07,3:25pm,CAD,Gov Council Member Macklem Speaks,Non-economic,,,,2014-02-07 15:25:00
2014-02-09,6:50pm,JPY,Current Account,Medium,-0.20T,-0.06T,-0.05T,2014-02-09 18:50:00
2014-02-09,6:50pm,JPY,Bank Lending y/y,Non-economic,2.3%,,2.3%,2014-02-09 18:50:00
2014-02-10,12:00am,JPY,Consumer Confidence,Non-economic,40.5,43.9,41.3,2014-02-10 00:00:00
2014-02-10,1:00am,JPY,Economy Watchers Sentiment,Non-economic,54.7,55.5,55.7,2014-02-10 01:00:00
2014-02-10,1:45am,CHF,Unemployment Rate,Non-economic,3.2%,3.2%,3.2%,2014-02-10 01:45:00
2014-02-10,2:45am,EUR,French Industrial Production m/m,Medium,-0.3%,-0.1%,1.2%,2014-02-10 02:45:00
2014-02-10,4:00am,EUR,Italian Industrial Production m/m,Non-economic,-0.9%,0.0%,0.3%,2014-02-10 04:00:00
2014-02-10,4:30am,EUR,Sentix Investor Confidence,Non-economic,13.3,10.3,11.9,2014-02-10 04:30:00
2014-02-10,8:13am,CAD,Housing Starts,Non-economic,180K,184K,188K,2014-02-10 08:13:00
2014-02-10,12:50pm,CAD,Gov Council Member Murray Speaks,Medium,,,,2014-02-10 12:50:00
2014-02-10,All Day,JPY,Bank Holiday,Low,,,,2014-02-10 00:00:00
2014-02-10,7:01pm,GBP,BRC Retail Sales Monitor y/y,Medium,3.9%,,0.4%,2014-02-10 19:01:00
2014-02-10,7:30pm,AUD,NAB Business Confidence,High,8,,8,2014-02-10 19:30:00
2014-02-10,7:30pm,AUD,Home Loans m/m,Medium,-1.9%,0.5%,1.4%,2014-02-10 19:30:00
2014-02-10,7:30pm,AUD,HPI q/q,Medium,3.4%,3.2%,1.9%,2014-02-10 19:30:00
2014-02-11,7:30am,USD,NFIB Small Business Index,Non-economic,94.1,93.6,93.9,2014-02-11 07:30:00
2014-02-11,9:00am,USD,FOMC Member Plosser Speaks,Medium,,,,2014-02-11 09:00:00
2014-02-11,10:00am,USD,Fed Chair Yellen Testifies,High,,,,2014-02-11 10:00:00
2014-02-11,10:00am,USD,JOLTS Job Openings,High,3.99M,4.04M,4.03M,2014-02-11 10:00:00
2014-02-11,10:00am,USD,Fed Monetary Policy Report,Non-economic,,,,2014-02-11 10:00:00
2014-02-11,10:00am,USD,Final Wholesale Inventories m/m,Non-economic,0.3%,0.5%,0.5%,2014-02-11 10:00:00
2014-02-11,4:00pm,CAD,Annual Budget Release,Medium,,,,2014-02-11 16:00:00
2014-02-11,6:30pm,AUD,Westpac Consumer Sentiment,Medium,-3.0%,,-1.7%,2014-02-11 18:30:00
2014-02-11,6:50pm,JPY,Core Machinery Orders m/m,Medium,-15.7%,-4.1%,9.3%,2014-02-11 18:50:00
2014-02-11,6:50pm,JPY,Tertiary Industry Activity m/m,Medium,-0.4%,-0.2%,0.8%,2014-02-11 18:50:00
2014-02-11,6:50pm,JPY,M2 Money Stock y/y,Non-economic,4.4%,4.2%,4.3%,2014-02-11 18:50:00
2014-02-11,9:02pm,CNY,USD-Denominated Trade Balance,High,31.9B,24.2B,25.6B,2014-02-11 21:02:00
2014-02-12,1:00am,JPY,Prelim Machine Tool Orders y/y,Non-economic,39.6%,,28.1%,2014-02-12 01:00:00
2014-02-12,3:15am,CHF,CPI m/m,Medium,-0.3%,-0.3%,-0.2%,2014-02-12 03:15:00
2014-02-12,5:00am,EUR,Industrial Production m/m,Medium,-0.7%,-0.2%,1.6%,2014-02-12 05:00:00
2014-02-12,5:00am,GBP,CB Leading Index m/m,Non-economic,-0.1%,,0.5%,2014-02-12 05:00:00
2014-02-12,5:30am,GBP,BOE Gov Carney Speaks,High,,,,2014-02-12 05:30:00
2014-02-12,5:30am,GBP,BOE Monetary Policy Report,High,,,,2014-02-12 05:30:00
2014-02-12,10:30am,EUR,ECB President Draghi Speaks,High,,,,2014-02-12 10:30:00
2014-02-12,10:30am,USD,Crude Oil Inventories,Medium,3.3M,2.5M,0.4M,2014-02-12 10:30:00
2014-02-12,1:01pm,USD,10-y Bond Auction,Medium,2.80|2.5,,3.01|2.7,2014-02-12 13:01:00
2014-02-12,1:59pm,USD,Federal Budget Balance,Medium,-10.4B,-16.4B,53.2B,2014-02-12 13:59:00
2014-02-12,4:30pm,NZD,BusinessNZ Manufacturing Index,Medium,56.2,,56.4,2014-02-12 16:30:00
2014-02-12,6:50pm,JPY,PPI y/y,Non-economic,2.4%,2.4%,2.5%,2014-02-12 18:50:00
2014-02-12,7:00pm,AUD,MI Inflation Expectations,Medium,2.3%,,2.3%,2014-02-12 19:00:00
2014-02-12,7:01pm,GBP,RICS House Price Balance,Non-economic,53%,58%,56%,2014-02-12 19:01:00
2014-02-12,7:30pm,AUD,Employment Change,High,-3.7K,15.3K,-23.0K,2014-02-12 19:30:00
2014-02-12,7:30pm,AUD,Unemployment Rate,High,6.0%,5.9%,5.8%,2014-02-12 19:30:00
2014-02-12,8:25pm,AUD,RBA Deputy Gov Debelle Speaks,Medium,,,,2014-02-12 20:25:00
2014-02-13,2:00am,EUR,German Final CPI m/m,Non-economic,-0.6%,-0.6%,-0.6%,2014-02-13 02:00:00
2014-02-13,3:15am,CHF,PPI m/m,Medium,0.0%,-0.1%,0.0%,2014-02-13 03:15:00
2014-02-13,4:00am,EUR,ECB Monthly Bulletin,Medium,,,,2014-02-13 04:00:00
2014-02-13,8:30am,CAD,NHPI m/m,Medium,0.1%,0.2%,0.0%,2014-02-13 08:30:00
2014-02-13,8:30am,USD,Core Retail Sales m/m,High,0.0%,0.1%,0.3%,2014-02-13 08:30:00
2014-02-13,8:30am,USD,Retail Sales m/m,High,-0.4%,0.0%,-0.1%,2014-02-13 08:30:00
2014-02-13,8:30am,USD,Unemployment Claims,High,339K,331K,331K,2014-02-13 08:30:00
2014-02-13,10:00am,USD,Business Inventories m/m,Medium,0.5%,0.4%,0.4%,2014-02-13 10:00:00
2014-02-13,10:30am,USD,Natural Gas Storage,Non-economic,-237B,-234B,-262B,2014-02-13 10:30:00
2014-02-13,1:01pm,USD,30-y Bond Auction,Non-economic,3.69|2.3,,3.90|2.6,2014-02-13 13:01:00
2014-02-13,3:55pm,NZD,REINZ HPI m/m,Non-economic,-2.4%,,-1.0%,2014-02-13 15:55:00
2014-02-13,4:45pm,NZD,FPI m/m,Non-economic,1.2%,,-0.1%,2014-02-13 16:45:00
2014-02-13,5:05pm,AUD,RBA Assist Gov Kent Speaks,Medium,,,,2014-02-13 17:05:00
2014-02-13,8:30pm,CNY,CPI y/y,High,2.5%,2.4%,2.5%,2014-02-13 20:30:00
2014-02-13,8:30pm,CNY,PPI y/y,Medium,-1.6%,-1.6%,-1.4%,2014-02-13 20:30:00
2014-02-14,1:30am,EUR,French Prelim GDP q/q,Medium,0.3%,0.2%,0.0%,2014-02-14 01:30:00
2014-02-14,2:00am,EUR,German Prelim GDP q/q,Medium,0.4%,0.3%,0.3%,2014-02-14 02:00:00
2014-02-14,2:45am,EUR,French Prelim Private Payrolls q/q,Medium,0.1%,-0.1%,-0.1%,2014-02-14 02:45:00
2014-02-14,4:00am,EUR,Italian Prelim GDP q/q,Medium,0.1%,0.1%,-0.1%,2014-02-14 04:00:00
2014-02-14,4:30am,GBP,Construction Output m/m,Non-economic,2.0%,2.2%,-4.0%,2014-02-14 04:30:00
2014-02-14,5:00am,EUR,Flash GDP q/q,Medium,0.3%,0.2%,0.1%,2014-02-14 05:00:00
2014-02-14,8:30am,CAD,Manufacturing Sales m/m,High,-0.9%,0.2%,0.5%,2014-02-14 08:30:00
2014-02-14,8:30am,USD,Import Prices m/m,Medium,0.1%,-0.1%,0.2%,2014-02-14 08:30:00
2014-02-14,9:15am,USD,Capacity Utilization Rate,Medium,78.5%,79.4%,78.9%,2014-02-14 09:15:00
2014-02-14,9:15am,USD,Industrial Production m/m,Medium,-0.3%,0.2%,0.3%,2014-02-14 09:15:00
2014-02-14,9:55am,USD,Prelim UoM Consumer Sentiment,High,81.2,80.6,81.2,2014-02-14 09:55:00
2014-02-14,9:55am,USD,Prelim UoM Inflation Expectations,Non-economic,3.3%,,3.1%,2014-02-14 09:55:00
2014-02-15,3:06am,CNY,New Loans,Medium,1320B,1075B,483B,2014-02-15 03:06:00
2014-02-15,3:06am,CNY,M2 Money Supply y/y,Non-economic,13.2%,13.3%,13.6%,2014-02-15 03:06:00
2014-02-16,4:00am,GBP,BOE Gov Carney Speaks,High,,,,2014-02-16 04:00:00
2014-02-16,4:30pm,NZD,BusinessNZ Services Index,Non-economic,58.1,,57.4,2014-02-16 16:30:00
2014-02-16,4:45pm,NZD,Retail Sales q/q,High,1.2%,1.7%,0.2%,2014-02-16 16:45:00
2014-02-16,4:45pm,NZD,Core Retail Sales q/q,Medium,0.7%,1.2%,-0.2%,2014-02-16 16:45:00
2014-02-16,6:50pm,JPY,Prelim GDP q/q,Medium,0.3%,0.7%,0.3%,2014-02-16 18:50:00
2014-02-16,6:50pm,JPY,Prelim GDP Price Index y/y,Non-economic,-0.4%,-0.2%,-0.3%,2014-02-16 18:50:00
2014-02-16,6:52pm,GBP,Rightmove HPI m/m,Non-economic,3.3%,,1.0%,2014-02-16 18:52:00
2014-02-16,7:30pm,AUD,New Motor Vehicle Sales m/m,Medium,-3.5%,,1.4%,2014-02-16 19:30:00
2014-02-16,11:30pm,JPY,Revised Industrial Production m/m,Non-economic,0.9%,1.1%,1.1%,2014-02-16 23:30:00
2014-02-17,All Day,EUR,Eurogroup Meetings,Medium,,,,2014-02-17 00:00:00
2014-02-17,6:00am,EUR,German Buba Monthly Report,Medium,,,,2014-02-17 06:00:00
2014-02-17,All Day,CAD,Bank Holiday,Low,,,,2014-02-17 00:00:00
2014-02-17,All Day,USD,Bank Holiday,Low,,,,2014-02-17 00:00:00
2014-02-17,7:30pm,AUD,Monetary Policy Meeting Minutes,High,,,,2014-02-17 19:30:00
2014-02-17,9:00pm,CNY,Foreign Direct Investment ytd/y,Non-economic,16.1%,,5.3%,2014-02-17 21:00:00
2014-02-17,10:28pm,JPY,Monetary Policy Statement,High,,,,2014-02-17 22:28:00
2014-02-18,2:21am,JPY,BOJ Press Conference,High,,,,2014-02-18 02:21:00
2014-02-18,4:00am,EUR,Current Account,Medium,21.3B,19.8B,23.3B,2014-02-18 04:00:00
2014-02-18,4:00am,EUR,Italian Trade Balance,Non-economic,3.62B,2.79B,3.09B,2014-02-18 04:00:00
2014-02-18,4:30am,GBP,CPI y/y,High,1.9%,2.0%,2.0%,2014-02-18 04:30:00
2014-02-18,4:30am,GBP,PPI Input m/m,Medium,-0.9%,-0.4%,0.2%,2014-02-18 04:30:00
2014-02-18,4:30am,GBP,RPI y/y,Medium,2.8%,2.7%,2.7%,2014-02-18 04:30:00
2014-02-18,4:30am,GBP,Core CPI y/y,Non-economic,1.6%,1.9%,1.7%,2014-02-18 04:30:00
2014-02-18,4:30am,GBP,ONS HPI y/y,Non-economic,5.5%,5.8%,5.4%,2014-02-18 04:30:00
2014-02-18,4:30am,GBP,PPI Output m/m,Non-economic,0.3%,0.2%,0.0%,2014-02-18 04:30:00
2014-02-18,5:00am,EUR,German ZEW Economic Sentiment,High,55.7,61.3,61.7,2014-02-18 05:00:00
2014-02-18,5:00am,EUR,ZEW Economic Sentiment,Medium,68.5,73.9,73.3,2014-02-18 05:00:00
2014-02-18,All Day,EUR,ECOFIN Meetings,Medium,,,,2014-02-18 00:00:00
2014-02-18,8:30am,CAD,Foreign Securities Purchases,Medium,-4.28B,9.97B,9.07B,2014-02-18 08:30:00
2014-02-18,8:30am,NZD,GDT Price Index,Non-economic,-1.2%,,0.5%,2014-02-18 08:30:00
2014-02-18,8:30am,USD,Empire State Manufacturing Index,Medium,4.5,9.9,12.5,2014-02-18 08:30:00
2014-02-18,9:00am,USD,TIC Long-Term Purchases,Medium,-45.9B,28.9B,-28.0B,2014-02-18 09:00:00
2014-02-18,10:00am,USD,NAHB Housing Market Index,Medium,46,56,56,2014-02-18 10:00:00
2014-02-18,6:00pm,AUD,CB Leading Index m/m,Medium,0.8%,,0.2%,2014-02-18 18:00:00
2014-02-18,6:30pm,AUD,MI Leading Index m/m,Non-economic,-0.2%,,0.1%,2014-02-18 18:30:00
2014-02-18,7:30pm,AUD,Wage Price Index q/q,Medium,0.7%,0.7%,0.5%,2014-02-18 19:30:00
2014-02-18,11:30pm,JPY,All Industries Activity m/m,Non-economic,-0.1%,0.2%,0.4%,2014-02-18 23:30:00
2014-02-19,12:00am,JPY,BOJ Monthly Report,Non-economic,,,,2014-02-19 00:00:00
2014-02-19,4:30am,GBP,Claimant Count Change,High,-27.6K,-18.3K,-27.7K,2014-02-19 04:30:00
2014-02-19,4:30am,GBP,MPC Asset Purchase Facility Votes,High,0-0-9,0-0-9,0-0-9,2014-02-19 04:30:00
2014-02-19,4:30am,GBP,MPC Official Bank Rate Votes,High,0-0-9,0-0-9,0-0-9,2014-02-19 04:30:00
2014-02-19,4:30am,GBP,Unemployment Rate,High,7.2%,7.1%,7.1%,2014-02-19 04:30:00
2014-02-19,4:30am,GBP,Average Earnings Index 3m/y,Medium,1.1%,0.9%,0.9%,2014-02-19 04:30:00
2014-02-19,5:00am,CHF,UBS Economic Expectations,Medium,28.7,,36.4,2014-02-19 05:00:00
2014-02-19,5:34am,EUR,German 10-y Bond Auction,Medium,1.64|1.1,,1.77|1.8,2014-02-19 05:34:00
2014-02-19,8:30am,CAD,Wholesale Sales m/m,Medium,-1.4%,-0.5%,-0.2%,2014-02-19 08:30:00
2014-02-19,8:30am,USD,Building Permits,High,0.94M,0.98M,0.99M,2014-02-19 08:30:00
2014-02-19,8:30am,USD,PPI m/m,High,0.2%,0.2%,0.1%,2014-02-19 08:30:00
2014-02-19,8:30am,USD,Core PPI m/m,Medium,0.2%,0.2%,0.0%,2014-02-19 08:30:00
2014-02-19,8:30am,USD,Housing Starts,Medium,0.88M,0.95M,1.05M,2014-02-19 08:30:00
2014-02-19,2:00pm,USD,FOMC Meeting Minutes,High,,,,2014-02-19 14:00:00
2014-02-19,4:45pm,NZD,PPI Input q/q,High,-0.7%,0.9%,2.2%,2014-02-19 16:45:00
2014-02-19,4:45pm,NZD,PPI Output q/q,Non-economic,-0.4%,1.4%,2.4%,2014-02-19 16:45:00
2014-02-19,6:50pm,JPY,Trade Balance,Medium,-1.82T,-1.56T,-1.26T,2014-02-19 18:50:00
2014-02-19,8:45pm,CNY,Caixin Flash Manufacturing PMI,High,48.3,49.4,49.5,2014-02-19 20:45:00
2014-02-20,2:00am,CHF,Trade Balance,Non-economic,2.59B,1.47B,0.52B,2014-02-20 02:00:00
2014-02-20,2:00am,EUR,German PPI m/m,Medium,-0.1%,0.3%,0.1%,2014-02-20 02:00:00
2014-02-20,2:45am,EUR,French Final CPI m/m,Non-economic,-0.6%,-0.3%,0.3%,2014-02-20 02:45:00
2014-02-20,3:00am,EUR,French Flash Manufacturing PMI,High,48.5,49.6,49.3,2014-02-20 03:00:00
2014-02-20,3:00am,EUR,French Flash Services PMI,Medium,46.9,49.5,48.9,2014-02-20 03:00:00
2014-02-20,3:30am,EUR,German Flash Manufacturing PMI,High,54.7,56.4,56.5,2014-02-20 03:30:00
2014-02-20,3:30am,EUR,German Flash Services PMI,Medium,55.4,53.4,53.1,2014-02-20 03:30:00
2014-02-20,4:00am,EUR,Flash Manufacturing PMI,Medium,53.0,54.2,54.0,2014-02-20 04:00:00
2014-02-20,4:00am,EUR,Flash Services PMI,Medium,51.7,51.9,51.6,2014-02-20 04:00:00
2014-02-20,4:42am,EUR,Spanish 10-y Bond Auction,Medium,3.56|1.9,,4.10|3.6,2014-02-20 04:42:00
2014-02-20,5:34am,GBP,10-y Bond Auction,Non-economic,2.73|1.8,,2.87|1.7,2014-02-20 05:34:00
2014-02-20,6:00am,GBP,CBI Industrial Order Expectations,Medium,3,6,-2,2014-02-20 06:00:00
2014-02-20,8:30am,USD,Core CPI m/m,High,0.1%,0.1%,0.1%,2014-02-20 08:30:00
2014-02-20,8:30am,USD,CPI y/y,High,1.6%,1.6%,1.5%,2014-02-20 08:30:00
2014-02-20,8:30am,USD,Unemployment Claims,High,336K,335K,339K,2014-02-20 08:30:00
2014-02-20,8:30am,USD,CPI m/m,Medium,0.1%,0.1%,0.3%,2014-02-20 08:30:00
2014-02-20,9:00am,USD,Flash Manufacturing PMI,Medium,56.7,53.6,53.7,2014-02-20 09:00:00
2014-02-20,10:00am,EUR,Consumer Confidence,Non-economic,-13,-11,-12,2014-02-20 10:00:00
2014-02-20,10:00am,USD,Philly Fed Manufacturing Index,High,-6.3,9.2,9.4,2014-02-20 10:00:00
2014-02-20,10:00am,USD,Mortgage Delinquencies,Medium,6.39%,,6.41%,2014-02-20 10:00:00
2014-02-20,10:00am,USD,CB Leading Index m/m,Non-economic,0.3%,0.5%,0.0%,2014-02-20 10:00:00
2014-02-20,10:30am,USD,Natural Gas Storage,Non-economic,-250B,-255B,-237B,2014-02-20 10:30:00
2014-02-20,11:00am,USD,Crude Oil Inventories,Medium,1.0M,2.1M,3.3M,2014-02-20 11:00:00
2014-02-20,6:50pm,JPY,Monetary Policy Meeting Minutes,Medium,,,,2014-02-20 18:50:00
2014-02-21,4:30am,GBP,Retail Sales m/m,High,-1.5%,-0.9%,2.5%,2014-02-21 04:30:00
2014-02-21,4:30am,GBP,Public Sector Net Borrowing,Medium,-6.4B,-9.3B,9.0B,2014-02-21 04:30:00
2014-02-21,8:30am,CAD,Core CPI m/m,High,0.2%,0.1%,-0.4%,2014-02-21 08:30:00
2014-02-21,8:30am,CAD,Core Retail Sales m/m,High,-1.4%,0.2%,0.3%,2014-02-21 08:30:00
2014-02-21,8:30am,CAD,CPI m/m,Medium,0.3%,0.1%,-0.2%,2014-02-21 08:30:00
2014-02-21,8:30am,CAD,Retail Sales m/m,Medium,-1.8%,-0.5%,0.5%,2014-02-21 08:30:00
2014-02-21,10:00am,USD,Existing Home Sales,High,4.62M,4.73M,4.87M,2014-02-21 10:00:00
2014-02-21,1:45pm,USD,FOMC Member Fisher Speaks,Medium,,,,2014-02-21 13:45:00
2014-02-21,Day 1,All,G20 Meetings,High,,,,2014-02-21 00:00:00
2014-02-22,Day 2,All,G20 Meetings,High,,,,2014-02-22 00:00:00
2014-02-23,9:00pm,NZD,Credit Card Spending y/y,Non-economic,9.2%,,4.7%,2014-02-23 21:00:00
2014-02-24,4:00am,EUR,German ifo Business Climate,High,111.3,110.7,110.6,2014-02-24 04:00:00
2014-02-24,5:00am,EUR,Final CPI y/y,Medium,0.8%,0.7%,0.7%,2014-02-24 05:00:00
2014-02-24,5:00am,EUR,Final Core CPI y/y,Non-economic,0.8%,0.8%,0.8%,2014-02-24 05:00:00
2014-02-24,9:00am,USD,Flash Services PMI,Non-economic,52.7,56.9,56.7,2014-02-24 09:00:00
2014-02-24,9:12am,EUR,Belgian NBB Business Climate,Non-economic,-4.0,-5.4,-5.6,2014-02-24 09:12:00
2014-02-24,6:50pm,JPY,SPPI y/y,Non-economic,0.8%,1.2%,1.1%,2014-02-24 18:50:00
2014-02-24,9:00pm,CNY,CB Leading Index m/m,Non-economic,1.2%,,0.8%,2014-02-24 21:00:00
2014-02-24,9:00pm,NZD,Inflation Expectations q/q,Medium,2.33%,,2.34%,2014-02-24 21:00:00
2014-02-25,2:00am,EUR,German Final GDP q/q,Non-economic,0.4%,0.4%,0.4%,2014-02-25 02:00:00
2014-02-25,4:00am,EUR,Italian Retail Sales m/m,Non-economic,-0.3%,0.4%,0.0%,2014-02-25 04:00:00
2014-02-25,4:30am,GBP,High Street Lending,Medium,50.0K,47.9K,47.1K,2014-02-25 04:30:00
2014-02-25,6:00am,GBP,CBI Realized Sales,Medium,37,15,14,2014-02-25 06:00:00
2014-02-25,7:45am,EUR,EU Economic Forecasts,Medium,,,,2014-02-25 07:45:00
2014-02-25,8:30am,CAD,Corporate Profits q/q,Non-economic,0.8%,,1.5%,2014-02-25 08:30:00
2014-02-25,9:00am,USD,S&P/CS Composite-20 HPI y/y,Medium,13.4%,13.3%,13.7%,2014-02-25 09:00:00
2014-02-25,9:00am,USD,HPI m/m,Non-economic,0.8%,0.4%,-0.1%,2014-02-25 09:00:00
2014-02-25,9:59am,USD,Richmond Manufacturing Index,Non-economic,-6,13,12,2014-02-25 09:59:00
2014-02-25,10:00am,USD,CB Consumer Confidence,High,78.1,80.2,79.4,2014-02-25 10:00:00
2014-02-25,10:10am,USD,FOMC Member Tarullo Speaks,Non-economic,,,,2014-02-25 10:10:00
2014-02-25,7:30pm,AUD,Construction Work Done q/q,Medium,-1.0%,0.4%,3.0%,2014-02-25 19:30:00
2014-02-26,2:00am,CHF,UBS Consumption Indicator,Non-economic,1.44,,1.80,2014-02-26 02:00:00
2014-02-26,2:00am,EUR,German GfK Consumer Climate,Medium,8.5,8.3,8.3,2014-02-26 02:00:00
2014-02-26,4:25am,GBP,MPC Member Broadbent Speaks,Medium,,,,2014-02-26 04:25:00
2014-02-26,4:30am,GBP,Second Estimate GDP q/q,High,0.7%,0.7%,0.7%,2014-02-26 04:30:00
2014-02-26,4:30am,GBP,Prelim Business Investment q/q,Medium,2.4%,2.6%,2.0%,2014-02-26 04:30:00
2014-02-26,4:30am,GBP,Index of Services 3m/3m,Non-economic,0.8%,0.8%,0.9%,2014-02-26 04:30:00
2014-02-26,5:34am,EUR,German 30-y Bond Auction,Non-economic,2.53|1.1,,2.64|1.4,2014-02-26 05:34:00
2014-02-26,10:00am,USD,New Home Sales,High,468K,406K,427K,2014-02-26 10:00:00
2014-02-26,10:30am,USD,Crude Oil Inventories,Medium,0.1M,1.1M,1.0M,2014-02-26 10:30:00
2014-02-26,4:45pm,NZD,Trade Balance,High,306M,230M,493M,2014-02-26 16:45:00
2014-02-26,4:45pm,NZD,Visitor Arrivals m/m,Non-economic,2.6%,,0.3%,2014-02-26 16:45:00
2014-02-26,7:30pm,AUD,Private Capital Expenditure q/q,High,-5.2%,-1.0%,2.6%,2014-02-26 19:30:00
2014-02-26,7:30pm,USD,FOMC Member Pianalto Speaks,Medium,,,,2014-02-26 19:30:00
2014-02-27,1:45am,CHF,GDP q/q,Medium,0.2%,0.4%,0.5%,2014-02-27 01:45:00
2014-02-27,2:00am,EUR,German Import Prices m/m,Non-economic,-0.1%,-0.1%,0.0%,2014-02-27 02:00:00
2014-02-27,All Day,EUR,German Prelim CPI m/m,Medium,0.5%,0.6%,-0.6%,2014-02-27 00:00:00
2014-02-27,3:15am,CHF,Employment Level,Medium,4.19M,4.22M,4.20M,2014-02-27 03:15:00
2014-02-27,3:55am,EUR,German Unemployment Change,Medium,-14K,-10K,-28K,2014-02-27 03:55:00
2014-02-27,4:00am,EUR,M3 Money Supply y/y,Medium,1.2%,1.1%,1.0%,2014-02-27 04:00:00
2014-02-27,4:00am,EUR,Private Loans y/y,Medium,-2.2%,-2.2%,-2.3%,2014-02-27 04:00:00
2014-02-27,5:17am,EUR,Italian 10-y Bond Auction,Medium,3.42|1.6,,3.81|1.3,2014-02-27 05:17:00
2014-02-27,8:00am,EUR,German Buba President Weidmann Speaks,Medium,,,,2014-02-27 08:00:00
2014-02-27,8:30am,CAD,Current Account,Medium,-16.0B,-16.5B,-14.8B,2014-02-27 08:30:00
2014-02-27,8:30am,USD,Core Durable Goods Orders m/m,High,1.1%,-0.1%,-1.3%,2014-02-27 08:30:00
2014-02-27,8:30am,USD,Unemployment Claims,High,348K,333K,334K,2014-02-27 08:30:00
2014-02-27,8:30am,USD,Durable Goods Orders m/m,Medium,-1.0%,-0.7%,-4.2%,2014-02-27 08:30:00
2014-02-27,10:00am,USD,Fed Chair Yellen Testifies,High,,,,2014-02-27 10:00:00
2014-02-27,10:30am,USD,FOMC Member Fisher Speaks,Medium,,,,2014-02-27 10:30:00
2014-02-27,10:30am,USD,Natural Gas Storage,Non-economic,-95B,-110B,-250B,2014-02-27 10:30:00
2014-02-27,4:45pm,NZD,Building Consents m/m,Medium,-8.3%,,7.1%,2014-02-27 16:45:00
2014-02-27,6:05pm,GBP,GfK Consumer Confidence,Non-economic,-7,-6,-7,2014-02-27 18:05:00
2014-02-27,6:15pm,JPY,Final Manufacturing PMI,Non-economic,55.5,,56.6,2014-02-27 18:15:00
2014-02-27,6:30pm,JPY,Household Spending y/y,Medium,1.1%,0.5%,0.7%,2014-02-27 18:30:00
2014-02-27,6:30pm,JPY,Tokyo Core CPI y/y,Medium,0.9%,0.8%,0.7%,2014-02-27 18:30:00
2014-02-27,6:30pm,JPY,National Core CPI y/y,Non-economic,1.3%,1.3%,1.3%,2014-02-27 18:30:00
2014-02-27,6:30pm,JPY,Unemployment Rate,Non-economic,3.7%,3.7%,3.7%,2014-02-27 18:30:00
2014-02-27,6:50pm,JPY,Prelim Industrial Production m/m,Medium,4.0%,3.1%,0.9%,2014-02-27 18:50:00
2014-02-27,6:50pm,JPY,Retail Sales y/y,Medium,4.4%,3.9%,2.5%,2014-02-27 18:50:00
2014-02-27,7:00pm,NZD,ANZ Business Confidence,High,70.8,,64.1,2014-02-27 19:00:00
2014-02-27,7:30pm,AUD,Private Sector Credit m/m,Medium,0.4%,0.5%,0.5%,2014-02-27 19:30:00
2014-02-28,12:00am,JPY,Housing Starts y/y,Non-economic,12.3%,15.3%,18.0%,2014-02-28 00:00:00
2014-02-28,2:00am,EUR,German Retail Sales m/m,Medium,2.5%,1.2%,-1.7%,2014-02-28 02:00:00
2014-02-28,2:00am,GBP,Nationwide HPI m/m,Medium,0.6%,0.6%,0.8%,2014-02-28 02:00:00
2014-02-28,2:45am,EUR,French Consumer Spending m/m,Medium,-2.1%,-0.8%,0.2%,2014-02-28 02:45:00
2014-02-28,3:00am,CHF,KOF Economic Barometer,Medium,2.03,2.03,2.01,2014-02-28 03:00:00
2014-02-28,3:00am,EUR,Spanish Flash CPI y/y,Medium,-0.1%,0.1%,0.2%,2014-02-28 03:00:00
2014-02-28,4:00am,EUR,Italian Monthly Unemployment Rate,Non-economic,12.9%,12.7%,12.7%,2014-02-28 04:00:00
2014-02-28,4:00am,EUR,Italian Quarterly Unemployment Rate,Non-economic,12.6%,12.4%,12.3%,2014-02-28 04:00:00
2014-02-28,5:00am,EUR,CPI Flash Estimate y/y,High,0.8%,0.7%,0.8%,2014-02-28 05:00:00
2014-02-28,5:00am,EUR,Core CPI Flash Estimate y/y,Medium,1.0%,,0.8%,2014-02-28 05:00:00
2014-02-28,5:00am,EUR,Unemployment Rate,Medium,12.0%,12.0%,12.0%,2014-02-28 05:00:00
2014-02-28,5:00am,EUR,Italian Prelim CPI m/m,Non-economic,-0.1%,0.5%,0.2%,2014-02-28 05:00:00
2014-02-28,5:00am,USD,FOMC Member Fisher Speaks,Medium,,,,2014-02-28 05:00:00
2014-02-28,8:30am,CAD,GDP m/m,High,-0.5%,-0.2%,0.2%,2014-02-28 08:30:00
2014-02-28,8:30am,USD,Prelim GDP q/q,High,2.4%,2.6%,3.2%,2014-02-28 08:30:00
2014-02-28,8:30am,USD,Prelim GDP Price Index q/q,Non-economic,1.6%,1.3%,1.3%,2014-02-28 08:30:00
2014-02-28,9:45am,USD,Chicago PMI,High,59.8,57.9,59.6,2014-02-28 09:45:00
2014-02-28,9:55am,USD,Revised UoM Consumer Sentiment,Medium,81.6,81.4,81.2,2014-02-28 09:55:00
2014-02-28,9:55am,USD,Revised UoM Inflation Expectations,Non-economic,3.2%,,3.3%,2014-02-28 09:55:00
2014-02-28,10:00am,USD,Pending Home Sales m/m,High,0.1%,2.9%,-5.8%,2014-02-28 10:00:00
2014-02-28,10:15am,USD,FOMC Member Kocherlakota Speaks,Medium,,,,2014-02-28 10:15:00
2014-02-28,10:15am,USD,FOMC Member Stein Speaks,Medium,,,,2014-02-28 10:15:00
2014-02-28,10:30am,GBP,BOE Gov Carney Speaks,High,,,,2014-02-28 10:30:00
2014-02-28,7:59pm,CNY,Manufacturing PMI,High,50.2,50.2,50.5,2014-02-28 19:59:00
2014-03-02,4:45pm,NZD,Overseas Trade Index q/q,Medium,2.3%,1.9%,7.5%,2014-03-02 16:45:00
2014-03-02,5:15pm,AUD,AIG Manufacturing Index,Non-economic,48.6,,46.7,2014-03-02 17:15:00
2014-03-02,6:30pm,AUD,MI Inflation Gauge m/m,Non-economic,0.2%,,0.1%,2014-03-02 18:30:00
2014-03-02,6:50pm,JPY,Capital Spending q/y,Medium,4.0%,5.1%,1.5%,2014-03-02 18:50:00
2014-03-02,6:59pm,AUD,HIA New Home Sales m/m,Medium,0.5%,,-0.4%,2014-03-02 18:59:00
2014-03-02,All Day,All,G7 Meetings,High,,,,2014-03-02 00:00:00
2014-03-02,7:30pm,AUD,ANZ Job Advertisements m/m,Medium,5.1%,,0.0,2014-03-02 19:30:00
2014-03-02,7:30pm,AUD,Company Operating Profits q/q,Medium,1.7%,2.3%,4.3%,2014-03-02 19:30:00
2014-03-02,8:00pm,CNY,Non-Manufacturing PMI,Medium,55.0,,53.4,2014-03-02 20:00:00
2014-03-02,8:45pm,CNY,RatingDog Manufacturing PMI,High,48.5,48.5,48.3,2014-03-02 20:45:00
2014-03-03,12:30am,AUD,Commodity Prices y/y,Non-economic,-12.1%,,-9.3%,2014-03-03 00:30:00
2014-03-03,3:15am,EUR,Spanish Manufacturing PMI,Medium,52.5,53.2,52.2,2014-03-03 03:15:00
2014-03-03,3:30am,CHF,Manufacturing PMI,Medium,57.6,57.2,56.1,2014-03-03 03:30:00
2014-03-03,3:45am,EUR,Italian Manufacturing PMI,Medium,52.3,53.7,53.1,2014-03-03 03:45:00
2014-03-03,3:50am,EUR,French Final Manufacturing PMI,Non-economic,49.7,48.5,48.5,2014-03-03 03:50:00
2014-03-03,3:55am,EUR,German Final Manufacturing PMI,Non-economic,54.8,54.7,54.7,2014-03-03 03:55:00
2014-03-03,4:00am,EUR,Final Manufacturing PMI,Non-economic,53.2,53.2,53.0,2014-03-03 04:00:00
2014-03-03,4:30am,GBP,Final Manufacturing PMI,High,56.9,56.9,56.6,2014-03-03 04:30:00
2014-03-03,4:30am,GBP,Net Lending to Individuals m/m,Medium,2.1B,2.5B,2.3B,2014-03-03 04:30:00
2014-03-03,4:30am,GBP,M4 Money Supply m/m,Non-economic,0.3%,0.3%,-1.4%,2014-03-03 04:30:00
2014-03-03,4:30am,GBP,Mortgage Approvals,Non-economic,77K,74K,73K,2014-03-03 04:30:00
2014-03-03,8:30am,CAD,RMPI m/m,Medium,2.6%,2.3%,1.8%,2014-03-03 08:30:00
2014-03-03,8:30am,CAD,IPPI m/m,Non-economic,1.4%,0.9%,0.6%,2014-03-03 08:30:00
2014-03-03,8:30am,USD,Core PCE Price Index m/m,Medium,0.1%,0.1%,0.1%,2014-03-03 08:30:00
2014-03-03,8:30am,USD,Personal Spending m/m,Medium,0.4%,0.2%,0.1%,2014-03-03 08:30:00
2014-03-03,8:30am,USD,Personal Income m/m,Non-economic,0.3%,0.2%,0.0%,2014-03-03 08:30:00
2014-03-03,9:00am,EUR,ECB President Draghi Speaks,High,,,,2014-03-03 09:00:00
2014-03-03,9:00am,USD,Final Manufacturing PMI,Non-economic,57.1,56.7,56.7,2014-03-03 09:00:00
2014-03-03,9:30am,CAD,Manufacturing PMI,Non-economic,52.9,,51.7,2014-03-03 09:30:00
2014-03-03,10:00am,USD,ISM Manufacturing PMI,High,53.2,52.3,51.3,2014-03-03 10:00:00
2014-03-03,10:00am,USD,Construction Spending m/m,Non-economic,0.1%,0.0%,1.5%,2014-03-03 10:00:00
2014-03-03,10:00am,USD,ISM Manufacturing Prices,Non-economic,60.0,57.2,60.5,2014-03-03 10:00:00
2014-03-03,All Day,USD,Total Vehicle Sales,Non-economic,15.3M,15.3M,15.2M,2014-03-03 00:00:00
2014-03-03,6:50pm,JPY,Monetary Base y/y,Non-economic,55.7%,54.2%,51.9%,2014-03-03 18:50:00
2014-03-03,7:00pm,NZD,ANZ Commodity Prices m/m,Non-economic,0.9%,,1.2%,2014-03-03 19:00:00
2014-03-03,7:30pm,AUD,Building Approvals m/m,High,6.8%,0.7%,-1.3%,2014-03-03 19:30:00
2014-03-03,7:30pm,AUD,Current Account,Medium,-10.1B,-10.1B,-12.5B,2014-03-03 19:30:00
2014-03-03,8:30pm,JPY,Average Cash Earnings y/y,Medium,-0.2%,0.3%,0.5%,2014-03-03 20:30:00
2014-03-03,10:30pm,AUD,Cash Rate,High,2.50%,2.50%,2.50%,2014-03-03 22:30:00
2014-03-03,10:30pm,AUD,RBA Rate Statement,High,,,,2014-03-03 22:30:00
2014-03-03,10:45pm,JPY,10-y Bond Auction,Non-economic,0.60|3.5,,0.60|3.2,2014-03-03 22:45:00
2014-03-04,3:00am,EUR,Spanish Unemployment Change,Medium,-1.9K,74.2K,113.1K,2014-03-04 03:00:00
2014-03-04,4:30am,GBP,Construction PMI,High,62.6,63.6,64.6,2014-03-04 04:30:00
2014-03-04,5:00am,EUR,PPI m/m,Non-economic,-0.3%,0.0%,0.2%,2014-03-04 05:00:00
2014-03-04,5:30am,GBP,MPC Member Cunliffe Speaks,Medium,,,,2014-03-04 05:30:00
2014-03-04,8:30am,NZD,GDT Price Index,Non-economic,-4.0%,,-1.2%,2014-03-04 08:30:00
2014-03-04,10:00am,USD,RCM/TIPP Economic Optimism,Non-economic,45.1,45.6,44.9,2014-03-04 10:00:00
2014-03-04,5:15pm,AUD,AIG Services Index,Non-economic,55.2,,49.3,2014-03-04 17:15:00
2014-03-04,7:01pm,GBP,BRC Shop Price Index y/y,Non-economic,-1.4%,,-1.0%,2014-03-04 19:01:00
2014-03-04,7:30pm,AUD,GDP q/q,High,0.8%,0.7%,0.6%,2014-03-04 19:30:00
2014-03-04,8:45pm,CNY,RatingDog Services PMI,Medium,51.0,,50.7,2014-03-04 20:45:00
2014-03-05,3:15am,EUR,Spanish Services PMI,Medium,53.7,55.3,54.9,2014-03-05 03:15:00
2014-03-05,3:45am,EUR,Italian Services PMI,Medium,52.9,50.6,49.4,2014-03-05 03:45:00
2014-03-05,3:50am,EUR,French Final Services PMI,Non-economic,47.2,46.9,46.9,2014-03-05 03:50:00
2014-03-05,3:55am,EUR,German Final Services PMI,Non-economic,55.9,55.4,55.4,2014-03-05 03:55:00
2014-03-05,4:00am,EUR,Final Services PMI,Non-economic,52.6,51.7,51.7,2014-03-05 04:00:00
2014-03-05,4:30am,GBP,Final Services PMI,High,58.2,58.0,58.3,2014-03-05 04:30:00
2014-03-05,5:00am,EUR,Retail Sales m/m,Medium,1.6%,0.9%,-1.3%,2014-03-05 05:00:00
2014-03-05,5:00am,EUR,Revised GDP q/q,Non-economic,0.3%,0.3%,0.3%,2014-03-05 05:00:00
2014-03-05,8:15am,USD,ADP Non-Farm Employment Change,High,139K,159K,127K,2014-03-05 08:15:00
2014-03-05,9:00am,USD,Final Services PMI,Non-economic,53.3,52.7,52.7,2014-03-05 09:00:00
2014-03-05,9:57am,USD,ISM Services PMI,High,51.6,53.8,54.0,2014-03-05 09:57:00
2014-03-05,10:00am,CAD,BOC Rate Statement,High,,,,2014-03-05 10:00:00
2014-03-05,10:00am,CAD,Overnight Rate,High,1.00%,1.00%,1.00%,2014-03-05 10:00:00
2014-03-05,10:30am,USD,Crude Oil Inventories,Medium,1.4M,0.9M,0.1M,2014-03-05 10:30:00
2014-03-05,2:00pm,USD,Beige Book,Medium,,,,2014-03-05 14:00:00
2014-03-05,7:00pm,USD,FOMC Member Fisher Speaks,Medium,,,,2014-03-05 19:00:00
2014-03-05,7:30pm,AUD,Goods Trade Balance,High,1.43B,0.11B,0.59B,2014-03-05 19:30:00
2014-03-05,7:30pm,AUD,Retail Sales m/m,High,1.2%,0.5%,0.7%,2014-03-05 19:30:00
2014-03-05,8:15pm,CAD,Gov Council Member Macklem Speaks,Non-economic,,,,2014-03-05 20:15:00
2014-03-05,10:45pm,JPY,30-y Bond Auction,Non-economic,1.64|4.3,,1.59|3.4,2014-03-05 22:45:00
2014-03-06,2:59am,GBP,Halifax HPI m/m,Medium,2.4%,0.6%,1.2%,2014-03-06 02:59:00
2014-03-06,4:10am,EUR,Retail PMI,Non-economic,48.5,,50.5,2014-03-06 04:10:00
2014-03-06,4:45am,EUR,Spanish 10-y Bond Auction,Non-economic,3.34|2.8,,3.56|1.9,2014-03-06 04:45:00
2014-03-06,5:00am,EUR,French 10-y Bond Auction,Non-economic,2.20|2.1,,2.25|2.1,2014-03-06 05:00:00
2014-03-06,6:00am,EUR,German Factory Orders m/m,Medium,1.2%,1.1%,-0.2%,2014-03-06 06:00:00
2014-03-06,7:00am,GBP,Asset Purchase Facility,High,375B,375B,375B,2014-03-06 07:00:00
2014-03-06,7:00am,GBP,Official Bank Rate,High,0.50%,0.50%,0.50%,2014-03-06 07:00:00
2014-03-06,7:30am,USD,Challenger Job Cuts y/y,Non-economic,-24.4%,,11.6%,2014-03-06 07:30:00
2014-03-06,7:45am,EUR,Main Refinancing Rate,High,0.25%,0.25%,0.25%,2014-03-06 07:45:00
2014-03-06,8:15am,USD,FOMC Member Dudley Speaks,High,,,,2014-03-06 08:15:00
2014-03-06,8:30am,CAD,Building Permits m/m,High,8.5%,1.9%,-4.8%,2014-03-06 08:30:00
2014-03-06,8:30am,EUR,ECB Press Conference,High,,,,2014-03-06 08:30:00
2014-03-06,8:30am,USD,Unemployment Claims,High,323K,336K,349K,2014-03-06 08:30:00
2014-03-06,8:30am,USD,Revised Nonfarm Productivity q/q,Medium,1.8%,2.6%,3.2%,2014-03-06 08:30:00
2014-03-06,8:30am,USD,Revised Unit Labor Costs q/q,Non-economic,-0.1%,-1.0%,-1.6%,2014-03-06 08:30:00
2014-03-06,10:00am,CAD,Ivey PMI,High,57.2,56.7,56.8,2014-03-06 10:00:00
2014-03-06,10:00am,USD,Factory Orders m/m,Medium,-0.7%,-0.4%,-2.0%,2014-03-06 10:00:00
2014-03-06,10:30am,USD,Natural Gas Storage,Non-economic,-152B,-134B,-95B,2014-03-06 10:30:00
2014-03-06,11:30am,CAD,Gov Council Member Murray Speaks,Medium,,,,2014-03-06 11:30:00
2014-03-06,1:00pm,USD,FOMC Member Plosser Speaks,Medium,,,,2014-03-06 13:00:00
2014-03-06,5:17pm,AUD,AIG Construction Index,Non-economic,44.2,,48.2,2014-03-06 17:17:00
2014-03-06,5:30pm,AUD,RBA Gov Stevens Speaks,High,,,,2014-03-06 17:30:00
2014-03-07,12:00am,JPY,Leading Indicators,Non-economic,112.2%,112.4%,111.7%,2014-03-07 00:00:00
2014-03-07,1:45am,CHF,Unemployment Rate,Non-economic,3.2%,3.2%,3.2%,2014-03-07 01:45:00
2014-03-07,2:00am,EUR,German WPI m/m,Non-economic,-0.1%,0.6%,0.3%,2014-03-07 02:00:00
2014-03-07,2:45am,EUR,French Gov Budget Balance,Non-economic,-12.7B,,-74.9B,2014-03-07 02:45:00
2014-03-07,2:45am,EUR,French Trade Balance,Non-economic,-5.7B,-5.3B,-5.2B,2014-03-07 02:45:00
2014-03-07,3:00am,CHF,Foreign Currency Reserves,Medium,434B,,438B,2014-03-07 03:00:00
2014-03-07,3:15am,CHF,CPI m/m,Medium,0.1%,0.4%,-0.3%,2014-03-07 03:15:00
2014-03-07,4:30am,GBP,Consumer Inflation Expectations,Medium,2.8%,,3.6%,2014-03-07 04:30:00
2014-03-07,6:00am,EUR,German Industrial Production m/m,Medium,0.8%,0.7%,0.1%,2014-03-07 06:00:00
2014-03-07,8:30am,CAD,Employment Change,High,-7.0K,16.9K,29.4K,2014-03-07 08:30:00
2014-03-07,8:30am,CAD,Trade Balance,High,-0.2B,-1.6B,-0.9B,2014-03-07 08:30:00
2014-03-07,8:30am,CAD,Unemployment Rate,High,7.0%,7.0%,7.0%,2014-03-07 08:30:00
2014-03-07,8:30am,CAD,Labor Productivity q/q,Medium,1.0%,0.6%,0.3%,2014-03-07 08:30:00
2014-03-07,8:30am,USD,Non-Farm Employment Change,High,175K,151K,129K,2014-03-07 08:30:00
2014-03-07,8:30am,USD,Trade Balance,High,-39.1B,-39.1B,-39.0B,2014-03-07 08:30:00
2014-03-07,8:30am,USD,Unemployment Rate,High,6.7%,6.6%,6.6%,2014-03-07 08:30:00
2014-03-07,8:30am,USD,Average Hourly Earnings m/m,Medium,0.4%,0.2%,0.2%,2014-03-07 08:30:00
2014-03-07,12:00pm,USD,FOMC Member Dudley Speaks,Medium,,,,2014-03-07 12:00:00
2014-03-07,3:00pm,USD,Consumer Credit m/m,Non-economic,13.7B,14.6B,15.9B,2014-03-07 15:00:00
2014-03-07,9:02pm,CNY,USD-Denominated Trade Balance,High,-23.0B,13.2B,31.9B,2014-03-07 21:02:00
2014-03-08,8:30pm,CNY,CPI y/y,High,2.0%,2.1%,2.5%,2014-03-08 20:30:00
2014-03-08,8:30pm,CNY,PPI y/y,Medium,-2.0%,-1.9%,-1.6%,2014-03-08 20:30:00
2014-03-09,2:00am,CAD,Daylight Saving Time Shift,Low,,,,2014-03-09 02:00:00
2014-03-09,2:00am,USD,Daylight Saving Time Shift,Low,,,,2014-03-09 02:00:00
2014-03-09,4:45pm,NZD,Manufacturing Sales q/q,Non-economic,6.3%,,6.2%,2014-03-09 16:45:00
2014-03-09,6:50pm,JPY,Current Account,Medium,-0.59T,-0.59T,0.07T,2014-03-09 18:50:00
2014-03-09,6:50pm,JPY,Final GDP q/q,Medium,0.2%,0.2%,0.3%,2014-03-09 18:50:00
2014-03-09,6:50pm,JPY,Bank Lending y/y,Non-economic,2.2%,,2.3%,2014-03-09 18:50:00
2014-03-09,6:50pm,JPY,Final GDP Price Index y/y,Non-economic,-0.3%,-0.4%,-0.4%,2014-03-09 18:50:00
2014-03-10,12:00am,JPY,Economy Watchers Sentiment,Non-economic,53.0,54.3,54.7,2014-03-10 00:00:00
2014-03-10,2:45am,EUR,French Industrial Production m/m,Medium,-0.2%,0.6%,-0.6%,2014-03-10 02:45:00
2014-03-10,3:03am,CNY,New Loans,Medium,645B,730B,1320B,2014-03-10 03:03:00
2014-03-10,3:03am,CNY,M2 Money Supply y/y,Non-economic,13.3%,13.2%,13.2%,2014-03-10 03:03:00
2014-03-10,3:15am,CHF,Retail Sales y/y,Medium,0.3%,2.7%,2.5%,2014-03-10 03:15:00
2014-03-10,4:00am,EUR,Italian Industrial Production m/m,Non-economic,1.0%,0.4%,-0.8%,2014-03-10 04:00:00
2014-03-10,4:30am,EUR,Sentix Investor Confidence,Non-economic,13.9,14.3,13.3,2014-03-10 04:30:00
2014-03-10,5:15am,USD,FOMC Member Plosser Speaks,Medium,,,,2014-03-10 05:15:00
2014-03-10,All Day,EUR,Eurogroup Meetings,Medium,,,,2014-03-10 00:00:00
2014-03-10,7:12am,CAD,Housing Starts,Non-economic,192K,190K,180K,2014-03-10 07:12:00
2014-03-10,9:15am,GBP,MPC Member Bean Speaks,Medium,,,,2014-03-10 09:15:00
2014-03-10,2:59pm,NZD,REINZ HPI m/m,Non-economic,2.1%,,-2.4%,2014-03-10 14:59:00
2014-03-10,6:50pm,JPY,M2 Money Stock y/y,Non-economic,4.0%,4.4%,4.3%,2014-03-10 18:50:00
2014-03-10,7:01pm,GBP,BRC Retail Sales Monitor y/y,Medium,-1.0%,,3.9%,2014-03-10 19:01:00
2014-03-10,7:30pm,AUD,NAB Business Confidence,High,7,,9,2014-03-10 19:30:00
2014-03-10,10:00pm,JPY,Monetary Policy Statement,High,,,,2014-03-10 22:00:00
2014-03-11,1:00am,JPY,Prelim Machine Tool Orders y/y,Non-economic,26.0%,,40.3%,2014-03-11 01:00:00
2014-03-11,2:00am,EUR,German Trade Balance,Medium,17.2B,19.3B,18.3B,2014-03-11 02:00:00
2014-03-11,2:26am,JPY,BOJ Press Conference,High,,,,2014-03-11 02:26:00
2014-03-11,4:30am,GBP,Manufacturing Production m/m,High,0.4%,0.3%,0.4%,2014-03-11 04:30:00
2014-03-11,4:30am,GBP,Monetary Policy Report Hearings,High,,,,2014-03-11 04:30:00
2014-03-11,4:30am,GBP,Industrial Production m/m,Non-economic,0.1%,0.3%,0.5%,2014-03-11 04:30:00
2014-03-11,All Day,EUR,ECOFIN Meetings,Medium,,,,2014-03-11 00:00:00
2014-03-11,5:35am,GBP,10-y Bond Auction,Non-economic,2.93|2.2,,2.73|1.8,2014-03-11 05:35:00
2014-03-11,6:30am,USD,NFIB Small Business Index,Non-economic,91.4,95.3,94.1,2014-03-11 06:30:00
2014-03-11,9:00am,USD,JOLTS Job Openings,High,3.97M,4.02M,3.91M,2014-03-11 09:00:00
2014-03-11,9:00am,USD,Final Wholesale Inventories m/m,Non-economic,0.6%,0.5%,0.4%,2014-03-11 09:00:00
2014-03-11,10:00am,GBP,NIESR GDP Estimate,Medium,0.8%,,0.7%,2014-03-11 10:00:00
2014-03-11,6:30pm,AUD,Westpac Consumer Sentiment,Medium,-0.7%,,-3.0%,2014-03-11 18:30:00
2014-03-11,6:50pm,JPY,BSI Manufacturing Index,Medium,12.5,11.3,9.7,2014-03-11 18:50:00
2014-03-11,6:50pm,JPY,Tertiary Industry Activity m/m,Medium,0.9%,0.7%,-0.5%,2014-03-11 18:50:00
2014-03-11,6:50pm,JPY,PPI y/y,Non-economic,1.8%,2.2%,2.5%,2014-03-11 18:50:00
2014-03-11,7:30pm,AUD,Home Loans m/m,Medium,0.0%,0.8%,-3.3%,2014-03-11 19:30:00
2014-03-12,12:00am,JPY,BOJ Monthly Report,Non-economic,,,,2014-03-12 00:00:00
2014-03-12,12:00am,JPY,Consumer Confidence,Non-economic,38.3,40.3,40.5,2014-03-12 00:00:00
2014-03-12,1:30am,EUR,French Final Private Payrolls q/q,Non-economic,0.1%,0.1%,0.1%,2014-03-12 01:30:00
2014-03-12,5:00am,EUR,Industrial Production m/m,Medium,-0.2%,0.6%,-0.4%,2014-03-12 05:00:00
2014-03-12,5:00am,EUR,Trade Balance,Non-economic,13.7B,14.5B,16.0B,2014-03-12 05:00:00
2014-03-12,All Day,All,G7 Meetings,High,,,,2014-03-12 00:00:00
2014-03-12,9:30am,USD,Crude Oil Inventories,Medium,6.2M,2.1M,1.4M,2014-03-12 09:30:00
2014-03-12,12:01pm,USD,10-y Bond Auction,Medium,2.73|2.9,,2.80|2.5,2014-03-12 12:01:00
2014-03-12,1:00pm,USD,Treasury Sec Lew Speaks,Non-economic,,,,2014-03-12 13:00:00
2014-03-12,3:00pm,NZD,Official Cash Rate,High,2.75%,2.75%,2.50%,2014-03-12 15:00:00
2014-03-12,3:00pm,NZD,RBNZ Monetary Policy Statement,High,,,,2014-03-12 15:00:00
2014-03-12,3:00pm,NZD,RBNZ Press Conference,High,,,,2014-03-12 15:00:00
2014-03-12,3:00pm,NZD,RBNZ Rate Statement,High,,,,2014-03-12 15:00:00
2014-03-12,4:45pm,NZD,FPI m/m,Non-economic,-1.0%,,1.2%,2014-03-12 16:45:00
2014-03-12,6:50pm,JPY,Core Machinery Orders m/m,Medium,13.4%,7.3%,-15.7%,2014-03-12 18:50:00
2014-03-12,7:00pm,AUD,MI Inflation Expectations,Medium,2.1%,,2.3%,2014-03-12 19:00:00
2014-03-12,7:01pm,GBP,RICS House Price Balance,Non-economic,45%,52%,52%,2014-03-12 19:01:00
2014-03-12,7:30pm,AUD,Employment Change,High,47.3K,15.3K,18.0K,2014-03-12 19:30:00
2014-03-12,7:30pm,AUD,Unemployment Rate,High,6.0%,6.0%,6.0%,2014-03-12 19:30:00
2014-03-12,8:10pm,NZD,RBNZ Gov Wheeler Speaks,High,,,,2014-03-12 20:10:00
2014-03-13,12:47am,CNY,Industrial Production y/y,High,8.6%,9.5%,9.7%,2014-03-13 00:47:00
2014-03-13,12:47am,CNY,Fixed Asset Investment ytd/y,Medium,17.9%,19.5%,19.6%,2014-03-13 00:47:00
2014-03-13,12:47am,CNY,Retail Sales y/y,Non-economic,11.8%,13.5%,13.6%,2014-03-13 00:47:00
2014-03-13,2:45am,EUR,French Final CPI m/m,Non-economic,0.6%,0.4%,-0.6%,2014-03-13 02:45:00
2014-03-13,4:00am,EUR,ECB Monthly Bulletin,Medium,,,,2014-03-13 04:00:00
2014-03-13,7:30am,CAD,NHPI m/m,Medium,0.3%,0.3%,0.1%,2014-03-13 07:30:00
2014-03-13,7:30am,CAD,Capacity Utilization Rate,Non-economic,82.0%,82.3%,81.2%,2014-03-13 07:30:00
2014-03-13,7:30am,USD,Core Retail Sales m/m,High,0.3%,0.2%,-0.3%,2014-03-13 07:30:00
2014-03-13,7:30am,USD,Retail Sales m/m,High,0.3%,0.3%,-0.6%,2014-03-13 07:30:00
2014-03-13,7:30am,USD,Unemployment Claims,High,315K,334K,324K,2014-03-13 07:30:00
2014-03-13,7:30am,USD,Import Prices m/m,Medium,0.9%,0.6%,0.4%,2014-03-13 07:30:00
2014-03-13,9:00am,USD,Business Inventories m/m,Medium,0.4%,0.4%,0.5%,2014-03-13 09:00:00
2014-03-13,9:00am,USD,Fed Gov Nomination Hearings,Medium,,,,2014-03-13 09:00:00
2014-03-13,9:30am,USD,Natural Gas Storage,Non-economic,-195B,-199B,-152B,2014-03-13 09:30:00
2014-03-13,12:01pm,USD,30-y Bond Auction,Non-economic,3.63|2.4,,3.69|2.3,2014-03-13 12:01:00
2014-03-13,12:52pm,USD,Federal Budget Balance,Medium,-193.5B,-223.2B,-10.4B,2014-03-13 12:52:00
2014-03-13,4:30pm,NZD,BusinessNZ Manufacturing Index,Medium,56.2,,56.3,2014-03-13 16:30:00
2014-03-13,6:50pm,JPY,Monetary Policy Meeting Minutes,Medium,,,,2014-03-13 18:50:00
2014-03-13,11:30pm,JPY,Revised Industrial Production m/m,Non-economic,3.8%,4.0%,4.0%,2014-03-13 23:30:00
2014-03-14,2:00am,EUR,German Final CPI m/m,Non-economic,0.5%,0.5%,0.5%,2014-03-14 02:00:00
2014-03-14,3:15am,CHF,PPI m/m,Medium,-0.4%,0.3%,0.0%,2014-03-14 03:15:00
2014-03-14,4:30am,GBP,Goods Trade Balance,Medium,-9.8B,-8.7B,-7.7B,2014-03-14 04:30:00
2014-03-14,4:30am,GBP,Construction Output m/m,Non-economic,1.8%,1.4%,2.0%,2014-03-14 04:30:00
2014-03-14,5:00am,EUR,Final Employment Change q/q,Non-economic,0.1%,0.0%,0.0%,2014-03-14 05:00:00
2014-03-14,5:00am,GBP,CB Leading Index m/m,Non-economic,0.7%,,-0.1%,2014-03-14 05:00:00
2014-03-14,7:30am,USD,PPI m/m,High,-0.1%,0.2%,0.2%,2014-03-14 07:30:00
2014-03-14,7:30am,USD,Core PPI m/m,Medium,-0.2%,0.1%,0.2%,2014-03-14 07:30:00
2014-03-14,8:55am,USD,Prelim UoM Consumer Sentiment,High,79.9,81.9,81.6,2014-03-14 08:55:00
2014-03-14,8:55am,USD,Prelim UoM Inflation Expectations,Non-economic,3.2%,,3.2%,2014-03-14 08:55:00
2014-03-16,4:00pm,NZD,Westpac Consumer Sentiment,Non-economic,121.7,,120.1,2014-03-16 16:00:00
2014-03-16,4:30pm,NZD,BusinessNZ Services Index,Non-economic,53.1,,57.7,2014-03-16 16:30:00
2014-03-16,6:04pm,GBP,Rightmove HPI m/m,Non-economic,1.6%,,3.3%,2014-03-16 18:04:00
2014-03-16,7:30pm,AUD,New Motor Vehicle Sales m/m,Medium,0.1%,,-4.0%,2014-03-16 19:30:00
2014-03-17,4:30am,GBP,MPC Member Cunliffe Speaks,Medium,,,,2014-03-17 04:30:00
2014-03-17,5:00am,EUR,Final CPI y/y,Medium,0.7%,0.8%,0.8%,2014-03-17 05:00:00
2014-03-17,5:00am,EUR,Final Core CPI y/y,Non-economic,1.0%,1.0%,1.0%,2014-03-17 05:00:00
2014-03-17,7:30am,CAD,Foreign Securities Purchases,Medium,1.09B,3.24B,-4.28B,2014-03-17 07:30:00
2014-03-17,7:30am,USD,Empire State Manufacturing Index,Medium,5.6,6.6,4.5,2014-03-17 07:30:00
2014-03-17,8:15am,USD,Capacity Utilization Rate,Medium,78.8%,78.7%,78.5%,2014-03-17 08:15:00
2014-03-17,8:15am,USD,Industrial Production m/m,Medium,0.6%,0.2%,-0.2%,2014-03-17 08:15:00
2014-03-17,9:00am,USD,NAHB Housing Market Index,Medium,47,50,46,2014-03-17 09:00:00
2014-03-17,10:00am,EUR,German Buba President Weidmann Speaks,Medium,,,,2014-03-17 10:00:00
2014-03-17,7:30pm,AUD,Monetary Policy Meeting Minutes,High,,,,2014-03-17 19:30:00
2014-03-17,9:23pm,CNY,Foreign Direct Investment ytd/y,Non-economic,10.4%,,16.1%,2014-03-17 21:23:00
2014-03-18,1:45am,CHF,SECO Economic Forecasts,Non-economic,,,,2014-03-18 01:45:00
2014-03-18,2:00am,EUR,German WPI m/m,Non-economic,-0.1%,0.2%,-0.1%,2014-03-18 02:00:00
2014-03-18,4:00am,EUR,Italian Trade Balance,Non-economic,0.37B,2.47B,3.61B,2014-03-18 04:00:00
2014-03-18,4:15am,EUR,German Constitutional Court Ruling,Medium,,,,2014-03-18 04:15:00
2014-03-18,5:00am,EUR,German ZEW Economic Sentiment,High,46.6,52.8,55.7,2014-03-18 05:00:00
2014-03-18,5:00am,EUR,ZEW Economic Sentiment,Medium,61.5,67.3,68.5,2014-03-18 05:00:00
2014-03-18,7:30am,CAD,Manufacturing Sales m/m,High,1.5%,1.1%,-1.5%,2014-03-18 07:30:00
2014-03-18,7:30am,USD,Building Permits,High,1.02M,0.97M,0.95M,2014-03-18 07:30:00
2014-03-18,7:30am,USD,Core CPI m/m,High,0.1%,0.1%,0.1%,2014-03-18 07:30:00
2014-03-18,7:30am,USD,CPI y/y,High,1.1%,1.2%,1.6%,2014-03-18 07:30:00
2014-03-18,7:30am,USD,CPI m/m,Medium,0.1%,0.1%,0.1%,2014-03-18 07:30:00
2014-03-18,7:30am,USD,Housing Starts,Medium,0.91M,0.92M,0.91M,2014-03-18 07:30:00
2014-03-18,8:00am,USD,TIC Long-Term Purchases,Medium,7.3B,23.4B,-45.9B,2014-03-18 08:00:00
2014-03-18,8:30am,NZD,GDT Price Index,Non-economic,-5.2%,,-4.0%,2014-03-18 08:30:00
2014-03-18,10:55am,CAD,BOC Gov Poloz Speaks,High,,,,2014-03-18 10:55:00
2014-03-18,12:45pm,GBP,BOE Gov Carney Speaks,High,,,,2014-03-18 12:45:00
2014-03-18,4:45pm,NZD,Current Account,Medium,-1.43B,-1.44B,-4.88B,2014-03-18 16:45:00
2014-03-18,6:30pm,AUD,MI Leading Index m/m,Non-economic,-0.1%,,-0.1%,2014-03-18 18:30:00
2014-03-18,6:50pm,JPY,Trade Balance,Medium,-1.13T,-0.89T,-1.76T,2014-03-18 18:50:00
2014-03-18,11:30pm,JPY,All Industries Activity m/m,Non-economic,1.0%,1.3%,-0.3%,2014-03-18 23:30:00
2014-03-19,12:00am,JPY,BOJ Gov Kuroda Speaks,High,,,,2014-03-19 00:00:00
2014-03-19,4:30am,GBP,Claimant Count Change,High,-34.6K,-23.3K,-33.9K,2014-03-19 04:30:00
2014-03-19,4:30am,GBP,MPC Asset Purchase Facility Votes,High,0-0-9,0-0-9,0-0-9,2014-03-19 04:30:00
2014-03-19,4:30am,GBP,MPC Official Bank Rate Votes,High,0-0-9,0-0-9,0-0-9,2014-03-19 04:30:00
2014-03-19,4:30am,GBP,Unemployment Rate,High,7.2%,7.2%,7.2%,2014-03-19 04:30:00
2014-03-19,4:30am,GBP,Average Earnings Index 3m/y,Medium,1.4%,1.3%,1.2%,2014-03-19 04:30:00
2014-03-19,5:00am,CHF,UBS Economic Expectations,Medium,19.0,,28.7,2014-03-19 05:00:00
2014-03-19,5:43am,EUR,German 10-y Bond Auction,Medium,1.58|1.6,,1.64|1.1,2014-03-19 05:43:00
2014-03-19,7:30am,CAD,Wholesale Sales m/m,Medium,0.8%,1.2%,-1.3%,2014-03-19 07:30:00
2014-03-19,7:30am,GBP,Annual Budget Release,High,,,,2014-03-19 07:30:00
2014-03-19,7:30am,USD,Current Account,Medium,-81B,-88B,-96B,2014-03-19 07:30:00
2014-03-19,9:30am,USD,Crude Oil Inventories,Medium,5.9M,2.4M,6.2M,2014-03-19 09:30:00
2014-03-19,12:45pm,CHF,SNB Chairman Jordan Speaks,High,,,,2014-03-19 12:45:00
2014-03-19,1:00pm,USD,FOMC Economic Projections,High,,,,2014-03-19 13:00:00
2014-03-19,1:00pm,USD,FOMC Statement,High,,,,2014-03-19 13:00:00
2014-03-19,1:00pm,USD,Federal Funds Rate,Medium,<0.25%,<0.25%,<0.25%,2014-03-19 13:00:00
2014-03-19,1:30pm,USD,FOMC Press Conference,High,,,,2014-03-19 13:30:00
2014-03-19,4:45pm,NZD,GDP q/q,High,0.9%,1.0%,1.2%,2014-03-19 16:45:00
2014-03-19,7:30pm,AUD,RBA Bulletin,Non-economic,,,,2014-03-19 19:30:00
2014-03-20,2:00am,CHF,Trade Balance,Non-economic,2.62B,2.47B,2.55B,2014-03-20 02:00:00
2014-03-20,2:00am,EUR,German PPI m/m,Medium,0.0%,0.2%,-0.1%,2014-03-20 02:00:00
2014-03-20,2:15am,JPY,BOJ Gov Kuroda Speaks,High,,,,2014-03-20 02:15:00
2014-03-20,3:30am,CHF,Libor Rate,High,<0.25%,<0.25%,<0.25%,2014-03-20 03:30:00
2014-03-20,3:30am,CHF,SNB Monetary Policy Assessment,High,,,,2014-03-20 03:30:00
2014-03-20,Day 1,EUR,EU Economic Summit,Medium,,,,2014-03-20 00:00:00
2014-03-20,6:00am,GBP,CBI Industrial Order Expectations,Medium,6,5,3,2014-03-20 06:00:00
2014-03-20,7:30am,USD,Unemployment Claims,High,320K,327K,315K,2014-03-20 07:30:00
2014-03-20,9:00am,USD,Existing Home Sales,High,4.60M,4.65M,4.62M,2014-03-20 09:00:00
2014-03-20,9:00am,USD,Philly Fed Manufacturing Index,High,9.0,4.2,-6.3,2014-03-20 09:00:00
2014-03-20,9:00am,USD,CB Leading Index m/m,Non-economic,0.5%,0.3%,0.1%,2014-03-20 09:00:00
2014-03-20,9:30am,USD,Natural Gas Storage,Non-economic,-48B,-58B,-195B,2014-03-20 09:30:00
2014-03-20,11:30am,GBP,MPC Member Weale Speaks,Medium,,,,2014-03-20 11:30:00
2014-03-20,3:00pm,USD,Bank Stress Test Results,Medium,,,,2014-03-20 15:00:00
2014-03-20,4:45pm,NZD,Visitor Arrivals m/m,Non-economic,2.2%,,2.8%,2014-03-20 16:45:00
2014-03-20,6:00pm,AUD,CB Leading Index m/m,Medium,0.2%,,0.8%,2014-03-20 18:00:00
2014-03-20,All Day,JPY,Bank Holiday,Low,,,,2014-03-20 00:00:00
2014-03-20,9:00pm,NZD,Credit Card Spending y/y,Non-economic,5.9%,,9.4%,2014-03-20 21:00:00
2014-03-21,4:00am,EUR,Current Account,Medium,25.3B,18.4B,20.0B,2014-03-21 04:00:00
2014-03-21,Day 2,EUR,EU Economic Summit,Medium,,,,2014-03-21 00:00:00
2014-03-21,4:30am,GBP,Public Sector Net Borrowing,Medium,7.5B,7.8B,-6.8B,2014-03-21 04:30:00
2014-03-21,7:30am,CAD,Core CPI m/m,High,0.7%,0.5%,0.2%,2014-03-21 07:30:00
2014-03-21,7:30am,CAD,Core Retail Sales m/m,High,1.0%,0.9%,-1.5%,2014-03-21 07:30:00
2014-03-21,7:30am,CAD,CPI m/m,Medium,0.8%,0.6%,0.3%,2014-03-21 07:30:00
2014-03-21,7:30am,CAD,Retail Sales m/m,Medium,1.3%,0.8%,-1.9%,2014-03-21 07:30:00
2014-03-21,10:00am,EUR,Consumer Confidence,Non-economic,-9,-12,-13,2014-03-21 10:00:00
2014-03-21,12:45pm,USD,FOMC Member Fisher Speaks,High,,,,2014-03-21 12:45:00
2014-03-21,3:30pm,GBP,MPC Member Dale Speaks,Medium,,,,2014-03-21 15:30:00
2014-03-21,3:30pm,USD,FOMC Member Kocherlakota Speaks,Medium,,,,2014-03-21 15:30:00
2014-03-21,5:30pm,USD,FOMC Member Stein Speaks,Medium,,,,2014-03-21 17:30:00
2014-03-22,11:30am,JPY,BOJ Gov Kuroda Speaks,High,,,,2014-03-22 11:30:00
2014-03-23,8:45pm,CNY,Caixin Flash Manufacturing PMI,High,48.1,48.7,48.5,2014-03-23 20:45:00
2014-03-24,3:00am,EUR,French Flash Manufacturing PMI,High,51.9,49.8,49.7,2014-03-24 03:00:00
2014-03-24,3:00am,EUR,French Flash Services PMI,Medium,51.4,47.9,47.2,2014-03-24 03:00:00
2014-03-24,3:30am,EUR,German Flash Manufacturing PMI,High,53.8,54.7,54.8,2014-03-24 03:30:00
2014-03-24,3:30am,EUR,German Flash Services PMI,Medium,54.0,55.8,55.9,2014-03-24 03:30:00
2014-03-24,4:00am,EUR,Flash Manufacturing PMI,Medium,53.0,53.2,53.2,2014-03-24 04:00:00
2014-03-24,4:00am,EUR,Flash Services PMI,Medium,52.4,52.6,52.6,2014-03-24 04:00:00
2014-03-24,6:00am,EUR,German Buba Monthly Report,Medium,,,,2014-03-24 06:00:00
2014-03-24,8:45am,USD,Flash Manufacturing PMI,Medium,55.5,56.6,57.1,2014-03-24 08:45:00
2014-03-24,9:00am,EUR,Belgian NBB Business Climate,Non-economic,-4.4,-5.1,-4.0,2014-03-24 09:00:00
2014-03-24,All Day,All,G7 Meetings,High,,,,2014-03-24 00:00:00
2014-03-24,11:30am,CAD,Gov Council Member Lane Speaks,Medium,,,,2014-03-24 11:30:00
2014-03-24,9:00pm,CNY,CB Leading Index m/m,Non-economic,0.9%,,0.3%,2014-03-24 21:00:00
2014-03-24,11:45pm,AUD,RBA Deputy Gov Lowe Speaks,Medium,,,,2014-03-24 23:45:00
2014-03-25,4:00am,EUR,German ifo Business Climate,High,110.7,110.9,111.3,2014-03-25 04:00:00
2014-03-25,4:30am,GBP,CPI y/y,High,1.7%,1.7%,1.9%,2014-03-25 04:30:00
2014-03-25,4:30am,GBP,High Street Lending,Medium,47.6K,50.0K,49.3K,2014-03-25 04:30:00
2014-03-25,4:30am,GBP,PPI Input m/m,Medium,-0.4%,0.4%,-0.9%,2014-03-25 04:30:00
2014-03-25,4:30am,GBP,RPI y/y,Medium,2.7%,2.6%,2.8%,2014-03-25 04:30:00
2014-03-25,4:30am,GBP,Core CPI y/y,Non-economic,1.7%,1.6%,1.6%,2014-03-25 04:30:00
2014-03-25,4:30am,GBP,ONS HPI y/y,Non-economic,6.8%,5.7%,5.5%,2014-03-25 04:30:00
2014-03-25,4:30am,GBP,PPI Output m/m,Non-economic,0.0%,0.2%,0.3%,2014-03-25 04:30:00
2014-03-25,6:00am,GBP,CBI Realized Sales,Medium,13,30,37,2014-03-25 06:00:00
2014-03-25,8:00am,USD,S&P/CS Composite-20 HPI y/y,Medium,13.2%,13.3%,13.4%,2014-03-25 08:00:00
2014-03-25,8:00am,USD,HPI m/m,Non-economic,0.5%,0.7%,0.7%,2014-03-25 08:00:00
2014-03-25,8:59am,USD,Richmond Manufacturing Index,Non-economic,-7,-1,-6,2014-03-25 08:59:00
2014-03-25,9:00am,USD,CB Consumer Confidence,High,82.3,78.7,78.3,2014-03-25 09:00:00
2014-03-25,9:00am,USD,New Home Sales,High,440K,447K,455K,2014-03-25 09:00:00
2014-03-25,11:00am,EUR,ECB President Draghi Speaks,High,,,,2014-03-25 11:00:00
2014-03-25,11:30am,EUR,German Buba President Weidmann Speaks,Medium,,,,2014-03-25 11:30:00
2014-03-25,5:30pm,AUD,RBA Deputy Gov Lowe Speaks,Medium,,,,2014-03-25 17:30:00
2014-03-25,6:00pm,USD,FOMC Member Plosser Speaks,Medium,,,,2014-03-25 18:00:00
2014-03-25,6:50pm,JPY,SPPI y/y,Non-economic,0.7%,0.8%,0.7%,2014-03-25 18:50:00
2014-03-25,7:30pm,AUD,RBA Financial Stability Review,Medium,,,,2014-03-25 19:30:00
2014-03-25,10:30pm,AUD,RBA Gov Stevens Speaks,High,,,,2014-03-25 22:30:00
2014-03-26,2:00am,CHF,UBS Consumption Indicator,Non-economic,1.57,,1.49,2014-03-26 02:00:00
2014-03-26,2:00am,EUR,German GfK Consumer Climate,Medium,8.5,8.5,8.5,2014-03-26 02:00:00
2014-03-26,4:00am,EUR,Italian Retail Sales m/m,Non-economic,0.0%,0.4%,-0.3%,2014-03-26 04:00:00
2014-03-26,7:30am,USD,Core Durable Goods Orders m/m,High,0.2%,0.3%,0.9%,2014-03-26 07:30:00
2014-03-26,7:30am,USD,Durable Goods Orders m/m,Medium,2.2%,1.1%,-1.3%,2014-03-26 07:30:00
2014-03-26,8:45am,USD,Flash Services PMI,Non-economic,55.5,54.2,53.3,2014-03-26 08:45:00
2014-03-26,9:00am,CHF,SNB Quarterly Bulletin,Non-economic,,,,2014-03-26 09:00:00
2014-03-26,9:30am,USD,Crude Oil Inventories,Medium,6.6M,2.9M,5.9M,2014-03-26 09:30:00
2014-03-26,3:00pm,USD,Bank Stress Test Results,Non-economic,,,,2014-03-26 15:00:00
2014-03-26,4:45pm,NZD,Trade Balance,High,818M,595M,286M,2014-03-26 16:45:00
2014-03-27,4:00am,EUR,M3 Money Supply y/y,Medium,1.3%,1.3%,1.2%,2014-03-27 04:00:00
2014-03-27,4:00am,EUR,Private Loans y/y,Medium,-2.2%,-2.1%,-2.3%,2014-03-27 04:00:00
2014-03-27,4:30am,GBP,Retail Sales m/m,High,1.7%,0.5%,-2.0%,2014-03-27 04:30:00
2014-03-27,4:30am,GBP,FPC Statement,Non-economic,,,,2014-03-27 04:30:00
2014-03-27,7:30am,USD,Unemployment Claims,High,311K,326K,321K,2014-03-27 07:30:00
2014-03-27,7:30am,USD,Final GDP q/q,Medium,2.6%,2.7%,2.4%,2014-03-27 07:30:00
2014-03-27,7:30am,USD,FOMC Member Pianalto Speaks,Medium,,,,2014-03-27 07:30:00
2014-03-27,7:30am,USD,Final GDP Price Index q/q,Non-economic,1.6%,1.6%,1.6%,2014-03-27 07:30:00
2014-03-27,9:00am,USD,Pending Home Sales m/m,High,-0.8%,0.1%,-0.2%,2014-03-27 09:00:00
2014-03-27,9:30am,USD,Natural Gas Storage,Non-economic,-57B,-49B,-48B,2014-03-27 09:30:00
2014-03-27,12:00pm,CHF,Gov Board Member Zurbrugg Speaks,Medium,,,,2014-03-27 12:00:00
2014-03-27,6:30pm,JPY,Household Spending y/y,Medium,-2.5%,0.2%,1.1%,2014-03-27 18:30:00
2014-03-27,6:30pm,JPY,Tokyo Core CPI y/y,Medium,1.0%,0.9%,0.9%,2014-03-27 18:30:00
2014-03-27,6:30pm,JPY,National Core CPI y/y,Non-economic,1.3%,1.3%,1.3%,2014-03-27 18:30:00
2014-03-27,6:30pm,JPY,Unemployment Rate,Non-economic,3.6%,3.7%,3.7%,2014-03-27 18:30:00
2014-03-27,6:50pm,JPY,Retail Sales y/y,Medium,3.6%,3.4%,4.4%,2014-03-27 18:50:00
2014-03-27,7:05pm,GBP,GfK Consumer Confidence,Non-economic,-5,-6,-7,2014-03-27 19:05:00
2014-03-27,7:20pm,USD,FOMC Member Tarullo Speaks,Non-economic,,,,2014-03-27 19:20:00
2014-03-28,2:00am,EUR,German Import Prices m/m,Non-economic,-0.1%,0.3%,-0.1%,2014-03-28 02:00:00
2014-03-28,All Day,EUR,German Prelim CPI m/m,Medium,0.3%,0.4%,0.5%,2014-03-28 00:00:00
2014-03-28,2:45am,EUR,French Consumer Spending m/m,Medium,0.1%,1.0%,-2.1%,2014-03-28 02:45:00
2014-03-28,3:00am,EUR,Spanish Flash CPI y/y,Medium,-0.2%,-0.1%,-0.1%,2014-03-28 03:00:00
2014-03-28,4:30am,GBP,Current Account,High,-22.4B,-13.5B,-22.8B,2014-03-28 04:30:00
2014-03-28,4:30am,GBP,Final GDP q/q,Medium,0.7%,0.7%,0.7%,2014-03-28 04:30:00
2014-03-28,4:30am,GBP,Index of Services 3m/3m,Non-economic,0.9%,0.6%,0.8%,2014-03-28 04:30:00
2014-03-28,4:30am,GBP,Revised Business Investment q/q,Non-economic,2.4%,2.4%,2.4%,2014-03-28 04:30:00
2014-03-28,5:21am,EUR,Italian 10-y Bond Auction,Medium,3.29|1.3,,3.42|1.6,2014-03-28 05:21:00
2014-03-28,7:30am,USD,Core PCE Price Index m/m,Medium,0.1%,0.1%,0.1%,2014-03-28 07:30:00
2014-03-28,7:30am,USD,Personal Spending m/m,Medium,0.3%,0.3%,0.2%,2014-03-28 07:30:00
2014-03-28,7:30am,USD,Personal Income m/m,Non-economic,0.3%,0.4%,0.3%,2014-03-28 07:30:00
2014-03-28,8:55am,USD,Revised UoM Consumer Sentiment,Medium,80.0,80.6,79.9,2014-03-28 08:55:00
2014-03-28,8:55am,USD,Revised UoM Inflation Expectations,Non-economic,3.2%,,3.2%,2014-03-28 08:55:00
2014-03-28,12:30pm,EUR,German Buba President Weidmann Speaks,Medium,,,,2014-03-28 12:30:00
2014-03-29,8:00pm,CHF,Daylight Saving Time Shift,Low,,,,2014-03-29 20:00:00
2014-03-29,8:00pm,EUR,Daylight Saving Time Shift,Low,,,,2014-03-29 20:00:00
2014-03-29,8:00pm,GBP,Daylight Saving Time Shift,Low,,,,2014-03-29 20:00:00
2014-03-30,4:45pm,NZD,Building Consents m/m,Medium,-1.7%,,-8.6%,2014-03-30 16:45:00
2014-03-30,6:15pm,JPY,Final Manufacturing PMI,Non-economic,53.9,,55.5,2014-03-30 18:15:00
2014-03-30,6:30pm,AUD,MI Inflation Gauge m/m,Non-economic,0.2%,,0.2%,2014-03-30 18:30:00
2014-03-30,6:50pm,JPY,Prelim Industrial Production m/m,Medium,-2.3%,3.6%,3.8%,2014-03-30 18:50:00
2014-03-30,7:00pm,AUD,HIA New Home Sales m/m,Medium,4.6%,,0.5%,2014-03-30 19:00:00
2014-03-30,7:00pm,NZD,ANZ Business Confidence,High,67.3,,70.8,2014-03-30 19:00:00
2014-03-30,7:30pm,AUD,Private Sector Credit m/m,Medium,0.4%,0.4%,0.4%,2014-03-30 19:30:00
2014-03-31,12:00am,JPY,Housing Starts y/y,Non-economic,1.0%,5.2%,12.3%,2014-03-31 00:00:00
2014-03-31,1:00am,EUR,German Retail Sales m/m,Medium,1.3%,-0.3%,1.7%,2014-03-31 01:00:00
2014-03-31,2:00am,CHF,KOF Economic Barometer,Medium,1.99,2.08,2.03,2014-03-31 02:00:00
2014-03-31,3:30am,GBP,Net Lending to Individuals m/m,Medium,2.3B,2.3B,2.1B,2014-03-31 03:30:00
2014-03-31,3:30am,GBP,M4 Money Supply m/m,Non-economic,0.7%,0.5%,0.3%,2014-03-31 03:30:00
2014-03-31,3:30am,GBP,Mortgage Approvals,Non-economic,70K,75K,77K,2014-03-31 03:30:00
2014-03-31,4:00am,EUR,CPI Flash Estimate y/y,High,0.5%,0.6%,0.7%,2014-03-31 04:00:00
2014-03-31,4:00am,EUR,Core CPI Flash Estimate y/y,Medium,0.8%,,1.0%,2014-03-31 04:00:00
2014-03-31,4:00am,EUR,Italian Prelim CPI m/m,Non-economic,0.1%,0.2%,-0.1%,2014-03-31 04:00:00
2014-03-31,7:30am,CAD,GDP m/m,High,0.5%,0.4%,-0.5%,2014-03-31 07:30:00
2014-03-31,8:45am,USD,Chicago PMI,Medium,55.9,59.2,59.8,2014-03-31 08:45:00
2014-03-31,8:55am,USD,Fed Chair Yellen Speaks,High,,,,2014-03-31 08:55:00
2014-03-31,12:15pm,GBP,BOE Gov Carney Speaks,High,,,,2014-03-31 12:15:00
2014-03-31,5:24pm,AUD,AIG Manufacturing Index,Non-economic,47.9,,48.6,2014-03-31 17:24:00
2014-03-31,6:50pm,JPY,Tankan Manufacturing Index,Medium,17,19,16,2014-03-31 18:50:00
2014-03-31,6:50pm,JPY,Tankan Non-Manufacturing Index,Medium,24,24,20,2014-03-31 18:50:00
2014-03-31,8:00pm,CNY,Manufacturing PMI,High,50.3,50.1,50.2,2014-03-31 20:00:00
2014-03-31,8:30pm,JPY,Average Cash Earnings y/y,Medium,0.0%,-0.1%,-0.2%,2014-03-31 20:30:00
2014-03-31,8:45pm,CNY,RatingDog Manufacturing PMI,High,48.0,48.5,48.0,2014-03-31 20:45:00
2014-03-31,10:30pm,AUD,Cash Rate,High,2.50%,2.50%,2.50%,2014-03-31 22:30:00
2014-03-31,10:30pm,AUD,RBA Rate Statement,High,,,,2014-03-31 22:30:00
2014-03-31,10:45pm,JPY,10-y Bond Auction,Non-economic,0.63|4.8,,0.60|3.5,2014-03-31 22:45:00
2014-04-01,12:30am,AUD,Commodity Prices y/y,Non-economic,-12.8%,,-11.4%,2014-04-01 00:30:00
2014-04-01,2:15am,EUR,Spanish Manufacturing PMI,Medium,52.8,52.9,52.5,2014-04-01 02:15:00
2014-04-01,2:30am,CHF,Manufacturing PMI,Medium,54.4,56.9,57.6,2014-04-01 02:30:00
2014-04-01,2:45am,EUR,Italian Manufacturing PMI,Medium,52.4,52.2,52.3,2014-04-01 02:45:00
2014-04-01,2:50am,EUR,French Final Manufacturing PMI,Non-economic,51.8,51.9,51.9,2014-04-01 02:50:00
2014-04-01,2:55am,EUR,German Unemployment Change,Medium,-12K,-9K,-15K,2014-04-01 02:55:00
2014-04-01,2:55am,EUR,German Final Manufacturing PMI,Non-economic,53.7,53.8,53.8,2014-04-01 02:55:00
2014-04-01,3:00am,EUR,Final Manufacturing PMI,Non-economic,53.0,53.0,53.0,2014-04-01 03:00:00
2014-04-01,3:00am,EUR,Italian Monthly Unemployment Rate,Non-economic,13.0%,12.9%,12.9%,2014-04-01 03:00:00
2014-04-01,3:30am,GBP,Final Manufacturing PMI,High,55.3,56.7,56.2,2014-04-01 03:30:00
2014-04-01,3:30am,GBP,FPC Meeting Minutes,Non-economic,,,,2014-04-01 03:30:00
2014-04-01,4:00am,EUR,Unemployment Rate,Medium,11.9%,12.0%,11.9%,2014-04-01 04:00:00
2014-04-01,Day 1,EUR,ECOFIN Meetings,Medium,,,,2014-04-01 00:00:00
2014-04-01,7:30am,CAD,RMPI m/m,Medium,5.7%,2.3%,2.8%,2014-04-01 07:30:00
2014-04-01,7:30am,CAD,IPPI m/m,Non-economic,1.0%,0.7%,1.5%,2014-04-01 07:30:00
2014-04-01,8:30am,CAD,Manufacturing PMI,Non-economic,53.3,,52.9,2014-04-01 08:30:00
2014-04-01,8:30am,NZD,GDT Price Index,Non-economic,-8.9%,,-5.2%,2014-04-01 08:30:00
2014-04-01,8:45am,USD,Final Manufacturing PMI,Non-economic,55.5,55.9,55.5,2014-04-01 08:45:00
2014-04-01,9:00am,USD,ISM Manufacturing PMI,High,53.7,54.2,53.2,2014-04-01 09:00:00
2014-04-01,9:00am,USD,Construction Spending m/m,Non-economic,0.1%,0.2%,-0.2%,2014-04-01 09:00:00
2014-04-01,9:00am,USD,ISM Manufacturing Prices,Non-economic,59.0,59.2,60.0,2014-04-01 09:00:00
2014-04-01,9:00am,USD,RCM/TIPP Economic Optimism,Non-economic,48.0,46.3,45.1,2014-04-01 09:00:00
2014-04-01,All Day,USD,Total Vehicle Sales,Non-economic,16.4M,15.8M,15.3M,2014-04-01 00:00:00
2014-04-01,6:50pm,JPY,Monetary Base y/y,Non-economic,54.8%,60.2%,55.7%,2014-04-01 18:50:00
2014-04-01,7:00pm,NZD,ANZ Commodity Prices m/m,Non-economic,-0.1%,,0.9%,2014-04-01 19:00:00
2014-04-01,7:30pm,AUD,Building Approvals m/m,High,-5.0%,-1.7%,6.9%,2014-04-01 19:30:00
2014-04-02,1:00am,GBP,Nationwide HPI m/m,Medium,0.4%,0.7%,0.7%,2014-04-02 01:00:00
2014-04-02,2:00am,EUR,Spanish Unemployment Change,Medium,-16.6K,-5.3K,-1.9K,2014-04-02 02:00:00
2014-04-02,3:30am,GBP,Construction PMI,High,62.5,63.1,62.6,2014-04-02 03:30:00
2014-04-02,4:00am,EUR,Final GDP q/q,Non-economic,0.2%,0.3%,0.3%,2014-04-02 04:00:00
2014-04-02,4:00am,EUR,PPI m/m,Non-economic,-0.2%,0.0%,-0.3%,2014-04-02 04:00:00
2014-04-02,Day 2,EUR,ECOFIN Meetings,Medium,,,,2014-04-02 00:00:00
2014-04-02,4:34am,GBP,30-y Bond Auction,Non-economic,3.53|1.8,,3.59|1.9,2014-04-02 04:34:00
2014-04-02,6:45am,GBP,MPC Member Cunliffe Speaks,Medium,,,,2014-04-02 06:45:00
2014-04-02,7:15am,USD,ADP Non-Farm Employment Change,High,191K,192K,178K,2014-04-02 07:15:00
2014-04-02,9:00am,USD,Factory Orders m/m,Medium,1.6%,1.3%,-1.0%,2014-04-02 09:00:00
2014-04-02,9:30am,USD,Crude Oil Inventories,Medium,-2.4M,1.3M,6.6M,2014-04-02 09:30:00
2014-04-02,5:12pm,AUD,AIG Services Index,Non-economic,48.9,,55.2,2014-04-02 17:12:00
2014-04-02,7:30pm,AUD,Goods Trade Balance,High,1.20B,0.82B,1.39B,2014-04-02 19:30:00
2014-04-02,7:30pm,AUD,Retail Sales m/m,High,0.2%,0.4%,1.2%,2014-04-02 19:30:00
2014-04-02,8:00pm,CNY,Non-Manufacturing PMI,Medium,54.5,,55.0,2014-04-02 20:00:00
2014-04-02,8:45pm,CNY,RatingDog Services PMI,Medium,51.9,,51.0,2014-04-02 20:45:00
2014-04-02,9:50pm,AUD,RBA Gov Stevens Speaks,High,,,,2014-04-02 21:50:00
2014-04-03,2:15am,EUR,Spanish Services PMI,Medium,54.0,54.1,53.7,2014-04-03 02:15:00
2014-04-03,2:45am,EUR,Italian Services PMI,Medium,49.5,52.3,52.9,2014-04-03 02:45:00
2014-04-03,2:50am,EUR,French Final Services PMI,Non-economic,51.5,51.4,51.4,2014-04-03 02:50:00
2014-04-03,2:55am,EUR,German Final Services PMI,Non-economic,53.0,54.0,54.0,2014-04-03 02:55:00
2014-04-03,3:00am,EUR,Final Services PMI,Non-economic,52.2,52.4,52.4,2014-04-03 03:00:00
2014-04-03,3:30am,GBP,Final Services PMI,High,57.6,58.2,58.2,2014-04-03 03:30:00
2014-04-03,3:30am,GBP,BOE Credit Conditions Survey,Medium,,,,2014-04-03 03:30:00
2014-04-03,3:30am,GBP,Housing Equity Withdrawal q/q,Non-economic,-10.6B,-9.4B,-10.6B,2014-04-03 03:30:00
2014-04-03,3:42am,EUR,Spanish 10-y Bond Auction,Non-economic,3.29|2.1,,3.34|2.8,2014-04-03 03:42:00
2014-04-03,4:00am,EUR,Retail Sales m/m,Medium,0.4%,-0.3%,1.0%,2014-04-03 04:00:00
2014-04-03,4:02am,EUR,French 10-y Bond Auction,Non-economic,2.15|2.0,,2.20|2.1,2014-04-03 04:02:00
2014-04-03,6:30am,USD,Challenger Job Cuts y/y,Non-economic,-30.2%,,-24.4%,2014-04-03 06:30:00
2014-04-03,6:45am,EUR,Main Refinancing Rate,High,0.25%,0.25%,0.25%,2014-04-03 06:45:00
2014-04-03,7:30am,CAD,Trade Balance,High,0.3B,0.2B,-0.3B,2014-04-03 07:30:00
2014-04-03,7:30am,EUR,ECB Press Conference,High,,,,2014-04-03 07:30:00
2014-04-03,7:30am,USD,Trade Balance,High,-42.3B,-38.3B,-39.3B,2014-04-03 07:30:00
2014-04-03,7:30am,USD,Unemployment Claims,High,326K,319K,310K,2014-04-03 07:30:00
2014-04-03,8:45am,USD,Final Services PMI,Non-economic,55.3,55.5,55.5,2014-04-03 08:45:00
2014-04-03,9:00am,EUR,ECB President Draghi Speaks,High,,,,2014-04-03 09:00:00
2014-04-03,9:00am,USD,ISM Services PMI,High,53.1,53.5,51.6,2014-04-03 09:00:00
2014-04-03,9:30am,USD,Natural Gas Storage,Non-economic,-74B,-75B,-57B,2014-04-03 09:30:00
2014-04-04,1:00am,EUR,German Factory Orders m/m,Medium,0.6%,0.5%,0.1%,2014-04-04 01:00:00
2014-04-04,1:58am,GBP,Halifax HPI m/m,Medium,-1.1%,0.7%,2.5%,2014-04-04 01:58:00
2014-04-04,3:10am,EUR,Retail PMI,Non-economic,49.2,,48.5,2014-04-04 03:10:00
2014-04-04,7:30am,CAD,Employment Change,High,42.9K,21.5K,-7.0K,2014-04-04 07:30:00
2014-04-04,7:30am,CAD,Unemployment Rate,High,6.9%,7.0%,7.0%,2014-04-04 07:30:00
2014-04-04,7:30am,USD,Non-Farm Employment Change,High,192K,199K,197K,2014-04-04 07:30:00
2014-04-04,7:30am,USD,Unemployment Rate,High,6.7%,6.6%,6.7%,2014-04-04 07:30:00
2014-04-04,7:30am,USD,Average Hourly Earnings m/m,Medium,0.0%,0.2%,0.4%,2014-04-04 07:30:00
2014-04-04,9:00am,CAD,Ivey PMI,High,55.2,58.3,57.2,2014-04-04 09:00:00
2014-04-05,9:00am,NZD,Daylight Saving Time Shift,Low,,,,2014-04-05 09:00:00
2014-04-05,11:00am,AUD,Daylight Saving Time Shift,Low,,,,2014-04-05 11:00:00
2014-04-06,6:30pm,AUD,AIG Construction Index,Non-economic,46.2,,44.2,2014-04-06 18:30:00
2014-04-06,All Day,CNY,Bank Holiday,Low,,,,2014-04-06 00:00:00
2014-04-06,8:30pm,AUD,ANZ Job Advertisements m/m,Medium,1.4%,,4.7%,2014-04-06 20:30:00
2014-04-07,12:00am,JPY,Leading Indicators,Non-economic,108.5%,114.2%,113.1%,2014-04-07 00:00:00
2014-04-07,1:00am,EUR,German Industrial Production m/m,Non-economic,0.4%,0.3%,0.7%,2014-04-07 01:00:00
2014-04-07,2:00am,CHF,Foreign Currency Reserves,Medium,438B,,434B,2014-04-07 02:00:00
2014-04-07,2:15am,CHF,CPI m/m,Medium,0.4%,0.2%,0.1%,2014-04-07 02:15:00
2014-04-07,3:30am,EUR,Sentix Investor Confidence,Non-economic,14.1,14.1,13.9,2014-04-07 03:30:00
2014-04-07,9:30am,CAD,BOC Business Outlook Survey,Medium,,,,2014-04-07 09:30:00
2014-04-07,2:00pm,USD,Consumer Credit m/m,Non-economic,16.5B,14.1B,13.8B,2014-04-07 14:00:00
2014-04-07,5:00pm,NZD,NZIER Business Confidence,High,52,,52,2014-04-07 17:00:00
2014-04-07,6:50pm,JPY,Current Account,Medium,-0.04T,-0.04T,-0.59T,2014-04-07 18:50:00
2014-04-07,8:30pm,AUD,NAB Business Confidence,High,4,,9,2014-04-07 20:30:00
2014-04-07,9:50pm,JPY,Monetary Policy Statement,High,,,,2014-04-07 21:50:00
2014-04-08,12:00am,JPY,Economy Watchers Sentiment,Non-economic,57.9,54.1,53.0,2014-04-08 00:00:00
2014-04-08,12:45am,CHF,Unemployment Rate,Non-economic,3.2%,3.2%,3.2%,2014-04-08 00:45:00
2014-04-08,1:33am,JPY,BOJ Press Conference,High,,,,2014-04-08 01:33:00
2014-04-08,1:45am,EUR,French Gov Budget Balance,Non-economic,-25.7B,,-12.7B,2014-04-08 01:45:00
2014-04-08,1:45am,EUR,French Trade Balance,Non-economic,-3.4B,-4.9B,-5.6B,2014-04-08 01:45:00
2014-04-08,2:15am,CHF,Retail Sales y/y,Medium,1.0%,0.9%,-0.1%,2014-04-08 02:15:00
2014-04-08,3:30am,GBP,Manufacturing Production m/m,High,1.0%,0.3%,0.3%,2014-04-08 03:30:00
2014-04-08,3:30am,GBP,Industrial Production m/m,Non-economic,0.9%,0.3%,0.0%,2014-04-08 03:30:00
2014-04-08,6:30am,USD,NFIB Small Business Index,Non-economic,93.4,92.3,91.4,2014-04-08 06:30:00
2014-04-08,7:13am,CAD,Housing Starts,Non-economic,157K,193K,191K,2014-04-08 07:13:00
2014-04-08,7:30am,CAD,Building Permits m/m,High,-11.6%,-2.4%,8.1%,2014-04-08 07:30:00
2014-04-08,9:00am,GBP,NIESR GDP Estimate,Medium,0.9%,,0.9%,2014-04-08 09:00:00
2014-04-08,9:00am,USD,JOLTS Job Openings,High,4.17M,3.99M,3.87M,2014-04-08 09:00:00
2014-04-08,12:30pm,USD,FOMC Member Kocherlakota Speaks,Medium,,,,2014-04-08 12:30:00
2014-04-08,1:45pm,USD,FOMC Member Plosser Speaks,Medium,,,,2014-04-08 13:45:00
2014-04-08,6:01pm,GBP,BRC Shop Price Index y/y,Non-economic,-1.7%,,-1.4%,2014-04-08 18:01:00
2014-04-08,7:30pm,AUD,Westpac Consumer Sentiment,Medium,0.3%,,-0.7%,2014-04-08 19:30:00
2014-04-08,8:30pm,AUD,Home Loans m/m,Medium,2.3%,1.7%,1.1%,2014-04-08 20:30:00
2014-04-09,12:00am,JPY,BOJ Monthly Report,Non-economic,,,,2014-04-09 00:00:00
2014-04-09,1:00am,EUR,German Trade Balance,Medium,15.7B,18.0B,17.3B,2014-04-09 01:00:00
2014-04-09,3:30am,GBP,Goods Trade Balance,Medium,-9.1B,-9.3B,-9.5B,2014-04-09 03:30:00
2014-04-09,9:00am,USD,Final Wholesale Inventories m/m,Non-economic,0.5%,0.5%,0.8%,2014-04-09 09:00:00
2014-04-09,9:30am,USD,Crude Oil Inventories,Medium,4.0M,1.0M,-2.4M,2014-04-09 09:30:00
2014-04-09,12:01pm,USD,10-y Bond Auction,Medium,2.72|2.8,,2.73|2.9,2014-04-09 12:01:00
2014-04-09,1:00pm,USD,FOMC Meeting Minutes,High,,,,2014-04-09 13:00:00
2014-04-09,5:30pm,NZD,BusinessNZ Manufacturing Index,Medium,58.4,,56.5,2014-04-09 17:30:00
2014-04-09,6:00pm,USD,FOMC Member Tarullo Speaks,Non-economic,,,,2014-04-09 18:00:00
2014-04-09,6:01pm,GBP,RICS House Price Balance,Non-economic,57%,44%,47%,2014-04-09 18:01:00
2014-04-09,6:50pm,JPY,Core Machinery Orders m/m,Medium,-8.8%,-3.2%,13.4%,2014-04-09 18:50:00
2014-04-09,6:50pm,JPY,Bank Lending y/y,Non-economic,2.1%,,2.2%,2014-04-09 18:50:00
2014-04-09,8:00pm,AUD,MI Inflation Expectations,Medium,2.4%,,2.1%,2014-04-09 20:00:00
2014-04-09,8:30pm,AUD,Employment Change,High,18.1K,7.3K,48.2K,2014-04-09 20:30:00
2014-04-09,8:30pm,AUD,Unemployment Rate,High,5.8%,6.1%,6.1%,2014-04-09 20:30:00
2014-04-09,9:07pm,CNY,USD-Denominated Trade Balance,High,7.7B,-0.9B,-23.0B,2014-04-09 21:07:00
2014-04-10,1:00am,JPY,Prelim Machine Tool Orders y/y,Non-economic,41.8%,,26.1%,2014-04-10 01:00:00
2014-04-10,1:45am,EUR,French Industrial Production m/m,Medium,0.1%,0.2%,-0.3%,2014-04-10 01:45:00
2014-04-10,1:45am,EUR,French Final CPI m/m,Non-economic,0.4%,0.6%,0.6%,2014-04-10 01:45:00
2014-04-10,3:00am,EUR,ECB Monthly Bulletin,Medium,,,,2014-04-10 03:00:00
2014-04-10,3:00am,EUR,Italian Industrial Production m/m,Non-economic,-0.5%,-0.2%,1.1%,2014-04-10 03:00:00
2014-04-10,6:00am,GBP,Asset Purchase Facility,High,375B,375B,375B,2014-04-10 06:00:00
2014-04-10,6:00am,GBP,Official Bank Rate,High,0.50%,0.50%,0.50%,2014-04-10 06:00:00
2014-04-10,7:30am,CAD,NHPI m/m,Medium,0.2%,0.2%,0.3%,2014-04-10 07:30:00
2014-04-10,7:30am,USD,Unemployment Claims,High,300K,314K,332K,2014-04-10 07:30:00
2014-04-10,7:30am,USD,Import Prices m/m,Medium,0.6%,0.2%,0.9%,2014-04-10 07:30:00
2014-04-10,Day 1,All,G20 Meetings,High,,,,2014-04-10 00:00:00
2014-04-10,All Day,All,G7 Meetings,High,,,,2014-04-10 00:00:00
2014-04-10,9:30am,USD,Natural Gas Storage,Non-economic,4B,15B,-74B,2014-04-10 09:30:00
2014-04-10,12:01pm,USD,30-y Bond Auction,Non-economic,3.53|2.5,,3.63|2.4,2014-04-10 12:01:00
2014-04-10,12:59pm,USD,Federal Budget Balance,Medium,-36.9B,-76.5B,-193.5B,2014-04-10 12:59:00
2014-04-10,4:00pm,NZD,REINZ HPI m/m,Non-economic,3.4%,,2.1%,2014-04-10 16:00:00
2014-04-10,5:45pm,NZD,FPI m/m,Non-economic,-0.3%,,-1.0%,2014-04-10 17:45:00
2014-04-10,6:50pm,JPY,Monetary Policy Meeting Minutes,Medium,,,,2014-04-10 18:50:00
2014-04-10,6:50pm,JPY,M2 Money Stock y/y,Non-economic,3.5%,3.9%,4.0%,2014-04-10 18:50:00
2014-04-10,6:50pm,JPY,PPI y/y,Non-economic,1.7%,1.8%,1.8%,2014-04-10 18:50:00
2014-04-10,8:30pm,CNY,CPI y/y,High,2.4%,2.5%,2.0%,2014-04-10 20:30:00
2014-04-10,8:30pm,CNY,PPI y/y,Medium,-2.3%,-2.2%,-2.0%,2014-04-10 20:30:00
2014-04-10,10:45pm,JPY,30-y Bond Auction,Non-economic,1.70|2.9,,1.64|4.3,2014-04-10 22:45:00
2014-04-11,1:00am,EUR,German Final CPI m/m,Non-economic,0.3%,0.3%,0.3%,2014-04-11 01:00:00
2014-04-11,1:00am,EUR,German WPI m/m,Non-economic,0.0%,0.1%,-0.1%,2014-04-11 01:00:00
2014-04-11,3:30am,GBP,Construction Output m/m,Non-economic,-2.8%,-1.1%,2.1%,2014-04-11 03:30:00
2014-04-11,4:00am,GBP,CB Leading Index m/m,Non-economic,0.4%,,0.6%,2014-04-11 04:00:00
2014-04-11,7:30am,USD,PPI m/m,High,0.5%,0.1%,-0.1%,2014-04-11 07:30:00
2014-04-11,7:30am,USD,Core PPI m/m,Medium,0.6%,0.2%,-0.2%,2014-04-11 07:30:00
2014-04-11,8:55am,USD,Prelim UoM Consumer Sentiment,High,82.6,81.2,80.0,2014-04-11 08:55:00
2014-04-11,8:55am,USD,Prelim UoM Inflation Expectations,Non-economic,3.1%,,3.2%,2014-04-11 08:55:00
2014-04-11,Day 2,All,G20 Meetings,High,,,,2014-04-11 00:00:00
2014-04-11,Day 1,All,IMF Meetings,Non-economic,,,,2014-04-11 00:00:00
2014-04-12,Day 2,All,IMF Meetings,Medium,,,,2014-04-12 00:00:00
2014-04-12,11:00am,EUR,ECB President Draghi Speaks,High,,,,2014-04-12 11:00:00
2014-04-13,Day 3,All,IMF Meetings,Medium,,,,2014-04-13 00:00:00
2014-04-13,12:30pm,USD,FOMC Member Stein Speaks,Medium,,,,2014-04-13 12:30:00
2014-04-13,4:30pm,NZD,BusinessNZ Services Index,Non-economic,58.3,,53.6,2014-04-13 16:30:00
2014-04-13,6:01pm,GBP,Rightmove HPI m/m,Non-economic,2.6%,,1.6%,2014-04-13 18:01:00
2014-04-14,4:00am,EUR,Industrial Production m/m,Medium,0.2%,0.3%,0.0%,2014-04-14 04:00:00
2014-04-14,7:30am,USD,Core Retail Sales m/m,High,0.7%,0.5%,0.3%,2014-04-14 07:30:00
2014-04-14,7:30am,USD,Retail Sales m/m,High,1.1%,0.8%,0.7%,2014-04-14 07:30:00
2014-04-14,9:00am,USD,Business Inventories m/m,Medium,0.4%,0.5%,0.4%,2014-04-14 09:00:00
2014-04-14,11:45am,USD,FOMC Member Tarullo Speaks,Non-economic,,,,2014-04-14 11:45:00
2014-04-14,6:01pm,GBP,BRC Retail Sales Monitor y/y,Medium,-1.7%,,-1.0%,2014-04-14 18:01:00
2014-04-14,8:30pm,AUD,Monetary Policy Meeting Minutes,High,,,,2014-04-14 20:30:00
2014-04-14,9:00pm,CNY,New Loans,Medium,1050B,1000B,645B,2014-04-14 21:00:00
2014-04-14,9:00pm,CNY,M2 Money Supply y/y,Non-economic,12.1%,13.1%,13.3%,2014-04-14 21:00:00
2014-04-15,2:15am,CHF,PPI m/m,Medium,0.0%,0.3%,-0.4%,2014-04-15 02:15:00
2014-04-15,3:30am,GBP,CPI y/y,High,1.6%,1.6%,1.7%,2014-04-15 03:30:00
2014-04-15,3:30am,GBP,PPI Input m/m,Medium,-0.6%,-0.1%,-0.5%,2014-04-15 03:30:00
2014-04-15,3:30am,GBP,RPI y/y,Medium,2.5%,2.5%,2.7%,2014-04-15 03:30:00
2014-04-15,3:30am,GBP,Core CPI y/y,Non-economic,1.6%,1.6%,1.7%,2014-04-15 03:30:00
2014-04-15,3:30am,GBP,ONS HPI y/y,Non-economic,9.1%,7.2%,6.8%,2014-04-15 03:30:00
2014-04-15,3:30am,GBP,PPI Output m/m,Non-economic,0.2%,0.1%,0.1%,2014-04-15 03:30:00
2014-04-15,Jan Data,EUR,Trade Balance,Non-economic,13.9B,13.9B,14.7B,2014-04-15 00:00:00
2014-04-15,4:00am,EUR,German ZEW Economic Sentiment,High,43.2,46.3,46.6,2014-04-15 04:00:00
2014-04-15,4:00am,EUR,ZEW Economic Sentiment,Medium,61.2,60.7,61.5,2014-04-15 04:00:00
2014-04-15,4:00am,EUR,Trade Balance,Non-economic,15.0B,14.8B,13.9B,2014-04-15 04:00:00
2014-04-15,7:30am,CAD,Manufacturing Sales m/m,High,1.4%,1.1%,0.8%,2014-04-15 07:30:00
2014-04-15,7:30am,USD,Core CPI m/m,High,0.2%,0.1%,0.1%,2014-04-15 07:30:00
2014-04-15,7:30am,USD,CPI y/y,High,1.5%,1.5%,1.1%,2014-04-15 07:30:00
2014-04-15,7:30am,USD,CPI m/m,Medium,0.2%,0.1%,0.1%,2014-04-15 07:30:00
2014-04-15,7:30am,USD,Empire State Manufacturing Index,Medium,1.3,8.2,5.6,2014-04-15 07:30:00
2014-04-15,7:45am,USD,Fed Chair Yellen Speaks,High,,,,2014-04-15 07:45:00
2014-04-15,8:00am,USD,TIC Long-Term Purchases,Medium,85.7B,31.6B,7.7B,2014-04-15 08:00:00
2014-04-15,9:00am,USD,NAHB Housing Market Index,Medium,47,50,46,2014-04-15 09:00:00
2014-04-15,9:55am,NZD,GDT Price Index,Medium,-2.6%,,-8.9%,2014-04-15 09:55:00
2014-04-15,2:00pm,USD,FOMC Member Plosser Speaks,Medium,,,,2014-04-15 14:00:00
2014-04-15,4:15pm,USD,Treasury Currency Report,Medium,,,,2014-04-15 16:15:00
2014-04-15,5:45pm,NZD,CPI q/q,High,0.3%,0.5%,0.1%,2014-04-15 17:45:00
2014-04-15,7:00pm,USD,FOMC Member Kocherlakota Speaks,Medium,,,,2014-04-15 19:00:00
2014-04-15,7:30pm,AUD,MI Leading Index m/m,Non-economic,0.0%,,-0.1%,2014-04-15 19:30:00
2014-04-15,9:00pm,CNY,GDP q/y,High,7.4%,7.4%,7.7%,2014-04-15 21:00:00
2014-04-15,9:00pm,CNY,Industrial Production y/y,High,8.8%,9.1%,8.6%,2014-04-15 21:00:00
2014-04-15,9:00pm,CNY,Fixed Asset Investment ytd/y,Medium,17.6%,18.1%,17.9%,2014-04-15 21:00:00
2014-04-15,9:00pm,CNY,NBS Press Conference,Medium,,,,2014-04-15 21:00:00
2014-04-15,9:00pm,CNY,Retail Sales y/y,Non-economic,12.2%,11.9%,11.8%,2014-04-15 21:00:00
2014-04-15,11:30pm,JPY,Revised Industrial Production m/m,Non-economic,-2.3%,-2.3%,-2.3%,2014-04-15 23:30:00
2014-04-16,1:15am,JPY,BOJ Gov Kuroda Speaks,High,,,,2014-04-16 01:15:00
2014-04-16,3:00am,EUR,Current Account,Medium,21.9B,22.3B,25.4B,2014-04-16 03:00:00
2014-04-16,3:00am,EUR,Italian Trade Balance,Non-economic,2.62B,1.27B,0.36B,2014-04-16 03:00:00
2014-04-16,3:30am,GBP,Claimant Count Change,High,-30.4K,-30.2K,-37.0K,2014-04-16 03:30:00
2014-04-16,3:30am,GBP,Unemployment Rate,High,6.9%,7.2%,7.2%,2014-04-16 03:30:00
2014-04-16,3:30am,GBP,Average Earnings Index 3m/y,Medium,1.7%,1.8%,1.4%,2014-04-16 03:30:00
2014-04-16,4:00am,CHF,UBS Economic Expectations,Medium,7.0,,19.0,2014-04-16 04:00:00
2014-04-16,4:00am,EUR,Final CPI y/y,Medium,0.5%,0.5%,0.5%,2014-04-16 04:00:00
2014-04-16,4:00am,EUR,Final Core CPI y/y,Non-economic,0.7%,0.8%,0.8%,2014-04-16 04:00:00
2014-04-16,4:34am,EUR,German 10-y Bond Auction,Medium,1.49|1.3,,1.58|1.6,2014-04-16 04:34:00
2014-04-16,7:30am,CAD,Foreign Securities Purchases,Medium,6.08B,4.57B,1.22B,2014-04-16 07:30:00
2014-04-16,7:30am,USD,Building Permits,High,0.99M,1.00M,1.01M,2014-04-16 07:30:00
2014-04-16,7:30am,USD,FOMC Member Stein Speaks,Medium,,,,2014-04-16 07:30:00
2014-04-16,7:30am,USD,Housing Starts,Medium,0.95M,0.97M,0.92M,2014-04-16 07:30:00
2014-04-16,8:15am,USD,Capacity Utilization Rate,Medium,79.2%,78.8%,78.8%,2014-04-16 08:15:00
2014-04-16,8:15am,USD,Industrial Production m/m,Medium,0.7%,0.5%,1.2%,2014-04-16 08:15:00
2014-04-16,9:00am,CAD,BOC Monetary Policy Report,High,,,,2014-04-16 09:00:00
2014-04-16,9:00am,CAD,BOC Rate Statement,High,,,,2014-04-16 09:00:00
2014-04-16,9:00am,CAD,Overnight Rate,High,1.00%,1.00%,1.00%,2014-04-16 09:00:00
2014-04-16,9:30am,USD,Crude Oil Inventories,Medium,10.0M,1.3M,4.0M,2014-04-16 09:30:00
2014-04-16,10:00am,CAD,BOC Press Conference,High,,,,2014-04-16 10:00:00
2014-04-16,11:15am,USD,Fed Chair Yellen Speaks,High,,,,2014-04-16 11:15:00
2014-04-16,12:25pm,USD,FOMC Member Fisher Speaks,Medium,,,,2014-04-16 12:25:00
2014-04-16,1:00pm,USD,Beige Book,Medium,,,,2014-04-16 13:00:00
2014-04-16,7:30pm,JPY,BOJ Gov Kuroda Speaks,High,,,,2014-04-16 19:30:00
2014-04-16,8:30pm,AUD,NAB Quarterly Business Confidence,Medium,6,,8,2014-04-16 20:30:00
2014-04-16,8:30pm,AUD,New Motor Vehicle Sales m/m,Medium,-0.3%,,-0.1%,2014-04-16 20:30:00
2014-04-16,9:23pm,CNY,Foreign Direct Investment ytd/y,Non-economic,5.5%,,10.4%,2014-04-16 21:23:00
2014-04-17,12:00am,JPY,Consumer Confidence,Non-economic,37.5,40.2,38.5,2014-04-17 00:00:00
2014-04-17,1:00am,EUR,German PPI m/m,Medium,-0.3%,0.1%,0.0%,2014-04-17 01:00:00
2014-04-17,7:30am,CAD,Core CPI m/m,High,0.3%,0.3%,0.7%,2014-04-17 07:30:00
2014-04-17,7:30am,CAD,CPI m/m,Medium,0.6%,0.4%,0.8%,2014-04-17 07:30:00
2014-04-17,7:30am,USD,Unemployment Claims,High,304K,316K,302K,2014-04-17 07:30:00
2014-04-17,9:00am,USD,Philly Fed Manufacturing Index,High,16.6,9.6,9.0,2014-04-17 09:00:00
2014-04-17,9:30am,USD,Natural Gas Storage,Non-economic,24B,35B,4B,2014-04-17 09:30:00
2014-04-17,All Day,NZD,Bank Holiday,Low,,,,2014-04-17 00:00:00
2014-04-17,All Day,AUD,Bank Holiday,Low,,,,2014-04-17 00:00:00
2014-04-17,6:50pm,JPY,Tertiary Industry Activity m/m,Medium,-1.0%,0.2%,1.6%,2014-04-17 18:50:00
2014-04-18,All Day,CHF,Bank Holiday,Low,,,,2014-04-18 00:00:00
2014-04-18,All Day,EUR,German Bank Holiday,Low,,,,2014-04-18 00:00:00
2014-04-18,All Day,GBP,Bank Holiday,Low,,,,2014-04-18 00:00:00
2014-04-18,All Day,CAD,Bank Holiday,Low,,,,2014-04-18 00:00:00
2014-04-20,All Day,NZD,Bank Holiday,Low,,,,2014-04-20 00:00:00
2014-04-20,All Day,AUD,Bank Holiday,Low,,,,2014-04-20 00:00:00
2014-04-20,6:50pm,JPY,Trade Balance,Medium,-1.71T,-1.27T,-1.18T,2014-04-20 18:50:00
2014-04-21,All Day,CHF,Bank Holiday,Low,,,,2014-04-21 00:00:00
2014-04-21,All Day,EUR,Italian Bank Holiday,Low,,,,2014-04-21 00:00:00
2014-04-21,All Day,EUR,German Bank Holiday,Low,,,,2014-04-21 00:00:00
2014-04-21,All Day,EUR,French Bank Holiday,Low,,,,2014-04-21 00:00:00
2014-04-21,All Day,GBP,Bank Holiday,Low,,,,2014-04-21 00:00:00
2014-04-21,9:00am,USD,CB Leading Index m/m,Non-economic,0.8%,0.8%,0.5%,2014-04-21 09:00:00
2014-04-21,7:00pm,AUD,CB Leading Index m/m,Medium,0.3%,,0.2%,2014-04-21 19:00:00
2014-04-22,7:30am,CAD,Wholesale Sales m/m,Medium,1.1%,0.7%,0.5%,2014-04-22 07:30:00
2014-04-22,8:04am,USD,HPI m/m,Non-economic,0.6%,0.6%,0.4%,2014-04-22 08:04:00
2014-04-22,8:59am,USD,Richmond Manufacturing Index,Non-economic,7,0,-7,2014-04-22 08:59:00
2014-04-22,9:00am,EUR,Consumer Confidence,Non-economic,-9,-9,-9,2014-04-22 09:00:00
2014-04-22,9:00am,USD,Existing Home Sales,High,4.59M,4.57M,4.60M,2014-04-22 09:00:00
2014-04-22,5:45pm,NZD,Visitor Arrivals m/m,Non-economic,-3.0%,,1.8%,2014-04-22 17:45:00
2014-04-22,8:30pm,AUD,CPI m/m,High,0.6%,0.8%,0.8%,2014-04-22 20:30:00
2014-04-22,8:30pm,AUD,Trimmed Mean CPI m/m,Medium,0.5%,0.7%,0.9%,2014-04-22 20:30:00
2014-04-22,8:45pm,CNY,Caixin Flash Manufacturing PMI,High,48.3,48.4,48.0,2014-04-22 20:45:00
2014-04-22,10:00pm,NZD,Credit Card Spending y/y,Non-economic,8.1%,,6.0%,2014-04-22 22:00:00
2014-04-23,2:00am,EUR,French Flash Manufacturing PMI,High,50.9,51.9,51.8,2014-04-23 02:00:00
2014-04-23,2:00am,EUR,French Flash Services PMI,Medium,50.3,51.5,51.5,2014-04-23 02:00:00
2014-04-23,2:30am,EUR,German Flash Manufacturing PMI,High,54.2,53.9,53.7,2014-04-23 02:30:00
2014-04-23,2:30am,EUR,German Flash Services PMI,Medium,55.0,53.5,53.0,2014-04-23 02:30:00
2014-04-23,3:00am,EUR,Flash Manufacturing PMI,Medium,53.3,53.0,53.0,2014-04-23 03:00:00
2014-04-23,3:00am,EUR,Flash Services PMI,Medium,53.1,52.7,52.2,2014-04-23 03:00:00
2014-04-23,3:30am,GBP,MPC Asset Purchase Facility Votes,High,0-0-9,0-0-9,0-0-9,2014-04-23 03:30:00
2014-04-23,3:30am,GBP,MPC Official Bank Rate Votes,High,0-0-9,0-0-9,0-0-9,2014-04-23 03:30:00
2014-04-23,3:30am,GBP,Public Sector Net Borrowing,Medium,4.9B,8.9B,7.0B,2014-04-23 03:30:00
2014-04-23,5:00am,GBP,CBI Industrial Order Expectations,Medium,-1,7,6,2014-04-23 05:00:00
2014-04-23,7:30am,CAD,Core Retail Sales m/m,High,0.6%,0.6%,0.5%,2014-04-23 07:30:00
2014-04-23,7:30am,CAD,Retail Sales m/m,Medium,0.5%,0.5%,0.9%,2014-04-23 07:30:00
2014-04-23,8:45am,USD,Flash Manufacturing PMI,Medium,55.4,56.2,55.5,2014-04-23 08:45:00
2014-04-23,9:00am,USD,New Home Sales,High,384K,455K,449K,2014-04-23 09:00:00
2014-04-23,9:30am,USD,Crude Oil Inventories,Medium,3.5M,2.6M,10.0M,2014-04-23 09:30:00
2014-04-23,4:00pm,NZD,Official Cash Rate,High,3.00%,3.00%,2.75%,2014-04-23 16:00:00
2014-04-23,4:00pm,NZD,RBNZ Rate Statement,High,,,,2014-04-23 16:00:00
2014-04-23,6:50pm,JPY,SPPI y/y,Non-economic,0.7%,0.8%,0.7%,2014-04-23 18:50:00
2014-04-23,9:00pm,CNY,CB Leading Index m/m,Non-economic,1.2%,,0.9%,2014-04-23 21:00:00
2014-04-24,1:00am,CHF,Trade Balance,Non-economic,2.05B,2.31B,2.29B,2014-04-24 01:00:00
2014-04-24,3:00am,EUR,German ifo Business Climate,High,111.2,110.5,110.7,2014-04-24 03:00:00
2014-04-24,3:43am,EUR,Spanish 10-y Bond Auction,Non-economic,3.06|1.8,,3.29|2.1,2014-04-24 03:43:00
2014-04-24,4:00am,EUR,ECB President Draghi Speaks,High,,,,2014-04-24 04:00:00
2014-04-24,5:00am,GBP,CBI Realized Sales,Medium,30,18,13,2014-04-24 05:00:00
2014-04-24,7:30am,USD,Core Durable Goods Orders m/m,High,2.0%,0.6%,0.1%,2014-04-24 07:30:00
2014-04-24,7:30am,USD,Unemployment Claims,High,329K,309K,305K,2014-04-24 07:30:00
2014-04-24,7:30am,USD,Durable Goods Orders m/m,Medium,2.6%,2.1%,2.1%,2014-04-24 07:30:00
2014-04-24,9:30am,USD,Natural Gas Storage,Non-economic,49B,40B,24B,2014-04-24 09:30:00
2014-04-24,All Day,NZD,Bank Holiday,Low,,,,2014-04-24 00:00:00
2014-04-24,All Day,AUD,Bank Holiday,Low,,,,2014-04-24 00:00:00
2014-04-24,6:30pm,JPY,Tokyo Core CPI y/y,Medium,2.7%,2.8%,1.0%,2014-04-24 18:30:00
2014-04-24,6:30pm,JPY,National Core CPI y/y,Non-economic,1.3%,1.4%,1.3%,2014-04-24 18:30:00
2014-04-24,11:30pm,JPY,All Industries Activity m/m,Non-economic,-1.1%,-0.5%,1.7%,2014-04-24 23:30:00
2014-04-25,All Day,EUR,Italian Bank Holiday,Low,,,,2014-04-25 00:00:00
2014-04-25,3:00am,CHF,SNB Chairman Jordan Speaks,High,,,,2014-04-25 03:00:00
2014-04-25,3:30am,GBP,Retail Sales m/m,High,0.1%,-0.4%,1.3%,2014-04-25 03:30:00
2014-04-25,3:30am,GBP,High Street Lending,Medium,45.9K,48.9K,47.2K,2014-04-25 03:30:00
2014-04-25,8:00am,EUR,Belgian NBB Business Climate,Non-economic,-4.6,-2.3,-4.4,2014-04-25 08:00:00
2014-04-25,8:45am,USD,Flash Services PMI,Non-economic,54.2,56.2,55.5,2014-04-25 08:45:00
2014-04-25,8:55am,USD,Revised UoM Consumer Sentiment,Medium,84.1,83.2,82.6,2014-04-25 08:55:00
2014-04-25,8:55am,USD,Revised UoM Inflation Expectations,Non-economic,3.2%,,3.1%,2014-04-25 08:55:00
2014-04-27,6:50pm,JPY,Retail Sales y/y,Medium,11.0%,10.9%,3.6%,2014-04-27 18:50:00
2014-04-28,1:00am,EUR,German Import Prices m/m,Non-economic,-0.6%,-0.1%,-0.1%,2014-04-28 01:00:00
2014-04-28,5:00am,EUR,German Buba Monthly Report,Medium,,,,2014-04-28 05:00:00
2014-04-28,9:00am,USD,Pending Home Sales m/m,High,3.4%,1.0%,-0.5%,2014-04-28 09:00:00
2014-04-28,5:45pm,NZD,Trade Balance,High,920M,919M,793M,2014-04-28 17:45:00
2014-04-28,All Day,JPY,Bank Holiday,Low,,,,2014-04-28 00:00:00
2014-04-29,1:00am,EUR,German GfK Consumer Climate,Medium,8.5,8.5,8.5,2014-04-29 01:00:00
2014-04-29,All Day,EUR,German Prelim CPI m/m,High,-0.2%,-0.1%,0.3%,2014-04-29 00:00:00
2014-04-29,2:00am,EUR,Spanish Unemployment Rate,Medium,25.9%,25.6%,25.7%,2014-04-29 02:00:00
2014-04-29,3:00am,EUR,M3 Money Supply y/y,Medium,1.1%,1.4%,1.3%,2014-04-29 03:00:00
2014-04-29,3:00am,EUR,Private Loans y/y,Medium,-2.2%,-2.0%,-2.2%,2014-04-29 03:00:00
2014-04-29,3:00am,EUR,Italian Retail Sales m/m,Non-economic,-0.2%,0.4%,0.0%,2014-04-29 03:00:00
2014-04-29,3:30am,GBP,Prelim GDP q/q,High,0.8%,0.9%,0.7%,2014-04-29 03:30:00
2014-04-29,3:30am,GBP,Index of Services 3m/3m,Non-economic,0.9%,0.9%,0.9%,2014-04-29 03:30:00
2014-04-29,4:23am,EUR,Italian 10-y Bond Auction,Non-economic,3.22|1.3,,3.29|1.3,2014-04-29 04:23:00
2014-04-29,4:35am,GBP,10-y Bond Auction,Non-economic,2.82|1.7,,2.93|2.2,2014-04-29 04:35:00
2014-04-29,8:00am,USD,S&P/CS Composite-20 HPI y/y,Medium,12.9%,12.9%,13.2%,2014-04-29 08:00:00
2014-04-29,9:00am,USD,CB Consumer Confidence,High,82.3,82.9,83.9,2014-04-29 09:00:00
2014-04-29,2:30pm,CAD,BOC Gov Poloz Speaks,High,,,,2014-04-29 14:30:00
2014-04-29,5:45pm,NZD,Building Consents m/m,Medium,8.3%,,-1.6%,2014-04-29 17:45:00
2014-04-29,6:05pm,GBP,GfK Consumer Confidence,Non-economic,-3,-4,-5,2014-04-29 18:05:00
2014-04-29,6:15pm,JPY,Final Manufacturing PMI,Non-economic,49.4,,53.9,2014-04-29 18:15:00
2014-04-29,6:50pm,JPY,Prelim Industrial Production m/m,Medium,0.3%,0.6%,-2.3%,2014-04-29 18:50:00
2014-04-29,8:00pm,NZD,ANZ Business Confidence,High,64.8,,67.3,2014-04-29 20:00:00
2014-04-29,8:30pm,AUD,Private Sector Credit m/m,Non-economic,0.4%,0.4%,0.4%,2014-04-29 20:30:00
2014-04-29,8:30pm,JPY,Average Cash Earnings y/y,Medium,0.7%,0.2%,-0.1%,2014-04-29 20:30:00
2014-04-29,10:51pm,JPY,Monetary Policy Statement,High,,,,2014-04-29 22:51:00
2014-04-30,12:00am,JPY,Housing Starts y/y,Non-economic,-2.9%,-2.8%,1.0%,2014-04-30 00:00:00
2014-04-30,1:00am,CHF,UBS Consumption Indicator,Non-economic,1.84,,1.52,2014-04-30 01:00:00
2014-04-30,1:00am,EUR,German Retail Sales m/m,Medium,-0.7%,-0.6%,0.4%,2014-04-30 01:00:00
2014-04-30,1:00am,JPY,BOJ Outlook Report,Medium,,,,2014-04-30 01:00:00
2014-04-30,1:32am,JPY,BOJ Press Conference,High,,,,2014-04-30 01:32:00
2014-04-30,1:45am,EUR,French Consumer Spending m/m,Medium,0.4%,0.3%,-0.1%,2014-04-30 01:45:00
2014-04-30,2:00am,CHF,KOF Economic Barometer,Medium,102.0,106.0,106.3,2014-04-30 02:00:00
2014-04-30,2:00am,EUR,Spanish Flash CPI y/y,Medium,0.4%,0.2%,-0.2%,2014-04-30 02:00:00
2014-04-30,2:00am,EUR,Spanish Flash GDP q/q,Medium,0.4%,0.4%,0.2%,2014-04-30 02:00:00
2014-04-30,2:55am,EUR,German Unemployment Change,Medium,-25K,-10K,-14K,2014-04-30 02:55:00
2014-04-30,3:00am,EUR,Italian Monthly Unemployment Rate,Non-economic,12.7%,13.0%,12.7%,2014-04-30 03:00:00
2014-04-30,3:57am,EUR,French 10-y Bond Auction,Non-economic,2.00|2.2,,2.15|2.0,2014-04-30 03:57:00
2014-04-30,4:00am,EUR,CPI Flash Estimate y/y,High,0.7%,0.8%,0.5%,2014-04-30 04:00:00
2014-04-30,4:00am,EUR,Core CPI Flash Estimate y/y,Medium,1.0%,,0.7%,2014-04-30 04:00:00
2014-04-30,4:00am,EUR,Italian Prelim CPI m/m,Non-economic,0.2%,0.1%,0.1%,2014-04-30 04:00:00
2014-04-30,7:15am,USD,ADP Non-Farm Employment Change,High,220K,203K,209K,2014-04-30 07:15:00
2014-04-30,7:30am,CAD,GDP m/m,High,0.2%,0.2%,0.5%,2014-04-30 07:30:00
2014-04-30,7:30am,CAD,RMPI m/m,Medium,0.6%,1.2%,5.9%,2014-04-30 07:30:00
2014-04-30,7:30am,CAD,IPPI m/m,Non-economic,0.4%,0.6%,1.2%,2014-04-30 07:30:00
2014-04-30,7:30am,USD,Advance GDP q/q,High,0.1%,1.2%,2.6%,2014-04-30 07:30:00
2014-04-30,7:30am,USD,Advance GDP Price Index q/q,Medium,1.3%,1.6%,1.6%,2014-04-30 07:30:00
2014-04-30,7:30am,USD,Employment Cost Index q/q,Medium,0.3%,0.5%,0.5%,2014-04-30 07:30:00
2014-04-30,8:41am,USD,Chicago PMI,Medium,63.0,56.6,55.9,2014-04-30 08:41:00
2014-04-30,9:30am,USD,Crude Oil Inventories,Medium,1.7M,1.3M,3.5M,2014-04-30 09:30:00
2014-04-30,10:30am,GBP,MPC Member Dale Speaks,Medium,,,,2014-04-30 10:30:00
2014-04-30,1:00pm,USD,FOMC Statement,High,,,,2014-04-30 13:00:00
2014-04-30,1:00pm,USD,Federal Funds Rate,Medium,<0.25%,<0.25%,<0.25%,2014-04-30 13:00:00
2014-04-30,3:15pm,CAD,BOC Gov Poloz Speaks,High,,,,2014-04-30 15:15:00
2014-04-30,6:30pm,AUD,AIG Manufacturing Index,Non-economic,44.8,,47.9,2014-04-30 18:30:00
2014-04-30,All Day,CNY,Bank Holiday,Low,,,,2014-04-30 00:00:00
2014-04-30,7:59pm,CNY,Manufacturing PMI,High,50.4,50.5,50.3,2014-04-30 19:59:00
2014-04-30,8:30pm,AUD,Import Prices q/q,Medium,3.2%,1.9%,-0.6%,2014-04-30 20:30:00
2014-05-01,1:00am,GBP,Nationwide HPI m/m,Medium,1.2%,0.6%,0.5%,2014-05-01 01:00:00
2014-05-01,All Day,CHF,Bank Holiday,Low,,,,2014-05-01 00:00:00
2014-05-01,All Day,EUR,Italian Bank Holiday,Low,,,,2014-05-01 00:00:00
2014-05-01,All Day,EUR,French Bank Holiday,Low,,,,2014-05-01 00:00:00
2014-05-01,All Day,EUR,German Bank Holiday,Low,,,,2014-05-01 00:00:00
2014-05-01,1:30am,AUD,Commodity Prices y/y,Non-economic,-12.6%,,-12.5%,2014-05-01 01:30:00
2014-05-01,3:30am,GBP,Final Manufacturing PMI,High,57.3,55.4,55.8,2014-05-01 03:30:00
2014-05-01,3:30am,GBP,Net Lending to Individuals m/m,Medium,2.9B,2.3B,2.1B,2014-05-01 03:30:00
2014-05-01,3:30am,GBP,M4 Money Supply m/m,Non-economic,-2.3%,0.9%,0.7%,2014-05-01 03:30:00
2014-05-01,3:30am,GBP,Mortgage Approvals,Non-economic,67K,73K,70K,2014-05-01 03:30:00
2014-05-01,6:30am,USD,Challenger Job Cuts y/y,Non-economic,5.7%,,-30.2%,2014-05-01 06:30:00
2014-05-01,7:25am,USD,Fed Chair Yellen Speaks,High,,,,2014-05-01 07:25:00
2014-05-01,7:30am,USD,Unemployment Claims,High,344K,317K,330K,2014-05-01 07:30:00
2014-05-01,7:30am,USD,Core PCE Price Index m/m,Medium,0.2%,0.1%,0.1%,2014-05-01 07:30:00
2014-05-01,7:30am,USD,Personal Spending m/m,Medium,0.9%,0.7%,0.5%,2014-05-01 07:30:00
2014-05-01,7:30am,USD,Personal Income m/m,Non-economic,0.5%,0.4%,0.4%,2014-05-01 07:30:00
2014-05-01,8:30am,CAD,Manufacturing PMI,Non-economic,52.9,,53.3,2014-05-01 08:30:00
2014-05-01,8:45am,USD,Final Manufacturing PMI,Non-economic,55.4,55.8,55.4,2014-05-01 08:45:00
2014-05-01,9:00am,USD,ISM Manufacturing PMI,High,54.9,54.3,53.7,2014-05-01 09:00:00
2014-05-01,9:00am,USD,Construction Spending m/m,Non-economic,0.2%,0.5%,-0.2%,2014-05-01 09:00:00
2014-05-01,9:00am,USD,ISM Manufacturing Prices,Non-economic,56.5,59.4,59.0,2014-05-01 09:00:00
2014-05-01,9:30am,USD,Natural Gas Storage,Non-economic,82B,75B,49B,2014-05-01 09:30:00
2014-05-01,All Day,USD,Total Vehicle Sales,Non-economic,16.0M,16.2M,16.4M,2014-05-01 00:00:00
2014-05-01,12:30pm,GBP,MPC Member Cunliffe Speaks,Medium,,,,2014-05-01 12:30:00
2014-05-01,6:30pm,JPY,Household Spending y/y,Medium,7.2%,1.7%,-2.5%,2014-05-01 18:30:00
2014-05-01,6:30pm,JPY,Unemployment Rate,Non-economic,3.6%,3.6%,3.6%,2014-05-01 18:30:00
2014-05-01,6:50pm,JPY,Monetary Base y/y,Non-economic,48.5%,55.3%,54.8%,2014-05-01 18:50:00
2014-05-01,All Day,CNY,Bank Holiday,Low,,,,2014-05-01 00:00:00
2014-05-01,7:38pm,AUD,HIA New Home Sales m/m,Medium,0.2%,,4.6%,2014-05-01 19:38:00
2014-05-01,8:00pm,NZD,ANZ Commodity Prices m/m,Non-economic,-4.0%,,-0.1%,2014-05-01 20:00:00
2014-05-01,8:30pm,AUD,PPI q/q,High,0.9%,0.6%,0.2%,2014-05-01 20:30:00
2014-05-02,2:15am,EUR,Spanish Manufacturing PMI,Medium,52.7,53.2,52.8,2014-05-02 02:15:00
2014-05-02,2:30am,CHF,Manufacturing PMI,Medium,55.8,55.1,54.4,2014-05-02 02:30:00
2014-05-02,2:45am,EUR,Italian Manufacturing PMI,Medium,54.0,53.0,52.4,2014-05-02 02:45:00
2014-05-02,2:50am,EUR,French Final Manufacturing PMI,Non-economic,51.2,50.9,50.9,2014-05-02 02:50:00
2014-05-02,2:55am,EUR,German Final Manufacturing PMI,Non-economic,54.1,54.2,54.2,2014-05-02 02:55:00
2014-05-02,3:00am,EUR,Final Manufacturing PMI,Non-economic,53.4,53.3,53.3,2014-05-02 03:00:00
2014-05-02,3:30am,GBP,Construction PMI,High,60.8,62.2,62.5,2014-05-02 03:30:00
2014-05-02,4:00am,EUR,Unemployment Rate,Medium,11.8%,11.9%,11.8%,2014-05-02 04:00:00
2014-05-02,7:30am,USD,Non-Farm Employment Change,High,288K,216K,203K,2014-05-02 07:30:00
2014-05-02,7:30am,USD,Unemployment Rate,High,6.3%,6.6%,6.7%,2014-05-02 07:30:00
2014-05-02,7:30am,USD,Average Hourly Earnings m/m,Medium,0.0%,0.2%,0.1%,2014-05-02 07:30:00
2014-05-02,9:00am,USD,Factory Orders m/m,Medium,1.1%,1.5%,1.5%,2014-05-02 09:00:00
2014-05-02,8:00pm,CNY,Non-Manufacturing PMI,Medium,54.8,,54.5,2014-05-02 20:00:00
2014-05-04,6:25pm,AUD,AIG Services Index,Non-economic,48.6,,48.9,2014-05-04 18:25:00
2014-05-04,All Day,JPY,Bank Holiday,Low,,,,2014-05-04 00:00:00
2014-05-04,7:30pm,AUD,MI Inflation Gauge m/m,Non-economic,0.4%,,0.2%,2014-05-04 19:30:00
2014-05-04,8:30pm,AUD,Building Approvals m/m,High,-3.5%,1.3%,-5.4%,2014-05-04 20:30:00
2014-05-04,8:30pm,AUD,ANZ Job Advertisements m/m,Medium,2.2%,,1.4%,2014-05-04 20:30:00
2014-05-04,8:45pm,CNY,RatingDog Manufacturing PMI,High,48.1,48.4,48.3,2014-05-04 20:45:00
2014-05-05,All Day,GBP,Bank Holiday,Low,,,,2014-05-05 00:00:00
2014-05-05,3:30am,EUR,Sentix Investor Confidence,Non-economic,12.8,14.2,14.1,2014-05-05 03:30:00
2014-05-05,4:00am,EUR,EU Economic Forecasts,Medium,,,,2014-05-05 04:00:00
2014-05-05,4:00am,EUR,PPI m/m,Non-economic,-0.2%,-0.2%,-0.2%,2014-05-05 04:00:00
2014-05-05,All Day,EUR,Eurogroup Meetings,Medium,,,,2014-05-05 00:00:00
2014-05-05,8:45am,USD,Final Services PMI,Non-economic,55.0,54.2,54.2,2014-05-05 08:45:00
2014-05-05,9:00am,USD,ISM Services PMI,High,55.2,54.3,53.1,2014-05-05 09:00:00
2014-05-05,1:00pm,USD,Loan Officer Survey,Non-economic,,,,2014-05-05 13:00:00
2014-05-05,All Day,JPY,Bank Holiday,Low,,,,2014-05-05 00:00:00
2014-05-05,8:30pm,AUD,Goods Trade Balance,High,0.73B,1.10B,1.26B,2014-05-05 20:30:00
2014-05-05,11:30pm,AUD,Cash Rate,High,2.50%,2.50%,2.50%,2014-05-05 23:30:00
2014-05-05,11:30pm,AUD,RBA Rate Statement,High,,,,2014-05-05 23:30:00
2014-05-06,2:00am,EUR,Spanish Unemployment Change,Medium,-111.6K,-49.1K,-16.6K,2014-05-06 02:00:00
2014-05-06,2:15am,EUR,Spanish Services PMI,Medium,56.5,54.3,54.0,2014-05-06 02:15:00
2014-05-06,2:45am,EUR,Italian Services PMI,Medium,51.1,51.2,49.5,2014-05-06 02:45:00
2014-05-06,2:50am,EUR,French Final Services PMI,Non-economic,50.4,50.3,50.3,2014-05-06 02:50:00
2014-05-06,2:55am,EUR,German Final Services PMI,Non-economic,54.7,55.0,55.0,2014-05-06 02:55:00
2014-05-06,3:00am,EUR,Final Services PMI,Non-economic,53.1,53.1,53.1,2014-05-06 03:00:00
2014-05-06,3:30am,GBP,Final Services PMI,High,58.7,57.9,57.6,2014-05-06 03:30:00
2014-05-06,4:00am,EUR,Retail Sales m/m,Medium,0.3%,-0.2%,0.1%,2014-05-06 04:00:00
2014-05-06,All Day,EUR,ECOFIN Meetings,Medium,,,,2014-05-06 00:00:00
2014-05-06,7:30am,CAD,Trade Balance,High,0.1B,0.4B,0.8B,2014-05-06 07:30:00
2014-05-06,7:30am,USD,Trade Balance,High,-40.4B,-40.1B,-41.9B,2014-05-06 07:30:00
2014-05-06,9:00am,CAD,Ivey PMI,High,54.1,54.5,55.2,2014-05-06 09:00:00
2014-05-06,9:00am,USD,RCM/TIPP Economic Optimism,Non-economic,45.8,47.6,48.0,2014-05-06 09:00:00
2014-05-06,9:44am,NZD,GDT Price Index,Medium,-1.1%,,-2.6%,2014-05-06 09:44:00
2014-05-06,4:30pm,USD,FOMC Member Stein Speaks,Medium,,,,2014-05-06 16:30:00
2014-05-06,5:45pm,NZD,Employment Change q/q,High,0.9%,0.6%,1.0%,2014-05-06 17:45:00
2014-05-06,5:45pm,NZD,Unemployment Rate,High,6.0%,5.8%,6.0%,2014-05-06 17:45:00
2014-05-06,5:45pm,NZD,Labor Cost Index q/q,Non-economic,0.3%,0.5%,0.6%,2014-05-06 17:45:00
2014-05-06,6:01pm,GBP,BRC Shop Price Index y/y,Non-economic,-1.4%,,-1.7%,2014-05-06 18:01:00
2014-05-06,6:30pm,AUD,AIG Construction Index,Non-economic,45.9,,46.2,2014-05-06 18:30:00
2014-05-06,6:50pm,JPY,Monetary Policy Meeting Minutes,Medium,,,,2014-05-06 18:50:00
2014-05-06,8:30pm,AUD,Retail Sales m/m,High,0.1%,0.4%,0.3%,2014-05-06 20:30:00
2014-05-06,8:45pm,CNY,RatingDog Services PMI,Medium,51.4,,51.9,2014-05-06 20:45:00
2014-05-07,12:45am,CHF,Unemployment Rate,Non-economic,3.2%,3.2%,3.2%,2014-05-07 00:45:00
2014-05-07,1:00am,EUR,German Factory Orders m/m,Medium,-2.8%,0.3%,0.9%,2014-05-07 01:00:00
2014-05-07,1:45am,EUR,French Industrial Production m/m,Medium,-0.7%,0.3%,0.1%,2014-05-07 01:45:00
2014-05-07,1:45am,EUR,French Trade Balance,Non-economic,-4.9B,-4.0B,-3.8B,2014-05-07 01:45:00
2014-05-07,2:00am,CHF,Foreign Currency Reserves,Medium,439B,,438B,2014-05-07 02:00:00
2014-05-07,3:10am,EUR,Retail PMI,Non-economic,51.2,,49.2,2014-05-07 03:10:00
2014-05-07,7:30am,CAD,Building Permits m/m,High,-3.0%,3.9%,-11.3%,2014-05-07 07:30:00
2014-05-07,7:30am,USD,Prelim Nonfarm Productivity q/q,Medium,-1.7%,-0.9%,1.8%,2014-05-07 07:30:00
2014-05-07,7:30am,USD,Prelim Unit Labor Costs q/q,Medium,4.2%,2.3%,-0.1%,2014-05-07 07:30:00
2014-05-07,9:00am,USD,Fed Chair Yellen Testifies,High,,,,2014-05-07 09:00:00
2014-05-07,9:30am,USD,Crude Oil Inventories,Medium,-1.8M,0.9M,1.7M,2014-05-07 09:30:00
2014-05-07,12:01pm,USD,10-y Bond Auction,Medium,2.61|2.6,,2.72|2.8,2014-05-07 12:01:00
2014-05-07,2:00pm,USD,Consumer Credit m/m,Non-economic,17.5B,15.4B,13.0B,2014-05-07 14:00:00
2014-05-07,6:01pm,GBP,RICS House Price Balance,Non-economic,54%,55%,57%,2014-05-07 18:01:00
2014-05-07,8:30pm,AUD,Employment Change,High,14.2K,7.5K,21.9K,2014-05-07 20:30:00
2014-05-07,8:30pm,AUD,Unemployment Rate,High,5.8%,5.9%,5.8%,2014-05-07 20:30:00
2014-05-07,9:19pm,CNY,USD-Denominated Trade Balance,High,18.5B,15.2B,7.7B,2014-05-07 21:19:00
2014-05-07,10:45pm,JPY,10-y Bond Auction,Non-economic,0.60|3.5,,0.63|4.8,2014-05-07 22:45:00
2014-05-08,12:45am,CHF,SECO Consumer Climate,Non-economic,1,3,2,2014-05-08 00:45:00
2014-05-08,1:00am,EUR,German Industrial Production m/m,Non-economic,-0.5%,0.2%,0.6%,2014-05-08 01:00:00
2014-05-08,All Day,EUR,French Bank Holiday,Low,,,,2014-05-08 00:00:00
2014-05-08,1:59am,GBP,Halifax HPI m/m,Medium,-0.2%,0.8%,-1.2%,2014-05-08 01:59:00
2014-05-08,2:15am,CHF,CPI m/m,Medium,0.1%,0.1%,0.4%,2014-05-08 02:15:00
2014-05-08,6:00am,GBP,Asset Purchase Facility,High,375B,375B,375B,2014-05-08 06:00:00
2014-05-08,6:00am,GBP,Official Bank Rate,High,0.50%,0.50%,0.50%,2014-05-08 06:00:00
2014-05-08,6:45am,EUR,Main Refinancing Rate,High,0.25%,0.25%,0.25%,2014-05-08 06:45:00
2014-05-08,7:13am,CAD,Housing Starts,Medium,195K,177K,157K,2014-05-08 07:13:00
2014-05-08,7:30am,CAD,NHPI m/m,Medium,0.2%,0.2%,0.2%,2014-05-08 07:30:00
2014-05-08,7:30am,EUR,ECB Press Conference,High,,,,2014-05-08 07:30:00
2014-05-08,7:30am,USD,Unemployment Claims,High,319K,328K,345K,2014-05-08 07:30:00
2014-05-08,8:30am,USD,Fed Chair Yellen Testifies,High,,,,2014-05-08 08:30:00
2014-05-08,8:30am,USD,FOMC Member Tarullo Speaks,Non-economic,,,,2014-05-08 08:30:00
2014-05-08,9:00am,USD,Treasury Sec Lew Speaks,Medium,,,,2014-05-08 09:00:00
2014-05-08,9:30am,USD,Natural Gas Storage,Non-economic,74B,71B,82B,2014-05-08 09:30:00
2014-05-08,11:30am,CHF,Gov Board Member Danthine Speaks,Medium,,,,2014-05-08 11:30:00
2014-05-08,12:01pm,USD,30-y Bond Auction,Non-economic,3.44|2.1,,3.53|2.5,2014-05-08 12:01:00
2014-05-08,8:30pm,AUD,RBA Monetary Policy Statement,High,,,,2014-05-08 20:30:00
2014-05-08,8:30pm,CNY,CPI y/y,High,1.8%,2.1%,2.4%,2014-05-08 20:30:00
2014-05-08,8:30pm,CNY,PPI y/y,Medium,-2.0%,-1.8%,-2.3%,2014-05-08 20:30:00
2014-05-08,10:00pm,AUD,RBA Deputy Gov Debelle Speaks,Medium,,,,2014-05-08 22:00:00
2014-05-09,12:00am,JPY,Leading Indicators,Non-economic,106.5%,106.9%,108.9%,2014-05-09 00:00:00
2014-05-09,1:00am,EUR,German Trade Balance,Medium,14.8B,16.9B,15.8B,2014-05-09 01:00:00
2014-05-09,1:45am,EUR,French Gov Budget Balance,Non-economic,-28.0B,,-25.7B,2014-05-09 01:45:00
2014-05-09,3:00am,EUR,Italian Industrial Production m/m,Non-economic,-0.5%,0.2%,-0.4%,2014-05-09 03:00:00
2014-05-09,3:30am,GBP,Manufacturing Production m/m,High,0.5%,0.3%,1.0%,2014-05-09 03:30:00
2014-05-09,3:30am,GBP,Goods Trade Balance,Medium,-8.5B,-9.0B,-8.7B,2014-05-09 03:30:00
2014-05-09,3:30am,GBP,Construction Output m/m,Non-economic,-1.0%,1.1%,-2.0%,2014-05-09 03:30:00
2014-05-09,3:30am,GBP,Industrial Production m/m,Non-economic,-0.1%,-0.1%,0.8%,2014-05-09 03:30:00
2014-05-09,7:30am,CAD,Employment Change,High,-28.9K,12.8K,42.9K,2014-05-09 07:30:00
2014-05-09,7:30am,CAD,Unemployment Rate,High,6.9%,6.9%,6.9%,2014-05-09 07:30:00
2014-05-09,9:00am,GBP,NIESR GDP Estimate,Medium,1.0%,,0.8%,2014-05-09 09:00:00
2014-05-09,9:00am,USD,JOLTS Job Openings,High,4.01M,4.21M,4.13M,2014-05-09 09:00:00
2014-05-09,9:00am,USD,Final Wholesale Inventories m/m,Non-economic,1.1%,0.5%,0.7%,2014-05-09 09:00:00
2014-05-09,5:00pm,USD,FOMC Member Kocherlakota Speaks,Medium,,,,2014-05-09 17:00:00
2014-05-11,6:50pm,JPY,Current Account,Medium,-0.78T,-0.54T,-0.04T,2014-05-11 18:50:00
2014-05-11,6:50pm,JPY,Bank Lending y/y,Non-economic,2.1%,,2.1%,2014-05-11 18:50:00
2014-05-11,8:30pm,AUD,NAB Business Confidence,High,6,,5,2014-05-11 20:30:00
2014-05-11,10:00pm,NZD,REINZ HPI m/m,Non-economic,0.1%,,3.4%,2014-05-11 22:00:00
2014-05-12,12:00am,JPY,Economy Watchers Sentiment,Non-economic,41.6,45.2,57.9,2014-05-12 00:00:00
2014-05-12,2:15am,CHF,Retail Sales y/y,Medium,3.0%,1.9%,1.2%,2014-05-12 02:15:00
2014-05-12,3:02am,CNY,New Loans,Medium,775B,840B,1050B,2014-05-12 03:02:00
2014-05-12,3:02am,CNY,M2 Money Supply y/y,Non-economic,13.2%,12.2%,12.1%,2014-05-12 03:02:00
2014-05-12,11:00am,USD,FOMC Member Plosser Speaks,Medium,,,,2014-05-12 11:00:00
2014-05-12,12:59pm,USD,Federal Budget Balance,Medium,106.9B,112.6B,-36.9B,2014-05-12 12:59:00
2014-05-12,5:45pm,NZD,FPI m/m,Non-economic,0.6%,,-0.3%,2014-05-12 17:45:00
2014-05-12,6:01pm,GBP,BRC Retail Sales Monitor y/y,Medium,4.2%,,-1.7%,2014-05-12 18:01:00
2014-05-12,6:50pm,JPY,M2 Money Stock y/y,Non-economic,3.4%,3.4%,3.6%,2014-05-12 18:50:00
2014-05-12,8:30pm,AUD,Home Loans m/m,Medium,-0.9%,-0.1%,1.4%,2014-05-12 20:30:00
2014-05-12,8:30pm,AUD,HPI q/q,Medium,1.7%,3.0%,3.8%,2014-05-12 20:30:00
2014-05-12,10:45pm,JPY,30-y Bond Auction,Non-economic,1.71|4.6,,1.70|2.9,2014-05-12 22:45:00
2014-05-13,12:30am,CNY,Industrial Production y/y,High,8.7%,8.9%,8.8%,2014-05-13 00:30:00
2014-05-13,12:30am,CNY,Fixed Asset Investment ytd/y,Medium,17.3%,17.7%,17.6%,2014-05-13 00:30:00
2014-05-13,12:30am,CNY,Retail Sales y/y,Non-economic,11.9%,12.2%,12.2%,2014-05-13 00:30:00
2014-05-13,1:00am,EUR,German WPI m/m,Non-economic,0.2%,0.1%,0.0%,2014-05-13 01:00:00
2014-05-13,3:10am,GBP,MPC Member Cunliffe Speaks,Medium,,,,2014-05-13 03:10:00
2014-05-13,4:00am,EUR,German ZEW Economic Sentiment,High,33.1,41.3,43.2,2014-05-13 04:00:00
2014-05-13,4:00am,EUR,ZEW Economic Sentiment,Medium,55.2,63.5,61.2,2014-05-13 04:00:00
2014-05-13,4:30am,AUD,Annual Budget Release,High,,,,2014-05-13 04:30:00
2014-05-13,6:30am,USD,NFIB Small Business Index,Non-economic,95.2,94.6,93.4,2014-05-13 06:30:00
2014-05-13,7:30am,USD,Core Retail Sales m/m,High,0.0%,0.6%,1.0%,2014-05-13 07:30:00
2014-05-13,7:30am,USD,Retail Sales m/m,High,0.1%,0.5%,1.5%,2014-05-13 07:30:00
2014-05-13,7:30am,USD,Import Prices m/m,Medium,-0.4%,0.4%,0.4%,2014-05-13 07:30:00
2014-05-13,9:00am,USD,Business Inventories m/m,Medium,0.4%,0.4%,0.5%,2014-05-13 09:00:00
2014-05-13,9:30am,CAD,BOC Review,Non-economic,,,,2014-05-13 09:30:00
2014-05-13,4:00pm,NZD,RBNZ Financial Stability Report,High,,,,2014-05-13 16:00:00
2014-05-13,4:05pm,NZD,RBNZ Gov Wheeler Speaks,High,,,,2014-05-13 16:05:00
2014-05-13,5:45pm,NZD,Retail Sales q/q,High,0.7%,0.9%,1.4%,2014-05-13 17:45:00
2014-05-13,5:45pm,NZD,Core Retail Sales q/q,Medium,0.8%,0.9%,1.0%,2014-05-13 17:45:00
2014-05-13,6:50pm,JPY,PPI y/y,Non-economic,4.1%,4.1%,1.7%,2014-05-13 18:50:00
2014-05-14,1:00am,EUR,German Final CPI m/m,Non-economic,-0.2%,-0.2%,-0.2%,2014-05-14 01:00:00
2014-05-14,1:00am,JPY,Prelim Machine Tool Orders y/y,Non-economic,48.8%,,41.8%,2014-05-14 01:00:00
2014-05-14,1:45am,EUR,French Final CPI m/m,Non-economic,0.0%,0.2%,0.4%,2014-05-14 01:45:00
2014-05-14,3:30am,GBP,Claimant Count Change,High,-25.1K,-30.7K,-30.6K,2014-05-14 03:30:00
2014-05-14,3:30am,GBP,Unemployment Rate,High,6.8%,6.8%,6.9%,2014-05-14 03:30:00
2014-05-14,3:30am,GBP,Average Earnings Index 3m/y,Medium,1.7%,2.2%,1.7%,2014-05-14 03:30:00
2014-05-14,4:00am,CHF,UBS Economic Expectations,Medium,7.4,,7.0,2014-05-14 04:00:00
2014-05-14,4:00am,EUR,Industrial Production m/m,Medium,-0.3%,-0.3%,0.2%,2014-05-14 04:00:00
2014-05-14,4:30am,GBP,BOE Gov Carney Speaks,High,,,,2014-05-14 04:30:00
2014-05-14,4:30am,GBP,BOE Monetary Policy Report,High,,,,2014-05-14 04:30:00
2014-05-14,7:30am,USD,PPI m/m,High,0.6%,0.2%,0.5%,2014-05-14 07:30:00
2014-05-14,7:30am,USD,Core PPI m/m,Medium,0.5%,0.2%,0.6%,2014-05-14 07:30:00
2014-05-14,9:30am,EUR,German Buba President Weidmann Speaks,High,,,,2014-05-14 09:30:00
2014-05-14,9:30am,USD,Crude Oil Inventories,Medium,0.9M,-0.4M,-1.8M,2014-05-14 09:30:00
2014-05-14,5:30pm,NZD,BusinessNZ Manufacturing Index,Medium,55.2,,58.0,2014-05-14 17:30:00
2014-05-14,6:50pm,JPY,Prelim GDP q/q,Medium,1.5%,1.0%,0.2%,2014-05-14 18:50:00
2014-05-14,6:50pm,JPY,Tertiary Industry Activity m/m,Medium,2.4%,2.5%,-0.9%,2014-05-14 18:50:00
2014-05-14,6:50pm,JPY,Prelim GDP Price Index y/y,Non-economic,0.0%,-0.1%,-0.3%,2014-05-14 18:50:00
2014-05-14,8:30pm,AUD,New Motor Vehicle Sales m/m,Medium,0.0%,,-0.3%,2014-05-14 20:30:00
2014-05-14,9:00pm,NZD,Annual Budget Release,High,,,,2014-05-14 21:00:00
2014-05-14,11:25pm,JPY,BOJ Gov Kuroda Speaks,High,,,,2014-05-14 23:25:00
2014-05-15,12:00am,JPY,Consumer Confidence,Non-economic,37.0,37.0,37.5,2014-05-15 00:00:00
2014-05-15,12:30am,EUR,French Prelim GDP q/q,Medium,0.0%,0.4%,0.2%,2014-05-15 00:30:00
2014-05-15,1:00am,EUR,German Prelim GDP q/q,High,0.8%,0.7%,0.4%,2014-05-15 01:00:00
2014-05-15,2:15am,CHF,PPI m/m,Medium,-0.3%,0.3%,0.0%,2014-05-15 02:15:00
2014-05-15,3:00am,EUR,ECB Monthly Bulletin,Medium,,,,2014-05-15 03:00:00
2014-05-15,3:00am,EUR,Italian Prelim GDP q/q,Medium,-0.1%,0.2%,0.1%,2014-05-15 03:00:00
2014-05-15,4:00am,EUR,Final CPI y/y,Medium,0.7%,0.7%,0.7%,2014-05-15 04:00:00
2014-05-15,4:00am,EUR,Flash GDP q/q,Medium,0.2%,0.4%,0.2%,2014-05-15 04:00:00
2014-05-15,4:00am,EUR,Final Core CPI y/y,Non-economic,1.0%,1.0%,1.0%,2014-05-15 04:00:00
2014-05-15,4:00am,GBP,CB Leading Index m/m,Non-economic,0.3%,,0.4%,2014-05-15 04:00:00
2014-05-15,7:30am,CAD,Manufacturing Sales m/m,High,0.4%,0.2%,1.5%,2014-05-15 07:30:00
2014-05-15,7:30am,USD,Core CPI m/m,High,0.2%,0.1%,0.2%,2014-05-15 07:30:00
2014-05-15,7:30am,USD,CPI y/y,High,2.0%,2.0%,1.5%,2014-05-15 07:30:00
2014-05-15,7:30am,USD,Unemployment Claims,High,297K,321K,321K,2014-05-15 07:30:00
2014-05-15,7:30am,USD,CPI m/m,Medium,0.3%,0.3%,0.2%,2014-05-15 07:30:00
2014-05-15,7:30am,USD,Empire State Manufacturing Index,Medium,19.0,5.5,1.3,2014-05-15 07:30:00
2014-05-15,8:00am,USD,TIC Long-Term Purchases,Medium,4.0B,32.3B,90.3B,2014-05-15 08:00:00
2014-05-15,8:15am,USD,Capacity Utilization Rate,Medium,78.6%,79.2%,79.3%,2014-05-15 08:15:00
2014-05-15,8:15am,USD,Industrial Production m/m,Medium,-0.6%,0.4%,0.9%,2014-05-15 08:15:00
2014-05-15,9:00am,USD,Philly Fed Manufacturing Index,High,15.4,13.9,16.6,2014-05-15 09:00:00
2014-05-15,9:00am,USD,Mortgage Delinquencies,Medium,6.11%,,6.41%,2014-05-15 09:00:00
2014-05-15,9:00am,USD,NAHB Housing Market Index,Medium,45,49,46,2014-05-15 09:00:00
2014-05-15,9:30am,USD,Natural Gas Storage,Non-economic,105B,99B,74B,2014-05-15 09:30:00
2014-05-15,11:30am,CAD,Gov Council Member Schembri Speaks,Medium,,,,2014-05-15 11:30:00
2014-05-15,6:00pm,USD,Fed Chair Yellen Speaks,High,,,,2014-05-15 18:00:00
2014-05-15,9:00pm,CNY,Foreign Direct Investment ytd/y,Non-economic,5.0%,,5.5%,2014-05-15 21:00:00
2014-05-15,11:30pm,JPY,Revised Industrial Production m/m,Non-economic,0.7%,0.3%,0.3%,2014-05-15 23:30:00
2014-05-16,1:45am,EUR,French Prelim Private Payrolls q/q,Medium,-0.1%,-0.1%,0.1%,2014-05-16 01:45:00
2014-05-16,3:00am,EUR,Italian Trade Balance,Non-economic,3.87B,2.47B,2.63B,2014-05-16 03:00:00
2014-05-16,4:00am,EUR,Trade Balance,Non-economic,15.2B,17.3B,15.0B,2014-05-16 04:00:00
2014-05-16,7:30am,CAD,Foreign Securities Purchases,Medium,-1.23B,7.21B,6.07B,2014-05-16 07:30:00
2014-05-16,7:30am,USD,Building Permits,High,1.08M,1.01M,1.00M,2014-05-16 07:30:00
2014-05-16,7:30am,USD,Housing Starts,Medium,1.07M,0.98M,0.95M,2014-05-16 07:30:00
2014-05-16,8:55am,USD,Prelim UoM Consumer Sentiment,High,81.8,84.7,84.1,2014-05-16 08:55:00
2014-05-16,8:55am,USD,Prelim UoM Inflation Expectations,Non-economic,3.2%,,3.2%,2014-05-16 08:55:00
2014-05-18,5:30pm,NZD,BusinessNZ Services Index,Non-economic,58.9,,58.0,2014-05-18 17:30:00
2014-05-18,5:45pm,NZD,PPI Input q/q,Medium,1.0%,0.5%,-0.7%,2014-05-18 17:45:00
2014-05-18,5:45pm,NZD,PPI Output q/q,Non-economic,0.9%,0.4%,-0.4%,2014-05-18 17:45:00
2014-05-18,6:01pm,GBP,Rightmove HPI m/m,Non-economic,3.6%,,2.6%,2014-05-18 18:01:00
2014-05-18,6:50pm,JPY,Core Machinery Orders m/m,Medium,19.1%,6.1%,-8.8%,2014-05-18 18:50:00
2014-05-19,2:00am,EUR,German Buba President Weidmann Speaks,High,,,,2014-05-19 02:00:00
2014-05-19,5:00am,EUR,German Buba Monthly Report,Medium,,,,2014-05-19 05:00:00
2014-05-19,All Day,CAD,Bank Holiday,Low,,,,2014-05-19 00:00:00
2014-05-19,7:00pm,AUD,CB Leading Index m/m,Medium,0.0%,,0.2%,2014-05-19 19:00:00
2014-05-19,8:30pm,AUD,Monetary Policy Meeting Minutes,High,,,,2014-05-19 20:30:00
2014-05-19,10:15pm,AUD,RBA Deputy Gov Debelle Speaks,Medium,,,,2014-05-19 22:15:00
2014-05-19,11:30pm,JPY,All Industries Activity m/m,Non-economic,1.5%,1.6%,-1.1%,2014-05-19 23:30:00
2014-05-20,1:00am,EUR,German PPI m/m,Medium,-0.1%,0.0%,-0.3%,2014-05-20 01:00:00
2014-05-20,3:30am,GBP,CPI y/y,High,1.8%,1.7%,1.6%,2014-05-20 03:30:00
2014-05-20,3:30am,GBP,PPI Input m/m,Medium,-1.1%,0.0%,-0.4%,2014-05-20 03:30:00
2014-05-20,3:30am,GBP,RPI y/y,Medium,2.5%,2.6%,2.5%,2014-05-20 03:30:00
2014-05-20,3:30am,GBP,Core CPI y/y,Non-economic,2.0%,1.8%,1.6%,2014-05-20 03:30:00
2014-05-20,3:30am,GBP,ONS HPI y/y,Non-economic,8.0%,10.7%,9.2%,2014-05-20 03:30:00
2014-05-20,3:30am,GBP,PPI Output m/m,Non-economic,0.0%,0.2%,0.2%,2014-05-20 03:30:00
2014-05-20,7:30am,CAD,Wholesale Sales m/m,Medium,-0.4%,0.4%,1.5%,2014-05-20 07:30:00
2014-05-20,9:51am,NZD,GDT Price Index,Medium,-1.8%,,-1.1%,2014-05-20 09:51:00
2014-05-20,11:30am,USD,FOMC Member Plosser Speaks,Medium,,,,2014-05-20 11:30:00
2014-05-20,12:00pm,USD,FOMC Member Dudley Speaks,Medium,,,,2014-05-20 12:00:00
2014-05-20,12:30pm,GBP,MPC Member Bean Speaks,Medium,,,,2014-05-20 12:30:00
2014-05-20,5:45pm,NZD,Visitor Arrivals m/m,Non-economic,1.7%,,-3.1%,2014-05-20 17:45:00
2014-05-20,6:50pm,JPY,Trade Balance,Medium,-0.84T,-0.60T,-1.63T,2014-05-20 18:50:00
2014-05-20,7:30pm,AUD,Westpac Consumer Sentiment,Medium,-6.8%,,0.3%,2014-05-20 19:30:00
2014-05-20,8:30pm,AUD,Wage Price Index q/q,Medium,0.7%,0.8%,0.7%,2014-05-20 20:30:00
2014-05-20,9:42pm,JPY,Monetary Policy Statement,High,,,,2014-05-20 21:42:00
2014-05-20,10:02pm,NZD,Credit Card Spending y/y,Non-economic,3.2%,,7.6%,2014-05-20 22:02:00
2014-05-21,1:32am,JPY,BOJ Press Conference,High,,,,2014-05-21 01:32:00
2014-05-21,3:00am,EUR,Current Account,Medium,18.8B,24.2B,21.8B,2014-05-21 03:00:00
2014-05-21,3:30am,GBP,MPC Asset Purchase Facility Votes,High,0-0-9,0-0-9,0-0-9,2014-05-21 03:30:00
2014-05-21,3:30am,GBP,MPC Official Bank Rate Votes,High,0-0-9,0-0-9,0-0-9,2014-05-21 03:30:00
2014-05-21,3:30am,GBP,Retail Sales m/m,High,1.3%,0.4%,0.5%,2014-05-21 03:30:00
2014-05-21,4:33am,EUR,German 10-y Bond Auction,Medium,1.41|1.1,,1.49|1.3,2014-05-21 04:33:00
2014-05-21,9:00am,EUR,Consumer Confidence,Non-economic,-7,-8,-9,2014-05-21 09:00:00
2014-05-21,9:00am,USD,FOMC Member Dudley Speaks,Medium,,,,2014-05-21 09:00:00
2014-05-21,9:30am,USD,Crude Oil Inventories,Medium,-7.2M,-0.1M,0.9M,2014-05-21 09:30:00
2014-05-21,10:30am,USD,Fed Chair Yellen Speaks,Medium,,,,2014-05-21 10:30:00
2014-05-21,12:30pm,USD,FOMC Member Kocherlakota Speaks,Medium,,,,2014-05-21 12:30:00
2014-05-21,1:00pm,USD,FOMC Meeting Minutes,High,,,,2014-05-21 13:00:00
2014-05-21,8:02pm,AUD,MI Inflation Expectations,Medium,4.4%,,4.2%,2014-05-21 20:02:00
2014-05-21,8:35pm,JPY,Flash Manufacturing PMI,Non-economic,49.9,,49.4,2014-05-21 20:35:00
2014-05-21,8:45pm,CNY,Caixin Flash Manufacturing PMI,High,49.7,48.4,48.1,2014-05-21 20:45:00
2014-05-21,10:00pm,NZD,Inflation Expectations q/q,Medium,2.36%,,2.33%,2014-05-21 22:00:00
2014-05-22,12:00am,JPY,BOJ Monthly Report,Non-economic,,,,2014-05-22 00:00:00
2014-05-22,2:00am,EUR,French Flash Manufacturing PMI,High,49.3,51.1,51.2,2014-05-22 02:00:00
2014-05-22,2:00am,EUR,French Flash Services PMI,Medium,49.2,50.3,50.4,2014-05-22 02:00:00
2014-05-22,2:30am,EUR,German Flash Manufacturing PMI,High,52.9,54.0,54.1,2014-05-22 02:30:00
2014-05-22,2:30am,EUR,German Flash Services PMI,Medium,56.4,54.8,54.7,2014-05-22 02:30:00
2014-05-22,3:00am,EUR,Flash Manufacturing PMI,Medium,52.5,53.2,53.4,2014-05-22 03:00:00
2014-05-22,3:00am,EUR,Flash Services PMI,Medium,53.5,53.0,53.1,2014-05-22 03:00:00
2014-05-22,3:30am,GBP,Second Estimate GDP q/q,High,0.8%,0.8%,0.8%,2014-05-22 03:30:00
2014-05-22,3:30am,GBP,Prelim Business Investment q/q,Medium,2.7%,2.3%,2.4%,2014-05-22 03:30:00
2014-05-22,3:30am,GBP,Public Sector Net Borrowing,Medium,9.6B,3.6B,6.1B,2014-05-22 03:30:00
2014-05-22,3:30am,GBP,Index of Services 3m/3m,Non-economic,0.9%,0.9%,0.8%,2014-05-22 03:30:00
2014-05-22,3:39am,EUR,Spanish 10-y Bond Auction,Medium,2.97|1.7,,3.06|1.8,2014-05-22 03:39:00
2014-05-22,5:00am,GBP,CBI Industrial Order Expectations,Medium,0,4,-1,2014-05-22 05:00:00
2014-05-22,Day 1,EUR,European Parliamentary Elections,Non-economic,,,,2014-05-22 00:00:00
2014-05-22,7:30am,CAD,Core Retail Sales m/m,High,0.1%,0.5%,0.9%,2014-05-22 07:30:00
2014-05-22,7:30am,CAD,Retail Sales m/m,Medium,-0.1%,0.2%,0.7%,2014-05-22 07:30:00
2014-05-22,7:30am,USD,Unemployment Claims,High,326K,312K,298K,2014-05-22 07:30:00
2014-05-22,8:45am,USD,Flash Manufacturing PMI,Medium,56.2,55.6,55.4,2014-05-22 08:45:00
2014-05-22,9:00am,USD,Existing Home Sales,High,4.65M,4.71M,4.59M,2014-05-22 09:00:00
2014-05-22,9:00am,USD,CB Leading Index m/m,Non-economic,0.4%,0.4%,1.0%,2014-05-22 09:00:00
2014-05-22,9:30am,USD,Natural Gas Storage,Non-economic,106B,104B,105B,2014-05-22 09:30:00
2014-05-22,9:00pm,CNY,CB Leading Index m/m,Non-economic,0.9%,,1.1%,2014-05-22 21:00:00
2014-05-23,1:00am,EUR,German Final GDP q/q,Non-economic,0.8%,0.8%,0.8%,2014-05-23 01:00:00
2014-05-23,3:00am,EUR,German ifo Business Climate,High,110.4,111.0,111.2,2014-05-23 03:00:00
2014-05-23,3:00am,EUR,Italian Retail Sales m/m,Non-economic,-0.2%,0.3%,0.0%,2014-05-23 03:00:00
2014-05-23,Day 2,EUR,European Parliamentary Elections,Non-economic,,,,2014-05-23 00:00:00
2014-05-23,7:30am,CAD,Core CPI m/m,High,0.2%,0.2%,0.3%,2014-05-23 07:30:00
2014-05-23,7:30am,CAD,CPI m/m,Medium,0.3%,0.3%,0.6%,2014-05-23 07:30:00
2014-05-23,8:00am,EUR,Belgian NBB Business Climate,Non-economic,-6.8,-4.7,-4.6,2014-05-23 08:00:00
2014-05-23,9:00am,USD,New Home Sales,High,433K,426K,407K,2014-05-23 09:00:00
2014-05-24,Day 3,EUR,European Parliamentary Elections,Non-economic,,,,2014-05-24 00:00:00
2014-05-25,Day 4,EUR,European Parliamentary Elections,High,,,,2014-05-25 00:00:00
2014-05-25,12:30pm,EUR,ECB President Draghi Speaks,High,,,,2014-05-25 12:30:00
2014-05-25,5:45pm,NZD,Trade Balance,High,534M,636M,935M,2014-05-25 17:45:00
2014-05-25,6:50pm,JPY,Monetary Policy Meeting Minutes,Medium,,,,2014-05-25 18:50:00
2014-05-26,1:00am,EUR,German GfK Consumer Climate,Medium,8.5,8.5,8.5,2014-05-26 01:00:00
2014-05-26,All Day,GBP,Bank Holiday,Low,,,,2014-05-26 00:00:00
2014-05-26,3:00am,EUR,ECB President Draghi Speaks,High,,,,2014-05-26 03:00:00
2014-05-26,All Day,USD,Bank Holiday,Low,,,,2014-05-26 00:00:00
2014-05-26,6:50pm,JPY,SPPI y/y,Non-economic,3.4%,3.3%,0.7%,2014-05-26 18:50:00
2014-05-27,1:00am,CHF,Trade Balance,Medium,2.43B,2.43B,2.00B,2014-05-27 01:00:00
2014-05-27,2:15am,CHF,Employment Level,Medium,4.19M,4.21M,4.19M,2014-05-27 02:15:00
2014-05-27,3:30am,GBP,High Street Lending,Medium,42.2K,45.2K,45.0K,2014-05-27 03:30:00
2014-05-27,7:30am,CAD,Corporate Profits q/q,Non-economic,7.4%,,0.8%,2014-05-27 07:30:00
2014-05-27,7:30am,USD,Core Durable Goods Orders m/m,High,0.1%,0.2%,2.4%,2014-05-27 07:30:00
2014-05-27,7:30am,USD,Durable Goods Orders m/m,Medium,0.8%,-0.5%,2.9%,2014-05-27 07:30:00
2014-05-27,8:00am,USD,S&P/CS Composite-20 HPI y/y,Medium,12.4%,11.9%,12.9%,2014-05-27 08:00:00
2014-05-27,8:05am,USD,HPI m/m,Non-economic,0.7%,0.5%,0.6%,2014-05-27 08:05:00
2014-05-27,8:30am,EUR,ECB President Draghi Speaks,High,,,,2014-05-27 08:30:00
2014-05-27,8:45am,USD,Flash Services PMI,Non-economic,58.4,55.6,55.0,2014-05-27 08:45:00
2014-05-27,8:59am,USD,Richmond Manufacturing Index,Non-economic,7,5,7,2014-05-27 08:59:00
2014-05-27,9:00am,USD,CB Consumer Confidence,High,83.0,83.2,81.7,2014-05-27 09:00:00
2014-05-27,2:00pm,GBP,BOE Gov Carney Speaks,High,,,,2014-05-27 14:00:00
2014-05-27,7:00pm,JPY,BOJ Gov Kuroda Speaks,High,,,,2014-05-27 19:00:00
2014-05-27,7:30pm,AUD,MI Leading Index m/m,Non-economic,-0.5%,,0.0%,2014-05-27 19:30:00
2014-05-27,8:00pm,NZD,ANZ Business Confidence,High,53.5,,64.8,2014-05-27 20:00:00
2014-05-27,8:30pm,AUD,Construction Work Done q/q,Medium,0.3%,-0.3%,-1.1%,2014-05-27 20:30:00
2014-05-28,12:45am,CHF,GDP q/q,Non-economic,0.5%,0.6%,0.2%,2014-05-28 00:45:00
2014-05-28,1:00am,CHF,UBS Consumption Indicator,Non-economic,1.72,,1.84,2014-05-28 01:00:00
2014-05-28,1:00am,EUR,German Import Prices m/m,Non-economic,-0.3%,0.3%,-0.6%,2014-05-28 01:00:00
2014-05-28,1:45am,EUR,French Consumer Spending m/m,Medium,-0.3%,0.5%,0.6%,2014-05-28 01:45:00
2014-05-28,2:55am,EUR,German Unemployment Change,Medium,24K,-14K,-25K,2014-05-28 02:55:00
2014-05-28,3:00am,EUR,M3 Money Supply y/y,Medium,0.8%,1.2%,1.0%,2014-05-28 03:00:00
2014-05-28,3:00am,EUR,Private Loans y/y,Medium,-1.8%,-2.1%,-2.2%,2014-05-28 03:00:00
2014-05-28,4:34am,EUR,German 30-y Bond Auction,Non-economic,2.25|1.1,,2.53|1.1,2014-05-28 04:34:00
2014-05-28,5:00am,EUR,ECB Financial Stability Review,Non-economic,,,,2014-05-28 05:00:00
2014-05-28,5:00am,GBP,CBI Realized Sales,Medium,16,36,30,2014-05-28 05:00:00
2014-05-28,6:50pm,JPY,Retail Sales y/y,Medium,-4.4%,-3.2%,11.0%,2014-05-28 18:50:00
2014-05-28,8:00pm,AUD,HIA New Home Sales m/m,Medium,2.9%,,0.2%,2014-05-28 20:00:00
2014-05-28,8:30pm,AUD,Private Capital Expenditure q/q,High,-4.2%,-1.6%,-4.5%,2014-05-28 20:30:00
2014-05-29,All Day,CHF,Bank Holiday,Low,,,,2014-05-29 00:00:00
2014-05-29,All Day,EUR,French Bank Holiday,Low,,,,2014-05-29 00:00:00
2014-05-29,All Day,EUR,German Bank Holiday,Low,,,,2014-05-29 00:00:00
2014-05-29,4:21am,EUR,Italian 10-y Bond Auction,Medium,3.01|1.3,,3.22|1.3,2014-05-29 04:21:00
2014-05-29,7:30am,CAD,Current Account,Medium,-12.4B,-12.4B,-15.6B,2014-05-29 07:30:00
2014-05-29,7:30am,USD,Prelim GDP q/q,High,-1.0%,-0.6%,0.1%,2014-05-29 07:30:00
2014-05-29,7:30am,USD,Unemployment Claims,High,300K,321K,327K,2014-05-29 07:30:00
2014-05-29,7:30am,USD,Prelim GDP Price Index q/q,Non-economic,1.3%,1.3%,1.3%,2014-05-29 07:30:00
2014-05-29,9:00am,USD,Pending Home Sales m/m,High,0.4%,1.1%,3.4%,2014-05-29 09:00:00
2014-05-29,9:30am,USD,Natural Gas Storage,Non-economic,114B,110B,106B,2014-05-29 09:30:00
2014-05-29,10:00am,USD,Crude Oil Inventories,Medium,1.7M,-0.1M,-7.2M,2014-05-29 10:00:00
2014-05-29,5:15pm,GBP,GfK Consumer Confidence,Non-economic,0,-2,-3,2014-05-29 17:15:00
2014-05-29,5:45pm,NZD,Building Consents m/m,Medium,1.5%,,9.2%,2014-05-29 17:45:00
2014-05-29,6:30pm,JPY,Household Spending y/y,Medium,-4.6%,-3.4%,7.2%,2014-05-29 18:30:00
2014-05-29,6:30pm,JPY,National Core CPI y/y,Medium,3.2%,3.1%,1.3%,2014-05-29 18:30:00
2014-05-29,6:30pm,JPY,Tokyo Core CPI y/y,Medium,2.8%,2.9%,2.7%,2014-05-29 18:30:00
2014-05-29,6:30pm,JPY,Unemployment Rate,Non-economic,3.6%,3.6%,3.6%,2014-05-29 18:30:00
2014-05-29,6:50pm,JPY,Prelim Industrial Production m/m,Medium,-2.5%,-1.9%,0.7%,2014-05-29 18:50:00
2014-05-29,8:30pm,AUD,Private Sector Credit m/m,Non-economic,0.5%,0.4%,0.4%,2014-05-29 20:30:00
2014-05-30,12:00am,JPY,Housing Starts y/y,Non-economic,-3.3%,-8.2%,-2.9%,2014-05-30 00:00:00
2014-05-30,1:00am,EUR,German Retail Sales m/m,Medium,-0.9%,0.4%,0.1%,2014-05-30 01:00:00
2014-05-30,2:00am,CHF,KOF Economic Barometer,Medium,99.8,102.1,101.8,2014-05-30 02:00:00
2014-05-30,2:00am,EUR,Spanish Flash CPI y/y,Medium,0.2%,0.3%,0.4%,2014-05-30 02:00:00
2014-05-30,4:00am,EUR,Italian Prelim CPI m/m,Non-economic,-0.1%,0.0%,0.2%,2014-05-30 04:00:00
2014-05-30,7:30am,CAD,GDP m/m,High,0.1%,0.1%,0.2%,2014-05-30 07:30:00
2014-05-30,7:30am,CAD,RMPI m/m,Medium,0.1%,1.2%,0.7%,2014-05-30 07:30:00
2014-05-30,7:30am,CAD,IPPI m/m,Non-economic,-0.2%,0.4%,0.5%,2014-05-30 07:30:00
2014-05-30,7:30am,USD,Core PCE Price Index m/m,Medium,0.2%,0.2%,0.2%,2014-05-30 07:30:00
2014-05-30,7:30am,USD,FOMC Member Pianalto Speaks,Medium,,,,2014-05-30 07:30:00
2014-05-30,7:30am,USD,Personal Spending m/m,Medium,-0.1%,0.2%,1.0%,2014-05-30 07:30:00
2014-05-30,7:30am,USD,Personal Income m/m,Non-economic,0.3%,0.3%,0.5%,2014-05-30 07:30:00
2014-05-30,8:43am,USD,Chicago PMI,Medium,65.5,60.8,63.0,2014-05-30 08:43:00
2014-05-30,8:55am,USD,Revised UoM Consumer Sentiment,Medium,81.9,82.9,81.8,2014-05-30 08:55:00
2014-05-30,8:55am,USD,Revised UoM Inflation Expectations,Non-economic,3.3%,,3.2%,2014-05-30 08:55:00
2014-05-30,11:30am,USD,FOMC Member Mester Speaks,Medium,,,,2014-05-30 11:30:00
2014-05-30,4:00pm,USD,FOMC Member Plosser Speaks,Medium,,,,2014-05-30 16:00:00
2014-05-31,8:00pm,CNY,Manufacturing PMI,High,50.8,50.7,50.4,2014-05-31 20:00:00
2014-06-01,All Day,NZD,Bank Holiday,Low,,,,2014-06-01 00:00:00
2014-06-01,6:30pm,AUD,AIG Manufacturing Index,Non-economic,49.2,,44.8,2014-06-01 18:30:00
2014-06-01,6:50pm,JPY,Capital Spending q/y,Medium,7.4%,5.7%,4.0%,2014-06-01 18:50:00
2014-06-01,All Day,CNY,Bank Holiday,Low,,,,2014-06-01 00:00:00
2014-06-01,7:30pm,AUD,MI Inflation Gauge m/m,Non-economic,0.3%,,0.4%,2014-06-01 19:30:00
2014-06-01,8:30pm,AUD,Building Approvals m/m,High,-5.6%,2.1%,-4.8%,2014-06-01 20:30:00
2014-06-01,8:30pm,AUD,Company Operating Profits q/q,Medium,3.1%,2.6%,2.5%,2014-06-01 20:30:00
2014-06-01,8:35pm,JPY,Final Manufacturing PMI,Non-economic,49.9,49.9,49.9,2014-06-01 20:35:00
2014-06-02,All Day,EUR,Italian Bank Holiday,Low,,,,2014-06-02 00:00:00
2014-06-02,All Day,EUR,German Prelim CPI m/m,High,-0.1%,0.1%,-0.2%,2014-06-02 00:00:00
2014-06-02,1:30am,AUD,Commodity Prices y/y,Non-economic,-12.8%,,-14.1%,2014-06-02 01:30:00
2014-06-02,2:15am,EUR,Spanish Manufacturing PMI,Medium,52.9,52.6,52.7,2014-06-02 02:15:00
2014-06-02,2:30am,CHF,Manufacturing PMI,Medium,52.5,55.7,55.8,2014-06-02 02:30:00
2014-06-02,2:45am,EUR,Italian Manufacturing PMI,Medium,53.2,54.3,54.0,2014-06-02 02:45:00
2014-06-02,2:50am,EUR,French Final Manufacturing PMI,Non-economic,49.6,49.3,49.3,2014-06-02 02:50:00
2014-06-02,2:55am,EUR,German Final Manufacturing PMI,Non-economic,52.3,52.9,52.9,2014-06-02 02:55:00
2014-06-02,3:00am,EUR,Final Manufacturing PMI,Non-economic,52.2,52.5,52.5,2014-06-02 03:00:00
2014-06-02,3:30am,GBP,Final Manufacturing PMI,High,57.0,57.1,57.3,2014-06-02 03:30:00
2014-06-02,3:30am,GBP,Net Lending to Individuals m/m,Medium,2.4B,2.7B,2.8B,2014-06-02 03:30:00
2014-06-02,3:30am,GBP,M4 Money Supply m/m,Non-economic,-0.2%,0.3%,-2.3%,2014-06-02 03:30:00
2014-06-02,3:30am,GBP,Mortgage Approvals,Non-economic,63K,64K,67K,2014-06-02 03:30:00
2014-06-02,7:40am,USD,Treasury Sec Lew Speaks,Medium,,,,2014-06-02 07:40:00
2014-06-02,8:30am,CAD,Manufacturing PMI,Non-economic,52.2,,52.9,2014-06-02 08:30:00
2014-06-02,8:45am,USD,Final Manufacturing PMI,Non-economic,56.4,56.2,56.2,2014-06-02 08:45:00
2014-06-02,9:00am,USD,ISM Manufacturing PMI,High,55.4,55.7,54.9,2014-06-02 09:00:00
2014-06-02,9:00am,USD,Construction Spending m/m,Non-economic,0.2%,0.8%,0.6%,2014-06-02 09:00:00
2014-06-02,9:00am,USD,ISM Manufacturing Prices,Non-economic,60.0,56.8,56.5,2014-06-02 09:00:00
2014-06-02,5:45pm,NZD,Overseas Trade Index q/q,Medium,1.8%,1.9%,2.5%,2014-06-02 17:45:00
2014-06-02,6:50pm,JPY,Monetary Base y/y,Non-economic,45.6%,51.2%,48.5%,2014-06-02 18:50:00
2014-06-02,8:00pm,CNY,Non-Manufacturing PMI,High,55.5,,54.8,2014-06-02 20:00:00
2014-06-02,8:30pm,AUD,Retail Sales m/m,High,0.2%,0.3%,0.1%,2014-06-02 20:30:00
2014-06-02,8:30pm,AUD,Current Account,Medium,-5.7B,-7.1B,-11.7B,2014-06-02 20:30:00
2014-06-02,8:30pm,JPY,Average Cash Earnings y/y,Medium,0.9%,0.6%,0.7%,2014-06-02 20:30:00
2014-06-02,8:45pm,CNY,RatingDog Manufacturing PMI,High,49.4,49.7,49.7,2014-06-02 20:45:00
2014-06-02,10:45pm,JPY,10-y Bond Auction,Non-economic,0.61|3.7,,0.60|3.5,2014-06-02 22:45:00
2014-06-02,11:30pm,AUD,Cash Rate,High,2.50%,2.50%,2.50%,2014-06-02 23:30:00
2014-06-02,11:30pm,AUD,RBA Rate Statement,High,,,,2014-06-02 23:30:00
2014-06-03,1:00am,GBP,Nationwide HPI m/m,Medium,0.7%,0.7%,1.2%,2014-06-03 01:00:00
2014-06-03,2:00am,EUR,Spanish Unemployment Change,Medium,-111.9K,-112.3K,-111.6K,2014-06-03 02:00:00
2014-06-03,3:00am,EUR,Italian Monthly Unemployment Rate,Non-economic,12.6%,12.7%,12.6%,2014-06-03 03:00:00
2014-06-03,3:00am,EUR,Italian Quarterly Unemployment Rate,Non-economic,12.7%,12.7%,12.5%,2014-06-03 03:00:00
2014-06-03,3:30am,GBP,Construction PMI,High,60.0,61.2,60.8,2014-06-03 03:30:00
2014-06-03,4:00am,EUR,CPI Flash Estimate y/y,High,0.5%,0.7%,0.7%,2014-06-03 04:00:00
2014-06-03,4:00am,EUR,Core CPI Flash Estimate y/y,Medium,0.7%,0.9%,1.0%,2014-06-03 04:00:00
2014-06-03,4:00am,EUR,Unemployment Rate,Medium,11.7%,11.8%,11.8%,2014-06-03 04:00:00
2014-06-03,9:00am,USD,Factory Orders m/m,Medium,0.7%,0.6%,1.5%,2014-06-03 09:00:00
2014-06-03,9:00am,USD,RCM/TIPP Economic Optimism,Non-economic,47.7,46.5,45.8,2014-06-03 09:00:00
2014-06-03,9:39am,NZD,GDT Price Index,Medium,-4.2%,,-1.8%,2014-06-03 09:39:00
2014-06-03,All Day,USD,Total Vehicle Sales,Non-economic,16.8M,16.0M,16.0M,2014-06-03 00:00:00
2014-06-03,6:01pm,GBP,BRC Shop Price Index y/y,Non-economic,-1.4%,,-1.4%,2014-06-03 18:01:00
2014-06-03,6:30pm,AUD,AIG Services Index,Non-economic,49.9,,48.6,2014-06-03 18:30:00
2014-06-03,8:00pm,NZD,ANZ Commodity Prices m/m,Non-economic,-2.2%,,-3.7%,2014-06-03 20:00:00
2014-06-03,8:30pm,AUD,GDP q/q,High,1.1%,0.9%,0.8%,2014-06-03 20:30:00
2014-06-04,2:15am,EUR,Spanish Services PMI,Medium,55.7,56.1,56.5,2014-06-04 02:15:00
2014-06-04,2:45am,EUR,Italian Services PMI,Medium,51.6,51.4,51.1,2014-06-04 02:45:00
2014-06-04,2:50am,EUR,French Final Services PMI,Non-economic,49.1,49.2,49.2,2014-06-04 02:50:00
2014-06-04,2:55am,EUR,German Final Services PMI,Non-economic,56.0,56.4,56.4,2014-06-04 02:55:00
2014-06-04,3:00am,EUR,Final Services PMI,Non-economic,53.2,53.5,53.5,2014-06-04 03:00:00
2014-06-04,3:30am,GBP,Final Services PMI,High,58.6,58.3,58.7,2014-06-04 03:30:00
2014-06-04,4:00am,EUR,PPI m/m,Non-economic,-0.1%,-0.1%,-0.2%,2014-06-04 04:00:00
2014-06-04,4:00am,EUR,Revised GDP q/q,Non-economic,0.2%,0.2%,0.2%,2014-06-04 04:00:00
2014-06-04,Day 1,All,G7 Meetings,High,,,,2014-06-04 00:00:00
2014-06-04,7:15am,USD,ADP Non-Farm Employment Change,High,179K,217K,215K,2014-06-04 07:15:00
2014-06-04,7:30am,CAD,Trade Balance,High,-0.6B,-0.2B,0.8B,2014-06-04 07:30:00
2014-06-04,7:30am,USD,Trade Balance,High,-47.2B,-40.8B,-44.2B,2014-06-04 07:30:00
2014-06-04,7:30am,USD,Revised Nonfarm Productivity q/q,Medium,-3.2%,-2.2%,-1.7%,2014-06-04 07:30:00
2014-06-04,7:30am,USD,Revised Unit Labor Costs q/q,Non-economic,5.7%,4.8%,4.2%,2014-06-04 07:30:00
2014-06-04,8:45am,USD,Final Services PMI,Non-economic,58.1,58.4,58.4,2014-06-04 08:45:00
2014-06-04,9:00am,CAD,BOC Rate Statement,High,,,,2014-06-04 09:00:00
2014-06-04,9:00am,CAD,Overnight Rate,High,1.00%,1.00%,1.00%,2014-06-04 09:00:00
2014-06-04,9:00am,USD,ISM Services PMI,High,56.3,55.6,55.2,2014-06-04 09:00:00
2014-06-04,9:30am,USD,Crude Oil Inventories,Medium,-3.4M,-0.2M,1.7M,2014-06-04 09:30:00
2014-06-04,1:00pm,USD,Beige Book,Medium,,,,2014-06-04 13:00:00
2014-06-04,8:30pm,AUD,Goods Trade Balance,High,-0.12B,0.40B,0.90B,2014-06-04 20:30:00
2014-06-04,8:45pm,CNY,RatingDog Services PMI,Medium,50.7,,51.4,2014-06-04 20:45:00
2014-06-04,10:45pm,JPY,30-y Bond Auction,Non-economic,1.71|3.0,,1.71|4.6,2014-06-04 22:45:00
2014-06-05,1:00am,EUR,German Factory Orders m/m,Medium,3.1%,1.3%,-2.8%,2014-06-05 01:00:00
2014-06-05,2:00am,GBP,Halifax HPI m/m,Medium,3.9%,0.7%,-0.3%,2014-06-05 02:00:00
2014-06-05,3:10am,EUR,Retail PMI,Non-economic,49.9,,51.2,2014-06-05 03:10:00
2014-06-05,3:58am,EUR,French 10-y Bond Auction,Non-economic,1.96|1.7,,2.00|2.2,2014-06-05 03:58:00
2014-06-05,4:00am,EUR,Retail Sales m/m,Medium,0.4%,0.1%,0.1%,2014-06-05 04:00:00
2014-06-05,Day 2,All,G7 Meetings,High,,,,2014-06-05 00:00:00
2014-06-05,6:00am,GBP,Asset Purchase Facility,High,375B,375B,375B,2014-06-05 06:00:00
2014-06-05,6:00am,GBP,Official Bank Rate,High,0.50%,0.50%,0.50%,2014-06-05 06:00:00
2014-06-05,6:30am,USD,Challenger Job Cuts y/y,Non-economic,45.5%,,5.7%,2014-06-05 06:30:00
2014-06-05,6:45am,EUR,Main Refinancing Rate,High,0.15%,0.10%,0.25%,2014-06-05 06:45:00
2014-06-05,7:30am,CAD,Building Permits m/m,High,1.1%,4.1%,-3.2%,2014-06-05 07:30:00
2014-06-05,7:30am,EUR,ECB Press Conference,High,,,,2014-06-05 07:30:00
2014-06-05,7:30am,USD,Unemployment Claims,High,312K,309K,304K,2014-06-05 07:30:00
2014-06-05,9:00am,CAD,Ivey PMI,High,48.2,56.3,54.1,2014-06-05 09:00:00
2014-06-05,9:30am,USD,Natural Gas Storage,Non-economic,119B,116B,114B,2014-06-05 09:30:00
2014-06-05,12:30pm,USD,FOMC Member Kocherlakota Speaks,Medium,,,,2014-06-05 12:30:00
2014-06-05,6:30pm,AUD,AIG Construction Index,Non-economic,46.7,,45.9,2014-06-05 18:30:00
2014-06-06,12:00am,JPY,Leading Indicators,Non-economic,106.6%,106.2%,107.1%,2014-06-06 00:00:00
2014-06-06,1:00am,EUR,German Trade Balance,Medium,17.7B,15.1B,15.0B,2014-06-06 01:00:00
2014-06-06,1:00am,EUR,German Industrial Production m/m,Non-economic,0.2%,0.4%,-0.6%,2014-06-06 01:00:00
2014-06-06,1:45am,EUR,French Gov Budget Balance,Non-economic,-64.2B,,-28.0B,2014-06-06 01:45:00
2014-06-06,1:45am,EUR,French Trade Balance,Non-economic,-3.9B,-5.0B,-4.9B,2014-06-06 01:45:00
2014-06-06,2:00am,CHF,Foreign Currency Reserves,Medium,444B,,439B,2014-06-06 02:00:00
2014-06-06,2:15am,CHF,CPI m/m,Medium,0.3%,0.2%,0.1%,2014-06-06 02:15:00
2014-06-06,3:30am,GBP,Consumer Inflation Expectations,Medium,2.6%,,2.8%,2014-06-06 03:30:00
2014-06-06,3:30am,GBP,Goods Trade Balance,Medium,-8.9B,-8.7B,-8.3B,2014-06-06 03:30:00
2014-06-06,7:30am,CAD,Employment Change,High,25.8K,24.5K,-28.9K,2014-06-06 07:30:00
2014-06-06,7:30am,CAD,Unemployment Rate,High,7.0%,6.9%,6.9%,2014-06-06 07:30:00
2014-06-06,7:30am,CAD,Labor Productivity q/q,Medium,-0.1%,0.7%,1.0%,2014-06-06 07:30:00
2014-06-06,7:30am,USD,Non-Farm Employment Change,High,217K,214K,282K,2014-06-06 07:30:00
2014-06-06,7:30am,USD,Unemployment Rate,High,6.3%,6.4%,6.3%,2014-06-06 07:30:00
2014-06-06,7:30am,USD,Average Hourly Earnings m/m,Medium,0.2%,0.2%,0.0%,2014-06-06 07:30:00
2014-06-06,2:00pm,USD,Consumer Credit m/m,Non-economic,26.8B,15.3B,19.5B,2014-06-06 14:00:00
2014-06-07,9:45am,JPY,BOJ Gov Kuroda Speaks,High,,,,2014-06-07 09:45:00
2014-06-07,9:28pm,CNY,USD-Denominated Trade Balance,High,35.9B,22.6B,18.5B,2014-06-07 21:28:00
2014-06-08,All Day,AUD,Bank Holiday,Low,,,,2014-06-08 00:00:00
2014-06-08,6:50pm,JPY,Current Account,Medium,0.13T,0.23T,-0.78T,2014-06-08 18:50:00
2014-06-08,6:50pm,JPY,Final GDP q/q,Medium,1.6%,1.4%,1.5%,2014-06-08 18:50:00
2014-06-08,6:50pm,JPY,Bank Lending y/y,Non-economic,2.3%,,2.1%,2014-06-08 18:50:00
2014-06-08,6:50pm,JPY,Final GDP Price Index y/y,Non-economic,-0.1%,0.0%,0.0%,2014-06-08 18:50:00
2014-06-08,7:00pm,NZD,RBNZ Assist Gov McDermott Speaks,Non-economic,,,,2014-06-08 19:00:00
2014-06-09,12:00am,JPY,Consumer Confidence,Non-economic,39.3,37.7,37.0,2014-06-09 00:00:00
2014-06-09,1:00am,JPY,Economy Watchers Sentiment,Non-economic,45.1,45.2,41.6,2014-06-09 01:00:00
2014-06-09,All Day,CHF,Bank Holiday,Low,,,,2014-06-09 00:00:00
2014-06-09,All Day,EUR,French Bank Holiday,Low,,,,2014-06-09 00:00:00
2014-06-09,All Day,EUR,German Bank Holiday,Low,,,,2014-06-09 00:00:00
2014-06-09,3:30am,EUR,Sentix Investor Confidence,Non-economic,8.5,13.5,12.8,2014-06-09 03:30:00
2014-06-09,7:13am,CAD,Housing Starts,Medium,198K,185K,197K,2014-06-09 07:13:00
2014-06-09,11:00am,AUD,RBA Gov Stevens Speaks,High,,,,2014-06-09 11:00:00
2014-06-09,5:45pm,NZD,Manufacturing Sales q/q,Non-economic,0.6%,,6.0%,2014-06-09 17:45:00
2014-06-09,6:01pm,GBP,BRC Retail Sales Monitor y/y,Medium,0.5%,,4.2%,2014-06-09 18:01:00
2014-06-09,6:50pm,JPY,Tertiary Industry Activity m/m,Medium,-5.4%,-3.3%,2.4%,2014-06-09 18:50:00
2014-06-09,6:50pm,JPY,M2 Money Stock y/y,Non-economic,3.3%,3.2%,3.5%,2014-06-09 18:50:00
2014-06-09,8:30pm,AUD,NAB Business Confidence,High,7,,7,2014-06-09 20:30:00
2014-06-09,8:30pm,AUD,ANZ Job Advertisements m/m,Medium,-5.6%,,1.9%,2014-06-09 20:30:00
2014-06-09,8:30pm,AUD,Home Loans m/m,Medium,0.0%,0.3%,-0.8%,2014-06-09 20:30:00
2014-06-09,8:30pm,CNY,CPI y/y,High,2.5%,2.4%,1.8%,2014-06-09 20:30:00
2014-06-09,8:30pm,CNY,PPI y/y,Medium,-1.4%,-1.5%,-2.0%,2014-06-09 20:30:00
2014-06-10,12:45am,CHF,Unemployment Rate,Non-economic,3.2%,3.2%,3.2%,2014-06-10 00:45:00
2014-06-10,12:59am,JPY,Prelim Machine Tool Orders y/y,Non-economic,24.1%,,48.7%,2014-06-10 00:59:00
2014-06-10,1:45am,EUR,French Industrial Production m/m,Medium,0.3%,0.3%,-0.4%,2014-06-10 01:45:00
2014-06-10,2:15am,CHF,Retail Sales y/y,Medium,0.4%,2.2%,3.4%,2014-06-10 02:15:00
2014-06-10,3:00am,EUR,Italian Industrial Production m/m,Non-economic,0.7%,0.4%,-0.4%,2014-06-10 03:00:00
2014-06-10,3:30am,GBP,Manufacturing Production m/m,High,0.4%,0.4%,0.5%,2014-06-10 03:30:00
2014-06-10,3:30am,GBP,Industrial Production m/m,Non-economic,0.4%,0.4%,0.1%,2014-06-10 03:30:00
2014-06-10,4:36am,GBP,10-y Bond Auction,Non-economic,2.82|2.0,,2.82|1.7,2014-06-10 04:36:00
2014-06-10,6:30am,USD,NFIB Small Business Index,Non-economic,96.6,96.1,95.2,2014-06-10 06:30:00
2014-06-10,9:00am,GBP,NIESR GDP Estimate,Medium,0.9%,,1.1%,2014-06-10 09:00:00
2014-06-10,9:00am,USD,JOLTS Job Openings,Medium,4.46M,4.04M,4.17M,2014-06-10 09:00:00
2014-06-10,9:00am,USD,Final Wholesale Inventories m/m,Non-economic,1.1%,0.6%,1.1%,2014-06-10 09:00:00
2014-06-10,6:50pm,JPY,BSI Manufacturing Index,Medium,-13.9,14.1,12.5,2014-06-10 18:50:00
2014-06-10,6:50pm,JPY,PPI y/y,Non-economic,4.4%,4.1%,4.2%,2014-06-10 18:50:00
2014-06-10,7:30pm,AUD,Westpac Consumer Sentiment,High,0.2%,,-6.8%,2014-06-10 19:30:00
2014-06-11,All Day,All,OPEC Meetings,Non-economic,,,,2014-06-11 00:00:00
2014-06-11,3:30am,GBP,Claimant Count Change,High,-27.4K,-25.0K,-28.4K,2014-06-11 03:30:00
2014-06-11,3:30am,GBP,Unemployment Rate,High,6.6%,6.7%,6.8%,2014-06-11 03:30:00
2014-06-11,3:30am,GBP,Average Earnings Index 3m/y,Medium,0.7%,1.2%,1.9%,2014-06-11 03:30:00
2014-06-11,8:45am,GBP,MPC Member Broadbent Speaks,Medium,,,,2014-06-11 08:45:00
2014-06-11,9:30am,USD,Crude Oil Inventories,Medium,-2.6M,-1.3M,-3.4M,2014-06-11 09:30:00
2014-06-11,12:01pm,USD,10-y Bond Auction,Medium,2.65|2.9,,2.61|2.6,2014-06-11 12:01:00
2014-06-11,1:00pm,USD,Federal Budget Balance,Medium,-130.0B,-132.8B,106.9B,2014-06-11 13:00:00
2014-06-11,4:00pm,NZD,Official Cash Rate,High,3.25%,3.25%,3.00%,2014-06-11 16:00:00
2014-06-11,4:00pm,NZD,RBNZ Monetary Policy Statement,High,,,,2014-06-11 16:00:00
2014-06-11,4:00pm,NZD,RBNZ Press Conference,High,,,,2014-06-11 16:00:00
2014-06-11,4:00pm,NZD,RBNZ Rate Statement,High,,,,2014-06-11 16:00:00
2014-06-11,6:01pm,GBP,RICS House Price Balance,Non-economic,57%,52%,55%,2014-06-11 18:01:00
2014-06-11,6:50pm,JPY,Core Machinery Orders m/m,Medium,-9.1%,-11.5%,19.1%,2014-06-11 18:50:00
2014-06-11,7:59pm,AUD,MI Inflation Expectations,Medium,4.0%,,4.4%,2014-06-11 19:59:00
2014-06-11,8:30pm,AUD,Employment Change,High,-4.8K,10.3K,10.3K,2014-06-11 20:30:00
2014-06-11,8:30pm,AUD,Unemployment Rate,High,5.8%,5.9%,5.8%,2014-06-11 20:30:00
2014-06-12,1:00am,EUR,German WPI m/m,Non-economic,-0.1%,0.3%,0.2%,2014-06-12 01:00:00
2014-06-12,1:45am,EUR,French Final CPI m/m,Non-economic,0.0%,0.1%,0.0%,2014-06-12 01:45:00
2014-06-12,3:00am,EUR,ECB Monthly Bulletin,Medium,,,,2014-06-12 03:00:00
2014-06-12,3:01am,CNY,New Loans,Medium,871B,750B,775B,2014-06-12 03:01:00
2014-06-12,3:01am,CNY,M2 Money Supply y/y,Non-economic,13.4%,13.1%,13.2%,2014-06-12 03:01:00
2014-06-12,4:00am,EUR,Industrial Production m/m,Medium,0.8%,0.5%,-0.4%,2014-06-12 04:00:00
2014-06-12,7:30am,CAD,NHPI m/m,Medium,0.2%,0.3%,0.2%,2014-06-12 07:30:00
2014-06-12,7:30am,CAD,Capacity Utilization Rate,Non-economic,82.5%,82.6%,82.2%,2014-06-12 07:30:00
2014-06-12,7:30am,USD,Core Retail Sales m/m,High,0.1%,0.4%,0.4%,2014-06-12 07:30:00
2014-06-12,7:30am,USD,Retail Sales m/m,High,0.3%,0.5%,0.5%,2014-06-12 07:30:00
2014-06-12,7:30am,USD,Unemployment Claims,High,317K,306K,313K,2014-06-12 07:30:00
2014-06-12,7:30am,USD,Import Prices m/m,Medium,0.1%,0.2%,-0.5%,2014-06-12 07:30:00
2014-06-12,9:00am,USD,Business Inventories m/m,Medium,0.6%,0.4%,0.4%,2014-06-12 09:00:00
2014-06-12,9:30am,CAD,BOC Financial System Review,Non-economic,,,,2014-06-12 09:30:00
2014-06-12,9:30am,USD,Natural Gas Storage,Non-economic,107B,111B,119B,2014-06-12 09:30:00
2014-06-12,10:15am,CAD,BOC Gov Poloz Speaks,High,,,,2014-06-12 10:15:00
2014-06-12,12:01pm,USD,30-y Bond Auction,Non-economic,3.44|2.7,,3.44|2.1,2014-06-12 12:01:00
2014-06-12,1:00pm,EUR,German Buba President Weidmann Speaks,Medium,,,,2014-06-12 13:00:00
2014-06-12,1:00pm,GBP,Chancellor Osborne Speaks,Non-economic,,,,2014-06-12 13:00:00
2014-06-12,3:00pm,GBP,BOE Gov Carney Speaks,High,,,,2014-06-12 15:00:00
2014-06-12,5:30pm,NZD,BusinessNZ Manufacturing Index,Medium,52.7,,54.4,2014-06-12 17:30:00
2014-06-12,5:45pm,NZD,FPI m/m,Non-economic,0.6%,,0.6%,2014-06-12 17:45:00
2014-06-12,9:41pm,JPY,Monetary Policy Statement,High,,,,2014-06-12 21:41:00
2014-06-12,11:30pm,JPY,Revised Industrial Production m/m,Non-economic,-2.8%,-2.5%,-2.5%,2014-06-12 23:30:00
2014-06-13,12:30am,CNY,Industrial Production y/y,High,8.8%,8.8%,8.7%,2014-06-13 00:30:00
2014-06-13,12:30am,CNY,Fixed Asset Investment ytd/y,Medium,17.2%,17.1%,17.3%,2014-06-13 00:30:00
2014-06-13,12:30am,CNY,Retail Sales y/y,Non-economic,12.5%,12.3%,11.9%,2014-06-13 00:30:00
2014-06-13,12:30am,EUR,French Final Private Payrolls q/q,Non-economic,-0.1%,-0.1%,-0.1%,2014-06-13 00:30:00
2014-06-13,1:00am,EUR,German Final CPI m/m,Non-economic,-0.1%,-0.1%,-0.1%,2014-06-13 01:00:00
2014-06-13,1:32am,JPY,BOJ Press Conference,High,,,,2014-06-13 01:32:00
2014-06-13,3:30am,GBP,Construction Output m/m,Non-economic,1.2%,0.7%,-0.2%,2014-06-13 03:30:00
2014-06-13,4:00am,EUR,Final Employment Change q/q,Non-economic,0.1%,0.1%,0.1%,2014-06-13 04:00:00
2014-06-13,4:00am,EUR,Trade Balance,Non-economic,15.8B,15.9B,15.4B,2014-06-13 04:00:00
2014-06-13,4:00am,GBP,CB Leading Index m/m,Non-economic,0.5%,,0.3%,2014-06-13 04:00:00
2014-06-13,7:30am,CAD,Manufacturing Sales m/m,High,-0.1%,0.9%,0.3%,2014-06-13 07:30:00
2014-06-13,7:30am,USD,PPI m/m,High,-0.2%,0.1%,0.6%,2014-06-13 07:30:00
2014-06-13,7:30am,USD,Core PPI m/m,Medium,-0.1%,0.2%,0.5%,2014-06-13 07:30:00
2014-06-13,8:55am,USD,Prelim UoM Consumer Sentiment,High,81.2,83.2,81.9,2014-06-13 08:55:00
2014-06-13,8:55am,USD,Prelim UoM Inflation Expectations,Non-economic,3.0%,,3.3%,2014-06-13 08:55:00
2014-06-15,4:49pm,NZD,Westpac Consumer Sentiment,Non-economic,121.2,,121.7,2014-06-15 16:49:00
2014-06-15,5:30pm,NZD,BusinessNZ Services Index,Non-economic,54.2,,58.3,2014-06-15 17:30:00
2014-06-15,5:50pm,NZD,REINZ HPI m/m,Non-economic,-1.2%,,0.1%,2014-06-15 17:50:00
2014-06-15,6:01pm,GBP,Rightmove HPI m/m,Non-economic,0.1%,,3.6%,2014-06-15 18:01:00
2014-06-15,10:20pm,AUD,RBA Assist Gov Kent Speaks,Medium,,,,2014-06-15 22:20:00
2014-06-16,12:00am,JPY,BOJ Monthly Report,Non-economic,,,,2014-06-16 00:00:00
2014-06-16,4:00am,EUR,Final CPI y/y,Medium,0.5%,0.5%,0.5%,2014-06-16 04:00:00
2014-06-16,4:00am,EUR,Final Core CPI y/y,Non-economic,0.7%,0.7%,0.7%,2014-06-16 04:00:00
2014-06-16,5:00am,EUR,German Buba Monthly Report,Medium,,,,2014-06-16 05:00:00
2014-06-16,7:30am,CAD,Foreign Securities Purchases,Medium,10.13B,4.27B,-1.41B,2014-06-16 07:30:00
2014-06-16,7:30am,USD,Empire State Manufacturing Index,Medium,19.3,15.2,19.0,2014-06-16 07:30:00
2014-06-16,8:00am,USD,TIC Long-Term Purchases,Medium,-24.2B,41.3B,4.1B,2014-06-16 08:00:00
2014-06-16,8:15am,USD,Capacity Utilization Rate,Medium,79.1%,78.9%,78.9%,2014-06-16 08:15:00
2014-06-16,8:15am,USD,Industrial Production m/m,Medium,0.6%,0.6%,-0.3%,2014-06-16 08:15:00
2014-06-16,9:00am,USD,NAHB Housing Market Index,Medium,49,47,45,2014-06-16 09:00:00
2014-06-16,8:30pm,AUD,Monetary Policy Meeting Minutes,High,,,,2014-06-16 20:30:00
2014-06-16,8:30pm,AUD,New Motor Vehicle Sales m/m,Medium,0.3%,,0.1%,2014-06-16 20:30:00
2014-06-16,9:17pm,CNY,Foreign Direct Investment ytd/y,Non-economic,2.8%,,5.0%,2014-06-16 21:17:00
2014-06-17,12:45am,CHF,SECO Economic Forecasts,Non-economic,,,,2014-06-17 00:45:00
2014-06-17,2:15am,CHF,PPI m/m,Medium,0.1%,0.0%,-0.3%,2014-06-17 02:15:00
2014-06-17,3:00am,EUR,Italian Trade Balance,Non-economic,3.51B,4.27B,3.89B,2014-06-17 03:00:00
2014-06-17,3:30am,GBP,CPI y/y,High,1.5%,1.7%,1.8%,2014-06-17 03:30:00
2014-06-17,3:30am,GBP,PPI Input m/m,Medium,-0.9%,0.1%,-0.9%,2014-06-17 03:30:00
2014-06-17,3:30am,GBP,RPI y/y,Medium,2.4%,2.5%,2.5%,2014-06-17 03:30:00
2014-06-17,3:30am,GBP,Core CPI y/y,Non-economic,1.6%,1.7%,2.0%,2014-06-17 03:30:00
2014-06-17,3:30am,GBP,ONS HPI y/y,Non-economic,9.9%,9.1%,8.0%,2014-06-17 03:30:00
2014-06-17,3:30am,GBP,PPI Output m/m,Non-economic,-0.1%,0.1%,0.1%,2014-06-17 03:30:00
2014-06-17,4:00am,EUR,German ZEW Economic Sentiment,High,29.8,35.2,33.1,2014-06-17 04:00:00
2014-06-17,4:00am,EUR,ZEW Economic Sentiment,Medium,58.4,59.6,55.2,2014-06-17 04:00:00
2014-06-17,7:30am,USD,Building Permits,High,0.99M,1.07M,1.06M,2014-06-17 07:30:00
2014-06-17,7:30am,USD,Core CPI m/m,High,0.3%,0.2%,0.2%,2014-06-17 07:30:00
2014-06-17,7:30am,USD,CPI y/y,High,2.1%,2.0%,2.0%,2014-06-17 07:30:00
2014-06-17,7:30am,USD,CPI m/m,Medium,0.4%,0.2%,0.3%,2014-06-17 07:30:00
2014-06-17,7:30am,USD,Housing Starts,Medium,1.00M,1.04M,1.07M,2014-06-17 07:30:00
2014-06-17,10:05am,NZD,GDT Price Index,Medium,0.9%,,-4.2%,2014-06-17 10:05:00
2014-06-17,5:45pm,NZD,Current Account,Medium,1.41B,1.42B,-1.51B,2014-06-17 17:45:00
2014-06-17,6:50pm,JPY,Monetary Policy Meeting Minutes,Medium,,,,2014-06-17 18:50:00
2014-06-17,6:50pm,JPY,Trade Balance,Medium,-0.86T,-1.01T,-0.88T,2014-06-17 18:50:00
2014-06-17,7:00pm,AUD,CB Leading Index m/m,Medium,-0.1%,,0.0%,2014-06-17 19:00:00
2014-06-17,7:30pm,AUD,MI Leading Index m/m,Non-economic,0.1%,,-0.5%,2014-06-17 19:30:00
2014-06-18,3:30am,GBP,MPC Asset Purchase Facility Votes,High,0-0-9,0-0-9,0-0-9,2014-06-18 03:30:00
2014-06-18,3:30am,GBP,MPC Official Bank Rate Votes,High,0-0-9,0-0-9,0-0-9,2014-06-18 03:30:00
2014-06-18,4:00am,CHF,UBS Economic Expectations,Medium,4.8,,7.4,2014-06-18 04:00:00
2014-06-18,4:34am,EUR,German 10-y Bond Auction,Medium,1.39|1.2,,1.41|1.1,2014-06-18 04:34:00
2014-06-18,6:15am,GBP,MPC Member Weale Speaks,High,,,,2014-06-18 06:15:00
2014-06-18,7:30am,CAD,Wholesale Sales m/m,High,1.2%,0.3%,-0.3%,2014-06-18 07:30:00
2014-06-18,7:30am,USD,Current Account,Medium,-111B,-96B,-87B,2014-06-18 07:30:00
2014-06-18,9:30am,USD,Crude Oil Inventories,Medium,-0.6M,-0.6M,-2.6M,2014-06-18 09:30:00
2014-06-18,12:30pm,GBP,MPC Member Haldane Speaks,High,,,,2014-06-18 12:30:00
2014-06-18,1:00pm,USD,FOMC Economic Projections,High,,,,2014-06-18 13:00:00
2014-06-18,1:00pm,USD,FOMC Statement,High,,,,2014-06-18 13:00:00
2014-06-18,1:00pm,USD,Federal Funds Rate,Medium,<0.25%,<0.25%,<0.25%,2014-06-18 13:00:00
2014-06-18,1:30pm,USD,FOMC Press Conference,High,,,,2014-06-18 13:30:00
2014-06-18,5:45pm,NZD,GDP q/q,High,1.0%,1.2%,1.0%,2014-06-18 17:45:00
2014-06-18,8:30pm,AUD,RBA Bulletin,Non-economic,,,,2014-06-18 20:30:00
2014-06-18,11:30pm,CHF,SNB Financial Stability Report,Medium,,,,2014-06-18 23:30:00
2014-06-18,11:30pm,JPY,All Industries Activity m/m,Non-economic,-4.3%,-3.7%,1.5%,2014-06-18 23:30:00
2014-06-19,2:30am,CHF,Libor Rate,High,<0.25%,<0.25%,<0.25%,2014-06-19 02:30:00
2014-06-19,2:30am,CHF,SNB Monetary Policy Assessment,High,,,,2014-06-19 02:30:00
2014-06-19,2:30am,CHF,SNB Press Conference,High,,,,2014-06-19 02:30:00
2014-06-19,3:30am,GBP,Retail Sales m/m,High,-0.5%,-0.5%,1.0%,2014-06-19 03:30:00
2014-06-19,All Day,EUR,Eurogroup Meetings,Medium,,,,2014-06-19 00:00:00
2014-06-19,5:00am,GBP,CBI Industrial Order Expectations,Medium,11,3,0,2014-06-19 05:00:00
2014-06-19,6:30am,GBP,MPC Member McCafferty Speaks,Medium,,,,2014-06-19 06:30:00
2014-06-19,7:30am,USD,Unemployment Claims,High,312K,316K,318K,2014-06-19 07:30:00
2014-06-19,9:00am,USD,Philly Fed Manufacturing Index,High,17.8,14.3,15.4,2014-06-19 09:00:00
2014-06-19,9:00am,USD,CB Leading Index m/m,Non-economic,0.5%,0.6%,0.3%,2014-06-19 09:00:00
2014-06-19,9:30am,USD,Natural Gas Storage,Non-economic,113B,112B,107B,2014-06-19 09:30:00
2014-06-20,1:00am,EUR,German PPI m/m,Medium,-0.2%,0.2%,-0.1%,2014-06-20 01:00:00
2014-06-20,1:35am,JPY,BOJ Gov Kuroda Speaks,High,,,,2014-06-20 01:35:00
2014-06-20,3:00am,EUR,Current Account,Medium,21.5B,19.4B,19.6B,2014-06-20 03:00:00
2014-06-20,3:30am,GBP,Public Sector Net Borrowing,Medium,11.5B,11.8B,9.0B,2014-06-20 03:30:00
2014-06-20,All Day,EUR,ECOFIN Meetings,Medium,,,,2014-06-20 00:00:00
2014-06-20,7:30am,CAD,Core CPI m/m,High,0.5%,0.2%,0.2%,2014-06-20 07:30:00
2014-06-20,7:30am,CAD,Core Retail Sales m/m,High,0.7%,0.4%,0.2%,2014-06-20 07:30:00
2014-06-20,7:30am,CAD,CPI m/m,Medium,0.5%,0.2%,0.3%,2014-06-20 07:30:00
2014-06-20,7:30am,CAD,Retail Sales m/m,Medium,1.1%,0.4%,0.1%,2014-06-20 07:30:00
2014-06-20,9:00am,EUR,Consumer Confidence,Non-economic,-7,-6,-7,2014-06-20 09:00:00
2014-06-22,5:45pm,NZD,Visitor Arrivals m/m,Non-economic,0.3%,,1.7%,2014-06-22 17:45:00
2014-06-22,8:35pm,JPY,Flash Manufacturing PMI,Non-economic,51.1,,49.9,2014-06-22 20:35:00
2014-06-22,8:45pm,CNY,Caixin Flash Manufacturing PMI,High,50.8,49.7,49.4,2014-06-22 20:45:00
2014-06-22,10:00pm,NZD,Credit Card Spending y/y,Non-economic,7.5%,,3.2%,2014-06-22 22:00:00
2014-06-23,1:00am,JPY,BOJ Gov Kuroda Speaks,High,,,,2014-06-23 01:00:00
2014-06-23,2:00am,EUR,French Flash Manufacturing PMI,High,47.8,49.6,49.6,2014-06-23 02:00:00
2014-06-23,2:00am,EUR,French Flash Services PMI,Medium,48.2,49.5,49.1,2014-06-23 02:00:00
2014-06-23,2:30am,EUR,German Flash Manufacturing PMI,High,52.4,52.7,52.3,2014-06-23 02:30:00
2014-06-23,2:30am,EUR,German Flash Services PMI,Medium,54.8,55.8,56.0,2014-06-23 02:30:00
2014-06-23,3:00am,EUR,Flash Manufacturing PMI,Medium,51.9,52.2,52.2,2014-06-23 03:00:00
2014-06-23,3:00am,EUR,Flash Services PMI,Medium,52.8,53.4,53.2,2014-06-23 03:00:00
2014-06-23,3:30am,GBP,BOE Credit Conditions Survey,Medium,,,,2014-06-23 03:30:00
2014-06-23,8:45am,USD,Flash Manufacturing PMI,Medium,57.5,56.1,56.4,2014-06-23 08:45:00
2014-06-23,9:00am,USD,Existing Home Sales,High,4.89M,4.74M,4.66M,2014-06-23 09:00:00
2014-06-23,9:00pm,CNY,CB Leading Index m/m,Non-economic,0.7%,,1.0%,2014-06-23 21:00:00
2014-06-24,1:00am,CHF,Trade Balance,Medium,2.77B,2.77B,2.45B,2014-06-24 01:00:00
2014-06-24,3:00am,EUR,German ifo Business Climate,High,109.7,110.3,110.4,2014-06-24 03:00:00
2014-06-24,3:30am,GBP,Monetary Policy Report Hearings,High,,,,2014-06-24 03:30:00
2014-06-24,3:30am,GBP,High Street Lending,Medium,41.8K,41.3K,41.9K,2014-06-24 03:30:00
2014-06-24,7:05am,USD,FOMC Member Plosser Speaks,Medium,,,,2014-06-24 07:05:00
2014-06-24,8:00am,EUR,Belgian NBB Business Climate,Non-economic,-6.2,-4.1,-6.8,2014-06-24 08:00:00
2014-06-24,8:00am,USD,S&P/CS Composite-20 HPI y/y,Medium,10.8%,11.7%,12.4%,2014-06-24 08:00:00
2014-06-24,8:03am,USD,HPI m/m,Non-economic,0.0%,0.6%,0.7%,2014-06-24 08:03:00
2014-06-24,8:59am,USD,Richmond Manufacturing Index,Non-economic,3,6,7,2014-06-24 08:59:00
2014-06-24,9:00am,USD,CB Consumer Confidence,High,85.2,83.6,82.2,2014-06-24 09:00:00
2014-06-24,9:00am,USD,New Home Sales,High,504K,442K,425K,2014-06-24 09:00:00
2014-06-24,9:00am,USD,Treasury Sec Lew Speaks,Non-economic,,,,2014-06-24 09:00:00
2014-06-24,6:50pm,JPY,SPPI y/y,Non-economic,3.6%,3.2%,3.4%,2014-06-24 18:50:00
2014-06-24,10:00pm,AUD,RBA Deputy Gov Lowe Speaks,Medium,,,,2014-06-24 22:00:00
2014-06-25,1:00am,CHF,UBS Consumption Indicator,Non-economic,1.77,,1.68,2014-06-25 01:00:00
2014-06-25,1:00am,EUR,German GfK Consumer Climate,Medium,8.9,8.6,8.6,2014-06-25 01:00:00
2014-06-25,3:00am,EUR,Italian Retail Sales m/m,Non-economic,0.4%,0.2%,-0.2%,2014-06-25 03:00:00
2014-06-25,5:00am,GBP,CBI Realized Sales,Medium,4,25,16,2014-06-25 05:00:00
2014-06-25,7:30am,USD,Core Durable Goods Orders m/m,High,-0.1%,0.3%,0.3%,2014-06-25 07:30:00
2014-06-25,7:30am,USD,Final GDP q/q,High,-2.9%,-1.8%,-1.0%,2014-06-25 07:30:00
2014-06-25,7:30am,USD,Durable Goods Orders m/m,Medium,-1.0%,-0.1%,0.6%,2014-06-25 07:30:00
2014-06-25,7:30am,USD,Final GDP Price Index q/q,Non-economic,1.3%,1.3%,1.3%,2014-06-25 07:30:00
2014-06-25,8:00am,CHF,SNB Quarterly Bulletin,Non-economic,,,,2014-06-25 08:00:00
2014-06-25,8:45am,USD,Flash Services PMI,Non-economic,61.2,58.6,58.1,2014-06-25 08:45:00
2014-06-25,9:30am,USD,Crude Oil Inventories,Medium,1.7M,-1.2M,-0.6M,2014-06-25 09:30:00
2014-06-26,Day 1,EUR,EU Economic Summit,Medium,,,,2014-06-26 00:00:00
2014-06-26,4:30am,GBP,BOE Gov Carney Speaks,High,,,,2014-06-26 04:30:00
2014-06-26,4:30am,GBP,BOE Financial Stability Report,Medium,,,,2014-06-26 04:30:00
2014-06-26,4:30am,GBP,FPC Statement,Medium,,,,2014-06-26 04:30:00
2014-06-26,7:30am,USD,Unemployment Claims,High,312K,314K,314K,2014-06-26 07:30:00
2014-06-26,7:30am,USD,Core PCE Price Index m/m,Medium,0.2%,0.2%,0.2%,2014-06-26 07:30:00
2014-06-26,7:30am,USD,Personal Spending m/m,Medium,0.2%,0.4%,0.0%,2014-06-26 07:30:00
2014-06-26,7:30am,USD,Personal Income m/m,Non-economic,0.4%,0.5%,0.3%,2014-06-26 07:30:00
2014-06-26,9:30am,USD,Natural Gas Storage,Non-economic,110B,101B,113B,2014-06-26 09:30:00
2014-06-26,5:45pm,NZD,Trade Balance,High,285M,250M,498M,2014-06-26 17:45:00
2014-06-26,6:05pm,GBP,GfK Consumer Confidence,Non-economic,1,2,0,2014-06-26 18:05:00
2014-06-26,6:30pm,JPY,Household Spending y/y,Medium,-8.0%,-1.9%,-4.6%,2014-06-26 18:30:00
2014-06-26,6:30pm,JPY,Tokyo Core CPI y/y,Medium,2.8%,2.8%,2.8%,2014-06-26 18:30:00
2014-06-26,6:30pm,JPY,National Core CPI y/y,Non-economic,3.4%,3.4%,3.2%,2014-06-26 18:30:00
2014-06-26,6:30pm,JPY,Unemployment Rate,Non-economic,3.5%,3.6%,3.6%,2014-06-26 18:30:00
2014-06-26,6:50pm,JPY,Retail Sales y/y,Medium,-0.4%,-1.9%,-4.3%,2014-06-26 18:50:00
2014-06-26,9:00pm,NZD,RBNZ Statement of Intent,Medium,,,,2014-06-26 21:00:00
2014-06-27,1:00am,EUR,German Import Prices m/m,Non-economic,0.0%,0.2%,-0.3%,2014-06-27 01:00:00
2014-06-27,All Day,EUR,German Prelim CPI m/m,High,0.3%,0.2%,-0.1%,2014-06-27 00:00:00
2014-06-27,1:45am,EUR,French Consumer Spending m/m,Medium,1.0%,0.3%,-0.2%,2014-06-27 01:45:00
2014-06-27,2:00am,CHF,KOF Economic Barometer,Medium,100.4,100.2,100.1,2014-06-27 02:00:00
2014-06-27,2:00am,EUR,Spanish Flash CPI y/y,Medium,0.1%,0.3%,0.2%,2014-06-27 02:00:00
2014-06-27,3:30am,GBP,Current Account,High,-18.5B,-17.1B,-23.5B,2014-06-27 03:30:00
2014-06-27,3:30am,GBP,Final GDP q/q,Medium,0.8%,0.8%,0.8%,2014-06-27 03:30:00
2014-06-27,3:30am,GBP,Index of Services 3m/3m,Non-economic,0.9%,0.9%,0.8%,2014-06-27 03:30:00
2014-06-27,3:30am,GBP,Revised Business Investment q/q,Non-economic,5.0%,2.7%,2.7%,2014-06-27 03:30:00
2014-06-27,Day 2,EUR,EU Economic Summit,Medium,,,,2014-06-27 00:00:00
2014-06-27,4:21am,EUR,Italian 10-y Bond Auction,Non-economic,2.81|1.4,,3.01|1.3,2014-06-27 04:21:00
2014-06-27,7:30am,CAD,RMPI m/m,Medium,-0.4%,1.3%,0.1%,2014-06-27 07:30:00
2014-06-27,7:30am,CAD,IPPI m/m,Non-economic,-0.5%,0.4%,-0.3%,2014-06-27 07:30:00
2014-06-27,8:55am,USD,Revised UoM Consumer Sentiment,Medium,82.5,82.2,81.2,2014-06-27 08:55:00
2014-06-27,8:55am,USD,Revised UoM Inflation Expectations,Non-economic,3.1%,,3.0%,2014-06-27 08:55:00
2014-06-29,5:45pm,NZD,Building Consents m/m,Medium,-4.6%,,1.9%,2014-06-29 17:45:00
2014-06-29,6:50pm,JPY,Prelim Industrial Production m/m,Medium,0.5%,0.9%,-2.8%,2014-06-29 18:50:00
2014-06-29,7:30pm,AUD,MI Inflation Gauge m/m,Non-economic,0.0%,,0.3%,2014-06-29 19:30:00
2014-06-29,8:00pm,AUD,HIA New Home Sales m/m,Medium,-4.3%,,2.9%,2014-06-29 20:00:00
2014-06-29,8:00pm,NZD,ANZ Business Confidence,High,42.8,,53.5,2014-06-29 20:00:00
2014-06-29,8:30pm,AUD,Private Sector Credit m/m,Non-economic,0.4%,0.4%,0.4%,2014-06-29 20:30:00
2014-06-30,12:00am,JPY,Housing Starts y/y,Non-economic,-15.0%,-10.1%,-3.3%,2014-06-30 00:00:00
2014-06-30,1:00am,EUR,German Retail Sales m/m,Medium,-0.6%,0.8%,-1.5%,2014-06-30 01:00:00
2014-06-30,3:00am,EUR,M3 Money Supply y/y,Medium,1.0%,0.7%,0.7%,2014-06-30 03:00:00
2014-06-30,3:00am,EUR,Private Loans y/y,Medium,-2.0%,-1.7%,-1.8%,2014-06-30 03:00:00
2014-06-30,3:30am,GBP,Net Lending to Individuals m/m,Medium,2.7B,2.5B,2.4B,2014-06-30 03:30:00
2014-06-30,3:30am,GBP,M4 Money Supply m/m,Non-economic,-0.1%,0.2%,-0.2%,2014-06-30 03:30:00
2014-06-30,3:30am,GBP,Mortgage Approvals,Non-economic,62K,62K,63K,2014-06-30 03:30:00
2014-06-30,4:00am,EUR,CPI Flash Estimate y/y,High,0.5%,0.6%,0.5%,2014-06-30 04:00:00
2014-06-30,4:00am,EUR,Core CPI Flash Estimate y/y,Medium,0.8%,0.7%,0.7%,2014-06-30 04:00:00
2014-06-30,4:00am,EUR,Italian Prelim CPI m/m,Non-economic,0.1%,0.2%,-0.1%,2014-06-30 04:00:00
2014-06-30,7:30am,CAD,GDP m/m,High,0.1%,0.2%,0.1%,2014-06-30 07:30:00
2014-06-30,8:45am,USD,Chicago PMI,Medium,62.6,63.2,65.5,2014-06-30 08:45:00
2014-06-30,9:00am,USD,Pending Home Sales m/m,High,6.1%,1.4%,0.5%,2014-06-30 09:00:00
2014-06-30,6:29pm,AUD,AIG Manufacturing Index,Non-economic,48.9,,49.2,2014-06-30 18:29:00
2014-06-30,6:50pm,JPY,Tankan Manufacturing Index,Medium,12,16,17,2014-06-30 18:50:00
2014-06-30,6:50pm,JPY,Tankan Non-Manufacturing Index,Medium,19,19,24,2014-06-30 18:50:00
2014-06-30,7:59pm,CNY,Manufacturing PMI,High,51.0,51.0,50.8,2014-06-30 19:59:00
2014-06-30,8:30pm,JPY,Average Cash Earnings y/y,Medium,0.8%,0.8%,0.7%,2014-06-30 20:30:00
2014-06-30,8:35pm,JPY,Final Manufacturing PMI,Non-economic,51.5,51.2,51.1,2014-06-30 20:35:00
2014-06-30,8:45pm,CNY,RatingDog Manufacturing PMI,High,50.7,50.8,50.8,2014-06-30 20:45:00
2014-06-30,11:30pm,AUD,Cash Rate,High,2.50%,2.50%,2.50%,2014-06-30 23:30:00
2014-06-30,11:30pm,AUD,RBA Rate Statement,High,,,,2014-06-30 23:30:00
2014-07-01,1:30am,AUD,Commodity Prices y/y,Non-economic,-9.6%,,-12.8%,2014-07-01 01:30:00
2014-07-01,2:15am,EUR,Spanish Manufacturing PMI,Medium,54.6,53.2,52.9,2014-07-01 02:15:00
2014-07-01,2:30am,CHF,Manufacturing PMI,Medium,54.0,52.6,52.5,2014-07-01 02:30:00
2014-07-01,2:45am,EUR,Italian Manufacturing PMI,Medium,52.6,53.5,53.2,2014-07-01 02:45:00
2014-07-01,2:50am,EUR,French Final Manufacturing PMI,Non-economic,48.2,47.8,47.8,2014-07-01 02:50:00
2014-07-01,2:55am,EUR,German Unemployment Change,Medium,9K,-9K,26K,2014-07-01 02:55:00
2014-07-01,2:55am,EUR,German Final Manufacturing PMI,Non-economic,52.0,52.4,52.4,2014-07-01 02:55:00
2014-07-01,3:00am,EUR,Final Manufacturing PMI,Non-economic,51.8,51.9,51.9,2014-07-01 03:00:00
2014-07-01,3:00am,EUR,Italian Monthly Unemployment Rate,Non-economic,12.6%,12.6%,12.5%,2014-07-01 03:00:00
2014-07-01,3:30am,GBP,Final Manufacturing PMI,High,57.5,56.7,57.0,2014-07-01 03:30:00
2014-07-01,3:30am,GBP,FPC Meeting Minutes,Non-economic,,,,2014-07-01 03:30:00
2014-07-01,4:00am,EUR,Unemployment Rate,Medium,11.6%,11.7%,11.6%,2014-07-01 04:00:00
2014-07-01,7:00am,USD,Treasury Sec Lew Speaks,Medium,,,,2014-07-01 07:00:00
2014-07-01,All Day,CAD,Bank Holiday,Low,,,,2014-07-01 00:00:00
2014-07-01,8:45am,USD,Final Manufacturing PMI,Non-economic,57.3,57.5,57.5,2014-07-01 08:45:00
2014-07-01,9:00am,USD,ISM Manufacturing PMI,High,55.3,55.6,55.4,2014-07-01 09:00:00
2014-07-01,9:00am,USD,Construction Spending m/m,Non-economic,0.1%,0.5%,0.8%,2014-07-01 09:00:00
2014-07-01,9:00am,USD,ISM Manufacturing Prices,Non-economic,58.0,60.0,60.0,2014-07-01 09:00:00
2014-07-01,9:00am,USD,RCM/TIPP Economic Optimism,Non-economic,45.6,48.9,47.7,2014-07-01 09:00:00
2014-07-01,9:44am,NZD,GDT Price Index,Medium,-4.9%,,0.9%,2014-07-01 09:44:00
2014-07-01,All Day,USD,Total Vehicle Sales,Non-economic,17.0M,16.5M,16.8M,2014-07-01 00:00:00
2014-07-01,6:50pm,JPY,Monetary Base y/y,Non-economic,42.6%,48.3%,45.6%,2014-07-01 18:50:00
2014-07-01,8:00pm,NZD,ANZ Commodity Prices m/m,Non-economic,-0.9%,,-2.2%,2014-07-01 20:00:00
2014-07-01,8:30pm,AUD,Goods Trade Balance,High,-1.91B,-0.16B,-0.78B,2014-07-01 20:30:00
2014-07-02,1:00am,GBP,Nationwide HPI m/m,Medium,1.0%,0.6%,0.7%,2014-07-02 01:00:00
2014-07-02,2:00am,EUR,Spanish Unemployment Change,Medium,-122.7K,-147.3K,-111.9K,2014-07-02 02:00:00
2014-07-02,3:30am,GBP,Construction PMI,High,62.6,59.7,60.0,2014-07-02 03:30:00
2014-07-02,4:00am,EUR,Final GDP q/q,Non-economic,0.2%,0.2%,0.2%,2014-07-02 04:00:00
2014-07-02,4:00am,EUR,PPI m/m,Non-economic,-0.1%,0.1%,-0.1%,2014-07-02 04:00:00
2014-07-02,6:05am,AUD,RBA Deputy Gov Debelle Speaks,Medium,,,,2014-07-02 06:05:00
2014-07-02,7:15am,USD,ADP Non-Farm Employment Change,High,281K,207K,179K,2014-07-02 07:15:00
2014-07-02,8:30am,CAD,Manufacturing PMI,Non-economic,53.5,,52.2,2014-07-02 08:30:00
2014-07-02,9:00am,USD,Factory Orders m/m,Medium,-0.5%,-0.4%,0.8%,2014-07-02 09:00:00
2014-07-02,9:30am,USD,Crude Oil Inventories,Medium,-3.2M,-2.2M,1.7M,2014-07-02 09:30:00
2014-07-02,10:00am,USD,Fed Chair Yellen Speaks,High,,,,2014-07-02 10:00:00
2014-07-02,6:26pm,AUD,AIG Services Index,Non-economic,47.6,,49.9,2014-07-02 18:26:00
2014-07-02,7:58pm,CNY,Non-Manufacturing PMI,High,55.0,,55.5,2014-07-02 19:58:00
2014-07-02,8:00pm,AUD,RBA Gov Stevens Speaks,High,,,,2014-07-02 20:00:00
2014-07-02,8:30pm,AUD,Building Approvals m/m,High,9.9%,3.1%,-5.8%,2014-07-02 20:30:00
2014-07-02,8:30pm,AUD,Retail Sales m/m,High,-0.5%,0.0%,-0.1%,2014-07-02 20:30:00
2014-07-02,8:45pm,CNY,RatingDog Services PMI,Medium,53.1,,50.7,2014-07-02 20:45:00
2014-07-02,10:45pm,JPY,10-y Bond Auction,Non-economic,0.56|3.4,,0.61|3.7,2014-07-02 22:45:00
2014-07-03,2:15am,EUR,Spanish Services PMI,Medium,54.8,56.3,55.7,2014-07-03 02:15:00
2014-07-03,2:45am,EUR,Italian Services PMI,Medium,53.9,52.3,51.6,2014-07-03 02:45:00
2014-07-03,2:50am,EUR,French Final Services PMI,Non-economic,48.2,48.2,48.2,2014-07-03 02:50:00
2014-07-03,2:55am,EUR,German Final Services PMI,Non-economic,54.6,54.8,54.8,2014-07-03 02:55:00
2014-07-03,3:00am,EUR,Final Services PMI,Non-economic,52.8,52.8,52.8,2014-07-03 03:00:00
2014-07-03,3:30am,GBP,Final Services PMI,High,57.7,58.1,58.6,2014-07-03 03:30:00
2014-07-03,3:30am,GBP,Housing Equity Withdrawal q/q,Non-economic,-12.2B,-10.2B,-11.4B,2014-07-03 03:30:00
2014-07-03,4:00am,EUR,Retail Sales m/m,Medium,0.0%,0.3%,-0.2%,2014-07-03 04:00:00
2014-07-03,4:01am,EUR,French 10-y Bond Auction,Non-economic,1.77|2.7,,1.96|1.7,2014-07-03 04:01:00
2014-07-03,6:30am,USD,Challenger Job Cuts y/y,Non-economic,-20.2%,,45.5%,2014-07-03 06:30:00
2014-07-03,6:45am,EUR,Main Refinancing Rate,High,0.15%,0.15%,0.15%,2014-07-03 06:45:00
2014-07-03,7:30am,CAD,Trade Balance,High,-0.2B,-0.3B,-1.0B,2014-07-03 07:30:00
2014-07-03,7:30am,EUR,ECB Press Conference,High,,,,2014-07-03 07:30:00
2014-07-03,7:30am,USD,Non-Farm Employment Change,High,288K,214K,224K,2014-07-03 07:30:00
2014-07-03,7:30am,USD,Trade Balance,High,-44.4B,-45.1B,-47.0B,2014-07-03 07:30:00
2014-07-03,7:30am,USD,Unemployment Claims,High,315K,314K,313K,2014-07-03 07:30:00
2014-07-03,7:30am,USD,Unemployment Rate,High,6.1%,6.3%,6.3%,2014-07-03 07:30:00
2014-07-03,7:30am,USD,Average Hourly Earnings m/m,Medium,0.2%,0.2%,0.2%,2014-07-03 07:30:00
2014-07-03,8:45am,USD,Final Services PMI,Non-economic,61.0,61.1,61.2,2014-07-03 08:45:00
2014-07-03,9:00am,USD,ISM Services PMI,High,56.0,56.2,56.3,2014-07-03 09:00:00
2014-07-03,9:30am,USD,Natural Gas Storage,Non-economic,100B,100B,110B,2014-07-03 09:30:00
2014-07-03,10:40pm,AUD,RBA Assist Gov Edey Speaks,Medium,,,,2014-07-03 22:40:00
2014-07-04,1:00am,EUR,German Factory Orders m/m,Medium,-1.7%,-0.8%,3.4%,2014-07-04 01:00:00
2014-07-04,3:10am,EUR,Retail PMI,Non-economic,50.0,,49.9,2014-07-04 03:10:00
2014-07-04,All Day,USD,Bank Holiday,Low,,,,2014-07-04 00:00:00
2014-07-06,6:27pm,AUD,AIG Construction Index,Non-economic,51.8,,46.7,2014-07-06 18:27:00
2014-07-06,8:30pm,AUD,ANZ Job Advertisements m/m,Medium,4.3%,,-5.7%,2014-07-06 20:30:00
2014-07-07,12:00am,JPY,Leading Indicators,Non-economic,105.7%,106.0%,106.5%,2014-07-07 00:00:00
2014-07-07,12:45am,CHF,Unemployment Rate,Non-economic,3.2%,3.2%,3.2%,2014-07-07 00:45:00
2014-07-07,1:00am,EUR,German Industrial Production m/m,Non-economic,-1.8%,0.3%,-0.3%,2014-07-07 01:00:00
2014-07-07,2:00am,CHF,Foreign Currency Reserves,Medium,450B,,444B,2014-07-07 02:00:00
2014-07-07,3:30am,EUR,Sentix Investor Confidence,Non-economic,10.1,7.5,8.5,2014-07-07 03:30:00
2014-07-07,All Day,EUR,Eurogroup Meetings,Medium,,,,2014-07-07 00:00:00
2014-07-07,7:30am,CAD,Building Permits m/m,High,13.8%,3.1%,2.2%,2014-07-07 07:30:00
2014-07-07,9:00am,CAD,Ivey PMI,High,46.9,51.3,48.2,2014-07-07 09:00:00
2014-07-07,9:30am,CAD,BOC Business Outlook Survey,Medium,,,,2014-07-07 09:30:00
2014-07-07,5:00pm,NZD,NZIER Business Confidence,High,32,,52,2014-07-07 17:00:00
2014-07-07,6:50pm,JPY,Current Account,Medium,0.38T,0.17T,0.13T,2014-07-07 18:50:00
2014-07-07,6:50pm,JPY,Bank Lending y/y,Non-economic,2.3%,,2.2%,2014-07-07 18:50:00
2014-07-07,8:30pm,AUD,NAB Business Confidence,High,8,,7,2014-07-07 20:30:00
2014-07-08,12:00am,JPY,Economy Watchers Sentiment,Non-economic,47.7,49.2,45.1,2014-07-08 00:00:00
2014-07-08,1:00am,EUR,German Trade Balance,Medium,18.8B,15.7B,17.2B,2014-07-08 01:00:00
2014-07-08,1:45am,EUR,French Gov Budget Balance,Non-economic,-64.3B,,-64.2B,2014-07-08 01:45:00
2014-07-08,1:45am,EUR,French Trade Balance,Non-economic,-4.9B,-4.1B,-4.1B,2014-07-08 01:45:00
2014-07-08,2:15am,CHF,CPI m/m,Medium,-0.1%,0.1%,0.3%,2014-07-08 02:15:00
2014-07-08,2:15am,CHF,Retail Sales y/y,Medium,-0.6%,1.5%,0.8%,2014-07-08 02:15:00
2014-07-08,3:30am,GBP,Manufacturing Production m/m,High,-1.3%,0.4%,0.3%,2014-07-08 03:30:00
2014-07-08,3:30am,GBP,Industrial Production m/m,Non-economic,-0.7%,0.3%,0.3%,2014-07-08 03:30:00
2014-07-08,All Day,EUR,ECOFIN Meetings,Medium,,,,2014-07-08 00:00:00
2014-07-08,6:30am,USD,NFIB Small Business Index,Non-economic,95.0,97.3,96.6,2014-07-08 06:30:00
2014-07-08,9:00am,GBP,NIESR GDP Estimate,Medium,0.9%,,0.7%,2014-07-08 09:00:00
2014-07-08,9:00am,USD,JOLTS Job Openings,Medium,4.64M,4.53M,4.46M,2014-07-08 09:00:00
2014-07-08,12:45pm,USD,FOMC Member Kocherlakota Speaks,Medium,,,,2014-07-08 12:45:00
2014-07-08,2:00pm,USD,Consumer Credit m/m,Non-economic,19.6B,21.3B,26.1B,2014-07-08 14:00:00
2014-07-08,6:01pm,GBP,BRC Shop Price Index y/y,Non-economic,-1.8%,,-1.4%,2014-07-08 18:01:00
2014-07-08,6:50pm,JPY,M2 Money Stock y/y,Non-economic,3.0%,3.1%,3.3%,2014-07-08 18:50:00
2014-07-08,7:30pm,AUD,Westpac Consumer Sentiment,Medium,1.9%,,0.2%,2014-07-08 19:30:00
2014-07-08,8:30pm,CNY,CPI y/y,High,2.3%,2.4%,2.5%,2014-07-08 20:30:00
2014-07-08,8:30pm,CNY,PPI y/y,Medium,-1.1%,-1.1%,-1.4%,2014-07-08 20:30:00
2014-07-09,12:58am,JPY,Prelim Machine Tool Orders y/y,Non-economic,34.2%,,24.1%,2014-07-09 00:58:00
2014-07-09,1:44am,GBP,Halifax HPI m/m,Medium,-0.6%,-0.3%,4.0%,2014-07-09 01:44:00
2014-07-09,7:13am,CAD,Housing Starts,Medium,198K,191K,197K,2014-07-09 07:13:00
2014-07-09,9:30am,USD,Crude Oil Inventories,Medium,-2.4M,-1.7M,-3.2M,2014-07-09 09:30:00
2014-07-09,12:01pm,USD,10-y Bond Auction,Medium,2.60|2.6,,2.65|2.9,2014-07-09 12:01:00
2014-07-09,1:00pm,USD,FOMC Meeting Minutes,High,,,,2014-07-09 13:00:00
2014-07-09,1:30pm,EUR,ECB President Draghi Speaks,High,,,,2014-07-09 13:30:00
2014-07-09,5:30pm,NZD,BusinessNZ Manufacturing Index,Medium,53.3,,52.6,2014-07-09 17:30:00
2014-07-09,6:01pm,GBP,RICS House Price Balance,Non-economic,53%,55%,56%,2014-07-09 18:01:00
2014-07-09,6:50pm,JPY,Core Machinery Orders m/m,Medium,-19.5%,0.9%,-9.1%,2014-07-09 18:50:00
2014-07-09,6:50pm,JPY,Tertiary Industry Activity m/m,Medium,0.9%,1.9%,-5.7%,2014-07-09 18:50:00
2014-07-09,6:50pm,JPY,PPI y/y,Non-economic,4.6%,4.5%,4.4%,2014-07-09 18:50:00
2014-07-09,8:00pm,AUD,MI Inflation Expectations,Medium,3.8%,,4.0%,2014-07-09 20:00:00
2014-07-09,8:30pm,AUD,Employment Change,High,15.9K,12.3K,-5.1K,2014-07-09 20:30:00
2014-07-09,8:30pm,AUD,Unemployment Rate,High,6.0%,5.9%,5.9%,2014-07-09 20:30:00
2014-07-09,9:00pm,CNY,USD-Denominated Trade Balance,High,31.6B,37.3B,35.9B,2014-07-09 21:00:00
2014-07-09,10:45pm,JPY,30-y Bond Auction,Non-economic,1.70|3.1,,1.71|3.0,2014-07-09 22:45:00
2014-07-10,12:00am,JPY,Consumer Confidence,Non-economic,41.1,40.7,39.3,2014-07-10 00:00:00
2014-07-10,1:45am,EUR,French Industrial Production m/m,Medium,-1.7%,0.5%,0.3%,2014-07-10 01:45:00
2014-07-10,1:45am,EUR,French Final CPI m/m,Non-economic,0.0%,0.2%,0.0%,2014-07-10 01:45:00
2014-07-10,3:00am,EUR,ECB Monthly Bulletin,Medium,,,,2014-07-10 03:00:00
2014-07-10,3:00am,EUR,Italian Industrial Production m/m,Non-economic,-1.2%,0.6%,0.5%,2014-07-10 03:00:00
2014-07-10,3:30am,GBP,Goods Trade Balance,Medium,-9.2B,-9.0B,-8.8B,2014-07-10 03:30:00
2014-07-10,6:00am,GBP,Asset Purchase Facility,High,375B,375B,375B,2014-07-10 06:00:00
2014-07-10,6:00am,GBP,Official Bank Rate,High,0.50%,0.50%,0.50%,2014-07-10 06:00:00
2014-07-10,7:30am,CAD,NHPI m/m,Medium,0.1%,0.3%,0.2%,2014-07-10 07:30:00
2014-07-10,7:30am,USD,Unemployment Claims,High,304K,316K,315K,2014-07-10 07:30:00
2014-07-10,9:00am,USD,Final Wholesale Inventories m/m,Non-economic,0.5%,0.6%,1.0%,2014-07-10 09:00:00
2014-07-10,9:30am,USD,Natural Gas Storage,Non-economic,93B,92B,100B,2014-07-10 09:30:00
2014-07-10,12:01pm,USD,30-y Bond Auction,Non-economic,3.37|2.4,,3.44|2.7,2014-07-10 12:01:00
2014-07-10,3:30pm,USD,FOMC Member Fischer Speaks,Medium,,,,2014-07-10 15:30:00
2014-07-10,5:45pm,NZD,FPI m/m,Non-economic,1.4%,,0.6%,2014-07-10 17:45:00
2014-07-10,8:30pm,AUD,Home Loans m/m,Medium,0.0%,-0.6%,-0.2%,2014-07-10 20:30:00
2014-07-11,1:00am,EUR,German Final CPI m/m,Non-economic,0.3%,0.3%,0.3%,2014-07-11 01:00:00
2014-07-11,1:00am,EUR,German WPI m/m,Non-economic,-0.1%,0.2%,-0.1%,2014-07-11 01:00:00
2014-07-11,3:30am,GBP,Construction Output m/m,Non-economic,-1.1%,0.8%,1.2%,2014-07-11 03:30:00
2014-07-11,4:00am,GBP,CB Leading Index m/m,Non-economic,0.5%,,0.5%,2014-07-11 04:00:00
2014-07-11,7:30am,CAD,Employment Change,High,-9.4K,20.7K,25.8K,2014-07-11 07:30:00
2014-07-11,7:30am,CAD,Unemployment Rate,High,7.1%,7.0%,7.0%,2014-07-11 07:30:00
2014-07-11,12:01pm,USD,Federal Budget Balance,Non-economic,70.5B,79.5B,-130.0B,2014-07-11 12:01:00
2014-07-13,4:15pm,NZD,REINZ HPI m/m,Non-economic,-0.3%,,-1.2%,2014-07-13 16:15:00
2014-07-13,5:30pm,NZD,BusinessNZ Services Index,Non-economic,54.7,,54.1,2014-07-13 17:30:00
2014-07-13,11:30pm,JPY,Revised Industrial Production m/m,Non-economic,0.7%,0.5%,0.5%,2014-07-13 23:30:00
2014-07-14,All Day,EUR,French Bank Holiday,Low,,,,2014-07-14 00:00:00
2014-07-14,4:00am,EUR,Industrial Production m/m,Medium,-1.1%,0.3%,0.7%,2014-07-14 04:00:00
2014-07-14,Day 1,All,BRICS Summit,Medium,,,,2014-07-14 00:00:00
2014-07-14,12:00pm,EUR,ECB President Draghi Speaks,High,,,,2014-07-14 12:00:00
2014-07-14,6:01pm,GBP,BRC Retail Sales Monitor y/y,Medium,-0.8%,,0.5%,2014-07-14 18:01:00
2014-07-14,8:30pm,AUD,Monetary Policy Meeting Minutes,High,,,,2014-07-14 20:30:00
2014-07-14,8:30pm,AUD,New Motor Vehicle Sales m/m,Medium,1.7%,,0.4%,2014-07-14 20:30:00
2014-07-14,9:01pm,CNY,Foreign Direct Investment ytd/y,Non-economic,2.2%,,2.8%,2014-07-14 21:01:00
2014-07-14,9:17pm,CNY,New Loans,Medium,1080B,950B,871B,2014-07-14 21:17:00
2014-07-14,9:17pm,CNY,M2 Money Supply y/y,Non-economic,14.7%,13.5%,13.4%,2014-07-14 21:17:00
2014-07-14,9:58pm,JPY,Monetary Policy Statement,High,,,,2014-07-14 21:58:00
2014-07-15,1:30am,JPY,BOJ Press Conference,High,,,,2014-07-15 01:30:00
2014-07-15,2:15am,CHF,PPI m/m,Medium,0.0%,0.1%,0.1%,2014-07-15 02:15:00
2014-07-15,3:30am,GBP,CPI y/y,High,1.9%,1.6%,1.5%,2014-07-15 03:30:00
2014-07-15,3:30am,GBP,PPI Input m/m,Medium,-0.8%,0.2%,0.3%,2014-07-15 03:30:00
2014-07-15,3:30am,GBP,RPI y/y,Medium,2.6%,2.5%,2.4%,2014-07-15 03:30:00
2014-07-15,3:30am,GBP,Core CPI y/y,Non-economic,2.0%,1.7%,1.6%,2014-07-15 03:30:00
2014-07-15,3:30am,GBP,ONS HPI y/y,Non-economic,10.5%,10.2%,9.9%,2014-07-15 03:30:00
2014-07-15,3:30am,GBP,PPI Output m/m,Non-economic,-0.2%,0.1%,-0.1%,2014-07-15 03:30:00
2014-07-15,4:00am,EUR,German ZEW Economic Sentiment,High,27.1,28.9,29.8,2014-07-15 04:00:00
2014-07-15,4:00am,EUR,ZEW Economic Sentiment,Medium,48.1,62.3,58.4,2014-07-15 04:00:00
2014-07-15,4:00am,GBP,BOE Gov Carney Speaks,High,,,,2014-07-15 04:00:00
2014-07-15,7:30am,USD,Core Retail Sales m/m,High,0.4%,0.5%,0.4%,2014-07-15 07:30:00
2014-07-15,7:30am,USD,Retail Sales m/m,High,0.2%,0.6%,0.5%,2014-07-15 07:30:00
2014-07-15,7:30am,USD,Empire State Manufacturing Index,Medium,25.6,17.2,19.3,2014-07-15 07:30:00
2014-07-15,7:30am,USD,Import Prices m/m,Medium,0.1%,0.5%,0.3%,2014-07-15 07:30:00
2014-07-15,9:00am,USD,Fed Chair Yellen Testifies,High,,,,2014-07-15 09:00:00
2014-07-15,9:00am,USD,Business Inventories m/m,Medium,0.5%,0.6%,0.6%,2014-07-15 09:00:00
2014-07-15,9:00am,USD,Fed Monetary Policy Report,Non-economic,,,,2014-07-15 09:00:00
2014-07-15,Day 2,All,BRICS Summit,Medium,,,,2014-07-15 00:00:00
2014-07-15,9:50am,NZD,GDT Price Index,Medium,-8.9%,,-4.9%,2014-07-15 09:50:00
2014-07-15,5:45pm,NZD,CPI q/q,High,0.3%,0.4%,0.3%,2014-07-15 17:45:00
2014-07-15,7:30pm,AUD,MI Leading Index m/m,Non-economic,0.1%,,0.1%,2014-07-15 19:30:00
2014-07-15,9:00pm,CNY,GDP q/y,High,7.5%,7.4%,7.4%,2014-07-15 21:00:00
2014-07-15,9:00pm,CNY,Industrial Production y/y,High,9.2%,9.0%,8.8%,2014-07-15 21:00:00
2014-07-15,9:00pm,CNY,Fixed Asset Investment ytd/y,Medium,17.3%,17.2%,17.2%,2014-07-15 21:00:00
2014-07-15,9:00pm,CNY,NBS Press Conference,Medium,,,,2014-07-15 21:00:00
2014-07-15,9:00pm,CNY,Retail Sales y/y,Non-economic,12.4%,12.5%,12.5%,2014-07-15 21:00:00
2014-07-16,12:00am,JPY,BOJ Monthly Report,Non-economic,,,,2014-07-16 00:00:00
2014-07-16,3:00am,EUR,Italian Trade Balance,Non-economic,3.68B,3.23B,3.52B,2014-07-16 03:00:00
2014-07-16,3:30am,GBP,Average Earnings Index 3m/y,High,0.3%,0.5%,0.8%,2014-07-16 03:30:00
2014-07-16,3:30am,GBP,Claimant Count Change,High,-36.3K,-27.1K,-32.8K,2014-07-16 03:30:00
2014-07-16,3:30am,GBP,Unemployment Rate,High,6.5%,6.5%,6.6%,2014-07-16 03:30:00
2014-07-16,4:00am,CHF,UBS Economic Expectations,Medium,0.1,,4.8,2014-07-16 04:00:00
2014-07-16,4:00am,EUR,Trade Balance,Non-economic,15.3B,16.3B,15.2B,2014-07-16 04:00:00
2014-07-16,4:33am,EUR,German 10-y Bond Auction,Medium,1.20|1.6,,1.39|1.2,2014-07-16 04:33:00
2014-07-16,7:30am,CAD,Manufacturing Sales m/m,High,1.6%,1.3%,-0.2%,2014-07-16 07:30:00
2014-07-16,7:30am,USD,PPI m/m,High,0.4%,0.2%,-0.2%,2014-07-16 07:30:00
2014-07-16,7:30am,USD,Core PPI m/m,Medium,0.2%,0.2%,-0.1%,2014-07-16 07:30:00
2014-07-16,8:00am,USD,TIC Long-Term Purchases,Medium,19.4B,27.4B,-41.2B,2014-07-16 08:00:00
2014-07-16,8:15am,USD,Capacity Utilization Rate,Medium,79.1%,79.4%,79.1%,2014-07-16 08:15:00
2014-07-16,8:15am,USD,Industrial Production m/m,Medium,0.2%,0.4%,0.5%,2014-07-16 08:15:00
2014-07-16,9:00am,CAD,BOC Monetary Policy Report,High,,,,2014-07-16 09:00:00
2014-07-16,9:00am,CAD,BOC Rate Statement,High,,,,2014-07-16 09:00:00
2014-07-16,9:00am,CAD,Overnight Rate,High,1.00%,1.00%,1.00%,2014-07-16 09:00:00
2014-07-16,9:00am,USD,Fed Chair Yellen Testifies,High,,,,2014-07-16 09:00:00
2014-07-16,9:00am,USD,NAHB Housing Market Index,Medium,53,51,49,2014-07-16 09:00:00
2014-07-16,Day 3,All,BRICS Summit,Medium,,,,2014-07-16 00:00:00
2014-07-16,9:30am,USD,Crude Oil Inventories,Medium,-7.5M,-2.1M,-2.4M,2014-07-16 09:30:00
2014-07-16,10:15am,CAD,BOC Press Conference,High,,,,2014-07-16 10:15:00
2014-07-16,11:00am,USD,FOMC Member Fisher Speaks,Medium,,,,2014-07-16 11:00:00
2014-07-16,1:00pm,USD,Beige Book,Medium,,,,2014-07-16 13:00:00
2014-07-16,7:00pm,AUD,CB Leading Index m/m,Medium,0.2%,,-0.2%,2014-07-16 19:00:00
2014-07-16,8:30pm,AUD,NAB Quarterly Business Confidence,Medium,6,,7,2014-07-16 20:30:00
2014-07-16,8:55pm,AUD,RBA Assist Gov Edey Speaks,Medium,,,,2014-07-16 20:55:00
2014-07-17,3:43am,EUR,Spanish 10-y Bond Auction,Non-economic,2.09|2.3,,2.97|1.7,2014-07-17 03:43:00
2014-07-17,4:00am,EUR,Final CPI y/y,Medium,0.5%,0.5%,0.5%,2014-07-17 04:00:00
2014-07-17,4:00am,EUR,Final Core CPI y/y,Non-economic,0.8%,0.8%,0.8%,2014-07-17 04:00:00
2014-07-17,7:30am,CAD,Foreign Securities Purchases,Medium,21.43B,14.23B,10.20B,2014-07-17 07:30:00
2014-07-17,7:30am,USD,Building Permits,High,0.96M,1.04M,1.01M,2014-07-17 07:30:00
2014-07-17,7:30am,USD,Unemployment Claims,High,302K,310K,305K,2014-07-17 07:30:00
2014-07-17,7:30am,USD,Housing Starts,Medium,0.89M,1.02M,0.99M,2014-07-17 07:30:00
2014-07-17,9:00am,USD,Philly Fed Manufacturing Index,High,23.9,15.6,17.8,2014-07-17 09:00:00
2014-07-17,Day 4,All,BRICS Summit,Medium,,,,2014-07-17 00:00:00
2014-07-17,9:30am,USD,Natural Gas Storage,Non-economic,107B,99B,93B,2014-07-17 09:30:00
2014-07-17,6:50pm,JPY,Monetary Policy Meeting Minutes,Medium,,,,2014-07-17 18:50:00
2014-07-18,3:00am,EUR,Current Account,Non-economic,19.5B,24.3B,21.6B,2014-07-18 03:00:00
2014-07-18,5:30am,EUR,German Buba President Weidmann Speaks,Medium,,,,2014-07-18 05:30:00
2014-07-18,7:30am,CAD,Core CPI m/m,High,-0.1%,-0.1%,0.5%,2014-07-18 07:30:00
2014-07-18,7:30am,CAD,Wholesale Sales m/m,High,2.2%,0.7%,1.4%,2014-07-18 07:30:00
2014-07-18,7:30am,CAD,CPI m/m,Medium,0.1%,0.1%,0.5%,2014-07-18 07:30:00
2014-07-18,8:55am,USD,Prelim UoM Consumer Sentiment,High,81.3,83.5,82.5,2014-07-18 08:55:00
2014-07-18,8:55am,USD,Prelim UoM Inflation Expectations,Non-economic,3.3%,,3.1%,2014-07-18 08:55:00
2014-07-18,9:00am,USD,CB Leading Index m/m,Non-economic,0.3%,0.6%,0.7%,2014-07-18 09:00:00
2014-07-18,10:30am,USD,President Obama Speaks,Non-economic,,,,2014-07-18 10:30:00
2014-07-20,5:45pm,NZD,Visitor Arrivals m/m,Non-economic,-0.3%,,0.3%,2014-07-20 17:45:00
2014-07-20,6:01pm,GBP,Rightmove HPI m/m,Non-economic,-0.8%,,0.1%,2014-07-20 18:01:00
2014-07-20,All Day,JPY,Bank Holiday,Low,,,,2014-07-20 00:00:00
2014-07-20,10:00pm,NZD,Credit Card Spending y/y,Non-economic,7.0%,,7.6%,2014-07-20 22:00:00
2014-07-21,1:00am,EUR,German PPI m/m,Non-economic,0.0%,0.1%,-0.2%,2014-07-21 01:00:00
2014-07-21,5:00am,EUR,German Buba Monthly Report,Medium,,,,2014-07-21 05:00:00
2014-07-21,6:25pm,AUD,RBA Deputy Gov Debelle Speaks,Medium,,,,2014-07-21 18:25:00
2014-07-21,9:00pm,CNY,CB Leading Index m/m,Non-economic,1.3%,,0.7%,2014-07-21 21:00:00
2014-07-21,10:00pm,AUD,RBA Gov Stevens Speaks,High,,,,2014-07-21 22:00:00
2014-07-21,11:30pm,JPY,All Industries Activity m/m,Non-economic,0.6%,0.7%,-4.6%,2014-07-21 23:30:00
2014-07-22,1:00am,CHF,Trade Balance,Medium,1.38B,2.97B,2.85B,2014-07-22 01:00:00
2014-07-22,3:30am,GBP,Public Sector Net Borrowing,Medium,9.5B,10.3B,11.9B,2014-07-22 03:30:00
2014-07-22,4:35am,GBP,10-y Bond Auction,Non-economic,2.70|1.8,,2.82|2.0,2014-07-22 04:35:00
2014-07-22,5:00am,GBP,CBI Industrial Order Expectations,Medium,2,9,11,2014-07-22 05:00:00
2014-07-22,7:30am,USD,Core CPI m/m,High,0.1%,0.2%,0.3%,2014-07-22 07:30:00
2014-07-22,7:30am,USD,CPI y/y,High,2.1%,2.1%,2.1%,2014-07-22 07:30:00
2014-07-22,7:30am,USD,CPI m/m,Medium,0.3%,0.3%,0.4%,2014-07-22 07:30:00
2014-07-22,8:02am,USD,HPI m/m,Non-economic,0.4%,0.4%,0.1%,2014-07-22 08:02:00
2014-07-22,8:59am,USD,Richmond Manufacturing Index,Non-economic,7,5,3,2014-07-22 08:59:00
2014-07-22,9:00am,USD,Existing Home Sales,High,5.04M,4.98M,4.91M,2014-07-22 09:00:00
2014-07-22,8:30pm,AUD,CPI m/m,High,0.5%,0.5%,0.6%,2014-07-22 20:30:00
2014-07-22,8:30pm,AUD,Trimmed Mean CPI m/m,Medium,0.8%,0.8%,0.6%,2014-07-22 20:30:00
2014-07-23,3:30am,GBP,MPC Asset Purchase Facility Votes,High,0-0-9,0-0-9,0-0-9,2014-07-23 03:30:00
2014-07-23,3:30am,GBP,MPC Official Bank Rate Votes,High,0-0-9,0-0-9,0-0-9,2014-07-23 03:30:00
2014-07-23,3:30am,GBP,High Street Lending,Medium,43.3K,43.4K,41.9K,2014-07-23 03:30:00
2014-07-23,5:00am,GBP,CBI Realized Sales,Medium,21,18,4,2014-07-23 05:00:00
2014-07-23,6:45am,GBP,BOE Gov Carney Speaks,High,,,,2014-07-23 06:45:00
2014-07-23,7:30am,CAD,Core Retail Sales m/m,High,0.1%,0.3%,0.8%,2014-07-23 07:30:00
2014-07-23,7:30am,CAD,Retail Sales m/m,Medium,0.7%,0.6%,1.3%,2014-07-23 07:30:00
2014-07-23,9:00am,EUR,Consumer Confidence,Non-economic,-8,-6,-8,2014-07-23 09:00:00
2014-07-23,9:30am,USD,Crude Oil Inventories,Medium,-4.0M,-2.1M,-7.5M,2014-07-23 09:30:00
2014-07-23,4:00pm,NZD,Official Cash Rate,High,3.50%,3.50%,3.25%,2014-07-23 16:00:00
2014-07-23,4:00pm,NZD,RBNZ Rate Statement,High,,,,2014-07-23 16:00:00
2014-07-23,5:45pm,NZD,Trade Balance,High,247M,155M,270M,2014-07-23 17:45:00
2014-07-23,6:57pm,JPY,Trade Balance,Medium,-1.08T,-1.11T,-0.86T,2014-07-23 18:57:00
2014-07-23,8:35pm,JPY,Flash Manufacturing PMI,Non-economic,50.8,51.9,51.5,2014-07-23 20:35:00
2014-07-23,8:45pm,CNY,Caixin Flash Manufacturing PMI,High,52.0,51.2,50.7,2014-07-23 20:45:00
2014-07-24,2:00am,EUR,French Flash Manufacturing PMI,High,47.6,48.5,48.2,2014-07-24 02:00:00
2014-07-24,2:00am,EUR,French Flash Services PMI,Medium,50.4,48.9,48.2,2014-07-24 02:00:00
2014-07-24,2:00am,EUR,Spanish Unemployment Rate,Medium,24.5%,25.9%,25.9%,2014-07-24 02:00:00
2014-07-24,2:30am,EUR,German Flash Manufacturing PMI,High,52.9,52.2,52.0,2014-07-24 02:30:00
2014-07-24,2:30am,EUR,German Flash Services PMI,Medium,56.6,54.7,54.6,2014-07-24 02:30:00
2014-07-24,3:00am,EUR,Flash Manufacturing PMI,Medium,51.9,52.0,51.8,2014-07-24 03:00:00
2014-07-24,3:00am,EUR,Flash Services PMI,Medium,54.4,52.7,52.8,2014-07-24 03:00:00
2014-07-24,3:00am,EUR,Italian Retail Sales m/m,Non-economic,-0.7%,0.4%,0.3%,2014-07-24 03:00:00
2014-07-24,3:30am,GBP,Retail Sales m/m,High,0.1%,0.2%,-0.5%,2014-07-24 03:30:00
2014-07-24,7:30am,USD,Unemployment Claims,High,284K,310K,303K,2014-07-24 07:30:00
2014-07-24,8:45am,USD,Flash Manufacturing PMI,Medium,56.3,57.5,57.3,2014-07-24 08:45:00
2014-07-24,9:00am,USD,New Home Sales,High,406K,485K,442K,2014-07-24 09:00:00
2014-07-24,9:30am,USD,Natural Gas Storage,Non-economic,90B,95B,107B,2014-07-24 09:30:00
2014-07-24,6:30pm,JPY,Tokyo Core CPI y/y,Medium,2.8%,2.7%,2.8%,2014-07-24 18:30:00
2014-07-24,6:30pm,JPY,National Core CPI y/y,Non-economic,3.3%,3.3%,3.4%,2014-07-24 18:30:00
2014-07-24,6:50pm,JPY,SPPI y/y,Non-economic,3.6%,3.6%,3.6%,2014-07-24 18:50:00
2014-07-24,8:00pm,NZD,ANZ Business Confidence,High,39.7,,42.8,2014-07-24 20:00:00
2014-07-25,1:00am,EUR,German GfK Consumer Climate,Medium,9.0,8.9,8.9,2014-07-25 01:00:00
2014-07-25,3:00am,EUR,German ifo Business Climate,High,108.0,109.6,109.7,2014-07-25 03:00:00
2014-07-25,3:00am,EUR,M3 Money Supply y/y,Medium,1.5%,1.1%,1.0%,2014-07-25 03:00:00
2014-07-25,3:00am,EUR,Private Loans y/y,Medium,-1.7%,-1.8%,-2.0%,2014-07-25 03:00:00
2014-07-25,3:30am,GBP,Prelim GDP q/q,High,0.8%,0.8%,0.8%,2014-07-25 03:30:00
2014-07-25,3:30am,GBP,Index of Services 3m/3m,Non-economic,1.0%,1.0%,0.9%,2014-07-25 03:30:00
2014-07-25,7:30am,USD,Core Durable Goods Orders m/m,High,0.8%,0.6%,0.0%,2014-07-25 07:30:00
2014-07-25,7:30am,USD,Durable Goods Orders m/m,Medium,0.7%,0.4%,-0.9%,2014-07-25 07:30:00
2014-07-25,8:00am,EUR,Belgian NBB Business Climate,Non-economic,-7.5,-6.5,-6.2,2014-07-25 08:00:00
2014-07-28,8:45am,USD,Flash Services PMI,Non-economic,61.0,62.3,61.0,2014-07-28 08:45:00
2014-07-28,9:00am,USD,Pending Home Sales m/m,High,-1.1%,-0.2%,6.0%,2014-07-28 09:00:00
2014-07-28,6:30pm,JPY,Household Spending y/y,Medium,-3.0%,-3.7%,-8.0%,2014-07-28 18:30:00
2014-07-28,6:30pm,JPY,Unemployment Rate,Non-economic,3.7%,3.5%,3.5%,2014-07-28 18:30:00
2014-07-28,6:50pm,JPY,Retail Sales y/y,Medium,-0.6%,-0.4%,-0.4%,2014-07-28 18:50:00
2014-07-28,8:00pm,AUD,HIA New Home Sales m/m,Medium,1.2%,,-4.3%,2014-07-28 20:00:00
2014-07-29,1:00am,EUR,German Import Prices m/m,Non-economic,0.2%,0.3%,0.0%,2014-07-29 01:00:00
2014-07-29,2:00am,GBP,MPC Member Broadbent Speaks,Medium,,,,2014-07-29 02:00:00
2014-07-29,3:30am,GBP,Net Lending to Individuals m/m,Medium,2.5B,2.6B,3.0B,2014-07-29 03:30:00
2014-07-29,3:30am,GBP,M4 Money Supply m/m,Non-economic,0.1%,0.0%,-0.1%,2014-07-29 03:30:00
2014-07-29,3:30am,GBP,Mortgage Approvals,Non-economic,67K,63K,62K,2014-07-29 03:30:00
2014-07-29,8:00am,USD,S&P/CS Composite-20 HPI y/y,Medium,9.3%,9.8%,10.8%,2014-07-29 08:00:00
2014-07-29,9:00am,USD,CB Consumer Confidence,High,90.9,85.5,86.4,2014-07-29 09:00:00
2014-07-29,5:45pm,NZD,Building Consents m/m,Medium,3.5%,,-4.4%,2014-07-29 17:45:00
2014-07-29,6:50pm,JPY,Prelim Industrial Production m/m,Medium,-3.3%,-1.0%,0.7%,2014-07-29 18:50:00
2014-07-30,1:00am,CHF,UBS Consumption Indicator,Non-economic,2.06,,1.80,2014-07-30 01:00:00
2014-07-30,All Day,EUR,German Prelim CPI m/m,High,0.3%,0.2%,0.3%,2014-07-30 00:00:00
2014-07-30,2:00am,CHF,KOF Economic Barometer,Medium,98.1,101.1,100.5,2014-07-30 02:00:00
2014-07-30,2:00am,EUR,Spanish Flash CPI y/y,Medium,-0.3%,0.2%,0.1%,2014-07-30 02:00:00
2014-07-30,2:00am,EUR,Spanish Flash GDP q/q,Medium,0.6%,0.5%,0.4%,2014-07-30 02:00:00
2014-07-30,4:21am,EUR,Italian 10-y Bond Auction,Non-economic,2.60|1.5,,2.81|1.4,2014-07-30 04:21:00
2014-07-30,7:15am,USD,ADP Non-Farm Employment Change,High,218K,234K,281K,2014-07-30 07:15:00
2014-07-30,7:30am,CAD,RMPI m/m,Medium,1.1%,0.6%,-0.3%,2014-07-30 07:30:00
2014-07-30,7:30am,CAD,IPPI m/m,Non-economic,-0.1%,0.3%,-0.6%,2014-07-30 07:30:00
2014-07-30,7:30am,USD,Advance GDP q/q,High,4.0%,3.1%,-2.9%,2014-07-30 07:30:00
2014-07-30,7:30am,USD,Advance GDP Price Index q/q,Medium,2.0%,1.8%,1.3%,2014-07-30 07:30:00
2014-07-30,9:30am,USD,Crude Oil Inventories,Medium,-3.7M,-0.5M,-4.0M,2014-07-30 09:30:00
2014-07-30,1:00pm,USD,FOMC Statement,High,,,,2014-07-30 13:00:00
2014-07-30,1:00pm,USD,Federal Funds Rate,Medium,<0.25%,<0.25%,<0.25%,2014-07-30 13:00:00
2014-07-30,6:01pm,GBP,GfK Consumer Confidence,Non-economic,-2,2,1,2014-07-30 18:01:00
2014-07-30,8:30pm,AUD,Building Approvals m/m,High,-5.0%,-1.0%,10.3%,2014-07-30 20:30:00
2014-07-30,8:30pm,AUD,Import Prices q/q,Medium,-3.0%,-1.4%,3.2%,2014-07-30 20:30:00
2014-07-30,8:30pm,AUD,Private Sector Credit m/m,Non-economic,0.7%,0.4%,0.4%,2014-07-30 20:30:00
2014-07-30,8:30pm,JPY,Average Cash Earnings y/y,Medium,0.4%,0.7%,0.6%,2014-07-30 20:30:00
2014-07-31,12:00am,JPY,Housing Starts y/y,Non-economic,-9.5%,-11.2%,-15.0%,2014-07-31 00:00:00
2014-07-31,12:59am,GBP,Nationwide HPI m/m,Medium,0.1%,0.6%,1.0%,2014-07-31 00:59:00
2014-07-31,1:00am,EUR,German Retail Sales m/m,Medium,1.3%,1.1%,-0.6%,2014-07-31 01:00:00
2014-07-31,1:45am,EUR,French Consumer Spending m/m,Medium,0.9%,0.3%,0.7%,2014-07-31 01:45:00
2014-07-31,2:55am,EUR,German Unemployment Change,Medium,-12K,-5K,7K,2014-07-31 02:55:00
2014-07-31,3:00am,EUR,Italian Monthly Unemployment Rate,Non-economic,12.3%,12.6%,12.6%,2014-07-31 03:00:00
2014-07-31,4:00am,EUR,CPI Flash Estimate y/y,High,0.4%,0.5%,0.5%,2014-07-31 04:00:00
2014-07-31,4:00am,EUR,Core CPI Flash Estimate y/y,Medium,0.8%,0.8%,0.8%,2014-07-31 04:00:00
2014-07-31,4:00am,EUR,Unemployment Rate,Medium,11.5%,11.6%,11.6%,2014-07-31 04:00:00
2014-07-31,4:00am,EUR,Italian Prelim CPI m/m,Non-economic,-0.1%,0.1%,0.1%,2014-07-31 04:00:00
2014-07-31,6:30am,USD,Challenger Job Cuts y/y,Non-economic,24.4%,,-20.2%,2014-07-31 06:30:00
2014-07-31,7:30am,CAD,GDP m/m,High,0.4%,0.3%,0.1%,2014-07-31 07:30:00
2014-07-31,7:30am,USD,Unemployment Claims,High,302K,303K,279K,2014-07-31 07:30:00
2014-07-31,7:30am,USD,Employment Cost Index q/q,Medium,0.7%,0.5%,0.3%,2014-07-31 07:30:00
2014-07-31,8:45am,USD,Chicago PMI,Medium,52.6,63.2,62.6,2014-07-31 08:45:00
2014-07-31,9:30am,USD,Natural Gas Storage,Non-economic,88B,92B,90B,2014-07-31 09:30:00
2014-07-31,6:17pm,AUD,AIG Manufacturing Index,Non-economic,50.7,,48.9,2014-07-31 18:17:00
2014-07-31,7:59pm,CNY,Manufacturing PMI,High,51.7,51.4,51.0,2014-07-31 19:59:00
2014-07-31,8:30pm,AUD,PPI q/q,High,-0.1%,0.7%,0.9%,2014-07-31 20:30:00
2014-07-31,8:35pm,JPY,Final Manufacturing PMI,Non-economic,50.5,50.8,50.8,2014-07-31 20:35:00
2014-07-31,8:45pm,CNY,RatingDog Manufacturing PMI,High,51.7,52.0,52.0,2014-07-31 20:45:00
2014-07-31,10:30pm,JPY,BOJ Gov Kuroda Speaks,High,,,,2014-07-31 22:30:00
2014-08-01,All Day,CHF,Bank Holiday,Low,,,,2014-08-01 00:00:00
2014-08-01,1:30am,AUD,Commodity Prices y/y,Non-economic,-12.1%,,-11.0%,2014-08-01 01:30:00
2014-08-01,2:15am,EUR,Spanish Manufacturing PMI,Medium,53.9,54.8,54.6,2014-08-01 02:15:00
2014-08-01,2:45am,EUR,Italian Manufacturing PMI,Medium,51.9,52.8,52.6,2014-08-01 02:45:00
2014-08-01,2:50am,EUR,French Final Manufacturing PMI,Non-economic,47.8,47.6,47.6,2014-08-01 02:50:00
2014-08-01,2:55am,EUR,German Final Manufacturing PMI,Non-economic,52.4,52.9,52.9,2014-08-01 02:55:00
2014-08-01,3:00am,EUR,Final Manufacturing PMI,Non-economic,51.8,51.9,51.9,2014-08-01 03:00:00
2014-08-01,3:30am,GBP,Final Manufacturing PMI,High,55.4,57.2,57.2,2014-08-01 03:30:00
2014-08-01,7:30am,USD,Non-Farm Employment Change,High,209K,231K,298K,2014-08-01 07:30:00
2014-08-01,7:30am,USD,Unemployment Rate,High,6.2%,6.1%,6.1%,2014-08-01 07:30:00
2014-08-01,7:30am,USD,Average Hourly Earnings m/m,Medium,0.0%,0.2%,0.2%,2014-08-01 07:30:00
2014-08-01,7:30am,USD,Core PCE Price Index m/m,Medium,0.1%,0.2%,0.2%,2014-08-01 07:30:00
2014-08-01,7:30am,USD,Personal Spending m/m,Medium,0.4%,0.5%,0.3%,2014-08-01 07:30:00
2014-08-01,7:30am,USD,Personal Income m/m,Non-economic,0.4%,0.4%,0.4%,2014-08-01 07:30:00
2014-08-01,8:30am,CAD,Manufacturing PMI,Non-economic,54.3,,53.5,2014-08-01 08:30:00
2014-08-01,8:45am,USD,Final Manufacturing PMI,Non-economic,55.8,56.3,56.3,2014-08-01 08:45:00
2014-08-01,8:55am,USD,Revised UoM Consumer Sentiment,Medium,81.8,81.5,81.3,2014-08-01 08:55:00
2014-08-01,8:55am,USD,Revised UoM Inflation Expectations,Non-economic,3.3%,,3.3%,2014-08-01 08:55:00
2014-08-01,9:00am,USD,ISM Manufacturing PMI,High,57.1,56.1,55.3,2014-08-01 09:00:00
2014-08-01,9:00am,USD,Construction Spending m/m,Non-economic,-1.8%,0.4%,0.8%,2014-08-01 09:00:00
2014-08-01,9:00am,USD,ISM Manufacturing Prices,Non-economic,59.5,58.6,58.0,2014-08-01 09:00:00
2014-08-01,All Day,USD,Total Vehicle Sales,Non-economic,16.5M,16.8M,17.0M,2014-08-01 00:00:00
2014-08-02,7:59pm,CNY,Non-Manufacturing PMI,High,54.2,,55.0,2014-08-02 19:59:00
2014-08-03,All Day,AUD,Bank Holiday,Low,,,,2014-08-03 00:00:00
2014-08-03,6:50pm,JPY,Monetary Base y/y,Non-economic,42.7%,41.2%,42.6%,2014-08-03 18:50:00
2014-08-03,7:30pm,AUD,MI Inflation Gauge m/m,Non-economic,0.2%,,0.0%,2014-08-03 19:30:00
2014-08-03,8:00pm,NZD,ANZ Commodity Prices m/m,Non-economic,-2.4%,,-0.9%,2014-08-03 20:00:00
2014-08-03,8:30pm,AUD,Retail Sales m/m,High,0.6%,0.3%,-0.3%,2014-08-03 20:30:00
2014-08-03,8:30pm,AUD,ANZ Job Advertisements m/m,Medium,0.3%,,4.4%,2014-08-03 20:30:00
2014-08-04,2:00am,EUR,Spanish Unemployment Change,Medium,-29.8K,-116.3K,-122.7K,2014-08-04 02:00:00
2014-08-04,2:30am,CHF,Manufacturing PMI,Medium,54.3,56.2,54.0,2014-08-04 02:30:00
2014-08-04,3:30am,EUR,Sentix Investor Confidence,Non-economic,2.7,9.1,10.1,2014-08-04 03:30:00
2014-08-04,3:30am,GBP,Construction PMI,High,62.4,62.1,62.6,2014-08-04 03:30:00
2014-08-04,4:00am,EUR,PPI m/m,Non-economic,0.1%,0.0%,-0.1%,2014-08-04 04:00:00
2014-08-04,All Day,CAD,Bank Holiday,Low,,,,2014-08-04 00:00:00
2014-08-04,1:00pm,USD,Loan Officer Survey,Non-economic,,,,2014-08-04 13:00:00
2014-08-04,6:30pm,AUD,AIG Services Index,Non-economic,49.3,,47.6,2014-08-04 18:30:00
2014-08-04,8:30pm,AUD,Goods Trade Balance,High,-1.68B,-2.00B,-2.04B,2014-08-04 20:30:00
2014-08-04,8:45pm,CNY,RatingDog Services PMI,Medium,50.0,,53.1,2014-08-04 20:45:00
2014-08-04,10:45pm,JPY,10-y Bond Auction,Non-economic,0.52|4.3,,0.56|3.4,2014-08-04 22:45:00
2014-08-04,11:30pm,AUD,Cash Rate,High,2.50%,2.50%,2.50%,2014-08-04 23:30:00
2014-08-04,11:30pm,AUD,RBA Rate Statement,High,,,,2014-08-04 23:30:00
2014-08-05,2:15am,EUR,Spanish Services PMI,Medium,56.2,55.1,54.8,2014-08-05 02:15:00
2014-08-05,2:45am,EUR,Italian Services PMI,Medium,52.8,53.2,53.9,2014-08-05 02:45:00
2014-08-05,2:50am,EUR,French Final Services PMI,Non-economic,50.4,50.4,50.4,2014-08-05 02:50:00
2014-08-05,2:55am,EUR,German Final Services PMI,Non-economic,56.7,56.6,56.6,2014-08-05 02:55:00
2014-08-05,3:00am,EUR,Final Services PMI,Non-economic,54.2,54.4,54.4,2014-08-05 03:00:00
2014-08-05,3:30am,GBP,Final Services PMI,High,59.1,58.1,57.7,2014-08-05 03:30:00
2014-08-05,4:00am,EUR,Retail Sales m/m,Medium,0.4%,0.4%,0.3%,2014-08-05 04:00:00
2014-08-05,8:45am,USD,Final Services PMI,Non-economic,60.8,61.0,61.0,2014-08-05 08:45:00
2014-08-05,9:00am,USD,ISM Services PMI,High,58.7,56.6,56.0,2014-08-05 09:00:00
2014-08-05,9:00am,USD,Factory Orders m/m,Medium,1.1%,0.6%,-0.6%,2014-08-05 09:00:00
2014-08-05,9:00am,USD,RCM/TIPP Economic Optimism,Non-economic,44.5,46.2,45.6,2014-08-05 09:00:00
2014-08-05,9:26am,NZD,GDT Price Index,High,-8.4%,,-8.9%,2014-08-05 09:26:00
2014-08-05,5:45pm,NZD,Employment Change q/q,High,0.4%,0.7%,0.9%,2014-08-05 17:45:00
2014-08-05,5:45pm,NZD,Unemployment Rate,High,5.6%,5.8%,5.9%,2014-08-05 17:45:00
2014-08-05,5:45pm,NZD,Labor Cost Index q/q,Non-economic,0.6%,0.5%,0.3%,2014-08-05 17:45:00
2014-08-05,6:01pm,GBP,BRC Shop Price Index y/y,Non-economic,-1.9%,,-1.8%,2014-08-05 18:01:00
2014-08-06,12:00am,JPY,Leading Indicators,Non-economic,105.5%,105.5%,104.8%,2014-08-06 00:00:00
2014-08-06,1:00am,EUR,German Factory Orders m/m,Medium,-3.2%,0.5%,-1.6%,2014-08-06 01:00:00
2014-08-06,2:00am,GBP,Halifax HPI m/m,Medium,1.4%,0.5%,-0.4%,2014-08-06 02:00:00
2014-08-06,2:15am,CHF,CPI m/m,Medium,-0.4%,-0.5%,-0.1%,2014-08-06 02:15:00
2014-08-06,3:00am,EUR,Italian Industrial Production m/m,Non-economic,0.9%,0.9%,-1.2%,2014-08-06 03:00:00
2014-08-06,3:10am,EUR,Retail PMI,Non-economic,47.6,,50.0,2014-08-06 03:10:00
2014-08-06,3:30am,GBP,Manufacturing Production m/m,High,0.3%,0.7%,-1.3%,2014-08-06 03:30:00
2014-08-06,3:30am,GBP,Industrial Production m/m,Non-economic,0.3%,0.6%,-0.6%,2014-08-06 03:30:00
2014-08-06,4:00am,EUR,Italian Prelim GDP q/q,Medium,-0.2%,0.1%,-0.1%,2014-08-06 04:00:00
2014-08-06,7:30am,CAD,Trade Balance,High,1.9B,-0.1B,0.6B,2014-08-06 07:30:00
2014-08-06,7:30am,USD,Trade Balance,High,-41.5B,-44.2B,-44.7B,2014-08-06 07:30:00
2014-08-06,8:55am,GBP,NIESR GDP Estimate,Medium,0.6%,,0.8%,2014-08-06 08:55:00
2014-08-06,9:30am,USD,Crude Oil Inventories,Medium,-1.8M,-1.1M,-3.7M,2014-08-06 09:30:00
2014-08-06,6:30pm,AUD,AIG Construction Index,Non-economic,52.6,,51.8,2014-08-06 18:30:00
2014-08-06,8:30pm,AUD,Employment Change,High,-0.3K,13.5K,14.9K,2014-08-06 20:30:00
2014-08-06,8:30pm,AUD,Unemployment Rate,High,6.4%,6.0%,6.0%,2014-08-06 20:30:00
2014-08-07,12:45am,CHF,SECO Consumer Climate,Non-economic,-1,4,1,2014-08-07 00:45:00
2014-08-07,1:00am,EUR,German Industrial Production m/m,Medium,0.3%,1.4%,-1.7%,2014-08-07 01:00:00
2014-08-07,1:45am,EUR,French Trade Balance,Non-economic,-5.4B,-5.0B,-5.1B,2014-08-07 01:45:00
2014-08-07,2:00am,CHF,Foreign Currency Reserves,Medium,453B,,450B,2014-08-07 02:00:00
2014-08-07,3:40am,EUR,Spanish 10-y Bond Auction,Non-economic,2.69|2.1,,2.09|2.3,2014-08-07 03:40:00
2014-08-07,6:00am,GBP,Asset Purchase Facility,High,375B,375B,375B,2014-08-07 06:00:00
2014-08-07,6:00am,GBP,Official Bank Rate,High,0.50%,0.50%,0.50%,2014-08-07 06:00:00
2014-08-07,6:45am,EUR,Main Refinancing Rate,High,0.15%,0.15%,0.15%,2014-08-07 06:45:00
2014-08-07,7:30am,CAD,Building Permits m/m,High,13.5%,-1.8%,15.4%,2014-08-07 07:30:00
2014-08-07,7:30am,EUR,ECB Press Conference,High,,,,2014-08-07 07:30:00
2014-08-07,7:30am,USD,Unemployment Claims,High,289K,305K,303K,2014-08-07 07:30:00
2014-08-07,9:00am,CAD,Ivey PMI,High,54.1,54.1,46.9,2014-08-07 09:00:00
2014-08-07,9:00am,USD,Mortgage Delinquencies,Medium,6.04%,,6.11%,2014-08-07 09:00:00
2014-08-07,9:30am,USD,Natural Gas Storage,Non-economic,82B,89B,88B,2014-08-07 09:30:00
2014-08-07,2:00pm,USD,Consumer Credit m/m,Non-economic,17.3B,18.3B,19.6B,2014-08-07 14:00:00
2014-08-07,6:50pm,JPY,Current Account,Medium,0.13T,0.11T,0.38T,2014-08-07 18:50:00
2014-08-07,6:50pm,JPY,Bank Lending y/y,Non-economic,2.2%,,2.3%,2014-08-07 18:50:00
2014-08-07,8:30pm,AUD,RBA Monetary Policy Statement,High,,,,2014-08-07 20:30:00
2014-08-07,8:30pm,AUD,Home Loans m/m,Medium,0.2%,0.7%,-0.1%,2014-08-07 20:30:00
2014-08-07,9:58pm,CNY,USD-Denominated Trade Balance,High,47.3B,26.0B,31.6B,2014-08-07 21:58:00
2014-08-07,10:08pm,JPY,Monetary Policy Statement,High,,,,2014-08-07 22:08:00
2014-08-08,12:00am,JPY,Economy Watchers Sentiment,Non-economic,51.3,48.7,47.7,2014-08-08 00:00:00
2014-08-08,12:45am,CHF,Unemployment Rate,Non-economic,3.2%,3.2%,3.2%,2014-08-08 00:45:00
2014-08-08,1:00am,EUR,German Trade Balance,Medium,16.2B,19.8B,18.8B,2014-08-08 01:00:00
2014-08-08,1:30am,JPY,BOJ Press Conference,High,,,,2014-08-08 01:30:00
2014-08-08,1:45am,EUR,French Industrial Production m/m,Medium,1.3%,1.1%,-1.6%,2014-08-08 01:45:00
2014-08-08,1:45am,EUR,French Gov Budget Balance,Non-economic,-59.4B,,-64.3B,2014-08-08 01:45:00
2014-08-08,3:30am,GBP,Goods Trade Balance,Medium,-9.4B,-8.9B,-9.2B,2014-08-08 03:30:00
2014-08-08,3:30am,GBP,Construction Output m/m,Non-economic,1.2%,1.1%,-1.2%,2014-08-08 03:30:00
2014-08-08,7:30am,CAD,Employment Change,High,41.7K,25.4K,-9.4K,2014-08-08 07:30:00
2014-08-08,7:30am,CAD,Unemployment Rate,High,7.0%,7.0%,7.1%,2014-08-08 07:30:00
2014-08-08,7:30am,USD,Prelim Nonfarm Productivity q/q,Medium,2.5%,1.4%,-3.2%,2014-08-08 07:30:00
2014-08-08,7:30am,USD,Prelim Unit Labor Costs q/q,Medium,0.6%,1.3%,5.7%,2014-08-08 07:30:00
2014-08-08,9:00am,USD,Final Wholesale Inventories m/m,Non-economic,0.3%,0.6%,0.3%,2014-08-08 09:00:00
2014-08-08,8:30pm,CNY,CPI y/y,High,2.3%,2.3%,2.3%,2014-08-08 20:30:00
2014-08-08,8:30pm,CNY,PPI y/y,Medium,-0.9%,-1.0%,-1.1%,2014-08-08 20:30:00
2014-08-10,6:50pm,JPY,Tertiary Industry Activity m/m,Medium,-0.1%,0.2%,0.9%,2014-08-10 18:50:00
2014-08-10,6:50pm,JPY,M2 Money Stock y/y,Non-economic,3.0%,3.0%,3.0%,2014-08-10 18:50:00
2014-08-11,12:00am,JPY,BOJ Monthly Report,Non-economic,,,,2014-08-11 00:00:00
2014-08-11,12:00am,JPY,Consumer Confidence,Non-economic,41.5,42.3,41.1,2014-08-11 00:00:00
2014-08-11,1:00am,JPY,Prelim Machine Tool Orders y/y,Non-economic,37.7%,,34.1%,2014-08-11 01:00:00
2014-08-11,2:15am,CHF,Retail Sales y/y,Medium,3.4%,0.7%,-0.5%,2014-08-11 02:15:00
2014-08-11,2:15am,USD,FOMC Member Fischer Speaks,Medium,,,,2014-08-11 02:15:00
2014-08-11,4:00am,GBP,CB Leading Index m/m,Non-economic,0.6%,,0.5%,2014-08-11 04:00:00
2014-08-11,7:13am,CAD,Housing Starts,Medium,200K,194K,199K,2014-08-11 07:13:00
2014-08-11,6:01pm,GBP,BRC Retail Sales Monitor y/y,Medium,-0.3%,,-0.8%,2014-08-11 18:01:00
2014-08-11,6:50pm,JPY,PPI y/y,Non-economic,4.3%,4.4%,4.6%,2014-08-11 18:50:00
2014-08-11,8:30pm,AUD,NAB Business Confidence,High,11,,8,2014-08-11 20:30:00
2014-08-11,8:30pm,AUD,HPI q/q,Medium,1.8%,1.1%,1.5%,2014-08-11 20:30:00
2014-08-11,9:30pm,NZD,REINZ HPI m/m,Non-economic,-0.7%,,-0.3%,2014-08-11 21:30:00
2014-08-11,10:45pm,JPY,30-y Bond Auction,Non-economic,1.68|4.1,,1.70|3.1,2014-08-11 22:45:00
2014-08-11,11:30pm,JPY,Revised Industrial Production m/m,Non-economic,-3.4%,0.5%,-3.3%,2014-08-11 23:30:00
2014-08-12,4:00am,EUR,German ZEW Economic Sentiment,High,8.6,18.2,27.1,2014-08-12 04:00:00
2014-08-12,4:00am,EUR,ZEW Economic Sentiment,Medium,23.7,41.3,48.1,2014-08-12 04:00:00
2014-08-12,6:30am,USD,NFIB Small Business Index,Non-economic,95.7,96.3,95.0,2014-08-12 06:30:00
2014-08-12,9:00am,USD,JOLTS Job Openings,Medium,4.67M,4.74M,4.58M,2014-08-12 09:00:00
2014-08-12,12:55pm,USD,Federal Budget Balance,Non-economic,-94.6B,-98.2B,70.5B,2014-08-12 12:55:00
2014-08-12,6:50pm,JPY,Prelim GDP q/q,High,-1.7%,-1.7%,1.6%,2014-08-12 18:50:00
2014-08-12,6:50pm,JPY,Monetary Policy Meeting Minutes,Medium,,,,2014-08-12 18:50:00
2014-08-12,6:50pm,JPY,Prelim GDP Price Index y/y,Non-economic,2.0%,1.7%,-0.1%,2014-08-12 18:50:00
2014-08-12,7:30pm,AUD,Westpac Consumer Sentiment,Medium,3.8%,,1.9%,2014-08-12 19:30:00
2014-08-12,8:30pm,AUD,Wage Price Index q/q,Medium,0.6%,0.8%,0.7%,2014-08-12 20:30:00
2014-08-12,9:34pm,CNY,New Loans,Medium,385B,780B,1080B,2014-08-12 21:34:00
2014-08-12,9:34pm,CNY,M2 Money Supply y/y,Non-economic,13.5%,14.5%,14.7%,2014-08-12 21:34:00
2014-08-13,12:30am,CNY,Industrial Production y/y,High,9.0%,9.1%,9.2%,2014-08-13 00:30:00
2014-08-13,12:30am,CNY,Fixed Asset Investment ytd/y,Medium,17.0%,17.4%,17.3%,2014-08-13 00:30:00
2014-08-13,12:30am,CNY,Retail Sales y/y,Non-economic,12.2%,12.5%,12.4%,2014-08-13 00:30:00
2014-08-13,1:00am,EUR,German Final CPI m/m,Non-economic,0.3%,0.3%,0.3%,2014-08-13 01:00:00
2014-08-13,1:00am,EUR,German WPI m/m,Non-economic,0.1%,0.3%,-0.1%,2014-08-13 01:00:00
2014-08-13,1:45am,EUR,French Final CPI m/m,Non-economic,-0.3%,-0.2%,0.0%,2014-08-13 01:45:00
2014-08-13,3:30am,GBP,Average Earnings Index 3m/y,High,-0.2%,-0.1%,0.4%,2014-08-13 03:30:00
2014-08-13,3:30am,GBP,Claimant Count Change,High,-33.6K,-29.7K,-39.5K,2014-08-13 03:30:00
2014-08-13,3:30am,GBP,Unemployment Rate,Medium,6.4%,6.4%,6.5%,2014-08-13 03:30:00
2014-08-13,4:00am,CHF,UBS Economic Expectations,Medium,2.5,,0.1,2014-08-13 04:00:00
2014-08-13,4:00am,EUR,Industrial Production m/m,Medium,-0.3%,0.5%,-1.1%,2014-08-13 04:00:00
2014-08-13,4:30am,GBP,BOE Gov Carney Speaks,High,,,,2014-08-13 04:30:00
2014-08-13,4:30am,GBP,BOE Monetary Policy Report,High,,,,2014-08-13 04:30:00
2014-08-13,4:33am,EUR,German 10-y Bond Auction,Medium,1.08|1.6,,1.20|1.6,2014-08-13 04:33:00
2014-08-13,7:30am,USD,Core Retail Sales m/m,High,0.1%,0.4%,0.4%,2014-08-13 07:30:00
2014-08-13,7:30am,USD,Retail Sales m/m,High,0.0%,0.2%,0.2%,2014-08-13 07:30:00
2014-08-13,8:05am,USD,FOMC Member Dudley Speaks,Medium,,,,2014-08-13 08:05:00
2014-08-13,9:00am,USD,Business Inventories m/m,Medium,0.4%,0.4%,0.5%,2014-08-13 09:00:00
2014-08-13,9:30am,USD,Crude Oil Inventories,Medium,1.4M,-0.8M,-1.8M,2014-08-13 09:30:00
2014-08-13,12:01pm,USD,10-y Bond Auction,Medium,2.44|2.8,,2.60|2.6,2014-08-13 12:01:00
2014-08-13,5:30pm,NZD,BusinessNZ Manufacturing Index,Medium,53.0,,53.4,2014-08-13 17:30:00
2014-08-13,5:45pm,NZD,Retail Sales q/q,High,1.2%,1.0%,0.8%,2014-08-13 17:45:00
2014-08-13,5:45pm,NZD,Core Retail Sales q/q,Medium,1.2%,1.1%,1.0%,2014-08-13 17:45:00
2014-08-13,6:01pm,GBP,RICS House Price Balance,Non-economic,49%,51%,52%,2014-08-13 18:01:00
2014-08-13,6:50pm,JPY,Core Machinery Orders m/m,Medium,8.8%,15.5%,-19.5%,2014-08-13 18:50:00
2014-08-13,8:00pm,AUD,MI Inflation Expectations,Medium,3.1%,,3.8%,2014-08-13 20:00:00
2014-08-14,12:30am,EUR,French Prelim GDP q/q,High,0.0%,0.1%,0.0%,2014-08-14 00:30:00
2014-08-14,1:00am,EUR,German Prelim GDP q/q,High,-0.2%,-0.1%,0.8%,2014-08-14 01:00:00
2014-08-14,1:45am,EUR,French Prelim Private Payrolls q/q,Medium,0.1%,-0.1%,-0.1%,2014-08-14 01:45:00
2014-08-14,2:15am,CHF,PPI m/m,Medium,0.0%,0.0%,0.0%,2014-08-14 02:15:00
2014-08-14,3:00am,EUR,ECB Monthly Bulletin,Medium,,,,2014-08-14 03:00:00
2014-08-14,4:00am,EUR,Final CPI y/y,Medium,0.4%,0.4%,0.4%,2014-08-14 04:00:00
2014-08-14,4:00am,EUR,Flash GDP q/q,Medium,0.0%,0.1%,0.2%,2014-08-14 04:00:00
2014-08-14,4:00am,EUR,Final Core CPI y/y,Non-economic,0.8%,0.8%,0.8%,2014-08-14 04:00:00
2014-08-14,7:30am,CAD,NHPI m/m,Medium,0.2%,0.2%,0.1%,2014-08-14 07:30:00
2014-08-14,7:30am,USD,Unemployment Claims,High,311K,307K,290K,2014-08-14 07:30:00
2014-08-14,7:30am,USD,Import Prices m/m,Medium,-0.2%,-0.2%,0.1%,2014-08-14 07:30:00
2014-08-14,9:30am,USD,Natural Gas Storage,Non-economic,78B,81B,82B,2014-08-14 09:30:00
2014-08-14,12:01pm,USD,30-y Bond Auction,Non-economic,3.22|2.6,,3.37|2.4,2014-08-14 12:01:00
2014-08-15,All Day,EUR,French Bank Holiday,Low,,,,2014-08-15 00:00:00
2014-08-15,All Day,EUR,Italian Bank Holiday,Low,,,,2014-08-15 00:00:00
2014-08-15,3:30am,GBP,Second Estimate GDP q/q,High,0.8%,0.8%,0.8%,2014-08-15 03:30:00
2014-08-15,3:30am,GBP,Index of Services 3m/3m,Non-economic,1.0%,1.0%,1.0%,2014-08-15 03:30:00
2014-08-15,7:30am,CAD,Manufacturing Sales m/m,High,0.6%,0.5%,1.7%,2014-08-15 07:30:00
2014-08-15,7:30am,USD,PPI m/m,High,0.1%,0.1%,0.4%,2014-08-15 07:30:00
2014-08-15,7:30am,USD,Core PPI m/m,Medium,0.2%,0.2%,0.2%,2014-08-15 07:30:00
2014-08-15,7:30am,USD,Empire State Manufacturing Index,Medium,14.7,20.3,25.6,2014-08-15 07:30:00
2014-08-15,8:00am,USD,TIC Long-Term Purchases,Medium,-18.7B,27.3B,18.6B,2014-08-15 08:00:00
2014-08-15,8:15am,USD,Capacity Utilization Rate,Medium,79.2%,79.2%,79.1%,2014-08-15 08:15:00
2014-08-15,8:15am,USD,Industrial Production m/m,Medium,0.4%,0.3%,0.4%,2014-08-15 08:15:00
2014-08-15,8:55am,USD,Prelim UoM Consumer Sentiment,High,79.2,82.7,81.8,2014-08-15 08:55:00
2014-08-15,8:55am,USD,Prelim UoM Inflation Expectations,Non-economic,3.4%,,3.3%,2014-08-15 08:55:00
2014-08-17,5:30pm,NZD,BusinessNZ Services Index,Non-economic,58.4,,55.4,2014-08-17 17:30:00
2014-08-17,6:01pm,GBP,Rightmove HPI m/m,Non-economic,-2.9%,,-0.8%,2014-08-17 18:01:00
2014-08-17,8:30pm,AUD,New Motor Vehicle Sales m/m,Medium,-1.3%,,2.2%,2014-08-17 20:30:00
2014-08-17,9:00pm,CNY,Foreign Direct Investment ytd/y,Non-economic,-0.4%,,2.2%,2014-08-17 21:00:00
2014-08-18,4:00am,EUR,Trade Balance,Non-economic,13.8B,14.9B,15.2B,2014-08-18 04:00:00
2014-08-18,5:00am,EUR,German Buba Monthly Report,Medium,,,,2014-08-18 05:00:00
2014-08-18,7:30am,CAD,Foreign Securities Purchases,Medium,-1.07B,14.68B,21.42B,2014-08-18 07:30:00
2014-08-18,9:00am,USD,NAHB Housing Market Index,Medium,55,53,53,2014-08-18 09:00:00
2014-08-18,5:45pm,NZD,PPI Input q/q,Medium,-1.0%,0.7%,1.0%,2014-08-18 17:45:00
2014-08-18,5:45pm,NZD,PPI Output q/q,Non-economic,-0.5%,0.8%,0.9%,2014-08-18 17:45:00
2014-08-18,8:30pm,AUD,Monetary Policy Meeting Minutes,High,,,,2014-08-18 20:30:00
2014-08-18,10:00pm,NZD,Inflation Expectations q/q,Medium,2.23%,,2.36%,2014-08-18 22:00:00
2014-08-19,3:00am,EUR,Current Account,Non-economic,13.1B,19.3B,19.8B,2014-08-19 03:00:00
2014-08-19,3:30am,GBP,CPI y/y,High,1.6%,1.8%,1.9%,2014-08-19 03:30:00
2014-08-19,3:30am,GBP,PPI Input m/m,Medium,-1.6%,-1.0%,-0.9%,2014-08-19 03:30:00
2014-08-19,3:30am,GBP,RPI y/y,Medium,2.5%,2.6%,2.6%,2014-08-19 03:30:00
2014-08-19,3:30am,GBP,Core CPI y/y,Non-economic,1.8%,1.9%,2.0%,2014-08-19 03:30:00
2014-08-19,3:30am,GBP,ONS HPI y/y,Non-economic,10.2%,11.2%,10.4%,2014-08-19 03:30:00
2014-08-19,3:30am,GBP,PPI Output m/m,Non-economic,-0.1%,0.1%,-0.1%,2014-08-19 03:30:00
2014-08-19,7:30am,USD,Building Permits,High,1.05M,1.00M,0.97M,2014-08-19 07:30:00
2014-08-19,7:30am,USD,Core CPI m/m,High,0.1%,0.2%,0.1%,2014-08-19 07:30:00
2014-08-19,7:30am,USD,CPI m/m,High,0.1%,0.1%,0.3%,2014-08-19 07:30:00
2014-08-19,7:30am,USD,CPI y/y,High,2.0%,2.0%,2.1%,2014-08-19 07:30:00
2014-08-19,7:30am,USD,Housing Starts,Medium,1.09M,0.97M,0.95M,2014-08-19 07:30:00
2014-08-19,9:37am,NZD,GDT Price Index,High,-0.6%,,-8.4%,2014-08-19 09:37:00
2014-08-19,6:30pm,AUD,RBA Gov Stevens Speaks,High,,,,2014-08-19 18:30:00
2014-08-19,6:50pm,JPY,Trade Balance,Medium,-1.02T,-0.77T,-1.07T,2014-08-19 18:50:00
2014-08-19,7:30pm,AUD,MI Leading Index m/m,Non-economic,-0.1%,,0.1%,2014-08-19 19:30:00
2014-08-19,11:30pm,JPY,All Industries Activity m/m,Non-economic,-0.4%,-0.2%,0.6%,2014-08-19 23:30:00
2014-08-20,1:00am,EUR,German PPI m/m,Non-economic,-0.1%,0.0%,0.0%,2014-08-20 01:00:00
2014-08-20,3:30am,GBP,MPC Asset Purchase Facility Votes,High,0-0-9,0-0-9,0-0-9,2014-08-20 03:30:00
2014-08-20,3:30am,GBP,MPC Official Bank Rate Votes,High,2-0-7,0-0-9,0-0-9,2014-08-20 03:30:00
2014-08-20,5:00am,GBP,CBI Industrial Order Expectations,Medium,11,4,2,2014-08-20 05:00:00
2014-08-20,7:30am,CAD,Wholesale Sales m/m,High,0.6%,0.4%,2.3%,2014-08-20 07:30:00
2014-08-20,9:30am,USD,Crude Oil Inventories,Medium,-4.5M,-1.3M,1.4M,2014-08-20 09:30:00
2014-08-20,1:00pm,USD,FOMC Meeting Minutes,High,,,,2014-08-20 13:00:00
2014-08-20,5:50pm,NZD,Visitor Arrivals m/m,Non-economic,-0.5%,,-0.3%,2014-08-20 17:50:00
2014-08-20,7:00pm,AUD,CB Leading Index m/m,Medium,0.4%,,0.2%,2014-08-20 19:00:00
2014-08-20,8:35pm,JPY,Flash Manufacturing PMI,Non-economic,52.4,51.7,50.5,2014-08-20 20:35:00
2014-08-20,8:45pm,CNY,Caixin Flash Manufacturing PMI,High,50.3,51.5,51.7,2014-08-20 20:45:00
2014-08-20,10:00pm,NZD,Credit Card Spending y/y,Non-economic,4.5%,,6.0%,2014-08-20 22:00:00
2014-08-21,1:00am,CHF,Trade Balance,Medium,3.98B,1.87B,1.41B,2014-08-21 01:00:00
2014-08-21,2:00am,EUR,French Flash Manufacturing PMI,High,46.5,47.9,47.8,2014-08-21 02:00:00
2014-08-21,2:00am,EUR,French Flash Services PMI,Medium,51.1,50.3,50.4,2014-08-21 02:00:00
2014-08-21,2:30am,EUR,German Flash Manufacturing PMI,High,52.0,51.7,52.4,2014-08-21 02:30:00
2014-08-21,2:30am,EUR,German Flash Services PMI,Medium,56.4,55.5,56.7,2014-08-21 02:30:00
2014-08-21,3:00am,EUR,Flash Manufacturing PMI,Medium,50.8,51.4,51.8,2014-08-21 03:00:00
2014-08-21,3:00am,EUR,Flash Services PMI,Medium,53.5,53.6,54.2,2014-08-21 03:00:00
2014-08-21,3:30am,GBP,Retail Sales m/m,High,0.1%,0.4%,0.2%,2014-08-21 03:30:00
2014-08-21,3:30am,GBP,Public Sector Net Borrowing,Medium,-1.1B,-1.9B,9.8B,2014-08-21 03:30:00
2014-08-21,4:37am,GBP,10-y Bond Auction,Non-economic,2.57|1.7,,2.70|1.8,2014-08-21 04:37:00
2014-08-21,7:30am,USD,Unemployment Claims,High,298K,302K,312K,2014-08-21 07:30:00
2014-08-21,8:45am,USD,Flash Manufacturing PMI,Medium,58.0,55.7,55.8,2014-08-21 08:45:00
2014-08-21,9:00am,EUR,Consumer Confidence,Non-economic,-10,-9,-8,2014-08-21 09:00:00
2014-08-21,9:00am,USD,Philly Fed Manufacturing Index,High,28.0,19.7,23.9,2014-08-21 09:00:00
2014-08-21,9:00am,USD,Existing Home Sales,Medium,5.15M,5.01M,5.03M,2014-08-21 09:00:00
2014-08-21,9:00am,USD,CB Leading Index m/m,Non-economic,0.9%,0.6%,0.6%,2014-08-21 09:00:00
2014-08-21,9:30am,USD,Natural Gas Storage,Non-economic,88B,83B,78B,2014-08-21 09:30:00
2014-08-21,Day 1,All,Jackson Hole Symposium,Medium,,,,2014-08-21 00:00:00
2014-08-22,7:30am,CAD,Core CPI m/m,High,-0.1%,0.1%,-0.1%,2014-08-22 07:30:00
2014-08-22,7:30am,CAD,Core Retail Sales m/m,High,1.5%,0.4%,0.3%,2014-08-22 07:30:00
2014-08-22,7:30am,CAD,CPI m/m,Medium,-0.2%,-0.1%,0.1%,2014-08-22 07:30:00
2014-08-22,7:30am,CAD,Retail Sales m/m,Medium,1.1%,0.3%,0.9%,2014-08-22 07:30:00
2014-08-22,9:00am,USD,Fed Chair Yellen Speaks,High,,,,2014-08-22 09:00:00
2014-08-22,Day 2,All,Jackson Hole Symposium,Medium,,,,2014-08-22 00:00:00
2014-08-22,1:30pm,EUR,ECB President Draghi Speaks,High,,,,2014-08-22 13:30:00
2014-08-23,11:25am,GBP,MPC Member Broadbent Speaks,Medium,,,,2014-08-23 11:25:00
2014-08-23,Day 3,All,Jackson Hole Symposium,High,,,,2014-08-23 00:00:00
2014-08-25,All Day,GBP,Bank Holiday,Low,,,,2014-08-25 00:00:00
2014-08-25,3:00am,EUR,German ifo Business Climate,High,106.3,107.1,108.0,2014-08-25 03:00:00
2014-08-25,8:00am,EUR,Belgian NBB Business Climate,Non-economic,-7.3,-8.3,-7.5,2014-08-25 08:00:00
2014-08-25,8:45am,USD,Flash Services PMI,Non-economic,58.5,59.2,60.8,2014-08-25 08:45:00
2014-08-25,9:00am,USD,New Home Sales,High,412K,426K,422K,2014-08-25 09:00:00
2014-08-25,5:45pm,NZD,Trade Balance,High,-692M,-475M,242M,2014-08-25 17:45:00
2014-08-25,6:50pm,JPY,SPPI y/y,Non-economic,3.7%,3.7%,3.7%,2014-08-25 18:50:00
2014-08-25,9:00pm,CNY,CB Leading Index m/m,Non-economic,1.3%,,1.3%,2014-08-25 21:00:00
2014-08-26,3:30am,GBP,High Street Lending,Medium,42.8K,44.2K,43.2K,2014-08-26 03:30:00
2014-08-26,7:30am,CAD,Corporate Profits q/q,Non-economic,2.6%,,7.4%,2014-08-26 07:30:00
2014-08-26,7:30am,USD,Core Durable Goods Orders m/m,High,-0.8%,0.5%,1.9%,2014-08-26 07:30:00
2014-08-26,7:30am,USD,Durable Goods Orders m/m,Medium,22.6%,7.8%,1.7%,2014-08-26 07:30:00
2014-08-26,8:00am,USD,HPI m/m,Non-economic,0.4%,0.3%,0.2%,2014-08-26 08:00:00
2014-08-26,8:00am,USD,S&P/CS Composite-20 HPI y/y,Non-economic,8.1%,8.2%,9.4%,2014-08-26 08:00:00
2014-08-26,8:59am,USD,Richmond Manufacturing Index,Non-economic,12,8,7,2014-08-26 08:59:00
2014-08-26,9:00am,USD,CB Consumer Confidence,High,92.4,89.1,90.3,2014-08-26 09:00:00
2014-08-26,5:45pm,NZD,FPI m/m,Non-economic,-0.7%,,1.4%,2014-08-26 17:45:00
2014-08-26,8:30pm,AUD,Construction Work Done q/q,Medium,-1.2%,-0.4%,-0.4%,2014-08-26 20:30:00
2014-08-27,1:00am,CHF,UBS Consumption Indicator,Non-economic,1.66,,2.07,2014-08-27 01:00:00
2014-08-27,1:00am,EUR,German GfK Consumer Climate,Medium,8.6,8.9,8.9,2014-08-27 01:00:00
2014-08-27,1:00am,EUR,German Import Prices m/m,Non-economic,-0.4%,-0.1%,0.2%,2014-08-27 01:00:00
2014-08-27,9:30am,USD,Crude Oil Inventories,Medium,-2.1M,1.1M,-4.5M,2014-08-27 09:30:00
2014-08-27,8:00pm,AUD,HIA New Home Sales m/m,Non-economic,-5.7%,,1.2%,2014-08-27 20:00:00
2014-08-27,8:30pm,AUD,Private Capital Expenditure q/q,High,1.1%,-0.6%,-2.5%,2014-08-27 20:30:00
2014-08-28,All Day,EUR,German Prelim CPI m/m,High,0.0%,0.0%,0.3%,2014-08-28 00:00:00
2014-08-28,2:00am,EUR,Spanish Flash CPI y/y,Medium,-0.5%,-0.2%,-0.3%,2014-08-28 02:00:00
2014-08-28,2:15am,CHF,Employment Level,Medium,4.20M,4.21M,4.19M,2014-08-28 02:15:00
2014-08-28,2:55am,EUR,German Unemployment Change,Medium,2K,-6K,-12K,2014-08-28 02:55:00
2014-08-28,3:00am,EUR,M3 Money Supply y/y,Medium,1.8%,1.5%,1.5%,2014-08-28 03:00:00
2014-08-28,3:00am,EUR,Private Loans y/y,Medium,-1.6%,-1.5%,-1.7%,2014-08-28 03:00:00
2014-08-28,3:00am,EUR,Italian Retail Sales m/m,Non-economic,0.0%,-0.2%,-0.6%,2014-08-28 03:00:00
2014-08-28,4:20am,EUR,Italian 10-y Bond Auction,Non-economic,2.39|1.3,,2.60|1.5,2014-08-28 04:20:00
2014-08-28,5:00am,GBP,CBI Realized Sales,Medium,37,27,21,2014-08-28 05:00:00
2014-08-28,7:30am,CAD,Current Account,Medium,-11.9B,-11.6B,-12.0B,2014-08-28 07:30:00
2014-08-28,7:30am,USD,Prelim GDP q/q,High,4.2%,3.9%,4.0%,2014-08-28 07:30:00
2014-08-28,7:30am,USD,Unemployment Claims,High,298K,299K,299K,2014-08-28 07:30:00
2014-08-28,7:30am,USD,Prelim GDP Price Index q/q,Non-economic,2.1%,2.0%,2.0%,2014-08-28 07:30:00
2014-08-28,9:00am,USD,Pending Home Sales m/m,High,3.3%,0.6%,-1.3%,2014-08-28 09:00:00
2014-08-28,9:30am,USD,Natural Gas Storage,Non-economic,75B,79B,88B,2014-08-28 09:30:00
2014-08-28,5:45pm,NZD,Building Consents m/m,Medium,0.1%,,3.5%,2014-08-28 17:45:00
2014-08-28,6:05pm,GBP,GfK Consumer Confidence,Non-economic,1,-1,-2,2014-08-28 18:05:00
2014-08-28,6:30pm,JPY,Household Spending y/y,Medium,-5.9%,-2.7%,-3.0%,2014-08-28 18:30:00
2014-08-28,6:30pm,JPY,Tokyo Core CPI y/y,Medium,2.7%,2.7%,2.8%,2014-08-28 18:30:00
2014-08-28,6:30pm,JPY,National Core CPI y/y,Non-economic,3.3%,3.3%,3.3%,2014-08-28 18:30:00
2014-08-28,6:30pm,JPY,Unemployment Rate,Non-economic,3.8%,3.7%,3.7%,2014-08-28 18:30:00
2014-08-28,6:50pm,JPY,Prelim Industrial Production m/m,Medium,0.2%,1.2%,-3.4%,2014-08-28 18:50:00
2014-08-28,6:50pm,JPY,Retail Sales y/y,Medium,0.5%,-0.1%,-0.6%,2014-08-28 18:50:00
2014-08-28,8:00pm,NZD,ANZ Business Confidence,High,24.4,,39.7,2014-08-28 20:00:00
2014-08-28,8:30pm,AUD,Private Sector Credit m/m,Non-economic,0.4%,0.5%,0.7%,2014-08-28 20:30:00
2014-08-29,12:00am,JPY,Housing Starts y/y,Non-economic,-14.1%,-10.3%,-9.5%,2014-08-29 00:00:00
2014-08-29,1:00am,EUR,German Retail Sales m/m,Medium,-1.4%,0.1%,1.0%,2014-08-29 01:00:00
2014-08-29,1:00am,GBP,Nationwide HPI m/m,Medium,0.8%,0.1%,0.2%,2014-08-29 01:00:00
2014-08-29,2:00am,CHF,KOF Economic Barometer,Medium,99.5,97.9,97.9,2014-08-29 02:00:00
2014-08-29,3:00am,EUR,Italian Monthly Unemployment Rate,Non-economic,12.6%,12.2%,12.3%,2014-08-29 03:00:00
2014-08-29,3:00am,EUR,Italian Quarterly Unemployment Rate,Non-economic,12.5%,12.5%,12.6%,2014-08-29 03:00:00
2014-08-29,4:00am,EUR,CPI Flash Estimate y/y,High,0.3%,0.3%,0.4%,2014-08-29 04:00:00
2014-08-29,4:00am,EUR,Core CPI Flash Estimate y/y,Medium,0.9%,0.8%,0.8%,2014-08-29 04:00:00
2014-08-29,4:00am,EUR,Unemployment Rate,Medium,11.5%,11.5%,11.5%,2014-08-29 04:00:00
2014-08-29,4:00am,EUR,Italian Prelim CPI m/m,Non-economic,0.2%,0.1%,-0.1%,2014-08-29 04:00:00
2014-08-29,7:30am,CAD,GDP m/m,High,0.3%,0.2%,0.5%,2014-08-29 07:30:00
2014-08-29,7:30am,CAD,RMPI m/m,Medium,-1.4%,-1.2%,1.1%,2014-08-29 07:30:00
2014-08-29,7:30am,CAD,IPPI m/m,Non-economic,-0.3%,-0.1%,0.1%,2014-08-29 07:30:00
2014-08-29,7:30am,USD,Core PCE Price Index m/m,Medium,0.1%,0.1%,0.1%,2014-08-29 07:30:00
2014-08-29,7:30am,USD,Personal Spending m/m,Medium,-0.1%,0.2%,0.4%,2014-08-29 07:30:00
2014-08-29,7:30am,USD,Personal Income m/m,Non-economic,0.2%,0.3%,0.5%,2014-08-29 07:30:00
2014-08-29,8:45am,USD,Chicago PMI,High,64.3,56.8,52.6,2014-08-29 08:45:00
2014-08-29,8:55am,USD,Revised UoM Consumer Sentiment,Medium,82.5,80.2,79.2,2014-08-29 08:55:00
2014-08-29,8:55am,USD,Revised UoM Inflation Expectations,Non-economic,3.2%,,3.4%,2014-08-29 08:55:00
2014-08-31,5:45pm,NZD,Overseas Trade Index q/q,Medium,0.3%,-3.5%,1.8%,2014-08-31 17:45:00
2014-08-31,6:05pm,AUD,AIG Manufacturing Index,Non-economic,47.3,,50.7,2014-08-31 18:05:00
2014-08-31,6:50pm,JPY,Capital Spending q/y,Medium,3.0%,3.8%,7.4%,2014-08-31 18:50:00
2014-08-31,7:30pm,AUD,MI Inflation Gauge m/m,Non-economic,0.0%,,0.2%,2014-08-31 19:30:00
2014-08-31,7:59pm,CNY,Manufacturing PMI,High,51.1,51.2,51.7,2014-08-31 19:59:00
2014-08-31,8:30pm,AUD,Company Operating Profits q/q,Medium,-6.9%,-1.8%,2.0%,2014-08-31 20:30:00
2014-08-31,8:35pm,JPY,Final Manufacturing PMI,Non-economic,52.2,52.4,52.4,2014-08-31 20:35:00
2014-08-31,8:45pm,CNY,RatingDog Manufacturing PMI,High,50.2,50.3,50.3,2014-08-31 20:45:00
2014-09-01,1:00am,EUR,German Final GDP q/q,Non-economic,-0.2%,-0.2%,-0.2%,2014-09-01 01:00:00
2014-09-01,1:30am,AUD,Commodity Prices y/y,Non-economic,-11.5%,,-13.8%,2014-09-01 01:30:00
2014-09-01,2:15am,EUR,Spanish Manufacturing PMI,Medium,52.8,53.4,53.9,2014-09-01 02:15:00
2014-09-01,2:30am,CHF,Manufacturing PMI,Non-economic,52.9,53.8,54.3,2014-09-01 02:30:00
2014-09-01,2:45am,EUR,Italian Manufacturing PMI,Medium,49.8,51.0,51.9,2014-09-01 02:45:00
2014-09-01,2:50am,EUR,French Final Manufacturing PMI,Non-economic,46.9,46.5,46.5,2014-09-01 02:50:00
2014-09-01,2:55am,EUR,German Final Manufacturing PMI,Medium,51.4,52.0,52.0,2014-09-01 02:55:00
2014-09-01,3:00am,EUR,Final Manufacturing PMI,Non-economic,50.7,50.8,50.8,2014-09-01 03:00:00
2014-09-01,3:30am,GBP,Final Manufacturing PMI,High,52.5,55.1,54.8,2014-09-01 03:30:00
2014-09-01,3:30am,GBP,Net Lending to Individuals m/m,Medium,3.4B,2.4B,2.8B,2014-09-01 03:30:00
2014-09-01,3:30am,GBP,M4 Money Supply m/m,Non-economic,0.3%,0.5%,0.1%,2014-09-01 03:30:00
2014-09-01,3:30am,GBP,Mortgage Approvals,Non-economic,67K,66K,67K,2014-09-01 03:30:00
2014-09-01,All Day,CAD,Bank Holiday,Low,,,,2014-09-01 00:00:00
2014-09-01,All Day,USD,Bank Holiday,Low,,,,2014-09-01 00:00:00
2014-09-01,6:50pm,JPY,Monetary Base y/y,Non-economic,40.5%,43.7%,42.7%,2014-09-01 18:50:00
2014-09-01,8:00pm,NZD,ANZ Commodity Prices m/m,Non-economic,-3.3%,,-2.4%,2014-09-01 20:00:00
2014-09-01,8:30pm,AUD,Building Approvals m/m,High,2.5%,1.7%,-3.8%,2014-09-01 20:30:00
2014-09-01,8:30pm,AUD,Current Account,Medium,-13.7B,-13.8B,-7.8B,2014-09-01 20:30:00
2014-09-01,8:35pm,JPY,Average Cash Earnings y/y,Medium,2.6%,0.9%,1.0%,2014-09-01 20:35:00
2014-09-01,10:45pm,JPY,10-y Bond Auction,Non-economic,0.52|3.6,,0.52|4.3,2014-09-01 22:45:00
2014-09-01,11:30pm,AUD,Cash Rate,High,2.50%,2.50%,2.50%,2014-09-01 23:30:00
2014-09-01,11:30pm,AUD,RBA Rate Statement,High,,,,2014-09-01 23:30:00
2014-09-02,12:45am,CHF,GDP q/q,Non-economic,0.0%,0.5%,0.5%,2014-09-02 00:45:00
2014-09-02,2:00am,EUR,Spanish Unemployment Change,Medium,8.1K,25.5K,-29.8K,2014-09-02 02:00:00
2014-09-02,3:30am,GBP,Construction PMI,High,64.0,61.5,62.4,2014-09-02 03:30:00
2014-09-02,4:00am,EUR,PPI m/m,Non-economic,-0.1%,0.0%,0.2%,2014-09-02 04:00:00
2014-09-02,8:30am,CAD,Manufacturing PMI,Non-economic,54.8,,54.3,2014-09-02 08:30:00
2014-09-02,8:45am,USD,Final Manufacturing PMI,Non-economic,57.9,58.0,58.0,2014-09-02 08:45:00
2014-09-02,9:00am,USD,ISM Manufacturing PMI,High,59.0,57.0,57.1,2014-09-02 09:00:00
2014-09-02,9:00am,USD,Construction Spending m/m,Non-economic,1.8%,0.9%,-0.9%,2014-09-02 09:00:00
2014-09-02,9:00am,USD,ISM Manufacturing Prices,Non-economic,58.0,59.0,59.5,2014-09-02 09:00:00
2014-09-02,9:00am,USD,RCM/TIPP Economic Optimism,Non-economic,45.2,46.2,44.5,2014-09-02 09:00:00
2014-09-02,9:01am,NZD,GDT Price Index,High,-6.0%,,-0.6%,2014-09-02 09:01:00
2014-09-02,6:01pm,GBP,BRC Shop Price Index y/y,Non-economic,-1.6%,,-1.9%,2014-09-02 18:01:00
2014-09-02,6:13pm,AUD,AIG Services Index,Non-economic,49.4,,49.3,2014-09-02 18:13:00
2014-09-02,8:00pm,CNY,Non-Manufacturing PMI,High,54.4,,54.2,2014-09-02 20:00:00
2014-09-02,8:30pm,AUD,GDP q/q,High,0.5%,0.4%,1.1%,2014-09-02 20:30:00
2014-09-02,8:45pm,CNY,RatingDog Services PMI,Medium,54.1,,50.0,2014-09-02 20:45:00
2014-09-02,10:20pm,AUD,RBA Gov Stevens Speaks,High,,,,2014-09-02 22:20:00
2014-09-03,2:15am,EUR,Spanish Services PMI,Medium,58.1,55.5,56.2,2014-09-03 02:15:00
2014-09-03,2:45am,EUR,Italian Services PMI,Medium,49.8,51.7,52.8,2014-09-03 02:45:00
2014-09-03,2:50am,EUR,French Final Services PMI,Non-economic,50.3,51.1,51.1,2014-09-03 02:50:00
2014-09-03,2:55am,EUR,German Final Services PMI,Medium,54.9,56.4,56.4,2014-09-03 02:55:00
2014-09-03,3:00am,EUR,Final Services PMI,Non-economic,53.1,53.5,53.5,2014-09-03 03:00:00
2014-09-03,3:30am,GBP,Final Services PMI,High,60.5,58.6,59.1,2014-09-03 03:30:00
2014-09-03,4:00am,EUR,Retail Sales m/m,Medium,-0.4%,-0.3%,0.3%,2014-09-03 04:00:00
2014-09-03,9:00am,CAD,BOC Rate Statement,High,,,,2014-09-03 09:00:00
2014-09-03,9:00am,CAD,Overnight Rate,High,1.00%,1.00%,1.00%,2014-09-03 09:00:00
2014-09-03,9:00am,USD,Factory Orders m/m,Medium,10.5%,10.9%,1.5%,2014-09-03 09:00:00
2014-09-03,All Day,USD,Total Vehicle Sales,Non-economic,17.5M,16.5M,16.5M,2014-09-03 00:00:00
2014-09-03,1:00pm,USD,Beige Book,Medium,,,,2014-09-03 13:00:00
2014-09-03,8:30pm,AUD,Goods Trade Balance,High,-1.36B,-1.77B,-1.56B,2014-09-03 20:30:00
2014-09-03,8:30pm,AUD,Retail Sales m/m,High,0.4%,0.4%,0.6%,2014-09-03 20:30:00
2014-09-03,10:07pm,JPY,Monetary Policy Statement,High,,,,2014-09-03 22:07:00
2014-09-04,1:00am,EUR,German Factory Orders m/m,High,4.6%,1.6%,-2.7%,2014-09-04 01:00:00
2014-09-04,1:31am,JPY,BOJ Press Conference,High,,,,2014-09-04 01:31:00
2014-09-04,3:10am,EUR,Retail PMI,Non-economic,45.8,,47.6,2014-09-04 03:10:00
2014-09-04,3:40am,EUR,Spanish 10-y Bond Auction,Non-economic,2.27|1.8,,2.69|2.1,2014-09-04 03:40:00
2014-09-04,4:00am,EUR,French 10-y Bond Auction,Non-economic,1.32|2.8,,1.77|2.7,2014-09-04 04:00:00
2014-09-04,6:00am,GBP,Asset Purchase Facility,High,375B,375B,375B,2014-09-04 06:00:00
2014-09-04,6:00am,GBP,Official Bank Rate,High,0.50%,0.50%,0.50%,2014-09-04 06:00:00
2014-09-04,6:30am,USD,Challenger Job Cuts y/y,Non-economic,-20.7%,,24.4%,2014-09-04 06:30:00
2014-09-04,6:45am,EUR,Main Refinancing Rate,High,0.05%,0.15%,0.15%,2014-09-04 06:45:00
2014-09-04,7:15am,USD,ADP Non-Farm Employment Change,High,204K,218K,212K,2014-09-04 07:15:00
2014-09-04,7:30am,CAD,Trade Balance,High,2.6B,1.1B,1.8B,2014-09-04 07:30:00
2014-09-04,7:30am,EUR,ECB Press Conference,High,,,,2014-09-04 07:30:00
2014-09-04,7:30am,USD,Trade Balance,High,-40.5B,-42.5B,-40.8B,2014-09-04 07:30:00
2014-09-04,7:30am,USD,Unemployment Claims,High,302K,298K,298K,2014-09-04 07:30:00
2014-09-04,7:30am,USD,Revised Nonfarm Productivity q/q,Medium,2.3%,2.5%,2.5%,2014-09-04 07:30:00
2014-09-04,7:30am,USD,Revised Unit Labor Costs q/q,Non-economic,-0.1%,0.6%,0.6%,2014-09-04 07:30:00
2014-09-04,8:45am,USD,Final Services PMI,Non-economic,59.5,58.5,58.5,2014-09-04 08:45:00
2014-09-04,9:00am,USD,ISM Services PMI,High,59.6,57.3,58.7,2014-09-04 09:00:00
2014-09-04,9:30am,USD,Natural Gas Storage,Non-economic,79B,72B,75B,2014-09-04 09:30:00
2014-09-04,10:00am,USD,Crude Oil Inventories,Medium,-0.9M,-0.9M,-2.1M,2014-09-04 10:00:00
2014-09-04,11:30am,USD,FOMC Member Mester Speaks,Medium,,,,2014-09-04 11:30:00
2014-09-04,6:00pm,USD,FOMC Member Powell Speaks,Medium,,,,2014-09-04 18:00:00
2014-09-04,6:20pm,AUD,AIG Construction Index,Non-economic,55.0,,52.6,2014-09-04 18:20:00
2014-09-04,7:15pm,USD,FOMC Member Fisher Speaks,Medium,,,,2014-09-04 19:15:00
2014-09-04,8:00pm,USD,FOMC Member Kocherlakota Speaks,Medium,,,,2014-09-04 20:00:00
2014-09-05,12:00am,JPY,BOJ Monthly Report,Non-economic,,,,2014-09-05 00:00:00
2014-09-05,12:00am,JPY,Leading Indicators,Non-economic,106.5%,107.2%,105.9%,2014-09-05 00:00:00
2014-09-05,1:00am,EUR,German Industrial Production m/m,Medium,1.9%,0.5%,0.4%,2014-09-05 01:00:00
2014-09-05,2:00am,CHF,Foreign Currency Reserves,Medium,454B,,453B,2014-09-05 02:00:00
2014-09-05,3:30am,GBP,Consumer Inflation Expectations,Non-economic,2.8%,,2.6%,2014-09-05 03:30:00
2014-09-05,4:00am,EUR,Revised GDP q/q,Non-economic,0.0%,0.0%,0.0%,2014-09-05 04:00:00
2014-09-05,7:30am,CAD,Employment Change,High,-11.0K,10.3K,41.7K,2014-09-05 07:30:00
2014-09-05,7:30am,CAD,Unemployment Rate,High,7.0%,7.0%,7.0%,2014-09-05 07:30:00
2014-09-05,7:30am,CAD,Labor Productivity q/q,Medium,1.8%,0.1%,-0.1%,2014-09-05 07:30:00
2014-09-05,7:30am,USD,Non-Farm Employment Change,High,142K,226K,212K,2014-09-05 07:30:00
2014-09-05,7:30am,USD,Unemployment Rate,High,6.1%,6.1%,6.2%,2014-09-05 07:30:00
2014-09-05,7:30am,USD,Average Hourly Earnings m/m,Medium,0.2%,0.2%,0.1%,2014-09-05 07:30:00
2014-09-05,9:00am,CAD,Ivey PMI,High,50.9,55.7,54.1,2014-09-05 09:00:00
2014-09-06,9:15am,USD,FOMC Member Plosser Speaks,Medium,,,,2014-09-06 09:15:00
2014-09-07,5:45pm,NZD,Manufacturing Sales q/q,Non-economic,-1.9%,,0.0%,2014-09-07 17:45:00
2014-09-07,6:50pm,JPY,Current Account,Medium,0.10T,0.18T,0.13T,2014-09-07 18:50:00
2014-09-07,6:50pm,JPY,Final GDP q/q,Medium,-1.8%,-1.8%,-1.7%,2014-09-07 18:50:00
2014-09-07,6:50pm,JPY,Bank Lending y/y,Non-economic,2.2%,,2.2%,2014-09-07 18:50:00
2014-09-07,6:55pm,JPY,Final GDP Price Index y/y,Non-economic,2.0%,2.0%,2.0%,2014-09-07 18:55:00
2014-09-07,All Day,CNY,Bank Holiday,Low,,,,2014-09-07 00:00:00
2014-09-07,8:30pm,AUD,ANZ Job Advertisements m/m,Medium,1.5%,,0.5%,2014-09-07 20:30:00
2014-09-07,9:01pm,CNY,USD-Denominated Trade Balance,High,49.8B,40.8B,47.3B,2014-09-07 21:01:00
2014-09-08,12:00am,JPY,Economy Watchers Sentiment,Non-economic,47.4,52.4,51.3,2014-09-08 00:00:00
2014-09-08,12:45am,CHF,Unemployment Rate,Non-economic,3.2%,3.2%,3.2%,2014-09-08 00:45:00
2014-09-08,1:00am,EUR,German Trade Balance,Medium,22.2B,17.3B,16.4B,2014-09-08 01:00:00
2014-09-08,1:57am,GBP,Halifax HPI m/m,Medium,0.1%,0.2%,1.2%,2014-09-08 01:57:00
2014-09-08,2:15am,CHF,CPI m/m,Medium,0.0%,-0.1%,-0.4%,2014-09-08 02:15:00
2014-09-08,2:15am,CHF,Retail Sales y/y,Medium,-0.6%,3.7%,3.3%,2014-09-08 02:15:00
2014-09-08,3:30am,EUR,Sentix Investor Confidence,Non-economic,-9.8,3.2,2.7,2014-09-08 03:30:00
2014-09-08,7:30am,CAD,Building Permits m/m,High,11.8%,-4.2%,16.4%,2014-09-08 07:30:00
2014-09-08,7:45am,USD,Treasury Sec Lew Speaks,Medium,,,,2014-09-08 07:45:00
2014-09-08,2:00pm,USD,Consumer Credit m/m,Non-economic,26.0B,17.4B,18.8B,2014-09-08 14:00:00
2014-09-08,6:01pm,GBP,BRC Retail Sales Monitor y/y,Non-economic,1.3%,,-0.3%,2014-09-08 18:01:00
2014-09-08,6:50pm,JPY,Monetary Policy Meeting Minutes,Medium,,,,2014-09-08 18:50:00
2014-09-08,6:50pm,JPY,Tertiary Industry Activity m/m,Medium,0.0%,0.3%,0.0%,2014-09-08 18:50:00
2014-09-08,6:50pm,JPY,M2 Money Stock y/y,Non-economic,3.0%,2.9%,3.0%,2014-09-08 18:50:00
2014-09-08,8:30pm,AUD,NAB Business Confidence,High,8,,10,2014-09-08 20:30:00
2014-09-08,8:30pm,AUD,Home Loans m/m,Medium,0.3%,1.1%,0.1%,2014-09-08 20:30:00
2014-09-08,10:45pm,JPY,30-y Bond Auction,Non-economic,1.68|3.6,,1.68|4.1,2014-09-08 22:45:00
2014-09-09,12:00am,JPY,Consumer Confidence,Non-economic,41.2,42.3,41.5,2014-09-09 00:00:00
2014-09-09,12:58am,JPY,Prelim Machine Tool Orders y/y,Non-economic,35.6%,,37.7%,2014-09-09 00:58:00
2014-09-09,1:45am,EUR,French Gov Budget Balance,Non-economic,-84.1B,,-59.4B,2014-09-09 01:45:00
2014-09-09,1:45am,EUR,French Trade Balance,Non-economic,-5.5B,-5.0B,-5.6B,2014-09-09 01:45:00
2014-09-09,3:30am,GBP,Manufacturing Production m/m,High,0.3%,0.3%,0.3%,2014-09-09 03:30:00
2014-09-09,3:30am,GBP,Goods Trade Balance,Medium,-10.2B,-9.1B,-9.4B,2014-09-09 03:30:00
2014-09-09,3:30am,GBP,Industrial Production m/m,Non-economic,0.5%,0.2%,0.3%,2014-09-09 03:30:00
2014-09-09,5:45am,GBP,BOE Gov Carney Speaks,High,,,,2014-09-09 05:45:00
2014-09-09,6:30am,USD,NFIB Small Business Index,Non-economic,96.1,95.9,95.7,2014-09-09 06:30:00
2014-09-09,7:13am,CAD,Housing Starts,Medium,192K,197K,200K,2014-09-09 07:13:00
2014-09-09,8:55am,GBP,NIESR GDP Estimate,Medium,0.6%,,0.5%,2014-09-09 08:55:00
2014-09-09,9:00am,USD,JOLTS Job Openings,Medium,4.67M,4.72M,4.68M,2014-09-09 09:00:00
2014-09-09,9:00am,USD,FOMC Member Tarullo Speaks,Non-economic,,,,2014-09-09 09:00:00
2014-09-09,12:00pm,GBP,MPC Member Haldane Speaks,Medium,,,,2014-09-09 12:00:00
2014-09-09,6:50pm,JPY,Core Machinery Orders m/m,Medium,3.5%,4.1%,8.8%,2014-09-09 18:50:00
2014-09-09,6:50pm,JPY,PPI y/y,Non-economic,3.9%,4.1%,4.3%,2014-09-09 18:50:00
2014-09-09,7:30pm,AUD,Westpac Consumer Sentiment,Medium,-4.6%,,3.8%,2014-09-09 19:30:00
2014-09-10,12:30am,EUR,French Final Private Payrolls q/q,Non-economic,0.1%,0.1%,0.1%,2014-09-10 00:30:00
2014-09-10,1:45am,EUR,French Industrial Production m/m,Medium,0.2%,-0.4%,1.2%,2014-09-10 01:45:00
2014-09-10,4:33am,EUR,German 10-y Bond Auction,Medium,1.05|1.4,,1.08|1.6,2014-09-10 04:33:00
2014-09-10,7:30am,CAD,Capacity Utilization Rate,Non-economic,82.7%,82.8%,82.1%,2014-09-10 07:30:00
2014-09-10,8:45am,GBP,Monetary Policy Report Hearings,High,,,,2014-09-10 08:45:00
2014-09-10,9:00am,USD,Final Wholesale Inventories m/m,Non-economic,0.1%,0.5%,0.2%,2014-09-10 09:00:00
2014-09-10,9:30am,USD,Crude Oil Inventories,Medium,-1.0M,-1.0M,-0.9M,2014-09-10 09:30:00
2014-09-10,12:01pm,USD,10-y Bond Auction,Medium,2.54|2.7,,2.44|2.8,2014-09-10 12:01:00
2014-09-10,4:00pm,NZD,Official Cash Rate,High,3.50%,3.50%,3.50%,2014-09-10 16:00:00
2014-09-10,4:00pm,NZD,RBNZ Monetary Policy Statement,High,,,,2014-09-10 16:00:00
2014-09-10,4:00pm,NZD,RBNZ Press Conference,High,,,,2014-09-10 16:00:00
2014-09-10,4:00pm,NZD,RBNZ Rate Statement,High,,,,2014-09-10 16:00:00
2014-09-10,6:01pm,GBP,RICS House Price Balance,Non-economic,40%,47%,48%,2014-09-10 18:01:00
2014-09-10,6:50pm,JPY,BSI Manufacturing Index,Medium,12.7,-10.3,-13.9,2014-09-10 18:50:00
2014-09-10,8:00pm,AUD,MI Inflation Expectations,Medium,3.5%,,3.1%,2014-09-10 20:00:00
2014-09-10,8:00pm,USD,President Obama Speaks,Non-economic,,,,2014-09-10 20:00:00
2014-09-10,8:30pm,AUD,Employment Change,High,121.0K,15.2K,-4.1K,2014-09-10 20:30:00
2014-09-10,8:30pm,AUD,Unemployment Rate,High,6.1%,6.3%,6.4%,2014-09-10 20:30:00
2014-09-10,8:30pm,CNY,CPI y/y,High,2.0%,2.2%,2.3%,2014-09-10 20:30:00
2014-09-10,8:30pm,CNY,PPI y/y,Medium,-1.2%,-1.1%,-0.9%,2014-09-10 20:30:00
2014-09-11,1:00am,EUR,German Final CPI m/m,Non-economic,0.0%,0.0%,0.0%,2014-09-11 01:00:00
2014-09-11,1:45am,EUR,French Final CPI m/m,Non-economic,0.4%,0.4%,-0.3%,2014-09-11 01:45:00
2014-09-11,3:00am,EUR,ECB Monthly Bulletin,Medium,,,,2014-09-11 03:00:00
2014-09-11,4:34am,GBP,30-y Bond Auction,Non-economic,3.17|2.0,,3.53|1.8,2014-09-11 04:34:00
2014-09-11,7:30am,CAD,NHPI m/m,Medium,0.0%,0.2%,0.2%,2014-09-11 07:30:00
2014-09-11,7:30am,USD,Unemployment Claims,High,315K,306K,304K,2014-09-11 07:30:00
2014-09-11,9:30am,USD,Natural Gas Storage,Non-economic,92B,84B,79B,2014-09-11 09:30:00
2014-09-11,12:01pm,USD,30-y Bond Auction,Non-economic,3.24|2.7,,3.22|2.6,2014-09-11 12:01:00
2014-09-11,1:00pm,USD,Federal Budget Balance,Non-economic,-128.7B,-132.8B,-94.6B,2014-09-11 13:00:00
2014-09-11,2:00pm,EUR,ECB President Draghi Speaks,High,,,,2014-09-11 14:00:00
2014-09-11,5:30pm,NZD,BusinessNZ Manufacturing Index,Medium,56.5,,53.5,2014-09-11 17:30:00
2014-09-11,5:45pm,NZD,FPI m/m,Non-economic,0.3%,,-0.7%,2014-09-11 17:45:00
2014-09-11,6:15pm,NZD,REINZ HPI m/m,Non-economic,1.1%,,-0.7%,2014-09-11 18:15:00
2014-09-11,9:02pm,CNY,New Loans,Medium,703B,710B,385B,2014-09-11 21:02:00
2014-09-11,9:02pm,CNY,M2 Money Supply y/y,Non-economic,12.8%,13.5%,13.5%,2014-09-11 21:02:00
2014-09-11,11:30pm,JPY,Revised Industrial Production m/m,Non-economic,0.4%,0.2%,0.2%,2014-09-11 23:30:00
2014-09-12,1:00am,EUR,German WPI m/m,Non-economic,-0.2%,0.2%,0.1%,2014-09-12 01:00:00
2014-09-12,1:05am,JPY,BOJ Gov Kuroda Speaks,High,,,,2014-09-12 01:05:00
2014-09-12,3:00am,EUR,Italian Industrial Production m/m,Non-economic,-1.0%,-0.1%,0.8%,2014-09-12 03:00:00
2014-09-12,3:30am,GBP,Construction Output m/m,Medium,0.0%,0.7%,1.2%,2014-09-12 03:30:00
2014-09-12,4:00am,EUR,Industrial Production m/m,Medium,1.0%,0.6%,-0.3%,2014-09-12 04:00:00
2014-09-12,4:00am,EUR,Final Employment Change q/q,Non-economic,0.2%,0.1%,0.1%,2014-09-12 04:00:00
2014-09-12,4:00am,GBP,CB Leading Index m/m,Non-economic,0.1%,,0.6%,2014-09-12 04:00:00
2014-09-12,All Day,EUR,Eurogroup Meetings,Medium,,,,2014-09-12 00:00:00
2014-09-12,7:30am,USD,Core Retail Sales m/m,High,0.3%,0.2%,0.3%,2014-09-12 07:30:00
2014-09-12,7:30am,USD,Retail Sales m/m,High,0.6%,0.3%,0.3%,2014-09-12 07:30:00
2014-09-12,7:30am,USD,Import Prices m/m,Medium,-0.9%,-0.8%,-0.3%,2014-09-12 07:30:00
2014-09-12,8:55am,USD,Prelim UoM Consumer Sentiment,High,84.6,83.2,82.5,2014-09-12 08:55:00
2014-09-12,8:55am,USD,Prelim UoM Inflation Expectations,Non-economic,3.0%,,3.2%,2014-09-12 08:55:00
2014-09-12,9:00am,USD,Business Inventories m/m,Medium,0.4%,0.5%,0.4%,2014-09-12 09:00:00
2014-09-13,12:30am,CNY,Industrial Production y/y,High,6.9%,8.8%,9.0%,2014-09-13 00:30:00
2014-09-13,12:30am,CNY,Fixed Asset Investment ytd/y,Medium,16.5%,16.9%,17.0%,2014-09-13 00:30:00
2014-09-13,12:30am,CNY,Retail Sales y/y,Non-economic,11.9%,12.1%,12.2%,2014-09-13 00:30:00
2014-09-13,All Day,EUR,ECOFIN Meetings,Medium,,,,2014-09-13 00:00:00
2014-09-14,5:30pm,NZD,BusinessNZ Services Index,Non-economic,57.9,,58.9,2014-09-14 17:30:00
2014-09-14,6:01pm,GBP,Rightmove HPI m/m,Non-economic,0.9%,,-2.9%,2014-09-14 18:01:00
2014-09-14,All Day,JPY,Bank Holiday,Low,,,,2014-09-14 00:00:00
2014-09-14,8:30pm,AUD,New Motor Vehicle Sales m/m,Medium,-1.8%,,-1.5%,2014-09-14 20:30:00
2014-09-15,2:15am,CHF,PPI m/m,Medium,-0.2%,0.2%,0.0%,2014-09-15 02:15:00
2014-09-15,4:00am,EUR,Trade Balance,Non-economic,12.2B,15.9B,13.8B,2014-09-15 04:00:00
2014-09-15,7:30am,USD,Empire State Manufacturing Index,Medium,27.5,16.4,14.7,2014-09-15 07:30:00
2014-09-15,8:15am,USD,Capacity Utilization Rate,Medium,78.8%,79.3%,79.1%,2014-09-15 08:15:00
2014-09-15,8:15am,USD,Industrial Production m/m,Medium,-0.1%,0.4%,0.2%,2014-09-15 08:15:00
2014-09-15,7:00pm,AUD,RBA Assist Gov Kent Speaks,Medium,,,,2014-09-15 19:00:00
2014-09-15,8:30pm,AUD,Monetary Policy Meeting Minutes,High,,,,2014-09-15 20:30:00
2014-09-15,9:18pm,CNY,Foreign Direct Investment ytd/y,Non-economic,-1.8%,,-0.4%,2014-09-15 21:18:00
2014-09-16,12:30am,JPY,BOJ Gov Kuroda Speaks,High,,,,2014-09-16 00:30:00
2014-09-16,3:30am,GBP,CPI y/y,High,1.5%,1.5%,1.6%,2014-09-16 03:30:00
2014-09-16,3:30am,GBP,PPI Input m/m,Medium,-0.6%,0.1%,-1.7%,2014-09-16 03:30:00
2014-09-16,3:30am,GBP,RPI y/y,Medium,2.4%,2.5%,2.5%,2014-09-16 03:30:00
2014-09-16,3:30am,GBP,Core CPI y/y,Non-economic,1.9%,1.8%,1.8%,2014-09-16 03:30:00
2014-09-16,3:30am,GBP,ONS HPI y/y,Non-economic,11.7%,10.6%,10.2%,2014-09-16 03:30:00
2014-09-16,3:30am,GBP,PPI Output m/m,Non-economic,-0.1%,-0.1%,-0.1%,2014-09-16 03:30:00
2014-09-16,4:00am,EUR,German ZEW Economic Sentiment,High,6.9,5.2,8.6,2014-09-16 04:00:00
2014-09-16,4:00am,EUR,ZEW Economic Sentiment,Medium,14.2,21.3,23.7,2014-09-16 04:00:00
2014-09-16,7:30am,CAD,Manufacturing Sales m/m,High,2.5%,1.1%,0.9%,2014-09-16 07:30:00
2014-09-16,7:30am,USD,PPI m/m,High,0.0%,0.1%,0.1%,2014-09-16 07:30:00
2014-09-16,7:30am,USD,Core PPI m/m,Medium,0.1%,0.1%,0.2%,2014-09-16 07:30:00
2014-09-16,9:25am,NZD,GDT Price Index,High,0.0%,,-6.0%,2014-09-16 09:25:00
2014-09-16,11:45am,CAD,BOC Gov Poloz Speaks,High,,,,2014-09-16 11:45:00
2014-09-16,3:00pm,USD,TIC Long-Term Purchases,Medium,-18.6B,24.3B,-18.7B,2014-09-16 15:00:00
2014-09-16,5:45pm,NZD,Current Account,High,-1.07B,-1.04B,1.47B,2014-09-16 17:45:00
2014-09-16,7:30pm,AUD,MI Leading Index m/m,Non-economic,-0.1%,,-0.1%,2014-09-16 19:30:00
2014-09-17,Jun Data,EUR,Italian Trade Balance,Non-economic,3.24B,2.47B,3.72B,2014-09-17 00:00:00
2014-09-17,3:00am,EUR,Italian Trade Balance,Non-economic,6.86B,1.33B,3.24B,2014-09-17 03:00:00
2014-09-17,3:30am,GBP,Average Earnings Index 3m/y,High,0.6%,0.5%,-0.1%,2014-09-17 03:30:00
2014-09-17,3:30am,GBP,Claimant Count Change,High,-37.2K,-29.7K,-37.4K,2014-09-17 03:30:00
2014-09-17,3:30am,GBP,MPC Asset Purchase Facility Votes,High,0-0-9,0-0-9,0-0-9,2014-09-17 03:30:00
2014-09-17,3:30am,GBP,MPC Official Bank Rate Votes,High,2-0-7,2-0-7,2-0-7,2014-09-17 03:30:00
2014-09-17,3:30am,GBP,Unemployment Rate,Medium,6.2%,6.3%,6.4%,2014-09-17 03:30:00
2014-09-17,4:00am,CHF,UBS Economic Expectations,Non-economic,-7.7,,2.5,2014-09-17 04:00:00
2014-09-17,4:00am,EUR,Final CPI y/y,Medium,0.4%,0.3%,0.3%,2014-09-17 04:00:00
2014-09-17,4:00am,EUR,Final Core CPI y/y,Non-economic,0.9%,0.9%,0.9%,2014-09-17 04:00:00
2014-09-17,7:30am,USD,Core CPI m/m,High,0.0%,0.2%,0.1%,2014-09-17 07:30:00
2014-09-17,7:30am,USD,CPI m/m,High,-0.2%,0.1%,0.1%,2014-09-17 07:30:00
2014-09-17,7:30am,USD,CPI y/y,High,1.7%,1.9%,2.0%,2014-09-17 07:30:00
2014-09-17,7:30am,USD,Current Account,Medium,-99B,-114B,-102B,2014-09-17 07:30:00
2014-09-17,9:00am,USD,NAHB Housing Market Index,Medium,59,56,55,2014-09-17 09:00:00
2014-09-17,9:30am,USD,Crude Oil Inventories,Medium,3.7M,-0.9M,-1.0M,2014-09-17 09:30:00
2014-09-17,1:00pm,USD,Federal Funds Rate,High,<0.25%,<0.25%,<0.25%,2014-09-17 13:00:00
2014-09-17,1:00pm,USD,FOMC Economic Projections,High,,,,2014-09-17 13:00:00
2014-09-17,1:00pm,USD,FOMC Statement,High,,,,2014-09-17 13:00:00
2014-09-17,1:30pm,USD,FOMC Press Conference,High,,,,2014-09-17 13:30:00
2014-09-17,5:45pm,NZD,GDP q/q,High,0.7%,0.6%,1.0%,2014-09-17 17:45:00
2014-09-17,6:50pm,JPY,Trade Balance,Medium,-0.92T,-0.99T,-1.02T,2014-09-17 18:50:00
2014-09-17,8:30pm,AUD,RBA Bulletin,Non-economic,,,,2014-09-17 20:30:00
2014-09-18,1:00am,CHF,Trade Balance,Medium,1.39B,2.56B,3.90B,2014-09-18 01:00:00
2014-09-18,1:35am,JPY,BOJ Gov Kuroda Speaks,High,,,,2014-09-18 01:35:00
2014-09-18,2:30am,CHF,Libor Rate,High,<0.25%,<0.25%,<0.25%,2014-09-18 02:30:00
2014-09-18,2:30am,CHF,SNB Monetary Policy Assessment,High,,,,2014-09-18 02:30:00
2014-09-18,3:30am,GBP,Retail Sales m/m,High,0.4%,0.4%,0.0%,2014-09-18 03:30:00
2014-09-18,4:20am,EUR,Long Term Refinancing Operation,High,82.6B,,530B,2014-09-18 04:20:00
2014-09-18,5:00am,GBP,CBI Industrial Order Expectations,Medium,-4,9,11,2014-09-18 05:00:00
2014-09-18,All Day,GBP,Scottish Independence Vote,High,No,No,,2014-09-18 00:00:00
2014-09-18,7:30am,CAD,Foreign Securities Purchases,Medium,5.30B,2.47B,-1.08B,2014-09-18 07:30:00
2014-09-18,7:30am,USD,Building Permits,High,1.00M,1.04M,1.06M,2014-09-18 07:30:00
2014-09-18,7:30am,USD,Unemployment Claims,High,280K,312K,316K,2014-09-18 07:30:00
2014-09-18,7:30am,USD,Housing Starts,Medium,0.96M,1.04M,1.12M,2014-09-18 07:30:00
2014-09-18,7:45am,USD,Fed Chair Yellen Speaks,High,,,,2014-09-18 07:45:00
2014-09-18,9:00am,USD,Philly Fed Manufacturing Index,High,22.5,22.8,28.0,2014-09-18 09:00:00
2014-09-18,9:30am,USD,Natural Gas Storage,Non-economic,90B,91B,92B,2014-09-18 09:30:00
2014-09-18,5:45pm,NZD,Visitor Arrivals m/m,Non-economic,-3.0%,,-0.6%,2014-09-18 17:45:00
2014-09-18,10:00pm,NZD,Credit Card Spending y/y,Non-economic,4.2%,,4.5%,2014-09-18 22:00:00
2014-09-18,11:30pm,JPY,All Industries Activity m/m,Non-economic,-0.2%,0.4%,-0.3%,2014-09-18 23:30:00
2014-09-19,1:00am,EUR,German PPI m/m,Non-economic,-0.1%,-0.1%,-0.1%,2014-09-19 01:00:00
2014-09-19,3:00am,EUR,Current Account,Non-economic,18.7B,14.3B,18.6B,2014-09-19 03:00:00
2014-09-19,7:30am,CAD,Core CPI m/m,High,0.5%,0.2%,-0.1%,2014-09-19 07:30:00
2014-09-19,7:30am,CAD,Wholesale Sales m/m,High,-0.3%,0.8%,0.8%,2014-09-19 07:30:00
2014-09-19,7:30am,CAD,CPI m/m,Medium,0.0%,-0.1%,-0.2%,2014-09-19 07:30:00
2014-09-19,9:00am,USD,CB Leading Index m/m,Non-economic,0.2%,0.4%,1.1%,2014-09-19 09:00:00
2014-09-19,All Day,NZD,Parliamentary Elections,Non-economic,,,,2014-09-19 00:00:00
2014-09-19,Day 1,All,G20 Meetings,High,,,,2014-09-19 00:00:00
2014-09-20,Day 2,All,G20 Meetings,High,,,,2014-09-20 00:00:00
2014-09-21,4:55pm,NZD,Westpac Consumer Sentiment,Non-economic,116.7,,121.2,2014-09-21 16:55:00
2014-09-22,5:00am,EUR,German Buba Monthly Report,Medium,,,,2014-09-22 05:00:00
2014-09-22,8:00am,EUR,ECB President Draghi Speaks,High,,,,2014-09-22 08:00:00
2014-09-22,9:00am,EUR,Consumer Confidence,Non-economic,-11,-11,-10,2014-09-22 09:00:00
2014-09-22,9:00am,USD,FOMC Member Dudley Speaks,High,,,,2014-09-22 09:00:00
2014-09-22,9:00am,USD,Existing Home Sales,Medium,5.05M,5.21M,5.14M,2014-09-22 09:00:00
2014-09-22,12:00pm,CAD,Gov Council Member Wilkins Speaks,Medium,,,,2014-09-22 12:00:00
2014-09-22,6:30pm,USD,FOMC Member Kocherlakota Speaks,Medium,,,,2014-09-22 18:30:00
2014-09-22,All Day,JPY,Bank Holiday,Low,,,,2014-09-22 00:00:00
2014-09-22,8:45pm,CNY,Caixin Flash Manufacturing PMI,High,50.5,50.0,50.2,2014-09-22 20:45:00
2014-09-23,2:00am,EUR,French Flash Manufacturing PMI,High,48.8,47.1,46.9,2014-09-23 02:00:00
2014-09-23,2:00am,EUR,French Flash Services PMI,Medium,49.4,50.2,50.3,2014-09-23 02:00:00
2014-09-23,2:30am,EUR,German Flash Manufacturing PMI,High,50.3,51.3,51.4,2014-09-23 02:30:00
2014-09-23,2:30am,EUR,German Flash Services PMI,Medium,55.4,54.6,54.9,2014-09-23 02:30:00
2014-09-23,3:00am,EUR,Flash Manufacturing PMI,Medium,50.5,50.6,50.7,2014-09-23 03:00:00
2014-09-23,3:00am,EUR,Flash Services PMI,Medium,52.8,53.2,53.1,2014-09-23 03:00:00
2014-09-23,3:30am,GBP,High Street Lending,Medium,41.6K,42.9K,42.7K,2014-09-23 03:30:00
2014-09-23,3:30am,GBP,Public Sector Net Borrowing,Medium,10.9B,10.3B,-0.5B,2014-09-23 03:30:00
2014-09-23,7:30am,CAD,Core Retail Sales m/m,High,-0.6%,-0.1%,1.5%,2014-09-23 07:30:00
2014-09-23,7:30am,CAD,Retail Sales m/m,Medium,-0.1%,0.4%,1.2%,2014-09-23 07:30:00
2014-09-23,8:00am,USD,HPI m/m,Non-economic,0.1%,0.4%,0.3%,2014-09-23 08:00:00
2014-09-23,8:20am,USD,FOMC Member Powell Speaks,Medium,,,,2014-09-23 08:20:00
2014-09-23,8:45am,USD,Flash Manufacturing PMI,Non-economic,57.9,58.1,57.9,2014-09-23 08:45:00
2014-09-23,8:59am,USD,Richmond Manufacturing Index,Non-economic,14,10,12,2014-09-23 08:59:00
2014-09-23,1:00pm,USD,FOMC Member Kocherlakota Speaks,Medium,,,,2014-09-23 13:00:00
2014-09-23,5:45pm,NZD,Trade Balance,High,-472M,-1125M,-724M,2014-09-23 17:45:00
2014-09-23,7:00pm,AUD,CB Leading Index m/m,Medium,0.5%,,0.2%,2014-09-23 19:00:00
2014-09-23,8:30pm,AUD,RBA Financial Stability Review,Medium,,,,2014-09-23 20:30:00
2014-09-23,8:35pm,JPY,Flash Manufacturing PMI,Non-economic,51.7,52.5,52.2,2014-09-23 20:35:00
2014-09-24,1:00am,CHF,UBS Consumption Indicator,Non-economic,1.35,,1.67,2014-09-24 01:00:00
2014-09-24,3:00am,EUR,German ifo Business Climate,High,104.7,105.9,106.3,2014-09-24 03:00:00
2014-09-24,8:00am,CHF,SNB Quarterly Bulletin,Non-economic,,,,2014-09-24 08:00:00
2014-09-24,8:00am,EUR,Belgian NBB Business Climate,Non-economic,-7.2,-7.1,-7.3,2014-09-24 08:00:00
2014-09-24,9:00am,USD,New Home Sales,High,504K,432K,427K,2014-09-24 09:00:00
2014-09-24,9:30am,USD,Crude Oil Inventories,Medium,-4.3M,0.7M,3.7M,2014-09-24 09:30:00
2014-09-24,11:05am,USD,FOMC Member Mester Speaks,Medium,,,,2014-09-24 11:05:00
2014-09-24,6:50pm,JPY,SPPI y/y,Non-economic,3.5%,3.7%,3.4%,2014-09-24 18:50:00
2014-09-24,9:30pm,AUD,RBA Gov Stevens Speaks,High,,,,2014-09-24 21:30:00
2014-09-25,2:20am,EUR,ECB President Draghi Speaks,High,,,,2014-09-25 02:20:00
2014-09-25,3:00am,EUR,M3 Money Supply y/y,Medium,2.0%,1.9%,1.8%,2014-09-25 03:00:00
2014-09-25,3:00am,EUR,Private Loans y/y,Medium,-1.5%,-1.5%,-1.6%,2014-09-25 03:00:00
2014-09-25,5:00am,EUR,Italian Retail Sales m/m,Non-economic,-0.1%,0.2%,-0.1%,2014-09-25 05:00:00
2014-09-25,5:00am,GBP,CBI Realized Sales,Medium,31,34,37,2014-09-25 05:00:00
2014-09-25,7:30am,USD,Core Durable Goods Orders m/m,High,0.7%,0.7%,-0.7%,2014-09-25 07:30:00
2014-09-25,7:30am,USD,Durable Goods Orders m/m,High,-18.2%,-17.7%,22.6%,2014-09-25 07:30:00
2014-09-25,7:30am,USD,Unemployment Claims,High,293K,294K,281K,2014-09-25 07:30:00
2014-09-25,7:40am,GBP,BOE Gov Carney Speaks,High,,,,2014-09-25 07:40:00
2014-09-25,8:45am,USD,Flash Services PMI,Non-economic,58.5,59.4,59.5,2014-09-25 08:45:00
2014-09-25,9:30am,USD,Natural Gas Storage,Non-economic,97B,98B,90B,2014-09-25 09:30:00
2014-09-25,6:30pm,JPY,Tokyo Core CPI y/y,Medium,2.6%,2.7%,2.7%,2014-09-25 18:30:00
2014-09-25,6:30pm,JPY,National Core CPI y/y,Non-economic,3.1%,3.2%,3.3%,2014-09-25 18:30:00
2014-09-25,9:00pm,CNY,CB Leading Index m/m,Non-economic,0.7%,,1.2%,2014-09-25 21:00:00
2014-09-26,1:00am,EUR,German GfK Consumer Climate,Medium,8.3,8.5,8.6,2014-09-26 01:00:00
2014-09-26,1:00am,EUR,German Import Prices m/m,Non-economic,-0.1%,-0.2%,-0.4%,2014-09-26 01:00:00
2014-09-26,7:30am,USD,Final GDP q/q,High,4.6%,4.6%,4.2%,2014-09-26 07:30:00
2014-09-26,7:30am,USD,Final GDP Price Index q/q,Non-economic,2.1%,2.1%,2.1%,2014-09-26 07:30:00
2014-09-26,8:55am,USD,Revised UoM Consumer Sentiment,Medium,84.6,85.1,84.6,2014-09-26 08:55:00
2014-09-26,8:55am,USD,Revised UoM Inflation Expectations,Non-economic,3.0%,,3.0%,2014-09-26 08:55:00
2014-09-27,9:00am,NZD,Daylight Saving Time Shift,Low,,,,2014-09-27 09:00:00
2014-09-29,All Day,EUR,German Prelim CPI m/m,High,0.0%,-0.1%,0.0%,2014-09-29 00:00:00
2014-09-29,2:00am,EUR,Spanish Flash CPI y/y,Medium,-0.2%,-0.3%,-0.5%,2014-09-29 02:00:00
2014-09-29,3:30am,GBP,Net Lending to Individuals m/m,Medium,3.2B,3.1B,3.4B,2014-09-29 03:30:00
2014-09-29,3:30am,GBP,M4 Money Supply m/m,Non-economic,0.3%,0.4%,0.2%,2014-09-29 03:30:00
2014-09-29,3:30am,GBP,Mortgage Approvals,Non-economic,64K,66K,66K,2014-09-29 03:30:00
2014-09-29,4:21am,EUR,Italian 10-y Bond Auction,Medium,2.45|1.3,,2.39|1.3,2014-09-29 04:21:00
2014-09-29,7:30am,USD,Core PCE Price Index m/m,Medium,0.1%,0.0%,0.1%,2014-09-29 07:30:00
2014-09-29,7:30am,USD,Personal Spending m/m,Medium,0.5%,0.5%,0.0%,2014-09-29 07:30:00
2014-09-29,7:30am,USD,Personal Income m/m,Non-economic,0.3%,0.3%,0.2%,2014-09-29 07:30:00
2014-09-29,9:00am,USD,Pending Home Sales m/m,Medium,-1.0%,-0.4%,3.2%,2014-09-29 09:00:00
2014-09-29,4:45pm,NZD,Building Consents m/m,Medium,0.0%,,-1.7%,2014-09-29 16:45:00
2014-09-29,6:05pm,GBP,GfK Consumer Confidence,Non-economic,-1,0,1,2014-09-29 18:05:00
2014-09-29,6:30pm,JPY,Household Spending y/y,Medium,-4.7%,-3.5%,-5.9%,2014-09-29 18:30:00
2014-09-29,6:30pm,JPY,Unemployment Rate,Non-economic,3.5%,3.8%,3.8%,2014-09-29 18:30:00
2014-09-29,6:50pm,JPY,Prelim Industrial Production m/m,Medium,-1.5%,0.2%,0.4%,2014-09-29 18:50:00
2014-09-29,6:50pm,JPY,Retail Sales y/y,Medium,1.2%,0.4%,0.6%,2014-09-29 18:50:00
2014-09-29,7:00pm,NZD,ANZ Business Confidence,High,13.4,,24.4,2014-09-29 19:00:00
2014-09-29,8:30pm,AUD,Private Sector Credit m/m,Non-economic,0.4%,0.5%,0.4%,2014-09-29 20:30:00
2014-09-29,8:30pm,JPY,Average Cash Earnings y/y,Medium,1.4%,1.1%,2.4%,2014-09-29 20:30:00
2014-09-29,8:45pm,CNY,RatingDog Manufacturing PMI,High,50.2,50.5,50.5,2014-09-29 20:45:00
2014-09-30,12:00am,JPY,Housing Starts y/y,Non-economic,-12.5%,-13.9%,-14.1%,2014-09-30 00:00:00
2014-09-30,1:00am,EUR,German Retail Sales m/m,Medium,2.5%,0.6%,-1.1%,2014-09-30 01:00:00
2014-09-30,1:00am,GBP,Nationwide HPI m/m,Medium,-0.2%,0.6%,0.8%,2014-09-30 01:00:00
2014-09-30,Jul Data,EUR,French Consumer Spending m/m,Non-economic,-0.7%,-0.3%,0.8%,2014-09-30 00:00:00
2014-09-30,1:45am,EUR,French Consumer Spending m/m,Medium,0.7%,-0.2%,-0.7%,2014-09-30 01:45:00
2014-09-30,2:00am,CHF,KOF Economic Barometer,Medium,99.1,99.1,99.6,2014-09-30 02:00:00
2014-09-30,2:55am,EUR,German Unemployment Change,Medium,12K,-2K,3K,2014-09-30 02:55:00
2014-09-30,3:00am,EUR,Italian Monthly Unemployment Rate,Non-economic,12.3%,12.6%,12.6%,2014-09-30 03:00:00
2014-09-30,3:30am,GBP,Current Account,High,-23.1B,-16.9B,-20.5B,2014-09-30 03:30:00
2014-09-30,3:30am,GBP,Final GDP q/q,Medium,0.9%,0.8%,0.8%,2014-09-30 03:30:00
2014-09-30,3:30am,GBP,Index of Services 3m/3m,Non-economic,1.0%,1.0%,1.1%,2014-09-30 03:30:00
2014-09-30,3:30am,GBP,Revised Business Investment q/q,Non-economic,3.3%,4.0%,5.0%,2014-09-30 03:30:00
2014-09-30,4:00am,EUR,CPI Flash Estimate y/y,High,0.3%,0.3%,0.4%,2014-09-30 04:00:00
2014-09-30,4:00am,EUR,Core CPI Flash Estimate y/y,Medium,0.7%,0.9%,0.9%,2014-09-30 04:00:00
2014-09-30,4:00am,EUR,Unemployment Rate,Medium,11.5%,11.5%,11.5%,2014-09-30 04:00:00
2014-09-30,4:00am,EUR,Italian Prelim CPI m/m,Non-economic,-0.3%,-0.3%,0.2%,2014-09-30 04:00:00
2014-09-30,7:30am,CAD,GDP m/m,High,0.0%,0.2%,0.3%,2014-09-30 07:30:00
2014-09-30,7:30am,CAD,RMPI m/m,Medium,-2.2%,-1.7%,-1.4%,2014-09-30 07:30:00
2014-09-30,7:30am,CAD,IPPI m/m,Non-economic,0.2%,-0.2%,-0.3%,2014-09-30 07:30:00
2014-09-30,8:00am,USD,S&P/CS Composite-20 HPI y/y,Non-economic,6.7%,7.5%,8.1%,2014-09-30 08:00:00
2014-09-30,8:45am,USD,Chicago PMI,Medium,60.5,61.6,64.3,2014-09-30 08:45:00
2014-09-30,9:00am,USD,CB Consumer Confidence,High,86.0,92.2,93.4,2014-09-30 09:00:00
2014-09-30,12:30pm,GBP,MPC Member Miles Speaks,Medium,,,,2014-09-30 12:30:00
2014-09-30,6:30pm,AUD,AIG Manufacturing Index,Non-economic,46.5,,47.3,2014-09-30 18:30:00
2014-09-30,6:50pm,JPY,Tankan Manufacturing Index,Medium,13,10,12,2014-09-30 18:50:00
2014-09-30,6:50pm,JPY,Tankan Non-Manufacturing Index,Medium,13,17,19,2014-09-30 18:50:00
2014-09-30,All Day,CNY,Bank Holiday,Low,,,,2014-09-30 00:00:00
2014-09-30,7:59pm,CNY,Manufacturing PMI,High,51.1,51.1,51.1,2014-09-30 19:59:00
2014-09-30,8:30pm,AUD,Retail Sales m/m,High,0.1%,0.4%,0.4%,2014-09-30 20:30:00
2014-09-30,8:35pm,JPY,Final Manufacturing PMI,Non-economic,51.7,51.7,51.7,2014-09-30 20:35:00
2014-10-01,1:30am,AUD,Commodity Prices y/y,Non-economic,-16.8%,,-14.0%,2014-10-01 01:30:00
2014-10-01,2:15am,EUR,Spanish Manufacturing PMI,Medium,52.6,52.3,52.8,2014-10-01 02:15:00
2014-10-01,2:30am,CHF,Manufacturing PMI,Non-economic,50.4,52.1,52.9,2014-10-01 02:30:00
2014-10-01,2:45am,EUR,Italian Manufacturing PMI,Medium,50.7,49.4,49.8,2014-10-01 02:45:00
2014-10-01,2:50am,EUR,French Final Manufacturing PMI,Non-economic,48.8,48.8,48.8,2014-10-01 02:50:00
2014-10-01,2:55am,EUR,German Final Manufacturing PMI,Medium,49.9,50.3,50.3,2014-10-01 02:55:00
2014-10-01,3:00am,EUR,Final Manufacturing PMI,Non-economic,50.3,50.5,50.5,2014-10-01 03:00:00
2014-10-01,3:30am,GBP,Final Manufacturing PMI,High,51.6,52.6,52.2,2014-10-01 03:30:00
2014-10-01,4:33am,EUR,German 10-y Bond Auction,Medium,0.93|1.1,,1.05|1.4,2014-10-01 04:33:00
2014-10-01,7:15am,USD,ADP Non-Farm Employment Change,High,213K,207K,202K,2014-10-01 07:15:00
2014-10-01,8:30am,CAD,Manufacturing PMI,Non-economic,53.5,,54.8,2014-10-01 08:30:00
2014-10-01,8:45am,USD,Final Manufacturing PMI,Non-economic,57.5,58.0,57.9,2014-10-01 08:45:00
2014-10-01,9:00am,USD,ISM Manufacturing PMI,High,56.6,58.6,59.0,2014-10-01 09:00:00
2014-10-01,9:00am,USD,Construction Spending m/m,Non-economic,-0.8%,0.5%,1.2%,2014-10-01 09:00:00
2014-10-01,9:00am,USD,ISM Manufacturing Prices,Non-economic,59.5,56.8,58.0,2014-10-01 09:00:00
2014-10-01,9:30am,USD,Crude Oil Inventories,Medium,-1.4M,0.6M,-4.3M,2014-10-01 09:30:00
2014-10-01,9:48am,NZD,GDT Price Index,High,-7.3%,,0.0%,2014-10-01 09:48:00
2014-10-01,All Day,USD,Total Vehicle Sales,Non-economic,16.4M,16.9M,17.5M,2014-10-01 00:00:00
2014-10-01,12:30pm,GBP,MPC Member Forbes Speaks,Medium,,,,2014-10-01 12:30:00
2014-10-01,6:50pm,JPY,Monetary Base y/y,Non-economic,35.3%,38.9%,40.5%,2014-10-01 18:50:00
2014-10-01,7:00pm,NZD,ANZ Commodity Prices m/m,Non-economic,-1.3%,,-3.3%,2014-10-01 19:00:00
2014-10-01,All Day,CNY,Bank Holiday,Low,,,,2014-10-01 00:00:00
2014-10-01,8:30pm,AUD,Building Approvals m/m,High,3.0%,1.1%,2.1%,2014-10-01 20:30:00
2014-10-01,8:30pm,AUD,Goods Trade Balance,High,-0.79B,-0.75B,-1.08B,2014-10-01 20:30:00
2014-10-01,10:45pm,JPY,10-y Bond Auction,Non-economic,0.52|3.5,,0.52|3.6,2014-10-01 22:45:00
2014-10-02,12:15am,AUD,RBA Annual Report,Non-economic,,,,2014-10-02 00:15:00
2014-10-02,2:00am,EUR,Spanish Unemployment Change,Medium,19.7K,31.3K,8.1K,2014-10-02 02:00:00
2014-10-02,3:30am,GBP,Construction PMI,High,64.2,63.7,64.0,2014-10-02 03:30:00
2014-10-02,3:30am,GBP,FPC Statement,Medium,,,,2014-10-02 03:30:00
2014-10-02,3:42am,EUR,Spanish 10-y Bond Auction,Non-economic,2.08|1.5,,2.27|1.8,2014-10-02 03:42:00
2014-10-02,3:58am,EUR,French 10-y Bond Auction,Non-economic,1.23|2.0,,1.32|2.8,2014-10-02 03:58:00
2014-10-02,4:00am,EUR,PPI m/m,Non-economic,-0.1%,-0.2%,-0.2%,2014-10-02 04:00:00
2014-10-02,6:30am,USD,Challenger Job Cuts y/y,Non-economic,-24.4%,,-20.7%,2014-10-02 06:30:00
2014-10-02,6:45am,EUR,Main Refinancing Rate,High,0.05%,0.05%,0.05%,2014-10-02 06:45:00
2014-10-02,7:30am,EUR,ECB Press Conference,High,,,,2014-10-02 07:30:00
2014-10-02,7:30am,USD,Unemployment Claims,High,287K,299K,295K,2014-10-02 07:30:00
2014-10-02,9:00am,USD,Factory Orders m/m,Medium,-10.1%,-9.4%,10.5%,2014-10-02 09:00:00
2014-10-02,9:30am,USD,Natural Gas Storage,Non-economic,112B,107B,97B,2014-10-02 09:30:00
2014-10-02,6:30pm,AUD,AIG Services Index,Non-economic,45.4,,49.4,2014-10-02 18:30:00
2014-10-02,All Day,CNY,Bank Holiday,Low,,,,2014-10-02 00:00:00
2014-10-02,8:00pm,AUD,HIA New Home Sales m/m,Non-economic,3.3%,,-5.7%,2014-10-02 20:00:00
2014-10-02,8:00pm,CNY,Non-Manufacturing PMI,Medium,54.0,,54.4,2014-10-02 20:00:00
2014-10-03,All Day,EUR,German Bank Holiday,Low,,,,2014-10-03 00:00:00
2014-10-03,2:15am,EUR,Spanish Services PMI,Medium,55.8,56.9,58.1,2014-10-03 02:15:00
2014-10-03,2:45am,EUR,Italian Services PMI,Medium,48.8,49.6,49.8,2014-10-03 02:45:00
2014-10-03,2:50am,EUR,French Final Services PMI,Non-economic,48.4,49.4,49.4,2014-10-03 02:50:00
2014-10-03,2:55am,EUR,German Final Services PMI,Medium,55.7,55.4,55.4,2014-10-03 02:55:00
2014-10-03,3:00am,EUR,Final Services PMI,Non-economic,52.4,52.8,52.8,2014-10-03 03:00:00
2014-10-03,3:30am,GBP,Final Services PMI,High,58.7,59.1,60.5,2014-10-03 03:30:00
2014-10-03,4:00am,EUR,Retail Sales m/m,Medium,1.2%,0.1%,-0.4%,2014-10-03 04:00:00
2014-10-03,7:30am,CAD,Trade Balance,High,-0.6B,1.5B,2.2B,2014-10-03 07:30:00
2014-10-03,7:30am,USD,Non-Farm Employment Change,High,248K,216K,180K,2014-10-03 07:30:00
2014-10-03,7:30am,USD,Trade Balance,High,-40.1B,-41.0B,-40.3B,2014-10-03 07:30:00
2014-10-03,7:30am,USD,Unemployment Rate,High,5.9%,6.1%,6.1%,2014-10-03 07:30:00
2014-10-03,7:30am,USD,Average Hourly Earnings m/m,Medium,0.0%,0.2%,0.3%,2014-10-03 07:30:00
2014-10-03,8:45am,USD,Final Services PMI,Non-economic,58.9,58.5,58.5,2014-10-03 08:45:00
2014-10-03,9:00am,USD,ISM Services PMI,High,58.6,58.5,59.6,2014-10-03 09:00:00
2014-10-04,11:00am,AUD,Daylight Saving Time Shift,Low,,,,2014-10-04 11:00:00
2014-10-05,All Day,AUD,Bank Holiday,Low,,,,2014-10-05 00:00:00
2014-10-05,6:30pm,AUD,MI Inflation Gauge m/m,Non-economic,0.1%,,0.0%,2014-10-05 18:30:00
2014-10-05,All Day,CNY,Bank Holiday,Low,,,,2014-10-05 00:00:00
2014-10-05,7:30pm,AUD,ANZ Job Advertisements m/m,Medium,0.9%,,1.6%,2014-10-05 19:30:00
2014-10-06,1:00am,EUR,German Factory Orders m/m,Medium,-5.7%,-2.4%,4.9%,2014-10-06 01:00:00
2014-10-06,3:10am,EUR,Retail PMI,Non-economic,44.8,,45.8,2014-10-06 03:10:00
2014-10-06,3:30am,EUR,Sentix Investor Confidence,Non-economic,-13.7,-11.8,-9.8,2014-10-06 03:30:00
2014-10-06,3:30am,GBP,Housing Equity Withdrawal q/q,Non-economic,-10.8B,-11.3B,-11.5B,2014-10-06 03:30:00
2014-10-06,9:00am,CAD,Ivey PMI,High,58.6,53.4,50.9,2014-10-06 09:00:00
2014-10-06,9:00am,USD,Labor Market Conditions Index m/m,Non-economic,2.5,,,2014-10-06 09:00:00
2014-10-06,4:00pm,NZD,NZIER Business Confidence,High,19,,32,2014-10-06 16:00:00
2014-10-06,5:30pm,AUD,AIG Construction Index,Non-economic,59.1,,55.0,2014-10-06 17:30:00
2014-10-06,All Day,CNY,Bank Holiday,Low,,,,2014-10-06 00:00:00
2014-10-06,10:30pm,AUD,Cash Rate,High,2.50%,2.50%,2.50%,2014-10-06 22:30:00
2014-10-06,10:30pm,AUD,RBA Rate Statement,High,,,,2014-10-06 22:30:00
2014-10-06,11:54pm,JPY,Monetary Policy Statement,High,,,,2014-10-06 23:54:00
2014-10-07,12:00am,JPY,Leading Indicators,Non-economic,104.0%,104.2%,105.4%,2014-10-07 00:00:00
2014-10-07,1:00am,EUR,German Industrial Production m/m,Non-economic,-4.0%,-1.4%,1.6%,2014-10-07 01:00:00
2014-10-07,1:32am,JPY,BOJ Press Conference,High,,,,2014-10-07 01:32:00
2014-10-07,1:45am,EUR,French Gov Budget Balance,Non-economic,-94.1B,,-84.1B,2014-10-07 01:45:00
2014-10-07,2:00am,CHF,Foreign Currency Reserves,Medium,462B,,454B,2014-10-07 02:00:00
2014-10-07,2:15am,CHF,CPI m/m,Medium,0.1%,0.2%,0.0%,2014-10-07 02:15:00
2014-10-07,2:15am,CHF,Retail Sales y/y,Medium,1.9%,0.8%,-0.3%,2014-10-07 02:15:00
2014-10-07,3:30am,GBP,Manufacturing Production m/m,High,0.1%,0.2%,0.3%,2014-10-07 03:30:00
2014-10-07,3:30am,GBP,BOE Credit Conditions Survey,Medium,,,,2014-10-07 03:30:00
2014-10-07,3:30am,GBP,Industrial Production m/m,Non-economic,0.0%,0.2%,0.4%,2014-10-07 03:30:00
2014-10-07,4:34am,GBP,30-y Bond Auction,Non-economic,3.04|2.0,,3.17|2.0,2014-10-07 04:34:00
2014-10-07,7:30am,CAD,Building Permits m/m,High,-27.3%,-6.0%,11.6%,2014-10-07 07:30:00
2014-10-07,8:50am,GBP,NIESR GDP Estimate,Medium,0.7%,,0.8%,2014-10-07 08:50:00
2014-10-07,9:00am,USD,JOLTS Job Openings,Medium,4.84M,4.71M,4.61M,2014-10-07 09:00:00
2014-10-07,9:00am,USD,RCM/TIPP Economic Optimism,Non-economic,45.2,46.3,45.2,2014-10-07 09:00:00
2014-10-07,12:20pm,USD,FOMC Member Kocherlakota Speaks,Medium,,,,2014-10-07 12:20:00
2014-10-07,2:00pm,USD,FOMC Member Dudley Speaks,Medium,,,,2014-10-07 14:00:00
2014-10-07,2:00pm,USD,Consumer Credit m/m,Non-economic,13.5B,20.3B,21.6B,2014-10-07 14:00:00
2014-10-07,6:01pm,GBP,BRC Shop Price Index y/y,Non-economic,-1.8%,,-1.6%,2014-10-07 18:01:00
2014-10-07,6:50pm,JPY,Current Account,Medium,0.13T,0.19T,0.10T,2014-10-07 18:50:00
2014-10-07,8:45pm,CNY,RatingDog Services PMI,Medium,53.5,,54.1,2014-10-07 20:45:00
2014-10-08,12:00am,JPY,BOJ Monthly Report,Non-economic,,,,2014-10-08 00:00:00
2014-10-08,12:00am,JPY,Economy Watchers Sentiment,Non-economic,47.4,48.2,47.4,2014-10-08 00:00:00
2014-10-08,12:45am,CHF,Unemployment Rate,Non-economic,3.2%,3.1%,3.2%,2014-10-08 00:45:00
2014-10-08,2:05am,GBP,Halifax HPI m/m,Medium,0.6%,0.2%,0.0%,2014-10-08 02:05:00
2014-10-08,7:13am,CAD,Housing Starts,Medium,197K,195K,196K,2014-10-08 07:13:00
2014-10-08,9:30am,USD,Crude Oil Inventories,Medium,5.0M,2.1M,-1.4M,2014-10-08 09:30:00
2014-10-08,12:01pm,USD,10-y Bond Auction,Medium,2.38|2.5,,2.54|2.7,2014-10-08 12:01:00
2014-10-08,1:00pm,USD,FOMC Meeting Minutes,High,,,,2014-10-08 13:00:00
2014-10-08,6:01pm,GBP,RICS House Price Balance,Non-economic,30%,38%,39%,2014-10-08 18:01:00
2014-10-08,6:50pm,JPY,Core Machinery Orders m/m,Medium,4.7%,1.1%,3.5%,2014-10-08 18:50:00
2014-10-08,7:30pm,AUD,Employment Change,High,-29.7K,17.6K,32.1K,2014-10-08 19:30:00
2014-10-08,7:30pm,AUD,Unemployment Rate,High,6.1%,6.1%,6.0%,2014-10-08 19:30:00
2014-10-09,1:00am,EUR,German Trade Balance,Non-economic,17.5B,18.4B,22.2B,2014-10-09 01:00:00
2014-10-09,1:00am,JPY,Prelim Machine Tool Orders y/y,Non-economic,34.8%,,35.5%,2014-10-09 01:00:00
2014-10-09,1:45am,EUR,French Trade Balance,Non-economic,-5.8B,-5.7B,-5.5B,2014-10-09 01:45:00
2014-10-09,3:00am,EUR,ECB Monthly Bulletin,Non-economic,,,,2014-10-09 03:00:00
2014-10-09,6:00am,GBP,Asset Purchase Facility,High,375B,375B,375B,2014-10-09 06:00:00
2014-10-09,6:00am,GBP,Official Bank Rate,High,0.50%,0.50%,0.50%,2014-10-09 06:00:00
2014-10-09,7:30am,CAD,NHPI m/m,Medium,0.3%,0.2%,0.0%,2014-10-09 07:30:00
2014-10-09,7:30am,USD,Unemployment Claims,High,287K,291K,288K,2014-10-09 07:30:00
2014-10-09,9:00am,USD,Final Wholesale Inventories m/m,Non-economic,0.7%,0.3%,0.3%,2014-10-09 09:00:00
2014-10-09,9:30am,USD,Natural Gas Storage,Non-economic,105B,108B,112B,2014-10-09 09:30:00
2014-10-09,10:00am,EUR,ECB President Draghi Speaks,High,,,,2014-10-09 10:00:00
2014-10-09,Day 1,All,G20 Meetings,Medium,,,,2014-10-09 00:00:00
2014-10-09,12:01pm,USD,30-y Bond Auction,Non-economic,3.07|2.4,,3.24|2.7,2014-10-09 12:01:00
2014-10-09,12:10pm,USD,FOMC Member Tarullo Speaks,Non-economic,,,,2014-10-09 12:10:00
2014-10-09,12:30pm,USD,FOMC Member Fischer Speaks,Medium,,,,2014-10-09 12:30:00
2014-10-09,6:50pm,JPY,Monetary Policy Meeting Minutes,Medium,,,,2014-10-09 18:50:00
2014-10-09,6:50pm,JPY,Tertiary Industry Activity m/m,Medium,-0.1%,0.2%,-0.3%,2014-10-09 18:50:00
2014-10-09,6:50pm,JPY,Bank Lending y/y,Non-economic,2.3%,,2.2%,2014-10-09 18:50:00
2014-10-09,7:30pm,AUD,Home Loans m/m,Medium,-0.9%,0.2%,0.4%,2014-10-09 19:30:00
2014-10-09,7:45pm,AUD,RBA Assist Gov Edey Speaks,Medium,,,,2014-10-09 19:45:00
2014-10-10,12:00am,JPY,Consumer Confidence,Non-economic,39.9,42.2,41.2,2014-10-10 00:00:00
2014-10-10,1:45am,EUR,French Industrial Production m/m,Medium,0.0%,-0.2%,0.3%,2014-10-10 01:45:00
2014-10-10,3:00am,EUR,Italian Industrial Production m/m,Non-economic,0.3%,0.6%,-1.0%,2014-10-10 03:00:00
2014-10-10,3:30am,GBP,Goods Trade Balance,Medium,-9.1B,-9.6B,-10.4B,2014-10-10 03:30:00
2014-10-10,3:30am,GBP,Construction Output m/m,Non-economic,-3.9%,0.5%,1.9%,2014-10-10 03:30:00
2014-10-10,3:30am,GBP,FPC Meeting Minutes,Non-economic,,,,2014-10-10 03:30:00
2014-10-10,4:00am,GBP,CB Leading Index m/m,Non-economic,0.4%,,0.1%,2014-10-10 04:00:00
2014-10-10,7:30am,CAD,Employment Change,High,74.1K,18.7K,-11.0K,2014-10-10 07:30:00
2014-10-10,7:30am,CAD,Unemployment Rate,High,6.8%,7.0%,7.0%,2014-10-10 07:30:00
2014-10-10,7:30am,USD,Import Prices m/m,Medium,-0.5%,-0.5%,-0.6%,2014-10-10 07:30:00
2014-10-10,8:00am,USD,FOMC Member Plosser Speaks,Medium,,,,2014-10-10 08:00:00
2014-10-10,Day 1,All,IMF Meetings,Medium,,,,2014-10-10 00:00:00
2014-10-10,9:30am,CAD,BOC Business Outlook Survey,Medium,,,,2014-10-10 09:30:00
2014-10-10,Day 2,All,G20 Meetings,Medium,,,,2014-10-10 00:00:00
2014-10-10,2:30pm,USD,FOMC Member Fisher Speaks,Medium,,,,2014-10-10 14:30:00
2014-10-11,8:00am,USD,FOMC Member Tarullo Speaks,Non-economic,,,,2014-10-11 08:00:00
2014-10-11,Day 2,All,IMF Meetings,Medium,,,,2014-10-11 00:00:00
2014-10-11,11:00am,EUR,ECB President Draghi Speaks,High,,,,2014-10-11 11:00:00
2014-10-11,4:00pm,USD,FOMC Member Fischer Speaks,Medium,,,,2014-10-11 16:00:00
2014-10-12,Day 3,All,IMF Meetings,Medium,,,,2014-10-12 00:00:00
2014-10-12,4:45pm,NZD,FPI m/m,Non-economic,-0.8%,,0.3%,2014-10-12 16:45:00
2014-10-12,5:52pm,NZD,REINZ HPI m/m,Non-economic,0.2%,,1.1%,2014-10-12 17:52:00
2014-10-12,All Day,JPY,Bank Holiday,Low,,,,2014-10-12 00:00:00
2014-10-12,9:00pm,CNY,USD-Denominated Trade Balance,High,31.0B,41.2B,49.8B,2014-10-12 21:00:00
2014-10-13,1:00am,EUR,German WPI m/m,Non-economic,0.1%,0.1%,-0.2%,2014-10-13 01:00:00
2014-10-13,All Day,EUR,Eurogroup Meetings,Medium,,,,2014-10-13 00:00:00
2014-10-13,All Day,CAD,Bank Holiday,Low,,,,2014-10-13 00:00:00
2014-10-13,All Day,USD,Bank Holiday,Low,,,,2014-10-13 00:00:00
2014-10-13,5:30pm,AUD,RBA Deputy Gov Debelle Speaks,Medium,,,,2014-10-13 17:30:00
2014-10-13,6:01pm,GBP,BRC Retail Sales Monitor y/y,Non-economic,-2.1%,,1.3%,2014-10-13 18:01:00
2014-10-13,6:50pm,JPY,M2 Money Stock y/y,Non-economic,3.0%,2.9%,3.0%,2014-10-13 18:50:00
2014-10-13,6:50pm,JPY,PPI y/y,Non-economic,3.5%,3.6%,3.9%,2014-10-13 18:50:00
2014-10-13,7:30pm,AUD,NAB Business Confidence,High,5,,7,2014-10-13 19:30:00
2014-10-14,1:45am,EUR,French Final CPI m/m,Non-economic,-0.4%,-0.3%,0.4%,2014-10-14 01:45:00
2014-10-14,2:15am,CHF,PPI m/m,Medium,-0.1%,0.3%,-0.2%,2014-10-14 02:15:00
2014-10-14,3:30am,GBP,CPI y/y,High,1.2%,1.4%,1.5%,2014-10-14 03:30:00
2014-10-14,3:30am,GBP,PPI Input m/m,Medium,-0.6%,-0.4%,-1.2%,2014-10-14 03:30:00
2014-10-14,3:30am,GBP,RPI y/y,Medium,2.3%,2.3%,2.4%,2014-10-14 03:30:00
2014-10-14,3:30am,GBP,Core CPI y/y,Non-economic,1.5%,1.8%,1.9%,2014-10-14 03:30:00
2014-10-14,3:30am,GBP,ONS HPI y/y,Non-economic,11.7%,12.3%,11.7%,2014-10-14 03:30:00
2014-10-14,3:30am,GBP,PPI Output m/m,Non-economic,-0.1%,-0.1%,-0.1%,2014-10-14 03:30:00
2014-10-14,4:00am,EUR,German ZEW Economic Sentiment,High,-3.6,0.2,6.9,2014-10-14 04:00:00
2014-10-14,4:00am,EUR,Industrial Production m/m,Medium,-1.8%,-1.5%,0.9%,2014-10-14 04:00:00
2014-10-14,4:00am,EUR,ZEW Economic Sentiment,Medium,4.1,7.1,14.2,2014-10-14 04:00:00
2014-10-14,All Day,EUR,ECOFIN Meetings,Medium,,,,2014-10-14 00:00:00
2014-10-14,6:30am,USD,NFIB Small Business Index,Non-economic,95.3,97.2,96.1,2014-10-14 06:30:00
2014-10-14,6:30pm,AUD,Westpac Consumer Sentiment,Medium,0.9%,,-4.6%,2014-10-14 18:30:00
2014-10-14,7:30pm,AUD,New Motor Vehicle Sales m/m,Medium,2.9%,,-1.6%,2014-10-14 19:30:00
2014-10-14,8:30pm,CNY,CPI y/y,High,1.6%,1.7%,2.0%,2014-10-14 20:30:00
2014-10-14,8:30pm,CNY,PPI y/y,Medium,-1.8%,-1.4%,-1.2%,2014-10-14 20:30:00
2014-10-14,10:45pm,JPY,30-y Bond Auction,Non-economic,1.63|2.6,,1.68|3.6,2014-10-14 22:45:00
2014-10-14,11:30pm,JPY,Revised Industrial Production m/m,Non-economic,-1.9%,-1.5%,-1.5%,2014-10-14 23:30:00
2014-10-15,1:00am,EUR,German Final CPI m/m,Non-economic,0.0%,0.0%,0.0%,2014-10-15 01:00:00
2014-10-15,2:00am,EUR,ECB President Draghi Speaks,High,,,,2014-10-15 02:00:00
2014-10-15,3:30am,GBP,Average Earnings Index 3m/y,High,0.7%,0.7%,0.6%,2014-10-15 03:30:00
2014-10-15,3:30am,GBP,Claimant Count Change,High,-18.6K,-34.2K,-33.2K,2014-10-15 03:30:00
2014-10-15,3:30am,GBP,Unemployment Rate,Medium,6.0%,6.1%,6.2%,2014-10-15 03:30:00
2014-10-15,4:00am,CHF,UBS Economic Expectations,Non-economic,-30.7,,-7.7,2014-10-15 04:00:00
2014-10-15,7:30am,USD,Core Retail Sales m/m,High,-0.2%,0.2%,0.3%,2014-10-15 07:30:00
2014-10-15,7:30am,USD,PPI m/m,High,-0.1%,0.1%,0.0%,2014-10-15 07:30:00
2014-10-15,7:30am,USD,Retail Sales m/m,High,-0.3%,-0.1%,0.6%,2014-10-15 07:30:00
2014-10-15,7:30am,USD,Core PPI m/m,Medium,0.0%,0.1%,0.1%,2014-10-15 07:30:00
2014-10-15,7:30am,USD,Empire State Manufacturing Index,Medium,6.2,20.3,27.5,2014-10-15 07:30:00
2014-10-15,9:00am,USD,Business Inventories m/m,Medium,0.2%,0.4%,0.4%,2014-10-15 09:00:00
2014-10-15,9:55am,USD,Federal Budget Balance,Non-economic,105.8B,82.3B,-128.7B,2014-10-15 09:55:00
2014-10-15,10:03am,NZD,GDT Price Index,High,1.4%,,-7.3%,2014-10-15 10:03:00
2014-10-15,1:00pm,EUR,ECB President Draghi Speaks,High,,,,2014-10-15 13:00:00
2014-10-15,1:00pm,USD,Beige Book,Medium,,,,2014-10-15 13:00:00
2014-10-15,3:30pm,USD,Treasury Currency Report,Medium,,,,2014-10-15 15:30:00
2014-10-15,4:30pm,NZD,BusinessNZ Manufacturing Index,Medium,58.1,,57.0,2014-10-15 16:30:00
2014-10-15,7:00pm,AUD,MI Inflation Expectations,Medium,3.4%,,3.5%,2014-10-15 19:00:00
2014-10-15,9:00pm,CNY,Foreign Direct Investment ytd/y,Non-economic,-1.4%,,-1.8%,2014-10-15 21:00:00
2014-10-15,9:02pm,CNY,New Loans,Medium,857B,750B,703B,2014-10-15 21:02:00
2014-10-15,9:02pm,CNY,M2 Money Supply y/y,Non-economic,12.9%,13.0%,12.8%,2014-10-15 21:02:00
2014-10-16,12:45am,CHF,SECO Economic Forecasts,Non-economic,,,,2014-10-16 00:45:00
2014-10-16,2:30am,AUD,RBA Deputy Gov Debelle Speaks,Medium,,,,2014-10-16 02:30:00
2014-10-16,3:00am,EUR,Italian Trade Balance,Non-economic,2.06B,3.24B,6.92B,2014-10-16 03:00:00
2014-10-16,3:56am,EUR,Spanish 10-y Bond Auction,Medium,2.20|1.6,,2.08|1.5,2014-10-16 03:56:00
2014-10-16,4:00am,EUR,Final CPI y/y,Medium,0.3%,0.3%,0.3%,2014-10-16 04:00:00
2014-10-16,4:00am,EUR,Final Core CPI y/y,Non-economic,0.8%,0.7%,0.7%,2014-10-16 04:00:00
2014-10-16,4:00am,EUR,Trade Balance,Non-economic,15.8B,13.5B,12.7B,2014-10-16 04:00:00
2014-10-16,7:00am,USD,FOMC Member Plosser Speaks,Medium,,,,2014-10-16 07:00:00
2014-10-16,7:30am,CAD,Manufacturing Sales m/m,High,-3.3%,-1.6%,2.9%,2014-10-16 07:30:00
2014-10-16,7:30am,CAD,Foreign Securities Purchases,Medium,10.28B,4.31B,5.20B,2014-10-16 07:30:00
2014-10-16,7:30am,USD,Unemployment Claims,High,264K,286K,287K,2014-10-16 07:30:00
2014-10-16,8:15am,USD,Industrial Production m/m,High,1.0%,0.4%,-0.2%,2014-10-16 08:15:00
2014-10-16,8:15am,USD,Capacity Utilization Rate,Medium,79.3%,79.0%,78.7%,2014-10-16 08:15:00
2014-10-16,8:59am,USD,Philly Fed Manufacturing Index,High,20.7,19.9,22.5,2014-10-16 08:59:00
2014-10-16,9:00am,USD,FOMC Member Kocherlakota Speaks,Medium,,,,2014-10-16 09:00:00
2014-10-16,9:00am,USD,NAHB Housing Market Index,Medium,54,59,59,2014-10-16 09:00:00
2014-10-16,9:30am,USD,Natural Gas Storage,Non-economic,94B,91B,105B,2014-10-16 09:30:00
2014-10-16,10:00am,USD,Crude Oil Inventories,Medium,8.9M,2.3M,5.0M,2014-10-16 10:00:00
2014-10-16,3:00pm,USD,TIC Long-Term Purchases,Non-economic,52.1B,23.3B,-18.6B,2014-10-16 15:00:00
2014-10-17,4:00am,EUR,German Buba President Weidmann Speaks,Medium,,,,2014-10-17 04:00:00
2014-10-17,7:30am,CAD,Core CPI m/m,High,0.2%,0.1%,0.5%,2014-10-17 07:30:00
2014-10-17,7:30am,CAD,CPI m/m,Medium,0.1%,0.0%,0.0%,2014-10-17 07:30:00
2014-10-17,7:30am,USD,Building Permits,High,1.02M,1.04M,1.00M,2014-10-17 07:30:00
2014-10-17,7:30am,USD,Fed Chair Yellen Speaks,High,,,,2014-10-17 07:30:00
2014-10-17,7:30am,USD,Housing Starts,Medium,1.02M,1.02M,0.96M,2014-10-17 07:30:00
2014-10-17,8:55am,USD,Prelim UoM Consumer Sentiment,High,86.4,84.3,84.6,2014-10-17 08:55:00
2014-10-17,8:55am,USD,Prelim UoM Inflation Expectations,Non-economic,2.8%,,3.0%,2014-10-17 08:55:00
2014-10-19,4:30pm,NZD,BusinessNZ Services Index,Non-economic,58.0,,57.3,2014-10-19 16:30:00
2014-10-19,6:01pm,GBP,Rightmove HPI m/m,Non-economic,2.6%,,0.9%,2014-10-19 18:01:00
2014-10-19,6:30pm,AUD,RBA Assist Gov Kent Speaks,Medium,,,,2014-10-19 18:30:00
2014-10-20,1:00am,EUR,German PPI m/m,Non-economic,0.0%,0.1%,-0.1%,2014-10-20 01:00:00
2014-10-20,3:00am,EUR,Current Account,Non-economic,18.9B,21.3B,21.6B,2014-10-20 03:00:00
2014-10-20,5:00am,EUR,German Buba Monthly Report,Medium,,,,2014-10-20 05:00:00
2014-10-20,7:30am,CAD,Wholesale Sales m/m,High,0.2%,0.2%,-0.2%,2014-10-20 07:30:00
2014-10-20,9:00am,USD,FOMC Member Powell Speaks,Medium,,,,2014-10-20 09:00:00
2014-10-20,3:30pm,USD,FOMC Member Dudley Speaks,Medium,,,,2014-10-20 15:30:00
2014-10-20,4:45pm,NZD,Visitor Arrivals m/m,Non-economic,0.9%,,-3.0%,2014-10-20 16:45:00
2014-10-20,7:30pm,AUD,Monetary Policy Meeting Minutes,High,,,,2014-10-20 19:30:00
2014-10-20,9:00pm,CNY,GDP q/y,High,7.3%,7.2%,7.5%,2014-10-20 21:00:00
2014-10-20,9:00pm,CNY,Industrial Production y/y,High,8.0%,7.5%,6.9%,2014-10-20 21:00:00
2014-10-20,9:00pm,CNY,Fixed Asset Investment ytd/y,Medium,16.1%,16.2%,16.5%,2014-10-20 21:00:00
2014-10-20,9:00pm,CNY,NBS Press Conference,Medium,,,,2014-10-20 21:00:00
2014-10-20,9:00pm,CNY,Retail Sales y/y,Non-economic,11.6%,11.8%,11.9%,2014-10-20 21:00:00
2014-10-20,9:00pm,NZD,Credit Card Spending y/y,Non-economic,4.4%,,4.2%,2014-10-20 21:00:00
2014-10-20,11:30pm,JPY,All Industries Activity m/m,Non-economic,-0.1%,-0.3%,-0.4%,2014-10-20 23:30:00
2014-10-21,1:00am,CHF,Trade Balance,Medium,2.45B,2.43B,1.33B,2014-10-21 01:00:00
2014-10-21,3:30am,GBP,Public Sector Net Borrowing,Medium,11.1B,9.3B,11.0B,2014-10-21 03:30:00
2014-10-21,3:55am,AUD,RBA Deputy Gov Lowe Speaks,Medium,,,,2014-10-21 03:55:00
2014-10-21,4:35am,GBP,10-y Bond Auction,Non-economic,2.15|1.7,,2.57|1.7,2014-10-21 04:35:00
2014-10-21,9:00am,USD,Existing Home Sales,Medium,5.17M,5.11M,5.05M,2014-10-21 09:00:00
2014-10-21,6:00pm,AUD,CB Leading Index m/m,Non-economic,-0.2%,,0.6%,2014-10-21 18:00:00
2014-10-21,6:30pm,AUD,MI Leading Index m/m,Non-economic,-0.1%,,-0.1%,2014-10-21 18:30:00
2014-10-21,6:50pm,JPY,Trade Balance,Medium,-1.07T,-0.91T,-0.91T,2014-10-21 18:50:00
2014-10-21,7:30pm,AUD,CPI m/m,High,0.5%,0.4%,0.5%,2014-10-21 19:30:00
2014-10-21,7:30pm,AUD,Trimmed Mean CPI m/m,Medium,0.4%,0.6%,0.8%,2014-10-21 19:30:00
2014-10-22,3:30am,GBP,MPC Asset Purchase Facility Votes,High,0-0-9,0-0-9,0-0-9,2014-10-22 03:30:00
2014-10-22,3:30am,GBP,MPC Official Bank Rate Votes,High,2-0-7,2-0-7,2-0-7,2014-10-22 03:30:00
2014-10-22,4:37am,EUR,German 30-y Bond Auction,Non-economic,1.77|1.2,,2.25|1.1,2014-10-22 04:37:00
2014-10-22,7:30am,CAD,Core Retail Sales m/m,High,-0.3%,0.2%,-0.5%,2014-10-22 07:30:00
2014-10-22,7:30am,CAD,Retail Sales m/m,Medium,-0.3%,0.1%,-0.1%,2014-10-22 07:30:00
2014-10-22,7:30am,USD,Core CPI m/m,High,0.1%,0.2%,0.0%,2014-10-22 07:30:00
2014-10-22,7:30am,USD,CPI m/m,High,0.1%,0.0%,-0.2%,2014-10-22 07:30:00
2014-10-22,7:30am,USD,CPI y/y,High,1.7%,1.6%,1.7%,2014-10-22 07:30:00
2014-10-22,9:00am,CAD,BOC Monetary Policy Report,High,,,,2014-10-22 09:00:00
2014-10-22,9:00am,CAD,BOC Rate Statement,High,,,,2014-10-22 09:00:00
2014-10-22,9:00am,CAD,Overnight Rate,High,1.00%,1.00%,1.00%,2014-10-22 09:00:00
2014-10-22,9:30am,USD,Crude Oil Inventories,Medium,7.1M,2.8M,8.9M,2014-10-22 09:30:00
2014-10-22,2:00pm,GBP,MPC Member Weale Speaks,Medium,,,,2014-10-22 14:00:00
2014-10-22,4:00pm,AUD,RBA Gov Stevens Speaks,High,,,,2014-10-22 16:00:00
2014-10-22,4:45pm,NZD,CPI q/q,High,0.3%,0.5%,0.3%,2014-10-22 16:45:00
2014-10-22,7:30pm,AUD,NAB Quarterly Business Confidence,Medium,6,,6,2014-10-22 19:30:00
2014-10-22,8:35pm,JPY,Flash Manufacturing PMI,Non-economic,52.8,52.1,51.7,2014-10-22 20:35:00
2014-10-22,8:45pm,CNY,Caixin Flash Manufacturing PMI,High,50.4,50.2,50.2,2014-10-22 20:45:00
2014-10-23,2:00am,EUR,French Flash Manufacturing PMI,High,47.3,48.6,48.8,2014-10-23 02:00:00
2014-10-23,2:00am,EUR,French Flash Services PMI,Medium,48.1,48.2,48.4,2014-10-23 02:00:00
2014-10-23,2:00am,EUR,Spanish Unemployment Rate,Medium,23.7%,24.1%,24.5%,2014-10-23 02:00:00
2014-10-23,2:30am,EUR,German Flash Manufacturing PMI,High,51.8,49.6,49.9,2014-10-23 02:30:00
2014-10-23,2:30am,EUR,German Flash Services PMI,Medium,54.8,55.0,55.7,2014-10-23 02:30:00
2014-10-23,3:00am,EUR,Flash Manufacturing PMI,Medium,50.7,50.0,50.3,2014-10-23 03:00:00
2014-10-23,3:00am,EUR,Flash Services PMI,Medium,52.4,52.0,52.4,2014-10-23 03:00:00
2014-10-23,3:10am,GBP,MPC Member Broadbent Speaks,Medium,,,,2014-10-23 03:10:00
2014-10-23,3:30am,GBP,Retail Sales m/m,High,-0.3%,-0.1%,0.4%,2014-10-23 03:30:00
2014-10-23,3:30am,GBP,High Street Lending,Medium,39.3K,41.5K,41.4K,2014-10-23 03:30:00
2014-10-23,Day 1,EUR,EU Economic Summit,Medium,,,,2014-10-23 00:00:00
2014-10-23,5:00am,GBP,CBI Industrial Order Expectations,Medium,-6,-3,-4,2014-10-23 05:00:00
2014-10-23,7:30am,USD,Unemployment Claims,High,283K,269K,266K,2014-10-23 07:30:00
2014-10-23,8:00am,USD,HPI m/m,Non-economic,0.5%,0.4%,0.2%,2014-10-23 08:00:00
2014-10-23,8:45am,USD,Flash Manufacturing PMI,Medium,56.2,57.2,57.5,2014-10-23 08:45:00
2014-10-23,9:00am,EUR,Consumer Confidence,Non-economic,-11,-12,-11,2014-10-23 09:00:00
2014-10-23,9:00am,USD,CB Leading Index m/m,Non-economic,0.8%,0.8%,0.0%,2014-10-23 09:00:00
2014-10-23,9:30am,USD,Natural Gas Storage,Non-economic,94B,97B,94B,2014-10-23 09:30:00
2014-10-23,4:45pm,NZD,Trade Balance,High,-1350M,-620M,-489M,2014-10-23 16:45:00
2014-10-23,9:00pm,CNY,CB Leading Index m/m,Non-economic,0.9%,,0.7%,2014-10-23 21:00:00
2014-10-24,1:00am,EUR,German GfK Consumer Climate,Medium,8.5,8.1,8.4,2014-10-24 01:00:00
2014-10-24,3:00am,EUR,Italian Retail Sales m/m,Non-economic,-0.1%,0.2%,-0.1%,2014-10-24 03:00:00
2014-10-24,3:30am,GBP,Prelim GDP q/q,High,0.7%,0.7%,0.9%,2014-10-24 03:30:00
2014-10-24,3:30am,GBP,Index of Services 3m/3m,Non-economic,0.8%,0.9%,1.0%,2014-10-24 03:30:00
2014-10-24,Day 2,EUR,EU Economic Summit,Medium,,,,2014-10-24 00:00:00
2014-10-24,7:59am,EUR,Belgian NBB Business Climate,Non-economic,-6.8,-7.8,-7.2,2014-10-24 07:59:00
2014-10-24,9:00am,USD,New Home Sales,High,467K,473K,466K,2014-10-24 09:00:00
2014-10-25,9:00pm,CHF,Daylight Saving Time Shift,Low,,,,2014-10-25 21:00:00
2014-10-25,9:00pm,EUR,Daylight Saving Time Shift,Low,,,,2014-10-25 21:00:00
2014-10-25,9:00pm,GBP,Daylight Saving Time Shift,Low,,,,2014-10-25 21:00:00
2014-10-26,6:00am,EUR,EBA Bank Stress Test Results,High,,,,2014-10-26 06:00:00
2014-10-26,6:00am,EUR,ECB Stress Test Results,High,,,,2014-10-26 06:00:00
2014-10-26,All Day,NZD,Bank Holiday,Low,,,,2014-10-26 00:00:00
2014-10-26,6:50pm,JPY,SPPI y/y,Non-economic,3.5%,3.5%,3.5%,2014-10-26 18:50:00
2014-10-27,4:00am,EUR,German ifo Business Climate,High,103.2,104.6,104.7,2014-10-27 04:00:00
2014-10-27,4:00am,EUR,M3 Money Supply y/y,Medium,2.5%,2.2%,2.1%,2014-10-27 04:00:00
2014-10-27,4:00am,EUR,Private Loans y/y,Medium,-1.2%,-1.3%,-1.5%,2014-10-27 04:00:00
2014-10-27,6:00am,GBP,CBI Realized Sales,Medium,31,29,31,2014-10-27 06:00:00
2014-10-27,8:45am,USD,Flash Services PMI,Non-economic,57.3,57.9,58.9,2014-10-27 08:45:00
2014-10-27,9:00am,USD,Pending Home Sales m/m,Medium,0.3%,1.1%,-1.0%,2014-10-27 09:00:00
2014-10-27,1:30pm,GBP,MPC Member Shafik Speaks,Medium,,,,2014-10-27 13:30:00
2014-10-27,6:50pm,JPY,Retail Sales y/y,Medium,2.3%,0.9%,1.2%,2014-10-27 18:50:00
2014-10-28,2:00am,EUR,German Import Prices m/m,Non-economic,0.3%,-0.1%,-0.1%,2014-10-28 02:00:00
2014-10-28,7:30am,USD,Core Durable Goods Orders m/m,High,-0.2%,0.5%,0.4%,2014-10-28 07:30:00
2014-10-28,7:30am,USD,Durable Goods Orders m/m,Medium,-1.3%,0.4%,-18.4%,2014-10-28 07:30:00
2014-10-28,8:00am,USD,S&P/CS Composite-20 HPI y/y,Non-economic,5.6%,5.7%,6.7%,2014-10-28 08:00:00
2014-10-28,8:59am,USD,Richmond Manufacturing Index,Non-economic,20,11,14,2014-10-28 08:59:00
2014-10-28,9:00am,USD,CB Consumer Confidence,High,94.5,87.4,89.0,2014-10-28 09:00:00
2014-10-28,12:30pm,GBP,MPC Member Cunliffe Speaks,Medium,,,,2014-10-28 12:30:00
2014-10-28,6:50pm,JPY,Prelim Industrial Production m/m,Medium,2.7%,2.3%,-1.9%,2014-10-28 18:50:00
2014-10-28,7:00pm,NZD,ANZ Business Confidence,High,26.5,,13.4,2014-10-28 19:00:00
2014-10-29,4:30am,GBP,Net Lending to Individuals m/m,Medium,2.7B,2.8B,3.2B,2014-10-29 04:30:00
2014-10-29,4:30am,GBP,M4 Money Supply m/m,Non-economic,-0.7%,0.5%,0.3%,2014-10-29 04:30:00
2014-10-29,4:30am,GBP,Mortgage Approvals,Non-economic,61K,63K,64K,2014-10-29 04:30:00
2014-10-29,5:33am,EUR,German 10-y Bond Auction,Medium,0.87|1.2,,0.93|1.1,2014-10-29 05:33:00
2014-10-29,7:30am,CAD,RMPI m/m,Medium,-1.8%,-0.8%,-2.4%,2014-10-29 07:30:00
2014-10-29,7:30am,CAD,IPPI m/m,Non-economic,-0.4%,0.0%,0.3%,2014-10-29 07:30:00
2014-10-29,9:30am,USD,Crude Oil Inventories,Medium,2.1M,3.3M,7.1M,2014-10-29 09:30:00
2014-10-29,12:30pm,GBP,MPC Member Haldane Speaks,Medium,,,,2014-10-29 12:30:00
2014-10-29,1:00pm,USD,Federal Funds Rate,High,<0.25%,<0.25%,<0.25%,2014-10-29 13:00:00
2014-10-29,1:00pm,USD,FOMC Statement,High,,,,2014-10-29 13:00:00
2014-10-29,3:00pm,NZD,Official Cash Rate,High,3.50%,3.50%,3.50%,2014-10-29 15:00:00
2014-10-29,3:00pm,NZD,RBNZ Rate Statement,High,,,,2014-10-29 15:00:00
2014-10-29,3:15pm,CAD,BOC Gov Poloz Speaks,High,,,,2014-10-29 15:15:00
2014-10-29,6:36pm,AUD,HIA New Home Sales m/m,Non-economic,0.0%,,3.3%,2014-10-29 18:36:00
2014-10-29,7:30pm,AUD,Import Prices q/q,Medium,-0.8%,0.3%,-3.0%,2014-10-29 19:30:00
2014-10-30,2:00am,CHF,UBS Consumption Indicator,Non-economic,1.41,,1.28,2014-10-30 02:00:00
2014-10-30,2:00am,GBP,Nationwide HPI m/m,Medium,0.5%,0.4%,-0.1%,2014-10-30 02:00:00
2014-10-30,All Day,EUR,German Prelim CPI m/m,High,-0.3%,-0.1%,0.0%,2014-10-30 00:00:00
2014-10-30,2:45am,GBP,MPC Member Cunliffe Speaks,Medium,,,,2014-10-30 02:45:00
2014-10-30,3:00am,CHF,KOF Economic Barometer,Medium,99.8,99.2,99.3,2014-10-30 03:00:00
2014-10-30,3:00am,EUR,Spanish Flash CPI y/y,Medium,-0.1%,0.0%,-0.2%,2014-10-30 03:00:00
2014-10-30,3:00am,EUR,Spanish Flash GDP q/q,Medium,0.5%,0.5%,0.6%,2014-10-30 03:00:00
2014-10-30,3:55am,EUR,German Unemployment Change,Medium,-22K,4K,9K,2014-10-30 03:55:00
2014-10-30,5:22am,EUR,Italian 10-y Bond Auction,Medium,2.44|1.5,,2.45|1.3,2014-10-30 05:22:00
2014-10-30,7:30am,USD,Advance GDP q/q,High,3.5%,3.1%,4.6%,2014-10-30 07:30:00
2014-10-30,7:30am,USD,Unemployment Claims,High,287K,284K,284K,2014-10-30 07:30:00
2014-10-30,7:30am,USD,Advance GDP Price Index q/q,Medium,1.3%,2.0%,2.1%,2014-10-30 07:30:00
2014-10-30,8:00am,USD,Fed Chair Yellen Speaks,High,,,,2014-10-30 08:00:00
2014-10-30,9:30am,USD,Natural Gas Storage,Non-economic,87B,83B,94B,2014-10-30 09:30:00
2014-10-30,4:45pm,NZD,Building Consents m/m,Medium,-12.2%,,-0.8%,2014-10-30 16:45:00
2014-10-30,6:30pm,JPY,Household Spending y/y,Medium,-5.6%,-4.0%,-4.7%,2014-10-30 18:30:00
2014-10-30,6:30pm,JPY,Tokyo Core CPI y/y,Medium,2.5%,2.5%,2.6%,2014-10-30 18:30:00
2014-10-30,6:30pm,JPY,National Core CPI y/y,Non-economic,3.0%,3.0%,3.1%,2014-10-30 18:30:00
2014-10-30,6:30pm,JPY,Unemployment Rate,Non-economic,3.6%,3.6%,3.5%,2014-10-30 18:30:00
2014-10-30,7:05pm,GBP,GfK Consumer Confidence,Non-economic,-2,-1,-1,2014-10-30 19:05:00
2014-10-30,7:30pm,AUD,PPI q/q,High,0.2%,0.2%,-0.1%,2014-10-30 19:30:00
2014-10-30,7:30pm,AUD,Private Sector Credit m/m,Non-economic,0.5%,0.4%,0.4%,2014-10-30 19:30:00
2014-10-30,11:44pm,JPY,Monetary Policy Statement,High,,,,2014-10-30 23:44:00
2014-10-31,12:00am,JPY,Housing Starts y/y,Non-economic,-14.3%,-17.1%,-12.5%,2014-10-31 00:00:00
2014-10-31,1:00am,JPY,BOJ Outlook Report,Medium,,,,2014-10-31 01:00:00
2014-10-31,1:31am,JPY,BOJ Press Conference,High,,,,2014-10-31 01:31:00
2014-10-31,2:00am,EUR,German Retail Sales m/m,Medium,-3.2%,-0.8%,1.5%,2014-10-31 02:00:00
2014-10-31,2:45am,EUR,French Consumer Spending m/m,Medium,-0.8%,-0.3%,0.9%,2014-10-31 02:45:00
2014-10-31,4:00am,EUR,Italian Monthly Unemployment Rate,Non-economic,12.6%,12.4%,12.5%,2014-10-31 04:00:00
2014-10-31,5:00am,EUR,CPI Flash Estimate y/y,High,0.4%,0.4%,0.3%,2014-10-31 05:00:00
2014-10-31,5:00am,EUR,Core CPI Flash Estimate y/y,Medium,0.7%,0.8%,0.8%,2014-10-31 05:00:00
2014-10-31,5:00am,EUR,Unemployment Rate,Medium,11.5%,11.5%,11.5%,2014-10-31 05:00:00
2014-10-31,5:00am,EUR,Italian Prelim CPI m/m,Non-economic,0.1%,-0.1%,-0.4%,2014-10-31 05:00:00
2014-10-31,7:30am,CAD,GDP m/m,High,-0.1%,0.0%,0.0%,2014-10-31 07:30:00
2014-10-31,7:30am,USD,Core PCE Price Index m/m,Medium,0.1%,0.1%,0.1%,2014-10-31 07:30:00
2014-10-31,7:30am,USD,Employment Cost Index q/q,Medium,0.7%,0.6%,0.7%,2014-10-31 07:30:00
2014-10-31,7:30am,USD,Personal Spending m/m,Medium,-0.2%,0.2%,0.5%,2014-10-31 07:30:00
2014-10-31,7:30am,USD,Personal Income m/m,Non-economic,0.2%,0.3%,0.3%,2014-10-31 07:30:00
2014-10-31,8:45am,USD,Chicago PMI,Medium,66.2,60.2,60.5,2014-10-31 08:45:00
2014-10-31,8:55am,USD,Revised UoM Consumer Sentiment,Medium,86.9,86.4,86.4,2014-10-31 08:55:00
2014-10-31,8:55am,USD,Revised UoM Inflation Expectations,Non-economic,2.9%,,2.8%,2014-10-31 08:55:00
2014-10-31,8:00pm,CNY,Manufacturing PMI,High,50.8,51.1,51.1,2014-10-31 20:00:00
2014-11-02,2:00am,CAD,Daylight Saving Time Shift,Low,,,,2014-11-02 02:00:00
2014-11-02,2:00am,USD,Daylight Saving Time Shift,Low,,,,2014-11-02 02:00:00
2014-11-02,5:30pm,AUD,AIG Manufacturing Index,Non-economic,49.4,,46.5,2014-11-02 17:30:00
2014-11-02,6:30pm,AUD,MI Inflation Gauge m/m,Non-economic,0.2%,,0.1%,2014-11-02 18:30:00
2014-11-02,All Day,JPY,Bank Holiday,Low,,,,2014-11-02 00:00:00
2014-11-02,7:30pm,AUD,Building Approvals m/m,High,-11.0%,-0.9%,3.4%,2014-11-02 19:30:00
2014-11-02,7:30pm,AUD,ANZ Job Advertisements m/m,Medium,0.2%,,0.8%,2014-11-02 19:30:00
2014-11-02,7:57pm,CNY,Non-Manufacturing PMI,Medium,53.8,,54.0,2014-11-02 19:57:00
2014-11-02,8:45pm,CNY,RatingDog Manufacturing PMI,High,50.4,50.4,50.4,2014-11-02 20:45:00
2014-11-03,12:30am,AUD,Commodity Prices y/y,Non-economic,-16.9%,,-16.8%,2014-11-03 00:30:00
2014-11-03,3:15am,EUR,Spanish Manufacturing PMI,Medium,52.6,52.4,52.6,2014-11-03 03:15:00
2014-11-03,3:30am,CHF,Manufacturing PMI,Non-economic,55.3,51.3,50.4,2014-11-03 03:30:00
2014-11-03,3:45am,EUR,Italian Manufacturing PMI,Medium,49.0,50.6,50.7,2014-11-03 03:45:00
2014-11-03,3:50am,EUR,French Final Manufacturing PMI,Non-economic,48.5,47.3,47.3,2014-11-03 03:50:00
2014-11-03,3:55am,EUR,German Final Manufacturing PMI,Medium,51.4,51.8,51.8,2014-11-03 03:55:00
2014-11-03,4:00am,EUR,Final Manufacturing PMI,Non-economic,50.6,50.7,50.7,2014-11-03 04:00:00
2014-11-03,4:30am,GBP,Final Manufacturing PMI,High,53.2,51.5,51.5,2014-11-03 04:30:00
2014-11-03,9:30am,CAD,Manufacturing PMI,Non-economic,55.3,,53.5,2014-11-03 09:30:00
2014-11-03,9:45am,USD,Final Manufacturing PMI,Non-economic,55.9,56.1,56.2,2014-11-03 09:45:00
2014-11-03,10:00am,USD,ISM Manufacturing PMI,High,59.0,56.5,56.6,2014-11-03 10:00:00
2014-11-03,10:00am,USD,Construction Spending m/m,Non-economic,-0.4%,0.8%,-0.5%,2014-11-03 10:00:00
2014-11-03,10:00am,USD,ISM Manufacturing Prices,Non-economic,53.5,58.3,59.5,2014-11-03 10:00:00
2014-11-03,All Day,USD,Total Vehicle Sales,Non-economic,16.5M,16.6M,16.4M,2014-11-03 00:00:00
2014-11-03,12:50pm,CAD,BOC Gov Poloz Speaks,High,,,,2014-11-03 12:50:00
2014-11-03,2:00pm,USD,Loan Officer Survey,Non-economic,,,,2014-11-03 14:00:00
2014-11-03,7:00pm,NZD,ANZ Commodity Prices m/m,Non-economic,-0.8%,,-1.3%,2014-11-03 19:00:00
2014-11-03,7:30pm,AUD,Goods Trade Balance,High,-2.26B,-1.78B,-1.01B,2014-11-03 19:30:00
2014-11-03,7:30pm,AUD,Retail Sales m/m,High,1.2%,0.3%,0.1%,2014-11-03 19:30:00
2014-11-03,8:35pm,JPY,Final Manufacturing PMI,Non-economic,52.4,52.8,52.8,2014-11-03 20:35:00
2014-11-03,10:30pm,AUD,Cash Rate,High,2.50%,2.50%,2.50%,2014-11-03 22:30:00
2014-11-03,10:30pm,AUD,RBA Rate Statement,High,,,,2014-11-03 22:30:00
2014-11-04,3:00am,EUR,Spanish Unemployment Change,High,79.2K,23.4K,19.7K,2014-11-04 03:00:00
2014-11-04,4:30am,GBP,Construction PMI,High,61.4,63.5,64.2,2014-11-04 04:30:00
2014-11-04,5:00am,EUR,EU Economic Forecasts,Medium,,,,2014-11-04 05:00:00
2014-11-04,5:00am,EUR,PPI m/m,Non-economic,0.2%,0.0%,-0.2%,2014-11-04 05:00:00
2014-11-04,8:30am,CAD,Trade Balance,High,0.7B,-0.7B,-0.5B,2014-11-04 08:30:00
2014-11-04,8:30am,USD,Trade Balance,High,-43.0B,-40.0B,-40.0B,2014-11-04 08:30:00
2014-11-04,9:27am,NZD,GDT Price Index,High,-0.3%,,1.4%,2014-11-04 09:27:00
2014-11-04,10:00am,USD,Factory Orders m/m,Medium,-0.6%,-0.4%,-10.0%,2014-11-04 10:00:00
2014-11-04,10:00am,USD,RCM/TIPP Economic Optimism,Non-economic,46.4,46.6,45.2,2014-11-04 10:00:00
2014-11-04,All Day,USD,Congressional Elections,Medium,,,,2014-11-04 00:00:00
2014-11-04,10:30am,CAD,BOC Gov Poloz Speaks,High,,,,2014-11-04 10:30:00
2014-11-04,4:45pm,NZD,Employment Change q/q,High,0.8%,0.6%,0.5%,2014-11-04 16:45:00
2014-11-04,4:45pm,NZD,Unemployment Rate,High,5.4%,5.5%,5.6%,2014-11-04 16:45:00
2014-11-04,4:45pm,NZD,Labor Cost Index q/q,Medium,0.5%,0.5%,0.6%,2014-11-04 16:45:00
2014-11-04,5:25pm,AUD,AIG Services Index,Non-economic,43.6,,45.4,2014-11-04 17:25:00
2014-11-04,6:50pm,JPY,Monetary Base y/y,Non-economic,36.9%,36.2%,35.3%,2014-11-04 18:50:00
2014-11-04,7:01pm,GBP,BRC Shop Price Index y/y,Non-economic,-1.9%,,-1.8%,2014-11-04 19:01:00
2014-11-04,8:30pm,JPY,Average Cash Earnings y/y,Medium,0.8%,0.9%,0.9%,2014-11-04 20:30:00
2014-11-04,8:45pm,CNY,RatingDog Services PMI,Medium,52.9,,53.5,2014-11-04 20:45:00
2014-11-04,9:30pm,JPY,BOJ Gov Kuroda Speaks,High,,,,2014-11-04 21:30:00
2014-11-04,10:45pm,JPY,10-y Bond Auction,Non-economic,0.44|3.5,,0.52|3.5,2014-11-04 22:45:00
2014-11-05,3:15am,CHF,CPI m/m,Medium,0.0%,-0.1%,0.1%,2014-11-05 03:15:00
2014-11-05,3:15am,EUR,Spanish Services PMI,Medium,55.9,56.2,55.8,2014-11-05 03:15:00
2014-11-05,3:45am,EUR,Italian Services PMI,Medium,50.8,49.6,48.8,2014-11-05 03:45:00
2014-11-05,3:50am,EUR,French Final Services PMI,Non-economic,48.3,48.1,48.1,2014-11-05 03:50:00
2014-11-05,3:55am,EUR,German Final Services PMI,Medium,54.4,54.8,54.8,2014-11-05 03:55:00
2014-11-05,4:00am,EUR,Final Services PMI,Non-economic,52.3,52.4,52.4,2014-11-05 04:00:00
2014-11-05,4:30am,GBP,Final Services PMI,High,56.2,58.5,58.7,2014-11-05 04:30:00
2014-11-05,5:00am,EUR,Retail Sales m/m,Medium,-1.3%,-0.6%,0.9%,2014-11-05 05:00:00
2014-11-05,8:15am,USD,ADP Non-Farm Employment Change,High,230K,214K,225K,2014-11-05 08:15:00
2014-11-05,9:15am,USD,FOMC Member Kocherlakota Speaks,Medium,,,,2014-11-05 09:15:00
2014-11-05,9:45am,USD,Final Services PMI,Non-economic,57.1,57.3,57.3,2014-11-05 09:45:00
2014-11-05,10:00am,USD,ISM Services PMI,High,57.1,58.2,58.6,2014-11-05 10:00:00
2014-11-05,10:30am,USD,Crude Oil Inventories,Medium,0.5M,1.8M,2.1M,2014-11-05 10:30:00
2014-11-05,6:50pm,JPY,Monetary Policy Meeting Minutes,Medium,,,,2014-11-05 18:50:00
2014-11-05,7:30pm,AUD,Employment Change,High,24.1K,20.3K,-23.7K,2014-11-05 19:30:00
2014-11-05,7:30pm,AUD,Unemployment Rate,High,6.2%,6.2%,6.2%,2014-11-05 19:30:00
2014-11-06,12:00am,JPY,Leading Indicators,Non-economic,105.6%,105.5%,104.4%,2014-11-06 00:00:00
2014-11-06,1:45am,CHF,SECO Consumer Climate,Non-economic,-11,-4,-1,2014-11-06 01:45:00
2014-11-06,2:00am,EUR,German Factory Orders m/m,Medium,0.8%,2.2%,-4.2%,2014-11-06 02:00:00
2014-11-06,2:59am,GBP,Halifax HPI m/m,Medium,-0.4%,0.5%,0.4%,2014-11-06 02:59:00
2014-11-06,4:10am,EUR,Retail PMI,Non-economic,47.0,,44.8,2014-11-06 04:10:00
2014-11-06,All Day,EUR,Eurogroup Meetings,Medium,,,,2014-11-06 00:00:00
2014-11-06,4:30am,GBP,Manufacturing Production m/m,High,0.4%,0.3%,0.2%,2014-11-06 04:30:00
2014-11-06,4:30am,GBP,Industrial Production m/m,Non-economic,0.6%,0.5%,-0.1%,2014-11-06 04:30:00
2014-11-06,4:46am,EUR,Spanish 10-y Bond Auction,Medium,2.12|3.0,,2.20|1.6,2014-11-06 04:46:00
2014-11-06,5:00am,EUR,French 10-y Bond Auction,Non-economic,1.18|1.4,,1.23|2.0,2014-11-06 05:00:00
2014-11-06,7:00am,GBP,Asset Purchase Facility,High,375B,375B,375B,2014-11-06 07:00:00
2014-11-06,7:00am,GBP,Official Bank Rate,High,0.50%,0.50%,0.50%,2014-11-06 07:00:00
2014-11-06,7:30am,USD,Challenger Job Cuts y/y,Non-economic,11.9%,,-24.4%,2014-11-06 07:30:00
2014-11-06,7:45am,EUR,Main Refinancing Rate,High,0.05%,0.05%,0.05%,2014-11-06 07:45:00
2014-11-06,8:30am,CAD,Building Permits m/m,High,12.7%,5.2%,-27.3%,2014-11-06 08:30:00
2014-11-06,8:30am,EUR,ECB Press Conference,High,,,,2014-11-06 08:30:00
2014-11-06,8:30am,USD,Unemployment Claims,High,278K,285K,288K,2014-11-06 08:30:00
2014-11-06,8:30am,USD,Prelim Nonfarm Productivity q/q,Medium,2.0%,0.9%,2.3%,2014-11-06 08:30:00
2014-11-06,8:30am,USD,Prelim Unit Labor Costs q/q,Medium,0.3%,1.0%,-0.1%,2014-11-06 08:30:00
2014-11-06,10:00am,CAD,Ivey PMI,High,51.2,59.2,58.6,2014-11-06 10:00:00
2014-11-06,10:00am,GBP,NIESR GDP Estimate,Medium,0.7%,,0.7%,2014-11-06 10:00:00
2014-11-06,10:30am,USD,Natural Gas Storage,Non-economic,91B,86B,87B,2014-11-06 10:30:00
2014-11-06,1:30pm,USD,FOMC Member Powell Speaks,Medium,,,,2014-11-06 13:30:00
2014-11-06,5:27pm,AUD,AIG Construction Index,Non-economic,53.4,,59.1,2014-11-06 17:27:00
2014-11-06,7:05pm,USD,FOMC Member Mester Speaks,Medium,,,,2014-11-06 19:05:00
2014-11-06,7:30pm,AUD,RBA Monetary Policy Statement,High,,,,2014-11-06 19:30:00
2014-11-07,1:45am,CHF,Unemployment Rate,Non-economic,3.2%,3.2%,3.2%,2014-11-07 01:45:00
2014-11-07,2:00am,EUR,German Industrial Production m/m,Non-economic,1.4%,2.1%,-3.1%,2014-11-07 02:00:00
2014-11-07,2:00am,EUR,German Trade Balance,Non-economic,18.5B,18.3B,17.5B,2014-11-07 02:00:00
2014-11-07,2:45am,EUR,French Industrial Production m/m,Medium,0.0%,-0.1%,-0.2%,2014-11-07 02:45:00
2014-11-07,2:45am,EUR,French Gov Budget Balance,Non-economic,-80.5B,,-94.1B,2014-11-07 02:45:00
2014-11-07,2:45am,EUR,French Trade Balance,Non-economic,-4.7B,-5.2B,-5.0B,2014-11-07 02:45:00
2014-11-07,3:00am,CHF,Foreign Currency Reserves,Medium,460B,,462B,2014-11-07 03:00:00
2014-11-07,3:15am,CHF,Retail Sales y/y,Medium,0.3%,2.2%,1.4%,2014-11-07 03:15:00
2014-11-07,4:30am,GBP,Goods Trade Balance,Medium,-9.8B,-9.4B,-9.0B,2014-11-07 04:30:00
2014-11-07,5:15am,GBP,BOE Gov Carney Speaks,High,,,,2014-11-07 05:15:00
2014-11-07,All Day,EUR,ECOFIN Meetings,Medium,,,,2014-11-07 00:00:00
2014-11-07,8:30am,CAD,Employment Change,High,43.1K,-3.9K,74.1K,2014-11-07 08:30:00
2014-11-07,8:30am,CAD,Unemployment Rate,High,6.5%,6.8%,6.8%,2014-11-07 08:30:00
2014-11-07,8:30am,USD,Non-Farm Employment Change,High,214K,235K,256K,2014-11-07 08:30:00
2014-11-07,8:30am,USD,Unemployment Rate,High,5.8%,5.9%,5.9%,2014-11-07 08:30:00
2014-11-07,8:30am,USD,Average Hourly Earnings m/m,Medium,0.1%,0.2%,0.0%,2014-11-07 08:30:00
2014-11-07,10:15am,USD,Fed Chair Yellen Speaks,High,,,,2014-11-07 10:15:00
2014-11-07,2:30pm,USD,FOMC Member Tarullo Speaks,Non-economic,,,,2014-11-07 14:30:00
2014-11-07,3:00pm,USD,Consumer Credit m/m,Non-economic,15.9B,16.6B,14.0B,2014-11-07 15:00:00
2014-11-07,9:10pm,CNY,USD-Denominated Trade Balance,High,45.4B,41.6B,31.0B,2014-11-07 21:10:00
2014-11-09,7:30pm,AUD,Home Loans m/m,Medium,-0.7%,-0.3%,-0.4%,2014-11-09 19:30:00
2014-11-09,8:30pm,CNY,CPI y/y,High,1.6%,1.6%,1.6%,2014-11-09 20:30:00
2014-11-09,8:30pm,CNY,PPI y/y,Medium,-2.2%,-1.9%,-1.8%,2014-11-09 20:30:00
2014-11-10,4:00am,EUR,Italian Industrial Production m/m,Non-economic,-0.9%,0.2%,0.2%,2014-11-10 04:00:00
2014-11-10,4:30am,EUR,Sentix Investor Confidence,Non-economic,-11.9,-6.9,-13.7,2014-11-10 04:30:00
2014-11-10,8:15am,CAD,Housing Starts,Medium,184K,200K,197K,2014-11-10 08:15:00
2014-11-10,10:01am,USD,Labor Market Conditions Index m/m,Non-economic,4.0,,4.0,2014-11-10 10:01:00
2014-11-10,6:50pm,JPY,Current Account,Medium,0.41T,0.03T,0.13T,2014-11-10 18:50:00
2014-11-10,6:50pm,JPY,Bank Lending y/y,Non-economic,2.4%,,2.3%,2014-11-10 18:50:00
2014-11-10,7:01pm,GBP,BRC Retail Sales Monitor y/y,Non-economic,0.0%,,-2.1%,2014-11-10 19:01:00
2014-11-10,7:30pm,AUD,NAB Business Confidence,High,4,,6,2014-11-10 19:30:00
2014-11-10,7:30pm,AUD,HPI q/q,Medium,1.5%,1.6%,1.9%,2014-11-10 19:30:00
2014-11-10,10:45pm,JPY,30-y Bond Auction,Non-economic,1.48|3.0,,1.63|2.6,2014-11-10 22:45:00
2014-11-11,12:00am,JPY,Consumer Confidence,Non-economic,38.9,40.6,39.9,2014-11-11 00:00:00
2014-11-11,1:00am,JPY,Economy Watchers Sentiment,Non-economic,44.0,49.2,47.4,2014-11-11 01:00:00
2014-11-11,1:00am,JPY,Prelim Machine Tool Orders y/y,Non-economic,31.2%,,34.7%,2014-11-11 01:00:00
2014-11-11,All Day,EUR,French Bank Holiday,Low,,,,2014-11-11 00:00:00
2014-11-11,7:30am,USD,NFIB Small Business Index,Non-economic,96.1,95.1,95.3,2014-11-11 07:30:00
2014-11-11,All Day,CAD,Bank Holiday,Low,,,,2014-11-11 00:00:00
2014-11-11,All Day,USD,Bank Holiday,Low,,,,2014-11-11 00:00:00
2014-11-11,3:00pm,NZD,RBNZ Financial Stability Report,High,,,,2014-11-11 15:00:00
2014-11-11,3:05pm,NZD,RBNZ Gov Wheeler Speaks,High,,,,2014-11-11 15:05:00
2014-11-11,6:30pm,AUD,Westpac Consumer Sentiment,Medium,1.9%,,0.9%,2014-11-11 18:30:00
2014-11-11,6:50pm,JPY,Tertiary Industry Activity m/m,Medium,1.0%,0.9%,-0.1%,2014-11-11 18:50:00
2014-11-11,6:50pm,JPY,M2 Money Stock y/y,Non-economic,3.2%,2.5%,3.1%,2014-11-11 18:50:00
2014-11-11,7:30pm,AUD,Wage Price Index q/q,Medium,0.6%,0.6%,0.6%,2014-11-11 19:30:00
2014-11-12,2:00am,EUR,German WPI m/m,Non-economic,-0.6%,0.2%,0.1%,2014-11-12 02:00:00
2014-11-12,3:00am,USD,FOMC Member Plosser Speaks,Medium,,,,2014-11-12 03:00:00
2014-11-12,4:30am,GBP,Average Earnings Index 3m/y,High,1.0%,0.9%,0.7%,2014-11-12 04:30:00
2014-11-12,4:30am,GBP,Claimant Count Change,High,-20.4K,-24.9K,-18.4K,2014-11-12 04:30:00
2014-11-12,4:30am,GBP,Unemployment Rate,Medium,6.0%,5.9%,6.0%,2014-11-12 04:30:00
2014-11-12,5:00am,EUR,Industrial Production m/m,Medium,0.6%,0.6%,-1.4%,2014-11-12 05:00:00
2014-11-12,5:00am,GBP,CB Leading Index m/m,Non-economic,-0.4%,,0.4%,2014-11-12 05:00:00
2014-11-12,5:30am,GBP,BOE Gov Carney Speaks,High,,,,2014-11-12 05:30:00
2014-11-12,5:30am,GBP,BOE Monetary Policy Report,High,,,,2014-11-12 05:30:00
2014-11-12,10:00am,USD,Final Wholesale Inventories m/m,Non-economic,0.3%,0.3%,0.6%,2014-11-12 10:00:00
2014-11-12,11:25am,CAD,Gov Council Member Schembri Speaks,Medium,,,,2014-11-12 11:25:00
2014-11-12,12:00pm,USD,FOMC Member Kocherlakota Speaks,Medium,,,,2014-11-12 12:00:00
2014-11-12,1:01pm,USD,10-y Bond Auction,Medium,2.37|2.5,,2.38|2.5,2014-11-12 13:01:00
2014-11-12,4:30pm,NZD,BusinessNZ Manufacturing Index,Medium,59.3,,58.5,2014-11-12 16:30:00
2014-11-12,4:45pm,NZD,FPI m/m,Non-economic,0.0%,,-0.8%,2014-11-12 16:45:00
2014-11-12,6:50pm,JPY,Core Machinery Orders m/m,Medium,2.9%,-1.0%,4.7%,2014-11-12 18:50:00
2014-11-12,6:50pm,JPY,PPI y/y,Non-economic,2.9%,3.4%,3.6%,2014-11-12 18:50:00
2014-11-12,7:00pm,AUD,MI Inflation Expectations,Medium,4.1%,,3.4%,2014-11-12 19:00:00
2014-11-12,7:01pm,GBP,RICS House Price Balance,Non-economic,20%,25%,30%,2014-11-12 19:01:00
2014-11-12,8:10pm,NZD,REINZ HPI m/m,Non-economic,1.4%,,0.2%,2014-11-12 20:10:00
2014-11-12,8:30pm,AUD,RBA Assist Gov Kent Speaks,Medium,,,,2014-11-12 20:30:00
2014-11-12,11:30pm,JPY,Revised Industrial Production m/m,Non-economic,2.9%,2.7%,2.7%,2014-11-12 23:30:00
2014-11-13,12:30am,CNY,Industrial Production y/y,High,7.7%,8.0%,8.0%,2014-11-13 00:30:00
2014-11-13,12:30am,CNY,Fixed Asset Investment ytd/y,Medium,15.9%,16.0%,16.1%,2014-11-13 00:30:00
2014-11-13,12:30am,CNY,Retail Sales y/y,Non-economic,11.5%,11.6%,11.6%,2014-11-13 00:30:00
2014-11-13,2:00am,EUR,German Final CPI m/m,Non-economic,-0.3%,-0.3%,-0.3%,2014-11-13 02:00:00
2014-11-13,2:45am,EUR,French Final CPI m/m,Non-economic,0.0%,-0.1%,-0.4%,2014-11-13 02:45:00
2014-11-13,3:15am,CHF,PPI m/m,Medium,-0.1%,-0.2%,-0.1%,2014-11-13 03:15:00
2014-11-13,4:00am,EUR,ECB Monthly Bulletin,Non-economic,,,,2014-11-13 04:00:00
2014-11-13,5:35am,GBP,10-y Bond Auction,Non-economic,2.21|1.5,,2.15|1.7,2014-11-13 05:35:00
2014-11-13,8:30am,CAD,NHPI m/m,Medium,0.1%,0.2%,0.3%,2014-11-13 08:30:00
2014-11-13,8:30am,USD,Unemployment Claims,High,290K,282K,278K,2014-11-13 08:30:00
2014-11-13,10:00am,USD,JOLTS Job Openings,Medium,4.74M,4.81M,4.85M,2014-11-13 10:00:00
2014-11-13,10:30am,CAD,BOC Review,Non-economic,,,,2014-11-13 10:30:00
2014-11-13,11:00am,USD,Crude Oil Inventories,Medium,-1.7M,0.7M,0.5M,2014-11-13 11:00:00
2014-11-13,12:30pm,USD,FOMC Member Plosser Speaks,Medium,,,,2014-11-13 12:30:00
2014-11-13,12:45pm,USD,Fed Chair Yellen Speaks,High,,,,2014-11-13 12:45:00
2014-11-13,1:01pm,USD,30-y Bond Auction,Non-economic,3.09|2.3,,3.07|2.4,2014-11-13 13:01:00
2014-11-13,1:59pm,USD,Federal Budget Balance,Non-economic,-121.7B,-111.5B,105.8B,2014-11-13 13:59:00
2014-11-13,3:05pm,CAD,Gov Council Member Wilkins Speaks,Medium,,,,2014-11-13 15:05:00
2014-11-13,3:30pm,USD,FOMC Member Kocherlakota Speaks,Medium,,,,2014-11-13 15:30:00
2014-11-14,1:30am,EUR,French Prelim GDP q/q,High,0.3%,0.1%,-0.1%,2014-11-14 01:30:00
2014-11-14,2:00am,EUR,German Prelim GDP q/q,High,0.1%,0.1%,-0.2%,2014-11-14 02:00:00
2014-11-14,2:45am,EUR,French Prelim Private Payrolls q/q,Medium,-0.2%,0.2%,0.1%,2014-11-14 02:45:00
2014-11-14,3:02am,CNY,New Loans,Medium,548B,615B,857B,2014-11-14 03:02:00
2014-11-14,3:02am,CNY,M2 Money Supply y/y,Non-economic,12.6%,12.9%,12.9%,2014-11-14 03:02:00
2014-11-14,4:00am,EUR,Italian Prelim GDP q/q,Medium,-0.1%,-0.1%,-0.2%,2014-11-14 04:00:00
2014-11-14,4:30am,GBP,Construction Output m/m,Medium,1.8%,3.7%,-3.0%,2014-11-14 04:30:00
2014-11-14,5:00am,EUR,Final CPI y/y,Medium,0.4%,0.4%,0.4%,2014-11-14 05:00:00
2014-11-14,5:00am,EUR,Flash GDP q/q,Medium,0.2%,0.1%,0.1%,2014-11-14 05:00:00
2014-11-14,5:00am,EUR,Final Core CPI y/y,Non-economic,0.7%,0.7%,0.7%,2014-11-14 05:00:00
2014-11-14,8:30am,CAD,Manufacturing Sales m/m,High,2.1%,1.3%,-3.5%,2014-11-14 08:30:00
2014-11-14,8:30am,USD,Core Retail Sales m/m,High,0.3%,0.2%,0.0%,2014-11-14 08:30:00
2014-11-14,8:30am,USD,Retail Sales m/m,High,0.3%,0.2%,-0.3%,2014-11-14 08:30:00
2014-11-14,8:30am,USD,Import Prices m/m,Medium,-1.3%,-1.7%,-0.6%,2014-11-14 08:30:00
2014-11-14,9:55am,USD,Prelim UoM Consumer Sentiment,High,89.4,87.3,86.9,2014-11-14 09:55:00
2014-11-14,9:55am,USD,Prelim UoM Inflation Expectations,Non-economic,2.6%,,2.9%,2014-11-14 09:55:00
2014-11-14,10:00am,USD,Business Inventories m/m,Medium,0.3%,0.3%,0.1%,2014-11-14 10:00:00
2014-11-14,10:00am,USD,Mortgage Delinquencies,Medium,5.85%,,6.04%,2014-11-14 10:00:00
2014-11-14,10:30am,USD,Natural Gas Storage,Non-economic,40B,37B,91B,2014-11-14 10:30:00
2014-11-14,4:00pm,USD,FOMC Member Fischer Speaks,Medium,,,,2014-11-14 16:00:00
2014-11-14,Day 1,All,G20 Meetings,High,,,,2014-11-14 00:00:00
2014-11-15,Day 2,All,G20 Meetings,Medium,,,,2014-11-15 00:00:00
2014-11-16,4:30pm,NZD,BusinessNZ Services Index,Non-economic,57.8,,57.6,2014-11-16 16:30:00
2014-11-16,4:45pm,NZD,Retail Sales q/q,High,1.5%,0.8%,1.1%,2014-11-16 16:45:00
2014-11-16,4:45pm,NZD,Core Retail Sales q/q,Medium,1.4%,1.0%,1.2%,2014-11-16 16:45:00
2014-11-16,6:50pm,JPY,Prelim GDP q/q,High,-0.4%,0.5%,-1.8%,2014-11-16 18:50:00
2014-11-16,6:50pm,JPY,Prelim GDP Price Index y/y,Non-economic,2.1%,1.9%,2.0%,2014-11-16 18:50:00
2014-11-16,6:54pm,GBP,Rightmove HPI m/m,Non-economic,-1.7%,,2.6%,2014-11-16 18:54:00
2014-11-16,7:30pm,AUD,New Motor Vehicle Sales m/m,Medium,-1.6%,,2.8%,2014-11-16 19:30:00
2014-11-17,4:00am,EUR,Italian Trade Balance,Non-economic,2.01B,2.68B,2.06B,2014-11-17 04:00:00
2014-11-17,4:30am,GBP,MPC Member Haldane Speaks,Medium,,,,2014-11-17 04:30:00
2014-11-17,5:00am,EUR,Trade Balance,Non-economic,17.7B,16.2B,15.4B,2014-11-17 05:00:00
2014-11-17,6:00am,EUR,German Buba Monthly Report,Medium,,,,2014-11-17 06:00:00
2014-11-17,8:30am,CAD,Foreign Securities Purchases,Medium,4.37B,11.32B,10.29B,2014-11-17 08:30:00
2014-11-17,8:30am,USD,Empire State Manufacturing Index,Medium,10.2,12.1,6.2,2014-11-17 08:30:00
2014-11-17,9:00am,EUR,ECB President Draghi Speaks,High,,,,2014-11-17 09:00:00
2014-11-17,9:15am,USD,Capacity Utilization Rate,Medium,78.9%,79.3%,79.2%,2014-11-17 09:15:00
2014-11-17,9:15am,USD,Industrial Production m/m,Medium,-0.1%,0.2%,0.8%,2014-11-17 09:15:00
2014-11-17,6:00pm,AUD,CB Leading Index m/m,Non-economic,-0.3%,,-0.1%,2014-11-17 18:00:00
2014-11-17,7:30pm,AUD,Monetary Policy Meeting Minutes,High,,,,2014-11-17 19:30:00
2014-11-17,9:05pm,CNY,Foreign Direct Investment ytd/y,Non-economic,-1.2%,,-1.4%,2014-11-17 21:05:00
2014-11-18,3:25am,AUD,RBA Gov Stevens Speaks,High,,,,2014-11-18 03:25:00
2014-11-18,4:30am,GBP,CPI y/y,High,1.3%,1.2%,1.2%,2014-11-18 04:30:00
2014-11-18,4:30am,GBP,PPI Input m/m,Medium,-1.5%,-1.4%,-0.6%,2014-11-18 04:30:00
2014-11-18,4:30am,GBP,RPI y/y,Medium,2.3%,2.3%,2.3%,2014-11-18 04:30:00
2014-11-18,4:30am,GBP,Core CPI y/y,Non-economic,1.5%,1.6%,1.5%,2014-11-18 04:30:00
2014-11-18,4:30am,GBP,ONS HPI y/y,Non-economic,12.1%,12.1%,11.7%,2014-11-18 04:30:00
2014-11-18,4:30am,GBP,PPI Output m/m,Non-economic,-0.3%,-0.2%,-0.2%,2014-11-18 04:30:00
2014-11-18,5:00am,EUR,German ZEW Economic Sentiment,High,11.5,0.9,-3.6,2014-11-18 05:00:00
2014-11-18,5:00am,EUR,ZEW Economic Sentiment,Medium,11.0,4.3,4.1,2014-11-18 05:00:00
2014-11-18,8:30am,USD,PPI m/m,High,0.2%,-0.1%,-0.1%,2014-11-18 08:30:00
2014-11-18,8:30am,USD,Core PPI m/m,Medium,0.4%,0.2%,0.0%,2014-11-18 08:30:00
2014-11-18,9:41am,NZD,GDT Price Index,High,-3.1%,,-0.3%,2014-11-18 09:41:00
2014-11-18,10:00am,USD,NAHB Housing Market Index,Medium,58,55,54,2014-11-18 10:00:00
2014-11-18,1:30pm,GBP,MPC Member Forbes Speaks,Medium,,,,2014-11-18 13:30:00
2014-11-18,1:30pm,USD,FOMC Member Kocherlakota Speaks,Medium,,,,2014-11-18 13:30:00
2014-11-18,2:05pm,CAD,Gov Council Member Cote Speaks,Non-economic,,,,2014-11-18 14:05:00
2014-11-18,4:00pm,USD,TIC Long-Term Purchases,Non-economic,164.3B,41.3B,52.1B,2014-11-18 16:00:00
2014-11-18,6:30pm,AUD,MI Leading Index m/m,Non-economic,0.0%,,-0.1%,2014-11-18 18:30:00
2014-11-18,10:24pm,JPY,Monetary Policy Statement,High,,,,2014-11-18 22:24:00
2014-11-18,11:30pm,JPY,All Industries Activity m/m,Non-economic,1.0%,1.2%,0.0%,2014-11-18 23:30:00
2014-11-19,1:29am,JPY,BOJ Press Conference,High,,,,2014-11-19 01:29:00
2014-11-19,4:00am,EUR,Current Account,Non-economic,30.0B,21.3B,22.8B,2014-11-19 04:00:00
2014-11-19,4:30am,GBP,MPC Official Bank Rate Votes,High,2-0-7,2-0-7,2-0-7,2014-11-19 04:30:00
2014-11-19,4:30am,GBP,MPC Asset Purchase Facility Votes,Medium,0-0-9,0-0-9,0-0-9,2014-11-19 04:30:00
2014-11-19,5:00am,CHF,UBS Economic Expectations,Non-economic,-7.6,,-30.7,2014-11-19 05:00:00
2014-11-19,8:30am,USD,Building Permits,High,1.08M,1.04M,1.03M,2014-11-19 08:30:00
2014-11-19,8:30am,USD,Housing Starts,Medium,1.01M,1.03M,1.04M,2014-11-19 08:30:00
2014-11-19,10:30am,USD,Crude Oil Inventories,Medium,2.6M,-0.7M,-1.7M,2014-11-19 10:30:00
2014-11-19,2:00pm,USD,FOMC Meeting Minutes,High,,,,2014-11-19 14:00:00
2014-11-19,4:45pm,NZD,PPI Input q/q,High,-1.5%,0.3%,-1.0%,2014-11-19 16:45:00
2014-11-19,4:45pm,NZD,PPI Output q/q,Non-economic,-1.1%,0.2%,-0.5%,2014-11-19 16:45:00
2014-11-19,6:50pm,JPY,Trade Balance,Medium,-0.98T,-1.02T,-1.07T,2014-11-19 18:50:00
2014-11-19,8:35pm,JPY,Flash Manufacturing PMI,Non-economic,52.1,52.7,52.4,2014-11-19 20:35:00
2014-11-19,8:45pm,CNY,Caixin Flash Manufacturing PMI,High,50.0,50.2,50.4,2014-11-19 20:45:00
2014-11-20,12:00am,JPY,BOJ Monthly Report,Non-economic,,,,2014-11-20 00:00:00
2014-11-20,2:00am,CHF,Trade Balance,Medium,3.26B,2.57B,2.49B,2014-11-20 02:00:00
2014-11-20,2:00am,EUR,German PPI m/m,Non-economic,-0.2%,-0.1%,0.0%,2014-11-20 02:00:00
2014-11-20,3:00am,EUR,French Flash Manufacturing PMI,High,47.6,48.9,48.5,2014-11-20 03:00:00
2014-11-20,3:00am,EUR,French Flash Services PMI,Medium,48.8,48.6,48.3,2014-11-20 03:00:00
2014-11-20,3:30am,EUR,German Flash Manufacturing PMI,High,50.0,51.5,51.4,2014-11-20 03:30:00
2014-11-20,3:30am,EUR,German Flash Services PMI,Medium,52.1,54.5,54.4,2014-11-20 03:30:00
2014-11-20,4:00am,EUR,Flash Manufacturing PMI,Medium,50.4,50.9,50.6,2014-11-20 04:00:00
2014-11-20,4:00am,EUR,Flash Services PMI,Medium,51.3,52.3,52.3,2014-11-20 04:00:00
2014-11-20,4:30am,GBP,Retail Sales m/m,High,0.8%,0.4%,-0.4%,2014-11-20 04:30:00
2014-11-20,6:00am,GBP,CBI Industrial Order Expectations,Medium,3,-3,-6,2014-11-20 06:00:00
2014-11-20,7:45am,USD,FOMC Member Tarullo Speaks,Non-economic,,,,2014-11-20 07:45:00
2014-11-20,8:30am,CAD,Wholesale Sales m/m,High,1.8%,0.7%,0.0%,2014-11-20 08:30:00
2014-11-20,8:30am,USD,Core CPI m/m,High,0.2%,0.2%,0.1%,2014-11-20 08:30:00
2014-11-20,8:30am,USD,CPI m/m,High,0.0%,-0.1%,0.1%,2014-11-20 08:30:00
2014-11-20,8:30am,USD,CPI y/y,High,1.7%,1.6%,1.7%,2014-11-20 08:30:00
2014-11-20,8:30am,USD,Unemployment Claims,High,291K,286K,293K,2014-11-20 08:30:00
2014-11-20,9:45am,USD,Flash Manufacturing PMI,Medium,54.7,56.2,55.9,2014-11-20 09:45:00
2014-11-20,10:00am,EUR,Consumer Confidence,Non-economic,-12,-11,-11,2014-11-20 10:00:00
2014-11-20,10:00am,USD,Philly Fed Manufacturing Index,High,40.8,18.9,20.7,2014-11-20 10:00:00
2014-11-20,10:00am,USD,Existing Home Sales,Medium,5.26M,5.16M,5.18M,2014-11-20 10:00:00
2014-11-20,10:00am,USD,CB Leading Index m/m,Non-economic,0.9%,0.6%,0.7%,2014-11-20 10:00:00
2014-11-20,10:30am,USD,Natural Gas Storage,Non-economic,-17B,-12B,40B,2014-11-20 10:30:00
2014-11-20,12:00pm,CHF,Gov Board Member Zurbrugg Speaks,Medium,,,,2014-11-20 12:00:00
2014-11-20,1:30pm,USD,FOMC Member Mester Speaks,Medium,,,,2014-11-20 13:30:00
2014-11-20,9:00pm,NZD,Credit Card Spending y/y,Non-economic,6.7%,,4.5%,2014-11-20 21:00:00
2014-11-21,3:00am,EUR,ECB President Draghi Speaks,High,,,,2014-11-21 03:00:00
2014-11-21,4:30am,GBP,Public Sector Net Borrowing,Medium,7.1B,6.9B,10.6B,2014-11-21 04:30:00
2014-11-21,5:15am,EUR,German Buba President Weidmann Speaks,Medium,,,,2014-11-21 05:15:00
2014-11-21,8:30am,CAD,Core CPI m/m,High,0.3%,0.2%,0.2%,2014-11-21 08:30:00
2014-11-21,8:30am,CAD,CPI m/m,Medium,0.1%,-0.3%,0.1%,2014-11-21 08:30:00
2014-11-21,2:45pm,GBP,MPC Member Miles Speaks,Medium,,,,2014-11-21 14:45:00
2014-11-23,8:00am,CHF,SNB Chairman Jordan Speaks,High,,,,2014-11-23 08:00:00
2014-11-23,4:45pm,NZD,Visitor Arrivals m/m,Non-economic,3.3%,,1.1%,2014-11-23 16:45:00
2014-11-23,All Day,JPY,Bank Holiday,Low,,,,2014-11-23 00:00:00
2014-11-24,3:15am,CHF,Employment Level,Medium,4.23M,4.22M,4.20M,2014-11-24 03:15:00
2014-11-24,4:00am,EUR,German ifo Business Climate,High,104.7,103.0,103.2,2014-11-24 04:00:00
2014-11-24,9:00am,EUR,Belgian NBB Business Climate,Non-economic,-6.1,-5.3,-6.8,2014-11-24 09:00:00
2014-11-24,9:45am,USD,Flash Services PMI,Non-economic,56.3,57.3,57.1,2014-11-24 09:45:00
2014-11-24,6:50pm,JPY,Monetary Policy Meeting Minutes,Medium,,,,2014-11-24 18:50:00
2014-11-24,6:50pm,JPY,SPPI y/y,Non-economic,3.6%,3.6%,3.5%,2014-11-24 18:50:00
2014-11-24,8:00pm,JPY,BOJ Gov Kuroda Speaks,High,,,,2014-11-24 20:00:00
2014-11-24,9:00pm,CNY,CB Leading Index m/m,Non-economic,0.9%,,1.0%,2014-11-24 21:00:00
2014-11-24,9:00pm,NZD,Inflation Expectations q/q,Medium,2.06%,,2.23%,2014-11-24 21:00:00
2014-11-25,2:00am,EUR,German Final GDP q/q,Non-economic,0.1%,0.1%,0.1%,2014-11-25 02:00:00
2014-11-25,4:00am,EUR,Italian Retail Sales m/m,Non-economic,-0.1%,0.2%,-0.2%,2014-11-25 04:00:00
2014-11-25,4:05am,AUD,RBA Deputy Gov Lowe Speaks,Medium,,,,2014-11-25 04:05:00
2014-11-25,4:30am,GBP,High Street Lending,Medium,37.1K,38.5K,39.1K,2014-11-25 04:30:00
2014-11-25,5:00am,GBP,Monetary Policy Report Hearings,High,,,,2014-11-25 05:00:00
2014-11-25,8:30am,CAD,Core Retail Sales m/m,High,0.0%,0.4%,-0.2%,2014-11-25 08:30:00
2014-11-25,8:30am,CAD,Retail Sales m/m,Medium,0.8%,0.6%,-0.2%,2014-11-25 08:30:00
2014-11-25,8:30am,CAD,Corporate Profits q/q,Non-economic,3.7%,,2.6%,2014-11-25 08:30:00
2014-11-25,8:30am,USD,Prelim GDP q/q,High,3.9%,3.3%,3.5%,2014-11-25 08:30:00
2014-11-25,8:30am,USD,Prelim GDP Price Index q/q,Non-economic,1.4%,1.3%,1.3%,2014-11-25 08:30:00
2014-11-25,9:00am,USD,S&P/CS Composite-20 HPI y/y,Non-economic,4.9%,4.7%,5.6%,2014-11-25 09:00:00
2014-11-25,9:05am,USD,HPI m/m,Non-economic,0.0%,0.5%,0.4%,2014-11-25 09:05:00
2014-11-25,9:59am,USD,Richmond Manufacturing Index,Non-economic,4,17,20,2014-11-25 09:59:00
2014-11-25,10:00am,USD,CB Consumer Confidence,High,88.7,95.9,94.1,2014-11-25 10:00:00
2014-11-25,7:30pm,AUD,Construction Work Done q/q,Medium,-2.2%,-1.7%,-1.2%,2014-11-25 19:30:00
2014-11-26,2:00am,CHF,UBS Consumption Indicator,Non-economic,1.29,,1.39,2014-11-26 02:00:00
2014-11-26,2:00am,EUR,German Import Prices m/m,Non-economic,-0.3%,-0.3%,0.3%,2014-11-26 02:00:00
2014-11-26,4:30am,GBP,Second Estimate GDP q/q,High,0.7%,0.7%,0.7%,2014-11-26 04:30:00
2014-11-26,4:30am,GBP,Prelim Business Investment q/q,Medium,-0.7%,2.3%,3.3%,2014-11-26 04:30:00
2014-11-26,4:30am,GBP,Index of Services 3m/3m,Non-economic,0.8%,0.7%,0.8%,2014-11-26 04:30:00
2014-11-26,5:33am,EUR,German 10-y Bond Auction,Medium,0.74|1.1,,0.87|1.2,2014-11-26 05:33:00
2014-11-26,6:00am,GBP,CBI Realized Sales,Medium,27,28,31,2014-11-26 06:00:00
2014-11-26,8:30am,USD,Core Durable Goods Orders m/m,High,-0.9%,0.5%,-0.1%,2014-11-26 08:30:00
2014-11-26,8:30am,USD,Unemployment Claims,High,313K,287K,292K,2014-11-26 08:30:00
2014-11-26,8:30am,USD,Core PCE Price Index m/m,Medium,0.2%,0.1%,0.1%,2014-11-26 08:30:00
2014-11-26,8:30am,USD,Durable Goods Orders m/m,Medium,0.4%,-0.4%,-1.1%,2014-11-26 08:30:00
2014-11-26,8:30am,USD,Personal Spending m/m,Medium,0.2%,0.4%,0.0%,2014-11-26 08:30:00
2014-11-26,8:30am,USD,Personal Income m/m,Non-economic,0.2%,0.4%,0.2%,2014-11-26 08:30:00
2014-11-26,9:45am,USD,Chicago PMI,Medium,60.8,63.1,66.2,2014-11-26 09:45:00
2014-11-26,9:55am,USD,Revised UoM Consumer Sentiment,Medium,88.8,90.2,89.4,2014-11-26 09:55:00
2014-11-26,9:55am,USD,Revised UoM Inflation Expectations,Non-economic,2.8%,,2.6%,2014-11-26 09:55:00
2014-11-26,10:00am,USD,New Home Sales,High,458K,471K,455K,2014-11-26 10:00:00
2014-11-26,10:00am,USD,Pending Home Sales m/m,Medium,-1.1%,0.9%,0.6%,2014-11-26 10:00:00
2014-11-26,10:30am,USD,Crude Oil Inventories,Medium,1.9M,0.4M,2.6M,2014-11-26 10:30:00
2014-11-26,12:00pm,USD,Natural Gas Storage,Non-economic,-162B,-145B,-17B,2014-11-26 12:00:00
2014-11-26,4:45pm,NZD,Trade Balance,High,-908M,-645M,-1367M,2014-11-26 16:45:00
2014-11-26,7:00pm,AUD,HIA New Home Sales m/m,Non-economic,3.0%,,0.0%,2014-11-26 19:00:00
2014-11-26,7:30pm,AUD,Private Capital Expenditure q/q,High,0.2%,-1.7%,1.6%,2014-11-26 19:30:00
2014-11-27,All Day,EUR,German Prelim CPI m/m,High,0.0%,0.0%,-0.3%,2014-11-27 00:00:00
2014-11-27,3:00am,EUR,Spanish Flash CPI y/y,Medium,-0.4%,-0.3%,-0.1%,2014-11-27 03:00:00
2014-11-27,3:55am,EUR,German Unemployment Change,Medium,-14K,-1K,-23K,2014-11-27 03:55:00
2014-11-27,4:00am,EUR,M3 Money Supply y/y,Medium,2.5%,2.6%,2.5%,2014-11-27 04:00:00
2014-11-27,4:00am,EUR,Private Loans y/y,Medium,-1.1%,-1.0%,-1.2%,2014-11-27 04:00:00
2014-11-27,All Day,All,OPEC Meetings,High,,,,2014-11-27 00:00:00
2014-11-27,5:24am,EUR,Italian 10-y Bond Auction,Non-economic,2.08|1.6,,2.44|1.5,2014-11-27 05:24:00
2014-11-27,6:00am,EUR,ECB Financial Stability Review,Non-economic,,,,2014-11-27 06:00:00
2014-11-27,6:30am,EUR,ECB President Draghi Speaks,High,,,,2014-11-27 06:30:00
2014-11-27,7:00am,EUR,German GfK Consumer Climate,Medium,8.7,8.6,8.5,2014-11-27 07:00:00
2014-11-27,All Day,USD,Bank Holiday,Low,,,,2014-11-27 00:00:00
2014-11-27,8:30am,CAD,Current Account,Medium,-8.4B,-10.3B,-9.9B,2014-11-27 08:30:00
2014-11-27,4:45pm,NZD,Building Consents m/m,Medium,8.8%,,-11.9%,2014-11-27 16:45:00
2014-11-27,6:30pm,JPY,Household Spending y/y,Medium,-4.0%,-4.8%,-5.6%,2014-11-27 18:30:00
2014-11-27,6:30pm,JPY,Tokyo Core CPI y/y,Medium,2.4%,2.3%,2.5%,2014-11-27 18:30:00
2014-11-27,6:30pm,JPY,National Core CPI y/y,Non-economic,2.9%,2.9%,3.0%,2014-11-27 18:30:00
2014-11-27,6:30pm,JPY,Unemployment Rate,Non-economic,3.5%,3.6%,3.6%,2014-11-27 18:30:00
2014-11-27,6:50pm,GBP,GfK Consumer Confidence,Non-economic,-2,-1,-2,2014-11-27 18:50:00
2014-11-27,6:50pm,JPY,Prelim Industrial Production m/m,Medium,0.2%,-0.4%,2.9%,2014-11-27 18:50:00
2014-11-27,6:50pm,JPY,Retail Sales y/y,Medium,1.4%,1.5%,2.3%,2014-11-27 18:50:00
2014-11-27,7:00pm,NZD,ANZ Business Confidence,High,31.5,,26.5,2014-11-27 19:00:00
2014-11-27,7:30pm,AUD,Private Sector Credit m/m,Non-economic,0.6%,0.5%,0.5%,2014-11-27 19:30:00
2014-11-28,12:00am,JPY,Housing Starts y/y,Non-economic,-12.3%,-14.5%,-14.3%,2014-11-28 00:00:00
2014-11-28,1:57am,GBP,Nationwide HPI m/m,Medium,0.3%,0.4%,0.5%,2014-11-28 01:57:00
2014-11-28,2:00am,EUR,German Retail Sales m/m,Medium,1.9%,1.7%,-2.8%,2014-11-28 02:00:00
2014-11-28,2:45am,EUR,French Consumer Spending m/m,Medium,-0.9%,0.2%,-0.5%,2014-11-28 02:45:00
2014-11-28,3:00am,CHF,KOF Economic Barometer,Medium,98.7,100.1,99.5,2014-11-28 03:00:00
2014-11-28,4:00am,EUR,Italian Monthly Unemployment Rate,Non-economic,13.2%,12.6%,12.9%,2014-11-28 04:00:00
2014-11-28,4:00am,EUR,Italian Quarterly Unemployment Rate,Non-economic,12.8%,12.4%,12.6%,2014-11-28 04:00:00
2014-11-28,5:00am,EUR,CPI Flash Estimate y/y,High,0.3%,0.3%,0.4%,2014-11-28 05:00:00
2014-11-28,5:00am,EUR,Core CPI Flash Estimate y/y,Medium,0.7%,0.7%,0.7%,2014-11-28 05:00:00
2014-11-28,5:00am,EUR,Unemployment Rate,Medium,11.5%,11.5%,11.5%,2014-11-28 05:00:00
2014-11-28,5:00am,EUR,Italian Prelim CPI m/m,Non-economic,-0.2%,-0.3%,0.1%,2014-11-28 05:00:00
2014-11-28,8:30am,CAD,GDP m/m,High,0.4%,0.4%,-0.1%,2014-11-28 08:30:00
2014-11-28,8:30am,CAD,RMPI m/m,Medium,-4.3%,1.5%,-2.1%,2014-11-28 08:30:00
2014-11-28,8:30am,CAD,IPPI m/m,Non-economic,-0.5%,0.3%,-0.3%,2014-11-28 08:30:00
2014-11-30,All Day,CHF,SNB Gold Asset Vote,High,Reject,Reject,,2014-11-30 00:00:00
2014-11-30,2:45pm,NZD,RBNZ Gov Wheeler Speaks,High,,,,2014-11-30 14:45:00
2014-11-30,4:45pm,NZD,Overseas Trade Index q/q,Medium,-4.4%,-4.3%,0.1%,2014-11-30 16:45:00
2014-11-30,5:30pm,AUD,AIG Manufacturing Index,Non-economic,50.1,,49.4,2014-11-30 17:30:00
2014-11-30,6:30pm,AUD,MI Inflation Gauge m/m,Non-economic,0.1%,,0.2%,2014-11-30 18:30:00
2014-11-30,6:50pm,JPY,Capital Spending q/y,Non-economic,5.5%,2.1%,3.0%,2014-11-30 18:50:00
2014-11-30,7:30pm,AUD,Company Operating Profits q/q,Medium,0.5%,-1.2%,-7.5%,2014-11-30 19:30:00
2014-11-30,7:59pm,CNY,Manufacturing PMI,High,50.3,50.5,50.8,2014-11-30 19:59:00
2014-11-30,8:35pm,JPY,Final Manufacturing PMI,Non-economic,52.0,52.1,52.1,2014-11-30 20:35:00
2014-11-30,8:45pm,CNY,RatingDog Manufacturing PMI,High,50.0,50.0,50.0,2014-11-30 20:45:00
2014-12-01,12:30am,AUD,Commodity Prices y/y,Non-economic,-18.6%,,-17.6%,2014-12-01 00:30:00
2014-12-01,3:15am,EUR,Spanish Manufacturing PMI,Medium,54.7,53.1,52.6,2014-12-01 03:15:00
2014-12-01,3:30am,CHF,Manufacturing PMI,Non-economic,52.1,52.9,55.3,2014-12-01 03:30:00
2014-12-01,3:45am,EUR,Italian Manufacturing PMI,Medium,49.0,49.5,49.0,2014-12-01 03:45:00
2014-12-01,3:50am,EUR,French Final Manufacturing PMI,Non-economic,48.4,47.6,47.6,2014-12-01 03:50:00
2014-12-01,3:55am,EUR,German Final Manufacturing PMI,Medium,49.5,50.0,50.0,2014-12-01 03:55:00
2014-12-01,4:00am,EUR,Final Manufacturing PMI,Non-economic,50.1,50.4,50.4,2014-12-01 04:00:00
2014-12-01,4:30am,GBP,Final Manufacturing PMI,High,53.5,53.1,53.3,2014-12-01 04:30:00
2014-12-01,4:30am,GBP,Net Lending to Individuals m/m,Medium,2.6B,2.8B,2.7B,2014-12-01 04:30:00
2014-12-01,4:30am,GBP,M4 Money Supply m/m,Non-economic,-0.1%,0.2%,-0.7%,2014-12-01 04:30:00
2014-12-01,4:30am,GBP,Mortgage Approvals,Non-economic,59K,59K,61K,2014-12-01 04:30:00
2014-12-01,9:30am,CAD,Manufacturing PMI,Non-economic,55.3,,55.3,2014-12-01 09:30:00
2014-12-01,9:45am,USD,Final Manufacturing PMI,Non-economic,54.8,55.0,54.7,2014-12-01 09:45:00
2014-12-01,10:00am,USD,ISM Manufacturing PMI,High,58.7,57.9,59.0,2014-12-01 10:00:00
2014-12-01,10:00am,USD,ISM Manufacturing Prices,Non-economic,44.5,52.6,53.5,2014-12-01 10:00:00
2014-12-01,12:15pm,USD,FOMC Member Dudley Speaks,Medium,,,,2014-12-01 12:15:00
2014-12-01,1:00pm,USD,FOMC Member Fischer Speaks,Medium,,,,2014-12-01 13:00:00
2014-12-01,6:50pm,JPY,Monetary Base y/y,Non-economic,36.7%,37.2%,36.9%,2014-12-01 18:50:00
2014-12-01,7:00pm,NZD,ANZ Commodity Prices m/m,Non-economic,-1.6%,,-0.8%,2014-12-01 19:00:00
2014-12-01,7:30pm,AUD,Building Approvals m/m,High,11.4%,5.2%,-11.2%,2014-12-01 19:30:00
2014-12-01,7:30pm,AUD,Current Account,Medium,-12.5B,-13.5B,-13.9B,2014-12-01 19:30:00
2014-12-01,8:30pm,JPY,Average Cash Earnings y/y,Medium,0.5%,0.8%,0.7%,2014-12-01 20:30:00
2014-12-01,10:30pm,AUD,Cash Rate,High,2.50%,2.50%,2.50%,2014-12-01 22:30:00
2014-12-01,10:30pm,AUD,RBA Rate Statement,High,,,,2014-12-01 22:30:00
2014-12-01,10:45pm,JPY,10-y Bond Auction,Non-economic,0.47|3.0,,0.44|3.5,2014-12-01 22:45:00
2014-12-02,3:00am,EUR,Spanish Unemployment Change,Medium,-14.7K,21.3K,79.2K,2014-12-02 03:00:00
2014-12-02,4:30am,GBP,Construction PMI,High,59.4,61.1,61.4,2014-12-02 04:30:00
2014-12-02,5:00am,EUR,PPI m/m,Non-economic,-0.4%,0.3%,0.2%,2014-12-02 05:00:00
2014-12-02,8:10am,USD,FOMC Member Fischer Speaks,Medium,,,,2014-12-02 08:10:00
2014-12-02,8:30am,USD,Fed Chair Yellen Speaks,Medium,,,,2014-12-02 08:30:00
2014-12-02,9:33am,NZD,GDT Price Index,High,-1.1%,,-3.1%,2014-12-02 09:33:00
2014-12-02,10:00am,USD,Construction Spending m/m,Non-economic,1.1%,0.6%,-0.1%,2014-12-02 10:00:00
2014-12-02,All Day,USD,Total Vehicle Sales,Non-economic,17.2M,16.6M,16.5M,2014-12-02 00:00:00
2014-12-02,12:00pm,USD,FOMC Member Brainard Speaks,Medium,,,,2014-12-02 12:00:00
2014-12-02,5:21pm,AUD,AIG Services Index,Non-economic,43.8,,43.6,2014-12-02 17:21:00
2014-12-02,7:01pm,GBP,BRC Shop Price Index y/y,Non-economic,-1.9%,,-1.9%,2014-12-02 19:01:00
2014-12-02,7:30pm,AUD,GDP q/q,High,0.3%,0.7%,0.5%,2014-12-02 19:30:00
2014-12-02,8:00pm,CNY,Non-Manufacturing PMI,Medium,53.9,,53.8,2014-12-02 20:00:00
2014-12-02,8:45pm,CNY,RatingDog Services PMI,Medium,53.0,,52.9,2014-12-02 20:45:00
2014-12-03,1:45am,CHF,GDP q/q,Non-economic,0.6%,0.3%,0.3%,2014-12-03 01:45:00
2014-12-03,3:15am,EUR,Spanish Services PMI,Medium,52.7,56.2,55.9,2014-12-03 03:15:00
2014-12-03,3:45am,EUR,Italian Services PMI,Medium,51.8,50.9,50.8,2014-12-03 03:45:00
2014-12-03,3:50am,EUR,French Final Services PMI,Non-economic,47.9,48.8,48.8,2014-12-03 03:50:00
2014-12-03,3:55am,EUR,German Final Services PMI,Medium,52.1,52.1,52.1,2014-12-03 03:55:00
2014-12-03,4:00am,EUR,Final Services PMI,Non-economic,51.1,51.3,51.3,2014-12-03 04:00:00
2014-12-03,4:30am,GBP,Final Services PMI,High,58.6,56.6,56.2,2014-12-03 04:30:00
2014-12-03,5:00am,EUR,Retail Sales m/m,Medium,0.4%,0.6%,-1.2%,2014-12-03 05:00:00
2014-12-03,7:30am,GBP,Autumn Forecast Statement,High,,,,2014-12-03 07:30:00
2014-12-03,8:15am,USD,ADP Non-Farm Employment Change,High,208K,223K,233K,2014-12-03 08:15:00
2014-12-03,8:30am,USD,Revised Nonfarm Productivity q/q,Medium,2.3%,2.3%,2.0%,2014-12-03 08:30:00
2014-12-03,8:30am,USD,Revised Unit Labor Costs q/q,Non-economic,-1.0%,0.3%,0.3%,2014-12-03 08:30:00
2014-12-03,9:45am,USD,Final Services PMI,Non-economic,56.2,56.3,56.3,2014-12-03 09:45:00
2014-12-03,10:00am,CAD,BOC Rate Statement,High,,,,2014-12-03 10:00:00
2014-12-03,10:00am,CAD,Overnight Rate,High,1.00%,1.00%,1.00%,2014-12-03 10:00:00
2014-12-03,10:00am,USD,ISM Services PMI,High,59.3,57.5,57.1,2014-12-03 10:00:00
2014-12-03,10:30am,USD,Crude Oil Inventories,Medium,-3.7M,1.1M,1.9M,2014-12-03 10:30:00
2014-12-03,12:30pm,USD,FOMC Member Plosser Speaks,Medium,,,,2014-12-03 12:30:00
2014-12-03,2:00pm,USD,Beige Book,Medium,,,,2014-12-03 14:00:00
2014-12-03,2:00pm,USD,FOMC Member Brainard Speaks,Medium,,,,2014-12-03 14:00:00
2014-12-03,5:45pm,CAD,BOC Gov Poloz Speaks,High,,,,2014-12-03 17:45:00
2014-12-03,7:30pm,AUD,Goods Trade Balance,High,-1.32B,-1.85B,-2.24B,2014-12-03 19:30:00
2014-12-03,7:30pm,AUD,Retail Sales m/m,High,0.4%,0.1%,1.3%,2014-12-03 19:30:00
2014-12-03,7:30pm,USD,FOMC Member Fisher Speaks,Medium,,,,2014-12-03 19:30:00
2014-12-04,3:03am,GBP,Halifax HPI m/m,Medium,0.4%,0.2%,-0.4%,2014-12-04 03:03:00
2014-12-04,4:10am,EUR,Retail PMI,Non-economic,48.9,,47.0,2014-12-04 04:10:00
2014-12-04,4:42am,EUR,Spanish 10-y Bond Auction,Non-economic,1.84|2.2,,2.12|3.0,2014-12-04 04:42:00
2014-12-04,5:02am,EUR,French 10-y Bond Auction,Non-economic,1.11|2.4,,1.18|1.4,2014-12-04 05:02:00
2014-12-04,7:00am,GBP,Official Bank Rate,High,0.50%,0.50%,0.50%,2014-12-04 07:00:00
2014-12-04,7:00am,GBP,Asset Purchase Facility,Medium,375B,375B,375B,2014-12-04 07:00:00
2014-12-04,7:30am,USD,Challenger Job Cuts y/y,Non-economic,-20.7%,,11.9%,2014-12-04 07:30:00
2014-12-04,7:45am,EUR,Main Refinancing Rate,High,0.05%,0.05%,0.05%,2014-12-04 07:45:00
2014-12-04,8:30am,EUR,ECB Press Conference,High,,,,2014-12-04 08:30:00
2014-12-04,8:30am,USD,Unemployment Claims,High,297K,296K,314K,2014-12-04 08:30:00
2014-12-04,8:30am,USD,FOMC Member Mester Speaks,Medium,,,,2014-12-04 08:30:00
2014-12-04,10:00am,CAD,Ivey PMI,High,56.9,52.7,51.2,2014-12-04 10:00:00
2014-12-04,10:30am,USD,Natural Gas Storage,Non-economic,-22B,-51B,-162B,2014-12-04 10:30:00
2014-12-04,12:30pm,USD,FOMC Member Brainard Speaks,Medium,,,,2014-12-04 12:30:00
2014-12-04,5:30pm,AUD,AIG Construction Index,Non-economic,45.4,,53.4,2014-12-04 17:30:00
2014-12-05,12:00am,JPY,Leading Indicators,Non-economic,104.0%,104.2%,105.6%,2014-12-05 00:00:00
2014-12-05,2:00am,EUR,German Factory Orders m/m,Medium,2.5%,0.6%,1.1%,2014-12-05 02:00:00
2014-12-05,3:00am,CHF,Foreign Currency Reserves,High,462B,,461B,2014-12-05 03:00:00
2014-12-05,4:30am,GBP,Consumer Inflation Expectations,Non-economic,2.5%,,2.8%,2014-12-05 04:30:00
2014-12-05,5:00am,EUR,Revised GDP q/q,Non-economic,0.2%,0.2%,0.2%,2014-12-05 05:00:00
2014-12-05,8:30am,CAD,Employment Change,High,-10.7K,5.3K,43.1K,2014-12-05 08:30:00
2014-12-05,8:30am,CAD,Trade Balance,High,0.1B,0.4B,0.3B,2014-12-05 08:30:00
2014-12-05,8:30am,CAD,Unemployment Rate,High,6.6%,6.6%,6.5%,2014-12-05 08:30:00
2014-12-05,8:30am,CAD,Labor Productivity q/q,Medium,0.1%,-0.1%,2.0%,2014-12-05 08:30:00
2014-12-05,8:30am,USD,Non-Farm Employment Change,High,321K,231K,243K,2014-12-05 08:30:00
2014-12-05,8:30am,USD,Trade Balance,High,-43.4B,-41.3B,-43.6B,2014-12-05 08:30:00
2014-12-05,8:30am,USD,Unemployment Rate,High,5.8%,5.8%,5.8%,2014-12-05 08:30:00
2014-12-05,8:30am,USD,Average Hourly Earnings m/m,Medium,0.4%,0.2%,0.1%,2014-12-05 08:30:00
2014-12-05,8:45am,USD,FOMC Member Mester Speaks,Medium,,,,2014-12-05 08:45:00
2014-12-05,10:00am,USD,Factory Orders m/m,Medium,-0.7%,0.0%,-0.5%,2014-12-05 10:00:00
2014-12-05,2:45pm,USD,FOMC Member Fischer Speaks,Medium,,,,2014-12-05 14:45:00
2014-12-05,3:00pm,USD,Consumer Credit m/m,Non-economic,13.2B,16.5B,15.4B,2014-12-05 15:00:00
2014-12-07,4:45pm,NZD,Manufacturing Sales q/q,Non-economic,-1.2%,,-2.3%,2014-12-07 16:45:00
2014-12-07,6:50pm,JPY,Current Account,Medium,0.95T,0.46T,0.41T,2014-12-07 18:50:00
2014-12-07,6:50pm,JPY,Final GDP q/q,Medium,-0.5%,-0.1%,-0.4%,2014-12-07 18:50:00
2014-12-07,6:50pm,JPY,Bank Lending y/y,Non-economic,2.7%,,2.3%,2014-12-07 18:50:00
2014-12-07,6:54pm,JPY,Final GDP Price Index y/y,Non-economic,2.0%,2.1%,2.1%,2014-12-07 18:54:00
2014-12-07,7:30pm,AUD,ANZ Job Advertisements m/m,Medium,0.7%,,0.2%,2014-12-07 19:30:00
2014-12-07,9:07pm,CNY,USD-Denominated Trade Balance,High,54.5B,44.3B,45.4B,2014-12-07 21:07:00
2014-12-08,12:00am,JPY,Economy Watchers Sentiment,Non-economic,41.5,45.9,44.0,2014-12-08 00:00:00
2014-12-08,2:00am,EUR,German Industrial Production m/m,Non-economic,0.2%,0.2%,1.1%,2014-12-08 02:00:00
2014-12-08,All Day,EUR,Italian Bank Holiday,Low,,,,2014-12-08 00:00:00
2014-12-08,3:15am,CHF,CPI m/m,Medium,0.0%,0.0%,0.0%,2014-12-08 03:15:00
2014-12-08,3:15am,CHF,Retail Sales y/y,Medium,0.3%,0.9%,0.5%,2014-12-08 03:15:00
2014-12-08,4:30am,EUR,Sentix Investor Confidence,Non-economic,-2.5,-9.9,-11.9,2014-12-08 04:30:00
2014-12-08,All Day,EUR,Eurogroup Meetings,Medium,,,,2014-12-08 00:00:00
2014-12-08,8:13am,CAD,Housing Starts,Medium,196K,201K,184K,2014-12-08 08:13:00
2014-12-08,8:30am,CAD,Building Permits m/m,High,0.7%,2.1%,12.5%,2014-12-08 08:30:00
2014-12-08,10:00am,USD,Labor Market Conditions Index m/m,Non-economic,2.9,,3.9,2014-12-08 10:00:00
2014-12-08,6:50pm,JPY,M2 Money Stock y/y,Non-economic,3.6%,3.2%,3.2%,2014-12-08 18:50:00
2014-12-08,7:01pm,GBP,BRC Retail Sales Monitor y/y,Non-economic,0.9%,,0.0%,2014-12-08 19:01:00
2014-12-08,7:30pm,AUD,NAB Business Confidence,High,1,,5,2014-12-08 19:30:00
2014-12-08,10:45pm,JPY,30-y Bond Auction,Non-economic,1.46|3.1,,1.48|3.0,2014-12-08 22:45:00
2014-12-09,1:00am,JPY,Prelim Machine Tool Orders y/y,Non-economic,36.6%,,30.8%,2014-12-09 01:00:00
2014-12-09,1:45am,CHF,Unemployment Rate,Non-economic,3.1%,3.2%,3.1%,2014-12-09 01:45:00
2014-12-09,2:00am,EUR,German Trade Balance,Non-economic,20.6B,18.1B,18.6B,2014-12-09 02:00:00
2014-12-09,2:45am,EUR,French Gov Budget Balance,Non-economic,-84.7B,,-80.5B,2014-12-09 02:45:00
2014-12-09,2:45am,EUR,French Trade Balance,Non-economic,-4.6B,-4.5B,-4.7B,2014-12-09 02:45:00
2014-12-09,4:30am,GBP,Manufacturing Production m/m,High,-0.7%,0.2%,0.6%,2014-12-09 04:30:00
2014-12-09,4:30am,GBP,Industrial Production m/m,Non-economic,-0.1%,0.3%,0.7%,2014-12-09 04:30:00
2014-12-09,All Day,EUR,ECOFIN Meetings,Medium,,,,2014-12-09 00:00:00
2014-12-09,5:34am,GBP,30-y Bond Auction,Non-economic,2.70|1.8,,3.04|2.0,2014-12-09 05:34:00
2014-12-09,7:30am,USD,NFIB Small Business Index,Non-economic,98.1,96.6,96.1,2014-12-09 07:30:00
2014-12-09,10:00am,GBP,NIESR GDP Estimate,Medium,0.7%,,0.7%,2014-12-09 10:00:00
2014-12-09,10:00am,USD,JOLTS Job Openings,Medium,4.83M,4.81M,4.69M,2014-12-09 10:00:00
2014-12-09,10:00am,USD,Final Wholesale Inventories m/m,Non-economic,0.4%,0.1%,0.4%,2014-12-09 10:00:00
2014-12-09,10:00am,USD,RCM/TIPP Economic Optimism,Non-economic,48.4,47.2,46.4,2014-12-09 10:00:00
2014-12-09,4:05pm,NZD,REINZ HPI m/m,Non-economic,3.3%,,1.4%,2014-12-09 16:05:00
2014-12-09,6:30pm,AUD,Westpac Consumer Sentiment,Medium,-5.7%,,1.9%,2014-12-09 18:30:00
2014-12-09,6:50pm,JPY,BSI Manufacturing Index,Medium,8.1,13.1,12.7,2014-12-09 18:50:00
2014-12-09,6:50pm,JPY,PPI y/y,Non-economic,2.7%,2.7%,2.9%,2014-12-09 18:50:00
2014-12-09,7:30pm,AUD,Home Loans m/m,Medium,0.3%,0.1%,-0.4%,2014-12-09 19:30:00
2014-12-09,8:30pm,CNY,CPI y/y,High,1.4%,1.6%,1.6%,2014-12-09 20:30:00
2014-12-09,8:30pm,CNY,PPI y/y,Medium,-2.7%,-2.3%,-2.2%,2014-12-09 20:30:00
2014-12-10,12:00am,JPY,Consumer Confidence,Non-economic,37.7,39.6,38.9,2014-12-10 00:00:00
2014-12-10,1:30am,EUR,French Final Private Payrolls q/q,Non-economic,-0.3%,-0.2%,0.0%,2014-12-10 01:30:00
2014-12-10,2:45am,EUR,French Industrial Production m/m,Medium,-0.8%,0.2%,0.0%,2014-12-10 02:45:00
2014-12-10,4:30am,GBP,Goods Trade Balance,Medium,-9.6B,-9.5B,-10.5B,2014-12-10 04:30:00
2014-12-10,10:30am,CAD,BOC Financial System Review,Non-economic,,,,2014-12-10 10:30:00
2014-12-10,10:30am,USD,Crude Oil Inventories,Medium,1.5M,-2.6M,-3.7M,2014-12-10 10:30:00
2014-12-10,11:15am,CAD,Gov Council Member Wilkins Speaks,Medium,,,,2014-12-10 11:15:00
2014-12-10,1:01pm,USD,10-y Bond Auction,Medium,2.21|3.0,,2.37|2.5,2014-12-10 13:01:00
2014-12-10,2:00pm,USD,Federal Budget Balance,Non-economic,-56.8B,-68.3B,-121.7B,2014-12-10 14:00:00
2014-12-10,3:00pm,NZD,Official Cash Rate,High,3.50%,3.50%,3.50%,2014-12-10 15:00:00
2014-12-10,3:00pm,NZD,RBNZ Press Conference,High,,,,2014-12-10 15:00:00
2014-12-10,3:00pm,NZD,RBNZ Rate Statement,High,,,,2014-12-10 15:00:00
2014-12-10,3:00pm,NZD,RBNZ Monetary Policy Statement,Medium,,,,2014-12-10 15:00:00
2014-12-10,4:45pm,NZD,FPI m/m,Non-economic,-0.5%,,0.0%,2014-12-10 16:45:00
2014-12-10,6:50pm,JPY,Core Machinery Orders m/m,Medium,-6.4%,-2.1%,2.9%,2014-12-10 18:50:00
2014-12-10,6:50pm,JPY,Tertiary Industry Activity m/m,Medium,-0.2%,-0.1%,1.3%,2014-12-10 18:50:00
2014-12-10,7:00pm,AUD,MI Inflation Expectations,Medium,3.4%,,4.1%,2014-12-10 19:00:00
2014-12-10,7:01pm,GBP,RICS House Price Balance,Non-economic,13%,16%,20%,2014-12-10 19:01:00
2014-12-10,7:10pm,NZD,RBNZ Gov Wheeler Speaks,High,,,,2014-12-10 19:10:00
2014-12-10,7:30pm,AUD,Employment Change,High,42.7K,15.2K,13.7K,2014-12-10 19:30:00
2014-12-10,7:30pm,AUD,Unemployment Rate,High,6.3%,6.3%,6.2%,2014-12-10 19:30:00
2014-12-11,2:00am,EUR,German Final CPI m/m,Non-economic,0.0%,0.0%,0.0%,2014-12-11 02:00:00
2014-12-11,2:45am,EUR,French Final CPI m/m,Non-economic,-0.2%,0.2%,0.0%,2014-12-11 02:45:00
2014-12-11,3:30am,CHF,Libor Rate,High,<0.25%,<0.25%,<0.25%,2014-12-11 03:30:00
2014-12-11,3:30am,CHF,SNB Monetary Policy Assessment,High,,,,2014-12-11 03:30:00
2014-12-11,3:30am,CHF,SNB Press Conference,High,,,,2014-12-11 03:30:00
2014-12-11,4:00am,EUR,ECB Monthly Bulletin,Non-economic,,,,2014-12-11 04:00:00
2014-12-11,4:00am,EUR,Italian Industrial Production m/m,Non-economic,-0.1%,0.3%,-0.9%,2014-12-11 04:00:00
2014-12-11,5:19am,EUR,Long Term Refinancing Operation,High,129.8B,148.2B,82.6B,2014-12-11 05:19:00
2014-12-11,8:00am,CAD,BOC Gov Poloz Speaks,High,,,,2014-12-11 08:00:00
2014-12-11,8:30am,CAD,NHPI m/m,Medium,0.1%,0.2%,0.1%,2014-12-11 08:30:00
2014-12-11,8:30am,CAD,Capacity Utilization Rate,Non-economic,83.4%,82.9%,82.8%,2014-12-11 08:30:00
2014-12-11,8:30am,USD,Core Retail Sales m/m,High,0.5%,0.1%,0.4%,2014-12-11 08:30:00
2014-12-11,8:30am,USD,Retail Sales m/m,High,0.7%,0.4%,0.5%,2014-12-11 08:30:00
2014-12-11,8:30am,USD,Unemployment Claims,High,294K,299K,297K,2014-12-11 08:30:00
2014-12-11,8:30am,USD,Import Prices m/m,Medium,-1.5%,-1.7%,-1.2%,2014-12-11 08:30:00
2014-12-11,10:00am,USD,Business Inventories m/m,Medium,0.2%,0.2%,0.3%,2014-12-11 10:00:00
2014-12-11,10:30am,USD,Natural Gas Storage,Non-economic,-51B,-45B,-22B,2014-12-11 10:30:00
2014-12-11,1:01pm,USD,30-y Bond Auction,Non-economic,2.85|2.8,,3.09|2.3,2014-12-11 13:01:00
2014-12-11,4:30pm,NZD,BusinessNZ Manufacturing Index,Medium,55.2,,58.9,2014-12-11 16:30:00
2014-12-11,11:33pm,JPY,Revised Industrial Production m/m,Non-economic,0.4%,0.2%,0.2%,2014-12-11 23:33:00
2014-12-12,12:30am,CNY,Industrial Production y/y,High,7.2%,7.6%,7.7%,2014-12-12 00:30:00
2014-12-12,12:30am,CNY,Fixed Asset Investment ytd/y,Medium,15.8%,15.8%,15.9%,2014-12-12 00:30:00
2014-12-12,12:30am,CNY,Retail Sales y/y,Non-economic,11.7%,11.5%,11.5%,2014-12-12 00:30:00
2014-12-12,2:00am,EUR,German WPI m/m,Non-economic,-0.7%,0.3%,-0.6%,2014-12-12 02:00:00
2014-12-12,3:02am,CNY,New Loans,Medium,853B,660B,548B,2014-12-12 03:02:00
2014-12-12,3:02am,CNY,M2 Money Supply y/y,Non-economic,12.3%,12.5%,12.6%,2014-12-12 03:02:00
2014-12-12,4:30am,GBP,Construction Output m/m,Medium,-2.2%,0.8%,2.2%,2014-12-12 04:30:00
2014-12-12,5:00am,EUR,Industrial Production m/m,Medium,0.1%,0.2%,0.5%,2014-12-12 05:00:00
2014-12-12,5:00am,EUR,Final Employment Change q/q,Non-economic,0.2%,0.2%,0.3%,2014-12-12 05:00:00
2014-12-12,5:00am,GBP,CB Leading Index m/m,Non-economic,-0.3%,,-0.3%,2014-12-12 05:00:00
2014-12-12,8:30am,USD,PPI m/m,High,-0.2%,-0.1%,0.2%,2014-12-12 08:30:00
2014-12-12,8:30am,USD,Core PPI m/m,Medium,0.0%,0.1%,0.4%,2014-12-12 08:30:00
2014-12-12,9:55am,USD,Prelim UoM Consumer Sentiment,High,93.8,89.6,88.8,2014-12-12 09:55:00
2014-12-12,9:55am,USD,Prelim UoM Inflation Expectations,Non-economic,2.9%,,2.8%,2014-12-12 09:55:00
2014-12-14,All Day,JPY,Lower House Elections,High,,,,2014-12-14 00:00:00
2014-12-14,4:30pm,NZD,BusinessNZ Services Index,Non-economic,54.8,,57.6,2014-12-14 16:30:00
2014-12-14,6:16pm,GBP,Rightmove HPI m/m,Non-economic,-3.3%,,-1.7%,2014-12-14 18:16:00
2014-12-14,6:50pm,JPY,Tankan Manufacturing Index,Medium,12,13,13,2014-12-14 18:50:00
2014-12-14,6:50pm,JPY,Tankan Non-Manufacturing Index,Medium,16,14,13,2014-12-14 18:50:00
2014-12-14,7:30pm,AUD,New Motor Vehicle Sales m/m,Medium,-0.6%,,-1.8%,2014-12-14 19:30:00
2014-12-14,9:24pm,AUD,Mid-Year Economic and Fiscal Outlook,High,,,,2014-12-14 21:24:00
2014-12-15,3:15am,CHF,PPI m/m,Medium,-0.7%,0.2%,-0.1%,2014-12-15 03:15:00
2014-12-15,6:00am,EUR,German Buba Monthly Report,Medium,,,,2014-12-15 06:00:00
2014-12-15,6:00am,GBP,CBI Industrial Order Expectations,Medium,5,3,3,2014-12-15 06:00:00
2014-12-15,8:30am,USD,Empire State Manufacturing Index,Medium,-3.6,12.1,10.2,2014-12-15 08:30:00
2014-12-15,9:15am,USD,Capacity Utilization Rate,Medium,80.1%,79.4%,79.3%,2014-12-15 09:15:00
2014-12-15,9:15am,USD,Industrial Production m/m,Medium,1.3%,0.8%,0.1%,2014-12-15 09:15:00
2014-12-15,10:00am,USD,NAHB Housing Market Index,Medium,57,59,58,2014-12-15 10:00:00
2014-12-15,4:00pm,USD,TIC Long-Term Purchases,Non-economic,-1.4B,72.8B,164.3B,2014-12-15 16:00:00
2014-12-15,7:15pm,AUD,RBA Deputy Gov Debelle Speaks,Medium,,,,2014-12-15 19:15:00
2014-12-15,7:30pm,AUD,Monetary Policy Meeting Minutes,High,,,,2014-12-15 19:30:00
2014-12-15,8:35pm,JPY,Flash Manufacturing PMI,Non-economic,52.1,52.3,52.0,2014-12-15 20:35:00
2014-12-15,8:45pm,CNY,Caixin Flash Manufacturing PMI,High,49.5,49.8,50.0,2014-12-15 20:45:00
2014-12-15,9:00pm,CNY,Foreign Direct Investment ytd/y,Non-economic,0.7%,,-1.2%,2014-12-15 21:00:00
2014-12-16,2:00am,GBP,Bank Stress Test Results,High,,,,2014-12-16 02:00:00
2014-12-16,2:00am,GBP,BOE Financial Stability Report,Medium,,,,2014-12-16 02:00:00
2014-12-16,2:00am,GBP,FPC Statement,Medium,,,,2014-12-16 02:00:00
2014-12-16,3:00am,EUR,French Flash Manufacturing PMI,High,47.9,48.7,48.4,2014-12-16 03:00:00
2014-12-16,3:00am,EUR,French Flash Services PMI,Medium,49.8,48.6,47.9,2014-12-16 03:00:00
2014-12-16,3:30am,EUR,German Flash Manufacturing PMI,High,51.2,50.4,49.5,2014-12-16 03:30:00
2014-12-16,3:30am,EUR,German Flash Services PMI,Medium,51.4,52.6,52.1,2014-12-16 03:30:00
2014-12-16,4:00am,EUR,Flash Manufacturing PMI,Medium,50.8,50.5,50.1,2014-12-16 04:00:00
2014-12-16,4:00am,EUR,Flash Services PMI,Medium,51.9,51.6,51.1,2014-12-16 04:00:00
2014-12-16,4:00am,EUR,Italian Trade Balance,Non-economic,5.40B,1.97B,2.02B,2014-12-16 04:00:00
2014-12-16,4:15am,GBP,BOE Gov Carney Speaks,High,,,,2014-12-16 04:15:00
2014-12-16,4:30am,GBP,CPI y/y,High,1.0%,1.2%,1.3%,2014-12-16 04:30:00
2014-12-16,4:30am,GBP,PPI Input m/m,Medium,-1.0%,-1.1%,-1.5%,2014-12-16 04:30:00
2014-12-16,4:30am,GBP,RPI y/y,Medium,2.0%,2.2%,2.3%,2014-12-16 04:30:00
2014-12-16,4:30am,GBP,Core CPI y/y,Non-economic,1.2%,1.5%,1.5%,2014-12-16 04:30:00
2014-12-16,4:30am,GBP,ONS HPI y/y,Non-economic,10.4%,13.2%,12.1%,2014-12-16 04:30:00
2014-12-16,4:30am,GBP,PPI Output m/m,Non-economic,0.2%,-0.3%,-0.3%,2014-12-16 04:30:00
2014-12-16,5:00am,EUR,German ZEW Economic Sentiment,High,34.9,19.8,11.5,2014-12-16 05:00:00
2014-12-16,5:00am,EUR,ZEW Economic Sentiment,Medium,31.8,20.1,11.0,2014-12-16 05:00:00
2014-12-16,5:00am,EUR,Trade Balance,Non-economic,19.4B,18.2B,17.9B,2014-12-16 05:00:00
2014-12-16,8:30am,CAD,Manufacturing Sales m/m,High,-0.6%,-0.4%,2.2%,2014-12-16 08:30:00
2014-12-16,8:30am,CAD,Foreign Securities Purchases,Medium,9.53B,5.21B,4.64B,2014-12-16 08:30:00
2014-12-16,8:30am,USD,Building Permits,High,1.04M,1.06M,1.09M,2014-12-16 08:30:00
2014-12-16,8:30am,USD,Housing Starts,Medium,1.03M,1.04M,1.05M,2014-12-16 08:30:00
2014-12-16,9:45am,USD,Flash Manufacturing PMI,Medium,53.7,56.1,54.8,2014-12-16 09:45:00
2014-12-16,9:48am,NZD,GDT Price Index,High,2.4%,,-1.1%,2014-12-16 09:48:00
2014-12-16,4:45pm,NZD,Current Account,Medium,-5.01B,-5.32B,-1.08B,2014-12-16 16:45:00
2014-12-16,6:30pm,AUD,MI Leading Index m/m,Non-economic,-0.1%,,0.1%,2014-12-16 18:30:00
2014-12-16,6:50pm,JPY,Trade Balance,Medium,-0.93T,-0.99T,-0.99T,2014-12-16 18:50:00
2014-12-17,4:30am,GBP,Average Earnings Index 3m/y,High,1.4%,1.3%,1.0%,2014-12-17 04:30:00
2014-12-17,4:30am,GBP,Claimant Count Change,High,-26.9K,-19.8K,-25.1K,2014-12-17 04:30:00
2014-12-17,4:30am,GBP,MPC Official Bank Rate Votes,High,2-0-7,2-0-7,2-0-7,2014-12-17 04:30:00
2014-12-17,4:30am,GBP,MPC Asset Purchase Facility Votes,Medium,0-0-9,0-0-9,0-0-9,2014-12-17 04:30:00
2014-12-17,4:30am,GBP,Unemployment Rate,Medium,6.0%,5.9%,6.0%,2014-12-17 04:30:00
2014-12-17,5:00am,CHF,UBS Economic Expectations,Non-economic,-4.9,,-7.6,2014-12-17 05:00:00
2014-12-17,5:00am,EUR,Final CPI y/y,Medium,0.3%,0.3%,0.3%,2014-12-17 05:00:00
2014-12-17,5:00am,EUR,Final Core CPI y/y,Non-economic,0.7%,0.7%,0.7%,2014-12-17 05:00:00
2014-12-17,All Day,EUR,Greek Presidential Elections,Non-economic,,,,2014-12-17 00:00:00
2014-12-17,8:30am,CAD,Wholesale Sales m/m,High,0.1%,0.9%,2.3%,2014-12-17 08:30:00
2014-12-17,8:30am,USD,Core CPI m/m,High,0.1%,0.1%,0.2%,2014-12-17 08:30:00
2014-12-17,8:30am,USD,CPI m/m,High,-0.3%,-0.1%,0.0%,2014-12-17 08:30:00
2014-12-17,8:30am,USD,CPI y/y,High,1.3%,1.4%,1.7%,2014-12-17 08:30:00
2014-12-17,8:30am,USD,Current Account,Medium,-100B,-98B,-98B,2014-12-17 08:30:00
2014-12-17,9:00am,CHF,SNB Quarterly Bulletin,Non-economic,,,,2014-12-17 09:00:00
2014-12-17,10:30am,USD,Crude Oil Inventories,Medium,-0.8M,-2.6M,1.5M,2014-12-17 10:30:00
2014-12-17,2:00pm,USD,Federal Funds Rate,High,<0.25%,<0.25%,<0.25%,2014-12-17 14:00:00
2014-12-17,2:00pm,USD,FOMC Economic Projections,High,,,,2014-12-17 14:00:00
2014-12-17,2:00pm,USD,FOMC Statement,High,,,,2014-12-17 14:00:00
2014-12-17,2:30pm,USD,FOMC Press Conference,High,,,,2014-12-17 14:30:00
2014-12-17,4:45pm,NZD,GDP q/q,High,1.0%,0.7%,0.7%,2014-12-17 16:45:00
2014-12-17,7:30pm,AUD,RBA Bulletin,Non-economic,,,,2014-12-17 19:30:00
2014-12-18,1:45am,CHF,SECO Economic Forecasts,Non-economic,,,,2014-12-18 01:45:00
2014-12-18,2:00am,CHF,Libor Rate,High,-0.25%,,<0.25%,2014-12-18 02:00:00
2014-12-18,2:00am,CHF,Trade Balance,Medium,3.87B,2.41B,3.23B,2014-12-18 02:00:00
2014-12-18,4:00am,EUR,German ifo Business Climate,High,105.5,105.6,104.7,2014-12-18 04:00:00
2014-12-18,Day 1,EUR,EU Economic Summit,Medium,,,,2014-12-18 00:00:00
2014-12-18,4:30am,GBP,Retail Sales m/m,High,1.6%,0.3%,1.0%,2014-12-18 04:30:00
2014-12-18,4:46am,EUR,Spanish 10-y Bond Auction,Non-economic,1.73|1.8,,1.84|2.2,2014-12-18 04:46:00
2014-12-18,8:30am,USD,Unemployment Claims,High,289K,297K,295K,2014-12-18 08:30:00
2014-12-18,9:45am,USD,Flash Services PMI,Non-economic,53.6,57.1,56.2,2014-12-18 09:45:00
2014-12-18,10:00am,USD,Philly Fed Manufacturing Index,High,24.5,26.3,40.8,2014-12-18 10:00:00
2014-12-18,10:00am,USD,CB Leading Index m/m,Non-economic,0.6%,0.6%,0.6%,2014-12-18 10:00:00
2014-12-18,10:30am,USD,Natural Gas Storage,Non-economic,-64B,-61B,-51B,2014-12-18 10:30:00
2014-12-18,4:45pm,NZD,Visitor Arrivals m/m,Non-economic,3.1%,,3.5%,2014-12-18 16:45:00
2014-12-18,6:37pm,GBP,GfK Consumer Confidence,Non-economic,-4,-1,-2,2014-12-18 18:37:00
2014-12-18,7:00pm,NZD,ANZ Business Confidence,Medium,30.4,,31.5,2014-12-18 19:00:00
2014-12-18,9:00pm,NZD,Credit Card Spending y/y,Non-economic,5.2%,,6.8%,2014-12-18 21:00:00
2014-12-18,10:28pm,JPY,Monetary Policy Statement,High,,,,2014-12-18 22:28:00
2014-12-18,11:30pm,JPY,All Industries Activity m/m,Non-economic,-0.1%,0.2%,1.4%,2014-12-18 23:30:00
2014-12-19,1:30am,JPY,BOJ Press Conference,High,,,,2014-12-19 01:30:00
2014-12-19,2:00am,EUR,German GfK Consumer Climate,Medium,9.0,8.9,8.7,2014-12-19 02:00:00
2014-12-19,2:00am,EUR,German PPI m/m,Non-economic,0.0%,-0.2%,-0.2%,2014-12-19 02:00:00
2014-12-19,4:00am,EUR,Current Account,Non-economic,20.5B,27.8B,32.0B,2014-12-19 04:00:00
2014-12-19,Day 2,EUR,EU Economic Summit,Medium,,,,2014-12-19 00:00:00
2014-12-19,4:30am,GBP,Public Sector Net Borrowing,Medium,13.4B,14.8B,6.4B,2014-12-19 04:30:00
2014-12-19,6:00am,GBP,CBI Realized Sales,Medium,61,30,27,2014-12-19 06:00:00
2014-12-19,8:30am,CAD,Core CPI m/m,High,-0.2%,0.1%,0.3%,2014-12-19 08:30:00
2014-12-19,8:30am,CAD,Core Retail Sales m/m,High,0.2%,0.2%,0.0%,2014-12-19 08:30:00
2014-12-19,8:30am,CAD,CPI m/m,Medium,-0.4%,-0.2%,0.1%,2014-12-19 08:30:00
2014-12-19,8:30am,CAD,Retail Sales m/m,Medium,0.0%,-0.4%,0.8%,2014-12-19 08:30:00
2014-12-21,4:00pm,NZD,Westpac Consumer Sentiment,Non-economic,114.8,,116.7,2014-12-21 16:00:00
2014-12-22,12:00am,JPY,BOJ Monthly Report,Non-economic,,,,2014-12-22 00:00:00
2014-12-22,2:00am,EUR,German Import Prices m/m,Non-economic,-0.8%,-0.6%,-0.3%,2014-12-22 02:00:00
2014-12-22,4:30am,GBP,FPC Meeting Minutes,Non-economic,,,,2014-12-22 04:30:00
2014-12-22,10:00am,EUR,Consumer Confidence,Non-economic,-11,-11,-12,2014-12-22 10:00:00
2014-12-22,10:00am,USD,Existing Home Sales,Medium,4.93M,5.21M,5.25M,2014-12-22 10:00:00
2014-12-22,4:45pm,NZD,Trade Balance,High,-213M,-550M,-911M,2014-12-22 16:45:00
2014-12-22,All Day,JPY,Bank Holiday,Low,,,,2014-12-22 00:00:00
2014-12-22,9:00pm,CNY,CB Leading Index m/m,Non-economic,0.9%,,0.8%,2014-12-22 21:00:00
2014-12-23,2:45am,EUR,French Consumer Spending m/m,Medium,0.4%,0.2%,-0.8%,2014-12-23 02:45:00
2014-12-23,4:00am,EUR,Italian Retail Sales m/m,Non-economic,0.0%,0.2%,0.0%,2014-12-23 04:00:00
2014-12-23,4:30am,GBP,Current Account,High,-27.0B,-21.1B,-24.3B,2014-12-23 04:30:00
2014-12-23,4:30am,GBP,Final GDP q/q,Medium,0.7%,0.7%,0.7%,2014-12-23 04:30:00
2014-12-23,4:30am,GBP,High Street Lending,Medium,36.7K,37.3K,37.2K,2014-12-23 04:30:00
2014-12-23,4:30am,GBP,Index of Services 3m/3m,Non-economic,0.7%,0.7%,0.8%,2014-12-23 04:30:00
2014-12-23,4:30am,GBP,Revised Business Investment q/q,Non-economic,-1.4%,-0.7%,-0.7%,2014-12-23 04:30:00
2014-12-23,All Day,EUR,Greek Presidential Elections,Non-economic,,,,2014-12-23 00:00:00
2014-12-23,8:30am,CAD,GDP m/m,High,0.3%,0.1%,0.4%,2014-12-23 08:30:00
2014-12-23,8:30am,USD,Core Durable Goods Orders m/m,High,-0.4%,1.1%,-1.1%,2014-12-23 08:30:00
2014-12-23,8:30am,USD,Final GDP q/q,High,5.0%,4.3%,3.9%,2014-12-23 08:30:00
2014-12-23,8:30am,USD,Durable Goods Orders m/m,Medium,-0.7%,3.0%,0.3%,2014-12-23 08:30:00
2014-12-23,8:30am,USD,Final GDP Price Index q/q,Non-economic,1.4%,1.4%,1.4%,2014-12-23 08:30:00
2014-12-23,9:00am,EUR,Belgian NBB Business Climate,Non-economic,-6.9,-5.8,-6.1,2014-12-23 09:00:00
2014-12-23,9:00am,USD,HPI m/m,Non-economic,0.6%,0.3%,0.0%,2014-12-23 09:00:00
2014-12-23,9:55am,USD,Revised UoM Consumer Sentiment,Medium,93.6,93.5,93.8,2014-12-23 09:55:00
2014-12-23,9:55am,USD,Revised UoM Inflation Expectations,Non-economic,2.8%,,2.9%,2014-12-23 09:55:00
2014-12-23,9:59am,USD,Richmond Manufacturing Index,Non-economic,7,8,4,2014-12-23 09:59:00
2014-12-23,10:00am,USD,New Home Sales,High,438K,461K,445K,2014-12-23 10:00:00
2014-12-23,10:00am,USD,Core PCE Price Index m/m,Medium,0.0%,0.1%,0.2%,2014-12-23 10:00:00
2014-12-23,10:00am,USD,Personal Spending m/m,Medium,0.6%,0.5%,0.3%,2014-12-23 10:00:00
2014-12-23,10:00am,USD,Personal Income m/m,Non-economic,0.4%,0.6%,0.3%,2014-12-23 10:00:00
2014-12-23,6:00pm,AUD,CB Leading Index m/m,Non-economic,-0.2%,,-0.6%,2014-12-23 18:00:00
2014-12-24,All Day,EUR,German Bank Holiday,Low,,,,2014-12-24 00:00:00
2014-12-24,3:00am,CHF,KOF Economic Barometer,Medium,98.7,99.2,98.9,2014-12-24 03:00:00
2014-12-24,8:30am,USD,Unemployment Claims,High,280K,291K,289K,2014-12-24 08:30:00
2014-12-24,10:30am,USD,Crude Oil Inventories,Medium,7.3M,-2.4M,-0.8M,2014-12-24 10:30:00
2014-12-24,12:00pm,USD,Natural Gas Storage,Non-economic,-49B,-81B,-64B,2014-12-24 12:00:00
2014-12-24,All Day,NZD,Bank Holiday,Low,,,,2014-12-24 00:00:00
2014-12-24,All Day,AUD,Bank Holiday,Low,,,,2014-12-24 00:00:00
2014-12-24,6:50pm,JPY,Monetary Policy Meeting Minutes,Medium,,,,2014-12-24 18:50:00
2014-12-24,6:50pm,JPY,SPPI y/y,Non-economic,3.6%,3.5%,3.6%,2014-12-24 18:50:00
2014-12-24,10:45pm,JPY,BOJ Gov Kuroda Speaks,High,,,,2014-12-24 22:45:00
2014-12-25,12:00am,JPY,Housing Starts y/y,Non-economic,-14.3%,-12.6%,-12.3%,2014-12-25 00:00:00
2014-12-25,All Day,CHF,Bank Holiday,Low,,,,2014-12-25 00:00:00
2014-12-25,All Day,EUR,Italian Bank Holiday,Low,,,,2014-12-25 00:00:00
2014-12-25,All Day,EUR,German Bank Holiday,Low,,,,2014-12-25 00:00:00
2014-12-25,All Day,EUR,French Bank Holiday,Low,,,,2014-12-25 00:00:00
2014-12-25,All Day,GBP,Bank Holiday,Low,,,,2014-12-25 00:00:00
2014-12-25,All Day,CAD,Bank Holiday,Low,,,,2014-12-25 00:00:00
2014-12-25,All Day,USD,Bank Holiday,Low,,,,2014-12-25 00:00:00
2014-12-25,All Day,NZD,Bank Holiday,Low,,,,2014-12-25 00:00:00
2014-12-25,All Day,AUD,Bank Holiday,Low,,,,2014-12-25 00:00:00
2014-12-25,6:30pm,JPY,Household Spending y/y,Medium,-2.5%,-3.5%,-4.0%,2014-12-25 18:30:00
2014-12-25,6:30pm,JPY,Tokyo Core CPI y/y,Medium,2.3%,2.3%,2.4%,2014-12-25 18:30:00
2014-12-25,6:30pm,JPY,National Core CPI y/y,Non-economic,2.7%,2.7%,2.9%,2014-12-25 18:30:00
2014-12-25,6:30pm,JPY,Unemployment Rate,Non-economic,3.5%,3.5%,3.5%,2014-12-25 18:30:00
2014-12-25,6:50pm,JPY,Prelim Industrial Production m/m,Medium,-0.6%,1.0%,0.4%,2014-12-25 18:50:00
2014-12-25,6:50pm,JPY,Retail Sales y/y,Medium,0.4%,1.2%,1.4%,2014-12-25 18:50:00
2014-12-25,8:30pm,JPY,Average Cash Earnings y/y,Medium,-1.5%,0.5%,0.2%,2014-12-25 20:30:00
2014-12-26,All Day,CHF,Bank Holiday,Low,,,,2014-12-26 00:00:00
2014-12-26,All Day,EUR,Italian Bank Holiday,Low,,,,2014-12-26 00:00:00
2014-12-26,All Day,EUR,German Bank Holiday,Low,,,,2014-12-26 00:00:00
2014-12-26,All Day,GBP,Bank Holiday,Low,,,,2014-12-26 00:00:00
2014-12-26,All Day,CAD,Bank Holiday,Low,,,,2014-12-26 00:00:00
2014-12-29,2:00am,CHF,UBS Consumption Indicator,Non-economic,1.29,,1.32,2014-12-29 02:00:00
2014-12-29,All Day,EUR,Greek Presidential Elections,High,,,,2014-12-29 00:00:00
2014-12-30,2:00am,GBP,Nationwide HPI m/m,Medium,0.2%,0.3%,0.3%,2014-12-30 02:00:00
2014-12-30,3:00am,EUR,Spanish Flash CPI y/y,Medium,-1.1%,-0.7%,-0.4%,2014-12-30 03:00:00
2014-12-30,4:00am,EUR,M3 Money Supply y/y,Medium,3.1%,2.6%,2.5%,2014-12-30 04:00:00
2014-12-30,4:00am,EUR,Private Loans y/y,Medium,-0.9%,-0.9%,-1.1%,2014-12-30 04:00:00
2014-12-30,5:20am,EUR,Italian 10-y Bond Auction,Medium,1.89|1.3,,2.08|1.6,2014-12-30 05:20:00
2014-12-30,9:00am,USD,S&P/CS Composite-20 HPI y/y,Non-economic,4.5%,4.4%,4.8%,2014-12-30 09:00:00
2014-12-30,10:00am,USD,CB Consumer Confidence,High,92.6,94.6,91.0,2014-12-30 10:00:00
2014-12-30,All Day,JPY,Bank Holiday,Low,,,,2014-12-30 00:00:00
2014-12-30,7:30pm,AUD,Private Sector Credit m/m,Non-economic,0.5%,0.5%,0.6%,2014-12-30 19:30:00
2014-12-30,8:45pm,CNY,RatingDog Manufacturing PMI,High,49.6,49.5,49.5,2014-12-30 20:45:00
2014-12-31,All Day,EUR,German Bank Holiday,Low,,,,2014-12-31 00:00:00
2014-12-31,4:30am,GBP,Housing Equity Withdrawal q/q,Non-economic,-10.9B,-9.2B,-10.6B,2014-12-31 04:30:00
2014-12-31,8:30am,USD,Unemployment Claims,High,298K,287K,281K,2014-12-31 08:30:00
2014-12-31,9:45am,USD,Chicago PMI,Medium,58.3,60.2,60.8,2014-12-31 09:45:00
2014-12-31,10:00am,USD,Pending Home Sales m/m,Medium,0.8%,0.6%,-1.2%,2014-12-31 10:00:00
2014-12-31,10:30am,USD,Crude Oil Inventories,Medium,-1.8M,0.2M,7.3M,2014-12-31 10:30:00
2014-12-31,12:00pm,USD,Natural Gas Storage,Non-economic,-26B,-37B,-49B,2014-12-31 12:00:00
2014-12-31,All Day,NZD,Bank Holiday,Low,,,,2014-12-31 00:00:00
2014-12-31,All Day,AUD,Bank Holiday,Low,,,,2014-12-31 00:00:00
2014-12-31,All Day,CNY,Bank Holiday,Low,,,,2014-12-31 00:00:00
2014-12-31,All Day,JPY,Bank Holiday,Low,,,,2014-12-31 00:00:00
2014-12-31,8:00pm,CNY,Manufacturing PMI,High,50.1,50.0,50.3,2014-12-31 20:00:00
2014-12-31,8:09pm,CNY,Non-Manufacturing PMI,Medium,54.1,,53.9,2014-12-31 20:09:00
2014-01-01,All Day,CHF,Bank Holiday,Low,,,,2014-01-01 00:00:00
2014-01-01,All Day,EUR,Italian Bank Holiday,Low,,,,2014-01-01 00:00:00
2014-01-01,All Day,EUR,French Bank Holiday,Low,,,,2014-01-01 00:00:00
2014-01-01,All Day,EUR,German Bank Holiday,Low,,,,2014-01-01 00:00:00
2014-01-01,All Day,GBP,Bank Holiday,Low,,,,2014-01-01 00:00:00
2014-01-01,All Day,CAD,Bank Holiday,Low,,,,2014-01-01 00:00:00
2014-01-01,All Day,USD,Bank Holiday,Low,,,,2014-01-01 00:00:00
2014-01-01,All Day,NZD,Bank Holiday,Low,,,,2014-01-01 00:00:00
2014-01-01,All Day,CNY,Bank Holiday,Low,,,,2014-01-01 00:00:00
2014-01-01,All Day,JPY,Bank Holiday,Low,,,,2014-01-01 00:00:00
2014-01-02,12:30am,AUD,Commodity Prices y/y,Non-economic,-21.2%,,-18.4%,2014-01-02 00:30:00
2014-01-02,All Day,CHF,Bank Holiday,Low,,,,2014-01-02 00:00:00
2014-01-02,3:15am,EUR,Spanish Manufacturing PMI,Medium,53.8,54.9,54.7,2014-01-02 03:15:00
2014-01-02,3:45am,EUR,Italian Manufacturing PMI,Medium,48.4,49.6,49.0,2014-01-02 03:45:00
2014-01-02,3:50am,EUR,French Final Manufacturing PMI,Non-economic,47.5,47.9,47.9,2014-01-02 03:50:00
2014-01-02,3:55am,EUR,German Final Manufacturing PMI,Medium,51.2,51.2,51.2,2014-01-02 03:55:00
2014-01-02,4:00am,EUR,Final Manufacturing PMI,Non-economic,50.6,50.8,50.8,2014-01-02 04:00:00
2014-01-02,4:30am,GBP,Final Manufacturing PMI,High,52.5,53.7,53.3,2014-01-02 04:30:00
2014-01-02,4:30am,GBP,Net Lending to Individuals m/m,Medium,3.3B,2.5B,2.7B,2014-01-02 04:30:00
2014-01-02,4:30am,GBP,M4 Money Supply m/m,Non-economic,0.0%,0.2%,0.0%,2014-01-02 04:30:00
2014-01-02,4:30am,GBP,Mortgage Approvals,Non-economic,59K,59K,60K,2014-01-02 04:30:00
2014-01-02,9:30am,CAD,Manufacturing PMI,Non-economic,53.9,,55.3,2014-01-02 09:30:00
2014-01-02,9:45am,USD,Final Manufacturing PMI,Non-economic,53.9,54.1,53.7,2014-01-02 09:45:00
2014-01-02,10:00am,USD,ISM Manufacturing PMI,High,55.5,57.6,58.7,2014-01-02 10:00:00
2014-01-02,10:00am,USD,Construction Spending m/m,Non-economic,-0.3%,0.4%,1.2%,2014-01-02 10:00:00
2014-01-02,10:00am,USD,ISM Manufacturing Prices,Non-economic,38.5,43.1,44.5,2014-01-02 10:00:00
2014-01-04,5:30pm,AUD,AIG Manufacturing Index,Non-economic,46.9,,50.1,2014-01-04 17:30:00
2014-01-04,8:35pm,JPY,Final Manufacturing PMI,Non-economic,52.0,52.1,52.1,2014-01-04 20:35:00
2014-01-05,All Day,EUR,German Prelim CPI m/m,High,0.0%,0.1%,0.0%,2014-01-05 00:00:00
2014-01-05,3:00am,EUR,Spanish Unemployment Change,Medium,-64.4K,-72.0K,-14.7K,2014-01-05 03:00:00
2014-01-05,3:30am,CHF,Manufacturing PMI,Non-economic,54.0,52.9,52.1,2014-01-05 03:30:00
2014-01-05,4:30am,EUR,Sentix Investor Confidence,Non-economic,0.9,-0.9,-2.5,2014-01-05 04:30:00
2014-01-05,4:30am,GBP,Construction PMI,High,57.6,59.2,59.4,2014-01-05 04:30:00
2014-01-05,8:00am,USD,FOMC Member Williams Speaks,Medium,,,,2014-01-05 08:00:00
2014-01-05,All Day,USD,Total Vehicle Sales,Non-economic,16.9M,16.9M,17.2M,2014-01-05 00:00:00
2014-01-05,6:50pm,JPY,Monetary Base y/y,Non-economic,38.2%,34.3%,36.7%,2014-01-05 18:50:00
2014-01-05,7:30pm,AUD,Goods Trade Balance,High,-0.93B,-1.59B,-0.88B,2014-01-05 19:30:00
2014-01-05,8:45pm,CNY,RatingDog Services PMI,Medium,53.4,,53.0,2014-01-05 20:45:00
2014-01-05,10:45pm,JPY,10-y Bond Auction,Non-economic,0.30|3.4,,0.47|3.0,2014-01-05 22:45:00
2014-01-06,All Day,EUR,Italian Bank Holiday,Low,,,,2014-01-06 00:00:00
2014-01-06,3:15am,EUR,Spanish Services PMI,Medium,54.3,52.9,52.7,2014-01-06 03:15:00
2014-01-06,3:45am,EUR,Italian Services PMI,Medium,49.4,51.4,51.8,2014-01-06 03:45:00
2014-01-06,3:50am,EUR,French Final Services PMI,Non-economic,50.6,49.8,49.8,2014-01-06 03:50:00
2014-01-06,3:55am,EUR,German Final Services PMI,Medium,52.1,51.4,51.4,2014-01-06 03:55:00
2014-01-06,4:00am,EUR,Final Services PMI,Non-economic,51.6,51.9,51.9,2014-01-06 04:00:00
2014-01-06,4:30am,GBP,Final Services PMI,High,55.8,58.9,58.6,2014-01-06 04:30:00
2014-01-06,4:30am,GBP,BOE Credit Conditions Survey,Medium,,,,2014-01-06 04:30:00
2014-01-06,5:35am,GBP,10-y Bond Auction,Non-economic,1.62|1.6,,2.21|1.5,2014-01-06 05:35:00
2014-01-06,8:30am,CAD,RMPI m/m,Medium,-5.8%,-4.6%,-4.2%,2014-01-06 08:30:00
2014-01-06,8:30am,CAD,IPPI m/m,Non-economic,-0.4%,-0.5%,-0.6%,2014-01-06 08:30:00
2014-01-06,9:45am,USD,Final Services PMI,Non-economic,53.3,53.8,53.6,2014-01-06 09:45:00
2014-01-06,9:49am,NZD,GDT Price Index,High,3.6%,,2.4%,2014-01-06 09:49:00
2014-01-06,10:00am,USD,ISM Services PMI,High,56.2,58.2,59.3,2014-01-06 10:00:00
2014-01-06,10:00am,USD,Factory Orders m/m,Medium,-0.7%,-0.3%,-0.7%,2014-01-06 10:00:00
2014-01-06,5:20pm,AUD,AIG Services Index,Non-economic,47.5,,43.8,2014-01-06 17:20:00
2014-01-06,7:00pm,NZD,ANZ Commodity Prices m/m,Non-economic,-4.4%,,-1.6%,2014-01-06 19:00:00
2014-01-06,7:01pm,GBP,BRC Shop Price Index y/y,Non-economic,-1.7%,,-1.9%,2014-01-06 19:01:00
