Date,Time,Currency,Event,Impact,Actual,Forecast,Previous,Combined DateTime
2018-01-01,All Day,CHF,Bank Holiday,Low,,,,2018-01-01 00:00:00
2018-01-01,All Day,EUR,French Bank Holiday,Low,,,,2018-01-01 00:00:00
2018-01-01,All Day,EUR,German Bank Holiday,Low,,,,2018-01-01 00:00:00
2018-01-01,All Day,EUR,Italian Bank Holiday,Low,,,,2018-01-01 00:00:00
2018-01-01,All Day,GBP,Bank Holiday,Low,,,,2018-01-01 00:00:00
2018-01-01,All Day,CAD,Bank Holiday,Low,,,,2018-01-01 00:00:00
2018-01-01,All Day,USD,Bank Holiday,Low,,,,2018-01-01 00:00:00
2018-01-01,All Day,NZD,Bank Holiday,Low,,,,2018-01-01 00:00:00
2018-01-01,5:30pm,AUD,AIG Manufacturing Index,Non-economic,56.2,,57.3,2018-01-01 17:30:00
2018-01-01,All Day,JPY,Bank Holiday,Low,,,,2018-01-01 00:00:00
2018-01-01,8:45pm,CNY,RatingDog Manufacturing PMI,Medium,51.5,50.7,50.8,2018-01-01 20:45:00
2018-01-02,12:30am,AUD,Commodity Prices y/y,Non-economic,-5.9%,,-4.0%,2018-01-02 00:30:00
2018-01-02,All Day,CHF,Bank Holiday,Low,,,,2018-01-02 00:00:00
2018-01-02,3:15am,EUR,Spanish Manufacturing PMI,Non-economic,55.8,56.4,56.1,2018-01-02 03:15:00
2018-01-02,3:45am,EUR,Italian Manufacturing PMI,Non-economic,57.4,58.6,58.3,2018-01-02 03:45:00
2018-01-02,3:50am,EUR,French Final Manufacturing PMI,Non-economic,58.8,59.3,59.3,2018-01-02 03:50:00
2018-01-02,3:55am,EUR,German Final Manufacturing PMI,Non-economic,63.3,63.3,63.3,2018-01-02 03:55:00
2018-01-02,4:00am,EUR,Final Manufacturing PMI,Non-economic,60.6,60.6,60.6,2018-01-02 04:00:00
2018-01-02,4:30am,GBP,Final Manufacturing PMI,High,56.3,58.0,58.2,2018-01-02 04:30:00
2018-01-02,4:36am,GBP,Housing Equity Withdrawal q/q,Non-economic,-5.9B,-6.2B,-5.8B,2018-01-02 04:36:00
2018-01-02,9:25am,NZD,GDT Price Index,Medium,2.2%,,-3.9%,2018-01-02 09:25:00
2018-01-02,9:30am,CAD,Manufacturing PMI,Non-economic,54.7,,54.4,2018-01-02 09:30:00
2018-01-02,9:45am,USD,Final Manufacturing PMI,Non-economic,55.1,55.0,55.0,2018-01-02 09:45:00
2018-01-02,All Day,JPY,Bank Holiday,Low,,,,2018-01-02 00:00:00
2018-01-03,3:00am,EUR,Spanish Unemployment Change,Medium,-61.5K,-58.7K,7.3K,2018-01-03 03:00:00
2018-01-03,3:30am,CHF,Manufacturing PMI,Non-economic,65.2,64.6,65.1,2018-01-03 03:30:00
2018-01-03,3:55am,EUR,German Unemployment Change,Non-economic,-29K,-13K,-20K,2018-01-03 03:55:00
2018-01-03,4:30am,GBP,Construction PMI,High,52.2,52.8,53.1,2018-01-03 04:30:00
2018-01-03,10:00am,USD,ISM Manufacturing PMI,High,59.7,58.1,58.2,2018-01-03 10:00:00
2018-01-03,10:00am,USD,Construction Spending m/m,Non-economic,0.8%,0.6%,0.9%,2018-01-03 10:00:00
2018-01-03,10:00am,USD,ISM Manufacturing Prices,Non-economic,69.0,64.8,65.5,2018-01-03 10:00:00
2018-01-03,All Day,USD,Wards Total Vehicle Sales,Non-economic,17.8M,17.5M,17.4M,2018-01-03 00:00:00
2018-01-03,All Day,USD,Total Vehicle Sales,Non-economic,17.9M,17.5M,17.5M,2018-01-03 00:00:00
2018-01-03,2:00pm,USD,FOMC Meeting Minutes,High,,,,2018-01-03 14:00:00
2018-01-03,4:30pm,USD,API Weekly Statistical Bulletin,Non-economic,,,,2018-01-03 16:30:00
2018-01-03,5:30pm,AUD,AIG Services Index,Non-economic,52.0,,51.7,2018-01-03 17:30:00
2018-01-03,7:30pm,JPY,Final Manufacturing PMI,Non-economic,54.0,54.2,54.2,2018-01-03 19:30:00
2018-01-03,8:45pm,CNY,RatingDog Services PMI,Medium,53.9,51.8,51.9,2018-01-03 20:45:00
2018-01-04,1:57am,GBP,Nationwide HPI m/m,Non-economic,0.6%,0.1%,0.1%,2018-01-04 01:57:00
2018-01-04,3:15am,EUR,Spanish Services PMI,Non-economic,54.6,54.7,54.4,2018-01-04 03:15:00
2018-01-04,3:45am,EUR,Italian Services PMI,Non-economic,55.4,54.7,54.7,2018-01-04 03:45:00
2018-01-04,3:50am,EUR,French Final Services PMI,Non-economic,59.1,59.4,59.4,2018-01-04 03:50:00
2018-01-04,3:55am,EUR,German Final Services PMI,Non-economic,55.8,55.8,55.8,2018-01-04 03:55:00
2018-01-04,4:00am,EUR,Final Services PMI,Non-economic,56.6,56.5,56.5,2018-01-04 04:00:00
2018-01-04,4:30am,GBP,Final Services PMI,High,54.2,54.1,53.8,2018-01-04 04:30:00
2018-01-04,4:30am,GBP,Net Lending to Individuals m/m,Medium,4.9B,4.9B,4.7B,2018-01-04 04:30:00
2018-01-04,4:30am,GBP,M4 Money Supply m/m,Non-economic,0.1%,0.4%,0.6%,2018-01-04 04:30:00
2018-01-04,4:30am,GBP,Mortgage Approvals,Non-economic,65K,64K,65K,2018-01-04 04:30:00
2018-01-04,4:51am,EUR,Spanish 10-y Bond Auction,Non-economic,1.53|1.8,,1.49|2.0,2018-01-04 04:51:00
2018-01-04,5:01am,EUR,French 10-y Bond Auction,Non-economic,0.79|1.4,,0.36|1.9,2018-01-04 05:01:00
2018-01-04,7:30am,USD,Challenger Job Cuts y/y,Non-economic,-3.6%,,30.1%,2018-01-04 07:30:00
2018-01-04,8:15am,USD,ADP Non-Farm Employment Change,High,250K,191K,185K,2018-01-04 08:15:00
2018-01-04,8:30am,CAD,RMPI m/m,Medium,5.5%,4.0%,3.8%,2018-01-04 08:30:00
2018-01-04,8:30am,CAD,IPPI m/m,Non-economic,1.4%,0.8%,1.1%,2018-01-04 08:30:00
2018-01-04,8:30am,USD,Unemployment Claims,High,250K,241K,247K,2018-01-04 08:30:00
2018-01-04,9:45am,USD,Final Services PMI,Non-economic,53.7,52.4,52.4,2018-01-04 09:45:00
2018-01-04,10:30am,USD,Natural Gas Storage,Non-economic,-206B,-221B,-112B,2018-01-04 10:30:00
2018-01-04,11:00am,USD,Crude Oil Inventories,High,-7.4M,-5.2M,-4.6M,2018-01-04 11:00:00
2018-01-04,6:50pm,JPY,Monetary Base y/y,Non-economic,11.2%,13.1%,13.2%,2018-01-04 18:50:00
2018-01-04,7:01pm,GBP,BRC Shop Price Index y/y,Non-economic,-0.6%,,-0.1%,2018-01-04 19:01:00
2018-01-04,7:30pm,AUD,Goods Trade Balance,High,-0.63B,0.55B,-0.30B,2018-01-04 19:30:00
2018-01-05,2:00am,EUR,German Retail Sales m/m,Medium,2.3%,1.0%,-1.0%,2018-01-05 02:00:00
2018-01-05,2:45am,EUR,French Prelim CPI m/m,Non-economic,0.3%,0.3%,0.1%,2018-01-05 02:45:00
2018-01-05,4:10am,EUR,Retail PMI,Non-economic,53.0,,52.4,2018-01-05 04:10:00
2018-01-05,5:00am,EUR,CPI Flash Estimate y/y,High,1.4%,1.4%,1.5%,2018-01-05 05:00:00
2018-01-05,5:00am,EUR,Core CPI Flash Estimate y/y,Medium,0.9%,1.0%,0.9%,2018-01-05 05:00:00
2018-01-05,5:00am,EUR,PPI m/m,Non-economic,0.6%,0.3%,0.4%,2018-01-05 05:00:00
2018-01-05,5:00am,EUR,Italian Prelim CPI m/m,Non-economic,0.4%,0.2%,-0.2%,2018-01-05 05:00:00
2018-01-05,8:30am,CAD,Employment Change,High,78.6K,1.8K,79.5K,2018-01-05 08:30:00
2018-01-05,8:30am,CAD,Trade Balance,High,-2.5B,-1.2B,-1.6B,2018-01-05 08:30:00
2018-01-05,8:30am,CAD,Unemployment Rate,High,5.7%,6.0%,5.9%,2018-01-05 08:30:00
2018-01-05,8:30am,USD,Average Hourly Earnings m/m,High,0.3%,0.3%,0.1%,2018-01-05 08:30:00
2018-01-05,8:30am,USD,Non-Farm Employment Change,High,148K,190K,252K,2018-01-05 08:30:00
2018-01-05,8:30am,USD,Unemployment Rate,High,4.1%,4.1%,4.1%,2018-01-05 08:30:00
2018-01-05,8:30am,USD,Trade Balance,Non-economic,-50.5B,-49.7B,-48.9B,2018-01-05 08:30:00
2018-01-05,10:00am,CAD,Ivey PMI,Medium,60.4,62.2,63.0,2018-01-05 10:00:00
2018-01-05,10:00am,USD,ISM Services PMI,High,55.9,57.6,57.4,2018-01-05 10:00:00
2018-01-05,10:00am,USD,Factory Orders m/m,Non-economic,1.3%,1.1%,0.4%,2018-01-05 10:00:00
2018-01-05,12:30pm,USD,FOMC Member Mester Speaks,Medium,,,,2018-01-05 12:30:00
2018-01-06,10:15am,USD,FOMC Member Mester Speaks,Medium,,,,2018-01-06 10:15:00
2018-01-07,8:00am,USD,FOMC Member Williams Speaks,Medium,,,,2018-01-07 08:00:00
2018-01-07,5:30pm,AUD,AIG Construction Index,Non-economic,52.8,,57.5,2018-01-07 17:30:00
2018-01-07,All Day,JPY,Bank Holiday,Low,,,,2018-01-07 00:00:00
2018-01-08,2:00am,EUR,German Factory Orders m/m,Non-economic,-0.4%,0.1%,0.7%,2018-01-08 02:00:00
2018-01-08,3:15am,CHF,CPI m/m,Non-economic,0.0%,-0.1%,-0.1%,2018-01-08 03:15:00
2018-01-08,3:30am,GBP,Halifax HPI m/m,Medium,-0.6%,0.2%,0.3%,2018-01-08 03:30:00
2018-01-08,4:30am,EUR,Sentix Investor Confidence,Non-economic,32.9,31.5,31.1,2018-01-08 04:30:00
2018-01-08,5:00am,EUR,Retail Sales m/m,Non-economic,1.5%,1.4%,-1.1%,2018-01-08 05:00:00
2018-01-08,10:30am,CAD,BOC Business Outlook Survey,High,,,,2018-01-08 10:30:00
2018-01-08,12:40pm,USD,FOMC Member Bostic Speaks,Medium,,,,2018-01-08 12:40:00
2018-01-08,1:35pm,USD,FOMC Member Williams Speaks,Medium,,,,2018-01-08 13:35:00
2018-01-08,3:00pm,USD,Consumer Credit m/m,Non-economic,28.0B,17.8B,20.5B,2018-01-08 15:00:00
2018-01-08,7:00pm,JPY,Average Cash Earnings y/y,Non-economic,0.9%,0.6%,0.2%,2018-01-08 19:00:00
2018-01-08,7:01pm,GBP,BRC Retail Sales Monitor y/y,Non-economic,0.6%,,0.6%,2018-01-08 19:01:00
2018-01-08,7:30pm,AUD,Building Approvals m/m,Medium,11.7%,-0.9%,-0.1%,2018-01-08 19:30:00
2018-01-08,7:30pm,AUD,ANZ Job Advertisements m/m,Non-economic,-2.3%,,1.1%,2018-01-08 19:30:00
2018-01-09,12:00am,JPY,Consumer Confidence,Non-economic,44.7,45.1,44.9,2018-01-09 00:00:00
2018-01-09,1:45am,CHF,Unemployment Rate,Non-economic,3.0%,3.0%,3.1%,2018-01-09 01:45:00
2018-01-09,2:00am,EUR,German Industrial Production m/m,Non-economic,3.4%,1.9%,-1.2%,2018-01-09 02:00:00
2018-01-09,2:00am,EUR,German Trade Balance,Non-economic,22.3B,20.7B,19.9B,2018-01-09 02:00:00
2018-01-09,2:45am,EUR,French Trade Balance,Non-economic,-5.7B,-4.8B,-5.3B,2018-01-09 02:45:00
2018-01-09,3:00am,CHF,Foreign Currency Reserves,Non-economic,744B,,738B,2018-01-09 03:00:00
2018-01-09,3:15am,CHF,Retail Sales y/y,Non-economic,-0.2%,-2.5%,-2.6%,2018-01-09 03:15:00
2018-01-09,4:00am,EUR,Italian Monthly Unemployment Rate,Non-economic,11.0%,11.0%,11.1%,2018-01-09 04:00:00
2018-01-09,5:00am,EUR,Unemployment Rate,Non-economic,8.7%,8.7%,8.8%,2018-01-09 05:00:00
2018-01-09,5:37am,GBP,10-y Bond Auction,Non-economic,1.29|2.4,,1.34|2.3,2018-01-09 05:37:00
2018-01-09,6:00am,USD,NFIB Small Business Index,Non-economic,104.9,108.4,107.5,2018-01-09 06:00:00
2018-01-09,8:13am,CAD,Housing Starts,Non-economic,217K,240K,252K,2018-01-09 08:13:00
2018-01-09,10:00am,USD,JOLTS Job Openings,Non-economic,5.88M,6.05M,5.93M,2018-01-09 10:00:00
2018-01-09,4:30pm,USD,API Weekly Statistical Bulletin,Non-economic,,,,2018-01-09 16:30:00
2018-01-09,8:30pm,CNY,CPI y/y,Medium,1.8%,1.9%,1.7%,2018-01-09 20:30:00
2018-01-09,8:30pm,CNY,PPI y/y,Medium,4.9%,4.8%,5.8%,2018-01-09 20:30:00
2018-01-09,10:45pm,JPY,10-y Bond Auction,Non-economic,0.08|3.7,,0.06|3.7,2018-01-09 22:45:00
2018-01-10,2:45am,EUR,French Industrial Production m/m,Non-economic,-0.5%,-0.4%,1.7%,2018-01-10 02:45:00
2018-01-10,4:30am,GBP,Manufacturing Production m/m,High,0.4%,0.3%,0.3%,2018-01-10 04:30:00
2018-01-10,4:30am,GBP,Goods Trade Balance,Medium,-12.2B,-10.9B,-11.7B,2018-01-10 04:30:00
2018-01-10,4:30am,GBP,Construction Output m/m,Non-economic,0.4%,0.7%,-1.1%,2018-01-10 04:30:00
2018-01-10,4:30am,GBP,Industrial Production m/m,Non-economic,0.4%,0.4%,0.2%,2018-01-10 04:30:00
2018-01-10,5:32am,EUR,German 10-y Bond Auction,Non-economic,0.54|1.1,,0.30|1.1,2018-01-10 05:32:00
2018-01-10,7:13am,GBP,NIESR GDP Estimate,Non-economic,0.6%,,0.6%,2018-01-10 07:13:00
2018-01-10,8:30am,CAD,Building Permits m/m,Medium,-7.7%,-0.7%,4.4%,2018-01-10 08:30:00
2018-01-10,8:30am,USD,Import Prices m/m,Medium,0.1%,0.4%,0.8%,2018-01-10 08:30:00
2018-01-10,10:00am,USD,Final Wholesale Inventories m/m,Non-economic,0.8%,0.7%,0.7%,2018-01-10 10:00:00
2018-01-10,10:30am,USD,Crude Oil Inventories,High,-4.9M,-3.9M,-7.4M,2018-01-10 10:30:00
2018-01-10,1:01pm,USD,10-y Bond Auction,Non-economic,2.58|2.7,,2.38|2.4,2018-01-10 13:01:00
2018-01-10,7:30pm,AUD,Retail Sales m/m,High,1.2%,0.4%,0.5%,2018-01-10 19:30:00
2018-01-11,12:00am,JPY,Leading Indicators,Non-economic,108.6%,108.7%,106.5%,2018-01-11 00:00:00
2018-01-11,4:03am,EUR,Italian Retail Sales m/m,Non-economic,1.1%,0.8%,-1.0%,2018-01-11 04:03:00
2018-01-11,4:30am,GBP,BOE Credit Conditions Survey,Medium,,,,2018-01-11 04:30:00
2018-01-11,5:00am,EUR,Industrial Production m/m,Non-economic,1.0%,0.8%,0.4%,2018-01-11 05:00:00
2018-01-11,7:30am,EUR,ECB Monetary Policy Meeting Accounts,Medium,,,,2018-01-11 07:30:00
2018-01-11,8:30am,CAD,NHPI m/m,Medium,0.1%,0.2%,0.1%,2018-01-11 08:30:00
2018-01-11,8:30am,USD,PPI m/m,High,-0.1%,0.2%,0.4%,2018-01-11 08:30:00
2018-01-11,8:30am,USD,Core PPI m/m,Medium,-0.1%,0.2%,0.3%,2018-01-11 08:30:00
2018-01-11,8:30am,USD,Unemployment Claims,Medium,261K,246K,250K,2018-01-11 08:30:00
2018-01-11,10:30am,USD,Natural Gas Storage,Non-economic,-359B,-318B,-206B,2018-01-11 10:30:00
2018-01-11,1:01pm,USD,30-y Bond Auction,Non-economic,2.87|2.7,,2.80|2.5,2018-01-11 13:01:00
2018-01-11,2:00pm,USD,Federal Budget Balance,Non-economic,-23.2B,-34.5B,-138.5B,2018-01-11 14:00:00
2018-01-11,3:30pm,USD,FOMC Member Dudley Speaks,Medium,,,,2018-01-11 15:30:00
2018-01-11,4:45pm,NZD,Building Consents m/m,Non-economic,10.8%,,-10.4%,2018-01-11 16:45:00
2018-01-11,6:50pm,JPY,Bank Lending y/y,Non-economic,2.5%,2.7%,2.7%,2018-01-11 18:50:00
2018-01-11,6:50pm,JPY,Current Account,Non-economic,1.70T,2.19T,2.44T,2018-01-11 18:50:00
2018-01-11,10:03pm,CNY,USD-Denominated Trade Balance,Non-economic,54.7B,36.9B,40.2B,2018-01-11 22:03:00
2018-01-11,10:07pm,CNY,Trade Balance,Medium,362B,237B,264B,2018-01-11 22:07:00
2018-01-12,12:00am,JPY,Economy Watchers Sentiment,Non-economic,53.9,55.2,55.1,2018-01-12 00:00:00
2018-01-12,2:45am,EUR,French Final CPI m/m,Non-economic,0.3%,0.3%,0.3%,2018-01-12 02:45:00
2018-01-12,3:00am,CNY,M2 Money Supply y/y,Non-economic,8.2%,9.2%,9.1%,2018-01-12 03:00:00
2018-01-12,3:00am,CNY,New Loans,Non-economic,584B,997B,1120B,2018-01-12 03:00:00
2018-01-12,4:00am,EUR,Italian Industrial Production m/m,Non-economic,0.0%,0.6%,0.6%,2018-01-12 04:00:00
2018-01-12,8:30am,USD,Core CPI m/m,High,0.3%,0.2%,0.1%,2018-01-12 08:30:00
2018-01-12,8:30am,USD,Core Retail Sales m/m,High,0.4%,0.3%,1.3%,2018-01-12 08:30:00
2018-01-12,8:30am,USD,CPI m/m,High,0.1%,0.1%,0.4%,2018-01-12 08:30:00
2018-01-12,8:30am,USD,CPI y/y,High,2.1%,2.1%,2.2%,2018-01-12 08:30:00
2018-01-12,8:30am,USD,Retail Sales m/m,High,0.4%,0.5%,0.9%,2018-01-12 08:30:00
2018-01-12,9:59am,USD,RCM/TIPP Economic Optimism,Non-economic,55.1,52.3,51.9,2018-01-12 09:59:00
2018-01-12,10:00am,USD,Business Inventories m/m,Non-economic,0.4%,0.4%,0.0%,2018-01-12 10:00:00
2018-01-12,11:30am,EUR,German Buba President Weidmann Speaks,Medium,,,,2018-01-12 11:30:00
2018-01-14,4:45pm,NZD,FPI m/m,Non-economic,-0.8%,,-0.4%,2018-01-14 16:45:00
2018-01-14,6:50pm,JPY,M2 Money Stock y/y,Non-economic,3.6%,4.0%,4.0%,2018-01-14 18:50:00
2018-01-14,7:01pm,GBP,Rightmove HPI m/m,Non-economic,0.7%,,-2.6%,2018-01-14 19:01:00
2018-01-14,7:29pm,AUD,MI Inflation Gauge m/m,Non-economic,0.1%,,0.2%,2018-01-14 19:29:00
2018-01-15,1:00am,JPY,Prelim Machine Tool Orders y/y,Non-economic,48.3%,,46.8%,2018-01-15 01:00:00
2018-01-15,5:00am,EUR,Trade Balance,Non-economic,22.5B,22.4B,19.0B,2018-01-15 05:00:00
2018-01-15,All Day,USD,Bank Holiday,Low,,,,2018-01-15 00:00:00
2018-01-15,1:15pm,GBP,MPC Member Tenreyro Speaks,Medium,,,,2018-01-15 13:15:00
2018-01-15,4:00pm,NZD,NZIER Business Confidence,Medium,-12,,5,2018-01-15 16:00:00
2018-01-15,6:50pm,JPY,PPI y/y,Non-economic,3.1%,3.3%,3.6%,2018-01-15 18:50:00
2018-01-15,7:30pm,AUD,New Motor Vehicle Sales m/m,Non-economic,4.5%,,0.2%,2018-01-15 19:30:00
2018-01-15,11:30pm,JPY,Tertiary Industry Activity m/m,Non-economic,1.1%,0.4%,0.2%,2018-01-15 23:30:00
2018-01-16,2:00am,EUR,German Final CPI m/m,Non-economic,0.6%,0.6%,0.6%,2018-01-16 02:00:00
2018-01-16,2:00am,EUR,German WPI m/m,Non-economic,-0.3%,0.3%,0.5%,2018-01-16 02:00:00
2018-01-16,2:16am,CNY,Foreign Direct Investment ytd/y,Non-economic,7.9%,,9.8%,2018-01-16 02:16:00
2018-01-16,3:00am,EUR,French Gov Budget Balance,Non-economic,-84.7B,,-77.1B,2018-01-16 03:00:00
2018-01-16,4:30am,GBP,CPI y/y,High,3.0%,3.0%,3.1%,2018-01-16 04:30:00
2018-01-16,4:30am,GBP,PPI Input m/m,Medium,0.1%,0.5%,1.6%,2018-01-16 04:30:00
2018-01-16,4:30am,GBP,RPI y/y,Medium,4.1%,3.9%,3.9%,2018-01-16 04:30:00
2018-01-16,4:30am,GBP,Core CPI y/y,Non-economic,2.5%,2.6%,2.7%,2018-01-16 04:30:00
2018-01-16,4:30am,GBP,HPI y/y,Non-economic,5.1%,4.2%,5.4%,2018-01-16 04:30:00
2018-01-16,4:30am,GBP,PPI Output m/m,Non-economic,0.4%,0.2%,0.4%,2018-01-16 04:30:00
2018-01-16,5:07am,EUR,Italian Trade Balance,Non-economic,4.83B,5.22B,4.99B,2018-01-16 05:07:00
2018-01-16,8:30am,USD,Empire State Manufacturing Index,Medium,17.7,18.5,18.0,2018-01-16 08:30:00
2018-01-16,9:21am,NZD,GDT Price Index,Medium,4.9%,,2.2%,2018-01-16 09:21:00
2018-01-16,9:30am,GBP,CB Leading Index m/m,Non-economic,-0.2%,,-0.2%,2018-01-16 09:30:00
2018-01-16,12:00pm,CHF,SNB Chairman Jordan Speaks,High,,,,2018-01-16 12:00:00
2018-01-16,6:30pm,AUD,Westpac Consumer Sentiment,Non-economic,1.8%,,3.6%,2018-01-16 18:30:00
2018-01-16,6:50pm,JPY,Core Machinery Orders m/m,Non-economic,5.7%,-1.3%,5.0%,2018-01-16 18:50:00
2018-01-16,7:00pm,NZD,ANZ Commodity Prices m/m,Non-economic,-2.2%,,-0.9%,2018-01-16 19:00:00
2018-01-16,7:30pm,AUD,Home Loans m/m,Non-economic,2.1%,-0.1%,-0.3%,2018-01-16 19:30:00
2018-01-17,5:00am,EUR,Final CPI y/y,Medium,1.4%,1.4%,1.5%,2018-01-17 05:00:00
2018-01-17,5:00am,EUR,Final Core CPI y/y,Non-economic,0.9%,0.9%,0.9%,2018-01-17 05:00:00
2018-01-17,5:32am,EUR,German 30-y Bond Auction,Non-economic,1.28|1.4,,1.20|1.7,2018-01-17 05:32:00
2018-01-17,6:45am,GBP,MPC Member Saunders Speaks,Medium,,,,2018-01-17 06:45:00
2018-01-17,9:15am,USD,Capacity Utilization Rate,Medium,77.9%,77.3%,77.2%,2018-01-17 09:15:00
2018-01-17,9:15am,USD,Industrial Production m/m,Medium,0.9%,0.4%,-0.1%,2018-01-17 09:15:00
2018-01-17,10:00am,CAD,BOC Monetary Policy Report,High,,,,2018-01-17 10:00:00
2018-01-17,10:00am,CAD,BOC Rate Statement,High,,,,2018-01-17 10:00:00
2018-01-17,10:00am,CAD,Overnight Rate,High,1.25%,1.25%,1.00%,2018-01-17 10:00:00
2018-01-17,10:00am,USD,NAHB Housing Market Index,Non-economic,72,73,74,2018-01-17 10:00:00
2018-01-17,11:15am,CAD,BOC Press Conference,High,,,,2018-01-17 11:15:00
2018-01-17,2:00pm,USD,Beige Book,Non-economic,,,,2018-01-17 14:00:00
2018-01-17,4:00pm,USD,TIC Long-Term Purchases,Non-economic,57.5B,50.1B,26.2B,2018-01-17 16:00:00
2018-01-17,4:30pm,USD,FOMC Member Mester Speaks,Medium,,,,2018-01-17 16:30:00
2018-01-17,4:30pm,USD,API Weekly Statistical Bulletin,Non-economic,,,,2018-01-17 16:30:00
2018-01-17,7:00pm,AUD,MI Inflation Expectations,Non-economic,3.7%,,3.7%,2018-01-17 19:00:00
2018-01-17,7:01pm,GBP,RICS House Price Balance,Non-economic,8%,-1%,0%,2018-01-17 19:01:00
2018-01-17,7:18pm,AUD,HIA New Home Sales m/m,Non-economic,0.7%,,1.6%,2018-01-17 19:18:00
2018-01-17,7:30pm,AUD,Employment Change,High,34.7K,13.2K,63.6K,2018-01-17 19:30:00
2018-01-17,7:30pm,AUD,Unemployment Rate,High,5.5%,5.4%,5.4%,2018-01-17 19:30:00
2018-01-17,10:45pm,JPY,30-y Bond Auction,Non-economic,0.83|3.8,,0.85|4.4,2018-01-17 22:45:00
2018-01-17,11:30pm,JPY,Revised Industrial Production m/m,Non-economic,0.5%,0.6%,0.6%,2018-01-17 23:30:00
2018-01-18,2:00am,CNY,GDP q/y,High,6.8%,6.7%,6.8%,2018-01-18 02:00:00
2018-01-18,2:00am,CNY,Fixed Asset Investment ytd/y,Medium,7.2%,7.1%,7.2%,2018-01-18 02:00:00
2018-01-18,2:00am,CNY,Industrial Production y/y,Medium,6.2%,6.1%,6.1%,2018-01-18 02:00:00
2018-01-18,2:00am,CNY,NBS Press Conference,Medium,,,,2018-01-18 02:00:00
2018-01-18,2:00am,CNY,Retail Sales y/y,Non-economic,9.4%,10.1%,10.2%,2018-01-18 02:00:00
2018-01-18,3:00am,EUR,German Buba President Weidmann Speaks,Medium,,,,2018-01-18 03:00:00
2018-01-18,8:30am,USD,Building Permits,High,1.30M,1.29M,1.30M,2018-01-18 08:30:00
2018-01-18,8:30am,USD,Housing Starts,Medium,1.19M,1.28M,1.30M,2018-01-18 08:30:00
2018-01-18,8:30am,USD,Philly Fed Manufacturing Index,Medium,22.2,24.9,26.2,2018-01-18 08:30:00
2018-01-18,8:30am,USD,Unemployment Claims,Medium,220K,250K,261K,2018-01-18 08:30:00
2018-01-18,8:32am,CAD,ADP Non-Farm Employment Change,Non-economic,-7.1K,,59.2K,2018-01-18 08:32:00
2018-01-18,10:30am,USD,Natural Gas Storage,Non-economic,-183B,-201B,-359B,2018-01-18 10:30:00
2018-01-18,11:00am,USD,Crude Oil Inventories,High,-6.9M,-1.4M,-4.9M,2018-01-18 11:00:00
2018-01-18,4:30pm,NZD,BusinessNZ Manufacturing Index,Medium,51.2,,57.7,2018-01-18 16:30:00
2018-01-19,2:00am,EUR,German PPI m/m,Non-economic,0.2%,0.2%,0.1%,2018-01-19 02:00:00
2018-01-19,3:15am,CHF,PPI m/m,Medium,0.2%,0.4%,0.6%,2018-01-19 03:15:00
2018-01-19,4:00am,EUR,Current Account,Non-economic,32.5B,31.3B,30.3B,2018-01-19 04:00:00
2018-01-19,4:29am,GBP,Retail Sales m/m,High,-1.5%,-0.8%,1.0%,2018-01-19 04:29:00
2018-01-19,8:30am,CAD,Foreign Securities Purchases,Medium,19.56B,15.76B,20.77B,2018-01-19 08:30:00
2018-01-19,8:30am,CAD,Manufacturing Sales m/m,Medium,3.4%,1.9%,-0.6%,2018-01-19 08:30:00
2018-01-19,8:55am,USD,FOMC Member Bostic Speaks,Medium,,,,2018-01-19 08:55:00
2018-01-19,10:00am,USD,Prelim UoM Consumer Sentiment,Medium,94.4,97.0,95.9,2018-01-19 10:00:00
2018-01-19,10:00am,USD,Prelim UoM Inflation Expectations,Non-economic,2.8%,,2.7%,2018-01-19 10:00:00
2018-01-19,12:15pm,USD,FOMC Member Quarles Speaks,Medium,,,,2018-01-19 12:15:00
2018-01-19,1:30pm,USD,FOMC Member Williams Speaks,Medium,,,,2018-01-19 13:30:00
2018-01-21,All Day,All,OPEC-JMMC Meetings,Medium,,,,2018-01-21 00:00:00
2018-01-22,All Day,EUR,Eurogroup Meetings,Non-economic,,,,2018-01-22 00:00:00
2018-01-22,6:00am,EUR,German Buba Monthly Report,Non-economic,,,,2018-01-22 06:00:00
2018-01-22,8:30am,CAD,Wholesale Sales m/m,Medium,0.7%,1.0%,1.6%,2018-01-22 08:30:00
2018-01-22,4:30pm,NZD,BusinessNZ Services Index,Non-economic,56.0,,56.5,2018-01-22 16:30:00
2018-01-22,6:00pm,USD,Fed Chair Nomination Vote,High,Pass,Pass,,2018-01-22 18:00:00
2018-01-22,10:14pm,JPY,BOJ Outlook Report,High,,,,2018-01-22 22:14:00
2018-01-22,10:14pm,JPY,Monetary Policy Statement,High,,,,2018-01-22 22:14:00
2018-01-22,10:14pm,JPY,BOJ Policy Rate,Medium,-0.10%,-0.10%,-0.10%,2018-01-22 22:14:00
2018-01-22,11:30pm,JPY,All Industries Activity m/m,Non-economic,1.0%,0.9%,0.3%,2018-01-22 23:30:00
2018-01-23,1:30am,JPY,BOJ Press Conference,High,,,,2018-01-23 01:30:00
2018-01-23,Day 1,All,WEF Annual Meetings,Medium,,,,2018-01-23 00:00:00
2018-01-23,4:30am,GBP,Public Sector Net Borrowing,Medium,1.0B,4.2B,6.6B,2018-01-23 04:30:00
2018-01-23,5:00am,EUR,German ZEW Economic Sentiment,Medium,20.4,17.8,17.4,2018-01-23 05:00:00
2018-01-23,5:00am,EUR,ZEW Economic Sentiment,Non-economic,31.8,29.7,29.0,2018-01-23 05:00:00
2018-01-23,All Day,EUR,ECOFIN Meetings,Non-economic,,,,2018-01-23 00:00:00
2018-01-23,6:00am,GBP,CBI Industrial Order Expectations,Non-economic,14,13,17,2018-01-23 06:00:00
2018-01-23,9:59am,USD,Richmond Manufacturing Index,Non-economic,14,19,20,2018-01-23 09:59:00
2018-01-23,10:00am,EUR,Consumer Confidence,Non-economic,1,1,1,2018-01-23 10:00:00
2018-01-23,4:30pm,USD,API Weekly Statistical Bulletin,Non-economic,,,,2018-01-23 16:30:00
2018-01-23,6:30pm,AUD,MI Leading Index m/m,Non-economic,0.3%,,0.1%,2018-01-23 18:30:00
2018-01-23,6:50pm,JPY,Trade Balance,Non-economic,0.09T,0.27T,0.29T,2018-01-23 18:50:00
2018-01-23,7:30pm,JPY,Flash Manufacturing PMI,Non-economic,54.4,54.3,54.0,2018-01-23 19:30:00
2018-01-23,9:00pm,NZD,Credit Card Spending y/y,Non-economic,6.3%,,9.1%,2018-01-23 21:00:00
2018-01-24,3:00am,EUR,French Flash Manufacturing PMI,Medium,58.1,58.7,58.8,2018-01-24 03:00:00
2018-01-24,3:00am,EUR,French Flash Services PMI,Medium,59.3,58.9,59.1,2018-01-24 03:00:00
2018-01-24,3:30am,EUR,German Flash Manufacturing PMI,Medium,61.2,63.2,63.3,2018-01-24 03:30:00
2018-01-24,3:30am,EUR,German Flash Services PMI,Medium,57.0,55.6,55.8,2018-01-24 03:30:00
2018-01-24,4:00am,EUR,Flash Manufacturing PMI,Medium,59.6,60.4,60.6,2018-01-24 04:00:00
2018-01-24,4:00am,EUR,Flash Services PMI,Medium,57.6,56.5,56.6,2018-01-24 04:00:00
2018-01-24,Day 2,All,WEF Annual Meetings,Medium,,,,2018-01-24 00:00:00
2018-01-24,4:30am,GBP,Average Earnings Index 3m/y,High,2.5%,2.5%,2.5%,2018-01-24 04:30:00
2018-01-24,4:30am,GBP,Claimant Count Change,Medium,8.6K,2.3K,12.2K,2018-01-24 04:30:00
2018-01-24,4:30am,GBP,Unemployment Rate,Medium,4.3%,4.3%,4.3%,2018-01-24 04:30:00
2018-01-24,9:00am,USD,HPI m/m,Non-economic,0.4%,0.4%,0.6%,2018-01-24 09:00:00
2018-01-24,9:45am,USD,Flash Manufacturing PMI,Non-economic,55.5,55.2,55.1,2018-01-24 09:45:00
2018-01-24,9:45am,USD,Flash Services PMI,Non-economic,53.3,54.5,53.7,2018-01-24 09:45:00
2018-01-24,10:00am,USD,Existing Home Sales,Medium,5.57M,5.72M,5.78M,2018-01-24 10:00:00
2018-01-24,10:30am,AUD,CB Leading Index m/m,Non-economic,0.3%,,0.3%,2018-01-24 10:30:00
2018-01-24,10:30am,USD,Crude Oil Inventories,High,-1.1M,-1.0M,-6.9M,2018-01-24 10:30:00
2018-01-24,4:45pm,NZD,CPI q/q,High,0.1%,0.4%,0.5%,2018-01-24 16:45:00
2018-01-25,2:00am,EUR,German GfK Consumer Climate,Non-economic,11.0,10.8,10.8,2018-01-25 02:00:00
2018-01-25,3:00am,EUR,Spanish Unemployment Rate,Medium,16.6%,16.1%,16.4%,2018-01-25 03:00:00
2018-01-25,4:00am,EUR,German ifo Business Climate,Medium,117.6,117.1,117.2,2018-01-25 04:00:00
2018-01-25,Day 3,All,WEF Annual Meetings,Medium,,,,2018-01-25 00:00:00
2018-01-25,4:30am,GBP,High Street Lending,Non-economic,36.1K,39.9K,39.0K,2018-01-25 04:30:00
2018-01-25,6:00am,GBP,CBI Realized Sales,Non-economic,12,12,20,2018-01-25 06:00:00
2018-01-25,7:45am,EUR,Main Refinancing Rate,High,0.00%,0.00%,0.00%,2018-01-25 07:45:00
2018-01-25,7:45am,EUR,Monetary Policy Statement,High,,,,2018-01-25 07:45:00
2018-01-25,8:30am,CAD,Core Retail Sales m/m,High,1.6%,0.8%,0.8%,2018-01-25 08:30:00
2018-01-25,8:30am,CAD,Retail Sales m/m,Medium,0.2%,0.7%,1.6%,2018-01-25 08:30:00
2018-01-25,8:30am,EUR,ECB Press Conference,High,,,,2018-01-25 08:30:00
2018-01-25,8:30am,USD,Unemployment Claims,Medium,233K,239K,216K,2018-01-25 08:30:00
2018-01-25,9:00am,EUR,Belgian NBB Business Climate,Non-economic,1.8,0.4,0.1,2018-01-25 09:00:00
2018-01-25,10:00am,USD,New Home Sales,Medium,625K,679K,689K,2018-01-25 10:00:00
2018-01-25,10:00am,USD,CB Leading Index m/m,Non-economic,0.6%,0.5%,0.4%,2018-01-25 10:00:00
2018-01-25,10:30am,USD,Natural Gas Storage,Non-economic,-288B,-270B,-183B,2018-01-25 10:30:00
2018-01-25,All Day,AUD,Bank Holiday,Low,,,,2018-01-25 00:00:00
2018-01-25,6:30pm,JPY,National Core CPI y/y,Non-economic,0.9%,0.9%,0.9%,2018-01-25 18:30:00
2018-01-25,6:30pm,JPY,Tokyo Core CPI y/y,Non-economic,0.7%,0.8%,0.8%,2018-01-25 18:30:00
2018-01-25,6:50pm,JPY,Monetary Policy Meeting Minutes,Non-economic,,,,2018-01-25 18:50:00
2018-01-25,6:50pm,JPY,SPPI y/y,Non-economic,0.8%,0.8%,0.8%,2018-01-25 18:50:00
2018-01-26,4:00am,EUR,M3 Money Supply y/y,Medium,4.6%,4.9%,4.9%,2018-01-26 04:00:00
2018-01-26,4:00am,EUR,Private Loans y/y,Non-economic,2.8%,2.9%,2.8%,2018-01-26 04:00:00
2018-01-26,Day 4,All,WEF Annual Meetings,Medium,,,,2018-01-26 00:00:00
2018-01-26,4:30am,GBP,Prelim GDP q/q,High,0.5%,0.4%,0.4%,2018-01-26 04:30:00
2018-01-26,4:30am,GBP,Index of Services 3m/3m,Non-economic,0.4%,0.4%,0.3%,2018-01-26 04:30:00
2018-01-26,8:07am,USD,President Trump Speaks,High,,,,2018-01-26 08:07:00
2018-01-26,8:30am,CAD,CPI m/m,High,-0.4%,-0.3%,0.3%,2018-01-26 08:30:00
2018-01-26,8:30am,CAD,Common CPI y/y,Medium,1.6%,,1.5%,2018-01-26 08:30:00
2018-01-26,8:30am,CAD,Median CPI y/y,Medium,1.9%,,1.9%,2018-01-26 08:30:00
2018-01-26,8:30am,CAD,Trimmed CPI y/y,Medium,1.9%,,1.8%,2018-01-26 08:30:00
2018-01-26,8:30am,USD,Advance GDP q/q,High,2.6%,3.0%,3.2%,2018-01-26 08:30:00
2018-01-26,8:30am,USD,Core Durable Goods Orders m/m,High,0.6%,0.5%,0.3%,2018-01-26 08:30:00
2018-01-26,8:30am,USD,Advance GDP Price Index q/q,Medium,2.4%,2.3%,2.1%,2018-01-26 08:30:00
2018-01-26,8:30am,USD,Durable Goods Orders m/m,Medium,2.9%,0.9%,1.7%,2018-01-26 08:30:00
2018-01-26,8:30am,USD,Goods Trade Balance,Non-economic,-71.6B,-68.6B,-70.0B,2018-01-26 08:30:00
2018-01-26,8:30am,USD,Prelim Wholesale Inventories m/m,Non-economic,0.2%,0.4%,0.8%,2018-01-26 08:30:00
2018-01-26,8:33am,CAD,Core CPI m/m,Non-economic,-0.5%,,-0.1%,2018-01-26 08:33:00
2018-01-26,9:00am,CNY,CB Leading Index m/m,Non-economic,1.7%,,1.9%,2018-01-26 09:00:00
2018-01-26,9:00am,GBP,BOE Gov Carney Speaks,High,,,,2018-01-26 09:00:00
2018-01-26,9:00am,JPY,BOJ Gov Kuroda Speaks,High,,,,2018-01-26 09:00:00
2018-01-29,2:00am,EUR,German Import Prices m/m,Non-economic,0.3%,0.3%,0.8%,2018-01-29 02:00:00
2018-01-29,8:30am,USD,Core PCE Price Index m/m,Medium,0.2%,0.2%,0.1%,2018-01-29 08:30:00
2018-01-29,8:30am,USD,Personal Spending m/m,Medium,0.4%,0.5%,0.8%,2018-01-29 08:30:00
2018-01-29,8:30am,USD,Personal Income m/m,Non-economic,0.4%,0.3%,0.3%,2018-01-29 08:30:00
2018-01-29,4:45pm,NZD,Trade Balance,Medium,640M,-125M,-1233M,2018-01-29 16:45:00
2018-01-29,6:30pm,JPY,Household Spending y/y,Non-economic,-0.1%,1.6%,1.7%,2018-01-29 18:30:00
2018-01-29,6:30pm,JPY,Unemployment Rate,Non-economic,2.8%,2.7%,2.7%,2018-01-29 18:30:00
2018-01-29,6:50pm,JPY,Retail Sales y/y,Non-economic,3.6%,2.1%,2.1%,2018-01-29 18:50:00
2018-01-29,7:30pm,AUD,NAB Business Confidence,Medium,11,,7,2018-01-29 19:30:00
2018-01-30,12:00am,JPY,BOJ Core CPI y/y,Non-economic,0.7%,0.5%,0.6%,2018-01-30 00:00:00
2018-01-30,1:30am,EUR,French Flash GDP q/q,Non-economic,0.6%,0.5%,0.6%,2018-01-30 01:30:00
2018-01-30,2:00am,CHF,Trade Balance,Non-economic,2.63B,2.54B,2.58B,2018-01-30 02:00:00
2018-01-30,All Day,EUR,German Prelim CPI m/m,Medium,-0.7%,-0.5%,0.6%,2018-01-30 00:00:00
2018-01-30,2:45am,EUR,French Consumer Spending m/m,Non-economic,-1.2%,0.4%,3.0%,2018-01-30 02:45:00
2018-01-30,3:00am,CHF,KOF Economic Barometer,Medium,106.9,110.9,111.4,2018-01-30 03:00:00
2018-01-30,3:00am,EUR,Spanish Flash GDP q/q,Medium,0.7%,0.7%,0.8%,2018-01-30 03:00:00
2018-01-30,4:30am,GBP,Net Lending to Individuals m/m,Medium,5.2B,4.8B,5.2B,2018-01-30 04:30:00
2018-01-30,4:30am,GBP,M4 Money Supply m/m,Non-economic,-0.6%,0.2%,0.2%,2018-01-30 04:30:00
2018-01-30,4:30am,GBP,Mortgage Approvals,Non-economic,61K,66K,65K,2018-01-30 04:30:00
2018-01-30,5:00am,EUR,Prelim Flash GDP q/q,Medium,0.6%,0.6%,0.6%,2018-01-30 05:00:00
2018-01-30,5:15am,EUR,Italian 10-y Bond Auction,Non-economic,2.06|1.3,,1.86|1.8,2018-01-30 05:15:00
2018-01-30,9:00am,USD,S&P/CS Composite-20 HPI y/y,Non-economic,6.4%,6.3%,6.3%,2018-01-30 09:00:00
2018-01-30,10:00am,USD,CB Consumer Confidence,High,125.4,123.2,123.1,2018-01-30 10:00:00
2018-01-30,10:30am,GBP,BOE Gov Carney Speaks,High,,,,2018-01-30 10:30:00
2018-01-30,4:30pm,USD,API Weekly Statistical Bulletin,Non-economic,,,,2018-01-30 16:30:00
2018-01-30,6:50pm,JPY,BOJ Summary of Opinions,Non-economic,,,,2018-01-30 18:50:00
2018-01-30,6:50pm,JPY,Prelim Industrial Production m/m,Non-economic,2.7%,1.5%,0.5%,2018-01-30 18:50:00
2018-01-30,7:01pm,GBP,BRC Shop Price Index y/y,Non-economic,-0.5%,,-0.6%,2018-01-30 19:01:00
2018-01-30,7:01pm,GBP,GfK Consumer Confidence,Non-economic,-9,-13,-13,2018-01-30 19:01:00
2018-01-30,7:30pm,AUD,CPI m/m,High,0.6%,0.7%,0.6%,2018-01-30 19:30:00
2018-01-30,7:30pm,AUD,Trimmed Mean CPI m/m,High,0.4%,0.5%,0.4%,2018-01-30 19:30:00
2018-01-30,7:30pm,AUD,Private Sector Credit m/m,Non-economic,0.3%,0.5%,0.5%,2018-01-30 19:30:00
2018-01-30,7:53pm,CNY,Non-Manufacturing PMI,Medium,55.3,,55.0,2018-01-30 19:53:00
2018-01-30,7:54pm,CNY,Manufacturing PMI,Medium,51.3,51.5,51.6,2018-01-30 19:54:00
2018-01-30,9:00pm,USD,President Trump Speaks,High,,,,2018-01-30 21:00:00
2018-01-31,12:00am,JPY,Housing Starts y/y,Non-economic,-2.1%,1.1%,-0.4%,2018-01-31 00:00:00
2018-01-31,12:02am,JPY,Consumer Confidence,Non-economic,44.7,44.9,44.7,2018-01-31 00:02:00
2018-01-31,2:00am,CHF,UBS Consumption Indicator,Non-economic,1.69,,1.73,2018-01-31 02:00:00
2018-01-31,2:00am,EUR,German Retail Sales m/m,Medium,-1.9%,-0.3%,1.9%,2018-01-31 02:00:00
2018-01-31,2:45am,EUR,French Prelim CPI m/m,Non-economic,-0.1%,-0.3%,0.3%,2018-01-31 02:45:00
2018-01-31,3:00am,EUR,Spanish Flash CPI y/y,Medium,0.5%,0.9%,1.1%,2018-01-31 03:00:00
2018-01-31,3:55am,EUR,German Unemployment Change,Non-economic,-25K,-16K,-30K,2018-01-31 03:55:00
2018-01-31,4:00am,CHF,UBS Economic Expectations,Non-economic,34.5,,52.0,2018-01-31 04:00:00
2018-01-31,4:00am,EUR,Italian Monthly Unemployment Rate,Non-economic,10.8%,10.9%,10.9%,2018-01-31 04:00:00
2018-01-31,5:00am,EUR,CPI Flash Estimate y/y,High,1.3%,1.3%,1.4%,2018-01-31 05:00:00
2018-01-31,5:00am,EUR,Core CPI Flash Estimate y/y,Medium,1.0%,1.0%,0.9%,2018-01-31 05:00:00
2018-01-31,5:00am,EUR,Unemployment Rate,Non-economic,8.7%,8.7%,8.7%,2018-01-31 05:00:00
2018-01-31,8:15am,USD,ADP Non-Farm Employment Change,High,234K,186K,242K,2018-01-31 08:15:00
2018-01-31,8:30am,CAD,GDP m/m,High,0.4%,0.4%,0.0%,2018-01-31 08:30:00
2018-01-31,8:30am,CAD,RMPI m/m,Medium,-0.9%,-2.2%,5.4%,2018-01-31 08:30:00
2018-01-31,8:30am,CAD,IPPI m/m,Non-economic,-0.1%,-0.2%,1.4%,2018-01-31 08:30:00
2018-01-31,8:30am,USD,Employment Cost Index q/q,Medium,0.6%,0.6%,0.7%,2018-01-31 08:30:00
2018-01-31,9:45am,USD,Chicago PMI,Medium,65.7,64.2,67.6,2018-01-31 09:45:00
2018-01-31,10:00am,USD,Pending Home Sales m/m,Medium,0.5%,0.5%,0.3%,2018-01-31 10:00:00
2018-01-31,10:30am,USD,Crude Oil Inventories,High,6.8M,0.1M,-1.1M,2018-01-31 10:30:00
2018-01-31,2:00pm,USD,Federal Funds Rate,High,1.50%,1.50%,1.50%,2018-01-31 14:00:00
2018-01-31,2:00pm,USD,FOMC Statement,High,,,,2018-01-31 14:00:00
2018-01-31,5:30pm,AUD,AIG Manufacturing Index,Non-economic,58.7,,56.2,2018-01-31 17:30:00
2018-01-31,7:30pm,AUD,Building Approvals m/m,Medium,-20.0%,-7.9%,12.6%,2018-01-31 19:30:00
2018-01-31,7:30pm,AUD,Import Prices q/q,Non-economic,2.0%,1.5%,-1.6%,2018-01-31 19:30:00
2018-01-31,7:30pm,JPY,Final Manufacturing PMI,Non-economic,54.8,54.4,54.4,2018-01-31 19:30:00
2018-01-31,8:45pm,CNY,RatingDog Manufacturing PMI,Medium,51.5,51.5,51.5,2018-01-31 20:45:00
2018-01-31,10:45pm,JPY,10-y Bond Auction,Non-economic,0.09|4.6,,0.08|3.7,2018-01-31 22:45:00
2018-02-01,12:30am,AUD,Commodity Prices y/y,Non-economic,-0.6%,,-6.0%,2018-02-01 00:30:00
2018-02-01,1:45am,CHF,SECO Consumer Climate,Non-economic,5,2,-2,2018-02-01 01:45:00
2018-02-01,1:55am,GBP,Nationwide HPI m/m,Non-economic,0.6%,0.2%,0.6%,2018-02-01 01:55:00
2018-02-01,3:15am,CHF,Retail Sales y/y,Non-economic,0.6%,1.5%,0.3%,2018-02-01 03:15:00
2018-02-01,3:15am,EUR,Spanish Manufacturing PMI,Non-economic,55.2,55.7,55.8,2018-02-01 03:15:00
2018-02-01,3:30am,CHF,Manufacturing PMI,Non-economic,65.3,64.1,65.2,2018-02-01 03:30:00
2018-02-01,3:45am,EUR,Italian Manufacturing PMI,Non-economic,59.0,57.7,57.4,2018-02-01 03:45:00
2018-02-01,3:50am,EUR,French Final Manufacturing PMI,Non-economic,58.4,58.1,58.1,2018-02-01 03:50:00
2018-02-01,3:55am,EUR,German Final Manufacturing PMI,Non-economic,61.1,61.2,61.2,2018-02-01 03:55:00
2018-02-01,4:00am,EUR,Final Manufacturing PMI,Non-economic,59.6,59.6,59.6,2018-02-01 04:00:00
2018-02-01,4:30am,GBP,Final Manufacturing PMI,High,55.3,56.5,56.2,2018-02-01 04:30:00
2018-02-01,5:00am,EUR,French 10-y Bond Auction,Non-economic,0.98|2.0,,0.79|1.4,2018-02-01 05:00:00
2018-02-01,7:30am,USD,Challenger Job Cuts y/y,Non-economic,-2.8%,,-3.6%,2018-02-01 07:30:00
2018-02-01,8:30am,USD,Prelim Nonfarm Productivity q/q,Medium,-0.1%,0.8%,2.7%,2018-02-01 08:30:00
2018-02-01,8:30am,USD,Prelim Unit Labor Costs q/q,Medium,2.0%,0.9%,-0.2%,2018-02-01 08:30:00
2018-02-01,8:30am,USD,Unemployment Claims,Medium,230K,237K,231K,2018-02-01 08:30:00
2018-02-01,9:30am,CAD,Manufacturing PMI,Non-economic,55.9,,54.7,2018-02-01 09:30:00
2018-02-01,9:45am,USD,Final Manufacturing PMI,Non-economic,55.5,55.5,55.5,2018-02-01 09:45:00
2018-02-01,10:00am,USD,ISM Manufacturing PMI,High,59.1,58.7,59.7,2018-02-01 10:00:00
2018-02-01,10:00am,USD,Construction Spending m/m,Non-economic,0.7%,0.4%,0.6%,2018-02-01 10:00:00
2018-02-01,10:00am,USD,ISM Manufacturing Prices,Non-economic,72.7,68.3,69.0,2018-02-01 10:00:00
2018-02-01,All Day,USD,Wards Total Vehicle Sales,Non-economic,17.1M,17.2M,17.8M,2018-02-01 00:00:00
2018-02-01,10:30am,USD,Natural Gas Storage,Non-economic,-99B,-102B,-288B,2018-02-01 10:30:00
2018-02-01,All Day,USD,Total Vehicle Sales,Non-economic,17.2M,17.2M,17.9M,2018-02-01 00:00:00
2018-02-01,4:45pm,NZD,Building Consents m/m,Non-economic,-9.6%,,9.6%,2018-02-01 16:45:00
2018-02-01,4:45pm,NZD,Visitor Arrivals m/m,Non-economic,-2.8%,,2.5%,2018-02-01 16:45:00
2018-02-01,6:50pm,JPY,Monetary Base y/y,Non-economic,9.7%,11.0%,11.2%,2018-02-01 18:50:00
2018-02-01,7:30pm,AUD,PPI q/q,Non-economic,0.6%,0.4%,0.2%,2018-02-01 19:30:00
2018-02-02,3:00am,EUR,Spanish Unemployment Change,Medium,63.7K,50.3K,-61.5K,2018-02-02 03:00:00
2018-02-02,4:30am,GBP,Construction PMI,High,50.2,52.0,52.2,2018-02-02 04:30:00
2018-02-02,5:00am,EUR,PPI m/m,Non-economic,0.2%,0.3%,0.6%,2018-02-02 05:00:00
2018-02-02,5:00am,EUR,Italian Prelim CPI m/m,Non-economic,0.2%,0.3%,0.4%,2018-02-02 05:00:00
2018-02-02,8:30am,USD,Average Hourly Earnings m/m,High,0.3%,0.2%,0.4%,2018-02-02 08:30:00
2018-02-02,8:30am,USD,Non-Farm Employment Change,High,200K,181K,160K,2018-02-02 08:30:00
2018-02-02,8:30am,USD,Unemployment Rate,High,4.1%,4.1%,4.1%,2018-02-02 08:30:00
2018-02-02,10:00am,USD,Revised UoM Consumer Sentiment,Medium,95.7,95.0,94.4,2018-02-02 10:00:00
2018-02-02,10:00am,USD,Factory Orders m/m,Non-economic,1.7%,1.5%,1.7%,2018-02-02 10:00:00
2018-02-02,10:00am,USD,Revised UoM Inflation Expectations,Non-economic,2.7%,,2.8%,2018-02-02 10:00:00
2018-02-02,2:30pm,USD,FOMC Member Williams Speaks,Medium,,,,2018-02-02 14:30:00
2018-02-04,5:30pm,AUD,AIG Services Index,Non-economic,54.9,,52.0,2018-02-04 17:30:00
2018-02-04,7:00pm,AUD,MI Inflation Gauge m/m,Non-economic,0.3%,,0.1%,2018-02-04 19:00:00
2018-02-04,7:00pm,NZD,ANZ Commodity Prices m/m,Non-economic,0.7%,,-1.9%,2018-02-04 19:00:00
2018-02-04,7:30pm,AUD,ANZ Job Advertisements m/m,Non-economic,6.2%,,-2.7%,2018-02-04 19:30:00
2018-02-04,8:45pm,CNY,RatingDog Services PMI,Medium,54.7,53.6,53.9,2018-02-04 20:45:00
2018-02-05,3:15am,EUR,Spanish Services PMI,Non-economic,56.9,55.2,54.6,2018-02-05 03:15:00
2018-02-05,3:45am,EUR,Italian Services PMI,Non-economic,57.7,56.1,55.4,2018-02-05 03:45:00
2018-02-05,3:50am,EUR,French Final Services PMI,Non-economic,59.2,59.3,59.3,2018-02-05 03:50:00
2018-02-05,3:55am,EUR,German Final Services PMI,Non-economic,57.3,57.0,57.0,2018-02-05 03:55:00
2018-02-05,4:00am,EUR,Final Services PMI,Non-economic,58.0,57.6,57.6,2018-02-05 04:00:00
2018-02-05,4:30am,EUR,Sentix Investor Confidence,Non-economic,31.9,33.2,32.9,2018-02-05 04:30:00
2018-02-05,4:30am,GBP,Final Services PMI,High,53.0,54.1,54.2,2018-02-05 04:30:00
2018-02-05,5:00am,EUR,Retail Sales m/m,Non-economic,-1.1%,-1.1%,2.0%,2018-02-05 05:00:00
2018-02-05,9:45am,USD,Final Services PMI,Non-economic,53.3,53.3,53.3,2018-02-05 09:45:00
2018-02-05,10:00am,USD,ISM Services PMI,High,59.9,56.5,55.9,2018-02-05 10:00:00
2018-02-05,11:00am,EUR,ECB President Draghi Speaks,High,,,,2018-02-05 11:00:00
2018-02-05,2:00pm,USD,Loan Officer Survey,Non-economic,,,,2018-02-05 14:00:00
2018-02-05,All Day,NZD,Bank Holiday,Low,,,,2018-02-05 00:00:00
2018-02-05,7:01pm,GBP,BRC Retail Sales Monitor y/y,Non-economic,0.6%,,0.6%,2018-02-05 19:01:00
2018-02-05,7:30pm,AUD,Goods Trade Balance,High,-1.36B,0.25B,0.04B,2018-02-05 19:30:00
2018-02-05,7:30pm,AUD,Retail Sales m/m,High,-0.5%,-0.2%,1.3%,2018-02-05 19:30:00
2018-02-05,10:30pm,AUD,RBA Rate Statement,High,,,,2018-02-05 22:30:00
2018-02-05,10:30pm,AUD,Cash Rate,Medium,1.50%,1.50%,1.50%,2018-02-05 22:30:00
2018-02-06,2:00am,EUR,German Factory Orders m/m,Non-economic,3.8%,0.6%,-0.1%,2018-02-06 02:00:00
2018-02-06,2:45am,EUR,French Gov Budget Balance,Non-economic,-67.8B,,-84.7B,2018-02-06 02:45:00
2018-02-06,4:00am,EUR,German Buba President Weidmann Speaks,Medium,,,,2018-02-06 04:00:00
2018-02-06,4:10am,EUR,Retail PMI,Non-economic,50.8,,53.0,2018-02-06 04:10:00
2018-02-06,8:30am,CAD,Trade Balance,High,-3.2B,-2.3B,-2.7B,2018-02-06 08:30:00
2018-02-06,8:30am,USD,Trade Balance,Non-economic,-53.1B,-52.1B,-50.4B,2018-02-06 08:30:00
2018-02-06,9:36am,NZD,GDT Price Index,Medium,5.9%,,4.9%,2018-02-06 09:36:00
2018-02-06,10:00am,CAD,Ivey PMI,Medium,55.2,60.7,60.4,2018-02-06 10:00:00
2018-02-06,10:00am,USD,JOLTS Job Openings,Non-economic,5.81M,5.95M,5.98M,2018-02-06 10:00:00
2018-02-06,10:01am,USD,RCM/TIPP Economic Optimism,Non-economic,56.7,55.4,55.1,2018-02-06 10:01:00
2018-02-06,4:30pm,USD,API Weekly Statistical Bulletin,Non-economic,,,,2018-02-06 16:30:00
2018-02-06,4:45pm,NZD,Employment Change q/q,High,0.5%,0.4%,2.2%,2018-02-06 16:45:00
2018-02-06,4:45pm,NZD,Unemployment Rate,High,4.5%,4.7%,4.6%,2018-02-06 16:45:00
2018-02-06,4:45pm,NZD,Labor Cost Index q/q,Non-economic,0.4%,0.5%,0.7%,2018-02-06 16:45:00
2018-02-06,5:30pm,AUD,AIG Construction Index,Non-economic,54.3,,52.8,2018-02-06 17:30:00
2018-02-06,7:00pm,JPY,Average Cash Earnings y/y,Non-economic,0.7%,0.6%,0.9%,2018-02-06 19:00:00
2018-02-07,12:00am,JPY,Leading Indicators,Non-economic,107.9%,108.1%,108.3%,2018-02-07 00:00:00
2018-02-07,2:00am,EUR,German Industrial Production m/m,Non-economic,-0.6%,-0.7%,3.1%,2018-02-07 02:00:00
2018-02-07,2:45am,EUR,French Trade Balance,Non-economic,-3.5B,-4.8B,-5.6B,2018-02-07 02:45:00
2018-02-07,3:00am,CHF,Foreign Currency Reserves,Non-economic,731B,,744B,2018-02-07 03:00:00
2018-02-07,3:30am,GBP,Halifax HPI m/m,Medium,-0.6%,0.2%,-0.8%,2018-02-07 03:30:00
2018-02-07,4:03am,EUR,Italian Retail Sales m/m,Non-economic,-0.3%,-0.1%,0.9%,2018-02-07 04:03:00
2018-02-07,5:33am,EUR,German 10-y Bond Auction,Non-economic,0.69|1.5,,0.54|1.1,2018-02-07 05:33:00
2018-02-07,6:30am,EUR,EU Economic Forecasts,Medium,,,,2018-02-07 06:30:00
2018-02-07,8:30am,CAD,Building Permits m/m,Medium,4.8%,2.1%,-7.3%,2018-02-07 08:30:00
2018-02-07,8:30am,USD,FOMC Member Dudley Speaks,Medium,,,,2018-02-07 08:30:00
2018-02-07,10:30am,USD,Crude Oil Inventories,High,1.9M,3.2M,6.8M,2018-02-07 10:30:00
2018-02-07,1:01pm,USD,10-y Bond Auction,Non-economic,2.81|2.3,,2.58|2.7,2018-02-07 13:01:00
2018-02-07,3:00pm,NZD,RBNZ Monetary Policy Statement,High,,,,2018-02-07 15:00:00
2018-02-07,3:00pm,NZD,RBNZ Rate Statement,High,,,,2018-02-07 15:00:00
2018-02-07,3:00pm,NZD,Official Cash Rate,Medium,1.75%,1.75%,1.75%,2018-02-07 15:00:00
2018-02-07,3:00pm,USD,Consumer Credit m/m,Non-economic,18.4B,19.9B,31.0B,2018-02-07 15:00:00
2018-02-07,4:00pm,NZD,RBNZ Press Conference,High,,,,2018-02-07 16:00:00
2018-02-07,5:20pm,USD,FOMC Member Williams Speaks,Medium,,,,2018-02-07 17:20:00
2018-02-07,6:50pm,JPY,Bank Lending y/y,Non-economic,2.4%,2.4%,2.5%,2018-02-07 18:50:00
2018-02-07,6:50pm,JPY,Current Account,Non-economic,1.48T,1.66T,1.70T,2018-02-07 18:50:00
2018-02-07,7:00pm,NZD,RBNZ Gov Spencer Speaks,High,,,,2018-02-07 19:00:00
2018-02-07,7:01pm,GBP,RICS House Price Balance,Non-economic,8%,5%,8%,2018-02-07 19:01:00
2018-02-07,7:30pm,AUD,NAB Quarterly Business Confidence,Medium,6,,8,2018-02-07 19:30:00
2018-02-07,10:07pm,CNY,Trade Balance,Medium,136B,328B,362B,2018-02-07 22:07:00
2018-02-07,10:42pm,CNY,USD-Denominated Trade Balance,Non-economic,20.3B,54.0B,54.7B,2018-02-07 22:42:00
2018-02-07,10:45pm,JPY,30-y Bond Auction,Non-economic,0.82|4.3,,0.83|3.8,2018-02-07 22:45:00
2018-02-08,12:00am,JPY,Economy Watchers Sentiment,Non-economic,49.9,53.7,53.9,2018-02-08 00:00:00
2018-02-08,2:00am,EUR,German Trade Balance,Non-economic,21.4B,21.5B,22.3B,2018-02-08 02:00:00
2018-02-08,3:45am,EUR,German Buba President Weidmann Speaks,Medium,,,,2018-02-08 03:45:00
2018-02-08,4:00am,AUD,RBA Gov Lowe Speaks,High,,,,2018-02-08 04:00:00
2018-02-08,4:00am,EUR,ECB Economic Bulletin,Non-economic,,,,2018-02-08 04:00:00
2018-02-08,7:00am,GBP,BOE Monetary Policy Report,High,,,,2018-02-08 07:00:00
2018-02-08,7:00am,GBP,Monetary Policy Summary,High,,,,2018-02-08 07:00:00
2018-02-08,7:00am,GBP,MPC Official Bank Rate Votes,High,0-0-9,0-0-9,0-0-9,2018-02-08 07:00:00
2018-02-08,7:00am,GBP,Official Bank Rate,High,0.50%,0.50%,0.50%,2018-02-08 07:00:00
2018-02-08,7:00am,GBP,BOE Inflation Letter,Medium,,,,2018-02-08 07:00:00
2018-02-08,7:00am,GBP,MPC Asset Purchase Facility Votes,Medium,0-0-9,0-0-9,0-0-9,2018-02-08 07:00:00
2018-02-08,7:00am,GBP,Asset Purchase Facility,Non-economic,435B,435B,435B,2018-02-08 07:00:00
2018-02-08,8:13am,CAD,Housing Starts,Non-economic,216K,211K,218K,2018-02-08 08:13:00
2018-02-08,8:30am,CAD,NHPI m/m,Medium,0.0%,0.1%,0.1%,2018-02-08 08:30:00
2018-02-08,8:30am,USD,Unemployment Claims,Medium,221K,232K,230K,2018-02-08 08:30:00
2018-02-08,10:00am,USD,Mortgage Delinquencies,Medium,5.17%,,4.88%,2018-02-08 10:00:00
2018-02-08,10:30am,USD,Natural Gas Storage,Non-economic,-119B,-116B,-99B,2018-02-08 10:30:00
2018-02-08,1:00pm,CAD,Gov Council Member Wilkins Speaks,Medium,,,,2018-02-08 13:00:00
2018-02-08,1:01pm,USD,30-y Bond Auction,Non-economic,3.12|2.3,,2.87|2.7,2018-02-08 13:01:00
2018-02-08,6:50pm,JPY,M2 Money Stock y/y,Non-economic,3.4%,3.6%,3.6%,2018-02-08 18:50:00
2018-02-08,7:30pm,AUD,RBA Monetary Policy Statement,High,,,,2018-02-08 19:30:00
2018-02-08,7:30pm,AUD,Home Loans m/m,Non-economic,-2.3%,-1.1%,1.6%,2018-02-08 19:30:00
2018-02-08,8:30pm,CNY,CPI y/y,Medium,1.5%,1.5%,1.8%,2018-02-08 20:30:00
2018-02-08,8:30pm,CNY,PPI y/y,Medium,4.3%,4.4%,4.9%,2018-02-08 20:30:00
2018-02-08,11:30pm,JPY,Tertiary Industry Activity m/m,Non-economic,-0.2%,0.2%,1.1%,2018-02-08 23:30:00
2018-02-09,1:45am,CHF,Unemployment Rate,Non-economic,3.0%,3.0%,3.0%,2018-02-09 01:45:00
2018-02-09,2:45am,EUR,French Industrial Production m/m,Non-economic,0.5%,0.1%,-0.3%,2018-02-09 02:45:00
2018-02-09,4:00am,EUR,Italian Industrial Production m/m,Non-economic,1.6%,0.7%,0.2%,2018-02-09 04:00:00
2018-02-09,4:30am,GBP,Manufacturing Production m/m,High,0.3%,0.3%,0.2%,2018-02-09 04:30:00
2018-02-09,4:30am,GBP,Goods Trade Balance,Medium,-13.6B,-11.6B,-12.5B,2018-02-09 04:30:00
2018-02-09,4:30am,GBP,Construction Output m/m,Non-economic,1.6%,0.0%,0.1%,2018-02-09 04:30:00
2018-02-09,4:30am,GBP,Industrial Production m/m,Non-economic,-1.3%,-0.9%,0.3%,2018-02-09 04:30:00
2018-02-09,7:03am,GBP,NIESR GDP Estimate,Non-economic,0.5%,,0.6%,2018-02-09 07:03:00
2018-02-09,8:30am,CAD,Employment Change,High,-88.0K,10.3K,78.6K,2018-02-09 08:30:00
2018-02-09,8:30am,CAD,Unemployment Rate,High,5.9%,5.8%,5.7%,2018-02-09 08:30:00
2018-02-09,10:00am,USD,Final Wholesale Inventories m/m,Non-economic,0.4%,0.2%,0.2%,2018-02-09 10:00:00
2018-02-09,11:45am,GBP,MPC Member Cunliffe Speaks,Medium,,,,2018-02-09 11:45:00
2018-02-11,All Day,JPY,Bank Holiday,Low,,,,2018-02-11 00:00:00
2018-02-12,3:15am,CHF,CPI m/m,Non-economic,-0.1%,-0.1%,0.0%,2018-02-12 03:15:00
2018-02-12,4:01am,CNY,M2 Money Supply y/y,Non-economic,8.6%,8.2%,8.2%,2018-02-12 04:01:00
2018-02-12,4:01am,CNY,New Loans,Non-economic,2900B,2050B,584B,2018-02-12 04:01:00
2018-02-12,4:50am,GBP,MPC Member Vlieghe Speaks,Medium,,,,2018-02-12 04:50:00
2018-02-12,11:30am,GBP,MPC Member McCafferty Speaks,Medium,,,,2018-02-12 11:30:00
2018-02-12,2:00pm,USD,Federal Budget Balance,Non-economic,49.2B,50.2B,-23.2B,2018-02-12 14:00:00
2018-02-12,4:50pm,AUD,RBA Assist Gov Ellis Speaks,Medium,,,,2018-02-12 16:50:00
2018-02-12,6:50pm,JPY,PPI y/y,Non-economic,2.7%,2.7%,3.0%,2018-02-12 18:50:00
2018-02-12,7:30pm,AUD,NAB Business Confidence,Medium,12,,10,2018-02-12 19:30:00
2018-02-13,12:58am,JPY,Prelim Machine Tool Orders y/y,Non-economic,48.8%,,48.3%,2018-02-13 00:58:00
2018-02-13,2:45am,EUR,French Prelim Private Payrolls q/q,Non-economic,0.3%,0.2%,0.3%,2018-02-13 02:45:00
2018-02-13,3:15am,CHF,PPI m/m,Medium,0.3%,0.2%,0.2%,2018-02-13 03:15:00
2018-02-13,4:30am,GBP,CPI y/y,High,3.0%,2.9%,3.0%,2018-02-13 04:30:00
2018-02-13,4:30am,GBP,PPI Input m/m,Medium,0.7%,0.7%,0.6%,2018-02-13 04:30:00
2018-02-13,4:30am,GBP,RPI y/y,Medium,4.0%,4.1%,4.1%,2018-02-13 04:30:00
2018-02-13,4:30am,GBP,Core CPI y/y,Non-economic,2.7%,2.6%,2.5%,2018-02-13 04:30:00
2018-02-13,4:30am,GBP,HPI y/y,Non-economic,5.2%,4.9%,5.0%,2018-02-13 04:30:00
2018-02-13,4:30am,GBP,PPI Output m/m,Non-economic,0.1%,0.2%,0.4%,2018-02-13 04:30:00
2018-02-13,6:00am,USD,NFIB Small Business Index,Non-economic,106.9,106.2,104.9,2018-02-13 06:00:00
2018-02-13,8:00am,USD,FOMC Member Mester Speaks,Medium,,,,2018-02-13 08:00:00
2018-02-13,4:30pm,USD,API Weekly Statistical Bulletin,Non-economic,,,,2018-02-13 16:30:00
2018-02-13,4:45pm,NZD,FPI m/m,Non-economic,1.2%,,-0.8%,2018-02-13 16:45:00
2018-02-13,6:30pm,AUD,Westpac Consumer Sentiment,Non-economic,-2.3%,,1.8%,2018-02-13 18:30:00
2018-02-13,6:50pm,JPY,Prelim GDP Price Index y/y,Non-economic,0.0%,0.0%,0.2%,2018-02-13 18:50:00
2018-02-13,6:50pm,JPY,Prelim GDP q/q,Non-economic,0.1%,0.2%,0.6%,2018-02-13 18:50:00
2018-02-13,9:00pm,NZD,Inflation Expectations q/q,High,2.11%,,2.02%,2018-02-13 21:00:00
2018-02-13,10:28pm,CNY,Foreign Direct Investment ytd/y,Non-economic,0.3%,,7.9%,2018-02-13 22:28:00
2018-02-14,2:00am,EUR,German Prelim GDP q/q,Medium,0.6%,0.6%,0.8%,2018-02-14 02:00:00
2018-02-14,2:00am,EUR,German Final CPI m/m,Non-economic,-0.7%,-0.7%,-0.7%,2018-02-14 02:00:00
2018-02-14,3:00am,EUR,German Buba President Weidmann Speaks,Medium,,,,2018-02-14 03:00:00
2018-02-14,3:50am,CHF,Gov Board Member Zurbrugg Speaks,Medium,,,,2018-02-14 03:50:00
2018-02-14,4:00am,EUR,Italian Prelim GDP q/q,Non-economic,0.3%,0.4%,0.4%,2018-02-14 04:00:00
2018-02-14,5:00am,EUR,Flash GDP q/q,Medium,0.6%,0.6%,0.6%,2018-02-14 05:00:00
2018-02-14,5:00am,EUR,Industrial Production m/m,Non-economic,0.4%,0.1%,1.3%,2018-02-14 05:00:00
2018-02-14,5:33am,EUR,German 30-y Bond Auction,Non-economic,1.33|1.5,,1.28|1.4,2018-02-14 05:33:00
2018-02-14,6:20am,CHF,Gov Board Member Zurbrugg Speaks,Medium,,,,2018-02-14 06:20:00
2018-02-14,8:30am,USD,Core CPI m/m,High,0.3%,0.2%,0.3%,2018-02-14 08:30:00
2018-02-14,8:30am,USD,Core Retail Sales m/m,High,0.0%,0.5%,0.1%,2018-02-14 08:30:00
2018-02-14,8:30am,USD,CPI m/m,High,0.5%,0.3%,0.1%,2018-02-14 08:30:00
2018-02-14,8:30am,USD,CPI y/y,High,2.1%,1.9%,2.1%,2018-02-14 08:30:00
2018-02-14,8:30am,USD,Retail Sales m/m,High,-0.3%,0.2%,0.0%,2018-02-14 08:30:00
2018-02-14,9:30am,GBP,CB Leading Index m/m,Non-economic,-0.2%,,-0.2%,2018-02-14 09:30:00
2018-02-14,10:00am,USD,Business Inventories m/m,Non-economic,0.4%,0.3%,0.4%,2018-02-14 10:00:00
2018-02-14,10:30am,USD,Crude Oil Inventories,High,1.8M,2.8M,1.9M,2018-02-14 10:30:00
2018-02-14,6:50pm,JPY,Core Machinery Orders m/m,Non-economic,-11.9%,-1.9%,5.7%,2018-02-14 18:50:00
2018-02-14,7:00pm,AUD,MI Inflation Expectations,Non-economic,3.6%,,3.7%,2018-02-14 19:00:00
2018-02-14,All Day,CNY,Bank Holiday,Low,,,,2018-02-14 00:00:00
2018-02-14,7:30pm,AUD,Employment Change,High,16.0K,15.3K,33.5K,2018-02-14 19:30:00
2018-02-14,7:30pm,AUD,Unemployment Rate,High,5.5%,5.5%,5.6%,2018-02-14 19:30:00
2018-02-14,11:30pm,JPY,Revised Industrial Production m/m,Non-economic,2.9%,2.7%,2.7%,2018-02-14 23:30:00
2018-02-15,4:00am,EUR,Italian Trade Balance,Non-economic,5.25B,4.44B,4.84B,2018-02-15 04:00:00
2018-02-15,4:55am,EUR,Spanish 10-y Bond Auction,Non-economic,1.58|2.5,,1.53|1.8,2018-02-15 04:55:00
2018-02-15,5:00am,EUR,Trade Balance,Non-economic,23.8B,22.4B,22.0B,2018-02-15 05:00:00
2018-02-15,8:30am,CAD,ADP Non-Farm Employment Change,Medium,10.7K,,-13.5K,2018-02-15 08:30:00
2018-02-15,8:30am,USD,PPI m/m,High,0.4%,0.4%,-0.1%,2018-02-15 08:30:00
2018-02-15,8:30am,USD,Core PPI m/m,Medium,0.4%,0.2%,-0.1%,2018-02-15 08:30:00
2018-02-15,8:30am,USD,Empire State Manufacturing Index,Medium,13.1,17.7,17.7,2018-02-15 08:30:00
2018-02-15,8:30am,USD,Philly Fed Manufacturing Index,Medium,25.8,21.5,22.2,2018-02-15 08:30:00
2018-02-15,8:30am,USD,Unemployment Claims,Medium,230K,229K,223K,2018-02-15 08:30:00
2018-02-15,9:15am,USD,Capacity Utilization Rate,Medium,77.5%,78.0%,77.7%,2018-02-15 09:15:00
2018-02-15,9:15am,USD,Industrial Production m/m,Medium,-0.1%,0.2%,0.4%,2018-02-15 09:15:00
2018-02-15,10:00am,USD,NAHB Housing Market Index,Non-economic,72,72,72,2018-02-15 10:00:00
2018-02-15,10:30am,USD,Natural Gas Storage,Non-economic,-194B,-193B,-119B,2018-02-15 10:30:00
2018-02-15,1:30pm,CAD,Gov Council Member Schembri Speaks,Medium,,,,2018-02-15 13:30:00
2018-02-15,4:00pm,USD,TIC Long-Term Purchases,Non-economic,27.3B,50.3B,57.5B,2018-02-15 16:00:00
2018-02-15,4:30pm,NZD,BusinessNZ Manufacturing Index,High,55.6,,51.1,2018-02-15 16:30:00
2018-02-15,5:30pm,AUD,RBA Gov Lowe Speaks,High,,,,2018-02-15 17:30:00
2018-02-15,All Day,CNY,Bank Holiday,Low,,,,2018-02-15 00:00:00
2018-02-16,2:00am,EUR,German WPI m/m,Non-economic,0.9%,0.2%,-0.3%,2018-02-16 02:00:00
2018-02-16,4:30am,GBP,Retail Sales m/m,High,0.1%,0.5%,-1.4%,2018-02-16 04:30:00
2018-02-16,8:30am,CAD,Foreign Securities Purchases,Medium,-1.97B,19.18B,19.20B,2018-02-16 08:30:00
2018-02-16,8:30am,CAD,Manufacturing Sales m/m,Medium,-0.3%,0.2%,3.8%,2018-02-16 08:30:00
2018-02-16,8:30am,USD,Building Permits,High,1.40M,1.29M,1.30M,2018-02-16 08:30:00
2018-02-16,8:30am,USD,Housing Starts,Medium,1.33M,1.23M,1.21M,2018-02-16 08:30:00
2018-02-16,8:30am,USD,Import Prices m/m,Medium,1.0%,0.6%,0.2%,2018-02-16 08:30:00
2018-02-16,10:00am,USD,Prelim UoM Consumer Sentiment,Medium,99.9,95.4,95.7,2018-02-16 10:00:00
2018-02-16,10:00am,USD,Prelim UoM Inflation Expectations,Non-economic,2.7%,,2.7%,2018-02-16 10:00:00
2018-02-18,4:30pm,NZD,BusinessNZ Services Index,Non-economic,55.8,,56.0,2018-02-18 16:30:00
2018-02-18,6:50pm,JPY,Trade Balance,Non-economic,0.37T,0.14T,0.09T,2018-02-18 18:50:00
2018-02-18,7:01pm,GBP,Rightmove HPI m/m,Non-economic,0.8%,,0.7%,2018-02-18 19:01:00
2018-02-18,All Day,CNY,Bank Holiday,Low,,,,2018-02-18 00:00:00
2018-02-19,4:00am,EUR,Current Account,Non-economic,29.9B,30.5B,35.0B,2018-02-19 04:00:00
2018-02-19,All Day,EUR,Eurogroup Meetings,Non-economic,,,,2018-02-19 00:00:00
2018-02-19,6:00am,EUR,German Buba Monthly Report,Non-economic,,,,2018-02-19 06:00:00
2018-02-19,All Day,CAD,Bank Holiday,Low,,,,2018-02-19 00:00:00
2018-02-19,All Day,USD,Bank Holiday,Low,,,,2018-02-19 00:00:00
2018-02-19,2:45pm,GBP,BOE Gov Carney Speaks,High,,,,2018-02-19 14:45:00
2018-02-19,4:45pm,NZD,PPI Input q/q,Medium,0.9%,0.3%,1.1%,2018-02-19 16:45:00
2018-02-19,4:45pm,NZD,PPI Output q/q,Non-economic,1.0%,0.4%,1.0%,2018-02-19 16:45:00
2018-02-19,5:15pm,AUD,RBA Gov Bullock Speaks,Medium,,,,2018-02-19 17:15:00
2018-02-19,All Day,CNY,Bank Holiday,Low,,,,2018-02-19 00:00:00
2018-02-19,7:30pm,AUD,Monetary Policy Meeting Minutes,High,,,,2018-02-19 19:30:00
2018-02-20,2:00am,CHF,Trade Balance,Non-economic,2.09B,2.78B,2.60B,2018-02-20 02:00:00
2018-02-20,2:00am,EUR,German PPI m/m,Non-economic,0.5%,0.3%,0.2%,2018-02-20 02:00:00
2018-02-20,5:00am,EUR,German ZEW Economic Sentiment,Medium,17.8,16.0,20.4,2018-02-20 05:00:00
2018-02-20,5:00am,EUR,ZEW Economic Sentiment,Non-economic,29.3,28.4,31.8,2018-02-20 05:00:00
2018-02-20,All Day,EUR,ECOFIN Meetings,Non-economic,,,,2018-02-20 00:00:00
2018-02-20,6:00am,GBP,CBI Industrial Order Expectations,Non-economic,10,12,14,2018-02-20 06:00:00
2018-02-20,8:30am,CAD,Wholesale Sales m/m,Non-economic,-0.5%,0.4%,0.3%,2018-02-20 08:30:00
2018-02-20,9:44am,NZD,GDT Price Index,Medium,-0.5%,,5.9%,2018-02-20 09:44:00
2018-02-20,10:00am,EUR,Consumer Confidence,Non-economic,0,1,1,2018-02-20 10:00:00
2018-02-20,6:30pm,AUD,MI Leading Index m/m,Non-economic,-0.2%,,0.2%,2018-02-20 18:30:00
2018-02-20,All Day,CNY,Bank Holiday,Low,,,,2018-02-20 00:00:00
2018-02-20,7:30pm,AUD,Construction Work Done q/q,Medium,-19.4%,-9.8%,16.6%,2018-02-20 19:30:00
2018-02-20,7:30pm,AUD,Wage Price Index q/q,Medium,0.6%,0.5%,0.5%,2018-02-20 19:30:00
2018-02-20,7:30pm,JPY,Flash Manufacturing PMI,Non-economic,54.0,55.2,54.8,2018-02-20 19:30:00
2018-02-20,11:30pm,JPY,All Industries Activity m/m,Non-economic,0.5%,0.5%,1.0%,2018-02-20 23:30:00
2018-02-21,3:00am,EUR,French Flash Manufacturing PMI,Medium,56.1,58.1,58.4,2018-02-21 03:00:00
2018-02-21,3:00am,EUR,French Flash Services PMI,Medium,57.9,59.1,59.2,2018-02-21 03:00:00
2018-02-21,3:30am,EUR,German Flash Manufacturing PMI,Medium,60.3,60.6,61.1,2018-02-21 03:30:00
2018-02-21,3:30am,EUR,German Flash Services PMI,Medium,55.3,56.9,57.3,2018-02-21 03:30:00
2018-02-21,4:00am,EUR,Flash Manufacturing PMI,Medium,58.5,59.2,59.6,2018-02-21 04:00:00
2018-02-21,4:00am,EUR,Flash Services PMI,Medium,56.7,57.7,58.0,2018-02-21 04:00:00
2018-02-21,4:30am,GBP,Average Earnings Index 3m/y,High,2.5%,2.5%,2.5%,2018-02-21 04:30:00
2018-02-21,4:30am,GBP,Claimant Count Change,Medium,-7.2K,2.3K,6.2K,2018-02-21 04:30:00
2018-02-21,4:30am,GBP,Public Sector Net Borrowing,Medium,-11.6B,-11.5B,0.3B,2018-02-21 04:30:00
2018-02-21,4:30am,GBP,Unemployment Rate,Medium,4.4%,4.3%,4.3%,2018-02-21 04:30:00
2018-02-21,9:15am,GBP,Monetary Policy Report Hearings,High,,,,2018-02-21 09:15:00
2018-02-21,9:45am,USD,Flash Manufacturing PMI,Non-economic,55.9,55.4,55.5,2018-02-21 09:45:00
2018-02-21,9:45am,USD,Flash Services PMI,Non-economic,55.9,53.8,53.3,2018-02-21 09:45:00
2018-02-21,10:00am,USD,Existing Home Sales,Medium,5.38M,5.61M,5.56M,2018-02-21 10:00:00
2018-02-21,10:30am,AUD,CB Leading Index m/m,Non-economic,-0.3%,,0.4%,2018-02-21 10:30:00
2018-02-21,2:00pm,USD,FOMC Meeting Minutes,High,,,,2018-02-21 14:00:00
2018-02-21,4:30pm,USD,API Weekly Statistical Bulletin,Non-economic,,,,2018-02-21 16:30:00
2018-02-21,9:06pm,NZD,Credit Card Spending y/y,Non-economic,4.6%,,6.2%,2018-02-21 21:06:00
2018-02-22,12:15am,USD,FOMC Member Quarles Speaks,Medium,,,,2018-02-22 00:15:00
2018-02-22,2:45am,EUR,French Final CPI m/m,Non-economic,-0.1%,-0.1%,-0.1%,2018-02-22 02:45:00
2018-02-22,4:00am,EUR,German ifo Business Climate,Medium,115.4,117.1,117.6,2018-02-22 04:00:00
2018-02-22,All Day,All,OPEC-JMMC Meetings,Medium,,,,2018-02-22 00:00:00
2018-02-22,4:30am,GBP,Second Estimate GDP q/q,High,0.4%,0.5%,0.5%,2018-02-22 04:30:00
2018-02-22,4:30am,GBP,Prelim Business Investment q/q,Medium,0.0%,0.5%,0.5%,2018-02-22 04:30:00
2018-02-22,4:30am,GBP,Index of Services 3m/3m,Non-economic,0.6%,0.4%,0.4%,2018-02-22 04:30:00
2018-02-22,6:00am,GBP,CBI Realized Sales,Non-economic,8,13,12,2018-02-22 06:00:00
2018-02-22,7:30am,EUR,ECB Monetary Policy Meeting Accounts,High,,,,2018-02-22 07:30:00
2018-02-22,8:30am,CAD,Core Retail Sales m/m,High,-1.8%,0.1%,1.7%,2018-02-22 08:30:00
2018-02-22,8:30am,CAD,Retail Sales m/m,Medium,-0.8%,0.0%,0.3%,2018-02-22 08:30:00
2018-02-22,8:30am,CAD,Corporate Profits q/q,Non-economic,-1.9%,,8.5%,2018-02-22 08:30:00
2018-02-22,8:30am,USD,Unemployment Claims,Medium,222K,230K,229K,2018-02-22 08:30:00
2018-02-22,8:58am,EUR,Belgian NBB Business Climate,Non-economic,1.9,1.5,1.8,2018-02-22 08:58:00
2018-02-22,10:00am,USD,CB Leading Index m/m,Non-economic,1.0%,0.7%,0.6%,2018-02-22 10:00:00
2018-02-22,10:00am,USD,FOMC Member Dudley Speaks,Non-economic,,,,2018-02-22 10:00:00
2018-02-22,10:30am,USD,Natural Gas Storage,Non-economic,-124B,-121B,-194B,2018-02-22 10:30:00
2018-02-22,11:00am,USD,Crude Oil Inventories,High,-1.6M,2.2M,1.8M,2018-02-22 11:00:00
2018-02-22,12:10pm,USD,FOMC Member Bostic Speaks,Medium,,,,2018-02-22 12:10:00
2018-02-22,4:45pm,NZD,Retail Sales q/q,High,1.7%,1.4%,0.3%,2018-02-22 16:45:00
2018-02-22,4:45pm,NZD,Core Retail Sales q/q,Medium,1.8%,0.7%,0.6%,2018-02-22 16:45:00
2018-02-22,6:30pm,JPY,National Core CPI y/y,Non-economic,0.9%,0.8%,0.9%,2018-02-22 18:30:00
2018-02-22,6:50pm,JPY,SPPI y/y,Non-economic,0.7%,0.8%,0.8%,2018-02-22 18:50:00
2018-02-23,2:00am,EUR,German Final GDP q/q,Non-economic,0.6%,0.6%,0.6%,2018-02-23 02:00:00
2018-02-23,5:00am,EUR,Final CPI y/y,Medium,1.3%,1.3%,1.3%,2018-02-23 05:00:00
2018-02-23,5:00am,EUR,Final Core CPI y/y,Non-economic,1.0%,1.0%,1.0%,2018-02-23 05:00:00
2018-02-23,7:00am,GBP,MPC Member Ramsden Speaks,Medium,,,,2018-02-23 07:00:00
2018-02-23,8:30am,CAD,CPI m/m,High,0.7%,0.4%,-0.4%,2018-02-23 08:30:00
2018-02-23,8:30am,CAD,Common CPI y/y,Medium,1.8%,,1.6%,2018-02-23 08:30:00
2018-02-23,8:30am,CAD,Median CPI y/y,Medium,1.9%,,1.9%,2018-02-23 08:30:00
2018-02-23,8:30am,CAD,Trimmed CPI y/y,Medium,1.8%,,1.9%,2018-02-23 08:30:00
2018-02-23,8:30am,CAD,Core CPI m/m,Non-economic,0.5%,,-0.5%,2018-02-23 08:30:00
2018-02-23,9:00am,CNY,CB Leading Index m/m,Non-economic,1.6%,,1.4%,2018-02-23 09:00:00
2018-02-23,10:15am,USD,FOMC Member Dudley Speaks,Medium,,,,2018-02-23 10:15:00
2018-02-23,11:00am,USD,Fed Monetary Policy Report,Non-economic,,,,2018-02-23 11:00:00
2018-02-23,1:30pm,USD,FOMC Member Mester Speaks,Medium,,,,2018-02-23 13:30:00
2018-02-23,3:40pm,USD,FOMC Member Williams Speaks,Medium,,,,2018-02-23 15:40:00
2018-02-26,4:30am,GBP,High Street Lending,Non-economic,40.1K,37.2K,36.1K,2018-02-26 04:30:00
2018-02-26,9:40am,EUR,ECB President Draghi Speaks,High,,,,2018-02-26 09:40:00
2018-02-26,10:00am,USD,New Home Sales,Medium,593K,655K,643K,2018-02-26 10:00:00
2018-02-26,1:00pm,GBP,MPC Member Cunliffe Speaks,Non-economic,,,,2018-02-26 13:00:00
2018-02-26,3:15pm,USD,FOMC Member Quarles Speaks,Medium,,,,2018-02-26 15:15:00
2018-02-26,4:45pm,NZD,Trade Balance,Medium,-566M,-2710M,596M,2018-02-26 16:45:00
2018-02-27,12:00am,JPY,BOJ Core CPI y/y,Non-economic,0.8%,0.6%,0.7%,2018-02-27 00:00:00
2018-02-27,All Day,EUR,German Prelim CPI m/m,Medium,0.5%,0.5%,-0.7%,2018-02-27 00:00:00
2018-02-27,3:00am,EUR,Spanish Flash CPI y/y,Medium,1.1%,0.9%,0.6%,2018-02-27 03:00:00
2018-02-27,4:00am,EUR,M3 Money Supply y/y,Medium,4.6%,4.6%,4.6%,2018-02-27 04:00:00
2018-02-27,4:00am,EUR,Private Loans y/y,Non-economic,2.9%,2.9%,2.9%,2018-02-27 04:00:00
2018-02-27,5:00am,EUR,German Buba President Weidmann Speaks,Medium,,,,2018-02-27 05:00:00
2018-02-27,5:16am,EUR,Italian 10-y Bond Auction,Non-economic,2.06|1.4,,2.06|1.3,2018-02-27 05:16:00
2018-02-27,8:30am,USD,Core Durable Goods Orders m/m,High,-0.3%,0.4%,0.7%,2018-02-27 08:30:00
2018-02-27,8:30am,USD,Fed Chairman Powell Testifies,High,,,,2018-02-27 08:30:00
2018-02-27,8:30am,USD,Durable Goods Orders m/m,Medium,-3.7%,-2.4%,2.8%,2018-02-27 08:30:00
2018-02-27,8:30am,USD,Goods Trade Balance,Non-economic,-74.4B,-72.3B,-72.3B,2018-02-27 08:30:00
2018-02-27,8:30am,USD,Prelim Wholesale Inventories m/m,Non-economic,0.7%,0.3%,0.4%,2018-02-27 08:30:00
2018-02-27,9:00am,USD,S&P/CS Composite-20 HPI y/y,Non-economic,6.3%,6.3%,6.4%,2018-02-27 09:00:00
2018-02-27,9:03am,USD,HPI m/m,Non-economic,0.3%,0.4%,0.5%,2018-02-27 09:03:00
2018-02-27,10:00am,USD,CB Consumer Confidence,High,130.8,126.2,124.3,2018-02-27 10:00:00
2018-02-27,10:00am,USD,Richmond Manufacturing Index,Non-economic,28,15,14,2018-02-27 10:00:00
2018-02-27,4:00pm,CAD,Annual Budget Release,Non-economic,,,,2018-02-27 16:00:00
2018-02-27,4:30pm,USD,API Weekly Statistical Bulletin,Non-economic,,,,2018-02-27 16:30:00
2018-02-27,4:59pm,NZD,Visitor Arrivals m/m,Non-economic,0.0%,,-2.8%,2018-02-27 16:59:00
2018-02-27,6:29pm,GBP,GfK Consumer Confidence,Non-economic,-10,-10,-9,2018-02-27 18:29:00
2018-02-27,6:50pm,JPY,Prelim Industrial Production m/m,Non-economic,-6.6%,-4.1%,2.9%,2018-02-27 18:50:00
2018-02-27,6:50pm,JPY,Retail Sales y/y,Non-economic,1.6%,2.3%,3.6%,2018-02-27 18:50:00
2018-02-27,7:00pm,NZD,ANZ Business Confidence,High,-19.0,,-37.8,2018-02-27 19:00:00
2018-02-27,7:01pm,GBP,BRC Shop Price Index y/y,Non-economic,-0.8%,,-0.5%,2018-02-27 19:01:00
2018-02-27,7:30pm,AUD,Private Sector Credit m/m,Non-economic,0.3%,0.4%,0.3%,2018-02-27 19:30:00
2018-02-27,7:52pm,CNY,Manufacturing PMI,Medium,50.3,51.2,51.3,2018-02-27 19:52:00
2018-02-27,7:52pm,CNY,Non-Manufacturing PMI,Medium,54.4,,55.3,2018-02-27 19:52:00
2018-02-28,12:00am,JPY,Housing Starts y/y,Non-economic,-13.2%,-4.5%,-2.1%,2018-02-28 00:00:00
2018-02-28,2:00am,EUR,German GfK Consumer Climate,Non-economic,10.8,10.8,11.0,2018-02-28 02:00:00
2018-02-28,2:45am,EUR,French Consumer Spending m/m,Non-economic,-1.9%,0.5%,-1.2%,2018-02-28 02:45:00
2018-02-28,2:45am,EUR,French Prelim CPI m/m,Non-economic,-0.1%,0.3%,-0.1%,2018-02-28 02:45:00
2018-02-28,2:45am,EUR,French Prelim GDP q/q,Non-economic,0.6%,0.6%,0.6%,2018-02-28 02:45:00
2018-02-28,3:00am,CHF,KOF Economic Barometer,Medium,108.0,106.2,107.6,2018-02-28 03:00:00
2018-02-28,3:55am,EUR,German Unemployment Change,Non-economic,-22K,-17K,-25K,2018-02-28 03:55:00
2018-02-28,4:00am,CHF,UBS Economic Expectations,Medium,25.8,,34.5,2018-02-28 04:00:00
2018-02-28,5:00am,EUR,Core CPI Flash Estimate y/y,Medium,1.0%,1.0%,1.0%,2018-02-28 05:00:00
2018-02-28,5:00am,EUR,CPI Flash Estimate y/y,Medium,1.2%,1.2%,1.3%,2018-02-28 05:00:00
2018-02-28,5:00am,EUR,Italian Prelim CPI m/m,Non-economic,0.1%,0.3%,0.3%,2018-02-28 05:00:00
2018-02-28,5:34am,EUR,German 10-y Bond Auction,Non-economic,0.67|1.2,,0.69|1.5,2018-02-28 05:34:00
2018-02-28,8:30am,CAD,RMPI m/m,Medium,3.3%,1.8%,-0.9%,2018-02-28 08:30:00
2018-02-28,8:30am,CAD,IPPI m/m,Non-economic,0.3%,0.5%,-0.1%,2018-02-28 08:30:00
2018-02-28,8:30am,USD,Prelim GDP q/q,High,2.5%,2.5%,2.6%,2018-02-28 08:30:00
2018-02-28,8:30am,USD,Prelim GDP Price Index q/q,Non-economic,2.3%,2.4%,2.4%,2018-02-28 08:30:00
2018-02-28,9:45am,USD,Chicago PMI,Medium,61.9,64.2,65.7,2018-02-28 09:45:00
2018-02-28,10:00am,USD,Pending Home Sales m/m,Medium,-4.7%,0.4%,0.0%,2018-02-28 10:00:00
2018-02-28,10:30am,USD,Crude Oil Inventories,High,3.0M,2.4M,-1.6M,2018-02-28 10:30:00
2018-02-28,4:30pm,AUD,AIG Manufacturing Index,Non-economic,57.5,,58.7,2018-02-28 16:30:00
2018-02-28,4:45pm,NZD,Overseas Trade Index q/q,Non-economic,0.8%,0.5%,1.3%,2018-02-28 16:45:00
2018-02-28,6:50pm,JPY,Capital Spending q/y,Non-economic,4.3%,3.1%,4.2%,2018-02-28 18:50:00
2018-02-28,7:30pm,AUD,Private Capital Expenditure q/q,High,-0.2%,1.0%,1.9%,2018-02-28 19:30:00
2018-02-28,7:30pm,JPY,Final Manufacturing PMI,Non-economic,54.1,54.0,54.0,2018-02-28 19:30:00
2018-02-28,8:45pm,CNY,RatingDog Manufacturing PMI,Medium,51.6,51.3,51.5,2018-02-28 20:45:00
2018-02-28,10:45pm,JPY,10-y Bond Auction,Non-economic,0.06|4.5,,0.09|4.6,2018-02-28 22:45:00
2018-03-01,12:00am,JPY,Consumer Confidence,Non-economic,44.3,44.9,44.7,2018-03-01 00:00:00
2018-03-01,12:30am,AUD,Commodity Prices y/y,Non-economic,-1.0%,,-1.1%,2018-03-01 00:30:00
2018-03-01,1:45am,CHF,GDP q/q,Non-economic,0.6%,0.6%,0.7%,2018-03-01 01:45:00
2018-03-01,2:00am,GBP,Nationwide HPI m/m,Non-economic,-0.3%,0.2%,0.8%,2018-03-01 02:00:00
2018-03-01,3:15am,CHF,Retail Sales y/y,Non-economic,-1.4%,1.1%,0.7%,2018-03-01 03:15:00
2018-03-01,3:15am,EUR,Spanish Manufacturing PMI,Non-economic,56.0,54.8,55.2,2018-03-01 03:15:00
2018-03-01,3:30am,CHF,Manufacturing PMI,Non-economic,65.5,64.1,65.3,2018-03-01 03:30:00
2018-03-01,3:45am,EUR,Italian Manufacturing PMI,Non-economic,56.8,57.9,59.0,2018-03-01 03:45:00
2018-03-01,3:50am,EUR,French Final Manufacturing PMI,Non-economic,55.9,56.1,56.1,2018-03-01 03:50:00
2018-03-01,3:55am,EUR,German Final Manufacturing PMI,Non-economic,60.6,60.3,60.3,2018-03-01 03:55:00
2018-03-01,4:00am,EUR,Final Manufacturing PMI,Non-economic,58.6,58.5,58.5,2018-03-01 04:00:00
2018-03-01,4:00am,EUR,Italian Monthly Unemployment Rate,Non-economic,11.1%,10.8%,10.9%,2018-03-01 04:00:00
2018-03-01,4:30am,GBP,Final Manufacturing PMI,High,55.2,55.1,55.3,2018-03-01 04:30:00
2018-03-01,4:30am,GBP,Net Lending to Individuals m/m,Medium,4.7B,5.4B,5.1B,2018-03-01 04:30:00
2018-03-01,4:30am,GBP,M4 Money Supply m/m,Non-economic,1.5%,0.4%,-0.6%,2018-03-01 04:30:00
2018-03-01,4:30am,GBP,Mortgage Approvals,Non-economic,67K,62K,62K,2018-03-01 04:30:00
2018-03-01,4:49am,EUR,Spanish 10-y Bond Auction,Non-economic,1.50|2.0,,1.58|2.5,2018-03-01 04:49:00
2018-03-01,5:00am,EUR,Unemployment Rate,Non-economic,8.6%,8.6%,8.6%,2018-03-01 05:00:00
2018-03-01,5:03am,EUR,French 10-y Bond Auction,Non-economic,0.90|1.9,,0.98|2.0,2018-03-01 05:03:00
2018-03-01,8:30am,CAD,Current Account,Medium,-16.3B,-17.8B,-18.6B,2018-03-01 08:30:00
2018-03-01,8:30am,USD,Core PCE Price Index m/m,Medium,0.3%,0.3%,0.2%,2018-03-01 08:30:00
2018-03-01,8:30am,USD,Personal Spending m/m,Medium,0.2%,0.2%,0.4%,2018-03-01 08:30:00
2018-03-01,8:30am,USD,Unemployment Claims,Medium,210K,226K,220K,2018-03-01 08:30:00
2018-03-01,8:30am,USD,Personal Income m/m,Non-economic,0.4%,0.3%,0.4%,2018-03-01 08:30:00
2018-03-01,9:30am,CAD,Manufacturing PMI,Non-economic,55.6,,55.9,2018-03-01 09:30:00
2018-03-01,9:45am,USD,Final Manufacturing PMI,Non-economic,55.3,55.9,55.9,2018-03-01 09:45:00
2018-03-01,10:00am,USD,Fed Chairman Powell Testifies,High,,,,2018-03-01 10:00:00
2018-03-01,10:00am,USD,ISM Manufacturing PMI,High,60.8,58.7,59.1,2018-03-01 10:00:00
2018-03-01,10:00am,USD,Construction Spending m/m,Non-economic,0.0%,0.3%,0.8%,2018-03-01 10:00:00
2018-03-01,10:00am,USD,ISM Manufacturing Prices,Non-economic,74.2,70.5,72.7,2018-03-01 10:00:00
2018-03-01,All Day,USD,Wards Total Vehicle Sales,Non-economic,17.0M,17.2M,17.1M,2018-03-01 00:00:00
2018-03-01,10:34am,USD,Natural Gas Storage,Non-economic,-78B,-71B,-124B,2018-03-01 10:34:00
2018-03-01,11:00am,USD,President Trump Speaks,High,,,,2018-03-01 11:00:00
2018-03-01,All Day,USD,Total Vehicle Sales,Non-economic,17.1M,17.2M,17.2M,2018-03-01 00:00:00
2018-03-01,4:45pm,NZD,Building Consents m/m,Non-economic,0.2%,,-9.5%,2018-03-01 16:45:00
2018-03-01,6:30pm,JPY,Tokyo Core CPI y/y,Non-economic,0.9%,0.8%,0.7%,2018-03-01 18:30:00
2018-03-01,6:30pm,JPY,Unemployment Rate,Non-economic,2.4%,2.8%,2.8%,2018-03-01 18:30:00
2018-03-01,6:50pm,JPY,Monetary Base y/y,Non-economic,9.4%,9.2%,9.7%,2018-03-01 18:50:00
2018-03-01,7:30pm,AUD,HIA New Home Sales m/m,Non-economic,-2.1%,,0.7%,2018-03-01 19:30:00
2018-03-02,2:00am,EUR,German Retail Sales m/m,Medium,-0.7%,0.8%,-1.1%,2018-03-02 02:00:00
2018-03-02,2:00am,EUR,German Import Prices m/m,Non-economic,0.5%,0.4%,0.3%,2018-03-02 02:00:00
2018-03-02,3:00am,EUR,Spanish Unemployment Change,Medium,-6.3K,-7.2K,63.7K,2018-03-02 03:00:00
2018-03-02,4:30am,GBP,Construction PMI,High,51.4,50.5,50.2,2018-03-02 04:30:00
2018-03-02,5:00am,EUR,PPI m/m,Non-economic,0.4%,0.4%,0.1%,2018-03-02 05:00:00
2018-03-02,5:00am,GBP,BOE Gov Carney Speaks,High,,,,2018-03-02 05:00:00
2018-03-02,8:30am,CAD,GDP m/m,High,0.1%,0.1%,0.4%,2018-03-02 08:30:00
2018-03-02,8:43am,GBP,Prime Minister May Speaks,High,,,,2018-03-02 08:43:00
2018-03-02,10:00am,USD,Revised UoM Consumer Sentiment,Medium,99.7,99.4,99.9,2018-03-02 10:00:00
2018-03-02,10:00am,USD,Revised UoM Inflation Expectations,Non-economic,2.7%,,2.7%,2018-03-02 10:00:00
2018-03-04,All Day,EUR,Italian Parliamentary Election,High,,,,2018-03-04 00:00:00
2018-03-04,4:30pm,AUD,AIG Services Index,Non-economic,54.0,,54.9,2018-03-04 16:30:00
2018-03-04,7:00pm,AUD,MI Inflation Gauge m/m,Medium,-0.1%,,0.3%,2018-03-04 19:00:00
2018-03-04,7:00pm,NZD,ANZ Commodity Prices m/m,Non-economic,2.8%,,0.7%,2018-03-04 19:00:00
2018-03-04,7:30pm,AUD,Building Approvals m/m,Medium,17.1%,5.1%,-20.6%,2018-03-04 19:30:00
2018-03-04,7:30pm,AUD,Company Operating Profits q/q,Medium,2.2%,1.6%,-0.1%,2018-03-04 19:30:00
2018-03-04,7:30pm,AUD,ANZ Job Advertisements m/m,Non-economic,-0.3%,,6.2%,2018-03-04 19:30:00
2018-03-04,8:45pm,CNY,RatingDog Services PMI,Medium,54.2,54.3,54.7,2018-03-04 20:45:00
2018-03-05,3:15am,EUR,Spanish Services PMI,Non-economic,57.3,56.5,56.9,2018-03-05 03:15:00
2018-03-05,3:45am,EUR,Italian Services PMI,Non-economic,55.0,57.3,57.7,2018-03-05 03:45:00
2018-03-05,3:50am,EUR,French Final Services PMI,Non-economic,57.4,57.9,57.9,2018-03-05 03:50:00
2018-03-05,3:55am,EUR,German Final Services PMI,Non-economic,55.3,55.3,55.3,2018-03-05 03:55:00
2018-03-05,4:00am,EUR,Final Services PMI,Non-economic,56.2,56.7,56.7,2018-03-05 04:00:00
2018-03-05,4:30am,EUR,Sentix Investor Confidence,Non-economic,24.0,31.1,31.9,2018-03-05 04:30:00
2018-03-05,4:30am,GBP,Final Services PMI,High,54.5,53.3,53.0,2018-03-05 04:30:00
2018-03-05,5:00am,EUR,Retail Sales m/m,Non-economic,-0.1%,0.3%,-1.0%,2018-03-05 05:00:00
2018-03-05,9:45am,USD,Final Services PMI,Non-economic,55.9,55.9,55.9,2018-03-05 09:45:00
2018-03-05,10:00am,USD,ISM Services PMI,High,59.5,58.9,59.9,2018-03-05 10:00:00
2018-03-05,1:15pm,USD,FOMC Member Quarles Speaks,Medium,,,,2018-03-05 13:15:00
2018-03-05,7:01pm,GBP,BRC Retail Sales Monitor y/y,Non-economic,0.6%,,0.6%,2018-03-05 19:01:00
2018-03-05,7:30pm,AUD,Current Account,High,-14.0B,-12.3B,-11.0B,2018-03-05 19:30:00
2018-03-05,7:30pm,AUD,Retail Sales m/m,High,0.1%,0.4%,-0.5%,2018-03-05 19:30:00
2018-03-05,10:30pm,AUD,Cash Rate,High,1.50%,1.50%,1.50%,2018-03-05 22:30:00
2018-03-05,10:30pm,AUD,RBA Rate Statement,High,,,,2018-03-05 22:30:00
2018-03-05,10:45pm,JPY,30-y Bond Auction,Non-economic,0.75|4.2,,0.82|4.3,2018-03-05 22:45:00
2018-03-06,3:15am,CHF,CPI m/m,Non-economic,0.4%,0.3%,-0.1%,2018-03-06 03:15:00
2018-03-06,4:10am,EUR,Retail PMI,Non-economic,52.3,,50.8,2018-03-06 04:10:00
2018-03-06,5:34am,GBP,30-y Bond Auction,Non-economic,1.94|2.1,,1.81|1.7,2018-03-06 05:34:00
2018-03-06,7:30am,USD,FOMC Member Dudley Speaks,Medium,,,,2018-03-06 07:30:00
2018-03-06,10:00am,CAD,Ivey PMI,Medium,59.6,56.3,55.2,2018-03-06 10:00:00
2018-03-06,10:00am,USD,Factory Orders m/m,Non-economic,-1.4%,-0.4%,1.8%,2018-03-06 10:00:00
2018-03-06,10:01am,USD,RCM/TIPP Economic Optimism,Non-economic,55.6,58.2,56.7,2018-03-06 10:01:00
2018-03-06,10:51am,NZD,GDT Price Index,Medium,-0.6%,,-0.5%,2018-03-06 10:51:00
2018-03-06,1:15pm,GBP,MPC Member Haldane Speaks,Medium,,,,2018-03-06 13:15:00
2018-03-06,4:30pm,AUD,AIG Construction Index,Non-economic,56.0,,54.3,2018-03-06 16:30:00
2018-03-06,4:30pm,USD,API Weekly Statistical Bulletin,Non-economic,,,,2018-03-06 16:30:00
2018-03-06,4:35pm,AUD,RBA Gov Lowe Speaks,High,,,,2018-03-06 16:35:00
2018-03-06,5:30pm,USD,FOMC Member Brainard Speaks,Medium,,,,2018-03-06 17:30:00
2018-03-06,7:30pm,AUD,GDP q/q,High,0.4%,0.5%,0.7%,2018-03-06 19:30:00
2018-03-07,12:00am,JPY,Leading Indicators,Medium,104.8%,106.5%,107.4%,2018-03-07 00:00:00
2018-03-07,2:45am,EUR,French Trade Balance,Non-economic,-5.6B,-4.4B,-3.4B,2018-03-07 02:45:00
2018-03-07,3:00am,CHF,Foreign Currency Reserves,Non-economic,733B,,732B,2018-03-07 03:00:00
2018-03-07,3:30am,GBP,Halifax HPI m/m,Medium,0.4%,0.4%,-0.5%,2018-03-07 03:30:00
2018-03-07,5:00am,EUR,Revised GDP q/q,Non-economic,0.6%,0.6%,0.6%,2018-03-07 05:00:00
2018-03-07,8:00am,USD,FOMC Member Bostic Speaks,Medium,,,,2018-03-07 08:00:00
2018-03-07,8:15am,USD,ADP Non-Farm Employment Change,High,235K,199K,244K,2018-03-07 08:15:00
2018-03-07,8:20am,USD,FOMC Member Dudley Speaks,Non-economic,,,,2018-03-07 08:20:00
2018-03-07,8:30am,CAD,Trade Balance,High,-1.9B,-2.5B,-3.1B,2018-03-07 08:30:00
2018-03-07,8:30am,CAD,Labor Productivity q/q,Medium,0.2%,0.1%,-0.5%,2018-03-07 08:30:00
2018-03-07,8:30am,USD,Revised Nonfarm Productivity q/q,Non-economic,0.0%,-0.1%,-0.1%,2018-03-07 08:30:00
2018-03-07,8:30am,USD,Revised Unit Labor Costs q/q,Non-economic,2.5%,2.1%,2.0%,2018-03-07 08:30:00
2018-03-07,8:30am,USD,Trade Balance,Non-economic,-56.6B,-55.1B,-53.9B,2018-03-07 08:30:00
2018-03-07,10:00am,CAD,BOC Rate Statement,High,,,,2018-03-07 10:00:00
2018-03-07,10:00am,CAD,Overnight Rate,High,1.25%,1.25%,1.25%,2018-03-07 10:00:00
2018-03-07,10:30am,USD,Crude Oil Inventories,High,2.4M,2.6M,3.0M,2018-03-07 10:30:00
2018-03-07,2:00pm,USD,Beige Book,Non-economic,,,,2018-03-07 14:00:00
2018-03-07,3:00pm,USD,Consumer Credit m/m,Non-economic,13.9B,17.5B,19.2B,2018-03-07 15:00:00
2018-03-07,4:45pm,NZD,Manufacturing Sales q/q,Non-economic,2.8%,,0.5%,2018-03-07 16:45:00
2018-03-07,6:50pm,JPY,Bank Lending y/y,Non-economic,2.1%,2.4%,2.3%,2018-03-07 18:50:00
2018-03-07,6:50pm,JPY,Current Account,Non-economic,2.02T,1.76T,1.68T,2018-03-07 18:50:00
2018-03-07,6:50pm,JPY,Final GDP Price Index y/y,Non-economic,0.1%,0.0%,0.0%,2018-03-07 18:50:00
2018-03-07,6:50pm,JPY,Final GDP q/q,Non-economic,0.4%,0.2%,0.1%,2018-03-07 18:50:00
2018-03-07,7:01pm,GBP,RICS House Price Balance,Non-economic,0%,7%,7%,2018-03-07 19:01:00
2018-03-07,7:30pm,AUD,Goods Trade Balance,High,1.06B,0.21B,-1.15B,2018-03-07 19:30:00
2018-03-07,10:09pm,CNY,Trade Balance,Medium,225B,-70B,136B,2018-03-07 22:09:00
2018-03-07,10:15pm,CNY,USD-Denominated Trade Balance,Non-economic,33.7B,-2.3B,20.3B,2018-03-07 22:15:00
2018-03-08,12:03am,JPY,Economy Watchers Sentiment,Non-economic,48.6,50.6,49.9,2018-03-08 00:03:00
2018-03-08,1:45am,CHF,Unemployment Rate,Non-economic,2.9%,2.9%,3.0%,2018-03-08 01:45:00
2018-03-08,2:00am,EUR,German Factory Orders m/m,Non-economic,-3.9%,-1.9%,3.0%,2018-03-08 02:00:00
2018-03-08,7:30am,USD,Challenger Job Cuts y/y,Non-economic,-4.3%,,-2.8%,2018-03-08 07:30:00
2018-03-08,7:45am,EUR,Main Refinancing Rate,High,0.00%,0.00%,0.00%,2018-03-08 07:45:00
2018-03-08,7:45am,EUR,Monetary Policy Statement,High,,,,2018-03-08 07:45:00
2018-03-08,8:13am,CAD,Housing Starts,Non-economic,230K,217K,215K,2018-03-08 08:13:00
2018-03-08,8:30am,CAD,Building Permits m/m,Medium,5.6%,-0.3%,2.5%,2018-03-08 08:30:00
2018-03-08,8:30am,CAD,NHPI m/m,Medium,0.0%,0.1%,0.0%,2018-03-08 08:30:00
2018-03-08,8:30am,EUR,ECB Press Conference,High,,,,2018-03-08 08:30:00
2018-03-08,8:30am,USD,Unemployment Claims,Medium,231K,220K,210K,2018-03-08 08:30:00
2018-03-08,10:30am,USD,Natural Gas Storage,Non-economic,-57B,-58B,-78B,2018-03-08 10:30:00
2018-03-08,11:30am,CAD,BOC Gov Poloz Speaks,High,,,,2018-03-08 11:30:00
2018-03-08,3:35pm,CAD,Gov Council Member Lane Speaks,High,,,,2018-03-08 15:35:00
2018-03-08,6:30pm,JPY,Household Spending y/y,Non-economic,1.9%,-1.1%,-0.1%,2018-03-08 18:30:00
2018-03-08,6:50pm,JPY,M2 Money Stock y/y,Non-economic,3.3%,3.3%,3.4%,2018-03-08 18:50:00
2018-03-08,7:00pm,JPY,Average Cash Earnings y/y,Non-economic,0.7%,0.6%,0.7%,2018-03-08 19:00:00
2018-03-08,8:02pm,CNY,M2 Money Supply y/y,Non-economic,8.8%,8.8%,8.6%,2018-03-08 20:02:00
2018-03-08,8:02pm,CNY,New Loans,Non-economic,839B,900B,2900B,2018-03-08 20:02:00
2018-03-08,8:30pm,CNY,CPI y/y,Medium,2.9%,2.5%,1.5%,2018-03-08 20:30:00
2018-03-08,8:30pm,CNY,PPI y/y,Medium,3.7%,3.8%,4.3%,2018-03-08 20:30:00
2018-03-08,9:46pm,JPY,BOJ Policy Rate,High,-0.10%,-0.10%,-0.10%,2018-03-08 21:46:00
2018-03-08,9:46pm,JPY,Monetary Policy Statement,High,,,,2018-03-08 21:46:00
2018-03-09,1:30am,JPY,BOJ Press Conference,High,,,,2018-03-09 01:30:00
2018-03-09,2:00am,EUR,German Industrial Production m/m,Non-economic,-0.1%,0.6%,-0.5%,2018-03-09 02:00:00
2018-03-09,2:00am,EUR,German Trade Balance,Non-economic,21.3B,21.2B,21.3B,2018-03-09 02:00:00
2018-03-09,2:45am,EUR,French Gov Budget Balance,Non-economic,-10.8B,,-67.8B,2018-03-09 02:45:00
2018-03-09,2:45am,EUR,French Industrial Production m/m,Non-economic,-2.0%,-0.2%,0.2%,2018-03-09 02:45:00
2018-03-09,4:30am,GBP,Manufacturing Production m/m,High,0.1%,0.2%,0.3%,2018-03-09 04:30:00
2018-03-09,4:30am,GBP,Goods Trade Balance,Medium,-12.3B,-12.0B,-11.8B,2018-03-09 04:30:00
2018-03-09,4:30am,GBP,Construction Output m/m,Non-economic,-3.4%,-0.4%,1.6%,2018-03-09 04:30:00
2018-03-09,4:30am,GBP,Consumer Inflation Expectations,Non-economic,2.9%,,2.9%,2018-03-09 04:30:00
2018-03-09,4:30am,GBP,Industrial Production m/m,Non-economic,1.3%,1.5%,-1.3%,2018-03-09 04:30:00
2018-03-09,7:09am,GBP,NIESR GDP Estimate,Non-economic,0.3%,,0.4%,2018-03-09 07:09:00
2018-03-09,8:30am,CAD,Employment Change,High,15.4K,21.3K,-88.0K,2018-03-09 08:30:00
2018-03-09,8:30am,CAD,Unemployment Rate,High,5.8%,5.9%,5.9%,2018-03-09 08:30:00
2018-03-09,8:30am,CAD,Capacity Utilization Rate,Non-economic,86.0%,85.2%,85.1%,2018-03-09 08:30:00
2018-03-09,8:30am,USD,Average Hourly Earnings m/m,High,0.1%,0.2%,0.3%,2018-03-09 08:30:00
2018-03-09,8:30am,USD,Non-Farm Employment Change,High,313K,205K,239K,2018-03-09 08:30:00
2018-03-09,8:30am,USD,Unemployment Rate,High,4.1%,4.0%,4.1%,2018-03-09 08:30:00
2018-03-09,10:00am,USD,Final Wholesale Inventories m/m,Non-economic,0.8%,0.7%,0.7%,2018-03-09 10:00:00
2018-03-11,2:00am,CAD,Daylight Saving Time Shift,Low,,,,2018-03-11 02:00:00
2018-03-11,2:00am,USD,Daylight Saving Time Shift,Low,,,,2018-03-11 02:00:00
2018-03-11,6:50pm,JPY,BSI Manufacturing Index,Non-economic,2.9,10.3,9.7,2018-03-11 18:50:00
2018-03-12,12:58am,JPY,Prelim Machine Tool Orders y/y,Non-economic,39.5%,,48.8%,2018-03-12 00:58:00
2018-03-12,All Day,EUR,Eurogroup Meetings,Non-economic,,,,2018-03-12 00:00:00
2018-03-12,12:01pm,USD,10-y Bond Auction,Non-economic,2.89|2.5,,2.81|2.3,2018-03-12 12:01:00
2018-03-12,1:00pm,USD,Federal Budget Balance,Non-economic,-215.2B,-222.3B,49.2B,2018-03-12 13:00:00
2018-03-12,4:45pm,NZD,FPI m/m,Non-economic,-0.5%,,1.2%,2018-03-12 16:45:00
2018-03-12,6:45pm,NZD,RBNZ Gov Spencer Speaks,High,,,,2018-03-12 18:45:00
2018-03-12,6:50pm,JPY,PPI y/y,Non-economic,2.5%,2.5%,2.7%,2018-03-12 18:50:00
2018-03-12,7:10pm,AUD,RBA Gov Bullock Speaks,Medium,,,,2018-03-12 19:10:00
2018-03-12,7:30pm,AUD,NAB Business Confidence,Medium,9,,11,2018-03-12 19:30:00
2018-03-12,7:30pm,AUD,Home Loans m/m,Non-economic,-1.1%,-0.1%,-2.5%,2018-03-12 19:30:00
2018-03-12,11:30pm,JPY,Tertiary Industry Activity m/m,Non-economic,-0.6%,-0.2%,0.0%,2018-03-12 23:30:00
2018-03-13,1:30am,EUR,French Final Private Payrolls q/q,Non-economic,0.4%,0.3%,0.3%,2018-03-13 01:30:00
2018-03-13,4:00am,EUR,Italian Quarterly Unemployment Rate,Non-economic,11.0%,11.0%,11.2%,2018-03-13 04:00:00
2018-03-13,5:00am,USD,NFIB Small Business Index,Non-economic,107.6,107.1,106.9,2018-03-13 05:00:00
2018-03-13,All Day,EUR,ECOFIN Meetings,Non-economic,,,,2018-03-13 00:00:00
2018-03-13,7:30am,GBP,Annual Budget Release,High,,,,2018-03-13 07:30:00
2018-03-13,7:30am,USD,Core CPI m/m,High,0.2%,0.2%,0.3%,2018-03-13 07:30:00
2018-03-13,7:30am,USD,CPI m/m,High,0.2%,0.2%,0.5%,2018-03-13 07:30:00
2018-03-13,7:30am,USD,CPI y/y,High,2.2%,2.2%,2.1%,2018-03-13 07:30:00
2018-03-13,9:15am,CAD,BOC Gov Poloz Speaks,High,,,,2018-03-13 09:15:00
2018-03-13,12:01pm,USD,30-y Bond Auction,Non-economic,3.11|2.4,,3.12|2.3,2018-03-13 12:01:00
2018-03-13,3:30pm,USD,API Weekly Statistical Bulletin,Non-economic,,,,2018-03-13 15:30:00
2018-03-13,4:45pm,NZD,Current Account,Medium,-2.77B,-2.45B,-4.83B,2018-03-13 16:45:00
2018-03-13,5:05pm,AUD,RBA Assist Gov Kent Speaks,Medium,,,,2018-03-13 17:05:00
2018-03-13,6:30pm,AUD,Westpac Consumer Sentiment,Non-economic,0.2%,,-2.3%,2018-03-13 18:30:00
2018-03-13,6:50pm,JPY,Core Machinery Orders m/m,Non-economic,8.2%,5.3%,-11.9%,2018-03-13 18:50:00
2018-03-13,6:50pm,JPY,Monetary Policy Meeting Minutes,Non-economic,,,,2018-03-13 18:50:00
2018-03-13,9:00pm,CNY,Industrial Production y/y,High,7.2%,6.2%,6.2%,2018-03-13 21:00:00
2018-03-13,9:00pm,CNY,Fixed Asset Investment ytd/y,Medium,7.9%,7.0%,7.2%,2018-03-13 21:00:00
2018-03-13,9:00pm,CNY,Retail Sales y/y,Non-economic,9.7%,9.9%,9.4%,2018-03-13 21:00:00
2018-03-14,2:00am,EUR,German Final CPI m/m,Non-economic,0.5%,0.5%,0.5%,2018-03-14 02:00:00
2018-03-14,3:00am,EUR,ECB President Draghi Speaks,High,,,,2018-03-14 03:00:00
2018-03-14,4:03am,EUR,Italian Retail Sales m/m,Non-economic,-0.5%,-0.1%,-0.9%,2018-03-14 04:03:00
2018-03-14,5:00am,EUR,Final Employment Change q/q,Non-economic,0.3%,0.3%,0.4%,2018-03-14 05:00:00
2018-03-14,5:00am,EUR,Industrial Production m/m,Non-economic,-1.0%,-0.4%,0.4%,2018-03-14 05:00:00
2018-03-14,5:33am,EUR,German 30-y Bond Auction,Non-economic,1.27|1.1,,1.33|1.5,2018-03-14 05:33:00
2018-03-14,7:30am,USD,Core Retail Sales m/m,High,0.2%,0.4%,0.1%,2018-03-14 07:30:00
2018-03-14,7:30am,USD,PPI m/m,High,0.2%,0.1%,0.4%,2018-03-14 07:30:00
2018-03-14,7:30am,USD,Retail Sales m/m,High,-0.1%,0.3%,-0.1%,2018-03-14 07:30:00
2018-03-14,7:30am,USD,Core PPI m/m,Medium,0.2%,0.2%,0.4%,2018-03-14 07:30:00
2018-03-14,9:00am,USD,Business Inventories m/m,Non-economic,0.6%,0.6%,0.6%,2018-03-14 09:00:00
2018-03-14,9:30am,USD,Crude Oil Inventories,High,5.0M,2.2M,2.4M,2018-03-14 09:30:00
2018-03-14,4:45pm,NZD,GDP q/q,High,0.6%,0.8%,0.6%,2018-03-14 16:45:00
2018-03-14,7:00pm,AUD,MI Inflation Expectations,Non-economic,3.7%,,3.6%,2018-03-14 19:00:00
2018-03-14,7:30pm,AUD,RBA Bulletin,Non-economic,,,,2018-03-14 19:30:00
2018-03-15,2:25am,CNY,Foreign Direct Investment ytd/y,Non-economic,0.5%,,0.3%,2018-03-15 02:25:00
2018-03-15,2:45am,EUR,French Final CPI m/m,Non-economic,0.0%,-0.1%,-0.1%,2018-03-15 02:45:00
2018-03-15,3:15am,CHF,PPI m/m,Medium,0.3%,0.2%,0.3%,2018-03-15 03:15:00
2018-03-15,3:30am,CHF,Libor Rate,High,-0.75%,-0.75%,-0.75%,2018-03-15 03:30:00
2018-03-15,3:30am,CHF,SNB Monetary Policy Assessment,High,,,,2018-03-15 03:30:00
2018-03-15,4:48am,EUR,Spanish 10-y Bond Auction,Non-economic,1.36|1.3,,1.50|2.0,2018-03-15 04:48:00
2018-03-15,5:35am,GBP,10-y Bond Auction,Non-economic,1.58|2.6,,1.29|2.4,2018-03-15 05:35:00
2018-03-15,7:30am,CAD,ADP Non-Farm Employment Change,Non-economic,32.7K,,-2.3K,2018-03-15 07:30:00
2018-03-15,7:30am,USD,Empire State Manufacturing Index,Medium,22.5,14.9,13.1,2018-03-15 07:30:00
2018-03-15,7:30am,USD,Philly Fed Manufacturing Index,Medium,22.3,23.1,25.8,2018-03-15 07:30:00
2018-03-15,7:30am,USD,Unemployment Claims,Medium,226K,227K,230K,2018-03-15 07:30:00
2018-03-15,7:30am,USD,Import Prices m/m,Non-economic,0.4%,0.3%,0.8%,2018-03-15 07:30:00
2018-03-15,9:00am,USD,NAHB Housing Market Index,Non-economic,70,72,71,2018-03-15 09:00:00
2018-03-15,9:30am,USD,Natural Gas Storage,Non-economic,-93B,-99B,-57B,2018-03-15 09:30:00
2018-03-15,3:00pm,USD,TIC Long-Term Purchases,Non-economic,62.1B,35.9B,23.3B,2018-03-15 15:00:00
2018-03-15,4:30pm,NZD,BusinessNZ Manufacturing Index,Medium,53.4,,54.4,2018-03-15 16:30:00
2018-03-15,5:45pm,AUD,RBA Deputy Gov Debelle Speaks,Medium,,,,2018-03-15 17:45:00
2018-03-15,11:30pm,JPY,Revised Industrial Production m/m,Non-economic,-6.8%,-6.6%,-6.6%,2018-03-15 23:30:00
2018-03-16,2:00am,EUR,German WPI m/m,Non-economic,-0.3%,0.2%,0.9%,2018-03-16 02:00:00
2018-03-16,4:30am,GBP,FPC Statement,Non-economic,,,,2018-03-16 04:30:00
2018-03-16,5:00am,EUR,Final CPI y/y,Medium,1.1%,1.2%,1.2%,2018-03-16 05:00:00
2018-03-16,5:00am,EUR,Final Core CPI y/y,Non-economic,1.0%,1.0%,1.0%,2018-03-16 05:00:00
2018-03-16,7:30am,CAD,Foreign Securities Purchases,Medium,5.68B,9.11B,-1.54B,2018-03-16 07:30:00
2018-03-16,7:30am,CAD,Manufacturing Sales m/m,Medium,-1.0%,-0.8%,-0.1%,2018-03-16 07:30:00
2018-03-16,7:30am,USD,Building Permits,High,1.30M,1.32M,1.38M,2018-03-16 07:30:00
2018-03-16,7:30am,USD,Housing Starts,Medium,1.24M,1.29M,1.33M,2018-03-16 07:30:00
2018-03-16,8:15am,USD,Capacity Utilization Rate,Medium,78.1%,77.7%,77.4%,2018-03-16 08:15:00
2018-03-16,8:15am,USD,Industrial Production m/m,Medium,1.1%,0.3%,-0.3%,2018-03-16 08:15:00
2018-03-16,8:30am,GBP,CB Leading Index m/m,Non-economic,0.0%,,-0.2%,2018-03-16 08:30:00
2018-03-16,9:00am,USD,Prelim UoM Consumer Sentiment,Medium,102.0,99.2,99.7,2018-03-16 09:00:00
2018-03-16,9:00am,USD,JOLTS Job Openings,Non-economic,6.31M,5.91M,5.81M,2018-03-16 09:00:00
2018-03-16,9:00am,USD,Prelim UoM Inflation Expectations,Non-economic,2.9%,,2.7%,2018-03-16 09:00:00
2018-03-18,4:30pm,NZD,BusinessNZ Services Index,Non-economic,55.0,,55.7,2018-03-18 16:30:00
2018-03-18,6:50pm,JPY,BOJ Summary of Opinions,Non-economic,,,,2018-03-18 18:50:00
2018-03-18,6:50pm,JPY,Trade Balance,Non-economic,-0.20T,-0.10T,0.35T,2018-03-18 18:50:00
2018-03-18,7:01pm,GBP,Rightmove HPI m/m,Non-economic,1.5%,,0.8%,2018-03-18 19:01:00
2018-03-19,4:00am,EUR,Italian Industrial Production m/m,Non-economic,-1.9%,-0.5%,2.1%,2018-03-19 04:00:00
2018-03-19,5:00am,EUR,Italian Trade Balance,Non-economic,-0.09B,4.87B,5.25B,2018-03-19 05:00:00
2018-03-19,5:00am,EUR,Trade Balance,Non-economic,19.9B,22.6B,23.2B,2018-03-19 05:00:00
2018-03-19,Day 1,All,G20 Meetings,High,,,,2018-03-19 00:00:00
2018-03-19,6:00am,EUR,German Buba Monthly Report,Non-economic,,,,2018-03-19 06:00:00
2018-03-19,8:40am,USD,FOMC Member Bostic Speaks,Non-economic,,,,2018-03-19 08:40:00
2018-03-19,9:30am,AUD,CB Leading Index m/m,Non-economic,-0.1%,,-0.3%,2018-03-19 09:30:00
2018-03-19,4:00pm,NZD,Westpac Consumer Sentiment,Non-economic,111.2,,107.4,2018-03-19 16:00:00
2018-03-19,7:30pm,AUD,Monetary Policy Meeting Minutes,High,,,,2018-03-19 19:30:00
2018-03-19,7:30pm,AUD,HPI q/q,Medium,1.0%,0.1%,-0.2%,2018-03-19 19:30:00
2018-03-19,11:15pm,AUD,RBA Gov Bullock Speaks,Medium,,,,2018-03-19 23:15:00
2018-03-20,1:45am,CHF,SECO Economic Forecasts,Non-economic,,,,2018-03-20 01:45:00
2018-03-20,2:00am,CHF,Trade Balance,Non-economic,3.14B,1.87B,2.07B,2018-03-20 02:00:00
2018-03-20,2:00am,EUR,German PPI m/m,Non-economic,-0.1%,0.1%,0.5%,2018-03-20 02:00:00
2018-03-20,4:30am,GBP,CPI y/y,High,2.7%,2.8%,3.0%,2018-03-20 04:30:00
2018-03-20,4:30am,GBP,PPI Input m/m,Medium,-1.1%,-0.9%,0.4%,2018-03-20 04:30:00
2018-03-20,4:30am,GBP,Core CPI y/y,Non-economic,2.4%,2.5%,2.7%,2018-03-20 04:30:00
2018-03-20,4:30am,GBP,HPI y/y,Non-economic,4.9%,5.1%,5.0%,2018-03-20 04:30:00
2018-03-20,4:30am,GBP,PPI Output m/m,Non-economic,0.0%,0.1%,0.1%,2018-03-20 04:30:00
2018-03-20,4:30am,GBP,RPI y/y,Non-economic,3.6%,3.7%,4.0%,2018-03-20 04:30:00
2018-03-20,5:00am,EUR,German ZEW Economic Sentiment,Medium,5.1,13.1,17.8,2018-03-20 05:00:00
2018-03-20,5:00am,EUR,ZEW Economic Sentiment,Non-economic,13.4,28.1,29.3,2018-03-20 05:00:00
2018-03-20,Day 2,All,G20 Meetings,High,,,,2018-03-20 00:00:00
2018-03-20,7:30am,CAD,Wholesale Sales m/m,Non-economic,0.1%,0.1%,-0.2%,2018-03-20 07:30:00
2018-03-20,9:14am,NZD,GDT Price Index,Medium,-1.2%,,-0.6%,2018-03-20 09:14:00
2018-03-20,10:00am,EUR,Consumer Confidence,Non-economic,0,0,0,2018-03-20 10:00:00
2018-03-20,3:30pm,USD,API Weekly Statistical Bulletin,Non-economic,,,,2018-03-20 15:30:00
2018-03-20,4:49pm,NZD,Visitor Arrivals m/m,Non-economic,2.0%,,0.1%,2018-03-20 16:49:00
2018-03-20,6:30pm,AUD,MI Leading Index m/m,Non-economic,0.3%,,-0.3%,2018-03-20 18:30:00
2018-03-20,All Day,JPY,Bank Holiday,Low,,,,2018-03-20 00:00:00
2018-03-20,9:00pm,NZD,Credit Card Spending y/y,Non-economic,7.0%,,4.6%,2018-03-20 21:00:00
2018-03-21,All Day,All,OPEC-JMMC Meetings,Medium,,,,2018-03-21 00:00:00
2018-03-21,4:30am,GBP,Average Earnings Index 3m/y,High,2.8%,2.6%,2.7%,2018-03-21 04:30:00
2018-03-21,4:30am,GBP,Claimant Count Change,Medium,9.2K,-3.1K,-1.6K,2018-03-21 04:30:00
2018-03-21,4:30am,GBP,Public Sector Net Borrowing,Medium,-0.3B,-0.4B,-11.7B,2018-03-21 04:30:00
2018-03-21,4:30am,GBP,Unemployment Rate,Medium,4.3%,4.4%,4.4%,2018-03-21 04:30:00
2018-03-21,5:34am,EUR,German 10-y Bond Auction,Non-economic,0.60|1.3,,0.67|1.2,2018-03-21 05:34:00
2018-03-21,6:00am,GBP,CBI Industrial Order Expectations,Non-economic,4,9,10,2018-03-21 06:00:00
2018-03-21,7:30am,USD,Current Account,Medium,-128B,-125B,-101B,2018-03-21 07:30:00
2018-03-21,9:00am,CHF,SNB Quarterly Bulletin,Non-economic,,,,2018-03-21 09:00:00
2018-03-21,9:00am,USD,Existing Home Sales,Medium,5.54M,5.41M,5.38M,2018-03-21 09:00:00
2018-03-21,9:30am,USD,Crude Oil Inventories,High,-2.6M,2.6M,5.0M,2018-03-21 09:30:00
2018-03-21,1:00pm,USD,Federal Funds Rate,High,1.75%,1.75%,1.50%,2018-03-21 13:00:00
2018-03-21,1:00pm,USD,FOMC Economic Projections,High,,,,2018-03-21 13:00:00
2018-03-21,1:00pm,USD,FOMC Statement,High,,,,2018-03-21 13:00:00
2018-03-21,1:30pm,USD,FOMC Press Conference,High,,,,2018-03-21 13:30:00
2018-03-21,3:00pm,NZD,RBNZ Rate Statement,High,,,,2018-03-21 15:00:00
2018-03-21,3:00pm,NZD,Official Cash Rate,Medium,1.75%,1.75%,1.75%,2018-03-21 15:00:00
2018-03-21,7:30pm,AUD,Employment Change,High,17.5K,19.8K,12.5K,2018-03-21 19:30:00
2018-03-21,7:30pm,AUD,Unemployment Rate,High,5.6%,5.5%,5.5%,2018-03-21 19:30:00
2018-03-21,7:30pm,JPY,Flash Manufacturing PMI,Non-economic,53.2,54.3,54.1,2018-03-21 19:30:00
2018-03-21,11:30pm,JPY,All Industries Activity m/m,Non-economic,-1.8%,-1.7%,0.6%,2018-03-21 23:30:00
2018-03-22,3:00am,EUR,French Flash Manufacturing PMI,Medium,53.6,55.6,55.9,2018-03-22 03:00:00
2018-03-22,3:00am,EUR,French Flash Services PMI,Medium,56.8,57.0,57.4,2018-03-22 03:00:00
2018-03-22,3:30am,EUR,German Flash Manufacturing PMI,Medium,58.4,59.8,60.6,2018-03-22 03:30:00
2018-03-22,3:30am,EUR,German Flash Services PMI,Medium,54.2,55.0,55.3,2018-03-22 03:30:00
2018-03-22,4:00am,EUR,Flash Manufacturing PMI,Medium,56.6,58.1,58.6,2018-03-22 04:00:00
2018-03-22,4:00am,EUR,Flash Services PMI,Medium,55.0,56.0,56.2,2018-03-22 04:00:00
2018-03-22,4:00am,EUR,German ifo Business Climate,Medium,114.7,114.7,115.4,2018-03-22 04:00:00
2018-03-22,4:00am,EUR,Current Account,Non-economic,37.6B,30.2B,31.0B,2018-03-22 04:00:00
2018-03-22,4:00am,EUR,ECB Economic Bulletin,Non-economic,,,,2018-03-22 04:00:00
2018-03-22,4:30am,GBP,Retail Sales m/m,High,0.8%,0.4%,-0.2%,2018-03-22 04:30:00
2018-03-22,7:00am,GBP,Monetary Policy Summary,High,,,,2018-03-22 07:00:00
2018-03-22,7:00am,GBP,MPC Official Bank Rate Votes,High,2-0-7,0-0-9,0-0-9,2018-03-22 07:00:00
2018-03-22,7:00am,GBP,Official Bank Rate,High,0.50%,0.50%,0.50%,2018-03-22 07:00:00
2018-03-22,7:00am,GBP,Asset Purchase Facility,Medium,435B,435B,435B,2018-03-22 07:00:00
2018-03-22,7:00am,GBP,MPC Asset Purchase Facility Votes,Medium,0-0-9,0-0-9,0-0-9,2018-03-22 07:00:00
2018-03-22,7:30am,USD,Unemployment Claims,Medium,229K,225K,226K,2018-03-22 07:30:00
2018-03-22,8:00am,USD,HPI m/m,Non-economic,0.8%,0.4%,0.4%,2018-03-22 08:00:00
2018-03-22,8:45am,USD,Flash Manufacturing PMI,Non-economic,55.7,55.4,55.3,2018-03-22 08:45:00
2018-03-22,8:45am,USD,Flash Services PMI,Non-economic,54.1,55.9,55.9,2018-03-22 08:45:00
2018-03-22,8:58am,EUR,Belgian NBB Business Climate,Non-economic,0.1,1.2,1.9,2018-03-22 08:58:00
2018-03-22,9:00am,USD,CB Leading Index m/m,Non-economic,0.6%,0.5%,0.8%,2018-03-22 09:00:00
2018-03-22,9:30am,USD,Natural Gas Storage,Non-economic,-86B,-88B,-93B,2018-03-22 09:30:00
2018-03-22,12:00pm,GBP,MPC Member Ramsden Speaks,Medium,,,,2018-03-22 12:00:00
2018-03-22,1:45pm,CAD,Gov Council Member Wilkins Speaks,Medium,,,,2018-03-22 13:45:00
2018-03-22,6:30pm,JPY,National Core CPI y/y,Non-economic,1.0%,1.0%,0.9%,2018-03-22 18:30:00
2018-03-23,7:10am,USD,FOMC Member Bostic Speaks,Medium,,,,2018-03-23 07:10:00
2018-03-23,7:30am,CAD,Core Retail Sales m/m,High,0.9%,0.9%,-1.7%,2018-03-23 07:30:00
2018-03-23,7:30am,CAD,CPI m/m,High,0.6%,0.4%,0.7%,2018-03-23 07:30:00
2018-03-23,7:30am,CAD,Common CPI y/y,Medium,1.9%,,1.8%,2018-03-23 07:30:00
2018-03-23,7:30am,CAD,Median CPI y/y,Medium,2.1%,,1.9%,2018-03-23 07:30:00
2018-03-23,7:30am,CAD,Retail Sales m/m,Medium,0.3%,1.1%,-0.7%,2018-03-23 07:30:00
2018-03-23,7:30am,CAD,Trimmed CPI y/y,Medium,2.1%,,1.8%,2018-03-23 07:30:00
2018-03-23,7:30am,CAD,Core CPI m/m,Non-economic,0.7%,,0.5%,2018-03-23 07:30:00
2018-03-23,7:30am,GBP,MPC Member Vlieghe Speaks,Medium,,,,2018-03-23 07:30:00
2018-03-23,7:30am,USD,Core Durable Goods Orders m/m,High,1.2%,0.5%,-0.2%,2018-03-23 07:30:00
2018-03-23,7:30am,USD,Durable Goods Orders m/m,Medium,3.1%,1.6%,-3.6%,2018-03-23 07:30:00
2018-03-23,8:00am,CNY,CB Leading Index m/m,Non-economic,1.1%,,1.9%,2018-03-23 08:00:00
2018-03-23,9:00am,USD,New Home Sales,Non-economic,618K,621K,622K,2018-03-23 09:00:00
2018-03-24,8:00pm,CHF,Daylight Saving Time Shift,Low,,,,2018-03-24 20:00:00
2018-03-24,8:00pm,EUR,Daylight Saving Time Shift,Low,,,,2018-03-24 20:00:00
2018-03-24,8:00pm,GBP,Daylight Saving Time Shift,Low,,,,2018-03-24 20:00:00
2018-03-25,4:45pm,NZD,Trade Balance,Medium,217M,-100M,-655M,2018-03-25 16:45:00
2018-03-26,3:30am,GBP,High Street Lending,Non-economic,38.1K,39.2K,40.0K,2018-03-26 03:30:00
2018-03-26,4:30am,EUR,German Buba President Weidmann Speaks,Medium,,,,2018-03-26 04:30:00
2018-03-26,11:30am,USD,FOMC Member Dudley Speaks,Medium,,,,2018-03-26 11:30:00
2018-03-26,3:30pm,USD,FOMC Member Mester Speaks,Medium,,,,2018-03-26 15:30:00
2018-03-26,6:10pm,USD,FOMC Member Quarles Speaks,Medium,,,,2018-03-26 18:10:00
2018-03-26,6:50pm,JPY,SPPI y/y,Non-economic,0.6%,0.7%,0.7%,2018-03-26 18:50:00
2018-03-26,7:45pm,AUD,RBA Assist Gov Kent Speaks,Medium,,,,2018-03-26 19:45:00
2018-03-26,8:15pm,AUD,HIA New Home Sales m/m,Non-economic,-0.7%,,-2.1%,2018-03-26 20:15:00
2018-03-27,12:00am,JPY,BOJ Core CPI y/y,Non-economic,0.8%,0.7%,0.8%,2018-03-27 00:00:00
2018-03-27,1:00am,EUR,German Import Prices m/m,Non-economic,-0.6%,-0.3%,0.5%,2018-03-27 01:00:00
2018-03-27,2:00am,EUR,Spanish Flash CPI y/y,Medium,1.2%,1.5%,1.1%,2018-03-27 02:00:00
2018-03-27,3:00am,EUR,M3 Money Supply y/y,Medium,4.2%,4.6%,4.5%,2018-03-27 03:00:00
2018-03-27,3:00am,EUR,Private Loans y/y,Non-economic,2.9%,3.0%,2.9%,2018-03-27 03:00:00
2018-03-27,3:30am,GBP,FPC Meeting Minutes,Non-economic,,,,2018-03-27 03:30:00
2018-03-27,8:00am,USD,S&P/CS Composite-20 HPI y/y,Non-economic,6.4%,6.1%,6.3%,2018-03-27 08:00:00
2018-03-27,9:00am,USD,CB Consumer Confidence,High,127.7,131.2,130.0,2018-03-27 09:00:00
2018-03-27,9:00am,USD,Richmond Manufacturing Index,Non-economic,15,23,28,2018-03-27 09:00:00
2018-03-27,10:00am,USD,FOMC Member Bostic Speaks,Medium,,,,2018-03-27 10:00:00
2018-03-27,3:30pm,USD,API Weekly Statistical Bulletin,Non-economic,,,,2018-03-27 15:30:00
2018-03-27,7:00pm,NZD,ANZ Business Confidence,High,-20.0,,-19.0,2018-03-27 19:00:00
2018-03-28,1:00am,EUR,German GfK Consumer Climate,Non-economic,10.9,10.7,10.8,2018-03-28 01:00:00
2018-03-28,3:00am,CHF,UBS Economic Expectations,Medium,16.7,,25.8,2018-03-28 03:00:00
2018-03-28,4:21am,EUR,Italian 10-y Bond Auction,Non-economic,1.83|1.3,,2.06|1.4,2018-03-28 04:21:00
2018-03-28,5:00am,GBP,CBI Realized Sales,Non-economic,-8,7,8,2018-03-28 05:00:00
2018-03-28,7:30am,USD,Final GDP q/q,High,2.9%,2.7%,2.5%,2018-03-28 07:30:00
2018-03-28,7:30am,USD,Final GDP Price Index q/q,Non-economic,2.3%,2.3%,2.3%,2018-03-28 07:30:00
2018-03-28,7:30am,USD,Goods Trade Balance,Non-economic,-75.4B,-74.4B,-75.3B,2018-03-28 07:30:00
2018-03-28,7:30am,USD,Prelim Wholesale Inventories m/m,Non-economic,1.1%,0.6%,0.8%,2018-03-28 07:30:00
2018-03-28,9:00am,USD,Pending Home Sales m/m,Non-economic,3.1%,2.1%,-5.0%,2018-03-28 09:00:00
2018-03-28,9:30am,USD,Crude Oil Inventories,High,1.6M,0.5M,-2.6M,2018-03-28 09:30:00
2018-03-28,11:00am,USD,FOMC Member Bostic Speaks,Medium,,,,2018-03-28 11:00:00
2018-03-28,4:45pm,NZD,Building Consents m/m,Non-economic,5.7%,,0.0%,2018-03-28 16:45:00
2018-03-28,6:01pm,GBP,GfK Consumer Confidence,Non-economic,-7,-10,-10,2018-03-28 18:01:00
2018-03-28,6:50pm,JPY,Retail Sales y/y,Non-economic,1.6%,1.7%,1.5%,2018-03-28 18:50:00
2018-03-28,7:30pm,AUD,Private Sector Credit m/m,Non-economic,0.4%,0.3%,0.2%,2018-03-28 19:30:00
2018-03-29,1:00am,GBP,Nationwide HPI m/m,Non-economic,-0.2%,0.2%,-0.4%,2018-03-29 01:00:00
2018-03-29,All Day,EUR,German Prelim CPI m/m,Medium,0.4%,0.5%,0.5%,2018-03-29 00:00:00
2018-03-29,2:00am,CHF,KOF Economic Barometer,Medium,106.0,107.3,108.4,2018-03-29 02:00:00
2018-03-29,2:55am,EUR,German Unemployment Change,Non-economic,-19K,-15K,-23K,2018-03-29 02:55:00
2018-03-29,3:30am,GBP,Current Account,High,-18.4B,-24.0B,-19.2B,2018-03-29 03:30:00
2018-03-29,3:30am,GBP,Final GDP q/q,Medium,0.4%,0.4%,0.4%,2018-03-29 03:30:00
2018-03-29,3:30am,GBP,Net Lending to Individuals m/m,Medium,5.4B,4.8B,4.8B,2018-03-29 03:30:00
2018-03-29,3:30am,GBP,Index of Services 3m/3m,Non-economic,0.6%,0.6%,0.4%,2018-03-29 03:30:00
2018-03-29,3:30am,GBP,M4 Money Supply m/m,Non-economic,-0.3%,1.3%,1.5%,2018-03-29 03:30:00
2018-03-29,3:30am,GBP,Mortgage Approvals,Non-economic,64K,66K,67K,2018-03-29 03:30:00
2018-03-29,3:30am,GBP,Revised Business Investment q/q,Non-economic,0.3%,0.0%,0.0%,2018-03-29 03:30:00
2018-03-29,7:30am,CAD,GDP m/m,High,-0.1%,0.1%,0.2%,2018-03-29 07:30:00
2018-03-29,7:30am,CAD,RMPI m/m,Medium,-0.3%,2.8%,3.4%,2018-03-29 07:30:00
2018-03-29,7:30am,CAD,IPPI m/m,Non-economic,0.1%,0.4%,0.4%,2018-03-29 07:30:00
2018-03-29,7:30am,USD,Core PCE Price Index m/m,Medium,0.2%,0.2%,0.3%,2018-03-29 07:30:00
2018-03-29,7:30am,USD,Personal Spending m/m,Medium,0.2%,0.2%,0.2%,2018-03-29 07:30:00
2018-03-29,7:30am,USD,Unemployment Claims,Medium,215K,230K,229K,2018-03-29 07:30:00
2018-03-29,7:30am,USD,Personal Income m/m,Non-economic,0.4%,0.4%,0.4%,2018-03-29 07:30:00
2018-03-29,8:45am,USD,Chicago PMI,Medium,57.4,62.1,61.9,2018-03-29 08:45:00
2018-03-29,9:00am,USD,Revised UoM Consumer Sentiment,Medium,101.4,101.9,102.0,2018-03-29 09:00:00
2018-03-29,9:00am,USD,Revised UoM Inflation Expectations,Non-economic,2.8%,,2.9%,2018-03-29 09:00:00
2018-03-29,9:30am,USD,Natural Gas Storage,Non-economic,-63B,-75B,-86B,2018-03-29 09:30:00
2018-03-29,All Day,NZD,Bank Holiday,Low,,,,2018-03-29 00:00:00
2018-03-29,All Day,AUD,Bank Holiday,Low,,,,2018-03-29 00:00:00
2018-03-29,6:30pm,JPY,Tokyo Core CPI y/y,Non-economic,0.8%,0.9%,0.9%,2018-03-29 18:30:00
2018-03-29,6:30pm,JPY,Unemployment Rate,Non-economic,2.5%,2.6%,2.4%,2018-03-29 18:30:00
2018-03-29,6:50pm,JPY,Prelim Industrial Production m/m,Non-economic,4.1%,5.1%,-6.8%,2018-03-29 18:50:00
2018-03-30,12:00am,JPY,Housing Starts y/y,Non-economic,-2.6%,-4.1%,-13.2%,2018-03-30 00:00:00
2018-03-30,All Day,CHF,Bank Holiday,Low,,,,2018-03-30 00:00:00
2018-03-30,All Day,EUR,German Bank Holiday,Low,,,,2018-03-30 00:00:00
2018-03-30,1:45am,EUR,French Consumer Spending m/m,Non-economic,2.4%,2.2%,-1.9%,2018-03-30 01:45:00
2018-03-30,1:45am,EUR,French Prelim CPI m/m,Non-economic,1.0%,0.8%,0.0%,2018-03-30 01:45:00
2018-03-30,All Day,GBP,Bank Holiday,Low,,,,2018-03-30 00:00:00
2018-03-30,4:00am,EUR,Italian Prelim CPI m/m,Non-economic,0.4%,0.1%,0.0%,2018-03-30 04:00:00
2018-03-30,All Day,CAD,Bank Holiday,Low,,,,2018-03-30 00:00:00
2018-03-30,8:00pm,CNY,Manufacturing PMI,Medium,51.5,50.5,50.3,2018-03-30 20:00:00
2018-03-30,8:00pm,CNY,Non-Manufacturing PMI,Medium,54.6,54.5,54.4,2018-03-30 20:00:00
2018-03-31,9:00am,NZD,Daylight Saving Time Shift,Low,,,,2018-03-31 09:00:00
2018-03-31,11:00am,AUD,Daylight Saving Time Shift,Low,,,,2018-03-31 11:00:00
2018-04-01,All Day,NZD,Bank Holiday,Low,,,,2018-04-01 00:00:00
2018-04-01,All Day,AUD,Bank Holiday,Low,,,,2018-04-01 00:00:00
2018-04-01,6:50pm,JPY,Tankan Manufacturing Index,Non-economic,24,25,25,2018-04-01 18:50:00
2018-04-01,6:50pm,JPY,Tankan Non-Manufacturing Index,Non-economic,23,24,23,2018-04-01 18:50:00
2018-04-01,7:30pm,JPY,Final Manufacturing PMI,Non-economic,53.1,53.2,53.2,2018-04-01 19:30:00
2018-04-01,8:00pm,AUD,MI Inflation Gauge m/m,Non-economic,0.1%,,-0.1%,2018-04-01 20:00:00
2018-04-01,8:45pm,CNY,RatingDog Manufacturing PMI,Medium,51.0,51.8,51.6,2018-04-01 20:45:00
2018-04-02,All Day,CHF,Bank Holiday,Low,,,,2018-04-02 00:00:00
2018-04-02,All Day,EUR,French Bank Holiday,Low,,,,2018-04-02 00:00:00
2018-04-02,All Day,EUR,German Bank Holiday,Low,,,,2018-04-02 00:00:00
2018-04-02,All Day,EUR,Italian Bank Holiday,Low,,,,2018-04-02 00:00:00
2018-04-02,All Day,GBP,Bank Holiday,Low,,,,2018-04-02 00:00:00
2018-04-02,8:30am,CAD,Manufacturing PMI,Non-economic,55.7,,55.6,2018-04-02 08:30:00
2018-04-02,8:45am,USD,Final Manufacturing PMI,Non-economic,55.6,55.7,55.7,2018-04-02 08:45:00
2018-04-02,9:00am,USD,ISM Manufacturing PMI,High,59.3,60.1,60.8,2018-04-02 09:00:00
2018-04-02,9:00am,USD,Construction Spending m/m,Non-economic,0.1%,0.4%,0.0%,2018-04-02 09:00:00
2018-04-02,9:00am,USD,ISM Manufacturing Prices,Non-economic,78.1,72.5,74.2,2018-04-02 09:00:00
2018-04-02,5:30pm,AUD,AIG Manufacturing Index,Non-economic,63.1,,57.5,2018-04-02 17:30:00
2018-04-02,6:50pm,JPY,Monetary Base y/y,Non-economic,9.1%,9.6%,9.4%,2018-04-02 18:50:00
2018-04-02,8:30pm,AUD,ANZ Job Advertisements m/m,Non-economic,0.0%,,-0.4%,2018-04-02 20:30:00
2018-04-02,10:45pm,JPY,10-y Bond Auction,Non-economic,0.03|4.2,,0.06|4.5,2018-04-02 22:45:00
2018-04-02,11:30pm,AUD,RBA Rate Statement,High,,,,2018-04-02 23:30:00
2018-04-02,11:30pm,AUD,Cash Rate,Medium,1.50%,1.50%,1.50%,2018-04-02 23:30:00
2018-04-03,1:00am,EUR,German Retail Sales m/m,Medium,-0.7%,0.7%,-0.3%,2018-04-03 01:00:00
2018-04-03,1:30am,AUD,Commodity Prices y/y,Non-economic,-2.1%,,-2.8%,2018-04-03 01:30:00
2018-04-03,2:00am,EUR,Spanish Unemployment Change,Non-economic,-47.7K,-47.5K,-6.3K,2018-04-03 02:00:00
2018-04-03,2:15am,CHF,Retail Sales y/y,Non-economic,-0.2%,-0.7%,-0.4%,2018-04-03 02:15:00
2018-04-03,2:15am,EUR,Spanish Manufacturing PMI,Non-economic,54.8,54.7,56.0,2018-04-03 02:15:00
2018-04-03,2:30am,CHF,Manufacturing PMI,Non-economic,60.3,64.3,65.5,2018-04-03 02:30:00
2018-04-03,2:45am,EUR,Italian Manufacturing PMI,Non-economic,55.1,55.6,56.8,2018-04-03 02:45:00
2018-04-03,2:50am,EUR,French Final Manufacturing PMI,Non-economic,53.7,53.6,53.6,2018-04-03 02:50:00
2018-04-03,2:55am,EUR,German Final Manufacturing PMI,Non-economic,58.2,58.4,58.4,2018-04-03 02:55:00
2018-04-03,3:00am,EUR,Final Manufacturing PMI,Non-economic,56.6,56.6,56.6,2018-04-03 03:00:00
2018-04-03,3:30am,GBP,Final Manufacturing PMI,High,55.1,54.8,55.0,2018-04-03 03:30:00
2018-04-03,9:05am,USD,RCM/TIPP Economic Optimism,Non-economic,52.6,55.2,55.6,2018-04-03 09:05:00
2018-04-03,9:33am,NZD,GDT Price Index,Medium,-0.6%,,-1.2%,2018-04-03 09:33:00
2018-04-03,All Day,USD,Total Vehicle Sales,Non-economic,17.5M,16.9M,17.1M,2018-04-03 00:00:00
2018-04-03,All Day,USD,Wards Total Vehicle Sales,Non-economic,17.4M,16.9M,17.0M,2018-04-03 00:00:00
2018-04-03,3:30pm,USD,FOMC Member Brainard Speaks,Medium,,,,2018-04-03 15:30:00
2018-04-03,3:30pm,USD,API Weekly Statistical Bulletin,Non-economic,,,,2018-04-03 15:30:00
2018-04-03,6:01pm,GBP,BRC Shop Price Index y/y,Non-economic,-1.0%,,-0.8%,2018-04-03 18:01:00
2018-04-03,8:30pm,AUD,Retail Sales m/m,High,0.6%,0.3%,0.2%,2018-04-03 20:30:00
2018-04-03,8:30pm,AUD,Building Approvals m/m,Medium,-6.2%,-5.1%,17.2%,2018-04-03 20:30:00
2018-04-03,8:45pm,CNY,RatingDog Services PMI,Medium,52.3,54.5,54.2,2018-04-03 20:45:00
2018-04-04,3:00am,EUR,Italian Monthly Unemployment Rate,Non-economic,10.9%,11.0%,11.1%,2018-04-04 03:00:00
2018-04-04,3:30am,GBP,Construction PMI,High,47.0,50.9,51.4,2018-04-04 03:30:00
2018-04-04,4:00am,EUR,Core CPI Flash Estimate y/y,Medium,1.0%,1.1%,1.0%,2018-04-04 04:00:00
2018-04-04,4:00am,EUR,CPI Flash Estimate y/y,Medium,1.4%,1.4%,1.1%,2018-04-04 04:00:00
2018-04-04,4:00am,EUR,Unemployment Rate,Non-economic,8.5%,8.5%,8.6%,2018-04-04 04:00:00
2018-04-04,7:15am,USD,ADP Non-Farm Employment Change,High,241K,208K,246K,2018-04-04 07:15:00
2018-04-04,8:45am,USD,Final Services PMI,Non-economic,54.0,54.3,54.1,2018-04-04 08:45:00
2018-04-04,9:00am,USD,ISM Services PMI,High,58.8,59.0,59.5,2018-04-04 09:00:00
2018-04-04,9:00am,USD,Factory Orders m/m,Non-economic,1.2%,1.7%,-1.3%,2018-04-04 09:00:00
2018-04-04,9:30am,USD,Crude Oil Inventories,High,-4.6M,1.4M,1.6M,2018-04-04 09:30:00
2018-04-04,10:00am,USD,FOMC Member Mester Speaks,Medium,,,,2018-04-04 10:00:00
2018-04-04,5:30pm,AUD,AIG Services Index,Non-economic,56.9,,54.0,2018-04-04 17:30:00
2018-04-04,All Day,CNY,Bank Holiday,Low,,,,2018-04-04 00:00:00
2018-04-04,8:00pm,NZD,ANZ Commodity Prices m/m,Non-economic,1.2%,,2.8%,2018-04-04 20:00:00
2018-04-04,8:30pm,AUD,Goods Trade Balance,High,0.83B,0.68B,0.95B,2018-04-04 20:30:00
2018-04-05,1:00am,EUR,German Factory Orders m/m,Non-economic,0.3%,1.6%,-3.5%,2018-04-05 01:00:00
2018-04-05,2:15am,CHF,CPI m/m,Non-economic,0.4%,0.2%,0.4%,2018-04-05 02:15:00
2018-04-05,2:15am,EUR,Spanish Services PMI,Non-economic,56.2,56.2,57.3,2018-04-05 02:15:00
2018-04-05,2:45am,EUR,Italian Services PMI,Non-economic,52.6,53.9,55.0,2018-04-05 02:45:00
2018-04-05,2:50am,EUR,French Final Services PMI,Non-economic,56.9,56.8,56.8,2018-04-05 02:50:00
2018-04-05,2:55am,EUR,German Final Services PMI,Non-economic,53.9,54.2,54.2,2018-04-05 02:55:00
2018-04-05,3:00am,EUR,Final Services PMI,Non-economic,54.9,55.0,55.0,2018-04-05 03:00:00
2018-04-05,3:30am,GBP,Final Services PMI,High,51.7,53.9,54.5,2018-04-05 03:30:00
2018-04-05,3:57am,EUR,Spanish 10-y Bond Auction,Non-economic,1.15|1.5,,1.36|1.3,2018-04-05 03:57:00
2018-04-05,4:00am,EUR,PPI m/m,Non-economic,0.1%,0.0%,0.4%,2018-04-05 04:00:00
2018-04-05,4:00am,EUR,Retail Sales m/m,Non-economic,0.1%,0.6%,-0.3%,2018-04-05 04:00:00
2018-04-05,4:03am,EUR,French 10-y Bond Auction,Non-economic,0.74|1.9,,0.90|1.9,2018-04-05 04:03:00
2018-04-05,6:30am,USD,Challenger Job Cuts y/y,Non-economic,39.4%,,-4.3%,2018-04-05 06:30:00
2018-04-05,7:30am,CAD,Trade Balance,High,-2.7B,-2.1B,-1.9B,2018-04-05 07:30:00
2018-04-05,7:30am,USD,Unemployment Claims,Medium,242K,225K,218K,2018-04-05 07:30:00
2018-04-05,7:30am,USD,Trade Balance,Non-economic,-57.6B,-56.9B,-56.7B,2018-04-05 07:30:00
2018-04-05,9:30am,USD,Natural Gas Storage,Non-economic,-29B,-29B,-63B,2018-04-05 09:30:00
2018-04-05,11:00am,CHF,Gov Board Member Maechler Speaks,Medium,,,,2018-04-05 11:00:00
2018-04-05,12:00pm,USD,FOMC Member Bostic Speaks,Medium,,,,2018-04-05 12:00:00
2018-04-05,6:30pm,JPY,Household Spending y/y,Non-economic,-0.9%,0.3%,1.9%,2018-04-05 18:30:00
2018-04-05,7:00pm,JPY,Average Cash Earnings y/y,Non-economic,1.3%,0.5%,1.2%,2018-04-05 19:00:00
2018-04-05,All Day,CNY,Bank Holiday,Low,,,,2018-04-05 00:00:00
2018-04-06,12:00am,JPY,Leading Indicators,Non-economic,105.8%,105.5%,105.6%,2018-04-06 00:00:00
2018-04-06,1:00am,EUR,German Industrial Production m/m,Non-economic,-1.6%,0.2%,0.1%,2018-04-06 01:00:00
2018-04-06,1:45am,EUR,French Gov Budget Balance,Non-economic,-28.5B,,-10.8B,2018-04-06 01:45:00
2018-04-06,1:45am,EUR,French Trade Balance,Non-economic,-5.2B,-5.3B,-5.4B,2018-04-06 01:45:00
2018-04-06,2:00am,CHF,Foreign Currency Reserves,Non-economic,738B,,732B,2018-04-06 02:00:00
2018-04-06,3:10am,EUR,Retail PMI,Non-economic,50.1,,52.3,2018-04-06 03:10:00
2018-04-06,3:30am,GBP,Housing Equity Withdrawal q/q,Non-economic,-6.7B,-6.7B,-6.3B,2018-04-06 03:30:00
2018-04-06,7:30am,CAD,Employment Change,High,32.3K,20.1K,15.4K,2018-04-06 07:30:00
2018-04-06,7:30am,CAD,Unemployment Rate,High,5.8%,5.8%,5.8%,2018-04-06 07:30:00
2018-04-06,7:30am,USD,Average Hourly Earnings m/m,High,0.3%,0.3%,0.1%,2018-04-06 07:30:00
2018-04-06,7:30am,USD,Non-Farm Employment Change,High,103K,188K,326K,2018-04-06 07:30:00
2018-04-06,7:30am,USD,Unemployment Rate,High,4.1%,4.0%,4.1%,2018-04-06 07:30:00
2018-04-06,9:00am,CAD,Ivey PMI,Medium,59.8,60.2,59.6,2018-04-06 09:00:00
2018-04-06,10:15am,GBP,BOE Gov Carney Speaks,High,,,,2018-04-06 10:15:00
2018-04-06,12:30pm,USD,Fed Chairman Powell Speaks,High,,,,2018-04-06 12:30:00
2018-04-06,2:00pm,USD,Consumer Credit m/m,Non-economic,10.6B,15.3B,15.6B,2018-04-06 14:00:00
2018-04-08,5:30pm,AUD,AIG Construction Index,Non-economic,57.2,,56.0,2018-04-08 17:30:00
2018-04-08,6:50pm,JPY,Current Account,Non-economic,1.02T,1.39T,2.02T,2018-04-08 18:50:00
2018-04-09,12:03am,JPY,Consumer Confidence,Non-economic,44.3,44.6,44.3,2018-04-09 00:03:00
2018-04-09,12:45am,CHF,Unemployment Rate,Non-economic,2.9%,2.9%,2.9%,2018-04-09 00:45:00
2018-04-09,1:00am,EUR,German Trade Balance,Non-economic,19.2B,23.1B,21.5B,2018-04-09 01:00:00
2018-04-09,1:00am,JPY,Economy Watchers Sentiment,Non-economic,48.9,48.1,48.6,2018-04-09 01:00:00
2018-04-09,2:30am,GBP,Halifax HPI m/m,Medium,1.5%,0.1%,0.5%,2018-04-09 02:30:00
2018-04-09,3:30am,EUR,Sentix Investor Confidence,Non-economic,19.6,21.2,24.0,2018-04-09 03:30:00
2018-04-09,9:30am,CAD,BOC Business Outlook Survey,High,,,,2018-04-09 09:30:00
2018-04-09,5:00pm,NZD,NZIER Business Confidence,Medium,-11,,-12,2018-04-09 17:00:00
2018-04-09,6:01pm,GBP,BRC Retail Sales Monitor y/y,Non-economic,1.4%,,0.6%,2018-04-09 18:01:00
2018-04-09,8:30pm,AUD,NAB Business Confidence,Medium,7,,9,2018-04-09 20:30:00
2018-04-10,12:57am,JPY,Prelim Machine Tool Orders y/y,Non-economic,28.1%,,39.5%,2018-04-10 00:57:00
2018-04-10,1:45am,EUR,French Industrial Production m/m,Non-economic,1.2%,1.5%,-1.8%,2018-04-10 01:45:00
2018-04-10,3:00am,EUR,Italian Industrial Production m/m,Non-economic,-0.5%,1.0%,-1.8%,2018-04-10 03:00:00
2018-04-10,4:00am,GBP,MPC Member Haldane Speaks,Medium,,,,2018-04-10 04:00:00
2018-04-10,5:00am,USD,NFIB Small Business Index,Non-economic,104.7,107.0,107.6,2018-04-10 05:00:00
2018-04-10,7:13am,CAD,Housing Starts,Non-economic,225K,219K,231K,2018-04-10 07:13:00
2018-04-10,7:30am,CAD,Building Permits m/m,Medium,-2.6%,-1.5%,5.2%,2018-04-10 07:30:00
2018-04-10,7:30am,USD,PPI m/m,High,0.3%,0.1%,0.2%,2018-04-10 07:30:00
2018-04-10,7:30am,USD,Core PPI m/m,Medium,0.3%,0.2%,0.2%,2018-04-10 07:30:00
2018-04-10,9:00am,USD,Final Wholesale Inventories m/m,Non-economic,1.0%,0.8%,1.1%,2018-04-10 09:00:00
2018-04-10,3:30pm,USD,API Weekly Statistical Bulletin,Non-economic,,,,2018-04-10 15:30:00
2018-04-10,6:50pm,JPY,Bank Lending y/y,Non-economic,2.0%,2.1%,2.1%,2018-04-10 18:50:00
2018-04-10,6:50pm,JPY,Core Machinery Orders m/m,Non-economic,2.1%,-2.6%,8.2%,2018-04-10 18:50:00
2018-04-10,6:50pm,JPY,PPI y/y,Non-economic,2.1%,2.1%,2.6%,2018-04-10 18:50:00
2018-04-10,7:30pm,AUD,Westpac Consumer Sentiment,Non-economic,-0.6%,,0.2%,2018-04-10 19:30:00
2018-04-10,8:30pm,CNY,CPI y/y,Medium,2.1%,2.6%,2.9%,2018-04-10 20:30:00
2018-04-10,8:30pm,CNY,PPI y/y,Medium,3.1%,3.2%,3.7%,2018-04-10 20:30:00
2018-04-11,12:00am,AUD,RBA Gov Lowe Speaks,High,,,,2018-04-11 00:00:00
2018-04-11,3:00am,EUR,Italian Retail Sales m/m,Non-economic,0.4%,0.3%,-0.5%,2018-04-11 03:00:00
2018-04-11,3:30am,GBP,Manufacturing Production m/m,High,-0.2%,0.2%,0.0%,2018-04-11 03:30:00
2018-04-11,3:30am,GBP,Goods Trade Balance,Medium,-10.2B,-12.0B,-12.2B,2018-04-11 03:30:00
2018-04-11,3:30am,GBP,Construction Output m/m,Non-economic,-1.6%,0.7%,-3.1%,2018-04-11 03:30:00
2018-04-11,3:30am,GBP,Industrial Production m/m,Non-economic,0.1%,0.4%,1.3%,2018-04-11 03:30:00
2018-04-11,4:34am,EUR,German 30-y Bond Auction,Non-economic,1.12|1.0,,1.27|1.1,2018-04-11 04:34:00
2018-04-11,6:08am,GBP,NIESR GDP Estimate,Non-economic,0.2%,,0.1%,2018-04-11 06:08:00
2018-04-11,6:10am,EUR,ECB President Draghi Speaks,Medium,,,,2018-04-11 06:10:00
2018-04-11,7:30am,USD,Core CPI m/m,High,0.2%,0.2%,0.2%,2018-04-11 07:30:00
2018-04-11,7:30am,USD,CPI m/m,High,-0.1%,0.0%,0.2%,2018-04-11 07:30:00
2018-04-11,7:30am,USD,CPI y/y,High,2.4%,2.4%,2.2%,2018-04-11 07:30:00
2018-04-11,9:30am,USD,Crude Oil Inventories,High,3.3M,-0.6M,-4.6M,2018-04-11 09:30:00
2018-04-11,12:01pm,USD,10-y Bond Auction,Non-economic,2.80|2.5,,2.89|2.5,2018-04-11 12:01:00
2018-04-11,1:00pm,USD,FOMC Meeting Minutes,High,,,,2018-04-11 13:00:00
2018-04-11,1:00pm,USD,Federal Budget Balance,Non-economic,-208.7B,-191.0B,-215.2B,2018-04-11 13:00:00
2018-04-11,6:00pm,NZD,RBNZ Assist Gov McDermott Speaks,Medium,,,,2018-04-11 18:00:00
2018-04-11,6:01pm,GBP,RICS House Price Balance,Non-economic,0%,2%,0%,2018-04-11 18:01:00
2018-04-11,6:50pm,JPY,M2 Money Stock y/y,Non-economic,3.2%,3.2%,3.2%,2018-04-11 18:50:00
2018-04-11,7:30pm,JPY,BOJ Gov Kuroda Speaks,High,,,,2018-04-11 19:30:00
2018-04-11,8:00pm,AUD,MI Inflation Expectations,Non-economic,3.6%,,3.7%,2018-04-11 20:00:00
2018-04-11,8:30pm,AUD,Home Loans m/m,Non-economic,-0.2%,-0.3%,-1.0%,2018-04-11 20:30:00
2018-04-11,9:00pm,CNY,Foreign Direct Investment ytd/y,Non-economic,0.5%,,0.5%,2018-04-11 21:00:00
2018-04-11,10:45pm,JPY,30-y Bond Auction,Non-economic,0.71|4.3,,0.75|4.2,2018-04-11 22:45:00
2018-04-12,1:30am,GBP,MPC Member Broadbent Speaks,Medium,,,,2018-04-12 01:30:00
2018-04-12,1:45am,EUR,French Final CPI m/m,Non-economic,1.0%,1.0%,1.0%,2018-04-12 01:45:00
2018-04-12,3:30am,GBP,BOE Credit Conditions Survey,Medium,,,,2018-04-12 03:30:00
2018-04-12,4:00am,EUR,Industrial Production m/m,Non-economic,-0.8%,0.1%,-0.6%,2018-04-12 04:00:00
2018-04-12,6:30am,EUR,ECB Monetary Policy Meeting Accounts,High,,,,2018-04-12 06:30:00
2018-04-12,7:30am,CAD,NHPI m/m,Medium,-0.2%,0.1%,0.0%,2018-04-12 07:30:00
2018-04-12,7:30am,USD,Unemployment Claims,Medium,233K,231K,242K,2018-04-12 07:30:00
2018-04-12,7:30am,USD,Import Prices m/m,Non-economic,0.0%,0.2%,0.3%,2018-04-12 07:30:00
2018-04-12,9:30am,USD,Natural Gas Storage,Non-economic,-19B,-11B,-29B,2018-04-12 09:30:00
2018-04-12,11:00am,EUR,German Buba President Weidmann Speaks,Medium,,,,2018-04-12 11:00:00
2018-04-12,12:01pm,USD,30-y Bond Auction,Non-economic,3.04|2.4,,3.11|2.4,2018-04-12 12:01:00
2018-04-12,2:00pm,GBP,BOE Gov Carney Speaks,High,,,,2018-04-12 14:00:00
2018-04-12,5:30pm,NZD,BusinessNZ Manufacturing Index,Medium,52.2,,53.3,2018-04-12 17:30:00
2018-04-12,8:30pm,AUD,RBA Financial Stability Review,Medium,,,,2018-04-12 20:30:00
2018-04-12,10:09pm,CNY,Trade Balance,Medium,-30B,179B,225B,2018-04-12 22:09:00
2018-04-12,10:10pm,CNY,USD-Denominated Trade Balance,Non-economic,-5.0B,27.1B,33.7B,2018-04-12 22:10:00
2018-04-13,1:00am,EUR,German Final CPI m/m,Non-economic,0.4%,0.4%,0.4%,2018-04-13 01:00:00
2018-04-13,3:00am,CNY,M2 Money Supply y/y,Non-economic,8.2%,8.9%,8.8%,2018-04-13 03:00:00
2018-04-13,3:00am,CNY,New Loans,Non-economic,1120B,1326B,839B,2018-04-13 03:00:00
2018-04-13,4:00am,EUR,Trade Balance,Non-economic,21.0B,20.2B,20.2B,2018-04-13 04:00:00
2018-04-13,9:00am,USD,Prelim UoM Consumer Sentiment,Medium,97.8,100.6,101.4,2018-04-13 09:00:00
2018-04-13,9:00am,USD,JOLTS Job Openings,Non-economic,6.05M,6.11M,6.23M,2018-04-13 09:00:00
2018-04-13,9:00am,USD,Prelim UoM Inflation Expectations,Non-economic,2.7%,,2.8%,2018-04-13 09:00:00
2018-04-13,4:00pm,USD,Treasury Currency Report,Medium,,,,2018-04-13 16:00:00
2018-04-15,5:30pm,NZD,BusinessNZ Services Index,Non-economic,58.8,,55.3,2018-04-15 17:30:00
2018-04-15,5:45pm,NZD,FPI m/m,Non-economic,1.0%,,-0.5%,2018-04-15 17:45:00
2018-04-15,6:01pm,GBP,Rightmove HPI m/m,Non-economic,0.4%,,1.5%,2018-04-15 18:01:00
2018-04-16,12:52am,EUR,German WPI m/m,Non-economic,0.0%,0.4%,-0.3%,2018-04-16 00:52:00
2018-04-16,2:15am,CHF,PPI m/m,Medium,-0.2%,0.4%,0.3%,2018-04-16 02:15:00
2018-04-16,7:30am,USD,Core Retail Sales m/m,High,0.2%,0.2%,0.2%,2018-04-16 07:30:00
2018-04-16,7:30am,USD,Retail Sales m/m,High,0.6%,0.4%,-0.1%,2018-04-16 07:30:00
2018-04-16,7:30am,USD,Empire State Manufacturing Index,Medium,15.8,19.8,22.5,2018-04-16 07:30:00
2018-04-16,8:30am,GBP,CB Leading Index m/m,Non-economic,-0.4%,,0.0%,2018-04-16 08:30:00
2018-04-16,9:00am,USD,Business Inventories m/m,Non-economic,0.6%,0.6%,0.6%,2018-04-16 09:00:00
2018-04-16,9:00am,USD,NAHB Housing Market Index,Non-economic,69,71,70,2018-04-16 09:00:00
2018-04-16,12:15pm,USD,FOMC Member Bostic Speaks,Medium,,,,2018-04-16 12:15:00
2018-04-16,3:00pm,USD,TIC Long-Term Purchases,Non-economic,49.0B,52.3B,61.4B,2018-04-16 15:00:00
2018-04-16,8:30pm,AUD,Monetary Policy Meeting Minutes,High,,,,2018-04-16 20:30:00
2018-04-16,9:00pm,CNY,GDP q/y,High,6.8%,6.8%,6.8%,2018-04-16 21:00:00
2018-04-16,9:00pm,CNY,Fixed Asset Investment ytd/y,Medium,7.5%,7.7%,7.9%,2018-04-16 21:00:00
2018-04-16,9:00pm,CNY,Industrial Production y/y,Medium,6.0%,6.4%,7.2%,2018-04-16 21:00:00
2018-04-16,9:00pm,CNY,NBS Press Conference,Medium,,,,2018-04-16 21:00:00
2018-04-16,9:00pm,CNY,Retail Sales y/y,Non-economic,10.1%,9.7%,9.7%,2018-04-16 21:00:00
2018-04-16,9:00pm,CNY,Unemployment Rate,Non-economic,5.1%,,5.0%,2018-04-16 21:00:00
2018-04-16,11:30pm,JPY,Revised Industrial Production m/m,Non-economic,2.0%,4.0%,4.1%,2018-04-16 23:30:00
2018-04-17,3:30am,GBP,Average Earnings Index 3m/y,High,2.8%,3.0%,2.8%,2018-04-17 03:30:00
2018-04-17,3:30am,GBP,Claimant Count Change,Medium,11.6K,13.3K,15.1K,2018-04-17 03:30:00
2018-04-17,3:30am,GBP,Unemployment Rate,Medium,4.2%,4.3%,4.3%,2018-04-17 03:30:00
2018-04-17,4:00am,EUR,German ZEW Economic Sentiment,Medium,-8.2,-0.8,5.1,2018-04-17 04:00:00
2018-04-17,4:00am,EUR,Italian Trade Balance,Non-economic,3.10B,2.23B,-0.09B,2018-04-17 04:00:00
2018-04-17,4:00am,EUR,ZEW Economic Sentiment,Non-economic,1.9,7.3,13.4,2018-04-17 04:00:00
2018-04-17,7:30am,CAD,Foreign Securities Purchases,Medium,3.96B,7.24B,5.63B,2018-04-17 07:30:00
2018-04-17,7:30am,CAD,Manufacturing Sales m/m,Medium,1.9%,1.0%,-1.3%,2018-04-17 07:30:00
2018-04-17,7:30am,USD,Building Permits,High,1.35M,1.33M,1.32M,2018-04-17 07:30:00
2018-04-17,7:30am,USD,Housing Starts,Medium,1.32M,1.27M,1.30M,2018-04-17 07:30:00
2018-04-17,8:15am,USD,Capacity Utilization Rate,Medium,78.0%,77.9%,78.1%,2018-04-17 08:15:00
2018-04-17,8:15am,USD,FOMC Member Williams Speaks,Medium,,,,2018-04-17 08:15:00
2018-04-17,8:15am,USD,Industrial Production m/m,Medium,0.5%,0.3%,1.1%,2018-04-17 08:15:00
2018-04-17,9:00am,USD,FOMC Member Quarles Speaks,Medium,,,,2018-04-17 09:00:00
2018-04-17,9:26am,NZD,GDT Price Index,Medium,2.7%,,-0.6%,2018-04-17 09:26:00
2018-04-17,3:30pm,USD,API Weekly Statistical Bulletin,Non-economic,,,,2018-04-17 15:30:00
2018-04-17,4:40pm,USD,FOMC Member Bostic Speaks,Medium,,,,2018-04-17 16:40:00
2018-04-17,6:50pm,JPY,Trade Balance,Non-economic,0.12T,0.10T,-0.21T,2018-04-17 18:50:00
2018-04-17,7:30pm,AUD,MI Leading Index m/m,Non-economic,-0.2%,,0.4%,2018-04-17 19:30:00
2018-04-17,8:30pm,CNY,New Home Prices m/m,Non-economic,0.42%,,0.25%,2018-04-17 20:30:00
2018-04-18,3:30am,GBP,CPI y/y,High,2.5%,2.7%,2.7%,2018-04-18 03:30:00
2018-04-18,3:30am,GBP,PPI Input m/m,Medium,-0.1%,0.3%,-0.4%,2018-04-18 03:30:00
2018-04-18,3:30am,GBP,RPI y/y,Medium,3.3%,3.5%,3.6%,2018-04-18 03:30:00
2018-04-18,3:30am,GBP,Core CPI y/y,Non-economic,2.3%,2.5%,2.4%,2018-04-18 03:30:00
2018-04-18,3:30am,GBP,HPI y/y,Non-economic,4.4%,4.8%,4.7%,2018-04-18 03:30:00
2018-04-18,3:30am,GBP,PPI Output m/m,Non-economic,0.2%,0.1%,0.0%,2018-04-18 03:30:00
2018-04-18,4:00am,EUR,Final CPI y/y,Medium,1.3%,1.4%,1.4%,2018-04-18 04:00:00
2018-04-18,4:00am,EUR,Final Core CPI y/y,Non-economic,1.0%,1.0%,1.0%,2018-04-18 04:00:00
2018-04-18,4:32am,EUR,German 10-y Bond Auction,Non-economic,0.51|1.4,,0.60|1.3,2018-04-18 04:32:00
2018-04-18,9:00am,CAD,BOC Monetary Policy Report,High,,,,2018-04-18 09:00:00
2018-04-18,9:00am,CAD,BOC Rate Statement,High,,,,2018-04-18 09:00:00
2018-04-18,9:00am,CAD,Overnight Rate,High,1.25%,1.25%,1.25%,2018-04-18 09:00:00
2018-04-18,9:30am,USD,Crude Oil Inventories,High,-1.1M,-0.5M,3.3M,2018-04-18 09:30:00
2018-04-18,10:15am,CAD,BOC Press Conference,High,,,,2018-04-18 10:15:00
2018-04-18,1:00pm,USD,Beige Book,Non-economic,,,,2018-04-18 13:00:00
2018-04-18,2:15pm,USD,FOMC Member Dudley Speaks,Medium,,,,2018-04-18 14:15:00
2018-04-18,3:15pm,USD,FOMC Member Quarles Speaks,Medium,,,,2018-04-18 15:15:00
2018-04-18,5:45pm,NZD,CPI q/q,High,0.5%,0.4%,0.1%,2018-04-18 17:45:00
2018-04-18,8:30pm,AUD,Employment Change,High,4.9K,20.3K,-6.3K,2018-04-18 20:30:00
2018-04-18,8:30pm,AUD,Unemployment Rate,High,5.5%,5.5%,5.5%,2018-04-18 20:30:00
2018-04-18,8:30pm,AUD,NAB Quarterly Business Confidence,Non-economic,7,,7,2018-04-18 20:30:00
2018-04-19,3:00am,EUR,Current Account,Non-economic,35.1B,32.3B,39.0B,2018-04-19 03:00:00
2018-04-19,3:30am,GBP,Retail Sales m/m,High,-1.2%,-0.5%,0.8%,2018-04-19 03:30:00
2018-04-19,3:44am,EUR,Spanish 10-y Bond Auction,Non-economic,1.24|1.3,,1.15|1.5,2018-04-19 03:44:00
2018-04-19,4:36am,GBP,10-y Bond Auction,Non-economic,1.60|2.4,,1.58|2.6,2018-04-19 04:36:00
2018-04-19,7:00am,USD,FOMC Member Brainard Speaks,Medium,,,,2018-04-19 07:00:00
2018-04-19,7:30am,CAD,ADP Non-Farm Employment Change,Non-economic,42.8K,,16.2K,2018-04-19 07:30:00
2018-04-19,7:30am,USD,Philly Fed Manufacturing Index,Medium,23.2,20.8,22.3,2018-04-19 07:30:00
2018-04-19,7:30am,USD,Unemployment Claims,Medium,232K,230K,233K,2018-04-19 07:30:00
2018-04-19,8:30am,USD,FOMC Member Quarles Speaks,Medium,,,,2018-04-19 08:30:00
2018-04-19,9:00am,USD,CB Leading Index m/m,Non-economic,0.3%,0.3%,0.7%,2018-04-19 09:00:00
2018-04-19,9:30am,USD,Natural Gas Storage,Non-economic,-36B,-23B,-19B,2018-04-19 09:30:00
2018-04-19,11:30am,GBP,MPC Member Cunliffe Speaks,Medium,,,,2018-04-19 11:30:00
2018-04-19,5:45pm,USD,FOMC Member Mester Speaks,Medium,,,,2018-04-19 17:45:00
2018-04-19,6:30pm,JPY,National Core CPI y/y,Non-economic,0.9%,0.9%,1.0%,2018-04-19 18:30:00
2018-04-19,11:30pm,JPY,Tertiary Industry Activity m/m,Non-economic,0.0%,0.1%,-0.4%,2018-04-19 23:30:00
2018-04-20,1:00am,EUR,German PPI m/m,Non-economic,0.1%,0.2%,-0.1%,2018-04-20 01:00:00
2018-04-20,All Day,All,OPEC-JMMC Meetings,Medium,,,,2018-04-20 00:00:00
2018-04-20,4:30am,GBP,MPC Member Saunders Speaks,Medium,,,,2018-04-20 04:30:00
2018-04-20,6:30am,EUR,German Buba President Weidmann Speaks,Medium,,,,2018-04-20 06:30:00
2018-04-20,7:30am,CAD,Core Retail Sales m/m,High,0.0%,0.4%,1.0%,2018-04-20 07:30:00
2018-04-20,7:30am,CAD,CPI m/m,High,0.3%,0.4%,0.6%,2018-04-20 07:30:00
2018-04-20,7:30am,CAD,Common CPI y/y,Medium,1.9%,,1.9%,2018-04-20 07:30:00
2018-04-20,7:30am,CAD,Median CPI y/y,Medium,2.1%,,2.1%,2018-04-20 07:30:00
2018-04-20,7:30am,CAD,Retail Sales m/m,Medium,0.4%,0.4%,0.1%,2018-04-20 07:30:00
2018-04-20,7:30am,CAD,Trimmed CPI y/y,Medium,2.0%,,2.1%,2018-04-20 07:30:00
2018-04-20,7:30am,CAD,Core CPI m/m,Non-economic,0.2%,,0.7%,2018-04-20 07:30:00
2018-04-20,9:00am,EUR,Consumer Confidence,Non-economic,0,0,0,2018-04-20 09:00:00
2018-04-20,Day 1,All,IMF Meetings,Non-economic,,,,2018-04-20 00:00:00
2018-04-20,10:15am,USD,FOMC Member Williams Speaks,Medium,,,,2018-04-20 10:15:00
2018-04-21,Day 2,All,IMF Meetings,Non-economic,,,,2018-04-21 00:00:00
2018-04-22,Day 3,All,IMF Meetings,Non-economic,,,,2018-04-22 00:00:00
2018-04-22,7:30pm,JPY,Flash Manufacturing PMI,Non-economic,53.3,53.4,53.1,2018-04-22 19:30:00
2018-04-22,10:00pm,NZD,Credit Card Spending y/y,Non-economic,7.2%,,7.0%,2018-04-22 22:00:00
2018-04-23,2:00am,EUR,French Flash Manufacturing PMI,Medium,53.4,53.4,53.7,2018-04-23 02:00:00
2018-04-23,2:00am,EUR,French Flash Services PMI,Medium,57.4,56.6,56.9,2018-04-23 02:00:00
2018-04-23,2:30am,EUR,German Flash Manufacturing PMI,Medium,58.1,57.6,58.2,2018-04-23 02:30:00
2018-04-23,2:30am,EUR,German Flash Services PMI,Medium,54.1,53.9,53.9,2018-04-23 02:30:00
2018-04-23,3:00am,EUR,Flash Manufacturing PMI,Medium,56.0,56.6,56.6,2018-04-23 03:00:00
2018-04-23,3:00am,EUR,Flash Services PMI,Medium,55.0,54.8,54.9,2018-04-23 03:00:00
2018-04-23,5:00am,EUR,German Buba Monthly Report,Non-economic,,,,2018-04-23 05:00:00
2018-04-23,7:30am,CAD,Wholesale Sales m/m,Non-economic,-0.8%,0.3%,0.3%,2018-04-23 07:30:00
2018-04-23,8:45am,USD,Flash Manufacturing PMI,Non-economic,56.5,55.2,55.6,2018-04-23 08:45:00
2018-04-23,8:45am,USD,Flash Services PMI,Non-economic,54.4,54.3,54.0,2018-04-23 08:45:00
2018-04-23,9:00am,USD,Existing Home Sales,Medium,5.60M,5.55M,5.54M,2018-04-23 09:00:00
2018-04-23,9:30am,AUD,CB Leading Index m/m,Non-economic,0.3%,,-0.3%,2018-04-23 09:30:00
2018-04-23,2:30pm,CAD,BOC Gov Poloz Speaks,High,,,,2018-04-23 14:30:00
2018-04-23,5:00pm,AUD,RBA Assist Gov Kent Speaks,Medium,,,,2018-04-23 17:00:00
2018-04-23,5:45pm,NZD,Visitor Arrivals m/m,Non-economic,-2.1%,,3.6%,2018-04-23 17:45:00
2018-04-23,6:50pm,JPY,SPPI y/y,Non-economic,0.5%,0.5%,0.7%,2018-04-23 18:50:00
2018-04-23,8:30pm,AUD,CPI m/m,High,0.4%,0.5%,0.6%,2018-04-23 20:30:00
2018-04-23,8:30pm,AUD,Trimmed Mean CPI m/m,High,0.5%,0.5%,0.4%,2018-04-23 20:30:00
2018-04-24,12:00am,JPY,BOJ Core CPI y/y,Non-economic,0.7%,0.7%,0.8%,2018-04-24 00:00:00
2018-04-24,1:00am,CHF,Trade Balance,Non-economic,1.77B,3.23B,3.08B,2018-04-24 01:00:00
2018-04-24,3:00am,EUR,German ifo Business Climate,Medium,102.1,102.7,103.3,2018-04-24 03:00:00
2018-04-24,3:30am,GBP,Public Sector Net Borrowing,Medium,-0.3B,1.1B,-0.4B,2018-04-24 03:30:00
2018-04-24,5:00am,GBP,CBI Industrial Order Expectations,Non-economic,4,4,4,2018-04-24 05:00:00
2018-04-24,7:58am,EUR,Belgian NBB Business Climate,Non-economic,1.0,-0.6,0.1,2018-04-24 07:58:00
2018-04-24,8:00am,USD,HPI m/m,Non-economic,0.6%,0.5%,0.9%,2018-04-24 08:00:00
2018-04-24,8:00am,USD,S&P/CS Composite-20 HPI y/y,Non-economic,6.8%,6.3%,6.4%,2018-04-24 08:00:00
2018-04-24,8:59am,USD,Richmond Manufacturing Index,Non-economic,-3,16,15,2018-04-24 08:59:00
2018-04-24,9:00am,USD,CB Consumer Confidence,High,128.7,126.0,127.0,2018-04-24 09:00:00
2018-04-24,9:00am,USD,New Home Sales,Non-economic,694K,625K,667K,2018-04-24 09:00:00
2018-04-24,3:30pm,USD,API Weekly Statistical Bulletin,Non-economic,,,,2018-04-24 15:30:00
2018-04-24,All Day,NZD,Bank Holiday,Low,,,,2018-04-24 00:00:00
2018-04-24,All Day,AUD,Bank Holiday,Low,,,,2018-04-24 00:00:00
2018-04-24,11:30pm,JPY,All Industries Activity m/m,Non-economic,0.4%,0.6%,-1.1%,2018-04-24 23:30:00
2018-04-25,All Day,EUR,Italian Bank Holiday,Low,,,,2018-04-25 00:00:00
2018-04-25,3:00am,CHF,UBS Economic Expectations,Non-economic,7.2,,16.7,2018-04-25 03:00:00
2018-04-25,8:00am,CNY,CB Leading Index m/m,Non-economic,1.7%,,1.2%,2018-04-25 08:00:00
2018-04-25,9:30am,USD,Crude Oil Inventories,High,2.2M,-1.6M,-1.1M,2018-04-25 09:30:00
2018-04-25,3:15pm,CAD,BOC Gov Poloz Speaks,High,,,,2018-04-25 15:15:00
2018-04-25,8:30pm,AUD,Import Prices q/q,Non-economic,2.1%,1.3%,2.0%,2018-04-25 20:30:00
2018-04-26,1:00am,EUR,German GfK Consumer Climate,Non-economic,10.8,10.9,10.9,2018-04-26 01:00:00
2018-04-26,2:00am,EUR,Spanish Unemployment Rate,Medium,16.7%,16.3%,16.6%,2018-04-26 02:00:00
2018-04-26,3:30am,GBP,High Street Lending,Non-economic,37.6K,37.1K,38.0K,2018-04-26 03:30:00
2018-04-26,5:00am,GBP,CBI Realized Sales,Non-economic,-2,-3,-8,2018-04-26 05:00:00
2018-04-26,6:45am,EUR,Main Refinancing Rate,High,0.00%,0.00%,0.00%,2018-04-26 06:45:00
2018-04-26,6:45am,EUR,Monetary Policy Statement,High,,,,2018-04-26 06:45:00
2018-04-26,7:30am,EUR,ECB Press Conference,High,,,,2018-04-26 07:30:00
2018-04-26,7:30am,USD,Core Durable Goods Orders m/m,High,0.0%,0.5%,1.0%,2018-04-26 07:30:00
2018-04-26,7:30am,USD,Durable Goods Orders m/m,Medium,2.6%,1.6%,3.0%,2018-04-26 07:30:00
2018-04-26,7:30am,USD,Unemployment Claims,Medium,209K,230K,233K,2018-04-26 07:30:00
2018-04-26,7:30am,USD,Goods Trade Balance,Non-economic,-68.0B,-74.8B,-75.9B,2018-04-26 07:30:00
2018-04-26,7:30am,USD,Prelim Wholesale Inventories m/m,Non-economic,0.5%,0.6%,1.0%,2018-04-26 07:30:00
2018-04-26,9:30am,USD,Natural Gas Storage,Non-economic,-18B,-11B,-36B,2018-04-26 09:30:00
2018-04-26,5:05pm,GBP,GfK Consumer Confidence,Non-economic,-9,-7,-7,2018-04-26 17:05:00
2018-04-26,5:45pm,NZD,Trade Balance,Medium,-86M,270M,172M,2018-04-26 17:45:00
2018-04-26,6:30pm,JPY,Tokyo Core CPI y/y,Non-economic,0.6%,0.8%,0.8%,2018-04-26 18:30:00
2018-04-26,6:30pm,JPY,Unemployment Rate,Non-economic,2.5%,2.5%,2.5%,2018-04-26 18:30:00
2018-04-26,6:50pm,JPY,Prelim Industrial Production m/m,Non-economic,1.2%,0.5%,2.0%,2018-04-26 18:50:00
2018-04-26,6:50pm,JPY,Retail Sales y/y,Non-economic,1.0%,1.5%,1.7%,2018-04-26 18:50:00
2018-04-26,8:30pm,AUD,PPI q/q,Non-economic,0.5%,0.4%,0.6%,2018-04-26 20:30:00
2018-04-26,10:03pm,JPY,BOJ Outlook Report,High,,,,2018-04-26 22:03:00
2018-04-26,10:03pm,JPY,Monetary Policy Statement,High,,,,2018-04-26 22:03:00
2018-04-26,10:03pm,JPY,BOJ Policy Rate,Medium,-0.10%,-0.10%,-0.10%,2018-04-26 22:03:00
2018-04-27,12:00am,JPY,Housing Starts y/y,Non-economic,-8.3%,-5.1%,-2.6%,2018-04-27 00:00:00
2018-04-27,12:30am,EUR,French Flash GDP q/q,Non-economic,0.3%,0.4%,0.7%,2018-04-27 00:30:00
2018-04-27,1:00am,EUR,German Import Prices m/m,Non-economic,0.0%,0.1%,-0.6%,2018-04-27 01:00:00
2018-04-27,1:00am,GBP,Nationwide HPI m/m,Non-economic,0.2%,0.2%,-0.2%,2018-04-27 01:00:00
2018-04-27,1:29am,JPY,BOJ Press Conference,High,,,,2018-04-27 01:29:00
2018-04-27,1:45am,EUR,French Consumer Spending m/m,Non-economic,0.1%,0.4%,2.5%,2018-04-27 01:45:00
2018-04-27,1:45am,EUR,French Prelim CPI m/m,Non-economic,0.1%,0.1%,1.0%,2018-04-27 01:45:00
2018-04-27,2:00am,EUR,Spanish Flash CPI y/y,Medium,1.1%,1.2%,1.2%,2018-04-27 02:00:00
2018-04-27,2:00am,EUR,Spanish Flash GDP q/q,Medium,0.7%,0.7%,0.7%,2018-04-27 02:00:00
2018-04-27,2:55am,EUR,German Unemployment Change,Non-economic,-7K,-15K,-18K,2018-04-27 02:55:00
2018-04-27,3:00am,CHF,SNB Chairman Jordan Speaks,High,,,,2018-04-27 03:00:00
2018-04-27,3:30am,GBP,Prelim GDP q/q,High,0.1%,0.3%,0.4%,2018-04-27 03:30:00
2018-04-27,3:30am,GBP,Index of Services 3m/3m,Non-economic,0.4%,0.6%,0.6%,2018-04-27 03:30:00
2018-04-27,4:15am,EUR,Italian 10-y Bond Auction,Non-economic,1.70|1.4,,1.83|1.3,2018-04-27 04:15:00
2018-04-27,All Day,EUR,Eurogroup Meetings,Non-economic,,,,2018-04-27 00:00:00
2018-04-27,7:30am,USD,Advance GDP q/q,High,2.3%,2.0%,2.9%,2018-04-27 07:30:00
2018-04-27,7:30am,USD,Advance GDP Price Index q/q,Medium,2.0%,2.2%,2.3%,2018-04-27 07:30:00
2018-04-27,7:30am,USD,Employment Cost Index q/q,Medium,0.8%,0.7%,0.6%,2018-04-27 07:30:00
2018-04-27,9:00am,GBP,BOE Gov Carney Speaks,High,,,,2018-04-27 09:00:00
2018-04-27,9:00am,USD,Revised UoM Consumer Sentiment,Medium,98.8,98.0,97.8,2018-04-27 09:00:00
2018-04-27,9:00am,USD,Revised UoM Inflation Expectations,Non-economic,2.7%,,2.7%,2018-04-27 09:00:00
2018-04-29,All Day,JPY,Bank Holiday,Low,,,,2018-04-29 00:00:00
2018-04-29,All Day,CNY,Bank Holiday,Low,,,,2018-04-29 00:00:00
2018-04-29,8:00pm,AUD,MI Inflation Gauge m/m,Non-economic,0.5%,,0.1%,2018-04-29 20:00:00
2018-04-29,8:00pm,CNY,Manufacturing PMI,Medium,51.4,51.3,51.5,2018-04-29 20:00:00
2018-04-29,8:00pm,CNY,Non-Manufacturing PMI,Medium,54.8,54.6,54.6,2018-04-29 20:00:00
2018-04-29,8:00pm,NZD,ANZ Business Confidence,High,-23.4,,-20.0,2018-04-29 20:00:00
2018-04-29,8:15pm,AUD,HIA New Home Sales m/m,Non-economic,-2.0%,,-0.7%,2018-04-29 20:15:00
2018-04-29,8:30pm,AUD,Private Sector Credit m/m,Non-economic,0.5%,0.4%,0.4%,2018-04-29 20:30:00
2018-04-30,1:00am,EUR,German Retail Sales m/m,Medium,-0.6%,0.8%,-0.2%,2018-04-30 01:00:00
2018-04-30,All Day,EUR,German Prelim CPI m/m,Medium,0.0%,-0.1%,0.4%,2018-04-30 00:00:00
2018-04-30,2:00am,CHF,KOF Economic Barometer,Medium,105.3,105.9,105.1,2018-04-30 02:00:00
2018-04-30,3:00am,EUR,M3 Money Supply y/y,Medium,3.7%,4.1%,4.2%,2018-04-30 03:00:00
2018-04-30,3:00am,EUR,Private Loans y/y,Non-economic,3.0%,2.9%,2.9%,2018-04-30 03:00:00
2018-04-30,4:00am,EUR,Italian Prelim CPI m/m,Non-economic,0.1%,0.2%,0.3%,2018-04-30 04:00:00
2018-04-30,All Day,EUR,ECOFIN Meetings,Non-economic,,,,2018-04-30 00:00:00
2018-04-30,7:30am,CAD,RMPI m/m,Medium,2.1%,0.6%,-0.4%,2018-04-30 07:30:00
2018-04-30,7:30am,CAD,IPPI m/m,Non-economic,0.8%,0.2%,0.3%,2018-04-30 07:30:00
2018-04-30,7:30am,USD,Core PCE Price Index m/m,Medium,0.2%,0.2%,0.2%,2018-04-30 07:30:00
2018-04-30,7:30am,USD,Personal Spending m/m,Medium,0.4%,0.4%,0.0%,2018-04-30 07:30:00
2018-04-30,7:30am,USD,Personal Income m/m,Non-economic,0.3%,0.4%,0.3%,2018-04-30 07:30:00
2018-04-30,8:45am,USD,Chicago PMI,Medium,57.6,58.2,57.4,2018-04-30 08:45:00
2018-04-30,9:00am,USD,Pending Home Sales m/m,Non-economic,0.4%,0.6%,2.8%,2018-04-30 09:00:00
2018-04-30,1:30pm,CAD,BOC Gov Poloz Speaks,High,,,,2018-04-30 13:30:00
2018-04-30,5:30pm,AUD,AIG Manufacturing Index,Non-economic,58.3,,63.1,2018-04-30 17:30:00
2018-04-30,5:45pm,NZD,Building Consents m/m,Non-economic,14.7%,,6.4%,2018-04-30 17:45:00
2018-04-30,All Day,CNY,Bank Holiday,Low,,,,2018-04-30 00:00:00
2018-04-30,7:30pm,JPY,Final Manufacturing PMI,Non-economic,53.8,53.3,53.3,2018-04-30 19:30:00
2018-04-30,11:30pm,AUD,RBA Rate Statement,High,,,,2018-04-30 23:30:00
2018-04-30,11:30pm,AUD,Cash Rate,Medium,1.50%,1.50%,1.50%,2018-04-30 23:30:00
2018-05-01,All Day,CHF,Bank Holiday,Low,,,,2018-05-01 00:00:00
2018-05-01,All Day,EUR,French Bank Holiday,Low,,,,2018-05-01 00:00:00
2018-05-01,All Day,EUR,German Bank Holiday,Low,,,,2018-05-01 00:00:00
2018-05-01,All Day,EUR,Italian Bank Holiday,Low,,,,2018-05-01 00:00:00
2018-05-01,1:30am,AUD,Commodity Prices y/y,Non-economic,-1.4%,,-2.8%,2018-05-01 01:30:00
2018-05-01,3:30am,GBP,Final Manufacturing PMI,High,53.9,54.8,54.9,2018-05-01 03:30:00
2018-05-01,3:30am,GBP,Net Lending to Individuals m/m,Medium,4.2B,4.9B,5.5B,2018-05-01 03:30:00
2018-05-01,3:30am,GBP,M4 Money Supply m/m,Non-economic,-1.4%,0.2%,-0.4%,2018-05-01 03:30:00
2018-05-01,3:30am,GBP,Mortgage Approvals,Non-economic,63K,63K,64K,2018-05-01 03:30:00
2018-05-01,5:20am,AUD,RBA Gov Lowe Speaks,High,,,,2018-05-01 05:20:00
2018-05-01,7:30am,CAD,GDP m/m,High,0.4%,0.3%,-0.1%,2018-05-01 07:30:00
2018-05-01,8:30am,CAD,Manufacturing PMI,Non-economic,55.5,,55.7,2018-05-01 08:30:00
2018-05-01,8:45am,USD,Final Manufacturing PMI,Non-economic,56.5,56.5,56.5,2018-05-01 08:45:00
2018-05-01,9:00am,USD,ISM Manufacturing PMI,High,57.3,58.4,59.3,2018-05-01 09:00:00
2018-05-01,9:00am,USD,Construction Spending m/m,Non-economic,-1.7%,0.5%,1.0%,2018-05-01 09:00:00
2018-05-01,9:00am,USD,ISM Manufacturing Prices,Non-economic,79.3,78.3,78.1,2018-05-01 09:00:00
2018-05-01,All Day,USD,Wards Total Vehicle Sales,Non-economic,17.1M,17.0M,17.4M,2018-05-01 00:00:00
2018-05-01,9:24am,NZD,GDT Price Index,Medium,-1.1%,,2.7%,2018-05-01 09:24:00
2018-05-01,All Day,USD,Total Vehicle Sales,Non-economic,17.2M,17.1M,17.5M,2018-05-01 00:00:00
2018-05-01,1:30pm,CAD,BOC Gov Poloz Speaks,High,,,,2018-05-01 13:30:00
2018-05-01,3:30pm,USD,API Weekly Statistical Bulletin,Non-economic,,,,2018-05-01 15:30:00
2018-05-01,5:45pm,NZD,Employment Change q/q,High,0.6%,0.5%,0.4%,2018-05-01 17:45:00
2018-05-01,5:45pm,NZD,Unemployment Rate,High,4.4%,4.4%,4.5%,2018-05-01 17:45:00
2018-05-01,5:45pm,NZD,Labor Cost Index q/q,Non-economic,0.3%,0.5%,0.4%,2018-05-01 17:45:00
2018-05-01,6:01pm,GBP,BRC Shop Price Index y/y,Non-economic,-1.0%,,-1.0%,2018-05-01 18:01:00
2018-05-01,6:50pm,JPY,Monetary Base y/y,Non-economic,7.8%,9.2%,9.1%,2018-05-01 18:50:00
2018-05-01,8:45pm,CNY,RatingDog Manufacturing PMI,Medium,51.1,50.9,51.0,2018-05-01 20:45:00
2018-05-02,12:02am,JPY,Consumer Confidence,Non-economic,43.6,44.6,44.3,2018-05-02 00:02:00
2018-05-02,12:45am,CHF,SECO Consumer Climate,Non-economic,2,5,5,2018-05-02 00:45:00
2018-05-02,2:15am,CHF,Retail Sales y/y,Non-economic,-1.8%,0.3%,-0.2%,2018-05-02 02:15:00
2018-05-02,2:15am,EUR,Spanish Manufacturing PMI,Non-economic,54.4,54.2,54.8,2018-05-02 02:15:00
2018-05-02,2:30am,CHF,Manufacturing PMI,Non-economic,63.6,59.9,60.3,2018-05-02 02:30:00
2018-05-02,2:45am,EUR,Italian Manufacturing PMI,Non-economic,53.5,54.4,55.1,2018-05-02 02:45:00
2018-05-02,2:50am,EUR,French Final Manufacturing PMI,Non-economic,53.8,53.4,53.4,2018-05-02 02:50:00
2018-05-02,2:55am,EUR,German Final Manufacturing PMI,Non-economic,58.1,58.1,58.1,2018-05-02 02:55:00
2018-05-02,3:00am,EUR,Final Manufacturing PMI,Non-economic,56.2,56.0,56.0,2018-05-02 03:00:00
2018-05-02,3:00am,EUR,Italian Monthly Unemployment Rate,Non-economic,11.0%,10.9%,11.0%,2018-05-02 03:00:00
2018-05-02,3:30am,GBP,Construction PMI,High,52.5,50.5,47.0,2018-05-02 03:30:00
2018-05-02,4:00am,EUR,Prelim Flash GDP q/q,Medium,0.4%,0.4%,0.6%,2018-05-02 04:00:00
2018-05-02,4:00am,EUR,Italian Prelim GDP q/q,Non-economic,0.3%,0.3%,0.3%,2018-05-02 04:00:00
2018-05-02,4:00am,EUR,Unemployment Rate,Non-economic,8.5%,8.5%,8.5%,2018-05-02 04:00:00
2018-05-02,7:15am,USD,ADP Non-Farm Employment Change,High,204K,200K,228K,2018-05-02 07:15:00
2018-05-02,9:30am,USD,Crude Oil Inventories,High,6.2M,1.0M,2.2M,2018-05-02 09:30:00
2018-05-02,10:30am,EUR,German Buba President Weidmann Speaks,Medium,,,,2018-05-02 10:30:00
2018-05-02,1:00pm,USD,Federal Funds Rate,High,1.75%,1.75%,1.75%,2018-05-02 13:00:00
2018-05-02,1:00pm,USD,FOMC Statement,High,,,,2018-05-02 13:00:00
2018-05-02,5:30pm,AUD,AIG Services Index,Non-economic,55.2,,56.9,2018-05-02 17:30:00
2018-05-02,All Day,JPY,Bank Holiday,Low,,,,2018-05-02 00:00:00
2018-05-02,8:00pm,NZD,ANZ Commodity Prices m/m,Non-economic,1.0%,,1.2%,2018-05-02 20:00:00
2018-05-02,8:30pm,AUD,Goods Trade Balance,High,1.53B,0.68B,1.35B,2018-05-02 20:30:00
2018-05-02,8:30pm,AUD,Building Approvals m/m,Medium,2.6%,1.1%,-4.2%,2018-05-02 20:30:00
2018-05-03,3:30am,GBP,Final Services PMI,High,52.8,53.5,51.7,2018-05-03 03:30:00
2018-05-03,3:47am,EUR,Spanish 10-y Bond Auction,Non-economic,1.29|2.0,,1.24|1.3,2018-05-03 03:47:00
2018-05-03,4:00am,EUR,Core CPI Flash Estimate y/y,Medium,0.7%,0.9%,1.0%,2018-05-03 04:00:00
2018-05-03,4:00am,EUR,CPI Flash Estimate y/y,Medium,1.2%,1.3%,1.3%,2018-05-03 04:00:00
2018-05-03,4:00am,EUR,EU Economic Forecasts,Medium,,,,2018-05-03 04:00:00
2018-05-03,4:00am,EUR,PPI m/m,Non-economic,0.1%,0.1%,0.0%,2018-05-03 04:00:00
2018-05-03,4:03am,EUR,French 10-y Bond Auction,Non-economic,0.81|1.9,,0.74|1.9,2018-05-03 04:03:00
2018-05-03,6:30am,USD,Challenger Job Cuts y/y,Non-economic,-1.4%,,39.4%,2018-05-03 06:30:00
2018-05-03,7:30am,CAD,Trade Balance,High,-4.1B,-2.3B,-2.9B,2018-05-03 07:30:00
2018-05-03,7:30am,USD,Prelim Nonfarm Productivity q/q,Medium,0.7%,0.9%,0.0%,2018-05-03 07:30:00
2018-05-03,7:30am,USD,Prelim Unit Labor Costs q/q,Medium,2.7%,3.1%,2.5%,2018-05-03 07:30:00
2018-05-03,7:30am,USD,Unemployment Claims,Medium,211K,225K,209K,2018-05-03 07:30:00
2018-05-03,7:30am,USD,Trade Balance,Non-economic,-49.0B,-50.0B,-57.7B,2018-05-03 07:30:00
2018-05-03,8:45am,USD,Final Services PMI,Non-economic,54.6,54.4,54.4,2018-05-03 08:45:00
2018-05-03,9:00am,USD,ISM Services PMI,High,56.8,58.1,58.8,2018-05-03 09:00:00
2018-05-03,9:00am,USD,Factory Orders m/m,Non-economic,1.6%,1.3%,1.6%,2018-05-03 09:00:00
2018-05-03,9:30am,USD,Natural Gas Storage,Non-economic,62B,47B,-18B,2018-05-03 09:30:00
2018-05-03,11:00am,CHF,SNB Chairman Jordan Speaks,High,,,,2018-05-03 11:00:00
2018-05-03,All Day,JPY,Bank Holiday,Low,,,,2018-05-03 00:00:00
2018-05-03,8:30pm,AUD,RBA Monetary Policy Statement,High,,,,2018-05-03 20:30:00
2018-05-03,8:45pm,CNY,RatingDog Services PMI,Medium,52.9,52.2,52.3,2018-05-03 20:45:00
2018-05-04,1:45am,EUR,French Gov Budget Balance,Non-economic,-33.1B,,-28.5B,2018-05-04 01:45:00
2018-05-04,1:45am,EUR,French Trade Balance,Non-economic,-5.3B,-4.9B,-5.0B,2018-05-04 01:45:00
2018-05-04,2:00am,EUR,Spanish Unemployment Change,Non-economic,-86.7K,-100.2K,-47.7K,2018-05-04 02:00:00
2018-05-04,2:15am,EUR,Spanish Services PMI,Non-economic,55.6,56.1,56.2,2018-05-04 02:15:00
2018-05-04,2:45am,EUR,Italian Services PMI,Non-economic,52.6,53.0,52.6,2018-05-04 02:45:00
2018-05-04,2:50am,EUR,French Final Services PMI,Non-economic,57.4,57.4,57.4,2018-05-04 02:50:00
2018-05-04,2:55am,EUR,German Final Services PMI,Non-economic,53.0,54.1,54.1,2018-05-04 02:55:00
2018-05-04,3:00am,EUR,Final Services PMI,Non-economic,54.7,55.0,55.0,2018-05-04 03:00:00
2018-05-04,4:00am,EUR,Retail Sales m/m,Non-economic,0.1%,0.5%,0.3%,2018-05-04 04:00:00
2018-05-04,7:30am,USD,Average Hourly Earnings m/m,High,0.1%,0.2%,0.2%,2018-05-04 07:30:00
2018-05-04,7:30am,USD,Non-Farm Employment Change,High,164K,190K,135K,2018-05-04 07:30:00
2018-05-04,7:30am,USD,Unemployment Rate,High,3.9%,4.0%,4.1%,2018-05-04 07:30:00
2018-05-04,8:00am,EUR,German Buba President Weidmann Speaks,Medium,,,,2018-05-04 08:00:00
2018-05-04,9:00am,CAD,Ivey PMI,Medium,71.5,60.2,59.8,2018-05-04 09:00:00
2018-05-04,11:45am,USD,FOMC Member Dudley Speaks,Medium,,,,2018-05-04 11:45:00
2018-05-04,2:00pm,USD,FOMC Member Williams Speaks,Medium,,,,2018-05-04 14:00:00
2018-05-04,4:30pm,USD,FOMC Member Quarles Speaks,Medium,,,,2018-05-04 16:30:00
2018-05-04,7:00pm,USD,FOMC Member Bostic Speaks,Medium,,,,2018-05-04 19:00:00
2018-05-06,5:30pm,AUD,AIG Construction Index,Non-economic,55.4,,57.2,2018-05-06 17:30:00
2018-05-06,6:00pm,USD,FOMC Member Quarles Speaks,Medium,,,,2018-05-06 18:00:00
2018-05-06,6:50pm,JPY,Monetary Policy Meeting Minutes,Non-economic,,,,2018-05-06 18:50:00
2018-05-06,8:30pm,AUD,NAB Business Confidence,Medium,10,,8,2018-05-06 20:30:00
2018-05-06,8:30pm,AUD,ANZ Job Advertisements m/m,Non-economic,-0.2%,,-0.1%,2018-05-06 20:30:00
2018-05-07,1:00am,EUR,German Factory Orders m/m,Non-economic,-0.9%,0.5%,0.3%,2018-05-07 01:00:00
2018-05-07,2:00am,CHF,Foreign Currency Reserves,Non-economic,757B,,738B,2018-05-07 02:00:00
2018-05-07,All Day,GBP,Bank Holiday,Low,,,,2018-05-07 00:00:00
2018-05-07,2:15am,CHF,CPI m/m,Non-economic,0.2%,0.3%,0.4%,2018-05-07 02:15:00
2018-05-07,3:00am,CAD,Gov Council Member Lane Speaks,Medium,,,,2018-05-07 03:00:00
2018-05-07,3:10am,EUR,Retail PMI,Non-economic,48.6,,50.1,2018-05-07 03:10:00
2018-05-07,3:30am,EUR,Sentix Investor Confidence,Non-economic,19.2,21.2,19.6,2018-05-07 03:30:00
2018-05-07,7:25am,USD,FOMC Member Bostic Speaks,Medium,,,,2018-05-07 07:25:00
2018-05-07,1:00pm,USD,FOMC Member Barkin Speaks,Medium,,,,2018-05-07 13:00:00
2018-05-07,2:00pm,USD,Consumer Credit m/m,Non-economic,11.6B,16.2B,13.6B,2018-05-07 14:00:00
2018-05-07,6:30pm,JPY,Household Spending y/y,Non-economic,-0.7%,1.2%,-0.9%,2018-05-07 18:30:00
2018-05-07,8:30pm,AUD,Retail Sales m/m,High,0.0%,0.2%,0.6%,2018-05-07 20:30:00
2018-05-07,10:00pm,NZD,Inflation Expectations q/q,High,2.01%,,2.11%,2018-05-07 22:00:00
2018-05-07,10:13pm,CNY,Trade Balance,Medium,183B,187B,-30B,2018-05-07 22:13:00
2018-05-07,10:15pm,CNY,USD-Denominated Trade Balance,Non-economic,28.8B,27.5B,-5.0B,2018-05-07 22:15:00
2018-05-07,10:35pm,JPY,10-y Bond Auction,Non-economic,0.05|4.2,,0.03|4.2,2018-05-07 22:35:00
2018-05-08,12:45am,CHF,Unemployment Rate,Non-economic,2.7%,2.9%,2.8%,2018-05-08 00:45:00
2018-05-08,1:00am,EUR,German Industrial Production m/m,Non-economic,1.0%,0.8%,-1.7%,2018-05-08 01:00:00
2018-05-08,1:00am,EUR,German Trade Balance,Non-economic,22.0B,19.9B,19.4B,2018-05-08 01:00:00
2018-05-08,All Day,EUR,French Bank Holiday,Low,,,,2018-05-08 00:00:00
2018-05-08,2:15am,USD,Fed Chairman Powell Speaks,High,,,,2018-05-08 02:15:00
2018-05-08,2:30am,GBP,Halifax HPI m/m,Medium,-3.1%,-0.3%,1.6%,2018-05-08 02:30:00
2018-05-08,4:30am,AUD,Annual Budget Release,High,,,,2018-05-08 04:30:00
2018-05-08,5:00am,USD,NFIB Small Business Index,Non-economic,104.8,105.2,104.7,2018-05-08 05:00:00
2018-05-08,7:13am,CAD,Housing Starts,Non-economic,214K,218K,225K,2018-05-08 07:13:00
2018-05-08,9:00am,USD,JOLTS Job Openings,Non-economic,6.55M,6.02M,6.08M,2018-05-08 09:00:00
2018-05-08,9:02am,USD,RCM/TIPP Economic Optimism,Non-economic,53.6,51.3,52.6,2018-05-08 09:02:00
2018-05-08,1:00pm,USD,President Trump Speaks,High,,,,2018-05-08 13:00:00
2018-05-08,1:00pm,USD,Loan Officer Survey,Non-economic,,,,2018-05-08 13:00:00
2018-05-08,3:30pm,USD,API Weekly Statistical Bulletin,Non-economic,,,,2018-05-08 15:30:00
2018-05-08,6:01pm,GBP,BRC Retail Sales Monitor y/y,Non-economic,-4.2%,-0.7%,1.4%,2018-05-08 18:01:00
2018-05-08,7:00pm,JPY,Average Cash Earnings y/y,Non-economic,2.1%,1.1%,1.0%,2018-05-08 19:00:00
2018-05-09,12:03am,JPY,Leading Indicators,Non-economic,105.0%,105.2%,106.0%,2018-05-09 00:03:00
2018-05-09,1:45am,EUR,French Industrial Production m/m,Non-economic,-0.4%,0.4%,1.1%,2018-05-09 01:45:00
2018-05-09,3:00am,EUR,Italian Retail Sales m/m,Non-economic,-0.2%,0.1%,0.7%,2018-05-09 03:00:00
2018-05-09,4:33am,EUR,German 30-y Bond Auction,Non-economic,1.26|1.1,,1.12|1.0,2018-05-09 04:33:00
2018-05-09,4:35am,GBP,10-y Bond Auction,Non-economic,1.61|2.2,,1.60|2.4,2018-05-09 04:35:00
2018-05-09,7:30am,CAD,Building Permits m/m,Medium,3.1%,2.0%,-2.8%,2018-05-09 07:30:00
2018-05-09,7:30am,USD,PPI m/m,High,0.1%,0.2%,0.3%,2018-05-09 07:30:00
2018-05-09,7:30am,USD,Core PPI m/m,Medium,0.2%,0.2%,0.3%,2018-05-09 07:30:00
2018-05-09,9:00am,USD,Final Wholesale Inventories m/m,Non-economic,0.3%,0.6%,0.5%,2018-05-09 09:00:00
2018-05-09,9:30am,USD,Crude Oil Inventories,High,-2.2M,-0.2M,6.2M,2018-05-09 09:30:00
2018-05-09,11:30am,USD,FOMC Member Bostic Speaks,Medium,,,,2018-05-09 11:30:00
2018-05-09,12:01pm,USD,10-y Bond Auction,Non-economic,3.00|2.6,,2.80|2.5,2018-05-09 12:01:00
2018-05-09,4:00pm,NZD,Official Cash Rate,High,1.75%,1.75%,1.75%,2018-05-09 16:00:00
2018-05-09,4:00pm,NZD,RBNZ Monetary Policy Statement,High,,,,2018-05-09 16:00:00
2018-05-09,4:00pm,NZD,RBNZ Rate Statement,High,,,,2018-05-09 16:00:00
2018-05-09,5:00pm,NZD,RBNZ Press Conference,High,,,,2018-05-09 17:00:00
2018-05-09,6:01pm,GBP,RICS House Price Balance,Non-economic,-8%,-1%,0%,2018-05-09 18:01:00
2018-05-09,6:50pm,JPY,Bank Lending y/y,Non-economic,2.1%,1.9%,2.0%,2018-05-09 18:50:00
2018-05-09,6:50pm,JPY,BOJ Summary of Opinions,Non-economic,,,,2018-05-09 18:50:00
2018-05-09,6:53pm,JPY,Current Account,Non-economic,1.77T,1.62T,0.96T,2018-05-09 18:53:00
2018-05-09,8:10pm,NZD,RBNZ Gov Orr Speaks,High,,,,2018-05-09 20:10:00
2018-05-09,8:30pm,CNY,CPI y/y,Medium,1.8%,1.9%,2.1%,2018-05-09 20:30:00
2018-05-09,8:30pm,CNY,PPI y/y,Medium,3.4%,3.4%,3.1%,2018-05-09 20:30:00
2018-05-10,12:00am,JPY,Economy Watchers Sentiment,Non-economic,49.0,49.2,48.9,2018-05-10 00:00:00
2018-05-10,All Day,CHF,Bank Holiday,Low,,,,2018-05-10 00:00:00
2018-05-10,All Day,EUR,French Bank Holiday,Low,,,,2018-05-10 00:00:00
2018-05-10,All Day,EUR,German Bank Holiday,Low,,,,2018-05-10 00:00:00
2018-05-10,3:00am,EUR,ECB Economic Bulletin,Non-economic,,,,2018-05-10 03:00:00
2018-05-10,3:00am,EUR,Italian Industrial Production m/m,Non-economic,1.2%,0.4%,-0.5%,2018-05-10 03:00:00
2018-05-10,3:30am,GBP,Manufacturing Production m/m,High,-0.1%,-0.2%,-0.2%,2018-05-10 03:30:00
2018-05-10,3:30am,GBP,Goods Trade Balance,Medium,-12.3B,-11.2B,-10.4B,2018-05-10 03:30:00
2018-05-10,3:30am,GBP,Construction Output m/m,Non-economic,-2.3%,-2.1%,-1.0%,2018-05-10 03:30:00
2018-05-10,3:30am,GBP,Industrial Production m/m,Non-economic,0.1%,0.1%,0.1%,2018-05-10 03:30:00
2018-05-10,6:00am,GBP,BOE Monetary Policy Report,High,,,,2018-05-10 06:00:00
2018-05-10,6:00am,GBP,Monetary Policy Summary,High,,,,2018-05-10 06:00:00
2018-05-10,6:00am,GBP,MPC Official Bank Rate Votes,High,2-0-7,2-0-7,2-0-7,2018-05-10 06:00:00
2018-05-10,6:00am,GBP,Official Bank Rate,High,0.50%,0.50%,0.50%,2018-05-10 06:00:00
2018-05-10,6:00am,GBP,Asset Purchase Facility,Medium,435B,435B,435B,2018-05-10 06:00:00
2018-05-10,6:00am,GBP,MPC Asset Purchase Facility Votes,Medium,0-0-9,0-0-9,0-0-9,2018-05-10 06:00:00
2018-05-10,6:01am,GBP,NIESR GDP Estimate,Non-economic,0.1%,,0.1%,2018-05-10 06:01:00
2018-05-10,7:30am,CAD,NHPI m/m,Medium,0.0%,0.0%,-0.2%,2018-05-10 07:30:00
2018-05-10,7:30am,USD,Core CPI m/m,High,0.1%,0.2%,0.2%,2018-05-10 07:30:00
2018-05-10,7:30am,USD,CPI m/m,High,0.2%,0.3%,-0.1%,2018-05-10 07:30:00
2018-05-10,7:30am,USD,CPI y/y,High,2.5%,2.5%,2.4%,2018-05-10 07:30:00
2018-05-10,7:30am,USD,Unemployment Claims,Medium,211K,219K,211K,2018-05-10 07:30:00
2018-05-10,9:30am,USD,Natural Gas Storage,Non-economic,89B,81B,62B,2018-05-10 09:30:00
2018-05-10,12:01pm,USD,30-y Bond Auction,Non-economic,3.13|2.4,,3.04|2.4,2018-05-10 12:01:00
2018-05-10,1:00pm,USD,Federal Budget Balance,Non-economic,214.3B,201.2B,-208.7B,2018-05-10 13:00:00
2018-05-10,5:30pm,NZD,BusinessNZ Manufacturing Index,Medium,58.9,,53.1,2018-05-10 17:30:00
2018-05-10,5:45pm,NZD,FPI m/m,Non-economic,0.1%,,1.0%,2018-05-10 17:45:00
2018-05-10,6:50pm,JPY,M2 Money Stock y/y,Non-economic,3.3%,3.2%,3.1%,2018-05-10 18:50:00
2018-05-10,8:30pm,AUD,Home Loans m/m,Non-economic,-2.2%,-1.9%,-0.3%,2018-05-10 20:30:00
2018-05-11,4:00am,CNY,M2 Money Supply y/y,Non-economic,8.3%,8.5%,8.2%,2018-05-11 04:00:00
2018-05-11,4:00am,CNY,New Loans,Non-economic,1180B,1100B,1120B,2018-05-11 04:00:00
2018-05-11,7:30am,CAD,Employment Change,High,-1.1K,17.8K,32.3K,2018-05-11 07:30:00
2018-05-11,7:30am,CAD,Unemployment Rate,High,5.8%,5.8%,5.8%,2018-05-11 07:30:00
2018-05-11,7:30am,USD,Import Prices m/m,Non-economic,0.3%,0.5%,-0.2%,2018-05-11 07:30:00
2018-05-11,8:10am,CAD,Gov Council Member Wilkins Speaks,Medium,,,,2018-05-11 08:10:00
2018-05-11,8:15am,EUR,ECB President Draghi Speaks,High,,,,2018-05-11 08:15:00
2018-05-11,9:00am,USD,Prelim UoM Consumer Sentiment,Medium,98.8,98.4,98.8,2018-05-11 09:00:00
2018-05-11,9:00am,USD,Prelim UoM Inflation Expectations,Non-economic,2.8%,,2.7%,2018-05-11 09:00:00
2018-05-13,5:30pm,NZD,BusinessNZ Services Index,Non-economic,55.9,,58.6,2018-05-13 17:30:00
2018-05-13,6:50pm,JPY,PPI y/y,Non-economic,2.0%,2.0%,2.1%,2018-05-13 18:50:00
2018-05-14,12:59am,JPY,Prelim Machine Tool Orders y/y,Non-economic,22.0%,,28.1%,2018-05-14 00:59:00
2018-05-14,1:45am,USD,FOMC Member Mester Speaks,Medium,,,,2018-05-14 01:45:00
2018-05-14,10:00am,AUD,RBA Deputy Gov Debelle Speaks,Medium,,,,2018-05-14 10:00:00
2018-05-14,6:10pm,AUD,RBA Deputy Gov Debelle Speaks,Medium,,,,2018-05-14 18:10:00
2018-05-14,8:30pm,AUD,Monetary Policy Meeting Minutes,High,,,,2018-05-14 20:30:00
2018-05-14,8:40pm,AUD,RBA Deputy Gov Debelle Speaks,Medium,,,,2018-05-14 20:40:00
2018-05-14,9:00pm,CNY,Fixed Asset Investment ytd/y,Medium,7.0%,7.4%,7.5%,2018-05-14 21:00:00
2018-05-14,9:00pm,CNY,Industrial Production y/y,Medium,7.0%,6.4%,6.0%,2018-05-14 21:00:00
2018-05-14,9:00pm,CNY,Retail Sales y/y,Non-economic,9.4%,10.0%,10.1%,2018-05-14 21:00:00
2018-05-14,9:00pm,CNY,Unemployment Rate,Non-economic,4.9%,,5.1%,2018-05-14 21:00:00
2018-05-14,10:35pm,JPY,30-y Bond Auction,Non-economic,0.75|4.4,,0.71|4.3,2018-05-14 22:35:00
2018-05-14,11:30pm,JPY,Tertiary Industry Activity m/m,Non-economic,-0.3%,-0.2%,0.1%,2018-05-14 23:30:00
2018-05-15,1:00am,EUR,German Prelim GDP q/q,Medium,0.3%,0.4%,0.6%,2018-05-15 01:00:00
2018-05-15,1:45am,EUR,French Final CPI m/m,Non-economic,0.2%,0.1%,0.1%,2018-05-15 01:45:00
2018-05-15,1:45am,EUR,French Prelim Private Payrolls q/q,Non-economic,0.3%,0.4%,0.4%,2018-05-15 01:45:00
2018-05-15,2:15am,CHF,PPI m/m,Medium,0.4%,0.3%,-0.2%,2018-05-15 02:15:00
2018-05-15,3:30am,GBP,Average Earnings Index 3m/y,High,2.6%,2.7%,2.8%,2018-05-15 03:30:00
2018-05-15,3:30am,GBP,Claimant Count Change,Medium,31.2K,13.3K,15.7K,2018-05-15 03:30:00
2018-05-15,3:30am,GBP,Unemployment Rate,Medium,4.2%,4.2%,4.2%,2018-05-15 03:30:00
2018-05-15,4:00am,EUR,Flash GDP q/q,Medium,0.4%,0.4%,0.4%,2018-05-15 04:00:00
2018-05-15,4:00am,EUR,German ZEW Economic Sentiment,Medium,-8.2,-8.0,-8.2,2018-05-15 04:00:00
2018-05-15,4:00am,EUR,Industrial Production m/m,Non-economic,0.5%,0.6%,-0.9%,2018-05-15 04:00:00
2018-05-15,4:00am,EUR,ZEW Economic Sentiment,Non-economic,2.4,2.0,1.9,2018-05-15 04:00:00
2018-05-15,7:30am,USD,Core Retail Sales m/m,High,0.3%,0.5%,0.4%,2018-05-15 07:30:00
2018-05-15,7:30am,USD,Retail Sales m/m,High,0.3%,0.4%,0.8%,2018-05-15 07:30:00
2018-05-15,7:30am,USD,Empire State Manufacturing Index,Medium,20.1,15.1,15.8,2018-05-15 07:30:00
2018-05-15,9:00am,USD,Business Inventories m/m,Non-economic,0.0%,0.2%,0.6%,2018-05-15 09:00:00
2018-05-15,9:00am,USD,NAHB Housing Market Index,Non-economic,70,70,68,2018-05-15 09:00:00
2018-05-15,9:19am,NZD,GDT Price Index,Medium,1.9%,,-1.1%,2018-05-15 09:19:00
2018-05-15,11:45am,USD,FOMC Member Williams Speaks,Medium,,,,2018-05-15 11:45:00
2018-05-15,3:00pm,USD,TIC Long-Term Purchases,Non-economic,61.8B,51.3B,49.0B,2018-05-15 15:00:00
2018-05-15,3:30pm,USD,API Weekly Statistical Bulletin,Non-economic,,,,2018-05-15 15:30:00
2018-05-15,6:50pm,JPY,Prelim GDP q/q,Medium,-0.2%,0.0%,0.4%,2018-05-15 18:50:00
2018-05-15,6:50pm,JPY,Prelim GDP Price Index y/y,Non-economic,0.5%,0.3%,0.1%,2018-05-15 18:50:00
2018-05-15,7:30pm,AUD,Westpac Consumer Sentiment,Non-economic,-0.6%,,-0.6%,2018-05-15 19:30:00
2018-05-15,8:30pm,AUD,Wage Price Index q/q,High,0.5%,0.6%,0.5%,2018-05-15 20:30:00
2018-05-15,8:30pm,CNY,New Home Prices m/m,Non-economic,0.57%,,0.42%,2018-05-15 20:30:00
2018-05-15,11:30pm,JPY,Revised Industrial Production m/m,Non-economic,1.4%,1.2%,1.2%,2018-05-15 23:30:00
2018-05-16,1:00am,EUR,German Final CPI m/m,Non-economic,0.0%,0.0%,0.0%,2018-05-16 01:00:00
2018-05-16,4:00am,EUR,Final CPI y/y,Medium,1.2%,1.2%,1.2%,2018-05-16 04:00:00
2018-05-16,4:00am,EUR,Final Core CPI y/y,Non-economic,0.7%,0.7%,0.7%,2018-05-16 04:00:00
2018-05-16,4:35am,EUR,German 10-y Bond Auction,Non-economic,0.62|2.8,,0.51|1.4,2018-05-16 04:35:00
2018-05-16,7:00am,EUR,ECB President Draghi Speaks,Medium,,,,2018-05-16 07:00:00
2018-05-16,7:30am,CAD,Manufacturing Sales m/m,Medium,1.4%,1.1%,2.7%,2018-05-16 07:30:00
2018-05-16,7:30am,USD,Building Permits,High,1.35M,1.35M,1.38M,2018-05-16 07:30:00
2018-05-16,7:30am,USD,FOMC Member Bostic Speaks,Medium,,,,2018-05-16 07:30:00
2018-05-16,7:30am,USD,Housing Starts,Medium,1.29M,1.32M,1.34M,2018-05-16 07:30:00
2018-05-16,8:15am,USD,Capacity Utilization Rate,Medium,78.0%,78.4%,77.6%,2018-05-16 08:15:00
2018-05-16,8:15am,USD,Industrial Production m/m,Medium,0.7%,0.6%,0.7%,2018-05-16 08:15:00
2018-05-16,8:30am,GBP,CB Leading Index m/m,Non-economic,-0.2%,,-0.3%,2018-05-16 08:30:00
2018-05-16,9:00am,USD,Mortgage Delinquencies,Medium,4.63%,,5.17%,2018-05-16 09:00:00
2018-05-16,9:30am,USD,Crude Oil Inventories,High,-1.4M,-1.1M,-2.2M,2018-05-16 09:30:00
2018-05-16,11:00am,CAD,Gov Council Member Schembri Speaks,Medium,,,,2018-05-16 11:00:00
2018-05-16,11:00am,CHF,SNB Chairman Jordan Speaks,High,,,,2018-05-16 11:00:00
2018-05-16,5:45pm,NZD,PPI Input q/q,Non-economic,0.6%,0.3%,0.9%,2018-05-16 17:45:00
2018-05-16,5:45pm,NZD,PPI Output q/q,Non-economic,0.2%,0.2%,1.0%,2018-05-16 17:45:00
2018-05-16,6:50pm,JPY,Core Machinery Orders m/m,Non-economic,-3.9%,-2.9%,2.1%,2018-05-16 18:50:00
2018-05-16,8:00pm,AUD,MI Inflation Expectations,Non-economic,3.7%,,3.6%,2018-05-16 20:00:00
2018-05-16,8:30pm,AUD,Employment Change,High,22.6K,19.8K,-0.7K,2018-05-16 20:30:00
2018-05-16,8:30pm,AUD,Unemployment Rate,High,5.6%,5.5%,5.5%,2018-05-16 20:30:00
2018-05-16,9:00pm,CNY,Foreign Direct Investment ytd/y,Non-economic,0.1%,,0.5%,2018-05-16 21:00:00
2018-05-16,9:00pm,NZD,Annual Budget Release,High,,,,2018-05-16 21:00:00
2018-05-17,3:00am,EUR,Italian Trade Balance,Non-economic,4.53B,3.74B,3.10B,2018-05-17 03:00:00
2018-05-17,3:57am,EUR,Spanish 10-y Bond Auction,Non-economic,1.37|2.3,,1.29|2.0,2018-05-17 03:57:00
2018-05-17,7:30am,CAD,Foreign Securities Purchases,Medium,6.15B,3.00B,4.32B,2018-05-17 07:30:00
2018-05-17,7:30am,CAD,ADP Non-Farm Employment Change,Non-economic,30.2K,,59.3K,2018-05-17 07:30:00
2018-05-17,7:30am,USD,Unemployment Claims,Medium,222K,216K,211K,2018-05-17 07:30:00
2018-05-17,7:32am,USD,Philly Fed Manufacturing Index,Medium,34.4,21.1,23.2,2018-05-17 07:32:00
2018-05-17,9:00am,USD,CB Leading Index m/m,Non-economic,0.4%,0.4%,0.4%,2018-05-17 09:00:00
2018-05-17,9:30am,USD,Natural Gas Storage,Non-economic,106B,105B,89B,2018-05-17 09:30:00
2018-05-17,11:00am,GBP,MPC Member Haldane Speaks,Medium,,,,2018-05-17 11:00:00
2018-05-17,6:30pm,JPY,National Core CPI y/y,Non-economic,0.7%,0.8%,0.9%,2018-05-17 18:30:00
2018-05-18,1:00am,EUR,German PPI m/m,Non-economic,0.5%,0.3%,0.1%,2018-05-18 01:00:00
2018-05-18,1:00am,EUR,German WPI m/m,Non-economic,0.5%,0.2%,0.0%,2018-05-18 01:00:00
2018-05-18,2:00am,USD,FOMC Member Mester Speaks,Medium,,,,2018-05-18 02:00:00
2018-05-18,3:00am,EUR,Current Account,Non-economic,32.0B,35.1B,36.8B,2018-05-18 03:00:00
2018-05-18,4:00am,EUR,Trade Balance,Non-economic,21.2B,20.7B,20.9B,2018-05-18 04:00:00
2018-05-18,7:30am,CAD,Core Retail Sales m/m,High,-0.2%,0.5%,0.0%,2018-05-18 07:30:00
2018-05-18,7:30am,CAD,CPI m/m,High,0.3%,0.3%,0.3%,2018-05-18 07:30:00
2018-05-18,7:30am,CAD,Common CPI y/y,Medium,1.9%,,1.9%,2018-05-18 07:30:00
2018-05-18,7:30am,CAD,Median CPI y/y,Medium,2.1%,,2.1%,2018-05-18 07:30:00
2018-05-18,7:30am,CAD,Retail Sales m/m,Medium,0.6%,0.3%,0.5%,2018-05-18 07:30:00
2018-05-18,7:30am,CAD,Trimmed CPI y/y,Medium,2.1%,,2.0%,2018-05-18 07:30:00
2018-05-18,7:30am,CAD,Core CPI m/m,Non-economic,0.1%,,0.2%,2018-05-18 07:30:00
2018-05-18,8:15am,USD,FOMC Member Brainard Speaks,Medium,,,,2018-05-18 08:15:00
2018-05-20,5:45pm,NZD,Retail Sales q/q,High,0.1%,1.0%,1.4%,2018-05-20 17:45:00
2018-05-20,5:45pm,NZD,Visitor Arrivals m/m,Non-economic,-1.3%,,-1.5%,2018-05-20 17:45:00
2018-05-20,5:47pm,NZD,Core Retail Sales q/q,Medium,0.6%,1.1%,1.8%,2018-05-20 17:47:00
2018-05-20,6:01pm,GBP,Rightmove HPI m/m,Non-economic,0.8%,,0.4%,2018-05-20 18:01:00
2018-05-20,6:50pm,JPY,Trade Balance,Non-economic,0.55T,0.11T,0.17T,2018-05-20 18:50:00
2018-05-20,10:00pm,NZD,Credit Card Spending y/y,Non-economic,7.0%,,7.4%,2018-05-20 22:00:00
2018-05-21,All Day,CHF,Bank Holiday,Low,,,,2018-05-21 00:00:00
2018-05-21,All Day,EUR,French Bank Holiday,Low,,,,2018-05-21 00:00:00
2018-05-21,All Day,EUR,German Bank Holiday,Low,,,,2018-05-21 00:00:00
2018-05-21,All Day,CAD,Bank Holiday,Low,,,,2018-05-21 00:00:00
2018-05-21,9:30am,AUD,CB Leading Index m/m,Non-economic,0.2%,,0.2%,2018-05-21 09:30:00
2018-05-21,10:30am,USD,FOMC Member Bostic Speaks,Medium,,,,2018-05-21 10:30:00
2018-05-22,12:00am,JPY,BOJ Core CPI y/y,Non-economic,0.5%,0.6%,0.7%,2018-05-22 00:00:00
2018-05-22,3:15am,GBP,MPC Member Vlieghe Speaks,Medium,,,,2018-05-22 03:15:00
2018-05-22,3:30am,GBP,Public Sector Net Borrowing,Medium,6.2B,7.2B,-0.8B,2018-05-22 03:30:00
2018-05-22,4:00am,GBP,Monetary Policy Report Hearings,High,,,,2018-05-22 04:00:00
2018-05-22,5:00am,EUR,German Buba Monthly Report,Non-economic,,,,2018-05-22 05:00:00
2018-05-22,5:00am,GBP,CBI Industrial Order Expectations,Non-economic,-3,2,4,2018-05-22 05:00:00
2018-05-22,7:30am,CAD,Wholesale Sales m/m,Non-economic,1.1%,0.8%,-0.4%,2018-05-22 07:30:00
2018-05-22,8:00am,CNY,CB Leading Index m/m,Non-economic,1.5%,,1.6%,2018-05-22 08:00:00
2018-05-22,8:59am,USD,Richmond Manufacturing Index,Non-economic,16,9,-3,2018-05-22 08:59:00
2018-05-22,3:30pm,USD,API Weekly Statistical Bulletin,Non-economic,,,,2018-05-22 15:30:00
2018-05-22,7:30pm,AUD,MI Leading Index m/m,Non-economic,0.2%,,-0.1%,2018-05-22 19:30:00
2018-05-22,7:30pm,JPY,Flash Manufacturing PMI,Non-economic,52.5,53.6,53.8,2018-05-22 19:30:00
2018-05-22,8:30pm,AUD,Construction Work Done q/q,Medium,0.2%,1.1%,-18.3%,2018-05-22 20:30:00
2018-05-22,11:30pm,JPY,All Industries Activity m/m,Non-economic,0.0%,0.1%,0.4%,2018-05-22 23:30:00
2018-05-23,2:00am,EUR,French Flash Manufacturing PMI,Medium,55.1,53.6,53.8,2018-05-23 02:00:00
2018-05-23,2:00am,EUR,French Flash Services PMI,Medium,54.3,57.1,57.4,2018-05-23 02:00:00
2018-05-23,2:30am,EUR,German Flash Manufacturing PMI,Medium,56.8,57.9,58.1,2018-05-23 02:30:00
2018-05-23,2:30am,EUR,German Flash Services PMI,Medium,52.1,53.1,53.0,2018-05-23 02:30:00
2018-05-23,3:00am,AUD,RBA Gov Lowe Speaks,High,,,,2018-05-23 03:00:00
2018-05-23,3:00am,EUR,Flash Manufacturing PMI,Medium,55.5,56.1,56.2,2018-05-23 03:00:00
2018-05-23,3:00am,EUR,Flash Services PMI,Medium,53.9,54.7,54.7,2018-05-23 03:00:00
2018-05-23,3:30am,GBP,CPI y/y,High,2.4%,2.5%,2.5%,2018-05-23 03:30:00
2018-05-23,3:30am,GBP,PPI Input m/m,Medium,0.4%,1.0%,0.1%,2018-05-23 03:30:00
2018-05-23,3:30am,GBP,RPI y/y,Medium,3.4%,3.4%,3.3%,2018-05-23 03:30:00
2018-05-23,3:30am,GBP,Core CPI y/y,Non-economic,2.1%,2.2%,2.3%,2018-05-23 03:30:00
2018-05-23,3:30am,GBP,HPI y/y,Non-economic,4.2%,4.4%,4.2%,2018-05-23 03:30:00
2018-05-23,3:30am,GBP,PPI Output m/m,Non-economic,0.3%,0.3%,0.3%,2018-05-23 03:30:00
2018-05-23,5:00am,GBP,CBI Realized Sales,Non-economic,11,4,-2,2018-05-23 05:00:00
2018-05-23,8:45am,USD,Flash Manufacturing PMI,Non-economic,56.6,56.6,56.5,2018-05-23 08:45:00
2018-05-23,8:45am,USD,Flash Services PMI,Non-economic,55.7,54.9,54.6,2018-05-23 08:45:00
2018-05-23,8:55am,EUR,Consumer Confidence,Non-economic,0,0,0,2018-05-23 08:55:00
2018-05-23,9:00am,USD,New Home Sales,Non-economic,662K,680K,672K,2018-05-23 09:00:00
2018-05-23,9:30am,USD,Crude Oil Inventories,High,5.8M,-2.5M,-1.4M,2018-05-23 09:30:00
2018-05-23,1:00pm,USD,FOMC Meeting Minutes,High,,,,2018-05-23 13:00:00
2018-05-23,5:45pm,NZD,Trade Balance,Medium,263M,200M,-156M,2018-05-23 17:45:00
2018-05-24,1:00am,EUR,German Final GDP q/q,Non-economic,0.3%,0.3%,0.3%,2018-05-24 01:00:00
2018-05-24,1:00am,EUR,German GfK Consumer Climate,Non-economic,10.7,10.8,10.8,2018-05-24 01:00:00
2018-05-24,3:00am,EUR,ECB Financial Stability Review,Non-economic,,,,2018-05-24 03:00:00
2018-05-24,3:00am,GBP,BOE Gov Carney Speaks,High,,,,2018-05-24 03:00:00
2018-05-24,3:15am,USD,FOMC Member Dudley Speaks,Medium,,,,2018-05-24 03:15:00
2018-05-24,3:30am,GBP,Retail Sales m/m,High,1.6%,0.8%,-1.1%,2018-05-24 03:30:00
2018-05-24,All Day,EUR,Eurogroup Meetings,Non-economic,,,,2018-05-24 00:00:00
2018-05-24,6:30am,EUR,ECB Monetary Policy Meeting Accounts,High,,,,2018-05-24 06:30:00
2018-05-24,7:30am,CAD,Corporate Profits q/q,Non-economic,2.7%,,-1.9%,2018-05-24 07:30:00
2018-05-24,7:30am,USD,Unemployment Claims,Medium,234K,220K,223K,2018-05-24 07:30:00
2018-05-24,7:59am,EUR,Belgian NBB Business Climate,Non-economic,0.2,0.6,1.0,2018-05-24 07:59:00
2018-05-24,8:00am,USD,HPI m/m,Non-economic,0.1%,0.5%,0.6%,2018-05-24 08:00:00
2018-05-24,9:00am,USD,Existing Home Sales,Medium,5.46M,5.56M,5.60M,2018-05-24 09:00:00
2018-05-24,9:30am,USD,Natural Gas Storage,Non-economic,91B,92B,106B,2018-05-24 09:30:00
2018-05-24,9:35am,USD,FOMC Member Bostic Speaks,Medium,,,,2018-05-24 09:35:00
2018-05-24,2:10pm,GBP,BOE Gov Carney Speaks,High,,,,2018-05-24 14:10:00
2018-05-24,6:30pm,JPY,Tokyo Core CPI y/y,Non-economic,0.5%,0.6%,0.6%,2018-05-24 18:30:00
2018-05-25,3:00am,EUR,German ifo Business Climate,Medium,102.2,102.0,102.2,2018-05-25 03:00:00
2018-05-25,3:30am,GBP,Second Estimate GDP q/q,High,0.1%,0.1%,0.1%,2018-05-25 03:30:00
2018-05-25,3:30am,GBP,Prelim Business Investment q/q,Medium,-0.2%,0.2%,0.3%,2018-05-25 03:30:00
2018-05-25,3:30am,GBP,Index of Services 3m/3m,Non-economic,0.3%,0.3%,0.5%,2018-05-25 03:30:00
2018-05-25,3:36am,GBP,High Street Lending,Non-economic,38.0K,37.5K,37.6K,2018-05-25 03:36:00
2018-05-25,All Day,All,OPEC-JMMC Meetings,Medium,,,,2018-05-25 00:00:00
2018-05-25,All Day,EUR,ECOFIN Meetings,Non-economic,,,,2018-05-25 00:00:00
2018-05-25,7:00am,AUD,RBA Gov Bullock Speaks,Medium,,,,2018-05-25 07:00:00
2018-05-25,7:30am,USD,Core Durable Goods Orders m/m,High,0.9%,0.5%,0.1%,2018-05-25 07:30:00
2018-05-25,7:30am,USD,Durable Goods Orders m/m,Medium,-1.7%,-1.3%,2.7%,2018-05-25 07:30:00
2018-05-25,8:20am,GBP,BOE Gov Carney Speaks,High,,,,2018-05-25 08:20:00
2018-05-25,8:20am,USD,Fed Chairman Powell Speaks,High,,,,2018-05-25 08:20:00
2018-05-25,9:00am,USD,Revised UoM Consumer Sentiment,Medium,98.0,98.8,98.8,2018-05-25 09:00:00
2018-05-25,9:00am,USD,Revised UoM Inflation Expectations,Non-economic,2.8%,,2.8%,2018-05-25 09:00:00
2018-05-25,10:45am,USD,FOMC Member Bostic Speaks,Medium,,,,2018-05-25 10:45:00
2018-05-25,2:20pm,EUR,German Buba President Weidmann Speaks,Medium,,,,2018-05-25 14:20:00
2018-05-27,6:50pm,JPY,SPPI y/y,Non-economic,0.9%,0.5%,0.5%,2018-05-27 18:50:00
2018-05-28,All Day,GBP,Bank Holiday,Low,,,,2018-05-28 00:00:00
2018-05-28,All Day,USD,Bank Holiday,Low,,,,2018-05-28 00:00:00
2018-05-28,6:30pm,JPY,Unemployment Rate,Non-economic,2.5%,2.5%,2.5%,2018-05-28 18:30:00
2018-05-29,1:00am,CHF,Trade Balance,Non-economic,2.29B,2.23B,1.69B,2018-05-29 01:00:00
2018-05-29,3:00am,EUR,M3 Money Supply y/y,Medium,3.9%,3.9%,3.7%,2018-05-29 03:00:00
2018-05-29,3:00am,EUR,Private Loans y/y,Non-economic,2.9%,3.2%,2.9%,2018-05-29 03:00:00
2018-05-29,8:00am,USD,S&P/CS Composite-20 HPI y/y,Non-economic,6.8%,6.5%,6.8%,2018-05-29 08:00:00
2018-05-29,9:00am,USD,CB Consumer Confidence,High,128.0,128.2,125.6,2018-05-29 09:00:00
2018-05-29,4:00pm,NZD,RBNZ Financial Stability Report,High,,,,2018-05-29 16:00:00
2018-05-29,5:45pm,NZD,Building Consents m/m,Non-economic,-3.7%,,13.0%,2018-05-29 17:45:00
2018-05-29,6:01pm,GBP,BRC Shop Price Index y/y,Non-economic,-1.1%,,-1.0%,2018-05-29 18:01:00
2018-05-29,6:50pm,JPY,Retail Sales y/y,Non-economic,1.6%,0.9%,1.0%,2018-05-29 18:50:00
2018-05-29,7:00pm,JPY,BOJ Gov Kuroda Speaks,High,,,,2018-05-29 19:00:00
2018-05-29,8:10pm,NZD,RBNZ Gov Orr Speaks,High,,,,2018-05-29 20:10:00
2018-05-29,8:30pm,AUD,Building Approvals m/m,Medium,-5.0%,-2.9%,3.5%,2018-05-29 20:30:00
2018-05-30,12:00am,JPY,Consumer Confidence,Non-economic,43.8,43.9,43.6,2018-05-30 00:00:00
2018-05-30,1:00am,EUR,German Retail Sales m/m,Medium,2.3%,0.5%,-0.4%,2018-05-30 01:00:00
2018-05-30,1:00am,EUR,German Import Prices m/m,Non-economic,0.6%,0.7%,0.0%,2018-05-30 01:00:00
2018-05-30,All Day,EUR,German Prelim CPI m/m,Medium,0.5%,0.3%,0.0%,2018-05-30 00:00:00
2018-05-30,1:45am,EUR,French Consumer Spending m/m,Non-economic,-1.5%,0.2%,0.2%,2018-05-30 01:45:00
2018-05-30,1:45am,EUR,French Prelim GDP q/q,Non-economic,0.2%,0.3%,0.3%,2018-05-30 01:45:00
2018-05-30,2:00am,CHF,KOF Economic Barometer,Medium,100.0,104.6,103.3,2018-05-30 02:00:00
2018-05-30,2:00am,EUR,Spanish Flash CPI y/y,Medium,2.0%,1.7%,1.1%,2018-05-30 02:00:00
2018-05-30,2:55am,EUR,German Unemployment Change,Non-economic,-11K,-10K,-8K,2018-05-30 02:55:00
2018-05-30,3:00am,CHF,UBS Economic Expectations,Medium,28.0,,7.2,2018-05-30 03:00:00
2018-05-30,4:22am,EUR,Italian 10-y Bond Auction,Medium,3.00|1.5,,1.70|1.4,2018-05-30 04:22:00
2018-05-30,7:15am,USD,ADP Non-Farm Employment Change,High,178K,191K,163K,2018-05-30 07:15:00
2018-05-30,7:30am,CAD,Current Account,Medium,-19.5B,-18.1B,-16.5B,2018-05-30 07:30:00
2018-05-30,7:30am,CAD,RMPI m/m,Medium,0.7%,2.1%,2.1%,2018-05-30 07:30:00
2018-05-30,7:30am,CAD,IPPI m/m,Non-economic,0.5%,0.6%,0.9%,2018-05-30 07:30:00
2018-05-30,7:30am,USD,Prelim GDP q/q,High,2.2%,2.3%,2.3%,2018-05-30 07:30:00
2018-05-30,7:30am,USD,Goods Trade Balance,Non-economic,-68.2B,-71.2B,-68.3B,2018-05-30 07:30:00
2018-05-30,7:30am,USD,Prelim GDP Price Index q/q,Non-economic,1.9%,2.0%,2.0%,2018-05-30 07:30:00
2018-05-30,7:30am,USD,Prelim Wholesale Inventories m/m,Non-economic,0.0%,0.4%,0.3%,2018-05-30 07:30:00
2018-05-30,9:00am,CAD,BOC Rate Statement,High,,,,2018-05-30 09:00:00
2018-05-30,9:00am,CAD,Overnight Rate,High,1.25%,1.25%,1.25%,2018-05-30 09:00:00
2018-05-30,9:45am,CHF,SNB Chairman Jordan Speaks,High,,,,2018-05-30 09:45:00
2018-05-30,1:00pm,USD,Beige Book,Non-economic,,,,2018-05-30 13:00:00
2018-05-30,3:30pm,USD,API Weekly Statistical Bulletin,Non-economic,,,,2018-05-30 15:30:00
2018-05-30,6:01pm,GBP,GfK Consumer Confidence,Non-economic,-7,-8,-9,2018-05-30 18:01:00
2018-05-30,6:50pm,JPY,Prelim Industrial Production m/m,Non-economic,0.3%,1.5%,1.4%,2018-05-30 18:50:00
2018-05-30,7:59pm,CNY,Manufacturing PMI,Medium,51.9,51.4,51.4,2018-05-30 19:59:00
2018-05-30,8:00pm,CNY,Non-Manufacturing PMI,Medium,54.9,54.8,54.8,2018-05-30 20:00:00
2018-05-30,8:00pm,NZD,ANZ Business Confidence,High,-27.2,,-23.4,2018-05-30 20:00:00
2018-05-30,8:30pm,AUD,Private Capital Expenditure q/q,High,0.4%,0.8%,0.2%,2018-05-30 20:30:00
2018-05-30,8:30pm,AUD,Private Sector Credit m/m,Non-economic,0.4%,0.4%,0.5%,2018-05-30 20:30:00
2018-05-31,12:00am,JPY,Housing Starts y/y,Non-economic,0.3%,-8.8%,-8.3%,2018-05-31 00:00:00
2018-05-31,12:45am,CHF,GDP q/q,Non-economic,0.6%,0.5%,0.6%,2018-05-31 00:45:00
2018-05-31,1:00am,GBP,Nationwide HPI m/m,Non-economic,-0.2%,0.2%,0.1%,2018-05-31 01:00:00
2018-05-31,1:45am,EUR,French Prelim CPI m/m,Non-economic,0.4%,0.3%,0.2%,2018-05-31 01:45:00
2018-05-31,2:00am,CHF,Gov Board Member Zurbrugg Speaks,Non-economic,,,,2018-05-31 02:00:00
2018-05-31,2:15am,CHF,Retail Sales y/y,Non-economic,2.2%,-1.4%,-1.1%,2018-05-31 02:15:00
2018-05-31,3:00am,EUR,Italian Monthly Unemployment Rate,Non-economic,11.2%,10.9%,11.1%,2018-05-31 03:00:00
2018-05-31,3:30am,GBP,Net Lending to Individuals m/m,Medium,5.7B,5.2B,4.4B,2018-05-31 03:30:00
2018-05-31,3:30am,GBP,M4 Money Supply m/m,Non-economic,0.2%,-1.1%,-1.4%,2018-05-31 03:30:00
2018-05-31,3:30am,GBP,Mortgage Approvals,Non-economic,62K,63K,63K,2018-05-31 03:30:00
2018-05-31,4:00am,EUR,Core CPI Flash Estimate y/y,Medium,1.1%,1.0%,0.7%,2018-05-31 04:00:00
2018-05-31,4:00am,EUR,CPI Flash Estimate y/y,Medium,1.9%,1.6%,1.2%,2018-05-31 04:00:00
2018-05-31,4:00am,EUR,Italian Prelim CPI m/m,Non-economic,0.4%,0.2%,0.1%,2018-05-31 04:00:00
2018-05-31,4:00am,EUR,Unemployment Rate,Non-economic,8.5%,8.4%,8.6%,2018-05-31 04:00:00
2018-05-31,Day 1,All,G7 Meetings,Non-economic,,,,2018-05-31 00:00:00
2018-05-31,6:30am,USD,Challenger Job Cuts y/y,Non-economic,-4.8%,,-1.4%,2018-05-31 06:30:00
2018-05-31,7:30am,CAD,GDP m/m,High,0.3%,0.2%,0.4%,2018-05-31 07:30:00
2018-05-31,7:30am,USD,Core PCE Price Index m/m,Medium,0.2%,0.1%,0.2%,2018-05-31 07:30:00
2018-05-31,7:30am,USD,Personal Spending m/m,Medium,0.6%,0.4%,0.5%,2018-05-31 07:30:00
2018-05-31,7:30am,USD,Unemployment Claims,Medium,221K,228K,234K,2018-05-31 07:30:00
2018-05-31,7:30am,USD,Personal Income m/m,Non-economic,0.3%,0.3%,0.2%,2018-05-31 07:30:00
2018-05-31,8:45am,USD,Chicago PMI,Medium,62.7,58.2,57.6,2018-05-31 08:45:00
2018-05-31,9:00am,USD,Pending Home Sales m/m,Non-economic,-1.3%,0.4%,0.6%,2018-05-31 09:00:00
2018-05-31,9:30am,USD,Natural Gas Storage,Non-economic,96B,100B,91B,2018-05-31 09:30:00
2018-05-31,10:00am,USD,Crude Oil Inventories,High,-3.6M,-0.4M,5.8M,2018-05-31 10:00:00
2018-05-31,11:20am,CAD,Gov Council Member Leduc Speaks,Non-economic,,,,2018-05-31 11:20:00
2018-05-31,11:45am,USD,FOMC Member Bostic Speaks,Medium,,,,2018-05-31 11:45:00
2018-05-31,12:00pm,USD,FOMC Member Brainard Speaks,Medium,,,,2018-05-31 12:00:00
2018-05-31,5:30pm,AUD,AIG Manufacturing Index,Non-economic,57.5,,58.3,2018-05-31 17:30:00
2018-05-31,5:45pm,NZD,Overseas Trade Index q/q,Non-economic,-1.9%,-2.0%,1.5%,2018-05-31 17:45:00
2018-05-31,6:50pm,JPY,Capital Spending q/y,Non-economic,3.4%,3.2%,4.3%,2018-05-31 18:50:00
2018-05-31,7:30pm,JPY,Final Manufacturing PMI,Non-economic,52.8,52.5,52.5,2018-05-31 19:30:00
2018-05-31,8:45pm,CNY,RatingDog Manufacturing PMI,Medium,51.1,51.3,51.1,2018-05-31 20:45:00
2018-06-01,1:30am,AUD,Commodity Prices y/y,Non-economic,3.6%,,-1.8%,2018-06-01 01:30:00
2018-06-01,2:15am,EUR,Spanish Manufacturing PMI,Non-economic,53.4,53.9,54.4,2018-06-01 02:15:00
2018-06-01,2:30am,CHF,Manufacturing PMI,Non-economic,62.4,62.3,63.6,2018-06-01 02:30:00
2018-06-01,2:45am,EUR,Italian Manufacturing PMI,Non-economic,52.7,53.0,53.5,2018-06-01 02:45:00
2018-06-01,2:50am,EUR,French Final Manufacturing PMI,Non-economic,54.4,55.1,55.1,2018-06-01 02:50:00
2018-06-01,2:55am,EUR,German Final Manufacturing PMI,Non-economic,56.9,56.8,56.8,2018-06-01 02:55:00
2018-06-01,3:00am,EUR,Final Manufacturing PMI,Non-economic,55.5,55.5,55.5,2018-06-01 03:00:00
2018-06-01,3:30am,GBP,Final Manufacturing PMI,High,54.4,53.5,53.9,2018-06-01 03:30:00
2018-06-01,Day 2,All,G7 Meetings,Medium,,,,2018-06-01 00:00:00
2018-06-01,7:30am,USD,Average Hourly Earnings m/m,High,0.3%,0.2%,0.1%,2018-06-01 07:30:00
2018-06-01,7:30am,USD,Non-Farm Employment Change,High,223K,189K,159K,2018-06-01 07:30:00
2018-06-01,7:30am,USD,Unemployment Rate,High,3.8%,3.9%,3.9%,2018-06-01 07:30:00
2018-06-01,8:30am,CAD,Manufacturing PMI,Non-economic,56.2,,55.5,2018-06-01 08:30:00
2018-06-01,8:45am,USD,Final Manufacturing PMI,Non-economic,56.4,56.6,56.6,2018-06-01 08:45:00
2018-06-01,9:00am,USD,ISM Manufacturing PMI,High,58.7,58.3,57.3,2018-06-01 09:00:00
2018-06-01,9:00am,USD,Construction Spending m/m,Non-economic,1.8%,0.8%,-1.7%,2018-06-01 09:00:00
2018-06-01,9:00am,USD,ISM Manufacturing Prices,Non-economic,79.5,78.1,79.3,2018-06-01 09:00:00
2018-06-01,All Day,USD,Wards Total Vehicle Sales,Non-economic,16.8M,16.7M,17.1M,2018-06-01 00:00:00
2018-06-01,All Day,USD,Total Vehicle Sales,Non-economic,16.9M,17.0M,17.2M,2018-06-01 00:00:00
2018-06-02,Day 3,All,G7 Meetings,Medium,,,,2018-06-02 00:00:00
2018-06-03,All Day,NZD,Bank Holiday,Low,,,,2018-06-03 00:00:00
2018-06-03,6:50pm,JPY,Monetary Base y/y,Non-economic,8.1%,7.4%,7.8%,2018-06-03 18:50:00
2018-06-03,8:00pm,AUD,MI Inflation Gauge m/m,Non-economic,0.0%,,0.5%,2018-06-03 20:00:00
2018-06-03,8:30pm,AUD,Retail Sales m/m,High,0.4%,0.3%,0.0%,2018-06-03 20:30:00
2018-06-03,8:30pm,AUD,Company Operating Profits q/q,Medium,5.9%,3.1%,2.8%,2018-06-03 20:30:00
2018-06-03,8:30pm,AUD,ANZ Job Advertisements m/m,Non-economic,1.5%,,-0.3%,2018-06-03 20:30:00
2018-06-04,2:00am,EUR,Spanish Unemployment Change,Non-economic,-83.7K,-105.7K,-86.7K,2018-06-04 02:00:00
2018-06-04,3:30am,EUR,Sentix Investor Confidence,Non-economic,9.3,18.6,19.2,2018-06-04 03:30:00
2018-06-04,3:30am,GBP,Construction PMI,High,52.5,52.0,52.5,2018-06-04 03:30:00
2018-06-04,4:00am,EUR,PPI m/m,Non-economic,0.0%,0.2%,0.1%,2018-06-04 04:00:00
2018-06-04,9:00am,USD,Factory Orders m/m,Non-economic,-0.8%,-0.4%,1.7%,2018-06-04 09:00:00
2018-06-04,12:00pm,GBP,MPC Member Tenreyro Speaks,Medium,,,,2018-06-04 12:00:00
2018-06-04,5:30pm,AUD,AIG Services Index,Non-economic,59.0,,55.2,2018-06-04 17:30:00
2018-06-04,6:01pm,GBP,BRC Retail Sales Monitor y/y,Non-economic,2.8%,2.5%,-4.2%,2018-06-04 18:01:00
2018-06-04,6:30pm,JPY,Household Spending y/y,Non-economic,-1.3%,0.8%,-0.7%,2018-06-04 18:30:00
2018-06-04,8:30pm,AUD,Current Account,Medium,-10.5B,-9.9B,-14.7B,2018-06-04 20:30:00
2018-06-04,8:45pm,CNY,RatingDog Services PMI,Medium,52.9,52.9,52.9,2018-06-04 20:45:00
2018-06-04,10:35pm,JPY,10-y Bond Auction,Non-economic,0.05|4.4,,0.05|4.2,2018-06-04 22:35:00
2018-06-04,11:30pm,AUD,RBA Rate Statement,High,,,,2018-06-04 23:30:00
2018-06-04,11:30pm,AUD,Cash Rate,Medium,1.50%,1.50%,1.50%,2018-06-04 23:30:00
2018-06-05,1:45am,EUR,French Gov Budget Balance,Non-economic,-54.3B,,-33.1B,2018-06-05 01:45:00
2018-06-05,2:15am,EUR,Spanish Services PMI,Non-economic,56.4,56.4,55.6,2018-06-05 02:15:00
2018-06-05,2:45am,EUR,Italian Services PMI,Non-economic,53.1,52.9,52.6,2018-06-05 02:45:00
2018-06-05,2:50am,EUR,French Final Services PMI,Non-economic,54.3,54.3,54.3,2018-06-05 02:50:00
2018-06-05,2:55am,EUR,German Final Services PMI,Non-economic,52.1,52.1,52.1,2018-06-05 02:55:00
2018-06-05,3:00am,EUR,Final Services PMI,Non-economic,53.8,53.9,53.9,2018-06-05 03:00:00
2018-06-05,3:30am,GBP,Final Services PMI,High,54.0,52.9,52.8,2018-06-05 03:30:00
2018-06-05,4:00am,EUR,Retail Sales m/m,Non-economic,0.1%,0.5%,0.4%,2018-06-05 04:00:00
2018-06-05,5:00am,GBP,MPC Member Cunliffe Speaks,Medium,,,,2018-06-05 05:00:00
2018-06-05,7:30am,CAD,Labor Productivity q/q,Medium,-0.3%,0.3%,0.2%,2018-06-05 07:30:00
2018-06-05,8:45am,USD,Final Services PMI,Non-economic,56.8,55.7,55.7,2018-06-05 08:45:00
2018-06-05,9:00am,USD,ISM Services PMI,High,58.6,57.9,56.8,2018-06-05 09:00:00
2018-06-05,9:00am,USD,JOLTS Job Openings,Non-economic,6.70M,6.49M,6.63M,2018-06-05 09:00:00
2018-06-05,9:26am,NZD,GDT Price Index,Medium,-1.3%,,1.9%,2018-06-05 09:26:00
2018-06-05,12:30pm,EUR,German Buba President Weidmann Speaks,Medium,,,,2018-06-05 12:30:00
2018-06-05,3:30pm,USD,API Weekly Statistical Bulletin,Non-economic,,,,2018-06-05 15:30:00
2018-06-05,6:00pm,AUD,RBA Gov Bullock Speaks,Medium,,,,2018-06-05 18:00:00
2018-06-05,7:00pm,JPY,Average Cash Earnings y/y,Non-economic,0.8%,1.4%,2.0%,2018-06-05 19:00:00
2018-06-05,8:00pm,NZD,ANZ Commodity Prices m/m,Non-economic,1.5%,,1.0%,2018-06-05 20:00:00
2018-06-05,8:15pm,AUD,HIA New Home Sales m/m,Non-economic,-4.2%,,-2.0%,2018-06-05 20:15:00
2018-06-05,8:30pm,AUD,GDP q/q,High,1.0%,0.9%,0.5%,2018-06-05 20:30:00
2018-06-06,2:15am,CHF,CPI m/m,Non-economic,0.4%,0.3%,0.2%,2018-06-06 02:15:00
2018-06-06,3:10am,EUR,Retail PMI,Non-economic,51.7,,48.6,2018-06-06 03:10:00
2018-06-06,5:40am,GBP,MPC Member Tenreyro Speaks,Medium,,,,2018-06-06 05:40:00
2018-06-06,7:30am,CAD,Trade Balance,High,-1.9B,-3.4B,-3.9B,2018-06-06 07:30:00
2018-06-06,7:30am,CAD,Building Permits m/m,Medium,-4.6%,-1.0%,1.3%,2018-06-06 07:30:00
2018-06-06,7:30am,USD,Revised Nonfarm Productivity q/q,Non-economic,0.4%,0.7%,0.7%,2018-06-06 07:30:00
2018-06-06,7:30am,USD,Revised Unit Labor Costs q/q,Non-economic,2.9%,2.7%,2.7%,2018-06-06 07:30:00
2018-06-06,7:30am,USD,Trade Balance,Non-economic,-46.2B,-50.0B,-47.2B,2018-06-06 07:30:00
2018-06-06,9:00am,CAD,Ivey PMI,Non-economic,62.5,69.7,71.5,2018-06-06 09:00:00
2018-06-06,9:30am,USD,Crude Oil Inventories,High,2.1M,-2.0M,-3.6M,2018-06-06 09:30:00
2018-06-06,11:00am,GBP,MPC Member McCafferty Speaks,Medium,,,,2018-06-06 11:00:00
2018-06-06,5:30pm,AUD,AIG Construction Index,Non-economic,54.0,,55.4,2018-06-06 17:30:00
2018-06-06,8:30pm,AUD,Goods Trade Balance,High,0.98B,0.98B,1.73B,2018-06-06 20:30:00
2018-06-07,12:00am,JPY,Leading Indicators,Non-economic,105.6%,105.6%,104.4%,2018-06-07 00:00:00
2018-06-07,12:45am,CHF,Unemployment Rate,Non-economic,2.6%,2.6%,2.7%,2018-06-07 00:45:00
2018-06-07,1:00am,EUR,German Factory Orders m/m,Non-economic,-2.5%,0.7%,-1.1%,2018-06-07 01:00:00
2018-06-07,1:45am,EUR,French Trade Balance,Non-economic,-5.0B,-5.1B,-5.0B,2018-06-07 01:45:00
2018-06-07,2:00am,CHF,Foreign Currency Reserves,Non-economic,741B,,757B,2018-06-07 02:00:00
2018-06-07,2:30am,GBP,Halifax HPI m/m,Medium,1.5%,1.1%,-3.1%,2018-06-07 02:30:00
2018-06-07,3:00am,EUR,Italian Retail Sales m/m,Non-economic,-0.7%,0.2%,-0.2%,2018-06-07 03:00:00
2018-06-07,3:50am,EUR,Spanish 10-y Bond Auction,Non-economic,1.41|2.2,,1.37|2.3,2018-06-07 03:50:00
2018-06-07,4:00am,EUR,Revised GDP q/q,Non-economic,0.4%,0.4%,0.4%,2018-06-07 04:00:00
2018-06-07,4:03am,EUR,French 10-y Bond Auction,Non-economic,0.90|1.9,,0.81|1.9,2018-06-07 04:03:00
2018-06-07,7:30am,USD,Unemployment Claims,Medium,222K,223K,223K,2018-06-07 07:30:00
2018-06-07,9:00am,USD,RCM/TIPP Economic Optimism,Non-economic,53.9,54.2,53.6,2018-06-07 09:00:00
2018-06-07,9:30am,CAD,BOC Financial System Review,Medium,,,,2018-06-07 09:30:00
2018-06-07,9:30am,USD,Natural Gas Storage,Non-economic,92B,87B,96B,2018-06-07 09:30:00
2018-06-07,10:00am,GBP,MPC Member Ramsden Speaks,Medium,,,,2018-06-07 10:00:00
2018-06-07,10:15am,CAD,BOC Gov Poloz Speaks,High,,,,2018-06-07 10:15:00
2018-06-07,2:00pm,USD,Consumer Credit m/m,Non-economic,9.3B,13.9B,12.3B,2018-06-07 14:00:00
2018-06-07,6:50pm,JPY,Bank Lending y/y,Non-economic,2.0%,2.2%,2.1%,2018-06-07 18:50:00
2018-06-07,6:50pm,JPY,Current Account,Non-economic,1.89T,2.10T,1.77T,2018-06-07 18:50:00
2018-06-07,6:50pm,JPY,Final GDP Price Index y/y,Non-economic,0.5%,0.5%,0.5%,2018-06-07 18:50:00
2018-06-07,6:50pm,JPY,Final GDP q/q,Non-economic,-0.2%,-0.1%,-0.2%,2018-06-07 18:50:00
2018-06-07,10:15pm,CNY,Trade Balance,Medium,157B,238B,183B,2018-06-07 22:15:00
2018-06-07,10:23pm,CNY,USD-Denominated Trade Balance,Non-economic,24.9B,32.5B,28.8B,2018-06-07 22:23:00
2018-06-08,12:00am,JPY,Economy Watchers Sentiment,Non-economic,47.1,49.4,49.0,2018-06-08 00:00:00
2018-06-08,1:00am,EUR,German Industrial Production m/m,Non-economic,-1.0%,0.4%,1.7%,2018-06-08 01:00:00
2018-06-08,1:00am,EUR,German Trade Balance,Non-economic,19.4B,20.3B,22.0B,2018-06-08 01:00:00
2018-06-08,1:45am,EUR,French Industrial Production m/m,Non-economic,-0.5%,0.4%,-0.4%,2018-06-08 01:45:00
2018-06-08,3:30am,GBP,Consumer Inflation Expectations,Non-economic,2.9%,,2.9%,2018-06-08 03:30:00
2018-06-08,Day 1,All,G7 Meetings,High,,,,2018-06-08 00:00:00
2018-06-08,7:13am,CAD,Housing Starts,Non-economic,196K,219K,215K,2018-06-08 07:13:00
2018-06-08,7:30am,CAD,Employment Change,High,-7.5K,19.1K,-1.1K,2018-06-08 07:30:00
2018-06-08,7:30am,CAD,Unemployment Rate,High,5.8%,5.8%,5.8%,2018-06-08 07:30:00
2018-06-08,7:30am,CAD,Capacity Utilization Rate,Non-economic,86.1%,86.3%,85.6%,2018-06-08 07:30:00
2018-06-08,9:00am,USD,Final Wholesale Inventories m/m,Non-economic,0.1%,0.0%,0.0%,2018-06-08 09:00:00
2018-06-08,8:30pm,CNY,CPI y/y,Medium,1.8%,1.8%,1.8%,2018-06-08 20:30:00
2018-06-08,8:30pm,CNY,PPI y/y,Non-economic,4.1%,3.9%,3.4%,2018-06-08 20:30:00
2018-06-09,Day 2,All,G7 Meetings,High,,,,2018-06-09 00:00:00
2018-06-10,All Day,AUD,Bank Holiday,Low,,,,2018-06-10 00:00:00
2018-06-10,5:45pm,NZD,Manufacturing Sales q/q,Non-economic,0.6%,,2.6%,2018-06-10 17:45:00
2018-06-10,6:50pm,JPY,Core Machinery Orders m/m,Non-economic,10.1%,2.5%,-3.9%,2018-06-10 18:50:00
2018-06-10,6:50pm,JPY,M2 Money Stock y/y,Non-economic,3.2%,3.3%,3.2%,2018-06-10 18:50:00
2018-06-11,12:59am,JPY,Prelim Machine Tool Orders y/y,Non-economic,14.9%,,22.0%,2018-06-11 00:59:00
2018-06-11,3:00am,EUR,Italian Industrial Production m/m,Non-economic,-1.2%,-0.7%,1.2%,2018-06-11 03:00:00
2018-06-11,3:30am,GBP,Manufacturing Production m/m,High,-1.4%,0.3%,-0.1%,2018-06-11 03:30:00
2018-06-11,3:30am,GBP,Goods Trade Balance,Medium,-14.0B,-11.5B,-12.0B,2018-06-11 03:30:00
2018-06-11,3:30am,GBP,Construction Output m/m,Non-economic,0.5%,2.4%,-2.3%,2018-06-11 03:30:00
2018-06-11,3:30am,GBP,Industrial Production m/m,Non-economic,-0.8%,0.1%,0.1%,2018-06-11 03:30:00
2018-06-11,6:08am,GBP,NIESR GDP Estimate,Non-economic,0.2%,,0.1%,2018-06-11 06:08:00
2018-06-11,12:01pm,USD,10-y Bond Auction,Non-economic,2.96|2.6,,3.00|2.6,2018-06-11 12:01:00
2018-06-11,6:50pm,JPY,BSI Manufacturing Index,Non-economic,-3.2,3.2,2.9,2018-06-11 18:50:00
2018-06-11,6:50pm,JPY,PPI y/y,Non-economic,2.7%,2.1%,2.1%,2018-06-11 18:50:00
2018-06-11,8:30pm,AUD,NAB Business Confidence,Medium,6,,11,2018-06-11 20:30:00
2018-06-11,8:30pm,AUD,Home Loans m/m,Non-economic,-1.4%,-1.7%,-2.3%,2018-06-11 20:30:00
2018-06-11,11:30pm,JPY,Tertiary Industry Activity m/m,Non-economic,1.0%,0.6%,-0.3%,2018-06-11 23:30:00
2018-06-12,12:30am,EUR,French Final Private Payrolls q/q,Non-economic,0.2%,0.3%,0.3%,2018-06-12 00:30:00
2018-06-12,3:00am,EUR,Italian Quarterly Unemployment Rate,Non-economic,11.1%,11.1%,11.1%,2018-06-12 03:00:00
2018-06-12,3:30am,GBP,Average Earnings Index 3m/y,High,2.5%,2.5%,2.6%,2018-06-12 03:30:00
2018-06-12,3:30am,GBP,Claimant Count Change,Medium,-7.7K,11.3K,28.2K,2018-06-12 03:30:00
2018-06-12,3:30am,GBP,Unemployment Rate,Medium,4.2%,4.2%,4.2%,2018-06-12 03:30:00
2018-06-12,4:00am,CNY,M2 Money Supply y/y,Non-economic,8.3%,8.5%,8.3%,2018-06-12 04:00:00
2018-06-12,4:00am,CNY,New Loans,Non-economic,1150B,1200B,1180B,2018-06-12 04:00:00
2018-06-12,4:00am,EUR,German ZEW Economic Sentiment,Medium,-16.1,-14.6,-8.2,2018-06-12 04:00:00
2018-06-12,4:00am,EUR,ZEW Economic Sentiment,Non-economic,-12.6,0.1,2.4,2018-06-12 04:00:00
2018-06-12,5:00am,USD,NFIB Small Business Index,Non-economic,107.8,105.2,104.8,2018-06-12 05:00:00
2018-06-12,7:30am,USD,Core CPI m/m,High,0.2%,0.1%,0.1%,2018-06-12 07:30:00
2018-06-12,7:30am,USD,CPI m/m,High,0.2%,0.2%,0.2%,2018-06-12 07:30:00
2018-06-12,7:30am,USD,CPI y/y,High,2.8%,2.8%,2.5%,2018-06-12 07:30:00
2018-06-12,12:01pm,USD,30-y Bond Auction,Non-economic,3.10|2.4,,3.13|2.4,2018-06-12 12:01:00
2018-06-12,1:00pm,USD,Federal Budget Balance,Non-economic,-146.8B,-119.0B,214.3B,2018-06-12 13:00:00
2018-06-12,3:30pm,USD,API Weekly Statistical Bulletin,Non-economic,,,,2018-06-12 15:30:00
2018-06-12,5:45pm,NZD,FPI m/m,Non-economic,0.0%,,0.1%,2018-06-12 17:45:00
2018-06-12,7:30pm,AUD,Westpac Consumer Sentiment,Non-economic,0.3%,,-0.6%,2018-06-12 19:30:00
2018-06-12,10:20pm,AUD,RBA Gov Lowe Speaks,High,,,,2018-06-12 22:20:00
2018-06-13,2:15am,CHF,PPI m/m,Medium,0.2%,0.3%,0.4%,2018-06-13 02:15:00
2018-06-13,3:30am,GBP,CPI y/y,High,2.4%,2.4%,2.4%,2018-06-13 03:30:00
2018-06-13,3:30am,GBP,PPI Input m/m,Medium,2.8%,1.7%,0.6%,2018-06-13 03:30:00
2018-06-13,3:30am,GBP,Core CPI y/y,Non-economic,2.1%,2.1%,2.1%,2018-06-13 03:30:00
2018-06-13,3:30am,GBP,HPI y/y,Non-economic,3.9%,4.4%,4.2%,2018-06-13 03:30:00
2018-06-13,3:30am,GBP,PPI Output m/m,Non-economic,0.4%,0.3%,0.4%,2018-06-13 03:30:00
2018-06-13,3:30am,GBP,RPI y/y,Non-economic,3.3%,3.4%,3.4%,2018-06-13 03:30:00
2018-06-13,4:00am,EUR,Final Employment Change q/q,Non-economic,0.4%,0.3%,0.3%,2018-06-13 04:00:00
2018-06-13,4:00am,EUR,Industrial Production m/m,Non-economic,-0.9%,-0.6%,0.6%,2018-06-13 04:00:00
2018-06-13,4:38am,EUR,German 10-y Bond Auction,Non-economic,0.48|1.1,,0.62|2.8,2018-06-13 04:38:00
2018-06-13,7:30am,USD,PPI m/m,High,0.5%,0.3%,0.1%,2018-06-13 07:30:00
2018-06-13,7:30am,USD,Core PPI m/m,Medium,0.3%,0.2%,0.2%,2018-06-13 07:30:00
2018-06-13,9:30am,USD,Crude Oil Inventories,High,-4.1M,-1.4M,2.1M,2018-06-13 09:30:00
2018-06-13,1:00pm,USD,Federal Funds Rate,High,2.00%,2.00%,1.75%,2018-06-13 13:00:00
2018-06-13,1:00pm,USD,FOMC Economic Projections,High,,,,2018-06-13 13:00:00
2018-06-13,1:00pm,USD,FOMC Statement,High,,,,2018-06-13 13:00:00
2018-06-13,1:30pm,USD,FOMC Press Conference,High,,,,2018-06-13 13:30:00
2018-06-13,6:01pm,GBP,RICS House Price Balance,Non-economic,-3%,-5%,-7%,2018-06-13 18:01:00
2018-06-13,8:00pm,AUD,MI Inflation Expectations,Non-economic,4.2%,,3.7%,2018-06-13 20:00:00
2018-06-13,8:30pm,AUD,Employment Change,High,12.0K,18.8K,18.3K,2018-06-13 20:30:00
2018-06-13,8:30pm,AUD,Unemployment Rate,High,5.4%,5.5%,5.6%,2018-06-13 20:30:00
2018-06-13,9:00pm,CNY,Fixed Asset Investment ytd/y,Medium,6.1%,7.0%,7.0%,2018-06-13 21:00:00
2018-06-13,9:00pm,CNY,Industrial Production y/y,Medium,6.8%,6.9%,7.0%,2018-06-13 21:00:00
2018-06-13,9:00pm,CNY,Retail Sales y/y,Non-economic,8.5%,9.6%,9.4%,2018-06-13 21:00:00
2018-06-13,9:00pm,CNY,Unemployment Rate,Non-economic,4.8%,,4.9%,2018-06-13 21:00:00
2018-06-13,9:06pm,CNY,Foreign Direct Investment ytd/y,Non-economic,1.3%,,0.1%,2018-06-13 21:06:00
2018-06-13,11:30pm,JPY,Revised Industrial Production m/m,Non-economic,0.5%,0.3%,0.3%,2018-06-13 23:30:00
2018-06-14,12:30am,EUR,German Final CPI m/m,Non-economic,0.5%,0.5%,0.5%,2018-06-14 00:30:00
2018-06-14,1:45am,EUR,French Final CPI m/m,Non-economic,0.4%,0.4%,0.4%,2018-06-14 01:45:00
2018-06-14,3:30am,GBP,Retail Sales m/m,High,1.3%,0.5%,1.8%,2018-06-14 03:30:00
2018-06-14,6:45am,EUR,Main Refinancing Rate,High,0.00%,0.00%,0.00%,2018-06-14 06:45:00
2018-06-14,6:45am,EUR,Monetary Policy Statement,High,,,,2018-06-14 06:45:00
2018-06-14,7:30am,CAD,NHPI m/m,Medium,0.0%,0.2%,0.0%,2018-06-14 07:30:00
2018-06-14,7:30am,EUR,ECB Press Conference,High,,,,2018-06-14 07:30:00
2018-06-14,7:30am,USD,Core Retail Sales m/m,High,0.9%,0.5%,0.4%,2018-06-14 07:30:00
2018-06-14,7:30am,USD,Retail Sales m/m,High,0.8%,0.4%,0.4%,2018-06-14 07:30:00
2018-06-14,7:30am,USD,Unemployment Claims,Medium,218K,223K,222K,2018-06-14 07:30:00
2018-06-14,7:30am,USD,Import Prices m/m,Non-economic,0.6%,0.5%,0.6%,2018-06-14 07:30:00
2018-06-14,9:00am,USD,Business Inventories m/m,Non-economic,0.3%,0.3%,-0.1%,2018-06-14 09:00:00
2018-06-14,9:30am,USD,Natural Gas Storage,Non-economic,96B,87B,92B,2018-06-14 09:30:00
2018-06-14,5:30pm,NZD,BusinessNZ Manufacturing Index,Medium,54.5,,59.1,2018-06-14 17:30:00
2018-06-14,8:30pm,CNY,New Home Prices m/m,Non-economic,0.80%,,0.57%,2018-06-14 20:30:00
2018-06-14,9:41pm,JPY,Monetary Policy Statement,High,,,,2018-06-14 21:41:00
2018-06-14,9:41pm,JPY,BOJ Policy Rate,Medium,-0.10%,-0.10%,-0.10%,2018-06-14 21:41:00
2018-06-14,10:30pm,AUD,RBA Assist Gov Ellis Speaks,Medium,,,,2018-06-14 22:30:00
2018-06-15,1:00am,EUR,German WPI m/m,Non-economic,0.8%,0.3%,0.5%,2018-06-15 01:00:00
2018-06-15,1:28am,JPY,BOJ Press Conference,High,,,,2018-06-15 01:28:00
2018-06-15,4:00am,EUR,Final CPI y/y,Medium,1.9%,1.9%,1.9%,2018-06-15 04:00:00
2018-06-15,4:00am,EUR,Final Core CPI y/y,Non-economic,1.1%,1.1%,1.1%,2018-06-15 04:00:00
2018-06-15,4:00am,EUR,Trade Balance,Non-economic,18.1B,20.2B,19.8B,2018-06-15 04:00:00
2018-06-15,7:30am,CAD,Foreign Securities Purchases,Medium,9.13B,5.49B,6.40B,2018-06-15 07:30:00
2018-06-15,7:30am,CAD,Manufacturing Sales m/m,Medium,-1.3%,0.6%,1.4%,2018-06-15 07:30:00
2018-06-15,7:30am,USD,Empire State Manufacturing Index,Medium,25.0,19.1,20.1,2018-06-15 07:30:00
2018-06-15,8:15am,USD,Capacity Utilization Rate,Medium,77.9%,78.1%,78.1%,2018-06-15 08:15:00
2018-06-15,8:15am,USD,Industrial Production m/m,Medium,-0.1%,0.2%,0.9%,2018-06-15 08:15:00
2018-06-15,8:30am,GBP,CB Leading Index m/m,Non-economic,-0.2%,,-0.3%,2018-06-15 08:30:00
2018-06-15,9:00am,USD,Prelim UoM Consumer Sentiment,Medium,99.3,98.5,98.0,2018-06-15 09:00:00
2018-06-15,9:00am,USD,Prelim UoM Inflation Expectations,Non-economic,2.9%,,2.8%,2018-06-15 09:00:00
2018-06-15,3:00pm,USD,TIC Long-Term Purchases,Non-economic,93.9B,58.5B,61.8B,2018-06-15 15:00:00
2018-06-17,5:30pm,NZD,BusinessNZ Services Index,Non-economic,57.3,,56.4,2018-06-17 17:30:00
2018-06-17,6:01pm,GBP,Rightmove HPI m/m,Non-economic,0.4%,,0.8%,2018-06-17 18:01:00
2018-06-17,6:50pm,JPY,Trade Balance,Non-economic,-0.30T,0.14T,0.45T,2018-06-17 18:50:00
2018-06-17,All Day,CNY,Bank Holiday,Low,,,,2018-06-17 00:00:00
2018-06-18,3:00am,EUR,Italian Trade Balance,Non-economic,2.94B,3.21B,4.53B,2018-06-18 03:00:00
2018-06-18,5:00am,EUR,German Buba Monthly Report,Non-economic,,,,2018-06-18 05:00:00
2018-06-18,9:00am,USD,NAHB Housing Market Index,Non-economic,68,70,70,2018-06-18 09:00:00
2018-06-18,9:30am,AUD,CB Leading Index m/m,Non-economic,0.1%,,0.3%,2018-06-18 09:30:00
2018-06-18,11:45am,CAD,Gov Council Member Patterson Speaks,Non-economic,,,,2018-06-18 11:45:00
2018-06-18,12:00pm,USD,FOMC Member Bostic Speaks,Medium,,,,2018-06-18 12:00:00
2018-06-18,2:00pm,EUR,ECB President Draghi Speaks,High,,,,2018-06-18 14:00:00
2018-06-18,3:00pm,USD,FOMC Member Williams Speaks,Medium,,,,2018-06-18 15:00:00
2018-06-18,8:30pm,AUD,Monetary Policy Meeting Minutes,High,,,,2018-06-18 20:30:00
2018-06-18,8:30pm,AUD,HPI q/q,Medium,-0.7%,-0.9%,1.0%,2018-06-18 20:30:00
2018-06-18,10:35pm,JPY,30-y Bond Auction,Non-economic,0.71|4.2,,0.75|4.4,2018-06-18 22:35:00
2018-06-19,12:45am,CHF,SECO Economic Forecasts,Non-economic,,,,2018-06-19 00:45:00
2018-06-19,3:00am,EUR,ECB President Draghi Speaks,High,,,,2018-06-19 03:00:00
2018-06-19,3:00am,EUR,Current Account,Non-economic,28.4B,30.3B,32.8B,2018-06-19 03:00:00
2018-06-19,7:30am,USD,Building Permits,High,1.30M,1.35M,1.36M,2018-06-19 07:30:00
2018-06-19,7:30am,USD,Housing Starts,Medium,1.35M,1.31M,1.29M,2018-06-19 07:30:00
2018-06-19,9:20am,NZD,GDT Price Index,Medium,-1.2%,,-1.3%,2018-06-19 09:20:00
2018-06-19,3:30pm,USD,API Weekly Statistical Bulletin,Non-economic,,,,2018-06-19 15:30:00
2018-06-19,4:48pm,NZD,Westpac Consumer Sentiment,Non-economic,108.6,,111.2,2018-06-19 16:48:00
2018-06-19,5:45pm,NZD,Current Account,Medium,0.18B,0.05B,-2.75B,2018-06-19 17:45:00
2018-06-19,6:50pm,JPY,Monetary Policy Meeting Minutes,Non-economic,,,,2018-06-19 18:50:00
2018-06-19,7:30pm,AUD,MI Leading Index m/m,Non-economic,-0.2%,,0.2%,2018-06-19 19:30:00
2018-06-20,1:00am,EUR,German PPI m/m,Non-economic,0.5%,0.4%,0.5%,2018-06-20 01:00:00
2018-06-20,4:35am,EUR,German 30-y Bond Auction,Non-economic,1.06|1.2,,1.26|1.1,2018-06-20 04:35:00
2018-06-20,5:00am,GBP,CBI Industrial Order Expectations,Non-economic,13,1,-3,2018-06-20 05:00:00
2018-06-20,7:30am,USD,Current Account,Medium,-124B,-129B,-116B,2018-06-20 07:30:00
2018-06-20,8:30am,AUD,RBA Gov Lowe Speaks,High,,,,2018-06-20 08:30:00
2018-06-20,8:30am,EUR,ECB President Draghi Speaks,High,,,,2018-06-20 08:30:00
2018-06-20,8:30am,JPY,BOJ Gov Kuroda Speaks,High,,,,2018-06-20 08:30:00
2018-06-20,8:30am,USD,Fed Chairman Powell Speaks,High,,,,2018-06-20 08:30:00
2018-06-20,9:00am,USD,Existing Home Sales,Medium,5.43M,5.52M,5.45M,2018-06-20 09:00:00
2018-06-20,9:30am,USD,Crude Oil Inventories,High,-5.9M,-2.1M,-4.1M,2018-06-20 09:30:00
2018-06-20,5:45pm,NZD,GDP q/q,High,0.5%,0.5%,0.6%,2018-06-20 17:45:00
2018-06-20,8:30pm,AUD,RBA Bulletin,Non-economic,,,,2018-06-20 20:30:00
2018-06-20,11:30pm,CHF,SNB Financial Stability Report,Medium,,,,2018-06-20 23:30:00
2018-06-21,1:00am,CHF,Trade Balance,Non-economic,2.76B,1.89B,2.24B,2018-06-21 01:00:00
2018-06-21,2:30am,CHF,SNB Monetary Policy Assessment,High,,,,2018-06-21 02:30:00
2018-06-21,2:30am,CHF,Libor Rate,Medium,-0.75%,-0.75%,-0.75%,2018-06-21 02:30:00
2018-06-21,3:00am,CHF,SNB Press Conference,High,,,,2018-06-21 03:00:00
2018-06-21,3:30am,GBP,Public Sector Net Borrowing,Medium,3.4B,5.1B,5.3B,2018-06-21 03:30:00
2018-06-21,All Day,All,OPEC-JMMC Meetings,Medium,,,,2018-06-21 00:00:00
2018-06-21,All Day,EUR,Eurogroup Meetings,Non-economic,,,,2018-06-21 00:00:00
2018-06-21,4:45am,EUR,German Buba President Weidmann Speaks,Medium,,,,2018-06-21 04:45:00
2018-06-21,6:00am,GBP,Monetary Policy Summary,High,,,,2018-06-21 06:00:00
2018-06-21,6:00am,GBP,MPC Official Bank Rate Votes,High,3-0-6,2-0-7,2-0-7,2018-06-21 06:00:00
2018-06-21,6:00am,GBP,Official Bank Rate,High,0.50%,0.50%,0.50%,2018-06-21 06:00:00
2018-06-21,6:00am,GBP,Asset Purchase Facility,Non-economic,435B,435B,435B,2018-06-21 06:00:00
2018-06-21,6:00am,GBP,MPC Asset Purchase Facility Votes,Non-economic,0-0-9,0-0-9,0-0-9,2018-06-21 06:00:00
2018-06-21,7:30am,CAD,ADP Non-Farm Employment Change,Non-economic,2.9K,,15.1K,2018-06-21 07:30:00
2018-06-21,7:30am,CAD,Wholesale Sales m/m,Non-economic,0.1%,0.4%,1.4%,2018-06-21 07:30:00
2018-06-21,7:30am,USD,Philly Fed Manufacturing Index,Medium,19.9,28.9,34.4,2018-06-21 07:30:00
2018-06-21,7:30am,USD,Unemployment Claims,Medium,218K,220K,221K,2018-06-21 07:30:00
2018-06-21,8:00am,USD,HPI m/m,Non-economic,0.1%,0.3%,0.1%,2018-06-21 08:00:00
2018-06-21,9:00am,EUR,Consumer Confidence,Non-economic,-1,0,0,2018-06-21 09:00:00
2018-06-21,9:00am,USD,CB Leading Index m/m,Non-economic,0.2%,0.4%,0.4%,2018-06-21 09:00:00
2018-06-21,9:30am,USD,Natural Gas Storage,Non-economic,91B,85B,96B,2018-06-21 09:30:00
2018-06-21,3:15pm,GBP,BOE Gov Carney Speaks,High,,,,2018-06-21 15:15:00
2018-06-21,3:30pm,USD,Bank Stress Test Results,Non-economic,,,,2018-06-21 15:30:00
2018-06-21,5:45pm,NZD,Visitor Arrivals m/m,Non-economic,2.7%,,-1.0%,2018-06-21 17:45:00
2018-06-21,6:30pm,JPY,National Core CPI y/y,Non-economic,0.7%,0.7%,0.7%,2018-06-21 18:30:00
2018-06-21,7:30pm,JPY,Flash Manufacturing PMI,Non-economic,53.1,52.6,52.8,2018-06-21 19:30:00
2018-06-21,10:00pm,NZD,Credit Card Spending y/y,Non-economic,3.7%,,6.9%,2018-06-21 22:00:00
2018-06-21,11:30pm,JPY,All Industries Activity m/m,Non-economic,1.0%,0.9%,0.0%,2018-06-21 23:30:00
2018-06-22,2:00am,EUR,French Flash Manufacturing PMI,Medium,53.1,54.0,54.4,2018-06-22 02:00:00
2018-06-22,2:00am,EUR,French Flash Services PMI,Medium,56.4,54.3,54.3,2018-06-22 02:00:00
2018-06-22,2:30am,EUR,German Flash Manufacturing PMI,Medium,55.9,56.3,56.9,2018-06-22 02:30:00
2018-06-22,2:30am,EUR,German Flash Services PMI,Medium,53.9,52.2,52.1,2018-06-22 02:30:00
2018-06-22,3:00am,EUR,Flash Manufacturing PMI,Medium,55.0,55.0,55.5,2018-06-22 03:00:00
2018-06-22,3:00am,EUR,Flash Services PMI,Medium,55.0,53.7,53.8,2018-06-22 03:00:00
2018-06-22,All Day,All,OPEC Meetings,High,,,,2018-06-22 00:00:00
2018-06-22,All Day,EUR,ECOFIN Meetings,Non-economic,,,,2018-06-22 00:00:00
2018-06-22,7:30am,CAD,Core Retail Sales m/m,High,-0.1%,0.5%,-0.2%,2018-06-22 07:30:00
2018-06-22,7:30am,CAD,CPI m/m,High,0.1%,0.4%,0.3%,2018-06-22 07:30:00
2018-06-22,7:30am,CAD,Common CPI y/y,Medium,1.9%,,1.9%,2018-06-22 07:30:00
2018-06-22,7:30am,CAD,Median CPI y/y,Medium,1.9%,,1.9%,2018-06-22 07:30:00
2018-06-22,7:30am,CAD,Retail Sales m/m,Medium,-1.2%,0.0%,0.8,2018-06-22 07:30:00
2018-06-22,7:30am,CAD,Trimmed CPI y/y,Medium,1.9%,,2.1%,2018-06-22 07:30:00
2018-06-22,7:43am,CAD,Core CPI m/m,Non-economic,-0.1%,,0.1%,2018-06-22 07:43:00
2018-06-22,7:59am,EUR,Belgian NBB Business Climate,Non-economic,0.6,0.0,0.2,2018-06-22 07:59:00
2018-06-22,8:45am,USD,Flash Manufacturing PMI,Non-economic,54.6,56.3,56.4,2018-06-22 08:45:00
2018-06-22,8:45am,USD,Flash Services PMI,Non-economic,56.5,56.4,56.8,2018-06-22 08:45:00
2018-06-24,6:50pm,JPY,BOJ Summary of Opinions,Non-economic,,,,2018-06-24 18:50:00
2018-06-25,3:00am,EUR,German ifo Business Climate,Medium,101.8,101.9,102.3,2018-06-25 03:00:00
2018-06-25,9:00am,USD,New Home Sales,Non-economic,689K,665K,646K,2018-06-25 09:00:00
2018-06-25,6:50pm,JPY,SPPI y/y,Non-economic,1.0%,1.0%,1.0%,2018-06-25 18:50:00
2018-06-25,9:00pm,NZD,RBNZ Statement of Intent,Medium,,,,2018-06-25 21:00:00
2018-06-26,12:00am,JPY,BOJ Core CPI y/y,Non-economic,0.5%,0.6%,0.5%,2018-06-26 00:00:00
2018-06-26,3:30am,GBP,High Street Lending,Non-economic,39.2K,38.2K,38.3K,2018-06-26 03:30:00
2018-06-26,4:00am,GBP,MPC Member Haskel Speaks,Medium,,,,2018-06-26 04:00:00
2018-06-26,4:30am,GBP,MPC Member McCafferty Speaks,Medium,,,,2018-06-26 04:30:00
2018-06-26,8:00am,USD,S&P/CS Composite-20 HPI y/y,Non-economic,6.6%,6.9%,6.7%,2018-06-26 08:00:00
2018-06-26,8:59am,USD,Richmond Manufacturing Index,Non-economic,20,15,16,2018-06-26 08:59:00
2018-06-26,9:00am,USD,CB Consumer Confidence,High,126.4,127.6,128.8,2018-06-26 09:00:00
2018-06-26,12:00pm,USD,FOMC Member Bostic Speaks,Medium,,,,2018-06-26 12:00:00
2018-06-26,3:30pm,USD,API Weekly Statistical Bulletin,Non-economic,,,,2018-06-26 15:30:00
2018-06-26,5:45pm,NZD,Trade Balance,Medium,294M,100M,193M,2018-06-26 17:45:00
2018-06-26,8:00pm,NZD,ANZ Business Confidence,High,-39.0,,-27.2,2018-06-26 20:00:00
2018-06-27,12:58am,GBP,Nationwide HPI m/m,Non-economic,0.5%,0.3%,-0.2%,2018-06-27 00:58:00
2018-06-27,3:00am,CHF,UBS Economic Expectations,Medium,8.0,,28.0,2018-06-27 03:00:00
2018-06-27,3:00am,EUR,M3 Money Supply y/y,Medium,4.0%,3.8%,3.8%,2018-06-27 03:00:00
2018-06-27,3:00am,EUR,Private Loans y/y,Non-economic,2.9%,3.0%,2.9%,2018-06-27 03:00:00
2018-06-27,4:30am,GBP,BOE Financial Stability Report,Medium,,,,2018-06-27 04:30:00
2018-06-27,4:30am,GBP,FPC Statement,Non-economic,,,,2018-06-27 04:30:00
2018-06-27,5:00am,GBP,BOE Gov Carney Speaks,High,,,,2018-06-27 05:00:00
2018-06-27,5:00am,GBP,CBI Realized Sales,Non-economic,32,10,11,2018-06-27 05:00:00
2018-06-27,7:30am,USD,Core Durable Goods Orders m/m,High,-0.3%,0.5%,1.9%,2018-06-27 07:30:00
2018-06-27,7:30am,USD,Durable Goods Orders m/m,Medium,-0.6%,-0.9%,-1.6%,2018-06-27 07:30:00
2018-06-27,7:30am,USD,Goods Trade Balance,Non-economic,-64.8B,-68.9B,-67.3B,2018-06-27 07:30:00
2018-06-27,7:30am,USD,Prelim Wholesale Inventories m/m,Non-economic,0.5%,0.2%,0.1%,2018-06-27 07:30:00
2018-06-27,8:00am,CHF,SNB Quarterly Bulletin,Non-economic,,,,2018-06-27 08:00:00
2018-06-27,8:00am,CNY,CB Leading Index m/m,Non-economic,2.1%,,1.6%,2018-06-27 08:00:00
2018-06-27,9:00am,USD,Pending Home Sales m/m,Non-economic,-0.5%,0.4%,-1.3%,2018-06-27 09:00:00
2018-06-27,9:30am,USD,Crude Oil Inventories,High,-9.9M,-2.4M,-5.9M,2018-06-27 09:30:00
2018-06-27,10:00am,USD,FOMC Member Quarles Speaks,Medium,,,,2018-06-27 10:00:00
2018-06-27,2:00pm,CAD,BOC Gov Poloz Speaks,High,,,,2018-06-27 14:00:00
2018-06-27,4:00pm,NZD,Official Cash Rate,High,1.75%,1.75%,1.75%,2018-06-27 16:00:00
2018-06-27,4:00pm,NZD,RBNZ Rate Statement,High,,,,2018-06-27 16:00:00
2018-06-27,6:50pm,JPY,Retail Sales y/y,Non-economic,0.6%,1.3%,1.5%,2018-06-27 18:50:00
2018-06-28,1:00am,EUR,German GfK Consumer Climate,Non-economic,10.7,10.6,10.7,2018-06-28 01:00:00
2018-06-28,All Day,EUR,German Prelim CPI m/m,Medium,0.1%,0.2%,0.5%,2018-06-28 00:00:00
2018-06-28,2:00am,EUR,Spanish Flash CPI y/y,Medium,2.3%,2.3%,2.1%,2018-06-28 02:00:00
2018-06-28,3:00am,EUR,ECB Economic Bulletin,Non-economic,,,,2018-06-28 03:00:00
2018-06-28,4:00am,EUR,Italian Prelim CPI m/m,Non-economic,0.3%,0.2%,0.3%,2018-06-28 04:00:00
2018-06-28,4:17am,EUR,Italian 10-y Bond Auction,Non-economic,2.77|1.3,,3.00|1.5,2018-06-28 04:17:00
2018-06-28,Day 1,EUR,EU Economic Summit,High,,,,2018-06-28 00:00:00
2018-06-28,7:30am,USD,Final GDP q/q,High,2.0%,2.2%,2.2%,2018-06-28 07:30:00
2018-06-28,7:30am,USD,Unemployment Claims,Medium,227K,220K,218K,2018-06-28 07:30:00
2018-06-28,7:30am,USD,Final GDP Price Index q/q,Non-economic,2.2%,1.9%,1.9%,2018-06-28 07:30:00
2018-06-28,8:30am,GBP,MPC Member Haldane Speaks,Medium,,,,2018-06-28 08:30:00
2018-06-28,9:30am,USD,Natural Gas Storage,Non-economic,66B,73B,91B,2018-06-28 09:30:00
2018-06-28,11:00am,USD,FOMC Member Bostic Speaks,Medium,,,,2018-06-28 11:00:00
2018-06-28,3:30pm,USD,Bank Stress Test Results,Non-economic,,,,2018-06-28 15:30:00
2018-06-28,5:45pm,NZD,Building Consents m/m,Non-economic,7.1%,,-3.6%,2018-06-28 17:45:00
2018-06-28,6:01pm,GBP,GfK Consumer Confidence,Non-economic,-9,-7,-7,2018-06-28 18:01:00
2018-06-28,6:30pm,JPY,Tokyo Core CPI y/y,Non-economic,0.7%,0.6%,0.5%,2018-06-28 18:30:00
2018-06-28,6:30pm,JPY,Unemployment Rate,Non-economic,2.2%,2.5%,2.5%,2018-06-28 18:30:00
2018-06-28,6:50pm,JPY,Prelim Industrial Production m/m,Non-economic,-0.2%,-1.1%,0.5%,2018-06-28 18:50:00
2018-06-28,8:08pm,AUD,HIA New Home Sales m/m,Non-economic,-4.4%,,-4.2%,2018-06-28 20:08:00
2018-06-28,8:30pm,AUD,Private Sector Credit m/m,Non-economic,0.2%,0.4%,0.4%,2018-06-28 20:30:00
2018-06-29,12:00am,JPY,Housing Starts y/y,Non-economic,1.3%,-5.9%,0.3%,2018-06-29 00:00:00
2018-06-29,12:03am,JPY,Consumer Confidence,Non-economic,43.7,43.9,43.8,2018-06-29 00:03:00
2018-06-29,1:00am,EUR,German Retail Sales m/m,Medium,-2.1%,-0.5%,1.6%,2018-06-29 01:00:00
2018-06-29,1:00am,EUR,German Import Prices m/m,Non-economic,1.6%,1.0%,0.6%,2018-06-29 01:00:00
2018-06-29,All Day,EUR,Italian Bank Holiday,Low,,,,2018-06-29 00:00:00
2018-06-29,1:48am,EUR,French Prelim CPI m/m,Non-economic,0.1%,0.1%,0.4%,2018-06-29 01:48:00
2018-06-29,1:52am,EUR,French Consumer Spending m/m,Non-economic,0.9%,0.8%,-1.8%,2018-06-29 01:52:00
2018-06-29,2:00am,CHF,KOF Economic Barometer,Medium,101.7,100.3,100.0,2018-06-29 02:00:00
2018-06-29,2:55am,EUR,German Unemployment Change,Non-economic,-15K,-8K,-12K,2018-06-29 02:55:00
2018-06-29,3:30am,GBP,Current Account,High,-17.7B,-18.0B,-19.5B,2018-06-29 03:30:00
2018-06-29,3:30am,GBP,Final GDP q/q,Medium,0.2%,0.1%,0.1%,2018-06-29 03:30:00
2018-06-29,3:30am,GBP,Net Lending to Individuals m/m,Medium,5.3B,5.2B,5.6B,2018-06-29 03:30:00
2018-06-29,3:30am,GBP,Index of Services 3m/3m,Non-economic,0.2%,0.0%,0.3%,2018-06-29 03:30:00
2018-06-29,3:30am,GBP,M4 Money Supply m/m,Non-economic,0.4%,0.3%,0.1%,2018-06-29 03:30:00
2018-06-29,3:30am,GBP,Mortgage Approvals,Non-economic,65K,62K,63K,2018-06-29 03:30:00
2018-06-29,3:30am,GBP,Revised Business Investment q/q,Non-economic,-0.4%,-0.2%,-0.2%,2018-06-29 03:30:00
2018-06-29,4:00am,EUR,Core CPI Flash Estimate y/y,Medium,1.0%,1.0%,1.1%,2018-06-29 04:00:00
2018-06-29,4:00am,EUR,CPI Flash Estimate y/y,Medium,2.0%,2.0%,1.9%,2018-06-29 04:00:00
2018-06-29,Day 2,EUR,EU Economic Summit,Medium,,,,2018-06-29 00:00:00
2018-06-29,7:30am,CAD,GDP m/m,High,0.1%,0.0%,0.3%,2018-06-29 07:30:00
2018-06-29,7:30am,CAD,RMPI m/m,Medium,3.8%,1.2%,0.8%,2018-06-29 07:30:00
2018-06-29,7:30am,CAD,IPPI m/m,Non-economic,1.0%,0.9%,0.4%,2018-06-29 07:30:00
2018-06-29,7:30am,USD,Core PCE Price Index m/m,Medium,0.2%,0.2%,0.2%,2018-06-29 07:30:00
2018-06-29,7:30am,USD,Personal Spending m/m,Medium,0.2%,0.4%,0.5%,2018-06-29 07:30:00
2018-06-29,7:30am,USD,Personal Income m/m,Non-economic,0.4%,0.4%,0.2%,2018-06-29 07:30:00
2018-06-29,8:45am,USD,Chicago PMI,Medium,64.1,60.1,62.7,2018-06-29 08:45:00
2018-06-29,9:00am,USD,Revised UoM Consumer Sentiment,Medium,98.2,99.1,99.3,2018-06-29 09:00:00
2018-06-29,9:00am,USD,Revised UoM Inflation Expectations,Non-economic,3.0%,,2.9%,2018-06-29 09:00:00
2018-06-29,9:30am,CAD,BOC Business Outlook Survey,High,,,,2018-06-29 09:30:00
2018-06-29,8:00pm,CNY,Manufacturing PMI,Medium,51.5,51.7,51.9,2018-06-29 20:00:00
2018-06-29,8:00pm,CNY,Non-Manufacturing PMI,Medium,55.0,54.7,54.9,2018-06-29 20:00:00
2018-07-01,5:30pm,AUD,AIG Manufacturing Index,Non-economic,57.4,,57.5,2018-07-01 17:30:00
2018-07-01,6:50pm,JPY,Tankan Manufacturing Index,Non-economic,21,22,24,2018-07-01 18:50:00
2018-07-01,6:50pm,JPY,Tankan Non-Manufacturing Index,Non-economic,24,23,23,2018-07-01 18:50:00
2018-07-01,7:30pm,JPY,Final Manufacturing PMI,Non-economic,53.0,53.1,53.1,2018-07-01 19:30:00
2018-07-01,8:00pm,AUD,MI Inflation Gauge m/m,Non-economic,0.0%,,0.0%,2018-07-01 20:00:00
2018-07-01,8:30pm,AUD,ANZ Job Advertisements m/m,Non-economic,-1.7%,,1.4%,2018-07-01 20:30:00
2018-07-01,8:45pm,CNY,RatingDog Manufacturing PMI,Medium,51.0,51.1,51.1,2018-07-01 20:45:00
2018-07-02,1:30am,AUD,Commodity Prices y/y,Non-economic,6.6%,,3.5%,2018-07-02 01:30:00
2018-07-02,2:15am,CHF,Retail Sales y/y,Non-economic,-0.1%,2.6%,2.9%,2018-07-02 02:15:00
2018-07-02,2:15am,EUR,Spanish Manufacturing PMI,Non-economic,53.4,53.6,53.4,2018-07-02 02:15:00
2018-07-02,2:30am,CHF,Manufacturing PMI,Non-economic,61.6,61.1,62.4,2018-07-02 02:30:00
2018-07-02,2:45am,EUR,Italian Manufacturing PMI,Non-economic,53.3,52.6,52.7,2018-07-02 02:45:00
2018-07-02,2:50am,EUR,French Final Manufacturing PMI,Non-economic,52.5,53.1,53.1,2018-07-02 02:50:00
2018-07-02,2:55am,EUR,German Final Manufacturing PMI,Non-economic,55.9,55.9,55.9,2018-07-02 02:55:00
2018-07-02,3:00am,EUR,Final Manufacturing PMI,Non-economic,54.9,55.0,55.0,2018-07-02 03:00:00
2018-07-02,3:00am,EUR,Italian Monthly Unemployment Rate,Non-economic,10.7%,11.1%,11.0%,2018-07-02 03:00:00
2018-07-02,3:30am,GBP,Final Manufacturing PMI,High,54.4,54.1,54.3,2018-07-02 03:30:00
2018-07-02,4:00am,EUR,Unemployment Rate,Non-economic,8.4%,8.5%,8.4%,2018-07-02 04:00:00
2018-07-02,All Day,CAD,Bank Holiday,Low,,,,2018-07-02 00:00:00
2018-07-02,8:45am,USD,Final Manufacturing PMI,Non-economic,55.4,54.6,54.6,2018-07-02 08:45:00
2018-07-02,9:00am,USD,ISM Manufacturing PMI,High,60.2,58.2,58.7,2018-07-02 09:00:00
2018-07-02,9:00am,USD,Construction Spending m/m,Non-economic,0.4%,0.5%,0.9%,2018-07-02 09:00:00
2018-07-02,9:00am,USD,ISM Manufacturing Prices,Non-economic,76.8,74.3,79.5,2018-07-02 09:00:00
2018-07-02,5:00pm,NZD,NZIER Business Confidence,Medium,-20,,-11,2018-07-02 17:00:00
2018-07-02,6:50pm,JPY,Monetary Base y/y,Non-economic,7.4%,8.3%,8.1%,2018-07-02 18:50:00
2018-07-02,8:30pm,AUD,Building Approvals m/m,Medium,-3.2%,0.1%,-5.6%,2018-07-02 20:30:00
2018-07-02,10:35pm,JPY,10-y Bond Auction,Non-economic,0.04|4.4,,0.05|4.4,2018-07-02 22:35:00
2018-07-02,11:30pm,AUD,RBA Rate Statement,High,,,,2018-07-02 23:30:00
2018-07-02,11:30pm,AUD,Cash Rate,Medium,1.50%,1.50%,1.50%,2018-07-02 23:30:00
2018-07-03,1:45am,EUR,French Gov Budget Balance,Non-economic,-55.1B,,-54.3B,2018-07-03 01:45:00
2018-07-03,2:00am,EUR,Spanish Unemployment Change,Non-economic,-90.0K,-101.0K,-83.7K,2018-07-03 02:00:00
2018-07-03,3:30am,GBP,Construction PMI,High,53.1,52.6,52.5,2018-07-03 03:30:00
2018-07-03,3:30am,GBP,FPC Meeting Minutes,Non-economic,,,,2018-07-03 03:30:00
2018-07-03,4:00am,EUR,PPI m/m,Non-economic,0.8%,0.4%,0.0%,2018-07-03 04:00:00
2018-07-03,4:00am,EUR,Retail Sales m/m,Non-economic,0.0%,0.1%,-0.1%,2018-07-03 04:00:00
2018-07-03,4:36am,GBP,10-y Bond Auction,Non-economic,1.43|2.3,,1.61|2.2,2018-07-03 04:36:00
2018-07-03,8:30am,CAD,Manufacturing PMI,Non-economic,57.1,,56.2,2018-07-03 08:30:00
2018-07-03,8:59am,USD,RCM/TIPP Economic Optimism,Non-economic,56.4,54.2,53.9,2018-07-03 08:59:00
2018-07-03,9:00am,USD,Factory Orders m/m,Non-economic,0.4%,0.1%,-0.4%,2018-07-03 09:00:00
2018-07-03,9:13am,NZD,GDT Price Index,Medium,-5.0%,,-1.2%,2018-07-03 09:13:00
2018-07-03,All Day,USD,Wards Total Vehicle Sales,Non-economic,17.4M,17.0M,16.8M,2018-07-03 00:00:00
2018-07-03,All Day,USD,Total Vehicle Sales,Non-economic,17.5M,17.0M,16.9M,2018-07-03 00:00:00
2018-07-03,3:30pm,USD,API Weekly Statistical Bulletin,Non-economic,,,,2018-07-03 15:30:00
2018-07-03,5:30pm,AUD,AIG Services Index,Non-economic,63.0,,59.0,2018-07-03 17:30:00
2018-07-03,6:01pm,GBP,BRC Shop Price Index y/y,Non-economic,-0.5%,,-1.1%,2018-07-03 18:01:00
2018-07-03,8:00pm,NZD,ANZ Commodity Prices m/m,Non-economic,-1.0%,,1.5%,2018-07-03 20:00:00
2018-07-03,8:30pm,AUD,Goods Trade Balance,High,0.83B,1.21B,0.47B,2018-07-03 20:30:00
2018-07-03,8:30pm,AUD,Retail Sales m/m,High,0.4%,0.3%,0.5%,2018-07-03 20:30:00
2018-07-03,8:45pm,CNY,RatingDog Services PMI,Medium,53.9,52.7,52.9,2018-07-03 20:45:00
2018-07-04,2:15am,EUR,Spanish Services PMI,Non-economic,55.4,56.3,56.4,2018-07-04 02:15:00
2018-07-04,2:45am,EUR,Italian Services PMI,Non-economic,54.3,53.3,53.1,2018-07-04 02:45:00
2018-07-04,2:50am,EUR,French Final Services PMI,Non-economic,55.9,56.4,56.4,2018-07-04 02:50:00
2018-07-04,2:55am,EUR,German Final Services PMI,Non-economic,54.5,53.9,53.9,2018-07-04 02:55:00
2018-07-04,3:00am,EUR,Final Services PMI,Non-economic,55.2,55.0,55.0,2018-07-04 03:00:00
2018-07-04,3:30am,GBP,Final Services PMI,High,55.1,54.0,54.0,2018-07-04 03:30:00
2018-07-04,All Day,USD,Bank Holiday,Low,,,,2018-07-04 00:00:00
2018-07-04,10:35pm,JPY,30-y Bond Auction,Non-economic,0.70|5.0,,0.71|4.2,2018-07-04 22:35:00
2018-07-05,12:58am,EUR,German Factory Orders m/m,Non-economic,2.6%,1.1%,-1.6%,2018-07-05 00:58:00
2018-07-05,2:15am,CHF,CPI m/m,Non-economic,0.0%,0.1%,0.4%,2018-07-05 02:15:00
2018-07-05,3:10am,EUR,Retail PMI,Non-economic,51.8,,51.7,2018-07-05 03:10:00
2018-07-05,3:30am,GBP,Housing Equity Withdrawal q/q,Non-economic,-6.7B,-7.3B,-7.1B,2018-07-05 03:30:00
2018-07-05,3:48am,EUR,Spanish 10-y Bond Auction,Non-economic,1.58|1.9,,1.41|2.2,2018-07-05 03:48:00
2018-07-05,3:59am,EUR,French 10-y Bond Auction,Non-economic,0.67|1.9,,0.90|1.9,2018-07-05 03:59:00
2018-07-05,4:45am,GBP,BOE Gov Carney Speaks,High,,,,2018-07-05 04:45:00
2018-07-05,6:15am,EUR,German Buba President Weidmann Speaks,Medium,,,,2018-07-05 06:15:00
2018-07-05,6:30am,USD,Challenger Job Cuts y/y,Non-economic,19.6%,,-4.8%,2018-07-05 06:30:00
2018-07-05,7:15am,USD,ADP Non-Farm Employment Change,High,177K,190K,189K,2018-07-05 07:15:00
2018-07-05,7:30am,USD,Unemployment Claims,Medium,231K,225K,228K,2018-07-05 07:30:00
2018-07-05,8:45am,USD,Final Services PMI,Non-economic,56.5,56.5,56.5,2018-07-05 08:45:00
2018-07-05,9:00am,USD,ISM Services PMI,High,59.1,58.3,58.6,2018-07-05 09:00:00
2018-07-05,10:00am,USD,Crude Oil Inventories,High,1.2M,-4.4M,-9.9M,2018-07-05 10:00:00
2018-07-05,1:00pm,USD,FOMC Meeting Minutes,High,,,,2018-07-05 13:00:00
2018-07-05,5:30pm,AUD,AIG Construction Index,Non-economic,50.6,,54.0,2018-07-05 17:30:00
2018-07-05,6:30pm,JPY,Household Spending y/y,Non-economic,-3.9%,-1.5%,-1.3%,2018-07-05 18:30:00
2018-07-05,7:00pm,JPY,Average Cash Earnings y/y,Non-economic,2.1%,0.9%,0.6%,2018-07-05 19:00:00
2018-07-06,12:00am,JPY,Leading Indicators,Non-economic,106.9%,106.5%,106.2%,2018-07-06 00:00:00
2018-07-06,12:56am,EUR,German Industrial Production m/m,Non-economic,2.6%,0.3%,-1.3%,2018-07-06 00:56:00
2018-07-06,1:45am,EUR,French Trade Balance,Non-economic,-6.0B,-5.1B,-5.2B,2018-07-06 01:45:00
2018-07-06,2:00am,CHF,Foreign Currency Reserves,Non-economic,749B,,741B,2018-07-06 02:00:00
2018-07-06,2:30am,GBP,Halifax HPI m/m,Medium,0.3%,0.3%,1.7%,2018-07-06 02:30:00
2018-07-06,3:00am,EUR,Italian Retail Sales m/m,Non-economic,0.8%,0.4%,-0.6%,2018-07-06 03:00:00
2018-07-06,7:30am,CAD,Employment Change,High,31.8K,22.3K,-7.5K,2018-07-06 07:30:00
2018-07-06,7:30am,CAD,Trade Balance,High,-2.8B,-2.2B,-1.9B,2018-07-06 07:30:00
2018-07-06,7:30am,CAD,Unemployment Rate,High,6.0%,5.8%,5.8%,2018-07-06 07:30:00
2018-07-06,7:30am,USD,Average Hourly Earnings m/m,High,0.2%,0.3%,0.3%,2018-07-06 07:30:00
2018-07-06,7:30am,USD,Non-Farm Employment Change,High,213K,195K,244K,2018-07-06 07:30:00
2018-07-06,7:30am,USD,Unemployment Rate,High,4.0%,3.8%,3.8%,2018-07-06 07:30:00
2018-07-06,7:30am,USD,Trade Balance,Non-economic,-43.1B,-43.6B,-46.1B,2018-07-06 07:30:00
2018-07-06,9:00am,CAD,Ivey PMI,Medium,63.1,63.2,62.5,2018-07-06 09:00:00
2018-07-06,9:30am,USD,Natural Gas Storage,Non-economic,78B,76B,66B,2018-07-06 09:30:00
2018-07-07,10:10pm,AUD,RBA Gov Bullock Speaks,Medium,,,,2018-07-07 22:10:00
2018-07-08,6:50pm,JPY,Bank Lending y/y,Non-economic,2.2%,2.0%,2.0%,2018-07-08 18:50:00
2018-07-08,6:50pm,JPY,Current Account,Non-economic,1.85T,1.18T,1.89T,2018-07-08 18:50:00
2018-07-08,7:30pm,JPY,BOJ Gov Kuroda Speaks,High,,,,2018-07-08 19:30:00
2018-07-09,12:02am,JPY,Economy Watchers Sentiment,Non-economic,48.1,48.2,47.1,2018-07-09 00:02:00
2018-07-09,12:45am,CHF,Unemployment Rate,Non-economic,2.6%,2.5%,2.7%,2018-07-09 00:45:00
2018-07-09,1:00am,EUR,German Trade Balance,Non-economic,20.3B,20.3B,19.0B,2018-07-09 01:00:00
2018-07-09,2:50am,GBP,MPC Member Broadbent Speaks,Medium,,,,2018-07-09 02:50:00
2018-07-09,3:30am,EUR,Sentix Investor Confidence,Non-economic,12.1,9.0,9.3,2018-07-09 03:30:00
2018-07-09,8:00am,EUR,ECB President Draghi Speaks,High,,,,2018-07-09 08:00:00
2018-07-09,10:00am,EUR,ECB President Draghi Speaks,High,,,,2018-07-09 10:00:00
2018-07-09,2:00pm,USD,Consumer Credit m/m,Non-economic,24.6B,12.2B,10.3B,2018-07-09 14:00:00
2018-07-09,6:01pm,GBP,BRC Retail Sales Monitor y/y,Non-economic,1.1%,1.0%,2.8%,2018-07-09 18:01:00
2018-07-09,6:50pm,JPY,M2 Money Stock y/y,Non-economic,3.2%,3.2%,3.2%,2018-07-09 18:50:00
2018-07-09,8:30pm,AUD,NAB Business Confidence,Medium,6,,7,2018-07-09 20:30:00
2018-07-09,8:30pm,CNY,CPI y/y,Medium,1.9%,1.9%,1.8%,2018-07-09 20:30:00
2018-07-09,8:30pm,CNY,PPI y/y,Non-economic,4.7%,4.5%,4.1%,2018-07-09 20:30:00
2018-07-10,12:59am,JPY,Prelim Machine Tool Orders y/y,Non-economic,11.4%,,14.9%,2018-07-10 00:59:00
2018-07-10,1:45am,EUR,French Industrial Production m/m,Non-economic,-0.2%,0.7%,-0.5%,2018-07-10 01:45:00
2018-07-10,3:00am,EUR,Italian Industrial Production m/m,Non-economic,0.7%,0.9%,-1.3%,2018-07-10 03:00:00
2018-07-10,3:30am,GBP,GDP m/m,High,0.3%,,,2018-07-10 03:30:00
2018-07-10,3:30am,GBP,Manufacturing Production m/m,High,0.4%,1.0%,-1.3%,2018-07-10 03:30:00
2018-07-10,3:30am,GBP,Goods Trade Balance,Medium,-12.4B,-11.9B,-12.4B,2018-07-10 03:30:00
2018-07-10,3:30am,GBP,Construction Output m/m,Non-economic,2.9%,0.4%,0.0%,2018-07-10 03:30:00
2018-07-10,3:30am,GBP,Index of Services 3m/3m,Non-economic,0.4%,0.4%,0.2%,2018-07-10 03:30:00
2018-07-10,3:30am,GBP,Industrial Production m/m,Non-economic,-0.4%,0.5%,-1.0%,2018-07-10 03:30:00
2018-07-10,4:00am,EUR,German ZEW Economic Sentiment,Medium,-24.7,-17.9,-16.1,2018-07-10 04:00:00
2018-07-10,4:00am,EUR,ZEW Economic Sentiment,Non-economic,-18.7,-13.2,-12.6,2018-07-10 04:00:00
2018-07-10,4:10am,USD,NFIB Small Business Index,Non-economic,107.2,105.6,107.8,2018-07-10 04:10:00
2018-07-10,7:15am,CAD,Housing Starts,Non-economic,248K,195K,194K,2018-07-10 07:15:00
2018-07-10,7:30am,CAD,Building Permits m/m,Non-economic,4.7%,0.1%,-4.7%,2018-07-10 07:30:00
2018-07-10,9:00am,USD,JOLTS Job Openings,Non-economic,6.64M,6.88M,6.84M,2018-07-10 09:00:00
2018-07-10,3:30pm,USD,API Weekly Statistical Bulletin,Non-economic,,,,2018-07-10 15:30:00
2018-07-10,6:50pm,JPY,Core Machinery Orders m/m,Non-economic,-3.7%,-5.2%,10.1%,2018-07-10 18:50:00
2018-07-10,6:50pm,JPY,PPI y/y,Non-economic,2.8%,2.8%,2.7%,2018-07-10 18:50:00
2018-07-10,7:30pm,AUD,Westpac Consumer Sentiment,Non-economic,3.9%,,0.3%,2018-07-10 19:30:00
2018-07-10,8:30pm,AUD,Home Loans m/m,Non-economic,1.1%,-1.9%,-0.9%,2018-07-10 20:30:00
2018-07-10,11:30pm,JPY,Tertiary Industry Activity m/m,Non-economic,0.1%,-0.4%,1.0%,2018-07-10 23:30:00
2018-07-11,2:00am,EUR,ECB President Draghi Speaks,High,,,,2018-07-11 02:00:00
2018-07-11,4:36am,EUR,German 10-y Bond Auction,Non-economic,0.36|1.6,,0.48|1.1,2018-07-11 04:36:00
2018-07-11,7:01am,GBP,NIESR GDP Estimate,Non-economic,0.4%,,0.2%,2018-07-11 07:01:00
2018-07-11,7:30am,USD,Core PPI m/m,Medium,0.3%,0.2%,0.3%,2018-07-11 07:30:00
2018-07-11,7:30am,USD,PPI m/m,Medium,0.3%,0.2%,0.5%,2018-07-11 07:30:00
2018-07-11,9:00am,CAD,BOC Monetary Policy Report,High,,,,2018-07-11 09:00:00
2018-07-11,9:00am,CAD,BOC Rate Statement,High,,,,2018-07-11 09:00:00
2018-07-11,9:00am,CAD,Overnight Rate,High,1.50%,1.50%,1.25%,2018-07-11 09:00:00
2018-07-11,9:00am,USD,Final Wholesale Inventories m/m,Non-economic,0.6%,0.5%,0.5%,2018-07-11 09:00:00
2018-07-11,9:30am,USD,Crude Oil Inventories,High,-12.6M,-4.1M,1.2M,2018-07-11 09:30:00
2018-07-11,10:15am,CAD,BOC Press Conference,High,,,,2018-07-11 10:15:00
2018-07-11,10:35am,GBP,BOE Gov Carney Speaks,High,,,,2018-07-11 10:35:00
2018-07-11,12:01pm,USD,10-y Bond Auction,Non-economic,2.86|2.6,,2.96|2.6,2018-07-11 12:01:00
2018-07-11,3:30pm,USD,FOMC Member Williams Speaks,Medium,,,,2018-07-11 15:30:00
2018-07-11,5:45pm,NZD,FPI m/m,Non-economic,0.5%,,0.0%,2018-07-11 17:45:00
2018-07-11,6:01pm,GBP,RICS House Price Balance,Non-economic,2%,-3%,-2%,2018-07-11 18:01:00
2018-07-11,8:00pm,AUD,MI Inflation Expectations,Non-economic,3.9%,,4.2%,2018-07-11 20:00:00
2018-07-12,1:00am,EUR,German Final CPI m/m,Non-economic,0.1%,0.1%,0.1%,2018-07-12 01:00:00
2018-07-12,1:45am,EUR,French Final CPI m/m,Non-economic,0.0%,0.1%,0.1%,2018-07-12 01:45:00
2018-07-12,2:11am,CNY,Foreign Direct Investment ytd/y,Non-economic,1.1%,,1.3%,2018-07-12 02:11:00
2018-07-12,3:30am,GBP,BOE Credit Conditions Survey,Medium,,,,2018-07-12 03:30:00
2018-07-12,4:00am,EUR,Industrial Production m/m,Non-economic,1.3%,1.2%,-0.8%,2018-07-12 04:00:00
2018-07-12,All Day,EUR,Eurogroup Meetings,Non-economic,,,,2018-07-12 00:00:00
2018-07-12,5:00am,EUR,EU Economic Forecasts,Medium,,,,2018-07-12 05:00:00
2018-07-12,6:30am,EUR,ECB Monetary Policy Meeting Accounts,High,,,,2018-07-12 06:30:00
2018-07-12,7:30am,CAD,NHPI m/m,Medium,0.0%,0.1%,0.0%,2018-07-12 07:30:00
2018-07-12,7:30am,USD,Core CPI m/m,High,0.2%,0.2%,0.2%,2018-07-12 07:30:00
2018-07-12,7:30am,USD,CPI m/m,High,0.1%,0.2%,0.2%,2018-07-12 07:30:00
2018-07-12,7:30am,USD,CPI y/y,High,2.9%,2.9%,2.8%,2018-07-12 07:30:00
2018-07-12,7:30am,USD,Unemployment Claims,Medium,214K,226K,232K,2018-07-12 07:30:00
2018-07-12,9:30am,USD,Natural Gas Storage,Non-economic,51B,55B,78B,2018-07-12 09:30:00
2018-07-12,12:01pm,USD,30-y Bond Auction,Non-economic,2.96|2.3,,3.10|2.4,2018-07-12 12:01:00
2018-07-12,12:30pm,USD,Fed Chairman Powell Speaks,High,,,,2018-07-12 12:30:00
2018-07-12,1:00pm,USD,Federal Budget Balance,Non-economic,-74.9B,-92.3B,-146.8B,2018-07-12 13:00:00
2018-07-12,5:30pm,NZD,BusinessNZ Manufacturing Index,Medium,52.8,,54.4,2018-07-12 17:30:00
2018-07-12,10:01pm,CNY,Trade Balance,Medium,262B,188B,157B,2018-07-12 22:01:00
2018-07-12,10:03pm,CNY,USD-Denominated Trade Balance,Non-economic,41.6B,27.9B,24.9B,2018-07-12 22:03:00
2018-07-12,11:30pm,JPY,Revised Industrial Production m/m,Non-economic,-0.2%,-0.2%,-0.2%,2018-07-12 23:30:00
2018-07-13,1:00am,EUR,German WPI m/m,Non-economic,0.5%,0.4%,0.8%,2018-07-13 01:00:00
2018-07-13,2:15am,CHF,PPI m/m,Non-economic,0.2%,0.2%,0.2%,2018-07-13 02:15:00
2018-07-13,3:30am,CNY,M2 Money Supply y/y,Non-economic,8.0%,8.4%,8.3%,2018-07-13 03:30:00
2018-07-13,3:30am,CNY,New Loans,Non-economic,1840B,1570B,1150B,2018-07-13 03:30:00
2018-07-13,All Day,EUR,ECOFIN Meetings,Non-economic,,,,2018-07-13 00:00:00
2018-07-13,6:30am,GBP,MPC Member Cunliffe Speaks,Medium,,,,2018-07-13 06:30:00
2018-07-13,7:30am,USD,Import Prices m/m,Non-economic,-0.4%,0.1%,0.9%,2018-07-13 07:30:00
2018-07-13,9:00am,USD,Prelim UoM Consumer Sentiment,Medium,97.1,98.1,98.2,2018-07-13 09:00:00
2018-07-13,9:00am,USD,Revised UoM Inflation Expectations,Non-economic,2.9%,,3.0%,2018-07-13 09:00:00
2018-07-13,10:00am,USD,Fed Monetary Policy Report,Non-economic,,,,2018-07-13 10:00:00
2018-07-13,10:30am,USD,FOMC Member Bostic Speaks,Medium,,,,2018-07-13 10:30:00
2018-07-15,5:30pm,NZD,BusinessNZ Services Index,Non-economic,52.8,,57.1,2018-07-15 17:30:00
2018-07-15,6:01pm,GBP,Rightmove HPI m/m,Non-economic,-0.1%,,0.4%,2018-07-15 18:01:00
2018-07-15,All Day,JPY,Bank Holiday,Low,,,,2018-07-15 00:00:00
2018-07-15,9:00pm,CNY,GDP q/y,High,6.7%,6.7%,6.8%,2018-07-15 21:00:00
2018-07-15,9:00pm,CNY,Fixed Asset Investment ytd/y,Medium,6.0%,6.0%,6.1%,2018-07-15 21:00:00
2018-07-15,9:00pm,CNY,Industrial Production y/y,Medium,6.0%,6.5%,6.8%,2018-07-15 21:00:00
2018-07-15,9:00pm,CNY,NBS Press Conference,Medium,,,,2018-07-15 21:00:00
2018-07-15,9:00pm,CNY,Retail Sales y/y,Non-economic,9.0%,8.8%,8.5%,2018-07-15 21:00:00
2018-07-15,9:00pm,CNY,Unemployment Rate,Non-economic,4.8%,,4.8%,2018-07-15 21:00:00
2018-07-16,3:04am,EUR,Italian Trade Balance,Non-economic,3.38B,3.25B,2.99B,2018-07-16 03:04:00
2018-07-16,4:00am,EUR,Trade Balance,Non-economic,16.9B,17.6B,18.0B,2018-07-16 04:00:00
2018-07-16,7:30am,CAD,Foreign Securities Purchases,Medium,2.18B,7.03B,9.09B,2018-07-16 07:30:00
2018-07-16,7:30am,USD,Core Retail Sales m/m,High,0.4%,0.4%,1.4%,2018-07-16 07:30:00
2018-07-16,7:30am,USD,Retail Sales m/m,High,0.5%,0.4%,1.3%,2018-07-16 07:30:00
2018-07-16,7:30am,USD,Empire State Manufacturing Index,Medium,22.6,20.3,25.0,2018-07-16 07:30:00
2018-07-16,9:00am,USD,Business Inventories m/m,Non-economic,0.4%,0.4%,0.3%,2018-07-16 09:00:00
2018-07-16,5:45pm,NZD,CPI q/q,High,0.4%,0.5%,0.5%,2018-07-16 17:45:00
2018-07-16,8:30pm,AUD,Monetary Policy Meeting Minutes,High,,,,2018-07-16 20:30:00
2018-07-16,8:30pm,CNY,New Home Prices m/m,Non-economic,1.11%,,0.80%,2018-07-16 20:30:00
2018-07-17,3:00am,GBP,BOE Gov Carney Speaks,High,,,,2018-07-17 03:00:00
2018-07-17,3:30am,GBP,Average Earnings Index 3m/y,High,2.5%,2.5%,2.6%,2018-07-17 03:30:00
2018-07-17,3:30am,GBP,Claimant Count Change,Medium,7.8K,2.3K,-3.0K,2018-07-17 03:30:00
2018-07-17,3:30am,GBP,Unemployment Rate,Medium,4.2%,4.2%,4.2%,2018-07-17 03:30:00
2018-07-17,7:30am,CAD,Manufacturing Sales m/m,Medium,1.4%,1.2%,-1.1%,2018-07-17 07:30:00
2018-07-17,8:15am,USD,Capacity Utilization Rate,Medium,78.0%,78.4%,77.7%,2018-07-17 08:15:00
2018-07-17,8:15am,USD,Industrial Production m/m,Medium,0.6%,0.5%,-0.5%,2018-07-17 08:15:00
2018-07-17,9:00am,USD,Fed Chairman Powell Testifies,High,,,,2018-07-17 09:00:00
2018-07-17,9:00am,USD,NAHB Housing Market Index,Non-economic,68,69,68,2018-07-17 09:00:00
2018-07-17,9:25am,NZD,GDT Price Index,Medium,-1.7%,,-5.0%,2018-07-17 09:25:00
2018-07-17,3:00pm,USD,TIC Long-Term Purchases,Non-economic,45.6B,34.3B,94.0B,2018-07-17 15:00:00
2018-07-17,3:30pm,USD,API Weekly Statistical Bulletin,Non-economic,,,,2018-07-17 15:30:00
2018-07-17,7:30pm,AUD,MI Leading Index m/m,Non-economic,0.0%,,-0.2%,2018-07-17 19:30:00
2018-07-18,3:30am,GBP,CPI y/y,High,2.4%,2.6%,2.4%,2018-07-18 03:30:00
2018-07-18,3:30am,GBP,PPI Input m/m,Medium,0.2%,0.3%,3.3%,2018-07-18 03:30:00
2018-07-18,3:30am,GBP,RPI y/y,Medium,3.4%,3.5%,3.3%,2018-07-18 03:30:00
2018-07-18,3:30am,GBP,Core CPI y/y,Non-economic,1.9%,2.1%,2.1%,2018-07-18 03:30:00
2018-07-18,3:30am,GBP,HPI y/y,Non-economic,3.0%,3.8%,3.5%,2018-07-18 03:30:00
2018-07-18,3:30am,GBP,PPI Output m/m,Non-economic,0.1%,0.3%,0.5%,2018-07-18 03:30:00
2018-07-18,4:00am,EUR,Final CPI y/y,Medium,2.0%,2.0%,2.0%,2018-07-18 04:00:00
2018-07-18,4:00am,EUR,Final Core CPI y/y,Non-economic,0.9%,1.0%,1.0%,2018-07-18 04:00:00
2018-07-18,4:34am,EUR,German 30-y Bond Auction,Non-economic,1.02|1.7,,1.06|1.2,2018-07-18 04:34:00
2018-07-18,7:30am,USD,Building Permits,High,1.27M,1.33M,1.30M,2018-07-18 07:30:00
2018-07-18,7:30am,USD,Housing Starts,Medium,1.17M,1.32M,1.34M,2018-07-18 07:30:00
2018-07-18,8:30am,GBP,CB Leading Index m/m,Non-economic,0.0%,,-0.1%,2018-07-18 08:30:00
2018-07-18,9:00am,USD,Fed Chairman Powell Testifies,High,,,,2018-07-18 09:00:00
2018-07-18,9:30am,USD,Crude Oil Inventories,High,5.8M,-3.4M,-12.6M,2018-07-18 09:30:00
2018-07-18,1:00pm,USD,Beige Book,Non-economic,,,,2018-07-18 13:00:00
2018-07-18,6:50pm,JPY,Trade Balance,Non-economic,0.07T,0.15T,-0.30T,2018-07-18 18:50:00
2018-07-18,8:30pm,AUD,Employment Change,High,50.9K,16.7K,13.4K,2018-07-18 20:30:00
2018-07-18,8:30pm,AUD,Unemployment Rate,High,5.4%,5.4%,5.4%,2018-07-18 20:30:00
2018-07-18,8:30pm,AUD,NAB Quarterly Business Confidence,Non-economic,7,,8,2018-07-18 20:30:00
2018-07-19,1:00am,CHF,Trade Balance,Non-economic,2.59B,3.22B,2.81B,2018-07-19 01:00:00
2018-07-19,3:30am,GBP,Retail Sales m/m,High,-0.5%,0.1%,1.4%,2018-07-19 03:30:00
2018-07-19,3:49am,EUR,Spanish 10-y Bond Auction,Non-economic,1.31|1.5,,1.58|1.9,2018-07-19 03:49:00
2018-07-19,7:30am,CAD,ADP Non-Farm Employment Change,Non-economic,-10.5K,,27.8K,2018-07-19 07:30:00
2018-07-19,7:30am,USD,Philly Fed Manufacturing Index,Medium,25.7,21.6,19.9,2018-07-19 07:30:00
2018-07-19,7:30am,USD,Unemployment Claims,Medium,207K,220K,215K,2018-07-19 07:30:00
2018-07-19,8:00am,USD,FOMC Member Quarles Speaks,Medium,,,,2018-07-19 08:00:00
2018-07-19,9:00am,USD,CB Leading Index m/m,Non-economic,0.5%,0.4%,0.0%,2018-07-19 09:00:00
2018-07-19,9:30am,USD,Natural Gas Storage,Non-economic,46B,58B,51B,2018-07-19 09:30:00
2018-07-19,5:45pm,NZD,Visitor Arrivals m/m,Non-economic,-3.5%,,2.4%,2018-07-19 17:45:00
2018-07-19,6:30pm,JPY,National Core CPI y/y,Non-economic,0.8%,0.8%,0.7%,2018-07-19 18:30:00
2018-07-19,10:00pm,NZD,Credit Card Spending y/y,Non-economic,5.7%,,3.7%,2018-07-19 22:00:00
2018-07-19,11:30pm,JPY,All Industries Activity m/m,Non-economic,0.1%,0.0%,1.0%,2018-07-19 23:30:00
2018-07-20,1:00am,EUR,German PPI m/m,Non-economic,0.3%,0.3%,0.5%,2018-07-20 01:00:00
2018-07-20,3:00am,EUR,Current Account,Non-economic,22.4B,27.2B,29.6B,2018-07-20 03:00:00
2018-07-20,3:30am,GBP,Public Sector Net Borrowing,Medium,4.5B,3.6B,3.9B,2018-07-20 03:30:00
2018-07-20,7:30am,CAD,Core Retail Sales m/m,High,1.4%,0.6%,0.2%,2018-07-20 07:30:00
2018-07-20,7:30am,CAD,CPI m/m,High,0.1%,0.1%,0.1%,2018-07-20 07:30:00
2018-07-20,7:30am,CAD,Common CPI y/y,Medium,1.9%,,1.9%,2018-07-20 07:30:00
2018-07-20,7:30am,CAD,Median CPI y/y,Medium,2.0%,,2.0%,2018-07-20 07:30:00
2018-07-20,7:30am,CAD,Retail Sales m/m,Medium,2.0%,1.0%,-0.9%,2018-07-20 07:30:00
2018-07-20,7:30am,CAD,Trimmed CPI y/y,Medium,2.0%,,1.9%,2018-07-20 07:30:00
2018-07-20,7:32am,CAD,Core CPI m/m,Non-economic,0.1%,,-0.1%,2018-07-20 07:32:00
2018-07-21,Day 1,All,G20 Meetings,Medium,,,,2018-07-21 00:00:00
2018-07-22,Day 2,All,G20 Meetings,Medium,,,,2018-07-22 00:00:00
2018-07-23,5:00am,EUR,German Buba Monthly Report,Non-economic,,,,2018-07-23 05:00:00
2018-07-23,7:30am,CAD,Wholesale Sales m/m,Non-economic,1.2%,0.6%,-0.1%,2018-07-23 07:30:00
2018-07-23,9:00am,EUR,Consumer Confidence,Non-economic,-1,-1,-1,2018-07-23 09:00:00
2018-07-23,9:00am,USD,Existing Home Sales,Medium,5.38M,5.46M,5.41M,2018-07-23 09:00:00
2018-07-23,9:30am,AUD,CB Leading Index m/m,Non-economic,0.1%,,0.1%,2018-07-23 09:30:00
2018-07-23,12:00pm,GBP,MPC Member Broadbent Speaks,Medium,,,,2018-07-23 12:00:00
2018-07-23,7:30pm,JPY,Flash Manufacturing PMI,Non-economic,51.6,53.2,53.0,2018-07-23 19:30:00
2018-07-24,12:00am,JPY,BOJ Core CPI y/y,Non-economic,0.4%,0.6%,0.5%,2018-07-24 00:00:00
2018-07-24,2:00am,EUR,French Flash Manufacturing PMI,Medium,53.1,52.6,52.5,2018-07-24 02:00:00
2018-07-24,2:00am,EUR,French Flash Services PMI,Medium,55.3,55.7,55.9,2018-07-24 02:00:00
2018-07-24,2:30am,EUR,German Flash Manufacturing PMI,Medium,57.3,55.5,55.9,2018-07-24 02:30:00
2018-07-24,2:30am,EUR,German Flash Services PMI,Medium,54.4,54.6,54.5,2018-07-24 02:30:00
2018-07-24,3:00am,EUR,Flash Manufacturing PMI,Medium,55.1,54.7,54.9,2018-07-24 03:00:00
2018-07-24,3:00am,EUR,Flash Services PMI,Medium,54.4,55.0,55.2,2018-07-24 03:00:00
2018-07-24,5:00am,GBP,CBI Industrial Order Expectations,Non-economic,11,8,13,2018-07-24 05:00:00
2018-07-24,8:00am,USD,HPI m/m,Non-economic,0.2%,0.4%,0.2%,2018-07-24 08:00:00
2018-07-24,8:45am,USD,Flash Manufacturing PMI,Non-economic,55.5,55.1,55.4,2018-07-24 08:45:00
2018-07-24,8:45am,USD,Flash Services PMI,Non-economic,56.2,56.5,56.5,2018-07-24 08:45:00
2018-07-24,8:59am,USD,Richmond Manufacturing Index,Non-economic,20,18,20,2018-07-24 08:59:00
2018-07-24,3:30pm,USD,API Weekly Statistical Bulletin,Non-economic,,,,2018-07-24 15:30:00
2018-07-24,5:45pm,NZD,Trade Balance,Medium,-113M,200M,208M,2018-07-24 17:45:00
2018-07-24,8:30pm,AUD,CPI m/m,High,0.4%,0.5%,0.4%,2018-07-24 20:30:00
2018-07-24,8:30pm,AUD,Trimmed Mean CPI m/m,High,0.5%,0.5%,0.6%,2018-07-24 20:30:00
2018-07-25,3:00am,CHF,UBS Economic Expectations,Non-economic,-4.0,,8.0,2018-07-25 03:00:00
2018-07-25,3:00am,EUR,German ifo Business Climate,Medium,101.7,101.6,101.8,2018-07-25 03:00:00
2018-07-25,3:00am,EUR,M3 Money Supply y/y,Medium,4.4%,4.0%,4.0%,2018-07-25 03:00:00
2018-07-25,3:00am,EUR,Private Loans y/y,Non-economic,2.9%,3.0%,2.9%,2018-07-25 03:00:00
2018-07-25,3:30am,GBP,High Street Lending,Non-economic,40.5K,39.1K,39.5K,2018-07-25 03:30:00
2018-07-25,5:00am,GBP,CBI Realized Sales,Non-economic,20,16,32,2018-07-25 05:00:00
2018-07-25,7:59am,EUR,Belgian NBB Business Climate,Non-economic,-1.3,0.4,0.6,2018-07-25 07:59:00
2018-07-25,9:00am,USD,New Home Sales,Non-economic,631K,669K,666K,2018-07-25 09:00:00
2018-07-25,Day 1,All,BRICS Summit,Medium,,,,2018-07-25 00:00:00
2018-07-25,9:30am,USD,Crude Oil Inventories,High,-6.1M,-2.6M,5.8M,2018-07-25 09:30:00
2018-07-25,6:50pm,JPY,SPPI y/y,Non-economic,1.2%,1.0%,1.0%,2018-07-25 18:50:00
2018-07-25,8:30pm,AUD,Import Prices q/q,Non-economic,3.2%,1.9%,2.0%,2018-07-25 20:30:00
2018-07-26,1:00am,EUR,German GfK Consumer Climate,Non-economic,10.6,10.7,10.7,2018-07-26 01:00:00
2018-07-26,2:00am,EUR,Spanish Unemployment Rate,Medium,15.3%,15.8%,16.7%,2018-07-26 02:00:00
2018-07-26,6:45am,EUR,Main Refinancing Rate,High,0.00%,0.00%,0.00%,2018-07-26 06:45:00
2018-07-26,6:45am,EUR,Monetary Policy Statement,High,,,,2018-07-26 06:45:00
2018-07-26,7:30am,EUR,ECB Press Conference,High,,,,2018-07-26 07:30:00
2018-07-26,7:30am,USD,Core Durable Goods Orders m/m,High,0.4%,0.5%,0.0%,2018-07-26 07:30:00
2018-07-26,7:30am,USD,Durable Goods Orders m/m,Medium,1.0%,3.0%,-0.4%,2018-07-26 07:30:00
2018-07-26,7:30am,USD,Unemployment Claims,Medium,217K,215K,208K,2018-07-26 07:30:00
2018-07-26,7:30am,USD,Goods Trade Balance,Non-economic,-68.3B,-67.0B,-64.8B,2018-07-26 07:30:00
2018-07-26,7:30am,USD,Prelim Wholesale Inventories m/m,Non-economic,0.0%,0.5%,0.6%,2018-07-26 07:30:00
2018-07-26,8:00am,CNY,CB Leading Index m/m,Non-economic,0.8%,,2.2%,2018-07-26 08:00:00
2018-07-26,Day 2,All,BRICS Summit,Medium,,,,2018-07-26 00:00:00
2018-07-26,9:30am,USD,Natural Gas Storage,Non-economic,24B,39B,46B,2018-07-26 09:30:00
2018-07-26,6:30pm,JPY,Tokyo Core CPI y/y,Non-economic,0.8%,0.7%,0.7%,2018-07-26 18:30:00
2018-07-26,8:30pm,AUD,PPI q/q,Non-economic,0.3%,0.5%,0.5%,2018-07-26 20:30:00
2018-07-27,12:30am,EUR,French Flash GDP q/q,Non-economic,0.2%,0.3%,0.2%,2018-07-27 00:30:00
2018-07-27,1:00am,EUR,German Import Prices m/m,Non-economic,0.5%,0.3%,1.6%,2018-07-27 01:00:00
2018-07-27,1:45am,EUR,French Consumer Spending m/m,Non-economic,0.1%,0.6%,1.0%,2018-07-27 01:45:00
2018-07-27,7:30am,USD,Advance GDP q/q,High,4.1%,4.2%,2.0%,2018-07-27 07:30:00
2018-07-27,7:30am,USD,Advance GDP Price Index q/q,Medium,3.0%,2.3%,2.2%,2018-07-27 07:30:00
2018-07-27,8:30am,USD,President Trump Speaks,High,,,,2018-07-27 08:30:00
2018-07-27,9:00am,USD,Revised UoM Consumer Sentiment,Medium,97.9,97.1,97.1,2018-07-27 09:00:00
2018-07-27,9:00am,USD,Revised UoM Inflation Expectations,Non-economic,2.9%,,2.9%,2018-07-27 09:00:00
2018-07-27,Day 3,All,BRICS Summit,Medium,,,,2018-07-27 00:00:00
2018-07-29,6:50pm,JPY,Retail Sales y/y,Non-economic,1.8%,1.7%,0.6%,2018-07-29 18:50:00
2018-07-29,8:28pm,AUD,HIA New Home Sales m/m,Non-economic,2.2%,,-4.4%,2018-07-29 20:28:00
2018-07-30,All Day,EUR,German Prelim CPI m/m,Medium,0.3%,0.4%,0.1%,2018-07-30 00:00:00
2018-07-30,2:00am,CHF,KOF Economic Barometer,Medium,101.1,101.6,101.3,2018-07-30 02:00:00
2018-07-30,2:00am,EUR,Spanish Flash CPI y/y,Medium,2.2%,2.3%,2.3%,2018-07-30 02:00:00
2018-07-30,3:30am,GBP,Net Lending to Individuals m/m,Medium,5.4B,5.3B,5.3B,2018-07-30 03:30:00
2018-07-30,3:30am,GBP,M4 Money Supply m/m,Non-economic,-0.3%,0.6%,0.4%,2018-07-30 03:30:00
2018-07-30,3:30am,GBP,Mortgage Approvals,Non-economic,66K,66K,65K,2018-07-30 03:30:00
2018-07-30,4:15am,EUR,Italian 10-y Bond Auction,Non-economic,2.87|1.4,,2.77|1.3,2018-07-30 04:15:00
2018-07-30,9:00am,USD,Pending Home Sales m/m,Non-economic,0.9%,0.4%,-0.5%,2018-07-30 09:00:00
2018-07-30,5:45pm,NZD,Building Consents m/m,Non-economic,-7.6%,,6.9%,2018-07-30 17:45:00
2018-07-30,6:01pm,GBP,GfK Consumer Confidence,Non-economic,-10,-9,-9,2018-07-30 18:01:00
2018-07-30,6:30pm,JPY,Unemployment Rate,Non-economic,2.4%,2.3%,2.2%,2018-07-30 18:30:00
2018-07-30,6:50pm,JPY,Prelim Industrial Production m/m,Non-economic,-2.1%,-0.3%,-0.2%,2018-07-30 18:50:00
2018-07-30,7:20pm,CNY,Non-Manufacturing PMI,Medium,54.0,55.0,55.0,2018-07-30 19:20:00
2018-07-30,7:59pm,CNY,Manufacturing PMI,Medium,51.2,51.4,51.5,2018-07-30 19:59:00
2018-07-30,8:00pm,NZD,ANZ Business Confidence,High,-44.9,,-39.0,2018-07-30 20:00:00
2018-07-30,8:30pm,AUD,Building Approvals m/m,Medium,6.4%,1.1%,-2.5%,2018-07-30 20:30:00
2018-07-30,8:30pm,AUD,Private Sector Credit m/m,Non-economic,0.3%,0.3%,0.2%,2018-07-30 20:30:00
2018-07-30,11:03pm,JPY,BOJ Outlook Report,High,,,,2018-07-30 23:03:00
2018-07-30,11:03pm,JPY,Monetary Policy Statement,High,,,,2018-07-30 23:03:00
2018-07-30,11:03pm,JPY,BOJ Policy Rate,Medium,-0.10%,-0.10%,-0.10%,2018-07-30 23:03:00
2018-07-31,12:00am,JPY,Housing Starts y/y,Non-economic,-7.1%,-2.5%,1.3%,2018-07-31 00:00:00
2018-07-31,12:04am,JPY,Consumer Confidence,Non-economic,43.5,43.9,43.7,2018-07-31 00:04:00
2018-07-31,1:00am,EUR,German Retail Sales m/m,Medium,1.2%,1.1%,-2.1%,2018-07-31 01:00:00
2018-07-31,1:29am,JPY,BOJ Press Conference,High,,,,2018-07-31 01:29:00
2018-07-31,1:45am,EUR,French Prelim CPI m/m,Non-economic,-0.1%,-0.3%,0.0%,2018-07-31 01:45:00
2018-07-31,2:00am,EUR,Spanish Flash GDP q/q,Medium,0.6%,0.7%,0.7%,2018-07-31 02:00:00
2018-07-31,2:55am,EUR,German Unemployment Change,Non-economic,-6K,-10K,-14K,2018-07-31 02:55:00
2018-07-31,3:00am,EUR,Italian Monthly Unemployment Rate,Non-economic,10.9%,10.8%,10.7%,2018-07-31 03:00:00
2018-07-31,4:00am,EUR,Core CPI Flash Estimate y/y,Medium,1.1%,1.0%,0.9%,2018-07-31 04:00:00
2018-07-31,4:00am,EUR,CPI Flash Estimate y/y,Medium,2.1%,2.0%,2.0%,2018-07-31 04:00:00
2018-07-31,4:00am,EUR,Prelim Flash GDP q/q,Medium,0.3%,0.4%,0.4%,2018-07-31 04:00:00
2018-07-31,4:00am,EUR,Italian Prelim CPI m/m,Non-economic,0.3%,0.2%,0.2%,2018-07-31 04:00:00
2018-07-31,4:00am,EUR,Unemployment Rate,Non-economic,8.3%,8.3%,8.3%,2018-07-31 04:00:00
2018-07-31,5:00am,EUR,Italian Prelim GDP q/q,Non-economic,0.2%,0.2%,0.3%,2018-07-31 05:00:00
2018-07-31,7:30am,CAD,GDP m/m,High,0.5%,0.3%,0.1%,2018-07-31 07:30:00
2018-07-31,7:30am,CAD,RMPI m/m,Medium,0.5%,2.7%,3.8%,2018-07-31 07:30:00
2018-07-31,7:30am,CAD,IPPI m/m,Non-economic,0.5%,0.3%,1.2%,2018-07-31 07:30:00
2018-07-31,7:30am,USD,Core PCE Price Index m/m,Medium,0.1%,0.1%,0.2%,2018-07-31 07:30:00
2018-07-31,7:30am,USD,Employment Cost Index q/q,Medium,0.6%,0.7%,0.8%,2018-07-31 07:30:00
2018-07-31,7:30am,USD,Personal Spending m/m,Medium,0.4%,0.4%,0.5%,2018-07-31 07:30:00
2018-07-31,7:30am,USD,Personal Income m/m,Non-economic,0.4%,0.4%,0.4%,2018-07-31 07:30:00
2018-07-31,8:00am,USD,S&P/CS Composite-20 HPI y/y,Non-economic,6.5%,6.4%,6.7%,2018-07-31 08:00:00
2018-07-31,8:45am,USD,Chicago PMI,Medium,65.5,61.9,64.1,2018-07-31 08:45:00
2018-07-31,9:00am,USD,CB Consumer Confidence,High,127.4,126.5,127.1,2018-07-31 09:00:00
2018-07-31,3:30pm,USD,API Weekly Statistical Bulletin,Non-economic,,,,2018-07-31 15:30:00
2018-07-31,5:30pm,AUD,AIG Manufacturing Index,Non-economic,52.0,,57.4,2018-07-31 17:30:00
2018-07-31,5:45pm,NZD,Employment Change q/q,High,0.5%,0.4%,0.6%,2018-07-31 17:45:00
2018-07-31,5:45pm,NZD,Unemployment Rate,High,4.5%,4.4%,4.4%,2018-07-31 17:45:00
2018-07-31,5:45pm,NZD,Labor Cost Index q/q,Non-economic,0.6%,0.6%,0.3%,2018-07-31 17:45:00
2018-07-31,6:01pm,GBP,BRC Shop Price Index y/y,Non-economic,-0.3%,,-0.5%,2018-07-31 18:01:00
2018-07-31,7:30pm,JPY,Final Manufacturing PMI,Non-economic,52.3,51.6,51.6,2018-07-31 19:30:00
2018-07-31,8:45pm,CNY,RatingDog Manufacturing PMI,Non-economic,50.8,50.9,51.0,2018-07-31 20:45:00
2018-08-01,1:00am,GBP,Nationwide HPI m/m,Non-economic,0.6%,0.1%,0.7%,2018-08-01 01:00:00
2018-08-01,All Day,CHF,Bank Holiday,Low,,,,2018-08-01 00:00:00
2018-08-01,1:30am,AUD,Commodity Prices y/y,Non-economic,7.6%,,9.8%,2018-08-01 01:30:00
2018-08-01,2:15am,EUR,Spanish Manufacturing PMI,Non-economic,52.9,53.1,53.4,2018-08-01 02:15:00
2018-08-01,2:45am,EUR,Italian Manufacturing PMI,Non-economic,51.5,53.0,53.3,2018-08-01 02:45:00
2018-08-01,2:50am,EUR,French Final Manufacturing PMI,Non-economic,53.3,53.1,53.1,2018-08-01 02:50:00
2018-08-01,2:55am,EUR,German Final Manufacturing PMI,Non-economic,56.9,57.3,57.3,2018-08-01 02:55:00
2018-08-01,3:00am,EUR,Final Manufacturing PMI,Non-economic,55.1,55.1,55.1,2018-08-01 03:00:00
2018-08-01,3:30am,GBP,Final Manufacturing PMI,High,54.0,54.2,54.3,2018-08-01 03:30:00
2018-08-01,4:33am,EUR,German 10-y Bond Auction,Non-economic,0.47|1.8,,0.36|1.6,2018-08-01 04:33:00
2018-08-01,7:15am,USD,ADP Non-Farm Employment Change,High,219K,186K,181K,2018-08-01 07:15:00
2018-08-01,8:30am,CAD,Manufacturing PMI,Non-economic,56.9,,57.1,2018-08-01 08:30:00
2018-08-01,8:45am,USD,Final Manufacturing PMI,Non-economic,55.3,55.5,55.5,2018-08-01 08:45:00
2018-08-01,9:00am,USD,ISM Manufacturing PMI,High,58.1,59.4,60.2,2018-08-01 09:00:00
2018-08-01,9:00am,USD,Construction Spending m/m,Non-economic,-1.1%,0.3%,1.3%,2018-08-01 09:00:00
2018-08-01,9:00am,USD,ISM Manufacturing Prices,Non-economic,73.2,75.5,76.8,2018-08-01 09:00:00
2018-08-01,All Day,USD,Wards Total Vehicle Sales,Non-economic,16.7M,17.0M,17.4M,2018-08-01 00:00:00
2018-08-01,9:30am,USD,Crude Oil Inventories,High,3.8M,-2.6M,-6.1M,2018-08-01 09:30:00
2018-08-01,All Day,USD,Total Vehicle Sales,Non-economic,16.8M,17.1M,17.5M,2018-08-01 00:00:00
2018-08-01,1:00pm,USD,Federal Funds Rate,High,2.00%,2.00%,2.00%,2018-08-01 13:00:00
2018-08-01,1:00pm,USD,FOMC Statement,High,,,,2018-08-01 13:00:00
2018-08-01,6:50pm,JPY,Monetary Base y/y,Non-economic,7.0%,7.3%,7.4%,2018-08-01 18:50:00
2018-08-01,8:30pm,AUD,Goods Trade Balance,High,1.87B,0.91B,0.73B,2018-08-01 20:30:00
2018-08-01,10:35pm,JPY,10-y Bond Auction,Non-economic,0.13|4.2,,0.04|4.4,2018-08-01 22:35:00
2018-08-02,12:45am,CHF,SECO Consumer Climate,Non-economic,-7,2,2,2018-08-02 00:45:00
2018-08-02,2:00am,EUR,Spanish Unemployment Change,Non-economic,-27.1K,-87.6K,-90.0K,2018-08-02 02:00:00
2018-08-02,2:15am,CHF,Retail Sales y/y,Non-economic,0.3%,0.0%,0.4%,2018-08-02 02:15:00
2018-08-02,2:30am,CHF,Manufacturing PMI,Non-economic,61.9,60.8,61.6,2018-08-02 02:30:00
2018-08-02,3:30am,GBP,Construction PMI,High,55.8,52.8,53.1,2018-08-02 03:30:00
2018-08-02,3:48am,EUR,Spanish 10-y Bond Auction,Non-economic,1.42|1.5,,1.31|1.5,2018-08-02 03:48:00
2018-08-02,3:59am,EUR,French 10-y Bond Auction,Non-economic,0.74|2.0,,0.67|1.9,2018-08-02 03:59:00
2018-08-02,4:00am,EUR,PPI m/m,Non-economic,0.4%,0.3%,0.8%,2018-08-02 04:00:00
2018-08-02,6:00am,GBP,BOE Monetary Policy Report,High,,,,2018-08-02 06:00:00
2018-08-02,6:00am,GBP,Monetary Policy Summary,High,,,,2018-08-02 06:00:00
2018-08-02,6:00am,GBP,MPC Official Bank Rate Votes,High,9-0-0,7-0-2,3-0-6,2018-08-02 06:00:00
2018-08-02,6:00am,GBP,Official Bank Rate,High,0.75%,0.75%,0.50%,2018-08-02 06:00:00
2018-08-02,6:00am,GBP,Asset Purchase Facility,Medium,435B,435B,435B,2018-08-02 06:00:00
2018-08-02,6:00am,GBP,MPC Asset Purchase Facility Votes,Medium,0-0-9,0-0-9,0-0-9,2018-08-02 06:00:00
2018-08-02,6:30am,GBP,BOE Gov Carney Speaks,High,,,,2018-08-02 06:30:00
2018-08-02,6:30am,USD,Challenger Job Cuts y/y,Non-economic,-4.2%,,19.6%,2018-08-02 06:30:00
2018-08-02,7:30am,USD,Unemployment Claims,Medium,218K,220K,217K,2018-08-02 07:30:00
2018-08-02,9:00am,USD,Factory Orders m/m,Non-economic,0.7%,0.7%,0.4%,2018-08-02 09:00:00
2018-08-02,9:30am,USD,Natural Gas Storage,Non-economic,35B,39B,24B,2018-08-02 09:30:00
2018-08-02,5:30pm,AUD,AIG Services Index,Non-economic,53.6,,63.0,2018-08-02 17:30:00
2018-08-02,6:50pm,JPY,Monetary Policy Meeting Minutes,Non-economic,,,,2018-08-02 18:50:00
2018-08-02,8:30pm,AUD,Retail Sales m/m,High,0.4%,0.3%,0.4%,2018-08-02 20:30:00
2018-08-02,8:45pm,CNY,RatingDog Services PMI,Non-economic,52.8,53.7,53.9,2018-08-02 20:45:00
2018-08-03,1:45am,EUR,French Gov Budget Balance,Non-economic,-58.9B,,-55.1B,2018-08-03 01:45:00
2018-08-03,2:15am,CHF,CPI m/m,Non-economic,-0.2%,-0.3%,0.0%,2018-08-03 02:15:00
2018-08-03,2:15am,EUR,Spanish Services PMI,Non-economic,52.6,54.4,55.4,2018-08-03 02:15:00
2018-08-03,2:45am,EUR,Italian Services PMI,Non-economic,54.0,53.6,54.3,2018-08-03 02:45:00
2018-08-03,2:50am,EUR,French Final Services PMI,Non-economic,54.9,55.3,55.3,2018-08-03 02:50:00
2018-08-03,2:55am,EUR,German Final Services PMI,Non-economic,54.1,54.4,54.4,2018-08-03 02:55:00
2018-08-03,3:00am,EUR,Final Services PMI,Non-economic,54.2,54.4,54.4,2018-08-03 03:00:00
2018-08-03,3:00am,EUR,Italian Industrial Production m/m,Non-economic,0.5%,0.4%,0.8%,2018-08-03 03:00:00
2018-08-03,3:30am,GBP,Final Services PMI,High,53.5,54.7,55.1,2018-08-03 03:30:00
2018-08-03,4:00am,EUR,Retail Sales m/m,Non-economic,0.3%,0.4%,0.3%,2018-08-03 04:00:00
2018-08-03,4:03am,EUR,Italian Retail Sales m/m,Non-economic,-0.2%,0.1%,1.1%,2018-08-03 04:03:00
2018-08-03,7:30am,CAD,Trade Balance,High,-0.6B,-2.3B,-2.7B,2018-08-03 07:30:00
2018-08-03,7:30am,USD,Average Hourly Earnings m/m,High,0.3%,0.3%,0.1%,2018-08-03 07:30:00
2018-08-03,7:30am,USD,Non-Farm Employment Change,High,157K,191K,248K,2018-08-03 07:30:00
2018-08-03,7:30am,USD,Unemployment Rate,High,3.9%,3.9%,4.0%,2018-08-03 07:30:00
2018-08-03,7:30am,USD,Trade Balance,Non-economic,-46.3B,-46.5B,-43.2B,2018-08-03 07:30:00
2018-08-03,8:45am,USD,Final Services PMI,Non-economic,56.0,56.2,56.2,2018-08-03 08:45:00
2018-08-03,9:00am,USD,ISM Services PMI,High,55.7,58.6,59.1,2018-08-03 09:00:00
2018-08-05,All Day,AUD,Bank Holiday,Low,,,,2018-08-05 00:00:00
2018-08-05,8:00pm,AUD,MI Inflation Gauge m/m,Non-economic,0.1%,,0.0%,2018-08-05 20:00:00
2018-08-05,8:00pm,NZD,ANZ Commodity Prices m/m,Non-economic,-3.2%,,-0.9%,2018-08-05 20:00:00
2018-08-05,8:30pm,AUD,ANZ Job Advertisements m/m,Non-economic,1.5%,,-1.7%,2018-08-05 20:30:00
2018-08-06,1:00am,EUR,German Factory Orders m/m,Non-economic,-4.0%,-0.3%,2.6%,2018-08-06 01:00:00
2018-08-06,3:30am,EUR,Sentix Investor Confidence,Non-economic,14.7,12.8,12.1,2018-08-06 03:30:00
2018-08-06,All Day,CAD,Bank Holiday,Low,,,,2018-08-06 00:00:00
2018-08-06,1:00pm,USD,Loan Officer Survey,Non-economic,,,,2018-08-06 13:00:00
2018-08-06,5:30pm,AUD,AIG Construction Index,Non-economic,52.0,,50.6,2018-08-06 17:30:00
2018-08-06,6:01pm,GBP,BRC Retail Sales Monitor y/y,Non-economic,0.5%,1.3%,1.1%,2018-08-06 18:01:00
2018-08-06,6:30pm,JPY,Household Spending y/y,Non-economic,-1.2%,-1.2%,-3.9%,2018-08-06 18:30:00
2018-08-06,7:00pm,JPY,Average Cash Earnings y/y,Non-economic,3.6%,1.7%,2.1%,2018-08-06 19:00:00
2018-08-06,11:30pm,AUD,RBA Rate Statement,High,,,,2018-08-06 23:30:00
2018-08-06,11:30pm,AUD,Cash Rate,Medium,1.50%,1.50%,1.50%,2018-08-06 23:30:00
2018-08-07,12:00am,JPY,Leading Indicators,Non-economic,105.2%,105.4%,106.9%,2018-08-07 00:00:00
2018-08-07,1:00am,EUR,German Industrial Production m/m,Non-economic,-0.9%,-0.5%,2.4%,2018-08-07 01:00:00
2018-08-07,1:00am,EUR,German Trade Balance,Non-economic,19.3B,21.4B,20.4B,2018-08-07 01:00:00
2018-08-07,1:45am,EUR,French Trade Balance,Non-economic,-6.2B,-5.6B,-6.0B,2018-08-07 01:45:00
2018-08-07,2:00am,CHF,Foreign Currency Reserves,Non-economic,750B,,748B,2018-08-07 02:00:00
2018-08-07,2:30am,GBP,Halifax HPI m/m,Medium,1.4%,0.2%,0.9%,2018-08-07 02:30:00
2018-08-07,9:00am,CAD,Ivey PMI,Medium,61.8,64.2,63.1,2018-08-07 09:00:00
2018-08-07,9:00am,USD,JOLTS Job Openings,Non-economic,6.66M,6.74M,6.66M,2018-08-07 09:00:00
2018-08-07,9:01am,USD,RCM/TIPP Economic Optimism,Non-economic,58.0,57.2,56.4,2018-08-07 09:01:00
2018-08-07,9:15am,NZD,GDT Price Index,Medium,0.0%,,-1.7%,2018-08-07 09:15:00
2018-08-07,2:00pm,USD,Consumer Credit m/m,Non-economic,10.2B,16.2B,24.3B,2018-08-07 14:00:00
2018-08-07,3:30pm,USD,API Weekly Statistical Bulletin,Non-economic,,,,2018-08-07 15:30:00
2018-08-07,6:50pm,JPY,Bank Lending y/y,Non-economic,2.0%,2.3%,2.2%,2018-08-07 18:50:00
2018-08-07,6:50pm,JPY,BOJ Summary of Opinions,Non-economic,,,,2018-08-07 18:50:00
2018-08-07,6:50pm,JPY,Current Account,Non-economic,1.76T,1.84T,1.85T,2018-08-07 18:50:00
2018-08-07,8:30pm,AUD,Home Loans m/m,Non-economic,-1.1%,0.1%,1.0%,2018-08-07 20:30:00
2018-08-07,10:00pm,NZD,Inflation Expectations q/q,High,2.04%,,2.01%,2018-08-07 22:00:00
2018-08-07,10:01pm,AUD,RBA Gov Lowe Speaks,High,,,,2018-08-07 22:01:00
2018-08-07,10:05pm,CNY,Trade Balance,Medium,177B,229B,262B,2018-08-07 22:05:00
2018-08-07,10:14pm,CNY,USD-Denominated Trade Balance,Non-economic,28.1B,39.1B,41.6B,2018-08-07 22:14:00
2018-08-08,12:02am,JPY,Economy Watchers Sentiment,Non-economic,46.6,47.8,48.1,2018-08-08 00:02:00
2018-08-08,4:36am,GBP,10-y Bond Auction,Non-economic,1.46|2.2,,1.43|2.3,2018-08-08 04:36:00
2018-08-08,7:30am,CAD,Building Permits m/m,Non-economic,-2.3%,-0.1%,4.8%,2018-08-08 07:30:00
2018-08-08,7:45am,USD,FOMC Member Barkin Speaks,Medium,,,,2018-08-08 07:45:00
2018-08-08,9:30am,USD,Crude Oil Inventories,High,-1.4M,-2.8M,3.8M,2018-08-08 09:30:00
2018-08-08,12:01pm,USD,10-y Bond Auction,Non-economic,2.96|2.5,,2.86|2.6,2018-08-08 12:01:00
2018-08-08,4:00pm,NZD,Official Cash Rate,High,1.75%,1.75%,1.75%,2018-08-08 16:00:00
2018-08-08,4:00pm,NZD,RBNZ Monetary Policy Statement,High,,,,2018-08-08 16:00:00
2018-08-08,4:00pm,NZD,RBNZ Rate Statement,High,,,,2018-08-08 16:00:00
2018-08-08,5:00pm,NZD,RBNZ Press Conference,High,,,,2018-08-08 17:00:00
2018-08-08,6:01pm,GBP,RICS House Price Balance,Non-economic,4%,4%,3%,2018-08-08 18:01:00
2018-08-08,6:50pm,JPY,Core Machinery Orders m/m,Non-economic,-8.8%,-1.2%,-3.7%,2018-08-08 18:50:00
2018-08-08,6:50pm,JPY,M2 Money Stock y/y,Non-economic,3.0%,3.1%,3.1%,2018-08-08 18:50:00
2018-08-08,8:29pm,CNY,CPI y/y,Medium,2.1%,2.0%,1.9%,2018-08-08 20:29:00
2018-08-08,8:29pm,CNY,PPI y/y,Non-economic,4.6%,4.4%,4.7%,2018-08-08 20:29:00
2018-08-08,10:35pm,JPY,30-y Bond Auction,Non-economic,0.85|4.7,,0.70|5.0,2018-08-08 22:35:00
2018-08-09,12:45am,CHF,Unemployment Rate,Non-economic,2.6%,2.6%,2.6%,2018-08-09 00:45:00
2018-08-09,12:58am,JPY,Prelim Machine Tool Orders y/y,Non-economic,13.0%,,11.4%,2018-08-09 00:58:00
2018-08-09,3:00am,EUR,ECB Economic Bulletin,Non-economic,,,,2018-08-09 03:00:00
2018-08-09,7:13am,CAD,Housing Starts,Non-economic,206K,220K,246K,2018-08-09 07:13:00
2018-08-09,7:30am,CAD,NHPI m/m,Medium,0.1%,0.0%,0.0%,2018-08-09 07:30:00
2018-08-09,7:30am,USD,PPI m/m,High,0.0%,0.2%,0.3%,2018-08-09 07:30:00
2018-08-09,7:30am,USD,Core PPI m/m,Medium,0.1%,0.2%,0.3%,2018-08-09 07:30:00
2018-08-09,7:30am,USD,Unemployment Claims,Medium,213K,220K,219K,2018-08-09 07:30:00
2018-08-09,9:00am,USD,Final Wholesale Inventories m/m,Non-economic,0.1%,0.0%,0.0%,2018-08-09 09:00:00
2018-08-09,9:30am,USD,Natural Gas Storage,Non-economic,46B,49B,35B,2018-08-09 09:30:00
2018-08-09,12:01pm,USD,30-y Bond Auction,Non-economic,3.09|2.3,,2.96|2.3,2018-08-09 12:01:00
2018-08-09,5:30pm,NZD,BusinessNZ Manufacturing Index,Medium,51.2,,52.7,2018-08-09 17:30:00
2018-08-09,6:50pm,JPY,Prelim GDP q/q,Medium,0.5%,0.3%,-0.2%,2018-08-09 18:50:00
2018-08-09,6:50pm,JPY,PPI y/y,Non-economic,3.1%,2.9%,2.8%,2018-08-09 18:50:00
2018-08-09,6:50pm,JPY,Prelim GDP Price Index y/y,Non-economic,0.1%,0.0%,0.5%,2018-08-09 18:50:00
2018-08-09,8:30pm,AUD,RBA Monetary Policy Statement,High,,,,2018-08-09 20:30:00
2018-08-09,11:30pm,JPY,Tertiary Industry Activity m/m,Non-economic,-0.5%,-0.2%,0.2%,2018-08-09 23:30:00
2018-08-10,1:45am,EUR,French Industrial Production m/m,Non-economic,0.6%,0.5%,-0.2%,2018-08-10 01:45:00
2018-08-10,1:45am,EUR,French Prelim Private Payrolls q/q,Non-economic,0.2%,0.3%,0.2%,2018-08-10 01:45:00
2018-08-10,3:03am,EUR,Italian Trade Balance,Non-economic,5.07B,3.41B,3.37B,2018-08-10 03:03:00
2018-08-10,3:30am,GBP,GDP m/m,High,0.1%,0.2%,0.3%,2018-08-10 03:30:00
2018-08-10,3:30am,GBP,Manufacturing Production m/m,High,0.4%,0.3%,0.6%,2018-08-10 03:30:00
2018-08-10,3:30am,GBP,Prelim GDP q/q,High,0.4%,0.4%,0.2%,2018-08-10 03:30:00
2018-08-10,3:30am,GBP,Goods Trade Balance,Medium,-11.4B,-12.0B,-12.5B,2018-08-10 03:30:00
2018-08-10,3:30am,GBP,Prelim Business Investment q/q,Medium,0.5%,0.3%,-0.4%,2018-08-10 03:30:00
2018-08-10,3:30am,GBP,Construction Output m/m,Non-economic,1.4%,-0.2%,2.9%,2018-08-10 03:30:00
2018-08-10,3:30am,GBP,Index of Services 3m/3m,Non-economic,0.5%,0.6%,0.4%,2018-08-10 03:30:00
2018-08-10,3:30am,GBP,Industrial Production m/m,Non-economic,0.4%,0.4%,-0.2%,2018-08-10 03:30:00
2018-08-10,7:30am,CAD,Employment Change,High,54.1K,17.0K,31.8K,2018-08-10 07:30:00
2018-08-10,7:30am,CAD,Unemployment Rate,High,5.8%,5.9%,6.0%,2018-08-10 07:30:00
2018-08-10,7:30am,USD,Core CPI m/m,High,0.2%,0.2%,0.2%,2018-08-10 07:30:00
2018-08-10,7:30am,USD,CPI m/m,High,0.2%,0.2%,0.1%,2018-08-10 07:30:00
2018-08-10,7:30am,USD,CPI y/y,High,2.9%,2.9%,2.9%,2018-08-10 07:30:00
2018-08-10,8:06am,GBP,NIESR GDP Estimate,Non-economic,0.5%,,0.4%,2018-08-10 08:06:00
2018-08-10,1:00pm,USD,Federal Budget Balance,Non-economic,-76.9B,-76.5B,-74.9B,2018-08-10 13:00:00
2018-08-12,5:30pm,NZD,BusinessNZ Services Index,Non-economic,55.1,,52.7,2018-08-12 17:30:00
2018-08-12,5:45pm,NZD,FPI m/m,Non-economic,0.7%,,0.5%,2018-08-12 17:45:00
2018-08-13,6:26am,CNY,M2 Money Supply y/y,Non-economic,8.5%,8.2%,8.0%,2018-08-13 06:26:00
2018-08-13,6:27am,CNY,New Loans,Non-economic,1450B,1210B,1840B,2018-08-13 06:27:00
2018-08-13,8:30pm,AUD,NAB Business Confidence,Medium,7,,6,2018-08-13 20:30:00
2018-08-13,8:59pm,CNY,Fixed Asset Investment ytd/y,Medium,5.5%,6.0%,6.0%,2018-08-13 20:59:00
2018-08-13,8:59pm,CNY,Industrial Production y/y,Medium,6.0%,6.3%,6.0%,2018-08-13 20:59:00
2018-08-13,9:00pm,CNY,Retail Sales y/y,Non-economic,8.8%,9.2%,9.0%,2018-08-13 21:00:00
2018-08-13,9:00pm,CNY,Unemployment Rate,Non-economic,5.1%,,4.8%,2018-08-13 21:00:00
2018-08-13,11:30pm,JPY,Revised Industrial Production m/m,Non-economic,-1.8%,-2.1%,-2.1%,2018-08-13 23:30:00
2018-08-14,1:00am,EUR,German Prelim GDP q/q,Medium,0.5%,0.4%,0.4%,2018-08-14 01:00:00
2018-08-14,1:00am,EUR,German Final CPI m/m,Non-economic,0.3%,0.3%,0.3%,2018-08-14 01:00:00
2018-08-14,1:45am,EUR,French Final CPI m/m,Non-economic,-0.1%,-0.1%,-0.1%,2018-08-14 01:45:00
2018-08-14,2:15am,CHF,PPI m/m,Non-economic,0.1%,0.3%,0.2%,2018-08-14 02:15:00
2018-08-14,3:30am,GBP,Average Earnings Index 3m/y,High,2.4%,2.5%,2.5%,2018-08-14 03:30:00
2018-08-14,3:30am,GBP,Claimant Count Change,Medium,6.2K,2.3K,9.0K,2018-08-14 03:30:00
2018-08-14,3:30am,GBP,Unemployment Rate,Medium,4.0%,4.2%,4.2%,2018-08-14 03:30:00
2018-08-14,4:00am,EUR,Flash GDP q/q,Medium,0.4%,0.3%,0.3%,2018-08-14 04:00:00
2018-08-14,4:00am,EUR,German ZEW Economic Sentiment,Medium,-13.7,-20.1,-24.7,2018-08-14 04:00:00
2018-08-14,4:00am,EUR,Industrial Production m/m,Non-economic,-0.7%,-0.3%,1.4%,2018-08-14 04:00:00
2018-08-14,4:00am,EUR,ZEW Economic Sentiment,Non-economic,-11.1,-16.4,-18.7,2018-08-14 04:00:00
2018-08-14,5:00am,USD,NFIB Small Business Index,Non-economic,107.9,106.9,107.2,2018-08-14 05:00:00
2018-08-14,7:30am,USD,Import Prices m/m,Non-economic,0.0%,0.1%,-0.1%,2018-08-14 07:30:00
2018-08-14,3:30pm,USD,API Weekly Statistical Bulletin,Non-economic,,,,2018-08-14 15:30:00
2018-08-14,7:30pm,AUD,Westpac Consumer Sentiment,Non-economic,-2.3%,,3.9%,2018-08-14 19:30:00
2018-08-14,8:30pm,AUD,Wage Price Index q/q,High,0.6%,0.6%,0.5%,2018-08-14 20:30:00
2018-08-14,8:30pm,CNY,New Home Prices m/m,Non-economic,1.21%,,1.11%,2018-08-14 20:30:00
2018-08-15,All Day,EUR,French Bank Holiday,Low,,,,2018-08-15 00:00:00
2018-08-15,All Day,EUR,Italian Bank Holiday,Low,,,,2018-08-15 00:00:00
2018-08-15,3:30am,GBP,CPI y/y,High,2.5%,2.5%,2.4%,2018-08-15 03:30:00
2018-08-15,3:30am,GBP,PPI Input m/m,Medium,0.5%,0.1%,0.3%,2018-08-15 03:30:00
2018-08-15,3:30am,GBP,RPI y/y,Medium,3.2%,3.4%,3.4%,2018-08-15 03:30:00
2018-08-15,3:30am,GBP,Core CPI y/y,Non-economic,1.9%,1.9%,1.9%,2018-08-15 03:30:00
2018-08-15,3:30am,GBP,HPI y/y,Non-economic,3.0%,2.7%,3.5%,2018-08-15 03:30:00
2018-08-15,3:30am,GBP,PPI Output m/m,Non-economic,0.0%,0.1%,0.3%,2018-08-15 03:30:00
2018-08-15,4:32am,EUR,German 30-y Bond Auction,Non-economic,0.94|1.6,,1.02|1.7,2018-08-15 04:32:00
2018-08-15,7:30am,USD,Core Retail Sales m/m,High,0.6%,0.3%,0.2%,2018-08-15 07:30:00
2018-08-15,7:30am,USD,Retail Sales m/m,High,0.5%,0.1%,0.2%,2018-08-15 07:30:00
2018-08-15,7:30am,USD,Empire State Manufacturing Index,Medium,25.6,20.1,22.6,2018-08-15 07:30:00
2018-08-15,7:30am,USD,Prelim Nonfarm Productivity q/q,Non-economic,2.9%,2.4%,0.4%,2018-08-15 07:30:00
2018-08-15,7:30am,USD,Prelim Unit Labor Costs q/q,Non-economic,-0.9%,-0.1%,2.9%,2018-08-15 07:30:00
2018-08-15,8:15am,USD,Capacity Utilization Rate,Non-economic,78.1%,78.2%,78.1%,2018-08-15 08:15:00
2018-08-15,8:15am,USD,Industrial Production m/m,Non-economic,0.1%,0.3%,1.0%,2018-08-15 08:15:00
2018-08-15,9:00am,USD,Business Inventories m/m,Non-economic,0.1%,0.2%,0.3%,2018-08-15 09:00:00
2018-08-15,9:00am,USD,NAHB Housing Market Index,Non-economic,67,67,68,2018-08-15 09:00:00
2018-08-15,9:30am,USD,Crude Oil Inventories,High,6.8M,-2.6M,-1.4M,2018-08-15 09:30:00
2018-08-15,3:00pm,USD,TIC Long-Term Purchases,Non-economic,-36.5B,32.3B,45.5B,2018-08-15 15:00:00
2018-08-15,6:50pm,JPY,Trade Balance,Non-economic,-0.05T,0.02T,0.08T,2018-08-15 18:50:00
2018-08-15,8:00pm,AUD,MI Inflation Expectations,Non-economic,4.0%,,3.9%,2018-08-15 20:00:00
2018-08-15,8:30pm,AUD,Employment Change,High,-3.9K,15.0K,58.2K,2018-08-15 20:30:00
2018-08-15,8:30pm,AUD,Unemployment Rate,High,5.3%,5.4%,5.4%,2018-08-15 20:30:00
2018-08-16,1:00am,EUR,German WPI m/m,Non-economic,0.0%,0.5%,0.5%,2018-08-16 01:00:00
2018-08-16,1:10am,CNY,Foreign Direct Investment ytd/y,Non-economic,2.3%,,1.1%,2018-08-16 01:10:00
2018-08-16,3:30am,GBP,Retail Sales m/m,High,0.7%,0.2%,-0.5%,2018-08-16 03:30:00
2018-08-16,4:00am,EUR,Trade Balance,Non-economic,16.7B,17.0B,16.9B,2018-08-16 04:00:00
2018-08-16,7:30am,CAD,Manufacturing Sales m/m,Medium,1.1%,1.0%,1.5%,2018-08-16 07:30:00
2018-08-16,7:30am,CAD,ADP Non-Farm Employment Change,Non-economic,11.6K,,22.0K,2018-08-16 07:30:00
2018-08-16,7:30am,USD,Building Permits,Medium,1.31M,1.31M,1.29M,2018-08-16 07:30:00
2018-08-16,7:30am,USD,Housing Starts,Medium,1.17M,1.27M,1.16M,2018-08-16 07:30:00
2018-08-16,7:30am,USD,Philly Fed Manufacturing Index,Medium,11.9,21.9,25.7,2018-08-16 07:30:00
2018-08-16,7:30am,USD,Unemployment Claims,Non-economic,212K,215K,214K,2018-08-16 07:30:00
2018-08-16,8:30am,GBP,CB Leading Index m/m,Non-economic,-0.2%,,0.0%,2018-08-16 08:30:00
2018-08-16,9:00am,USD,Mortgage Delinquencies,Non-economic,4.36%,,4.63%,2018-08-16 09:00:00
2018-08-16,9:30am,USD,Natural Gas Storage,Non-economic,33B,30B,46B,2018-08-16 09:30:00
2018-08-16,5:45pm,NZD,PPI Input q/q,Medium,1.0%,0.2%,0.6%,2018-08-16 17:45:00
2018-08-16,5:45pm,NZD,PPI Output q/q,Non-economic,0.9%,0.1%,0.2%,2018-08-16 17:45:00
2018-08-16,6:34pm,AUD,RBA Gov Lowe Speaks,High,,,,2018-08-16 18:34:00
2018-08-17,2:30am,AUD,RBA Assist Gov Ellis Speaks,Medium,,,,2018-08-17 02:30:00
2018-08-17,3:00am,EUR,Current Account,Non-economic,23.5B,23.2B,24.4B,2018-08-17 03:00:00
2018-08-17,4:00am,EUR,Final CPI y/y,Medium,2.1%,2.1%,2.1%,2018-08-17 04:00:00
2018-08-17,4:00am,EUR,Final Core CPI y/y,Non-economic,1.1%,1.1%,1.1%,2018-08-17 04:00:00
2018-08-17,7:30am,CAD,CPI m/m,High,0.5%,0.1%,0.1%,2018-08-17 07:30:00
2018-08-17,7:30am,CAD,Common CPI y/y,Medium,1.9%,,1.9%,2018-08-17 07:30:00
2018-08-17,7:30am,CAD,Foreign Securities Purchases,Medium,11.55B,4.91B,3.01B,2018-08-17 07:30:00
2018-08-17,7:30am,CAD,Median CPI y/y,Medium,2.0%,,2.0%,2018-08-17 07:30:00
2018-08-17,7:30am,CAD,Trimmed CPI y/y,Medium,2.1%,,2.0%,2018-08-17 07:30:00
2018-08-17,7:32am,CAD,Core CPI m/m,Non-economic,0.2%,,0.1%,2018-08-17 07:32:00
2018-08-17,9:00am,USD,Prelim UoM Consumer Sentiment,Medium,95.3,98.1,97.9,2018-08-17 09:00:00
2018-08-17,9:00am,USD,CB Leading Index m/m,Non-economic,0.6%,0.4%,0.5%,2018-08-17 09:00:00
2018-08-17,9:00am,USD,Prelim UoM Inflation Expectations,Non-economic,2.9%,,2.9%,2018-08-17 09:00:00
2018-08-19,6:01pm,GBP,Rightmove HPI m/m,Non-economic,-2.3%,,-0.1%,2018-08-19 18:01:00
2018-08-20,1:00am,EUR,German PPI m/m,Non-economic,0.2%,0.4%,0.3%,2018-08-20 01:00:00
2018-08-20,5:00am,EUR,German Buba Monthly Report,Non-economic,,,,2018-08-20 05:00:00
2018-08-20,8:15am,CAD,Gov Council Member Wilkins Speaks,Medium,,,,2018-08-20 08:15:00
2018-08-20,9:30am,AUD,CB Leading Index m/m,Non-economic,0.2%,,0.0%,2018-08-20 09:30:00
2018-08-20,10:00am,USD,FOMC Member Bostic Speaks,Medium,,,,2018-08-20 10:00:00
2018-08-20,11:00am,EUR,German Buba President Weidmann Speaks,Medium,,,,2018-08-20 11:00:00
2018-08-20,5:00pm,AUD,RBA Gov Lowe Speaks,High,,,,2018-08-20 17:00:00
2018-08-20,5:45pm,NZD,Visitor Arrivals m/m,Non-economic,0.6%,,-3.6%,2018-08-20 17:45:00
2018-08-20,8:30pm,AUD,Monetary Policy Meeting Minutes,High,,,,2018-08-20 20:30:00
2018-08-20,10:00pm,NZD,Credit Card Spending y/y,Non-economic,3.2%,,5.8%,2018-08-20 22:00:00
2018-08-21,1:00am,CHF,Trade Balance,Non-economic,2.26B,2.85B,2.56B,2018-08-21 01:00:00
2018-08-21,3:30am,GBP,Public Sector Net Borrowing,Medium,-2.9B,-2.1B,3.3B,2018-08-21 03:30:00
2018-08-21,5:00am,GBP,CBI Industrial Order Expectations,Non-economic,7,10,11,2018-08-21 05:00:00
2018-08-21,7:30am,CAD,Wholesale Sales m/m,Non-economic,-0.8%,0.7%,0.9%,2018-08-21 07:30:00
2018-08-21,9:16am,NZD,GDT Price Index,Medium,-3.6%,,0.0%,2018-08-21 09:16:00
2018-08-21,3:30pm,USD,API Weekly Statistical Bulletin,Non-economic,,,,2018-08-21 15:30:00
2018-08-21,5:45pm,NZD,Retail Sales q/q,High,1.1%,0.4%,0.3%,2018-08-21 17:45:00
2018-08-21,5:45pm,NZD,Core Retail Sales q/q,Medium,1.4%,0.8%,0.6%,2018-08-21 17:45:00
2018-08-21,7:30pm,AUD,MI Leading Index m/m,Non-economic,0.0%,,0.1%,2018-08-21 19:30:00
2018-08-21,8:30pm,AUD,Construction Work Done q/q,Medium,1.6%,0.7%,2.4%,2018-08-21 20:30:00
2018-08-21,10:10pm,AUD,RBA Deputy Gov Debelle Speaks,Medium,,,,2018-08-21 22:10:00
2018-08-21,11:30pm,JPY,All Industries Activity m/m,Non-economic,-0.8%,-0.7%,0.1%,2018-08-21 23:30:00
2018-08-22,4:35am,EUR,German 10-y Bond Auction,Non-economic,0.33|1.2,,0.47|1.8,2018-08-22 04:35:00
2018-08-22,7:30am,CAD,Core Retail Sales m/m,High,-0.1%,-0.1%,1.4%,2018-08-22 07:30:00
2018-08-22,7:30am,CAD,Retail Sales m/m,Medium,-0.2%,-0.1%,2.0%,2018-08-22 07:30:00
2018-08-22,9:00am,USD,Existing Home Sales,Medium,5.34M,5.40M,5.38M,2018-08-22 09:00:00
2018-08-22,9:00am,USD,Prelim Benchmark Payrolls Revision,Medium,43K,,95K,2018-08-22 09:00:00
2018-08-22,9:30am,USD,Crude Oil Inventories,High,-5.8M,-1.6M,6.8M,2018-08-22 09:30:00
2018-08-22,1:00pm,USD,FOMC Meeting Minutes,High,,,,2018-08-22 13:00:00
2018-08-22,7:30pm,JPY,Flash Manufacturing PMI,Non-economic,52.5,52.4,52.3,2018-08-22 19:30:00
2018-08-23,2:15am,EUR,French Flash Manufacturing PMI,Medium,53.7,53.5,53.3,2018-08-23 02:15:00
2018-08-23,2:15am,EUR,French Flash Services PMI,Medium,55.7,55.1,54.9,2018-08-23 02:15:00
2018-08-23,2:30am,EUR,German Buba President Weidmann Speaks,Medium,,,,2018-08-23 02:30:00
2018-08-23,2:30am,EUR,German Flash Manufacturing PMI,Medium,56.1,56.5,56.9,2018-08-23 02:30:00
2018-08-23,2:30am,EUR,German Flash Services PMI,Medium,55.2,54.3,54.1,2018-08-23 02:30:00
2018-08-23,3:00am,EUR,Flash Manufacturing PMI,Medium,54.6,55.1,55.1,2018-08-23 03:00:00
2018-08-23,3:00am,EUR,Flash Services PMI,Medium,54.4,54.4,54.2,2018-08-23 03:00:00
2018-08-23,5:00am,GBP,CBI Realized Sales,Non-economic,29,13,20,2018-08-23 05:00:00
2018-08-23,6:30am,EUR,ECB Monetary Policy Meeting Accounts,Medium,,,,2018-08-23 06:30:00
2018-08-23,7:30am,CAD,Corporate Profits q/q,Non-economic,1.0%,,2.7%,2018-08-23 07:30:00
2018-08-23,7:30am,USD,Unemployment Claims,Non-economic,210K,215K,212K,2018-08-23 07:30:00
2018-08-23,8:00am,CNY,CB Leading Index m/m,Non-economic,1.1%,,0.9%,2018-08-23 08:00:00
2018-08-23,8:00am,USD,HPI m/m,Non-economic,0.2%,0.3%,0.4%,2018-08-23 08:00:00
2018-08-23,8:45am,USD,Flash Manufacturing PMI,Non-economic,54.5,55.1,55.3,2018-08-23 08:45:00
2018-08-23,8:45am,USD,Flash Services PMI,Non-economic,55.2,55.9,56.0,2018-08-23 08:45:00
2018-08-23,9:00am,EUR,Consumer Confidence,Non-economic,-2,-1,-1,2018-08-23 09:00:00
2018-08-23,9:00am,USD,New Home Sales,Non-economic,627K,643K,638K,2018-08-23 09:00:00
2018-08-23,9:30am,USD,Natural Gas Storage,Non-economic,48B,47B,33B,2018-08-23 09:30:00
2018-08-23,Day 1,All,Jackson Hole Symposium,Medium,,,,2018-08-23 00:00:00
2018-08-23,5:45pm,NZD,Trade Balance,Medium,-143M,-400M,-288M,2018-08-23 17:45:00
2018-08-23,6:30pm,JPY,National Core CPI y/y,Non-economic,0.8%,0.9%,0.8%,2018-08-23 18:30:00
2018-08-23,6:50pm,JPY,SPPI y/y,Non-economic,1.1%,1.2%,1.1%,2018-08-23 18:50:00
2018-08-24,1:00am,EUR,German Final GDP q/q,Non-economic,0.5%,0.5%,0.5%,2018-08-24 01:00:00
2018-08-24,3:30am,GBP,High Street Lending,Non-economic,39.6K,40.6K,40.3K,2018-08-24 03:30:00
2018-08-24,7:30am,USD,Core Durable Goods Orders m/m,High,0.2%,0.5%,0.2%,2018-08-24 07:30:00
2018-08-24,7:30am,USD,Durable Goods Orders m/m,Medium,-1.7%,-0.7%,0.8%,2018-08-24 07:30:00
2018-08-24,7:59am,EUR,Belgian NBB Business Climate,Non-economic,-0.3,-0.5,-1.3,2018-08-24 07:59:00
2018-08-24,9:00am,USD,Fed Chairman Powell Speaks,High,,,,2018-08-24 09:00:00
2018-08-24,Day 2,All,Jackson Hole Symposium,Medium,,,,2018-08-24 00:00:00
2018-08-24,11:55am,GBP,MPC Member Haldane Speaks,Medium,,,,2018-08-24 11:55:00
2018-08-24,3:15pm,CAD,BOC Gov Poloz Speaks,High,,,,2018-08-24 15:15:00
2018-08-25,Day 3,All,Jackson Hole Symposium,Medium,,,,2018-08-25 00:00:00
2018-08-25,11:25am,CAD,BOC Gov Poloz Speaks,High,,,,2018-08-25 11:25:00
2018-08-27,All Day,GBP,Bank Holiday,Low,,,,2018-08-27 00:00:00
2018-08-27,3:00am,EUR,German ifo Business Climate,Medium,103.8,101.9,101.7,2018-08-27 03:00:00
2018-08-27,10:00am,USD,President Trump Speaks,High,,,,2018-08-27 10:00:00
2018-08-28,12:00am,JPY,BOJ Core CPI y/y,Non-economic,0.5%,0.3%,0.4%,2018-08-28 00:00:00
2018-08-28,3:00am,EUR,M3 Money Supply y/y,Non-economic,4.0%,4.3%,4.5%,2018-08-28 03:00:00
2018-08-28,3:00am,EUR,Private Loans y/y,Non-economic,3.0%,3.0%,3.0%,2018-08-28 03:00:00
2018-08-28,7:30am,USD,Goods Trade Balance,Non-economic,-72.2B,-68.6B,-67.9B,2018-08-28 07:30:00
2018-08-28,7:30am,USD,Prelim Wholesale Inventories m/m,Non-economic,0.7%,0.1%,0.1%,2018-08-28 07:30:00
2018-08-28,8:00am,USD,S&P/CS Composite-20 HPI y/y,Non-economic,6.3%,6.4%,6.5%,2018-08-28 08:00:00
2018-08-28,9:00am,USD,CB Consumer Confidence,Medium,133.4,126.6,127.9,2018-08-28 09:00:00
2018-08-28,9:00am,USD,Richmond Manufacturing Index,Non-economic,24,18,20,2018-08-28 09:00:00
2018-08-28,3:30pm,USD,API Weekly Statistical Bulletin,Non-economic,,,,2018-08-28 15:30:00
2018-08-28,6:01pm,GBP,BRC Shop Price Index y/y,Non-economic,0.1%,,-0.3%,2018-08-28 18:01:00
2018-08-29,12:00am,JPY,Consumer Confidence,Non-economic,43.3,43.4,43.5,2018-08-29 00:00:00
2018-08-29,1:00am,EUR,German GfK Consumer Climate,Non-economic,10.5,10.6,10.6,2018-08-29 01:00:00
2018-08-29,1:45am,EUR,French Consumer Spending m/m,Non-economic,0.1%,0.3%,0.3%,2018-08-29 01:45:00
2018-08-29,1:45am,EUR,French Prelim GDP q/q,Non-economic,0.2%,0.2%,0.2%,2018-08-29 01:45:00
2018-08-29,3:00am,CHF,UBS Economic Expectations,Non-economic,-14.3,,-4.0,2018-08-29 03:00:00
2018-08-29,7:30am,CAD,Current Account,Medium,-15.9B,-15.3B,-17.5B,2018-08-29 07:30:00
2018-08-29,7:30am,USD,Prelim GDP q/q,High,4.2%,4.0%,4.1%,2018-08-29 07:30:00
2018-08-29,7:30am,USD,Prelim GDP Price Index q/q,Non-economic,3.0%,3.0%,3.0%,2018-08-29 07:30:00
2018-08-29,9:00am,USD,Pending Home Sales m/m,Non-economic,-0.7%,0.3%,1.0%,2018-08-29 09:00:00
2018-08-29,9:30am,USD,Crude Oil Inventories,High,-2.6M,-0.7M,-5.8M,2018-08-29 09:30:00
2018-08-29,5:45pm,NZD,Building Consents m/m,Non-economic,-10.3%,,-8.2%,2018-08-29 17:45:00
2018-08-29,6:50pm,JPY,Retail Sales y/y,Non-economic,1.5%,1.3%,1.7%,2018-08-29 18:50:00
2018-08-29,8:00pm,NZD,ANZ Business Confidence,High,-50.3,,-44.9,2018-08-29 20:00:00
2018-08-29,8:30pm,AUD,Private Capital Expenditure q/q,High,-2.5%,0.6%,1.2%,2018-08-29 20:30:00
2018-08-29,8:30pm,AUD,Building Approvals m/m,Medium,-5.2%,-2.2%,6.8%,2018-08-29 20:30:00
2018-08-30,1:00am,EUR,German Import Prices m/m,Non-economic,-0.2%,0.0%,0.5%,2018-08-30 01:00:00
2018-08-30,All Day,EUR,German Prelim CPI m/m,Medium,0.1%,0.1%,0.3%,2018-08-30 00:00:00
2018-08-30,2:00am,CHF,KOF Economic Barometer,Medium,100.3,101.2,101.7,2018-08-30 02:00:00
2018-08-30,2:00am,EUR,Spanish Flash CPI y/y,Medium,2.2%,2.2%,2.2%,2018-08-30 02:00:00
2018-08-30,2:55am,EUR,German Unemployment Change,Non-economic,-8K,-8K,-6K,2018-08-30 02:55:00
2018-08-30,3:30am,GBP,M4 Money Supply m/m,Non-economic,0.9%,0.2%,-0.3%,2018-08-30 03:30:00
2018-08-30,3:30am,GBP,Mortgage Approvals,Non-economic,65K,65K,65K,2018-08-30 03:30:00
2018-08-30,3:30am,GBP,Net Lending to Individuals m/m,Non-economic,4.0B,5.5B,5.4B,2018-08-30 03:30:00
2018-08-30,4:23am,EUR,Italian 10-y Bond Auction,Non-economic,3.25|1.4,,2.87|1.4,2018-08-30 04:23:00
2018-08-30,7:30am,CAD,GDP m/m,High,0.0%,0.1%,0.5%,2018-08-30 07:30:00
2018-08-30,7:30am,USD,Core PCE Price Index m/m,Medium,0.2%,0.2%,0.1%,2018-08-30 07:30:00
2018-08-30,7:30am,USD,Personal Spending m/m,Medium,0.4%,0.4%,0.4%,2018-08-30 07:30:00
2018-08-30,7:30am,USD,Personal Income m/m,Non-economic,0.3%,0.3%,0.4%,2018-08-30 07:30:00
2018-08-30,7:30am,USD,Unemployment Claims,Non-economic,213K,214K,210K,2018-08-30 07:30:00
2018-08-30,9:30am,USD,Natural Gas Storage,Non-economic,70B,58B,48B,2018-08-30 09:30:00
2018-08-30,12:30pm,EUR,German Buba President Weidmann Speaks,Medium,,,,2018-08-30 12:30:00
2018-08-30,6:01pm,GBP,GfK Consumer Confidence,Non-economic,-7,-10,-10,2018-08-30 18:01:00
2018-08-30,6:30pm,JPY,Tokyo Core CPI y/y,Non-economic,0.9%,0.8%,0.8%,2018-08-30 18:30:00
2018-08-30,6:30pm,JPY,Unemployment Rate,Non-economic,2.5%,2.4%,2.4%,2018-08-30 18:30:00
2018-08-30,6:50pm,JPY,Prelim Industrial Production m/m,Non-economic,-0.1%,0.3%,-1.8%,2018-08-30 18:50:00
2018-08-30,8:00pm,CNY,Manufacturing PMI,Medium,51.3,51.0,51.2,2018-08-30 20:00:00
2018-08-30,8:00pm,CNY,Non-Manufacturing PMI,Medium,54.2,53.8,54.0,2018-08-30 20:00:00
2018-08-30,8:30pm,AUD,Private Sector Credit m/m,Non-economic,0.4%,0.3%,0.3%,2018-08-30 20:30:00
2018-08-30,11:00pm,AUD,HIA New Home Sales m/m,Non-economic,-3.1%,,2.2%,2018-08-30 23:00:00
2018-08-31,12:00am,JPY,Housing Starts y/y,Non-economic,-0.7%,-3.9%,-7.1%,2018-08-31 00:00:00
2018-08-31,12:59am,GBP,Nationwide HPI m/m,Non-economic,-0.5%,0.1%,0.7%,2018-08-31 00:59:00
2018-08-31,1:00am,EUR,German Retail Sales m/m,Medium,-0.4%,-0.1%,0.9%,2018-08-31 01:00:00
2018-08-31,1:45am,EUR,French Prelim CPI m/m,Non-economic,0.5%,0.5%,-0.1%,2018-08-31 01:45:00
2018-08-31,3:00am,EUR,Italian Monthly Unemployment Rate,Non-economic,10.4%,10.8%,10.8%,2018-08-31 03:00:00
2018-08-31,4:00am,EUR,Core CPI Flash Estimate y/y,Medium,1.0%,1.1%,1.1%,2018-08-31 04:00:00
2018-08-31,4:00am,EUR,CPI Flash Estimate y/y,Medium,2.0%,2.1%,2.1%,2018-08-31 04:00:00
2018-08-31,4:00am,EUR,Italian Prelim CPI m/m,Non-economic,0.5%,0.2%,0.3%,2018-08-31 04:00:00
2018-08-31,4:00am,EUR,Unemployment Rate,Non-economic,8.2%,8.2%,8.2%,2018-08-31 04:00:00
2018-08-31,7:30am,CAD,RMPI m/m,Medium,0.7%,0.0%,0.6%,2018-08-31 07:30:00
2018-08-31,7:30am,CAD,IPPI m/m,Non-economic,-0.2%,-0.3%,0.7%,2018-08-31 07:30:00
2018-08-31,8:45am,USD,Chicago PMI,Medium,63.6,63.0,65.5,2018-08-31 08:45:00
2018-08-31,9:00am,USD,Revised UoM Consumer Sentiment,Non-economic,96.2,95.5,95.3,2018-08-31 09:00:00
2018-08-31,9:00am,USD,Revised UoM Inflation Expectations,Non-economic,3.0%,,2.9%,2018-08-31 09:00:00
2018-09-02,5:30pm,AUD,AIG Manufacturing Index,Non-economic,56.7,,52.0,2018-09-02 17:30:00
2018-09-02,5:45pm,NZD,Overseas Trade Index q/q,Non-economic,0.6%,1.1%,-2.0%,2018-09-02 17:45:00
2018-09-02,6:50pm,JPY,Capital Spending q/y,Non-economic,12.8%,6.6%,3.4%,2018-09-02 18:50:00
2018-09-02,7:30pm,JPY,Final Manufacturing PMI,Non-economic,52.5,52.5,52.5,2018-09-02 19:30:00
2018-09-02,8:00pm,AUD,MI Inflation Gauge m/m,Non-economic,0.1%,,0.1%,2018-09-02 20:00:00
2018-09-02,8:30pm,AUD,Retail Sales m/m,High,0.0%,0.3%,0.4%,2018-09-02 20:30:00
2018-09-02,8:30pm,AUD,Company Operating Profits q/q,Medium,2.0%,1.4%,5.9%,2018-09-02 20:30:00
2018-09-02,8:30pm,AUD,ANZ Job Advertisements m/m,Non-economic,-0.6%,,1.4%,2018-09-02 20:30:00
2018-09-02,8:45pm,CNY,RatingDog Manufacturing PMI,Non-economic,50.6,50.7,50.8,2018-09-02 20:45:00
2018-09-03,12:40am,JPY,BOJ Gov Kuroda Speaks,High,,,,2018-09-03 00:40:00
2018-09-03,1:30am,AUD,Commodity Prices y/y,Non-economic,6.7%,,7.5%,2018-09-03 01:30:00
2018-09-03,2:15am,CHF,Retail Sales y/y,Non-economic,-0.3%,1.2%,0.2%,2018-09-03 02:15:00
2018-09-03,2:15am,EUR,Spanish Manufacturing PMI,Non-economic,53.0,52.5,52.9,2018-09-03 02:15:00
2018-09-03,2:30am,CHF,Manufacturing PMI,Non-economic,64.8,61.0,61.9,2018-09-03 02:30:00
2018-09-03,2:45am,EUR,Italian Manufacturing PMI,Non-economic,50.1,51.2,51.5,2018-09-03 02:45:00
2018-09-03,2:50am,EUR,French Final Manufacturing PMI,Non-economic,53.5,53.7,53.7,2018-09-03 02:50:00
2018-09-03,2:55am,EUR,German Final Manufacturing PMI,Non-economic,55.9,56.1,56.1,2018-09-03 02:55:00
2018-09-03,3:00am,EUR,Final Manufacturing PMI,Non-economic,54.6,54.6,54.6,2018-09-03 03:00:00
2018-09-03,3:30am,GBP,Final Manufacturing PMI,High,52.8,53.9,53.8,2018-09-03 03:30:00
2018-09-03,All Day,CAD,Bank Holiday,Low,,,,2018-09-03 00:00:00
2018-09-03,All Day,USD,Bank Holiday,Low,,,,2018-09-03 00:00:00
2018-09-03,12:15pm,EUR,German Buba President Weidmann Speaks,Medium,,,,2018-09-03 12:15:00
2018-09-03,6:01pm,GBP,BRC Retail Sales Monitor y/y,Non-economic,0.2%,1.2%,0.5%,2018-09-03 18:01:00
2018-09-03,6:50pm,JPY,Monetary Base y/y,Non-economic,6.9%,6.3%,7.0%,2018-09-03 18:50:00
2018-09-03,8:30pm,AUD,Current Account,Medium,-13.5B,-11.1B,-11.7B,2018-09-03 20:30:00
2018-09-03,11:30pm,AUD,RBA Rate Statement,High,,,,2018-09-03 23:30:00
2018-09-03,11:30pm,AUD,Cash Rate,Medium,1.50%,1.50%,1.50%,2018-09-03 23:30:00
2018-09-04,2:00am,EUR,Spanish Unemployment Change,Non-economic,47.0K,35.2K,-27.1K,2018-09-04 02:00:00
2018-09-04,2:15am,CHF,CPI m/m,Non-economic,0.0%,0.0%,-0.2%,2018-09-04 02:15:00
2018-09-04,3:30am,GBP,Construction PMI,Medium,52.9,54.9,55.8,2018-09-04 03:30:00
2018-09-04,4:00am,EUR,PPI m/m,Non-economic,0.4%,0.3%,0.4%,2018-09-04 04:00:00
2018-09-04,6:30am,AUD,RBA Gov Lowe Speaks,High,,,,2018-09-04 06:30:00
2018-09-04,7:15am,GBP,Monetary Policy Report Hearings,High,,,,2018-09-04 07:15:00
2018-09-04,8:30am,CAD,Manufacturing PMI,Non-economic,56.8,,56.9,2018-09-04 08:30:00
2018-09-04,8:45am,USD,Final Manufacturing PMI,Non-economic,54.7,54.5,54.5,2018-09-04 08:45:00
2018-09-04,9:00am,USD,ISM Manufacturing PMI,High,61.3,57.6,58.1,2018-09-04 09:00:00
2018-09-04,9:00am,USD,Construction Spending m/m,Non-economic,0.1%,0.5%,-0.8%,2018-09-04 09:00:00
2018-09-04,9:00am,USD,ISM Manufacturing Prices,Non-economic,72.1,74.0,73.2,2018-09-04 09:00:00
2018-09-04,9:02am,USD,RCM/TIPP Economic Optimism,Non-economic,55.7,57.2,58.0,2018-09-04 09:02:00
2018-09-04,All Day,USD,Wards Total Vehicle Sales,Non-economic,16.6M,16.8M,16.7M,2018-09-04 00:00:00
2018-09-04,10:02am,NZD,GDT Price Index,Medium,-0.7%,,-3.6%,2018-09-04 10:02:00
2018-09-04,All Day,USD,Total Vehicle Sales,Non-economic,16.7M,16.7M,16.8M,2018-09-04 00:00:00
2018-09-04,5:30pm,AUD,AIG Services Index,Non-economic,52.2,,53.6,2018-09-04 17:30:00
2018-09-04,8:00pm,NZD,ANZ Commodity Prices m/m,Non-economic,-1.1%,,-3.3%,2018-09-04 20:00:00
2018-09-04,8:30pm,AUD,GDP q/q,High,0.9%,0.7%,1.1%,2018-09-04 20:30:00
2018-09-04,8:45pm,CNY,RatingDog Services PMI,Non-economic,51.5,52.7,52.8,2018-09-04 20:45:00
2018-09-04,10:35pm,JPY,10-y Bond Auction,Non-economic,0.11|4.5,,0.13|4.2,2018-09-04 22:35:00
2018-09-05,2:15am,EUR,Spanish Services PMI,Non-economic,52.7,52.1,52.6,2018-09-05 02:15:00
2018-09-05,2:45am,EUR,Italian Services PMI,Non-economic,52.6,53.2,54.0,2018-09-05 02:45:00
2018-09-05,2:50am,EUR,French Final Services PMI,Non-economic,55.4,55.7,55.7,2018-09-05 02:50:00
2018-09-05,2:55am,EUR,German Final Services PMI,Non-economic,55.0,55.2,55.2,2018-09-05 02:55:00
2018-09-05,3:00am,EUR,Final Services PMI,Non-economic,54.4,54.4,54.4,2018-09-05 03:00:00
2018-09-05,3:30am,GBP,Final Services PMI,High,54.3,53.9,53.5,2018-09-05 03:30:00
2018-09-05,4:00am,EUR,Retail Sales m/m,Non-economic,-0.2%,-0.1%,0.3%,2018-09-05 04:00:00
2018-09-05,7:30am,CAD,Trade Balance,High,-0.1B,-1.1B,-0.7B,2018-09-05 07:30:00
2018-09-05,7:30am,CAD,Labor Productivity q/q,Medium,0.7%,0.5%,-0.3%,2018-09-05 07:30:00
2018-09-05,7:30am,USD,Trade Balance,Non-economic,-50.1B,-50.2B,-45.7B,2018-09-05 07:30:00
2018-09-05,9:00am,CAD,BOC Rate Statement,High,,,,2018-09-05 09:00:00
2018-09-05,9:00am,CAD,Overnight Rate,High,1.50%,1.50%,1.50%,2018-09-05 09:00:00
2018-09-05,3:30pm,USD,API Weekly Statistical Bulletin,Non-economic,,,,2018-09-05 15:30:00
2018-09-05,5:30pm,USD,FOMC Member Bostic Speaks,Medium,,,,2018-09-05 17:30:00
2018-09-05,8:30pm,AUD,Goods Trade Balance,High,1.55B,1.46B,1.94B,2018-09-05 20:30:00
2018-09-06,12:45am,CHF,GDP q/q,Non-economic,0.7%,0.5%,1.0%,2018-09-06 00:45:00
2018-09-06,1:00am,EUR,German Factory Orders m/m,Non-economic,-0.9%,1.8%,-3.9%,2018-09-06 01:00:00
2018-09-06,3:54am,EUR,Spanish 10-y Bond Auction,Non-economic,1.43|1.4,,1.42|1.5,2018-09-06 03:54:00
2018-09-06,4:04am,EUR,French 10-y Bond Auction,Non-economic,0.71|1.9,,0.74|2.0,2018-09-06 04:04:00
2018-09-06,6:30am,USD,Challenger Job Cuts y/y,Non-economic,13.7%,,-4.2%,2018-09-06 06:30:00
2018-09-06,7:15am,USD,ADP Non-Farm Employment Change,High,163K,195K,217K,2018-09-06 07:15:00
2018-09-06,7:30am,CAD,Building Permits m/m,Non-economic,-0.1%,1.1%,-1.3%,2018-09-06 07:30:00
2018-09-06,7:30am,USD,Revised Nonfarm Productivity q/q,Non-economic,2.9%,2.9%,2.9%,2018-09-06 07:30:00
2018-09-06,7:30am,USD,Revised Unit Labor Costs q/q,Non-economic,-1.0%,-0.9%,-0.9%,2018-09-06 07:30:00
2018-09-06,7:30am,USD,Unemployment Claims,Non-economic,203K,214K,213K,2018-09-06 07:30:00
2018-09-06,8:45am,USD,Final Services PMI,Non-economic,54.8,55.2,55.2,2018-09-06 08:45:00
2018-09-06,9:00am,USD,ISM Services PMI,High,58.5,56.8,55.7,2018-09-06 09:00:00
2018-09-06,9:00am,USD,FOMC Member Williams Speaks,Medium,,,,2018-09-06 09:00:00
2018-09-06,9:00am,USD,Factory Orders m/m,Non-economic,-0.8%,-0.5%,0.6%,2018-09-06 09:00:00
2018-09-06,9:30am,USD,Natural Gas Storage,Non-economic,63B,60B,70B,2018-09-06 09:30:00
2018-09-06,10:00am,USD,Crude Oil Inventories,High,-4.3M,-2.2M,-2.6M,2018-09-06 10:00:00
2018-09-06,11:30am,CHF,Gov Board Member Zurbrugg Speaks,Medium,,,,2018-09-06 11:30:00
2018-09-06,1:30pm,CAD,Gov Council Member Wilkins Speaks,Medium,,,,2018-09-06 13:30:00
2018-09-06,4:27pm,NZD,RBNZ Gov Orr Speaks,High,,,,2018-09-06 16:27:00
2018-09-06,5:30pm,AUD,AIG Construction Index,Non-economic,51.8,,52.0,2018-09-06 17:30:00
2018-09-06,6:30pm,JPY,Household Spending y/y,Non-economic,0.1%,-0.9%,-1.2%,2018-09-06 18:30:00
2018-09-06,7:00pm,JPY,Average Cash Earnings y/y,Medium,1.5%,2.4%,3.3%,2018-09-06 19:00:00
2018-09-06,8:30pm,AUD,Home Loans m/m,Non-economic,0.4%,-0.1%,-1.1%,2018-09-06 20:30:00
2018-09-07,12:00am,JPY,Leading Indicators,Non-economic,103.5%,103.5%,104.7%,2018-09-07 00:00:00
2018-09-07,12:45am,CHF,Unemployment Rate,Non-economic,2.6%,2.6%,2.6%,2018-09-07 00:45:00
2018-09-07,1:00am,EUR,German Industrial Production m/m,Non-economic,-1.1%,0.2%,-0.7%,2018-09-07 01:00:00
2018-09-07,1:00am,EUR,German Trade Balance,Non-economic,15.8B,19.1B,19.3B,2018-09-07 01:00:00
2018-09-07,1:45am,EUR,French Gov Budget Balance,Non-economic,-82.8B,,-58.9B,2018-09-07 01:45:00
2018-09-07,1:45am,EUR,French Industrial Production m/m,Non-economic,0.7%,0.2%,0.7%,2018-09-07 01:45:00
2018-09-07,1:45am,EUR,French Trade Balance,Non-economic,-3.5B,-5.7B,-6.1B,2018-09-07 01:45:00
2018-09-07,2:00am,CHF,Foreign Currency Reserves,Non-economic,731B,,750B,2018-09-07 02:00:00
2018-09-07,2:30am,GBP,Halifax HPI m/m,Non-economic,0.1%,-0.1%,1.2%,2018-09-07 02:30:00
2018-09-07,3:00am,EUR,Italian Retail Sales m/m,Non-economic,-0.1%,0.2%,-0.1%,2018-09-07 03:00:00
2018-09-07,3:30am,GBP,Consumer Inflation Expectations,Non-economic,3.0%,,2.9%,2018-09-07 03:30:00
2018-09-07,4:00am,EUR,Revised GDP q/q,Non-economic,0.4%,0.4%,0.4%,2018-09-07 04:00:00
2018-09-07,All Day,EUR,Eurogroup Meetings,Non-economic,,,,2018-09-07 00:00:00
2018-09-07,7:30am,CAD,Employment Change,High,-51.6K,5.1K,54.1K,2018-09-07 07:30:00
2018-09-07,7:30am,CAD,Unemployment Rate,High,6.0%,5.9%,5.8%,2018-09-07 07:30:00
2018-09-07,7:30am,USD,Average Hourly Earnings m/m,High,0.4%,0.2%,0.3%,2018-09-07 07:30:00
2018-09-07,7:30am,USD,Non-Farm Employment Change,High,201K,191K,147K,2018-09-07 07:30:00
2018-09-07,7:30am,USD,Unemployment Rate,High,3.9%,3.8%,3.9%,2018-09-07 07:30:00
2018-09-07,9:00am,CAD,Ivey PMI,Medium,61.9,61.5,61.8,2018-09-07 09:00:00
2018-09-07,10:02pm,CNY,Trade Balance,Medium,180B,183B,177B,2018-09-07 22:02:00
2018-09-07,11:07pm,CNY,USD-Denominated Trade Balance,Non-economic,27.9B,31.5B,28.1B,2018-09-07 23:07:00
2018-09-08,All Day,EUR,ECOFIN Meetings,Non-economic,,,,2018-09-08 00:00:00
2018-09-09,5:45pm,NZD,Manufacturing Sales q/q,Non-economic,1.8%,,0.7%,2018-09-09 17:45:00
2018-09-09,6:50pm,JPY,Bank Lending y/y,Non-economic,2.2%,2.0%,2.0%,2018-09-09 18:50:00
2018-09-09,6:50pm,JPY,Current Account,Non-economic,1.48T,1.56T,1.76T,2018-09-09 18:50:00
2018-09-09,6:50pm,JPY,Final GDP Price Index y/y,Non-economic,0.1%,0.1%,0.1%,2018-09-09 18:50:00
2018-09-09,6:50pm,JPY,Final GDP q/q,Non-economic,0.7%,0.7%,0.5%,2018-09-09 18:50:00
2018-09-09,8:30pm,CNY,CPI y/y,Medium,2.3%,2.1%,2.1%,2018-09-09 20:30:00
2018-09-09,8:30pm,CNY,PPI y/y,Non-economic,4.1%,4.1%,4.6%,2018-09-09 20:30:00
2018-09-09,10:05pm,AUD,RBA Gov Bullock Speaks,Medium,,,,2018-09-09 22:05:00
2018-09-10,12:02am,JPY,Economy Watchers Sentiment,Non-economic,48.7,47.2,46.6,2018-09-10 00:02:00
2018-09-10,3:30am,EUR,Sentix Investor Confidence,Non-economic,12.0,13.8,14.7,2018-09-10 03:30:00
2018-09-10,3:30am,GBP,GDP m/m,High,0.3%,0.2%,0.1%,2018-09-10 03:30:00
2018-09-10,3:30am,GBP,Manufacturing Production m/m,High,-0.2%,0.2%,0.4%,2018-09-10 03:30:00
2018-09-10,3:30am,GBP,Goods Trade Balance,Medium,-10.0B,-11.7B,-10.7B,2018-09-10 03:30:00
2018-09-10,3:30am,GBP,Construction Output m/m,Non-economic,0.5%,-0.4%,1.4%,2018-09-10 03:30:00
2018-09-10,3:30am,GBP,Index of Services 3m/3m,Non-economic,0.6%,0.5%,0.5%,2018-09-10 03:30:00
2018-09-10,3:30am,GBP,Industrial Production m/m,Non-economic,0.1%,0.2%,0.4%,2018-09-10 03:30:00
2018-09-10,8:17am,GBP,NIESR GDP Estimate,Non-economic,0.6%,,0.6%,2018-09-10 08:17:00
2018-09-10,11:15am,USD,FOMC Member Bostic Speaks,Medium,,,,2018-09-10 11:15:00
2018-09-10,2:00pm,USD,Consumer Credit m/m,Non-economic,16.6B,14.5B,8.5B,2018-09-10 14:00:00
2018-09-10,6:50pm,JPY,M2 Money Stock y/y,Non-economic,2.9%,3.0%,2.9%,2018-09-10 18:50:00
2018-09-10,8:30pm,AUD,NAB Business Confidence,Medium,4,,7,2018-09-10 20:30:00
2018-09-10,11:00pm,JPY,30-y Bond Auction,Non-economic,0.84|4.2,,0.85|4.7,2018-09-10 23:00:00
2018-09-10,11:30pm,JPY,Tertiary Industry Activity m/m,Non-economic,0.1%,0.1%,-0.6%,2018-09-10 23:30:00
2018-09-11,12:30am,EUR,French Final Private Payrolls q/q,Non-economic,0.1%,0.2%,0.2%,2018-09-11 00:30:00
2018-09-11,12:58am,JPY,Prelim Machine Tool Orders y/y,Non-economic,5.3%,,13.1%,2018-09-11 00:58:00
2018-09-11,3:30am,GBP,Average Earnings Index 3m/y,High,2.6%,2.4%,2.4%,2018-09-11 03:30:00
2018-09-11,3:30am,GBP,Claimant Count Change,Medium,8.7K,6.9K,10.2K,2018-09-11 03:30:00
2018-09-11,3:30am,GBP,Unemployment Rate,Medium,4.0%,4.0%,4.0%,2018-09-11 03:30:00
2018-09-11,4:00am,EUR,German ZEW Economic Sentiment,Medium,-10.6,-13.5,-13.7,2018-09-11 04:00:00
2018-09-11,4:00am,EUR,Final Employment Change q/q,Non-economic,0.4%,0.4%,0.4%,2018-09-11 04:00:00
2018-09-11,4:00am,EUR,ZEW Economic Sentiment,Non-economic,-7.2,-10.9,-11.1,2018-09-11 04:00:00
2018-09-11,4:37am,GBP,30-y Bond Auction,Non-economic,1.83|1.8,,1.94|2.1,2018-09-11 04:37:00
2018-09-11,4:51am,USD,NFIB Small Business Index,Non-economic,108.8,108.1,107.9,2018-09-11 04:51:00
2018-09-11,7:13am,CAD,Housing Starts,Non-economic,201K,213K,206K,2018-09-11 07:13:00
2018-09-11,9:00am,USD,Final Wholesale Inventories m/m,Non-economic,0.6%,0.7%,0.7%,2018-09-11 09:00:00
2018-09-11,9:00am,USD,JOLTS Job Openings,Non-economic,6.94M,6.68M,6.82M,2018-09-11 09:00:00
2018-09-11,3:30pm,USD,API Weekly Statistical Bulletin,Non-economic,,,,2018-09-11 15:30:00
2018-09-11,6:50pm,JPY,BSI Manufacturing Index,Non-economic,6.5,8.0,-3.2,2018-09-11 18:50:00
2018-09-11,7:30pm,AUD,Westpac Consumer Sentiment,Non-economic,-3.0%,,-2.3%,2018-09-11 19:30:00
2018-09-12,3:00am,EUR,Italian Industrial Production m/m,Non-economic,-1.8%,-0.4%,0.3%,2018-09-12 03:00:00
2018-09-12,4:00am,CNY,M2 Money Supply y/y,Non-economic,8.2%,8.6%,8.5%,2018-09-12 04:00:00
2018-09-12,4:00am,CNY,New Loans,Non-economic,1280B,1350B,1450B,2018-09-12 04:00:00
2018-09-12,4:00am,EUR,Industrial Production m/m,Non-economic,-0.8%,-0.5%,-0.8%,2018-09-12 04:00:00
2018-09-12,4:00am,EUR,Italian Quarterly Unemployment Rate,Non-economic,10.7%,10.8%,11.0%,2018-09-12 04:00:00
2018-09-12,4:35am,EUR,German 30-y Bond Auction,Non-economic,1.10|2.0,,0.94|1.6,2018-09-12 04:35:00
2018-09-12,7:30am,CAD,Capacity Utilization Rate,Non-economic,85.5%,86.9%,83.7%,2018-09-12 07:30:00
2018-09-12,7:30am,USD,PPI m/m,High,-0.1%,0.2%,0.0%,2018-09-12 07:30:00
2018-09-12,7:30am,USD,Core PPI m/m,Medium,-0.1%,0.2%,0.1%,2018-09-12 07:30:00
2018-09-12,9:30am,USD,Crude Oil Inventories,High,-5.3M,-1.3M,-4.3M,2018-09-12 09:30:00
2018-09-12,11:45am,USD,FOMC Member Brainard Speaks,Medium,,,,2018-09-12 11:45:00
2018-09-12,12:01pm,USD,10-y Bond Auction,Non-economic,2.96|2.6,,2.96|2.5,2018-09-12 12:01:00
2018-09-12,1:00pm,USD,Beige Book,Non-economic,,,,2018-09-12 13:00:00
2018-09-12,5:45pm,NZD,FPI m/m,Non-economic,-0.5%,,0.7%,2018-09-12 17:45:00
2018-09-12,6:01pm,GBP,RICS House Price Balance,Non-economic,2%,2%,4%,2018-09-12 18:01:00
2018-09-12,6:50pm,JPY,Core Machinery Orders m/m,Non-economic,11.0%,5.6%,-8.8%,2018-09-12 18:50:00
2018-09-12,6:50pm,JPY,PPI y/y,Non-economic,3.0%,3.1%,3.0%,2018-09-12 18:50:00
2018-09-12,8:00pm,AUD,MI Inflation Expectations,Non-economic,4.0%,,4.0%,2018-09-12 20:00:00
2018-09-12,8:30pm,AUD,Employment Change,High,44.0K,16.5K,-4.3K,2018-09-12 20:30:00
2018-09-12,8:30pm,AUD,Unemployment Rate,High,5.3%,5.3%,5.3%,2018-09-12 20:30:00
2018-09-13,1:00am,EUR,German Final CPI m/m,Non-economic,0.1%,0.1%,0.1%,2018-09-13 01:00:00
2018-09-13,1:45am,EUR,French Final CPI m/m,Non-economic,0.5%,0.5%,0.5%,2018-09-13 01:45:00
2018-09-13,2:00am,CNY,Foreign Direct Investment ytd/y,Non-economic,2.3%,,2.3%,2018-09-13 02:00:00
2018-09-13,2:15am,CHF,PPI m/m,Non-economic,0.0%,0.0%,0.1%,2018-09-13 02:15:00
2018-09-13,6:00am,GBP,Monetary Policy Summary,High,,,,2018-09-13 06:00:00
2018-09-13,6:00am,GBP,MPC Official Bank Rate Votes,High,0-0-9,0-0-9,9-0-0,2018-09-13 06:00:00
2018-09-13,6:00am,GBP,Official Bank Rate,Medium,0.75%,0.75%,0.75%,2018-09-13 06:00:00
2018-09-13,6:00am,GBP,Asset Purchase Facility,Non-economic,435B,435B,435B,2018-09-13 06:00:00
2018-09-13,6:00am,GBP,MPC Asset Purchase Facility Votes,Non-economic,0-0-9,0-0-9,0-0-9,2018-09-13 06:00:00
2018-09-13,6:45am,EUR,Main Refinancing Rate,High,0.00%,0.00%,0.00%,2018-09-13 06:45:00
2018-09-13,6:45am,EUR,Monetary Policy Statement,High,,,,2018-09-13 06:45:00
2018-09-13,7:30am,CAD,NHPI m/m,Medium,0.1%,0.1%,0.1%,2018-09-13 07:30:00
2018-09-13,7:30am,EUR,ECB Press Conference,High,,,,2018-09-13 07:30:00
2018-09-13,7:30am,USD,Core CPI m/m,High,0.1%,0.2%,0.2%,2018-09-13 07:30:00
2018-09-13,7:30am,USD,CPI m/m,High,0.2%,0.3%,0.2%,2018-09-13 07:30:00
2018-09-13,7:30am,USD,CPI y/y,High,2.7%,2.8%,2.9%,2018-09-13 07:30:00
2018-09-13,7:30am,USD,Unemployment Claims,Non-economic,204K,210K,205K,2018-09-13 07:30:00
2018-09-13,9:30am,USD,Natural Gas Storage,Non-economic,69B,65B,63B,2018-09-13 09:30:00
2018-09-13,12:00pm,USD,FOMC Member Bostic Speaks,Medium,,,,2018-09-13 12:00:00
2018-09-13,12:01pm,USD,30-y Bond Auction,Non-economic,3.09|2.3,,3.09|2.3,2018-09-13 12:01:00
2018-09-13,1:00pm,USD,Federal Budget Balance,Non-economic,-214.1B,-169.8B,-76.9B,2018-09-13 13:00:00
2018-09-13,5:30pm,NZD,BusinessNZ Manufacturing Index,Medium,52.0,,51.2,2018-09-13 17:30:00
2018-09-13,9:00pm,CNY,Fixed Asset Investment ytd/y,Medium,5.3%,5.5%,5.5%,2018-09-13 21:00:00
2018-09-13,9:00pm,CNY,Industrial Production y/y,Medium,6.1%,6.0%,6.0%,2018-09-13 21:00:00
2018-09-13,9:00pm,CNY,Retail Sales y/y,Non-economic,9.0%,8.8%,8.8%,2018-09-13 21:00:00
2018-09-13,9:00pm,CNY,Unemployment Rate,Non-economic,5.0%,,5.1%,2018-09-13 21:00:00
2018-09-13,11:30pm,JPY,Revised Industrial Production m/m,Non-economic,-0.2%,-0.1%,-0.1%,2018-09-13 23:30:00
2018-09-14,4:00am,EUR,Trade Balance,Non-economic,12.8B,16.3B,16.5B,2018-09-14 04:00:00
2018-09-14,5:00am,GBP,BOE Gov Carney Speaks,High,,,,2018-09-14 05:00:00
2018-09-14,7:30am,USD,Core Retail Sales m/m,High,0.3%,0.5%,0.9%,2018-09-14 07:30:00
2018-09-14,7:30am,USD,Retail Sales m/m,High,0.1%,0.4%,0.7%,2018-09-14 07:30:00
2018-09-14,7:30am,USD,Import Prices m/m,Non-economic,-0.6%,-0.2%,-0.1%,2018-09-14 07:30:00
2018-09-14,8:15am,USD,Capacity Utilization Rate,Non-economic,78.1%,78.3%,77.9%,2018-09-14 08:15:00
2018-09-14,8:15am,USD,Industrial Production m/m,Non-economic,0.4%,0.3%,0.4%,2018-09-14 08:15:00
2018-09-14,9:00am,USD,Prelim UoM Consumer Sentiment,Medium,100.8,96.7,96.2,2018-09-14 09:00:00
2018-09-14,9:00am,USD,Business Inventories m/m,Non-economic,0.6%,0.5%,0.1%,2018-09-14 09:00:00
2018-09-14,9:00am,USD,Prelim UoM Inflation Expectations,Non-economic,2.8%,,3.0%,2018-09-14 09:00:00
2018-09-14,8:30pm,CNY,New Home Prices m/m,Non-economic,1.49%,,1.21%,2018-09-14 20:30:00
2018-09-16,5:30pm,NZD,BusinessNZ Services Index,Non-economic,53.2,,54.8,2018-09-16 17:30:00
2018-09-16,6:01pm,GBP,Rightmove HPI m/m,Non-economic,0.7%,,-2.3%,2018-09-16 18:01:00
2018-09-16,All Day,JPY,Bank Holiday,Low,,,,2018-09-16 00:00:00
2018-09-17,3:00am,EUR,Italian Trade Balance,Non-economic,5.68B,4.82B,5.17B,2018-09-17 03:00:00
2018-09-17,4:00am,EUR,Final CPI y/y,Medium,2.0%,2.0%,2.0%,2018-09-17 04:00:00
2018-09-17,4:00am,EUR,Final Core CPI y/y,Non-economic,1.0%,1.0%,1.0%,2018-09-17 04:00:00
2018-09-17,5:00am,EUR,German Buba Monthly Report,Non-economic,,,,2018-09-17 05:00:00
2018-09-17,7:30am,CAD,Foreign Securities Purchases,Medium,12.65B,4.35B,10.30B,2018-09-17 07:30:00
2018-09-17,7:30am,USD,Empire State Manufacturing Index,Medium,19.0,23.2,25.6,2018-09-17 07:30:00
2018-09-17,8:30am,GBP,CB Leading Index m/m,Non-economic,-0.2%,,-0.2%,2018-09-17 08:30:00
2018-09-17,9:30am,AUD,CB Leading Index m/m,Non-economic,0.1%,,0.1%,2018-09-17 09:30:00
2018-09-17,8:30pm,AUD,Monetary Policy Meeting Minutes,High,,,,2018-09-17 20:30:00
2018-09-17,8:30pm,AUD,HPI q/q,Medium,-0.7%,-0.7%,-0.7%,2018-09-17 20:30:00
2018-09-18,2:15am,EUR,ECB President Draghi Speaks,High,,,,2018-09-18 02:15:00
2018-09-18,7:30am,CAD,Manufacturing Sales m/m,Medium,0.9%,1.0%,1.3%,2018-09-18 07:30:00
2018-09-18,9:00am,USD,NAHB Housing Market Index,Non-economic,67,66,67,2018-09-18 09:00:00
2018-09-18,9:31am,NZD,GDT Price Index,Medium,-1.3%,,-0.7%,2018-09-18 09:31:00
2018-09-18,3:00pm,USD,TIC Long-Term Purchases,Non-economic,74.8B,65.1B,-36.5B,2018-09-18 15:00:00
2018-09-18,3:30pm,USD,API Weekly Statistical Bulletin,Non-economic,,,,2018-09-18 15:30:00
2018-09-18,4:00pm,NZD,Westpac Consumer Sentiment,Non-economic,103.5,,108.6,2018-09-18 16:00:00
2018-09-18,5:45pm,NZD,Current Account,Medium,-1.62B,-1.23B,0.09B,2018-09-18 17:45:00
2018-09-18,6:50pm,JPY,Trade Balance,Non-economic,-0.19T,-0.14T,-0.10T,2018-09-18 18:50:00
2018-09-18,7:30pm,AUD,MI Leading Index m/m,Non-economic,0.1%,,0.0%,2018-09-18 19:30:00
2018-09-18,8:30pm,AUD,RBA Assist Gov Kent Speaks,Medium,,,,2018-09-18 20:30:00
2018-09-18,9:47pm,JPY,Monetary Policy Statement,High,,,,2018-09-18 21:47:00
2018-09-18,9:47pm,JPY,BOJ Policy Rate,Medium,-0.10%,-0.10%,-0.10%,2018-09-18 21:47:00
2018-09-19,12:45am,CHF,SECO Economic Forecasts,Non-economic,,,,2018-09-19 00:45:00
2018-09-19,1:30am,JPY,BOJ Press Conference,High,,,,2018-09-19 01:30:00
2018-09-19,3:00am,EUR,Current Account,Non-economic,21.3B,22.4B,23.8B,2018-09-19 03:00:00
2018-09-19,3:00am,GBP,MPC Member Haldane Speaks,Medium,,,,2018-09-19 03:00:00
2018-09-19,3:30am,GBP,CPI y/y,High,2.7%,2.4%,2.5%,2018-09-19 03:30:00
2018-09-19,3:30am,GBP,PPI Input m/m,Medium,0.5%,0.4%,0.0%,2018-09-19 03:30:00
2018-09-19,3:30am,GBP,RPI y/y,Medium,3.5%,3.2%,3.2%,2018-09-19 03:30:00
2018-09-19,3:30am,GBP,Core CPI y/y,Non-economic,2.1%,1.8%,1.9%,2018-09-19 03:30:00
2018-09-19,3:30am,GBP,HPI y/y,Non-economic,3.1%,2.8%,3.2%,2018-09-19 03:30:00
2018-09-19,3:30am,GBP,PPI Output m/m,Non-economic,0.2%,0.2%,0.0%,2018-09-19 03:30:00
2018-09-19,4:34am,EUR,German 10-y Bond Auction,Non-economic,0.49|2.5,,0.33|1.2,2018-09-19 04:34:00
2018-09-19,7:30am,USD,Building Permits,Medium,1.23M,1.31M,1.30M,2018-09-19 07:30:00
2018-09-19,7:30am,USD,Housing Starts,Medium,1.28M,1.24M,1.17M,2018-09-19 07:30:00
2018-09-19,7:30am,USD,Current Account,Non-economic,-101B,-104B,-122B,2018-09-19 07:30:00
2018-09-19,8:00am,EUR,ECB President Draghi Speaks,High,,,,2018-09-19 08:00:00
2018-09-19,9:30am,USD,Crude Oil Inventories,High,-2.1M,-2.7M,-5.3M,2018-09-19 09:30:00
2018-09-19,5:45pm,NZD,GDP q/q,High,1.0%,0.8%,0.5%,2018-09-19 17:45:00
2018-09-19,8:00pm,AUD,RBA Annual Report,Non-economic,,,,2018-09-19 20:00:00
2018-09-19,8:30pm,AUD,RBA Bulletin,Non-economic,,,,2018-09-19 20:30:00
2018-09-20,1:00am,CHF,Trade Balance,Non-economic,2.13B,2.41B,2.21B,2018-09-20 01:00:00
2018-09-20,2:30am,CHF,SNB Monetary Policy Assessment,High,,,,2018-09-20 02:30:00
2018-09-20,2:30am,CHF,Libor Rate,Medium,-0.75%,-0.75%,-0.75%,2018-09-20 02:30:00
2018-09-20,3:30am,GBP,Retail Sales m/m,High,0.3%,-0.2%,0.9%,2018-09-20 03:30:00
2018-09-20,3:50am,EUR,Spanish 10-y Bond Auction,Non-economic,1.49|1.5,,1.43|1.4,2018-09-20 03:50:00
2018-09-20,4:35am,GBP,10-y Bond Auction,Non-economic,1.60|1.9,,1.46|2.2,2018-09-20 04:35:00
2018-09-20,7:30am,CAD,ADP Non-Farm Employment Change,Non-economic,13.6K,,35.5K,2018-09-20 07:30:00
2018-09-20,7:30am,USD,Philly Fed Manufacturing Index,Medium,22.9,17.5,11.9,2018-09-20 07:30:00
2018-09-20,7:30am,USD,Unemployment Claims,Non-economic,201K,210K,204K,2018-09-20 07:30:00
2018-09-20,8:57am,EUR,Consumer Confidence,Non-economic,-3,-2,-2,2018-09-20 08:57:00
2018-09-20,9:00am,USD,CB Leading Index m/m,Non-economic,0.4%,0.5%,0.7%,2018-09-20 09:00:00
2018-09-20,9:00am,USD,Existing Home Sales,Non-economic,5.34M,5.36M,5.34M,2018-09-20 09:00:00
2018-09-20,9:30am,USD,Natural Gas Storage,Non-economic,86B,81B,69B,2018-09-20 09:30:00
2018-09-20,10:15am,EUR,German Buba President Weidmann Speaks,Medium,,,,2018-09-20 10:15:00
2018-09-20,5:49pm,NZD,Visitor Arrivals m/m,Non-economic,2.8%,,0.7%,2018-09-20 17:49:00
2018-09-20,6:30pm,JPY,National Core CPI y/y,Non-economic,0.9%,0.9%,0.8%,2018-09-20 18:30:00
2018-09-20,7:30pm,JPY,Flash Manufacturing PMI,Non-economic,52.9,53.1,52.5,2018-09-20 19:30:00
2018-09-20,10:00pm,NZD,Credit Card Spending y/y,Non-economic,7.7%,,3.3%,2018-09-20 22:00:00
2018-09-20,11:30pm,JPY,All Industries Activity m/m,Non-economic,0.0%,0.2%,-0.9%,2018-09-20 23:30:00
2018-09-21,2:15am,EUR,French Flash Manufacturing PMI,Medium,52.5,53.3,53.5,2018-09-21 02:15:00
2018-09-21,2:15am,EUR,French Flash Services PMI,Medium,54.3,55.2,55.4,2018-09-21 02:15:00
2018-09-21,2:30am,EUR,German Flash Manufacturing PMI,Medium,53.7,55.7,55.9,2018-09-21 02:30:00
2018-09-21,2:30am,EUR,German Flash Services PMI,Medium,56.5,55.1,55.0,2018-09-21 02:30:00
2018-09-21,3:00am,EUR,Flash Manufacturing PMI,Medium,53.3,54.4,54.6,2018-09-21 03:00:00
2018-09-21,3:00am,EUR,Flash Services PMI,Medium,54.7,54.5,54.4,2018-09-21 03:00:00
2018-09-21,3:30am,GBP,Public Sector Net Borrowing,Medium,5.9B,2.9B,-3.9B,2018-09-21 03:30:00
2018-09-21,7:30am,CAD,Core Retail Sales m/m,High,0.9%,0.6%,0.1%,2018-09-21 07:30:00
2018-09-21,7:30am,CAD,CPI m/m,High,-0.1%,-0.1%,0.5%,2018-09-21 07:30:00
2018-09-21,7:30am,CAD,Common CPI y/y,Medium,2.0%,,1.9%,2018-09-21 07:30:00
2018-09-21,7:30am,CAD,Median CPI y/y,Medium,2.1%,,2.0%,2018-09-21 07:30:00
2018-09-21,7:30am,CAD,Retail Sales m/m,Medium,0.3%,0.3%,-0.1%,2018-09-21 07:30:00
2018-09-21,7:30am,CAD,Trimmed CPI y/y,Medium,2.2%,,2.1%,2018-09-21 07:30:00
2018-09-21,7:30am,CAD,Core CPI m/m,Non-economic,0.1%,,0.2%,2018-09-21 07:30:00
2018-09-21,8:03am,GBP,Prime Minister May Speaks,High,,,,2018-09-21 08:03:00
2018-09-21,8:45am,USD,Flash Manufacturing PMI,Non-economic,55.6,55.1,54.7,2018-09-21 08:45:00
2018-09-21,8:45am,USD,Flash Services PMI,Non-economic,52.9,54.9,54.8,2018-09-21 08:45:00
2018-09-23,All Day,All,OPEC-JMMC Meetings,Medium,,,,2018-09-23 00:00:00
2018-09-23,All Day,JPY,Bank Holiday,Low,,,,2018-09-23 00:00:00
2018-09-23,All Day,CNY,Bank Holiday,Low,,,,2018-09-23 00:00:00
2018-09-24,3:00am,EUR,German ifo Business Climate,Medium,103.7,103.2,103.9,2018-09-24 03:00:00
2018-09-24,5:00am,GBP,CBI Industrial Order Expectations,Non-economic,-1,5,7,2018-09-24 05:00:00
2018-09-24,7:30am,CAD,Wholesale Sales m/m,Non-economic,1.5%,0.4%,-0.9%,2018-09-24 07:30:00
2018-09-24,7:58am,EUR,Belgian NBB Business Climate,Non-economic,1.2,-0.5,-0.3,2018-09-24 07:58:00
2018-09-24,8:00am,EUR,ECB President Draghi Speaks,High,,,,2018-09-24 08:00:00
2018-09-24,6:50pm,JPY,Monetary Policy Meeting Minutes,Non-economic,,,,2018-09-24 18:50:00
2018-09-24,6:50pm,JPY,SPPI y/y,Non-economic,1.3%,1.1%,1.1%,2018-09-24 18:50:00
2018-09-25,12:35am,JPY,BOJ Gov Kuroda Speaks,High,,,,2018-09-25 00:35:00
2018-09-25,1:00am,EUR,German WPI m/m,Non-economic,0.3%,0.2%,0.1%,2018-09-25 01:00:00
2018-09-25,3:40am,GBP,MPC Member Vlieghe Speaks,Medium,,,,2018-09-25 03:40:00
2018-09-25,8:00am,USD,HPI m/m,Non-economic,0.2%,0.2%,0.3%,2018-09-25 08:00:00
2018-09-25,8:00am,USD,S&P/CS Composite-20 HPI y/y,Non-economic,5.9%,6.2%,6.4%,2018-09-25 08:00:00
2018-09-25,9:00am,USD,CB Consumer Confidence,High,138.4,132.2,134.7,2018-09-25 09:00:00
2018-09-25,9:00am,USD,Richmond Manufacturing Index,Non-economic,29,22,24,2018-09-25 09:00:00
2018-09-25,3:30pm,USD,API Weekly Statistical Bulletin,Non-economic,,,,2018-09-25 15:30:00
2018-09-25,5:45pm,NZD,Trade Balance,Medium,-1484M,-930M,-196M,2018-09-25 17:45:00
2018-09-25,8:00pm,NZD,ANZ Business Confidence,High,-38.3,,-50.3,2018-09-25 20:00:00
2018-09-26,12:00am,JPY,BOJ Core CPI y/y,Non-economic,0.5%,0.6%,0.5%,2018-09-26 00:00:00
2018-09-26,3:00am,CHF,UBS Economic Expectations,Non-economic,-30.8,,-14.3,2018-09-26 03:00:00
2018-09-26,3:30am,GBP,High Street Lending,Non-economic,39.4K,39.7K,39.6K,2018-09-26 03:30:00
2018-09-26,5:00am,GBP,CBI Realized Sales,Non-economic,23,18,29,2018-09-26 05:00:00
2018-09-26,8:00am,CHF,SNB Quarterly Bulletin,Non-economic,,,,2018-09-26 08:00:00
2018-09-26,8:00am,CNY,CB Leading Index m/m,Non-economic,0.7%,,1.6%,2018-09-26 08:00:00
2018-09-26,9:00am,USD,New Home Sales,Non-economic,629K,630K,608K,2018-09-26 09:00:00
2018-09-26,9:30am,USD,Crude Oil Inventories,High,1.9M,-0.7M,-2.1M,2018-09-26 09:30:00
2018-09-26,1:00pm,USD,Federal Funds Rate,High,2.25%,2.25%,2.00%,2018-09-26 13:00:00
2018-09-26,1:00pm,USD,FOMC Economic Projections,High,,,,2018-09-26 13:00:00
2018-09-26,1:00pm,USD,FOMC Statement,High,,,,2018-09-26 13:00:00
2018-09-26,1:30pm,USD,FOMC Press Conference,High,,,,2018-09-26 13:30:00
2018-09-26,4:00pm,NZD,Official Cash Rate,High,1.75%,1.75%,1.75%,2018-09-26 16:00:00
2018-09-26,4:00pm,NZD,RBNZ Rate Statement,High,,,,2018-09-26 16:00:00
2018-09-27,1:00am,EUR,German GfK Consumer Climate,Non-economic,10.6,10.6,10.5,2018-09-27 01:00:00
2018-09-27,All Day,EUR,German Prelim CPI m/m,Medium,0.4%,0.1%,0.1%,2018-09-27 00:00:00
2018-09-27,3:00am,EUR,M3 Money Supply y/y,Medium,3.5%,3.8%,4.0%,2018-09-27 03:00:00
2018-09-27,3:00am,EUR,ECB Economic Bulletin,Non-economic,,,,2018-09-27 03:00:00
2018-09-27,3:00am,EUR,Private Loans y/y,Non-economic,3.1%,3.1%,3.0%,2018-09-27 03:00:00
2018-09-27,4:23am,EUR,Italian 10-y Bond Auction,Non-economic,2.90|1.4,,3.25|1.4,2018-09-27 04:23:00
2018-09-27,7:30am,USD,Core Durable Goods Orders m/m,High,0.1%,0.4%,0.1%,2018-09-27 07:30:00
2018-09-27,7:30am,USD,Final GDP q/q,High,4.2%,4.2%,4.2%,2018-09-27 07:30:00
2018-09-27,7:30am,USD,Durable Goods Orders m/m,Medium,4.5%,1.9%,-1.2%,2018-09-27 07:30:00
2018-09-27,7:30am,USD,Final GDP Price Index q/q,Non-economic,3.0%,3.0%,3.0%,2018-09-27 07:30:00
2018-09-27,7:30am,USD,Goods Trade Balance,Non-economic,-75.8B,-70.6B,-72.0B,2018-09-27 07:30:00
2018-09-27,7:30am,USD,Prelim Wholesale Inventories m/m,Non-economic,0.8%,0.3%,0.6%,2018-09-27 07:30:00
2018-09-27,7:30am,USD,Unemployment Claims,Non-economic,214K,208K,202K,2018-09-27 07:30:00
2018-09-27,8:30am,EUR,ECB President Draghi Speaks,High,,,,2018-09-27 08:30:00
2018-09-27,9:00am,GBP,BOE Gov Carney Speaks,High,,,,2018-09-27 09:00:00
2018-09-27,9:00am,USD,Pending Home Sales m/m,Non-economic,-1.8%,-0.2%,-0.8%,2018-09-27 09:00:00
2018-09-27,9:30am,USD,Natural Gas Storage,Non-economic,46B,64B,86B,2018-09-27 09:30:00
2018-09-27,3:30pm,USD,Fed Chairman Powell Speaks,High,,,,2018-09-27 15:30:00
2018-09-27,4:45pm,CAD,BOC Gov Poloz Speaks,High,,,,2018-09-27 16:45:00
2018-09-27,5:45pm,NZD,Building Consents m/m,Non-economic,7.8%,,-10.8%,2018-09-27 17:45:00
2018-09-27,6:01pm,GBP,GfK Consumer Confidence,Non-economic,-9,-8,-7,2018-09-27 18:01:00
2018-09-27,6:30pm,JPY,Tokyo Core CPI y/y,Non-economic,1.0%,0.9%,0.9%,2018-09-27 18:30:00
2018-09-27,6:30pm,JPY,Unemployment Rate,Non-economic,2.4%,2.5%,2.5%,2018-09-27 18:30:00
2018-09-27,6:50pm,JPY,BOJ Summary of Opinions,Non-economic,,,,2018-09-27 18:50:00
2018-09-27,6:50pm,JPY,Prelim Industrial Production m/m,Non-economic,0.7%,1.5%,-0.2%,2018-09-27 18:50:00
2018-09-27,6:50pm,JPY,Retail Sales y/y,Non-economic,2.7%,2.2%,1.5%,2018-09-27 18:50:00
2018-09-27,8:30pm,AUD,Private Sector Credit m/m,Non-economic,0.5%,0.4%,0.4%,2018-09-27 20:30:00
2018-09-28,12:00am,JPY,Housing Starts y/y,Non-economic,1.6%,0.4%,-0.7%,2018-09-28 00:00:00
2018-09-28,1:45am,EUR,French Consumer Spending m/m,Non-economic,0.8%,0.3%,0.0%,2018-09-28 01:45:00
2018-09-28,1:45am,EUR,French Prelim CPI m/m,Non-economic,-0.2%,-0.1%,0.5%,2018-09-28 01:45:00
2018-09-28,2:00am,CHF,KOF Economic Barometer,Medium,102.2,100.1,98.9,2018-09-28 02:00:00
2018-09-28,2:00am,EUR,Spanish Flash CPI y/y,Medium,2.2%,2.2%,2.2%,2018-09-28 02:00:00
2018-09-28,2:55am,EUR,German Unemployment Change,Non-economic,-23K,-9K,-10K,2018-09-28 02:55:00
2018-09-28,3:30am,GBP,Current Account,High,-20.3B,-19.4B,-15.7B,2018-09-28 03:30:00
2018-09-28,3:30am,GBP,Final GDP q/q,Medium,0.4%,0.4%,0.4%,2018-09-28 03:30:00
2018-09-28,3:30am,GBP,Revised Business Investment q/q,Non-economic,-0.7%,0.5%,0.5%,2018-09-28 03:30:00
2018-09-28,4:00am,EUR,Core CPI Flash Estimate y/y,Medium,0.9%,1.1%,1.0%,2018-09-28 04:00:00
2018-09-28,4:00am,EUR,CPI Flash Estimate y/y,Medium,2.1%,2.1%,2.0%,2018-09-28 04:00:00
2018-09-28,4:00am,EUR,Italian Prelim CPI m/m,Non-economic,-0.4%,-0.2%,0.4%,2018-09-28 04:00:00
2018-09-28,7:30am,CAD,GDP m/m,High,0.2%,0.1%,0.0%,2018-09-28 07:30:00
2018-09-28,7:30am,CAD,RMPI m/m,Medium,-4.6%,0.8%,0.7%,2018-09-28 07:30:00
2018-09-28,7:30am,CAD,IPPI m/m,Non-economic,-0.5%,0.6%,-0.2%,2018-09-28 07:30:00
2018-09-28,7:30am,USD,Core PCE Price Index m/m,Medium,0.0%,0.1%,0.2%,2018-09-28 07:30:00
2018-09-28,7:30am,USD,Personal Spending m/m,Medium,0.3%,0.3%,0.4%,2018-09-28 07:30:00
2018-09-28,7:30am,USD,Personal Income m/m,Non-economic,0.3%,0.4%,0.3%,2018-09-28 07:30:00
2018-09-28,8:20am,GBP,MPC Member Ramsden Speaks,Medium,,,,2018-09-28 08:20:00
2018-09-28,8:45am,USD,Chicago PMI,Medium,60.4,62.3,63.6,2018-09-28 08:45:00
2018-09-28,9:00am,USD,Revised UoM Consumer Sentiment,Medium,100.1,100.5,100.8,2018-09-28 09:00:00
2018-09-28,9:00am,USD,Revised UoM Inflation Expectations,Non-economic,2.7%,,2.8%,2018-09-28 09:00:00
2018-09-29,9:00am,NZD,Daylight Saving Time Shift,Low,,,,2018-09-29 09:00:00
2018-09-29,8:00pm,CNY,Manufacturing PMI,Medium,50.8,51.2,51.3,2018-09-29 20:00:00
2018-09-29,8:00pm,CNY,Non-Manufacturing PMI,Medium,54.9,54.1,54.2,2018-09-29 20:00:00
2018-09-29,8:45pm,CNY,RatingDog Manufacturing PMI,Non-economic,50.0,50.5,50.6,2018-09-29 20:45:00
2018-09-30,All Day,AUD,Bank Holiday,Low,,,,2018-09-30 00:00:00
2018-09-30,5:30pm,AUD,AIG Manufacturing Index,Non-economic,59.0,,56.7,2018-09-30 17:30:00
2018-09-30,6:50pm,JPY,Tankan Manufacturing Index,Non-economic,19,22,21,2018-09-30 18:50:00
2018-09-30,6:50pm,JPY,Tankan Non-Manufacturing Index,Non-economic,22,23,24,2018-09-30 18:50:00
2018-09-30,All Day,CNY,Bank Holiday,Low,,,,2018-09-30 00:00:00
2018-09-30,7:30pm,JPY,Final Manufacturing PMI,Non-economic,52.5,52.9,52.9,2018-09-30 19:30:00
2018-09-30,8:00pm,AUD,MI Inflation Gauge m/m,Non-economic,0.3%,,0.1%,2018-09-30 20:00:00
2018-10-01,1:00am,EUR,German Retail Sales m/m,Medium,-0.1%,0.4%,-1.1%,2018-10-01 01:00:00
2018-10-01,2:15am,CHF,Retail Sales y/y,Non-economic,0.4%,0.4%,-0.9%,2018-10-01 02:15:00
2018-10-01,2:15am,EUR,Spanish Manufacturing PMI,Non-economic,51.4,52.7,53.0,2018-10-01 02:15:00
2018-10-01,2:30am,CHF,Manufacturing PMI,Non-economic,59.7,62.6,64.8,2018-10-01 02:30:00
2018-10-01,2:45am,EUR,Italian Manufacturing PMI,Non-economic,50.0,50.3,50.1,2018-10-01 02:45:00
2018-10-01,2:50am,EUR,French Final Manufacturing PMI,Non-economic,52.5,52.5,52.5,2018-10-01 02:50:00
2018-10-01,2:55am,EUR,German Final Manufacturing PMI,Non-economic,53.7,53.7,53.7,2018-10-01 02:55:00
2018-10-01,3:00am,EUR,Final Manufacturing PMI,Non-economic,53.2,53.3,53.3,2018-10-01 03:00:00
2018-10-01,3:00am,EUR,Italian Monthly Unemployment Rate,Non-economic,9.7%,10.5%,10.2%,2018-10-01 03:00:00
2018-10-01,3:30am,GBP,Final Manufacturing PMI,High,53.8,52.6,53.0,2018-10-01 03:30:00
2018-10-01,3:30am,GBP,Net Lending to Individuals m/m,Medium,4.0B,4.8B,3.8B,2018-10-01 03:30:00
2018-10-01,3:30am,GBP,M4 Money Supply m/m,Non-economic,0.2%,0.6%,0.9%,2018-10-01 03:30:00
2018-10-01,3:30am,GBP,Mortgage Approvals,Non-economic,66K,65K,65K,2018-10-01 03:30:00
2018-10-01,4:00am,EUR,Unemployment Rate,Non-economic,8.1%,8.1%,8.2%,2018-10-01 04:00:00
2018-10-01,All Day,EUR,Eurogroup Meetings,Non-economic,,,,2018-10-01 00:00:00
2018-10-01,8:00am,USD,FOMC Member Bostic Speaks,Medium,,,,2018-10-01 08:00:00
2018-10-01,8:30am,CAD,Manufacturing PMI,Non-economic,54.8,,56.8,2018-10-01 08:30:00
2018-10-01,8:45am,USD,Final Manufacturing PMI,Non-economic,55.6,55.6,55.6,2018-10-01 08:45:00
2018-10-01,9:00am,USD,ISM Manufacturing PMI,High,59.8,60.1,61.3,2018-10-01 09:00:00
2018-10-01,9:00am,USD,Construction Spending m/m,Non-economic,0.1%,0.5%,0.2%,2018-10-01 09:00:00
2018-10-01,9:00am,USD,ISM Manufacturing Prices,Non-economic,66.9,72.0,72.1,2018-10-01 09:00:00
2018-10-01,10:00am,USD,President Trump Speaks,High,,,,2018-10-01 10:00:00
2018-10-01,12:00pm,CAD,Gov Council Member Lane Speaks,Medium,,,,2018-10-01 12:00:00
2018-10-01,4:00pm,NZD,NZIER Business Confidence,Medium,-30,,-20,2018-10-01 16:00:00
2018-10-01,6:50pm,JPY,Monetary Base y/y,Non-economic,5.9%,7.1%,6.9%,2018-10-01 18:50:00
2018-10-01,All Day,CNY,Bank Holiday,Low,,,,2018-10-01 00:00:00
2018-10-01,10:35pm,JPY,10-y Bond Auction,Non-economic,0.14|4.2,,0.11|4.5,2018-10-01 22:35:00
2018-10-01,11:30pm,AUD,RBA Rate Statement,High,,,,2018-10-01 23:30:00
2018-10-01,11:30pm,AUD,Cash Rate,Medium,1.50%,1.50%,1.50%,2018-10-01 23:30:00
2018-10-02,12:00am,JPY,Consumer Confidence,Non-economic,43.4,43.0,43.3,2018-10-02 00:00:00
2018-10-02,12:57am,GBP,Nationwide HPI m/m,Non-economic,0.3%,0.2%,-0.5%,2018-10-02 00:57:00
2018-10-02,1:30am,AUD,Commodity Prices y/y,Non-economic,4.8%,,6.6%,2018-10-02 01:30:00
2018-10-02,2:00am,EUR,Spanish Unemployment Change,Non-economic,20.4K,28.2K,47.0K,2018-10-02 02:00:00
2018-10-02,3:30am,GBP,Construction PMI,Medium,52.1,52.8,52.9,2018-10-02 03:30:00
2018-10-02,4:00am,EUR,PPI m/m,Non-economic,0.3%,0.2%,0.7%,2018-10-02 04:00:00
2018-10-02,All Day,EUR,ECOFIN Meetings,Non-economic,,,,2018-10-02 00:00:00
2018-10-02,9:00am,USD,FOMC Member Quarles Speaks,Medium,,,,2018-10-02 09:00:00
2018-10-02,All Day,USD,Wards Total Vehicle Sales,Non-economic,17.4M,16.8M,16.6M,2018-10-02 00:00:00
2018-10-02,9:50am,NZD,GDT Price Index,Medium,-1.9%,,-1.3%,2018-10-02 09:50:00
2018-10-02,All Day,USD,Total Vehicle Sales,Non-economic,17.4M,16.8M,16.7M,2018-10-02 00:00:00
2018-10-02,11:45am,USD,Fed Chairman Powell Speaks,High,,,,2018-10-02 11:45:00
2018-10-02,3:30pm,USD,API Weekly Statistical Bulletin,Non-economic,,,,2018-10-02 15:30:00
2018-10-02,5:30pm,AUD,AIG Services Index,Non-economic,52.5,,52.2,2018-10-02 17:30:00
2018-10-02,6:01pm,GBP,BRC Shop Price Index y/y,Non-economic,0.2%,,0.1%,2018-10-02 18:01:00
2018-10-02,7:00pm,NZD,ANZ Commodity Prices m/m,Non-economic,-1.8%,,-1.1%,2018-10-02 19:00:00
2018-10-02,All Day,CNY,Bank Holiday,Low,,,,2018-10-02 00:00:00
2018-10-02,8:30pm,AUD,Building Approvals m/m,Medium,-9.4%,1.0%,-4.6%,2018-10-02 20:30:00
2018-10-03,All Day,EUR,German Bank Holiday,Low,,,,2018-10-03 00:00:00
2018-10-03,2:15am,EUR,Spanish Services PMI,Non-economic,52.5,52.9,52.7,2018-10-03 02:15:00
2018-10-03,2:45am,EUR,Italian Services PMI,Non-economic,53.3,52.8,52.6,2018-10-03 02:45:00
2018-10-03,2:50am,EUR,French Final Services PMI,Non-economic,54.8,54.3,54.3,2018-10-03 02:50:00
2018-10-03,2:55am,EUR,German Final Services PMI,Non-economic,55.9,56.5,56.5,2018-10-03 02:55:00
2018-10-03,3:00am,EUR,Final Services PMI,Non-economic,54.7,54.7,54.7,2018-10-03 03:00:00
2018-10-03,3:30am,GBP,Final Services PMI,High,53.9,54.0,54.3,2018-10-03 03:30:00
2018-10-03,4:00am,EUR,Retail Sales m/m,Non-economic,-0.2%,0.2%,-0.6%,2018-10-03 04:00:00
2018-10-03,7:05am,USD,FOMC Member Barkin Speaks,Medium,,,,2018-10-03 07:05:00
2018-10-03,7:15am,USD,ADP Non-Farm Employment Change,Medium,230K,185K,168K,2018-10-03 07:15:00
2018-10-03,8:45am,USD,Final Services PMI,Non-economic,53.5,52.9,52.9,2018-10-03 08:45:00
2018-10-03,9:00am,USD,ISM Services PMI,High,61.6,58.0,58.5,2018-10-03 09:00:00
2018-10-03,9:30am,USD,Crude Oil Inventories,Medium,8.0M,1.1M,1.9M,2018-10-03 09:30:00
2018-10-03,1:00pm,USD,FOMC Member Brainard Speaks,Medium,,,,2018-10-03 13:00:00
2018-10-03,1:15pm,USD,FOMC Member Mester Speaks,Medium,,,,2018-10-03 13:15:00
2018-10-03,3:00pm,USD,Fed Chairman Powell Speaks,High,,,,2018-10-03 15:00:00
2018-10-03,All Day,CNY,Bank Holiday,Low,,,,2018-10-03 00:00:00
2018-10-03,8:15pm,AUD,HIA New Home Sales m/m,Non-economic,-2.9%,,-3.1%,2018-10-03 20:15:00
2018-10-03,8:30pm,AUD,Goods Trade Balance,Medium,1.60B,1.43B,1.55B,2018-10-03 20:30:00
2018-10-04,3:46am,EUR,Spanish 10-y Bond Auction,Non-economic,1.54|2.4,,1.49|1.5,2018-10-04 03:46:00
2018-10-04,4:02am,EUR,French 10-y Bond Auction,Non-economic,0.86|1.6,,0.71|1.9,2018-10-04 04:02:00
2018-10-04,6:30am,USD,Challenger Job Cuts y/y,Non-economic,70.9%,,13.7%,2018-10-04 06:30:00
2018-10-04,7:00am,GBP,Housing Equity Withdrawal q/q,Non-economic,-6.3B,-6.5B,-7.1B,2018-10-04 07:00:00
2018-10-04,7:30am,USD,Unemployment Claims,Non-economic,207K,214K,215K,2018-10-04 07:30:00
2018-10-04,8:15am,USD,FOMC Member Quarles Speaks,Medium,,,,2018-10-04 08:15:00
2018-10-04,9:00am,CAD,Ivey PMI,Medium,50.4,62.3,61.9,2018-10-04 09:00:00
2018-10-04,9:00am,USD,Factory Orders m/m,Non-economic,2.3%,2.2%,-0.5%,2018-10-04 09:00:00
2018-10-04,9:30am,USD,Natural Gas Storage,Non-economic,98B,47B,46B,2018-10-04 09:30:00
2018-10-04,5:30pm,AUD,AIG Construction Index,Non-economic,49.3,,51.8,2018-10-04 17:30:00
2018-10-04,6:30pm,JPY,Household Spending y/y,Non-economic,2.8%,0.0%,0.1%,2018-10-04 18:30:00
2018-10-04,7:00pm,JPY,Average Cash Earnings y/y,Medium,0.9%,1.3%,1.6%,2018-10-04 19:00:00
2018-10-04,All Day,CNY,Bank Holiday,Low,,,,2018-10-04 00:00:00
2018-10-04,8:30pm,AUD,Retail Sales m/m,High,0.3%,0.3%,0.0%,2018-10-04 20:30:00
2018-10-05,12:00am,JPY,Leading Indicators,Non-economic,104.4%,104.3%,103.9%,2018-10-05 00:00:00
2018-10-05,1:00am,EUR,German Factory Orders m/m,Non-economic,2.0%,0.7%,-0.9%,2018-10-05 01:00:00
2018-10-05,1:00am,EUR,German PPI m/m,Non-economic,0.3%,0.2%,0.2%,2018-10-05 01:00:00
2018-10-05,1:45am,EUR,French Gov Budget Balance,Non-economic,-97.3B,,-82.8B,2018-10-05 01:45:00
2018-10-05,1:45am,EUR,French Trade Balance,Non-economic,-5.6B,-4.5B,-3.4B,2018-10-05 01:45:00
2018-10-05,2:00am,CHF,Foreign Currency Reserves,Non-economic,740B,,731B,2018-10-05 02:00:00
2018-10-05,2:15am,CHF,CPI m/m,Non-economic,0.1%,0.2%,0.0%,2018-10-05 02:15:00
2018-10-05,2:30am,GBP,Halifax HPI m/m,Non-economic,-1.4%,0.2%,-0.2%,2018-10-05 02:30:00
2018-10-05,3:00am,EUR,Italian Retail Sales m/m,Non-economic,0.7%,0.2%,0.0%,2018-10-05 03:00:00
2018-10-05,7:30am,CAD,Employment Change,High,63.3K,25.0K,-51.6K,2018-10-05 07:30:00
2018-10-05,7:30am,CAD,Unemployment Rate,High,5.9%,5.9%,6.0%,2018-10-05 07:30:00
2018-10-05,7:30am,CAD,Trade Balance,Medium,0.5B,-0.5B,-0.2B,2018-10-05 07:30:00
2018-10-05,7:30am,USD,Average Hourly Earnings m/m,High,0.3%,0.3%,0.3%,2018-10-05 07:30:00
2018-10-05,7:30am,USD,Non-Farm Employment Change,High,134K,185K,270K,2018-10-05 07:30:00
2018-10-05,7:30am,USD,Unemployment Rate,High,3.7%,3.8%,3.9%,2018-10-05 07:30:00
2018-10-05,7:30am,USD,Trade Balance,Non-economic,-53.2B,-53.4B,-50.0B,2018-10-05 07:30:00
2018-10-05,11:40am,USD,FOMC Member Bostic Speaks,Non-economic,,,,2018-10-05 11:40:00
2018-10-05,2:00pm,USD,Consumer Credit m/m,Non-economic,20.1B,14.9B,16.6B,2018-10-05 14:00:00
2018-10-06,11:00am,AUD,Daylight Saving Time Shift,Low,,,,2018-10-06 11:00:00
2018-10-07,All Day,JPY,Bank Holiday,Low,,,,2018-10-07 00:00:00
2018-10-07,7:30pm,AUD,ANZ Job Advertisements m/m,Non-economic,-0.8%,,-0.7%,2018-10-07 19:30:00
2018-10-07,8:45pm,CNY,RatingDog Services PMI,Non-economic,53.1,51.4,51.5,2018-10-07 20:45:00
2018-10-08,12:45am,CHF,Unemployment Rate,Non-economic,2.5%,2.5%,2.6%,2018-10-08 00:45:00
2018-10-08,1:00am,EUR,German Industrial Production m/m,Non-economic,-0.3%,0.4%,-1.3%,2018-10-08 01:00:00
2018-10-08,3:30am,EUR,Sentix Investor Confidence,Non-economic,11.4,11.4,12.0,2018-10-08 03:30:00
2018-10-08,All Day,CAD,Bank Holiday,Low,,,,2018-10-08 00:00:00
2018-10-08,All Day,USD,Bank Holiday,Low,,,,2018-10-08 00:00:00
2018-10-08,6:01pm,GBP,BRC Retail Sales Monitor y/y,Non-economic,-0.2%,0.3%,0.2%,2018-10-08 18:01:00
2018-10-08,6:50pm,JPY,Current Account,Non-economic,1.43T,1.52T,1.48T,2018-10-08 18:50:00
2018-10-08,7:30pm,AUD,NAB Business Confidence,Medium,6,,5,2018-10-08 19:30:00
2018-10-09,12:00am,JPY,Economy Watchers Sentiment,Non-economic,48.6,47.3,48.7,2018-10-09 00:00:00
2018-10-09,1:00am,EUR,German Trade Balance,Non-economic,18.3B,15.9B,15.9B,2018-10-09 01:00:00
2018-10-09,3:30am,GBP,FPC Statement,Non-economic,,,,2018-10-09 03:30:00
2018-10-09,4:40am,USD,NFIB Small Business Index,Non-economic,107.9,108.9,108.8,2018-10-09 04:40:00
2018-10-09,7:13am,CAD,Housing Starts,Non-economic,189K,203K,199K,2018-10-09 07:13:00
2018-10-09,9:05am,USD,RCM/TIPP Economic Optimism,Non-economic,57.8,54.6,55.7,2018-10-09 09:05:00
2018-10-09,9:35am,GBP,MPC Member Broadbent Speaks,Medium,,,,2018-10-09 09:35:00
2018-10-09,1:00pm,CAD,Gov Council Member Wilkins Speaks,Non-economic,,,,2018-10-09 13:00:00
2018-10-09,6:30pm,AUD,Westpac Consumer Sentiment,Medium,1.0%,,-3.0%,2018-10-09 18:30:00
2018-10-09,6:50pm,JPY,Core Machinery Orders m/m,Non-economic,6.8%,-3.9%,11.0%,2018-10-09 18:50:00
2018-10-09,8:10pm,USD,FOMC Member Williams Speaks,Medium,,,,2018-10-09 20:10:00
2018-10-10,12:59am,JPY,Prelim Machine Tool Orders y/y,Non-economic,2.8%,,5.1%,2018-10-10 00:59:00
2018-10-10,1:45am,EUR,French Industrial Production m/m,Non-economic,0.3%,0.1%,0.8%,2018-10-10 01:45:00
2018-10-10,3:00am,EUR,Italian Industrial Production m/m,Non-economic,1.7%,0.7%,-1.6%,2018-10-10 03:00:00
2018-10-10,3:30am,GBP,GDP m/m,High,0.0%,0.1%,0.4%,2018-10-10 03:30:00
2018-10-10,3:30am,GBP,Manufacturing Production m/m,High,-0.2%,0.1%,0.0%,2018-10-10 03:30:00
2018-10-10,3:30am,GBP,Construction Output m/m,Non-economic,-0.7%,-0.4%,0.5%,2018-10-10 03:30:00
2018-10-10,3:30am,GBP,Goods Trade Balance,Non-economic,-11.2B,-10.9B,-10.4B,2018-10-10 03:30:00
2018-10-10,3:30am,GBP,Index of Services 3m/3m,Non-economic,0.5%,0.6%,0.7%,2018-10-10 03:30:00
2018-10-10,3:30am,GBP,Industrial Production m/m,Non-economic,0.2%,0.1%,0.4%,2018-10-10 03:30:00
2018-10-10,4:00am,GBP,MPC Member Haldane Speaks,Medium,,,,2018-10-10 04:00:00
2018-10-10,4:33am,EUR,German 10-y Bond Auction,Non-economic,0.55|1.1,,0.49|2.5,2018-10-10 04:33:00
2018-10-10,7:30am,CAD,Building Permits m/m,Non-economic,0.4%,0.5%,-1.5%,2018-10-10 07:30:00
2018-10-10,7:30am,USD,PPI m/m,High,0.2%,0.2%,-0.1%,2018-10-10 07:30:00
2018-10-10,7:30am,USD,Core PPI m/m,Medium,0.2%,0.2%,-0.1%,2018-10-10 07:30:00
2018-10-10,8:10am,GBP,NIESR GDP Estimate,Non-economic,0.7%,,0.7%,2018-10-10 08:10:00
2018-10-10,9:00am,USD,Final Wholesale Inventories m/m,Non-economic,1.0%,0.8%,0.8%,2018-10-10 09:00:00
2018-10-10,12:01pm,USD,10-y Bond Auction,Non-economic,3.23|2.4,,2.96|2.6,2018-10-10 12:01:00
2018-10-10,3:30pm,USD,API Weekly Statistical Bulletin,Non-economic,,,,2018-10-10 15:30:00
2018-10-10,4:45pm,NZD,FPI m/m,Non-economic,-0.1%,,-0.5%,2018-10-10 16:45:00
2018-10-10,5:00pm,USD,FOMC Member Bostic Speaks,Medium,,,,2018-10-10 17:00:00
2018-10-10,5:30pm,AUD,RBA Assist Gov Ellis Speaks,Medium,,,,2018-10-10 17:30:00
2018-10-10,6:01pm,GBP,RICS House Price Balance,Non-economic,-2%,2%,1%,2018-10-10 18:01:00
2018-10-10,6:50pm,JPY,Bank Lending y/y,Non-economic,2.3%,2.1%,2.2%,2018-10-10 18:50:00
2018-10-10,6:50pm,JPY,PPI y/y,Non-economic,3.0%,2.9%,3.0%,2018-10-10 18:50:00
2018-10-10,7:00pm,AUD,MI Inflation Expectations,Non-economic,4.0%,,4.0%,2018-10-10 19:00:00
2018-10-10,Day 1,All,G20 Meetings,Medium,,,,2018-10-10 00:00:00
2018-10-10,10:35pm,JPY,30-y Bond Auction,Non-economic,0.90|3.9,,0.84|4.2,2018-10-10 22:35:00
2018-10-11,12:00am,GBP,BOE Gov Carney Speaks,High,,,,2018-10-11 00:00:00
2018-10-11,1:45am,EUR,French Final CPI m/m,Non-economic,-0.2%,-0.2%,-0.2%,2018-10-11 01:45:00
2018-10-11,3:30am,GBP,BOE Credit Conditions Survey,Medium,,,,2018-10-11 03:30:00
2018-10-11,4:00am,GBP,BOE Gov Carney Speaks,High,,,,2018-10-11 04:00:00
2018-10-11,5:45am,GBP,MPC Member Vlieghe Speaks,Medium,,,,2018-10-11 05:45:00
2018-10-11,6:30am,EUR,ECB Monetary Policy Meeting Accounts,Medium,,,,2018-10-11 06:30:00
2018-10-11,7:30am,CAD,NHPI m/m,Non-economic,0.0%,0.1%,0.1%,2018-10-11 07:30:00
2018-10-11,7:30am,USD,Core CPI m/m,High,0.1%,0.2%,0.1%,2018-10-11 07:30:00
2018-10-11,7:30am,USD,CPI m/m,High,0.1%,0.2%,0.2%,2018-10-11 07:30:00
2018-10-11,7:30am,USD,CPI y/y,High,2.3%,2.4%,2.7%,2018-10-11 07:30:00
2018-10-11,7:30am,USD,Unemployment Claims,Non-economic,214K,207K,207K,2018-10-11 07:30:00
2018-10-11,9:30am,USD,Natural Gas Storage,Non-economic,90B,87B,98B,2018-10-11 09:30:00
2018-10-11,10:00am,USD,Crude Oil Inventories,Medium,6.0M,2.3M,8.0M,2018-10-11 10:00:00
2018-10-11,12:01pm,USD,30-y Bond Auction,Non-economic,3.34|2.4,,3.09|2.3,2018-10-11 12:01:00
2018-10-11,4:30pm,NZD,BusinessNZ Manufacturing Index,Medium,51.7,,52.0,2018-10-11 16:30:00
2018-10-11,6:50pm,JPY,M2 Money Stock y/y,Non-economic,2.8%,2.9%,2.9%,2018-10-11 18:50:00
2018-10-11,7:30pm,AUD,RBA Financial Stability Review,Medium,,,,2018-10-11 19:30:00
2018-10-11,7:30pm,AUD,Home Loans m/m,Non-economic,-2.1%,-0.9%,0.0%,2018-10-11 19:30:00
2018-10-11,Day 2,All,G20 Meetings,Medium,,,,2018-10-11 00:00:00
2018-10-11,9:54pm,CNY,Trade Balance,Medium,213B,85B,180B,2018-10-11 21:54:00
2018-10-11,9:55pm,CNY,USD-Denominated Trade Balance,Non-economic,31.7B,19.3B,27.9B,2018-10-11 21:55:00
2018-10-11,11:30pm,JPY,Tertiary Industry Activity m/m,Non-economic,0.5%,0.3%,-0.1%,2018-10-11 23:30:00
2018-10-12,1:00am,EUR,German Final CPI m/m,Non-economic,0.4%,0.4%,0.4%,2018-10-12 01:00:00
2018-10-12,4:00am,EUR,Industrial Production m/m,Non-economic,1.0%,0.4%,-0.7%,2018-10-12 04:00:00
2018-10-12,7:30am,USD,Import Prices m/m,Non-economic,0.5%,0.3%,-0.4%,2018-10-12 07:30:00
2018-10-12,9:00am,USD,Prelim UoM Consumer Sentiment,Medium,99.0,100.4,100.1,2018-10-12 09:00:00
2018-10-12,9:00am,USD,Prelim UoM Inflation Expectations,Non-economic,2.8%,,2.7%,2018-10-12 09:00:00
2018-10-12,Day 1,All,IMF Meetings,Medium,,,,2018-10-12 00:00:00
2018-10-12,11:30am,USD,FOMC Member Bostic Speaks,Medium,,,,2018-10-12 11:30:00
2018-10-12,9:30pm,USD,FOMC Member Quarles Speaks,Medium,,,,2018-10-12 21:30:00
2018-10-13,12:45am,EUR,ECB President Draghi Speaks,High,,,,2018-10-13 00:45:00
2018-10-13,Day 2,All,IMF Meetings,Non-economic,,,,2018-10-13 00:00:00
2018-10-14,Day 3,All,IMF Meetings,Non-economic,,,,2018-10-14 00:00:00
2018-10-14,4:30pm,NZD,BusinessNZ Services Index,Non-economic,53.9,,53.3,2018-10-14 16:30:00
2018-10-14,6:01pm,GBP,Rightmove HPI m/m,Non-economic,1.0%,,0.7%,2018-10-14 18:01:00
2018-10-14,11:30pm,JPY,Revised Industrial Production m/m,Non-economic,0.2%,0.7%,0.7%,2018-10-14 23:30:00
2018-10-15,2:15am,CHF,PPI m/m,Non-economic,-0.2%,0.1%,0.0%,2018-10-15 02:15:00
2018-10-15,7:30am,USD,Core Retail Sales m/m,High,-0.1%,0.4%,0.2%,2018-10-15 07:30:00
2018-10-15,7:30am,USD,Retail Sales m/m,High,0.1%,0.7%,0.1%,2018-10-15 07:30:00
2018-10-15,7:30am,USD,Empire State Manufacturing Index,Non-economic,21.1,20.4,19.0,2018-10-15 07:30:00
2018-10-15,9:00am,USD,Business Inventories m/m,Non-economic,0.5%,0.5%,0.7%,2018-10-15 09:00:00
2018-10-15,9:30am,CAD,BOC Business Outlook Survey,High,,,,2018-10-15 09:30:00
2018-10-15,9:34am,GBP,Prime Minister May Speaks,High,,,,2018-10-15 09:34:00
2018-10-15,1:00pm,USD,Federal Budget Balance,Non-economic,119.1B,71.0B,-214.1B,2018-10-15 13:00:00
2018-10-15,4:45pm,NZD,CPI q/q,High,0.9%,0.7%,0.4%,2018-10-15 16:45:00
2018-10-15,7:30pm,AUD,Monetary Policy Meeting Minutes,Medium,,,,2018-10-15 19:30:00
2018-10-15,8:30pm,CNY,CPI y/y,Medium,2.5%,2.5%,2.3%,2018-10-15 20:30:00
2018-10-15,8:30pm,CNY,PPI y/y,Non-economic,3.6%,3.7%,4.1%,2018-10-15 20:30:00
2018-10-16,1:00am,EUR,German Import Prices m/m,Non-economic,0.0%,0.1%,-0.2%,2018-10-16 01:00:00
2018-10-16,3:30am,GBP,Average Earnings Index 3m/y,High,2.7%,2.6%,2.6%,2018-10-16 03:30:00
2018-10-16,3:30am,GBP,Unemployment Rate,Medium,4.0%,4.0%,4.0%,2018-10-16 03:30:00
2018-10-16,3:30am,GBP,Claimant Count Change,Non-economic,18.5K,4.5K,14.2K,2018-10-16 03:30:00
2018-10-16,4:00am,EUR,Trade Balance,Non-economic,16.6B,15.0B,12.6B,2018-10-16 04:00:00
2018-10-16,4:00am,EUR,ZEW Economic Sentiment,Non-economic,-19.4,-9.2,-7.2,2018-10-16 04:00:00
2018-10-16,4:00am,EUR,German ZEW Economic Sentiment,Non-economic,-24.7,-12.3,-10.6,2018-10-16 04:00:00
2018-10-16,5:04am,EUR,Italian Trade Balance,Non-economic,2.56B,4.34B,5.66B,2018-10-16 05:04:00
2018-10-16,7:30am,CAD,Foreign Securities Purchases,Medium,2.82B,10.05B,15.29B,2018-10-16 07:30:00
2018-10-16,8:15am,USD,Capacity Utilization Rate,Non-economic,78.1%,78.2%,78.1%,2018-10-16 08:15:00
2018-10-16,8:15am,USD,Industrial Production m/m,Non-economic,0.3%,0.2%,0.4%,2018-10-16 08:15:00
2018-10-16,9:00am,USD,JOLTS Job Openings,Non-economic,7.14M,6.90M,7.08M,2018-10-16 09:00:00
2018-10-16,9:00am,USD,NAHB Housing Market Index,Non-economic,68,68,67,2018-10-16 09:00:00
2018-10-16,9:39am,NZD,GDT Price Index,Non-economic,-0.3%,,-1.9%,2018-10-16 09:39:00
2018-10-16,3:00pm,USD,TIC Long-Term Purchases,Non-economic,131.8B,50.3B,66.7B,2018-10-16 15:00:00
2018-10-16,3:15pm,USD,FOMC Member Daly Speaks,Medium,,,,2018-10-16 15:15:00
2018-10-16,3:30pm,USD,API Weekly Statistical Bulletin,Non-economic,,,,2018-10-16 15:30:00
2018-10-16,4:20pm,AUD,RBA Deputy Gov Debelle Speaks,Medium,,,,2018-10-16 16:20:00
2018-10-16,6:30pm,AUD,MI Leading Index m/m,Non-economic,-0.1%,,0.0%,2018-10-16 18:30:00
2018-10-17,3:02am,CNY,M2 Money Supply y/y,Non-economic,8.3%,8.2%,8.2%,2018-10-17 03:02:00
2018-10-17,3:02am,CNY,New Loans,Non-economic,1380B,1355B,1280B,2018-10-17 03:02:00
2018-10-17,3:30am,GBP,CPI y/y,High,2.4%,2.6%,2.7%,2018-10-17 03:30:00
2018-10-17,3:30am,GBP,PPI Input m/m,Medium,1.3%,0.9%,1.2%,2018-10-17 03:30:00
2018-10-17,3:30am,GBP,RPI y/y,Medium,3.3%,3.5%,3.5%,2018-10-17 03:30:00
2018-10-17,3:30am,GBP,Core CPI y/y,Non-economic,1.9%,2.0%,2.1%,2018-10-17 03:30:00
2018-10-17,3:30am,GBP,FPC Meeting Minutes,Non-economic,,,,2018-10-17 03:30:00
2018-10-17,3:30am,GBP,HPI y/y,Non-economic,3.2%,2.9%,3.4%,2018-10-17 03:30:00
2018-10-17,3:30am,GBP,PPI Output m/m,Non-economic,0.4%,0.2%,0.2%,2018-10-17 03:30:00
2018-10-17,4:00am,EUR,Final Core CPI y/y,Non-economic,0.9%,0.9%,0.9%,2018-10-17 04:00:00
2018-10-17,4:00am,EUR,Final CPI y/y,Non-economic,2.1%,2.1%,2.1%,2018-10-17 04:00:00
2018-10-17,4:35am,EUR,German 30-y Bond Auction,Non-economic,1.04|1.4,,1.10|2.0,2018-10-17 04:35:00
2018-10-17,Day 1,EUR,EU Economic Summit,High,,,,2018-10-17 00:00:00
2018-10-17,7:30am,CAD,Manufacturing Sales m/m,Medium,-0.4%,-0.6%,1.2%,2018-10-17 07:30:00
2018-10-17,7:30am,USD,Building Permits,Medium,1.24M,1.27M,1.25M,2018-10-17 07:30:00
2018-10-17,7:30am,USD,Housing Starts,Medium,1.20M,1.22M,1.27M,2018-10-17 07:30:00
2018-10-17,8:15am,GBP,MPC Member Cunliffe Speaks,Medium,,,,2018-10-17 08:15:00
2018-10-17,8:30am,GBP,CB Leading Index m/m,Non-economic,-0.2%,,0.0%,2018-10-17 08:30:00
2018-10-17,9:30am,USD,Crude Oil Inventories,Medium,6.5M,1.6M,6.0M,2018-10-17 09:30:00
2018-10-17,11:10am,USD,FOMC Member Brainard Speaks,Medium,,,,2018-10-17 11:10:00
2018-10-17,11:30am,EUR,German Buba President Weidmann Speaks,Medium,,,,2018-10-17 11:30:00
2018-10-17,12:00pm,GBP,MPC Member Broadbent Speaks,Medium,,,,2018-10-17 12:00:00
2018-10-17,1:00pm,USD,FOMC Meeting Minutes,High,,,,2018-10-17 13:00:00
2018-10-17,4:00pm,USD,Treasury Currency Report,Medium,,,,2018-10-17 16:00:00
2018-10-17,6:50pm,JPY,Trade Balance,Non-economic,-0.24T,-0.34T,-0.19T,2018-10-17 18:50:00
2018-10-17,7:30pm,AUD,Employment Change,High,5.6K,15.2K,44.6K,2018-10-17 19:30:00
2018-10-17,7:30pm,AUD,Unemployment Rate,High,5.0%,5.3%,5.3%,2018-10-17 19:30:00
2018-10-17,7:30pm,AUD,NAB Quarterly Business Confidence,Non-economic,3,,7,2018-10-17 19:30:00
2018-10-17,7:30pm,JPY,BOJ Gov Kuroda Speaks,High,,,,2018-10-17 19:30:00
2018-10-18,1:00am,CHF,Trade Balance,Non-economic,2.43B,2.45B,2.08B,2018-10-18 01:00:00
2018-10-18,1:00am,EUR,German WPI m/m,Non-economic,0.4%,0.4%,0.3%,2018-10-18 01:00:00
2018-10-18,2:00am,CNY,Foreign Direct Investment ytd/y,Non-economic,2.9%,,2.3%,2018-10-18 02:00:00
2018-10-18,3:30am,GBP,Retail Sales m/m,High,-0.8%,-0.4%,0.4%,2018-10-18 03:30:00
2018-10-18,3:45am,EUR,Spanish 10-y Bond Auction,Non-economic,1.64|2.1,,1.54|2.4,2018-10-18 03:45:00
2018-10-18,Day 2,EUR,EU Economic Summit,High,,,,2018-10-18 00:00:00
2018-10-18,7:30am,CAD,ADP Non-Farm Employment Change,Non-economic,28.8K,,42.7K,2018-10-18 07:30:00
2018-10-18,7:30am,USD,Philly Fed Manufacturing Index,Medium,22.2,19.7,22.9,2018-10-18 07:30:00
2018-10-18,7:30am,USD,Unemployment Claims,Non-economic,210K,211K,215K,2018-10-18 07:30:00
2018-10-18,9:00am,USD,CB Leading Index m/m,Non-economic,0.5%,0.5%,0.4%,2018-10-18 09:00:00
2018-10-18,9:30am,USD,Natural Gas Storage,Non-economic,81B,85B,90B,2018-10-18 09:30:00
2018-10-18,11:15am,USD,FOMC Member Quarles Speaks,Medium,,,,2018-10-18 11:15:00
2018-10-18,4:45pm,NZD,Visitor Arrivals m/m,Non-economic,-1.9%,,2.8%,2018-10-18 16:45:00
2018-10-18,6:30pm,JPY,National Core CPI y/y,Non-economic,1.0%,1.0%,0.9%,2018-10-18 18:30:00
2018-10-18,9:00pm,CNY,GDP q/y,High,6.5%,6.6%,6.7%,2018-10-18 21:00:00
2018-10-18,9:00pm,CNY,Fixed Asset Investment ytd/y,Medium,5.4%,5.3%,5.3%,2018-10-18 21:00:00
2018-10-18,9:00pm,CNY,Industrial Production y/y,Medium,5.8%,6.0%,6.1%,2018-10-18 21:00:00
2018-10-18,9:00pm,CNY,NBS Press Conference,Medium,,,,2018-10-18 21:00:00
2018-10-18,9:00pm,CNY,Retail Sales y/y,Non-economic,9.2%,9.0%,9.0%,2018-10-18 21:00:00
2018-10-18,9:00pm,CNY,Unemployment Rate,Non-economic,4.9%,,5.0%,2018-10-18 21:00:00
2018-10-18,9:00pm,NZD,Credit Card Spending y/y,Non-economic,7.8%,,7.8%,2018-10-18 21:00:00
2018-10-19,1:30am,JPY,BOJ Gov Kuroda Speaks,High,,,,2018-10-19 01:30:00
2018-10-19,3:00am,EUR,Current Account,Non-economic,23.9B,21.4B,19.5B,2018-10-19 03:00:00
2018-10-19,3:30am,GBP,Public Sector Net Borrowing,Medium,3.3B,4.6B,4.8B,2018-10-19 03:30:00
2018-10-19,7:30am,CAD,Core Retail Sales m/m,High,-0.4%,0.1%,0.8%,2018-10-19 07:30:00
2018-10-19,7:30am,CAD,CPI m/m,High,-0.4%,0.1%,-0.1%,2018-10-19 07:30:00
2018-10-19,7:30am,CAD,Common CPI y/y,Medium,1.9%,,2.0%,2018-10-19 07:30:00
2018-10-19,7:30am,CAD,Median CPI y/y,Medium,2.0%,,2.1%,2018-10-19 07:30:00
2018-10-19,7:30am,CAD,Retail Sales m/m,Medium,-0.1%,0.3%,0.2%,2018-10-19 07:30:00
2018-10-19,7:30am,CAD,Trimmed CPI y/y,Medium,2.1%,,2.2%,2018-10-19 07:30:00
2018-10-19,7:30am,CAD,Core CPI m/m,Non-economic,0.0%,,0.1%,2018-10-19 07:30:00
2018-10-19,9:00am,USD,Existing Home Sales,Non-economic,5.15M,5.29M,5.33M,2018-10-19 09:00:00
2018-10-19,11:00am,USD,FOMC Member Bostic Speaks,Medium,,,,2018-10-19 11:00:00
2018-10-19,11:10am,GBP,BOE Gov Carney Speaks,High,,,,2018-10-19 11:10:00
2018-10-19,8:30pm,CNY,New Home Prices m/m,Non-economic,1.00%,,1.49%,2018-10-19 20:30:00
2018-10-20,11:00am,USD,FOMC Member Bostic Speaks,Medium,,,,2018-10-20 11:00:00
2018-10-21,All Day,NZD,Bank Holiday,Low,,,,2018-10-21 00:00:00
2018-10-21,9:00pm,AUD,RBA Deputy Gov Debelle Speaks,Medium,,,,2018-10-21 21:00:00
2018-10-21,11:30pm,JPY,All Industries Activity m/m,Non-economic,0.5%,0.4%,-0.2%,2018-10-21 23:30:00
2018-10-22,5:00am,EUR,German Buba Monthly Report,Non-economic,,,,2018-10-22 05:00:00
2018-10-22,7:30am,CAD,Wholesale Sales m/m,Non-economic,-0.1%,0.1%,1.1%,2018-10-22 07:30:00
2018-10-22,9:30am,AUD,CB Leading Index m/m,Non-economic,0.2%,,0.1%,2018-10-22 09:30:00
2018-10-22,5:35pm,AUD,RBA Deputy Gov Debelle Speaks,Medium,,,,2018-10-22 17:35:00
2018-10-22,10:00pm,AUD,RBA Gov Bullock Speaks,Medium,,,,2018-10-22 22:00:00
2018-10-22,11:30pm,AUD,RBA Deputy Gov Debelle Speaks,Medium,,,,2018-10-22 23:30:00
2018-10-23,12:00am,JPY,BOJ Core CPI y/y,Non-economic,0.5%,0.5%,0.5%,2018-10-23 00:00:00
2018-10-23,1:00am,EUR,German PPI m/m,Non-economic,0.5%,0.3%,0.3%,2018-10-23 01:00:00
2018-10-23,5:00am,GBP,CBI Industrial Order Expectations,Non-economic,-6,-1,-1,2018-10-23 05:00:00
2018-10-23,5:30am,GBP,MPC Member Haldane Speaks,Medium,,,,2018-10-23 05:30:00
2018-10-23,9:00am,EUR,Consumer Confidence,Non-economic,-3,-3,-3,2018-10-23 09:00:00
2018-10-23,9:00am,USD,Richmond Manufacturing Index,Non-economic,15,25,29,2018-10-23 09:00:00
2018-10-23,10:20am,GBP,BOE Gov Carney Speaks,High,,,,2018-10-23 10:20:00
2018-10-23,12:30pm,USD,FOMC Member Bostic Speaks,Medium,,,,2018-10-23 12:30:00
2018-10-23,3:30pm,USD,API Weekly Statistical Bulletin,Non-economic,,,,2018-10-23 15:30:00
2018-10-23,6:00pm,AUD,Flash Manufacturing PMI,Non-economic,54.3,,54.0,2018-10-23 18:00:00
2018-10-23,6:00pm,AUD,Flash Services PMI,Non-economic,50.8,,52.2,2018-10-23 18:00:00
2018-10-23,7:30pm,JPY,Flash Manufacturing PMI,Non-economic,53.1,52.6,52.5,2018-10-23 19:30:00
2018-10-24,2:15am,EUR,French Flash Manufacturing PMI,Medium,51.2,52.4,52.5,2018-10-24 02:15:00
2018-10-24,2:15am,EUR,French Flash Services PMI,Medium,55.6,54.7,54.8,2018-10-24 02:15:00
2018-10-24,2:30am,EUR,German Flash Manufacturing PMI,Medium,52.3,53.4,53.7,2018-10-24 02:30:00
2018-10-24,2:30am,EUR,German Flash Services PMI,Medium,53.6,55.5,55.9,2018-10-24 02:30:00
2018-10-24,3:00am,EUR,Flash Manufacturing PMI,Medium,52.1,53.0,53.2,2018-10-24 03:00:00
2018-10-24,3:00am,EUR,Flash Services PMI,Medium,53.3,54.5,54.7,2018-10-24 03:00:00
2018-10-24,3:00am,EUR,M3 Money Supply y/y,Non-economic,3.5%,3.5%,3.4%,2018-10-24 03:00:00
2018-10-24,3:00am,EUR,Private Loans y/y,Non-economic,3.1%,3.2%,3.1%,2018-10-24 03:00:00
2018-10-24,3:30am,GBP,High Street Lending,Non-economic,38.5K,39.0K,39.2K,2018-10-24 03:30:00
2018-10-24,8:00am,EUR,Belgian NBB Business Climate,Non-economic,-1.1,0.5,1.2,2018-10-24 08:00:00
2018-10-24,8:00am,USD,HPI m/m,Non-economic,0.3%,0.3%,0.4%,2018-10-24 08:00:00
2018-10-24,8:45am,USD,Flash Manufacturing PMI,Non-economic,55.9,55.4,55.6,2018-10-24 08:45:00
2018-10-24,8:45am,USD,Flash Services PMI,Non-economic,54.7,54.1,53.5,2018-10-24 08:45:00
2018-10-24,9:00am,CAD,BOC Monetary Policy Report,High,,,,2018-10-24 09:00:00
2018-10-24,9:00am,CAD,BOC Rate Statement,High,,,,2018-10-24 09:00:00
2018-10-24,9:00am,CAD,Overnight Rate,High,1.75%,1.75%,1.50%,2018-10-24 09:00:00
2018-10-24,9:00am,USD,New Home Sales,Non-economic,553K,627K,585K,2018-10-24 09:00:00
2018-10-24,9:30am,USD,Crude Oil Inventories,Medium,6.3M,3.6M,6.5M,2018-10-24 09:30:00
2018-10-24,10:15am,CAD,BOC Press Conference,High,,,,2018-10-24 10:15:00
2018-10-24,12:00pm,USD,FOMC Member Bostic Speaks,Medium,,,,2018-10-24 12:00:00
2018-10-24,12:10pm,USD,FOMC Member Mester Speaks,Medium,,,,2018-10-24 12:10:00
2018-10-24,1:00pm,USD,Beige Book,Non-economic,,,,2018-10-24 13:00:00
2018-10-24,4:45pm,NZD,Trade Balance,Medium,-1560M,-1365M,-1470M,2018-10-24 16:45:00
2018-10-24,6:00pm,USD,FOMC Member Brainard Speaks,Non-economic,,,,2018-10-24 18:00:00
2018-10-24,6:50pm,JPY,SPPI y/y,Non-economic,1.2%,1.2%,1.3%,2018-10-24 18:50:00
2018-10-25,2:00am,EUR,Spanish Unemployment Rate,Medium,14.6%,14.9%,15.3%,2018-10-25 02:00:00
2018-10-25,3:00am,EUR,German ifo Business Climate,Medium,102.8,103.1,103.7,2018-10-25 03:00:00
2018-10-25,All Day,All,OPEC-JMMC Meetings,Medium,,,,2018-10-25 00:00:00
2018-10-25,6:45am,EUR,Main Refinancing Rate,High,0.00%,0.00%,0.00%,2018-10-25 06:45:00
2018-10-25,6:45am,EUR,Monetary Policy Statement,High,,,,2018-10-25 06:45:00
2018-10-25,7:30am,EUR,ECB Press Conference,High,,,,2018-10-25 07:30:00
2018-10-25,7:30am,USD,Core Durable Goods Orders m/m,High,0.1%,0.5%,0.0%,2018-10-25 07:30:00
2018-10-25,7:30am,USD,Durable Goods Orders m/m,Medium,0.8%,-1.3%,4.4%,2018-10-25 07:30:00
2018-10-25,7:30am,USD,Goods Trade Balance,Non-economic,-76.0B,-74.9B,-75.5B,2018-10-25 07:30:00
2018-10-25,7:30am,USD,Prelim Wholesale Inventories m/m,Non-economic,0.3%,0.5%,1.0%,2018-10-25 07:30:00
2018-10-25,7:30am,USD,Unemployment Claims,Non-economic,215K,214K,210K,2018-10-25 07:30:00
2018-10-25,8:00am,CNY,CB Leading Index m/m,Non-economic,1.2%,,0.7%,2018-10-25 08:00:00
2018-10-25,9:00am,USD,Pending Home Sales m/m,Non-economic,0.5%,-0.1%,-1.9%,2018-10-25 09:00:00
2018-10-25,9:30am,USD,Natural Gas Storage,Non-economic,58B,47B,81B,2018-10-25 09:30:00
2018-10-25,11:15am,USD,FOMC Member Clarida Speaks,Medium,,,,2018-10-25 11:15:00
2018-10-25,4:30pm,USD,FOMC Member Mester Speaks,Medium,,,,2018-10-25 16:30:00
2018-10-25,6:30pm,JPY,Tokyo Core CPI y/y,Non-economic,1.0%,1.0%,1.0%,2018-10-25 18:30:00
2018-10-26,1:00am,EUR,German GfK Consumer Climate,Non-economic,10.6,10.5,10.6,2018-10-26 01:00:00
2018-10-26,7:30am,USD,Advance GDP q/q,High,3.5%,3.3%,4.2%,2018-10-26 07:30:00
2018-10-26,7:30am,USD,Advance GDP Price Index q/q,Medium,1.7%,2.1%,3.0%,2018-10-26 07:30:00
2018-10-26,9:00am,EUR,ECB President Draghi Speaks,High,,,,2018-10-26 09:00:00
2018-10-26,9:00am,USD,Revised UoM Consumer Sentiment,Medium,98.6,98.9,99.0,2018-10-26 09:00:00
2018-10-26,9:00am,USD,Revised UoM Inflation Expectations,Non-economic,2.9%,,2.8%,2018-10-26 09:00:00
2018-10-27,9:00pm,CHF,Daylight Saving Time Shift,Low,,,,2018-10-27 21:00:00
2018-10-27,9:00pm,EUR,Daylight Saving Time Shift,Low,,,,2018-10-27 21:00:00
2018-10-27,9:00pm,GBP,Daylight Saving Time Shift,Low,,,,2018-10-27 21:00:00
2018-10-28,6:50pm,JPY,Retail Sales y/y,Non-economic,2.1%,2.1%,2.7%,2018-10-28 18:50:00
2018-10-28,11:20pm,AUD,HIA New Home Sales m/m,Non-economic,1.1%,,-2.9%,2018-10-28 23:20:00
2018-10-29,4:30am,GBP,Net Lending to Individuals m/m,Medium,4.7B,4.1B,4.3B,2018-10-29 04:30:00
2018-10-29,4:30am,GBP,M4 Money Supply m/m,Non-economic,-0.3%,0.3%,0.1%,2018-10-29 04:30:00
2018-10-29,4:30am,GBP,Mortgage Approvals,Non-economic,65K,65K,66K,2018-10-29 04:30:00
2018-10-29,7:30am,USD,Core PCE Price Index m/m,Medium,0.2%,0.1%,0.0%,2018-10-29 07:30:00
2018-10-29,7:30am,USD,Personal Spending m/m,Medium,0.4%,0.4%,0.5%,2018-10-29 07:30:00
2018-10-29,7:30am,USD,Personal Income m/m,Non-economic,0.2%,0.4%,0.4%,2018-10-29 07:30:00
2018-10-29,10:25am,GBP,Autumn Forecast Statement,Medium,,,,2018-10-29 10:25:00
2018-10-29,6:30pm,JPY,Unemployment Rate,Non-economic,2.3%,2.4%,2.4%,2018-10-29 18:30:00
2018-10-29,7:30pm,AUD,Building Approvals m/m,Medium,3.3%,3.9%,-8.1%,2018-10-29 19:30:00
2018-10-29,9:10pm,AUD,RBA Gov Bullock Speaks,Medium,,,,2018-10-29 21:10:00
2018-10-30,1:30am,EUR,French Flash GDP q/q,Non-economic,0.4%,0.4%,0.2%,2018-10-30 01:30:00
2018-10-30,All Day,EUR,German Prelim CPI m/m,Medium,0.2%,0.1%,0.4%,2018-10-30 00:00:00
2018-10-30,2:45am,EUR,French Consumer Spending m/m,Non-economic,-1.7%,-0.4%,1.1%,2018-10-30 02:45:00
2018-10-30,3:00am,CHF,KOF Economic Barometer,Medium,100.1,100.8,102.3,2018-10-30 03:00:00
2018-10-30,3:00am,EUR,Spanish Flash CPI y/y,Non-economic,2.3%,2.3%,2.3%,2018-10-30 03:00:00
2018-10-30,3:55am,EUR,German Unemployment Change,Non-economic,-11K,-12K,-23K,2018-10-30 03:55:00
2018-10-30,4:00am,EUR,Italian Prelim GDP q/q,Non-economic,0.0%,0.2%,0.2%,2018-10-30 04:00:00
2018-10-30,5:00am,EUR,Prelim Flash GDP q/q,Medium,0.2%,0.4%,0.4%,2018-10-30 05:00:00
2018-10-30,5:14am,EUR,Italian 10-y Bond Auction,Non-economic,3.36|1.5,,2.90|1.4,2018-10-30 05:14:00
2018-10-30,6:00am,GBP,CBI Realized Sales,Non-economic,5,27,23,2018-10-30 06:00:00
2018-10-30,8:00am,USD,S&P/CS Composite-20 HPI y/y,Non-economic,5.5%,6.0%,5.9%,2018-10-30 08:00:00
2018-10-30,9:00am,USD,CB Consumer Confidence,High,137.9,136.3,135.3,2018-10-30 09:00:00
2018-10-30,2:30pm,CAD,BOC Gov Poloz Speaks,High,,,,2018-10-30 14:30:00
2018-10-30,3:30pm,USD,API Weekly Statistical Bulletin,Non-economic,,,,2018-10-30 15:30:00
2018-10-30,4:45pm,NZD,Building Consents m/m,Non-economic,-1.5%,,6.8%,2018-10-30 16:45:00
2018-10-30,6:50pm,JPY,Prelim Industrial Production m/m,Non-economic,-1.1%,-0.3%,0.2%,2018-10-30 18:50:00
2018-10-30,7:00pm,NZD,ANZ Business Confidence,High,-37.1,,-38.3,2018-10-30 19:00:00
2018-10-30,7:01pm,GBP,BRC Shop Price Index y/y,Non-economic,-0.2%,,0.2%,2018-10-30 19:01:00
2018-10-30,7:01pm,GBP,GfK Consumer Confidence,Non-economic,-10,-10,-9,2018-10-30 19:01:00
2018-10-30,7:30pm,AUD,CPI m/m,High,0.4%,0.5%,0.4%,2018-10-30 19:30:00
2018-10-30,7:30pm,AUD,Trimmed Mean CPI m/m,High,0.4%,0.4%,0.4%,2018-10-30 19:30:00
2018-10-30,7:30pm,AUD,Private Sector Credit m/m,Non-economic,0.4%,0.4%,0.5%,2018-10-30 19:30:00
2018-10-30,8:00pm,CNY,Manufacturing PMI,Medium,50.2,50.6,50.8,2018-10-30 20:00:00
2018-10-30,8:00pm,CNY,Non-Manufacturing PMI,Medium,53.9,54.7,54.9,2018-10-30 20:00:00
2018-10-30,10:08pm,JPY,BOJ Outlook Report,High,,,,2018-10-30 22:08:00
2018-10-30,10:08pm,JPY,Monetary Policy Statement,High,,,,2018-10-30 22:08:00
2018-10-30,10:08pm,JPY,BOJ Policy Rate,Medium,-0.10%,-0.10%,-0.10%,2018-10-30 22:08:00
2018-10-31,12:00am,JPY,Housing Starts y/y,Non-economic,-1.5%,-0.7%,1.6%,2018-10-31 00:00:00
2018-10-31,12:02am,JPY,Consumer Confidence,Non-economic,43.0,43.5,43.4,2018-10-31 00:02:00
2018-10-31,1:30am,JPY,BOJ Press Conference,High,,,,2018-10-31 01:30:00
2018-10-31,2:00am,EUR,German Retail Sales m/m,Non-economic,0.1%,0.5%,-0.3%,2018-10-31 02:00:00
2018-10-31,2:45am,EUR,French Prelim CPI m/m,Non-economic,0.1%,0.1%,-0.2%,2018-10-31 02:45:00
2018-10-31,3:00am,EUR,Spanish Flash GDP q/q,Medium,0.6%,0.6%,0.6%,2018-10-31 03:00:00
2018-10-31,4:00am,CHF,UBS Economic Expectations,Non-economic,-39.1,,-30.8,2018-10-31 04:00:00
2018-10-31,4:00am,EUR,Italian Monthly Unemployment Rate,Non-economic,10.1%,9.9%,9.8%,2018-10-31 04:00:00
2018-10-31,5:00am,EUR,Core CPI Flash Estimate y/y,Medium,1.1%,1.1%,0.9%,2018-10-31 05:00:00
2018-10-31,5:00am,EUR,CPI Flash Estimate y/y,Medium,2.2%,2.2%,2.1%,2018-10-31 05:00:00
2018-10-31,5:00am,EUR,Italian Prelim CPI m/m,Non-economic,0.0%,0.2%,-0.5%,2018-10-31 05:00:00
2018-10-31,5:00am,EUR,Unemployment Rate,Non-economic,8.1%,8.1%,8.1%,2018-10-31 05:00:00
2018-10-31,7:15am,USD,ADP Non-Farm Employment Change,Medium,227K,188K,218K,2018-10-31 07:15:00
2018-10-31,7:30am,CAD,GDP m/m,High,0.1%,0.0%,0.2%,2018-10-31 07:30:00
2018-10-31,7:30am,CAD,RMPI m/m,Medium,-0.9%,-0.5%,-4.8%,2018-10-31 07:30:00
2018-10-31,7:30am,CAD,IPPI m/m,Non-economic,0.1%,0.0%,-0.5%,2018-10-31 07:30:00
2018-10-31,7:30am,USD,Employment Cost Index q/q,Medium,0.8%,0.7%,0.6%,2018-10-31 07:30:00
2018-10-31,8:45am,USD,Chicago PMI,Non-economic,58.4,60.1,60.4,2018-10-31 08:45:00
2018-10-31,9:30am,USD,Crude Oil Inventories,Medium,3.2M,3.6M,6.3M,2018-10-31 09:30:00
2018-10-31,12:15pm,CHF,SNB Chairman Jordan Speaks,High,,,,2018-10-31 12:15:00
2018-10-31,3:15pm,CAD,BOC Gov Poloz Speaks,High,,,,2018-10-31 15:15:00
2018-10-31,4:30pm,AUD,AIG Manufacturing Index,Non-economic,58.3,,59.0,2018-10-31 16:30:00
2018-10-31,7:30pm,AUD,Goods Trade Balance,Medium,3.02B,1.71B,2.34B,2018-10-31 19:30:00
2018-10-31,7:30pm,AUD,Import Prices q/q,Non-economic,1.9%,1.1%,3.2%,2018-10-31 19:30:00
2018-10-31,7:30pm,JPY,Final Manufacturing PMI,Non-economic,52.9,53.1,53.1,2018-10-31 19:30:00
2018-10-31,8:45pm,CNY,RatingDog Manufacturing PMI,Non-economic,50.1,49.9,50.0,2018-10-31 20:45:00
2018-10-31,10:35pm,JPY,10-y Bond Auction,Non-economic,0.14|4.3,,0.14|4.2,2018-10-31 22:35:00
2018-11-01,12:30am,AUD,Commodity Prices y/y,Non-economic,13.1%,,6.2%,2018-11-01 00:30:00
2018-11-01,1:45am,CHF,SECO Consumer Climate,Non-economic,-6,-8,-7,2018-11-01 01:45:00
2018-11-01,2:00am,GBP,Nationwide HPI m/m,Non-economic,0.0%,0.2%,0.2%,2018-11-01 02:00:00
2018-11-01,All Day,EUR,French Bank Holiday,Low,,,,2018-11-01 00:00:00
2018-11-01,All Day,EUR,Italian Bank Holiday,Low,,,,2018-11-01 00:00:00
2018-11-01,3:15am,CHF,CPI m/m,Non-economic,0.2%,0.2%,0.1%,2018-11-01 03:15:00
2018-11-01,3:30am,CHF,Manufacturing PMI,Non-economic,57.4,58.6,59.7,2018-11-01 03:30:00
2018-11-01,4:30am,GBP,Final Manufacturing PMI,High,51.1,53.0,53.6,2018-11-01 04:30:00
2018-11-01,6:30am,USD,Challenger Job Cuts y/y,Non-economic,153.6%,,70.9%,2018-11-01 06:30:00
2018-11-01,7:00am,GBP,BOE Monetary Policy Report,High,,,,2018-11-01 07:00:00
2018-11-01,7:00am,GBP,Monetary Policy Summary,High,,,,2018-11-01 07:00:00
2018-11-01,7:00am,GBP,MPC Official Bank Rate Votes,High,0-0-9,0-0-9,0-0-9,2018-11-01 07:00:00
2018-11-01,7:00am,GBP,Official Bank Rate,Medium,0.75%,0.75%,0.75%,2018-11-01 07:00:00
2018-11-01,7:00am,GBP,Asset Purchase Facility,Non-economic,435B,435B,435B,2018-11-01 07:00:00
2018-11-01,7:00am,GBP,MPC Asset Purchase Facility Votes,Non-economic,0-0-9,0-0-9,0-0-9,2018-11-01 07:00:00
2018-11-01,7:30am,GBP,BOE Gov Carney Speaks,High,,,,2018-11-01 07:30:00
2018-11-01,7:30am,USD,Prelim Nonfarm Productivity q/q,Non-economic,2.2%,2.2%,3.0%,2018-11-01 07:30:00
2018-11-01,7:30am,USD,Prelim Unit Labor Costs q/q,Non-economic,1.2%,1.1%,-1.0%,2018-11-01 07:30:00
2018-11-01,7:30am,USD,Unemployment Claims,Non-economic,214K,213K,216K,2018-11-01 07:30:00
2018-11-01,8:30am,CAD,Manufacturing PMI,Non-economic,53.9,,54.8,2018-11-01 08:30:00
2018-11-01,8:45am,USD,Final Manufacturing PMI,Non-economic,55.7,55.9,55.9,2018-11-01 08:45:00
2018-11-01,9:00am,USD,ISM Manufacturing PMI,High,57.7,59.0,59.8,2018-11-01 09:00:00
2018-11-01,9:00am,USD,Construction Spending m/m,Non-economic,0.0%,0.2%,0.8%,2018-11-01 09:00:00
2018-11-01,9:00am,USD,ISM Manufacturing Prices,Non-economic,71.6,67.5,66.9,2018-11-01 09:00:00
2018-11-01,All Day,USD,Wards Total Vehicle Sales,Non-economic,17.5M,17.2M,17.4M,2018-11-01 00:00:00
2018-11-01,9:30am,USD,Natural Gas Storage,Non-economic,48B,53B,58B,2018-11-01 09:30:00
2018-11-01,All Day,USD,Total Vehicle Sales,Non-economic,17.6M,17.1M,17.4M,2018-11-01 00:00:00
2018-11-01,6:50pm,JPY,Monetary Base y/y,Non-economic,5.9%,6.2%,5.9%,2018-11-01 18:50:00
2018-11-01,7:30pm,AUD,Retail Sales m/m,High,0.2%,0.3%,0.3%,2018-11-01 19:30:00
2018-11-01,7:30pm,AUD,PPI q/q,Non-economic,0.8%,0.2%,0.3%,2018-11-01 19:30:00
2018-11-02,2:00am,EUR,German Import Prices m/m,Non-economic,0.4%,0.4%,0.0%,2018-11-02 02:00:00
2018-11-02,2:45am,EUR,French Gov Budget Balance,Non-economic,-87.1B,,-97.3B,2018-11-02 02:45:00
2018-11-02,3:15am,CHF,Retail Sales y/y,Non-economic,-2.7%,-0.2%,0.4%,2018-11-02 03:15:00
2018-11-02,3:15am,EUR,Spanish Manufacturing PMI,Non-economic,51.8,51.0,51.4,2018-11-02 03:15:00
2018-11-02,3:45am,EUR,Italian Manufacturing PMI,Non-economic,49.2,49.7,50.0,2018-11-02 03:45:00
2018-11-02,3:50am,EUR,French Final Manufacturing PMI,Non-economic,51.2,51.2,51.2,2018-11-02 03:50:00
2018-11-02,3:55am,EUR,German Final Manufacturing PMI,Non-economic,52.2,52.3,52.3,2018-11-02 03:55:00
2018-11-02,4:00am,EUR,Final Manufacturing PMI,Non-economic,52.0,52.1,52.1,2018-11-02 04:00:00
2018-11-02,4:30am,GBP,Construction PMI,Medium,53.2,52.0,52.1,2018-11-02 04:30:00
2018-11-02,7:30am,CAD,Employment Change,High,11.2K,12.7K,63.3K,2018-11-02 07:30:00
2018-11-02,7:30am,CAD,Unemployment Rate,High,5.8%,5.9%,5.9%,2018-11-02 07:30:00
2018-11-02,7:30am,CAD,Trade Balance,Medium,-0.4B,0.2B,-0.6B,2018-11-02 07:30:00
2018-11-02,7:30am,USD,Average Hourly Earnings m/m,High,0.2%,0.2%,0.3%,2018-11-02 07:30:00
2018-11-02,7:30am,USD,Non-Farm Employment Change,High,250K,194K,118K,2018-11-02 07:30:00
2018-11-02,7:30am,USD,Unemployment Rate,High,3.7%,3.7%,3.7%,2018-11-02 07:30:00
2018-11-02,7:30am,USD,Trade Balance,Non-economic,-54.0B,-53.5B,-53.3B,2018-11-02 07:30:00
2018-11-02,9:00am,USD,Factory Orders m/m,Non-economic,0.7%,0.5%,2.6%,2018-11-02 09:00:00
2018-11-04,2:00am,CAD,Daylight Saving Time Shift,Low,,,,2018-11-04 02:00:00
2018-11-04,2:00am,USD,Daylight Saving Time Shift,Low,,,,2018-11-04 02:00:00
2018-11-04,4:30pm,AUD,AIG Services Index,Non-economic,51.1,,52.5,2018-11-04 16:30:00
2018-11-04,6:50pm,JPY,Monetary Policy Meeting Minutes,Non-economic,,,,2018-11-04 18:50:00
2018-11-04,7:00pm,AUD,MI Inflation Gauge m/m,Non-economic,0.1%,,0.3%,2018-11-04 19:00:00
2018-11-04,7:00pm,NZD,ANZ Commodity Prices m/m,Non-economic,-2.4%,,-2.4%,2018-11-04 19:00:00
2018-11-04,7:30pm,AUD,ANZ Job Advertisements m/m,Non-economic,0.2%,,-0.7%,2018-11-04 19:30:00
2018-11-04,8:00pm,JPY,BOJ Gov Kuroda Speaks,Medium,,,,2018-11-04 20:00:00
2018-11-04,8:45pm,CNY,RatingDog Services PMI,Non-economic,50.8,52.9,53.1,2018-11-04 20:45:00
2018-11-05,3:00am,EUR,Spanish Unemployment Change,Non-economic,52.2K,30.3K,20.4K,2018-11-05 03:00:00
2018-11-05,4:30am,EUR,Sentix Investor Confidence,Non-economic,8.8,9.9,11.4,2018-11-05 04:30:00
2018-11-05,4:30am,GBP,Final Services PMI,High,52.2,53.4,53.9,2018-11-05 04:30:00
2018-11-05,8:10am,CAD,BOC Gov Poloz Speaks,High,,,,2018-11-05 08:10:00
2018-11-05,9:45am,USD,Final Services PMI,Non-economic,54.8,54.7,54.7,2018-11-05 09:45:00
2018-11-05,10:00am,USD,ISM Services PMI,High,60.3,59.3,61.6,2018-11-05 10:00:00
2018-11-05,10:00am,USD,RCM/TIPP Economic Optimism,Non-economic,56.4,59.2,57.8,2018-11-05 10:00:00
2018-11-05,6:30pm,JPY,Household Spending y/y,Non-economic,-1.6%,1.6%,2.8%,2018-11-05 18:30:00
2018-11-05,7:01pm,GBP,BRC Retail Sales Monitor y/y,Non-economic,0.1%,0.6%,-0.2%,2018-11-05 19:01:00
2018-11-05,10:30pm,AUD,RBA Rate Statement,High,,,,2018-11-05 22:30:00
2018-11-05,10:30pm,AUD,Cash Rate,Medium,1.50%,1.50%,1.50%,2018-11-05 22:30:00
2018-11-06,2:00am,EUR,German Factory Orders m/m,Non-economic,0.3%,-0.4%,2.5%,2018-11-06 02:00:00
2018-11-06,3:15am,EUR,Spanish Services PMI,Non-economic,54.0,51.9,52.5,2018-11-06 03:15:00
2018-11-06,3:45am,EUR,Italian Services PMI,Non-economic,49.2,52.1,53.3,2018-11-06 03:45:00
2018-11-06,3:50am,EUR,French Final Services PMI,Non-economic,55.3,55.6,55.6,2018-11-06 03:50:00
2018-11-06,3:55am,EUR,German Final Services PMI,Non-economic,54.7,53.6,53.6,2018-11-06 03:55:00
2018-11-06,4:00am,EUR,Final Services PMI,Non-economic,53.7,53.3,53.3,2018-11-06 04:00:00
2018-11-06,5:00am,EUR,PPI m/m,Non-economic,0.5%,0.4%,0.4%,2018-11-06 05:00:00
2018-11-06,5:35am,GBP,10-y Bond Auction,Non-economic,1.49|2.0,,1.60|1.9,2018-11-06 05:35:00
2018-11-06,8:30am,CAD,Building Permits m/m,Non-economic,0.4%,0.3%,-1.1%,2018-11-06 08:30:00
2018-11-06,10:00am,USD,JOLTS Job Openings,Non-economic,7.01M,7.09M,7.29M,2018-11-06 10:00:00
2018-11-06,All Day,USD,Congressional Elections,High,,,,2018-11-06 00:00:00
2018-11-06,10:22am,NZD,GDT Price Index,Non-economic,-2.0%,,-0.3%,2018-11-06 10:22:00
2018-11-06,1:01pm,USD,10-y Bond Auction,Non-economic,3.21|2.5,,3.23|2.4,2018-11-06 13:01:00
2018-11-06,4:30pm,AUD,AIG Construction Index,Non-economic,46.4,,49.3,2018-11-06 16:30:00
2018-11-06,4:30pm,USD,API Weekly Statistical Bulletin,Non-economic,,,,2018-11-06 16:30:00
2018-11-06,4:45pm,NZD,Employment Change q/q,High,1.1%,0.5%,0.6%,2018-11-06 16:45:00
2018-11-06,4:45pm,NZD,Unemployment Rate,High,3.9%,4.4%,4.4%,2018-11-06 16:45:00
2018-11-06,4:45pm,NZD,Labor Cost Index q/q,Non-economic,0.5%,0.5%,0.6%,2018-11-06 16:45:00
2018-11-06,7:00pm,JPY,Average Cash Earnings y/y,Medium,1.1%,1.2%,0.8%,2018-11-06 19:00:00
2018-11-06,9:00pm,NZD,Inflation Expectations q/q,High,2.03%,,2.04%,2018-11-06 21:00:00
2018-11-07,12:00am,JPY,Leading Indicators,Non-economic,103.9%,103.9%,104.5%,2018-11-07 00:00:00
2018-11-07,2:00am,EUR,German Industrial Production m/m,Non-economic,0.2%,0.0%,0.1%,2018-11-07 02:00:00
2018-11-07,3:00am,CHF,Foreign Currency Reserves,Non-economic,753B,,740B,2018-11-07 03:00:00
2018-11-07,3:30am,GBP,Halifax HPI m/m,Non-economic,0.7%,0.5%,-1.3%,2018-11-07 03:30:00
2018-11-07,4:00am,EUR,Italian Retail Sales m/m,Non-economic,-0.8%,-0.1%,0.6%,2018-11-07 04:00:00
2018-11-07,5:00am,EUR,Retail Sales m/m,Non-economic,0.0%,0.1%,0.3%,2018-11-07 05:00:00
2018-11-07,5:33am,EUR,German 10-y Bond Auction,Non-economic,0.42|1.4,,0.55|1.1,2018-11-07 05:33:00
2018-11-07,9:00am,CHF,Gov Board Member Zurbrugg Speaks,Medium,,,,2018-11-07 09:00:00
2018-11-07,10:00am,CAD,Ivey PMI,Medium,61.8,50.9,50.4,2018-11-07 10:00:00
2018-11-07,10:30am,USD,Crude Oil Inventories,Medium,5.8M,2.0M,3.2M,2018-11-07 10:30:00
2018-11-07,1:01pm,USD,30-y Bond Auction,Non-economic,3.42|2.1,,3.34|2.4,2018-11-07 13:01:00
2018-11-07,3:00pm,NZD,Official Cash Rate,High,1.75%,1.75%,1.75%,2018-11-07 15:00:00
2018-11-07,3:00pm,NZD,RBNZ Monetary Policy Statement,High,,,,2018-11-07 15:00:00
2018-11-07,3:00pm,NZD,RBNZ Rate Statement,High,,,,2018-11-07 15:00:00
2018-11-07,3:00pm,USD,Consumer Credit m/m,Non-economic,10.9B,15.7B,22.9B,2018-11-07 15:00:00
2018-11-07,4:00pm,NZD,RBNZ Press Conference,High,,,,2018-11-07 16:00:00
2018-11-07,6:50pm,JPY,Bank Lending y/y,Non-economic,2.2%,2.4%,2.3%,2018-11-07 18:50:00
2018-11-07,6:50pm,JPY,BOJ Summary of Opinions,Non-economic,,,,2018-11-07 18:50:00
2018-11-07,6:50pm,JPY,Core Machinery Orders m/m,Non-economic,-18.3%,-9.5%,6.8%,2018-11-07 18:50:00
2018-11-07,6:50pm,JPY,Current Account,Non-economic,1.33T,1.36T,1.43T,2018-11-07 18:50:00
2018-11-07,7:01pm,GBP,RICS House Price Balance,Non-economic,-10%,-2%,-2%,2018-11-07 19:01:00
2018-11-07,10:00pm,CNY,Trade Balance,Medium,234B,209B,213B,2018-11-07 22:00:00
2018-11-07,10:00pm,CNY,USD-Denominated Trade Balance,Non-economic,34.0B,35.0B,31.7B,2018-11-07 22:00:00
2018-11-08,12:00am,JPY,Economy Watchers Sentiment,Non-economic,49.5,48.9,48.6,2018-11-08 00:00:00
2018-11-08,1:45am,CHF,Unemployment Rate,Non-economic,2.5%,2.5%,2.5%,2018-11-08 01:45:00
2018-11-08,2:00am,EUR,German Trade Balance,Non-economic,17.6B,18.2B,18.2B,2018-11-08 02:00:00
2018-11-08,2:45am,EUR,French Trade Balance,Non-economic,-5.7B,-6.1B,-5.7B,2018-11-08 02:45:00
2018-11-08,4:00am,EUR,ECB Economic Bulletin,Non-economic,,,,2018-11-08 04:00:00
2018-11-08,4:59am,EUR,French 10-y Bond Auction,Non-economic,0.82|1.8,,0.86|1.6,2018-11-08 04:59:00
2018-11-08,5:00am,EUR,EU Economic Forecasts,Medium,,,,2018-11-08 05:00:00
2018-11-08,8:13am,CAD,Housing Starts,Non-economic,206K,199K,190K,2018-11-08 08:13:00
2018-11-08,8:30am,CAD,NHPI m/m,Non-economic,0.0%,0.1%,0.0%,2018-11-08 08:30:00
2018-11-08,8:30am,USD,Unemployment Claims,Non-economic,214K,214K,215K,2018-11-08 08:30:00
2018-11-08,10:00am,USD,Mortgage Delinquencies,Non-economic,4.47%,,4.36%,2018-11-08 10:00:00
2018-11-08,10:30am,USD,Natural Gas Storage,Non-economic,65B,56B,48B,2018-11-08 10:30:00
2018-11-08,12:30pm,CHF,Gov Board Member Maechler Speaks,Medium,,,,2018-11-08 12:30:00
2018-11-08,2:00pm,USD,Federal Funds Rate,High,2.25%,2.25%,2.25%,2018-11-08 14:00:00
2018-11-08,2:00pm,USD,FOMC Statement,High,,,,2018-11-08 14:00:00
2018-11-08,6:50pm,JPY,M2 Money Stock y/y,Non-economic,2.7%,2.8%,2.8%,2018-11-08 18:50:00
2018-11-08,7:30pm,AUD,RBA Monetary Policy Statement,High,,,,2018-11-08 19:30:00
2018-11-08,7:30pm,AUD,Home Loans m/m,Non-economic,-1.0%,-0.9%,-2.2%,2018-11-08 19:30:00
2018-11-08,8:30pm,CNY,CPI y/y,Non-economic,2.5%,2.5%,2.5%,2018-11-08 20:30:00
2018-11-08,8:30pm,CNY,PPI y/y,Non-economic,3.3%,3.3%,3.6%,2018-11-08 20:30:00
2018-11-09,2:45am,EUR,French Industrial Production m/m,Non-economic,-1.8%,-0.3%,0.2%,2018-11-09 02:45:00
2018-11-09,4:30am,GBP,GDP m/m,High,0.0%,0.1%,0.0%,2018-11-09 04:30:00
2018-11-09,4:30am,GBP,Manufacturing Production m/m,High,0.2%,0.1%,-0.1%,2018-11-09 04:30:00
2018-11-09,4:30am,GBP,Prelim GDP q/q,High,0.6%,0.6%,0.4%,2018-11-09 04:30:00
2018-11-09,4:30am,GBP,Prelim Business Investment q/q,Medium,-1.2%,0.2%,-0.7%,2018-11-09 04:30:00
2018-11-09,4:30am,GBP,Construction Output m/m,Non-economic,1.7%,0.2%,-0.3%,2018-11-09 04:30:00
2018-11-09,4:30am,GBP,Goods Trade Balance,Non-economic,-9.7B,-11.4B,-11.2B,2018-11-09 04:30:00
2018-11-09,4:30am,GBP,Index of Services 3m/3m,Non-economic,0.4%,0.5%,0.5%,2018-11-09 04:30:00
2018-11-09,4:30am,GBP,Industrial Production m/m,Non-economic,0.0%,-0.1%,0.0%,2018-11-09 04:30:00
2018-11-09,8:30am,USD,PPI m/m,High,0.6%,0.2%,0.2%,2018-11-09 08:30:00
2018-11-09,8:30am,USD,Core PPI m/m,Medium,0.5%,0.2%,0.2%,2018-11-09 08:30:00
2018-11-09,8:50am,GBP,NIESR GDP Estimate,Non-economic,0.4%,,0.6%,2018-11-09 08:50:00
2018-11-09,9:05am,USD,FOMC Member Quarles Speaks,Medium,,,,2018-11-09 09:05:00
2018-11-09,10:00am,USD,Prelim UoM Consumer Sentiment,Medium,98.3,98.0,98.6,2018-11-09 10:00:00
2018-11-09,10:00am,USD,Final Wholesale Inventories m/m,Non-economic,0.4%,0.3%,0.3%,2018-11-09 10:00:00
2018-11-09,10:00am,USD,Prelim UoM Inflation Expectations,Non-economic,2.8%,,2.9%,2018-11-09 10:00:00
2018-11-11,6:50pm,JPY,PPI y/y,Non-economic,2.9%,2.8%,3.0%,2018-11-11 18:50:00
2018-11-12,12:59am,JPY,Prelim Machine Tool Orders y/y,Non-economic,-1.1%,,2.9%,2018-11-12 00:59:00
2018-11-12,4:00am,EUR,Italian Industrial Production m/m,Non-economic,-0.2%,-0.5%,1.7%,2018-11-12 04:00:00
2018-11-12,All Day,CAD,Bank Holiday,Low,,,,2018-11-12 00:00:00
2018-11-12,All Day,USD,Bank Holiday,Low,,,,2018-11-12 00:00:00
2018-11-12,2:30pm,USD,FOMC Member Daly Speaks,Medium,,,,2018-11-12 14:30:00
2018-11-12,4:45pm,NZD,FPI m/m,Non-economic,-0.6%,,-0.1%,2018-11-12 16:45:00
2018-11-12,7:30pm,AUD,NAB Business Confidence,Medium,4,,6,2018-11-12 19:30:00
2018-11-12,10:35pm,JPY,30-y Bond Auction,Non-economic,0.87|4.0,,0.90|3.9,2018-11-12 22:35:00
2018-11-13,2:00am,EUR,German Final CPI m/m,Non-economic,0.2%,0.2%,0.2%,2018-11-13 02:00:00
2018-11-13,2:45am,EUR,French Prelim Private Payrolls q/q,Non-economic,0.2%,0.3%,0.1%,2018-11-13 02:45:00
2018-11-13,3:15am,CHF,PPI m/m,Non-economic,0.2%,0.1%,-0.2%,2018-11-13 03:15:00
2018-11-13,3:45am,CNY,M2 Money Supply y/y,Non-economic,8.0%,8.3%,8.3%,2018-11-13 03:45:00
2018-11-13,3:45am,CNY,New Loans,Non-economic,697B,915B,1380B,2018-11-13 03:45:00
2018-11-13,4:30am,GBP,Average Earnings Index 3m/y,High,3.0%,3.0%,2.8%,2018-11-13 04:30:00
2018-11-13,4:30am,GBP,Unemployment Rate,Medium,4.1%,4.0%,4.0%,2018-11-13 04:30:00
2018-11-13,4:30am,GBP,Claimant Count Change,Non-economic,20.2K,4.3K,23.2K,2018-11-13 04:30:00
2018-11-13,5:00am,EUR,German ZEW Economic Sentiment,Medium,-24.1,-24.2,-24.7,2018-11-13 05:00:00
2018-11-13,5:00am,EUR,ZEW Economic Sentiment,Non-economic,-22.0,-17.3,-19.4,2018-11-13 05:00:00
2018-11-13,5:14am,USD,NFIB Small Business Index,Non-economic,107.4,108.0,107.9,2018-11-13 05:14:00
2018-11-13,10:00am,USD,FOMC Member Brainard Speaks,Medium,,,,2018-11-13 10:00:00
2018-11-13,2:00pm,USD,Federal Budget Balance,Non-economic,-100.5B,-116.6B,119.1B,2018-11-13 14:00:00
2018-11-13,2:00pm,USD,Loan Officer Survey,Non-economic,,,,2018-11-13 14:00:00
2018-11-13,6:30pm,AUD,Westpac Consumer Sentiment,Medium,2.8%,,1.0%,2018-11-13 18:30:00
2018-11-13,6:50pm,JPY,Prelim GDP q/q,Medium,-0.3%,-0.3%,0.7%,2018-11-13 18:50:00
2018-11-13,6:50pm,JPY,Prelim GDP Price Index y/y,Non-economic,-0.3%,-0.1%,0.0%,2018-11-13 18:50:00
2018-11-13,7:30pm,AUD,Wage Price Index q/q,High,0.6%,0.6%,0.5%,2018-11-13 19:30:00
2018-11-13,9:00pm,CNY,Fixed Asset Investment ytd/y,Medium,5.7%,5.5%,5.4%,2018-11-13 21:00:00
2018-11-13,9:00pm,CNY,Industrial Production y/y,Medium,5.9%,5.8%,5.8%,2018-11-13 21:00:00
2018-11-13,9:00pm,CNY,Retail Sales y/y,Non-economic,8.6%,9.2%,9.2%,2018-11-13 21:00:00
2018-11-13,9:00pm,CNY,Unemployment Rate,Non-economic,4.9%,,4.9%,2018-11-13 21:00:00
2018-11-13,11:30pm,JPY,Tertiary Industry Activity m/m,Non-economic,-1.1%,-0.4%,0.4%,2018-11-13 23:30:00
2018-11-13,11:32pm,JPY,Revised Industrial Production m/m,Non-economic,-0.4%,-1.1%,-1.1%,2018-11-13 23:32:00
2018-11-14,2:00am,EUR,German Prelim GDP q/q,High,-0.2%,-0.1%,0.5%,2018-11-14 02:00:00
2018-11-14,2:45am,EUR,French Final CPI m/m,Non-economic,0.1%,0.1%,0.1%,2018-11-14 02:45:00
2018-11-14,4:30am,GBP,CPI y/y,High,2.4%,2.5%,2.4%,2018-11-14 04:30:00
2018-11-14,4:30am,GBP,PPI Input m/m,Medium,0.8%,0.6%,1.4%,2018-11-14 04:30:00
2018-11-14,4:30am,GBP,RPI y/y,Medium,3.3%,3.4%,3.3%,2018-11-14 04:30:00
2018-11-14,4:30am,GBP,Core CPI y/y,Non-economic,1.9%,1.9%,1.9%,2018-11-14 04:30:00
2018-11-14,4:30am,GBP,HPI y/y,Non-economic,3.5%,3.3%,3.1%,2018-11-14 04:30:00
2018-11-14,4:30am,GBP,PPI Output m/m,Non-economic,0.3%,0.2%,0.4%,2018-11-14 04:30:00
2018-11-14,5:00am,EUR,Flash GDP q/q,Medium,0.2%,0.2%,0.2%,2018-11-14 05:00:00
2018-11-14,5:00am,EUR,Flash Employment Change q/q,Non-economic,0.2%,,0.4%,2018-11-14 05:00:00
2018-11-14,5:00am,EUR,Industrial Production m/m,Non-economic,-0.3%,-0.4%,1.1%,2018-11-14 05:00:00
2018-11-14,5:33am,EUR,German 30-y Bond Auction,Non-economic,1.04|1.2,,1.04|1.4,2018-11-14 05:33:00
2018-11-14,8:30am,USD,Core CPI m/m,High,0.2%,0.2%,0.1%,2018-11-14 08:30:00
2018-11-14,8:30am,USD,CPI m/m,High,0.3%,0.3%,0.1%,2018-11-14 08:30:00
2018-11-14,8:30am,USD,CPI y/y,High,2.5%,2.5%,2.3%,2018-11-14 08:30:00
2018-11-14,10:00am,USD,FOMC Member Quarles Speaks,Medium,,,,2018-11-14 10:00:00
2018-11-14,4:30pm,USD,API Weekly Statistical Bulletin,Non-economic,,,,2018-11-14 16:30:00
2018-11-14,6:00pm,USD,Fed Chairman Powell Speaks,High,,,,2018-11-14 18:00:00
2018-11-14,7:00pm,AUD,MI Inflation Expectations,Non-economic,3.6%,,4.0%,2018-11-14 19:00:00
2018-11-14,7:30pm,AUD,Employment Change,High,32.8K,19.9K,7.8K,2018-11-14 19:30:00
2018-11-14,7:30pm,AUD,Unemployment Rate,High,5.0%,5.1%,5.0%,2018-11-14 19:30:00
2018-11-14,8:30pm,CNY,New Home Prices m/m,Non-economic,1.02%,,1.00%,2018-11-14 20:30:00
2018-11-14,9:00pm,AUD,RBA Deputy Gov Debelle Speaks,Medium,,,,2018-11-14 21:00:00
2018-11-15,2:00am,CNY,Foreign Direct Investment ytd/y,Non-economic,3.3%,,2.9%,2018-11-15 02:00:00
2018-11-15,4:30am,GBP,Retail Sales m/m,High,-0.5%,0.2%,-0.4%,2018-11-15 04:30:00
2018-11-15,5:00am,EUR,Trade Balance,Non-economic,13.4B,16.4B,16.8B,2018-11-15 05:00:00
2018-11-15,8:00am,GBP,MPC Member Tenreyro Speaks,Medium,,,,2018-11-15 08:00:00
2018-11-15,8:30am,CAD,ADP Non-Farm Employment Change,Non-economic,-23.0K,,66.9K,2018-11-15 08:30:00
2018-11-15,8:30am,USD,Core Retail Sales m/m,High,0.7%,0.5%,-0.1%,2018-11-15 08:30:00
2018-11-15,8:30am,USD,Retail Sales m/m,High,0.8%,0.6%,-0.1%,2018-11-15 08:30:00
2018-11-15,8:30am,USD,Philly Fed Manufacturing Index,Medium,12.9,20.1,22.2,2018-11-15 08:30:00
2018-11-15,8:30am,USD,Empire State Manufacturing Index,Non-economic,23.3,19.9,21.1,2018-11-15 08:30:00
2018-11-15,8:30am,USD,Import Prices m/m,Non-economic,0.5%,0.1%,0.2%,2018-11-15 08:30:00
2018-11-15,8:30am,USD,Unemployment Claims,Non-economic,216K,213K,214K,2018-11-15 08:30:00
2018-11-15,10:00am,USD,FOMC Member Quarles Speaks,Medium,,,,2018-11-15 10:00:00
2018-11-15,10:00am,USD,Business Inventories m/m,Non-economic,0.3%,0.3%,0.5%,2018-11-15 10:00:00
2018-11-15,10:30am,USD,Natural Gas Storage,Non-economic,39B,35B,65B,2018-11-15 10:30:00
2018-11-15,11:00am,USD,Crude Oil Inventories,Medium,10.3M,2.9M,5.8M,2018-11-15 11:00:00
2018-11-15,11:30am,USD,Fed Chairman Powell Speaks,High,,,,2018-11-15 11:30:00
2018-11-15,1:00pm,USD,FOMC Member Bostic Speaks,Medium,,,,2018-11-15 13:00:00
2018-11-15,4:30pm,NZD,BusinessNZ Manufacturing Index,Medium,53.5,,51.9,2018-11-15 16:30:00
2018-11-16,2:00am,EUR,German WPI m/m,Non-economic,0.3%,0.2%,0.4%,2018-11-16 02:00:00
2018-11-16,3:30am,EUR,ECB President Draghi Speaks,High,,,,2018-11-16 03:30:00
2018-11-16,5:00am,EUR,Final Core CPI y/y,Non-economic,1.1%,1.1%,1.1%,2018-11-16 05:00:00
2018-11-16,5:00am,EUR,Final CPI y/y,Non-economic,2.2%,2.2%,2.1%,2018-11-16 05:00:00
2018-11-16,5:08am,EUR,Italian Trade Balance,Non-economic,1.27B,2.87B,2.49B,2018-11-16 05:08:00
2018-11-16,8:00am,EUR,German Buba President Weidmann Speaks,Medium,,,,2018-11-16 08:00:00
2018-11-16,8:30am,CAD,Manufacturing Sales m/m,Medium,0.2%,0.1%,-0.5%,2018-11-16 08:30:00
2018-11-16,8:30am,CAD,Foreign Securities Purchases,Non-economic,7.70B,0.30B,2.63B,2018-11-16 08:30:00
2018-11-16,9:15am,USD,Capacity Utilization Rate,Non-economic,78.4%,78.3%,78.5%,2018-11-16 09:15:00
2018-11-16,9:15am,USD,Industrial Production m/m,Non-economic,0.1%,0.2%,0.2%,2018-11-16 09:15:00
2018-11-16,9:30am,GBP,CB Leading Index m/m,Non-economic,-0.4%,,-0.2%,2018-11-16 09:30:00
2018-11-16,10:30am,AUD,CB Leading Index m/m,Non-economic,-0.1%,,0.2%,2018-11-16 10:30:00
2018-11-16,4:00pm,USD,TIC Long-Term Purchases,Non-economic,30.8B,46.2B,131.7B,2018-11-16 16:00:00
2018-11-18,4:30pm,NZD,BusinessNZ Services Index,Non-economic,55.4,,54.2,2018-11-18 16:30:00
2018-11-18,4:45pm,NZD,PPI Input q/q,Non-economic,1.4%,0.8%,1.0%,2018-11-18 16:45:00
2018-11-18,4:45pm,NZD,PPI Output q/q,Non-economic,1.5%,0.9%,0.9%,2018-11-18 16:45:00
2018-11-18,6:50pm,JPY,Trade Balance,Non-economic,-0.30T,-0.48T,-0.14T,2018-11-18 18:50:00
2018-11-18,7:01pm,GBP,Rightmove HPI m/m,Non-economic,-1.7%,,1.0%,2018-11-18 19:01:00
2018-11-19,4:00am,EUR,Current Account,Non-economic,17.0B,24.2B,24.3B,2018-11-19 04:00:00
2018-11-19,All Day,EUR,Eurogroup Meetings,Non-economic,,,,2018-11-19 00:00:00
2018-11-19,6:00am,EUR,German Buba Monthly Report,Non-economic,,,,2018-11-19 06:00:00
2018-11-19,10:00am,USD,NAHB Housing Market Index,Non-economic,60,67,68,2018-11-19 10:00:00
2018-11-19,10:45am,USD,FOMC Member Williams Speaks,Non-economic,,,,2018-11-19 10:45:00
2018-11-19,7:30pm,AUD,Monetary Policy Meeting Minutes,Medium,,,,2018-11-19 19:30:00
2018-11-20,2:00am,EUR,German PPI m/m,Non-economic,0.3%,0.3%,0.5%,2018-11-20 02:00:00
2018-11-20,2:08am,CHF,Trade Balance,Non-economic,3.75B,2.89B,2.23B,2018-11-20 02:08:00
2018-11-20,3:20am,AUD,RBA Gov Lowe Speaks,Medium,,,,2018-11-20 03:20:00
2018-11-20,5:00am,GBP,Monetary Policy Report Hearings,High,,,,2018-11-20 05:00:00
2018-11-20,All Day,EUR,ECOFIN Meetings,Non-economic,,,,2018-11-20 00:00:00
2018-11-20,6:00am,GBP,CBI Industrial Order Expectations,Non-economic,10,-6,-6,2018-11-20 06:00:00
2018-11-20,8:30am,USD,Building Permits,Medium,1.26M,1.26M,1.27M,2018-11-20 08:30:00
2018-11-20,8:30am,USD,Housing Starts,Medium,1.23M,1.23M,1.21M,2018-11-20 08:30:00
2018-11-20,9:34am,NZD,GDT Price Index,Non-economic,-3.5%,,-2.0%,2018-11-20 09:34:00
2018-11-20,10:00am,EUR,German Buba President Weidmann Speaks,Medium,,,,2018-11-20 10:00:00
2018-11-20,12:45pm,CAD,Gov Council Member Wilkins Speaks,Medium,,,,2018-11-20 12:45:00
2018-11-20,4:30pm,USD,API Weekly Statistical Bulletin,Non-economic,,,,2018-11-20 16:30:00
2018-11-20,5:00pm,CAD,Gov Council Member Lane Speaks,Medium,,,,2018-11-20 17:00:00
2018-11-20,6:30pm,AUD,MI Leading Index m/m,Non-economic,0.1%,,0.0%,2018-11-20 18:30:00
2018-11-20,9:00pm,NZD,Credit Card Spending y/y,Non-economic,6.3%,,7.8%,2018-11-20 21:00:00
2018-11-20,11:30pm,JPY,All Industries Activity m/m,Non-economic,-0.9%,-0.8%,0.4%,2018-11-20 23:30:00
2018-11-21,4:30am,GBP,Public Sector Net Borrowing,Medium,8.0B,5.6B,2.0B,2018-11-21 04:30:00
2018-11-21,8:30am,CAD,Wholesale Sales m/m,Non-economic,-0.5%,0.1%,-0.1%,2018-11-21 08:30:00
2018-11-21,8:30am,USD,Core Durable Goods Orders m/m,High,0.1%,0.4%,0.0%,2018-11-21 08:30:00
2018-11-21,8:30am,USD,Durable Goods Orders m/m,Medium,-4.4%,-2.2%,0.7%,2018-11-21 08:30:00
2018-11-21,8:30am,USD,Unemployment Claims,Non-economic,224K,215K,221K,2018-11-21 08:30:00
2018-11-21,10:00am,USD,Revised UoM Consumer Sentiment,Medium,97.5,98.4,98.3,2018-11-21 10:00:00
2018-11-21,10:00am,USD,CB Leading Index m/m,Non-economic,0.1%,0.2%,0.6%,2018-11-21 10:00:00
2018-11-21,10:00am,USD,Existing Home Sales,Non-economic,5.22M,5.20M,5.15M,2018-11-21 10:00:00
2018-11-21,10:00am,USD,Revised UoM Inflation Expectations,Non-economic,2.8%,,2.8%,2018-11-21 10:00:00
2018-11-21,10:30am,USD,Crude Oil Inventories,Medium,4.9M,2.5M,10.3M,2018-11-21 10:30:00
2018-11-21,12:00pm,USD,Natural Gas Storage,Non-economic,-134B,-105B,39B,2018-11-21 12:00:00
2018-11-21,4:45pm,NZD,Visitor Arrivals m/m,Non-economic,4.0%,,-1.7%,2018-11-21 16:45:00
2018-11-21,6:30pm,JPY,National Core CPI y/y,Non-economic,1.0%,1.0%,1.0%,2018-11-21 18:30:00
2018-11-22,4:49am,EUR,Spanish 10-y Bond Auction,Non-economic,1.61|1.6,,1.64|2.1,2018-11-22 04:49:00
2018-11-22,7:30am,EUR,ECB Monetary Policy Meeting Accounts,Non-economic,,,,2018-11-22 07:30:00
2018-11-22,7:39am,GBP,Prime Minister May Speaks,High,,,,2018-11-22 07:39:00
2018-11-22,All Day,USD,Bank Holiday,Low,,,,2018-11-22 00:00:00
2018-11-22,8:30am,CAD,Corporate Profits q/q,Non-economic,3.9%,,1.0%,2018-11-22 08:30:00
2018-11-22,9:45am,CAD,Gov Council Member Wilkins Speaks,Non-economic,,,,2018-11-22 09:45:00
2018-11-22,9:57am,EUR,Consumer Confidence,Non-economic,-4,-3,-3,2018-11-22 09:57:00
2018-11-22,10:30am,CAD,BOC Financial System Review,Non-economic,,,,2018-11-22 10:30:00
2018-11-22,3:55pm,GBP,MPC Member Saunders Speaks,Medium,,,,2018-11-22 15:55:00
2018-11-22,5:00pm,AUD,Flash Manufacturing PMI,Non-economic,54.5,,54.5,2018-11-22 17:00:00
2018-11-22,5:00pm,AUD,Flash Services PMI,Non-economic,52.6,,51.7,2018-11-22 17:00:00
2018-11-22,All Day,JPY,Bank Holiday,Low,,,,2018-11-22 00:00:00
2018-11-23,2:00am,EUR,German Final GDP q/q,Non-economic,-0.2%,-0.2%,-0.2%,2018-11-23 02:00:00
2018-11-23,3:15am,EUR,French Flash Manufacturing PMI,Medium,50.7,51.3,51.2,2018-11-23 03:15:00
2018-11-23,3:15am,EUR,French Flash Services PMI,Medium,55.0,54.9,55.3,2018-11-23 03:15:00
2018-11-23,3:30am,EUR,German Flash Manufacturing PMI,Medium,51.6,52.3,52.2,2018-11-23 03:30:00
2018-11-23,3:30am,EUR,German Flash Services PMI,Medium,53.3,54.6,54.7,2018-11-23 03:30:00
2018-11-23,4:00am,EUR,Flash Manufacturing PMI,Medium,51.5,52.0,52.0,2018-11-23 04:00:00
2018-11-23,4:00am,EUR,Flash Services PMI,Medium,53.1,53.6,53.7,2018-11-23 04:00:00
2018-11-23,8:30am,CAD,Core Retail Sales m/m,High,0.1%,0.3%,-0.4%,2018-11-23 08:30:00
2018-11-23,8:30am,CAD,CPI m/m,High,0.3%,0.1%,-0.4%,2018-11-23 08:30:00
2018-11-23,8:30am,CAD,Common CPI y/y,Medium,1.9%,1.9%,1.9%,2018-11-23 08:30:00
2018-11-23,8:30am,CAD,Median CPI y/y,Medium,2.0%,2.0%,1.9%,2018-11-23 08:30:00
2018-11-23,8:30am,CAD,Retail Sales m/m,Medium,0.2%,0.1%,-0.1%,2018-11-23 08:30:00
2018-11-23,8:30am,CAD,Trimmed CPI y/y,Medium,2.1%,2.1%,2.0%,2018-11-23 08:30:00
2018-11-23,8:30am,CAD,Core CPI m/m,Non-economic,0.4%,,0.0%,2018-11-23 08:30:00
2018-11-23,8:59am,EUR,Belgian NBB Business Climate,Non-economic,0.4,-1.8,-1.1,2018-11-23 08:59:00
2018-11-23,9:45am,USD,Flash Manufacturing PMI,Non-economic,55.4,55.8,55.7,2018-11-23 09:45:00
2018-11-23,9:45am,USD,Flash Services PMI,Non-economic,54.4,55.0,54.8,2018-11-23 09:45:00
2018-11-25,All Day,EUR,EU Economic Summit,High,,,,2018-11-25 00:00:00
2018-11-25,4:45pm,NZD,Retail Sales q/q,High,0.0%,1.0%,1.1%,2018-11-25 16:45:00
2018-11-25,4:45pm,NZD,Core Retail Sales q/q,Medium,0.4%,1.5%,1.3%,2018-11-25 16:45:00
2018-11-25,5:15pm,AUD,RBA Gov Lowe Speaks,Medium,,,,2018-11-25 17:15:00
2018-11-25,7:30pm,JPY,Flash Manufacturing PMI,Non-economic,51.8,53.0,52.9,2018-11-25 19:30:00
2018-11-25,10:00pm,AUD,RBA Assist Gov Kent Speaks,Medium,,,,2018-11-25 22:00:00
2018-11-26,4:00am,EUR,German ifo Business Climate,Medium,102.0,102.3,102.9,2018-11-26 04:00:00
2018-11-26,4:30am,GBP,High Street Lending,Non-economic,39.7K,38.9K,38.7K,2018-11-26 04:30:00
2018-11-26,9:00am,CNY,CB Leading Index m/m,Non-economic,1.2%,,1.0%,2018-11-26 09:00:00
2018-11-26,9:00am,EUR,ECB President Draghi Speaks,High,,,,2018-11-26 09:00:00
2018-11-26,1:30pm,GBP,BOE Gov Carney Speaks,High,,,,2018-11-26 13:30:00
2018-11-26,4:45pm,NZD,Trade Balance,Medium,-1295M,-850M,-1596M,2018-11-26 16:45:00
2018-11-26,6:50pm,JPY,SPPI y/y,Non-economic,1.3%,1.2%,1.1%,2018-11-26 18:50:00
2018-11-27,12:00am,JPY,BOJ Core CPI y/y,Non-economic,0.6%,0.5%,0.5%,2018-11-27 00:00:00
2018-11-27,6:00am,GBP,CBI Realized Sales,Non-economic,19,10,5,2018-11-27 06:00:00
2018-11-27,8:30am,USD,FOMC Member Clarida Speaks,Medium,,,,2018-11-27 08:30:00
2018-11-27,9:00am,USD,HPI m/m,Non-economic,0.2%,0.4%,0.4%,2018-11-27 09:00:00
2018-11-27,9:00am,USD,S&P/CS Composite-20 HPI y/y,Non-economic,5.1%,5.3%,5.5%,2018-11-27 09:00:00
2018-11-27,10:00am,USD,CB Consumer Confidence,High,135.7,136.2,137.9,2018-11-27 10:00:00
2018-11-27,2:30pm,USD,FOMC Member Bostic Speaks,Medium,,,,2018-11-27 14:30:00
2018-11-27,3:00pm,NZD,RBNZ Financial Stability Report,High,,,,2018-11-27 15:00:00
2018-11-27,4:30pm,USD,API Weekly Statistical Bulletin,Non-economic,,,,2018-11-27 16:30:00
2018-11-27,5:00pm,NZD,RBNZ Gov Orr Speaks,High,,,,2018-11-27 17:00:00
2018-11-27,7:00pm,NZD,RBNZ Gov Orr Speaks,High,,,,2018-11-27 19:00:00
2018-11-27,7:01pm,GBP,BRC Shop Price Index y/y,Non-economic,0.1%,,-0.2%,2018-11-27 19:01:00
2018-11-27,7:30pm,AUD,Construction Work Done q/q,Medium,-2.8%,0.9%,1.8%,2018-11-27 19:30:00
2018-11-28,2:00am,EUR,German GfK Consumer Climate,Non-economic,10.4,10.5,10.6,2018-11-28 02:00:00
2018-11-28,4:00am,CHF,UBS Economic Expectations,Non-economic,-42.3,,-39.1,2018-11-28 04:00:00
2018-11-28,4:00am,EUR,M3 Money Supply y/y,Non-economic,3.9%,3.5%,3.6%,2018-11-28 04:00:00
2018-11-28,4:03am,EUR,Private Loans y/y,Non-economic,3.2%,3.2%,3.2%,2018-11-28 04:03:00
2018-11-28,5:34am,EUR,German 10-y Bond Auction,Non-economic,0.34|1.6,,0.42|1.4,2018-11-28 05:34:00
2018-11-28,8:30am,USD,Prelim GDP q/q,High,3.5%,3.6%,3.5%,2018-11-28 08:30:00
2018-11-28,8:30am,USD,Goods Trade Balance,Non-economic,-77.2B,-76.7B,-76.3B,2018-11-28 08:30:00
2018-11-28,8:30am,USD,Prelim GDP Price Index q/q,Non-economic,1.7%,1.7%,1.7%,2018-11-28 08:30:00
2018-11-28,8:30am,USD,Prelim Wholesale Inventories m/m,Non-economic,0.7%,0.5%,0.4%,2018-11-28 08:30:00
2018-11-28,10:00am,USD,New Home Sales,Non-economic,544K,583K,597K,2018-11-28 10:00:00
2018-11-28,10:00am,USD,Richmond Manufacturing Index,Non-economic,14,16,15,2018-11-28 10:00:00
2018-11-28,10:30am,USD,Crude Oil Inventories,Medium,3.6M,0.6M,4.9M,2018-11-28 10:30:00
2018-11-28,11:40am,GBP,Bank Stress Test Results,High,,,,2018-11-28 11:40:00
2018-11-28,11:40am,GBP,BOE Financial Stability Report,Medium,,,,2018-11-28 11:40:00
2018-11-28,11:40am,GBP,FPC Statement,Non-economic,,,,2018-11-28 11:40:00
2018-11-28,11:45am,GBP,BOE Gov Carney Speaks,High,,,,2018-11-28 11:45:00
2018-11-28,12:00pm,USD,Fed Chairman Powell Speaks,High,,,,2018-11-28 12:00:00
2018-11-28,6:50pm,JPY,Retail Sales y/y,Non-economic,3.5%,2.7%,2.2%,2018-11-28 18:50:00
2018-11-28,7:00pm,NZD,ANZ Business Confidence,High,-37.1,,-37.1,2018-11-28 19:00:00
2018-11-28,7:30pm,AUD,Private Capital Expenditure q/q,High,-0.5%,1.1%,-0.9%,2018-11-28 19:30:00
2018-11-28,11:00pm,AUD,HIA New Home Sales m/m,Non-economic,-0.8%,,1.1%,2018-11-28 23:00:00
2018-11-29,1:45am,CHF,GDP q/q,Non-economic,-0.2%,0.4%,0.7%,2018-11-29 01:45:00
2018-11-29,All Day,EUR,German Prelim CPI m/m,Medium,0.1%,0.2%,0.2%,2018-11-29 00:00:00
2018-11-29,2:45am,EUR,French Consumer Spending m/m,Non-economic,0.8%,0.5%,-2.0%,2018-11-29 02:45:00
2018-11-29,2:45am,EUR,French Prelim GDP q/q,Non-economic,0.4%,0.4%,0.4%,2018-11-29 02:45:00
2018-11-29,3:00am,EUR,Spanish Flash CPI y/y,Non-economic,1.7%,2.0%,2.3%,2018-11-29 03:00:00
2018-11-29,3:55am,EUR,German Unemployment Change,Non-economic,-16K,-10K,-12K,2018-11-29 03:55:00
2018-11-29,4:30am,GBP,Net Lending to Individuals m/m,Medium,5.0B,4.5B,4.9B,2018-11-29 04:30:00
2018-11-29,4:30am,GBP,M4 Money Supply m/m,Non-economic,0.7%,0.3%,-0.3%,2018-11-29 04:30:00
2018-11-29,4:30am,GBP,Mortgage Approvals,Non-economic,67K,65K,66K,2018-11-29 04:30:00
2018-11-29,5:21am,EUR,Italian 10-y Bond Auction,Non-economic,3.24|1.4,,3.36|1.5,2018-11-29 05:21:00
2018-11-29,6:30am,EUR,ECB Financial Stability Review,Non-economic,,,,2018-11-29 06:30:00
2018-11-29,8:30am,CAD,Current Account,Medium,-10.3B,-11.9B,-16.7B,2018-11-29 08:30:00
2018-11-29,8:30am,USD,Core PCE Price Index m/m,Medium,0.1%,0.2%,0.2%,2018-11-29 08:30:00
2018-11-29,8:30am,USD,Personal Spending m/m,Medium,0.6%,0.4%,0.2%,2018-11-29 08:30:00
2018-11-29,8:30am,USD,Personal Income m/m,Non-economic,0.5%,0.4%,0.2%,2018-11-29 08:30:00
2018-11-29,8:30am,USD,Unemployment Claims,Non-economic,234K,221K,224K,2018-11-29 08:30:00
2018-11-29,8:37am,GBP,GfK Consumer Confidence,Non-economic,-13,-11,-10,2018-11-29 08:37:00
2018-11-29,10:00am,USD,Pending Home Sales m/m,Non-economic,-2.6%,0.8%,0.7%,2018-11-29 10:00:00
2018-11-29,10:30am,USD,Natural Gas Storage,Non-economic,-59B,-76B,-134B,2018-11-29 10:30:00
2018-11-29,2:00pm,USD,FOMC Meeting Minutes,High,,,,2018-11-29 14:00:00
2018-11-29,4:45pm,NZD,Building Consents m/m,Non-economic,1.5%,,-1.3%,2018-11-29 16:45:00
2018-11-29,6:30pm,JPY,Tokyo Core CPI y/y,Non-economic,1.0%,1.1%,1.0%,2018-11-29 18:30:00
2018-11-29,6:30pm,JPY,Unemployment Rate,Non-economic,2.4%,2.3%,2.3%,2018-11-29 18:30:00
2018-11-29,6:50pm,JPY,Prelim Industrial Production m/m,Non-economic,2.9%,1.3%,-0.4%,2018-11-29 18:50:00
2018-11-29,7:30pm,AUD,Private Sector Credit m/m,Non-economic,0.4%,0.4%,0.4%,2018-11-29 19:30:00
2018-11-29,7:59pm,CNY,Manufacturing PMI,Medium,50.0,50.2,50.2,2018-11-29 19:59:00
2018-11-29,8:00pm,CNY,Non-Manufacturing PMI,Medium,53.4,53.8,53.9,2018-11-29 20:00:00
2018-11-29,8:00pm,NZD,RBNZ Gov Orr Speaks,High,,,,2018-11-29 20:00:00
2018-11-30,12:00am,JPY,Consumer Confidence,Non-economic,42.9,43.3,43.0,2018-11-30 00:00:00
2018-11-30,12:02am,JPY,Housing Starts y/y,Non-economic,0.3%,0.4%,-1.5%,2018-11-30 00:02:00
2018-11-30,Day 1,All,G20 Meetings,High,,,,2018-11-30 00:00:00
2018-11-30,1:59am,GBP,Nationwide HPI m/m,Non-economic,0.3%,0.1%,0.0%,2018-11-30 01:59:00
2018-11-30,2:00am,EUR,German Import Prices m/m,Non-economic,1.0%,0.4%,0.4%,2018-11-30 02:00:00
2018-11-30,2:00am,EUR,German Retail Sales m/m,Non-economic,-0.3%,0.4%,0.1%,2018-11-30 02:00:00
2018-11-30,2:45am,EUR,French Prelim CPI m/m,Non-economic,-0.2%,-0.2%,0.1%,2018-11-30 02:45:00
2018-11-30,3:00am,CHF,KOF Economic Barometer,Medium,99.1,99.6,100.2,2018-11-30 03:00:00
2018-11-30,4:00am,EUR,Italian Monthly Unemployment Rate,Non-economic,10.6%,10.1%,10.3%,2018-11-30 04:00:00
2018-11-30,5:00am,EUR,Core CPI Flash Estimate y/y,Medium,1.0%,1.1%,1.1%,2018-11-30 05:00:00
2018-11-30,5:00am,EUR,CPI Flash Estimate y/y,Medium,2.0%,2.1%,2.2%,2018-11-30 05:00:00
2018-11-30,5:00am,EUR,Italian Prelim CPI m/m,Non-economic,-0.1%,-0.3%,0.0%,2018-11-30 05:00:00
2018-11-30,5:00am,EUR,Unemployment Rate,Non-economic,8.1%,8.0%,8.1%,2018-11-30 05:00:00
2018-11-30,8:30am,CAD,GDP m/m,High,-0.1%,0.1%,0.1%,2018-11-30 08:30:00
2018-11-30,8:30am,CAD,RMPI m/m,Medium,-2.4%,-5.2%,-1.0%,2018-11-30 08:30:00
2018-11-30,8:30am,CAD,IPPI m/m,Non-economic,0.2%,-0.5%,0.2%,2018-11-30 08:30:00
2018-11-30,9:00am,USD,FOMC Member Williams Speaks,Medium,,,,2018-11-30 09:00:00
2018-11-30,9:45am,USD,Chicago PMI,Medium,66.4,58.6,58.4,2018-11-30 09:45:00
2018-12-01,Day 2,All,G20 Meetings,High,,,,2018-12-01 00:00:00
2018-12-01,4:00am,CHF,SNB Chairman Jordan Speaks,Medium,,,,2018-12-01 04:00:00
2018-12-02,4:30pm,AUD,AIG Manufacturing Index,Non-economic,51.3,,58.3,2018-12-02 16:30:00
2018-12-02,4:45pm,NZD,Overseas Trade Index q/q,Non-economic,-0.3%,0.1%,0.4%,2018-12-02 16:45:00
2018-12-02,6:50pm,JPY,Capital Spending q/y,Non-economic,4.5%,8.6%,12.8%,2018-12-02 18:50:00
2018-12-02,7:00pm,AUD,MI Inflation Gauge m/m,Non-economic,0.0%,,0.1%,2018-12-02 19:00:00
2018-12-02,7:30pm,AUD,Building Approvals m/m,Medium,-1.5%,-1.4%,5.5%,2018-12-02 19:30:00
2018-12-02,7:30pm,AUD,Company Operating Profits q/q,Medium,1.9%,2.9%,2.4%,2018-12-02 19:30:00
2018-12-02,7:30pm,AUD,ANZ Job Advertisements m/m,Non-economic,-0.3%,,0.3%,2018-12-02 19:30:00
2018-12-02,7:30pm,JPY,Final Manufacturing PMI,Non-economic,52.2,51.8,51.8,2018-12-02 19:30:00
2018-12-02,8:45pm,CNY,RatingDog Manufacturing PMI,Non-economic,50.2,50.1,50.1,2018-12-02 20:45:00
2018-12-03,12:30am,AUD,Commodity Prices y/y,Non-economic,14.9%,,14.9%,2018-12-03 00:30:00
2018-12-03,3:15am,CHF,Retail Sales y/y,Non-economic,0.8%,-0.7%,-2.5%,2018-12-03 03:15:00
2018-12-03,3:15am,EUR,Spanish Manufacturing PMI,Non-economic,52.6,51.5,51.8,2018-12-03 03:15:00
2018-12-03,3:30am,CHF,Manufacturing PMI,Non-economic,57.7,56.3,57.4,2018-12-03 03:30:00
2018-12-03,3:45am,EUR,Italian Manufacturing PMI,Non-economic,48.6,48.9,49.2,2018-12-03 03:45:00
2018-12-03,3:50am,EUR,French Final Manufacturing PMI,Non-economic,50.8,50.7,50.7,2018-12-03 03:50:00
2018-12-03,3:55am,EUR,German Final Manufacturing PMI,Non-economic,51.8,51.6,51.6,2018-12-03 03:55:00
2018-12-03,4:00am,EUR,Final Manufacturing PMI,Non-economic,51.8,51.5,51.5,2018-12-03 04:00:00
2018-12-03,4:30am,GBP,Final Manufacturing PMI,Medium,53.1,51.6,51.1,2018-12-03 04:30:00
2018-12-03,All Day,EUR,Eurogroup Meetings,Non-economic,,,,2018-12-03 00:00:00
2018-12-03,6:30am,USD,FOMC Member Clarida Speaks,Medium,,,,2018-12-03 06:30:00
2018-12-03,8:00am,USD,FOMC Member Quarles Speaks,Medium,,,,2018-12-03 08:00:00
2018-12-03,9:15am,USD,FOMC Member Williams Speaks,Medium,,,,2018-12-03 09:15:00
2018-12-03,9:30am,CAD,Manufacturing PMI,Non-economic,54.9,,53.9,2018-12-03 09:30:00
2018-12-03,9:45am,USD,Final Manufacturing PMI,Non-economic,55.3,55.4,55.4,2018-12-03 09:45:00
2018-12-03,10:00am,USD,ISM Manufacturing PMI,High,59.3,57.5,57.7,2018-12-03 10:00:00
2018-12-03,10:00am,USD,Construction Spending m/m,Non-economic,-0.1%,0.4%,-0.1%,2018-12-03 10:00:00
2018-12-03,10:00am,USD,ISM Manufacturing Prices,Non-economic,60.7,70.1,71.6,2018-12-03 10:00:00
2018-12-03,All Day,USD,Total Vehicle Sales,Non-economic,17.5M,17.3M,17.6M,2018-12-03 00:00:00
2018-12-03,All Day,USD,Wards Total Vehicle Sales,Non-economic,17.4M,17.2M,17.5M,2018-12-03 00:00:00
2018-12-03,10:30am,USD,FOMC Member Brainard Speaks,Medium,,,,2018-12-03 10:30:00
2018-12-03,12:30pm,GBP,MPC Member Haldane Speaks,Medium,,,,2018-12-03 12:30:00
2018-12-03,6:00pm,USD,Fed Chairman Powell Speaks,High,,,,2018-12-03 18:00:00
2018-12-03,6:00pm,USD,FOMC Member Brainard Speaks,Medium,,,,2018-12-03 18:00:00
2018-12-03,6:50pm,JPY,Monetary Base y/y,Non-economic,6.1%,5.7%,5.9%,2018-12-03 18:50:00
2018-12-03,7:01pm,GBP,BRC Retail Sales Monitor y/y,Non-economic,-0.5%,0.3%,0.1%,2018-12-03 19:01:00
2018-12-03,7:30pm,AUD,Current Account,Medium,-10.7B,-10.2B,-12.1B,2018-12-03 19:30:00
2018-12-03,10:30pm,AUD,RBA Rate Statement,High,,,,2018-12-03 22:30:00
2018-12-03,10:30pm,AUD,Cash Rate,Medium,1.50%,1.50%,1.50%,2018-12-03 22:30:00
2018-12-03,10:35pm,JPY,10-y Bond Auction,Non-economic,0.07|3.8,,0.14|4.3,2018-12-03 22:35:00
2018-12-04,2:45am,EUR,French Gov Budget Balance,Non-economic,-87.0B,,-87.1B,2018-12-04 02:45:00
2018-12-04,3:00am,EUR,Spanish Unemployment Change,Non-economic,-1.8K,34.2K,52.2K,2018-12-04 03:00:00
2018-12-04,3:15am,CHF,CPI m/m,Non-economic,-0.3%,-0.1%,0.2%,2018-12-04 03:15:00
2018-12-04,4:15am,GBP,BOE Gov Carney Speaks,High,,,,2018-12-04 04:15:00
2018-12-04,4:30am,GBP,Construction PMI,Medium,53.4,52.5,53.2,2018-12-04 04:30:00
2018-12-04,5:00am,EUR,PPI m/m,Non-economic,0.8%,0.5%,0.6%,2018-12-04 05:00:00
2018-12-04,All Day,EUR,ECOFIN Meetings,Non-economic,,,,2018-12-04 00:00:00
2018-12-04,8:30am,CAD,Labor Productivity q/q,Non-economic,0.3%,0.4%,0.7%,2018-12-04 08:30:00
2018-12-04,9:35am,NZD,GDT Price Index,Non-economic,2.2%,,-3.5%,2018-12-04 09:35:00
2018-12-04,10:00am,USD,FOMC Member Williams Speaks,Medium,,,,2018-12-04 10:00:00
2018-12-04,10:00am,USD,RCM/TIPP Economic Optimism,Non-economic,52.6,57.3,56.4,2018-12-04 10:00:00
2018-12-04,1:00pm,GBP,MPC Member Vlieghe Speaks,Medium,,,,2018-12-04 13:00:00
2018-12-04,4:30pm,AUD,AIG Services Index,Non-economic,55.1,,51.1,2018-12-04 16:30:00
2018-12-04,4:30pm,USD,API Weekly Statistical Bulletin,Non-economic,,,,2018-12-04 16:30:00
2018-12-04,7:00pm,NZD,ANZ Commodity Prices m/m,Non-economic,-0.6%,,-2.4%,2018-12-04 19:00:00
2018-12-04,7:30pm,AUD,GDP q/q,High,0.3%,0.6%,0.9%,2018-12-04 19:30:00
2018-12-04,8:45pm,CNY,RatingDog Services PMI,Non-economic,53.8,50.7,50.8,2018-12-04 20:45:00
2018-12-05,3:15am,EUR,Spanish Services PMI,Non-economic,54.0,53.9,54.0,2018-12-05 03:15:00
2018-12-05,3:30am,EUR,ECB President Draghi Speaks,Medium,,,,2018-12-05 03:30:00
2018-12-05,3:45am,EUR,Italian Services PMI,Non-economic,50.3,49.2,49.2,2018-12-05 03:45:00
2018-12-05,3:50am,EUR,French Final Services PMI,Non-economic,55.1,55.0,55.0,2018-12-05 03:50:00
2018-12-05,3:55am,EUR,German Final Services PMI,Non-economic,53.3,53.3,53.3,2018-12-05 03:55:00
2018-12-05,4:00am,EUR,Final Services PMI,Non-economic,53.4,53.1,53.1,2018-12-05 04:00:00
2018-12-05,All Day,All,OPEC-JMMC Meetings,Medium,,,,2018-12-05 00:00:00
2018-12-05,4:30am,GBP,Final Services PMI,Medium,50.4,52.5,52.2,2018-12-05 04:30:00
2018-12-05,4:30am,GBP,FPC Meeting Minutes,Non-economic,,,,2018-12-05 04:30:00
2018-12-05,4:41am,EUR,Spanish 10-y Bond Auction,Non-economic,1.46|1.9,,1.61|1.6,2018-12-05 04:41:00
2018-12-05,5:00am,EUR,Retail Sales m/m,Non-economic,0.3%,0.2%,-0.5%,2018-12-05 05:00:00
2018-12-05,10:00am,CAD,BOC Rate Statement,High,,,,2018-12-05 10:00:00
2018-12-05,10:00am,CAD,Overnight Rate,High,1.75%,1.75%,1.75%,2018-12-05 10:00:00
2018-12-05,2:00pm,USD,Beige Book,Non-economic,,,,2018-12-05 14:00:00
2018-12-05,7:30pm,AUD,Retail Sales m/m,High,0.3%,0.3%,0.1%,2018-12-05 19:30:00
2018-12-05,7:30pm,AUD,Goods Trade Balance,Medium,2.32B,3.10B,2.94B,2018-12-05 19:30:00
2018-12-05,8:15pm,USD,FOMC Member Quarles Speaks,Medium,,,,2018-12-05 20:15:00
2018-12-06,2:00am,EUR,German Factory Orders m/m,Non-economic,0.3%,-0.4%,0.1%,2018-12-06 02:00:00
2018-12-06,4:05am,AUD,RBA Deputy Gov Debelle Speaks,Medium,,,,2018-12-06 04:05:00
2018-12-06,All Day,All,OPEC Meetings,High,,,,2018-12-06 00:00:00
2018-12-06,5:00am,GBP,MPC Member Ramsden Speaks,Medium,,,,2018-12-06 05:00:00
2018-12-06,5:34am,GBP,30-y Bond Auction,Non-economic,1.91|2.4,,1.83|1.8,2018-12-06 05:34:00
2018-12-06,7:30am,USD,Challenger Job Cuts y/y,Non-economic,51.5%,,153.6%,2018-12-06 07:30:00
2018-12-06,8:15am,USD,ADP Non-Farm Employment Change,Medium,179K,195K,225K,2018-12-06 08:15:00
2018-12-06,8:30am,CAD,Trade Balance,High,-1.2B,-0.7B,-0.9B,2018-12-06 08:30:00
2018-12-06,8:30am,USD,Revised Nonfarm Productivity q/q,Non-economic,2.3%,2.3%,2.2%,2018-12-06 08:30:00
2018-12-06,8:30am,USD,Revised Unit Labor Costs q/q,Non-economic,0.9%,1.1%,1.2%,2018-12-06 08:30:00
2018-12-06,8:30am,USD,Trade Balance,Non-economic,-55.5B,-55.2B,-54.6B,2018-12-06 08:30:00
2018-12-06,8:30am,USD,Unemployment Claims,Non-economic,231K,226K,235K,2018-12-06 08:30:00
2018-12-06,8:35am,CAD,BOC Gov Poloz Speaks,High,,,,2018-12-06 08:35:00
2018-12-06,9:45am,USD,Final Services PMI,Non-economic,54.7,54.4,54.4,2018-12-06 09:45:00
2018-12-06,10:00am,CAD,Ivey PMI,Non-economic,57.2,59.9,61.8,2018-12-06 10:00:00
2018-12-06,10:00am,USD,ISM Services PMI,High,60.7,59.1,60.3,2018-12-06 10:00:00
2018-12-06,10:00am,USD,Factory Orders m/m,Non-economic,-2.1%,-1.9%,0.2%,2018-12-06 10:00:00
2018-12-06,11:00am,USD,Crude Oil Inventories,Medium,-7.3M,-1.3M,3.6M,2018-12-06 11:00:00
2018-12-06,12:15pm,USD,FOMC Member Bostic Speaks,Medium,,,,2018-12-06 12:15:00
2018-12-06,4:30pm,AUD,AIG Construction Index,Non-economic,44.5,,46.4,2018-12-06 16:30:00
2018-12-06,6:30pm,JPY,Household Spending y/y,Non-economic,-0.3%,1.2%,-1.6%,2018-12-06 18:30:00
2018-12-06,6:30pm,USD,FOMC Member Williams Speaks,Medium,,,,2018-12-06 18:30:00
2018-12-06,6:45pm,USD,Fed Chairman Powell Speaks,High,,,,2018-12-06 18:45:00
2018-12-06,7:00pm,JPY,Average Cash Earnings y/y,Medium,1.5%,1.0%,0.8%,2018-12-06 19:00:00
2018-12-07,12:02am,JPY,Leading Indicators,Non-economic,100.5%,104.8%,104.3%,2018-12-07 00:02:00
2018-12-07,2:00am,EUR,German Industrial Production m/m,Non-economic,-0.5%,0.3%,0.1%,2018-12-07 02:00:00
2018-12-07,2:45am,EUR,French Industrial Production m/m,Non-economic,1.2%,0.8%,-1.6%,2018-12-07 02:45:00
2018-12-07,2:45am,EUR,French Trade Balance,Non-economic,-4.1B,-5.9B,-5.4B,2018-12-07 02:45:00
2018-12-07,3:00am,CHF,Foreign Currency Reserves,Non-economic,749B,,753B,2018-12-07 03:00:00
2018-12-07,3:30am,GBP,Halifax HPI m/m,Non-economic,-1.4%,0.3%,0.7%,2018-12-07 03:30:00
2018-12-07,4:00am,EUR,Italian Retail Sales m/m,Non-economic,0.1%,-0.2%,-0.8%,2018-12-07 04:00:00
2018-12-07,All Day,All,OPEC Meetings,High,,,,2018-12-07 00:00:00
2018-12-07,4:30am,GBP,Consumer Inflation Expectations,Non-economic,3.2%,,3.0%,2018-12-07 04:30:00
2018-12-07,5:00am,EUR,Final Employment Change q/q,Non-economic,0.2%,0.2%,0.2%,2018-12-07 05:00:00
2018-12-07,5:00am,EUR,Revised GDP q/q,Non-economic,0.2%,0.2%,0.2%,2018-12-07 05:00:00
2018-12-07,All Day,All,OPEC-JMMC Meetings,Medium,,,,2018-12-07 00:00:00
2018-12-07,8:30am,CAD,Employment Change,High,94.1K,10.5K,11.2K,2018-12-07 08:30:00
2018-12-07,8:30am,CAD,Unemployment Rate,High,5.6%,5.8%,5.8%,2018-12-07 08:30:00
2018-12-07,8:30am,USD,Average Hourly Earnings m/m,High,0.2%,0.3%,0.1%,2018-12-07 08:30:00
2018-12-07,8:30am,USD,Non-Farm Employment Change,High,155K,198K,237K,2018-12-07 08:30:00
2018-12-07,8:30am,USD,Unemployment Rate,High,3.7%,3.7%,3.7%,2018-12-07 08:30:00
2018-12-07,10:00am,USD,Prelim UoM Consumer Sentiment,Medium,97.5,97.0,97.5,2018-12-07 10:00:00
2018-12-07,10:00am,USD,Final Wholesale Inventories m/m,Non-economic,0.8%,0.7%,0.7%,2018-12-07 10:00:00
2018-12-07,10:00am,USD,Prelim UoM Inflation Expectations,Non-economic,2.7%,,2.8%,2018-12-07 10:00:00
2018-12-07,10:30am,USD,Natural Gas Storage,Non-economic,-63B,-63B,-59B,2018-12-07 10:30:00
2018-12-07,12:00pm,USD,FOMC Member Brainard Speaks,Medium,,,,2018-12-07 12:00:00
2018-12-07,3:00pm,USD,Consumer Credit m/m,Non-economic,25.4B,15.1B,11.6B,2018-12-07 15:00:00
2018-12-07,10:07pm,CNY,Trade Balance,Medium,306B,227B,234B,2018-12-07 22:07:00
2018-12-07,10:08pm,CNY,USD-Denominated Trade Balance,Non-economic,44.7B,36.2B,34.0B,2018-12-07 22:08:00
2018-12-08,8:30pm,CNY,CPI y/y,Non-economic,2.2%,2.4%,2.5%,2018-12-08 20:30:00
2018-12-08,8:30pm,CNY,PPI y/y,Non-economic,2.7%,2.8%,3.3%,2018-12-08 20:30:00
2018-12-09,4:35pm,AUD,RBA Assist Gov Kent Speaks,Medium,,,,2018-12-09 16:35:00
2018-12-09,4:45pm,NZD,Manufacturing Sales q/q,Non-economic,2.0%,,1.8%,2018-12-09 16:45:00
2018-12-09,6:50pm,JPY,Bank Lending y/y,Non-economic,2.1%,2.2%,2.2%,2018-12-09 18:50:00
2018-12-09,6:50pm,JPY,Current Account,Non-economic,1.21T,1.29T,1.33T,2018-12-09 18:50:00
2018-12-09,6:50pm,JPY,Final GDP q/q,Non-economic,-0.6%,-0.5%,-0.3%,2018-12-09 18:50:00
2018-12-09,6:53pm,JPY,Final GDP Price Index y/y,Non-economic,-0.3%,-0.3%,-0.3%,2018-12-09 18:53:00
2018-12-09,7:30pm,AUD,Home Loans m/m,Non-economic,2.2%,-0.5%,-1.0%,2018-12-09 19:30:00
2018-12-10,12:02am,JPY,Economy Watchers Sentiment,Non-economic,51.0,49.5,49.5,2018-12-10 00:02:00
2018-12-10,1:30am,CAD,Gov Council Member Lane Speaks,Medium,,,,2018-12-10 01:30:00
2018-12-10,1:30am,GBP,MPC Member Cunliffe Speaks,Medium,,,,2018-12-10 01:30:00
2018-12-10,1:45am,CHF,Unemployment Rate,Non-economic,2.4%,2.5%,2.5%,2018-12-10 01:45:00
2018-12-10,2:00am,EUR,German Trade Balance,Non-economic,17.3B,17.2B,17.7B,2018-12-10 02:00:00
2018-12-10,4:00am,EUR,Italian Industrial Production m/m,Non-economic,0.1%,-0.4%,-0.1%,2018-12-10 04:00:00
2018-12-10,4:30am,EUR,Sentix Investor Confidence,Non-economic,-0.3,8.4,8.8,2018-12-10 04:30:00
2018-12-10,4:30am,GBP,GDP m/m,High,0.1%,0.1%,0.0%,2018-12-10 04:30:00
2018-12-10,4:30am,GBP,Manufacturing Production m/m,High,-0.9%,0.0%,0.2%,2018-12-10 04:30:00
2018-12-10,4:30am,GBP,Construction Output m/m,Non-economic,-0.2%,-0.4%,1.7%,2018-12-10 04:30:00
2018-12-10,4:30am,GBP,Goods Trade Balance,Non-economic,-11.9B,-10.5B,-10.7B,2018-12-10 04:30:00
2018-12-10,4:30am,GBP,Index of Services 3m/3m,Non-economic,0.3%,0.3%,0.4%,2018-12-10 04:30:00
2018-12-10,4:30am,GBP,Industrial Production m/m,Non-economic,-0.6%,-0.4%,0.0%,2018-12-10 04:30:00
2018-12-10,7:45am,CAD,Gov Council Member Lane Speaks,Medium,,,,2018-12-10 07:45:00
2018-12-10,8:13am,CAD,Housing Starts,Non-economic,216K,198K,207K,2018-12-10 08:13:00
2018-12-10,8:24am,GBP,NIESR GDP Estimate,Non-economic,0.3%,,0.4%,2018-12-10 08:24:00
2018-12-10,8:30am,CAD,Building Permits m/m,Non-economic,-0.2%,-0.2%,0.4%,2018-12-10 08:30:00
2018-12-10,10:00am,USD,JOLTS Job Openings,Non-economic,7.08M,7.22M,6.96M,2018-12-10 10:00:00
2018-12-10,10:30am,GBP,Prime Minister May Speaks,High,,,,2018-12-10 10:30:00
2018-12-10,6:50pm,JPY,BSI Manufacturing Index,Non-economic,5.5,4.3,6.5,2018-12-10 18:50:00
2018-12-10,6:50pm,JPY,M2 Money Stock y/y,Non-economic,2.3%,2.6%,2.7%,2018-12-10 18:50:00
2018-12-10,7:30pm,AUD,HPI q/q,Medium,-1.5%,-1.5%,-0.7%,2018-12-10 19:30:00
2018-12-10,7:30pm,AUD,NAB Business Confidence,Non-economic,3,,5,2018-12-10 19:30:00
2018-12-10,10:35pm,JPY,30-y Bond Auction,Non-economic,0.79|3.8,,0.87|4.0,2018-12-10 22:35:00
2018-12-11,12:58am,JPY,Prelim Machine Tool Orders y/y,Non-economic,-16.8%,,-0.7%,2018-12-11 00:58:00
2018-12-11,1:30am,EUR,French Final Private Payrolls q/q,Non-economic,0.1%,0.2%,0.2%,2018-12-11 01:30:00
2018-12-11,4:01am,CNY,M2 Money Supply y/y,Non-economic,8.0%,8.0%,8.0%,2018-12-11 04:01:00
2018-12-11,4:01am,CNY,New Loans,Non-economic,1250B,1200B,697B,2018-12-11 04:01:00
2018-12-11,4:30am,GBP,Average Earnings Index 3m/y,High,3.3%,3.0%,3.1%,2018-12-11 04:30:00
2018-12-11,4:30am,GBP,Unemployment Rate,Medium,4.1%,4.1%,4.1%,2018-12-11 04:30:00
2018-12-11,4:30am,GBP,Claimant Count Change,Non-economic,21.9K,13.2K,23.2K,2018-12-11 04:30:00
2018-12-11,5:00am,EUR,German ZEW Economic Sentiment,Medium,-17.5,-25.0,-24.1,2018-12-11 05:00:00
2018-12-11,5:00am,EUR,ZEW Economic Sentiment,Non-economic,-21.0,-23.2,-22.0,2018-12-11 05:00:00
2018-12-11,5:45am,USD,NFIB Small Business Index,Non-economic,104.8,107.3,107.4,2018-12-11 05:45:00
2018-12-11,8:30am,USD,PPI m/m,High,0.1%,0.0%,0.6%,2018-12-11 08:30:00
2018-12-11,8:30am,USD,Core PPI m/m,Medium,0.3%,0.1%,0.5%,2018-12-11 08:30:00
2018-12-11,2:15pm,NZD,RBNZ Gov Orr Speaks,High,,,,2018-12-11 14:15:00
2018-12-11,4:30pm,USD,API Weekly Statistical Bulletin,Non-economic,,,,2018-12-11 16:30:00
2018-12-11,6:27pm,AUD,Westpac Consumer Sentiment,Medium,0.1%,,2.8%,2018-12-11 18:27:00
2018-12-11,6:50pm,JPY,Core Machinery Orders m/m,Non-economic,7.6%,10.2%,-18.3%,2018-12-11 18:50:00
2018-12-11,6:50pm,JPY,PPI y/y,Non-economic,2.3%,2.4%,3.0%,2018-12-11 18:50:00
2018-12-11,11:30pm,JPY,Tertiary Industry Activity m/m,Non-economic,1.9%,0.9%,-1.2%,2018-12-11 23:30:00
2018-12-12,4:00am,EUR,Italian Quarterly Unemployment Rate,Non-economic,10.2%,10.3%,10.7%,2018-12-12 04:00:00
2018-12-12,5:00am,EUR,Industrial Production m/m,Non-economic,0.2%,0.2%,-0.6%,2018-12-12 05:00:00
2018-12-12,8:30am,CAD,Capacity Utilization Rate,Non-economic,82.6%,85.8%,84.1%,2018-12-12 08:30:00
2018-12-12,8:30am,USD,Core CPI m/m,High,0.2%,0.2%,0.2%,2018-12-12 08:30:00
2018-12-12,8:30am,USD,CPI m/m,High,0.0%,0.0%,0.3%,2018-12-12 08:30:00
2018-12-12,8:30am,USD,CPI y/y,High,2.2%,2.2%,2.5%,2018-12-12 08:30:00
2018-12-12,10:30am,USD,Crude Oil Inventories,Non-economic,-1.2M,-3.0M,-7.3M,2018-12-12 10:30:00
2018-12-12,1:01pm,USD,10-y Bond Auction,Non-economic,2.92|2.4,,3.21|2.5,2018-12-12 13:01:00
2018-12-12,4:45pm,NZD,FPI m/m,Non-economic,-0.6%,,-0.6%,2018-12-12 16:45:00
2018-12-12,7:00pm,AUD,MI Inflation Expectations,Non-economic,4.0%,,3.6%,2018-12-12 19:00:00
2018-12-12,7:01pm,GBP,RICS House Price Balance,Non-economic,-11%,-10%,-10%,2018-12-12 19:01:00
2018-12-12,7:30pm,AUD,RBA Bulletin,Non-economic,,,,2018-12-12 19:30:00
2018-12-13,1:46am,CNY,Foreign Direct Investment ytd/y,Non-economic,-1.3%,,3.3%,2018-12-13 01:46:00
2018-12-13,2:00am,EUR,German Final CPI m/m,Non-economic,0.1%,0.1%,0.1%,2018-12-13 02:00:00
2018-12-13,2:45am,EUR,French Final CPI m/m,Non-economic,-0.2%,-0.2%,-0.2%,2018-12-13 02:45:00
2018-12-13,3:15am,CHF,PPI m/m,Non-economic,-0.3%,0.1%,0.2%,2018-12-13 03:15:00
2018-12-13,3:30am,CHF,SNB Monetary Policy Assessment,High,,,,2018-12-13 03:30:00
2018-12-13,3:30am,CHF,Libor Rate,Medium,-0.75%,-0.75%,-0.75%,2018-12-13 03:30:00
2018-12-13,4:00am,CHF,SNB Press Conference,High,,,,2018-12-13 04:00:00
2018-12-13,7:45am,EUR,Main Refinancing Rate,High,0.00%,0.00%,0.00%,2018-12-13 07:45:00
2018-12-13,7:45am,EUR,Monetary Policy Statement,High,,,,2018-12-13 07:45:00
2018-12-13,8:30am,CAD,NHPI m/m,Non-economic,0.0%,0.0%,0.0%,2018-12-13 08:30:00
2018-12-13,8:30am,EUR,ECB Press Conference,High,,,,2018-12-13 08:30:00
2018-12-13,8:30am,USD,Import Prices m/m,Non-economic,-1.6%,-1.0%,0.5%,2018-12-13 08:30:00
2018-12-13,8:30am,USD,Unemployment Claims,Non-economic,206K,226K,233K,2018-12-13 08:30:00
2018-12-13,10:30am,USD,Natural Gas Storage,Non-economic,-77B,-81B,-63B,2018-12-13 10:30:00
2018-12-13,1:01pm,USD,30-y Bond Auction,Medium,3.17|2.3,,3.42|2.1,2018-12-13 13:01:00
2018-12-13,2:00pm,USD,Federal Budget Balance,Non-economic,-204.9B,-193.5B,-100.5B,2018-12-13 14:00:00
2018-12-13,4:30pm,NZD,BusinessNZ Manufacturing Index,Non-economic,53.5,,53.7,2018-12-13 16:30:00
2018-12-13,5:00pm,AUD,Flash Manufacturing PMI,Non-economic,53.7,,54.6,2018-12-13 17:00:00
2018-12-13,5:00pm,AUD,Flash Services PMI,Non-economic,52.2,,53.7,2018-12-13 17:00:00
2018-12-13,6:50pm,JPY,Tankan Manufacturing Index,Non-economic,19,18,19,2018-12-13 18:50:00
2018-12-13,6:50pm,JPY,Tankan Non-Manufacturing Index,Non-economic,24,21,22,2018-12-13 18:50:00
2018-12-13,7:30pm,JPY,Flash Manufacturing PMI,Non-economic,52.4,52.3,52.2,2018-12-13 19:30:00
2018-12-13,9:00pm,CNY,Fixed Asset Investment ytd/y,Medium,5.9%,5.9%,5.7%,2018-12-13 21:00:00
2018-12-13,9:00pm,CNY,Industrial Production y/y,Medium,5.4%,5.9%,5.9%,2018-12-13 21:00:00
2018-12-13,9:00pm,CNY,Retail Sales y/y,Non-economic,8.1%,8.8%,8.6%,2018-12-13 21:00:00
2018-12-13,9:00pm,CNY,Unemployment Rate,Non-economic,4.8%,,4.9%,2018-12-13 21:00:00
2018-12-13,11:30pm,JPY,Revised Industrial Production m/m,Non-economic,2.9%,2.8%,2.9%,2018-12-13 23:30:00
2018-12-14,2:00am,EUR,German WPI m/m,Non-economic,0.2%,0.2%,0.3%,2018-12-14 02:00:00
2018-12-14,3:15am,EUR,French Flash Manufacturing PMI,Medium,49.7,50.7,50.8,2018-12-14 03:15:00
2018-12-14,3:15am,EUR,French Flash Services PMI,Medium,49.6,54.8,55.1,2018-12-14 03:15:00
2018-12-14,3:30am,EUR,German Flash Manufacturing PMI,Medium,51.5,51.8,51.8,2018-12-14 03:30:00
2018-12-14,3:30am,EUR,German Flash Services PMI,Medium,52.5,53.4,53.3,2018-12-14 03:30:00
2018-12-14,4:00am,EUR,Flash Manufacturing PMI,Medium,51.4,51.9,51.8,2018-12-14 04:00:00
2018-12-14,4:00am,EUR,Flash Services PMI,Medium,51.4,53.4,53.4,2018-12-14 04:00:00
2018-12-14,All Day,EUR,Euro Summit,Medium,,,,2018-12-14 00:00:00
2018-12-14,8:30am,USD,Core Retail Sales m/m,High,0.2%,0.2%,1.0%,2018-12-14 08:30:00
2018-12-14,8:30am,USD,Retail Sales m/m,High,0.2%,0.1%,1.1%,2018-12-14 08:30:00
2018-12-14,9:15am,USD,Capacity Utilization Rate,Non-economic,78.5%,78.6%,78.1%,2018-12-14 09:15:00
2018-12-14,9:15am,USD,Industrial Production m/m,Non-economic,0.6%,0.3%,-0.2%,2018-12-14 09:15:00
2018-12-14,9:30am,GBP,CB Leading Index m/m,Non-economic,-0.4%,,-0.4%,2018-12-14 09:30:00
2018-12-14,9:45am,USD,Flash Manufacturing PMI,Non-economic,53.9,55.1,55.3,2018-12-14 09:45:00
2018-12-14,9:45am,USD,Flash Services PMI,Non-economic,53.4,54.7,54.7,2018-12-14 09:45:00
2018-12-14,10:00am,USD,Business Inventories m/m,Non-economic,0.6%,0.6%,0.5%,2018-12-14 10:00:00
2018-12-14,8:30pm,CNY,New Home Prices m/m,Non-economic,0.98%,,1.02%,2018-12-14 20:30:00
2018-12-15,5:30am,EUR,ECB President Draghi Speaks,Medium,,,,2018-12-15 05:30:00
2018-12-16,4:30pm,NZD,BusinessNZ Services Index,Non-economic,53.5,,55.4,2018-12-16 16:30:00
2018-12-16,7:01pm,GBP,Rightmove HPI m/m,Non-economic,-1.5%,,-1.7%,2018-12-16 19:01:00
2018-12-16,7:30pm,AUD,Mid-Year Economic and Fiscal Outlook,Medium,,,,2018-12-16 19:30:00
2018-12-17,4:08am,EUR,Italian Trade Balance,Non-economic,3.78B,1.89B,1.27B,2018-12-17 04:08:00
2018-12-17,5:00am,EUR,Final Core CPI y/y,Non-economic,1.0%,1.0%,1.0%,2018-12-17 05:00:00
2018-12-17,5:00am,EUR,Final CPI y/y,Non-economic,1.9%,2.0%,2.0%,2018-12-17 05:00:00
2018-12-17,5:00am,EUR,Trade Balance,Non-economic,12.5B,14.2B,13.0B,2018-12-17 05:00:00
2018-12-17,6:00am,EUR,German Buba Monthly Report,Non-economic,,,,2018-12-17 06:00:00
2018-12-17,8:30am,CAD,Foreign Securities Purchases,Non-economic,3.98B,6.20B,7.76B,2018-12-17 08:30:00
2018-12-17,8:30am,USD,Empire State Manufacturing Index,Non-economic,10.9,20.1,23.3,2018-12-17 08:30:00
2018-12-17,10:00am,USD,NAHB Housing Market Index,Non-economic,56,61,60,2018-12-17 10:00:00
2018-12-17,10:30am,AUD,CB Leading Index m/m,Non-economic,-0.5%,,-0.1%,2018-12-17 10:30:00
2018-12-17,4:00pm,USD,TIC Long-Term Purchases,Non-economic,31.3B,22.3B,30.8B,2018-12-17 16:00:00
2018-12-17,7:00pm,NZD,ANZ Business Confidence,Medium,-24.1,,-37.1,2018-12-17 19:00:00
2018-12-17,7:30pm,AUD,Monetary Policy Meeting Minutes,Medium,,,,2018-12-17 19:30:00
2018-12-17,8:40pm,AUD,HIA New Home Sales m/m,Non-economic,3.6%,,-0.8%,2018-12-17 20:40:00
2018-12-18,1:45am,CHF,SECO Economic Forecasts,Non-economic,,,,2018-12-18 01:45:00
2018-12-18,4:00am,EUR,German ifo Business Climate,Medium,101.0,101.8,102.0,2018-12-18 04:00:00
2018-12-18,8:30am,CAD,Manufacturing Sales m/m,Non-economic,-0.1%,0.3%,0.2%,2018-12-18 08:30:00
2018-12-18,8:30am,USD,Building Permits,Medium,1.33M,1.27M,1.27M,2018-12-18 08:30:00
2018-12-18,8:30am,USD,Housing Starts,Non-economic,1.26M,1.23M,1.22M,2018-12-18 08:30:00
2018-12-18,9:26am,NZD,GDT Price Index,Non-economic,1.7%,,2.2%,2018-12-18 09:26:00
2018-12-18,3:00pm,NZD,Westpac Consumer Sentiment,Medium,109.1,,103.5,2018-12-18 15:00:00
2018-12-18,4:00pm,USD,FOMC Financial Stability Report,Non-economic,,,,2018-12-18 16:00:00
2018-12-18,4:30pm,USD,API Weekly Statistical Bulletin,Non-economic,,,,2018-12-18 16:30:00
2018-12-18,4:45pm,NZD,Current Account,Medium,-6.15B,-5.94B,-1.63B,2018-12-18 16:45:00
2018-12-18,6:30pm,AUD,MI Leading Index m/m,Non-economic,-0.1%,,0.1%,2018-12-18 18:30:00
2018-12-18,6:50pm,JPY,Trade Balance,Non-economic,-0.49T,-0.31T,-0.29T,2018-12-18 18:50:00
2018-12-19,2:00am,EUR,German PPI m/m,Non-economic,0.1%,-0.1%,0.3%,2018-12-19 02:00:00
2018-12-19,4:30am,GBP,CPI y/y,High,2.3%,2.3%,2.4%,2018-12-19 04:30:00
2018-12-19,4:30am,GBP,PPI Input m/m,Medium,-2.3%,-2.9%,0.8%,2018-12-19 04:30:00
2018-12-19,4:30am,GBP,RPI y/y,Medium,3.2%,3.2%,3.3%,2018-12-19 04:30:00
2018-12-19,4:30am,GBP,Core CPI y/y,Non-economic,1.8%,1.8%,1.9%,2018-12-19 04:30:00
2018-12-19,4:30am,GBP,HPI y/y,Non-economic,2.7%,3.3%,3.0%,2018-12-19 04:30:00
2018-12-19,4:30am,GBP,PPI Output m/m,Non-economic,0.2%,-0.1%,0.3%,2018-12-19 04:30:00
2018-12-19,6:00am,GBP,CBI Industrial Order Expectations,Non-economic,8,6,10,2018-12-19 06:00:00
2018-12-19,8:30am,CAD,CPI m/m,High,-0.4%,-0.4%,0.3%,2018-12-19 08:30:00
2018-12-19,8:30am,CAD,Common CPI y/y,Medium,1.9%,1.9%,1.9%,2018-12-19 08:30:00
2018-12-19,8:30am,CAD,Median CPI y/y,Medium,1.9%,2.0%,2.0%,2018-12-19 08:30:00
2018-12-19,8:30am,CAD,Trimmed CPI y/y,Medium,1.9%,2.1%,2.1%,2018-12-19 08:30:00
2018-12-19,8:30am,USD,Current Account,Non-economic,-125B,-125B,-101B,2018-12-19 08:30:00
2018-12-19,8:32am,CAD,Core CPI m/m,Non-economic,-0.2%,,0.4%,2018-12-19 08:32:00
2018-12-19,8:59am,EUR,Belgian NBB Business Climate,Non-economic,-0.9,-0.9,0.4,2018-12-19 08:59:00
2018-12-19,9:00am,CHF,SNB Quarterly Bulletin,Non-economic,,,,2018-12-19 09:00:00
2018-12-19,9:00am,CNY,CB Leading Index m/m,Non-economic,1.4%,,1.2%,2018-12-19 09:00:00
2018-12-19,10:00am,USD,Existing Home Sales,Non-economic,5.32M,5.20M,5.22M,2018-12-19 10:00:00
2018-12-19,10:30am,USD,Crude Oil Inventories,Non-economic,-0.5M,-2.7M,-1.2M,2018-12-19 10:30:00
2018-12-19,2:00pm,USD,Federal Funds Rate,High,2.50%,2.50%,2.25%,2018-12-19 14:00:00
2018-12-19,2:00pm,USD,FOMC Economic Projections,High,,,,2018-12-19 14:00:00
2018-12-19,2:00pm,USD,FOMC Statement,High,,,,2018-12-19 14:00:00
2018-12-19,2:30pm,USD,FOMC Press Conference,High,,,,2018-12-19 14:30:00
2018-12-19,4:45pm,NZD,GDP q/q,High,0.3%,0.6%,1.0%,2018-12-19 16:45:00
2018-12-19,4:45pm,NZD,Trade Balance,Medium,-861M,-880M,-1317M,2018-12-19 16:45:00
2018-12-19,7:30pm,AUD,Employment Change,High,37.0K,20.0K,28.7K,2018-12-19 19:30:00
2018-12-19,7:30pm,AUD,Unemployment Rate,High,5.1%,5.0%,5.0%,2018-12-19 19:30:00
2018-12-19,9:00pm,NZD,Credit Card Spending y/y,Non-economic,6.1%,,6.4%,2018-12-19 21:00:00
2018-12-19,9:52pm,JPY,Monetary Policy Statement,High,,,,2018-12-19 21:52:00
2018-12-19,9:52pm,JPY,BOJ Policy Rate,Medium,-0.10%,-0.10%,-0.10%,2018-12-19 21:52:00
2018-12-19,11:30pm,JPY,All Industries Activity m/m,Non-economic,1.9%,2.0%,-1.0%,2018-12-19 23:30:00
2018-12-20,1:30am,JPY,BOJ Press Conference,High,,,,2018-12-20 01:30:00
2018-12-20,2:00am,CHF,Trade Balance,Non-economic,4.74B,3.20B,3.52B,2018-12-20 02:00:00
2018-12-20,4:00am,EUR,Current Account,Non-economic,23.0B,18.4B,17.6B,2018-12-20 04:00:00
2018-12-20,4:30am,GBP,Retail Sales m/m,High,1.4%,0.3%,-0.4%,2018-12-20 04:30:00
2018-12-20,6:00am,GBP,CBI Realized Sales,Non-economic,-13,16,19,2018-12-20 06:00:00
2018-12-20,7:00am,GBP,Monetary Policy Summary,High,,,,2018-12-20 07:00:00
2018-12-20,7:00am,GBP,MPC Official Bank Rate Votes,High,0-0-9,0-0-9,0-0-9,2018-12-20 07:00:00
2018-12-20,7:00am,GBP,Official Bank Rate,Medium,0.75%,0.75%,0.75%,2018-12-20 07:00:00
2018-12-20,7:00am,GBP,Asset Purchase Facility,Non-economic,435B,435B,435B,2018-12-20 07:00:00
2018-12-20,7:03am,GBP,MPC Asset Purchase Facility Votes,Non-economic,0-0-9,0-0-9,0-0-9,2018-12-20 07:03:00
2018-12-20,8:30am,CAD,ADP Non-Farm Employment Change,Non-economic,39.1K,,1.8K,2018-12-20 08:30:00
2018-12-20,8:30am,CAD,Wholesale Sales m/m,Non-economic,1.0%,0.4%,-0.7%,2018-12-20 08:30:00
2018-12-20,8:30am,USD,Philly Fed Manufacturing Index,Non-economic,9.4,15.1,12.9,2018-12-20 08:30:00
2018-12-20,8:30am,USD,Unemployment Claims,Non-economic,214K,216K,206K,2018-12-20 08:30:00
2018-12-20,10:00am,USD,CB Leading Index m/m,Non-economic,0.2%,0.0%,-0.3%,2018-12-20 10:00:00
2018-12-20,10:30am,USD,Natural Gas Storage,Non-economic,-141B,-136B,-77B,2018-12-20 10:30:00
2018-12-20,6:30pm,JPY,National Core CPI y/y,Non-economic,0.9%,1.0%,1.0%,2018-12-20 18:30:00
2018-12-20,7:01pm,GBP,GfK Consumer Confidence,Non-economic,-14,-14,-13,2018-12-20 19:01:00
2018-12-21,2:00am,EUR,German GfK Consumer Climate,Non-economic,10.4,10.3,10.4,2018-12-21 02:00:00
2018-12-21,2:00am,EUR,German Import Prices m/m,Non-economic,-1.0%,-0.8%,1.0%,2018-12-21 02:00:00
2018-12-21,2:45am,EUR,French Consumer Spending m/m,Non-economic,-0.3%,0.0%,0.9%,2018-12-21 02:45:00
2018-12-21,4:30am,GBP,Current Account,High,-26.5B,-21.7B,-20.0B,2018-12-21 04:30:00
2018-12-21,4:30am,GBP,Final GDP q/q,Medium,0.6%,0.6%,0.6%,2018-12-21 04:30:00
2018-12-21,4:30am,GBP,Public Sector Net Borrowing,Medium,6.3B,7.0B,5.6B,2018-12-21 04:30:00
2018-12-21,4:30am,GBP,Revised Business Investment q/q,Non-economic,-1.1%,-1.2%,-1.2%,2018-12-21 04:30:00
2018-12-21,8:30am,CAD,Core Retail Sales m/m,High,0.0%,0.2%,0.1%,2018-12-21 08:30:00
2018-12-21,8:30am,CAD,GDP m/m,High,0.3%,0.2%,-0.1%,2018-12-21 08:30:00
2018-12-21,8:30am,CAD,Retail Sales m/m,Medium,0.3%,0.4%,0.1%,2018-12-21 08:30:00
2018-12-21,8:30am,USD,Core Durable Goods Orders m/m,High,-0.3%,0.3%,0.2%,2018-12-21 08:30:00
2018-12-21,8:30am,USD,Final GDP q/q,High,3.4%,3.5%,3.5%,2018-12-21 08:30:00
2018-12-21,8:30am,USD,Durable Goods Orders m/m,Medium,0.8%,1.6%,-4.3%,2018-12-21 08:30:00
2018-12-21,8:30am,USD,Final GDP Price Index q/q,Non-economic,1.8%,1.7%,1.7%,2018-12-21 08:30:00
2018-12-21,9:48am,EUR,Consumer Confidence,Non-economic,-6,-4,-4,2018-12-21 09:48:00
2018-12-21,10:00am,CAD,BOC Business Outlook Survey,High,,,,2018-12-21 10:00:00
2018-12-21,10:00am,USD,Core PCE Price Index m/m,Medium,0.1%,0.2%,0.1%,2018-12-21 10:00:00
2018-12-21,10:00am,USD,Personal Spending m/m,Medium,0.4%,0.3%,0.8%,2018-12-21 10:00:00
2018-12-21,10:00am,USD,Revised UoM Consumer Sentiment,Medium,98.3,97.6,97.5,2018-12-21 10:00:00
2018-12-21,10:00am,USD,Personal Income m/m,Non-economic,0.2%,0.3%,0.5%,2018-12-21 10:00:00
2018-12-21,10:00am,USD,Revised UoM Inflation Expectations,Non-economic,2.7%,,2.7%,2018-12-21 10:00:00
2018-12-23,All Day,JPY,Bank Holiday,Low,,,,2018-12-23 00:00:00
2018-12-24,All Day,EUR,German Bank Holiday,Low,,,,2018-12-24 00:00:00
2018-12-24,All Day,NZD,Bank Holiday,Low,,,,2018-12-24 00:00:00
2018-12-24,All Day,AUD,Bank Holiday,Low,,,,2018-12-24 00:00:00
2018-12-24,6:50pm,JPY,SPPI y/y,Non-economic,1.2%,1.3%,1.3%,2018-12-24 18:50:00
2018-12-25,All Day,CHF,Bank Holiday,Low,,,,2018-12-25 00:00:00
2018-12-25,All Day,EUR,French Bank Holiday,Low,,,,2018-12-25 00:00:00
2018-12-25,All Day,EUR,German Bank Holiday,Low,,,,2018-12-25 00:00:00
2018-12-25,All Day,EUR,Italian Bank Holiday,Low,,,,2018-12-25 00:00:00
2018-12-25,All Day,GBP,Bank Holiday,Low,,,,2018-12-25 00:00:00
2018-12-25,All Day,CAD,Bank Holiday,Low,,,,2018-12-25 00:00:00
2018-12-25,All Day,USD,Bank Holiday,Low,,,,2018-12-25 00:00:00
2018-12-25,All Day,NZD,Bank Holiday,Low,,,,2018-12-25 00:00:00
2018-12-25,All Day,AUD,Bank Holiday,Low,,,,2018-12-25 00:00:00
2018-12-25,6:50pm,JPY,Monetary Policy Meeting Minutes,Non-economic,,,,2018-12-25 18:50:00
2018-12-25,11:00pm,JPY,BOJ Gov Kuroda Speaks,Medium,,,,2018-12-25 23:00:00
2018-12-26,12:00am,JPY,BOJ Core CPI y/y,Non-economic,0.5%,0.6%,0.6%,2018-12-26 00:00:00
2018-12-26,All Day,CHF,Bank Holiday,Low,,,,2018-12-26 00:00:00
2018-12-26,All Day,EUR,German Bank Holiday,Low,,,,2018-12-26 00:00:00
2018-12-26,All Day,EUR,Italian Bank Holiday,Low,,,,2018-12-26 00:00:00
2018-12-26,All Day,GBP,Bank Holiday,Low,,,,2018-12-26 00:00:00
2018-12-26,All Day,CAD,Bank Holiday,Low,,,,2018-12-26 00:00:00
2018-12-26,9:00am,USD,S&P/CS Composite-20 HPI y/y,Non-economic,5.0%,4.8%,5.2%,2018-12-26 09:00:00
2018-12-26,9:59am,USD,Richmond Manufacturing Index,Non-economic,-8,16,14,2018-12-26 09:59:00
2018-12-27,12:00am,JPY,Housing Starts y/y,Non-economic,-0.6%,-0.2%,0.3%,2018-12-27 00:00:00
2018-12-27,4:00am,CHF,UBS Economic Expectations,Non-economic,-22.2,,-42.3,2018-12-27 04:00:00
2018-12-27,4:00am,EUR,ECB Economic Bulletin,Non-economic,,,,2018-12-27 04:00:00
2018-12-27,8:30am,USD,Unemployment Claims,Non-economic,216K,217K,217K,2018-12-27 08:30:00
2018-12-27,9:00am,USD,HPI m/m,Non-economic,0.3%,0.3%,0.2%,2018-12-27 09:00:00
2018-12-27,10:00am,USD,CB Consumer Confidence,High,128.1,133.7,136.4,2018-12-27 10:00:00
2018-12-27,4:30pm,USD,API Weekly Statistical Bulletin,Non-economic,,,,2018-12-27 16:30:00
2018-12-27,6:30pm,JPY,Tokyo Core CPI y/y,Non-economic,0.9%,0.9%,1.0%,2018-12-27 18:30:00
2018-12-27,6:30pm,JPY,Unemployment Rate,Non-economic,2.5%,2.4%,2.4%,2018-12-27 18:30:00
2018-12-27,6:50pm,JPY,BOJ Summary of Opinions,Non-economic,,,,2018-12-27 18:50:00
2018-12-27,6:50pm,JPY,Prelim Industrial Production m/m,Non-economic,-1.1%,-1.7%,2.9%,2018-12-27 18:50:00
2018-12-27,6:50pm,JPY,Retail Sales y/y,Non-economic,1.4%,2.1%,3.6%,2018-12-27 18:50:00
2018-12-28,All Day,EUR,German Prelim CPI m/m,Medium,0.1%,0.3%,0.1%,2018-12-28 00:00:00
2018-12-28,3:00am,CHF,KOF Economic Barometer,Medium,96.3,98.7,98.9,2018-12-28 03:00:00
2018-12-28,3:00am,EUR,Spanish Flash CPI y/y,Non-economic,1.2%,1.6%,1.7%,2018-12-28 03:00:00
2018-12-28,4:30am,GBP,High Street Lending,Non-economic,39.4K,38.9K,39.6K,2018-12-28 04:30:00
2018-12-28,5:35am,EUR,Italian 10-y Bond Auction,Non-economic,2.70|1.5,,3.24|1.4,2018-12-28 05:35:00
2018-12-28,9:45am,USD,Chicago PMI,Medium,65.4,61.4,66.4,2018-12-28 09:45:00
2018-12-28,10:00am,USD,Pending Home Sales m/m,Non-economic,-0.7%,0.9%,-2.6%,2018-12-28 10:00:00
2018-12-28,10:30am,USD,Natural Gas Storage,Non-economic,-48B,-50B,-141B,2018-12-28 10:30:00
2018-12-28,11:00am,USD,Crude Oil Inventories,Non-economic,0.0M,-2.9M,-0.5M,2018-12-28 11:00:00
2018-12-30,All Day,JPY,Bank Holiday,Low,,,,2018-12-30 00:00:00
2018-12-30,7:30pm,AUD,Private Sector Credit m/m,Non-economic,0.3%,0.3%,0.4%,2018-12-30 19:30:00
2018-12-30,8:00pm,CNY,Manufacturing PMI,Medium,49.4,50.0,50.0,2018-12-30 20:00:00
2018-12-30,8:00pm,CNY,Non-Manufacturing PMI,Non-economic,53.8,53.2,53.4,2018-12-30 20:00:00
2018-12-31,All Day,EUR,German Bank Holiday,Low,,,,2018-12-31 00:00:00
2018-12-31,4:30am,GBP,Housing Equity Withdrawal q/q,Non-economic,-8.5B,-6.0B,-6.4B,2018-12-31 04:30:00
2018-12-31,All Day,NZD,Bank Holiday,Low,,,,2018-12-31 00:00:00
2018-12-31,All Day,AUD,Bank Holiday,Low,,,,2018-12-31 00:00:00
2018-12-31,All Day,JPY,Bank Holiday,Low,,,,2018-12-31 00:00:00
2018-12-31,All Day,CNY,Bank Holiday,Low,,,,2018-12-31 00:00:00
2018-01-01,All Day,CHF,Bank Holiday,Low,,,,2018-01-01 00:00:00
2018-01-01,All Day,EUR,French Bank Holiday,Low,,,,2018-01-01 00:00:00
2018-01-01,All Day,EUR,German Bank Holiday,Low,,,,2018-01-01 00:00:00
2018-01-01,All Day,EUR,Italian Bank Holiday,Low,,,,2018-01-01 00:00:00
2018-01-01,All Day,GBP,Bank Holiday,Low,,,,2018-01-01 00:00:00
2018-01-01,All Day,CAD,Bank Holiday,Low,,,,2018-01-01 00:00:00
2018-01-01,All Day,USD,Bank Holiday,Low,,,,2018-01-01 00:00:00
2018-01-01,All Day,NZD,Bank Holiday,Low,,,,2018-01-01 00:00:00
2018-01-01,All Day,JPY,Bank Holiday,Low,,,,2018-01-01 00:00:00
2018-01-01,8:45pm,CNY,RatingDog Manufacturing PMI,Non-economic,49.7,50.1,50.2,2018-01-01 20:45:00
2018-01-02,12:30am,AUD,Commodity Prices y/y,Non-economic,10.5%,,13.4%,2018-01-02 00:30:00
2018-01-02,All Day,CHF,Bank Holiday,Low,,,,2018-01-02 00:00:00
2018-01-02,3:15am,EUR,Spanish Manufacturing PMI,Non-economic,51.1,52.4,52.6,2018-01-02 03:15:00
2018-01-02,3:45am,EUR,Italian Manufacturing PMI,Non-economic,49.2,48.5,48.6,2018-01-02 03:45:00
2018-01-02,3:50am,EUR,French Final Manufacturing PMI,Non-economic,49.7,49.7,49.7,2018-01-02 03:50:00
2018-01-02,3:55am,EUR,German Final Manufacturing PMI,Non-economic,51.5,51.5,51.5,2018-01-02 03:55:00
2018-01-02,4:00am,EUR,Final Manufacturing PMI,Non-economic,51.4,51.4,51.4,2018-01-02 04:00:00
2018-01-02,4:30am,GBP,Final Manufacturing PMI,Medium,54.2,52.5,53.6,2018-01-02 04:30:00
2018-01-02,9:30am,CAD,Manufacturing PMI,Non-economic,53.6,,54.9,2018-01-02 09:30:00
2018-01-02,9:45am,USD,Final Manufacturing PMI,Non-economic,53.8,53.9,53.9,2018-01-02 09:45:00
2018-01-02,9:56am,NZD,GDT Price Index,Non-economic,2.8%,,1.7%,2018-01-02 09:56:00
2018-01-02,All Day,JPY,Bank Holiday,Low,,,,2018-01-02 00:00:00
2018-01-03,3:00am,EUR,Spanish Unemployment Change,Non-economic,-50.6K,-56.3K,-1.8K,2018-01-03 03:00:00
2018-01-03,3:30am,CHF,Manufacturing PMI,Non-economic,57.8,57.0,57.7,2018-01-03 03:30:00
2018-01-03,4:00am,EUR,M3 Money Supply y/y,Non-economic,3.7%,3.8%,3.9%,2018-01-03 04:00:00
2018-01-03,4:07am,EUR,Private Loans y/y,Non-economic,3.3%,3.3%,3.2%,2018-01-03 04:07:00
2018-01-03,4:30am,GBP,Construction PMI,Non-economic,52.8,52.9,53.4,2018-01-03 04:30:00
2018-01-03,4:55am,EUR,Spanish 10-y Bond Auction,Non-economic,1.40|1.3,,1.46|1.9,2018-01-03 04:55:00
2018-01-03,7:30am,USD,Challenger Job Cuts y/y,Non-economic,35.3%,,51.5%,2018-01-03 07:30:00
2018-01-03,8:15am,USD,ADP Non-Farm Employment Change,Medium,271K,179K,157K,2018-01-03 08:15:00
2018-01-03,8:30am,USD,Unemployment Claims,Non-economic,231K,220K,221K,2018-01-03 08:30:00
2018-01-03,10:00am,USD,ISM Manufacturing PMI,High,54.1,57.7,59.3,2018-01-03 10:00:00
2018-01-03,10:00am,USD,ISM Manufacturing Prices,Non-economic,54.9,57.9,60.7,2018-01-03 10:00:00
2018-01-03,All Day,USD,Total Vehicle Sales,Non-economic,17.6M,17.2M,17.5M,2018-01-03 00:00:00
2018-01-03,All Day,USD,Wards Total Vehicle Sales,Non-economic,17.5M,17.2M,17.4M,2018-01-03 00:00:00
2018-01-03,4:30pm,USD,API Weekly Statistical Bulletin,Non-economic,,,,2018-01-03 16:30:00
2018-01-03,7:01pm,GBP,BRC Shop Price Index y/y,Non-economic,0.3%,,0.1%,2018-01-03 19:01:00
2018-01-03,7:30pm,JPY,Final Manufacturing PMI,Non-economic,52.6,52.4,52.4,2018-01-03 19:30:00
2018-01-03,8:45pm,CNY,RatingDog Services PMI,Medium,53.9,52.9,53.8,2018-01-03 20:45:00
2018-01-04,1:59am,GBP,Nationwide HPI m/m,Non-economic,-0.7%,0.1%,0.4%,2018-01-04 01:59:00
2018-01-04,2:45am,EUR,French Prelim CPI m/m,Non-economic,0.0%,0.1%,-0.2%,2018-01-04 02:45:00
2018-01-04,3:15am,EUR,Spanish Services PMI,Non-economic,54.0,53.8,54.0,2018-01-04 03:15:00
2018-01-04,3:45am,EUR,Italian Services PMI,Non-economic,50.5,50.2,50.3,2018-01-04 03:45:00
2018-01-04,3:50am,EUR,French Final Services PMI,Non-economic,49.0,49.7,49.6,2018-01-04 03:50:00
2018-01-04,3:55am,EUR,German Final Services PMI,Non-economic,51.8,52.5,52.5,2018-01-04 03:55:00
2018-01-04,3:55am,EUR,German Unemployment Change,Non-economic,-14K,-12K,-16K,2018-01-04 03:55:00
2018-01-04,4:00am,EUR,Final Services PMI,Non-economic,51.2,51.4,51.4,2018-01-04 04:00:00
2018-01-04,4:30am,GBP,Final Services PMI,Medium,51.2,50.7,50.4,2018-01-04 04:30:00
2018-01-04,4:30am,GBP,Net Lending to Individuals m/m,Medium,4.4B,4.9B,4.8B,2018-01-04 04:30:00
2018-01-04,4:30am,GBP,M4 Money Supply m/m,Non-economic,0.0%,0.6%,0.7%,2018-01-04 04:30:00
2018-01-04,4:30am,GBP,Mortgage Approvals,Non-economic,64K,66K,67K,2018-01-04 04:30:00
2018-01-04,5:00am,EUR,Core CPI Flash Estimate y/y,Medium,1.0%,1.0%,1.0%,2018-01-04 05:00:00
2018-01-04,5:00am,EUR,CPI Flash Estimate y/y,Medium,1.6%,1.8%,1.9%,2018-01-04 05:00:00
2018-01-04,5:00am,EUR,PPI m/m,Non-economic,-0.3%,-0.2%,0.8%,2018-01-04 05:00:00
2018-01-04,5:00am,EUR,Italian Prelim CPI m/m,Non-economic,-0.1%,0.1%,-0.2%,2018-01-04 05:00:00
2018-01-04,8:30am,CAD,Employment Change,High,9.3K,6.8K,94.1K,2018-01-04 08:30:00
2018-01-04,8:30am,CAD,Unemployment Rate,High,5.6%,5.7%,5.6%,2018-01-04 08:30:00
2018-01-04,8:30am,CAD,RMPI m/m,Medium,-11.7%,0.4%,-2.3%,2018-01-04 08:30:00
2018-01-04,8:30am,CAD,IPPI m/m,Non-economic,-0.8%,0.1%,0.2%,2018-01-04 08:30:00
2018-01-04,8:30am,USD,Average Hourly Earnings m/m,High,0.4%,0.3%,0.2%,2018-01-04 08:30:00
2018-01-04,8:30am,USD,Non-Farm Employment Change,High,312K,179K,176K,2018-01-04 08:30:00
2018-01-04,8:30am,USD,Unemployment Rate,High,3.9%,3.7%,3.7%,2018-01-04 08:30:00
2018-01-04,9:45am,USD,Final Services PMI,Non-economic,54.4,53.5,53.4,2018-01-04 09:45:00
2018-01-04,10:15am,USD,Fed Chairman Powell Speaks,High,,,,2018-01-04 10:15:00
2018-01-04,10:30am,USD,Natural Gas Storage,Non-economic,-20B,-43B,-48B,2018-01-04 10:30:00
2018-01-04,11:00am,USD,Crude Oil Inventories,Non-economic,0.0M,-2.8M,0.0M,2018-01-04 11:00:00
2018-01-06,4:30pm,AUD,AIG Manufacturing Index,Non-economic,49.5,,51.3,2018-01-06 16:30:00
2018-01-06,6:50pm,JPY,Monetary Base y/y,Non-economic,4.8%,5.8%,6.1%,2018-01-06 18:50:00
