Date,Time,Currency,Event,Impact,Actual,Forecast,Previous,Combined DateTime
2020-01-01,All Day,CHF,Bank Holiday,Low,,,,2020-01-01 00:00:00
2020-01-01,All Day,EUR,French Bank Holiday,Low,,,,2020-01-01 00:00:00
2020-01-01,All Day,EUR,German Bank Holiday,Low,,,,2020-01-01 00:00:00
2020-01-01,All Day,EUR,Italian Bank Holiday,Low,,,,2020-01-01 00:00:00
2020-01-01,All Day,GBP,Bank Holiday,Low,,,,2020-01-01 00:00:00
2020-01-01,All Day,CAD,Bank Holiday,Low,,,,2020-01-01 00:00:00
2020-01-01,All Day,USD,Bank Holiday,Low,,,,2020-01-01 00:00:00
2020-01-01,All Day,NZD,Bank Holiday,Low,,,,2020-01-01 00:00:00
2020-01-01,All Day,JPY,Bank Holiday,Low,,,,2020-01-01 00:00:00
2020-01-01,8:45pm,CNY,RatingDog Manufacturing PMI,High,51.5,51.7,51.8,2020-01-01 20:45:00
2020-01-02,12:30am,AUD,Commodity Prices y/y,Non-economic,-2.1%,,-4.7%,2020-01-02 00:30:00
2020-01-02,All Day,CHF,Bank Holiday,Low,,,,2020-01-02 00:00:00
2020-01-02,3:15am,EUR,Spanish Manufacturing PMI,Non-economic,47.4,46.9,47.5,2020-01-02 03:15:00
2020-01-02,3:45am,EUR,Italian Manufacturing PMI,Non-economic,46.2,47.3,47.6,2020-01-02 03:45:00
2020-01-02,3:50am,EUR,French Final Manufacturing PMI,Non-economic,50.4,50.3,50.3,2020-01-02 03:50:00
2020-01-02,3:55am,EUR,German Final Manufacturing PMI,Non-economic,43.7,43.4,43.4,2020-01-02 03:55:00
2020-01-02,4:00am,EUR,Final Manufacturing PMI,Non-economic,46.3,45.9,45.9,2020-01-02 04:00:00
2020-01-02,4:30am,GBP,Final Manufacturing PMI,Medium,47.5,47.6,47.4,2020-01-02 04:30:00
2020-01-02,7:30am,USD,Challenger Job Cuts y/y,Non-economic,-25.2%,,-16.0%,2020-01-02 07:30:00
2020-01-02,8:30am,USD,Unemployment Claims,Non-economic,222K,222K,224K,2020-01-02 08:30:00
2020-01-02,9:30am,CAD,Manufacturing PMI,Non-economic,50.4,,51.4,2020-01-02 09:30:00
2020-01-02,9:45am,USD,Final Manufacturing PMI,Non-economic,52.4,52.5,52.5,2020-01-02 09:45:00
2020-01-02,All Day,JPY,Bank Holiday,Low,,,,2020-01-02 00:00:00
2020-01-02,7:01pm,GBP,BRC Shop Price Index y/y,Non-economic,-0.4%,,-0.5%,2020-01-02 19:01:00
2020-01-03,2:00am,GBP,Nationwide HPI m/m,Non-economic,0.1%,0.0%,0.5%,2020-01-03 02:00:00
2020-01-03,All Day,EUR,German Prelim CPI m/m,Non-economic,0.5%,0.4%,-0.8%,2020-01-03 00:00:00
2020-01-03,2:45am,EUR,French Prelim CPI m/m,Non-economic,0.4%,0.3%,0.1%,2020-01-03 02:45:00
2020-01-03,3:00am,EUR,Spanish Unemployment Change,Non-economic,-34.6K,-40.2K,20.5K,2020-01-03 03:00:00
2020-01-03,3:30am,CHF,Manufacturing PMI,Non-economic,50.2,48.7,48.8,2020-01-03 03:30:00
2020-01-03,3:55am,EUR,German Unemployment Change,Non-economic,8K,3K,-14K,2020-01-03 03:55:00
2020-01-03,4:00am,EUR,M3 Money Supply y/y,Non-economic,5.6%,5.7%,5.7%,2020-01-03 04:00:00
2020-01-03,4:00am,EUR,Private Loans y/y,Non-economic,3.5%,3.6%,3.5%,2020-01-03 04:00:00
2020-01-03,4:30am,GBP,Construction PMI,Non-economic,44.4,45.8,45.3,2020-01-03 04:30:00
2020-01-03,4:30am,GBP,M4 Money Supply m/m,Non-economic,0.8%,0.2%,0.0%,2020-01-03 04:30:00
2020-01-03,4:30am,GBP,Mortgage Approvals,Non-economic,65K,65K,65K,2020-01-03 04:30:00
2020-01-03,4:30am,GBP,Net Lending to Individuals m/m,Non-economic,4.5B,5.1B,5.6B,2020-01-03 04:30:00
2020-01-03,10:00am,USD,ISM Manufacturing PMI,High,47.2,49.0,48.1,2020-01-03 10:00:00
2020-01-03,10:00am,USD,Construction Spending m/m,Non-economic,0.6%,0.4%,0.1%,2020-01-03 10:00:00
2020-01-03,10:00am,USD,ISM Manufacturing Prices,Non-economic,51.7,47.7,46.7,2020-01-03 10:00:00
2020-01-03,All Day,USD,Wards Total Vehicle Sales,Non-economic,16.7M,17.0M,17.1M,2020-01-03 00:00:00
2020-01-03,10:30am,USD,Natural Gas Storage,Non-economic,-58B,-60B,-161B,2020-01-03 10:30:00
2020-01-03,11:00am,USD,Crude Oil Inventories,Medium,-11.5M,-3.1M,-5.5M,2020-01-03 11:00:00
2020-01-03,1:15pm,CAD,Gov Council Member Wilkins Speaks,Non-economic,,,,2020-01-03 13:15:00
2020-01-03,1:15pm,USD,FOMC Member Brainard Speaks,Non-economic,,,,2020-01-03 13:15:00
2020-01-03,2:00pm,USD,FOMC Meeting Minutes,High,,,,2020-01-03 14:00:00
2020-01-03,3:30pm,USD,FOMC Member Kaplan Speaks,Medium,,,,2020-01-03 15:30:00
2020-01-05,1:15pm,CAD,Gov Council Member Wilkins Speaks,Medium,,,,2020-01-05 13:15:00
2020-01-05,1:15pm,GBP,MPC Member Broadbent Speaks,Medium,,,,2020-01-05 13:15:00
2020-01-05,1:15pm,USD,FOMC Member Williams Speaks,Medium,,,,2020-01-05 13:15:00
2020-01-05,4:30pm,AUD,AIG Manufacturing Index,Non-economic,48.3,,48.1,2020-01-05 16:30:00
2020-01-05,7:30pm,JPY,Final Manufacturing PMI,Non-economic,48.4,48.8,48.8,2020-01-05 19:30:00
2020-01-05,8:45pm,CNY,RatingDog Services PMI,Non-economic,52.5,53.2,53.5,2020-01-05 20:45:00
2020-01-06,2:00am,EUR,German Retail Sales m/m,Non-economic,2.1%,1.1%,-1.3%,2020-01-06 02:00:00
2020-01-06,All Day,EUR,Italian Bank Holiday,Low,,,,2020-01-06 00:00:00
2020-01-06,3:15am,EUR,Spanish Services PMI,Non-economic,54.9,53.9,53.2,2020-01-06 03:15:00
2020-01-06,3:45am,EUR,Italian Services PMI,Non-economic,51.1,50.9,50.4,2020-01-06 03:45:00
2020-01-06,3:50am,EUR,French Final Services PMI,Non-economic,52.4,52.4,52.4,2020-01-06 03:50:00
2020-01-06,3:55am,EUR,German Final Services PMI,Non-economic,52.9,52.0,52.0,2020-01-06 03:55:00
2020-01-06,4:00am,EUR,Final Services PMI,Non-economic,52.8,52.4,52.4,2020-01-06 04:00:00
2020-01-06,4:30am,EUR,Sentix Investor Confidence,Non-economic,7.6,3.0,0.7,2020-01-06 04:30:00
2020-01-06,4:30am,GBP,Final Services PMI,Non-economic,50.0,49.1,49.0,2020-01-06 04:30:00
2020-01-06,5:00am,EUR,PPI m/m,Non-economic,0.2%,0.1%,0.0%,2020-01-06 05:00:00
2020-01-06,8:30am,CAD,RMPI m/m,Medium,1.5%,1.5%,-1.9%,2020-01-06 08:30:00
2020-01-06,8:30am,CAD,IPPI m/m,Non-economic,0.1%,0.4%,0.0%,2020-01-06 08:30:00
2020-01-06,9:45am,USD,Final Services PMI,Non-economic,52.8,52.2,52.2,2020-01-06 09:45:00
2020-01-06,6:50pm,JPY,Monetary Base y/y,Non-economic,3.2%,3.6%,3.3%,2020-01-06 18:50:00
2020-01-06,7:30pm,AUD,ANZ Job Advertisements m/m,Non-economic,-6.7%,,-1.8%,2020-01-06 19:30:00
2020-01-06,10:35pm,JPY,10-y Bond Auction,Non-economic,-0.01|3.7,,-0.04|3.3,2020-01-06 22:35:00
2020-01-07,2:30am,CHF,CPI m/m,Medium,0.0%,-0.1%,-0.1%,2020-01-07 02:30:00
2020-01-07,4:55am,GBP,Housing Equity Withdrawal q/q,Non-economic,-6.3B,-7.2B,-7.6B,2020-01-07 04:55:00
2020-01-07,5:00am,EUR,CPI Flash Estimate y/y,Medium,1.3%,1.3%,1.0%,2020-01-07 05:00:00
2020-01-07,5:00am,EUR,Core CPI Flash Estimate y/y,Non-economic,1.3%,1.3%,1.3%,2020-01-07 05:00:00
2020-01-07,5:00am,EUR,Italian Prelim CPI m/m,Non-economic,0.2%,0.2%,-0.2%,2020-01-07 05:00:00
2020-01-07,5:00am,EUR,Retail Sales m/m,Non-economic,1.0%,0.6%,-0.3%,2020-01-07 05:00:00
2020-01-07,5:34am,GBP,10-y Bond Auction,Non-economic,0.79|2.5,,0.74|2.2,2020-01-07 05:34:00
2020-01-07,8:30am,CAD,Trade Balance,Medium,-1.1B,-0.8B,-1.6B,2020-01-07 08:30:00
2020-01-07,8:30am,USD,Trade Balance,Non-economic,-43.1B,-44.5B,-46.9B,2020-01-07 08:30:00
2020-01-07,9:37am,NZD,GDT Price Index,Non-economic,2.8%,,-5.1%,2020-01-07 09:37:00
2020-01-07,10:00am,CAD,Ivey PMI,Non-economic,51.9,60.2,60.0,2020-01-07 10:00:00
2020-01-07,10:00am,USD,ISM Services PMI,High,55.0,54.5,53.9,2020-01-07 10:00:00
2020-01-07,10:00am,USD,Factory Orders m/m,Non-economic,-0.7%,-0.6%,0.2%,2020-01-07 10:00:00
2020-01-07,4:30pm,AUD,AIG Construction Index,Non-economic,38.9,,40.0,2020-01-07 16:30:00
2020-01-07,4:30pm,USD,API Weekly Statistical Bulletin,Non-economic,,,,2020-01-07 16:30:00
2020-01-07,6:30pm,JPY,Average Cash Earnings y/y,Non-economic,-0.2%,-0.2%,0.0%,2020-01-07 18:30:00
2020-01-07,7:30pm,AUD,Building Approvals m/m,High,11.8%,2.1%,-7.9%,2020-01-07 19:30:00
2020-01-08,12:02am,JPY,Consumer Confidence,Non-economic,39.1,39.6,38.7,2020-01-08 00:02:00
2020-01-08,2:00am,EUR,German Factory Orders m/m,Non-economic,-1.3%,0.2%,0.2%,2020-01-08 02:00:00
2020-01-08,2:45am,EUR,French Trade Balance,Non-economic,-5.6B,-5.0B,-4.9B,2020-01-08 02:45:00
2020-01-08,3:30am,GBP,Halifax HPI m/m,Non-economic,1.7%,0.6%,1.2%,2020-01-08 03:30:00
2020-01-08,5:36am,EUR,German 10-y Bond Auction,Non-economic,-0.25|1.2,,-0.33|1.9,2020-01-08 05:36:00
2020-01-08,8:15am,USD,ADP Non-Farm Employment Change,High,202K,160K,124K,2020-01-08 08:15:00
2020-01-08,10:00am,USD,FOMC Member Brainard Speaks,Non-economic,,,,2020-01-08 10:00:00
2020-01-08,10:30am,USD,Crude Oil Inventories,Medium,1.2M,-3.4M,-11.5M,2020-01-08 10:30:00
2020-01-08,11:26am,USD,President Trump Speaks,High,,,,2020-01-08 11:26:00
2020-01-08,1:01pm,USD,10-y Bond Auction,Non-economic,1.87|2.4,,1.84|2.4,2020-01-08 13:01:00
2020-01-08,3:00pm,USD,Consumer Credit m/m,Non-economic,12.5B,15.5B,19.0B,2020-01-08 15:00:00
2020-01-08,7:00pm,NZD,ANZ Commodity Prices m/m,Non-economic,-2.8%,,4.3%,2020-01-08 19:00:00
2020-01-08,7:01pm,GBP,BRC Retail Sales Monitor y/y,Non-economic,1.7%,-0.5%,-4.9%,2020-01-08 19:01:00
2020-01-08,7:30pm,AUD,Goods Trade Balance,High,5.80B,4.10B,4.08B,2020-01-08 19:30:00
2020-01-08,8:30pm,CNY,CPI y/y,Medium,4.5%,4.7%,4.5%,2020-01-08 20:30:00
2020-01-08,8:30pm,CNY,PPI y/y,Non-economic,-0.5%,-0.4%,-1.4%,2020-01-08 20:30:00
2020-01-08,10:35pm,JPY,30-y Bond Auction,Non-economic,0.43|3.7,,0.43|3.7,2020-01-08 22:35:00
2020-01-09,2:00am,EUR,German Industrial Production m/m,Non-economic,1.1%,0.9%,-1.0%,2020-01-09 02:00:00
2020-01-09,2:00am,EUR,German Trade Balance,Non-economic,18.3B,20.9B,20.4B,2020-01-09 02:00:00
2020-01-09,2:30am,CHF,Retail Sales y/y,Non-economic,0.0%,0.5%,0.4%,2020-01-09 02:30:00
2020-01-09,3:00am,CHF,Foreign Currency Reserves,Non-economic,771B,,783B,2020-01-09 03:00:00
2020-01-09,4:00am,EUR,Italian Monthly Unemployment Rate,Non-economic,9.7%,9.8%,9.7%,2020-01-09 04:00:00
2020-01-09,4:30am,GBP,BOE Gov Carney Speaks,High,,,,2020-01-09 04:30:00
2020-01-09,5:00am,EUR,Unemployment Rate,Non-economic,7.5%,7.5%,7.5%,2020-01-09 05:00:00
2020-01-09,5:04am,EUR,French 10-y Bond Auction,Non-economic,0.04|1.7,,-0.08|2.0,2020-01-09 05:04:00
2020-01-09,8:00am,USD,FOMC Member Clarida Speaks,Medium,,,,2020-01-09 08:00:00
2020-01-09,8:13am,CAD,Housing Starts,Non-economic,197K,212K,204K,2020-01-09 08:13:00
2020-01-09,8:30am,CAD,Building Permits m/m,Non-economic,-2.4%,1.0%,-1.5%,2020-01-09 08:30:00
2020-01-09,8:30am,USD,Unemployment Claims,Non-economic,214K,221K,223K,2020-01-09 08:30:00
2020-01-09,9:30am,USD,FOMC Member Kashkari Speaks,Medium,,,,2020-01-09 09:30:00
2020-01-09,10:30am,USD,Natural Gas Storage,Non-economic,-44B,-51B,-58B,2020-01-09 10:30:00
2020-01-09,11:30am,USD,FOMC Member Williams Speaks,Non-economic,,,,2020-01-09 11:30:00
2020-01-09,1:01pm,USD,30-y Bond Auction,Medium,2.34|2.5,,2.31|2.5,2020-01-09 13:01:00
2020-01-09,1:45pm,CAD,BOC Gov Poloz Speaks,High,,,,2020-01-09 13:45:00
2020-01-09,2:10pm,EUR,German Buba President Weidmann Speaks,Non-economic,,,,2020-01-09 14:10:00
2020-01-09,4:30pm,AUD,AIG Services Index,Non-economic,48.7,,53.7,2020-01-09 16:30:00
2020-01-09,6:30pm,JPY,Household Spending y/y,Non-economic,-2.0%,-2.0%,-5.1%,2020-01-09 18:30:00
2020-01-09,7:30pm,AUD,Retail Sales m/m,High,0.9%,0.4%,0.1%,2020-01-09 19:30:00
2020-01-10,12:00am,JPY,Leading Indicators,Non-economic,90.9%,90.9%,91.6%,2020-01-10 00:00:00
2020-01-10,1:45am,CHF,Unemployment Rate,Non-economic,2.3%,2.3%,2.3%,2020-01-10 01:45:00
2020-01-10,2:45am,EUR,French Industrial Production m/m,Non-economic,0.3%,0.1%,0.5%,2020-01-10 02:45:00
2020-01-10,4:00am,EUR,Italian Industrial Production m/m,Non-economic,0.1%,0.0%,-0.3%,2020-01-10 04:00:00
2020-01-10,4:30am,GBP,MPC Member Tenreyro Speaks,Non-economic,,,,2020-01-10 04:30:00
2020-01-10,8:30am,CAD,Employment Change,High,35.2K,24.9K,-71.2K,2020-01-10 08:30:00
2020-01-10,8:30am,CAD,Unemployment Rate,High,5.6%,5.8%,5.9%,2020-01-10 08:30:00
2020-01-10,8:30am,USD,Average Hourly Earnings m/m,High,0.1%,0.3%,0.3%,2020-01-10 08:30:00
2020-01-10,8:30am,USD,Non-Farm Employment Change,High,145K,162K,256K,2020-01-10 08:30:00
2020-01-10,8:30am,USD,Unemployment Rate,High,3.5%,3.5%,3.5%,2020-01-10 08:30:00
2020-01-10,10:00am,USD,Final Wholesale Inventories m/m,Non-economic,-0.1%,0.0%,0.0%,2020-01-10 10:00:00
2020-01-12,7:00pm,AUD,MI Inflation Gauge m/m,Non-economic,0.3%,,0.0%,2020-01-12 19:00:00
2020-01-12,All Day,JPY,Bank Holiday,Low,,,,2020-01-12 00:00:00
2020-01-13,2:00am,EUR,German WPI m/m,Non-economic,0.0%,0.2%,-0.1%,2020-01-13 02:00:00
2020-01-13,4:00am,EUR,Italian Retail Sales m/m,Non-economic,-0.2%,0.1%,-0.3%,2020-01-13 04:00:00
2020-01-13,4:30am,GBP,GDP m/m,Medium,-0.3%,0.0%,0.1%,2020-01-13 04:30:00
2020-01-13,4:30am,GBP,Manufacturing Production m/m,Medium,-1.7%,-0.3%,0.5%,2020-01-13 04:30:00
2020-01-13,4:30am,GBP,Construction Output m/m,Non-economic,1.9%,0.6%,-2.2%,2020-01-13 04:30:00
2020-01-13,4:30am,GBP,Goods Trade Balance,Non-economic,-5.3B,-11.8B,-10.9B,2020-01-13 04:30:00
2020-01-13,4:30am,GBP,Index of Services 3m/3m,Non-economic,0.1%,0.2%,0.3%,2020-01-13 04:30:00
2020-01-13,4:30am,GBP,Industrial Production m/m,Non-economic,-1.2%,-0.1%,0.4%,2020-01-13 04:30:00
2020-01-13,9:49am,GBP,NIESR GDP Estimate,Non-economic,0.0%,,0.1%,2020-01-13 09:49:00
2020-01-13,10:30am,CAD,BOC Business Outlook Survey,High,,,,2020-01-13 10:30:00
2020-01-13,2:00pm,USD,Federal Budget Balance,Non-economic,-13.3B,5.0B,-208.8B,2020-01-13 14:00:00
2020-01-13,4:00pm,NZD,NZIER Business Confidence,High,-21,,-40,2020-01-13 16:00:00
2020-01-13,4:45pm,NZD,Building Consents m/m,Non-economic,-8.5%,,-1.3%,2020-01-13 16:45:00
2020-01-13,5:00pm,USD,Treasury Currency Report,Medium,,,,2020-01-13 17:00:00
2020-01-13,6:50pm,JPY,Bank Lending y/y,Non-economic,1.8%,2.1%,2.1%,2020-01-13 18:50:00
2020-01-13,6:50pm,JPY,Current Account,Non-economic,1.79T,1.78T,1.73T,2020-01-13 18:50:00
2020-01-13,10:24pm,CNY,USD-Denominated Trade Balance,Medium,46.8B,45.8B,38.7B,2020-01-13 22:24:00
2020-01-13,10:25pm,CNY,Trade Balance,Medium,329B,315B,274B,2020-01-13 22:25:00
2020-01-14,12:00am,JPY,Economy Watchers Sentiment,Non-economic,39.8,40.9,39.4,2020-01-14 00:00:00
2020-01-14,5:50am,USD,NFIB Small Business Index,Non-economic,102.7,104.9,104.7,2020-01-14 05:50:00
2020-01-14,8:30am,USD,Core CPI m/m,High,0.1%,0.2%,0.2%,2020-01-14 08:30:00
2020-01-14,8:30am,USD,CPI m/m,High,0.2%,0.2%,0.3%,2020-01-14 08:30:00
2020-01-14,8:30am,USD,CPI y/y,High,2.3%,2.3%,2.1%,2020-01-14 08:30:00
2020-01-14,9:00am,USD,FOMC Member Williams Speaks,Non-economic,,,,2020-01-14 09:00:00
2020-01-14,10:00am,USD,RCM/TIPP Economic Optimism,Non-economic,57.4,57.3,57.0,2020-01-14 10:00:00
2020-01-14,4:30pm,USD,API Weekly Statistical Bulletin,Non-economic,,,,2020-01-14 16:30:00
2020-01-14,4:45pm,NZD,FPI m/m,Non-economic,-0.2%,,-0.7%,2020-01-14 16:45:00
2020-01-14,6:50pm,JPY,M2 Money Stock y/y,Non-economic,2.7%,2.7%,2.7%,2020-01-14 18:50:00
2020-01-14,7:30pm,JPY,BOJ Gov Kuroda Speaks,Medium,,,,2020-01-14 19:30:00
2020-01-15,12:58am,JPY,Prelim Machine Tool Orders y/y,Non-economic,-33.6%,,-37.9%,2020-01-15 00:58:00
2020-01-15,2:45am,EUR,French Final CPI m/m,Non-economic,0.4%,0.4%,0.4%,2020-01-15 02:45:00
2020-01-15,3:40am,GBP,MPC Member Saunders Speaks,High,,,,2020-01-15 03:40:00
2020-01-15,4:30am,GBP,CPI y/y,High,1.3%,1.5%,1.5%,2020-01-15 04:30:00
2020-01-15,4:30am,GBP,PPI Input m/m,Medium,0.1%,0.2%,0.5%,2020-01-15 04:30:00
2020-01-15,4:30am,GBP,Core CPI y/y,Non-economic,1.4%,1.7%,1.7%,2020-01-15 04:30:00
2020-01-15,4:30am,GBP,HPI y/y,Non-economic,2.2%,1.1%,1.3%,2020-01-15 04:30:00
2020-01-15,4:30am,GBP,PPI Output m/m,Non-economic,0.0%,0.0%,-0.2%,2020-01-15 04:30:00
2020-01-15,4:30am,GBP,RPI y/y,Non-economic,2.2%,2.3%,2.2%,2020-01-15 04:30:00
2020-01-15,5:00am,EUR,Industrial Production m/m,Non-economic,0.2%,0.3%,-0.9%,2020-01-15 05:00:00
2020-01-15,5:00am,EUR,Trade Balance,Non-economic,19.2B,22.3B,24.0B,2020-01-15 05:00:00
2020-01-15,5:34am,EUR,German 30-y Bond Auction,Non-economic,0.31|1.1,,0.14|1.2,2020-01-15 05:34:00
2020-01-15,8:30am,USD,Core PPI m/m,Medium,0.1%,0.2%,-0.2%,2020-01-15 08:30:00
2020-01-15,8:30am,USD,PPI m/m,Medium,0.1%,0.2%,0.0%,2020-01-15 08:30:00
2020-01-15,8:30am,USD,Empire State Manufacturing Index,Non-economic,4.8,3.7,3.5,2020-01-15 08:30:00
2020-01-15,9:30am,GBP,CB Leading Index m/m,Non-economic,-0.2%,,-0.4%,2020-01-15 09:30:00
2020-01-15,10:30am,USD,Crude Oil Inventories,Medium,-2.5M,0.4M,1.2M,2020-01-15 10:30:00
2020-01-15,11:00am,USD,FOMC Member Harker Speaks,Medium,,,,2020-01-15 11:00:00
2020-01-15,12:00pm,USD,FOMC Member Kaplan Speaks,Medium,,,,2020-01-15 12:00:00
2020-01-15,1:00pm,EUR,German Buba President Weidmann Speaks,Non-economic,,,,2020-01-15 13:00:00
2020-01-15,2:00pm,USD,Beige Book,Non-economic,,,,2020-01-15 14:00:00
2020-01-15,6:50pm,JPY,Core Machinery Orders m/m,Non-economic,18.0%,3.1%,-6.0%,2020-01-15 18:50:00
2020-01-15,6:50pm,JPY,PPI y/y,Non-economic,0.9%,0.9%,0.1%,2020-01-15 18:50:00
2020-01-15,7:01pm,GBP,RICS House Price Balance,Non-economic,-2%,-9%,-11%,2020-01-15 19:01:00
2020-01-15,8:30pm,CNY,New Home Prices m/m,Non-economic,0.35%,,0.30%,2020-01-15 20:30:00
2020-01-16,1:59am,CNY,New Loans,Medium,1140B,1250B,1390B,2020-01-16 01:59:00
2020-01-16,2:00am,EUR,German Final CPI m/m,Non-economic,0.5%,0.5%,0.5%,2020-01-16 02:00:00
2020-01-16,2:02am,CNY,M2 Money Supply y/y,Non-economic,8.7%,8.4%,8.2%,2020-01-16 02:02:00
2020-01-16,4:30am,GBP,BOE Credit Conditions Survey,Medium,,,,2020-01-16 04:30:00
2020-01-16,7:30am,EUR,ECB Monetary Policy Meeting Accounts,High,,,,2020-01-16 07:30:00
2020-01-16,8:30am,CAD,ADP Non-Farm Employment Change,Non-economic,46.2K,,27.6K,2020-01-16 08:30:00
2020-01-16,8:30am,USD,Core Retail Sales m/m,High,0.7%,0.5%,0.0%,2020-01-16 08:30:00
2020-01-16,8:30am,USD,Retail Sales m/m,High,0.3%,0.3%,0.3%,2020-01-16 08:30:00
2020-01-16,8:30am,USD,Philly Fed Manufacturing Index,Medium,17.0,3.7,0.3,2020-01-16 08:30:00
2020-01-16,8:30am,USD,Import Prices m/m,Non-economic,0.3%,0.3%,0.1%,2020-01-16 08:30:00
2020-01-16,8:30am,USD,Unemployment Claims,Non-economic,204K,217K,214K,2020-01-16 08:30:00
2020-01-16,10:00am,USD,FOMC Member Bowman Speaks,Medium,,,,2020-01-16 10:00:00
2020-01-16,10:00am,USD,Business Inventories m/m,Non-economic,-0.2%,-0.1%,0.1%,2020-01-16 10:00:00
2020-01-16,10:00am,USD,NAHB Housing Market Index,Non-economic,75,74,76,2020-01-16 10:00:00
2020-01-16,10:30am,USD,Natural Gas Storage,Non-economic,-109B,-91B,-44B,2020-01-16 10:30:00
2020-01-16,1:00pm,EUR,ECB President Lagarde Speaks,High,,,,2020-01-16 13:00:00
2020-01-16,4:00pm,USD,TIC Long-Term Purchases,Non-economic,22.9B,34.5B,31.5B,2020-01-16 16:00:00
2020-01-16,4:30pm,NZD,BusinessNZ Manufacturing Index,Non-economic,49.3,,51.2,2020-01-16 16:30:00
2020-01-16,9:00pm,CNY,GDP q/y,High,6.0%,6.0%,6.0%,2020-01-16 21:00:00
2020-01-16,9:00pm,CNY,Fixed Asset Investment ytd/y,Medium,5.4%,5.2%,5.2%,2020-01-16 21:00:00
2020-01-16,9:00pm,CNY,Industrial Production y/y,Medium,6.9%,5.9%,6.2%,2020-01-16 21:00:00
2020-01-16,9:00pm,CNY,NBS Press Conference,Non-economic,,,,2020-01-16 21:00:00
2020-01-16,9:00pm,CNY,Retail Sales y/y,Non-economic,8.0%,7.9%,8.0%,2020-01-16 21:00:00
2020-01-16,9:00pm,CNY,Unemployment Rate,Non-economic,5.2%,,5.1%,2020-01-16 21:00:00
2020-01-16,11:30pm,JPY,Tertiary Industry Activity m/m,Non-economic,1.3%,1.0%,-5.2%,2020-01-16 23:30:00
2020-01-17,2:30am,CHF,PPI m/m,Non-economic,0.1%,0.2%,-0.4%,2020-01-17 02:30:00
2020-01-17,2:45am,EUR,French Gov Budget Balance,Non-economic,-113.9B,,-107.7B,2020-01-17 02:45:00
2020-01-17,4:00am,EUR,Current Account,Non-economic,33.9B,34.3B,35.8B,2020-01-17 04:00:00
2020-01-17,4:02am,EUR,Italian Trade Balance,Non-economic,4.87B,7.22B,8.06B,2020-01-17 04:02:00
2020-01-17,4:30am,GBP,Retail Sales m/m,High,-0.6%,0.5%,-0.8%,2020-01-17 04:30:00
2020-01-17,5:00am,EUR,Final Core CPI y/y,Non-economic,1.3%,1.3%,1.3%,2020-01-17 05:00:00
2020-01-17,5:00am,EUR,Final CPI y/y,Non-economic,1.3%,1.3%,1.3%,2020-01-17 05:00:00
2020-01-17,8:30am,CAD,Foreign Securities Purchases,Non-economic,-1.75B,12.32B,11.31B,2020-01-17 08:30:00
2020-01-17,8:30am,USD,Building Permits,Medium,1.42M,1.47M,1.47M,2020-01-17 08:30:00
2020-01-17,8:30am,USD,Housing Starts,Non-economic,1.61M,1.38M,1.38M,2020-01-17 08:30:00
2020-01-17,9:00am,USD,FOMC Member Harker Speaks,Medium,,,,2020-01-17 09:00:00
2020-01-17,9:15am,USD,Capacity Utilization Rate,Non-economic,77.0%,77.0%,77.4%,2020-01-17 09:15:00
2020-01-17,9:15am,USD,Industrial Production m/m,Non-economic,-0.3%,0.0%,0.8%,2020-01-17 09:15:00
2020-01-17,10:00am,USD,Prelim UoM Consumer Sentiment,Medium,99.1,99.3,99.3,2020-01-17 10:00:00
2020-01-17,10:00am,USD,JOLTS Job Openings,Non-economic,6.80M,7.24M,7.36M,2020-01-17 10:00:00
2020-01-17,10:00am,USD,Prelim UoM Inflation Expectations,Non-economic,2.5%,,2.3%,2020-01-17 10:00:00
2020-01-17,12:45pm,USD,FOMC Member Quarles Speaks,Non-economic,,,,2020-01-17 12:45:00
2020-01-19,7:01pm,GBP,Rightmove HPI m/m,Non-economic,2.3%,,-0.9%,2020-01-19 19:01:00
2020-01-19,8:30pm,CNY,1-y Loan Prime Rate,Medium,4.15%,4.10%,4.15%,2020-01-19 20:30:00
2020-01-19,8:30pm,CNY,5-y Loan Prime Rate,Medium,4.80%,4.80%,4.80%,2020-01-19 20:30:00
2020-01-19,11:30pm,JPY,Revised Industrial Production m/m,Non-economic,-1.0%,-0.9%,-0.9%,2020-01-19 23:30:00
2020-01-20,2:00am,EUR,German PPI m/m,Non-economic,0.1%,0.0%,0.0%,2020-01-20 02:00:00
2020-01-20,All Day,EUR,Eurogroup Meetings,Non-economic,,,,2020-01-20 00:00:00
2020-01-20,6:00am,EUR,German Buba Monthly Report,Non-economic,,,,2020-01-20 06:00:00
2020-01-20,All Day,USD,Bank Holiday,Low,,,,2020-01-20 00:00:00
2020-01-20,4:30pm,NZD,BusinessNZ Services Index,Non-economic,51.9,,52.9,2020-01-20 16:30:00
2020-01-20,10:01pm,JPY,Monetary Policy Statement,High,,,,2020-01-20 22:01:00
2020-01-20,10:01pm,JPY,BOJ Policy Rate,Non-economic,-0.10%,-0.10%,-0.10%,2020-01-20 22:01:00
2020-01-20,10:02pm,JPY,BOJ Outlook Report,High,,,,2020-01-20 22:02:00
2020-01-21,1:31am,JPY,BOJ Press Conference,Medium,,,,2020-01-21 01:31:00
2020-01-21,Day 1,All,WEF Annual Meetings,Medium,,,,2020-01-21 00:00:00
2020-01-21,4:30am,GBP,Average Earnings Index 3m/y,Medium,3.2%,3.1%,3.2%,2020-01-21 04:30:00
2020-01-21,4:30am,GBP,Claimant Count Change,Non-economic,14.9K,33.4K,14.9K,2020-01-21 04:30:00
2020-01-21,4:30am,GBP,Unemployment Rate,Non-economic,3.8%,3.8%,3.8%,2020-01-21 04:30:00
2020-01-21,5:00am,EUR,German ZEW Economic Sentiment,Medium,26.7,15.2,10.7,2020-01-21 05:00:00
2020-01-21,5:00am,EUR,ZEW Economic Sentiment,Non-economic,25.6,16.3,11.2,2020-01-21 05:00:00
2020-01-21,All Day,EUR,ECOFIN Meetings,Non-economic,,,,2020-01-21 00:00:00
2020-01-21,8:30am,CAD,Manufacturing Sales m/m,Medium,-0.6%,-0.5%,-0.2%,2020-01-21 08:30:00
2020-01-21,9:41am,NZD,GDT Price Index,Non-economic,1.7%,,2.8%,2020-01-21 09:41:00
2020-01-21,6:30pm,AUD,Westpac Consumer Sentiment,Medium,-1.8%,,-1.9%,2020-01-21 18:30:00
2020-01-22,All Day,EUR,Greek Presidential Elections,Medium,,,,2020-01-22 00:00:00
2020-01-22,Day 2,All,WEF Annual Meetings,Medium,,,,2020-01-22 00:00:00
2020-01-22,4:30am,GBP,Public Sector Net Borrowing,Non-economic,4.0B,4.5B,4.2B,2020-01-22 04:30:00
2020-01-22,6:00am,GBP,CBI Industrial Order Expectations,Non-economic,-22,-25,-28,2020-01-22 06:00:00
2020-01-22,8:30am,CAD,CPI m/m,High,0.0%,0.0%,-0.1%,2020-01-22 08:30:00
2020-01-22,8:30am,CAD,Common CPI y/y,Medium,2.0%,1.9%,1.9%,2020-01-22 08:30:00
2020-01-22,8:30am,CAD,Median CPI y/y,Medium,2.2%,2.4%,2.3%,2020-01-22 08:30:00
2020-01-22,8:30am,CAD,Trimmed CPI y/y,Medium,2.1%,2.2%,2.2%,2020-01-22 08:30:00
2020-01-22,8:30am,CAD,NHPI m/m,Non-economic,0.2%,0.0%,-0.1%,2020-01-22 08:30:00
2020-01-22,8:30am,CAD,Wholesale Sales m/m,Non-economic,-1.2%,-0.2%,-1.2%,2020-01-22 08:30:00
2020-01-22,8:32am,CAD,Core CPI m/m,Non-economic,-0.4%,,-0.2%,2020-01-22 08:32:00
2020-01-22,9:00am,USD,HPI m/m,Non-economic,0.2%,0.3%,0.4%,2020-01-22 09:00:00
2020-01-22,10:00am,CAD,BOC Monetary Policy Report,High,,,,2020-01-22 10:00:00
2020-01-22,10:00am,CAD,BOC Rate Statement,High,,,,2020-01-22 10:00:00
2020-01-22,10:00am,CAD,Overnight Rate,High,1.75%,1.75%,1.75%,2020-01-22 10:00:00
2020-01-22,10:00am,USD,Existing Home Sales,Non-economic,5.54M,5.43M,5.35M,2020-01-22 10:00:00
2020-01-22,10:30am,AUD,CB Leading Index m/m,Non-economic,-0.3%,,0.2%,2020-01-22 10:30:00
2020-01-22,11:15am,CAD,BOC Press Conference,High,,,,2020-01-22 11:15:00
2020-01-22,4:30pm,USD,API Weekly Statistical Bulletin,Non-economic,,,,2020-01-22 16:30:00
2020-01-22,4:45pm,NZD,Visitor Arrivals m/m,Non-economic,-0.9%,,-0.2%,2020-01-22 16:45:00
2020-01-22,6:50pm,JPY,Trade Balance,Non-economic,-0.10T,-0.24T,-0.09T,2020-01-22 18:50:00
2020-01-22,7:00pm,AUD,MI Inflation Expectations,Non-economic,4.7%,,4.0%,2020-01-22 19:00:00
2020-01-22,7:30pm,AUD,Employment Change,High,28.9K,12.2K,38.5K,2020-01-22 19:30:00
2020-01-22,7:30pm,AUD,Unemployment Rate,High,5.1%,5.2%,5.2%,2020-01-22 19:30:00
2020-01-22,11:30pm,JPY,All Industries Activity m/m,Non-economic,0.9%,0.4%,-4.8%,2020-01-22 23:30:00
2020-01-23,Day 3,All,WEF Annual Meetings,Medium,,,,2020-01-23 00:00:00
2020-01-23,7:45am,EUR,Main Refinancing Rate,High,0.00%,0.00%,0.00%,2020-01-23 07:45:00
2020-01-23,7:45am,EUR,Monetary Policy Statement,High,,,,2020-01-23 07:45:00
2020-01-23,8:30am,EUR,ECB Press Conference,High,,,,2020-01-23 08:30:00
2020-01-23,8:30am,USD,Unemployment Claims,Non-economic,211K,214K,205K,2020-01-23 08:30:00
2020-01-23,9:55am,EUR,Consumer Confidence,Non-economic,-8,-8,-8,2020-01-23 09:55:00
2020-01-23,10:00am,USD,CB Leading Index m/m,Non-economic,-0.3%,-0.2%,0.1%,2020-01-23 10:00:00
2020-01-23,10:30am,USD,Natural Gas Storage,Non-economic,-92B,-88B,-109B,2020-01-23 10:30:00
2020-01-23,11:00am,USD,Crude Oil Inventories,High,-0.4M,-0.1M,-2.5M,2020-01-23 11:00:00
2020-01-23,4:45pm,NZD,CPI q/q,High,0.5%,0.4%,0.7%,2020-01-23 16:45:00
2020-01-23,5:00pm,AUD,Flash Manufacturing PMI,Non-economic,49.1,,49.2,2020-01-23 17:00:00
2020-01-23,5:00pm,AUD,Flash Services PMI,Non-economic,48.9,,49.8,2020-01-23 17:00:00
2020-01-23,6:30pm,JPY,National Core CPI y/y,Non-economic,0.7%,0.7%,0.5%,2020-01-23 18:30:00
2020-01-23,6:50pm,JPY,Monetary Policy Meeting Minutes,Non-economic,,,,2020-01-23 18:50:00
2020-01-23,7:30pm,JPY,Flash Manufacturing PMI,Non-economic,49.3,48.9,48.4,2020-01-23 19:30:00
2020-01-23,9:00pm,NZD,Credit Card Spending y/y,Non-economic,3.4%,,4.4%,2020-01-23 21:00:00
2020-01-24,3:15am,EUR,French Flash Services PMI,High,51.7,52.2,52.4,2020-01-24 03:15:00
2020-01-24,3:15am,EUR,French Flash Manufacturing PMI,Medium,51.0,50.6,50.4,2020-01-24 03:15:00
2020-01-24,3:30am,EUR,German Flash Manufacturing PMI,High,45.2,44.5,43.7,2020-01-24 03:30:00
2020-01-24,3:30am,EUR,German Flash Services PMI,High,54.2,53.0,52.9,2020-01-24 03:30:00
2020-01-24,3:30am,GBP,MPC Member Haskel Speaks,Medium,,,,2020-01-24 03:30:00
2020-01-24,4:00am,EUR,Flash Manufacturing PMI,Medium,47.8,46.9,46.3,2020-01-24 04:00:00
2020-01-24,4:00am,EUR,Flash Services PMI,Medium,52.2,52.9,52.8,2020-01-24 04:00:00
2020-01-24,Day 4,All,WEF Annual Meetings,Medium,,,,2020-01-24 00:00:00
2020-01-24,4:30am,EUR,ECB President Lagarde Speaks,High,,,,2020-01-24 04:30:00
2020-01-24,4:30am,GBP,Flash Manufacturing PMI,High,49.8,48.8,47.5,2020-01-24 04:30:00
2020-01-24,4:30am,GBP,Flash Services PMI,High,52.9,51.1,50.0,2020-01-24 04:30:00
2020-01-24,4:30am,JPY,BOJ Gov Kuroda Speaks,Medium,,,,2020-01-24 04:30:00
2020-01-24,4:30am,USD,Treasury Sec Mnuchin Speaks,High,,,,2020-01-24 04:30:00
2020-01-24,8:30am,CAD,Core Retail Sales m/m,High,0.2%,0.5%,-0.4%,2020-01-24 08:30:00
2020-01-24,8:30am,CAD,Retail Sales m/m,Medium,0.9%,0.6%,-1.1%,2020-01-24 08:30:00
2020-01-24,8:58am,EUR,Belgian NBB Business Climate,Non-economic,-2.0,-3.0,-3.4,2020-01-24 08:58:00
2020-01-24,9:45am,USD,Flash Manufacturing PMI,Medium,51.7,52.4,52.4,2020-01-24 09:45:00
2020-01-24,9:45am,USD,Flash Services PMI,Non-economic,53.2,52.9,52.8,2020-01-24 09:45:00
2020-01-26,All Day,AUD,Bank Holiday,Low,,,,2020-01-26 00:00:00
2020-01-26,All Day,CNY,Bank Holiday,Low,,,,2020-01-26 00:00:00
2020-01-27,4:00am,EUR,German ifo Business Climate,High,95.9,97.1,96.3,2020-01-27 04:00:00
2020-01-27,4:30am,GBP,High Street Lending,Non-economic,46.8K,44.0K,44.1K,2020-01-27 04:30:00
2020-01-27,9:00am,CNY,CB Leading Index m/m,Non-economic,1.4%,,1.5%,2020-01-27 09:00:00
2020-01-27,9:30am,USD,FOMC Member Williams Speaks,Non-economic,,,,2020-01-27 09:30:00
2020-01-27,10:00am,USD,New Home Sales,Non-economic,694K,730K,697K,2020-01-27 10:00:00
2020-01-27,6:50pm,JPY,SPPI y/y,Non-economic,2.1%,2.1%,2.1%,2020-01-27 18:50:00
2020-01-27,All Day,CNY,Bank Holiday,Low,,,,2020-01-27 00:00:00
2020-01-27,7:30pm,AUD,NAB Business Confidence,Non-economic,-2,,0,2020-01-27 19:30:00
2020-01-28,12:00am,JPY,BOJ Core CPI y/y,Non-economic,0.3%,0.2%,0.2%,2020-01-28 00:00:00
2020-01-28,2:00am,CHF,Trade Balance,Non-economic,1.96B,3.14B,3.95B,2020-01-28 02:00:00
2020-01-28,3:00am,EUR,Spanish Unemployment Rate,Medium,13.8%,14.0%,13.9%,2020-01-28 03:00:00
2020-01-28,5:34am,GBP,10-y Bond Auction,Non-economic,0.50|2.3,,0.79|2.5,2020-01-28 05:34:00
2020-01-28,6:00am,GBP,CBI Realized Sales,Non-economic,0,5,0,2020-01-28 06:00:00
2020-01-28,8:30am,USD,Core Durable Goods Orders m/m,Medium,-0.1%,0.4%,-0.1%,2020-01-28 08:30:00
2020-01-28,8:30am,USD,Durable Goods Orders m/m,Medium,2.4%,1.2%,-2.1%,2020-01-28 08:30:00
2020-01-28,9:00am,USD,S&P/CS Composite-20 HPI y/y,Non-economic,2.6%,2.5%,2.2%,2020-01-28 09:00:00
2020-01-28,9:30am,USD,FOMC Member Williams Speaks,Non-economic,,,,2020-01-28 09:30:00
2020-01-28,9:59am,USD,Richmond Manufacturing Index,Medium,20,-3,-5,2020-01-28 09:59:00
2020-01-28,10:00am,USD,CB Consumer Confidence,High,131.6,128.2,128.2,2020-01-28 10:00:00
2020-01-28,4:30pm,USD,API Weekly Statistical Bulletin,Non-economic,,,,2020-01-28 16:30:00
2020-01-28,6:38pm,AUD,MI Leading Index m/m,Non-economic,0.1%,,0.0%,2020-01-28 18:38:00
2020-01-28,6:50pm,JPY,BOJ Summary of Opinions,Non-economic,,,,2020-01-28 18:50:00
2020-01-28,7:01pm,GBP,BRC Shop Price Index y/y,Non-economic,-0.3%,,-0.4%,2020-01-28 19:01:00
2020-01-28,All Day,CNY,Bank Holiday,Low,,,,2020-01-28 00:00:00
2020-01-28,7:30pm,AUD,CPI m/m,High,0.7%,0.6%,0.5%,2020-01-28 19:30:00
2020-01-28,7:30pm,AUD,Trimmed Mean CPI m/m,High,0.4%,0.4%,0.4%,2020-01-28 19:30:00
2020-01-29,12:00am,JPY,Consumer Confidence,Non-economic,39.1,39.6,39.1,2020-01-29 00:00:00
2020-01-29,1:59am,GBP,Nationwide HPI m/m,Non-economic,0.5%,0.3%,0.1%,2020-01-29 01:59:00
2020-01-29,2:00am,EUR,German GfK Consumer Climate,Non-economic,9.9,9.6,9.7,2020-01-29 02:00:00
2020-01-29,2:00am,EUR,German Import Prices m/m,Non-economic,0.2%,0.2%,0.5%,2020-01-29 02:00:00
2020-01-29,4:00am,CHF,UBS Economic Expectations,Non-economic,8.3,,12.5,2020-01-29 04:00:00
2020-01-29,4:00am,EUR,M3 Money Supply y/y,Non-economic,5.0%,5.5%,5.6%,2020-01-29 04:00:00
2020-01-29,4:00am,EUR,Private Loans y/y,Non-economic,3.7%,3.5%,3.5%,2020-01-29 04:00:00
2020-01-29,8:30am,USD,Goods Trade Balance,Non-economic,-68.3B,-64.5B,-63.0B,2020-01-29 08:30:00
2020-01-29,8:30am,USD,Prelim Wholesale Inventories m/m,Non-economic,-0.1%,0.1%,-0.1%,2020-01-29 08:30:00
2020-01-29,10:00am,USD,Pending Home Sales m/m,Non-economic,-4.9%,0.5%,1.2%,2020-01-29 10:00:00
2020-01-29,10:30am,USD,Crude Oil Inventories,Medium,3.5M,0.7M,-0.4M,2020-01-29 10:30:00
2020-01-29,2:00pm,USD,Federal Funds Rate,High,1.75%,1.75%,1.75%,2020-01-29 14:00:00
2020-01-29,2:00pm,USD,FOMC Statement,High,,,,2020-01-29 14:00:00
2020-01-29,2:30pm,USD,FOMC Press Conference,High,,,,2020-01-29 14:30:00
2020-01-29,4:45pm,NZD,Trade Balance,Non-economic,547M,100M,-791M,2020-01-29 16:45:00
2020-01-29,All Day,CNY,Bank Holiday,Low,,,,2020-01-29 00:00:00
2020-01-29,7:30pm,AUD,Import Prices q/q,Non-economic,0.7%,0.4%,0.4%,2020-01-29 19:30:00
2020-01-30,All Day,EUR,German Prelim CPI m/m,Medium,-0.6%,-0.6%,0.5%,2020-01-30 00:00:00
2020-01-30,3:00am,CHF,KOF Economic Barometer,Non-economic,100.1,97.0,96.2,2020-01-30 03:00:00
2020-01-30,3:55am,EUR,German Unemployment Change,Non-economic,-2K,5K,8K,2020-01-30 03:55:00
2020-01-30,4:00am,EUR,Italian Monthly Unemployment Rate,Non-economic,9.8%,9.7%,9.8%,2020-01-30 04:00:00
2020-01-30,5:00am,EUR,Unemployment Rate,Non-economic,7.4%,7.5%,7.5%,2020-01-30 05:00:00
2020-01-30,5:17am,EUR,Italian 10-y Bond Auction,Non-economic,0.94|1.2,,1.35|1.3,2020-01-30 05:17:00
2020-01-30,7:00am,GBP,BOE Monetary Policy Report,High,,,,2020-01-30 07:00:00
2020-01-30,7:00am,GBP,Monetary Policy Summary,High,,,,2020-01-30 07:00:00
2020-01-30,7:00am,GBP,MPC Official Bank Rate Votes,High,0-2-7,0-3-6,0-2-7,2020-01-30 07:00:00
2020-01-30,7:00am,GBP,Official Bank Rate,High,0.75%,0.75%,0.75%,2020-01-30 07:00:00
2020-01-30,7:00am,GBP,Asset Purchase Facility,Non-economic,435B,435B,435B,2020-01-30 07:00:00
2020-01-30,7:00am,GBP,MPC Asset Purchase Facility Votes,Non-economic,0-0-9,0-0-9,0-0-9,2020-01-30 07:00:00
2020-01-30,7:30am,GBP,BOE Gov Carney Speaks,High,,,,2020-01-30 07:30:00
2020-01-30,8:30am,USD,Advance GDP q/q,High,2.1%,2.1%,2.1%,2020-01-30 08:30:00
2020-01-30,8:30am,USD,Advance GDP Price Index q/q,Medium,1.4%,1.8%,1.8%,2020-01-30 08:30:00
2020-01-30,8:30am,USD,Unemployment Claims,Non-economic,216K,215K,223K,2020-01-30 08:30:00
2020-01-30,10:30am,USD,Natural Gas Storage,Non-economic,-201B,-197B,-92B,2020-01-30 10:30:00
2020-01-30,1:00pm,EUR,German Buba President Weidmann Speaks,Non-economic,,,,2020-01-30 13:00:00
2020-01-30,3:15pm,CAD,Gov Council Member Beaudry Speaks,Non-economic,,,,2020-01-30 15:15:00
2020-01-30,6:30pm,JPY,Tokyo Core CPI y/y,Non-economic,0.7%,0.8%,0.8%,2020-01-30 18:30:00
2020-01-30,6:30pm,JPY,Unemployment Rate,Non-economic,2.2%,2.3%,2.2%,2020-01-30 18:30:00
2020-01-30,6:50pm,JPY,Prelim Industrial Production m/m,Non-economic,1.3%,0.7%,-1.0%,2020-01-30 18:50:00
2020-01-30,6:50pm,JPY,Retail Sales y/y,Non-economic,-2.6%,-1.7%,-2.1%,2020-01-30 18:50:00
2020-01-30,7:01pm,GBP,GfK Consumer Confidence,Non-economic,-9,-9,-11,2020-01-30 19:01:00
2020-01-30,All Day,CNY,Bank Holiday,Low,,,,2020-01-30 00:00:00
2020-01-30,7:30pm,AUD,PPI q/q,Non-economic,0.3%,0.3%,0.4%,2020-01-30 19:30:00
2020-01-30,7:30pm,AUD,Private Sector Credit m/m,Non-economic,0.2%,0.2%,0.2%,2020-01-30 19:30:00
2020-01-30,8:00pm,CNY,Manufacturing PMI,High,50.0,50.1,50.2,2020-01-30 20:00:00
2020-01-30,8:00pm,CNY,Non-Manufacturing PMI,Medium,54.1,53.1,53.5,2020-01-30 20:00:00
2020-01-31,12:02am,JPY,Housing Starts y/y,Non-economic,-7.9%,-11.7%,-12.7%,2020-01-31 00:02:00
2020-01-31,1:30am,EUR,French Flash GDP q/q,Non-economic,-0.1%,0.2%,0.3%,2020-01-31 01:30:00
2020-01-31,2:00am,EUR,German Retail Sales m/m,Non-economic,-3.3%,-0.5%,1.6%,2020-01-31 02:00:00
2020-01-31,2:30am,CHF,Retail Sales y/y,Non-economic,0.1%,0.4%,0.5%,2020-01-31 02:30:00
2020-01-31,2:45am,EUR,French Consumer Spending m/m,Non-economic,-0.3%,-0.1%,0.7%,2020-01-31 02:45:00
2020-01-31,2:45am,EUR,French Prelim CPI m/m,Non-economic,-0.4%,-0.5%,0.4%,2020-01-31 02:45:00
2020-01-31,3:00am,EUR,Spanish Flash GDP q/q,Medium,0.5%,0.4%,0.4%,2020-01-31 03:00:00
2020-01-31,3:00am,EUR,Spanish Flash CPI y/y,Non-economic,1.1%,1.0%,0.8%,2020-01-31 03:00:00
2020-01-31,4:00am,EUR,Italian Prelim GDP q/q,Non-economic,-0.3%,0.1%,0.1%,2020-01-31 04:00:00
2020-01-31,4:30am,GBP,M4 Money Supply m/m,Non-economic,0.1%,0.6%,0.8%,2020-01-31 04:30:00
2020-01-31,4:30am,GBP,Mortgage Approvals,Non-economic,67K,66K,66K,2020-01-31 04:30:00
2020-01-31,4:30am,GBP,Net Lending to Individuals m/m,Non-economic,5.8B,4.2B,4.9B,2020-01-31 04:30:00
2020-01-31,5:00am,EUR,CPI Flash Estimate y/y,Medium,1.4%,1.4%,1.3%,2020-01-31 05:00:00
2020-01-31,5:00am,EUR,Core CPI Flash Estimate y/y,Non-economic,1.1%,1.2%,1.3%,2020-01-31 05:00:00
2020-01-31,5:00am,EUR,Prelim Flash GDP q/q,Non-economic,0.1%,0.2%,0.2%,2020-01-31 05:00:00
2020-01-31,8:30am,CAD,GDP m/m,High,0.1%,0.0%,-0.1%,2020-01-31 08:30:00
2020-01-31,8:30am,CAD,RMPI m/m,Medium,2.8%,0.7%,1.4%,2020-01-31 08:30:00
2020-01-31,8:30am,CAD,IPPI m/m,Non-economic,0.1%,0.0%,-0.1%,2020-01-31 08:30:00
2020-01-31,8:30am,USD,Core PCE Price Index m/m,Medium,0.2%,0.1%,0.1%,2020-01-31 08:30:00
2020-01-31,8:30am,USD,Employment Cost Index q/q,Medium,0.7%,0.7%,0.7%,2020-01-31 08:30:00
2020-01-31,8:30am,USD,Personal Spending m/m,Medium,0.3%,0.3%,0.4%,2020-01-31 08:30:00
2020-01-31,8:30am,USD,Personal Income m/m,Non-economic,0.2%,0.3%,0.4%,2020-01-31 08:30:00
2020-01-31,9:45am,USD,Chicago PMI,Medium,42.9,48.9,48.9,2020-01-31 09:45:00
2020-01-31,10:00am,USD,Revised UoM Consumer Sentiment,Non-economic,99.8,99.1,99.1,2020-01-31 10:00:00
2020-01-31,10:00am,USD,Revised UoM Inflation Expectations,Non-economic,2.5%,,2.5%,2020-01-31 10:00:00
2020-02-02,4:30pm,AUD,AIG Manufacturing Index,Non-economic,45.4,,48.3,2020-02-02 16:30:00
2020-02-02,7:00pm,AUD,MI Inflation Gauge m/m,Non-economic,0.3%,,0.3%,2020-02-02 19:00:00
2020-02-02,7:30pm,AUD,Building Approvals m/m,Medium,-0.2%,-5.0%,10.9%,2020-02-02 19:30:00
2020-02-02,7:30pm,AUD,ANZ Job Advertisements m/m,Non-economic,3.8%,,-5.7%,2020-02-02 19:30:00
2020-02-02,7:30pm,JPY,Final Manufacturing PMI,Non-economic,48.8,49.3,49.3,2020-02-02 19:30:00
2020-02-02,8:45pm,CNY,RatingDog Manufacturing PMI,High,51.1,51.0,51.5,2020-02-02 20:45:00
2020-02-03,12:30am,AUD,Commodity Prices y/y,Non-economic,-3.6%,,-1.9%,2020-02-03 00:30:00
2020-02-03,3:15am,EUR,Spanish Manufacturing PMI,Non-economic,48.5,48.3,47.4,2020-02-03 03:15:00
2020-02-03,3:30am,CHF,Manufacturing PMI,Non-economic,47.8,50.3,50.2,2020-02-03 03:30:00
2020-02-03,3:45am,EUR,Italian Manufacturing PMI,Non-economic,48.9,46.9,46.2,2020-02-03 03:45:00
2020-02-03,3:50am,EUR,French Final Manufacturing PMI,Non-economic,51.1,51.0,51.0,2020-02-03 03:50:00
2020-02-03,3:55am,EUR,German Final Manufacturing PMI,Non-economic,45.3,45.2,45.2,2020-02-03 03:55:00
2020-02-03,4:00am,EUR,Final Manufacturing PMI,Non-economic,47.9,47.8,47.8,2020-02-03 04:00:00
2020-02-03,4:30am,GBP,Final Manufacturing PMI,Medium,50.0,49.8,49.8,2020-02-03 04:30:00
2020-02-03,9:30am,CAD,Manufacturing PMI,Non-economic,50.6,,50.4,2020-02-03 09:30:00
2020-02-03,9:45am,USD,Final Manufacturing PMI,Non-economic,51.9,51.7,51.7,2020-02-03 09:45:00
2020-02-03,10:00am,USD,ISM Manufacturing PMI,High,50.9,48.5,47.2,2020-02-03 10:00:00
2020-02-03,10:00am,USD,Construction Spending m/m,Non-economic,-0.2%,0.5%,0.7%,2020-02-03 10:00:00
2020-02-03,10:00am,USD,ISM Manufacturing Prices,Non-economic,53.3,52.0,51.7,2020-02-03 10:00:00
2020-02-03,All Day,USD,Wards Total Vehicle Sales,Non-economic,16.8M,16.8M,16.7M,2020-02-03 00:00:00
2020-02-03,1:15pm,EUR,German Buba President Weidmann Speaks,Non-economic,,,,2020-02-03 13:15:00
2020-02-03,2:00pm,USD,Loan Officer Survey,Non-economic,,,,2020-02-03 14:00:00
2020-02-03,4:45pm,NZD,Building Consents m/m,Non-economic,9.9%,,-8.4%,2020-02-03 16:45:00
2020-02-03,6:50pm,JPY,Monetary Base y/y,Non-economic,2.9%,3.2%,3.2%,2020-02-03 18:50:00
2020-02-03,10:30pm,AUD,Cash Rate,High,0.75%,0.75%,0.75%,2020-02-03 22:30:00
2020-02-03,10:30pm,AUD,RBA Rate Statement,High,,,,2020-02-03 22:30:00
2020-02-03,10:35pm,JPY,10-y Bond Auction,Non-economic,-0.05|3.6,,-0.01|3.7,2020-02-03 22:35:00
2020-02-04,2:45am,EUR,French Gov Budget Balance,Non-economic,-92.8B,,-113.9B,2020-02-04 02:45:00
2020-02-04,3:00am,EUR,Spanish Unemployment Change,Non-economic,90.2K,44.2K,-34.6K,2020-02-04 03:00:00
2020-02-04,4:30am,GBP,Construction PMI,Non-economic,48.4,48.1,44.4,2020-02-04 04:30:00
2020-02-04,5:00am,EUR,PPI m/m,Non-economic,0.0%,0.1%,0.1%,2020-02-04 05:00:00
2020-02-04,5:00am,EUR,Italian Prelim CPI m/m,Non-economic,0.2%,-0.2%,0.2%,2020-02-04 05:00:00
2020-02-04,9:12am,NZD,GDT Price Index,Non-economic,-4.7%,,1.7%,2020-02-04 09:12:00
2020-02-04,10:00am,USD,Factory Orders m/m,Non-economic,1.8%,0.7%,-1.2%,2020-02-04 10:00:00
2020-02-04,10:00am,USD,RCM/TIPP Economic Optimism,Non-economic,59.8,58.3,57.4,2020-02-04 10:00:00
2020-02-04,4:30pm,AUD,AIG Construction Index,Non-economic,41.3,,38.9,2020-02-04 16:30:00
2020-02-04,4:30pm,USD,API Weekly Statistical Bulletin,Non-economic,,,,2020-02-04 16:30:00
2020-02-04,4:45pm,NZD,Employment Change q/q,High,0.0%,0.3%,0.2%,2020-02-04 16:45:00
2020-02-04,4:45pm,NZD,Unemployment Rate,High,4.0%,4.2%,4.1%,2020-02-04 16:45:00
2020-02-04,4:45pm,NZD,Labor Cost Index q/q,Non-economic,0.6%,0.5%,0.6%,2020-02-04 16:45:00
2020-02-04,7:00pm,NZD,ANZ Commodity Prices m/m,Non-economic,-0.9%,,-3.4%,2020-02-04 19:00:00
2020-02-04,8:30pm,AUD,RBA Gov Lowe Speaks,High,,,,2020-02-04 20:30:00
2020-02-04,8:45pm,CNY,RatingDog Services PMI,Medium,51.8,52.0,52.5,2020-02-04 20:45:00
2020-02-04,9:00pm,USD,President Trump Speaks,High,,,,2020-02-04 21:00:00
2020-02-05,1:45am,CHF,SECO Consumer Climate,Non-economic,-9,-8,-10,2020-02-05 01:45:00
2020-02-05,3:15am,EUR,Spanish Services PMI,Non-economic,52.3,54.0,54.9,2020-02-05 03:15:00
2020-02-05,3:45am,EUR,Italian Services PMI,Non-economic,51.4,50.3,51.1,2020-02-05 03:45:00
2020-02-05,3:50am,EUR,French Final Services PMI,Non-economic,51.0,51.7,51.7,2020-02-05 03:50:00
2020-02-05,3:55am,EUR,German Final Services PMI,Non-economic,54.2,54.2,54.2,2020-02-05 03:55:00
2020-02-05,4:00am,EUR,Final Services PMI,Non-economic,52.5,52.2,52.2,2020-02-05 04:00:00
2020-02-05,4:30am,GBP,Final Services PMI,Medium,53.9,52.9,52.9,2020-02-05 04:30:00
2020-02-05,5:00am,EUR,Retail Sales m/m,Non-economic,-1.6%,-0.5%,0.8%,2020-02-05 05:00:00
2020-02-05,7:15am,EUR,ECB President Lagarde Speaks,High,,,,2020-02-05 07:15:00
2020-02-05,8:15am,USD,ADP Non-Farm Employment Change,High,291K,157K,199K,2020-02-05 08:15:00
2020-02-05,8:30am,CAD,Trade Balance,Medium,-0.4B,-0.6B,-1.2B,2020-02-05 08:30:00
2020-02-05,8:30am,USD,Trade Balance,Non-economic,-48.9B,-48.2B,-43.7B,2020-02-05 08:30:00
2020-02-05,9:45am,USD,Final Services PMI,Non-economic,53.4,53.2,53.2,2020-02-05 09:45:00
2020-02-05,10:00am,USD,ISM Services PMI,High,55.5,55.1,55.0,2020-02-05 10:00:00
2020-02-05,10:30am,USD,Crude Oil Inventories,Medium,3.4M,2.9M,3.5M,2020-02-05 10:30:00
2020-02-05,12:15pm,CAD,Gov Council Member Wilkins Speaks,Medium,,,,2020-02-05 12:15:00
2020-02-05,All Day,NZD,Bank Holiday,Low,,,,2020-02-05 00:00:00
2020-02-05,4:10pm,USD,FOMC Member Brainard Speaks,Non-economic,,,,2020-02-05 16:10:00
2020-02-05,7:30pm,AUD,Goods Trade Balance,High,5.22B,5.65B,5.52B,2020-02-05 19:30:00
2020-02-05,7:30pm,AUD,Retail Sales m/m,High,-0.5%,-0.2%,1.0%,2020-02-05 19:30:00
2020-02-05,7:30pm,AUD,NAB Quarterly Business Confidence,Non-economic,-1,,-1,2020-02-05 19:30:00
2020-02-05,10:35pm,JPY,30-y Bond Auction,Non-economic,0.43|3.7,,0.43|3.7,2020-02-05 22:35:00
2020-02-06,2:00am,EUR,German Factory Orders m/m,Non-economic,-2.1%,0.6%,-0.8%,2020-02-06 02:00:00
2020-02-06,3:00am,EUR,ECB President Lagarde Speaks,High,,,,2020-02-06 03:00:00
2020-02-06,4:00am,EUR,ECB Economic Bulletin,Non-economic,,,,2020-02-06 04:00:00
2020-02-06,4:49am,EUR,Spanish 10-y Bond Auction,Non-economic,0.35|1.6,,0.44|1.5,2020-02-06 04:49:00
2020-02-06,5:07am,EUR,French 10-y Bond Auction,Non-economic,-0.11|2.2,,0.04|1.7,2020-02-06 05:07:00
2020-02-06,7:30am,USD,Challenger Job Cuts y/y,Non-economic,27.8%,,-25.2%,2020-02-06 07:30:00
2020-02-06,8:30am,USD,Prelim Nonfarm Productivity q/q,Non-economic,1.4%,1.6%,-0.2%,2020-02-06 08:30:00
2020-02-06,8:30am,USD,Prelim Unit Labor Costs q/q,Non-economic,1.4%,1.3%,2.5%,2020-02-06 08:30:00
2020-02-06,8:30am,USD,Unemployment Claims,Non-economic,202K,215K,217K,2020-02-06 08:30:00
2020-02-06,9:15am,USD,FOMC Member Kaplan Speaks,Non-economic,,,,2020-02-06 09:15:00
2020-02-06,10:30am,USD,Natural Gas Storage,Non-economic,-137B,-123B,-201B,2020-02-06 10:30:00
2020-02-06,5:21pm,AUD,AIG Services Index,Non-economic,47.4,,48.7,2020-02-06 17:21:00
2020-02-06,5:30pm,AUD,RBA Gov Lowe Speaks,High,,,,2020-02-06 17:30:00
2020-02-06,6:30pm,JPY,Average Cash Earnings y/y,Non-economic,0.0%,-0.1%,0.1%,2020-02-06 18:30:00
2020-02-06,6:30pm,JPY,Household Spending y/y,Non-economic,-4.8%,-1.7%,-2.0%,2020-02-06 18:30:00
2020-02-06,7:15pm,USD,FOMC Member Quarles Speaks,Non-economic,,,,2020-02-06 19:15:00
2020-02-06,7:30pm,AUD,RBA Monetary Policy Statement,High,,,,2020-02-06 19:30:00
2020-02-06,9:00pm,NZD,Inflation Expectations q/q,High,1.93%,,1.80%,2020-02-06 21:00:00
2020-02-07,12:00am,JPY,Leading Indicators,Non-economic,91.6%,91.4%,90.8%,2020-02-07 00:00:00
2020-02-07,2:00am,EUR,German Industrial Production m/m,Non-economic,-3.5%,-0.2%,1.2%,2020-02-07 02:00:00
2020-02-07,2:00am,EUR,German Trade Balance,Non-economic,19.2B,16.4B,18.5B,2020-02-07 02:00:00
2020-02-07,2:45am,EUR,French Industrial Production m/m,Non-economic,-2.8%,-0.3%,0.0%,2020-02-07 02:45:00
2020-02-07,2:45am,EUR,French Prelim Private Payrolls q/q,Non-economic,0.2%,0.2%,0.2%,2020-02-07 02:45:00
2020-02-07,2:45am,EUR,French Trade Balance,Non-economic,-4.1B,-5.1B,-5.4B,2020-02-07 02:45:00
2020-02-07,3:00am,CHF,Foreign Currency Reserves,Non-economic,764B,,772B,2020-02-07 03:00:00
2020-02-07,3:30am,GBP,Halifax HPI m/m,Non-economic,0.4%,0.6%,1.8%,2020-02-07 03:30:00
2020-02-07,4:00am,EUR,Italian Retail Sales m/m,Non-economic,0.5%,0.2%,-0.2%,2020-02-07 04:00:00
2020-02-07,8:30am,CAD,Employment Change,High,34.5K,16.3K,35.2K,2020-02-07 08:30:00
2020-02-07,8:30am,CAD,Unemployment Rate,High,5.5%,5.7%,5.6%,2020-02-07 08:30:00
2020-02-07,8:30am,USD,Average Hourly Earnings m/m,High,0.2%,0.3%,0.1%,2020-02-07 08:30:00
2020-02-07,8:30am,USD,Non-Farm Employment Change,High,225K,163K,147K,2020-02-07 08:30:00
2020-02-07,8:30am,USD,Unemployment Rate,High,3.6%,3.5%,3.5%,2020-02-07 08:30:00
2020-02-07,10:00am,CAD,Ivey PMI,Non-economic,57.3,52.3,51.9,2020-02-07 10:00:00
2020-02-07,10:00am,USD,Final Wholesale Inventories m/m,Non-economic,-0.2%,-0.1%,-0.1%,2020-02-07 10:00:00
2020-02-07,11:00am,USD,Fed Monetary Policy Report,Non-economic,,,,2020-02-07 11:00:00
2020-02-07,3:00pm,USD,Consumer Credit m/m,Non-economic,22.1B,15.2B,11.8B,2020-02-07 15:00:00
2020-02-09,6:50pm,JPY,Bank Lending y/y,Non-economic,1.9%,1.7%,1.8%,2020-02-09 18:50:00
2020-02-09,6:50pm,JPY,Current Account,Non-economic,1.71T,1.68T,1.79T,2020-02-09 18:50:00
2020-02-09,8:30pm,CNY,CPI y/y,Medium,5.4%,4.9%,4.5%,2020-02-09 20:30:00
2020-02-09,8:30pm,CNY,PPI y/y,Non-economic,0.1%,0.1%,-0.5%,2020-02-09 20:30:00
2020-02-10,12:02am,JPY,Economy Watchers Sentiment,Non-economic,41.9,39.2,39.8,2020-02-10 00:02:00
2020-02-10,1:45am,CHF,Unemployment Rate,Non-economic,2.3%,2.3%,2.3%,2020-02-10 01:45:00
2020-02-10,2:30am,CHF,CPI m/m,Non-economic,-0.2%,-0.2%,0.0%,2020-02-10 02:30:00
2020-02-10,4:00am,EUR,Italian Industrial Production m/m,Non-economic,-2.7%,1.5%,0.0%,2020-02-10 04:00:00
2020-02-10,4:30am,EUR,Sentix Investor Confidence,Non-economic,5.2,6.1,7.6,2020-02-10 04:30:00
2020-02-10,8:12am,CAD,Housing Starts,Non-economic,213K,200K,196K,2020-02-10 08:12:00
2020-02-10,8:15am,USD,FOMC Member Bowman Speaks,Medium,,,,2020-02-10 08:15:00
2020-02-10,8:30am,CAD,Building Permits m/m,Non-economic,7.4%,3.5%,-3.5%,2020-02-10 08:30:00
2020-02-10,3:15pm,USD,FOMC Member Harker Speaks,Non-economic,,,,2020-02-10 15:15:00
2020-02-10,All Day,JPY,Bank Holiday,Low,,,,2020-02-10 00:00:00
2020-02-10,7:01pm,GBP,BRC Retail Sales Monitor y/y,Non-economic,0.0%,0.6%,1.7%,2020-02-10 19:01:00
2020-02-10,7:30pm,AUD,NAB Business Confidence,Non-economic,-1,,-2,2020-02-10 19:30:00
2020-02-11,4:30am,GBP,Prelim GDP q/q,High,0.0%,0.0%,0.4%,2020-02-11 04:30:00
2020-02-11,4:30am,GBP,GDP m/m,Medium,0.3%,0.2%,-0.3%,2020-02-11 04:30:00
2020-02-11,4:30am,GBP,Manufacturing Production m/m,Medium,0.3%,0.5%,-1.6%,2020-02-11 04:30:00
2020-02-11,4:30am,GBP,Construction Output m/m,Non-economic,0.4%,-0.4%,2.4%,2020-02-11 04:30:00
2020-02-11,4:30am,GBP,Goods Trade Balance,Non-economic,0.8B,-10.0B,-4.9B,2020-02-11 04:30:00
2020-02-11,4:30am,GBP,Index of Services 3m/3m,Non-economic,0.1%,0.0%,0.1%,2020-02-11 04:30:00
2020-02-11,4:30am,GBP,Industrial Production m/m,Non-economic,0.1%,0.3%,-1.1%,2020-02-11 04:30:00
2020-02-11,4:30am,GBP,Prelim Business Investment q/q,Non-economic,-1.0%,-0.5%,0.0%,2020-02-11 04:30:00
2020-02-11,5:56am,USD,NFIB Small Business Index,Non-economic,104.3,103.6,102.7,2020-02-11 05:56:00
2020-02-11,9:00am,EUR,ECB President Lagarde Speaks,High,,,,2020-02-11 09:00:00
2020-02-11,10:00am,USD,Fed Chairman Powell Testifies,High,,,,2020-02-11 10:00:00
2020-02-11,10:00am,USD,JOLTS Job Openings,Non-economic,6.42M,6.93M,6.79M,2020-02-11 10:00:00
2020-02-11,10:00am,USD,Mortgage Delinquencies,Non-economic,3.77%,,3.97%,2020-02-11 10:00:00
2020-02-11,10:35am,GBP,BOE Gov Carney Speaks,High,,,,2020-02-11 10:35:00
2020-02-11,12:00pm,GBP,MPC Member Haskel Speaks,Medium,,,,2020-02-11 12:00:00
2020-02-11,12:15pm,USD,FOMC Member Quarles Speaks,Non-economic,,,,2020-02-11 12:15:00
2020-02-11,12:37pm,GBP,NIESR GDP Estimate,Non-economic,0.0%,,0.0%,2020-02-11 12:37:00
2020-02-11,2:15pm,USD,FOMC Member Kashkari Speaks,Medium,,,,2020-02-11 14:15:00
2020-02-11,4:30pm,USD,API Weekly Statistical Bulletin,Non-economic,,,,2020-02-11 16:30:00
2020-02-11,6:30pm,AUD,Westpac Consumer Sentiment,Non-economic,2.3%,,-1.8%,2020-02-11 18:30:00
2020-02-11,6:50pm,JPY,M2 Money Stock y/y,Non-economic,2.8%,2.8%,2.7%,2020-02-11 18:50:00
2020-02-11,8:00pm,NZD,Official Cash Rate,High,1.00%,1.00%,1.00%,2020-02-11 20:00:00
2020-02-11,8:00pm,NZD,RBNZ Monetary Policy Statement,High,,,,2020-02-11 20:00:00
2020-02-11,8:00pm,NZD,RBNZ Rate Statement,High,,,,2020-02-11 20:00:00
2020-02-11,9:00pm,NZD,RBNZ Press Conference,High,,,,2020-02-11 21:00:00
2020-02-12,12:59am,JPY,Prelim Machine Tool Orders y/y,Non-economic,-35.6%,,-33.5%,2020-02-12 00:59:00
2020-02-12,5:00am,EUR,Industrial Production m/m,Non-economic,-2.1%,-1.8%,0.0%,2020-02-12 05:00:00
2020-02-12,5:33am,EUR,German 10-y Bond Auction,Non-economic,-0.38|1.2,,-0.25|1.2,2020-02-12 05:33:00
2020-02-12,8:30am,USD,FOMC Member Harker Speaks,Non-economic,,,,2020-02-12 08:30:00
2020-02-12,9:30am,GBP,CB Leading Index m/m,Non-economic,0.0%,,-0.2%,2020-02-12 09:30:00
2020-02-12,9:30am,USD,Fed Chairman Powell Testifies,High,,,,2020-02-12 09:30:00
2020-02-12,10:30am,USD,Crude Oil Inventories,Medium,7.5M,3.1M,3.4M,2020-02-12 10:30:00
2020-02-12,1:01pm,USD,10-y Bond Auction,Non-economic,1.62|2.6,,1.87|2.4,2020-02-12 13:01:00
2020-02-12,2:00pm,USD,Federal Budget Balance,Non-economic,-32.6B,-10.7B,-13.3B,2020-02-12 14:00:00
2020-02-12,2:10pm,NZD,RBNZ Gov Orr Speaks,High,,,,2020-02-12 14:10:00
2020-02-12,6:50pm,JPY,PPI y/y,Non-economic,1.7%,1.5%,0.9%,2020-02-12 18:50:00
2020-02-12,7:00pm,AUD,RBA Gov Lowe Speaks,High,,,,2020-02-12 19:00:00
2020-02-12,7:00pm,AUD,MI Inflation Expectations,Non-economic,4.0%,,4.7%,2020-02-12 19:00:00
2020-02-12,7:00pm,CAD,BOC Gov Poloz Speaks,High,,,,2020-02-12 19:00:00
2020-02-12,7:01pm,GBP,RICS House Price Balance,Non-economic,17%,3%,0%,2020-02-12 19:01:00
2020-02-13,2:00am,EUR,German Final CPI m/m,Non-economic,-0.6%,-0.6%,-0.6%,2020-02-13 02:00:00
2020-02-13,5:00am,EUR,EU Economic Forecasts,Medium,,,,2020-02-13 05:00:00
2020-02-13,8:30am,USD,Core CPI m/m,High,0.2%,0.2%,0.1%,2020-02-13 08:30:00
2020-02-13,8:30am,USD,CPI m/m,High,0.1%,0.2%,0.2%,2020-02-13 08:30:00
2020-02-13,8:30am,USD,CPI y/y,High,2.5%,2.4%,2.3%,2020-02-13 08:30:00
2020-02-13,8:30am,USD,Unemployment Claims,Non-economic,205K,210K,203K,2020-02-13 08:30:00
2020-02-13,9:00am,USD,Fed Gov Nomination Hearings,High,,,,2020-02-13 09:00:00
2020-02-13,10:30am,USD,Natural Gas Storage,Non-economic,-115B,-106B,-137B,2020-02-13 10:30:00
2020-02-13,1:01pm,USD,30-y Bond Auction,Non-economic,2.06|2.4,,2.34|2.5,2020-02-13 13:01:00
2020-02-13,4:30pm,NZD,BusinessNZ Manufacturing Index,Non-economic,49.6,,49.2,2020-02-13 16:30:00
2020-02-13,4:45pm,NZD,FPI m/m,Non-economic,2.1%,,-0.2%,2020-02-13 16:45:00
2020-02-13,5:30pm,USD,FOMC Member Williams Speaks,Non-economic,,,,2020-02-13 17:30:00
2020-02-13,11:30pm,JPY,Tertiary Industry Activity m/m,Non-economic,-0.2%,0.1%,1.4%,2020-02-13 23:30:00
2020-02-14,2:00am,EUR,German Prelim GDP q/q,High,0.0%,0.1%,0.1%,2020-02-14 02:00:00
2020-02-14,2:00am,EUR,German WPI m/m,Non-economic,1.0%,0.1%,0.0%,2020-02-14 02:00:00
2020-02-14,2:30am,CHF,PPI m/m,Non-economic,0.0%,0.2%,0.1%,2020-02-14 02:30:00
2020-02-14,4:00am,EUR,Italian Trade Balance,Non-economic,5.01B,5.23B,4.89B,2020-02-14 04:00:00
2020-02-14,5:00am,EUR,Flash Employment Change q/q,Non-economic,0.3%,0.1%,0.1%,2020-02-14 05:00:00
2020-02-14,5:00am,EUR,Flash GDP q/q,Non-economic,0.1%,0.1%,0.1%,2020-02-14 05:00:00
2020-02-14,5:00am,EUR,Trade Balance,Non-economic,22.2B,19.1B,19.1B,2020-02-14 05:00:00
2020-02-14,8:30am,USD,Core Retail Sales m/m,High,0.3%,0.3%,0.6%,2020-02-14 08:30:00
2020-02-14,8:30am,USD,Retail Sales m/m,High,0.3%,0.3%,0.2%,2020-02-14 08:30:00
2020-02-14,8:30am,USD,Import Prices m/m,Non-economic,0.0%,-0.2%,0.2%,2020-02-14 08:30:00
2020-02-14,9:15am,USD,Capacity Utilization Rate,Non-economic,76.8%,76.9%,77.1%,2020-02-14 09:15:00
2020-02-14,9:15am,USD,Industrial Production m/m,Non-economic,-0.3%,-0.2%,-0.4%,2020-02-14 09:15:00
2020-02-14,10:00am,USD,Prelim UoM Consumer Sentiment,Medium,100.9,99.5,99.8,2020-02-14 10:00:00
2020-02-14,10:00am,USD,Business Inventories m/m,Non-economic,0.1%,0.1%,-0.2%,2020-02-14 10:00:00
2020-02-14,10:00am,USD,Prelim UoM Inflation Expectations,Non-economic,2.5%,,2.5%,2020-02-14 10:00:00
2020-02-14,11:45am,USD,FOMC Member Mester Speaks,Non-economic,,,,2020-02-14 11:45:00
2020-02-16,4:30pm,NZD,BusinessNZ Services Index,Non-economic,57.1,,52.1,2020-02-16 16:30:00
2020-02-16,4:45pm,NZD,Visitor Arrivals m/m,Non-economic,1.0%,,-0.9%,2020-02-16 16:45:00
2020-02-16,6:50pm,JPY,Prelim GDP Price Index y/y,Non-economic,1.3%,1.1%,0.6%,2020-02-16 18:50:00
2020-02-16,6:50pm,JPY,Prelim GDP q/q,Non-economic,-1.6%,-1.0%,0.4%,2020-02-16 18:50:00
2020-02-16,7:01pm,GBP,Rightmove HPI m/m,Non-economic,0.8%,,2.3%,2020-02-16 19:01:00
2020-02-16,8:30pm,CNY,New Home Prices m/m,Non-economic,0.27%,,0.35%,2020-02-16 20:30:00
2020-02-16,Dec Data,CNY,Foreign Direct Investment ytd/y,Non-economic,5.8%,,6.0%,2020-02-16 00:00:00
2020-02-16,9:14pm,CNY,Foreign Direct Investment ytd/y,Non-economic,4.0%,,5.8%,2020-02-16 21:14:00
2020-02-16,11:30pm,JPY,Revised Industrial Production m/m,Non-economic,1.2%,1.3%,1.3%,2020-02-16 23:30:00
2020-02-17,All Day,EUR,Eurogroup Meetings,Non-economic,,,,2020-02-17 00:00:00
2020-02-17,6:00am,EUR,German Buba Monthly Report,Non-economic,,,,2020-02-17 06:00:00
2020-02-17,All Day,CAD,Bank Holiday,Low,,,,2020-02-17 00:00:00
2020-02-17,All Day,USD,Bank Holiday,Low,,,,2020-02-17 00:00:00
2020-02-17,8:30am,CAD,Foreign Securities Purchases,Non-economic,-9.57B,4.82B,-1.77B,2020-02-17 08:30:00
2020-02-17,7:30pm,AUD,Monetary Policy Meeting Minutes,High,,,,2020-02-17 19:30:00
2020-02-18,4:30am,GBP,Average Earnings Index 3m/y,Medium,2.9%,3.1%,3.2%,2020-02-18 04:30:00
2020-02-18,4:30am,GBP,Claimant Count Change,Non-economic,5.5K,20.2K,2.6K,2020-02-18 04:30:00
2020-02-18,4:30am,GBP,Unemployment Rate,Non-economic,3.8%,3.8%,3.8%,2020-02-18 04:30:00
2020-02-18,5:00am,EUR,German ZEW Economic Sentiment,High,8.7,20.0,26.7,2020-02-18 05:00:00
2020-02-18,5:00am,EUR,ZEW Economic Sentiment,Non-economic,10.4,21.3,25.6,2020-02-18 05:00:00
2020-02-18,All Day,EUR,ECOFIN Meetings,Non-economic,,,,2020-02-18 00:00:00
2020-02-18,8:30am,CAD,Manufacturing Sales m/m,Medium,-0.7%,0.8%,-1.0%,2020-02-18 08:30:00
2020-02-18,8:30am,USD,Empire State Manufacturing Index,Non-economic,12.9,5.1,4.8,2020-02-18 08:30:00
2020-02-18,9:54am,NZD,GDT Price Index,Non-economic,-2.9%,,-4.7%,2020-02-18 09:54:00
2020-02-18,10:00am,USD,NAHB Housing Market Index,Non-economic,74,75,75,2020-02-18 10:00:00
2020-02-18,10:30am,AUD,CB Leading Index m/m,Non-economic,0.0%,,-0.3%,2020-02-18 10:30:00
2020-02-18,2:00pm,USD,FOMC Member Kashkari Speaks,Non-economic,,,,2020-02-18 14:00:00
2020-02-18,4:00pm,USD,TIC Long-Term Purchases,Non-economic,85.6B,31.4B,27.1B,2020-02-18 16:00:00
2020-02-18,6:30pm,AUD,MI Leading Index m/m,Non-economic,0.1%,,0.0%,2020-02-18 18:30:00
2020-02-18,6:50pm,JPY,Core Machinery Orders m/m,Non-economic,-12.5%,-9.0%,18.0%,2020-02-18 18:50:00
2020-02-18,6:50pm,JPY,Trade Balance,Non-economic,-0.22T,-0.55T,-0.11T,2020-02-18 18:50:00
2020-02-18,7:30pm,AUD,Wage Price Index q/q,High,0.5%,0.5%,0.5%,2020-02-18 19:30:00
2020-02-19,4:00am,EUR,Current Account,Non-economic,32.6B,34.5B,32.4B,2020-02-19 04:00:00
2020-02-19,4:30am,GBP,CPI y/y,High,1.8%,1.6%,1.3%,2020-02-19 04:30:00
2020-02-19,4:30am,GBP,PPI Input m/m,Medium,0.9%,-0.5%,0.9%,2020-02-19 04:30:00
2020-02-19,4:30am,GBP,Core CPI y/y,Non-economic,1.6%,1.5%,1.4%,2020-02-19 04:30:00
2020-02-19,4:30am,GBP,HPI y/y,Non-economic,2.2%,2.3%,1.7%,2020-02-19 04:30:00
2020-02-19,4:30am,GBP,PPI Output m/m,Non-economic,0.3%,0.1%,0.0%,2020-02-19 04:30:00
2020-02-19,4:30am,GBP,RPI y/y,Non-economic,2.7%,2.5%,2.2%,2020-02-19 04:30:00
2020-02-19,5:35am,EUR,German 30-y Bond Auction,Non-economic,0.07|1.1,,0.31|1.1,2020-02-19 05:35:00
2020-02-19,8:30am,CAD,CPI m/m,High,0.3%,0.2%,0.0%,2020-02-19 08:30:00
2020-02-19,8:30am,CAD,Common CPI y/y,Medium,1.8%,2.0%,2.0%,2020-02-19 08:30:00
2020-02-19,8:30am,CAD,Median CPI y/y,Medium,2.2%,2.2%,2.2%,2020-02-19 08:30:00
2020-02-19,8:30am,CAD,Trimmed CPI y/y,Medium,2.1%,2.2%,2.0%,2020-02-19 08:30:00
2020-02-19,8:30am,USD,Building Permits,Medium,1.55M,1.45M,1.42M,2020-02-19 08:30:00
2020-02-19,8:30am,USD,Core PPI m/m,Medium,0.5%,0.2%,0.1%,2020-02-19 08:30:00
2020-02-19,8:30am,USD,PPI m/m,Medium,0.5%,0.1%,0.1%,2020-02-19 08:30:00
2020-02-19,8:30am,USD,FOMC Member Mester Speaks,Non-economic,,,,2020-02-19 08:30:00
2020-02-19,8:30am,USD,Housing Starts,Non-economic,1.57M,1.40M,1.63M,2020-02-19 08:30:00
2020-02-19,8:32am,CAD,Core CPI m/m,Non-economic,0.4%,,-0.4%,2020-02-19 08:32:00
2020-02-19,11:45am,USD,FOMC Member Kashkari Speaks,Non-economic,,,,2020-02-19 11:45:00
2020-02-19,1:30pm,USD,FOMC Member Kaplan Speaks,Non-economic,,,,2020-02-19 13:30:00
2020-02-19,2:00pm,USD,FOMC Meeting Minutes,High,,,,2020-02-19 14:00:00
2020-02-19,4:30pm,USD,API Weekly Statistical Bulletin,Non-economic,,,,2020-02-19 16:30:00
2020-02-19,4:45pm,NZD,PPI Input q/q,Non-economic,0.1%,0.6%,0.9%,2020-02-19 16:45:00
2020-02-19,4:45pm,NZD,PPI Output q/q,Non-economic,0.4%,0.5%,1.0%,2020-02-19 16:45:00
2020-02-19,7:30pm,AUD,Employment Change,High,13.5K,10.0K,28.7K,2020-02-19 19:30:00
2020-02-19,7:30pm,AUD,Unemployment Rate,High,5.3%,5.2%,5.1%,2020-02-19 19:30:00
2020-02-19,8:30pm,CNY,1-y Loan Prime Rate,Medium,4.05%,4.05%,4.15%,2020-02-19 20:30:00
2020-02-19,8:30pm,CNY,5-y Loan Prime Rate,Medium,4.75%,4.75%,4.80%,2020-02-19 20:30:00
2020-02-20,1:59am,EUR,German GfK Consumer Climate,Non-economic,9.8,9.9,9.9,2020-02-20 01:59:00
2020-02-20,2:00am,CHF,Trade Balance,Non-economic,4.78B,2.54B,1.97B,2020-02-20 02:00:00
2020-02-20,2:00am,EUR,German PPI m/m,Non-economic,0.8%,0.1%,0.1%,2020-02-20 02:00:00
2020-02-20,2:45am,EUR,French Final CPI m/m,Non-economic,-0.4%,-0.4%,-0.4%,2020-02-20 02:45:00
2020-02-20,3:00am,CNY,New Loans,Medium,3340B,3100B,1140B,2020-02-20 03:00:00
2020-02-20,3:00am,CNY,M2 Money Supply y/y,Non-economic,8.4%,8.6%,8.7%,2020-02-20 03:00:00
2020-02-20,4:30am,GBP,Retail Sales m/m,High,0.9%,0.7%,-0.5%,2020-02-20 04:30:00
2020-02-20,4:44am,EUR,Spanish 10-y Bond Auction,Non-economic,0.24|2.3,,0.35|1.6,2020-02-20 04:44:00
2020-02-20,6:00am,GBP,CBI Industrial Order Expectations,Non-economic,-18,-19,-22,2020-02-20 06:00:00
2020-02-20,7:30am,EUR,ECB Monetary Policy Meeting Accounts,High,,,,2020-02-20 07:30:00
2020-02-20,8:30am,CAD,NHPI m/m,Non-economic,0.0%,0.2%,0.2%,2020-02-20 08:30:00
2020-02-20,8:30am,USD,Philly Fed Manufacturing Index,Medium,36.7,10.1,17.0,2020-02-20 08:30:00
2020-02-20,8:30am,USD,Unemployment Claims,Non-economic,210K,210K,206K,2020-02-20 08:30:00
2020-02-20,8:34am,CAD,ADP Non-Farm Employment Change,Non-economic,25.9K,,46.7K,2020-02-20 08:34:00
2020-02-20,9:57am,EUR,Consumer Confidence,Non-economic,-7,-8,-8,2020-02-20 09:57:00
2020-02-20,10:00am,USD,CB Leading Index m/m,Non-economic,0.8%,0.4%,-0.3%,2020-02-20 10:00:00
2020-02-20,10:30am,USD,Natural Gas Storage,Non-economic,-151B,-143B,-115B,2020-02-20 10:30:00
2020-02-20,11:00am,USD,Crude Oil Inventories,Medium,0.4M,3.3M,7.5M,2020-02-20 11:00:00
2020-02-20,5:00pm,AUD,Flash Manufacturing PMI,Non-economic,49.8,,49.6,2020-02-20 17:00:00
2020-02-20,5:00pm,AUD,Flash Services PMI,Non-economic,48.4,,50.6,2020-02-20 17:00:00
2020-02-20,6:00pm,NZD,RBNZ Gov Orr Speaks,High,,,,2020-02-20 18:00:00
2020-02-20,6:30pm,JPY,National Core CPI y/y,Non-economic,0.8%,0.7%,0.7%,2020-02-20 18:30:00
2020-02-20,7:30pm,JPY,Flash Manufacturing PMI,Non-economic,47.6,47.9,48.8,2020-02-20 19:30:00
2020-02-20,11:30pm,JPY,All Industries Activity m/m,Non-economic,0.0%,0.3%,0.9%,2020-02-20 23:30:00
2020-02-21,3:15am,EUR,French Flash Services PMI,High,52.6,51.4,51.0,2020-02-21 03:15:00
2020-02-21,3:15am,EUR,French Flash Manufacturing PMI,Medium,49.7,50.8,51.1,2020-02-21 03:15:00
2020-02-21,3:30am,EUR,German Flash Manufacturing PMI,High,47.8,44.8,45.3,2020-02-21 03:30:00
2020-02-21,3:30am,EUR,German Flash Services PMI,High,53.3,53.9,54.2,2020-02-21 03:30:00
2020-02-21,4:00am,EUR,Flash Manufacturing PMI,Medium,49.1,47.4,47.9,2020-02-21 04:00:00
2020-02-21,4:00am,EUR,Flash Services PMI,Medium,52.8,52.4,52.5,2020-02-21 04:00:00
2020-02-21,4:30am,GBP,Flash Manufacturing PMI,High,51.9,49.7,50.0,2020-02-21 04:30:00
2020-02-21,4:30am,GBP,Flash Services PMI,High,53.3,53.4,53.9,2020-02-21 04:30:00
2020-02-21,4:30am,GBP,Public Sector Net Borrowing,Non-economic,-10.5B,-12.0B,3.5B,2020-02-21 04:30:00
2020-02-21,5:00am,EUR,Final Core CPI y/y,Non-economic,1.1%,1.1%,1.1%,2020-02-21 05:00:00
2020-02-21,5:00am,EUR,Final CPI y/y,Non-economic,1.4%,1.4%,1.4%,2020-02-21 05:00:00
2020-02-21,8:30am,CAD,Core Retail Sales m/m,High,0.5%,0.4%,0.5%,2020-02-21 08:30:00
2020-02-21,8:30am,CAD,Retail Sales m/m,Medium,0.0%,0.1%,1.1%,2020-02-21 08:30:00
2020-02-21,9:00am,EUR,Belgian NBB Business Climate,Non-economic,-2.7,-2.8,-2.0,2020-02-21 09:00:00
2020-02-21,9:35am,USD,FOMC Member Kaplan Speaks,Non-economic,,,,2020-02-21 09:35:00
2020-02-21,9:45am,USD,Flash Manufacturing PMI,High,50.8,51.5,51.9,2020-02-21 09:45:00
2020-02-21,9:45am,USD,Flash Services PMI,Non-economic,49.4,53.3,53.3,2020-02-21 09:45:00
2020-02-21,10:00am,USD,Existing Home Sales,Non-economic,5.46M,5.46M,5.53M,2020-02-21 10:00:00
2020-02-21,10:15am,USD,FOMC Member Brainard Speaks,Non-economic,,,,2020-02-21 10:15:00
2020-02-21,1:30pm,GBP,MPC Member Tenreyro Speaks,Non-economic,,,,2020-02-21 13:30:00
2020-02-21,1:30pm,USD,FOMC Member Clarida Speaks,Non-economic,,,,2020-02-21 13:30:00
2020-02-22,Day 1,All,G20 Meetings,Medium,,,,2020-02-22 00:00:00
2020-02-23,Day 2,All,G20 Meetings,Medium,,,,2020-02-23 00:00:00
2020-02-23,4:45pm,NZD,Retail Sales q/q,High,0.7%,0.8%,1.7%,2020-02-23 16:45:00
2020-02-23,4:49pm,NZD,Core Retail Sales q/q,Medium,0.5%,0.9%,1.9%,2020-02-23 16:49:00
2020-02-23,All Day,JPY,Bank Holiday,Low,,,,2020-02-23 00:00:00
2020-02-23,9:00pm,NZD,Credit Card Spending y/y,Non-economic,3.7%,,3.5%,2020-02-23 21:00:00
2020-02-24,4:00am,EUR,German ifo Business Climate,High,96.1,95.0,96.0,2020-02-24 04:00:00
2020-02-24,8:30am,CAD,Wholesale Sales m/m,Non-economic,0.9%,0.5%,-1.1%,2020-02-24 08:30:00
2020-02-24,9:00am,CNY,CB Leading Index m/m,Non-economic,1.0%,,1.5%,2020-02-24 09:00:00
2020-02-24,1:30pm,GBP,MPC Member Haldane Speaks,Medium,,,,2020-02-24 13:30:00
2020-02-24,3:00pm,USD,FOMC Member Mester Speaks,Non-economic,,,,2020-02-24 15:00:00
2020-02-24,6:50pm,JPY,SPPI y/y,Non-economic,2.3%,2.1%,2.1%,2020-02-24 18:50:00
2020-02-25,2:00am,EUR,German Final GDP q/q,Non-economic,0.0%,0.0%,0.0%,2020-02-25 02:00:00
2020-02-25,5:36am,GBP,10-y Bond Auction,Non-economic,0.51|2.2,,0.50|2.3,2020-02-25 05:36:00
2020-02-25,6:00am,GBP,CBI Realized Sales,Non-economic,1,4,0,2020-02-25 06:00:00
2020-02-25,8:30am,CAD,Corporate Profits q/q,Non-economic,3.6%,,0.4%,2020-02-25 08:30:00
2020-02-25,9:00am,USD,HPI m/m,Non-economic,0.6%,0.4%,0.3%,2020-02-25 09:00:00
2020-02-25,9:00am,USD,S&P/CS Composite-20 HPI y/y,Non-economic,2.9%,2.8%,2.5%,2020-02-25 09:00:00
2020-02-25,9:45am,USD,FOMC Member Kaplan Speaks,Non-economic,,,,2020-02-25 09:45:00
2020-02-25,9:59am,USD,Richmond Manufacturing Index,Medium,-2,10,20,2020-02-25 09:59:00
2020-02-25,10:00am,USD,CB Consumer Confidence,High,130.7,132.6,130.4,2020-02-25 10:00:00
2020-02-25,12:15pm,CAD,Gov Council Member Lane Speaks,Non-economic,,,,2020-02-25 12:15:00
2020-02-25,3:00pm,USD,FOMC Member Clarida Speaks,Non-economic,,,,2020-02-25 15:00:00
2020-02-25,4:30pm,USD,API Weekly Statistical Bulletin,Non-economic,,,,2020-02-25 16:30:00
2020-02-25,7:01pm,GBP,BRC Shop Price Index y/y,Non-economic,-0.6%,,-0.3%,2020-02-25 19:01:00
2020-02-25,7:30pm,AUD,Construction Work Done q/q,Medium,-3.0%,-1.0%,0.4%,2020-02-25 19:30:00
2020-02-26,12:00am,JPY,BOJ Core CPI y/y,Non-economic,0.3%,0.2%,0.3%,2020-02-26 00:00:00
2020-02-26,4:00am,CHF,UBS Economic Expectations,Non-economic,7.7,,8.3,2020-02-26 04:00:00
2020-02-26,8:30am,EUR,ECB President Lagarde Speaks,High,,,,2020-02-26 08:30:00
2020-02-26,9:45am,USD,FOMC Member Kaplan Speaks,Non-economic,,,,2020-02-26 09:45:00
2020-02-26,10:00am,USD,New Home Sales,Medium,764K,714K,708K,2020-02-26 10:00:00
2020-02-26,10:30am,USD,Crude Oil Inventories,Medium,0.5M,2.3M,0.4M,2020-02-26 10:30:00
2020-02-26,1:00pm,USD,FOMC Member Kashkari Speaks,Non-economic,,,,2020-02-26 13:00:00
2020-02-26,4:45pm,NZD,Trade Balance,Non-economic,-340M,-545M,384M,2020-02-26 16:45:00
2020-02-26,7:00pm,NZD,ANZ Business Confidence,High,-19.4,,-13.2,2020-02-26 19:00:00
2020-02-26,7:30pm,AUD,Private Capital Expenditure q/q,High,-2.8%,0.5%,-0.4%,2020-02-26 19:30:00
2020-02-27,3:00am,EUR,Spanish Flash CPI y/y,Non-economic,0.8%,0.8%,1.1%,2020-02-27 03:00:00
2020-02-27,4:00am,EUR,M3 Money Supply y/y,Non-economic,5.2%,5.3%,4.9%,2020-02-27 04:00:00
2020-02-27,4:00am,EUR,Private Loans y/y,Non-economic,3.7%,3.7%,3.6%,2020-02-27 04:00:00
2020-02-27,5:19am,EUR,Italian 10-y Bond Auction,Non-economic,1.00|1.3,,0.94|1.2,2020-02-27 05:19:00
2020-02-27,5:30am,GBP,MPC Member Cunliffe Speaks,Non-economic,,,,2020-02-27 05:30:00
2020-02-27,8:30am,CAD,Current Account,Medium,-8.8B,-9.0B,-10.9B,2020-02-27 08:30:00
2020-02-27,8:30am,USD,Core Durable Goods Orders m/m,Medium,0.9%,0.2%,0.1%,2020-02-27 08:30:00
2020-02-27,8:30am,USD,Durable Goods Orders m/m,Medium,-0.2%,-1.5%,2.9%,2020-02-27 08:30:00
2020-02-27,8:30am,USD,Prelim GDP q/q,Medium,2.1%,2.1%,2.1%,2020-02-27 08:30:00
2020-02-27,8:30am,USD,Prelim GDP Price Index q/q,Non-economic,1.3%,1.4%,1.4%,2020-02-27 08:30:00
2020-02-27,8:30am,USD,Unemployment Claims,Non-economic,219K,211K,211K,2020-02-27 08:30:00
2020-02-27,10:00am,USD,Pending Home Sales m/m,Medium,5.2%,2.8%,-4.3%,2020-02-27 10:00:00
2020-02-27,10:30am,USD,Natural Gas Storage,Non-economic,-143B,-158B,-151B,2020-02-27 10:30:00
2020-02-27,3:30pm,USD,FOMC Member Mester Speaks,Non-economic,,,,2020-02-27 15:30:00
2020-02-27,6:30pm,JPY,Tokyo Core CPI y/y,Non-economic,0.5%,0.6%,0.7%,2020-02-27 18:30:00
2020-02-27,6:30pm,JPY,Unemployment Rate,Non-economic,2.4%,2.2%,2.2%,2020-02-27 18:30:00
2020-02-27,6:50pm,JPY,Prelim Industrial Production m/m,Non-economic,0.8%,0.2%,1.2%,2020-02-27 18:50:00
2020-02-27,6:50pm,JPY,Retail Sales y/y,Non-economic,-0.4%,-1.3%,-2.6%,2020-02-27 18:50:00
2020-02-27,7:00pm,USD,FOMC Member Mester Speaks,Non-economic,,,,2020-02-27 19:00:00
2020-02-27,7:01pm,GBP,GfK Consumer Confidence,Non-economic,-7,-8,-9,2020-02-27 19:01:00
2020-02-27,7:30pm,AUD,Private Sector Credit m/m,Non-economic,0.3%,0.2%,0.2%,2020-02-27 19:30:00
2020-02-28,12:00am,JPY,Housing Starts y/y,Non-economic,-10.1%,-5.8%,-7.9%,2020-02-28 00:00:00
2020-02-28,1:59am,GBP,Nationwide HPI m/m,Non-economic,0.3%,0.4%,0.5%,2020-02-28 01:59:00
2020-02-28,2:00am,EUR,German Import Prices m/m,Non-economic,-0.4%,0.1%,0.2%,2020-02-28 02:00:00
2020-02-28,All Day,EUR,German Prelim CPI m/m,Medium,0.4%,0.3%,-0.6%,2020-02-28 00:00:00
2020-02-28,2:30am,CHF,Retail Sales y/y,Non-economic,-0.1%,0.1%,0.8%,2020-02-28 02:30:00
2020-02-28,2:45am,EUR,French Consumer Spending m/m,Non-economic,-1.1%,-0.1%,-0.3%,2020-02-28 02:45:00
2020-02-28,2:45am,EUR,French Prelim CPI m/m,Non-economic,0.0%,0.0%,-0.4%,2020-02-28 02:45:00
2020-02-28,2:45am,EUR,French Prelim GDP q/q,Non-economic,-0.1%,-0.1%,-0.1%,2020-02-28 02:45:00
2020-02-28,3:00am,CHF,KOF Economic Barometer,Non-economic,100.9,97.6,100.1,2020-02-28 03:00:00
2020-02-28,3:55am,EUR,German Unemployment Change,Non-economic,-10K,4K,-4K,2020-02-28 03:55:00
2020-02-28,5:00am,EUR,German Buba President Weidmann Speaks,Non-economic,,,,2020-02-28 05:00:00
2020-02-28,5:00am,EUR,Italian Prelim CPI m/m,Non-economic,0.0%,0.1%,0.1%,2020-02-28 05:00:00
2020-02-28,6:15am,GBP,MPC Member Haldane Speaks,Non-economic,,,,2020-02-28 06:15:00
2020-02-28,8:30am,CAD,GDP m/m,High,0.3%,0.1%,0.1%,2020-02-28 08:30:00
2020-02-28,8:30am,CAD,RMPI m/m,Medium,-2.2%,2.1%,2.7%,2020-02-28 08:30:00
2020-02-28,8:30am,CAD,IPPI m/m,Non-economic,-0.3%,0.1%,0.3%,2020-02-28 08:30:00
2020-02-28,8:30am,USD,Core PCE Price Index m/m,Medium,0.1%,0.2%,0.2%,2020-02-28 08:30:00
2020-02-28,8:30am,USD,Personal Spending m/m,Medium,0.2%,0.3%,0.4%,2020-02-28 08:30:00
2020-02-28,8:30am,USD,Goods Trade Balance,Non-economic,-65.5B,-68.5B,-68.7B,2020-02-28 08:30:00
2020-02-28,8:30am,USD,Personal Income m/m,Non-economic,0.6%,0.3%,0.1%,2020-02-28 08:30:00
2020-02-28,8:30am,USD,Prelim Wholesale Inventories m/m,Non-economic,-0.2%,0.1%,-0.2%,2020-02-28 08:30:00
2020-02-28,9:45am,USD,Chicago PMI,Medium,49.0,46.1,42.9,2020-02-28 09:45:00
2020-02-28,10:00am,USD,Revised UoM Consumer Sentiment,Non-economic,101.0,100.7,100.9,2020-02-28 10:00:00
2020-02-28,10:00am,USD,Revised UoM Inflation Expectations,Non-economic,2.4%,,2.5%,2020-02-28 10:00:00
2020-02-28,11:15am,GBP,MPC Member Cunliffe Speaks,Non-economic,,,,2020-02-28 11:15:00
2020-02-28,2:30pm,USD,Fed Announcement,High,,,,2020-02-28 14:30:00
2020-02-28,8:00pm,CNY,Manufacturing PMI,High,35.7,45.1,50.0,2020-02-28 20:00:00
2020-02-28,8:00pm,CNY,Non-Manufacturing PMI,High,29.6,51.4,54.1,2020-02-28 20:00:00
2020-03-01,4:30pm,AUD,AIG Manufacturing Index,Non-economic,44.3,,45.4,2020-03-01 16:30:00
2020-03-01,4:45pm,NZD,Overseas Trade Index q/q,Non-economic,2.6%,0.8%,1.7%,2020-03-01 16:45:00
2020-03-01,6:50pm,JPY,Capital Spending q/y,Non-economic,-3.5%,-2.5%,7.1%,2020-03-01 18:50:00
2020-03-01,7:00pm,AUD,MI Inflation Gauge m/m,Non-economic,-0.1%,,0.3%,2020-03-01 19:00:00
2020-03-01,7:30pm,AUD,Company Operating Profits q/q,Medium,-3.5%,-1.2%,-0.6%,2020-03-01 19:30:00
2020-03-01,7:30pm,AUD,ANZ Job Advertisements m/m,Non-economic,0.7%,,4.0%,2020-03-01 19:30:00
2020-03-01,7:30pm,JPY,Final Manufacturing PMI,Non-economic,47.8,47.6,47.6,2020-03-01 19:30:00
2020-03-01,8:45pm,CNY,RatingDog Manufacturing PMI,High,40.3,46.1,51.1,2020-03-01 20:45:00
2020-03-02,12:30am,AUD,Commodity Prices y/y,Non-economic,-6.1%,,-2.6%,2020-03-02 00:30:00
2020-03-02,3:15am,EUR,Spanish Manufacturing PMI,Non-economic,50.4,48.9,48.5,2020-03-02 03:15:00
2020-03-02,3:30am,CHF,Manufacturing PMI,Non-economic,49.5,47.9,47.8,2020-03-02 03:30:00
2020-03-02,3:45am,EUR,Italian Manufacturing PMI,Non-economic,48.7,48.0,48.9,2020-03-02 03:45:00
2020-03-02,3:50am,EUR,French Final Manufacturing PMI,Non-economic,49.8,49.7,49.7,2020-03-02 03:50:00
2020-03-02,3:55am,EUR,German Final Manufacturing PMI,Non-economic,48.0,47.8,47.8,2020-03-02 03:55:00
2020-03-02,4:00am,EUR,Final Manufacturing PMI,Non-economic,49.2,49.1,49.1,2020-03-02 04:00:00
2020-03-02,4:30am,GBP,Final Manufacturing PMI,Medium,51.7,51.9,51.9,2020-03-02 04:30:00
2020-03-02,4:30am,GBP,M4 Money Supply m/m,Non-economic,0.6%,0.2%,0.1%,2020-03-02 04:30:00
2020-03-02,4:30am,GBP,Mortgage Approvals,Non-economic,71K,68K,68K,2020-03-02 04:30:00
2020-03-02,4:32am,GBP,Net Lending to Individuals m/m,Non-economic,5.2B,5.9B,5.7B,2020-03-02 04:32:00
2020-03-02,9:30am,CAD,Manufacturing PMI,Non-economic,51.8,,50.6,2020-03-02 09:30:00
2020-03-02,9:45am,USD,Final Manufacturing PMI,Non-economic,50.7,50.8,50.8,2020-03-02 09:45:00
2020-03-02,10:00am,USD,ISM Manufacturing PMI,High,50.1,50.5,50.9,2020-03-02 10:00:00
2020-03-02,10:00am,USD,Construction Spending m/m,Non-economic,1.8%,0.6%,0.2%,2020-03-02 10:00:00
2020-03-02,10:00am,USD,ISM Manufacturing Prices,Non-economic,45.9,51.2,53.3,2020-03-02 10:00:00
2020-03-02,6:50pm,JPY,Monetary Base y/y,Non-economic,3.6%,3.0%,2.9%,2020-03-02 18:50:00
2020-03-02,7:30pm,AUD,Building Approvals m/m,High,-15.3%,1.1%,3.9%,2020-03-02 19:30:00
2020-03-02,7:30pm,AUD,Current Account,Medium,1.0B,2.3B,6.5B,2020-03-02 19:30:00
2020-03-02,10:30pm,AUD,Cash Rate,High,0.50%,0.50%,0.75%,2020-03-02 22:30:00
2020-03-02,10:30pm,AUD,RBA Rate Statement,High,,,,2020-03-02 22:30:00
2020-03-02,10:35pm,JPY,10-y Bond Auction,Non-economic,-0.10|3.2,,-0.05|3.6,2020-03-02 22:35:00
2020-03-03,12:00am,JPY,Consumer Confidence,Non-economic,38.4,38.4,39.1,2020-03-03 00:00:00
2020-03-03,1:45am,CHF,GDP q/q,Non-economic,0.3%,0.2%,0.4%,2020-03-03 01:45:00
2020-03-03,2:45am,EUR,French Gov Budget Balance,Non-economic,-20.0B,,-92.8B,2020-03-03 02:45:00
2020-03-03,3:00am,EUR,Spanish Unemployment Change,Non-economic,-7.8K,8.2K,90.2K,2020-03-03 03:00:00
2020-03-03,4:00am,EUR,Italian Monthly Unemployment Rate,Non-economic,9.8%,9.8%,9.8%,2020-03-03 04:00:00
2020-03-03,4:30am,GBP,Monetary Policy Report Hearings,High,,,,2020-03-03 04:30:00
2020-03-03,4:30am,GBP,Construction PMI,Non-economic,52.6,49.0,48.4,2020-03-03 04:30:00
2020-03-03,5:00am,EUR,CPI Flash Estimate y/y,Medium,1.2%,1.4%,1.4%,2020-03-03 05:00:00
2020-03-03,5:00am,EUR,Core CPI Flash Estimate y/y,Non-economic,1.2%,1.2%,1.1%,2020-03-03 05:00:00
2020-03-03,5:00am,EUR,PPI m/m,Non-economic,0.4%,0.5%,0.1%,2020-03-03 05:00:00
2020-03-03,5:00am,EUR,Unemployment Rate,Non-economic,7.4%,7.4%,7.4%,2020-03-03 05:00:00
2020-03-03,All Day,All,G7 Meetings,High,,,,2020-03-03 00:00:00
2020-03-03,9:38am,NZD,GDT Price Index,Non-economic,-1.2%,,-2.9%,2020-03-03 09:38:00
2020-03-03,10:00am,USD,Federal Funds Rate,High,1.25%,,1.75%,2020-03-03 10:00:00
2020-03-03,10:00am,USD,FOMC Statement,High,,,,2020-03-03 10:00:00
2020-03-03,10:00am,USD,RCM/TIPP Economic Optimism,Non-economic,53.9,58.1,59.8,2020-03-03 10:00:00
2020-03-03,All Day,USD,Wards Total Vehicle Sales,Non-economic,16.8M,16.8M,16.8M,2020-03-03 00:00:00
2020-03-03,11:00am,USD,FOMC Press Conference,High,,,,2020-03-03 11:00:00
2020-03-03,2:50pm,USD,FOMC Member Mester Speaks,Non-economic,,,,2020-03-03 14:50:00
2020-03-03,4:30pm,AUD,AIG Construction Index,Non-economic,42.7,,41.3,2020-03-03 16:30:00
2020-03-03,4:30pm,USD,API Weekly Statistical Bulletin,Non-economic,,,,2020-03-03 16:30:00
2020-03-03,4:45pm,NZD,Building Consents m/m,Non-economic,-2.0%,,9.8%,2020-03-03 16:45:00
2020-03-03,7:00pm,NZD,ANZ Commodity Prices m/m,Non-economic,-2.1%,,-0.9%,2020-03-03 19:00:00
2020-03-03,7:30pm,AUD,GDP q/q,High,0.5%,0.4%,0.6%,2020-03-03 19:30:00
2020-03-03,8:45pm,CNY,RatingDog Services PMI,Medium,26.5,48.0,51.8,2020-03-03 20:45:00
2020-03-04,2:00am,EUR,German Retail Sales m/m,Non-economic,0.9%,1.0%,-2.0%,2020-03-04 02:00:00
2020-03-04,2:30am,CHF,CPI m/m,Non-economic,0.1%,0.2%,-0.2%,2020-03-04 02:30:00
2020-03-04,3:15am,EUR,Spanish Services PMI,Non-economic,52.1,52.5,52.3,2020-03-04 03:15:00
2020-03-04,3:45am,EUR,Italian Services PMI,Non-economic,52.1,51.4,51.4,2020-03-04 03:45:00
2020-03-04,3:50am,EUR,French Final Services PMI,Non-economic,52.5,52.6,52.6,2020-03-04 03:50:00
2020-03-04,3:55am,EUR,German Final Services PMI,Non-economic,52.5,53.3,53.3,2020-03-04 03:55:00
2020-03-04,4:00am,EUR,Final Services PMI,Non-economic,52.6,52.8,52.8,2020-03-04 04:00:00
2020-03-04,4:30am,GBP,Final Services PMI,Medium,53.2,53.2,53.3,2020-03-04 04:30:00
2020-03-04,5:00am,EUR,Retail Sales m/m,Non-economic,0.6%,0.6%,-1.1%,2020-03-04 05:00:00
2020-03-04,All Day,All,OPEC-JMMC Meetings,Medium,,,,2020-03-04 00:00:00
2020-03-04,8:15am,USD,ADP Non-Farm Employment Change,High,183K,170K,209K,2020-03-04 08:15:00
2020-03-04,8:30am,CAD,Labor Productivity q/q,Non-economic,-0.1%,0.2%,0.2%,2020-03-04 08:30:00
2020-03-04,9:15am,GBP,BOE Gov Bailey Speaks,High,,,,2020-03-04 09:15:00
2020-03-04,9:45am,USD,Final Services PMI,Non-economic,49.4,49.4,49.4,2020-03-04 09:45:00
2020-03-04,10:00am,CAD,BOC Rate Statement,High,,,,2020-03-04 10:00:00
2020-03-04,10:00am,CAD,Overnight Rate,High,1.25%,1.25%,1.75%,2020-03-04 10:00:00
2020-03-04,10:00am,USD,ISM Services PMI,High,57.3,54.9,55.5,2020-03-04 10:00:00
2020-03-04,10:30am,USD,Crude Oil Inventories,Medium,0.8M,2.8M,0.5M,2020-03-04 10:30:00
2020-03-04,1:00pm,GBP,MPC Member Broadbent Speaks,Medium,,,,2020-03-04 13:00:00
2020-03-04,2:00pm,USD,Beige Book,Non-economic,,,,2020-03-04 14:00:00
2020-03-04,7:30pm,AUD,Goods Trade Balance,High,5.21B,4.80B,5.38B,2020-03-04 19:30:00
2020-03-04,10:35pm,JPY,30-y Bond Auction,Non-economic,0.34|3.6,,0.43|3.7,2020-03-04 22:35:00
2020-03-05,All Day,All,OPEC Meetings,High,,,,2020-03-05 00:00:00
2020-03-05,4:48am,EUR,Spanish 10-y Bond Auction,Non-economic,0.17|1.4,,0.24|2.3,2020-03-05 04:48:00
2020-03-05,5:01am,EUR,French 10-y Bond Auction,Non-economic,-0.32|2.2,,-0.11|2.2,2020-03-05 05:01:00
2020-03-05,7:30am,USD,Challenger Job Cuts y/y,Non-economic,-26.3%,,27.8%,2020-03-05 07:30:00
2020-03-05,8:00am,GBP,MPC Member Haldane Speaks,Non-economic,,,,2020-03-05 08:00:00
2020-03-05,8:30am,USD,Revised Nonfarm Productivity q/q,Non-economic,1.2%,1.4%,1.4%,2020-03-05 08:30:00
2020-03-05,8:30am,USD,Revised Unit Labor Costs q/q,Non-economic,0.9%,1.5%,1.4%,2020-03-05 08:30:00
2020-03-05,8:30am,USD,Unemployment Claims,Non-economic,216K,215K,219K,2020-03-05 08:30:00
2020-03-05,10:00am,USD,Factory Orders m/m,Non-economic,-0.5%,-0.2%,1.9%,2020-03-05 10:00:00
2020-03-05,10:30am,USD,Natural Gas Storage,Non-economic,-109B,-112B,-143B,2020-03-05 10:30:00
2020-03-05,12:00pm,GBP,BOE Gov Carney Speaks,High,,,,2020-03-05 12:00:00
2020-03-05,12:45pm,CAD,BOC Gov Poloz Speaks,High,,,,2020-03-05 12:45:00
2020-03-05,4:30pm,AUD,AIG Services Index,Non-economic,47.0,,47.4,2020-03-05 16:30:00
2020-03-05,6:30pm,JPY,Average Cash Earnings y/y,Non-economic,1.5%,0.2%,-0.2%,2020-03-05 18:30:00
2020-03-05,6:30pm,JPY,Household Spending y/y,Non-economic,-3.9%,-3.9%,-4.8%,2020-03-05 18:30:00
2020-03-05,6:30pm,USD,FOMC Member Kaplan Speaks,Medium,,,,2020-03-05 18:30:00
2020-03-05,7:30pm,AUD,Retail Sales m/m,High,-0.3%,0.0%,-0.7%,2020-03-05 19:30:00
2020-03-05,8:00pm,USD,FOMC Member Kashkari Speaks,Non-economic,,,,2020-03-05 20:00:00
2020-03-05,8:45pm,USD,FOMC Member Williams Speaks,Non-economic,,,,2020-03-05 20:45:00
2020-03-06,12:02am,JPY,Leading Indicators,Non-economic,90.3%,91.3%,91.6%,2020-03-06 00:02:00
2020-03-06,2:00am,EUR,German Factory Orders m/m,Non-economic,5.5%,1.5%,-2.1%,2020-03-06 02:00:00
2020-03-06,2:45am,EUR,French Trade Balance,Non-economic,-5.9B,-4.9B,-3.7B,2020-03-06 02:45:00
2020-03-06,3:00am,CHF,Foreign Currency Reserves,Non-economic,769B,,764B,2020-03-06 03:00:00
2020-03-06,3:30am,GBP,Halifax HPI m/m,Non-economic,0.3%,0.3%,0.4%,2020-03-06 03:30:00
2020-03-06,4:03am,EUR,Italian Retail Sales m/m,Non-economic,0.0%,0.3%,0.5%,2020-03-06 04:03:00
2020-03-06,All Day,All,OPEC-JMMC Meetings,Medium,,,,2020-03-06 00:00:00
2020-03-06,8:30am,CAD,Employment Change,High,30.3K,10.5K,34.5K,2020-03-06 08:30:00
2020-03-06,8:30am,CAD,Trade Balance,High,-1.5B,-0.8B,-0.7B,2020-03-06 08:30:00
2020-03-06,8:30am,CAD,Unemployment Rate,High,5.6%,5.6%,5.5%,2020-03-06 08:30:00
2020-03-06,8:30am,USD,Average Hourly Earnings m/m,High,0.3%,0.3%,0.2%,2020-03-06 08:30:00
2020-03-06,8:30am,USD,Non-Farm Employment Change,High,273K,175K,273K,2020-03-06 08:30:00
2020-03-06,8:30am,USD,Unemployment Rate,High,3.5%,3.6%,3.6%,2020-03-06 08:30:00
2020-03-06,8:30am,USD,Trade Balance,Non-economic,-45.3B,-46.3B,-48.6B,2020-03-06 08:30:00
2020-03-06,10:00am,CAD,Ivey PMI,Non-economic,54.1,55.2,57.3,2020-03-06 10:00:00
2020-03-06,10:00am,USD,Final Wholesale Inventories m/m,Non-economic,-0.4%,-0.2%,-0.2%,2020-03-06 10:00:00
2020-03-06,All Day,All,G20 Meetings,Medium,,,,2020-03-06 00:00:00
2020-03-06,2:00pm,USD,FOMC Member Williams Speaks,Non-economic,,,,2020-03-06 14:00:00
2020-03-06,3:00pm,USD,Consumer Credit m/m,Non-economic,12.0B,16.6B,20.3B,2020-03-06 15:00:00
2020-03-06,10:04pm,CNY,Trade Balance,High,-43B,,329B,2020-03-06 22:04:00
2020-03-06,10:05pm,CNY,USD-Denominated Trade Balance,Medium,-7.1B,,46.8B,2020-03-06 22:05:00
2020-03-08,2:00am,CAD,Daylight Saving Time Shift,Low,,,,2020-03-08 02:00:00
2020-03-08,2:00am,USD,Daylight Saving Time Shift,Low,,,,2020-03-08 02:00:00
2020-03-08,6:50pm,JPY,Bank Lending y/y,Non-economic,2.1%,1.9%,1.9%,2020-03-08 18:50:00
2020-03-08,6:50pm,JPY,Current Account,Non-economic,1.63T,1.66T,1.85T,2020-03-08 18:50:00
2020-03-08,6:50pm,JPY,Final GDP q/q,Non-economic,-1.8%,-1.7%,-1.6%,2020-03-08 18:50:00
2020-03-08,6:52pm,JPY,Final GDP Price Index y/y,Non-economic,1.2%,1.3%,1.3%,2020-03-08 18:52:00
2020-03-09,12:03am,JPY,Economy Watchers Sentiment,Non-economic,27.4,35.6,41.9,2020-03-09 00:03:00
2020-03-09,1:45am,CHF,Unemployment Rate,Non-economic,2.3%,2.3%,2.3%,2020-03-09 01:45:00
2020-03-09,2:00am,EUR,German Industrial Production m/m,Non-economic,3.0%,1.7%,-2.2%,2020-03-09 02:00:00
2020-03-09,2:00am,EUR,German Trade Balance,Non-economic,18.5B,18.8B,19.0B,2020-03-09 02:00:00
2020-03-09,4:30am,EUR,Sentix Investor Confidence,Non-economic,-17.1,-11.0,5.2,2020-03-09 04:30:00
2020-03-09,7:13am,CAD,Housing Starts,Non-economic,210K,217K,214K,2020-03-09 07:13:00
2020-03-09,7:30am,CAD,Building Permits m/m,Non-economic,4.0%,-2.9%,9.9%,2020-03-09 07:30:00
2020-03-09,4:45pm,NZD,Manufacturing Sales q/q,Non-economic,2.4%,,1.2%,2020-03-09 16:45:00
2020-03-09,5:34pm,USD,President Trump Speaks,High,,,,2020-03-09 17:34:00
2020-03-09,6:50pm,JPY,M2 Money Stock y/y,Non-economic,3.0%,2.8%,2.8%,2020-03-09 18:50:00
2020-03-09,7:01pm,GBP,BRC Retail Sales Monitor y/y,Non-economic,-0.4%,0.2%,0.0%,2020-03-09 19:01:00
2020-03-09,7:30pm,AUD,NAB Business Confidence,Medium,-4,,-1,2020-03-09 19:30:00
2020-03-09,7:38pm,USD,NFIB Small Business Index,Non-economic,104.5,102.7,104.3,2020-03-09 19:38:00
2020-03-09,8:00pm,NZD,RBNZ Gov Orr Speaks,High,,,,2020-03-09 20:00:00
2020-03-09,8:30pm,CNY,CPI y/y,Medium,5.2%,5.2%,5.4%,2020-03-09 20:30:00
2020-03-09,8:30pm,CNY,PPI y/y,Non-economic,-0.4%,-0.3%,0.1%,2020-03-09 20:30:00
2020-03-10,1:03am,JPY,Prelim Machine Tool Orders y/y,Non-economic,-30.1%,,-35.6%,2020-03-10 01:03:00
2020-03-10,1:30am,EUR,French Final Private Payrolls q/q,Non-economic,0.5%,0.2%,0.2%,2020-03-10 01:30:00
2020-03-10,2:45am,EUR,French Industrial Production m/m,Non-economic,1.2%,1.8%,-2.5%,2020-03-10 02:45:00
2020-03-10,4:00am,EUR,Italian Industrial Production m/m,Non-economic,3.7%,1.6%,-2.6%,2020-03-10 04:00:00
2020-03-10,5:00am,EUR,Final Employment Change q/q,Non-economic,0.3%,0.3%,0.3%,2020-03-10 05:00:00
2020-03-10,5:00am,EUR,Revised GDP q/q,Non-economic,0.1%,0.1%,0.1%,2020-03-10 05:00:00
2020-03-10,5:39am,GBP,10-y Bond Auction,Non-economic,0.31|2.2,,0.51|2.2,2020-03-10 05:39:00
2020-03-10,3:30pm,USD,API Weekly Statistical Bulletin,Non-economic,,,,2020-03-10 15:30:00
2020-03-10,5:00pm,AUD,RBA Deputy Gov Debelle Speaks,Medium,,,,2020-03-10 17:00:00
2020-03-10,6:30pm,AUD,Westpac Consumer Sentiment,Non-economic,-3.8%,,2.3%,2020-03-10 18:30:00
2020-03-11,2:00am,GBP,Monetary Policy Summary,High,,,,2020-03-11 02:00:00
2020-03-11,2:00am,GBP,MPC Official Bank Rate Votes,High,0-9-0,,0-2-7,2020-03-11 02:00:00
2020-03-11,2:00am,GBP,Official Bank Rate,High,0.25%,,0.75%,2020-03-11 02:00:00
2020-03-11,2:00am,GBP,Asset Purchase Facility,Non-economic,435B,,435B,2020-03-11 02:00:00
2020-03-11,2:00am,GBP,MPC Asset Purchase Facility Votes,Non-economic,0-0-9,,0-0-9,2020-03-11 02:00:00
2020-03-11,3:00am,CNY,New Loans,Medium,906B,1100B,3340B,2020-03-11 03:00:00
2020-03-11,3:00am,CNY,M2 Money Supply y/y,Non-economic,8.8%,8.5%,8.4%,2020-03-11 03:00:00
2020-03-11,4:00am,GBP,BOE Gov Carney Speaks,High,,,,2020-03-11 04:00:00
2020-03-11,4:30am,GBP,GDP m/m,Medium,0.0%,0.2%,0.3%,2020-03-11 04:30:00
2020-03-11,4:30am,GBP,Manufacturing Production m/m,Medium,0.2%,0.2%,0.3%,2020-03-11 04:30:00
2020-03-11,4:30am,GBP,Construction Output m/m,Non-economic,-0.8%,0.2%,0.4%,2020-03-11 04:30:00
2020-03-11,4:30am,GBP,Goods Trade Balance,Non-economic,-3.7B,-7.2B,-1.4B,2020-03-11 04:30:00
2020-03-11,4:30am,GBP,Index of Services 3m/3m,Non-economic,0.0%,0.1%,0.1%,2020-03-11 04:30:00
2020-03-11,4:30am,GBP,Industrial Production m/m,Non-economic,-0.1%,0.3%,0.1%,2020-03-11 04:30:00
2020-03-11,5:34am,EUR,German 10-y Bond Auction,Non-economic,-0.77|1.0,,-0.38|1.2,2020-03-11 05:34:00
2020-03-11,7:30am,CAD,Capacity Utilization Rate,Non-economic,81.2%,80.9%,81.5%,2020-03-11 07:30:00
2020-03-11,7:30am,GBP,Annual Budget Release,High,,,,2020-03-11 07:30:00
2020-03-11,7:30am,USD,Core CPI m/m,High,0.2%,0.2%,0.2%,2020-03-11 07:30:00
2020-03-11,7:30am,USD,CPI m/m,High,0.1%,0.0%,0.1%,2020-03-11 07:30:00
2020-03-11,7:30am,USD,CPI y/y,High,2.3%,2.2%,2.5%,2020-03-11 07:30:00
2020-03-11,8:02am,GBP,NIESR GDP Estimate,Non-economic,0.2%,,0.0%,2020-03-11 08:02:00
2020-03-11,9:00am,USD,Treasury Sec Mnuchin Speaks,High,,,,2020-03-11 09:00:00
2020-03-11,9:30am,USD,Crude Oil Inventories,Medium,7.7M,2.0M,0.8M,2020-03-11 09:30:00
2020-03-11,12:01pm,USD,10-y Bond Auction,Non-economic,0.85|2.4,,1.62|2.6,2020-03-11 12:01:00
2020-03-11,12:59pm,USD,Federal Budget Balance,Non-economic,-235.3B,-238.1B,-32.6B,2020-03-11 12:59:00
2020-03-11,6:50pm,JPY,BSI Manufacturing Index,Non-economic,-17.2,-10.2,-7.8,2020-03-11 18:50:00
2020-03-11,6:50pm,JPY,PPI y/y,Non-economic,0.8%,1.1%,1.5%,2020-03-11 18:50:00
2020-03-11,7:00pm,AUD,MI Inflation Expectations,Non-economic,4.0%,,4.0%,2020-03-11 19:00:00
2020-03-11,7:01pm,GBP,RICS House Price Balance,Non-economic,29%,20%,18%,2020-03-11 19:01:00
2020-03-11,8:00pm,USD,President Trump Speaks,High,,,,2020-03-11 20:00:00
2020-03-12,4:00am,EUR,Italian Quarterly Unemployment Rate,Non-economic,9.7%,9.8%,9.8%,2020-03-12 04:00:00
2020-03-12,5:00am,EUR,Industrial Production m/m,Non-economic,2.3%,1.4%,-1.8%,2020-03-12 05:00:00
2020-03-12,5:22am,EUR,Italian 10-y Bond Auction,Non-economic,1.29|1.5,,1.00|1.3,2020-03-12 05:22:00
2020-03-12,7:30am,USD,Core PPI m/m,Medium,-0.3%,0.1%,0.5%,2020-03-12 07:30:00
2020-03-12,7:30am,USD,PPI m/m,Medium,-0.6%,-0.1%,0.5%,2020-03-12 07:30:00
2020-03-12,7:30am,USD,Unemployment Claims,Non-economic,211K,219K,215K,2020-03-12 07:30:00
2020-03-12,7:45am,EUR,Main Refinancing Rate,High,0.00%,0.00%,0.00%,2020-03-12 07:45:00
2020-03-12,7:45am,EUR,Monetary Policy Statement,High,,,,2020-03-12 07:45:00
2020-03-12,8:30am,EUR,ECB Press Conference,High,,,,2020-03-12 08:30:00
2020-03-12,9:30am,USD,Natural Gas Storage,Non-economic,-48B,-55B,-109B,2020-03-12 09:30:00
2020-03-12,12:01pm,USD,30-y Bond Auction,Non-economic,1.32|2.4,,2.06|2.4,2020-03-12 12:01:00
2020-03-12,4:30pm,NZD,BusinessNZ Manufacturing Index,Non-economic,53.2,,49.8,2020-03-12 16:30:00
2020-03-12,4:45pm,NZD,FPI m/m,Non-economic,0.0%,,2.1%,2020-03-12 16:45:00
2020-03-12,11:30pm,JPY,Tertiary Industry Activity m/m,Non-economic,0.8%,0.0%,-0.3%,2020-03-12 23:30:00
2020-03-13,2:00am,EUR,German Final CPI m/m,Non-economic,0.4%,0.4%,0.4%,2020-03-13 02:00:00
2020-03-13,2:00am,EUR,German WPI m/m,Non-economic,-0.9%,-0.8%,1.0%,2020-03-13 02:00:00
2020-03-13,2:36am,CNY,Foreign Direct Investment ytd/y,Non-economic,-8.6%,,4.0%,2020-03-13 02:36:00
2020-03-13,2:45am,EUR,French Final CPI m/m,Non-economic,0.0%,0.0%,0.0%,2020-03-13 02:45:00
2020-03-13,7:30am,USD,Import Prices m/m,Non-economic,-0.5%,-1.0%,0.1%,2020-03-13 07:30:00
2020-03-13,8:30am,GBP,CB Leading Index m/m,Non-economic,0.1%,,0.1%,2020-03-13 08:30:00
2020-03-13,9:00am,USD,Prelim UoM Consumer Sentiment,Medium,95.9,95.0,101.0,2020-03-13 09:00:00
2020-03-13,9:00am,USD,Prelim UoM Inflation Expectations,Non-economic,2.3%,,2.4%,2020-03-13 09:00:00
2020-03-13,1:08pm,CAD,BOC Rate Statement,High,,,,2020-03-13 13:08:00
2020-03-13,1:08pm,CAD,Overnight Rate,High,0.75%,,1.25%,2020-03-13 13:08:00
2020-03-13,1:13pm,CAD,BOC Gov Poloz Speaks,High,,,,2020-03-13 13:13:00
2020-03-13,2:30pm,USD,President Trump Speaks,High,,,,2020-03-13 14:30:00
2020-03-15,2:00pm,NZD,Official Cash Rate,High,0.25%,,1.00%,2020-03-15 14:00:00
2020-03-15,2:00pm,NZD,RBNZ Rate Statement,High,,,,2020-03-15 14:00:00
2020-03-15,4:00pm,USD,Fed Announcement,High,,,,2020-03-15 16:00:00
2020-03-15,4:00pm,USD,Federal Funds Rate,High,<0.25%,,1.25%,2020-03-15 16:00:00
2020-03-15,4:00pm,USD,FOMC Statement,High,,,,2020-03-15 16:00:00
2020-03-15,4:17pm,USD,President Trump Speaks,High,,,,2020-03-15 16:17:00
2020-03-15,4:30pm,NZD,BusinessNZ Services Index,Non-economic,52.0,,57.2,2020-03-15 16:30:00
2020-03-15,4:48pm,NZD,Visitor Arrivals m/m,Non-economic,-0.6%,,0.4%,2020-03-15 16:48:00
2020-03-15,5:00pm,NZD,RBNZ Press Conference,High,,,,2020-03-15 17:00:00
2020-03-15,5:30pm,USD,FOMC Press Conference,High,,,,2020-03-15 17:30:00
2020-03-15,6:50pm,JPY,Core Machinery Orders m/m,Non-economic,2.9%,-1.0%,-12.5%,2020-03-15 18:50:00
2020-03-15,7:01pm,GBP,Rightmove HPI m/m,Non-economic,1.0%,,0.8%,2020-03-15 19:01:00
2020-03-15,8:30pm,CNY,New Home Prices m/m,Non-economic,0.02%,,0.27%,2020-03-15 20:30:00
2020-03-15,9:00pm,CNY,Industrial Production y/y,High,-13.5%,-3.0%,6.9%,2020-03-15 21:00:00
2020-03-15,9:00pm,CNY,Fixed Asset Investment ytd/y,Medium,-24.5%,-2.0%,5.4%,2020-03-15 21:00:00
2020-03-15,9:00pm,CNY,Retail Sales y/y,Non-economic,-20.5%,-4.0%,8.0%,2020-03-15 21:00:00
2020-03-15,9:00pm,CNY,Unemployment Rate,Non-economic,6.2%,,5.2%,2020-03-15 21:00:00
2020-03-15,9:01pm,CNY,NBS Press Conference,Non-economic,,,,2020-03-15 21:01:00
2020-03-16,12:06am,JPY,BOJ Policy Rate,High,-0.10%,-0.10%,-0.10%,2020-03-16 00:06:00
2020-03-16,12:06am,JPY,Monetary Policy Statement,High,,,,2020-03-16 00:06:00
2020-03-16,2:00am,JPY,BOJ Press Conference,Medium,,,,2020-03-16 02:00:00
2020-03-16,2:30am,CHF,PPI m/m,Non-economic,-0.9%,0.2%,0.0%,2020-03-16 02:30:00
2020-03-16,All Day,All,G7 Meetings,High,,,,2020-03-16 00:00:00
2020-03-16,All Day,EUR,Eurogroup Meetings,Non-economic,,,,2020-03-16 00:00:00
2020-03-16,7:30am,USD,Empire State Manufacturing Index,Medium,-21.5,5.1,12.9,2020-03-16 07:30:00
2020-03-16,2:25pm,USD,President Trump Speaks,High,,,,2020-03-16 14:25:00
2020-03-16,3:00pm,NZD,Westpac Consumer Sentiment,Non-economic,104.2,,109.9,2020-03-16 15:00:00
2020-03-16,3:00pm,USD,TIC Long-Term Purchases,Non-economic,20.9B,72.5B,85.6B,2020-03-16 15:00:00
2020-03-16,7:30pm,AUD,Monetary Policy Meeting Minutes,High,,,,2020-03-16 19:30:00
2020-03-16,7:30pm,AUD,HPI q/q,Medium,3.9%,4.5%,2.4%,2020-03-16 19:30:00
2020-03-16,11:30pm,JPY,Revised Industrial Production m/m,Non-economic,1.0%,0.8%,0.8%,2020-03-16 23:30:00
2020-03-17,4:30am,GBP,Average Earnings Index 3m/y,Medium,3.1%,3.0%,2.9%,2020-03-17 04:30:00
2020-03-17,4:30am,GBP,Claimant Count Change,Non-economic,17.3K,6.2K,-0.2K,2020-03-17 04:30:00
2020-03-17,4:30am,GBP,Unemployment Rate,Non-economic,3.9%,3.8%,3.8%,2020-03-17 04:30:00
2020-03-17,5:00am,EUR,German ZEW Economic Sentiment,High,-49.5,-29.7,8.7,2020-03-17 05:00:00
2020-03-17,5:00am,EUR,ZEW Economic Sentiment,Non-economic,-49.5,-23.1,10.4,2020-03-17 05:00:00
2020-03-17,All Day,EUR,EU Economic Summit,High,,,,2020-03-17 00:00:00
2020-03-17,All Day,EUR,ECOFIN Meetings,Non-economic,,,,2020-03-17 00:00:00
2020-03-17,5:30am,GBP,30-y Bond Auction,Non-economic,1.03|2.1,,1.25|1.7,2020-03-17 05:30:00
2020-03-17,7:30am,CAD,Manufacturing Sales m/m,Medium,-0.2%,-0.6%,-0.7%,2020-03-17 07:30:00
2020-03-17,7:30am,CAD,Foreign Securities Purchases,Non-economic,17.01B,-12.78B,-10.22B,2020-03-17 07:30:00
2020-03-17,7:30am,USD,Core Retail Sales m/m,High,-0.4%,0.1%,0.6%,2020-03-17 07:30:00
2020-03-17,7:30am,USD,Retail Sales m/m,High,-0.5%,0.2%,0.6%,2020-03-17 07:30:00
2020-03-17,8:15am,USD,Capacity Utilization Rate,Non-economic,77.0%,77.1%,76.6%,2020-03-17 08:15:00
2020-03-17,8:15am,USD,Industrial Production m/m,Non-economic,0.6%,0.4%,-0.5%,2020-03-17 08:15:00
2020-03-17,9:00am,USD,Business Inventories m/m,Non-economic,-0.1%,-0.1%,0.0%,2020-03-17 09:00:00
2020-03-17,9:00am,USD,JOLTS Job Openings,Non-economic,6.96M,6.40M,6.55M,2020-03-17 09:00:00
2020-03-17,9:00am,USD,NAHB Housing Market Index,Non-economic,72,74,74,2020-03-17 09:00:00
2020-03-17,9:45am,USD,Fed Announcement,High,,,,2020-03-17 09:45:00
2020-03-17,10:01am,NZD,GDT Price Index,Non-economic,-3.9%,,-1.2%,2020-03-17 10:01:00
2020-03-17,10:40am,USD,President Trump Speaks,High,,,,2020-03-17 10:40:00
2020-03-17,3:30pm,USD,API Weekly Statistical Bulletin,Non-economic,,,,2020-03-17 15:30:00
2020-03-17,4:45pm,NZD,Current Account,Non-economic,-2.66B,-2.83B,-6.26B,2020-03-17 16:45:00
2020-03-17,5:00pm,USD,Fed Announcement,High,,,,2020-03-17 17:00:00
2020-03-17,6:30pm,AUD,MI Leading Index m/m,Non-economic,-0.4%,,0.0%,2020-03-17 18:30:00
2020-03-17,6:50pm,JPY,Trade Balance,Non-economic,0.50T,0.54T,-0.08T,2020-03-17 18:50:00
2020-03-17,7:30pm,AUD,Retail Sales m/m,High,0.4%,0.4%,-0.3%,2020-03-17 19:30:00
2020-03-18,5:00am,EUR,Final Core CPI y/y,Non-economic,1.2%,1.2%,1.2%,2020-03-18 05:00:00
2020-03-18,5:00am,EUR,Final CPI y/y,Non-economic,1.2%,1.2%,1.2%,2020-03-18 05:00:00
2020-03-18,5:00am,EUR,Trade Balance,Non-economic,17.3B,19.3B,21.5B,2020-03-18 05:00:00
2020-03-18,5:03am,EUR,Italian Trade Balance,Non-economic,0.54B,4.23B,5.01B,2020-03-18 05:03:00
2020-03-18,5:37am,EUR,German 30-y Bond Auction,Non-economic,0.01|1.1,,0.07|1.1,2020-03-18 05:37:00
2020-03-18,7:30am,CAD,CPI m/m,High,0.4%,0.4%,0.3%,2020-03-18 07:30:00
2020-03-18,7:30am,CAD,Core CPI m/m,Non-economic,0.7%,,0.4%,2020-03-18 07:30:00
2020-03-18,7:30am,USD,Building Permits,Medium,1.46M,1.50M,1.55M,2020-03-18 07:30:00
2020-03-18,7:30am,USD,Housing Starts,Non-economic,1.60M,1.51M,1.62M,2020-03-18 07:30:00
2020-03-18,7:32am,CAD,Common CPI y/y,Medium,1.8%,1.8%,1.8%,2020-03-18 07:32:00
2020-03-18,7:32am,CAD,Median CPI y/y,Medium,2.1%,2.2%,2.1%,2020-03-18 07:32:00
2020-03-18,7:32am,CAD,Trimmed CPI y/y,Medium,2.0%,2.1%,2.1%,2020-03-18 07:32:00
2020-03-18,9:30am,USD,Crude Oil Inventories,Non-economic,2.0M,3.5M,7.7M,2020-03-18 09:30:00
2020-03-18,10:51am,CAD,BOC Gov Poloz Speaks,High,,,,2020-03-18 10:51:00
2020-03-18,11:07am,USD,President Trump Speaks,High,,,,2020-03-18 11:07:00
2020-03-18,4:45pm,NZD,GDP q/q,High,0.5%,0.5%,0.8%,2020-03-18 16:45:00
2020-03-18,6:30pm,JPY,National Core CPI y/y,Non-economic,0.6%,0.6%,0.8%,2020-03-18 18:30:00
2020-03-18,6:50pm,JPY,Monetary Policy Meeting Minutes,Non-economic,,,,2020-03-18 18:50:00
2020-03-18,7:30pm,AUD,Employment Change,High,26.7K,8.5K,12.9K,2020-03-18 19:30:00
2020-03-18,7:30pm,AUD,Unemployment Rate,High,5.1%,5.3%,5.3%,2020-03-18 19:30:00
2020-03-18,7:30pm,AUD,RBA Bulletin,Non-economic,,,,2020-03-18 19:30:00
2020-03-18,10:30pm,AUD,Cash Rate,High,0.25%,,0.50%,2020-03-18 22:30:00
2020-03-18,10:30pm,AUD,RBA Rate Statement,High,,,,2020-03-18 22:30:00
2020-03-18,11:30pm,JPY,All Industries Activity m/m,Non-economic,0.8%,0.3%,-0.1%,2020-03-18 23:30:00
2020-03-19,12:00am,AUD,RBA Gov Lowe Speaks,High,,,,2020-03-19 00:00:00
2020-03-19,2:00am,CHF,Trade Balance,Non-economic,3.57B,4.23B,4.77B,2020-03-19 02:00:00
2020-03-19,3:30am,CHF,SNB Monetary Policy Assessment,High,,,,2020-03-19 03:30:00
2020-03-19,3:30am,CHF,SNB Policy Rate,High,-0.75%,-0.75%,-0.75%,2020-03-19 03:30:00
2020-03-19,4:00am,EUR,German ifo Business Climate,High,87.7,,96.0,2020-03-19 04:00:00
2020-03-19,4:15am,CHF,SNB Press Conference,High,,,,2020-03-19 04:15:00
2020-03-19,5:00am,EUR,Spanish 10-y Bond Auction,Non-economic,0.66|2.2,,0.17|1.4,2020-03-19 05:00:00
2020-03-19,7:30am,CAD,ADP Non-Farm Employment Change,Non-economic,7.2K,,37.2K,2020-03-19 07:30:00
2020-03-19,7:30am,CAD,NHPI m/m,Non-economic,0.4%,0.2%,0.0%,2020-03-19 07:30:00
2020-03-19,7:30am,USD,Philly Fed Manufacturing Index,Medium,-12.7,9.5,36.7,2020-03-19 07:30:00
2020-03-19,7:30am,USD,Unemployment Claims,Medium,281K,220K,211K,2020-03-19 07:30:00
2020-03-19,7:30am,USD,Current Account,Non-economic,-110B,-109B,-125B,2020-03-19 07:30:00
2020-03-19,8:00am,CHF,SECO Economic Forecasts,Non-economic,,,,2020-03-19 08:00:00
2020-03-19,8:00am,USD,Fed Announcement,High,,,,2020-03-19 08:00:00
2020-03-19,9:00am,USD,CB Leading Index m/m,Non-economic,0.1%,0.1%,0.7%,2020-03-19 09:00:00
2020-03-19,9:30am,GBP,Monetary Policy Summary,High,,,,2020-03-19 09:30:00
2020-03-19,9:30am,GBP,MPC Official Bank Rate Votes,High,0-9-0,,0-9-0,2020-03-19 09:30:00
2020-03-19,9:30am,GBP,Official Bank Rate,High,0.10%,,0.25%,2020-03-19 09:30:00
2020-03-19,9:30am,GBP,Asset Purchase Facility,Non-economic,645B,,435B,2020-03-19 09:30:00
2020-03-19,9:30am,GBP,MPC Asset Purchase Facility Votes,Non-economic,9-0-0,,0-0-9,2020-03-19 09:30:00
2020-03-19,9:30am,USD,Natural Gas Storage,Non-economic,-9B,-5B,-48B,2020-03-19 09:30:00
2020-03-19,10:38am,USD,President Trump Speaks,High,,,,2020-03-19 10:38:00
2020-03-19,11:30am,GBP,BOE Gov Bailey Speaks,High,,,,2020-03-19 11:30:00
2020-03-19,All Day,JPY,Bank Holiday,Low,,,,2020-03-19 00:00:00
2020-03-19,8:30pm,CNY,1-y Loan Prime Rate,Medium,4.05%,4.05%,4.05%,2020-03-19 20:30:00
2020-03-19,8:30pm,CNY,5-y Loan Prime Rate,Medium,4.75%,4.75%,4.75%,2020-03-19 20:30:00
2020-03-19,9:00pm,NZD,Credit Card Spending y/y,Non-economic,2.5%,,3.7%,2020-03-19 21:00:00
2020-03-20,2:00am,EUR,German PPI m/m,Non-economic,-0.4%,-0.2%,0.8%,2020-03-20 02:00:00
2020-03-20,4:00am,EUR,Current Account,Non-economic,34.7B,30.3B,32.6B,2020-03-20 04:00:00
2020-03-20,4:30am,GBP,Consumer Inflation Expectations,Non-economic,3.0%,,3.1%,2020-03-20 04:30:00
2020-03-20,4:30am,GBP,Public Sector Net Borrowing,Non-economic,-0.4B,0.9B,-12.4B,2020-03-20 04:30:00
2020-03-20,7:30am,CAD,Core Retail Sales m/m,High,-0.1%,0.2%,0.7%,2020-03-20 07:30:00
2020-03-20,7:30am,CAD,Retail Sales m/m,Medium,0.4%,0.3%,0.2%,2020-03-20 07:30:00
2020-03-20,9:00am,USD,Fed Announcement,High,,,,2020-03-20 09:00:00
2020-03-20,9:00am,USD,Existing Home Sales,Non-economic,5.77M,5.50M,5.42M,2020-03-20 09:00:00
2020-03-20,10:00am,USD,Fed Announcement,High,,,,2020-03-20 10:00:00
2020-03-20,10:50am,USD,President Trump Speaks,High,,,,2020-03-20 10:50:00
2020-03-21,11:30am,USD,President Trump Speaks,High,,,,2020-03-21 11:30:00
2020-03-23,6:00am,EUR,German Buba Monthly Report,Non-economic,,,,2020-03-23 06:00:00
2020-03-23,7:00am,USD,Fed Announcement,High,,,,2020-03-23 07:00:00
2020-03-23,7:30am,CAD,Wholesale Sales m/m,Non-economic,1.8%,-0.2%,1.0%,2020-03-23 07:30:00
2020-03-23,8:00am,CNY,CB Leading Index m/m,Non-economic,-1.0%,,1.0%,2020-03-23 08:00:00
2020-03-23,10:00am,EUR,Consumer Confidence,Non-economic,-12,-14,-7,2020-03-23 10:00:00
2020-03-23,All Day,All,G20 Meetings,Medium,,,,2020-03-23 00:00:00
2020-03-23,5:00pm,AUD,Flash Manufacturing PMI,Non-economic,50.1,,50.2,2020-03-23 17:00:00
2020-03-23,5:00pm,AUD,Flash Services PMI,Non-economic,39.8,,49.0,2020-03-23 17:00:00
2020-03-23,5:12pm,USD,President Trump Speaks,High,,,,2020-03-23 17:12:00
2020-03-23,7:30pm,JPY,Flash Manufacturing PMI,Non-economic,44.8,42.1,47.8,2020-03-23 19:30:00
2020-03-24,12:00am,JPY,BOJ Core CPI y/y,Non-economic,0.2%,0.2%,0.3%,2020-03-24 00:00:00
2020-03-24,3:15am,EUR,French Flash Services PMI,High,29.0,39.6,52.5,2020-03-24 03:15:00
2020-03-24,3:15am,EUR,French Flash Manufacturing PMI,Medium,42.9,39.4,49.8,2020-03-24 03:15:00
2020-03-24,3:30am,EUR,German Flash Manufacturing PMI,High,45.7,40.1,48.0,2020-03-24 03:30:00
2020-03-24,3:30am,EUR,German Flash Services PMI,High,34.5,43.0,52.5,2020-03-24 03:30:00
2020-03-24,4:00am,EUR,Flash Manufacturing PMI,Medium,44.8,40.1,49.2,2020-03-24 04:00:00
2020-03-24,4:00am,EUR,Flash Services PMI,Medium,28.4,40.0,52.6,2020-03-24 04:00:00
2020-03-24,4:30am,GBP,Flash Manufacturing PMI,High,48.0,45.1,51.7,2020-03-24 04:30:00
2020-03-24,4:30am,GBP,Flash Services PMI,High,35.7,45.0,53.2,2020-03-24 04:30:00
2020-03-24,4:30am,GBP,FPC Meeting Minutes,Non-economic,,,,2020-03-24 04:30:00
2020-03-24,4:30am,GBP,FPC Statement,Non-economic,,,,2020-03-24 04:30:00
2020-03-24,All Day,All,G7 Meetings,High,,,,2020-03-24 00:00:00
2020-03-24,6:00am,GBP,CBI Industrial Order Expectations,Non-economic,-29,-38,-18,2020-03-24 06:00:00
2020-03-24,8:45am,USD,Flash Manufacturing PMI,High,49.2,45.1,50.7,2020-03-24 08:45:00
2020-03-24,8:45am,USD,Flash Services PMI,Medium,39.1,44.1,49.4,2020-03-24 08:45:00
2020-03-24,8:59am,USD,Richmond Manufacturing Index,Medium,2,-10,-2,2020-03-24 08:59:00
2020-03-24,9:00am,USD,New Home Sales,Non-economic,765K,750K,800K,2020-03-24 09:00:00
2020-03-24,11:05am,USD,President Trump Speaks,High,,,,2020-03-24 11:05:00
2020-03-24,3:30pm,USD,API Weekly Statistical Bulletin,Non-economic,,,,2020-03-24 15:30:00
2020-03-24,4:45pm,NZD,Trade Balance,Non-economic,594M,550M,-414M,2020-03-24 16:45:00
2020-03-24,6:50pm,JPY,BOJ Summary of Opinions,Non-economic,,,,2020-03-24 18:50:00
2020-03-25,2:00am,GBP,CPI y/y,High,1.7%,1.7%,1.8%,2020-03-25 02:00:00
2020-03-25,2:00am,GBP,Core CPI y/y,Non-economic,1.7%,1.5%,1.6%,2020-03-25 02:00:00
2020-03-25,2:00am,GBP,RPI y/y,Non-economic,2.5%,2.5%,2.7%,2020-03-25 02:00:00
2020-03-25,2:02am,GBP,PPI Input m/m,Medium,-1.2%,-2.0%,0.3%,2020-03-25 02:02:00
2020-03-25,2:02am,GBP,PPI Output m/m,Non-economic,-0.3%,0.0%,0.2%,2020-03-25 02:02:00
2020-03-25,4:00am,CHF,UBS Economic Expectations,Non-economic,-45.8,,7.7,2020-03-25 04:00:00
2020-03-25,4:00am,EUR,German ifo Business Climate,Medium,86.1,87.9,87.7,2020-03-25 04:00:00
2020-03-25,4:30am,GBP,HPI y/y,Non-economic,1.3%,2.7%,1.7%,2020-03-25 04:30:00
2020-03-25,6:00am,GBP,CBI Realized Sales,Non-economic,-3,-15,1,2020-03-25 06:00:00
2020-03-25,7:30am,USD,Core Durable Goods Orders m/m,Medium,-0.6%,-0.4%,0.8%,2020-03-25 07:30:00
2020-03-25,7:30am,USD,Durable Goods Orders m/m,Medium,1.2%,-1.0%,0.1%,2020-03-25 07:30:00
2020-03-25,8:00am,USD,HPI m/m,Non-economic,0.3%,0.4%,0.7%,2020-03-25 08:00:00
2020-03-25,8:59am,EUR,Belgian NBB Business Climate,Non-economic,-10.9,-11.2,-2.7,2020-03-25 08:59:00
2020-03-25,9:00am,CHF,SNB Quarterly Bulletin,Non-economic,,,,2020-03-25 09:00:00
2020-03-25,9:30am,AUD,CB Leading Index m/m,Non-economic,0.4%,,-0.3%,2020-03-25 09:30:00
2020-03-25,9:30am,USD,Crude Oil Inventories,Non-economic,1.6M,2.9M,2.0M,2020-03-25 09:30:00
2020-03-25,6:50pm,JPY,SPPI y/y,Non-economic,2.1%,2.2%,2.3%,2020-03-25 18:50:00
2020-03-26,2:00am,EUR,German GfK Consumer Climate,Non-economic,2.7,7.4,8.3,2020-03-26 02:00:00
2020-03-26,2:00am,GBP,Retail Sales m/m,Medium,-0.3%,0.2%,1.1%,2020-03-26 02:00:00
2020-03-26,4:00am,EUR,ECB Economic Bulletin,Non-economic,,,,2020-03-26 04:00:00
2020-03-26,4:00am,EUR,M3 Money Supply y/y,Non-economic,5.5%,5.2%,5.2%,2020-03-26 04:00:00
2020-03-26,4:02am,EUR,Private Loans y/y,Non-economic,3.8%,3.8%,3.7%,2020-03-26 04:02:00
2020-03-26,6:06am,USD,Fed Chairman Powell Speaks,High,,,,2020-03-26 06:06:00
2020-03-26,7:00am,GBP,Monetary Policy Summary,High,,,,2020-03-26 07:00:00
2020-03-26,7:00am,GBP,MPC Official Bank Rate Votes,High,0-0-9,0-0-9,0-9-0,2020-03-26 07:00:00
2020-03-26,7:00am,GBP,Official Bank Rate,High,0.10%,0.10%,0.10%,2020-03-26 07:00:00
2020-03-26,7:00am,GBP,Asset Purchase Facility,Non-economic,645B,645B,645B,2020-03-26 07:00:00
2020-03-26,7:00am,GBP,MPC Asset Purchase Facility Votes,Non-economic,0-0-9,0-0-9,9-0-0,2020-03-26 07:00:00
2020-03-26,7:30am,USD,Unemployment Claims,High,3283K,1648K,282K,2020-03-26 07:30:00
2020-03-26,7:30am,USD,Final GDP q/q,Medium,2.1%,2.1%,2.1%,2020-03-26 07:30:00
2020-03-26,7:30am,USD,Final GDP Price Index q/q,Non-economic,1.3%,1.3%,1.3%,2020-03-26 07:30:00
2020-03-26,7:30am,USD,Goods Trade Balance,Non-economic,-59.9B,-64.5B,-65.9B,2020-03-26 07:30:00
2020-03-26,7:30am,USD,Prelim Wholesale Inventories m/m,Non-economic,-0.5%,-0.2%,-0.4%,2020-03-26 07:30:00
2020-03-26,9:30am,USD,Natural Gas Storage,Non-economic,-29B,-30B,-9B,2020-03-26 09:30:00
2020-03-26,All Day,All,G20 Meetings,Medium,,,,2020-03-26 00:00:00
2020-03-26,6:30pm,JPY,Tokyo Core CPI y/y,Non-economic,0.4%,0.4%,0.5%,2020-03-26 18:30:00
2020-03-27,7:30am,USD,Core PCE Price Index m/m,Non-economic,0.2%,0.2%,0.1%,2020-03-27 07:30:00
2020-03-27,7:30am,USD,Personal Income m/m,Non-economic,0.6%,0.4%,0.6%,2020-03-27 07:30:00
2020-03-27,7:30am,USD,Personal Spending m/m,Non-economic,0.2%,0.2%,0.2%,2020-03-27 07:30:00
2020-03-27,8:00am,CAD,BOC Rate Statement,High,,,,2020-03-27 08:00:00
2020-03-27,8:00am,CAD,Overnight Rate,High,0.25%,,0.75%,2020-03-27 08:00:00
2020-03-27,8:30am,CAD,BOC Press Conference,High,,,,2020-03-27 08:30:00
2020-03-27,9:00am,USD,Revised UoM Consumer Sentiment,Non-economic,89.1,90.0,95.9,2020-03-27 09:00:00
2020-03-27,9:00am,USD,Revised UoM Inflation Expectations,Non-economic,2.2%,,2.3%,2020-03-27 09:00:00
2020-03-27,12:00pm,CAD,BOC Gov Poloz Speaks,High,,,,2020-03-27 12:00:00
2020-03-27,4:30pm,USD,President Trump Speaks,High,,,,2020-03-27 16:30:00
2020-03-28,8:00pm,CHF,Daylight Saving Time Shift,Low,,,,2020-03-28 20:00:00
2020-03-28,8:00pm,EUR,Daylight Saving Time Shift,Low,,,,2020-03-28 20:00:00
2020-03-28,8:00pm,GBP,Daylight Saving Time Shift,Low,,,,2020-03-28 20:00:00
2020-03-29,4:43pm,USD,President Trump Speaks,High,,,,2020-03-29 16:43:00
2020-03-30,2:00am,CHF,KOF Economic Barometer,Non-economic,92.9,85.1,101.8,2020-03-30 02:00:00
2020-03-30,2:00am,EUR,Spanish Flash CPI y/y,Non-economic,0.1%,0.6%,0.7%,2020-03-30 02:00:00
2020-03-30,All Day,EUR,German Prelim CPI m/m,Non-economic,0.1%,0.0%,0.4%,2020-03-30 00:00:00
2020-03-30,3:30am,GBP,M4 Money Supply m/m,Non-economic,0.3%,0.4%,0.7%,2020-03-30 03:30:00
2020-03-30,3:30am,GBP,Mortgage Approvals,Non-economic,74K,68K,71K,2020-03-30 03:30:00
2020-03-30,3:32am,GBP,Net Lending to Individuals m/m,Non-economic,5.2B,5.1B,5.1B,2020-03-30 03:32:00
2020-03-30,9:00am,USD,Pending Home Sales m/m,Non-economic,2.4%,-1.8%,5.3%,2020-03-30 09:00:00
2020-03-30,4:15pm,USD,President Trump Speaks,High,,,,2020-03-30 16:15:00
2020-03-30,4:45pm,NZD,Building Consents m/m,Non-economic,4.7%,,-2.8%,2020-03-30 16:45:00
2020-03-30,6:01pm,GBP,GfK Consumer Confidence,Non-economic,-9,-14,-7,2020-03-30 18:01:00
2020-03-30,6:30pm,JPY,Unemployment Rate,Non-economic,2.4%,2.4%,2.4%,2020-03-30 18:30:00
2020-03-30,6:50pm,JPY,Prelim Industrial Production m/m,Non-economic,0.4%,0.0%,1.0%,2020-03-30 18:50:00
2020-03-30,6:50pm,JPY,Retail Sales y/y,Non-economic,1.7%,-1.5%,-0.4%,2020-03-30 18:50:00
2020-03-30,7:00pm,NZD,ANZ Business Confidence,High,-63.5,,-19.4,2020-03-30 19:00:00
2020-03-30,7:30pm,AUD,Private Sector Credit m/m,Non-economic,0.4%,0.3%,0.4%,2020-03-30 19:30:00
2020-03-30,8:00pm,CNY,Manufacturing PMI,High,52.0,44.9,35.7,2020-03-30 20:00:00
2020-03-30,8:00pm,CNY,Non-Manufacturing PMI,Medium,52.3,42.1,29.6,2020-03-30 20:00:00
2020-03-31,12:00am,JPY,Housing Starts y/y,Non-economic,-12.3%,-14.6%,-10.1%,2020-03-31 00:00:00
2020-03-31,1:00am,EUR,German Import Prices m/m,Non-economic,-0.9%,-0.3%,-0.4%,2020-03-31 01:00:00
2020-03-31,1:00am,GBP,Current Account,Medium,-5.6B,-7.0B,-19.9B,2020-03-31 01:00:00
2020-03-31,1:00am,GBP,Final GDP q/q,Non-economic,0.0%,0.0%,0.0%,2020-03-31 01:00:00
2020-03-31,1:00am,GBP,Revised Business Investment q/q,Non-economic,-0.5%,-1.0%,-1.0%,2020-03-31 01:00:00
2020-03-31,1:30am,CHF,Retail Sales y/y,Non-economic,0.3%,0.0%,0.0%,2020-03-31 01:30:00
2020-03-31,1:45am,EUR,French Consumer Spending m/m,Non-economic,-0.1%,-0.7%,-1.2%,2020-03-31 01:45:00
2020-03-31,1:45am,EUR,French Prelim CPI m/m,Non-economic,0.0%,-0.4%,0.0%,2020-03-31 01:45:00
2020-03-31,2:55am,EUR,German Unemployment Change,Non-economic,1K,23K,-8K,2020-03-31 02:55:00
2020-03-31,4:00am,EUR,Core CPI Flash Estimate y/y,Non-economic,1.0%,1.1%,1.2%,2020-03-31 04:00:00
2020-03-31,4:00am,EUR,CPI Flash Estimate y/y,Non-economic,0.7%,0.8%,1.2%,2020-03-31 04:00:00
2020-03-31,4:00am,EUR,Italian Prelim CPI m/m,Non-economic,0.1%,0.1%,-0.1%,2020-03-31 04:00:00
2020-03-31,4:14am,EUR,Italian 10-y Bond Auction,Non-economic,1.44|1.5,,1.29|1.5,2020-03-31 04:14:00
2020-03-31,7:30am,CAD,GDP m/m,Medium,0.1%,0.1%,0.3%,2020-03-31 07:30:00
2020-03-31,7:30am,CAD,IPPI m/m,Non-economic,-0.5%,-0.2%,-0.3%,2020-03-31 07:30:00
2020-03-31,7:30am,CAD,RMPI m/m,Non-economic,-4.7%,-2.0%,-2.3%,2020-03-31 07:30:00
2020-03-31,7:30am,USD,Fed Announcement,High,,,,2020-03-31 07:30:00
2020-03-31,8:00am,USD,S&P/CS Composite-20 HPI y/y,Non-economic,3.1%,3.4%,2.8%,2020-03-31 08:00:00
2020-03-31,8:45am,USD,Chicago PMI,Medium,47.8,44.1,49.0,2020-03-31 08:45:00
2020-03-31,9:00am,USD,CB Consumer Confidence,High,120.0,115.1,132.6,2020-03-31 09:00:00
2020-03-31,3:30pm,USD,API Weekly Statistical Bulletin,Non-economic,,,,2020-03-31 15:30:00
2020-03-31,4:30pm,AUD,AIG Manufacturing Index,Non-economic,53.7,,44.3,2020-03-31 16:30:00
2020-03-31,4:30pm,USD,President Trump Speaks,High,,,,2020-03-31 16:30:00
2020-03-31,6:01pm,GBP,BRC Shop Price Index y/y,Non-economic,-0.8%,,-0.6%,2020-03-31 18:01:00
2020-03-31,6:50pm,JPY,Tankan Manufacturing Index,Non-economic,-8,-10,0,2020-03-31 18:50:00
2020-03-31,6:50pm,JPY,Tankan Non-Manufacturing Index,Non-economic,8,3,20,2020-03-31 18:50:00
2020-03-31,7:30pm,AUD,Monetary Policy Meeting Minutes,Medium,,,,2020-03-31 19:30:00
2020-03-31,7:30pm,AUD,Building Approvals m/m,Non-economic,19.9%,3.1%,-15.1%,2020-03-31 19:30:00
2020-03-31,7:30pm,JPY,Final Manufacturing PMI,Non-economic,44.8,44.9,44.8,2020-03-31 19:30:00
2020-03-31,8:45pm,CNY,RatingDog Manufacturing PMI,Medium,50.1,45.0,40.3,2020-03-31 20:45:00
2020-04-01,12:30am,AUD,Commodity Prices y/y,Non-economic,-10.2%,,-6.0%,2020-04-01 00:30:00
2020-04-01,1:00am,EUR,German Retail Sales m/m,Non-economic,1.2%,0.1%,1.0%,2020-04-01 01:00:00
2020-04-01,2:15am,EUR,Spanish Manufacturing PMI,Non-economic,45.7,44.0,50.4,2020-04-01 02:15:00
2020-04-01,2:30am,CHF,Manufacturing PMI,Non-economic,43.7,42.3,49.5,2020-04-01 02:30:00
2020-04-01,2:45am,EUR,Italian Manufacturing PMI,Non-economic,40.3,41.1,48.7,2020-04-01 02:45:00
2020-04-01,2:50am,EUR,French Final Manufacturing PMI,Non-economic,43.2,42.9,42.9,2020-04-01 02:50:00
2020-04-01,2:55am,EUR,German Final Manufacturing PMI,Non-economic,45.4,45.6,45.7,2020-04-01 02:55:00
2020-04-01,3:00am,EUR,Final Manufacturing PMI,Non-economic,44.5,44.7,44.8,2020-04-01 03:00:00
2020-04-01,3:00am,EUR,Italian Monthly Unemployment Rate,Non-economic,9.7%,10.0%,9.8%,2020-04-01 03:00:00
2020-04-01,3:30am,GBP,Final Manufacturing PMI,Non-economic,47.8,47.1,48.0,2020-04-01 03:30:00
2020-04-01,4:00am,EUR,Unemployment Rate,Non-economic,7.3%,7.4%,7.4%,2020-04-01 04:00:00
2020-04-01,7:15am,USD,ADP Non-Farm Employment Change,High,-27K,-150K,179K,2020-04-01 07:15:00
2020-04-01,8:30am,CAD,Manufacturing PMI,Non-economic,46.1,,51.8,2020-04-01 08:30:00
2020-04-01,8:45am,USD,Final Manufacturing PMI,Non-economic,48.5,48.2,49.2,2020-04-01 08:45:00
2020-04-01,9:00am,USD,ISM Manufacturing PMI,High,49.1,44.9,50.1,2020-04-01 09:00:00
2020-04-01,9:00am,USD,Construction Spending m/m,Non-economic,-1.3%,0.6%,2.8%,2020-04-01 09:00:00
2020-04-01,9:00am,USD,ISM Manufacturing Prices,Non-economic,37.4,41.6,45.9,2020-04-01 09:00:00
2020-04-01,All Day,USD,Wards Total Vehicle Sales,Non-economic,11.4M,12.2M,16.8M,2020-04-01 00:00:00
2020-04-01,9:30am,USD,Crude Oil Inventories,Non-economic,13.8M,3.7M,1.6M,2020-04-01 09:30:00
2020-04-01,4:37pm,USD,President Trump Speaks,High,,,,2020-04-01 16:37:00
2020-04-01,6:50pm,JPY,Monetary Base y/y,Non-economic,2.8%,3.5%,3.6%,2020-04-01 18:50:00
2020-04-01,7:30pm,AUD,NAB Quarterly Business Confidence,Non-economic,-11,,-2,2020-04-01 19:30:00
2020-04-01,10:35pm,JPY,10-y Bond Auction,Non-economic,0.02|4.2,,-0.10|3.2,2020-04-01 22:35:00
2020-04-02,1:00am,GBP,Nationwide HPI m/m,Non-economic,0.8%,0.0%,0.3%,2020-04-02 01:00:00
2020-04-02,1:30am,CHF,CPI m/m,Non-economic,0.1%,0.1%,0.1%,2020-04-02 01:30:00
2020-04-02,2:00am,EUR,Spanish Unemployment Change,Non-economic,302.3K,27.7K,-7.8K,2020-04-02 02:00:00
2020-04-02,3:53am,EUR,Spanish 10-y Bond Auction,Non-economic,0.69|2.0,,0.66|2.2,2020-04-02 03:53:00
2020-04-02,3:59am,EUR,French 10-y Bond Auction,Non-economic,0.04|2.7,,-0.32|2.2,2020-04-02 03:59:00
2020-04-02,4:00am,EUR,PPI m/m,Non-economic,-0.6%,-0.3%,0.2%,2020-04-02 04:00:00
2020-04-02,6:30am,USD,Challenger Job Cuts y/y,Non-economic,266.9%,,-26.3%,2020-04-02 06:30:00
2020-04-02,7:30am,CAD,Trade Balance,Medium,-1.0B,-2.3B,-1.7B,2020-04-02 07:30:00
2020-04-02,7:30am,USD,Unemployment Claims,High,6648K,3600K,3307K,2020-04-02 07:30:00
2020-04-02,7:30am,USD,Trade Balance,Non-economic,-39.9B,-40.6B,-45.5B,2020-04-02 07:30:00
2020-04-02,9:00am,USD,Factory Orders m/m,Non-economic,0.0%,0.2%,-0.5%,2020-04-02 09:00:00
2020-04-02,9:30am,USD,Natural Gas Storage,Non-economic,-19B,-31B,-29B,2020-04-02 09:30:00
2020-04-02,4:23pm,USD,President Trump Speaks,High,,,,2020-04-02 16:23:00
2020-04-02,4:30pm,AUD,AIG Construction Index,Non-economic,37.9,,42.7,2020-04-02 16:30:00
2020-04-02,8:45pm,CNY,RatingDog Services PMI,Medium,43.0,39.6,26.5,2020-04-02 20:45:00
2020-04-03,1:45am,EUR,French Gov Budget Balance,Non-economic,-35.2B,,-20.0B,2020-04-03 01:45:00
2020-04-03,2:15am,EUR,Spanish Services PMI,Non-economic,23.0,25.6,52.1,2020-04-03 02:15:00
2020-04-03,2:45am,EUR,Italian Services PMI,Non-economic,17.4,22.4,52.1,2020-04-03 02:45:00
2020-04-03,2:50am,EUR,French Final Services PMI,Non-economic,27.4,29.0,29.0,2020-04-03 02:50:00
2020-04-03,2:55am,EUR,German Final Services PMI,Non-economic,31.7,34.3,34.5,2020-04-03 02:55:00
2020-04-03,3:00am,EUR,Final Services PMI,Non-economic,26.4,28.2,28.4,2020-04-03 03:00:00
2020-04-03,3:30am,GBP,Final Services PMI,Medium,34.5,34.7,35.7,2020-04-03 03:30:00
2020-04-03,4:00am,EUR,Retail Sales m/m,Non-economic,0.9%,0.1%,0.7%,2020-04-03 04:00:00
2020-04-03,7:30am,USD,Average Hourly Earnings m/m,High,0.4%,0.2%,0.3%,2020-04-03 07:30:00
2020-04-03,7:30am,USD,Non-Farm Employment Change,High,-701K,-100K,275K,2020-04-03 07:30:00
2020-04-03,7:30am,USD,Unemployment Rate,High,4.4%,3.8%,3.5%,2020-04-03 07:30:00
2020-04-03,8:45am,USD,Final Services PMI,Non-economic,39.8,38.7,39.1,2020-04-03 08:45:00
2020-04-03,9:00am,USD,ISM Services PMI,Medium,52.5,43.5,57.3,2020-04-03 09:00:00
2020-04-04,9:00am,NZD,Daylight Saving Time Shift,Low,,,,2020-04-04 09:00:00
2020-04-04,11:00am,AUD,Daylight Saving Time Shift,Low,,,,2020-04-04 11:00:00
2020-04-04,2:30pm,USD,President Trump Speaks,High,,,,2020-04-04 14:30:00
2020-04-05,5:45pm,USD,President Trump Speaks,High,,,,2020-04-05 17:45:00
2020-04-05,6:01pm,GBP,GfK Consumer Confidence,Non-economic,-34,,-9,2020-04-05 18:01:00
2020-04-05,All Day,CNY,Bank Holiday,Low,,,,2020-04-05 00:00:00
2020-04-05,8:00pm,AUD,MI Inflation Gauge m/m,Non-economic,0.2%,,-0.1%,2020-04-05 20:00:00
2020-04-05,8:00pm,NZD,ANZ Commodity Prices m/m,Non-economic,-2.1%,,-2.1%,2020-04-05 20:00:00
2020-04-06,12:00am,JPY,Consumer Confidence,Non-economic,30.9,34.2,38.4,2020-04-06 00:00:00
2020-04-06,1:00am,EUR,German Factory Orders m/m,Non-economic,-1.4%,-2.7%,4.8%,2020-04-06 01:00:00
2020-04-06,3:30am,EUR,Sentix Investor Confidence,Non-economic,-42.9,-30.5,-17.1,2020-04-06 03:30:00
2020-04-06,3:30am,GBP,Construction PMI,Non-economic,39.3,44.0,52.6,2020-04-06 03:30:00
2020-04-06,3:34am,GBP,Housing Equity Withdrawal q/q,Non-economic,-5.1B,-6.2B,-6.0B,2020-04-06 03:34:00
2020-04-06,9:30am,CAD,BOC Business Outlook Survey,High,,,,2020-04-06 09:30:00
2020-04-06,4:42pm,USD,President Trump Speaks,High,,,,2020-04-06 16:42:00
2020-04-06,5:02pm,NZD,NZIER Business Confidence,Medium,-70,,-21,2020-04-06 17:02:00
2020-04-06,5:30pm,AUD,AIG Services Index,Non-economic,38.7,,47.0,2020-04-06 17:30:00
2020-04-06,6:30pm,JPY,Average Cash Earnings y/y,Non-economic,1.0%,0.2%,1.2%,2020-04-06 18:30:00
2020-04-06,6:30pm,JPY,Household Spending y/y,Non-economic,-0.3%,-3.3%,-3.9%,2020-04-06 18:30:00
2020-04-06,8:30pm,AUD,Goods Trade Balance,Medium,4.36B,3.75B,4.75B,2020-04-06 20:30:00
2020-04-06,8:30pm,AUD,ANZ Job Advertisements m/m,Non-economic,-10.3%,,1.2%,2020-04-06 20:30:00
2020-04-06,10:35pm,JPY,30-y Bond Auction,Non-economic,0.43|3.5,,0.34|3.6,2020-04-06 22:35:00
2020-04-06,11:30pm,AUD,Cash Rate,High,0.25%,0.25%,0.25%,2020-04-06 23:30:00
2020-04-06,11:30pm,AUD,RBA Rate Statement,High,,,,2020-04-06 23:30:00
2020-04-07,12:00am,JPY,Leading Indicators,Non-economic,92.1%,92.0%,90.5%,2020-04-07 00:00:00
2020-04-07,12:45am,CHF,Unemployment Rate,Non-economic,2.8%,2.7%,2.6%,2020-04-07 00:45:00
2020-04-07,1:00am,EUR,German Industrial Production m/m,Non-economic,0.3%,-0.7%,3.2%,2020-04-07 01:00:00
2020-04-07,1:45am,EUR,French Trade Balance,Non-economic,-5.2B,-5.1B,-6.0B,2020-04-07 01:45:00
2020-04-07,2:00am,CHF,Foreign Currency Reserves,Non-economic,766B,,769B,2020-04-07 02:00:00
2020-04-07,2:30am,GBP,Halifax HPI m/m,Non-economic,0.0%,0.2%,0.2%,2020-04-07 02:30:00
2020-04-07,3:00am,EUR,Italian Retail Sales m/m,Non-economic,0.8%,-0.4%,0.1%,2020-04-07 03:00:00
2020-04-07,5:00am,USD,NFIB Small Business Index,Non-economic,96.4,96.3,104.5,2020-04-07 05:00:00
2020-04-07,Day 1,EUR,Eurogroup Meetings,Medium,,,,2020-04-07 00:00:00
2020-04-07,9:00am,CAD,Ivey PMI,Non-economic,26.0,50.1,54.1,2020-04-07 09:00:00
2020-04-07,9:00am,USD,JOLTS Job Openings,Non-economic,6.88M,6.55M,7.01M,2020-04-07 09:00:00
2020-04-07,9:00am,USD,RCM/TIPP Economic Optimism,Non-economic,47.8,49.1,53.9,2020-04-07 09:00:00
2020-04-07,9:54am,NZD,GDT Price Index,Non-economic,1.2%,,-3.9%,2020-04-07 09:54:00
2020-04-07,12:01pm,USD,10-y Bond Auction,Non-economic,0.78|2.4,,0.85|2.4,2020-04-07 12:01:00
2020-04-07,2:00pm,USD,Consumer Credit m/m,Non-economic,22.3B,13.9B,12.1B,2020-04-07 14:00:00
2020-04-07,3:30pm,USD,API Weekly Statistical Bulletin,Non-economic,,,,2020-04-07 15:30:00
2020-04-07,4:42pm,USD,President Trump Speaks,High,,,,2020-04-07 16:42:00
2020-04-07,6:50pm,JPY,Core Machinery Orders m/m,Non-economic,2.3%,-2.9%,2.9%,2020-04-07 18:50:00
2020-04-07,6:50pm,JPY,Current Account,Non-economic,2.38T,2.02T,1.63T,2020-04-07 18:50:00
2020-04-07,8:00pm,NZD,Prelim ANZ Business Confidence,High,-73.1,,-63.5,2020-04-07 20:00:00
2020-04-08,12:00am,JPY,Economy Watchers Sentiment,Non-economic,14.2,22.2,27.4,2020-04-08 00:00:00
2020-04-08,4:05am,GBP,10-y Bond Auction,Non-economic,0.38|3.9,,0.31|2.2,2020-04-08 04:05:00
2020-04-08,4:34am,EUR,German 10-y Bond Auction,Non-economic,-0.34|1.8,,-0.77|1.0,2020-04-08 04:34:00
2020-04-08,Day 2,EUR,Eurogroup Meetings,Medium,,,,2020-04-08 00:00:00
2020-04-08,7:13am,CAD,Housing Starts,Non-economic,195K,173K,211K,2020-04-08 07:13:00
2020-04-08,7:30am,CAD,Building Permits m/m,Non-economic,-7.3%,-4.0%,3.3%,2020-04-08 07:30:00
2020-04-08,9:30am,USD,Crude Oil Inventories,Non-economic,15.2M,9.8M,13.8M,2020-04-08 09:30:00
2020-04-08,12:01pm,USD,30-y Bond Auction,Non-economic,1.33|2.4,,1.32|2.4,2020-04-08 12:01:00
2020-04-08,1:00pm,USD,FOMC Meeting Minutes,Medium,,,,2020-04-08 13:00:00
2020-04-08,4:46pm,USD,President Trump Speaks,High,,,,2020-04-08 16:46:00
2020-04-08,6:01pm,GBP,RICS House Price Balance,Non-economic,11%,11%,29%,2020-04-08 18:01:00
2020-04-08,7:30pm,JPY,BOJ Gov Kuroda Speaks,Medium,,,,2020-04-08 19:30:00
2020-04-08,8:30pm,AUD,RBA Financial Stability Review,Medium,,,,2020-04-08 20:30:00
2020-04-09,12:59am,JPY,Prelim Machine Tool Orders y/y,Non-economic,-40.8%,,-29.6%,2020-04-09 00:59:00
2020-04-09,1:00am,EUR,German Trade Balance,Non-economic,21.6B,20.3B,18.7B,2020-04-09 01:00:00
2020-04-09,1:00am,GBP,GDP m/m,Medium,-0.1%,0.1%,0.1%,2020-04-09 01:00:00
2020-04-09,1:00am,GBP,Construction Output m/m,Non-economic,-1.7%,0.3%,-0.2%,2020-04-09 01:00:00
2020-04-09,1:00am,GBP,Goods Trade Balance,Non-economic,-11.5B,-6.0B,-5.8B,2020-04-09 01:00:00
2020-04-09,1:00am,GBP,Index of Services 3m/3m,Non-economic,0.2%,0.3%,0.0%,2020-04-09 01:00:00
2020-04-09,1:00am,GBP,Industrial Production m/m,Non-economic,0.1%,0.1%,0.2%,2020-04-09 01:00:00
2020-04-09,1:00am,GBP,Manufacturing Production m/m,Non-economic,0.5%,0.2%,0.4%,2020-04-09 01:00:00
2020-04-09,3:00am,EUR,Italian Industrial Production m/m,Non-economic,-1.2%,-1.6%,3.6%,2020-04-09 03:00:00
2020-04-09,All Day,All,OPEC Meetings,High,,,,2020-04-09 00:00:00
2020-04-09,All Day,All,OPEC-JMMC Meetings,High,,,,2020-04-09 00:00:00
2020-04-09,Day 3,EUR,Eurogroup Meetings,Medium,,,,2020-04-09 00:00:00
2020-04-09,6:30am,EUR,ECB Monetary Policy Meeting Accounts,High,,,,2020-04-09 06:30:00
2020-04-09,7:30am,CAD,Employment Change,High,-1010.7K,-427.0K,30.3K,2020-04-09 07:30:00
2020-04-09,7:30am,CAD,Unemployment Rate,High,7.8%,7.4%,5.6%,2020-04-09 07:30:00
2020-04-09,7:30am,USD,Fed Announcement,High,,,,2020-04-09 07:30:00
2020-04-09,7:30am,USD,Unemployment Claims,High,6606K,5000K,6867K,2020-04-09 07:30:00
2020-04-09,7:30am,USD,Core PPI m/m,Medium,0.2%,0.0%,-0.3%,2020-04-09 07:30:00
2020-04-09,7:30am,USD,PPI m/m,Medium,-0.2%,-0.3%,-0.6%,2020-04-09 07:30:00
2020-04-09,8:28am,GBP,NIESR GDP Estimate,Non-economic,-4.8%,,0.1%,2020-04-09 08:28:00
2020-04-09,9:00am,USD,Fed Chairman Powell Speaks,High,,,,2020-04-09 09:00:00
2020-04-09,9:00am,USD,Prelim UoM Consumer Sentiment,Medium,71.0,75.0,89.1,2020-04-09 09:00:00
2020-04-09,9:00am,USD,Final Wholesale Inventories m/m,Non-economic,-0.7%,-0.5%,-0.5%,2020-04-09 09:00:00
2020-04-09,9:00am,USD,Prelim UoM Inflation Expectations,Non-economic,2.1%,,2.2%,2020-04-09 09:00:00
2020-04-09,9:30am,USD,Natural Gas Storage,Non-economic,38B,23B,-19B,2020-04-09 09:30:00
2020-04-09,12:00pm,GBP,FPC Statement,Non-economic,,,,2020-04-09 12:00:00
2020-04-09,All Day,NZD,Bank Holiday,Low,,,,2020-04-09 00:00:00
2020-04-09,All Day,AUD,Bank Holiday,Low,,,,2020-04-09 00:00:00
2020-04-09,5:24pm,USD,President Trump Speaks,High,,,,2020-04-09 17:24:00
2020-04-09,6:50pm,JPY,Bank Lending y/y,Non-economic,2.0%,2.1%,2.1%,2020-04-09 18:50:00
2020-04-09,6:50pm,JPY,PPI y/y,Non-economic,-0.4%,-0.1%,0.8%,2020-04-09 18:50:00
2020-04-09,8:30pm,CNY,CPI y/y,Medium,4.3%,4.9%,5.2%,2020-04-09 20:30:00
2020-04-09,8:30pm,CNY,PPI y/y,Non-economic,-1.5%,-1.1%,-0.4%,2020-04-09 20:30:00
2020-04-10,All Day,CHF,Bank Holiday,Low,,,,2020-04-10 00:00:00
2020-04-10,All Day,EUR,German Bank Holiday,Low,,,,2020-04-10 00:00:00
2020-04-10,1:45am,EUR,French Industrial Production m/m,Non-economic,0.9%,0.0%,1.1%,2020-04-10 01:45:00
2020-04-10,All Day,GBP,Bank Holiday,Low,,,,2020-04-10 00:00:00
2020-04-10,2:30am,CNY,New Loans,Medium,2850B,1800B,906B,2020-04-10 02:30:00
2020-04-10,2:30am,CNY,M2 Money Supply y/y,Non-economic,10.1%,8.9%,8.8%,2020-04-10 02:30:00
2020-04-10,7:30am,USD,Core CPI m/m,High,-0.1%,0.1%,0.2%,2020-04-10 07:30:00
2020-04-10,7:30am,USD,CPI m/m,High,-0.4%,-0.3%,0.1%,2020-04-10 07:30:00
2020-04-10,7:30am,USD,CPI y/y,High,1.5%,1.6%,2.3%,2020-04-10 07:30:00
2020-04-10,All Day,CAD,Bank Holiday,Low,,,,2020-04-10 00:00:00
2020-04-10,8:30am,GBP,CB Leading Index m/m,Non-economic,-0.1%,,0.0%,2020-04-10 08:30:00
2020-04-10,All Day,All,G20 Meetings,High,,,,2020-04-10 00:00:00
2020-04-10,11:30am,USD,FOMC Member Mester Speaks,Non-economic,,,,2020-04-10 11:30:00
2020-04-10,12:30pm,USD,FOMC Member Quarles Speaks,Non-economic,,,,2020-04-10 12:30:00
2020-04-10,1:00pm,USD,President Trump Speaks,High,,,,2020-04-10 13:00:00
2020-04-10,1:00pm,USD,Federal Budget Balance,Non-economic,-119.1B,-135.0B,-235.3B,2020-04-10 13:00:00
2020-04-12,All Day,All,OPEC-JMMC Meetings,High,,,,2020-04-12 00:00:00
2020-04-12,All Day,NZD,Bank Holiday,Low,,,,2020-04-12 00:00:00
2020-04-12,All Day,AUD,Bank Holiday,Low,,,,2020-04-12 00:00:00
2020-04-12,6:50pm,JPY,M2 Money Stock y/y,Non-economic,3.3%,2.9%,3.0%,2020-04-12 18:50:00
2020-04-13,All Day,CHF,Bank Holiday,Low,,,,2020-04-13 00:00:00
2020-04-13,All Day,EUR,French Bank Holiday,Low,,,,2020-04-13 00:00:00
2020-04-13,All Day,EUR,German Bank Holiday,Low,,,,2020-04-13 00:00:00
2020-04-13,All Day,EUR,Italian Bank Holiday,Low,,,,2020-04-13 00:00:00
2020-04-13,All Day,GBP,Bank Holiday,Low,,,,2020-04-13 00:00:00
2020-04-13,4:49pm,USD,President Trump Speaks,High,,,,2020-04-13 16:49:00
2020-04-13,5:45pm,NZD,Visitor Arrivals m/m,Non-economic,-7.7%,,-1.3%,2020-04-13 17:45:00
2020-04-13,8:30pm,AUD,NAB Business Confidence,Medium,-66,,-2,2020-04-13 20:30:00
2020-04-13,10:48pm,CNY,USD-Denominated Trade Balance,Medium,19.9B,19.7B,-7.1B,2020-04-13 22:48:00
2020-04-13,10:49pm,CNY,Trade Balance,High,139B,175B,-43B,2020-04-13 22:49:00
2020-04-14,All Day,All,G7 Meetings,High,,,,2020-04-14 00:00:00
2020-04-14,7:30am,USD,Import Prices m/m,Non-economic,-2.3%,-3.1%,-0.7%,2020-04-14 07:30:00
2020-04-14,Day 1,All,IMF Meetings,Non-economic,,,,2020-04-14 00:00:00
2020-04-14,3:30pm,USD,API Weekly Statistical Bulletin,Non-economic,,,,2020-04-14 15:30:00
2020-04-14,5:15pm,USD,President Trump Speaks,High,,,,2020-04-14 17:15:00
2020-04-14,5:45pm,NZD,FPI m/m,Non-economic,0.7%,,0.0%,2020-04-14 17:45:00
2020-04-14,7:30pm,AUD,Westpac Consumer Sentiment,Non-economic,-17.7%,,-3.8%,2020-04-14 19:30:00
2020-04-15,1:45am,EUR,French Final CPI m/m,Non-economic,0.1%,0.0%,0.0%,2020-04-15 01:45:00
2020-04-15,3:17am,CNY,Foreign Direct Investment ytd/y,Non-economic,-10.8%,,-8.6%,2020-04-15 03:17:00
2020-04-15,4:00am,CHF,SECO Consumer Climate,Non-economic,-40,,-9,2020-04-15 04:00:00
2020-04-15,4:28am,GBP,10-y Bond Auction,Non-economic,0.27|2.9,,0.38|3.9,2020-04-15 04:28:00
2020-04-15,4:37am,EUR,German 30-y Bond Auction,Non-economic,-0.09|1.9,,0.01|1.1,2020-04-15 04:37:00
2020-04-15,7:30am,USD,Core Retail Sales m/m,High,-4.5%,-4.9%,-0.4%,2020-04-15 07:30:00
2020-04-15,7:30am,USD,Retail Sales m/m,High,-8.7%,-8.0%,-0.4%,2020-04-15 07:30:00
2020-04-15,7:30am,USD,Empire State Manufacturing Index,Non-economic,-78.2,-35.2,-21.5,2020-04-15 07:30:00
2020-04-15,8:15am,USD,Capacity Utilization Rate,Non-economic,72.7%,73.7%,77.0%,2020-04-15 08:15:00
2020-04-15,8:15am,USD,Industrial Production m/m,Non-economic,-5.4%,-4.1%,0.5%,2020-04-15 08:15:00
2020-04-15,9:00am,CAD,BOC Monetary Policy Report,High,,,,2020-04-15 09:00:00
2020-04-15,9:00am,CAD,BOC Rate Statement,High,,,,2020-04-15 09:00:00
2020-04-15,9:00am,CAD,Overnight Rate,High,0.25%,0.25%,0.25%,2020-04-15 09:00:00
2020-04-15,9:00am,USD,Business Inventories m/m,Non-economic,-0.4%,-0.4%,-0.3%,2020-04-15 09:00:00
2020-04-15,9:00am,USD,NAHB Housing Market Index,Non-economic,30,56,72,2020-04-15 09:00:00
2020-04-15,Day 2,All,IMF Meetings,Non-economic,,,,2020-04-15 00:00:00
2020-04-15,9:30am,CAD,BOC Press Conference,High,,,,2020-04-15 09:30:00
2020-04-15,9:30am,USD,Crude Oil Inventories,Non-economic,19.2M,12.1M,15.2M,2020-04-15 09:30:00
2020-04-15,1:00pm,USD,Beige Book,Non-economic,,,,2020-04-15 13:00:00
2020-04-15,3:00pm,USD,TIC Long-Term Purchases,Non-economic,49.4B,24.6B,21.8B,2020-04-15 15:00:00
2020-04-15,4:50pm,USD,President Trump Speaks,High,,,,2020-04-15 16:50:00
2020-04-15,6:01pm,GBP,BRC Retail Sales Monitor y/y,Non-economic,-3.5%,-5.5%,-0.4%,2020-04-15 18:01:00
2020-04-15,8:00pm,AUD,MI Inflation Expectations,Non-economic,4.6%,,4.0%,2020-04-15 20:00:00
2020-04-15,8:30pm,AUD,Employment Change,High,5.9K,-33.0K,25.6K,2020-04-15 20:30:00
2020-04-15,8:30pm,AUD,Unemployment Rate,High,5.2%,5.4%,5.1%,2020-04-15 20:30:00
2020-04-15,8:30pm,CNY,New Home Prices m/m,Non-economic,0.13%,,0.02%,2020-04-15 20:30:00
2020-04-16,1:00am,EUR,German Final CPI m/m,Non-economic,0.1%,0.1%,0.1%,2020-04-16 01:00:00
2020-04-16,1:00am,EUR,German WPI m/m,Non-economic,-0.4%,0.2%,-0.9%,2020-04-16 01:00:00
2020-04-16,1:30am,CHF,PPI m/m,Non-economic,-0.3%,-1.2%,-0.9%,2020-04-16 01:30:00
2020-04-16,3:30am,GBP,BOE Credit Conditions Survey,Medium,,,,2020-04-16 03:30:00
2020-04-16,4:00am,EUR,Industrial Production m/m,Non-economic,-0.1%,-0.1%,2.3%,2020-04-16 04:00:00
2020-04-16,5:34am,GBP,30-y Bond Auction,Non-economic,0.68|2.4,,1.03|2.1,2020-04-16 05:34:00
2020-04-16,7:30am,CAD,ADP Non-Farm Employment Change,Non-economic,-177.3K,,116.7K,2020-04-16 07:30:00
2020-04-16,7:30am,CAD,Manufacturing Sales m/m,Non-economic,0.5%,0.0%,-0.7%,2020-04-16 07:30:00
2020-04-16,7:30am,USD,Unemployment Claims,High,5245K,5350K,6615K,2020-04-16 07:30:00
2020-04-16,7:30am,USD,Building Permits,Medium,1.35M,1.30M,1.45M,2020-04-16 07:30:00
2020-04-16,7:30am,USD,Housing Starts,Non-economic,1.22M,1.31M,1.56M,2020-04-16 07:30:00
2020-04-16,7:32am,USD,Philly Fed Manufacturing Index,Medium,-56.6,-30.0,-12.7,2020-04-16 07:32:00
2020-04-16,8:30am,GBP,MPC Member Tenreyro Speaks,Non-economic,,,,2020-04-16 08:30:00
2020-04-16,Day 3,All,IMF Meetings,Non-economic,,,,2020-04-16 00:00:00
2020-04-16,9:30am,USD,Natural Gas Storage,Non-economic,73B,63B,38B,2020-04-16 09:30:00
2020-04-16,1:00pm,USD,FOMC Member Williams Speaks,Non-economic,,,,2020-04-16 13:00:00
2020-04-16,3:00pm,CAD,BOC Gov Poloz Speaks,High,,,,2020-04-16 15:00:00
2020-04-16,5:08pm,USD,President Trump Speaks,High,,,,2020-04-16 17:08:00
2020-04-16,9:00pm,CNY,GDP q/y,High,-6.8%,-6.2%,6.0%,2020-04-16 21:00:00
2020-04-16,9:00pm,CNY,Fixed Asset Investment ytd/y,Medium,-16.1%,-15.0%,-24.5%,2020-04-16 21:00:00
2020-04-16,9:00pm,CNY,NBS Press Conference,Non-economic,,,,2020-04-16 21:00:00
2020-04-16,9:00pm,CNY,Retail Sales y/y,Non-economic,-15.8%,-10.0%,-20.5%,2020-04-16 21:00:00
2020-04-16,9:00pm,CNY,Unemployment Rate,Non-economic,5.9%,,6.2%,2020-04-16 21:00:00
2020-04-16,9:02pm,CNY,Industrial Production y/y,Medium,-1.1%,-7.0%,-13.5%,2020-04-16 21:02:00
2020-04-16,11:30pm,JPY,Revised Industrial Production m/m,Non-economic,-0.3%,0.4%,0.4%,2020-04-16 23:30:00
2020-04-16,11:30pm,JPY,Tertiary Industry Activity m/m,Non-economic,-0.5%,-0.4%,0.3%,2020-04-16 23:30:00
2020-04-17,3:06am,EUR,Italian Trade Balance,Non-economic,6.09B,3.18B,0.55B,2020-04-17 03:06:00
2020-04-17,4:00am,EUR,Final Core CPI y/y,Non-economic,1.0%,1.0%,1.0%,2020-04-17 04:00:00
2020-04-17,4:00am,EUR,Final CPI y/y,Non-economic,0.7%,0.7%,0.7%,2020-04-17 04:00:00
2020-04-17,9:00am,USD,CB Leading Index m/m,Non-economic,-6.7%,-7.1%,-0.2%,2020-04-17 09:00:00
2020-04-17,Day 4,All,IMF Meetings,Non-economic,,,,2020-04-17 00:00:00
2020-04-17,5:00pm,USD,President Trump Speaks,High,,,,2020-04-17 17:00:00
2020-04-18,5:00pm,USD,President Trump Speaks,High,,,,2020-04-18 17:00:00
2020-04-19,5:25pm,USD,President Trump Speaks,High,,,,2020-04-19 17:25:00
2020-04-19,5:45pm,NZD,CPI q/q,Medium,0.8%,0.4%,0.5%,2020-04-19 17:45:00
2020-04-19,6:01pm,GBP,Rightmove HPI m/m,Non-economic,-0.2%,,1.0%,2020-04-19 18:01:00
2020-04-19,6:50pm,JPY,Trade Balance,Non-economic,-0.19T,-0.11T,0.48T,2020-04-19 18:50:00
2020-04-19,8:30pm,CNY,1-y Loan Prime Rate,Medium,3.85%,3.85%,4.05%,2020-04-19 20:30:00
2020-04-19,8:30pm,CNY,5-y Loan Prime Rate,Medium,4.65%,4.65%,4.75%,2020-04-19 20:30:00
2020-04-20,1:00am,EUR,German PPI m/m,Non-economic,-0.8%,-0.7%,-0.4%,2020-04-20 01:00:00
2020-04-20,3:00am,EUR,Current Account,Non-economic,40.2B,36.3B,31.8B,2020-04-20 03:00:00
2020-04-20,4:00am,EUR,Trade Balance,Non-economic,25.8B,19.2B,18.2B,2020-04-20 04:00:00
2020-04-20,5:00am,EUR,German Buba Monthly Report,Non-economic,,,,2020-04-20 05:00:00
2020-04-20,7:30am,CAD,Wholesale Sales m/m,Non-economic,0.7%,-0.2%,1.8%,2020-04-20 07:30:00
2020-04-20,4:40pm,USD,President Trump Speaks,High,,,,2020-04-20 16:40:00
2020-04-20,8:30pm,AUD,Monetary Policy Meeting Minutes,Medium,,,,2020-04-20 20:30:00
2020-04-21,12:00am,AUD,RBA Gov Lowe Speaks,High,,,,2020-04-21 00:00:00
2020-04-21,1:00am,CHF,Trade Balance,Non-economic,4.02B,3.23B,3.54B,2020-04-21 01:00:00
2020-04-21,1:00am,GBP,Claimant Count Change,High,12.1K,170.0K,6.0K,2020-04-21 01:00:00
2020-04-21,1:00am,GBP,Average Earnings Index 3m/y,Non-economic,2.8%,3.0%,3.1%,2020-04-21 01:00:00
2020-04-21,1:00am,GBP,Unemployment Rate,Non-economic,4.0%,3.9%,3.9%,2020-04-21 01:00:00
2020-04-21,4:00am,EUR,German ZEW Economic Sentiment,Medium,28.2,-40.0,-49.5,2020-04-21 04:00:00
2020-04-21,4:00am,EUR,ZEW Economic Sentiment,Non-economic,25.2,-38.2,-49.5,2020-04-21 04:00:00
2020-04-21,7:30am,CAD,Core Retail Sales m/m,Non-economic,0.0%,0.3%,0.1%,2020-04-21 07:30:00
2020-04-21,7:30am,CAD,Retail Sales m/m,Non-economic,0.3%,0.3%,0.6%,2020-04-21 07:30:00
2020-04-21,9:00am,USD,Existing Home Sales,Non-economic,5.27M,5.27M,5.76M,2020-04-21 09:00:00
2020-04-21,9:30am,AUD,CB Leading Index m/m,Non-economic,-0.4%,,0.3%,2020-04-21 09:30:00
2020-04-21,9:41am,NZD,GDT Price Index,Non-economic,-4.2%,,1.2%,2020-04-21 09:41:00
2020-04-21,3:30pm,USD,API Weekly Statistical Bulletin,Non-economic,,,,2020-04-21 15:30:00
2020-04-21,4:46pm,USD,President Trump Speaks,High,,,,2020-04-21 16:46:00
2020-04-21,7:30pm,AUD,MI Leading Index m/m,Non-economic,-0.8%,,-0.4%,2020-04-21 19:30:00
2020-04-21,8:30pm,AUD,Retail Sales m/m,High,8.2%,7.2%,0.5%,2020-04-21 20:30:00
2020-04-22,1:00am,GBP,CPI y/y,Medium,1.5%,1.5%,1.7%,2020-04-22 01:00:00
2020-04-22,1:00am,GBP,Core CPI y/y,Non-economic,1.6%,1.6%,1.7%,2020-04-22 01:00:00
2020-04-22,1:00am,GBP,RPI y/y,Non-economic,2.6%,2.3%,2.5%,2020-04-22 01:00:00
2020-04-22,1:02am,GBP,PPI Input m/m,Non-economic,-3.6%,-3.9%,-0.9%,2020-04-22 01:02:00
2020-04-22,1:02am,GBP,PPI Output m/m,Non-economic,-0.2%,-0.4%,-0.2%,2020-04-22 01:02:00
2020-04-22,3:30am,GBP,HPI y/y,Non-economic,1.1%,1.5%,1.5%,2020-04-22 03:30:00
2020-04-22,7:30am,CAD,CPI m/m,Medium,-0.6%,-0.4%,0.4%,2020-04-22 07:30:00
2020-04-22,7:30am,CAD,Common CPI y/y,Non-economic,1.7%,1.7%,1.8%,2020-04-22 07:30:00
2020-04-22,7:30am,CAD,Median CPI y/y,Non-economic,2.0%,2.0%,2.1%,2020-04-22 07:30:00
2020-04-22,7:30am,CAD,NHPI m/m,Non-economic,0.3%,0.1%,0.4%,2020-04-22 07:30:00
2020-04-22,7:30am,CAD,Trimmed CPI y/y,Non-economic,1.8%,2.0%,2.0%,2020-04-22 07:30:00
2020-04-22,7:32am,CAD,Core CPI m/m,Non-economic,0.1%,,0.7%,2020-04-22 07:32:00
2020-04-22,8:00am,CNY,CB Leading Index m/m,Non-economic,1.4%,,-1.3%,2020-04-22 08:00:00
2020-04-22,8:00am,USD,HPI m/m,Non-economic,0.7%,0.4%,0.5%,2020-04-22 08:00:00
2020-04-22,8:36am,EUR,Consumer Confidence,Non-economic,-23,-20,-12,2020-04-22 08:36:00
2020-04-22,9:30am,USD,Crude Oil Inventories,Non-economic,15.0M,14.7M,19.2M,2020-04-22 09:30:00
2020-04-22,5:11pm,USD,President Trump Speaks,High,,,,2020-04-22 17:11:00
2020-04-22,6:00pm,AUD,Flash Manufacturing PMI,Non-economic,45.6,,49.7,2020-04-22 18:00:00
2020-04-22,6:00pm,AUD,Flash Services PMI,Non-economic,19.6,,38.5,2020-04-22 18:00:00
2020-04-22,7:30pm,JPY,Flash Manufacturing PMI,Non-economic,43.7,43.8,44.8,2020-04-22 19:30:00
2020-04-22,8:30pm,AUD,Goods Trade Balance,Non-economic,12.34B,,,2020-04-22 20:30:00
2020-04-22,10:00pm,NZD,Credit Card Spending y/y,Non-economic,-8.2%,,2.2%,2020-04-22 22:00:00
2020-04-23,1:00am,EUR,German GfK Consumer Climate,Non-economic,-23.4,-1.9,2.3,2020-04-23 01:00:00
2020-04-23,1:00am,GBP,Public Sector Net Borrowing,Non-economic,2.3B,2.0B,0.1B,2020-04-23 01:00:00
2020-04-23,2:15am,EUR,French Flash Services PMI,High,10.4,24.7,27.4,2020-04-23 02:15:00
2020-04-23,2:15am,EUR,French Flash Manufacturing PMI,Medium,31.5,37.3,43.2,2020-04-23 02:15:00
2020-04-23,2:30am,EUR,German Flash Manufacturing PMI,High,34.4,39.0,45.4,2020-04-23 02:30:00
2020-04-23,2:30am,EUR,German Flash Services PMI,High,15.9,28.3,31.7,2020-04-23 02:30:00
2020-04-23,3:00am,EUR,Flash Manufacturing PMI,Medium,33.6,38.7,44.5,2020-04-23 03:00:00
2020-04-23,3:00am,EUR,Flash Services PMI,Medium,11.7,23.2,26.4,2020-04-23 03:00:00
2020-04-23,3:30am,GBP,Flash Manufacturing PMI,High,32.9,42.0,47.8,2020-04-23 03:30:00
2020-04-23,3:30am,GBP,Flash Services PMI,High,12.3,28.5,34.5,2020-04-23 03:30:00
2020-04-23,4:30am,GBP,MPC Member Vlieghe Speaks,Medium,,,,2020-04-23 04:30:00
2020-04-23,5:00am,GBP,CBI Industrial Order Expectations,Non-economic,-56,-50,-29,2020-04-23 05:00:00
2020-04-23,All Day,EUR,EU Economic Summit,Medium,,,,2020-04-23 00:00:00
2020-04-23,7:30am,USD,Unemployment Claims,High,4427K,4350K,5237K,2020-04-23 07:30:00
2020-04-23,8:45am,USD,Flash Manufacturing PMI,High,36.9,35.1,48.5,2020-04-23 08:45:00
2020-04-23,8:45am,USD,Flash Services PMI,Non-economic,27.0,30.5,39.8,2020-04-23 08:45:00
2020-04-23,9:00am,USD,New Home Sales,Non-economic,627K,643K,741K,2020-04-23 09:00:00
2020-04-23,9:30am,USD,Natural Gas Storage,Non-economic,43B,43B,73B,2020-04-23 09:30:00
2020-04-23,4:43pm,USD,President Trump Speaks,High,,,,2020-04-23 16:43:00
2020-04-23,6:01pm,GBP,GfK Consumer Confidence,Non-economic,-34,-40,-34,2020-04-23 18:01:00
2020-04-23,6:30pm,JPY,National Core CPI y/y,Non-economic,0.4%,0.4%,0.6%,2020-04-23 18:30:00
2020-04-23,6:50pm,JPY,SPPI y/y,Non-economic,1.6%,1.7%,2.1%,2020-04-23 18:50:00
2020-04-23,11:30pm,JPY,All Industries Activity m/m,Non-economic,-0.6%,-0.4%,0.6%,2020-04-23 23:30:00
2020-04-24,1:00am,GBP,Retail Sales m/m,High,-5.1%,-4.5%,-0.3%,2020-04-24 01:00:00
2020-04-24,3:00am,EUR,German ifo Business Climate,High,74.3,79.8,85.9,2020-04-24 03:00:00
2020-04-24,7:30am,USD,Core Durable Goods Orders m/m,High,-0.2%,-6.1%,-0.7%,2020-04-24 07:30:00
2020-04-24,7:30am,USD,Durable Goods Orders m/m,Medium,-14.4%,-12.0%,1.1%,2020-04-24 07:30:00
2020-04-24,7:57am,EUR,Belgian NBB Business Climate,Non-economic,-36.1,-21.0,-10.9,2020-04-24 07:57:00
2020-04-24,9:00am,USD,Revised UoM Consumer Sentiment,Non-economic,71.8,67.8,71.0,2020-04-24 09:00:00
2020-04-24,9:00am,USD,Revised UoM Inflation Expectations,Non-economic,2.1%,,2.1%,2020-04-24 09:00:00
2020-04-24,4:40pm,USD,President Trump Speaks,High,,,,2020-04-24 16:40:00
2020-04-26,All Day,NZD,Bank Holiday,Low,,,,2020-04-26 00:00:00
2020-04-26,10:08pm,JPY,Monetary Policy Statement,High,,,,2020-04-26 22:08:00
2020-04-26,10:08pm,JPY,BOJ Policy Rate,Non-economic,-0.10%,-0.10%,-0.10%,2020-04-26 22:08:00
2020-04-26,10:09pm,JPY,BOJ Outlook Report,High,,,,2020-04-26 22:09:00
2020-04-27,1:32am,JPY,BOJ Press Conference,Medium,,,,2020-04-27 01:32:00
2020-04-27,4:38pm,USD,President Trump Speaks,High,,,,2020-04-27 16:38:00
2020-04-27,6:30pm,JPY,Unemployment Rate,Non-economic,2.5%,2.5%,2.4%,2020-04-27 18:30:00
2020-04-28,12:00am,JPY,BOJ Core CPI y/y,Non-economic,0.1%,0.2%,0.2%,2020-04-28 00:00:00
2020-04-28,2:00am,EUR,Spanish Unemployment Rate,Medium,14.4%,15.6%,13.8%,2020-04-28 02:00:00
2020-04-28,4:09am,GBP,10-y Bond Auction,Non-economic,0.26|3.2,,0.27|2.9,2020-04-28 04:09:00
2020-04-28,5:00am,GBP,CBI Realized Sales,Non-economic,-55,-45,-3,2020-04-28 05:00:00
2020-04-28,7:30am,USD,Goods Trade Balance,Non-economic,-64.2B,-55.0B,-59.9B,2020-04-28 07:30:00
2020-04-28,7:30am,USD,Prelim Wholesale Inventories m/m,Non-economic,-1.0%,-0.4%,-0.7%,2020-04-28 07:30:00
2020-04-28,8:00am,USD,S&P/CS Composite-20 HPI y/y,Non-economic,3.5%,3.1%,3.1%,2020-04-28 08:00:00
2020-04-28,8:59am,USD,Richmond Manufacturing Index,Non-economic,-53,-41,2,2020-04-28 08:59:00
2020-04-28,9:00am,USD,CB Consumer Confidence,High,86.9,88.3,118.8,2020-04-28 09:00:00
2020-04-28,3:30pm,USD,API Weekly Statistical Bulletin,Non-economic,,,,2020-04-28 15:30:00
2020-04-28,5:45pm,NZD,Trade Balance,Non-economic,672M,700M,531M,2020-04-28 17:45:00
2020-04-28,6:01pm,GBP,BRC Shop Price Index y/y,Non-economic,-1.7%,,-0.8%,2020-04-28 18:01:00
2020-04-28,All Day,JPY,Bank Holiday,Low,,,,2020-04-28 00:00:00
2020-04-28,8:30pm,AUD,CPI m/m,High,0.3%,0.2%,0.7%,2020-04-28 20:30:00
2020-04-28,8:30pm,AUD,Trimmed Mean CPI m/m,Medium,0.5%,0.3%,0.5%,2020-04-28 20:30:00
2020-04-29,1:00am,EUR,German Import Prices m/m,Non-economic,-3.5%,-2.3%,-0.9%,2020-04-29 01:00:00
2020-04-29,All Day,EUR,German Prelim CPI m/m,Non-economic,0.3%,0.0%,0.1%,2020-04-29 00:00:00
2020-04-29,3:00am,CHF,UBS Economic Expectations,Non-economic,12.7,,-45.8,2020-04-29 03:00:00
2020-04-29,3:00am,EUR,M3 Money Supply y/y,Non-economic,7.5%,5.5%,5.5%,2020-04-29 03:00:00
2020-04-29,3:00am,EUR,Private Loans y/y,Non-economic,3.4%,3.8%,3.7%,2020-04-29 03:00:00
2020-04-29,4:20am,EUR,Italian 10-y Bond Auction,Non-economic,1.78|1.3,,1.44|1.5,2020-04-29 04:20:00
2020-04-29,4:37am,EUR,German 10-y Bond Auction,Non-economic,-0.48|2.5,,-0.34|1.8,2020-04-29 04:37:00
2020-04-29,5:38am,GBP,30-y Bond Auction,Non-economic,0.61|2.3,,0.68|2.4,2020-04-29 05:38:00
2020-04-29,7:30am,CAD,Foreign Securities Purchases,Non-economic,20.61B,9.05B,16.81B,2020-04-29 07:30:00
2020-04-29,7:32am,USD,Advance GDP q/q,High,-4.8%,-4.0%,2.1%,2020-04-29 07:32:00
2020-04-29,7:34am,USD,Advance GDP Price Index q/q,Medium,1.3%,1.0%,1.3%,2020-04-29 07:34:00
2020-04-29,9:00am,USD,Pending Home Sales m/m,Medium,-20.8%,-13.3%,2.3%,2020-04-29 09:00:00
2020-04-29,9:30am,USD,Crude Oil Inventories,Non-economic,9.0M,11.2M,15.0M,2020-04-29 09:30:00
2020-04-29,1:00pm,USD,FOMC Statement,High,,,,2020-04-29 13:00:00
2020-04-29,1:00pm,USD,Federal Funds Rate,Medium,<0.25%,<0.25%,<0.25%,2020-04-29 13:00:00
2020-04-29,1:30pm,USD,FOMC Press Conference,High,,,,2020-04-29 13:30:00
2020-04-29,6:50pm,JPY,Prelim Industrial Production m/m,Non-economic,-3.7%,-5.0%,-0.3%,2020-04-29 18:50:00
2020-04-29,6:50pm,JPY,Retail Sales y/y,Non-economic,-4.6%,-4.6%,1.6%,2020-04-29 18:50:00
2020-04-29,8:00pm,CNY,Manufacturing PMI,High,50.8,51.0,52.0,2020-04-29 20:00:00
2020-04-29,8:00pm,CNY,Non-Manufacturing PMI,Medium,53.2,52.7,52.3,2020-04-29 20:00:00
2020-04-29,8:00pm,NZD,ANZ Business Confidence,Medium,-66.6,,-73.1,2020-04-29 20:00:00
2020-04-29,8:30pm,AUD,Import Prices q/q,Non-economic,-1.0%,1.0%,0.7%,2020-04-29 20:30:00
2020-04-29,8:30pm,AUD,Private Sector Credit m/m,Non-economic,1.1%,0.3%,0.4%,2020-04-29 20:30:00
2020-04-29,8:45pm,CNY,RatingDog Manufacturing PMI,Medium,49.4,49.2,50.1,2020-04-29 20:45:00
2020-04-30,12:00am,JPY,Consumer Confidence,Non-economic,21.6,27.8,30.9,2020-04-30 00:00:00
2020-04-30,12:02am,JPY,Housing Starts y/y,Non-economic,-7.6%,-16.1%,-12.3%,2020-04-30 00:02:00
2020-04-30,12:30am,EUR,French Flash GDP q/q,Medium,-5.8%,-4.0%,-0.1%,2020-04-30 00:30:00
2020-04-30,1:03am,EUR,German Retail Sales m/m,Non-economic,-5.6%,-8.1%,0.8%,2020-04-30 01:03:00
2020-04-30,1:30am,CHF,Retail Sales y/y,Non-economic,-5.6%,-3.6%,0.3%,2020-04-30 01:30:00
2020-04-30,1:45am,EUR,French Consumer Spending m/m,Non-economic,-17.9%,-5.7%,-0.5%,2020-04-30 01:45:00
2020-04-30,1:45am,EUR,French Prelim CPI m/m,Non-economic,0.1%,-0.2%,0.0%,2020-04-30 01:45:00
2020-04-30,2:00am,CHF,KOF Economic Barometer,Non-economic,63.5,63.5,91.7,2020-04-30 02:00:00
2020-04-30,2:00am,EUR,Spanish Flash GDP q/q,Medium,-5.2%,-4.2%,0.4%,2020-04-30 02:00:00
2020-04-30,2:00am,EUR,Spanish Flash CPI y/y,Non-economic,-0.7%,-0.5%,0.0%,2020-04-30 02:00:00
2020-04-30,2:55am,EUR,German Unemployment Change,Non-economic,373K,75K,1K,2020-04-30 02:55:00
2020-04-30,3:00am,EUR,Italian Monthly Unemployment Rate,Non-economic,8.4%,10.5%,9.3%,2020-04-30 03:00:00
2020-04-30,4:00am,EUR,Prelim Flash GDP q/q,Medium,-3.8%,-3.7%,0.1%,2020-04-30 04:00:00
2020-04-30,4:00am,EUR,Core CPI Flash Estimate y/y,Non-economic,0.9%,0.7%,1.0%,2020-04-30 04:00:00
2020-04-30,4:00am,EUR,CPI Flash Estimate y/y,Non-economic,0.4%,0.1%,0.7%,2020-04-30 04:00:00
2020-04-30,4:00am,EUR,Italian Prelim CPI m/m,Non-economic,0.1%,-0.2%,0.1%,2020-04-30 04:00:00
2020-04-30,4:00am,EUR,Unemployment Rate,Non-economic,7.4%,7.7%,7.3%,2020-04-30 04:00:00
2020-04-30,5:00am,EUR,Italian Prelim GDP q/q,Non-economic,-4.7%,-5.0%,-0.3%,2020-04-30 05:00:00
2020-04-30,6:45am,EUR,Main Refinancing Rate,High,0.00%,0.00%,0.00%,2020-04-30 06:45:00
2020-04-30,6:45am,EUR,Monetary Policy Statement,High,,,,2020-04-30 06:45:00
2020-04-30,7:30am,CAD,GDP m/m,High,0.0%,0.2%,0.2%,2020-04-30 07:30:00
2020-04-30,7:30am,CAD,IPPI m/m,Non-economic,-0.9%,-1.9%,-0.6%,2020-04-30 07:30:00
2020-04-30,7:30am,CAD,RMPI m/m,Non-economic,-15.6%,-15.5%,-4.8%,2020-04-30 07:30:00
2020-04-30,7:30am,EUR,ECB Press Conference,High,,,,2020-04-30 07:30:00
2020-04-30,7:30am,USD,Unemployment Claims,High,3839K,3500K,4442K,2020-04-30 07:30:00
2020-04-30,7:30am,USD,Personal Spending m/m,Medium,-7.5%,-4.8%,0.2%,2020-04-30 07:30:00
2020-04-30,7:30am,USD,Core PCE Price Index m/m,Non-economic,-0.1%,-0.1%,0.2%,2020-04-30 07:30:00
2020-04-30,7:30am,USD,Employment Cost Index q/q,Non-economic,0.8%,0.7%,0.7%,2020-04-30 07:30:00
2020-04-30,7:30am,USD,Personal Income m/m,Non-economic,-2.0%,-1.6%,0.6%,2020-04-30 07:30:00
2020-04-30,8:45am,USD,Chicago PMI,Medium,35.4,38.0,47.8,2020-04-30 08:45:00
2020-04-30,9:00am,USD,Fed Announcement,High,,,,2020-04-30 09:00:00
2020-04-30,9:30am,USD,Natural Gas Storage,Non-economic,70B,70B,43B,2020-04-30 09:30:00
2020-04-30,3:30pm,CAD,BOC Gov Poloz Speaks,High,,,,2020-04-30 15:30:00
2020-04-30,5:00pm,AUD,AIG Manufacturing Index,Non-economic,35.8,,53.7,2020-04-30 17:00:00
2020-04-30,6:30pm,JPY,Tokyo Core CPI y/y,Non-economic,-0.1%,0.1%,0.4%,2020-04-30 18:30:00
2020-04-30,6:50pm,JPY,Monetary Policy Meeting Minutes,Non-economic,,,,2020-04-30 18:50:00
2020-04-30,6:50pm,JPY,Retail Sales y/y,Non-economic,,,,2020-04-30 18:50:00
2020-04-30,All Day,CNY,Bank Holiday,Low,,,,2020-04-30 00:00:00
2020-04-30,7:30pm,JPY,Final Manufacturing PMI,Non-economic,41.9,43.7,43.7,2020-04-30 19:30:00
2020-04-30,8:30pm,AUD,PPI q/q,Non-economic,0.2%,0.2%,0.3%,2020-04-30 20:30:00
2020-05-01,12:59am,GBP,Nationwide HPI m/m,Non-economic,0.7%,-0.3%,0.8%,2020-05-01 00:59:00
2020-05-01,All Day,CHF,Bank Holiday,Low,,,,2020-05-01 00:00:00
2020-05-01,All Day,EUR,French Bank Holiday,Low,,,,2020-05-01 00:00:00
2020-05-01,All Day,EUR,German Bank Holiday,Low,,,,2020-05-01 00:00:00
2020-05-01,All Day,EUR,Italian Bank Holiday,Low,,,,2020-05-01 00:00:00
2020-05-01,1:30am,AUD,Commodity Prices y/y,Non-economic,-8.1%,,-10.7%,2020-05-01 01:30:00
2020-05-01,3:30am,GBP,Final Manufacturing PMI,Non-economic,32.6,32.8,32.9,2020-05-01 03:30:00
2020-05-01,3:30am,GBP,M4 Money Supply m/m,Non-economic,2.8%,0.2%,0.4%,2020-05-01 03:30:00
2020-05-01,3:30am,GBP,Mortgage Approvals,Non-economic,56K,59K,74K,2020-05-01 03:30:00
2020-05-01,3:33am,GBP,Net Lending to Individuals m/m,Non-economic,1.0B,4.2B,5.2B,2020-05-01 03:33:00
2020-05-01,8:30am,CAD,Manufacturing PMI,Non-economic,33.0,,46.1,2020-05-01 08:30:00
2020-05-01,8:40am,CAD,BOC Gov Poloz Speaks,High,,,,2020-05-01 08:40:00
2020-05-01,8:45am,USD,Final Manufacturing PMI,Non-economic,36.1,36.9,36.9,2020-05-01 08:45:00
2020-05-01,9:00am,USD,ISM Manufacturing PMI,High,41.5,36.7,49.1,2020-05-01 09:00:00
2020-05-01,9:00am,USD,Construction Spending m/m,Non-economic,0.9%,-3.5%,-2.5%,2020-05-01 09:00:00
2020-05-01,9:00am,USD,ISM Manufacturing Prices,Non-economic,35.3,30.7,37.4,2020-05-01 09:00:00
2020-05-01,All Day,USD,Wards Total Vehicle Sales,Non-economic,8.6M,7.0M,11.4M,2020-05-01 00:00:00
2020-05-03,All Day,JPY,Bank Holiday,Low,,,,2020-05-03 00:00:00
2020-05-03,8:00pm,AUD,MI Inflation Gauge m/m,Non-economic,-0.1%,,0.2%,2020-05-03 20:00:00
2020-05-03,8:30pm,AUD,ANZ Job Advertisements m/m,Non-economic,-53.1%,,-10.0%,2020-05-03 20:30:00
2020-05-03,8:30pm,AUD,Building Approvals m/m,Non-economic,-4.0%,-15.0%,19.4%,2020-05-03 20:30:00
2020-05-04,2:15am,EUR,Spanish Manufacturing PMI,Non-economic,30.8,35.0,45.7,2020-05-04 02:15:00
2020-05-04,2:30am,CHF,Manufacturing PMI,Non-economic,40.7,35.2,43.7,2020-05-04 02:30:00
2020-05-04,2:45am,EUR,Italian Manufacturing PMI,Non-economic,31.1,30.3,40.3,2020-05-04 02:45:00
2020-05-04,2:50am,EUR,French Final Manufacturing PMI,Non-economic,31.5,31.5,31.5,2020-05-04 02:50:00
2020-05-04,2:55am,EUR,German Final Manufacturing PMI,Non-economic,34.5,34.4,34.4,2020-05-04 02:55:00
2020-05-04,3:00am,EUR,Final Manufacturing PMI,Non-economic,33.4,33.6,33.6,2020-05-04 03:00:00
2020-05-04,3:30am,EUR,Sentix Investor Confidence,Non-economic,-41.8,-25.9,-42.9,2020-05-04 03:30:00
2020-05-04,9:00am,USD,Factory Orders m/m,Non-economic,-10.3%,-9.2%,-0.1%,2020-05-04 09:00:00
2020-05-04,11:30am,CAD,Gov Council Member Wilkins Speaks,Medium,,,,2020-05-04 11:30:00
2020-05-04,1:00pm,USD,Loan Officer Survey,Non-economic,,,,2020-05-04 13:00:00
2020-05-04,5:30pm,AUD,AIG Construction Index,Non-economic,21.6,,37.9,2020-05-04 17:30:00
2020-05-04,5:45pm,NZD,Building Consents m/m,Non-economic,-21.3%,,5.7%,2020-05-04 17:45:00
2020-05-04,All Day,JPY,Bank Holiday,Low,,,,2020-05-04 00:00:00
2020-05-04,8:00pm,NZD,ANZ Commodity Prices m/m,Non-economic,-1.1%,,-2.0%,2020-05-04 20:00:00
2020-05-04,11:30pm,AUD,Cash Rate,High,0.25%,0.25%,0.25%,2020-05-04 23:30:00
2020-05-04,11:30pm,AUD,RBA Rate Statement,High,,,,2020-05-04 23:30:00
2020-05-05,12:45am,CHF,SECO Consumer Climate,Non-economic,-39,-40,-40,2020-05-05 00:45:00
2020-05-05,1:30am,CHF,CPI m/m,Non-economic,-0.4%,-0.1%,0.1%,2020-05-05 01:30:00
2020-05-05,1:45am,EUR,French Gov Budget Balance,Non-economic,-52.5B,,-35.2B,2020-05-05 01:45:00
2020-05-05,2:00am,EUR,Spanish Unemployment Change,Non-economic,282.9K,500.0K,302.3K,2020-05-05 02:00:00
2020-05-05,3:00am,EUR,German Buba President Weidmann Speaks,Non-economic,,,,2020-05-05 03:00:00
2020-05-05,3:11am,EUR,German Constitutional Court Ruling,High,,,,2020-05-05 03:11:00
2020-05-05,3:30am,GBP,Final Services PMI,Medium,13.4,12.3,12.3,2020-05-05 03:30:00
2020-05-05,4:00am,EUR,PPI m/m,Non-economic,-1.5%,-1.3%,-0.7%,2020-05-05 04:00:00
2020-05-05,7:30am,CAD,Trade Balance,High,-1.4B,-2.5B,-0.9B,2020-05-05 07:30:00
2020-05-05,7:30am,USD,Trade Balance,Non-economic,-44.4B,-41.0B,-39.8B,2020-05-05 07:30:00
2020-05-05,8:45am,USD,Final Services PMI,Non-economic,26.7,27.0,27.0,2020-05-05 08:45:00
2020-05-05,9:00am,USD,ISM Services PMI,High,41.8,37.5,52.5,2020-05-05 09:00:00
2020-05-05,9:01am,USD,RCM/TIPP Economic Optimism,Non-economic,49.7,35.2,47.8,2020-05-05 09:01:00
2020-05-05,9:51am,NZD,GDT Price Index,Non-economic,-0.8%,,-4.2%,2020-05-05 09:51:00
2020-05-05,3:30pm,USD,API Weekly Statistical Bulletin,Non-economic,,,,2020-05-05 15:30:00
2020-05-05,5:45pm,NZD,Employment Change q/q,High,0.7%,-0.2%,0.1%,2020-05-05 17:45:00
2020-05-05,5:45pm,NZD,Unemployment Rate,High,4.2%,4.4%,4.0%,2020-05-05 17:45:00
2020-05-05,5:45pm,NZD,Labor Cost Index q/q,Non-economic,0.3%,0.5%,0.6%,2020-05-05 17:45:00
2020-05-05,All Day,JPY,Bank Holiday,Low,,,,2020-05-05 00:00:00
2020-05-06,1:00am,EUR,German Factory Orders m/m,Non-economic,-15.6%,-10.0%,-1.2%,2020-05-06 01:00:00
2020-05-06,2:15am,EUR,Spanish Services PMI,Non-economic,7.1,10.0,23.0,2020-05-06 02:15:00
2020-05-06,2:45am,EUR,Italian Services PMI,Non-economic,10.8,9.2,17.4,2020-05-06 02:45:00
2020-05-06,2:50am,EUR,French Final Services PMI,Non-economic,10.2,10.4,10.4,2020-05-06 02:50:00
2020-05-06,2:55am,EUR,German Final Services PMI,Non-economic,16.2,15.9,15.9,2020-05-06 02:55:00
2020-05-06,3:00am,EUR,Final Services PMI,Non-economic,12.0,11.7,11.7,2020-05-06 03:00:00
2020-05-06,3:30am,GBP,Construction PMI,Non-economic,8.2,21.5,39.3,2020-05-06 03:30:00
2020-05-06,4:00am,EUR,EU Economic Forecasts,High,,,,2020-05-06 04:00:00
2020-05-06,4:00am,EUR,Retail Sales m/m,Non-economic,-11.2%,-11.2%,0.6%,2020-05-06 04:00:00
2020-05-06,7:15am,USD,ADP Non-Farm Employment Change,High,-20236K,-20500K,-149K,2020-05-06 07:15:00
2020-05-06,9:30am,USD,Crude Oil Inventories,Non-economic,4.6M,8.5M,9.0M,2020-05-06 09:30:00
2020-05-06,5:30pm,AUD,AIG Services Index,Non-economic,27.1,,38.7,2020-05-06 17:30:00
2020-05-06,6:50pm,JPY,Monetary Base y/y,Non-economic,2.3%,4.5%,2.8%,2020-05-06 18:50:00
2020-05-06,8:30pm,AUD,Goods Trade Balance,High,10.60B,6.40B,3.87B,2020-05-06 20:30:00
2020-05-06,8:45pm,CNY,RatingDog Services PMI,Medium,44.4,50.1,43.0,2020-05-06 20:45:00
2020-05-06,10:00pm,NZD,Inflation Expectations q/q,High,1.24%,,1.93%,2020-05-06 22:00:00
2020-05-06,10:01pm,CNY,Trade Balance,High,318B,82B,139B,2020-05-06 22:01:00
2020-05-06,10:02pm,CNY,USD-Denominated Trade Balance,Medium,45.3B,9.1B,19.9B,2020-05-06 22:02:00
2020-05-07,12:45am,CHF,Unemployment Rate,Non-economic,3.3%,3.4%,2.9%,2020-05-07 00:45:00
2020-05-07,1:00am,EUR,German Industrial Production m/m,Non-economic,-9.2%,-7.3%,0.3%,2020-05-07 01:00:00
2020-05-07,1:00am,GBP,BOE Monetary Policy Report,High,,,,2020-05-07 01:00:00
2020-05-07,1:00am,GBP,Monetary Policy Summary,High,,,,2020-05-07 01:00:00
2020-05-07,1:00am,GBP,MPC Official Bank Rate Votes,High,0-0-9,0-0-9,0-0-9,2020-05-07 01:00:00
2020-05-07,1:00am,GBP,Official Bank Rate,High,0.10%,0.10%,0.10%,2020-05-07 01:00:00
2020-05-07,1:00am,GBP,Asset Purchase Facility,Non-economic,645B,645B,645B,2020-05-07 01:00:00
2020-05-07,1:00am,GBP,BOE Financial Stability Report,Non-economic,,,,2020-05-07 01:00:00
2020-05-07,1:00am,GBP,FPC Meeting Minutes,Non-economic,,,,2020-05-07 01:00:00
2020-05-07,1:00am,GBP,FPC Statement,Non-economic,,,,2020-05-07 01:00:00
2020-05-07,1:00am,GBP,MPC Asset Purchase Facility Votes,Non-economic,2-0-7,0-0-9,0-0-9,2020-05-07 01:00:00
2020-05-07,1:45am,EUR,French Industrial Production m/m,Non-economic,-16.2%,-12.7%,0.8%,2020-05-07 01:45:00
2020-05-07,1:45am,EUR,French Prelim Private Payrolls q/q,Non-economic,-2.3%,-0.3%,0.5%,2020-05-07 01:45:00
2020-05-07,1:45am,EUR,French Trade Balance,Non-economic,-3.3B,-4.6B,-5.0B,2020-05-07 01:45:00
2020-05-07,2:00am,CHF,Foreign Currency Reserves,Non-economic,800B,,763B,2020-05-07 02:00:00
2020-05-07,2:30am,GBP,Halifax HPI m/m,Non-economic,-0.6%,-0.3%,-0.3%,2020-05-07 02:30:00
2020-05-07,3:00am,EUR,German Buba President Weidmann Speaks,Non-economic,,,,2020-05-07 03:00:00
2020-05-07,3:07am,EUR,Italian Retail Sales m/m,Non-economic,-20.5%,-14.9%,0.9%,2020-05-07 03:07:00
2020-05-07,4:00am,GBP,BOE Gov Bailey Speaks,High,,,,2020-05-07 04:00:00
2020-05-07,4:04am,EUR,French 10-y Bond Auction,Non-economic,0.03|2.0,,0.04|2.7,2020-05-07 04:04:00
2020-05-07,6:30am,USD,Challenger Job Cuts y/y,Non-economic,1576.9%,,266.9%,2020-05-07 06:30:00
2020-05-07,7:30am,USD,Unemployment Claims,High,3169K,3000K,3846K,2020-05-07 07:30:00
2020-05-07,7:30am,USD,Prelim Nonfarm Productivity q/q,Non-economic,-2.5%,-5.4%,1.2%,2020-05-07 07:30:00
2020-05-07,7:30am,USD,Prelim Unit Labor Costs q/q,Non-economic,4.8%,4.3%,0.9%,2020-05-07 07:30:00
2020-05-07,9:00am,CAD,Ivey PMI,Non-economic,22.8,24.3,26.0,2020-05-07 09:00:00
2020-05-07,9:00am,EUR,ECB President Lagarde Speaks,High,,,,2020-05-07 09:00:00
2020-05-07,9:30am,USD,Natural Gas Storage,Non-economic,109B,112B,70B,2020-05-07 09:30:00
2020-05-07,2:00pm,USD,Consumer Credit m/m,Non-economic,-12.0B,14.9B,19.9B,2020-05-07 14:00:00
2020-05-07,3:00pm,USD,FOMC Member Harker Speaks,Non-economic,,,,2020-05-07 15:00:00
2020-05-07,6:01pm,GBP,GfK Consumer Confidence,Non-economic,-33,-37,-34,2020-05-07 18:01:00
2020-05-07,6:30pm,JPY,Average Cash Earnings y/y,Non-economic,0.1%,0.1%,0.7%,2020-05-07 18:30:00
2020-05-07,6:30pm,JPY,Household Spending y/y,Non-economic,-6.0%,-6.3%,-0.3%,2020-05-07 18:30:00
2020-05-07,8:30pm,AUD,RBA Monetary Policy Statement,High,,,,2020-05-07 20:30:00
2020-05-08,1:00am,EUR,German Trade Balance,Non-economic,12.8B,19.0B,21.4B,2020-05-08 01:00:00
2020-05-08,All Day,EUR,French Bank Holiday,Low,,,,2020-05-08 00:00:00
2020-05-08,All Day,GBP,Bank Holiday,Low,,,,2020-05-08 00:00:00
2020-05-08,All Day,EUR,Eurogroup Meetings,Medium,,,,2020-05-08 00:00:00
2020-05-08,6:00am,EUR,ECB President Lagarde Speaks,High,,,,2020-05-08 06:00:00
2020-05-08,7:00am,USD,President Trump Speaks,High,,,,2020-05-08 07:00:00
2020-05-08,7:17am,CAD,Housing Starts,Non-economic,171K,107K,195K,2020-05-08 07:17:00
2020-05-08,7:30am,CAD,Employment Change,High,-1993.8K,-4000.0K,-1010.7K,2020-05-08 07:30:00
2020-05-08,7:30am,CAD,Unemployment Rate,High,13.0%,18.0%,7.8%,2020-05-08 07:30:00
2020-05-08,7:30am,CAD,Building Permits m/m,Non-economic,-13.2%,-20.1%,-8.4%,2020-05-08 07:30:00
2020-05-08,7:30am,USD,Average Hourly Earnings m/m,High,4.7%,0.5%,0.5%,2020-05-08 07:30:00
2020-05-08,7:30am,USD,Non-Farm Employment Change,High,-20537K,-22000K,-881K,2020-05-08 07:30:00
2020-05-08,7:30am,USD,Unemployment Rate,High,14.7%,16.0%,4.4%,2020-05-08 07:30:00
2020-05-08,9:00am,USD,Final Wholesale Inventories m/m,Non-economic,-0.8%,-1.0%,-1.0%,2020-05-08 09:00:00
2020-05-10,6:50pm,JPY,BOJ Summary of Opinions,Non-economic,,,,2020-05-10 18:50:00
2020-05-10,8:00pm,NZD,Prelim ANZ Business Confidence,High,-45.6,,-66.6,2020-05-10 20:00:00
2020-05-11,2:32am,CNY,New Loans,Non-economic,1700B,1300B,2850B,2020-05-11 02:32:00
2020-05-11,2:33am,CNY,M2 Money Supply y/y,Non-economic,11.1%,10.3%,10.1%,2020-05-11 02:33:00
2020-05-11,3:00am,EUR,Italian Industrial Production m/m,Non-economic,-28.4%,-20.0%,-1.0%,2020-05-11 03:00:00
2020-05-11,8:30pm,AUD,NAB Business Confidence,Medium,-46,,-65,2020-05-11 20:30:00
2020-05-11,8:30pm,CNY,CPI y/y,Non-economic,3.3%,3.7%,4.3%,2020-05-11 20:30:00
2020-05-11,8:30pm,CNY,PPI y/y,Non-economic,-3.1%,-2.6%,-1.5%,2020-05-11 20:30:00
2020-05-11,10:35pm,JPY,10-y Bond Auction,Non-economic,0.00|4.1,,0.02|4.2,2020-05-11 22:35:00
2020-05-12,12:00am,JPY,Leading Indicators,Non-economic,83.8%,84.3%,91.7%,2020-05-12 00:00:00
2020-05-12,5:00am,USD,NFIB Small Business Index,Non-economic,90.9,86.7,96.4,2020-05-12 05:00:00
2020-05-12,7:30am,USD,Core CPI m/m,High,-0.4%,-0.2%,-0.1%,2020-05-12 07:30:00
2020-05-12,7:30am,USD,CPI m/m,High,-0.8%,-0.7%,-0.4%,2020-05-12 07:30:00
2020-05-12,7:30am,USD,CPI y/y,High,0.3%,0.4%,1.5%,2020-05-12 07:30:00
2020-05-12,9:00am,USD,FOMC Member Harker Speaks,Non-economic,,,,2020-05-12 09:00:00
2020-05-12,9:00am,USD,FOMC Member Quarles Speaks,Non-economic,,,,2020-05-12 09:00:00
2020-05-12,9:00am,USD,Mortgage Delinquencies,Non-economic,4.36%,,3.77%,2020-05-12 09:00:00
2020-05-12,12:01pm,USD,10-y Bond Auction,Non-economic,0.70|2.7,,0.78|2.4,2020-05-12 12:01:00
2020-05-12,1:00pm,USD,Federal Budget Balance,Non-economic,-737.9B,-729.7B,-119.1B,2020-05-12 13:00:00
2020-05-12,3:30pm,USD,API Weekly Statistical Bulletin,Non-economic,,,,2020-05-12 15:30:00
2020-05-12,4:00pm,USD,FOMC Member Mester Speaks,Non-economic,,,,2020-05-12 16:00:00
2020-05-12,6:01pm,GBP,BRC Retail Sales Monitor y/y,Non-economic,5.7%,-15.0%,-3.5%,2020-05-12 18:01:00
2020-05-12,6:50pm,JPY,Bank Lending y/y,Non-economic,3.0%,2.0%,2.0%,2020-05-12 18:50:00
2020-05-12,6:50pm,JPY,Current Account,Non-economic,0.94T,1.29T,2.35T,2020-05-12 18:50:00
2020-05-12,7:30pm,AUD,Westpac Consumer Sentiment,Non-economic,16.4%,,-17.7%,2020-05-12 19:30:00
2020-05-12,8:30pm,AUD,Wage Price Index q/q,Medium,0.5%,0.5%,0.5%,2020-05-12 20:30:00
2020-05-12,9:00pm,NZD,Official Cash Rate,High,0.25%,0.25%,0.25%,2020-05-12 21:00:00
2020-05-12,9:00pm,NZD,RBNZ Monetary Policy Statement,High,,,,2020-05-12 21:00:00
2020-05-12,9:00pm,NZD,RBNZ Rate Statement,High,,,,2020-05-12 21:00:00
2020-05-12,10:00pm,NZD,RBNZ Press Conference,High,,,,2020-05-12 22:00:00
2020-05-13,12:02am,JPY,Economy Watchers Sentiment,Non-economic,7.9,10.1,14.2,2020-05-13 00:02:00
2020-05-13,1:00am,GBP,Prelim GDP q/q,High,-2.0%,-2.6%,0.0%,2020-05-13 01:00:00
2020-05-13,1:00am,GBP,GDP m/m,Medium,-5.8%,-7.9%,-0.2%,2020-05-13 01:00:00
2020-05-13,1:00am,GBP,Construction Output m/m,Non-economic,-5.9%,-7.1%,-2.1%,2020-05-13 01:00:00
2020-05-13,1:00am,GBP,Index of Services 3m/3m,Non-economic,-1.9%,-2.5%,0.2%,2020-05-13 01:00:00
2020-05-13,1:02am,GBP,Manufacturing Production m/m,Medium,-4.6%,-6.0%,0.3%,2020-05-13 01:02:00
2020-05-13,1:02am,GBP,Goods Trade Balance,Non-economic,-12.5B,-10.0B,-9.8B,2020-05-13 01:02:00
2020-05-13,1:02am,GBP,Industrial Production m/m,Non-economic,-4.2%,-5.5%,-0.1%,2020-05-13 01:02:00
2020-05-13,1:02am,GBP,Prelim Business Investment q/q,Non-economic,0.0%,-3.0%,-0.5%,2020-05-13 01:02:00
2020-05-13,4:00am,EUR,Industrial Production m/m,Non-economic,-11.3%,-12.3%,-0.1%,2020-05-13 04:00:00
2020-05-13,4:35am,EUR,German 30-y Bond Auction,Non-economic,-0.13|2.5,,-0.09|1.9,2020-05-13 04:35:00
2020-05-13,7:30am,USD,Core PPI m/m,Medium,-0.3%,-0.1%,0.2%,2020-05-13 07:30:00
2020-05-13,7:30am,USD,PPI m/m,Medium,-1.3%,-0.5%,-0.2%,2020-05-13 07:30:00
2020-05-13,8:00am,USD,Fed Chairman Powell Speaks,High,,,,2020-05-13 08:00:00
2020-05-13,8:10am,GBP,NIESR GDP Estimate,Non-economic,-11.8%,,-2.0%,2020-05-13 08:10:00
2020-05-13,9:30am,USD,Crude Oil Inventories,Non-economic,-0.7M,4.1M,4.6M,2020-05-13 09:30:00
2020-05-13,12:05pm,USD,30-y Bond Auction,Non-economic,1.34|2.3,,1.33|2.4,2020-05-13 12:05:00
2020-05-13,3:10pm,NZD,RBNZ Gov Orr Speaks,High,,,,2020-05-13 15:10:00
2020-05-13,5:45pm,NZD,Visitor Arrivals m/m,Non-economic,-40.9%,,-10.5%,2020-05-13 17:45:00
2020-05-13,6:01pm,GBP,RICS House Price Balance,Non-economic,-21%,-25%,9%,2020-05-13 18:01:00
2020-05-13,6:50pm,JPY,M2 Money Stock y/y,Non-economic,3.7%,3.4%,3.3%,2020-05-13 18:50:00
2020-05-13,8:00pm,AUD,MI Inflation Expectations,Non-economic,3.4%,,4.6%,2020-05-13 20:00:00
2020-05-13,8:30pm,AUD,Employment Change,High,-594.3K,-575.0K,0.7K,2020-05-13 20:30:00
2020-05-13,8:30pm,AUD,Unemployment Rate,High,6.2%,8.3%,5.2%,2020-05-13 20:30:00
2020-05-13,9:00pm,NZD,Annual Budget Release,High,,,,2020-05-13 21:00:00
2020-05-13,10:35pm,JPY,30-y Bond Auction,Non-economic,0.45|3.7,,0.43|3.5,2020-05-13 22:35:00
2020-05-14,12:59am,JPY,Prelim Machine Tool Orders y/y,Non-economic,-48.3%,,-40.7%,2020-05-14 00:59:00
2020-05-14,1:00am,EUR,German Final CPI m/m,Non-economic,0.4%,0.3%,0.3%,2020-05-14 01:00:00
2020-05-14,1:00am,EUR,German WPI m/m,Non-economic,-1.4%,-0.3%,-0.4%,2020-05-14 01:00:00
2020-05-14,1:30am,CHF,PPI m/m,Non-economic,-1.3%,-1.3%,-0.3%,2020-05-14 01:30:00
2020-05-14,2:13am,CNY,Foreign Direct Investment ytd/y,Non-economic,-6.1%,,-10.8%,2020-05-14 02:13:00
2020-05-14,3:00am,EUR,ECB Economic Bulletin,Non-economic,,,,2020-05-14 03:00:00
2020-05-14,3:02am,EUR,Italian Trade Balance,Non-economic,5.69B,5.40B,6.09B,2020-05-14 03:02:00
2020-05-14,5:30am,GBP,BOE Gov Bailey Speaks,High,,,,2020-05-14 05:30:00
2020-05-14,7:30am,CAD,Manufacturing Sales m/m,Non-economic,-9.2%,-4.4%,0.4%,2020-05-14 07:30:00
2020-05-14,7:30am,USD,Unemployment Claims,Medium,2981K,2500K,3176K,2020-05-14 07:30:00
2020-05-14,7:30am,USD,Import Prices m/m,Non-economic,-2.6%,-3.1%,-2.4%,2020-05-14 07:30:00
2020-05-14,9:00am,CAD,BOC Financial System Review,Medium,,,,2020-05-14 09:00:00
2020-05-14,9:30am,CAD,BOC Gov Poloz Speaks,High,,,,2020-05-14 09:30:00
2020-05-14,9:30am,USD,Natural Gas Storage,Non-economic,103B,107B,109B,2020-05-14 09:30:00
2020-05-14,10:00am,USD,FOMC Member Kashkari Speaks,Non-economic,,,,2020-05-14 10:00:00
2020-05-14,Mar Data,NZD,BusinessNZ Manufacturing Index,Non-economic,38.0,,53.7,2020-05-14 00:00:00
2020-05-14,5:30pm,NZD,BusinessNZ Manufacturing Index,Non-economic,26.1,,38.0,2020-05-14 17:30:00
2020-05-14,6:50pm,JPY,PPI y/y,Non-economic,-2.3%,-1.4%,-0.4%,2020-05-14 18:50:00
2020-05-14,9:00pm,CNY,Fixed Asset Investment ytd/y,Medium,-10.3%,-9.8%,-16.1%,2020-05-14 21:00:00
2020-05-14,9:00pm,CNY,Industrial Production y/y,Medium,3.9%,1.5%,-1.1%,2020-05-14 21:00:00
2020-05-14,9:00pm,CNY,Retail Sales y/y,Non-economic,-7.5%,-5.9%,-15.8%,2020-05-14 21:00:00
2020-05-14,9:00pm,CNY,Unemployment Rate,Non-economic,6.0%,5.8%,5.9%,2020-05-14 21:00:00
2020-05-15,1:00am,EUR,German PPI m/m,Non-economic,-0.7%,-0.6%,-0.8%,2020-05-15 01:00:00
2020-05-15,1:45am,EUR,French Final CPI m/m,Non-economic,0.0%,0.1%,0.1%,2020-05-15 01:45:00
2020-05-15,3:00am,EUR,German Prelim GDP q/q,High,-2.2%,-2.2%,-0.1%,2020-05-15 03:00:00
2020-05-15,4:00am,EUR,Flash Employment Change q/q,Non-economic,-0.2%,-2.0%,0.3%,2020-05-15 04:00:00
2020-05-15,4:00am,EUR,Flash GDP q/q,Non-economic,-3.8%,-3.8%,-3.8%,2020-05-15 04:00:00
2020-05-15,4:00am,EUR,Trade Balance,Non-economic,23.5B,17.2B,25.6B,2020-05-15 04:00:00
2020-05-15,All Day,EUR,Eurogroup Meetings,Non-economic,,,,2020-05-15 00:00:00
2020-05-15,7:30am,CAD,Foreign Securities Purchases,Non-economic,-9.78B,3.50B,19.42B,2020-05-15 07:30:00
2020-05-15,7:30am,USD,Core Retail Sales m/m,High,-17.2%,-8.6%,-4.0%,2020-05-15 07:30:00
2020-05-15,7:30am,USD,Retail Sales m/m,High,-16.4%,-12.0%,-8.3%,2020-05-15 07:30:00
2020-05-15,7:30am,USD,Empire State Manufacturing Index,Non-economic,-48.5,-65.0,-78.2,2020-05-15 07:30:00
2020-05-15,8:15am,USD,Capacity Utilization Rate,Non-economic,64.9%,63.9%,73.2%,2020-05-15 08:15:00
2020-05-15,8:15am,USD,Industrial Production m/m,Non-economic,-11.2%,-11.3%,-4.5%,2020-05-15 08:15:00
2020-05-15,9:00am,USD,Prelim UoM Consumer Sentiment,Medium,73.7,68.0,71.8,2020-05-15 09:00:00
2020-05-15,9:00am,USD,Business Inventories m/m,Non-economic,-0.2%,-0.3%,-0.5%,2020-05-15 09:00:00
2020-05-15,9:00am,USD,JOLTS Job Openings,Non-economic,6.19M,5.77M,7.00M,2020-05-15 09:00:00
2020-05-15,9:00am,USD,Prelim UoM Inflation Expectations,Non-economic,3.0%,,2.1%,2020-05-15 09:00:00
2020-05-15,3:00pm,USD,TIC Long-Term Purchases,Non-economic,-112.6B,-67.4B,49.6B,2020-05-15 15:00:00
2020-05-17,5:30pm,NZD,BusinessNZ Services Index,Non-economic,25.9,,52.0,2020-05-17 17:30:00
2020-05-17,6:00pm,USD,Fed Chairman Powell Speaks,High,,,,2020-05-17 18:00:00
2020-05-17,6:50pm,JPY,Prelim GDP Price Index y/y,Non-economic,0.9%,0.7%,1.2%,2020-05-17 18:50:00
2020-05-17,6:50pm,JPY,Prelim GDP q/q,Non-economic,-0.9%,-1.1%,-1.8%,2020-05-17 18:50:00
2020-05-17,8:30pm,CNY,New Home Prices m/m,Non-economic,0.42%,,0.13%,2020-05-17 20:30:00
2020-05-17,11:30pm,JPY,Tertiary Industry Activity m/m,Non-economic,-4.2%,-3.6%,-0.7%,2020-05-17 23:30:00
2020-05-18,5:00am,EUR,German Buba Monthly Report,Non-economic,,,,2020-05-18 05:00:00
2020-05-18,All Day,CAD,Bank Holiday,Low,,,,2020-05-18 00:00:00
2020-05-18,8:30am,GBP,CB Leading Index m/m,Non-economic,-1.3%,,-0.1%,2020-05-18 08:30:00
2020-05-18,9:00am,USD,NAHB Housing Market Index,Non-economic,37,35,30,2020-05-18 09:00:00
2020-05-18,10:00am,GBP,MPC Member Tenreyro Speaks,Non-economic,,,,2020-05-18 10:00:00
2020-05-18,3:00pm,USD,FOMC Financial Stability Report,Non-economic,,,,2020-05-18 15:00:00
2020-05-18,5:45pm,NZD,PPI Input q/q,Non-economic,-0.3%,-0.3%,0.3%,2020-05-18 17:45:00
2020-05-18,5:45pm,NZD,PPI Output q/q,Non-economic,0.1%,0.1%,0.5%,2020-05-18 17:45:00
2020-05-18,8:30pm,AUD,Monetary Policy Meeting Minutes,Medium,,,,2020-05-18 20:30:00
2020-05-18,11:30pm,JPY,Revised Industrial Production m/m,Non-economic,-3.7%,-3.7%,-3.7%,2020-05-18 23:30:00
2020-05-19,1:00am,GBP,Claimant Count Change,High,856.5K,675.0K,5.4K,2020-05-19 01:00:00
2020-05-19,1:02am,GBP,Average Earnings Index 3m/y,Non-economic,2.4%,2.7%,2.8%,2020-05-19 01:02:00
2020-05-19,1:02am,GBP,Unemployment Rate,Non-economic,3.9%,4.4%,4.0%,2020-05-19 01:02:00
2020-05-19,4:00am,EUR,ZEW Economic Sentiment,Non-economic,46.0,27.4,25.2,2020-05-19 04:00:00
2020-05-19,4:00am,EUR,German ZEW Economic Sentiment,Non-economic,51.0,30.0,28.2,2020-05-19 04:00:00
2020-05-19,All Day,EUR,ECOFIN Meetings,Non-economic,,,,2020-05-19 00:00:00
2020-05-19,All Day,All,G7 Meetings,High,,,,2020-05-19 00:00:00
2020-05-19,7:30am,USD,Building Permits,Medium,1.07M,1.00M,1.36M,2020-05-19 07:30:00
2020-05-19,7:30am,USD,Housing Starts,Non-economic,0.89M,0.95M,1.28M,2020-05-19 07:30:00
2020-05-19,8:00am,CNY,CB Leading Index m/m,Non-economic,-1.0%,,0.4%,2020-05-19 08:00:00
2020-05-19,9:00am,USD,Fed Chairman Powell Testifies,High,,,,2020-05-19 09:00:00
2020-05-19,9:00am,USD,FOMC Member Kashkari Speaks,Non-economic,,,,2020-05-19 09:00:00
2020-05-19,9:30am,AUD,CB Leading Index m/m,Non-economic,-0.3%,,-0.5%,2020-05-19 09:30:00
2020-05-19,9:43am,NZD,GDT Price Index,Non-economic,1.0%,,-0.8%,2020-05-19 09:43:00
2020-05-19,3:30pm,USD,API Weekly Statistical Bulletin,Non-economic,,,,2020-05-19 15:30:00
2020-05-19,5:45pm,NZD,FPI m/m,Non-economic,1.0%,,0.7%,2020-05-19 17:45:00
2020-05-19,6:50pm,JPY,Core Machinery Orders m/m,Non-economic,-0.4%,-6.8%,2.3%,2020-05-19 18:50:00
2020-05-19,8:00pm,AUD,MI Leading Index m/m,Non-economic,-1.5%,,-0.7%,2020-05-19 20:00:00
2020-05-19,8:30pm,AUD,Retail Sales m/m,High,-17.9%,-17.7%,8.5%,2020-05-19 20:30:00
2020-05-19,8:30pm,CNY,1-y Loan Prime Rate,Medium,3.85%,3.85%,3.85%,2020-05-19 20:30:00
2020-05-19,8:30pm,CNY,5-y Loan Prime Rate,Medium,4.65%,4.65%,4.65%,2020-05-19 20:30:00
2020-05-20,1:00am,GBP,CPI y/y,Medium,0.8%,0.9%,1.5%,2020-05-20 01:00:00
2020-05-20,1:00am,GBP,PPI Input m/m,Non-economic,-5.1%,-4.2%,-3.8%,2020-05-20 01:00:00
2020-05-20,1:00am,GBP,PPI Output m/m,Non-economic,-0.7%,-0.5%,-0.2%,2020-05-20 01:00:00
2020-05-20,1:02am,GBP,Core CPI y/y,Non-economic,1.4%,1.4%,1.6%,2020-05-20 01:02:00
2020-05-20,1:02am,GBP,RPI y/y,Non-economic,1.5%,1.6%,2.6%,2020-05-20 01:02:00
2020-05-20,3:00am,EUR,Current Account,Non-economic,27.4B,29.2B,37.8B,2020-05-20 03:00:00
2020-05-20,3:30am,GBP,HPI y/y,Non-economic,2.1%,1.5%,2.0%,2020-05-20 03:30:00
2020-05-20,4:00am,EUR,Final Core CPI y/y,Non-economic,0.9%,0.9%,0.9%,2020-05-20 04:00:00
2020-05-20,4:00am,EUR,Final CPI y/y,Non-economic,0.3%,0.4%,0.4%,2020-05-20 04:00:00
2020-05-20,4:33am,EUR,German 10-y Bond Auction,Non-economic,-0.47|2.4,,-0.48|2.5,2020-05-20 04:33:00
2020-05-20,7:30am,CAD,CPI m/m,Medium,-0.7%,-0.6%,-0.6%,2020-05-20 07:30:00
2020-05-20,7:30am,CAD,Common CPI y/y,Non-economic,1.6%,1.7%,1.7%,2020-05-20 07:30:00
2020-05-20,7:30am,CAD,Median CPI y/y,Non-economic,2.0%,1.9%,2.0%,2020-05-20 07:30:00
2020-05-20,7:30am,CAD,Trimmed CPI y/y,Non-economic,1.8%,1.8%,1.8%,2020-05-20 07:30:00
2020-05-20,7:30am,CAD,Wholesale Sales m/m,Non-economic,-2.2%,-4.5%,0.3%,2020-05-20 07:30:00
2020-05-20,7:32am,CAD,Core CPI m/m,Non-economic,-0.4%,,0.1%,2020-05-20 07:32:00
2020-05-20,8:30am,GBP,BOE Gov Bailey Speaks,High,,,,2020-05-20 08:30:00
2020-05-20,9:00am,EUR,Consumer Confidence,Non-economic,-19,-23,-23,2020-05-20 09:00:00
2020-05-20,9:30am,USD,Crude Oil Inventories,Non-economic,-5.0M,1.7M,-0.7M,2020-05-20 09:30:00
2020-05-20,1:00pm,CAD,Gov Council Member Lane Speaks,Non-economic,,,,2020-05-20 13:00:00
2020-05-20,1:00pm,USD,FOMC Meeting Minutes,Medium,,,,2020-05-20 13:00:00
2020-05-20,6:00pm,AUD,Flash Manufacturing PMI,Non-economic,42.8,,44.1,2020-05-20 18:00:00
2020-05-20,6:00pm,AUD,Flash Services PMI,Non-economic,25.5,,19.5,2020-05-20 18:00:00
2020-05-20,6:50pm,JPY,Trade Balance,Non-economic,-1.00T,-0.65T,-0.38T,2020-05-20 18:50:00
2020-05-20,7:30pm,JPY,Flash Manufacturing PMI,Non-economic,38.4,38.5,41.9,2020-05-20 19:30:00
2020-05-20,9:30pm,AUD,RBA Gov Lowe Speaks,High,,,,2020-05-20 21:30:00
2020-05-20,10:00pm,NZD,Credit Card Spending y/y,Non-economic,-49.4%,,-9.4%,2020-05-20 22:00:00
2020-05-21,All Day,CHF,Bank Holiday,Low,,,,2020-05-21 00:00:00
2020-05-21,All Day,EUR,French Bank Holiday,Low,,,,2020-05-21 00:00:00
2020-05-21,All Day,EUR,German Bank Holiday,Low,,,,2020-05-21 00:00:00
2020-05-21,2:15am,EUR,French Flash Services PMI,High,29.4,27.9,10.2,2020-05-21 02:15:00
2020-05-21,2:15am,EUR,French Flash Manufacturing PMI,Medium,40.3,36.0,31.5,2020-05-21 02:15:00
2020-05-21,2:30am,EUR,German Flash Manufacturing PMI,High,36.8,39.3,34.5,2020-05-21 02:30:00
2020-05-21,2:30am,EUR,German Flash Services PMI,High,31.4,26.3,16.2,2020-05-21 02:30:00
2020-05-21,3:00am,EUR,Flash Manufacturing PMI,Medium,39.5,38.0,33.4,2020-05-21 03:00:00
2020-05-21,3:00am,EUR,Flash Services PMI,Medium,28.7,25.0,12.0,2020-05-21 03:00:00
2020-05-21,3:30am,GBP,Flash Manufacturing PMI,Medium,40.6,35.1,32.6,2020-05-21 03:30:00
2020-05-21,3:30am,GBP,Flash Services PMI,Medium,27.8,24.1,13.4,2020-05-21 03:30:00
2020-05-21,3:55am,EUR,Spanish 10-y Bond Auction,Non-economic,0.71|1.3,,0.69|2.0,2020-05-21 03:55:00
2020-05-21,5:00am,GBP,CBI Industrial Order Expectations,Non-economic,-62,-50,-56,2020-05-21 05:00:00
2020-05-21,7:30am,CAD,ADP Non-Farm Employment Change,Non-economic,-226.7K,,-17.2K,2020-05-21 07:30:00
2020-05-21,7:30am,CAD,NHPI m/m,Non-economic,0.0%,-0.1%,0.3%,2020-05-21 07:30:00
2020-05-21,7:30am,USD,Philly Fed Manufacturing Index,Medium,-43.1,-40.0,-56.6,2020-05-21 07:30:00
2020-05-21,7:30am,USD,Unemployment Claims,Medium,2438K,2400K,2687K,2020-05-21 07:30:00
2020-05-21,8:45am,USD,Flash Manufacturing PMI,High,39.8,39.3,36.1,2020-05-21 08:45:00
2020-05-21,8:45am,USD,Flash Services PMI,Non-economic,36.9,32.6,26.7,2020-05-21 08:45:00
2020-05-21,9:00am,USD,CB Leading Index m/m,Non-economic,-4.4%,-5.5%,-7.4%,2020-05-21 09:00:00
2020-05-21,9:00am,USD,Existing Home Sales,Non-economic,4.33M,4.31M,5.27M,2020-05-21 09:00:00
2020-05-21,9:00am,USD,FOMC Member Williams Speaks,Non-economic,,,,2020-05-21 09:00:00
2020-05-21,9:30am,USD,Natural Gas Storage,Non-economic,81B,83B,103B,2020-05-21 09:30:00
2020-05-21,12:00pm,USD,FOMC Member Clarida Speaks,Non-economic,,,,2020-05-21 12:00:00
2020-05-21,1:30pm,USD,Fed Chairman Powell Speaks,High,,,,2020-05-21 13:30:00
2020-05-21,5:45pm,NZD,Retail Sales q/q,Medium,-0.7%,-1.5%,0.0%,2020-05-21 17:45:00
2020-05-21,5:48pm,NZD,Core Retail Sales q/q,Non-economic,0.6%,0.7%,-0.1%,2020-05-21 17:48:00
2020-05-21,6:01pm,GBP,GfK Consumer Confidence,Non-economic,-34,,-33,2020-05-21 18:01:00
2020-05-21,6:30pm,JPY,National Core CPI y/y,Non-economic,-0.2%,-0.1%,0.4%,2020-05-21 18:30:00
2020-05-21,8:00pm,JPY,Monetary Policy Statement,High,,,,2020-05-21 20:00:00
2020-05-21,8:00pm,JPY,BOJ Policy Rate,Non-economic,-0.10%,-0.10%,-0.10%,2020-05-21 20:00:00
2020-05-22,1:00am,GBP,Retail Sales m/m,High,-18.1%,-15.8%,-5.2%,2020-05-22 01:00:00
2020-05-22,1:00am,GBP,Public Sector Net Borrowing,Non-economic,61.4B,48.7B,14.0B,2020-05-22 01:00:00
2020-05-22,6:30am,EUR,ECB Monetary Policy Meeting Accounts,High,,,,2020-05-22 06:30:00
2020-05-22,7:30am,CAD,Core Retail Sales m/m,Medium,-0.4%,-4.8%,0.1%,2020-05-22 07:30:00
2020-05-22,7:30am,CAD,Retail Sales m/m,Non-economic,-10.0%,-10.3%,0.4%,2020-05-22 07:30:00
2020-05-24,8:30pm,AUD,Goods Trade Balance,Non-economic,8.32B,,11.35B,2020-05-24 20:30:00
2020-05-25,1:00am,EUR,German Final GDP q/q,Non-economic,-2.2%,-2.2%,-2.2%,2020-05-25 01:00:00
2020-05-25,All Day,GBP,Bank Holiday,Low,,,,2020-05-25 00:00:00
2020-05-25,3:00am,EUR,German ifo Business Climate,Non-economic,79.5,78.3,74.2,2020-05-25 03:00:00
2020-05-25,All Day,USD,Bank Holiday,Low,,,,2020-05-25 00:00:00
2020-05-25,7:56am,EUR,Belgian NBB Business Climate,Non-economic,-34.4,-29.7,-36.1,2020-05-25 07:56:00
2020-05-25,12:30pm,CAD,BOC Gov Poloz Speaks,Medium,,,,2020-05-25 12:30:00
2020-05-25,5:45pm,NZD,Trade Balance,Non-economic,1267M,1250M,722M,2020-05-25 17:45:00
2020-05-25,6:50pm,JPY,SPPI y/y,Non-economic,1.0%,1.3%,1.6%,2020-05-25 18:50:00
2020-05-25,8:00pm,JPY,BOJ Gov Kuroda Speaks,Medium,,,,2020-05-25 20:00:00
2020-05-25,11:30pm,JPY,All Industries Activity m/m,Non-economic,-3.8%,-3.9%,-0.7%,2020-05-25 23:30:00
2020-05-26,12:00am,JPY,BOJ Core CPI y/y,Non-economic,-0.1%,0.0%,0.1%,2020-05-26 00:00:00
2020-05-26,1:00am,EUR,German GfK Consumer Climate,Non-economic,-18.9,-19.1,-23.1,2020-05-26 01:00:00
2020-05-26,1:02am,CHF,Trade Balance,Non-economic,4.04B,3.89B,3.96B,2020-05-26 01:02:00
2020-05-26,5:00am,GBP,CBI Realized Sales,Non-economic,-50,-65,-55,2020-05-26 05:00:00
2020-05-26,8:00am,EUR,ECB Financial Stability Review,Medium,,,,2020-05-26 08:00:00
2020-05-26,8:00am,USD,HPI m/m,Non-economic,0.1%,0.6%,0.8%,2020-05-26 08:00:00
2020-05-26,8:00am,USD,S&P/CS Composite-20 HPI y/y,Non-economic,3.9%,3.4%,3.5%,2020-05-26 08:00:00
2020-05-26,9:00am,USD,CB Consumer Confidence,Medium,86.6,87.1,85.7,2020-05-26 09:00:00
2020-05-26,9:00am,USD,New Home Sales,Non-economic,623K,492K,619K,2020-05-26 09:00:00
2020-05-26,12:00pm,USD,FOMC Member Kashkari Speaks,Non-economic,,,,2020-05-26 12:00:00
2020-05-26,4:00pm,CAD,BOC Gov Poloz Speaks,High,,,,2020-05-26 16:00:00
2020-05-26,4:00pm,NZD,RBNZ Financial Stability Report,High,,,,2020-05-26 16:00:00
2020-05-26,6:00pm,NZD,RBNZ Gov Orr Speaks,High,,,,2020-05-26 18:00:00
2020-05-26,8:00pm,NZD,RBNZ Gov Orr Speaks,High,,,,2020-05-26 20:00:00
2020-05-26,8:30pm,AUD,Construction Work Done q/q,Non-economic,-1.0%,-1.5%,-2.9%,2020-05-26 20:30:00
2020-05-27,2:30am,EUR,ECB President Lagarde Speaks,Medium,,,,2020-05-27 02:30:00
2020-05-27,3:00am,CHF,UBS Economic Expectations,Non-economic,31.3,,12.7,2020-05-27 03:00:00
2020-05-27,7:30am,CAD,Building Permits m/m,Non-economic,-17.1%,-16.5%,-13.4%,2020-05-27 07:30:00
2020-05-27,8:59am,USD,Richmond Manufacturing Index,Non-economic,-27,-40,-53,2020-05-27 08:59:00
2020-05-27,1:00pm,USD,Beige Book,Non-economic,,,,2020-05-27 13:00:00
2020-05-27,3:30pm,USD,API Weekly Statistical Bulletin,Non-economic,,,,2020-05-27 15:30:00
2020-05-27,7:00pm,AUD,RBA Gov Lowe Speaks,High,,,,2020-05-27 19:00:00
2020-05-27,8:00pm,NZD,ANZ Business Confidence,Medium,-41.8,,-45.6,2020-05-27 20:00:00
2020-05-27,8:30pm,AUD,Private Capital Expenditure q/q,High,-1.6%,-2.6%,-2.6%,2020-05-27 20:30:00
2020-05-28,All Day,EUR,German Prelim CPI m/m,Non-economic,-0.1%,0.1%,0.4%,2020-05-28 00:00:00
2020-05-28,2:00am,EUR,Spanish Flash CPI y/y,Non-economic,-1.0%,-1.0%,-0.7%,2020-05-28 02:00:00
2020-05-28,5:00am,GBP,MPC Member Saunders Speaks,Medium,,,,2020-05-28 05:00:00
2020-05-28,5:37am,GBP,30-y Bond Auction,Non-economic,0.60|2.6,,0.61|2.3,2020-05-28 05:37:00
2020-05-28,7:30am,CAD,Current Account,Non-economic,-11.1B,-10.2B,-9.3B,2020-05-28 07:30:00
2020-05-28,7:30am,USD,Prelim GDP q/q,High,-5.0%,-4.8%,-4.8%,2020-05-28 07:30:00
2020-05-28,7:30am,USD,Core Durable Goods Orders m/m,Medium,-7.4%,-14.8%,-0.4%,2020-05-28 07:30:00
2020-05-28,7:30am,USD,Durable Goods Orders m/m,Medium,-17.2%,-19.0%,-14.7%,2020-05-28 07:30:00
2020-05-28,7:30am,USD,Unemployment Claims,Medium,2123K,2100K,2446K,2020-05-28 07:30:00
2020-05-28,7:30am,USD,Prelim GDP Price Index q/q,Non-economic,1.4%,1.3%,1.3%,2020-05-28 07:30:00
2020-05-28,9:00am,USD,Pending Home Sales m/m,Medium,-21.8%,-15.0%,-20.8%,2020-05-28 09:00:00
2020-05-28,9:30am,USD,Natural Gas Storage,Non-economic,109B,113B,81B,2020-05-28 09:30:00
2020-05-28,10:00am,USD,Crude Oil Inventories,Non-economic,7.9M,-2.5M,-5.0M,2020-05-28 10:00:00
2020-05-28,10:00am,USD,FOMC Member Williams Speaks,Non-economic,,,,2020-05-28 10:00:00
2020-05-28,6:30pm,JPY,Tokyo Core CPI y/y,Non-economic,0.2%,-0.2%,-0.1%,2020-05-28 18:30:00
2020-05-28,6:30pm,JPY,Unemployment Rate,Non-economic,2.6%,2.7%,2.5%,2020-05-28 18:30:00
2020-05-28,6:50pm,JPY,Prelim Industrial Production m/m,Non-economic,-9.1%,-5.5%,-3.7%,2020-05-28 18:50:00
2020-05-28,6:50pm,JPY,Retail Sales y/y,Non-economic,-13.7%,-11.2%,-4.7%,2020-05-28 18:50:00
2020-05-28,8:30pm,AUD,Private Sector Credit m/m,Non-economic,0.0%,0.6%,1.1%,2020-05-28 20:30:00
2020-05-29,12:00am,JPY,Housing Starts y/y,Non-economic,-12.9%,-12.0%,-7.6%,2020-05-29 00:00:00
2020-05-29,12:02am,JPY,Consumer Confidence,Non-economic,24.0,21.3,21.6,2020-05-29 00:02:00
2020-05-29,1:00am,EUR,German Import Prices m/m,Non-economic,-1.8%,-1.5%,-3.5%,2020-05-29 01:00:00
2020-05-29,1:00am,EUR,German Retail Sales m/m,Non-economic,-5.3%,-12.0%,-4.0%,2020-05-29 01:00:00
2020-05-29,1:45am,EUR,French Consumer Spending m/m,Non-economic,-20.2%,-14.5%,-16.9%,2020-05-29 01:45:00
2020-05-29,1:45am,EUR,French Prelim CPI m/m,Non-economic,0.0%,0.1%,0.0%,2020-05-29 01:45:00
2020-05-29,1:45am,EUR,French Prelim GDP q/q,Non-economic,-5.3%,-5.8%,-5.8%,2020-05-29 01:45:00
2020-05-29,2:00am,CHF,KOF Economic Barometer,Non-economic,53.2,70.2,59.7,2020-05-29 02:00:00
2020-05-29,3:00am,EUR,M3 Money Supply y/y,Non-economic,8.3%,8.1%,7.5%,2020-05-29 03:00:00
2020-05-29,3:00am,EUR,Private Loans y/y,Non-economic,3.0%,3.5%,3.4%,2020-05-29 03:00:00
2020-05-29,4:00am,EUR,Core CPI Flash Estimate y/y,Non-economic,0.9%,0.8%,0.9%,2020-05-29 04:00:00
2020-05-29,4:00am,EUR,CPI Flash Estimate y/y,Non-economic,0.1%,0.1%,0.3%,2020-05-29 04:00:00
2020-05-29,4:00am,EUR,Italian Prelim CPI m/m,Non-economic,-0.1%,-0.1%,0.1%,2020-05-29 04:00:00
2020-05-29,4:21am,EUR,Italian 10-y Bond Auction,Non-economic,1.42|1.3,,1.78|1.3,2020-05-29 04:21:00
2020-05-29,7:30am,CAD,GDP m/m,High,-7.2%,-9.0%,0.0%,2020-05-29 07:30:00
2020-05-29,7:30am,CAD,RMPI m/m,Medium,-13.4%,-23.9%,-15.6%,2020-05-29 07:30:00
2020-05-29,7:30am,CAD,IPPI m/m,Non-economic,-2.3%,-2.0%,-1.5%,2020-05-29 07:30:00
2020-05-29,7:30am,USD,Core PCE Price Index m/m,Medium,-0.4%,-0.3%,0.0%,2020-05-29 07:30:00
2020-05-29,7:30am,USD,Personal Spending m/m,Medium,-13.6%,-12.6%,-6.9%,2020-05-29 07:30:00
2020-05-29,7:30am,USD,Goods Trade Balance,Non-economic,-69.7B,-64.8B,-65.0B,2020-05-29 07:30:00
2020-05-29,7:30am,USD,Personal Income m/m,Non-economic,10.5%,-7.0%,-2.2%,2020-05-29 07:30:00
2020-05-29,7:30am,USD,Prelim Wholesale Inventories m/m,Non-economic,0.4%,-0.5%,-0.8%,2020-05-29 07:30:00
2020-05-29,8:45am,USD,Chicago PMI,Medium,32.3,40.1,35.4,2020-05-29 08:45:00
2020-05-29,9:00am,USD,Revised UoM Consumer Sentiment,Medium,72.3,73.7,73.7,2020-05-29 09:00:00
2020-05-29,9:00am,USD,Revised UoM Inflation Expectations,Non-economic,3.2%,,3.0%,2020-05-29 09:00:00
2020-05-29,10:00am,USD,Fed Chairman Powell Speaks,High,,,,2020-05-29 10:00:00
2020-05-29,1:00pm,USD,President Trump Speaks,High,,,,2020-05-29 13:00:00
2020-05-30,8:00pm,CNY,Manufacturing PMI,High,50.6,51.1,50.8,2020-05-30 20:00:00
2020-05-30,8:00pm,CNY,Non-Manufacturing PMI,Medium,53.6,53.5,53.2,2020-05-30 20:00:00
2020-05-31,All Day,NZD,Bank Holiday,Low,,,,2020-05-31 00:00:00
2020-05-31,5:30pm,AUD,AIG Manufacturing Index,Non-economic,41.6,,35.8,2020-05-31 17:30:00
2020-05-31,6:50pm,JPY,Capital Spending q/y,Non-economic,4.3%,-5.1%,-3.5%,2020-05-31 18:50:00
2020-05-31,7:30pm,JPY,Final Manufacturing PMI,Non-economic,38.4,38.4,38.4,2020-05-31 19:30:00
2020-05-31,8:00pm,AUD,MI Inflation Gauge m/m,Non-economic,-1.2%,,-0.1%,2020-05-31 20:00:00
2020-05-31,8:45pm,CNY,RatingDog Manufacturing PMI,Non-economic,50.7,49.7,49.4,2020-05-31 20:45:00
2020-06-01,All Day,CHF,Bank Holiday,Low,,,,2020-06-01 00:00:00
2020-06-01,All Day,EUR,French Bank Holiday,Low,,,,2020-06-01 00:00:00
2020-06-01,All Day,EUR,German Bank Holiday,Low,,,,2020-06-01 00:00:00
2020-06-01,1:30am,AUD,Commodity Prices y/y,Non-economic,-7.4%,,-7.3%,2020-06-01 01:30:00
2020-06-01,2:15am,EUR,Spanish Manufacturing PMI,Non-economic,38.3,38.5,30.8,2020-06-01 02:15:00
2020-06-01,2:45am,EUR,Italian Manufacturing PMI,Non-economic,45.4,35.5,31.1,2020-06-01 02:45:00
2020-06-01,2:50am,EUR,French Final Manufacturing PMI,Non-economic,40.6,40.3,40.3,2020-06-01 02:50:00
2020-06-01,2:55am,EUR,German Final Manufacturing PMI,Non-economic,36.6,36.8,36.8,2020-06-01 02:55:00
2020-06-01,3:00am,EUR,Final Manufacturing PMI,Non-economic,39.4,39.5,39.5,2020-06-01 03:00:00
2020-06-01,3:30am,GBP,Final Manufacturing PMI,Non-economic,40.7,40.7,40.6,2020-06-01 03:30:00
2020-06-01,8:30am,CAD,Manufacturing PMI,Non-economic,40.6,,33.0,2020-06-01 08:30:00
2020-06-01,8:45am,USD,Final Manufacturing PMI,Non-economic,39.8,39.8,39.8,2020-06-01 08:45:00
2020-06-01,9:00am,USD,ISM Manufacturing PMI,High,43.1,43.5,41.5,2020-06-01 09:00:00
2020-06-01,9:00am,USD,Construction Spending m/m,Non-economic,-2.9%,-6.5%,0.0%,2020-06-01 09:00:00
2020-06-01,9:00am,USD,ISM Manufacturing Prices,Non-economic,40.8,40.0,35.3,2020-06-01 09:00:00
2020-06-01,5:45pm,NZD,Building Consents m/m,Non-economic,-6.5%,,-21.7%,2020-06-01 17:45:00
2020-06-01,5:45pm,NZD,Overseas Trade Index q/q,Non-economic,-0.7%,1.5%,2.8%,2020-06-01 17:45:00
2020-06-01,6:50pm,JPY,Monetary Base y/y,Non-economic,3.9%,2.6%,2.3%,2020-06-01 18:50:00
2020-06-01,8:30pm,AUD,Current Account,Medium,8.4B,6.3B,1.7B,2020-06-01 20:30:00
2020-06-01,8:30pm,AUD,Company Operating Profits q/q,Non-economic,1.1%,0.0%,-3.5%,2020-06-01 20:30:00
2020-06-01,10:35pm,JPY,10-y Bond Auction,Non-economic,0.00|3.4,,0.00|4.1,2020-06-01 22:35:00
2020-06-01,11:30pm,AUD,Cash Rate,High,0.25%,0.25%,0.25%,2020-06-01 23:30:00
2020-06-01,11:30pm,AUD,RBA Rate Statement,High,,,,2020-06-01 23:30:00
2020-06-02,1:00am,GBP,Nationwide HPI m/m,Non-economic,-1.7%,-1.0%,0.9%,2020-06-02 01:00:00
2020-06-02,All Day,EUR,Italian Bank Holiday,Low,,,,2020-06-02 00:00:00
2020-06-02,1:30am,CHF,Retail Sales y/y,Non-economic,-19.9%,-4.9%,-5.8%,2020-06-02 01:30:00
2020-06-02,1:45am,EUR,French Gov Budget Balance,Non-economic,-92.1B,,-52.5B,2020-06-02 01:45:00
2020-06-02,2:00am,EUR,Spanish Unemployment Change,Non-economic,26.6K,230.3K,282.9K,2020-06-02 02:00:00
2020-06-02,2:30am,CHF,Manufacturing PMI,Non-economic,42.1,42.0,40.7,2020-06-02 02:30:00
2020-06-02,3:30am,GBP,Mortgage Approvals,Non-economic,16K,34K,56K,2020-06-02 03:30:00
2020-06-02,3:30am,GBP,Net Lending to Individuals m/m,Non-economic,-6.9B,1.7B,1.0B,2020-06-02 03:30:00
2020-06-02,3:32am,GBP,M4 Money Supply m/m,Non-economic,1.5%,2.5%,3.2%,2020-06-02 03:32:00
2020-06-02,5:38am,GBP,10-y Bond Auction,Non-economic,0.26|2.8,,0.26|3.2,2020-06-02 05:38:00
2020-06-02,All Day,USD,Wards Total Vehicle Sales,Non-economic,8.7M,11.1M,8.6M,2020-06-02 00:00:00
2020-06-02,9:57am,NZD,GDT Price Index,Non-economic,0.1%,,1.0%,2020-06-02 09:57:00
2020-06-02,3:30pm,USD,API Weekly Statistical Bulletin,Non-economic,,,,2020-06-02 15:30:00
2020-06-02,5:30pm,AUD,AIG Construction Index,Non-economic,24.9,,21.6,2020-06-02 17:30:00
2020-06-02,6:01pm,GBP,BRC Shop Price Index y/y,Non-economic,-2.4%,,-1.7%,2020-06-02 18:01:00
2020-06-02,8:10pm,AUD,RBA Gov Bullock Speaks,Non-economic,,,,2020-06-02 20:10:00
2020-06-02,8:30pm,AUD,GDP q/q,High,-0.3%,-0.4%,0.5%,2020-06-02 20:30:00
2020-06-02,8:30pm,AUD,Building Approvals m/m,Non-economic,-1.8%,-10.8%,-2.6%,2020-06-02 20:30:00
2020-06-02,8:45pm,CNY,RatingDog Services PMI,Non-economic,55.0,47.4,44.4,2020-06-02 20:45:00
2020-06-03,12:45am,CHF,GDP q/q,Non-economic,-2.6%,-2.0%,0.3%,2020-06-03 00:45:00
2020-06-03,2:15am,EUR,Spanish Services PMI,Non-economic,27.9,24.7,7.1,2020-06-03 02:15:00
2020-06-03,2:45am,EUR,Italian Services PMI,Non-economic,28.9,26.2,10.8,2020-06-03 02:45:00
2020-06-03,2:50am,EUR,French Final Services PMI,Non-economic,31.1,29.4,29.4,2020-06-03 02:50:00
2020-06-03,2:55am,EUR,German Final Services PMI,Non-economic,32.6,31.4,31.4,2020-06-03 02:55:00
2020-06-03,2:55am,EUR,German Unemployment Change,Non-economic,238K,188K,372K,2020-06-03 02:55:00
2020-06-03,3:00am,EUR,Final Services PMI,Non-economic,30.5,28.7,28.7,2020-06-03 03:00:00
2020-06-03,3:00am,EUR,Italian Monthly Unemployment Rate,Non-economic,6.3%,9.2%,8.0%,2020-06-03 03:00:00
2020-06-03,3:30am,GBP,Final Services PMI,High,29.0,27.9,27.8,2020-06-03 03:30:00
2020-06-03,4:00am,EUR,PPI m/m,Non-economic,-2.0%,-1.8%,-1.5%,2020-06-03 04:00:00
2020-06-03,4:00am,EUR,Unemployment Rate,Non-economic,7.3%,8.2%,7.1%,2020-06-03 04:00:00
2020-06-03,All Day,All,G7 Meetings,High,,,,2020-06-03 00:00:00
2020-06-03,7:15am,USD,ADP Non-Farm Employment Change,High,-2760K,-9000K,-19557K,2020-06-03 07:15:00
2020-06-03,7:30am,CAD,Labor Productivity q/q,Non-economic,3.4%,1.9%,-0.1%,2020-06-03 07:30:00
2020-06-03,8:45am,USD,Final Services PMI,Non-economic,37.5,37.2,36.9,2020-06-03 08:45:00
2020-06-03,9:00am,CAD,BOC Rate Statement,High,,,,2020-06-03 09:00:00
2020-06-03,9:00am,CAD,Overnight Rate,High,0.25%,0.25%,0.25%,2020-06-03 09:00:00
2020-06-03,9:00am,USD,ISM Services PMI,High,45.4,44.2,41.8,2020-06-03 09:00:00
2020-06-03,9:00am,USD,Factory Orders m/m,Non-economic,-13.0%,-13.7%,-11.0%,2020-06-03 09:00:00
2020-06-03,9:30am,USD,Crude Oil Inventories,Non-economic,-2.1M,3.0M,7.9M,2020-06-03 09:30:00
2020-06-03,8:00pm,NZD,ANZ Commodity Prices m/m,Non-economic,-0.1%,,-1.1%,2020-06-03 20:00:00
2020-06-03,8:30pm,AUD,Goods Trade Balance,Medium,8.80B,7.50B,10.45B,2020-06-03 20:30:00
2020-06-03,10:35pm,JPY,30-y Bond Auction,Non-economic,0.53|2.8,,0.45|3.7,2020-06-03 22:35:00
2020-06-04,1:30am,CHF,CPI m/m,Non-economic,0.0%,0.1%,-0.4%,2020-06-04 01:30:00
2020-06-04,3:30am,GBP,Construction PMI,Non-economic,28.9,29.5,8.2,2020-06-04 03:30:00
2020-06-04,3:59am,EUR,Spanish 10-y Bond Auction,Non-economic,0.55|1.4,,0.71|1.3,2020-06-04 03:59:00
2020-06-04,4:00am,EUR,Retail Sales m/m,Non-economic,-11.7%,-15.0%,-11.1%,2020-06-04 04:00:00
2020-06-04,4:03am,EUR,French 10-y Bond Auction,Non-economic,0.02|2.4,,0.03|2.0,2020-06-04 04:03:00
2020-06-04,6:30am,USD,Challenger Job Cuts y/y,Non-economic,577.8%,,1576.9%,2020-06-04 06:30:00
2020-06-04,6:45am,EUR,Main Refinancing Rate,High,0.00%,0.00%,0.00%,2020-06-04 06:45:00
2020-06-04,6:45am,EUR,Monetary Policy Statement,High,,,,2020-06-04 06:45:00
2020-06-04,7:30am,CAD,Trade Balance,Medium,-3.3B,-2.7B,-1.5B,2020-06-04 07:30:00
2020-06-04,7:30am,EUR,ECB Press Conference,High,,,,2020-06-04 07:30:00
2020-06-04,7:30am,USD,Unemployment Claims,Medium,1877K,1820K,2126K,2020-06-04 07:30:00
2020-06-04,7:30am,USD,Revised Nonfarm Productivity q/q,Non-economic,-0.9%,-2.5%,-2.5%,2020-06-04 07:30:00
2020-06-04,7:30am,USD,Revised Unit Labor Costs q/q,Non-economic,5.1%,4.8%,4.8%,2020-06-04 07:30:00
2020-06-04,7:30am,USD,Trade Balance,Non-economic,-49.4B,-41.5B,-42.3B,2020-06-04 07:30:00
2020-06-04,9:30am,USD,Natural Gas Storage,Non-economic,102B,110B,109B,2020-06-04 09:30:00
2020-06-04,1:00pm,CAD,Gov Council Member Gravelle Speaks,Non-economic,,,,2020-06-04 13:00:00
2020-06-04,5:30pm,AUD,AIG Services Index,Non-economic,31.6,,27.1,2020-06-04 17:30:00
2020-06-04,6:01pm,GBP,GfK Consumer Confidence,Non-economic,-36,-34,-34,2020-06-04 18:01:00
2020-06-04,6:30pm,JPY,Household Spending y/y,Non-economic,-11.1%,-12.8%,-6.0%,2020-06-04 18:30:00
2020-06-05,12:00am,JPY,Leading Indicators,Non-economic,76.2%,76.3%,84.7%,2020-06-05 00:00:00
2020-06-05,1:00am,EUR,German Factory Orders m/m,Non-economic,-25.8%,-20.0%,-15.0%,2020-06-05 01:00:00
2020-06-05,2:00am,CHF,Foreign Currency Reserves,Non-economic,816B,,801B,2020-06-05 02:00:00
2020-06-05,2:30am,GBP,Halifax HPI m/m,Non-economic,-0.2%,-0.7%,-0.6%,2020-06-05 02:30:00
2020-06-05,3:00am,EUR,Italian Retail Sales m/m,Non-economic,-10.5%,-19.0%,-21.3%,2020-06-05 03:00:00
2020-06-05,7:30am,CAD,Employment Change,High,289.6K,-500.0K,-1993.8K,2020-06-05 07:30:00
2020-06-05,7:30am,CAD,Unemployment Rate,High,13.7%,15.0%,13.0%,2020-06-05 07:30:00
2020-06-05,7:30am,USD,Average Hourly Earnings m/m,High,-1.0%,1.0%,4.7%,2020-06-05 07:30:00
2020-06-05,7:30am,USD,Non-Farm Employment Change,High,2509K,-7750K,-20687K,2020-06-05 07:30:00
2020-06-05,7:30am,USD,Unemployment Rate,High,13.3%,19.4%,14.7%,2020-06-05 07:30:00
2020-06-05,9:00am,CAD,Ivey PMI,Non-economic,39.1,30.8,22.8,2020-06-05 09:00:00
2020-06-05,2:00pm,USD,Consumer Credit m/m,Non-economic,-68.8B,-20.0B,-11.5B,2020-06-05 14:00:00
2020-06-06,All Day,All,OPEC Meetings,High,,,,2020-06-06 00:00:00
2020-06-06,All Day,All,OPEC-JMMC Meetings,High,,,,2020-06-06 00:00:00
2020-06-06,10:06pm,CNY,Trade Balance,High,443B,283B,318B,2020-06-06 22:06:00
2020-06-06,10:07pm,CNY,USD-Denominated Trade Balance,Medium,62.9B,41.4B,45.3B,2020-06-06 22:07:00
2020-06-07,All Day,AUD,Bank Holiday,Low,,,,2020-06-07 00:00:00
2020-06-07,6:50pm,JPY,Bank Lending y/y,Non-economic,4.8%,4.0%,2.9%,2020-06-07 18:50:00
2020-06-07,6:50pm,JPY,Final GDP q/q,Non-economic,-0.6%,-0.5%,-0.9%,2020-06-07 18:50:00
2020-06-07,6:52pm,JPY,Current Account,Non-economic,0.25T,0.33T,0.94T,2020-06-07 18:52:00
2020-06-07,6:52pm,JPY,Final GDP Price Index y/y,Non-economic,0.9%,0.9%,0.9%,2020-06-07 18:52:00
2020-06-08,12:02am,JPY,Economy Watchers Sentiment,Non-economic,15.5,12.6,7.9,2020-06-08 00:02:00
2020-06-08,1:00am,EUR,German Industrial Production m/m,Medium,-17.9%,-16.0%,-8.9%,2020-06-08 01:00:00
2020-06-08,3:30am,EUR,Sentix Investor Confidence,Non-economic,-24.8,-22.0,-41.8,2020-06-08 03:30:00
2020-06-08,7:17am,CAD,Housing Starts,Non-economic,193K,160K,166K,2020-06-08 07:17:00
2020-06-08,8:45am,EUR,ECB President Lagarde Speaks,High,,,,2020-06-08 08:45:00
2020-06-08,6:01pm,GBP,BRC Retail Sales Monitor y/y,Non-economic,7.9%,3.0%,5.7%,2020-06-08 18:01:00
2020-06-08,6:30pm,JPY,Average Cash Earnings y/y,Non-economic,-0.6%,-1.0%,0.1%,2020-06-08 18:30:00
2020-06-08,6:50pm,JPY,M2 Money Stock y/y,Non-economic,5.1%,4.0%,3.7%,2020-06-08 18:50:00
2020-06-08,8:00pm,NZD,Prelim ANZ Business Confidence,Medium,-33.0,,-41.8,2020-06-08 20:00:00
2020-06-08,8:30pm,AUD,NAB Business Confidence,Medium,-20,,-45,2020-06-08 20:30:00
2020-06-08,8:30pm,AUD,ANZ Job Advertisements m/m,Non-economic,0.5%,,-53.4%,2020-06-08 20:30:00
2020-06-09,12:45am,CHF,Unemployment Rate,Non-economic,3.4%,3.6%,3.1%,2020-06-09 00:45:00
2020-06-09,12:59am,JPY,Prelim Machine Tool Orders y/y,Non-economic,-52.8%,,-48.3%,2020-06-09 00:59:00
2020-06-09,1:02am,EUR,German Trade Balance,Non-economic,3.2B,11.9B,12.8B,2020-06-09 01:02:00
2020-06-09,1:45am,EUR,French Trade Balance,Non-economic,-5.0B,-3.4B,-3.2B,2020-06-09 01:45:00
2020-06-09,4:00am,EUR,Final Employment Change q/q,Non-economic,-0.2%,-0.2%,-0.2%,2020-06-09 04:00:00
2020-06-09,4:00am,EUR,Revised GDP q/q,Non-economic,-3.6%,-3.8%,-3.8%,2020-06-09 04:00:00
2020-06-09,All Day,EUR,ECOFIN Meetings,Non-economic,,,,2020-06-09 00:00:00
2020-06-09,5:00am,USD,NFIB Small Business Index,Non-economic,94.4,92.1,90.9,2020-06-09 05:00:00
2020-06-09,7:32am,CAD,Corporate Profits q/q,Non-economic,-38.4%,,3.6%,2020-06-09 07:32:00
2020-06-09,9:00am,USD,Final Wholesale Inventories m/m,Non-economic,0.3%,0.4%,0.4%,2020-06-09 09:00:00
2020-06-09,9:00am,USD,JOLTS Job Openings,Non-economic,5.05M,5.75M,6.01M,2020-06-09 09:00:00
2020-06-09,9:01am,USD,RCM/TIPP Economic Optimism,Non-economic,47.0,52.1,49.7,2020-06-09 09:01:00
2020-06-09,9:30am,GBP,MPC Member Cunliffe Speaks,Medium,,,,2020-06-09 09:30:00
2020-06-09,12:01pm,USD,10-y Bond Auction,Non-economic,0.83|2.3,,0.70|2.7,2020-06-09 12:01:00
2020-06-09,3:30pm,USD,API Weekly Statistical Bulletin,Non-economic,,,,2020-06-09 15:30:00
2020-06-09,5:45pm,NZD,Manufacturing Sales q/q,Non-economic,0.0%,,2.2%,2020-06-09 17:45:00
2020-06-09,6:50pm,JPY,Core Machinery Orders m/m,Non-economic,-12.0%,-7.5%,-0.4%,2020-06-09 18:50:00
2020-06-09,6:50pm,JPY,PPI y/y,Non-economic,-2.7%,-2.4%,-2.4%,2020-06-09 18:50:00
2020-06-09,7:30pm,AUD,Westpac Consumer Sentiment,Non-economic,6.3%,,16.4%,2020-06-09 19:30:00
2020-06-09,8:30pm,CNY,CPI y/y,Non-economic,2.4%,2.7%,3.3%,2020-06-09 20:30:00
2020-06-09,8:30pm,CNY,PPI y/y,Non-economic,-3.7%,-3.2%,-3.1%,2020-06-09 20:30:00
2020-06-10,1:45am,EUR,French Industrial Production m/m,Non-economic,-20.1%,-20.0%,-16.2%,2020-06-10 01:45:00
2020-06-10,3:32am,CNY,M2 Money Supply y/y,Non-economic,11.1%,11.3%,11.1%,2020-06-10 03:32:00
2020-06-10,3:32am,CNY,New Loans,Non-economic,1480B,1600B,1700B,2020-06-10 03:32:00
2020-06-10,7:30am,USD,Core CPI m/m,High,-0.1%,0.0%,-0.4%,2020-06-10 07:30:00
2020-06-10,7:30am,USD,CPI m/m,High,-0.1%,0.0%,-0.8%,2020-06-10 07:30:00
2020-06-10,7:30am,USD,CPI y/y,High,0.1%,0.3%,0.3%,2020-06-10 07:30:00
2020-06-10,9:30am,USD,Crude Oil Inventories,Non-economic,5.7M,-1.8M,-2.1M,2020-06-10 09:30:00
2020-06-10,1:00pm,USD,Federal Funds Rate,High,<0.25%,<0.25%,<0.25%,2020-06-10 13:00:00
2020-06-10,1:00pm,USD,FOMC Economic Projections,High,,,,2020-06-10 13:00:00
2020-06-10,1:00pm,USD,FOMC Statement,High,,,,2020-06-10 13:00:00
2020-06-10,1:00pm,USD,Federal Budget Balance,Non-economic,-398.8B,-580.0B,-737.9B,2020-06-10 13:00:00
2020-06-10,1:30pm,USD,FOMC Press Conference,High,,,,2020-06-10 13:30:00
2020-06-10,6:01pm,GBP,RICS House Price Balance,Non-economic,-32%,-24%,-22%,2020-06-10 18:01:00
2020-06-10,6:50pm,JPY,BSI Manufacturing Index,Non-economic,-52.3,-20.5,-17.2,2020-06-10 18:50:00
2020-06-10,8:00pm,AUD,MI Inflation Expectations,Non-economic,3.3%,,3.4%,2020-06-10 20:00:00
2020-06-11,12:30am,EUR,French Final Private Payrolls q/q,Non-economic,-2.5%,-2.3%,-2.3%,2020-06-11 00:30:00
2020-06-11,3:00am,EUR,Italian Industrial Production m/m,Non-economic,-19.1%,-24.0%,-28.4%,2020-06-11 03:00:00
2020-06-11,All Day,EUR,Eurogroup Meetings,Medium,,,,2020-06-11 00:00:00
2020-06-11,7:30am,USD,Core PPI m/m,Medium,-0.1%,-0.1%,-0.3%,2020-06-11 07:30:00
2020-06-11,7:30am,USD,PPI m/m,Medium,0.4%,0.1%,-1.3%,2020-06-11 07:30:00
2020-06-11,7:30am,USD,Unemployment Claims,Medium,1542K,1550K,1897K,2020-06-11 07:30:00
2020-06-11,9:30am,USD,Natural Gas Storage,Non-economic,93B,93B,102B,2020-06-11 09:30:00
2020-06-11,12:01pm,USD,30-y Bond Auction,Non-economic,1.45|2.3,,1.34|2.3,2020-06-11 12:01:00
2020-06-11,5:30pm,NZD,BusinessNZ Manufacturing Index,Non-economic,39.7,,25.9,2020-06-11 17:30:00
2020-06-11,11:30pm,JPY,Revised Industrial Production m/m,Non-economic,-9.8%,-9.1%,-9.1%,2020-06-11 23:30:00
2020-06-12,1:00am,GBP,GDP m/m,High,-20.4%,-18.6%,-5.8%,2020-06-12 01:00:00
2020-06-12,1:00am,GBP,Manufacturing Production m/m,Medium,-24.3%,-15.0%,-4.6%,2020-06-12 01:00:00
2020-06-12,1:00am,GBP,Industrial Production m/m,Non-economic,-20.3%,-15.0%,-4.2%,2020-06-12 01:00:00
2020-06-12,1:02am,GBP,Goods Trade Balance,Non-economic,-7.5B,-11.0B,-11.9B,2020-06-12 01:02:00
2020-06-12,1:03am,GBP,Construction Output m/m,Non-economic,-40.1%,-24.0%,-5.9%,2020-06-12 01:03:00
2020-06-12,1:03am,GBP,Index of Services 3m/3m,Non-economic,-9.9%,-10.6%,-1.9%,2020-06-12 01:03:00
2020-06-12,1:45am,EUR,French Final CPI m/m,Non-economic,0.1%,0.0%,0.0%,2020-06-12 01:45:00
2020-06-12,3:00am,EUR,Italian Quarterly Unemployment Rate,Non-economic,8.9%,8.8%,9.5%,2020-06-12 03:00:00
2020-06-12,3:30am,GBP,Consumer Inflation Expectations,Non-economic,2.9%,,3.0%,2020-06-12 03:30:00
2020-06-12,4:00am,EUR,Industrial Production m/m,Non-economic,-17.1%,-19.0%,-11.9%,2020-06-12 04:00:00
2020-06-12,7:30am,CAD,Capacity Utilization Rate,Non-economic,79.8%,80.1%,81.4%,2020-06-12 07:30:00
2020-06-12,7:30am,USD,Import Prices m/m,Non-economic,1.0%,0.6%,-2.6%,2020-06-12 07:30:00
2020-06-12,8:08am,GBP,NIESR GDP Estimate,Non-economic,-17.6%,,-10.3%,2020-06-12 08:08:00
2020-06-12,8:30am,GBP,CB Leading Index m/m,Non-economic,-2.9%,,-1.2%,2020-06-12 08:30:00
2020-06-12,9:00am,USD,Prelim UoM Consumer Sentiment,High,78.9,75.0,72.3,2020-06-12 09:00:00
2020-06-12,9:00am,USD,Prelim UoM Inflation Expectations,Non-economic,3.0%,,3.2%,2020-06-12 09:00:00
2020-06-12,10:00am,USD,Fed Monetary Policy Report,Non-economic,,,,2020-06-12 10:00:00
2020-06-14,5:30pm,NZD,BusinessNZ Services Index,Non-economic,37.2,,25.7,2020-06-14 17:30:00
2020-06-14,5:45pm,NZD,FPI m/m,Non-economic,-0.8%,,1.0%,2020-06-14 17:45:00
2020-06-14,5:45pm,NZD,Visitor Arrivals m/m,Non-economic,-98.9%,,-40.8%,2020-06-14 17:45:00
2020-06-14,8:30pm,CNY,New Home Prices m/m,Non-economic,0.49%,,0.42%,2020-06-14 20:30:00
2020-06-14,9:00pm,CNY,Fixed Asset Investment ytd/y,Medium,-6.3%,-6.0%,-10.3%,2020-06-14 21:00:00
2020-06-14,9:00pm,CNY,Industrial Production y/y,Medium,4.4%,5.0%,3.9%,2020-06-14 21:00:00
2020-06-14,9:00pm,CNY,Retail Sales y/y,Non-economic,-2.8%,-2.3%,-7.5%,2020-06-14 21:00:00
2020-06-14,9:02pm,CNY,Unemployment Rate,Non-economic,5.9%,5.9%,6.0%,2020-06-14 21:02:00
2020-06-14,11:30pm,JPY,Tertiary Industry Activity m/m,Non-economic,-6.0%,-7.5%,-3.8%,2020-06-14 23:30:00
2020-06-15,1:30am,CHF,PPI m/m,Non-economic,-0.5%,-0.4%,-1.3%,2020-06-15 01:30:00
2020-06-15,4:00am,EUR,Trade Balance,Non-economic,1.2B,20.3B,25.5B,2020-06-15 04:00:00
2020-06-15,7:30am,CAD,Manufacturing Sales m/m,Non-economic,-28.5%,-20.2%,-9.8%,2020-06-15 07:30:00
2020-06-15,7:30am,USD,Empire State Manufacturing Index,Non-economic,-0.2,-30.0,-48.5,2020-06-15 07:30:00
2020-06-15,10:00am,USD,FOMC Member Kaplan Speaks,Non-economic,,,,2020-06-15 10:00:00
2020-06-15,1:00pm,USD,Fed Announcement,High,,,,2020-06-15 13:00:00
2020-06-15,3:00pm,USD,TIC Long-Term Purchases,Non-economic,-128.4B,86.7B,-111.6B,2020-06-15 15:00:00
2020-06-15,4:00pm,NZD,Westpac Consumer Sentiment,Non-economic,97.2,,104.2,2020-06-15 16:00:00
2020-06-15,8:30pm,AUD,Monetary Policy Meeting Minutes,Medium,,,,2020-06-15 20:30:00
2020-06-15,8:30pm,AUD,HPI q/q,Non-economic,1.6%,2.5%,3.9%,2020-06-15 20:30:00
2020-06-15,9:33pm,JPY,Monetary Policy Statement,High,,,,2020-06-15 21:33:00
2020-06-15,9:33pm,JPY,BOJ Policy Rate,Non-economic,-0.10%,-0.10%,-0.10%,2020-06-15 21:33:00
2020-06-16,12:45am,CHF,SECO Economic Forecasts,Non-economic,,,,2020-06-16 00:45:00
2020-06-16,12:59am,EUR,German WPI m/m,Non-economic,-0.6%,-1.0%,-1.4%,2020-06-16 00:59:00
2020-06-16,1:00am,EUR,German Final CPI m/m,Non-economic,-0.1%,-0.1%,-0.1%,2020-06-16 01:00:00
2020-06-16,1:00am,GBP,Claimant Count Change,High,528.9K,405.3K,1032.7K,2020-06-16 01:00:00
2020-06-16,1:00am,GBP,Unemployment Rate,Non-economic,3.9%,4.7%,3.9%,2020-06-16 01:00:00
2020-06-16,1:02am,GBP,Average Earnings Index 3m/y,Non-economic,1.0%,1.4%,2.3%,2020-06-16 01:02:00
2020-06-16,1:30am,JPY,BOJ Press Conference,Medium,,,,2020-06-16 01:30:00
2020-06-16,4:00am,EUR,ZEW Economic Sentiment,Non-economic,58.6,53.4,46.0,2020-06-16 04:00:00
2020-06-16,4:00am,EUR,German ZEW Economic Sentiment,Non-economic,63.4,60.0,51.0,2020-06-16 04:00:00
2020-06-16,5:33am,GBP,10-y Bond Auction,Non-economic,0.22|3.3,,0.26|2.8,2020-06-16 05:33:00
2020-06-16,7:30am,CAD,Foreign Securities Purchases,Non-economic,49.04B,5.00B,-9.82B,2020-06-16 07:30:00
2020-06-16,7:30am,USD,Core Retail Sales m/m,High,12.4%,5.5%,-15.2%,2020-06-16 07:30:00
2020-06-16,7:30am,USD,Retail Sales m/m,High,17.7%,7.9%,-14.7%,2020-06-16 07:30:00
2020-06-16,8:15am,USD,Capacity Utilization Rate,Non-economic,64.8%,66.8%,64.0%,2020-06-16 08:15:00
2020-06-16,8:15am,USD,Industrial Production m/m,Non-economic,1.4%,3.0%,-12.5%,2020-06-16 08:15:00
2020-06-16,9:00am,USD,Fed Chairman Powell Testifies,High,,,,2020-06-16 09:00:00
2020-06-16,9:00am,USD,Business Inventories m/m,Non-economic,-1.3%,-0.8%,-0.3%,2020-06-16 09:00:00
2020-06-16,9:00am,USD,NAHB Housing Market Index,Non-economic,58,43,37,2020-06-16 09:00:00
2020-06-16,9:44am,NZD,GDT Price Index,Non-economic,1.9%,,0.1%,2020-06-16 09:44:00
2020-06-16,2:00pm,CAD,BOC Gov Macklem Speaks,High,,,,2020-06-16 14:00:00
2020-06-16,3:00pm,USD,FOMC Member Clarida Speaks,Non-economic,,,,2020-06-16 15:00:00
2020-06-16,3:30pm,USD,API Weekly Statistical Bulletin,Non-economic,,,,2020-06-16 15:30:00
2020-06-16,5:45pm,NZD,Current Account,Non-economic,1.56B,1.59B,-2.77B,2020-06-16 17:45:00
2020-06-16,6:50pm,JPY,Trade Balance,Non-economic,-0.60T,-0.68T,-1.04T,2020-06-16 18:50:00
2020-06-16,7:30pm,AUD,MI Leading Index m/m,Non-economic,0.2%,,-1.5%,2020-06-16 19:30:00
2020-06-17,1:00am,GBP,CPI y/y,Medium,0.5%,0.5%,0.8%,2020-06-17 01:00:00
2020-06-17,1:00am,GBP,Core CPI y/y,Non-economic,1.2%,1.3%,1.4%,2020-06-17 01:00:00
2020-06-17,1:00am,GBP,PPI Input m/m,Non-economic,0.3%,4.1%,-5.5%,2020-06-17 01:00:00
2020-06-17,1:00am,GBP,PPI Output m/m,Non-economic,-0.3%,0.0%,-0.8%,2020-06-17 01:00:00
2020-06-17,1:02am,GBP,RPI y/y,Non-economic,1.0%,1.2%,1.5%,2020-06-17 01:02:00
2020-06-17,4:00am,EUR,Final Core CPI y/y,Non-economic,0.9%,0.9%,0.9%,2020-06-17 04:00:00
2020-06-17,4:00am,EUR,Final CPI y/y,Non-economic,0.1%,0.1%,0.1%,2020-06-17 04:00:00
2020-06-17,4:37am,EUR,German 10-y Bond Auction,Non-economic,-0.38|1.8,,-0.47|2.4,2020-06-17 04:37:00
2020-06-17,7:30am,CAD,CPI m/m,Medium,0.3%,0.8%,-0.7%,2020-06-17 07:30:00
2020-06-17,7:30am,CAD,Common CPI y/y,Non-economic,1.4%,1.6%,1.5%,2020-06-17 07:30:00
2020-06-17,7:30am,CAD,Median CPI y/y,Non-economic,1.9%,1.9%,2.0%,2020-06-17 07:30:00
2020-06-17,7:30am,CAD,Trimmed CPI y/y,Non-economic,1.7%,1.7%,1.9%,2020-06-17 07:30:00
2020-06-17,7:30am,USD,Building Permits,Medium,1.22M,1.23M,1.07M,2020-06-17 07:30:00
2020-06-17,7:30am,USD,Housing Starts,Non-economic,0.97M,1.10M,0.93M,2020-06-17 07:30:00
2020-06-17,7:32am,CAD,Core CPI m/m,Non-economic,-0.1%,,-0.4%,2020-06-17 07:32:00
2020-06-17,9:30am,AUD,CB Leading Index m/m,Non-economic,0.9%,,-0.2%,2020-06-17 09:30:00
2020-06-17,9:30am,USD,Crude Oil Inventories,Non-economic,1.2M,0.0M,5.7M,2020-06-17 09:30:00
2020-06-17,11:00am,USD,Fed Chairman Powell Testifies,High,,,,2020-06-17 11:00:00
2020-06-17,3:00pm,USD,FOMC Member Mester Speaks,Non-economic,,,,2020-06-17 15:00:00
2020-06-17,5:45pm,NZD,GDP q/q,High,-1.6%,-1.0%,0.5%,2020-06-17 17:45:00
2020-06-17,8:30pm,AUD,Employment Change,High,-227.7K,-105.0K,-607.4K,2020-06-17 20:30:00
2020-06-17,8:30pm,AUD,Unemployment Rate,High,7.1%,6.9%,6.4%,2020-06-17 20:30:00
2020-06-17,8:30pm,AUD,RBA Bulletin,Non-economic,,,,2020-06-17 20:30:00
2020-06-17,11:30pm,CHF,SNB Financial Stability Report,Medium,,,,2020-06-17 23:30:00
2020-06-18,1:00am,CHF,Trade Balance,Non-economic,2.80B,3.95B,3.99B,2020-06-18 01:00:00
2020-06-18,2:10am,CNY,Foreign Direct Investment ytd/y,Non-economic,-3.8%,,-6.1%,2020-06-18 02:10:00
2020-06-18,2:30am,CHF,SNB Monetary Policy Assessment,High,,,,2020-06-18 02:30:00
2020-06-18,2:30am,CHF,SNB Policy Rate,Medium,-0.75%,-0.75%,-0.75%,2020-06-18 02:30:00
2020-06-18,3:00am,CHF,SNB Press Conference,High,,,,2020-06-18 03:00:00
2020-06-18,3:00am,EUR,ECB Economic Bulletin,Non-economic,,,,2020-06-18 03:00:00
2020-06-18,3:03am,EUR,Italian Trade Balance,Non-economic,-1.16B,4.88B,5.68B,2020-06-18 03:03:00
2020-06-18,3:57am,EUR,Spanish 10-y Bond Auction,Non-economic,0.53|3.9,,0.55|1.4,2020-06-18 03:57:00
2020-06-18,6:00am,GBP,Asset Purchase Facility,High,745B,745B,645B,2020-06-18 06:00:00
2020-06-18,6:00am,GBP,Monetary Policy Summary,High,,,,2020-06-18 06:00:00
2020-06-18,6:00am,GBP,MPC Official Bank Rate Votes,High,0-0-9,0-0-9,0-0-9,2020-06-18 06:00:00
2020-06-18,6:00am,GBP,Official Bank Rate,High,0.10%,0.10%,0.10%,2020-06-18 06:00:00
2020-06-18,6:02am,GBP,MPC Asset Purchase Facility Votes,High,8-0-1,9-0-0,2-0-7,2020-06-18 06:02:00
2020-06-18,6:20am,GBP,BOE Inflation Letter,Medium,,,,2020-06-18 06:20:00
2020-06-18,7:30am,CAD,ADP Non-Farm Employment Change,Medium,208.4K,,-2361.7K,2020-06-18 07:30:00
2020-06-18,7:30am,CAD,Wholesale Sales m/m,Non-economic,-21.6%,-11.6%,-2.7%,2020-06-18 07:30:00
2020-06-18,7:30am,USD,Philly Fed Manufacturing Index,Medium,27.5,-23.0,-43.1,2020-06-18 07:30:00
2020-06-18,7:30am,USD,Unemployment Claims,Medium,1508K,1300K,1566K,2020-06-18 07:30:00
2020-06-18,7:32am,CAD,NHPI m/m,Non-economic,0.1%,0.2%,0.0%,2020-06-18 07:32:00
2020-06-18,8:30am,GBP,BOE Gov Bailey Speaks,High,,,,2020-06-18 08:30:00
2020-06-18,9:00am,USD,CB Leading Index m/m,Medium,2.8%,2.4%,-6.1%,2020-06-18 09:00:00
2020-06-18,9:30am,USD,Natural Gas Storage,Non-economic,85B,83B,93B,2020-06-18 09:30:00
2020-06-18,11:15am,USD,FOMC Member Mester Speaks,Non-economic,,,,2020-06-18 11:15:00
2020-06-18,12:30pm,CAD,Gov Council Member Schembri Speaks,Non-economic,,,,2020-06-18 12:30:00
2020-06-18,6:01pm,GBP,GfK Consumer Confidence,Non-economic,-30,-36,-36,2020-06-18 18:01:00
2020-06-18,6:30pm,JPY,National Core CPI y/y,Non-economic,-0.2%,-0.1%,-0.2%,2020-06-18 18:30:00
2020-06-18,Apr Data,JPY,Monetary Policy Meeting Minutes,Non-economic,,,,2020-06-18 00:00:00
2020-06-18,6:50pm,JPY,Monetary Policy Meeting Minutes,Non-economic,,,,2020-06-18 18:50:00
2020-06-18,8:30pm,AUD,Retail Sales m/m,Medium,16.3%,15.0%,-17.7%,2020-06-18 20:30:00
2020-06-19,1:00am,EUR,German PPI m/m,Non-economic,-0.4%,-0.3%,-0.7%,2020-06-19 01:00:00
2020-06-19,1:00am,GBP,Retail Sales m/m,Medium,12.0%,6.3%,-18.0%,2020-06-19 01:00:00
2020-06-19,1:00am,GBP,Public Sector Net Borrowing,Non-economic,54.5B,49.3B,47.8B,2020-06-19 01:00:00
2020-06-19,3:00am,EUR,Current Account,Non-economic,14.4B,16.3B,27.4B,2020-06-19 03:00:00
2020-06-19,All Day,EUR,EU Economic Summit,High,,,,2020-06-19 00:00:00
2020-06-19,7:30am,CAD,Core Retail Sales m/m,High,-22.0%,-12.7%,-0.2%,2020-06-19 07:30:00
2020-06-19,7:30am,CAD,Retail Sales m/m,Medium,-26.4%,-15.0%,-9.9%,2020-06-19 07:30:00
2020-06-19,7:30am,USD,Current Account,Non-economic,-104B,-101B,-104B,2020-06-19 07:30:00
2020-06-19,11:00am,USD,FOMC Member Quarles Speaks,Non-economic,,,,2020-06-19 11:00:00
2020-06-19,12:00pm,USD,Fed Chairman Powell Speaks,Medium,,,,2020-06-19 12:00:00
2020-06-21,6:00pm,AUD,RBA Gov Lowe Speaks,High,,,,2020-06-21 18:00:00
2020-06-21,8:30pm,CNY,1-y Loan Prime Rate,Medium,3.85%,3.85%,3.85%,2020-06-21 20:30:00
2020-06-21,8:30pm,CNY,5-y Loan Prime Rate,Medium,4.65%,4.65%,4.65%,2020-06-21 20:30:00
2020-06-21,10:00pm,NZD,Credit Card Spending y/y,Non-economic,-21.1%,,-49.1%,2020-06-21 22:00:00
2020-06-22,5:00am,EUR,German Buba Monthly Report,Non-economic,,,,2020-06-22 05:00:00
2020-06-22,5:00am,GBP,CBI Industrial Order Expectations,Non-economic,-58,-50,-62,2020-06-22 05:00:00
2020-06-22,8:00am,CNY,CB Leading Index m/m,Non-economic,-0.9%,,-0.9%,2020-06-22 08:00:00
2020-06-22,8:48am,EUR,Consumer Confidence,Non-economic,-15,-15,-19,2020-06-22 08:48:00
2020-06-22,9:00am,USD,Existing Home Sales,Non-economic,3.91M,4.15M,4.33M,2020-06-22 09:00:00
2020-06-22,10:00am,CAD,BOC Gov Macklem Speaks,High,,,,2020-06-22 10:00:00
2020-06-22,6:00pm,AUD,Flash Manufacturing PMI,Non-economic,49.8,,44.0,2020-06-22 18:00:00
2020-06-22,6:00pm,AUD,Flash Services PMI,Non-economic,53.2,,26.9,2020-06-22 18:00:00
2020-06-22,7:30pm,JPY,Flash Manufacturing PMI,Non-economic,37.8,39.5,38.4,2020-06-22 19:30:00
2020-06-22,8:30pm,AUD,Goods Trade Balance,Non-economic,7.82B,,6.98B,2020-06-22 20:30:00
2020-06-23,12:00am,JPY,BOJ Core CPI y/y,Non-economic,0.0%,-0.1%,-0.1%,2020-06-23 00:00:00
2020-06-23,2:15am,EUR,French Flash Services PMI,High,50.3,44.9,31.1,2020-06-23 02:15:00
2020-06-23,2:15am,EUR,French Flash Manufacturing PMI,Medium,52.1,46.1,40.6,2020-06-23 02:15:00
2020-06-23,2:30am,EUR,German Flash Manufacturing PMI,High,44.6,41.5,36.6,2020-06-23 02:30:00
2020-06-23,2:30am,EUR,German Flash Services PMI,High,45.8,41.7,32.6,2020-06-23 02:30:00
2020-06-23,3:00am,EUR,Flash Manufacturing PMI,Medium,46.9,43.8,39.4,2020-06-23 03:00:00
2020-06-23,3:00am,EUR,Flash Services PMI,Medium,47.3,40.5,30.5,2020-06-23 03:00:00
2020-06-23,3:30am,GBP,Flash Manufacturing PMI,Medium,50.1,45.2,40.7,2020-06-23 03:30:00
2020-06-23,3:30am,GBP,Flash Services PMI,Medium,47.0,39.1,29.0,2020-06-23 03:30:00
2020-06-23,3:45am,GBP,BOE Gov Bailey Speaks,Medium,,,,2020-06-23 03:45:00
2020-06-23,5:36am,GBP,10-y Bond Auction,Non-economic,0.25|2.3,,0.22|3.3,2020-06-23 05:36:00
2020-06-23,8:45am,USD,Flash Manufacturing PMI,Medium,49.6,50.0,39.8,2020-06-23 08:45:00
2020-06-23,8:45am,USD,Flash Services PMI,Non-economic,46.7,46.9,37.5,2020-06-23 08:45:00
2020-06-23,8:59am,USD,Richmond Manufacturing Index,Non-economic,0,-3,-27,2020-06-23 08:59:00
2020-06-23,9:00am,USD,New Home Sales,Non-economic,676K,637K,580K,2020-06-23 09:00:00
2020-06-23,3:30pm,USD,API Weekly Statistical Bulletin,Non-economic,,,,2020-06-23 15:30:00
2020-06-23,6:50pm,JPY,BOJ Summary of Opinions,Non-economic,,,,2020-06-23 18:50:00
2020-06-23,6:50pm,JPY,SPPI y/y,Non-economic,0.8%,0.8%,0.8%,2020-06-23 18:50:00
2020-06-23,9:00pm,NZD,Official Cash Rate,High,0.25%,0.25%,0.25%,2020-06-23 21:00:00
2020-06-23,9:00pm,NZD,RBNZ Rate Statement,High,,,,2020-06-23 21:00:00
2020-06-24,3:00am,CHF,UBS Economic Expectations,Non-economic,48.7,,31.3,2020-06-24 03:00:00
2020-06-24,3:00am,EUR,German ifo Business Climate,Non-economic,86.2,85.0,79.7,2020-06-24 03:00:00
2020-06-24,7:56am,EUR,Belgian NBB Business Climate,Non-economic,-22.9,-25.1,-34.4,2020-06-24 07:56:00
2020-06-24,8:00am,CHF,SNB Quarterly Bulletin,Non-economic,,,,2020-06-24 08:00:00
2020-06-24,8:00am,USD,HPI m/m,Non-economic,0.2%,0.3%,0.1%,2020-06-24 08:00:00
2020-06-24,9:30am,USD,Crude Oil Inventories,Non-economic,1.4M,1.2M,1.2M,2020-06-24 09:30:00
2020-06-24,5:45pm,NZD,Trade Balance,Non-economic,1253M,1279M,1339M,2020-06-24 17:45:00
2020-06-24,All Day,CNY,Bank Holiday,Low,,,,2020-06-24 00:00:00
2020-06-24,11:30pm,JPY,All Industries Activity m/m,Non-economic,-6.4%,-6.5%,-3.4%,2020-06-24 23:30:00
2020-06-25,1:00am,EUR,German GfK Consumer Climate,Non-economic,-9.6,-11.7,-18.6,2020-06-25 01:00:00
2020-06-25,5:00am,GBP,CBI Realized Sales,Non-economic,-37,-37,-50,2020-06-25 05:00:00
2020-06-25,6:30am,EUR,ECB Monetary Policy Meeting Accounts,Medium,,,,2020-06-25 06:30:00
2020-06-25,7:30am,USD,Core Durable Goods Orders m/m,Medium,4.0%,2.1%,-7.7%,2020-06-25 07:30:00
2020-06-25,7:30am,USD,Durable Goods Orders m/m,Medium,15.8%,10.3%,-17.7%,2020-06-25 07:30:00
2020-06-25,7:30am,USD,Final GDP q/q,Medium,-5.0%,-5.0%,-5.0%,2020-06-25 07:30:00
2020-06-25,7:30am,USD,Unemployment Claims,Medium,1480K,1320K,1540K,2020-06-25 07:30:00
2020-06-25,7:30am,USD,Goods Trade Balance,Non-economic,-74.3B,-68.0B,-70.7B,2020-06-25 07:30:00
2020-06-25,7:30am,USD,Prelim Wholesale Inventories m/m,Non-economic,-1.2%,0.4%,0.3%,2020-06-25 07:30:00
2020-06-25,7:32am,USD,Final GDP Price Index q/q,Non-economic,1.4%,1.4%,1.4%,2020-06-25 07:32:00
2020-06-25,9:30am,USD,Natural Gas Storage,Non-economic,120B,108B,85B,2020-06-25 09:30:00
2020-06-25,12:00pm,GBP,MPC Member Haldane Speaks,Non-economic,,,,2020-06-25 12:00:00
2020-06-25,3:30pm,USD,Bank Stress Test Results,Medium,,,,2020-06-25 15:30:00
2020-06-25,6:30pm,JPY,Tokyo Core CPI y/y,Non-economic,0.2%,0.2%,0.2%,2020-06-25 18:30:00
2020-06-25,All Day,CNY,Bank Holiday,Low,,,,2020-06-25 00:00:00
2020-06-26,1:00am,EUR,German Import Prices m/m,Non-economic,0.3%,0.5%,-1.8%,2020-06-26 01:00:00
2020-06-26,2:00am,EUR,ECB President Lagarde Speaks,High,,,,2020-06-26 02:00:00
2020-06-26,3:00am,EUR,M3 Money Supply y/y,Non-economic,8.9%,8.6%,8.2%,2020-06-26 03:00:00
2020-06-26,3:00am,EUR,Private Loans y/y,Non-economic,3.0%,3.3%,3.0%,2020-06-26 03:00:00
2020-06-26,7:30am,USD,Core PCE Price Index m/m,Medium,0.1%,0.0%,-0.4%,2020-06-26 07:30:00
2020-06-26,7:30am,USD,Personal Spending m/m,Medium,8.2%,8.9%,-12.6%,2020-06-26 07:30:00
2020-06-26,7:30am,USD,Personal Income m/m,Non-economic,-4.2%,-6.0%,10.8%,2020-06-26 07:30:00
2020-06-26,9:00am,USD,Revised UoM Consumer Sentiment,Medium,78.1,79.1,78.9,2020-06-26 09:00:00
2020-06-26,9:00am,USD,Revised UoM Inflation Expectations,Non-economic,3.0%,,3.0%,2020-06-26 09:00:00
2020-06-28,6:50pm,JPY,Retail Sales y/y,Non-economic,-12.3%,-11.6%,-13.9%,2020-06-28 18:50:00
2020-06-28,9:00pm,NZD,RBNZ Statement of Intent,Medium,,,,2020-06-28 21:00:00
2020-06-29,All Day,EUR,Italian Bank Holiday,Low,,,,2020-06-29 00:00:00
2020-06-29,All Day,EUR,German Prelim CPI m/m,Non-economic,0.6%,0.3%,-0.1%,2020-06-29 00:00:00
2020-06-29,2:00am,EUR,Spanish Flash CPI y/y,Non-economic,-0.3%,-0.9%,-0.9%,2020-06-29 02:00:00
2020-06-29,3:30am,GBP,M4 Money Supply m/m,Non-economic,2.0%,1.6%,1.5%,2020-06-29 03:30:00
2020-06-29,3:30am,GBP,Mortgage Approvals,Non-economic,9K,25K,16K,2020-06-29 03:30:00
2020-06-29,3:32am,GBP,Net Lending to Individuals m/m,Non-economic,-3.4B,-4.0B,-7.4B,2020-06-29 03:32:00
2020-06-29,4:30am,GBP,BOE Gov Bailey Speaks,Medium,,,,2020-06-29 04:30:00
2020-06-29,7:30am,CAD,Building Permits m/m,Non-economic,20.2%,10.3%,-15.4%,2020-06-29 07:30:00
2020-06-29,7:30am,CAD,IPPI m/m,Non-economic,1.2%,2.7%,-2.3%,2020-06-29 07:30:00
2020-06-29,7:30am,CAD,RMPI m/m,Non-economic,16.4%,29.7%,-13.4%,2020-06-29 07:30:00
2020-06-29,7:30am,GBP,MPC Member Vlieghe Speaks,Non-economic,,,,2020-06-29 07:30:00
2020-06-29,9:00am,USD,Pending Home Sales m/m,Medium,44.3%,18.9%,-21.8%,2020-06-29 09:00:00
2020-06-29,6:30pm,JPY,Unemployment Rate,Non-economic,2.9%,2.8%,2.6%,2020-06-29 18:30:00
2020-06-29,6:50pm,JPY,Prelim Industrial Production m/m,Non-economic,-8.4%,-5.6%,-9.8%,2020-06-29 18:50:00
2020-06-29,8:00pm,CNY,Manufacturing PMI,High,50.9,50.4,50.6,2020-06-29 20:00:00
2020-06-29,8:00pm,CNY,Non-Manufacturing PMI,Medium,54.4,53.3,53.6,2020-06-29 20:00:00
2020-06-29,8:00pm,NZD,ANZ Business Confidence,Medium,-34.4,,-33.0,2020-06-29 20:00:00
2020-06-29,8:30pm,AUD,Private Sector Credit m/m,Non-economic,-0.1%,0.1%,0.0%,2020-06-29 20:30:00
2020-06-29,9:30pm,AUD,RBA Deputy Gov Debelle Speaks,Medium,,,,2020-06-29 21:30:00
2020-06-30,12:00am,JPY,Housing Starts y/y,Non-economic,-12.3%,-15.0%,-12.9%,2020-06-30 00:00:00
2020-06-30,1:00am,GBP,Current Account,Non-economic,-21.1B,-15.2B,-9.2B,2020-06-30 01:00:00
2020-06-30,1:00am,GBP,Final GDP q/q,Non-economic,-2.2%,-2.0%,-2.0%,2020-06-30 01:00:00
2020-06-30,1:00am,GBP,Revised Business Investment q/q,Non-economic,-0.3%,0.1%,0.0%,2020-06-30 01:00:00
2020-06-30,1:30am,CHF,Retail Sales y/y,Non-economic,6.6%,-15.0%,-18.8%,2020-06-30 01:30:00
2020-06-30,1:45am,EUR,French Consumer Spending m/m,Non-economic,36.6%,30.0%,-19.1%,2020-06-30 01:45:00
2020-06-30,1:45am,EUR,French Prelim CPI m/m,Non-economic,-0.1%,0.4%,0.1%,2020-06-30 01:45:00
2020-06-30,2:00am,CHF,KOF Economic Barometer,Non-economic,59.4,77.0,49.6,2020-06-30 02:00:00
2020-06-30,4:00am,EUR,Core CPI Flash Estimate y/y,Non-economic,0.8%,0.8%,0.9%,2020-06-30 04:00:00
2020-06-30,4:00am,EUR,CPI Flash Estimate y/y,Non-economic,0.3%,-0.1%,0.1%,2020-06-30 04:00:00
2020-06-30,4:00am,EUR,Italian Prelim CPI m/m,Non-economic,0.1%,0.1%,-0.2%,2020-06-30 04:00:00
2020-06-30,4:19am,EUR,Italian 10-y Bond Auction,Non-economic,1.20|2.1,,1.42|1.3,2020-06-30 04:19:00
2020-06-30,5:00am,GBP,MPC Member Haldane Speaks,Non-economic,,,,2020-06-30 05:00:00
2020-06-30,7:30am,CAD,GDP m/m,High,-11.6%,-12.5%,-7.5%,2020-06-30 07:30:00
2020-06-30,8:00am,USD,S&P/CS Composite-20 HPI y/y,Non-economic,4.0%,3.8%,3.9%,2020-06-30 08:00:00
2020-06-30,8:45am,USD,Chicago PMI,Medium,36.6,45.0,32.3,2020-06-30 08:45:00
2020-06-30,9:00am,GBP,MPC Member Cunliffe Speaks,Non-economic,,,,2020-06-30 09:00:00
2020-06-30,9:00am,USD,CB Consumer Confidence,Medium,98.1,91.6,85.9,2020-06-30 09:00:00
2020-06-30,10:00am,USD,FOMC Member Williams Speaks,Non-economic,,,,2020-06-30 10:00:00
2020-06-30,10:05am,USD,FOMC Member Brainard Speaks,Non-economic,,,,2020-06-30 10:05:00
2020-06-30,11:30am,USD,Fed Chairman Powell Testifies,High,,,,2020-06-30 11:30:00
2020-06-30,1:00pm,USD,FOMC Member Kashkari Speaks,Non-economic,,,,2020-06-30 13:00:00
2020-06-30,3:30pm,USD,API Weekly Statistical Bulletin,Non-economic,,,,2020-06-30 15:30:00
2020-06-30,5:30pm,AUD,AIG Manufacturing Index,Non-economic,51.5,,41.6,2020-06-30 17:30:00
2020-06-30,5:45pm,NZD,Building Consents m/m,Non-economic,35.6%,,-9.9%,2020-06-30 17:45:00
2020-06-30,6:01pm,GBP,BRC Shop Price Index y/y,Non-economic,-1.6%,,-2.4%,2020-06-30 18:01:00
2020-06-30,6:50pm,JPY,Tankan Manufacturing Index,Non-economic,-34,-31,-8,2020-06-30 18:50:00
2020-06-30,6:50pm,JPY,Tankan Non-Manufacturing Index,Non-economic,-17,-20,8,2020-06-30 18:50:00
2020-06-30,7:30pm,JPY,Final Manufacturing PMI,Non-economic,40.1,37.8,37.8,2020-06-30 19:30:00
2020-06-30,8:30pm,AUD,Building Approvals m/m,Non-economic,-16.4%,-7.0%,-2.1%,2020-06-30 20:30:00
2020-06-30,8:45pm,CNY,RatingDog Manufacturing PMI,Non-economic,51.2,50.7,50.7,2020-06-30 20:45:00
2020-07-01,12:00am,JPY,Consumer Confidence,Non-economic,28.4,28.9,24.0,2020-07-01 00:00:00
2020-07-01,12:55am,GBP,Nationwide HPI m/m,Non-economic,-1.4%,-0.6%,-1.7%,2020-07-01 00:55:00
2020-07-01,1:00am,EUR,German Retail Sales m/m,Non-economic,13.9%,3.5%,-6.5%,2020-07-01 01:00:00
2020-07-01,1:30am,AUD,Commodity Prices y/y,Non-economic,-11.4%,,-11.8%,2020-07-01 01:30:00
2020-07-01,2:15am,EUR,Spanish Manufacturing PMI,Non-economic,49.0,45.2,38.3,2020-07-01 02:15:00
2020-07-01,2:30am,CHF,Manufacturing PMI,Non-economic,41.9,48.1,42.1,2020-07-01 02:30:00
2020-07-01,2:45am,EUR,Italian Manufacturing PMI,Non-economic,47.5,47.9,45.4,2020-07-01 02:45:00
2020-07-01,2:50am,EUR,French Final Manufacturing PMI,Non-economic,52.3,52.1,52.1,2020-07-01 02:50:00
2020-07-01,2:55am,EUR,German Final Manufacturing PMI,Non-economic,45.2,44.6,44.6,2020-07-01 02:55:00
2020-07-01,2:55am,EUR,German Unemployment Change,Non-economic,69K,120K,237K,2020-07-01 02:55:00
2020-07-01,3:00am,EUR,Final Manufacturing PMI,Non-economic,47.4,46.9,46.9,2020-07-01 03:00:00
2020-07-01,3:30am,GBP,Final Manufacturing PMI,Non-economic,50.1,50.2,50.1,2020-07-01 03:30:00
2020-07-01,5:38am,GBP,30-y Bond Auction,Non-economic,0.67|1.7,,0.60|2.6,2020-07-01 05:38:00
2020-07-01,6:00am,GBP,MPC Member Haskel Speaks,Medium,,,,2020-07-01 06:00:00
2020-07-01,6:30am,USD,Challenger Job Cuts y/y,Non-economic,305.5%,,577.8%,2020-07-01 06:30:00
2020-07-01,7:15am,USD,ADP Non-Farm Employment Change,High,2369K,2850K,3065K,2020-07-01 07:15:00
2020-07-01,All Day,CAD,Bank Holiday,Low,,,,2020-07-01 00:00:00
2020-07-01,8:45am,USD,Final Manufacturing PMI,Non-economic,49.8,49.6,49.6,2020-07-01 08:45:00
2020-07-01,9:00am,USD,ISM Manufacturing PMI,Medium,52.6,49.5,43.1,2020-07-01 09:00:00
2020-07-01,9:00am,USD,Construction Spending m/m,Non-economic,-2.1%,1.0%,-3.5%,2020-07-01 09:00:00
2020-07-01,9:00am,USD,ISM Manufacturing Prices,Non-economic,51.3,43.8,40.8,2020-07-01 09:00:00
2020-07-01,All Day,USD,Wards Total Vehicle Sales,Non-economic,13.1M,13.0M,8.7M,2020-07-01 00:00:00
2020-07-01,9:30am,USD,Crude Oil Inventories,Non-economic,-7.2M,-0.9M,1.4M,2020-07-01 09:30:00
2020-07-01,1:00pm,USD,FOMC Meeting Minutes,Medium,,,,2020-07-01 13:00:00
2020-07-01,6:50pm,JPY,Monetary Base y/y,Non-economic,6.0%,4.2%,3.9%,2020-07-01 18:50:00
2020-07-01,8:30pm,AUD,Goods Trade Balance,Medium,8.03B,9.00B,7.83B,2020-07-01 20:30:00
2020-07-01,10:35pm,JPY,10-y Bond Auction,Non-economic,0.06|3.7,,0.00|3.4,2020-07-01 22:35:00
2020-07-02,1:30am,CHF,CPI m/m,Non-economic,0.0%,0.1%,0.0%,2020-07-02 01:30:00
2020-07-02,2:00am,EUR,Spanish Unemployment Change,Non-economic,5.1K,-113.0K,26.6K,2020-07-02 02:00:00
2020-07-02,3:00am,EUR,Italian Monthly Unemployment Rate,Non-economic,7.8%,7.9%,6.6%,2020-07-02 03:00:00
2020-07-02,3:55am,EUR,Spanish 10-y Bond Auction,Non-economic,0.45|2.1,,0.53|3.9,2020-07-02 03:55:00
2020-07-02,4:00am,EUR,PPI m/m,Non-economic,-0.6%,-0.4%,-2.0%,2020-07-02 04:00:00
2020-07-02,4:00am,EUR,Unemployment Rate,Non-economic,7.4%,7.6%,7.3%,2020-07-02 04:00:00
2020-07-02,4:06am,EUR,French 10-y Bond Auction,Non-economic,-0.09|2.7,,0.02|2.4,2020-07-02 04:06:00
2020-07-02,7:30am,CAD,Trade Balance,Non-economic,-0.7B,-3.0B,-4.3B,2020-07-02 07:30:00
2020-07-02,7:30am,USD,Average Hourly Earnings m/m,High,-1.2%,-0.8%,-1.0%,2020-07-02 07:30:00
2020-07-02,7:30am,USD,Non-Farm Employment Change,High,4800K,3037K,2699K,2020-07-02 07:30:00
2020-07-02,7:30am,USD,Unemployment Rate,High,11.1%,12.4%,13.3%,2020-07-02 07:30:00
2020-07-02,7:30am,USD,Unemployment Claims,Medium,1427K,1350K,1482K,2020-07-02 07:30:00
2020-07-02,7:30am,USD,Trade Balance,Non-economic,-54.6B,-53.0B,-49.8B,2020-07-02 07:30:00
2020-07-02,8:30am,CAD,Manufacturing PMI,Non-economic,47.8,,40.6,2020-07-02 08:30:00
2020-07-02,8:30am,USD,President Trump Speaks,High,,,,2020-07-02 08:30:00
2020-07-02,9:00am,USD,Factory Orders m/m,Non-economic,8.0%,8.6%,-13.5%,2020-07-02 09:00:00
2020-07-02,9:30am,USD,Natural Gas Storage,Non-economic,65B,77B,120B,2020-07-02 09:30:00
2020-07-02,5:30pm,AUD,AIG Construction Index,Non-economic,35.5,,24.9,2020-07-02 17:30:00
2020-07-02,6:01pm,GBP,GfK Consumer Confidence,Non-economic,-27,-29,-30,2020-07-02 18:01:00
2020-07-02,8:45pm,CNY,RatingDog Services PMI,Non-economic,58.4,53.8,55.0,2020-07-02 20:45:00
2020-07-03,1:45am,EUR,French Gov Budget Balance,Non-economic,-117.9B,,-92.1B,2020-07-03 01:45:00
2020-07-03,2:15am,EUR,Spanish Services PMI,Non-economic,50.2,46.0,27.9,2020-07-03 02:15:00
2020-07-03,2:45am,EUR,Italian Services PMI,Non-economic,46.4,46.9,28.9,2020-07-03 02:45:00
2020-07-03,2:50am,EUR,French Final Services PMI,Non-economic,50.7,50.3,50.3,2020-07-03 02:50:00
2020-07-03,2:55am,EUR,German Final Services PMI,Non-economic,47.3,45.8,45.8,2020-07-03 02:55:00
2020-07-03,3:00am,EUR,Final Services PMI,Non-economic,48.3,47.3,47.3,2020-07-03 03:00:00
2020-07-03,3:30am,GBP,Final Services PMI,Medium,47.1,47.0,47.0,2020-07-03 03:30:00
2020-07-03,All Day,USD,Bank Holiday,Low,,,,2020-07-03 00:00:00
2020-07-04,5:40am,EUR,ECB President Lagarde Speaks,Medium,,,,2020-07-04 05:40:00
2020-07-05,8:00pm,NZD,ANZ Commodity Prices m/m,Non-economic,-0.7%,,1.1%,2020-07-05 20:00:00
2020-07-05,8:02pm,AUD,MI Inflation Gauge m/m,Non-economic,0.6%,,-1.2%,2020-07-05 20:02:00
2020-07-05,8:30pm,AUD,ANZ Job Advertisements m/m,Non-economic,42.0%,,-0.3%,2020-07-05 20:30:00
2020-07-06,1:00am,EUR,German Factory Orders m/m,Non-economic,10.4%,15.1%,-26.2%,2020-07-06 01:00:00
2020-07-06,3:30am,EUR,Sentix Investor Confidence,Non-economic,-18.2,-10.8,-24.8,2020-07-06 03:30:00
2020-07-06,3:30am,GBP,Construction PMI,Non-economic,55.3,46.0,28.9,2020-07-06 03:30:00
2020-07-06,3:34am,GBP,Housing Equity Withdrawal q/q,Non-economic,-5.1B,-5.5B,-5.0B,2020-07-06 03:34:00
2020-07-06,4:00am,EUR,Retail Sales m/m,Non-economic,17.8%,15.0%,-12.1%,2020-07-06 04:00:00
2020-07-06,8:45am,USD,Final Services PMI,Non-economic,47.9,47.0,46.7,2020-07-06 08:45:00
2020-07-06,9:00am,USD,ISM Services PMI,High,57.1,50.0,45.4,2020-07-06 09:00:00
2020-07-06,9:30am,CAD,BOC Business Outlook Survey,Medium,,,,2020-07-06 09:30:00
2020-07-06,5:03pm,NZD,NZIER Business Confidence,Non-economic,-63,,-70,2020-07-06 17:03:00
2020-07-06,5:30pm,AUD,AIG Services Index,Non-economic,31.5,,31.6,2020-07-06 17:30:00
2020-07-06,6:30pm,JPY,Average Cash Earnings y/y,Non-economic,-2.1%,-0.9%,-0.7%,2020-07-06 18:30:00
2020-07-06,6:30pm,JPY,Household Spending y/y,Non-economic,-16.2%,-11.8%,-11.1%,2020-07-06 18:30:00
2020-07-06,10:35pm,JPY,30-y Bond Auction,Non-economic,0.61|3.9,,0.53|2.8,2020-07-06 22:35:00
2020-07-06,11:30pm,AUD,Cash Rate,High,0.25%,0.25%,0.25%,2020-07-06 23:30:00
2020-07-06,11:30pm,AUD,RBA Rate Statement,High,,,,2020-07-06 23:30:00
2020-07-07,12:00am,JPY,Leading Indicators,Non-economic,79.3%,79.5%,77.7%,2020-07-07 00:00:00
2020-07-07,1:00am,EUR,German Industrial Production m/m,Non-economic,7.8%,11.0%,-17.5%,2020-07-07 01:00:00
2020-07-07,1:45am,EUR,French Trade Balance,Non-economic,-7.1B,-4.5B,-5.1B,2020-07-07 01:45:00
2020-07-07,2:00am,CHF,Foreign Currency Reserves,Non-economic,850B,,817B,2020-07-07 02:00:00
2020-07-07,2:30am,GBP,Halifax HPI m/m,Non-economic,-0.1%,-0.8%,-0.2%,2020-07-07 02:30:00
2020-07-07,3:02am,EUR,Italian Retail Sales m/m,Non-economic,24.3%,15.0%,-10.7%,2020-07-07 03:02:00
2020-07-07,4:00am,EUR,EU Economic Forecasts,Medium,,,,2020-07-07 04:00:00
2020-07-07,8:59am,USD,RCM/TIPP Economic Optimism,Non-economic,44.0,48.2,47.0,2020-07-07 08:59:00
2020-07-07,9:00am,CAD,Ivey PMI,Non-economic,58.2,50.2,39.1,2020-07-07 09:00:00
2020-07-07,9:00am,USD,JOLTS Job Openings,Non-economic,5.40M,4.70M,5.00M,2020-07-07 09:00:00
2020-07-07,9:55am,NZD,GDT Price Index,Non-economic,8.3%,,1.9%,2020-07-07 09:55:00
2020-07-07,12:00pm,USD,FOMC Member Quarles Speaks,Non-economic,,,,2020-07-07 12:00:00
2020-07-07,3:30pm,USD,API Weekly Statistical Bulletin,Non-economic,,,,2020-07-07 15:30:00
2020-07-07,6:50pm,JPY,Bank Lending y/y,Non-economic,6.2%,5.0%,4.8%,2020-07-07 18:50:00
2020-07-07,6:50pm,JPY,Current Account,Non-economic,0.82T,0.71T,0.25T,2020-07-07 18:50:00
2020-07-08,12:00am,JPY,Economy Watchers Sentiment,Non-economic,38.8,24.7,15.5,2020-07-08 00:00:00
2020-07-08,12:45am,CHF,Unemployment Rate,Non-economic,3.3%,3.6%,3.2%,2020-07-08 00:45:00
2020-07-08,9:30am,USD,Crude Oil Inventories,Medium,5.7M,-3.2M,-7.2M,2020-07-08 09:30:00
2020-07-08,12:01pm,USD,10-y Bond Auction,Non-economic,0.65|2.6,,0.83|2.3,2020-07-08 12:01:00
2020-07-08,2:00pm,USD,Consumer Credit m/m,Non-economic,-18.3B,-15.2B,-70.2B,2020-07-08 14:00:00
2020-07-08,6:01pm,GBP,RICS House Price Balance,Non-economic,-15%,-25%,-32%,2020-07-08 18:01:00
2020-07-08,6:50pm,JPY,Core Machinery Orders m/m,Non-economic,1.7%,-5.2%,-12.0%,2020-07-08 18:50:00
2020-07-08,6:50pm,JPY,M2 Money Stock y/y,Non-economic,7.2%,5.6%,5.1%,2020-07-08 18:50:00
2020-07-08,8:00pm,NZD,Prelim ANZ Business Confidence,Medium,-29.8,,-34.4,2020-07-08 20:00:00
2020-07-08,8:30pm,CNY,CPI y/y,Non-economic,2.5%,2.5%,2.4%,2020-07-08 20:30:00
2020-07-08,8:32pm,CNY,PPI y/y,Non-economic,-3.0%,-3.2%,-3.7%,2020-07-08 20:32:00
2020-07-09,12:59am,JPY,Prelim Machine Tool Orders y/y,Non-economic,-32.0%,,-52.8%,2020-07-09 00:59:00
2020-07-09,1:00am,EUR,German Trade Balance,Non-economic,7.6B,6.6B,3.4B,2020-07-09 01:00:00
2020-07-09,All Day,EUR,Eurogroup Meetings,Medium,,,,2020-07-09 00:00:00
2020-07-09,7:15am,CAD,Housing Starts,Non-economic,212K,185K,195K,2020-07-09 07:15:00
2020-07-09,7:30am,USD,Unemployment Claims,Medium,1314K,1375K,1413K,2020-07-09 07:30:00
2020-07-09,9:00am,USD,Final Wholesale Inventories m/m,Non-economic,-1.2%,-1.2%,-1.2%,2020-07-09 09:00:00
2020-07-09,9:30am,USD,Natural Gas Storage,Non-economic,56B,60B,65B,2020-07-09 09:30:00
2020-07-09,12:01pm,USD,30-y Bond Auction,Non-economic,1.33|2.5,,1.45|2.3,2020-07-09 12:01:00
2020-07-09,6:50pm,JPY,PPI y/y,Non-economic,-1.6%,-2.0%,-2.8%,2020-07-09 18:50:00
2020-07-10,1:45am,EUR,French Industrial Production m/m,Non-economic,19.6%,15.2%,-20.6%,2020-07-10 01:45:00
2020-07-10,2:30am,CNY,M2 Money Supply y/y,Non-economic,11.1%,11.1%,11.1%,2020-07-10 02:30:00
2020-07-10,2:30am,CNY,New Loans,Non-economic,1810B,1800B,1480B,2020-07-10 02:30:00
2020-07-10,3:00am,EUR,Italian Industrial Production m/m,Non-economic,42.1%,23.5%,-20.5%,2020-07-10 03:00:00
2020-07-10,All Day,EUR,ECOFIN Meetings,Non-economic,,,,2020-07-10 00:00:00
2020-07-10,7:30am,CAD,Employment Change,High,952.9K,700.0K,289.6K,2020-07-10 07:30:00
2020-07-10,7:30am,CAD,Unemployment Rate,High,12.3%,12.0%,13.7%,2020-07-10 07:30:00
2020-07-10,7:30am,USD,Core PPI m/m,Medium,-0.3%,0.1%,-0.1%,2020-07-10 07:30:00
2020-07-10,7:30am,USD,PPI m/m,Medium,-0.2%,0.4%,0.4%,2020-07-10 07:30:00
2020-07-10,8:30am,GBP,CB Leading Index m/m,Non-economic,-1.4%,,-3.7%,2020-07-10 08:30:00
2020-07-12,5:45pm,NZD,FPI m/m,Non-economic,0.5%,,-0.8%,2020-07-12 17:45:00
2020-07-12,11:30pm,JPY,Tertiary Industry Activity m/m,Non-economic,-2.1%,-3.7%,-7.7%,2020-07-12 23:30:00
2020-07-13,1:00am,EUR,German WPI m/m,Non-economic,0.6%,0.5%,-0.6%,2020-07-13 01:00:00
2020-07-13,10:30am,GBP,BOE Gov Bailey Speaks,High,,,,2020-07-13 10:30:00
2020-07-13,10:30am,USD,FOMC Member Williams Speaks,Non-economic,,,,2020-07-13 10:30:00
2020-07-13,1:00pm,USD,Federal Budget Balance,Non-economic,-864.1B,-860.0B,-398.8B,2020-07-13 13:00:00
2020-07-13,5:45pm,NZD,Visitor Arrivals m/m,Non-economic,82.3%,,-98.9%,2020-07-13 17:45:00
2020-07-13,6:01pm,GBP,BRC Retail Sales Monitor y/y,Non-economic,10.9%,2.5%,7.9%,2020-07-13 18:01:00
2020-07-13,8:30pm,AUD,NAB Business Confidence,Medium,1,,-20,2020-07-13 20:30:00
2020-07-13,9:53pm,CNY,Trade Balance,Medium,329B,410B,443B,2020-07-13 21:53:00
2020-07-13,9:58pm,CNY,USD-Denominated Trade Balance,Medium,46.4B,58.3B,62.9B,2020-07-13 21:58:00
2020-07-13,11:30pm,JPY,Revised Industrial Production m/m,Non-economic,-8.9%,-8.4%,-8.4%,2020-07-13 23:30:00
2020-07-14,1:00am,EUR,German Final CPI m/m,Non-economic,0.6%,0.6%,0.6%,2020-07-14 01:00:00
2020-07-14,1:00am,GBP,GDP m/m,Medium,1.8%,5.5%,-20.3%,2020-07-14 01:00:00
2020-07-14,1:00am,GBP,Construction Output m/m,Non-economic,8.2%,14.9%,-40.2%,2020-07-14 01:00:00
2020-07-14,1:00am,GBP,Goods Trade Balance,Non-economic,-2.8B,-8.2B,-4.8B,2020-07-14 01:00:00
2020-07-14,1:00am,GBP,Index of Services 3m/3m,Non-economic,-18.9%,-16.9%,-10.7%,2020-07-14 01:00:00
2020-07-14,1:00am,GBP,Industrial Production m/m,Non-economic,6.0%,6.2%,-20.2%,2020-07-14 01:00:00
2020-07-14,1:00am,GBP,Manufacturing Production m/m,Non-economic,8.4%,7.5%,-24.4%,2020-07-14 01:00:00
2020-07-14,All Day,EUR,French Bank Holiday,Low,,,,2020-07-14 00:00:00
2020-07-14,1:30am,CHF,PPI m/m,Non-economic,0.5%,0.3%,-0.5%,2020-07-14 01:30:00
2020-07-14,4:00am,EUR,Industrial Production m/m,Non-economic,12.4%,14.9%,-18.2%,2020-07-14 04:00:00
2020-07-14,4:00am,EUR,ZEW Economic Sentiment,Non-economic,59.6,55.8,58.6,2020-07-14 04:00:00
2020-07-14,4:00am,EUR,German ZEW Economic Sentiment,Non-economic,59.3,60.1,63.4,2020-07-14 04:00:00
2020-07-14,5:00am,USD,NFIB Small Business Index,Non-economic,100.6,97.5,94.4,2020-07-14 05:00:00
2020-07-14,5:35am,GBP,10-y Bond Auction,Non-economic,0.20|2.5,,0.25|2.3,2020-07-14 05:35:00
2020-07-14,7:30am,USD,CPI y/y,High,0.6%,0.6%,0.1%,2020-07-14 07:30:00
2020-07-14,7:30am,USD,Core CPI m/m,Medium,0.2%,0.1%,-0.1%,2020-07-14 07:30:00
2020-07-14,7:30am,USD,CPI m/m,Medium,0.6%,0.5%,-0.1%,2020-07-14 07:30:00
2020-07-14,8:13am,GBP,NIESR GDP Estimate,Non-economic,-21.2%,,-19.1%,2020-07-14 08:13:00
2020-07-14,8:30am,CHF,SNB Chairman Jordan Speaks,Medium,,,,2020-07-14 08:30:00
2020-07-14,1:00pm,USD,FOMC Member Brainard Speaks,Non-economic,,,,2020-07-14 13:00:00
2020-07-14,3:30pm,USD,API Weekly Statistical Bulletin,Non-economic,,,,2020-07-14 15:30:00
2020-07-14,4:00pm,USD,President Trump Speaks,High,,,,2020-07-14 16:00:00
2020-07-14,7:30pm,AUD,Westpac Consumer Sentiment,Non-economic,-6.1%,,6.3%,2020-07-14 19:30:00
2020-07-14,9:57pm,JPY,BOJ Outlook Report,High,,,,2020-07-14 21:57:00
2020-07-14,9:57pm,JPY,Monetary Policy Statement,High,,,,2020-07-14 21:57:00
2020-07-14,9:57pm,JPY,BOJ Policy Rate,Non-economic,-0.10%,-0.10%,-0.10%,2020-07-14 21:57:00
2020-07-15,1:00am,GBP,CPI y/y,Medium,0.6%,0.4%,0.5%,2020-07-15 01:00:00
2020-07-15,1:00am,GBP,Core CPI y/y,Non-economic,1.4%,1.2%,1.2%,2020-07-15 01:00:00
2020-07-15,1:00am,GBP,PPI Input m/m,Non-economic,2.4%,3.0%,0.9%,2020-07-15 01:00:00
2020-07-15,1:00am,GBP,PPI Output m/m,Non-economic,0.3%,0.2%,-0.2%,2020-07-15 01:00:00
2020-07-15,1:00am,GBP,RPI y/y,Non-economic,1.1%,1.1%,1.0%,2020-07-15 01:00:00
2020-07-15,1:30am,JPY,BOJ Press Conference,Medium,,,,2020-07-15 01:30:00
2020-07-15,3:00am,GBP,MPC Member Tenreyro Speaks,Non-economic,,,,2020-07-15 03:00:00
2020-07-15,4:33am,EUR,German 10-y Bond Auction,Non-economic,-0.46|1.8,,-0.38|1.8,2020-07-15 04:33:00
2020-07-15,All Day,All,OPEC-JMMC Meetings,High,,,,2020-07-15 00:00:00
2020-07-15,7:30am,CAD,Manufacturing Sales m/m,Non-economic,10.7%,9.2%,-27.9%,2020-07-15 07:30:00
2020-07-15,7:30am,USD,Empire State Manufacturing Index,Non-economic,17.2,10.0,-0.2,2020-07-15 07:30:00
2020-07-15,7:30am,USD,Import Prices m/m,Non-economic,1.4%,1.0%,0.8%,2020-07-15 07:30:00
2020-07-15,8:15am,USD,Industrial Production m/m,Medium,5.4%,4.5%,1.4%,2020-07-15 08:15:00
2020-07-15,8:15am,USD,Capacity Utilization Rate,Non-economic,68.6%,67.9%,65.1%,2020-07-15 08:15:00
2020-07-15,9:00am,CAD,BOC Monetary Policy Report,High,,,,2020-07-15 09:00:00
2020-07-15,9:00am,CAD,BOC Rate Statement,High,,,,2020-07-15 09:00:00
2020-07-15,9:00am,CAD,Overnight Rate,High,0.25%,0.25%,0.25%,2020-07-15 09:00:00
2020-07-15,9:30am,USD,Crude Oil Inventories,Medium,-7.5M,-1.3M,5.7M,2020-07-15 09:30:00
2020-07-15,10:00am,CAD,BOC Press Conference,High,,,,2020-07-15 10:00:00
2020-07-15,11:00am,USD,FOMC Member Harker Speaks,Non-economic,,,,2020-07-15 11:00:00
2020-07-15,1:00pm,USD,Beige Book,Non-economic,,,,2020-07-15 13:00:00
2020-07-15,5:45pm,NZD,CPI q/q,High,-0.5%,-0.5%,0.8%,2020-07-15 17:45:00
2020-07-15,8:00pm,AUD,MI Inflation Expectations,Non-economic,3.2%,,3.3%,2020-07-15 20:00:00
2020-07-15,8:30pm,AUD,Employment Change,High,210.8K,106.0K,-264.1K,2020-07-15 20:30:00
2020-07-15,8:30pm,AUD,Unemployment Rate,High,7.4%,7.2%,7.1%,2020-07-15 20:30:00
2020-07-15,8:30pm,CNY,New Home Prices m/m,Non-economic,0.58%,,0.49%,2020-07-15 20:30:00
2020-07-15,9:00pm,CNY,GDP q/y,High,3.2%,2.2%,-6.8%,2020-07-15 21:00:00
2020-07-15,9:00pm,CNY,Fixed Asset Investment ytd/y,Non-economic,-3.1%,-3.4%,-6.3%,2020-07-15 21:00:00
2020-07-15,9:00pm,CNY,Industrial Production y/y,Non-economic,4.8%,4.8%,4.4%,2020-07-15 21:00:00
2020-07-15,9:00pm,CNY,NBS Press Conference,Non-economic,,,,2020-07-15 21:00:00
2020-07-15,9:00pm,CNY,Retail Sales y/y,Non-economic,-1.8%,0.5%,-2.8%,2020-07-15 21:00:00
2020-07-15,9:00pm,CNY,Unemployment Rate,Non-economic,5.7%,5.9%,5.9%,2020-07-15 21:00:00
2020-07-16,1:00am,GBP,Claimant Count Change,Medium,-28.1K,250.0K,566.4K,2020-07-16 01:00:00
2020-07-16,1:00am,GBP,Average Earnings Index 3m/y,Non-economic,-0.3%,-0.4%,1.0%,2020-07-16 01:00:00
2020-07-16,1:00am,GBP,Unemployment Rate,Non-economic,3.9%,4.2%,3.9%,2020-07-16 01:00:00
2020-07-16,1:45am,EUR,French Final CPI m/m,Non-economic,0.1%,-0.1%,-0.1%,2020-07-16 01:45:00
2020-07-16,2:21am,CNY,Foreign Direct Investment ytd/y,Non-economic,-1.3%,,-3.8%,2020-07-16 02:21:00
2020-07-16,3:02am,EUR,Italian Trade Balance,Non-economic,5.58B,5.50B,-1.13B,2020-07-16 03:02:00
2020-07-16,3:30am,GBP,BOE Credit Conditions Survey,Medium,,,,2020-07-16 03:30:00
2020-07-16,3:58am,EUR,Spanish 10-y Bond Auction,Non-economic,0.27|2.7,,0.45|2.1,2020-07-16 03:58:00
2020-07-16,4:00am,EUR,Trade Balance,Non-economic,8.0B,5.0B,1.6B,2020-07-16 04:00:00
2020-07-16,5:45am,GBP,MPC Member Haldane Speaks,Non-economic,,,,2020-07-16 05:45:00
2020-07-16,6:45am,EUR,Main Refinancing Rate,High,0.00%,0.00%,0.00%,2020-07-16 06:45:00
2020-07-16,6:45am,EUR,Monetary Policy Statement,High,,,,2020-07-16 06:45:00
2020-07-16,7:30am,CAD,ADP Non-Farm Employment Change,Medium,1042.9K,,-2951.4K,2020-07-16 07:30:00
2020-07-16,7:30am,CAD,Foreign Securities Purchases,Non-economic,22.41B,26.00B,49.03B,2020-07-16 07:30:00
2020-07-16,7:30am,EUR,ECB Press Conference,High,,,,2020-07-16 07:30:00
2020-07-16,7:30am,USD,Core Retail Sales m/m,High,7.3%,5.0%,12.1%,2020-07-16 07:30:00
2020-07-16,7:30am,USD,Retail Sales m/m,High,7.5%,5.0%,18.2%,2020-07-16 07:30:00
2020-07-16,7:30am,USD,Philly Fed Manufacturing Index,Medium,24.1,20.0,27.5,2020-07-16 07:30:00
2020-07-16,7:30am,USD,Unemployment Claims,Medium,1300K,1250K,1310K,2020-07-16 07:30:00
2020-07-16,9:00am,USD,Business Inventories m/m,Non-economic,-2.3%,-2.3%,-1.4%,2020-07-16 09:00:00
2020-07-16,9:00am,USD,NAHB Housing Market Index,Non-economic,72,60,58,2020-07-16 09:00:00
2020-07-16,9:30am,USD,Natural Gas Storage,Non-economic,45B,48B,56B,2020-07-16 09:30:00
2020-07-16,10:10am,USD,FOMC Member Williams Speaks,Non-economic,,,,2020-07-16 10:10:00
2020-07-16,3:00pm,USD,TIC Long-Term Purchases,Non-economic,127.0B,120.0B,-130.8B,2020-07-16 15:00:00
2020-07-16,5:30pm,NZD,BusinessNZ Manufacturing Index,Non-economic,56.3,,39.8,2020-07-16 17:30:00
2020-07-17,4:00am,EUR,Final Core CPI y/y,Non-economic,0.8%,0.8%,0.8%,2020-07-17 04:00:00
2020-07-17,4:00am,EUR,Final CPI y/y,Non-economic,0.3%,0.3%,0.3%,2020-07-17 04:00:00
2020-07-17,5:00am,GBP,BOE Gov Bailey Speaks,Medium,,,,2020-07-17 05:00:00
2020-07-17,Day 1,EUR,EU Economic Summit,Medium,,,,2020-07-17 00:00:00
2020-07-17,7:30am,CAD,Wholesale Sales m/m,Non-economic,5.7%,7.4%,-21.4%,2020-07-17 07:30:00
2020-07-17,7:30am,USD,Building Permits,Non-economic,1.24M,1.30M,1.22M,2020-07-17 07:30:00
2020-07-17,7:30am,USD,Housing Starts,Non-economic,1.19M,1.17M,1.01M,2020-07-17 07:30:00
2020-07-17,9:00am,USD,Prelim UoM Consumer Sentiment,Medium,73.2,79.0,78.1,2020-07-17 09:00:00
2020-07-17,9:00am,USD,Prelim UoM Inflation Expectations,Non-economic,3.1%,,3.0%,2020-07-17 09:00:00
2020-07-18,Day 2,EUR,EU Economic Summit,High,,,,2020-07-18 00:00:00
2020-07-19,Day 3,EUR,EU Economic Summit,Medium,,,,2020-07-19 00:00:00
2020-07-19,5:30pm,NZD,BusinessNZ Services Index,Non-economic,54.1,,37.5,2020-07-19 17:30:00
2020-07-19,6:50pm,JPY,Monetary Policy Meeting Minutes,Non-economic,,,,2020-07-19 18:50:00
2020-07-19,6:50pm,JPY,Trade Balance,Non-economic,-0.42T,-0.33T,-0.59T,2020-07-19 18:50:00
2020-07-19,8:30pm,CNY,1-y Loan Prime Rate,Medium,3.85%,3.85%,3.85%,2020-07-19 20:30:00
2020-07-19,8:30pm,CNY,5-y Loan Prime Rate,Medium,4.65%,4.65%,4.65%,2020-07-19 20:30:00
2020-07-20,1:00am,EUR,German PPI m/m,Non-economic,0.0%,0.2%,-0.4%,2020-07-20 01:00:00
2020-07-20,3:00am,EUR,Current Account,Non-economic,8.0B,15.2B,14.3B,2020-07-20 03:00:00
2020-07-20,Day 4,EUR,EU Economic Summit,Medium,,,,2020-07-20 00:00:00
2020-07-20,10:10am,GBP,MPC Member Haldane Speaks,Non-economic,,,,2020-07-20 10:10:00
2020-07-20,10:10am,GBP,MPC Member Tenreyro Speaks,Non-economic,,,,2020-07-20 10:10:00
2020-07-20,6:30pm,JPY,National Core CPI y/y,Non-economic,0.0%,-0.1%,-0.2%,2020-07-20 18:30:00
2020-07-20,8:30pm,AUD,Monetary Policy Meeting Minutes,Medium,,,,2020-07-20 20:30:00
2020-07-20,10:00pm,AUD,RBA Gov Lowe Speaks,High,,,,2020-07-20 22:00:00
2020-07-20,10:00pm,NZD,Credit Card Spending y/y,Non-economic,-9.2%,,-20.6%,2020-07-20 22:00:00
2020-07-21,1:00am,GBP,Public Sector Net Borrowing,Non-economic,34.8B,34.5B,44.7B,2020-07-21 01:00:00
2020-07-21,1:02am,CHF,Trade Balance,Non-economic,3.22B,3.15B,2.71B,2020-07-21 01:02:00
2020-07-21,5:30am,GBP,30-y Bond Auction,Non-economic,0.68|1.8,,0.67|1.7,2020-07-21 05:30:00
2020-07-21,7:30am,CAD,Core Retail Sales m/m,High,10.6%,11.9%,-20.7%,2020-07-21 07:30:00
2020-07-21,7:30am,CAD,Retail Sales m/m,Medium,18.7%,20.2%,-25.0%,2020-07-21 07:30:00
2020-07-21,7:30am,CAD,NHPI m/m,Non-economic,0.1%,0.2%,0.1%,2020-07-21 07:30:00
2020-07-21,8:00am,CNY,CB Leading Index m/m,Non-economic,0.8%,,0.3%,2020-07-21 08:00:00
2020-07-21,9:30am,AUD,CB Leading Index m/m,Non-economic,-0.4%,,0.9%,2020-07-21 09:30:00
2020-07-21,9:46am,NZD,GDT Price Index,Non-economic,-0.7%,,8.3%,2020-07-21 09:46:00
2020-07-21,3:30pm,USD,API Weekly Statistical Bulletin,Non-economic,,,,2020-07-21 15:30:00
2020-07-21,4:00pm,USD,President Trump Speaks,High,,,,2020-07-21 16:00:00
2020-07-21,7:30pm,AUD,MI Leading Index m/m,Non-economic,0.4%,,0.2%,2020-07-21 19:30:00
2020-07-21,7:30pm,JPY,Flash Manufacturing PMI,Non-economic,42.6,42.0,40.1,2020-07-21 19:30:00
2020-07-21,8:30pm,AUD,Retail Sales m/m,Medium,2.4%,2.0%,16.9%,2020-07-21 20:30:00
2020-07-22,4:37am,EUR,German 30-y Bond Auction,Non-economic,-0.06|2.4,,-0.13|2.5,2020-07-22 04:37:00
2020-07-22,7:30am,CAD,CPI m/m,Medium,0.8%,0.4%,0.3%,2020-07-22 07:30:00
2020-07-22,7:30am,CAD,Common CPI y/y,Non-economic,1.5%,1.4%,1.4%,2020-07-22 07:30:00
2020-07-22,7:30am,CAD,Median CPI y/y,Non-economic,1.9%,1.8%,1.9%,2020-07-22 07:30:00
2020-07-22,7:30am,CAD,Trimmed CPI y/y,Non-economic,1.8%,1.6%,1.6%,2020-07-22 07:30:00
2020-07-22,7:32am,CAD,Core CPI m/m,Non-economic,0.4%,,-0.1%,2020-07-22 07:32:00
2020-07-22,8:00am,USD,HPI m/m,Non-economic,-0.3%,0.3%,0.1%,2020-07-22 08:00:00
2020-07-22,8:15am,EUR,ECB President Lagarde Speaks,High,,,,2020-07-22 08:15:00
2020-07-22,9:00am,USD,Existing Home Sales,Non-economic,4.72M,4.77M,3.91M,2020-07-22 09:00:00
2020-07-22,9:30am,USD,Crude Oil Inventories,Medium,4.9M,-2.1M,-7.5M,2020-07-22 09:30:00
2020-07-22,4:30pm,USD,President Trump Speaks,Medium,,,,2020-07-22 16:30:00
2020-07-22,All Day,JPY,Bank Holiday,Low,,,,2020-07-22 00:00:00
2020-07-22,8:30pm,AUD,NAB Quarterly Business Confidence,Non-economic,-15,,-12,2020-07-22 20:30:00
2020-07-23,1:00am,EUR,German GfK Consumer Climate,Non-economic,-0.3,-4.6,-9.4,2020-07-23 01:00:00
2020-07-23,5:00am,GBP,CBI Industrial Order Expectations,Non-economic,-46,-37,-58,2020-07-23 05:00:00
2020-07-23,6:00am,GBP,MPC Member Haskel Speaks,Medium,,,,2020-07-23 06:00:00
2020-07-23,7:30am,USD,Unemployment Claims,Medium,1416K,1300K,1307K,2020-07-23 07:30:00
2020-07-23,8:47am,EUR,Consumer Confidence,Non-economic,-15,-12,-15,2020-07-23 08:47:00
2020-07-23,9:00am,USD,CB Leading Index m/m,Medium,2.0%,2.1%,3.2%,2020-07-23 09:00:00
2020-07-23,9:30am,USD,Natural Gas Storage,Non-economic,37B,37B,45B,2020-07-23 09:30:00
2020-07-23,4:00pm,USD,President Trump Speaks,Medium,,,,2020-07-23 16:00:00
2020-07-23,5:45pm,NZD,Trade Balance,Non-economic,426M,450M,1286M,2020-07-23 17:45:00
2020-07-23,6:00pm,AUD,Flash Manufacturing PMI,Non-economic,53.4,,51.2,2020-07-23 18:00:00
2020-07-23,6:00pm,AUD,Flash Services PMI,Non-economic,58.5,,53.1,2020-07-23 18:00:00
2020-07-23,6:01pm,GBP,GfK Consumer Confidence,Non-economic,-27,-25,-27,2020-07-23 18:01:00
2020-07-23,All Day,JPY,Bank Holiday,Low,,,,2020-07-23 00:00:00
2020-07-23,8:30pm,AUD,Goods Trade Balance,Non-economic,8.38B,,7.31B,2020-07-23 20:30:00
2020-07-24,1:00am,GBP,Retail Sales m/m,Medium,13.9%,8.3%,12.3%,2020-07-24 01:00:00
2020-07-24,2:15am,EUR,French Flash Services PMI,High,57.8,52.3,50.7,2020-07-24 02:15:00
2020-07-24,2:15am,EUR,French Flash Manufacturing PMI,Medium,52.0,53.1,52.3,2020-07-24 02:15:00
2020-07-24,2:30am,EUR,German Flash Manufacturing PMI,High,50.0,48.0,45.2,2020-07-24 02:30:00
2020-07-24,2:30am,EUR,German Flash Services PMI,High,56.7,50.4,47.3,2020-07-24 02:30:00
2020-07-24,3:00am,EUR,Flash Manufacturing PMI,Medium,51.1,50.0,47.4,2020-07-24 03:00:00
2020-07-24,3:00am,EUR,Flash Services PMI,Medium,55.1,51.0,48.3,2020-07-24 03:00:00
2020-07-24,3:30am,GBP,Flash Manufacturing PMI,Medium,53.6,52.0,50.1,2020-07-24 03:30:00
2020-07-24,3:30am,GBP,Flash Services PMI,Medium,56.6,51.4,47.1,2020-07-24 03:30:00
2020-07-24,7:55am,EUR,Belgian NBB Business Climate,Non-economic,-13.9,-14.3,-22.9,2020-07-24 07:55:00
2020-07-24,8:45am,USD,Flash Manufacturing PMI,Medium,51.3,52.0,49.8,2020-07-24 08:45:00
2020-07-24,8:45am,USD,Flash Services PMI,Non-economic,49.6,51.0,47.9,2020-07-24 08:45:00
2020-07-24,9:00am,USD,New Home Sales,Non-economic,776K,700K,682K,2020-07-24 09:00:00
2020-07-26,6:50pm,JPY,BOJ Summary of Opinions,Non-economic,,,,2020-07-26 18:50:00
2020-07-26,7:00pm,AUD,RBA Assist Gov Kent Speaks,Medium,,,,2020-07-26 19:00:00
2020-07-26,11:30pm,JPY,All Industries Activity m/m,Non-economic,-3.5%,-3.5%,-7.6%,2020-07-26 23:30:00
2020-07-27,12:00am,JPY,BOJ Core CPI y/y,Non-economic,0.1%,0.1%,0.0%,2020-07-27 00:00:00
2020-07-27,3:00am,EUR,German ifo Business Climate,Non-economic,90.5,89.2,86.3,2020-07-27 03:00:00
2020-07-27,3:00am,EUR,M3 Money Supply y/y,Non-economic,9.2%,9.5%,8.9%,2020-07-27 03:00:00
2020-07-27,3:00am,EUR,Private Loans y/y,Non-economic,3.0%,3.2%,3.0%,2020-07-27 03:00:00
2020-07-27,5:00am,EUR,German Buba Monthly Report,Non-economic,,,,2020-07-27 05:00:00
2020-07-27,7:30am,USD,Core Durable Goods Orders m/m,Medium,3.3%,3.5%,3.7%,2020-07-27 07:30:00
2020-07-27,7:30am,USD,Durable Goods Orders m/m,Medium,7.3%,7.0%,15.7%,2020-07-27 07:30:00
2020-07-27,6:50pm,JPY,SPPI y/y,Non-economic,0.8%,0.8%,0.5%,2020-07-27 18:50:00
2020-07-28,2:00am,EUR,Spanish Unemployment Rate,Medium,15.3%,16.6%,14.4%,2020-07-28 02:00:00
2020-07-28,5:00am,GBP,CBI Realized Sales,Non-economic,4,-27,-37,2020-07-28 05:00:00
2020-07-28,8:00am,USD,S&P/CS Composite-20 HPI y/y,Non-economic,3.7%,4.1%,3.9%,2020-07-28 08:00:00
2020-07-28,8:30am,USD,Fed Announcement,High,,,,2020-07-28 08:30:00
2020-07-28,8:59am,USD,Richmond Manufacturing Index,Non-economic,10,5,0,2020-07-28 08:59:00
2020-07-28,9:00am,USD,CB Consumer Confidence,Medium,92.6,94.0,98.3,2020-07-28 09:00:00
2020-07-28,3:30pm,USD,API Weekly Statistical Bulletin,Non-economic,,,,2020-07-28 15:30:00
2020-07-28,6:01pm,GBP,BRC Shop Price Index y/y,Non-economic,-1.3%,,-1.6%,2020-07-28 18:01:00
2020-07-28,8:30pm,AUD,CPI m/m,High,-1.9%,-2.0%,0.3%,2020-07-28 20:30:00
2020-07-28,8:30pm,AUD,Trimmed Mean CPI m/m,High,-0.1%,0.1%,0.5%,2020-07-28 20:30:00
2020-07-29,1:00am,EUR,German Import Prices m/m,Non-economic,0.6%,0.5%,0.3%,2020-07-29 01:00:00
2020-07-29,3:00am,CHF,UBS Economic Expectations,Non-economic,42.4,,48.7,2020-07-29 03:00:00
2020-07-29,3:30am,GBP,M4 Money Supply m/m,Non-economic,1.0%,2.2%,2.1%,2020-07-29 03:30:00
2020-07-29,3:30am,GBP,Mortgage Approvals,Non-economic,40K,35K,9K,2020-07-29 03:30:00
2020-07-29,3:30am,GBP,Net Lending to Individuals m/m,Non-economic,1.8B,-0.4B,-3.3B,2020-07-29 03:30:00
2020-07-29,7:30am,USD,Goods Trade Balance,Non-economic,-70.6B,-75.5B,-75.3B,2020-07-29 07:30:00
2020-07-29,7:30am,USD,Prelim Wholesale Inventories m/m,Non-economic,-2.0%,-0.4%,-1.2%,2020-07-29 07:30:00
2020-07-29,9:00am,USD,Pending Home Sales m/m,High,16.6%,15.6%,44.3%,2020-07-29 09:00:00
2020-07-29,9:30am,USD,Crude Oil Inventories,Medium,-10.6M,1.0M,4.9M,2020-07-29 09:30:00
2020-07-29,1:00pm,USD,FOMC Statement,High,,,,2020-07-29 13:00:00
2020-07-29,1:00pm,USD,Federal Funds Rate,Medium,<0.25%,<0.25%,<0.25%,2020-07-29 13:00:00
2020-07-29,1:30pm,USD,FOMC Press Conference,High,,,,2020-07-29 13:30:00
2020-07-29,5:45pm,NZD,Building Consents m/m,Non-economic,0.5%,,41.7%,2020-07-29 17:45:00
2020-07-29,6:50pm,JPY,Retail Sales y/y,Non-economic,-1.2%,-6.0%,-12.5%,2020-07-29 18:50:00
2020-07-29,8:00pm,NZD,ANZ Business Confidence,Non-economic,-31.8,,-29.8,2020-07-29 20:00:00
2020-07-29,8:30pm,AUD,Building Approvals m/m,Non-economic,-4.9%,-2.0%,-15.8%,2020-07-29 20:30:00
2020-07-29,8:30pm,AUD,Import Prices q/q,Non-economic,-1.9%,-2.5%,-1.0%,2020-07-29 20:30:00
2020-07-30,All Day,EUR,German Prelim CPI m/m,Non-economic,-0.5%,-0.2%,0.6%,2020-07-30 00:00:00
2020-07-30,2:00am,CHF,KOF Economic Barometer,Medium,85.7,72.5,60.6,2020-07-30 02:00:00
2020-07-30,2:00am,EUR,Spanish Flash CPI y/y,Non-economic,-0.6%,-0.3%,-0.3%,2020-07-30 02:00:00
2020-07-30,2:55am,EUR,German Unemployment Change,Non-economic,-18K,42K,68K,2020-07-30 02:55:00
2020-07-30,3:00am,EUR,German Prelim GDP q/q,High,-10.1%,-9.0%,-2.0%,2020-07-30 03:00:00
2020-07-30,3:00am,EUR,ECB Economic Bulletin,Non-economic,,,,2020-07-30 03:00:00
2020-07-30,3:00am,EUR,Italian Monthly Unemployment Rate,Non-economic,8.8%,8.5%,8.3%,2020-07-30 03:00:00
2020-07-30,4:00am,EUR,Unemployment Rate,Non-economic,7.8%,7.7%,7.7%,2020-07-30 04:00:00
2020-07-30,4:17am,EUR,Italian 10-y Bond Auction,Non-economic,1.04|1.4,,1.20|2.1,2020-07-30 04:17:00
2020-07-30,7:30am,USD,Advance GDP q/q,High,-32.9%,-34.5%,-5.0%,2020-07-30 07:30:00
2020-07-30,7:30am,USD,Advance GDP Price Index q/q,Medium,-1.8%,0.0%,1.4%,2020-07-30 07:30:00
2020-07-30,7:30am,USD,Unemployment Claims,Medium,1434K,1440K,1422K,2020-07-30 07:30:00
2020-07-30,9:30am,USD,Natural Gas Storage,Non-economic,26B,25B,37B,2020-07-30 09:30:00
2020-07-30,6:30pm,JPY,Unemployment Rate,Non-economic,2.8%,3.0%,2.9%,2020-07-30 18:30:00
2020-07-30,6:50pm,JPY,Prelim Industrial Production m/m,Non-economic,2.7%,0.9%,-8.9%,2020-07-30 18:50:00
2020-07-30,8:00pm,CNY,Manufacturing PMI,High,51.1,50.8,50.9,2020-07-30 20:00:00
2020-07-30,8:00pm,CNY,Non-Manufacturing PMI,Medium,54.2,54.5,54.4,2020-07-30 20:00:00
2020-07-30,8:30pm,AUD,PPI q/q,Non-economic,-1.2%,-0.8%,0.2%,2020-07-30 20:30:00
2020-07-30,8:30pm,AUD,Private Sector Credit m/m,Non-economic,-0.2%,-0.1%,-0.1%,2020-07-30 20:30:00
2020-07-31,12:00am,JPY,Consumer Confidence,Non-economic,29.5,29.5,28.4,2020-07-31 00:00:00
2020-07-31,12:02am,JPY,Housing Starts y/y,Non-economic,-12.8%,-12.6%,-12.3%,2020-07-31 00:02:00
2020-07-31,12:30am,EUR,French Flash GDP q/q,Non-economic,-13.8%,-15.2%,-5.3%,2020-07-31 00:30:00
2020-07-31,12:58am,GBP,Nationwide HPI m/m,Non-economic,1.7%,-0.2%,-1.6%,2020-07-31 00:58:00
2020-07-31,1:00am,EUR,German Retail Sales m/m,Non-economic,-1.6%,-3.0%,12.7%,2020-07-31 01:00:00
2020-07-31,1:30am,CHF,Retail Sales y/y,Non-economic,1.1%,0.9%,6.2%,2020-07-31 01:30:00
2020-07-31,1:45am,EUR,French Consumer Spending m/m,Non-economic,9.0%,6.9%,37.4%,2020-07-31 01:45:00
2020-07-31,1:45am,EUR,French Prelim CPI m/m,Non-economic,0.4%,-0.1%,0.1%,2020-07-31 01:45:00
2020-07-31,2:00am,EUR,Spanish Flash GDP q/q,Non-economic,-18.5%,-16.0%,-5.2%,2020-07-31 02:00:00
2020-07-31,3:00am,EUR,Italian Prelim GDP q/q,Non-economic,-12.4%,-15.0%,-5.3%,2020-07-31 03:00:00
2020-07-31,4:00am,EUR,Core CPI Flash Estimate y/y,Non-economic,1.2%,0.8%,0.8%,2020-07-31 04:00:00
2020-07-31,4:00am,EUR,CPI Flash Estimate y/y,Non-economic,0.4%,0.3%,0.3%,2020-07-31 04:00:00
2020-07-31,4:00am,EUR,Italian Prelim CPI m/m,Non-economic,-0.1%,0.1%,0.1%,2020-07-31 04:00:00
2020-07-31,4:00am,EUR,Prelim Flash GDP q/q,Non-economic,-12.1%,-12.0%,-3.6%,2020-07-31 04:00:00
2020-07-31,5:00am,EUR,Italian Retail Sales m/m,Non-economic,12.1%,9.8%,24.3%,2020-07-31 05:00:00
2020-07-31,7:30am,CAD,GDP m/m,High,4.5%,3.5%,-11.7%,2020-07-31 07:30:00
2020-07-31,7:30am,CAD,Building Permits m/m,Non-economic,6.2%,8.2%,21.6%,2020-07-31 07:30:00
2020-07-31,7:30am,CAD,IPPI m/m,Non-economic,0.4%,0.8%,1.2%,2020-07-31 07:30:00
2020-07-31,7:30am,CAD,RMPI m/m,Non-economic,7.5%,7.0%,16.4%,2020-07-31 07:30:00
2020-07-31,7:30am,USD,Core PCE Price Index m/m,Medium,0.2%,0.2%,0.2%,2020-07-31 07:30:00
2020-07-31,7:30am,USD,Personal Spending m/m,Medium,5.6%,5.3%,8.5%,2020-07-31 07:30:00
2020-07-31,7:30am,USD,Employment Cost Index q/q,Non-economic,0.5%,0.6%,0.8%,2020-07-31 07:30:00
2020-07-31,7:30am,USD,Personal Income m/m,Non-economic,-1.1%,-0.8%,-4.4%,2020-07-31 07:30:00
2020-07-31,8:45am,USD,Chicago PMI,Medium,51.9,44.0,36.6,2020-07-31 08:45:00
2020-07-31,9:00am,USD,Revised UoM Consumer Sentiment,Medium,72.5,72.9,73.2,2020-07-31 09:00:00
2020-07-31,9:00am,USD,Revised UoM Inflation Expectations,Non-economic,3.0%,,3.1%,2020-07-31 09:00:00
2020-08-02,5:30pm,AUD,AIG Manufacturing Index,Non-economic,53.5,,51.5,2020-08-02 17:30:00
2020-08-02,7:30pm,JPY,Final Manufacturing PMI,Non-economic,45.2,42.6,42.6,2020-08-02 19:30:00
2020-08-02,8:00pm,AUD,MI Inflation Gauge m/m,Non-economic,0.9%,,0.6%,2020-08-02 20:00:00
2020-08-02,8:30pm,AUD,ANZ Job Advertisements m/m,Non-economic,16.7%,,41.4%,2020-08-02 20:30:00
2020-08-02,8:45pm,CNY,RatingDog Manufacturing PMI,Non-economic,52.8,51.1,51.2,2020-08-02 20:45:00
2020-08-03,1:30am,CHF,CPI m/m,Non-economic,-0.2%,-0.4%,0.0%,2020-08-03 01:30:00
2020-08-03,2:15am,EUR,Spanish Manufacturing PMI,Non-economic,53.5,52.6,49.0,2020-08-03 02:15:00
2020-08-03,2:30am,CHF,Manufacturing PMI,Non-economic,49.2,50.0,41.9,2020-08-03 02:30:00
2020-08-03,2:45am,EUR,Italian Manufacturing PMI,Non-economic,51.9,51.3,47.5,2020-08-03 02:45:00
2020-08-03,2:50am,EUR,French Final Manufacturing PMI,Non-economic,52.4,52.0,52.0,2020-08-03 02:50:00
2020-08-03,2:55am,EUR,German Final Manufacturing PMI,Non-economic,51.0,50.0,50.0,2020-08-03 02:55:00
2020-08-03,3:00am,EUR,Final Manufacturing PMI,Non-economic,51.8,51.1,51.1,2020-08-03 03:00:00
2020-08-03,3:30am,GBP,Final Manufacturing PMI,Non-economic,53.3,53.6,53.6,2020-08-03 03:30:00
2020-08-03,All Day,CAD,Bank Holiday,Low,,,,2020-08-03 00:00:00
2020-08-03,8:45am,USD,Final Manufacturing PMI,Non-economic,50.9,51.3,51.3,2020-08-03 08:45:00
2020-08-03,9:00am,USD,ISM Manufacturing PMI,High,54.2,53.6,52.6,2020-08-03 09:00:00
2020-08-03,9:00am,USD,Construction Spending m/m,Non-economic,-0.7%,1.0%,-1.7%,2020-08-03 09:00:00
2020-08-03,9:00am,USD,ISM Manufacturing Prices,Non-economic,53.2,52.2,51.3,2020-08-03 09:00:00
2020-08-03,All Day,USD,Wards Total Vehicle Sales,Non-economic,14.5M,14.0M,13.1M,2020-08-03 00:00:00
2020-08-03,1:00pm,USD,Loan Officer Survey,Non-economic,,,,2020-08-03 13:00:00
2020-08-03,6:30pm,JPY,Tokyo Core CPI y/y,Non-economic,0.4%,0.2%,0.2%,2020-08-03 18:30:00
2020-08-03,6:50pm,JPY,Monetary Base y/y,Non-economic,9.8%,7.1%,6.0%,2020-08-03 18:50:00
2020-08-03,8:30pm,AUD,Goods Trade Balance,Medium,8.20B,8.80B,7.34B,2020-08-03 20:30:00
2020-08-03,10:35pm,JPY,10-y Bond Auction,Non-economic,0.02|3.6,,0.06|3.7,2020-08-03 22:35:00
2020-08-03,11:30pm,AUD,Cash Rate,High,0.25%,0.25%,0.25%,2020-08-03 23:30:00
2020-08-03,11:30pm,AUD,RBA Rate Statement,High,,,,2020-08-03 23:30:00
2020-08-04,12:45am,CHF,SECO Consumer Climate,Non-economic,-12,-23,-39,2020-08-04 00:45:00
2020-08-04,1:30am,AUD,Commodity Prices y/y,Non-economic,-12.0%,,-10.6%,2020-08-04 01:30:00
2020-08-04,1:45am,EUR,French Gov Budget Balance,Non-economic,-124.9B,,-117.9B,2020-08-04 01:45:00
2020-08-04,2:00am,EUR,Spanish Unemployment Change,Non-economic,-89.8K,19.5K,5.1K,2020-08-04 02:00:00
2020-08-04,4:00am,EUR,PPI m/m,Non-economic,0.7%,0.6%,-0.6%,2020-08-04 04:00:00
2020-08-04,8:30am,CAD,Manufacturing PMI,Non-economic,52.9,,47.8,2020-08-04 08:30:00
2020-08-04,8:59am,USD,RCM/TIPP Economic Optimism,Non-economic,46.8,45.3,44.0,2020-08-04 08:59:00
2020-08-04,9:00am,USD,Factory Orders m/m,Non-economic,6.2%,5.1%,7.7%,2020-08-04 09:00:00
2020-08-04,9:54am,NZD,GDT Price Index,Non-economic,-5.1%,,-0.7%,2020-08-04 09:54:00
2020-08-04,3:30pm,USD,API Weekly Statistical Bulletin,Non-economic,,,,2020-08-04 15:30:00
2020-08-04,5:30pm,AUD,AIG Construction Index,Non-economic,42.7,,35.5,2020-08-04 17:30:00
2020-08-04,5:45pm,NZD,Employment Change q/q,High,-0.4%,-2.0%,1.0%,2020-08-04 17:45:00
2020-08-04,5:45pm,NZD,Unemployment Rate,High,4.0%,5.6%,4.2%,2020-08-04 17:45:00
2020-08-04,5:45pm,NZD,Labor Cost Index q/q,Non-economic,0.2%,0.4%,0.3%,2020-08-04 17:45:00
2020-08-04,8:00pm,NZD,ANZ Commodity Prices m/m,Non-economic,2.3%,,-0.8%,2020-08-04 20:00:00
2020-08-04,8:45pm,CNY,RatingDog Services PMI,Non-economic,54.1,58.0,58.4,2020-08-04 20:45:00
2020-08-05,2:15am,EUR,Spanish Services PMI,Non-economic,51.9,52.3,50.2,2020-08-05 02:15:00
2020-08-05,2:45am,EUR,Italian Services PMI,Non-economic,51.6,51.2,46.4,2020-08-05 02:45:00
2020-08-05,2:50am,EUR,French Final Services PMI,Non-economic,57.3,57.8,57.8,2020-08-05 02:50:00
2020-08-05,2:55am,EUR,German Final Services PMI,Non-economic,55.6,56.7,56.7,2020-08-05 02:55:00
2020-08-05,3:00am,EUR,Final Services PMI,Non-economic,54.7,55.1,55.1,2020-08-05 03:00:00
2020-08-05,3:30am,GBP,Final Services PMI,Non-economic,56.5,56.6,56.6,2020-08-05 03:30:00
2020-08-05,4:00am,EUR,Retail Sales m/m,Non-economic,5.7%,6.5%,20.3%,2020-08-05 04:00:00
2020-08-05,4:06am,GBP,10-y Bond Auction,Non-economic,0.14|2.4,,0.20|2.5,2020-08-05 04:06:00
2020-08-05,7:00am,JPY,BOJ Gov Kuroda Speaks,Medium,,,,2020-08-05 07:00:00
2020-08-05,7:15am,USD,ADP Non-Farm Employment Change,Medium,167K,1200K,4314K,2020-08-05 07:15:00
2020-08-05,7:30am,CAD,Trade Balance,Non-economic,-3.2B,-0.6B,-1.3B,2020-08-05 07:30:00
2020-08-05,7:30am,USD,Trade Balance,Non-economic,-50.7B,-50.3B,-54.8B,2020-08-05 07:30:00
2020-08-05,8:45am,USD,Final Services PMI,Non-economic,50.0,49.6,49.6,2020-08-05 08:45:00
2020-08-05,9:00am,USD,ISM Services PMI,High,58.1,55.0,57.1,2020-08-05 09:00:00
2020-08-05,9:30am,USD,Crude Oil Inventories,Medium,-7.4M,-3.4M,-10.6M,2020-08-05 09:30:00
2020-08-05,4:00pm,USD,FOMC Member Mester Speaks,Non-economic,,,,2020-08-05 16:00:00
2020-08-05,10:00pm,NZD,Inflation Expectations q/q,High,1.43%,,1.24%,2020-08-05 22:00:00
2020-08-06,1:00am,EUR,German Factory Orders m/m,Non-economic,27.9%,10.3%,10.4%,2020-08-06 01:00:00
2020-08-06,1:00am,GBP,BOE Monetary Policy Report,High,,,,2020-08-06 01:00:00
2020-08-06,1:00am,GBP,Monetary Policy Summary,High,,,,2020-08-06 01:00:00
2020-08-06,1:00am,GBP,MPC Official Bank Rate Votes,High,0-0-9,0-0-9,0-0-9,2020-08-06 01:00:00
2020-08-06,1:00am,GBP,Official Bank Rate,High,0.10%,0.10%,0.10%,2020-08-06 01:00:00
2020-08-06,1:00am,GBP,MPC Asset Purchase Facility Votes,Medium,0-0-9,0-0-9,8-0-1,2020-08-06 01:00:00
2020-08-06,1:00am,GBP,Asset Purchase Facility,Non-economic,745B,745B,745B,2020-08-06 01:00:00
2020-08-06,1:00am,GBP,BOE Financial Stability Report,Non-economic,,,,2020-08-06 01:00:00
2020-08-06,1:00am,GBP,FPC Meeting Minutes,Non-economic,,,,2020-08-06 01:00:00
2020-08-06,1:00am,GBP,FPC Statement,Non-economic,,,,2020-08-06 01:00:00
2020-08-06,3:00am,EUR,Italian Industrial Production m/m,Non-economic,8.2%,5.6%,41.6%,2020-08-06 03:00:00
2020-08-06,3:30am,GBP,Construction PMI,Non-economic,58.1,57.0,55.3,2020-08-06 03:30:00
2020-08-06,3:56am,EUR,Spanish 10-y Bond Auction,Non-economic,0.26|3.0,,0.27|2.7,2020-08-06 03:56:00
2020-08-06,4:00am,GBP,BOE Gov Bailey Speaks,High,,,,2020-08-06 04:00:00
2020-08-06,4:01am,EUR,French 10-y Bond Auction,Non-economic,-0.27|2.1,,-0.09|2.7,2020-08-06 04:01:00
2020-08-06,6:30am,USD,Challenger Job Cuts y/y,Non-economic,576.1%,,305.5%,2020-08-06 06:30:00
2020-08-06,7:30am,USD,Unemployment Claims,Medium,1186K,1410K,1435K,2020-08-06 07:30:00
2020-08-06,9:00am,USD,FOMC Member Kaplan Speaks,Non-economic,,,,2020-08-06 09:00:00
2020-08-06,9:30am,USD,Natural Gas Storage,Non-economic,33B,31B,26B,2020-08-06 09:30:00
2020-08-06,5:30pm,AUD,AIG Services Index,Non-economic,44.0,,31.5,2020-08-06 17:30:00
2020-08-06,6:30pm,JPY,Average Cash Earnings y/y,Non-economic,-1.7%,-3.0%,-2.3%,2020-08-06 18:30:00
2020-08-06,6:30pm,JPY,Household Spending y/y,Non-economic,-1.2%,-7.8%,-16.2%,2020-08-06 18:30:00
2020-08-06,8:30pm,AUD,RBA Monetary Policy Statement,High,,,,2020-08-06 20:30:00
2020-08-06,8:45pm,AUD,RBA Assist Gov Ellis Speaks,Medium,,,,2020-08-06 20:45:00
2020-08-06,10:03pm,CNY,Trade Balance,Medium,442B,291B,329B,2020-08-06 22:03:00
2020-08-06,10:14pm,CNY,USD-Denominated Trade Balance,Medium,62.3B,42.5B,46.4B,2020-08-06 22:14:00
2020-08-07,12:00am,JPY,Leading Indicators,Non-economic,85.0%,84.8%,78.4%,2020-08-07 00:00:00
2020-08-07,1:00am,EUR,German Industrial Production m/m,Non-economic,8.9%,8.3%,7.4%,2020-08-07 01:00:00
2020-08-07,1:00am,EUR,German Trade Balance,Non-economic,14.5B,10.3B,7.5B,2020-08-07 01:00:00
2020-08-07,1:45am,EUR,French Industrial Production m/m,Non-economic,12.7%,8.6%,19.9%,2020-08-07 01:45:00
2020-08-07,1:45am,EUR,French Prelim Private Payrolls q/q,Non-economic,-0.6%,-1.0%,-2.5%,2020-08-07 01:45:00
2020-08-07,1:45am,EUR,French Trade Balance,Non-economic,-8.0B,-7.1B,-7.5B,2020-08-07 01:45:00
2020-08-07,2:00am,CHF,Foreign Currency Reserves,Non-economic,846B,,851B,2020-08-07 02:00:00
2020-08-07,2:30am,GBP,Halifax HPI m/m,Non-economic,1.6%,0.2%,0.0%,2020-08-07 02:30:00
2020-08-07,3:00am,EUR,Italian Trade Balance,Non-economic,6.23B,6.50B,5.58B,2020-08-07 03:00:00
2020-08-07,7:30am,CAD,Employment Change,High,418.5K,395.0K,952.9K,2020-08-07 07:30:00
2020-08-07,7:30am,CAD,Unemployment Rate,High,10.9%,11.1%,12.3%,2020-08-07 07:30:00
2020-08-07,7:30am,USD,Average Hourly Earnings m/m,High,0.2%,-0.5%,-1.3%,2020-08-07 07:30:00
2020-08-07,7:30am,USD,Non-Farm Employment Change,High,1763K,1530K,4791K,2020-08-07 07:30:00
2020-08-07,7:30am,USD,Unemployment Rate,High,10.2%,10.5%,11.1%,2020-08-07 07:30:00
2020-08-07,9:00am,CAD,Ivey PMI,Non-economic,68.5,57.5,58.2,2020-08-07 09:00:00
2020-08-07,9:00am,USD,Final Wholesale Inventories m/m,Non-economic,-1.4%,-2.0%,-2.0%,2020-08-07 09:00:00
2020-08-07,2:00pm,USD,Consumer Credit m/m,Non-economic,8.9B,10.0B,-14.4B,2020-08-07 14:00:00
2020-08-09,All Day,JPY,Bank Holiday,Low,,,,2020-08-09 00:00:00
2020-08-09,8:00pm,NZD,Prelim ANZ Business Confidence,Non-economic,-42.4,,-31.8,2020-08-09 20:00:00
2020-08-09,8:30pm,CNY,CPI y/y,Non-economic,2.7%,2.6%,2.5%,2020-08-09 20:30:00
2020-08-09,8:30pm,CNY,PPI y/y,Non-economic,-2.4%,-2.5%,-3.0%,2020-08-09 20:30:00
2020-08-10,12:45am,CHF,Unemployment Rate,Non-economic,3.3%,3.4%,3.3%,2020-08-10 00:45:00
2020-08-10,3:30am,EUR,Sentix Investor Confidence,Non-economic,-13.4,-16.0,-18.2,2020-08-10 03:30:00
2020-08-10,9:00am,USD,JOLTS Job Openings,Non-economic,5.89M,5.30M,5.37M,2020-08-10 09:00:00
2020-08-10,6:01pm,GBP,BRC Retail Sales Monitor y/y,Non-economic,4.3%,2.5%,10.9%,2020-08-10 18:01:00
2020-08-10,6:50pm,JPY,Bank Lending y/y,Non-economic,6.3%,6.2%,6.2%,2020-08-10 18:50:00
2020-08-10,6:50pm,JPY,Current Account,Non-economic,1.05T,1.00T,0.82T,2020-08-10 18:50:00
2020-08-10,8:30pm,AUD,NAB Business Confidence,Medium,-14,,1,2020-08-10 20:30:00
2020-08-11,12:05am,JPY,Economy Watchers Sentiment,Non-economic,41.1,40.0,38.8,2020-08-11 00:05:00
2020-08-11,1:00am,GBP,Claimant Count Change,Medium,94.4K,9.7K,-68.5K,2020-08-11 01:00:00
2020-08-11,1:00am,GBP,Unemployment Rate,Non-economic,3.9%,4.2%,3.9%,2020-08-11 01:00:00
2020-08-11,1:02am,GBP,Average Earnings Index 3m/y,Non-economic,-1.2%,-1.2%,-0.3%,2020-08-11 01:02:00
2020-08-11,3:32am,CNY,M2 Money Supply y/y,Non-economic,10.7%,11.1%,11.1%,2020-08-11 03:32:00
2020-08-11,3:32am,CNY,New Loans,Non-economic,993B,1200B,1810B,2020-08-11 03:32:00
2020-08-11,4:00am,EUR,ZEW Economic Sentiment,Non-economic,64.0,55.3,59.6,2020-08-11 04:00:00
2020-08-11,4:00am,EUR,German ZEW Economic Sentiment,Non-economic,71.5,57.0,59.3,2020-08-11 04:00:00
2020-08-11,5:00am,USD,NFIB Small Business Index,Non-economic,98.8,100.7,100.6,2020-08-11 05:00:00
2020-08-11,7:15am,CAD,Housing Starts,Non-economic,246K,208K,212K,2020-08-11 07:15:00
2020-08-11,7:30am,USD,Core PPI m/m,Non-economic,0.5%,0.1%,-0.3%,2020-08-11 07:30:00
2020-08-11,7:30am,USD,PPI m/m,Non-economic,0.6%,0.3%,-0.2%,2020-08-11 07:30:00
2020-08-11,8:30am,GBP,CB Leading Index m/m,Non-economic,-2.4%,,-3.8%,2020-08-11 08:30:00
2020-08-11,3:30pm,USD,API Weekly Statistical Bulletin,Non-economic,,,,2020-08-11 15:30:00
2020-08-11,5:45pm,NZD,Visitor Arrivals m/m,Non-economic,65.6%,,82.8%,2020-08-11 17:45:00
2020-08-11,6:50pm,JPY,M2 Money Stock y/y,Non-economic,7.9%,8.5%,7.3%,2020-08-11 18:50:00
2020-08-11,7:30pm,AUD,Westpac Consumer Sentiment,Non-economic,-9.5%,,-6.1%,2020-08-11 19:30:00
2020-08-11,8:30pm,AUD,Wage Price Index q/q,Non-economic,0.2%,0.3%,0.5%,2020-08-11 20:30:00
2020-08-11,9:00pm,NZD,Official Cash Rate,High,0.25%,0.25%,0.25%,2020-08-11 21:00:00
2020-08-11,9:00pm,NZD,RBNZ Monetary Policy Statement,High,,,,2020-08-11 21:00:00
2020-08-11,9:00pm,NZD,RBNZ Rate Statement,High,,,,2020-08-11 21:00:00
2020-08-11,10:00pm,NZD,RBNZ Press Conference,High,,,,2020-08-11 22:00:00
2020-08-12,12:59am,JPY,Prelim Machine Tool Orders y/y,Non-economic,-31.1%,,-32.1%,2020-08-12 00:59:00
2020-08-12,1:00am,GBP,GDP m/m,Medium,8.7%,8.1%,2.4%,2020-08-12 01:00:00
2020-08-12,1:00am,GBP,Prelim GDP q/q,Medium,-20.4%,-20.5%,-2.2%,2020-08-12 01:00:00
2020-08-12,1:00am,GBP,Industrial Production m/m,Non-economic,9.3%,9.2%,6.2%,2020-08-12 01:00:00
2020-08-12,1:00am,GBP,Manufacturing Production m/m,Non-economic,11.0%,10.0%,8.3%,2020-08-12 01:00:00
2020-08-12,1:00am,GBP,Prelim Business Investment q/q,Non-economic,-31.4%,-30.0%,-0.3%,2020-08-12 01:00:00
2020-08-12,1:02am,GBP,Construction Output m/m,Non-economic,23.5%,15.1%,7.6%,2020-08-12 01:02:00
2020-08-12,1:02am,GBP,Index of Services 3m/3m,Non-economic,-19.9%,-20.5%,-18.5%,2020-08-12 01:02:00
2020-08-12,1:04am,GBP,Goods Trade Balance,Non-economic,-5.1B,-4.5B,-1.8B,2020-08-12 01:04:00
2020-08-12,4:00am,EUR,Industrial Production m/m,Non-economic,9.1%,10.1%,12.3%,2020-08-12 04:00:00
2020-08-12,4:43am,EUR,German 10-y Bond Auction,Non-economic,-0.46|2.5,,-0.46|1.8,2020-08-12 04:43:00
2020-08-12,7:30am,USD,Core CPI m/m,High,0.6%,0.2%,0.2%,2020-08-12 07:30:00
2020-08-12,7:30am,USD,CPI m/m,High,0.6%,0.3%,0.6%,2020-08-12 07:30:00
2020-08-12,7:30am,USD,CPI y/y,High,1.0%,0.7%,0.6%,2020-08-12 07:30:00
2020-08-12,8:03am,GBP,NIESR GDP Estimate,Non-economic,-7.9%,,-20.4%,2020-08-12 08:03:00
2020-08-12,9:30am,USD,Crude Oil Inventories,Medium,-4.5M,-3.4M,-7.4M,2020-08-12 09:30:00
2020-08-12,10:00am,USD,FOMC Member Kaplan Speaks,Non-economic,,,,2020-08-12 10:00:00
2020-08-12,12:01pm,USD,10-y Bond Auction,Non-economic,0.68|2.4,,0.65|2.6,2020-08-12 12:01:00
2020-08-12,1:00pm,USD,Federal Budget Balance,Non-economic,-63.0B,-138.3B,-864.1B,2020-08-12 13:00:00
2020-08-12,5:45pm,NZD,FPI m/m,Non-economic,1.2%,,0.5%,2020-08-12 17:45:00
2020-08-12,6:01pm,GBP,RICS House Price Balance,Non-economic,12%,-5%,-13%,2020-08-12 18:01:00
2020-08-12,6:50pm,JPY,PPI y/y,Non-economic,-0.9%,-1.1%,-1.6%,2020-08-12 18:50:00
2020-08-12,8:00pm,AUD,MI Inflation Expectations,Non-economic,3.3%,,3.2%,2020-08-12 20:00:00
2020-08-12,8:30pm,AUD,Employment Change,High,114.7K,30.0K,228.4K,2020-08-12 20:30:00
2020-08-12,8:30pm,AUD,Unemployment Rate,High,7.5%,7.8%,7.4%,2020-08-12 20:30:00
2020-08-13,1:00am,EUR,German Final CPI m/m,Non-economic,-0.5%,-0.5%,-0.5%,2020-08-13 01:00:00
2020-08-13,1:00am,EUR,German WPI m/m,Non-economic,0.5%,0.4%,0.6%,2020-08-13 01:00:00
2020-08-13,4:08am,CNY,Foreign Direct Investment ytd/y,Non-economic,0.5%,,-1.3%,2020-08-13 04:08:00
2020-08-13,7:30am,USD,Unemployment Claims,Medium,963K,1120K,1191K,2020-08-13 07:30:00
2020-08-13,7:30am,USD,Import Prices m/m,Non-economic,0.7%,0.6%,1.4%,2020-08-13 07:30:00
2020-08-13,9:30am,USD,Natural Gas Storage,Non-economic,58B,51B,33B,2020-08-13 09:30:00
2020-08-13,12:01pm,USD,30-y Bond Auction,Non-economic,1.41|2.1,,1.33|2.5,2020-08-13 12:01:00
2020-08-13,5:30pm,NZD,BusinessNZ Manufacturing Index,Non-economic,58.8,,56.2,2020-08-13 17:30:00
2020-08-13,6:30pm,AUD,RBA Gov Lowe Speaks,High,,,,2020-08-13 18:30:00
2020-08-13,8:30pm,CNY,New Home Prices m/m,Non-economic,0.47%,,0.58%,2020-08-13 20:30:00
2020-08-13,9:00pm,CNY,Fixed Asset Investment ytd/y,Non-economic,-1.6%,-1.6%,-3.1%,2020-08-13 21:00:00
2020-08-13,9:00pm,CNY,Industrial Production y/y,Non-economic,4.8%,5.1%,4.8%,2020-08-13 21:00:00
2020-08-13,9:00pm,CNY,Retail Sales y/y,Non-economic,-1.1%,0.1%,-1.8%,2020-08-13 21:00:00
2020-08-13,9:00pm,CNY,Unemployment Rate,Non-economic,5.7%,5.7%,5.7%,2020-08-13 21:00:00
2020-08-13,11:30pm,JPY,Tertiary Industry Activity m/m,Non-economic,7.9%,6.4%,-2.9%,2020-08-13 23:30:00
2020-08-14,1:30am,CHF,PPI m/m,Non-economic,0.1%,0.3%,0.5%,2020-08-14 01:30:00
2020-08-14,1:45am,EUR,French Final CPI m/m,Non-economic,0.4%,0.4%,0.4%,2020-08-14 01:45:00
2020-08-14,4:00am,EUR,Flash Employment Change q/q,Non-economic,-2.8%,-2.2%,-0.2%,2020-08-14 04:00:00
2020-08-14,4:00am,EUR,Flash GDP q/q,Non-economic,-12.1%,-12.1%,-12.1%,2020-08-14 04:00:00
2020-08-14,4:00am,EUR,Trade Balance,Non-economic,17.1B,18.0B,8.6B,2020-08-14 04:00:00
2020-08-14,7:30am,CAD,Manufacturing Sales m/m,Non-economic,20.7%,16.4%,11.6%,2020-08-14 07:30:00
2020-08-14,7:30am,USD,Core Retail Sales m/m,High,1.9%,1.3%,8.3%,2020-08-14 07:30:00
2020-08-14,7:30am,USD,Retail Sales m/m,High,1.2%,2.0%,8.4%,2020-08-14 07:30:00
2020-08-14,7:30am,USD,Prelim Nonfarm Productivity q/q,Non-economic,7.3%,1.5%,-0.9%,2020-08-14 07:30:00
2020-08-14,7:30am,USD,Prelim Unit Labor Costs q/q,Non-economic,12.2%,6.5%,5.1%,2020-08-14 07:30:00
2020-08-14,8:15am,USD,Capacity Utilization Rate,Non-economic,70.6%,70.3%,68.5%,2020-08-14 08:15:00
2020-08-14,8:15am,USD,Industrial Production m/m,Non-economic,3.0%,3.1%,5.7%,2020-08-14 08:15:00
2020-08-14,9:00am,USD,Prelim UoM Consumer Sentiment,Medium,72.8,72.0,72.5,2020-08-14 09:00:00
2020-08-14,9:00am,USD,Business Inventories m/m,Non-economic,-1.1%,-1.1%,-2.3%,2020-08-14 09:00:00
2020-08-14,9:00am,USD,Prelim UoM Inflation Expectations,Non-economic,3.0%,,3.0%,2020-08-14 09:00:00
2020-08-16,5:30pm,NZD,BusinessNZ Services Index,Non-economic,54.3,,54.3,2020-08-16 17:30:00
2020-08-16,6:01pm,GBP,Rightmove HPI m/m,Non-economic,-0.2%,,-0.2%,2020-08-16 18:01:00
2020-08-16,6:50pm,JPY,Prelim GDP Price Index y/y,Non-economic,1.5%,1.9%,0.9%,2020-08-16 18:50:00
2020-08-16,6:50pm,JPY,Prelim GDP q/q,Non-economic,-7.8%,-7.5%,-0.6%,2020-08-16 18:50:00
2020-08-16,11:30pm,JPY,Revised Industrial Production m/m,Non-economic,1.9%,2.7%,2.7%,2020-08-16 23:30:00
2020-08-17,5:00am,EUR,German Buba Monthly Report,Non-economic,,,,2020-08-17 05:00:00
2020-08-17,All Day,All,G7 Meetings,Medium,,,,2020-08-17 00:00:00
2020-08-17,7:30am,CAD,Foreign Securities Purchases,Non-economic,-13.52B,20.00B,22.39B,2020-08-17 07:30:00
2020-08-17,7:30am,USD,Empire State Manufacturing Index,Non-economic,3.7,14.6,17.2,2020-08-17 07:30:00
2020-08-17,9:00am,USD,Mortgage Delinquencies,Non-economic,8.22%,,4.36%,2020-08-17 09:00:00
2020-08-17,9:00am,USD,NAHB Housing Market Index,Non-economic,78,74,72,2020-08-17 09:00:00
2020-08-17,3:00pm,USD,TIC Long-Term Purchases,Non-economic,113.0B,108.0B,118.1B,2020-08-17 15:00:00
2020-08-17,8:30pm,AUD,Monetary Policy Meeting Minutes,High,,,,2020-08-17 20:30:00
2020-08-17,10:35pm,JPY,30-y Bond Auction,Non-economic,0.62|3.4,,0.61|3.9,2020-08-17 22:35:00
2020-08-18,5:33am,GBP,30-y Bond Auction,Non-economic,0.78|2.1,,0.68|1.8,2020-08-18 05:33:00
2020-08-18,7:30am,USD,Building Permits,Non-economic,1.50M,1.33M,1.26M,2020-08-18 07:30:00
2020-08-18,7:30am,USD,Housing Starts,Non-economic,1.50M,1.23M,1.22M,2020-08-18 07:30:00
2020-08-18,9:30am,AUD,CB Leading Index m/m,Non-economic,0.4%,,-0.1%,2020-08-18 09:30:00
2020-08-18,9:41am,NZD,GDT Price Index,Non-economic,-1.7%,,-5.1%,2020-08-18 09:41:00
2020-08-18,3:30pm,USD,API Weekly Statistical Bulletin,Non-economic,,,,2020-08-18 15:30:00
2020-08-18,5:45pm,NZD,PPI Input q/q,Non-economic,-1.0%,-0.8%,-0.3%,2020-08-18 17:45:00
2020-08-18,5:45pm,NZD,PPI Output q/q,Non-economic,-0.3%,-0.1%,0.1%,2020-08-18 17:45:00
2020-08-18,6:50pm,JPY,Core Machinery Orders m/m,Non-economic,-7.6%,2.1%,1.7%,2020-08-18 18:50:00
2020-08-18,6:50pm,JPY,Trade Balance,Non-economic,-0.03T,-0.44T,-0.41T,2020-08-18 18:50:00
2020-08-18,7:30pm,AUD,MI Leading Index m/m,Non-economic,0.1%,,0.5%,2020-08-18 19:30:00
2020-08-19,1:00am,GBP,Core CPI y/y,Non-economic,1.8%,1.3%,1.4%,2020-08-19 01:00:00
2020-08-19,1:00am,GBP,CPI y/y,Non-economic,1.0%,0.6%,0.6%,2020-08-19 01:00:00
2020-08-19,1:00am,GBP,PPI Input m/m,Non-economic,1.8%,1.1%,3.0%,2020-08-19 01:00:00
2020-08-19,1:00am,GBP,PPI Output m/m,Non-economic,0.3%,0.2%,0.3%,2020-08-19 01:00:00
2020-08-19,1:00am,GBP,RPI y/y,Non-economic,1.6%,1.2%,1.1%,2020-08-19 01:00:00
2020-08-19,3:00am,EUR,Current Account,Non-economic,20.7B,7.0B,11.3B,2020-08-19 03:00:00
2020-08-19,3:30am,GBP,HPI y/y,Non-economic,2.6%,2.4%,3.5%,2020-08-19 03:30:00
2020-08-19,4:00am,EUR,Final Core CPI y/y,Non-economic,1.2%,1.2%,1.2%,2020-08-19 04:00:00
2020-08-19,4:00am,EUR,Final CPI y/y,Non-economic,0.4%,0.4%,0.3%,2020-08-19 04:00:00
2020-08-19,4:33am,EUR,German 30-y Bond Auction,Non-economic,-0.05|2.9,,-0.06|2.4,2020-08-19 04:33:00
2020-08-19,All Day,All,OPEC-JMMC Meetings,High,,,,2020-08-19 00:00:00
2020-08-19,7:30am,CAD,Common CPI y/y,Non-economic,1.3%,1.6%,1.4%,2020-08-19 07:30:00
2020-08-19,7:30am,CAD,CPI m/m,Non-economic,0.0%,0.4%,0.8%,2020-08-19 07:30:00
2020-08-19,7:30am,CAD,Median CPI y/y,Non-economic,1.9%,2.0%,1.9%,2020-08-19 07:30:00
2020-08-19,7:30am,CAD,Trimmed CPI y/y,Non-economic,1.7%,1.8%,1.8%,2020-08-19 07:30:00
2020-08-19,7:30am,CAD,Wholesale Sales m/m,Non-economic,18.5%,10.4%,5.7%,2020-08-19 07:30:00
2020-08-19,7:30am,USD,Prelim Benchmark Payrolls Revision,Medium,-173K,,-501K,2020-08-19 07:30:00
2020-08-19,7:32am,CAD,Core CPI m/m,Non-economic,-0.1%,,0.4%,2020-08-19 07:32:00
2020-08-19,9:30am,USD,Crude Oil Inventories,Medium,-1.6M,-2.9M,-4.5M,2020-08-19 09:30:00
2020-08-19,1:00pm,USD,FOMC Meeting Minutes,Medium,,,,2020-08-19 13:00:00
2020-08-19,8:30pm,CNY,1-y Loan Prime Rate,Medium,3.85%,3.85%,3.85%,2020-08-19 20:30:00
2020-08-19,8:30pm,CNY,5-y Loan Prime Rate,Medium,4.65%,4.65%,4.65%,2020-08-19 20:30:00
2020-08-20,1:00am,CHF,Trade Balance,Non-economic,3.38B,3.02B,3.20B,2020-08-20 01:00:00
2020-08-20,1:00am,EUR,German PPI m/m,Non-economic,0.2%,0.1%,0.0%,2020-08-20 01:00:00
2020-08-20,6:30am,EUR,ECB Monetary Policy Meeting Accounts,Non-economic,,,,2020-08-20 06:30:00
2020-08-20,7:30am,USD,Philly Fed Manufacturing Index,Medium,17.2,21.0,24.1,2020-08-20 07:30:00
2020-08-20,7:30am,USD,Unemployment Claims,Medium,1106K,930K,971K,2020-08-20 07:30:00
2020-08-20,7:32am,CAD,ADP Non-Farm Employment Change,Medium,1149.8K,,-1764.6K,2020-08-20 07:32:00
2020-08-20,9:00am,USD,CB Leading Index m/m,Medium,1.4%,1.0%,3.0%,2020-08-20 09:00:00
2020-08-20,9:30am,USD,Natural Gas Storage,Non-economic,43B,43B,58B,2020-08-20 09:30:00
2020-08-20,11:00am,CAD,Gov Council Member Beaudry Speaks,Non-economic,,,,2020-08-20 11:00:00
2020-08-20,6:00pm,AUD,Flash Manufacturing PMI,Non-economic,53.9,,54.0,2020-08-20 18:00:00
2020-08-20,6:00pm,AUD,Flash Services PMI,Non-economic,48.1,,58.2,2020-08-20 18:00:00
2020-08-20,6:01pm,GBP,GfK Consumer Confidence,Non-economic,-27,-25,-27,2020-08-20 18:01:00
2020-08-20,6:30pm,JPY,National Core CPI y/y,Non-economic,0.0%,0.1%,0.0%,2020-08-20 18:30:00
2020-08-20,7:30pm,JPY,Flash Manufacturing PMI,Non-economic,46.6,45.0,45.2,2020-08-20 19:30:00
2020-08-20,8:30pm,AUD,Retail Sales m/m,Non-economic,3.3%,3.2%,2.7%,2020-08-20 20:30:00
2020-08-20,10:00pm,NZD,Credit Card Spending y/y,Non-economic,-5.8%,,-9.4%,2020-08-20 22:00:00
2020-08-21,1:00am,GBP,Public Sector Net Borrowing,Non-economic,25.9B,28.3B,28.8B,2020-08-21 01:00:00
2020-08-21,1:00am,GBP,Retail Sales m/m,Non-economic,3.6%,2.0%,13.9%,2020-08-21 01:00:00
2020-08-21,2:15am,EUR,French Flash Services PMI,High,51.9,56.3,57.3,2020-08-21 02:15:00
2020-08-21,2:15am,EUR,French Flash Manufacturing PMI,Medium,49.0,53.0,52.4,2020-08-21 02:15:00
2020-08-21,2:30am,EUR,German Flash Manufacturing PMI,High,53.0,52.2,51.0,2020-08-21 02:30:00
2020-08-21,2:30am,EUR,German Flash Services PMI,High,50.8,55.3,55.6,2020-08-21 02:30:00
2020-08-21,3:00am,EUR,Flash Manufacturing PMI,Medium,51.7,52.7,51.8,2020-08-21 03:00:00
2020-08-21,3:00am,EUR,Flash Services PMI,Medium,50.1,54.6,54.7,2020-08-21 03:00:00
2020-08-21,3:30am,GBP,Flash Manufacturing PMI,Medium,55.3,54.0,53.3,2020-08-21 03:30:00
2020-08-21,3:30am,GBP,Flash Services PMI,Medium,60.1,57.0,56.5,2020-08-21 03:30:00
2020-08-21,5:00am,GBP,CBI Industrial Order Expectations,Non-economic,-44,-34,-46,2020-08-21 05:00:00
2020-08-21,7:30am,CAD,Core Retail Sales m/m,Medium,15.7%,14.5%,11.8%,2020-08-21 07:30:00
2020-08-21,7:30am,CAD,Retail Sales m/m,Medium,23.7%,24.7%,21.2%,2020-08-21 07:30:00
2020-08-21,7:30am,CAD,NHPI m/m,Non-economic,0.4%,0.1%,0.1%,2020-08-21 07:30:00
2020-08-21,8:45am,USD,Flash Manufacturing PMI,Medium,53.6,51.9,50.9,2020-08-21 08:45:00
2020-08-21,8:45am,USD,Flash Services PMI,Non-economic,54.8,50.9,50.0,2020-08-21 08:45:00
2020-08-21,8:52am,EUR,Consumer Confidence,Non-economic,-15,-15,-15,2020-08-21 08:52:00
2020-08-21,9:00am,USD,Existing Home Sales,Non-economic,5.86M,5.40M,4.70M,2020-08-21 09:00:00
2020-08-23,5:45pm,NZD,Retail Sales q/q,Medium,-14.6%,-16.3%,-1.2%,2020-08-23 17:45:00
2020-08-23,5:53pm,NZD,Core Retail Sales q/q,Non-economic,-13.7%,-15.0%,0.1%,2020-08-23 17:53:00
2020-08-24,8:00am,CNY,CB Leading Index m/m,Non-economic,0.7%,,1.0%,2020-08-24 08:00:00
2020-08-24,8:30pm,AUD,Goods Trade Balance,Non-economic,3.30B,,7.74B,2020-08-24 20:30:00
2020-08-25,12:00am,JPY,BOJ Core CPI y/y,Non-economic,0.0%,0.1%,0.1%,2020-08-25 00:00:00
2020-08-25,1:00am,EUR,German Final GDP q/q,Non-economic,-9.7%,-10.1%,-10.1%,2020-08-25 01:00:00
2020-08-25,3:00am,EUR,German ifo Business Climate,Non-economic,92.6,92.5,90.4,2020-08-25 03:00:00
2020-08-25,5:00am,GBP,CBI Realized Sales,Non-economic,-6,7,4,2020-08-25 05:00:00
2020-08-25,7:32am,CAD,Corporate Profits q/q,Non-economic,-8.0%,,-38.4%,2020-08-25 07:32:00
2020-08-25,8:00am,EUR,Belgian NBB Business Climate,Non-economic,-12.0,-11.7,-13.9,2020-08-25 08:00:00
2020-08-25,8:00am,USD,HPI m/m,Non-economic,0.9%,0.3%,-0.2%,2020-08-25 08:00:00
2020-08-25,8:00am,USD,S&P/CS Composite-20 HPI y/y,Non-economic,3.5%,3.6%,3.6%,2020-08-25 08:00:00
2020-08-25,8:59am,USD,Richmond Manufacturing Index,Non-economic,18,10,10,2020-08-25 08:59:00
2020-08-25,9:00am,USD,CB Consumer Confidence,Medium,84.8,93.0,91.7,2020-08-25 09:00:00
2020-08-25,9:00am,USD,New Home Sales,Non-economic,901K,787K,791K,2020-08-25 09:00:00
2020-08-25,12:30pm,CAD,Gov Council Member Schembri Speaks,Medium,,,,2020-08-25 12:30:00
2020-08-25,3:30pm,USD,API Weekly Statistical Bulletin,Non-economic,,,,2020-08-25 15:30:00
2020-08-25,5:45pm,NZD,Trade Balance,Non-economic,282M,285M,475M,2020-08-25 17:45:00
2020-08-25,6:50pm,JPY,SPPI y/y,Non-economic,1.2%,0.8%,0.9%,2020-08-25 18:50:00
2020-08-25,8:30pm,AUD,Construction Work Done q/q,Medium,-0.7%,-6.5%,0.7%,2020-08-25 20:30:00
2020-08-26,3:00am,CHF,UBS Economic Expectations,Non-economic,45.6,,42.4,2020-08-26 03:00:00
2020-08-26,4:06am,GBP,10-y Bond Auction,Non-economic,0.32|2.7,,0.14|2.4,2020-08-26 04:06:00
2020-08-26,7:30am,USD,Core Durable Goods Orders m/m,Medium,2.4%,1.9%,3.6%,2020-08-26 07:30:00
2020-08-26,7:30am,USD,Durable Goods Orders m/m,Medium,11.2%,4.4%,7.6%,2020-08-26 07:30:00
2020-08-26,9:00am,CAD,Gov Council Member Wilkins Speaks,Medium,,,,2020-08-26 09:00:00
2020-08-26,9:30am,USD,Crude Oil Inventories,Medium,-4.7M,-3.4M,-1.6M,2020-08-26 09:30:00
2020-08-26,11:00am,GBP,MPC Member Haldane Speaks,Non-economic,,,,2020-08-26 11:00:00
2020-08-26,8:30pm,AUD,Private Capital Expenditure q/q,Medium,-5.9%,-8.2%,-2.1%,2020-08-26 20:30:00
2020-08-26,11:30pm,JPY,All Industries Activity m/m,Non-economic,6.1%,6.3%,-4.1%,2020-08-26 23:30:00
2020-08-27,12:45am,CHF,GDP q/q,Non-economic,-8.2%,-8.8%,-2.5%,2020-08-27 00:45:00
2020-08-27,3:00am,EUR,M3 Money Supply y/y,Non-economic,10.2%,9.2%,9.2%,2020-08-27 03:00:00
2020-08-27,3:00am,EUR,Private Loans y/y,Non-economic,3.0%,3.0%,3.0%,2020-08-27 03:00:00
2020-08-27,7:30am,CAD,Current Account,Non-economic,-8.6B,-11.8B,-13.2B,2020-08-27 07:30:00
2020-08-27,7:30am,USD,Prelim GDP q/q,Medium,-31.7%,-32.5%,-32.9%,2020-08-27 07:30:00
2020-08-27,7:30am,USD,Unemployment Claims,Medium,1006K,1000K,1104K,2020-08-27 07:30:00
2020-08-27,7:30am,USD,Prelim GDP Price Index q/q,Non-economic,-2.0%,-1.8%,-1.8%,2020-08-27 07:30:00
2020-08-27,8:10am,USD,Fed Chairman Powell Speaks,High,,,,2020-08-27 08:10:00
2020-08-27,9:00am,USD,Pending Home Sales m/m,Medium,5.9%,2.5%,15.8%,2020-08-27 09:00:00
2020-08-27,9:30am,USD,Natural Gas Storage,Non-economic,45B,39B,43B,2020-08-27 09:30:00
2020-08-27,10:15am,CAD,BOC Gov Macklem Speaks,High,,,,2020-08-27 10:15:00
2020-08-27,Day 1,All,Jackson Hole Symposium,High,,,,2020-08-27 00:00:00
2020-08-27,6:30pm,JPY,Tokyo Core CPI y/y,Non-economic,-0.3%,0.3%,0.4%,2020-08-27 18:30:00
2020-08-28,1:00am,EUR,German GfK Consumer Climate,Non-economic,-1.8,1.0,-0.2,2020-08-28 01:00:00
2020-08-28,1:03am,EUR,German Import Prices m/m,Non-economic,0.3%,0.2%,0.6%,2020-08-28 01:03:00
2020-08-28,1:45am,EUR,French Consumer Spending m/m,Non-economic,0.5%,1.2%,10.3%,2020-08-28 01:45:00
2020-08-28,1:45am,EUR,French Prelim CPI m/m,Non-economic,-0.1%,-0.2%,0.4%,2020-08-28 01:45:00
2020-08-28,1:45am,EUR,French Prelim GDP q/q,Non-economic,-13.8%,-13.8%,-13.8%,2020-08-28 01:45:00
2020-08-28,2:00am,CHF,KOF Economic Barometer,Medium,110.2,90.3,86.0,2020-08-28 02:00:00
2020-08-28,4:20am,EUR,Italian 10-y Bond Auction,Non-economic,1.11|1.3,,1.04|1.4,2020-08-28 04:20:00
2020-08-28,7:30am,CAD,GDP m/m,Medium,6.5%,5.2%,4.8%,2020-08-28 07:30:00
2020-08-28,7:30am,USD,Core PCE Price Index m/m,Medium,0.3%,0.5%,0.3%,2020-08-28 07:30:00
2020-08-28,7:30am,USD,Personal Spending m/m,Medium,1.9%,1.5%,6.2%,2020-08-28 07:30:00
2020-08-28,7:30am,USD,Goods Trade Balance,Non-economic,-79.3B,-72.3B,-71.0B,2020-08-28 07:30:00
2020-08-28,7:30am,USD,Personal Income m/m,Non-economic,0.4%,-0.3%,-1.0%,2020-08-28 07:30:00
2020-08-28,7:30am,USD,Prelim Wholesale Inventories m/m,Non-economic,-0.1%,-1.0%,-1.4%,2020-08-28 07:30:00
2020-08-28,8:05am,GBP,BOE Gov Bailey Speaks,High,,,,2020-08-28 08:05:00
2020-08-28,8:45am,USD,Chicago PMI,Medium,51.2,51.0,51.9,2020-08-28 08:45:00
2020-08-28,9:00am,USD,Revised UoM Consumer Sentiment,Medium,74.1,72.8,72.8,2020-08-28 09:00:00
2020-08-28,9:00am,USD,Revised UoM Inflation Expectations,Non-economic,3.1%,,3.0%,2020-08-28 09:00:00
2020-08-28,Day 2,All,Jackson Hole Symposium,High,,,,2020-08-28 00:00:00
2020-08-30,6:50pm,JPY,Prelim Industrial Production m/m,Non-economic,8.0%,5.0%,1.9%,2020-08-30 18:50:00
2020-08-30,6:50pm,JPY,Retail Sales y/y,Non-economic,-2.8%,-1.7%,-1.3%,2020-08-30 18:50:00
2020-08-30,8:00pm,AUD,MI Inflation Gauge m/m,Non-economic,0.1%,,0.9%,2020-08-30 20:00:00
2020-08-30,8:00pm,CNY,Manufacturing PMI,Medium,51.0,51.1,51.1,2020-08-30 20:00:00
2020-08-30,8:00pm,CNY,Non-Manufacturing PMI,Non-economic,55.2,54.0,54.2,2020-08-30 20:00:00
2020-08-30,8:00pm,NZD,ANZ Business Confidence,Non-economic,-41.8,,-42.4,2020-08-30 20:00:00
2020-08-30,8:30pm,AUD,Company Operating Profits q/q,Non-economic,15.0%,-6.0%,1.4%,2020-08-30 20:30:00
2020-08-30,8:30pm,AUD,Private Sector Credit m/m,Non-economic,-0.1%,-0.1%,-0.2%,2020-08-30 20:30:00
2020-08-31,12:00am,JPY,Consumer Confidence,Non-economic,29.3,28.7,29.5,2020-08-31 00:00:00
2020-08-31,12:02am,JPY,Housing Starts y/y,Non-economic,-11.4%,-12.0%,-12.8%,2020-08-31 00:02:00
2020-08-31,All Day,EUR,German Prelim CPI m/m,Non-economic,-0.1%,0.0%,-0.5%,2020-08-31 00:00:00
2020-08-31,1:30am,CHF,Retail Sales y/y,Non-economic,4.1%,0.9%,3.3%,2020-08-31 01:30:00
2020-08-31,2:00am,EUR,Spanish Flash CPI y/y,Non-economic,-0.5%,-0.4%,-0.6%,2020-08-31 02:00:00
2020-08-31,All Day,GBP,Bank Holiday,Low,,,,2020-08-31 00:00:00
2020-08-31,4:00am,EUR,Italian Prelim CPI m/m,Non-economic,0.3%,0.3%,-0.2%,2020-08-31 04:00:00
2020-08-31,7:30am,CAD,Building Permits m/m,Non-economic,-3.0%,-1.0%,5.7%,2020-08-31 07:30:00
2020-08-31,7:30am,CAD,IPPI m/m,Non-economic,0.7%,0.8%,0.2%,2020-08-31 07:30:00
2020-08-31,7:30am,CAD,RMPI m/m,Non-economic,3.0%,4.3%,7.5%,2020-08-31 07:30:00
2020-08-31,8:00am,USD,FOMC Member Clarida Speaks,Non-economic,,,,2020-08-31 08:00:00
2020-08-31,5:30pm,AUD,AIG Manufacturing Index,Non-economic,49.3,,53.5,2020-08-31 17:30:00
2020-08-31,5:45pm,NZD,Building Consents m/m,Non-economic,-4.5%,,0.7%,2020-08-31 17:45:00
2020-08-31,6:30pm,JPY,Unemployment Rate,Non-economic,2.9%,3.0%,2.8%,2020-08-31 18:30:00
2020-08-31,6:50pm,JPY,Capital Spending q/y,Non-economic,-11.3%,-4.0%,0.1%,2020-08-31 18:50:00
2020-08-31,7:30pm,JPY,Final Manufacturing PMI,Non-economic,47.2,46.6,46.6,2020-08-31 19:30:00
2020-08-31,8:30pm,AUD,Building Approvals m/m,Non-economic,12.0%,-0.9%,-4.2%,2020-08-31 20:30:00
2020-08-31,8:30pm,AUD,Current Account,Non-economic,17.7B,13.0B,9.0B,2020-08-31 20:30:00
2020-08-31,8:45pm,CNY,RatingDog Manufacturing PMI,Medium,53.1,52.6,52.8,2020-08-31 20:45:00
2020-08-31,10:35pm,JPY,10-y Bond Auction,Non-economic,0.03|3.2,,0.02|3.6,2020-08-31 22:35:00
2020-08-31,11:30pm,AUD,Cash Rate,High,0.25%,0.25%,0.25%,2020-08-31 23:30:00
2020-08-31,11:30pm,AUD,RBA Rate Statement,High,,,,2020-08-31 23:30:00
2020-09-01,1:30am,AUD,Commodity Prices y/y,Non-economic,-9.2%,,-13.7%,2020-09-01 01:30:00
2020-09-01,2:15am,EUR,Spanish Manufacturing PMI,Non-economic,49.9,52.5,53.5,2020-09-01 02:15:00
2020-09-01,2:30am,CHF,Manufacturing PMI,Non-economic,51.8,51.4,49.2,2020-09-01 02:30:00
2020-09-01,2:45am,EUR,Italian Manufacturing PMI,Non-economic,53.1,52.0,51.9,2020-09-01 02:45:00
2020-09-01,2:50am,EUR,French Final Manufacturing PMI,Non-economic,49.8,49.0,49.0,2020-09-01 02:50:00
2020-09-01,2:55am,EUR,German Final Manufacturing PMI,Non-economic,52.2,53.0,53.0,2020-09-01 02:55:00
2020-09-01,2:55am,EUR,German Unemployment Change,Non-economic,-9K,-3K,-17K,2020-09-01 02:55:00
2020-09-01,3:00am,EUR,Final Manufacturing PMI,Non-economic,51.7,51.7,51.7,2020-09-01 03:00:00
2020-09-01,3:00am,EUR,Italian Monthly Unemployment Rate,Non-economic,9.7%,9.1%,9.3%,2020-09-01 03:00:00
2020-09-01,3:30am,GBP,Final Manufacturing PMI,Non-economic,55.2,55.3,55.3,2020-09-01 03:30:00
2020-09-01,3:30am,GBP,M4 Money Supply m/m,Non-economic,0.9%,1.2%,1.1%,2020-09-01 03:30:00
2020-09-01,3:30am,GBP,Mortgage Approvals,Non-economic,66K,55K,40K,2020-09-01 03:30:00
2020-09-01,3:32am,GBP,Net Lending to Individuals m/m,Non-economic,3.9B,3.8B,2.0B,2020-09-01 03:32:00
2020-09-01,4:00am,EUR,Core CPI Flash Estimate y/y,Non-economic,0.4%,0.9%,1.2%,2020-09-01 04:00:00
2020-09-01,4:00am,EUR,CPI Flash Estimate y/y,Non-economic,-0.2%,0.2%,0.4%,2020-09-01 04:00:00
2020-09-01,4:00am,EUR,Unemployment Rate,Non-economic,7.9%,8.0%,7.7%,2020-09-01 04:00:00
2020-09-01,8:30am,CAD,Manufacturing PMI,Medium,55.1,,52.9,2020-09-01 08:30:00
2020-09-01,8:45am,USD,Final Manufacturing PMI,Non-economic,53.1,53.6,53.6,2020-09-01 08:45:00
2020-09-01,9:00am,USD,ISM Manufacturing PMI,High,56.0,54.6,54.2,2020-09-01 09:00:00
2020-09-01,9:00am,USD,Construction Spending m/m,Non-economic,0.1%,1.0%,-0.5%,2020-09-01 09:00:00
2020-09-01,9:00am,USD,ISM Manufacturing Prices,Non-economic,59.5,60.0,53.2,2020-09-01 09:00:00
2020-09-01,All Day,USD,Wards Total Vehicle Sales,Non-economic,15.2M,15.0M,14.5M,2020-09-01 00:00:00
2020-09-01,10:08am,NZD,GDT Price Index,Non-economic,-1.0%,,-1.7%,2020-09-01 10:08:00
2020-09-01,12:00pm,USD,FOMC Member Brainard Speaks,Non-economic,,,,2020-09-01 12:00:00
2020-09-01,3:30pm,USD,API Weekly Statistical Bulletin,Non-economic,,,,2020-09-01 15:30:00
2020-09-01,5:45pm,NZD,Overseas Trade Index q/q,Non-economic,2.5%,0.6%,-0.6%,2020-09-01 17:45:00
2020-09-01,6:01pm,GBP,BRC Shop Price Index y/y,Non-economic,-1.6%,,-1.3%,2020-09-01 18:01:00
2020-09-01,6:50pm,JPY,Monetary Base y/y,Non-economic,11.5%,10.1%,9.8%,2020-09-01 18:50:00
2020-09-01,7:30pm,NZD,RBNZ Gov Orr Speaks,High,,,,2020-09-01 19:30:00
2020-09-01,8:30pm,AUD,GDP q/q,High,-7.0%,-6.0%,-0.3%,2020-09-01 20:30:00
2020-09-02,12:57am,GBP,Nationwide HPI m/m,Non-economic,2.0%,0.5%,1.8%,2020-09-02 00:57:00
2020-09-02,1:00am,EUR,German Retail Sales m/m,Non-economic,-0.9%,0.5%,-1.9%,2020-09-02 01:00:00
2020-09-02,2:00am,EUR,Spanish Unemployment Change,Non-economic,29.8K,10.1K,-89.8K,2020-09-02 02:00:00
2020-09-02,3:30am,GBP,HPI y/y,Non-economic,2.9%,2.8%,2.7%,2020-09-02 03:30:00
2020-09-02,4:00am,EUR,PPI m/m,Non-economic,0.6%,0.5%,0.7%,2020-09-02 04:00:00
2020-09-02,7:15am,USD,ADP Non-Farm Employment Change,High,428K,1250K,212K,2020-09-02 07:15:00
2020-09-02,7:30am,CAD,Labor Productivity q/q,Non-economic,9.8%,6.5%,4.5%,2020-09-02 07:30:00
2020-09-02,8:30am,GBP,BOE Gov Bailey Speaks,High,,,,2020-09-02 08:30:00
2020-09-02,9:00am,USD,Factory Orders m/m,Non-economic,6.4%,6.0%,6.4%,2020-09-02 09:00:00
2020-09-02,9:00am,USD,FOMC Member Williams Speaks,Non-economic,,,,2020-09-02 09:00:00
2020-09-02,9:30am,GBP,MPC Member Broadbent Speaks,Medium,,,,2020-09-02 09:30:00
2020-09-02,9:30am,USD,Crude Oil Inventories,Medium,-9.4M,-2.0M,-4.7M,2020-09-02 09:30:00
2020-09-02,11:00am,USD,FOMC Member Mester Speaks,Non-economic,,,,2020-09-02 11:00:00
2020-09-02,1:00pm,USD,Beige Book,Non-economic,,,,2020-09-02 13:00:00
2020-09-02,5:30pm,AUD,AIG Construction Index,Non-economic,37.9,,42.7,2020-09-02 17:30:00
2020-09-02,8:00pm,NZD,ANZ Commodity Prices m/m,Non-economic,-0.9%,,2.9%,2020-09-02 20:00:00
2020-09-02,8:30pm,AUD,Goods Trade Balance,Non-economic,4.61B,5.00B,8.15B,2020-09-02 20:30:00
2020-09-02,8:45pm,CNY,RatingDog Services PMI,Non-economic,54.0,54.0,54.1,2020-09-02 20:45:00
2020-09-02,10:35pm,JPY,30-y Bond Auction,Non-economic,0.61|3.5,,0.62|3.4,2020-09-02 22:35:00
2020-09-03,1:30am,CHF,CPI m/m,Non-economic,0.0%,0.1%,-0.2%,2020-09-03 01:30:00
2020-09-03,2:15am,EUR,Spanish Services PMI,Non-economic,47.7,48.0,51.9,2020-09-03 02:15:00
2020-09-03,2:45am,EUR,Italian Services PMI,Non-economic,47.1,49.4,51.6,2020-09-03 02:45:00
2020-09-03,2:50am,EUR,French Final Services PMI,Non-economic,51.5,51.9,51.9,2020-09-03 02:50:00
2020-09-03,2:55am,EUR,German Final Services PMI,Non-economic,52.5,50.8,50.8,2020-09-03 02:55:00
2020-09-03,3:00am,EUR,Final Services PMI,Non-economic,50.5,50.1,50.1,2020-09-03 03:00:00
2020-09-03,3:30am,GBP,Final Services PMI,Non-economic,58.8,60.1,60.1,2020-09-03 03:30:00
2020-09-03,3:53am,EUR,Spanish 10-y Bond Auction,Non-economic,0.05|2.4,,0.26|3.0,2020-09-03 03:53:00
2020-09-03,4:00am,EUR,Retail Sales m/m,Non-economic,-1.3%,1.3%,5.3%,2020-09-03 04:00:00
2020-09-03,4:04am,EUR,French 10-y Bond Auction,Non-economic,-0.19|1.6,,-0.27|2.1,2020-09-03 04:04:00
2020-09-03,6:30am,USD,Challenger Job Cuts y/y,Non-economic,116.5%,,576.1%,2020-09-03 06:30:00
2020-09-03,7:30am,CAD,Trade Balance,Medium,-2.5B,-2.5B,-1.6B,2020-09-03 07:30:00
2020-09-03,7:30am,USD,Unemployment Claims,Medium,881K,955K,1011K,2020-09-03 07:30:00
2020-09-03,7:30am,USD,Revised Nonfarm Productivity q/q,Non-economic,10.1%,7.3%,7.3%,2020-09-03 07:30:00
2020-09-03,7:30am,USD,Revised Unit Labor Costs q/q,Non-economic,9.0%,12.0%,12.2%,2020-09-03 07:30:00
2020-09-03,7:30am,USD,Trade Balance,Non-economic,-63.6B,-58.2B,-53.5B,2020-09-03 07:30:00
2020-09-03,8:45am,USD,Final Services PMI,Non-economic,55.0,54.8,54.8,2020-09-03 08:45:00
2020-09-03,9:00am,GBP,BOE Gov Bailey Speaks,High,,,,2020-09-03 09:00:00
2020-09-03,9:00am,USD,ISM Services PMI,High,56.9,57.0,58.1,2020-09-03 09:00:00
2020-09-03,9:30am,USD,Natural Gas Storage,Non-economic,35B,37B,45B,2020-09-03 09:30:00
2020-09-04,1:00am,EUR,German Factory Orders m/m,Non-economic,2.8%,5.1%,28.8%,2020-09-04 01:00:00
2020-09-04,1:45am,EUR,French Gov Budget Balance,Non-economic,-151.0B,,-124.9B,2020-09-04 01:45:00
2020-09-04,3:30am,GBP,Construction PMI,Non-economic,54.6,58.5,58.1,2020-09-04 03:30:00
2020-09-04,4:30am,GBP,MPC Member Saunders Speaks,Medium,,,,2020-09-04 04:30:00
2020-09-04,7:30am,CAD,Employment Change,High,245.8K,262.5K,418.5K,2020-09-04 07:30:00
2020-09-04,7:30am,CAD,Unemployment Rate,High,10.2%,10.1%,10.9%,2020-09-04 07:30:00
2020-09-04,7:30am,USD,Average Hourly Earnings m/m,High,0.4%,0.0%,0.1%,2020-09-04 07:30:00
2020-09-04,7:30am,USD,Non-Farm Employment Change,High,1371K,1375K,1734K,2020-09-04 07:30:00
2020-09-04,7:30am,USD,Unemployment Rate,High,8.4%,9.8%,10.2%,2020-09-04 07:30:00
2020-09-04,9:00am,CAD,Ivey PMI,Non-economic,67.8,65.0,68.5,2020-09-04 09:00:00
2020-09-06,5:30pm,AUD,AIG Services Index,Non-economic,42.5,,44.0,2020-09-06 17:30:00
2020-09-06,8:30pm,AUD,ANZ Job Advertisements m/m,Non-economic,1.6%,,19.1%,2020-09-06 20:30:00
2020-09-06,10:01pm,CNY,Trade Balance,Non-economic,417B,385B,442B,2020-09-06 22:01:00
2020-09-06,10:13pm,CNY,USD-Denominated Trade Balance,Non-economic,58.9B,49.8B,62.3B,2020-09-06 22:13:00
2020-09-07,12:00am,JPY,Leading Indicators,Non-economic,86.9%,87.2%,83.8%,2020-09-07 00:00:00
2020-09-07,1:00am,EUR,German Industrial Production m/m,Non-economic,1.2%,4.5%,9.3%,2020-09-07 01:00:00
2020-09-07,2:00am,CHF,Foreign Currency Reserves,Medium,848B,,847B,2020-09-07 02:00:00
2020-09-07,2:30am,GBP,Halifax HPI m/m,Non-economic,1.6%,1.0%,1.7%,2020-09-07 02:30:00
2020-09-07,3:30am,EUR,Sentix Investor Confidence,Non-economic,-8.0,-11.4,-13.4,2020-09-07 03:30:00
2020-09-07,All Day,USD,Bank Holiday,Low,,,,2020-09-07 00:00:00
2020-09-07,All Day,CAD,Bank Holiday,Low,,,,2020-09-07 00:00:00
2020-09-07,6:01pm,GBP,BRC Retail Sales Monitor y/y,Non-economic,4.7%,3.5%,4.3%,2020-09-07 18:01:00
2020-09-07,6:30pm,JPY,Average Cash Earnings y/y,Non-economic,-1.3%,-1.6%,-2.0%,2020-09-07 18:30:00
2020-09-07,6:30pm,JPY,Household Spending y/y,Non-economic,-7.6%,-3.6%,-1.2%,2020-09-07 18:30:00
2020-09-07,6:50pm,JPY,Bank Lending y/y,Non-economic,6.7%,6.4%,6.4%,2020-09-07 18:50:00
2020-09-07,6:50pm,JPY,Current Account,Non-economic,0.96T,1.44T,1.05T,2020-09-07 18:50:00
2020-09-07,6:50pm,JPY,Final GDP q/q,Non-economic,-7.9%,-8.1%,-7.8%,2020-09-07 18:50:00
2020-09-07,6:52pm,JPY,Final GDP Price Index y/y,Non-economic,1.3%,1.5%,1.5%,2020-09-07 18:52:00
2020-09-07,8:30pm,AUD,NAB Business Confidence,Medium,-8,,-14,2020-09-07 20:30:00
2020-09-08,12:00am,JPY,Economy Watchers Sentiment,Non-economic,43.9,41.0,41.1,2020-09-08 00:00:00
2020-09-08,12:30am,EUR,French Final Private Payrolls q/q,Non-economic,-0.8%,-0.6%,-0.6%,2020-09-08 00:30:00
2020-09-08,1:00am,EUR,German Trade Balance,Non-economic,18.0B,14.9B,14.5B,2020-09-08 01:00:00
2020-09-08,1:45am,EUR,French Trade Balance,Non-economic,-7.0B,-7.0B,-8.1B,2020-09-08 01:45:00
2020-09-08,3:00am,EUR,Italian Retail Sales m/m,Non-economic,-2.2%,1.1%,10.2%,2020-09-08 03:00:00
2020-09-08,4:00am,EUR,Final Employment Change q/q,Non-economic,-2.9%,-2.8%,-2.8%,2020-09-08 04:00:00
2020-09-08,4:00am,EUR,Revised GDP q/q,Non-economic,-11.8%,-12.1%,-12.1%,2020-09-08 04:00:00
2020-09-08,5:00am,USD,NFIB Small Business Index,Non-economic,100.2,99.0,98.8,2020-09-08 05:00:00
2020-09-08,9:00am,USD,RCM/TIPP Economic Optimism,Non-economic,45.0,47.3,46.8,2020-09-08 09:00:00
2020-09-08,2:00pm,USD,Consumer Credit m/m,Non-economic,12.2B,12.9B,11.4B,2020-09-08 14:00:00
2020-09-08,5:45pm,NZD,Manufacturing Sales q/q,Non-economic,-11.9%,,0.0%,2020-09-08 17:45:00
2020-09-08,6:50pm,JPY,M2 Money Stock y/y,Non-economic,8.6%,8.2%,7.9%,2020-09-08 18:50:00
2020-09-08,7:30pm,AUD,Westpac Consumer Sentiment,Non-economic,18.0%,,-9.5%,2020-09-08 19:30:00
2020-09-08,8:00pm,NZD,Prelim ANZ Business Confidence,Non-economic,-26.0,,-41.8,2020-09-08 20:00:00
2020-09-08,8:30pm,CNY,CPI y/y,Non-economic,2.4%,2.4%,2.7%,2020-09-08 20:30:00
2020-09-08,8:30pm,CNY,PPI y/y,Non-economic,-2.0%,-1.9%,-2.4%,2020-09-08 20:30:00
2020-09-09,12:45am,CHF,Unemployment Rate,Non-economic,3.4%,3.4%,3.4%,2020-09-09 00:45:00
2020-09-09,12:59am,JPY,Prelim Machine Tool Orders y/y,Non-economic,-23.3%,,-31.1%,2020-09-09 00:59:00
2020-09-09,4:35am,EUR,German 10-y Bond Auction,Non-economic,-0.50|2.0,,-0.46|2.5,2020-09-09 04:35:00
2020-09-09,7:14am,CAD,Housing Starts,Non-economic,262K,222K,245K,2020-09-09 07:14:00
2020-09-09,9:00am,CAD,BOC Rate Statement,High,,,,2020-09-09 09:00:00
2020-09-09,9:00am,CAD,Overnight Rate,High,0.25%,0.25%,0.25%,2020-09-09 09:00:00
2020-09-09,9:00am,USD,JOLTS Job Openings,Non-economic,6.62M,6.05M,6.00M,2020-09-09 09:00:00
2020-09-09,12:01pm,USD,10-y Bond Auction,Medium,0.70|2.3,,0.68|2.4,2020-09-09 12:01:00
2020-09-09,3:30pm,USD,API Weekly Statistical Bulletin,Non-economic,,,,2020-09-09 15:30:00
2020-09-09,6:01pm,GBP,RICS House Price Balance,Non-economic,44%,23%,13%,2020-09-09 18:01:00
2020-09-09,6:50pm,JPY,Core Machinery Orders m/m,Non-economic,6.3%,2.0%,-7.6%,2020-09-09 18:50:00
2020-09-09,8:00pm,AUD,MI Inflation Expectations,Non-economic,3.1%,,3.3%,2020-09-09 20:00:00
2020-09-10,1:45am,EUR,French Industrial Production m/m,Non-economic,3.8%,5.1%,13.0%,2020-09-10 01:45:00
2020-09-10,3:00am,EUR,Italian Industrial Production m/m,Non-economic,7.4%,3.6%,8.2%,2020-09-10 03:00:00
2020-09-10,5:30am,GBP,30-y Bond Auction,Non-economic,0.83|2.2,,0.78|2.1,2020-09-10 05:30:00
2020-09-10,6:45am,EUR,Main Refinancing Rate,High,0.00%,0.00%,0.00%,2020-09-10 06:45:00
2020-09-10,6:45am,EUR,Monetary Policy Statement,High,,,,2020-09-10 06:45:00
2020-09-10,7:30am,EUR,ECB Press Conference,High,,,,2020-09-10 07:30:00
2020-09-10,7:30am,USD,Core PPI m/m,Medium,0.4%,0.2%,0.5%,2020-09-10 07:30:00
2020-09-10,7:30am,USD,PPI m/m,Medium,0.3%,0.2%,0.6%,2020-09-10 07:30:00
2020-09-10,7:30am,USD,Unemployment Claims,Medium,884K,838K,884K,2020-09-10 07:30:00
2020-09-10,8:30am,GBP,CB Leading Index m/m,Non-economic,-0.3%,,0.0%,2020-09-10 08:30:00
2020-09-10,9:00am,USD,Final Wholesale Inventories m/m,Non-economic,-0.3%,-0.1%,-0.1%,2020-09-10 09:00:00
2020-09-10,9:30am,USD,Natural Gas Storage,Non-economic,70B,68B,35B,2020-09-10 09:30:00
2020-09-10,10:00am,USD,Crude Oil Inventories,Medium,2.0M,-3.1M,-9.4M,2020-09-10 10:00:00
2020-09-10,11:30am,CAD,BOC Gov Macklem Speaks,High,,,,2020-09-10 11:30:00
2020-09-10,12:00pm,EUR,ECB President Lagarde Speaks,Medium,,,,2020-09-10 12:00:00
2020-09-10,12:01pm,USD,30-y Bond Auction,Non-economic,1.47|2.3,,1.41|2.1,2020-09-10 12:01:00
2020-09-10,5:30pm,NZD,BusinessNZ Manufacturing Index,Non-economic,50.7,,59.0,2020-09-10 17:30:00
2020-09-10,5:45pm,NZD,FPI m/m,Non-economic,0.7%,,1.2%,2020-09-10 17:45:00
2020-09-10,6:50pm,JPY,BSI Manufacturing Index,Non-economic,0.1,-36.1,-52.3,2020-09-10 18:50:00
2020-09-10,6:50pm,JPY,PPI y/y,Non-economic,-0.5%,-0.5%,-0.9%,2020-09-10 18:50:00
2020-09-11,1:00am,EUR,German Final CPI m/m,Non-economic,-0.1%,-0.1%,-0.1%,2020-09-11 01:00:00
2020-09-11,1:00am,EUR,German WPI m/m,Non-economic,-0.4%,0.5%,0.5%,2020-09-11 01:00:00
2020-09-11,1:00am,GBP,Construction Output m/m,Non-economic,17.6%,10.3%,23.5%,2020-09-11 01:00:00
2020-09-11,1:00am,GBP,GDP m/m,Non-economic,6.6%,6.6%,8.7%,2020-09-11 01:00:00
2020-09-11,1:00am,GBP,Goods Trade Balance,Non-economic,-8.6B,-7.4B,-6.6B,2020-09-11 01:00:00
2020-09-11,1:00am,GBP,Index of Services 3m/3m,Non-economic,-8.1%,-7.8%,-19.9%,2020-09-11 01:00:00
2020-09-11,1:00am,GBP,Industrial Production m/m,Non-economic,5.2%,4.2%,9.3%,2020-09-11 01:00:00
2020-09-11,1:00am,GBP,Manufacturing Production m/m,Non-economic,6.3%,5.0%,11.0%,2020-09-11 01:00:00
2020-09-11,3:00am,EUR,German Buba President Weidmann Speaks,Non-economic,,,,2020-09-11 03:00:00
2020-09-11,3:00am,EUR,Italian Quarterly Unemployment Rate,Non-economic,8.3%,8.4%,9.2%,2020-09-11 03:00:00
2020-09-11,3:01am,CNY,M2 Money Supply y/y,Non-economic,10.4%,10.7%,10.7%,2020-09-11 03:01:00
2020-09-11,3:01am,CNY,New Loans,Non-economic,1280B,1250B,993B,2020-09-11 03:01:00
2020-09-11,3:30am,GBP,Consumer Inflation Expectations,Non-economic,2.8%,,2.9%,2020-09-11 03:30:00
2020-09-11,All Day,EUR,Eurogroup Meetings,Medium,,,,2020-09-11 00:00:00
2020-09-11,5:35am,CNY,Foreign Direct Investment ytd/y,Non-economic,2.6%,,0.5%,2020-09-11 05:35:00
2020-09-11,7:30am,CAD,Capacity Utilization Rate,Non-economic,70.3%,70.9%,79.8%,2020-09-11 07:30:00
2020-09-11,7:30am,USD,CPI y/y,High,1.3%,1.2%,1.0%,2020-09-11 07:30:00
2020-09-11,7:30am,USD,Core CPI m/m,Medium,0.4%,0.2%,0.6%,2020-09-11 07:30:00
2020-09-11,7:30am,USD,CPI m/m,Medium,0.4%,0.3%,0.6%,2020-09-11 07:30:00
2020-09-11,7:52am,GBP,NIESR GDP Estimate,Non-economic,7.0%,,-7.6%,2020-09-11 07:52:00
2020-09-11,1:00pm,USD,Federal Budget Balance,Non-economic,-200.1B,-238.7B,-63.0B,2020-09-11 13:00:00
2020-09-13,4:30am,EUR,ECB President Lagarde Speaks,Medium,,,,2020-09-13 04:30:00
2020-09-13,5:30pm,NZD,BusinessNZ Services Index,Non-economic,46.9,,54.4,2020-09-13 17:30:00
2020-09-13,5:52pm,NZD,Visitor Arrivals m/m,Non-economic,8.8%,,60.8%,2020-09-13 17:52:00
2020-09-13,8:30pm,CNY,New Home Prices m/m,Non-economic,0.56%,,0.47%,2020-09-13 20:30:00
2020-09-13,11:30pm,JPY,Tertiary Industry Activity m/m,Non-economic,-0.5%,0.6%,9.0%,2020-09-13 23:30:00
2020-09-13,11:33pm,JPY,Revised Industrial Production m/m,Non-economic,8.7%,8.0%,8.0%,2020-09-13 23:33:00
2020-09-14,4:00am,EUR,Industrial Production m/m,Non-economic,4.1%,4.0%,9.5%,2020-09-14 04:00:00
2020-09-14,3:58pm,NZD,Westpac Consumer Sentiment,Non-economic,95.1,,97.2,2020-09-14 15:58:00
2020-09-14,8:30pm,AUD,Monetary Policy Meeting Minutes,Medium,,,,2020-09-14 20:30:00
2020-09-14,8:30pm,AUD,HPI q/q,Non-economic,-1.8%,-1.3%,1.6%,2020-09-14 20:30:00
2020-09-14,9:00pm,CNY,Fixed Asset Investment ytd/y,Non-economic,-0.3%,-0.5%,-1.6%,2020-09-14 21:00:00
2020-09-14,9:00pm,CNY,Industrial Production y/y,Non-economic,5.6%,5.1%,4.8%,2020-09-14 21:00:00
2020-09-14,9:00pm,CNY,Retail Sales y/y,Non-economic,0.5%,0.0%,-1.1%,2020-09-14 21:00:00
2020-09-14,9:00pm,CNY,Unemployment Rate,Non-economic,5.6%,5.6%,5.7%,2020-09-14 21:00:00
2020-09-15,1:00am,GBP,Claimant Count Change,Medium,73.7K,99.5K,69.9K,2020-09-15 01:00:00
2020-09-15,1:00am,GBP,Average Earnings Index 3m/y,Non-economic,-1.0%,-1.3%,-1.2%,2020-09-15 01:00:00
2020-09-15,1:00am,GBP,Unemployment Rate,Non-economic,4.1%,4.1%,3.9%,2020-09-15 01:00:00
2020-09-15,1:30am,CHF,PPI m/m,Non-economic,-0.4%,0.2%,0.1%,2020-09-15 01:30:00
2020-09-15,1:45am,EUR,French Final CPI m/m,Non-economic,-0.1%,-0.1%,-0.1%,2020-09-15 01:45:00
2020-09-15,4:00am,EUR,ZEW Economic Sentiment,Non-economic,73.9,63.0,64.0,2020-09-15 04:00:00
2020-09-15,4:00am,EUR,German ZEW Economic Sentiment,Non-economic,77.4,69.7,71.5,2020-09-15 04:00:00
2020-09-15,7:30am,CAD,Manufacturing Sales m/m,Non-economic,7.0%,8.8%,23.0%,2020-09-15 07:30:00
2020-09-15,7:30am,USD,Empire State Manufacturing Index,Non-economic,17.0,6.2,3.7,2020-09-15 07:30:00
2020-09-15,7:30am,USD,Import Prices m/m,Non-economic,0.9%,0.5%,1.2%,2020-09-15 07:30:00
2020-09-15,8:15am,USD,Capacity Utilization Rate,Non-economic,71.4%,71.7%,71.1%,2020-09-15 08:15:00
2020-09-15,8:15am,USD,Industrial Production m/m,Non-economic,0.4%,1.2%,3.5%,2020-09-15 08:15:00
2020-09-15,9:30am,AUD,CB Leading Index m/m,Non-economic,-0.3%,,0.2%,2020-09-15 09:30:00
2020-09-15,10:04am,NZD,GDT Price Index,Non-economic,3.6%,,-1.0%,2020-09-15 10:04:00
2020-09-15,3:30pm,USD,API Weekly Statistical Bulletin,Non-economic,,,,2020-09-15 15:30:00
2020-09-15,5:45pm,NZD,Current Account,Non-economic,1.83B,0.69B,1.90B,2020-09-15 17:45:00
2020-09-15,6:50pm,JPY,Trade Balance,Non-economic,0.35T,0.01T,0.04T,2020-09-15 18:50:00
2020-09-15,7:30pm,AUD,MI Leading Index m/m,Non-economic,0.5%,,0.1%,2020-09-15 19:30:00
2020-09-16,1:00am,GBP,CPI y/y,Medium,0.2%,0.1%,1.0%,2020-09-16 01:00:00
2020-09-16,1:00am,GBP,Core CPI y/y,Non-economic,0.9%,0.7%,1.8%,2020-09-16 01:00:00
2020-09-16,1:00am,GBP,PPI Input m/m,Non-economic,-0.4%,0.1%,1.8%,2020-09-16 01:00:00
2020-09-16,1:00am,GBP,PPI Output m/m,Non-economic,0.0%,0.2%,0.3%,2020-09-16 01:00:00
2020-09-16,1:00am,GBP,RPI y/y,Non-economic,0.5%,0.6%,1.6%,2020-09-16 01:00:00
2020-09-16,3:30am,GBP,HPI y/y,Non-economic,3.4%,3.2%,1.1%,2020-09-16 03:30:00
2020-09-16,4:00am,EUR,Trade Balance,Non-economic,20.3B,19.3B,16.0B,2020-09-16 04:00:00
2020-09-16,4:05am,GBP,10-y Bond Auction,Non-economic,0.26|3.0,,0.32|2.7,2020-09-16 04:05:00
2020-09-16,4:34am,EUR,German 30-y Bond Auction,Non-economic,-0.07|1.9,,-0.05|2.9,2020-09-16 04:34:00
2020-09-16,7:30am,CAD,Common CPI y/y,Non-economic,1.5%,1.4%,1.3%,2020-09-16 07:30:00
2020-09-16,7:30am,CAD,CPI m/m,Non-economic,-0.1%,0.1%,0.0%,2020-09-16 07:30:00
2020-09-16,7:30am,CAD,Foreign Securities Purchases,Non-economic,-8.52B,10.50B,-14.13B,2020-09-16 07:30:00
2020-09-16,7:30am,CAD,Median CPI y/y,Non-economic,1.9%,1.9%,1.9%,2020-09-16 07:30:00
2020-09-16,7:30am,CAD,Trimmed CPI y/y,Non-economic,1.7%,1.8%,1.7%,2020-09-16 07:30:00
2020-09-16,7:30am,USD,Core Retail Sales m/m,High,0.7%,1.0%,1.3%,2020-09-16 07:30:00
2020-09-16,7:30am,USD,Retail Sales m/m,Medium,0.6%,1.1%,0.9%,2020-09-16 07:30:00
2020-09-16,7:32am,CAD,Core CPI m/m,Non-economic,0.0%,,-0.1%,2020-09-16 07:32:00
2020-09-16,9:00am,USD,Business Inventories m/m,Non-economic,0.1%,0.2%,-1.1%,2020-09-16 09:00:00
2020-09-16,9:00am,USD,NAHB Housing Market Index,Non-economic,83,78,78,2020-09-16 09:00:00
2020-09-16,9:30am,USD,Crude Oil Inventories,Medium,-4.4M,2.1M,2.0M,2020-09-16 09:30:00
2020-09-16,1:00pm,USD,FOMC Economic Projections,High,,,,2020-09-16 13:00:00
2020-09-16,1:00pm,USD,FOMC Statement,High,,,,2020-09-16 13:00:00
2020-09-16,1:00pm,USD,Federal Funds Rate,Medium,<0.25%,<0.25%,<0.25%,2020-09-16 13:00:00
2020-09-16,1:30pm,USD,FOMC Press Conference,High,,,,2020-09-16 13:30:00
2020-09-16,3:00pm,USD,TIC Long-Term Purchases,Non-economic,10.8B,109.3B,113.0B,2020-09-16 15:00:00
2020-09-16,5:45pm,NZD,GDP q/q,High,-12.2%,-12.5%,-1.4%,2020-09-16 17:45:00
2020-09-16,8:30pm,AUD,Employment Change,High,111.0K,-40.0K,119.2K,2020-09-16 20:30:00
2020-09-16,8:30pm,AUD,Unemployment Rate,High,6.8%,7.7%,7.5%,2020-09-16 20:30:00
2020-09-16,8:30pm,AUD,RBA Bulletin,Non-economic,,,,2020-09-16 20:30:00
2020-09-16,9:52pm,JPY,Monetary Policy Statement,High,,,,2020-09-16 21:52:00
2020-09-16,9:52pm,JPY,BOJ Policy Rate,Non-economic,-0.10%,-0.10%,-0.10%,2020-09-16 21:52:00
2020-09-17,1:00am,CHF,Trade Balance,Non-economic,3.58B,3.20B,3.34B,2020-09-17 01:00:00
2020-09-17,1:32am,JPY,BOJ Press Conference,Medium,,,,2020-09-17 01:32:00
2020-09-17,3:00am,EUR,Italian Trade Balance,Non-economic,9.69B,5.20B,6.23B,2020-09-17 03:00:00
2020-09-17,4:00am,EUR,Final Core CPI y/y,Non-economic,0.4%,0.4%,0.4%,2020-09-17 04:00:00
2020-09-17,4:00am,EUR,Final CPI y/y,Non-economic,-0.2%,-0.2%,-0.2%,2020-09-17 04:00:00
2020-09-17,All Day,All,OPEC-JMMC Meetings,High,,,,2020-09-17 00:00:00
2020-09-17,6:00am,GBP,Monetary Policy Summary,High,,,,2020-09-17 06:00:00
2020-09-17,6:00am,GBP,MPC Official Bank Rate Votes,High,0-0-9,0-0-9,0-0-9,2020-09-17 06:00:00
2020-09-17,6:00am,GBP,Official Bank Rate,High,0.10%,0.10%,0.10%,2020-09-17 06:00:00
2020-09-17,6:00am,GBP,BOE Inflation Letter,Medium,,,,2020-09-17 06:00:00
2020-09-17,6:00am,GBP,MPC Asset Purchase Facility Votes,Medium,0-0-9,0-0-9,0-0-9,2020-09-17 06:00:00
2020-09-17,6:00am,GBP,Asset Purchase Facility,Non-economic,745B,745B,745B,2020-09-17 06:00:00
2020-09-17,7:30am,USD,Philly Fed Manufacturing Index,Medium,15.0,15.0,17.2,2020-09-17 07:30:00
2020-09-17,7:30am,USD,Unemployment Claims,Medium,860K,825K,893K,2020-09-17 07:30:00
2020-09-17,7:30am,USD,Building Permits,Non-economic,1.47M,1.51M,1.48M,2020-09-17 07:30:00
2020-09-17,7:30am,USD,Housing Starts,Non-economic,1.42M,1.47M,1.49M,2020-09-17 07:30:00
2020-09-17,7:32am,CAD,ADP Non-Farm Employment Change,Medium,-205.4K,,-523.0K,2020-09-17 07:32:00
2020-09-17,9:30am,USD,Natural Gas Storage,Non-economic,89B,76B,70B,2020-09-17 09:30:00
2020-09-17,6:30pm,JPY,National Core CPI y/y,Non-economic,-0.4%,-0.4%,0.0%,2020-09-17 18:30:00
2020-09-18,1:00am,EUR,German PPI m/m,Non-economic,0.0%,0.0%,0.2%,2020-09-18 01:00:00
2020-09-18,1:00am,GBP,Retail Sales m/m,Medium,0.8%,0.8%,3.7%,2020-09-18 01:00:00
2020-09-18,3:00am,EUR,Current Account,Non-economic,16.6B,12.0B,20.7B,2020-09-18 03:00:00
2020-09-18,7:30am,CAD,Core Retail Sales m/m,Medium,-0.4%,0.5%,15.5%,2020-09-18 07:30:00
2020-09-18,7:30am,CAD,Retail Sales m/m,Non-economic,0.6%,0.8%,22.7%,2020-09-18 07:30:00
2020-09-18,7:30am,CAD,Wholesale Sales m/m,Non-economic,4.3%,3.4%,18.8%,2020-09-18 07:30:00
2020-09-18,7:30am,USD,Current Account,Non-economic,-171B,-158B,-112B,2020-09-18 07:30:00
2020-09-18,9:00am,USD,CB Leading Index m/m,Medium,1.2%,1.3%,2.0%,2020-09-18 09:00:00
2020-09-18,9:00am,USD,Prelim UoM Consumer Sentiment,Medium,78.9,75.0,74.1,2020-09-18 09:00:00
2020-09-18,9:00am,USD,Prelim UoM Inflation Expectations,Non-economic,2.7%,,3.1%,2020-09-18 09:00:00
2020-09-20,6:01pm,GBP,Rightmove HPI m/m,Non-economic,0.2%,,-0.2%,2020-09-20 18:01:00
2020-09-20,All Day,JPY,Bank Holiday,Low,,,,2020-09-20 00:00:00
2020-09-20,8:30pm,CNY,1-y Loan Prime Rate,Medium,3.85%,3.85%,3.85%,2020-09-20 20:30:00
2020-09-20,8:30pm,CNY,5-y Loan Prime Rate,Medium,4.65%,4.65%,4.65%,2020-09-20 20:30:00
2020-09-20,10:00pm,NZD,Credit Card Spending y/y,Non-economic,-11.9%,,-5.0%,2020-09-20 22:00:00
2020-09-21,5:00am,EUR,German Buba Monthly Report,Non-economic,,,,2020-09-21 05:00:00
2020-09-21,7:20am,EUR,ECB President Lagarde Speaks,High,,,,2020-09-21 07:20:00
2020-09-21,7:30am,CAD,NHPI m/m,Non-economic,0.5%,0.2%,0.4%,2020-09-21 07:30:00
2020-09-21,9:00am,USD,Fed Chairman Powell Speaks,High,,,,2020-09-21 09:00:00
2020-09-21,11:00am,USD,FOMC Member Brainard Speaks,Non-economic,,,,2020-09-21 11:00:00
2020-09-21,5:00pm,USD,FOMC Member Williams Speaks,Non-economic,,,,2020-09-21 17:00:00
2020-09-21,All Day,JPY,Bank Holiday,Low,,,,2020-09-21 00:00:00
2020-09-21,7:30pm,AUD,RBA Deputy Gov Debelle Speaks,Non-economic,,,,2020-09-21 19:30:00
2020-09-22,2:30am,GBP,BOE Gov Bailey Speaks,High,,,,2020-09-22 02:30:00
2020-09-22,5:00am,GBP,CBI Industrial Order Expectations,Non-economic,-48,-32,-44,2020-09-22 05:00:00
2020-09-22,8:00am,CNY,CB Leading Index m/m,Non-economic,1.2%,,0.7%,2020-09-22 08:00:00
2020-09-22,8:44am,EUR,Consumer Confidence,Non-economic,-14,-15,-15,2020-09-22 08:44:00
2020-09-22,8:59am,USD,Richmond Manufacturing Index,Non-economic,21,12,18,2020-09-22 08:59:00
2020-09-22,9:00am,USD,Existing Home Sales,Non-economic,6.00M,6.05M,5.86M,2020-09-22 09:00:00
2020-09-22,9:30am,USD,Fed Chairman Powell Testifies,High,,,,2020-09-22 09:30:00
2020-09-22,3:30pm,USD,API Weekly Statistical Bulletin,Non-economic,,,,2020-09-22 15:30:00
2020-09-22,6:00pm,AUD,Flash Manufacturing PMI,Non-economic,55.5,,53.6,2020-09-22 18:00:00
2020-09-22,6:00pm,AUD,Flash Services PMI,Non-economic,50.0,,49.0,2020-09-22 18:00:00
2020-09-22,7:30pm,JPY,Flash Manufacturing PMI,Non-economic,47.3,48.0,47.2,2020-09-22 19:30:00
2020-09-22,8:30pm,AUD,Retail Sales m/m,Non-economic,-4.2%,-2.0%,3.2%,2020-09-22 20:30:00
2020-09-22,9:00pm,NZD,Official Cash Rate,High,0.25%,0.25%,0.25%,2020-09-22 21:00:00
2020-09-22,9:00pm,NZD,RBNZ Rate Statement,High,,,,2020-09-22 21:00:00
2020-09-22,11:30pm,JPY,All Industries Activity m/m,Non-economic,1.3%,1.3%,6.8%,2020-09-22 23:30:00
2020-09-23,12:59am,EUR,German GfK Consumer Climate,Non-economic,-1.6,-1.0,-1.7,2020-09-23 00:59:00
2020-09-23,2:15am,EUR,French Flash Services PMI,High,47.5,52.2,51.5,2020-09-23 02:15:00
2020-09-23,2:15am,EUR,French Flash Manufacturing PMI,Medium,50.9,50.6,49.8,2020-09-23 02:15:00
2020-09-23,2:30am,EUR,German Flash Manufacturing PMI,High,56.6,52.0,52.2,2020-09-23 02:30:00
2020-09-23,2:30am,EUR,German Flash Services PMI,High,49.1,53.0,52.5,2020-09-23 02:30:00
2020-09-23,3:00am,EUR,Flash Manufacturing PMI,Medium,53.7,51.5,51.7,2020-09-23 03:00:00
2020-09-23,3:00am,EUR,Flash Services PMI,Medium,47.6,51.0,50.5,2020-09-23 03:00:00
2020-09-23,3:30am,GBP,Flash Manufacturing PMI,Medium,54.3,54.3,55.2,2020-09-23 03:30:00
2020-09-23,3:30am,GBP,Flash Services PMI,Medium,55.1,57.0,58.8,2020-09-23 03:30:00
2020-09-23,8:00am,USD,FOMC Member Mester Speaks,Non-economic,,,,2020-09-23 08:00:00
2020-09-23,8:00am,USD,HPI m/m,Non-economic,1.0%,0.4%,1.0%,2020-09-23 08:00:00
2020-09-23,8:45am,USD,Flash Manufacturing PMI,High,53.5,52.5,53.1,2020-09-23 08:45:00
2020-09-23,8:45am,USD,Flash Services PMI,Medium,54.6,54.5,55.0,2020-09-23 08:45:00
2020-09-23,9:00am,USD,Fed Chairman Powell Testifies,High,,,,2020-09-23 09:00:00
2020-09-23,9:30am,USD,Crude Oil Inventories,Medium,-1.6M,-2.5M,-4.4M,2020-09-23 09:30:00
2020-09-23,1:00pm,USD,FOMC Member Quarles Speaks,Non-economic,,,,2020-09-23 13:00:00
2020-09-23,5:45pm,NZD,Trade Balance,Non-economic,-353M,-350M,447M,2020-09-23 17:45:00
2020-09-23,6:50pm,JPY,Monetary Policy Meeting Minutes,Non-economic,,,,2020-09-23 18:50:00
2020-09-24,12:00am,JPY,BOJ Core CPI y/y,Non-economic,0.0%,0.1%,0.0%,2020-09-24 00:00:00
2020-09-24,2:30am,CHF,SNB Monetary Policy Assessment,High,,,,2020-09-24 02:30:00
2020-09-24,2:30am,CHF,SNB Policy Rate,Medium,-0.75%,-0.75%,-0.75%,2020-09-24 02:30:00
2020-09-24,3:00am,EUR,ECB Economic Bulletin,Non-economic,,,,2020-09-24 03:00:00
2020-09-24,3:00am,EUR,German ifo Business Climate,Non-economic,93.4,93.9,92.5,2020-09-24 03:00:00
2020-09-24,3:15am,CHF,SNB Press Conference,High,,,,2020-09-24 03:15:00
2020-09-24,5:00am,GBP,CBI Realized Sales,Non-economic,11,-10,-6,2020-09-24 05:00:00
2020-09-24,7:30am,USD,Unemployment Claims,Medium,870K,845K,866K,2020-09-24 07:30:00
2020-09-24,7:57am,EUR,Belgian NBB Business Climate,Non-economic,-10.8,-11.0,-12.0,2020-09-24 07:57:00
2020-09-24,9:00am,GBP,BOE Gov Bailey Speaks,Medium,,,,2020-09-24 09:00:00
2020-09-24,9:00am,USD,Fed Chairman Powell Testifies,High,,,,2020-09-24 09:00:00
2020-09-24,9:00am,USD,Treasury Sec Mnuchin Speaks,High,,,,2020-09-24 09:00:00
2020-09-24,9:00am,USD,New Home Sales,Non-economic,1011K,890K,965K,2020-09-24 09:00:00
2020-09-24,9:30am,USD,Natural Gas Storage,Non-economic,66B,78B,89B,2020-09-24 09:30:00
2020-09-24,1:00pm,USD,FOMC Member Williams Speaks,Non-economic,,,,2020-09-24 13:00:00
2020-09-24,6:01pm,GBP,GfK Consumer Confidence,Non-economic,-25,-27,-27,2020-09-24 18:01:00
2020-09-24,6:50pm,JPY,SPPI y/y,Non-economic,1.0%,1.2%,1.1%,2020-09-24 18:50:00
2020-09-24,8:30pm,AUD,Goods Trade Balance,Non-economic,4.29B,,3.12B,2020-09-24 20:30:00
2020-09-25,1:00am,GBP,Public Sector Net Borrowing,Medium,35.2B,40.6B,14.7B,2020-09-25 01:00:00
2020-09-25,3:00am,EUR,M3 Money Supply y/y,Non-economic,9.5%,10.0%,10.1%,2020-09-25 03:00:00
2020-09-25,3:00am,EUR,Private Loans y/y,Non-economic,3.0%,3.0%,3.0%,2020-09-25 03:00:00
2020-09-25,7:30am,USD,Core Durable Goods Orders m/m,Medium,0.4%,1.0%,2.6%,2020-09-25 07:30:00
2020-09-25,7:30am,USD,Durable Goods Orders m/m,Medium,0.4%,1.1%,11.4%,2020-09-25 07:30:00
2020-09-25,2:10pm,USD,FOMC Member Williams Speaks,Non-economic,,,,2020-09-25 14:10:00
2020-09-26,9:00am,NZD,Daylight Saving Time Shift,Low,,,,2020-09-26 09:00:00
2020-09-27,All Day,CNY,Bank Holiday,Low,,,,2020-09-27 00:00:00
2020-09-28,8:45am,EUR,ECB President Lagarde Speaks,High,,,,2020-09-28 08:45:00
2020-09-28,1:00pm,USD,FOMC Member Mester Speaks,Non-economic,,,,2020-09-28 13:00:00
2020-09-28,6:30pm,JPY,Tokyo Core CPI y/y,Non-economic,-0.2%,-0.3%,-0.3%,2020-09-28 18:30:00
2020-09-28,6:50pm,JPY,BOJ Summary of Opinions,Non-economic,,,,2020-09-28 18:50:00
2020-09-29,All Day,EUR,German Prelim CPI m/m,Non-economic,-0.2%,-0.1%,-0.1%,2020-09-29 00:00:00
2020-09-29,2:00am,EUR,Spanish Flash CPI y/y,Non-economic,-0.4%,-0.4%,-0.5%,2020-09-29 02:00:00
2020-09-29,3:30am,GBP,M4 Money Supply m/m,Non-economic,-0.4%,1.1%,0.8%,2020-09-29 03:30:00
2020-09-29,3:30am,GBP,Mortgage Approvals,Non-economic,85K,72K,66K,2020-09-29 03:30:00
2020-09-29,3:30am,GBP,Net Lending to Individuals m/m,Non-economic,3.4B,5.2B,3.9B,2020-09-29 03:30:00
2020-09-29,4:22am,EUR,Italian 10-y Bond Auction,Non-economic,0.89|1.3,,1.11|1.3,2020-09-29 04:22:00
2020-09-29,7:30am,CAD,IPPI m/m,Non-economic,0.3%,0.6%,0.7%,2020-09-29 07:30:00
2020-09-29,7:30am,CAD,RMPI m/m,Non-economic,3.2%,6.2%,3.0%,2020-09-29 07:30:00
2020-09-29,7:30am,USD,Goods Trade Balance,Non-economic,-82.9B,-81.8B,-80.1B,2020-09-29 07:30:00
2020-09-29,7:30am,USD,Prelim Wholesale Inventories m/m,Non-economic,0.5%,-0.1%,-0.3%,2020-09-29 07:30:00
2020-09-29,8:00am,USD,S&P/CS Composite-20 HPI y/y,Non-economic,3.9%,3.6%,3.5%,2020-09-29 08:00:00
2020-09-29,8:15am,USD,FOMC Member Williams Speaks,Non-economic,,,,2020-09-29 08:15:00
2020-09-29,8:30am,USD,FOMC Member Harker Speaks,Non-economic,,,,2020-09-29 08:30:00
2020-09-29,9:00am,USD,CB Consumer Confidence,Medium,101.8,90.0,86.3,2020-09-29 09:00:00
2020-09-29,10:40am,USD,FOMC Member Clarida Speaks,Non-economic,,,,2020-09-29 10:40:00
2020-09-29,12:00pm,USD,FOMC Member Quarles Speaks,Non-economic,,,,2020-09-29 12:00:00
2020-09-29,12:00pm,USD,FOMC Member Williams Speaks,Non-economic,,,,2020-09-29 12:00:00
2020-09-29,1:00pm,USD,Loan Officer Survey,Non-economic,,,,2020-09-29 13:00:00
2020-09-29,2:00pm,USD,FOMC Member Quarles Speaks,Non-economic,,,,2020-09-29 14:00:00
2020-09-29,3:30pm,USD,API Weekly Statistical Bulletin,Non-economic,,,,2020-09-29 15:30:00
2020-09-29,4:45pm,NZD,Building Consents m/m,Non-economic,0.3%,,-4.6%,2020-09-29 16:45:00
2020-09-29,6:01pm,GBP,BRC Shop Price Index y/y,Non-economic,-1.6%,,-1.6%,2020-09-29 18:01:00
2020-09-29,6:50pm,JPY,Prelim Industrial Production m/m,Non-economic,1.7%,1.5%,8.7%,2020-09-29 18:50:00
2020-09-29,6:50pm,JPY,Retail Sales y/y,Non-economic,-1.9%,-3.2%,-2.9%,2020-09-29 18:50:00
2020-09-29,7:00pm,NZD,ANZ Business Confidence,Non-economic,-28.5,,-26.0,2020-09-29 19:00:00
2020-09-29,8:00pm,CNY,Manufacturing PMI,Medium,51.5,51.3,51.0,2020-09-29 20:00:00
2020-09-29,8:00pm,CNY,Non-Manufacturing PMI,Non-economic,55.9,54.6,55.2,2020-09-29 20:00:00
2020-09-29,8:30pm,AUD,Building Approvals m/m,Non-economic,-1.6%,0.1%,12.2%,2020-09-29 20:30:00
2020-09-29,8:30pm,AUD,Private Sector Credit m/m,Non-economic,0.0%,-0.1%,-0.1%,2020-09-29 20:30:00
2020-09-29,8:45pm,CNY,RatingDog Manufacturing PMI,Non-economic,53.0,53.1,53.1,2020-09-29 20:45:00
2020-09-30,12:00am,JPY,Housing Starts y/y,Non-economic,-9.1%,-10.0%,-11.4%,2020-09-30 00:00:00
2020-09-30,12:59am,EUR,German Import Prices m/m,Non-economic,0.1%,0.0%,0.3%,2020-09-30 00:59:00
2020-09-30,12:59am,EUR,German Retail Sales m/m,Non-economic,3.1%,0.4%,-0.2%,2020-09-30 00:59:00
2020-09-30,12:59am,GBP,Nationwide HPI m/m,Non-economic,0.9%,0.5%,2.0%,2020-09-30 00:59:00
2020-09-30,1:00am,GBP,Current Account,Non-economic,-2.8B,-1.0B,-20.8B,2020-09-30 01:00:00
2020-09-30,1:00am,GBP,Final GDP q/q,Non-economic,-19.8%,-20.4%,-20.4%,2020-09-30 01:00:00
2020-09-30,1:02am,GBP,Revised Business Investment q/q,Non-economic,-26.5%,-31.4%,-31.4%,2020-09-30 01:02:00
2020-09-30,1:45am,EUR,French Consumer Spending m/m,Non-economic,2.3%,-0.2%,-0.9%,2020-09-30 01:45:00
2020-09-30,1:45am,EUR,French Prelim CPI m/m,Non-economic,-0.5%,-0.3%,-0.1%,2020-09-30 01:45:00
2020-09-30,2:00am,CHF,KOF Economic Barometer,Medium,113.8,106.1,110.2,2020-09-30 02:00:00
2020-09-30,2:20am,EUR,ECB President Lagarde Speaks,High,,,,2020-09-30 02:20:00
2020-09-30,2:55am,EUR,German Unemployment Change,Non-economic,-8K,-7K,-9K,2020-09-30 02:55:00
2020-09-30,3:00am,CHF,UBS Economic Expectations,Non-economic,26.2,,45.6,2020-09-30 03:00:00
2020-09-30,3:30am,GBP,MPC Member Haldane Speaks,Non-economic,,,,2020-09-30 03:30:00
2020-09-30,4:00am,EUR,Italian Prelim CPI m/m,Non-economic,-0.6%,-0.5%,0.3%,2020-09-30 04:00:00
2020-09-30,7:15am,USD,ADP Non-Farm Employment Change,Medium,749K,650K,481K,2020-09-30 07:15:00
2020-09-30,7:20am,USD,Chicago PMI,Medium,62.4,52.0,51.2,2020-09-30 07:20:00
2020-09-30,7:30am,CAD,GDP m/m,Medium,3.0%,2.9%,6.5%,2020-09-30 07:30:00
2020-09-30,7:30am,USD,Final GDP q/q,Medium,-31.4%,-31.7%,-31.7%,2020-09-30 07:30:00
2020-09-30,7:30am,USD,Final GDP Price Index q/q,Non-economic,-1.8%,-2.0%,-2.0%,2020-09-30 07:30:00
2020-09-30,8:00am,CHF,SNB Quarterly Bulletin,Non-economic,,,,2020-09-30 08:00:00
2020-09-30,9:00am,USD,Pending Home Sales m/m,Medium,8.8%,3.1%,5.9%,2020-09-30 09:00:00
2020-09-30,9:30am,USD,Crude Oil Inventories,Non-economic,-2.0M,1.0M,-1.6M,2020-09-30 09:30:00
2020-09-30,10:00am,USD,FOMC Member Kashkari Speaks,Non-economic,,,,2020-09-30 10:00:00
2020-09-30,12:40pm,USD,FOMC Member Bowman Speaks,Non-economic,,,,2020-09-30 12:40:00
2020-09-30,5:30pm,AUD,AIG Manufacturing Index,Non-economic,46.7,,49.3,2020-09-30 17:30:00
2020-09-30,6:50pm,JPY,Tankan Manufacturing Index,Non-economic,-27,-23,-34,2020-09-30 18:50:00
2020-09-30,6:50pm,JPY,Tankan Non-Manufacturing Index,Non-economic,-12,-9,-17,2020-09-30 18:50:00
2020-09-30,All Day,CNY,Bank Holiday,Low,,,,2020-09-30 00:00:00
2020-09-30,7:30pm,JPY,Final Manufacturing PMI,Non-economic,47.7,47.3,47.3,2020-09-30 19:30:00
2020-09-30,10:35pm,JPY,10-y Bond Auction,Non-economic,0.02|4.1,,0.03|3.2,2020-09-30 22:35:00
2020-10-01,1:30am,AUD,Commodity Prices y/y,Non-economic,-5.8%,,-10.2%,2020-10-01 01:30:00
2020-10-01,1:30am,CHF,CPI m/m,Non-economic,0.0%,0.0%,0.0%,2020-10-01 01:30:00
2020-10-01,1:30am,CHF,Retail Sales y/y,Non-economic,2.5%,4.5%,3.6%,2020-10-01 01:30:00
2020-10-01,2:15am,EUR,Spanish Manufacturing PMI,Non-economic,50.8,50.5,49.9,2020-10-01 02:15:00
2020-10-01,2:30am,CHF,Manufacturing PMI,Non-economic,53.1,53.4,51.8,2020-10-01 02:30:00
2020-10-01,2:45am,EUR,Italian Manufacturing PMI,Non-economic,53.2,53.6,53.1,2020-10-01 02:45:00
2020-10-01,2:50am,EUR,French Final Manufacturing PMI,Non-economic,51.2,50.9,50.9,2020-10-01 02:50:00
2020-10-01,2:55am,EUR,German Final Manufacturing PMI,Non-economic,56.4,56.6,56.6,2020-10-01 02:55:00
2020-10-01,3:00am,EUR,Final Manufacturing PMI,Non-economic,53.7,53.7,53.7,2020-10-01 03:00:00
2020-10-01,3:00am,EUR,Italian Monthly Unemployment Rate,Non-economic,9.7%,10.2%,9.8%,2020-10-01 03:00:00
2020-10-01,3:30am,GBP,Final Manufacturing PMI,Medium,54.1,54.3,54.3,2020-10-01 03:30:00
2020-10-01,3:55am,EUR,Spanish 10-y Bond Auction,Non-economic,0.22|3.2,,0.05|2.4,2020-10-01 03:55:00
2020-10-01,4:00am,EUR,PPI m/m,Non-economic,0.1%,0.2%,0.7%,2020-10-01 04:00:00
2020-10-01,4:00am,EUR,Unemployment Rate,Non-economic,8.1%,8.1%,8.0%,2020-10-01 04:00:00
2020-10-01,4:01am,EUR,French 10-y Bond Auction,Non-economic,-0.25|1.8,,-0.19|1.6,2020-10-01 04:01:00
2020-10-01,5:20am,GBP,MPC Member Haldane Speaks,Non-economic,,,,2020-10-01 05:20:00
2020-10-01,6:30am,USD,Challenger Job Cuts y/y,Non-economic,185.9%,,116.5%,2020-10-01 06:30:00
2020-10-01,7:30am,CAD,Building Permits m/m,Non-economic,1.7%,2.0%,-1.6%,2020-10-01 07:30:00
2020-10-01,7:30am,USD,Core PCE Price Index m/m,Medium,0.3%,0.3%,0.4%,2020-10-01 07:30:00
2020-10-01,7:30am,USD,Personal Spending m/m,Medium,1.0%,0.7%,1.5%,2020-10-01 07:30:00
2020-10-01,7:30am,USD,Unemployment Claims,Medium,837K,850K,873K,2020-10-01 07:30:00
2020-10-01,7:30am,USD,Personal Income m/m,Non-economic,-2.7%,-2.0%,0.5%,2020-10-01 07:30:00
2020-10-01,8:30am,CAD,Manufacturing PMI,Medium,56.0,,55.1,2020-10-01 08:30:00
2020-10-01,8:45am,USD,Final Manufacturing PMI,Non-economic,53.2,53.5,53.5,2020-10-01 08:45:00
2020-10-01,9:00am,USD,ISM Manufacturing PMI,High,55.4,56.0,56.0,2020-10-01 09:00:00
2020-10-01,9:00am,USD,Construction Spending m/m,Non-economic,1.4%,0.8%,0.7%,2020-10-01 09:00:00
2020-10-01,9:00am,USD,ISM Manufacturing Prices,Non-economic,62.8,59.0,59.5,2020-10-01 09:00:00
2020-10-01,All Day,USD,Wards Total Vehicle Sales,Non-economic,16.3M,15.5M,15.2M,2020-10-01 00:00:00
2020-10-01,9:30am,USD,Natural Gas Storage,Non-economic,76B,76B,66B,2020-10-01 09:30:00
2020-10-01,10:00am,USD,FOMC Member Williams Speaks,Non-economic,,,,2020-10-01 10:00:00
2020-10-01,2:00pm,USD,FOMC Member Bowman Speaks,Non-economic,,,,2020-10-01 14:00:00
2020-10-01,6:30pm,JPY,Unemployment Rate,Non-economic,3.0%,3.0%,2.9%,2020-10-01 18:30:00
2020-10-01,6:50pm,JPY,Monetary Base y/y,Non-economic,14.3%,11.9%,11.5%,2020-10-01 18:50:00
2020-10-01,All Day,CNY,Bank Holiday,Low,,,,2020-10-01 00:00:00
2020-10-02,12:00am,JPY,Consumer Confidence,Non-economic,32.7,31.6,29.3,2020-10-02 00:00:00
2020-10-02,1:45am,EUR,French Gov Budget Balance,Non-economic,-165.7B,,-151.0B,2020-10-02 01:45:00
2020-10-02,2:00am,EUR,Spanish Unemployment Change,Medium,-26.3K,59.5K,29.8K,2020-10-02 02:00:00
2020-10-02,4:00am,EUR,Core CPI Flash Estimate y/y,Non-economic,0.2%,0.5%,0.4%,2020-10-02 04:00:00
2020-10-02,4:00am,EUR,CPI Flash Estimate y/y,Non-economic,-0.3%,-0.1%,-0.2%,2020-10-02 04:00:00
2020-10-02,7:30am,USD,Average Hourly Earnings m/m,High,0.1%,0.5%,0.3%,2020-10-02 07:30:00
2020-10-02,7:30am,USD,Non-Farm Employment Change,High,661K,900K,1489K,2020-10-02 07:30:00
2020-10-02,7:30am,USD,Unemployment Rate,High,7.9%,8.2%,8.4%,2020-10-02 07:30:00
2020-10-02,8:00am,USD,FOMC Member Harker Speaks,Non-economic,,,,2020-10-02 08:00:00
2020-10-02,9:00am,USD,Revised UoM Consumer Sentiment,Medium,80.4,78.9,78.9,2020-10-02 09:00:00
2020-10-02,9:00am,USD,Factory Orders m/m,Non-economic,0.7%,1.5%,6.5%,2020-10-02 09:00:00
2020-10-02,9:00am,USD,Revised UoM Inflation Expectations,Non-economic,2.6%,,2.7%,2020-10-02 09:00:00
2020-10-03,11:00am,AUD,Daylight Saving Time Shift,Low,,,,2020-10-03 11:00:00
2020-10-04,7:00pm,NZD,ANZ Commodity Prices m/m,Non-economic,-0.2%,,-1.0%,2020-10-04 19:00:00
2020-10-04,All Day,CNY,Bank Holiday,Low,,,,2020-10-04 00:00:00
2020-10-04,7:02pm,AUD,MI Inflation Gauge m/m,Non-economic,0.1%,,0.1%,2020-10-04 19:02:00
2020-10-04,7:20pm,AUD,AIG Construction Index,Non-economic,45.2,,37.9,2020-10-04 19:20:00
2020-10-04,7:30pm,AUD,NAB Business Confidence,Medium,-4,,-8,2020-10-04 19:30:00
2020-10-05,2:15am,EUR,Spanish Services PMI,Non-economic,42.4,46.4,47.7,2020-10-05 02:15:00
2020-10-05,2:45am,EUR,Italian Services PMI,Non-economic,48.8,46.7,47.1,2020-10-05 02:45:00
2020-10-05,2:50am,EUR,French Final Services PMI,Non-economic,47.5,47.5,47.5,2020-10-05 02:50:00
2020-10-05,2:55am,EUR,German Final Services PMI,Non-economic,50.6,49.1,49.1,2020-10-05 02:55:00
2020-10-05,3:00am,EUR,Final Services PMI,Non-economic,48.0,47.6,47.6,2020-10-05 03:00:00
2020-10-05,3:30am,EUR,Sentix Investor Confidence,Non-economic,-8.3,-9.2,-8.0,2020-10-05 03:30:00
2020-10-05,3:30am,GBP,Final Services PMI,Non-economic,56.1,55.1,55.1,2020-10-05 03:30:00
2020-10-05,4:00am,EUR,Retail Sales m/m,Non-economic,4.4%,2.4%,-1.8%,2020-10-05 04:00:00
2020-10-05,All Day,EUR,Eurogroup Meetings,Medium,,,,2020-10-05 00:00:00
2020-10-05,8:45am,USD,Final Services PMI,Non-economic,54.6,54.6,54.6,2020-10-05 08:45:00
2020-10-05,9:00am,USD,ISM Services PMI,High,57.8,56.3,56.9,2020-10-05 09:00:00
2020-10-05,All Day,CNY,Bank Holiday,Low,,,,2020-10-05 00:00:00
2020-10-05,7:30pm,AUD,ANZ Job Advertisements m/m,Non-economic,7.8%,,2.6%,2020-10-05 19:30:00
2020-10-05,7:30pm,AUD,Goods Trade Balance,Non-economic,2.64B,5.05B,4.65B,2020-10-05 19:30:00
2020-10-05,10:30pm,AUD,Cash Rate,High,0.25%,0.25%,0.25%,2020-10-05 22:30:00
2020-10-05,10:30pm,AUD,RBA Rate Statement,High,,,,2020-10-05 22:30:00
2020-10-05,10:35pm,JPY,30-y Bond Auction,Non-economic,0.64|3.5,,0.61|3.5,2020-10-05 22:35:00
2020-10-06,1:00am,EUR,German Factory Orders m/m,Non-economic,4.5%,3.0%,3.3%,2020-10-06 01:00:00
2020-10-06,3:30am,AUD,Annual Budget Release,High,,,,2020-10-06 03:30:00
2020-10-06,3:30am,GBP,Construction PMI,Non-economic,56.8,54.0,54.6,2020-10-06 03:30:00
2020-10-06,3:35am,EUR,ECB President Lagarde Speaks,Medium,,,,2020-10-06 03:35:00
2020-10-06,3:45am,GBP,Housing Equity Withdrawal q/q,Non-economic,-7.7B,-4.3B,-4.5B,2020-10-06 03:45:00
2020-10-06,All Day,EUR,ECOFIN Meetings,Non-economic,,,,2020-10-06 00:00:00
2020-10-06,7:30am,CAD,Trade Balance,Medium,-2.4B,-2.1B,-2.5B,2020-10-06 07:30:00
2020-10-06,7:30am,USD,Trade Balance,Non-economic,-67.1B,-66.2B,-63.4B,2020-10-06 07:30:00
2020-10-06,8:00am,EUR,ECB President Lagarde Speaks,Medium,,,,2020-10-06 08:00:00
2020-10-06,8:59am,USD,RCM/TIPP Economic Optimism,Non-economic,55.2,55.0,45.0,2020-10-06 08:59:00
2020-10-06,9:00am,USD,JOLTS Job Openings,Non-economic,6.49M,6.50M,6.70M,2020-10-06 09:00:00
2020-10-06,9:40am,USD,Fed Chairman Powell Speaks,High,,,,2020-10-06 09:40:00
2020-10-06,9:57am,NZD,GDT Price Index,Non-economic,2.2%,,3.6%,2020-10-06 09:57:00
2020-10-06,10:45am,USD,FOMC Member Harker Speaks,Non-economic,,,,2020-10-06 10:45:00
2020-10-06,3:30pm,USD,API Weekly Statistical Bulletin,Non-economic,,,,2020-10-06 15:30:00
2020-10-06,4:30pm,AUD,AIG Services Index,Non-economic,36.2,,42.5,2020-10-06 16:30:00
2020-10-06,5:00pm,USD,FOMC Member Kaplan Speaks,Medium,,,,2020-10-06 17:00:00
2020-10-06,6:05pm,JPY,BOJ Gov Kuroda Speaks,Medium,,,,2020-10-06 18:05:00
2020-10-06,All Day,CNY,Bank Holiday,Low,,,,2020-10-06 00:00:00
2020-10-07,12:00am,JPY,Leading Indicators,Non-economic,88.8%,89.2%,86.7%,2020-10-07 00:00:00
2020-10-07,12:55am,EUR,German Industrial Production m/m,Non-economic,-0.2%,1.5%,1.4%,2020-10-07 00:55:00
2020-10-07,1:45am,EUR,French Trade Balance,Non-economic,-7.7B,-6.5B,-7.0B,2020-10-07 01:45:00
2020-10-07,2:00am,CHF,Foreign Currency Reserves,Non-economic,874B,,849B,2020-10-07 02:00:00
2020-10-07,2:32am,GBP,Halifax HPI m/m,Non-economic,1.6%,1.5%,1.7%,2020-10-07 02:32:00
2020-10-07,3:00am,EUR,Italian Retail Sales m/m,Non-economic,8.2%,3.8%,-6.0%,2020-10-07 03:00:00
2020-10-07,3:30am,GBP,HPI y/y,Non-economic,2.3%,3.4%,2.9%,2020-10-07 03:30:00
2020-10-07,4:07am,GBP,10-y Bond Auction,Non-economic,0.31|2.8,,0.26|3.0,2020-10-07 04:07:00
2020-10-07,4:34am,EUR,German 10-y Bond Auction,Non-economic,-0.51|2.1,,-0.50|2.0,2020-10-07 04:34:00
2020-10-07,7:10am,EUR,ECB President Lagarde Speaks,Medium,,,,2020-10-07 07:10:00
2020-10-07,9:00am,CAD,Ivey PMI,Non-economic,54.3,64.5,67.8,2020-10-07 09:00:00
2020-10-07,9:30am,USD,Crude Oil Inventories,Non-economic,0.5M,-1.2M,-2.0M,2020-10-07 09:30:00
2020-10-07,12:01pm,USD,10-y Bond Auction,Non-economic,0.77|2.5,,0.70|2.3,2020-10-07 12:01:00
2020-10-07,1:00pm,USD,FOMC Meeting Minutes,High,,,,2020-10-07 13:00:00
2020-10-07,1:40pm,USD,FOMC Member Kashkari Speaks,Non-economic,,,,2020-10-07 13:40:00
2020-10-07,2:00pm,USD,Consumer Credit m/m,Non-economic,-7.2B,14.9B,14.7B,2020-10-07 14:00:00
2020-10-07,2:00pm,USD,FOMC Member Williams Speaks,Non-economic,,,,2020-10-07 14:00:00
2020-10-07,6:01pm,GBP,RICS House Price Balance,Non-economic,61%,39%,44%,2020-10-07 18:01:00
2020-10-07,6:50pm,JPY,Current Account,Non-economic,1.65T,1.50T,0.96T,2020-10-07 18:50:00
2020-10-07,7:00pm,NZD,Prelim ANZ Business Confidence,Non-economic,-14.5,,-28.5,2020-10-07 19:00:00
2020-10-08,12:02am,JPY,Economy Watchers Sentiment,Non-economic,49.3,45.0,43.9,2020-10-08 00:02:00
2020-10-08,12:45am,CHF,Unemployment Rate,Non-economic,3.3%,3.4%,3.4%,2020-10-08 00:45:00
2020-10-08,12:59am,EUR,German Trade Balance,Non-economic,15.7B,17.1B,18.0B,2020-10-08 00:59:00
2020-10-08,2:25am,GBP,BOE Gov Bailey Speaks,High,,,,2020-10-08 02:25:00
2020-10-08,4:30am,CHF,SNB Chairman Jordan Speaks,Non-economic,,,,2020-10-08 04:30:00
2020-10-08,4:30am,GBP,FPC Meeting Minutes,Non-economic,,,,2020-10-08 04:30:00
2020-10-08,4:30am,GBP,FPC Statement,Non-economic,,,,2020-10-08 04:30:00
2020-10-08,6:30am,EUR,ECB Monetary Policy Meeting Accounts,Non-economic,,,,2020-10-08 06:30:00
2020-10-08,7:13am,CAD,Housing Starts,Non-economic,209K,240K,262K,2020-10-08 07:13:00
2020-10-08,7:30am,CAD,BOC Gov Macklem Speaks,High,,,,2020-10-08 07:30:00
2020-10-08,7:30am,USD,Unemployment Claims,Medium,840K,820K,849K,2020-10-08 07:30:00
2020-10-08,9:30am,USD,Natural Gas Storage,Non-economic,75B,73B,76B,2020-10-08 09:30:00
2020-10-08,12:01pm,USD,30-y Bond Auction,Non-economic,1.58|2.3,,1.47|2.3,2020-10-08 12:01:00
2020-10-08,6:30pm,JPY,Average Cash Earnings y/y,Non-economic,-1.3%,-1.2%,-1.5%,2020-10-08 18:30:00
2020-10-08,6:30pm,JPY,Household Spending y/y,Non-economic,-6.9%,-6.6%,-7.6%,2020-10-08 18:30:00
2020-10-08,7:30pm,AUD,RBA Financial Stability Review,High,,,,2020-10-08 19:30:00
2020-10-08,8:45pm,CNY,RatingDog Services PMI,Non-economic,54.8,54.5,54.0,2020-10-08 20:45:00
2020-10-09,1:00am,GBP,Construction Output m/m,Non-economic,3.0%,5.1%,17.2%,2020-10-09 01:00:00
2020-10-09,1:00am,GBP,GDP m/m,Non-economic,2.1%,4.6%,6.4%,2020-10-09 01:00:00
2020-10-09,1:00am,GBP,Goods Trade Balance,Non-economic,-9.0B,-9.1B,-7.9B,2020-10-09 01:00:00
2020-10-09,1:00am,GBP,Index of Services 3m/3m,Non-economic,7.1%,7.0%,-7.1%,2020-10-09 01:00:00
2020-10-09,1:00am,GBP,Industrial Production m/m,Non-economic,0.3%,2.6%,5.2%,2020-10-09 01:00:00
2020-10-09,1:00am,GBP,Manufacturing Production m/m,Non-economic,0.7%,3.2%,6.9%,2020-10-09 01:00:00
2020-10-09,1:45am,EUR,French Industrial Production m/m,Non-economic,1.3%,2.1%,3.8%,2020-10-09 01:45:00
2020-10-09,3:00am,EUR,Italian Industrial Production m/m,Non-economic,7.7%,1.3%,7.0%,2020-10-09 03:00:00
2020-10-09,7:30am,CAD,Employment Change,High,378.2K,150.0K,245.8K,2020-10-09 07:30:00
2020-10-09,7:30am,CAD,Unemployment Rate,High,9.0%,9.8%,10.2%,2020-10-09 07:30:00
2020-10-09,7:48am,GBP,NIESR GDP Estimate,Non-economic,15.2%,,8.0%,2020-10-09 07:48:00
2020-10-09,9:00am,USD,Final Wholesale Inventories m/m,Non-economic,0.4%,0.5%,0.5%,2020-10-09 09:00:00
2020-10-11,4:53pm,NZD,Visitor Arrivals m/m,Non-economic,104.7%,,8.8%,2020-10-11 16:53:00
2020-10-11,6:50pm,JPY,Bank Lending y/y,Non-economic,6.4%,6.5%,6.7%,2020-10-11 18:50:00
2020-10-11,6:50pm,JPY,Core Machinery Orders m/m,Non-economic,0.2%,-1.0%,6.3%,2020-10-11 18:50:00
2020-10-11,6:50pm,JPY,PPI y/y,Non-economic,-0.8%,-0.5%,-0.6%,2020-10-11 18:50:00
2020-10-12,12:45am,CHF,SECO Economic Forecasts,Non-economic,,,,2020-10-12 00:45:00
2020-10-12,12:58am,JPY,Prelim Machine Tool Orders y/y,Non-economic,-15.0%,,-23.2%,2020-10-12 00:58:00
2020-10-12,12:59am,EUR,German WPI m/m,Non-economic,0.0%,0.2%,-0.4%,2020-10-12 00:59:00
2020-10-12,All Day,USD,Bank Holiday,Low,,,,2020-10-12 00:00:00
2020-10-12,All Day,CAD,Bank Holiday,Low,,,,2020-10-12 00:00:00
2020-10-12,9:00am,GBP,MPC Member Haskel Speaks,Non-economic,,,,2020-10-12 09:00:00
2020-10-12,11:00am,GBP,BOE Gov Bailey Speaks,Medium,,,,2020-10-12 11:00:00
2020-10-12,4:45pm,NZD,FPI m/m,Non-economic,-1.0%,,0.7%,2020-10-12 16:45:00
2020-10-12,6:01pm,GBP,BRC Retail Sales Monitor y/y,Non-economic,6.1%,3.5%,4.7%,2020-10-12 18:01:00
2020-10-12,6:50pm,JPY,M2 Money Stock y/y,Non-economic,9.0%,9.1%,8.6%,2020-10-12 18:50:00
2020-10-12,10:03pm,CNY,Trade Balance,Non-economic,258B,420B,417B,2020-10-12 22:03:00
2020-10-12,10:04pm,CNY,USD-Denominated Trade Balance,Non-economic,37.0B,59.3B,58.9B,2020-10-12 22:04:00
2020-10-13,12:59am,EUR,German Final CPI m/m,Non-economic,-0.2%,-0.2%,-0.2%,2020-10-13 00:59:00
2020-10-13,1:00am,GBP,Claimant Count Change,Medium,28.1K,78.8K,39.5K,2020-10-13 01:00:00
2020-10-13,1:00am,GBP,Unemployment Rate,Non-economic,4.5%,4.3%,4.1%,2020-10-13 01:00:00
2020-10-13,1:02am,GBP,Average Earnings Index 3m/y,Non-economic,0.0%,-0.6%,-1.0%,2020-10-13 01:02:00
2020-10-13,4:00am,EUR,ZEW Economic Sentiment,Non-economic,52.3,72.0,73.9,2020-10-13 04:00:00
2020-10-13,4:00am,EUR,German ZEW Economic Sentiment,Non-economic,56.1,74.1,77.4,2020-10-13 04:00:00
2020-10-13,5:00am,USD,NFIB Small Business Index,Non-economic,104.0,100.9,100.2,2020-10-13 05:00:00
2020-10-13,7:30am,USD,CPI y/y,High,1.4%,1.4%,1.3%,2020-10-13 07:30:00
2020-10-13,7:30am,USD,Core CPI m/m,Medium,0.2%,0.2%,0.4%,2020-10-13 07:30:00
2020-10-13,7:30am,USD,CPI m/m,Medium,0.2%,0.2%,0.4%,2020-10-13 07:30:00
2020-10-13,9:00am,GBP,BOE Gov Bailey Speaks,High,,,,2020-10-13 09:00:00
2020-10-13,6:30pm,AUD,Westpac Consumer Sentiment,Non-economic,11.9%,,18.0%,2020-10-13 18:30:00
2020-10-13,11:30pm,JPY,Revised Industrial Production m/m,Non-economic,1.0%,1.7%,1.7%,2020-10-13 23:30:00
2020-10-14,3:00am,EUR,ECB President Lagarde Speaks,Medium,,,,2020-10-14 03:00:00
2020-10-14,3:32am,CNY,M2 Money Supply y/y,Non-economic,10.9%,10.4%,10.4%,2020-10-14 03:32:00
2020-10-14,3:32am,CNY,New Loans,Non-economic,1900B,1700B,1280B,2020-10-14 03:32:00
2020-10-14,4:00am,EUR,Industrial Production m/m,Non-economic,0.7%,0.8%,5.0%,2020-10-14 04:00:00
2020-10-14,4:36am,EUR,German 30-y Bond Auction,Non-economic,-0.16|2.4,,-0.07|1.9,2020-10-14 04:36:00
2020-10-14,7:30am,USD,Core PPI m/m,Medium,0.4%,0.2%,0.4%,2020-10-14 07:30:00
2020-10-14,7:30am,USD,PPI m/m,Medium,0.4%,0.2%,0.3%,2020-10-14 07:30:00
2020-10-14,8:00am,GBP,MPC Member Haldane Speaks,Non-economic,,,,2020-10-14 08:00:00
2020-10-14,8:00am,USD,FOMC Member Clarida Speaks,Non-economic,,,,2020-10-14 08:00:00
2020-10-14,9:30am,CAD,Gov Council Member Lane Speaks,Non-economic,,,,2020-10-14 09:30:00
2020-10-14,9:30am,USD,FOMC Member Quarles Speaks,Non-economic,,,,2020-10-14 09:30:00
2020-10-14,2:00pm,USD,FOMC Member Quarles Speaks,Non-economic,,,,2020-10-14 14:00:00
2020-10-14,3:30pm,USD,API Weekly Statistical Bulletin,Non-economic,,,,2020-10-14 15:30:00
2020-10-14,4:45pm,AUD,RBA Gov Lowe Speaks,High,,,,2020-10-14 16:45:00
2020-10-14,5:00pm,USD,FOMC Member Kaplan Speaks,Non-economic,,,,2020-10-14 17:00:00
2020-10-14,7:00pm,AUD,MI Inflation Expectations,Non-economic,3.4%,,3.1%,2020-10-14 19:00:00
2020-10-14,7:30pm,AUD,Employment Change,High,-29.5K,-38.0K,129.1K,2020-10-14 19:30:00
2020-10-14,7:30pm,AUD,Unemployment Rate,High,6.9%,7.0%,6.8%,2020-10-14 19:30:00
2020-10-14,8:30pm,CNY,CPI y/y,Non-economic,1.7%,1.9%,2.4%,2020-10-14 20:30:00
2020-10-14,8:30pm,CNY,PPI y/y,Non-economic,-2.1%,-1.9%,-2.0%,2020-10-14 20:30:00
2020-10-14,11:30pm,JPY,Tertiary Industry Activity m/m,Non-economic,0.8%,1.2%,0.1%,2020-10-14 23:30:00
2020-10-15,1:30am,CHF,PPI m/m,Non-economic,0.1%,0.2%,-0.4%,2020-10-15 01:30:00
2020-10-15,1:45am,EUR,French Final CPI m/m,Non-economic,-0.5%,-0.5%,-0.5%,2020-10-15 01:45:00
2020-10-15,3:30am,GBP,BOE Credit Conditions Survey,Non-economic,,,,2020-10-15 03:30:00
2020-10-15,All Day,EUR,EU Economic Summit,High,,,,2020-10-15 00:00:00
2020-10-15,7:30am,USD,Philly Fed Manufacturing Index,Medium,32.3,14.4,15.0,2020-10-15 07:30:00
2020-10-15,7:30am,USD,Unemployment Claims,Medium,898K,810K,845K,2020-10-15 07:30:00
2020-10-15,7:30am,USD,Empire State Manufacturing Index,Non-economic,10.5,13.9,17.0,2020-10-15 07:30:00
2020-10-15,7:30am,USD,Import Prices m/m,Non-economic,0.3%,0.3%,0.9%,2020-10-15 07:30:00
2020-10-15,7:32am,CAD,ADP Non-Farm Employment Change,Non-economic,-240.8K,,-770.6K,2020-10-15 07:32:00
2020-10-15,8:00am,GBP,MPC Member Cunliffe Speaks,Non-economic,,,,2020-10-15 08:00:00
2020-10-15,8:30am,GBP,CB Leading Index m/m,Non-economic,0.5%,,0.8%,2020-10-15 08:30:00
2020-10-15,8:45am,CAD,Gov Council Member Lane Speaks,Non-economic,,,,2020-10-15 08:45:00
2020-10-15,9:30am,USD,Natural Gas Storage,Non-economic,46B,58B,75B,2020-10-15 09:30:00
2020-10-15,10:00am,USD,Crude Oil Inventories,Non-economic,-3.8M,-2.1M,0.5M,2020-10-15 10:00:00
2020-10-15,10:00am,USD,FOMC Member Kaplan Speaks,Non-economic,,,,2020-10-15 10:00:00
2020-10-15,10:00am,USD,FOMC Member Quarles Speaks,Non-economic,,,,2020-10-15 10:00:00
2020-10-15,11:00am,EUR,ECB President Lagarde Speaks,Medium,,,,2020-10-15 11:00:00
2020-10-15,4:00pm,USD,FOMC Member Kashkari Speaks,Non-economic,,,,2020-10-15 16:00:00
2020-10-15,4:30pm,NZD,BusinessNZ Manufacturing Index,Non-economic,54.0,,51.0,2020-10-15 16:30:00
2020-10-15,11:30pm,AUD,RBA Annual Report,Non-economic,,,,2020-10-15 23:30:00
2020-10-16,3:57am,CNY,Foreign Direct Investment ytd/y,Non-economic,5.2%,,2.6%,2020-10-16 03:57:00
2020-10-16,4:00am,EUR,Final Core CPI y/y,Non-economic,0.2%,0.2%,0.2%,2020-10-16 04:00:00
2020-10-16,4:00am,EUR,Final CPI y/y,Non-economic,-0.3%,-0.3%,-0.3%,2020-10-16 04:00:00
2020-10-16,4:00am,EUR,Trade Balance,Non-economic,21.9B,18.1B,19.3B,2020-10-16 04:00:00
2020-10-16,4:02am,EUR,Italian Trade Balance,Non-economic,3.93B,7.23B,9.69B,2020-10-16 04:02:00
2020-10-16,Day 1,All,IMF Meetings,Non-economic,,,,2020-10-16 00:00:00
2020-10-16,7:30am,CAD,Foreign Securities Purchases,Non-economic,15.51B,-3.01B,-8.49B,2020-10-16 07:30:00
2020-10-16,7:30am,CAD,Manufacturing Sales m/m,Non-economic,-2.0%,-1.4%,7.2%,2020-10-16 07:30:00
2020-10-16,7:30am,USD,Core Retail Sales m/m,High,1.5%,0.4%,0.5%,2020-10-16 07:30:00
2020-10-16,7:30am,USD,Retail Sales m/m,High,1.9%,0.7%,0.6%,2020-10-16 07:30:00
2020-10-16,8:15am,USD,Capacity Utilization Rate,Non-economic,71.5%,72.1%,72.0%,2020-10-16 08:15:00
2020-10-16,8:15am,USD,Industrial Production m/m,Non-economic,-0.6%,0.6%,0.4%,2020-10-16 08:15:00
2020-10-16,9:00am,USD,Prelim UoM Consumer Sentiment,Medium,81.2,80.2,80.4,2020-10-16 09:00:00
2020-10-16,9:00am,USD,Business Inventories m/m,Non-economic,0.3%,0.3%,0.1%,2020-10-16 09:00:00
2020-10-16,9:00am,USD,Prelim UoM Inflation Expectations,Non-economic,2.7%,,2.6%,2020-10-16 09:00:00
2020-10-16,1:00pm,USD,Federal Budget Balance,Non-economic,-124.6B,-123.3B,-200.1B,2020-10-16 13:00:00
2020-10-16,3:00pm,USD,TIC Long-Term Purchases,Non-economic,27.8B,20.0B,11.3B,2020-10-16 15:00:00
2020-10-16,All Day,NZD,Parliamentary Elections,High,,,,2020-10-16 00:00:00
2020-10-17,Day 2,All,IMF Meetings,Non-economic,,,,2020-10-17 00:00:00
2020-10-18,8:05am,EUR,ECB President Lagarde Speaks,Medium,,,,2020-10-18 08:05:00
2020-10-18,Day 3,All,IMF Meetings,Non-economic,,,,2020-10-18 00:00:00
2020-10-18,4:30pm,NZD,BusinessNZ Services Index,Non-economic,50.3,,47.2,2020-10-18 16:30:00
2020-10-18,6:01pm,GBP,Rightmove HPI m/m,Non-economic,1.1%,,0.2%,2020-10-18 18:01:00
2020-10-18,6:50pm,JPY,Trade Balance,Non-economic,0.48T,0.85T,0.36T,2020-10-18 18:50:00
2020-10-18,8:59pm,CNY,GDP q/y,High,4.9%,5.5%,3.2%,2020-10-18 20:59:00
2020-10-18,9:00pm,CNY,Fixed Asset Investment ytd/y,Non-economic,0.8%,0.9%,-0.3%,2020-10-18 21:00:00
2020-10-18,9:00pm,CNY,Industrial Production y/y,Non-economic,6.9%,5.8%,5.6%,2020-10-18 21:00:00
2020-10-18,9:00pm,CNY,NBS Press Conference,Non-economic,,,,2020-10-18 21:00:00
2020-10-18,9:00pm,CNY,Retail Sales y/y,Non-economic,3.3%,1.7%,0.5%,2020-10-18 21:00:00
2020-10-18,9:00pm,CNY,Unemployment Rate,Non-economic,5.4%,5.5%,5.6%,2020-10-18 21:00:00
2020-10-19,All Day,All,OPEC-JMMC Meetings,High,,,,2020-10-19 00:00:00
2020-10-19,7:00am,USD,Fed Chairman Powell Speaks,High,,,,2020-10-19 07:00:00
2020-10-19,7:30am,CAD,Wholesale Sales m/m,Non-economic,0.3%,0.1%,5.2%,2020-10-19 07:30:00
2020-10-19,7:45am,EUR,ECB President Lagarde Speaks,Medium,,,,2020-10-19 07:45:00
2020-10-19,9:00am,USD,NAHB Housing Market Index,Non-economic,85,83,83,2020-10-19 09:00:00
2020-10-19,9:05am,GBP,MPC Member Cunliffe Speaks,Non-economic,,,,2020-10-19 09:05:00
2020-10-19,9:30am,CAD,BOC Business Outlook Survey,Medium,,,,2020-10-19 09:30:00
2020-10-19,10:00am,GBP,MPC Member Cunliffe Speaks,Non-economic,,,,2020-10-19 10:00:00
2020-10-19,10:45am,USD,FOMC Member Clarida Speaks,Non-economic,,,,2020-10-19 10:45:00
2020-10-19,2:00pm,USD,FOMC Member Harker Speaks,Non-economic,,,,2020-10-19 14:00:00
2020-10-19,4:00pm,NZD,NZIER Business Confidence,Non-economic,-40,,-63,2020-10-19 16:00:00
2020-10-19,6:00pm,AUD,RBA Assist Gov Kent Speaks,Medium,,,,2020-10-19 18:00:00
2020-10-19,7:30pm,AUD,Monetary Policy Meeting Minutes,High,,,,2020-10-19 19:30:00
2020-10-19,8:30pm,CNY,1-y Loan Prime Rate,Medium,3.85%,3.85%,3.85%,2020-10-19 20:30:00
2020-10-19,8:30pm,CNY,5-y Loan Prime Rate,Medium,4.65%,4.65%,4.65%,2020-10-19 20:30:00
2020-10-19,8:30pm,CNY,New Home Prices m/m,Non-economic,0.34%,,0.56%,2020-10-19 20:30:00
2020-10-20,1:00am,CHF,Trade Balance,Non-economic,3.28B,4.32B,3.54B,2020-10-20 01:00:00
2020-10-20,1:00am,EUR,German PPI m/m,Non-economic,0.4%,0.1%,0.0%,2020-10-20 01:00:00
2020-10-20,3:00am,EUR,Current Account,Non-economic,19.9B,17.2B,17.0B,2020-10-20 03:00:00
2020-10-20,7:30am,USD,Building Permits,Non-economic,1.55M,1.52M,1.48M,2020-10-20 07:30:00
2020-10-20,7:30am,USD,Housing Starts,Non-economic,1.42M,1.45M,1.39M,2020-10-20 07:30:00
2020-10-20,8:00am,CNY,CB Leading Index m/m,Non-economic,1.3%,,1.0%,2020-10-20 08:00:00
2020-10-20,8:00am,USD,FOMC Member Williams Speaks,Non-economic,,,,2020-10-20 08:00:00
2020-10-20,9:30am,AUD,CB Leading Index m/m,Non-economic,0.8%,,-0.3%,2020-10-20 09:30:00
2020-10-20,9:39am,NZD,GDT Price Index,Non-economic,0.4%,,2.2%,2020-10-20 09:39:00
2020-10-20,9:50am,USD,FOMC Member Quarles Speaks,Non-economic,,,,2020-10-20 09:50:00
2020-10-20,3:30pm,USD,API Weekly Statistical Bulletin,Non-economic,,,,2020-10-20 15:30:00
2020-10-20,6:30pm,AUD,MI Leading Index m/m,Non-economic,0.2%,,0.5%,2020-10-20 18:30:00
2020-10-20,7:30pm,AUD,Retail Sales m/m,Non-economic,-1.5%,-1.1%,-4.0%,2020-10-20 19:30:00
2020-10-20,9:00pm,NZD,Credit Card Spending y/y,Non-economic,-9.9%,,-11.8%,2020-10-20 21:00:00
2020-10-21,1:00am,GBP,CPI y/y,Medium,0.5%,0.4%,0.2%,2020-10-21 01:00:00
2020-10-21,1:00am,GBP,Core CPI y/y,Non-economic,1.3%,1.3%,0.9%,2020-10-21 01:00:00
2020-10-21,1:00am,GBP,Public Sector Net Borrowing,Non-economic,35.4B,32.5B,29.4B,2020-10-21 01:00:00
2020-10-21,1:00am,GBP,RPI y/y,Non-economic,1.1%,1.2%,0.5%,2020-10-21 01:00:00
2020-10-21,1:03am,GBP,PPI Input m/m,Non-economic,1.1%,-0.9%,-0.2%,2020-10-21 01:03:00
2020-10-21,1:03am,GBP,PPI Output m/m,Non-economic,-0.1%,-0.1%,0.1%,2020-10-21 01:03:00
2020-10-21,2:30am,EUR,ECB President Lagarde Speaks,Medium,,,,2020-10-21 02:30:00
2020-10-21,3:30am,GBP,HPI y/y,Non-economic,2.5%,2.4%,2.1%,2020-10-21 03:30:00
2020-10-21,7:10am,GBP,MPC Member Ramsden Speaks,Medium,,,,2020-10-21 07:10:00
2020-10-21,7:30am,CAD,CPI m/m,High,-0.1%,-0.1%,-0.1%,2020-10-21 07:30:00
2020-10-21,7:30am,CAD,Core Retail Sales m/m,Medium,0.5%,0.9%,-0.1%,2020-10-21 07:30:00
2020-10-21,7:30am,CAD,Retail Sales m/m,Medium,0.4%,1.0%,1.0%,2020-10-21 07:30:00
2020-10-21,7:30am,CAD,Common CPI y/y,Non-economic,1.5%,1.5%,1.5%,2020-10-21 07:30:00
2020-10-21,7:30am,CAD,Median CPI y/y,Non-economic,1.9%,1.9%,1.9%,2020-10-21 07:30:00
2020-10-21,7:30am,CAD,NHPI m/m,Non-economic,1.2%,0.5%,0.5%,2020-10-21 07:30:00
2020-10-21,7:30am,CAD,Trimmed CPI y/y,Non-economic,1.8%,1.7%,1.7%,2020-10-21 07:30:00
2020-10-21,7:32am,CAD,Core CPI m/m,Non-economic,0.1%,,0.0%,2020-10-21 07:32:00
2020-10-21,7:50am,USD,FOMC Member Brainard Speaks,Non-economic,,,,2020-10-21 07:50:00
2020-10-21,9:00am,USD,FOMC Member Mester Speaks,Non-economic,,,,2020-10-21 09:00:00
2020-10-21,9:30am,USD,Crude Oil Inventories,Non-economic,-1.0M,0.5M,-3.8M,2020-10-21 09:30:00
2020-10-21,1:00pm,USD,Beige Book,Non-economic,,,,2020-10-21 13:00:00
2020-10-21,5:30pm,AUD,RBA Deputy Gov Debelle Speaks,Non-economic,,,,2020-10-21 17:30:00
2020-10-22,1:00am,EUR,German GfK Consumer Climate,Non-economic,-3.1,-2.9,-1.7,2020-10-22 01:00:00
2020-10-22,3:30am,GBP,MPC Member Haldane Speaks,Non-economic,,,,2020-10-22 03:30:00
2020-10-22,4:25am,GBP,BOE Gov Bailey Speaks,High,,,,2020-10-22 04:25:00
2020-10-22,5:00am,GBP,CBI Industrial Order Expectations,Non-economic,-34,-50,-48,2020-10-22 05:00:00
2020-10-22,5:34am,GBP,30-y Bond Auction,Non-economic,0.84|2.2,,0.83|2.2,2020-10-22 05:34:00
2020-10-22,7:30am,USD,Unemployment Claims,Medium,787K,860K,842K,2020-10-22 07:30:00
2020-10-22,8:52am,EUR,Consumer Confidence,Non-economic,-16,-15,-14,2020-10-22 08:52:00
2020-10-22,9:00am,USD,CB Leading Index m/m,Medium,0.7%,0.8%,1.4%,2020-10-22 09:00:00
2020-10-22,9:00am,USD,Existing Home Sales,Non-economic,6.54M,6.20M,5.98M,2020-10-22 09:00:00
2020-10-22,9:30am,USD,Natural Gas Storage,Non-economic,49B,52B,46B,2020-10-22 09:30:00
2020-10-22,4:45pm,NZD,CPI q/q,Medium,0.7%,0.9%,-0.5%,2020-10-22 16:45:00
2020-10-22,5:00pm,AUD,Flash Manufacturing PMI,Non-economic,54.2,,55.4,2020-10-22 17:00:00
2020-10-22,5:00pm,AUD,Flash Services PMI,Non-economic,53.8,,50.8,2020-10-22 17:00:00
2020-10-22,6:01pm,GBP,GfK Consumer Confidence,Non-economic,-31,-28,-25,2020-10-22 18:01:00
2020-10-22,6:30pm,JPY,National Core CPI y/y,Non-economic,-0.3%,-0.4%,-0.4%,2020-10-22 18:30:00
2020-10-22,7:30pm,JPY,Flash Manufacturing PMI,Non-economic,48.0,48.4,47.7,2020-10-22 19:30:00
2020-10-23,1:00am,GBP,Retail Sales m/m,Non-economic,1.5%,0.0%,0.9%,2020-10-23 01:00:00
2020-10-23,2:15am,EUR,French Flash Services PMI,High,46.5,47.0,47.5,2020-10-23 02:15:00
2020-10-23,2:15am,EUR,French Flash Manufacturing PMI,Medium,51.0,51.3,51.2,2020-10-23 02:15:00
2020-10-23,2:30am,EUR,German Flash Manufacturing PMI,High,58.0,55.0,56.4,2020-10-23 02:30:00
2020-10-23,2:30am,EUR,German Flash Services PMI,High,48.9,49.6,50.6,2020-10-23 02:30:00
2020-10-23,3:00am,EUR,Flash Manufacturing PMI,Medium,54.4,53.0,53.7,2020-10-23 03:00:00
2020-10-23,3:00am,EUR,Flash Services PMI,Medium,46.2,47.1,48.0,2020-10-23 03:00:00
2020-10-23,3:30am,GBP,Flash Manufacturing PMI,Medium,53.3,53.2,54.1,2020-10-23 03:30:00
2020-10-23,3:30am,GBP,Flash Services PMI,Medium,52.3,53.4,56.1,2020-10-23 03:30:00
2020-10-23,7:59am,EUR,Belgian NBB Business Climate,Non-economic,-8.5,-11.2,-10.8,2020-10-23 07:59:00
2020-10-23,8:45am,USD,Flash Manufacturing PMI,Medium,53.3,53.5,53.2,2020-10-23 08:45:00
2020-10-23,8:45am,USD,Flash Services PMI,Non-economic,56.0,54.7,54.6,2020-10-23 08:45:00
2020-10-24,9:00pm,CHF,Daylight Saving Time Shift,Low,,,,2020-10-24 21:00:00
2020-10-24,9:00pm,EUR,Daylight Saving Time Shift,Low,,,,2020-10-24 21:00:00
2020-10-24,9:00pm,GBP,Daylight Saving Time Shift,Low,,,,2020-10-24 21:00:00
2020-10-25,All Day,NZD,Bank Holiday,Low,,,,2020-10-25 00:00:00
2020-10-25,6:50pm,JPY,SPPI y/y,Non-economic,1.3%,1.0%,1.1%,2020-10-25 18:50:00
2020-10-25,7:30pm,AUD,Goods Trade Balance,Non-economic,5.11B,,4.11B,2020-10-25 19:30:00
2020-10-26,4:00am,EUR,German ifo Business Climate,Non-economic,92.7,93.1,93.2,2020-10-26 04:00:00
2020-10-26,6:00am,EUR,German Buba Monthly Report,Non-economic,,,,2020-10-26 06:00:00
2020-10-26,9:00am,USD,New Home Sales,Medium,959K,1025K,994K,2020-10-26 09:00:00
2020-10-26,9:30am,CHF,SNB Chairman Jordan Speaks,Non-economic,,,,2020-10-26 09:30:00
2020-10-26,4:45pm,NZD,Trade Balance,Non-economic,-1017M,-1015M,-282M,2020-10-26 16:45:00
2020-10-26,9:30pm,AUD,RBA Deputy Gov Debelle Speaks,Non-economic,,,,2020-10-26 21:30:00
2020-10-26,11:59pm,JPY,BOJ Core CPI y/y,Non-economic,-0.1%,0.0%,0.0%,2020-10-26 23:59:00
2020-10-27,1:00am,AUD,RBA Gov Bullock Speaks,Non-economic,,,,2020-10-27 01:00:00
2020-10-27,3:00am,EUR,Spanish Unemployment Rate,Non-economic,16.3%,16.0%,15.3%,2020-10-27 03:00:00
2020-10-27,4:00am,EUR,M3 Money Supply y/y,Non-economic,10.4%,9.6%,9.5%,2020-10-27 04:00:00
2020-10-27,4:00am,EUR,Private Loans y/y,Non-economic,3.1%,3.1%,3.0%,2020-10-27 04:00:00
2020-10-27,6:00am,GBP,CBI Realized Sales,Non-economic,-23,-1,11,2020-10-27 06:00:00
2020-10-27,7:30am,USD,Core Durable Goods Orders m/m,Medium,0.8%,0.3%,0.6%,2020-10-27 07:30:00
2020-10-27,7:30am,USD,Durable Goods Orders m/m,Medium,1.9%,0.5%,0.5%,2020-10-27 07:30:00
2020-10-27,8:00am,USD,HPI m/m,Non-economic,1.5%,0.7%,1.1%,2020-10-27 08:00:00
2020-10-27,8:00am,USD,S&P/CS Composite-20 HPI y/y,Non-economic,5.2%,4.2%,4.1%,2020-10-27 08:00:00
2020-10-27,8:59am,USD,Richmond Manufacturing Index,Non-economic,29,18,21,2020-10-27 08:59:00
2020-10-27,9:00am,USD,CB Consumer Confidence,Medium,100.9,102.1,101.3,2020-10-27 09:00:00
2020-10-27,3:30pm,USD,API Weekly Statistical Bulletin,Non-economic,,,,2020-10-27 15:30:00
2020-10-27,7:01pm,GBP,BRC Shop Price Index y/y,Non-economic,-1.2%,,-1.6%,2020-10-27 19:01:00
2020-10-27,7:30pm,AUD,CPI m/m,High,1.6%,1.5%,-1.9%,2020-10-27 19:30:00
2020-10-27,7:30pm,AUD,Trimmed Mean CPI m/m,High,0.4%,0.3%,-0.1%,2020-10-27 19:30:00
2020-10-28,2:00am,EUR,German Import Prices m/m,Non-economic,0.3%,-0.3%,0.1%,2020-10-28 02:00:00
2020-10-28,4:00am,CHF,UBS Economic Expectations,Non-economic,2.3,,26.2,2020-10-28 04:00:00
2020-10-28,5:03am,GBP,10-y Bond Auction,Non-economic,0.24|3.0,,0.31|2.8,2020-10-28 05:03:00
2020-10-28,7:30am,USD,Goods Trade Balance,Non-economic,-79.4B,-84.8B,-83.1B,2020-10-28 07:30:00
2020-10-28,7:30am,USD,Prelim Wholesale Inventories m/m,Non-economic,-0.1%,0.4%,0.4%,2020-10-28 07:30:00
2020-10-28,9:00am,CAD,BOC Monetary Policy Report,High,,,,2020-10-28 09:00:00
2020-10-28,9:00am,CAD,BOC Rate Statement,High,,,,2020-10-28 09:00:00
2020-10-28,9:00am,CAD,Overnight Rate,Medium,0.25%,0.25%,0.25%,2020-10-28 09:00:00
2020-10-28,9:30am,USD,Crude Oil Inventories,Non-economic,4.3M,1.5M,-1.0M,2020-10-28 09:30:00
2020-10-28,10:00am,CAD,BOC Press Conference,High,,,,2020-10-28 10:00:00
2020-10-28,5:00pm,USD,FOMC Member Kaplan Speaks,Non-economic,,,,2020-10-28 17:00:00
2020-10-28,6:50pm,JPY,Retail Sales y/y,Non-economic,-8.7%,-7.5%,-1.9%,2020-10-28 18:50:00
2020-10-28,7:00pm,NZD,ANZ Business Confidence,Non-economic,-15.7,,-14.5,2020-10-28 19:00:00
2020-10-28,7:30pm,AUD,Import Prices q/q,Non-economic,-3.5%,-2.1%,-1.9%,2020-10-28 19:30:00
2020-10-28,7:30pm,AUD,NAB Quarterly Business Confidence,Non-economic,-10,,-15,2020-10-28 19:30:00
2020-10-28,10:12pm,JPY,BOJ Outlook Report,High,,,,2020-10-28 22:12:00
2020-10-28,10:12pm,JPY,Monetary Policy Statement,High,,,,2020-10-28 22:12:00
2020-10-28,10:12pm,JPY,BOJ Policy Rate,Non-economic,-0.10%,-0.10%,-0.10%,2020-10-28 22:12:00
2020-10-29,12:00am,JPY,Consumer Confidence,Non-economic,33.6,35.2,32.7,2020-10-29 00:00:00
2020-10-29,1:30am,JPY,BOJ Press Conference,Medium,,,,2020-10-29 01:30:00
2020-10-29,All Day,EUR,German Prelim CPI m/m,Non-economic,0.1%,0.0%,-0.2%,2020-10-29 00:00:00
2020-10-29,3:00am,EUR,Spanish Flash CPI y/y,Non-economic,-0.9%,-0.4%,-0.4%,2020-10-29 03:00:00
2020-10-29,3:55am,EUR,German Unemployment Change,Non-economic,-35K,-5K,-10K,2020-10-29 03:55:00
2020-10-29,4:30am,GBP,M4 Money Supply m/m,Non-economic,0.9%,0.3%,-0.5%,2020-10-29 04:30:00
2020-10-29,4:32am,GBP,Mortgage Approvals,Non-economic,91K,76K,86K,2020-10-29 04:32:00
2020-10-29,4:32am,GBP,Net Lending to Individuals m/m,Non-economic,4.2B,4.2B,3.3B,2020-10-29 04:32:00
2020-10-29,All Day,EUR,EU Economic Summit,Medium,,,,2020-10-29 00:00:00
2020-10-29,5:16am,EUR,Italian 10-y Bond Auction,Non-economic,0.79|1.3,,0.89|1.3,2020-10-29 05:16:00
2020-10-29,7:30am,CAD,Building Permits m/m,Non-economic,17.0%,18.0%,1.4%,2020-10-29 07:30:00
2020-10-29,7:30am,USD,Advance GDP q/q,High,33.1%,32.0%,-31.4%,2020-10-29 07:30:00
2020-10-29,7:30am,USD,Unemployment Claims,Medium,751K,773K,791K,2020-10-29 07:30:00
2020-10-29,7:32am,USD,Advance GDP Price Index q/q,Medium,3.6%,2.9%,-1.8%,2020-10-29 07:32:00
2020-10-29,7:45am,EUR,Main Refinancing Rate,High,0.00%,0.00%,0.00%,2020-10-29 07:45:00
2020-10-29,7:45am,EUR,Monetary Policy Statement,High,,,,2020-10-29 07:45:00
2020-10-29,8:30am,EUR,ECB Press Conference,High,,,,2020-10-29 08:30:00
2020-10-29,9:00am,USD,Pending Home Sales m/m,Medium,-2.2%,3.1%,8.8%,2020-10-29 09:00:00
2020-10-29,9:30am,USD,Natural Gas Storage,Non-economic,29B,35B,49B,2020-10-29 09:30:00
2020-10-29,6:30pm,JPY,Tokyo Core CPI y/y,Non-economic,-0.5%,-0.5%,-0.2%,2020-10-29 18:30:00
2020-10-29,6:30pm,JPY,Unemployment Rate,Non-economic,3.0%,3.1%,3.0%,2020-10-29 18:30:00
2020-10-29,6:50pm,JPY,Prelim Industrial Production m/m,Non-economic,4.0%,3.0%,1.0%,2020-10-29 18:50:00
2020-10-29,7:30pm,AUD,PPI q/q,Non-economic,0.4%,0.4%,-1.2%,2020-10-29 19:30:00
2020-10-29,7:30pm,AUD,Private Sector Credit m/m,Non-economic,0.1%,0.1%,0.0%,2020-10-29 19:30:00
2020-10-30,12:00am,JPY,Housing Starts y/y,Non-economic,-9.9%,-8.6%,-9.1%,2020-10-30 00:00:00
2020-10-30,1:30am,EUR,French Consumer Spending m/m,Non-economic,-5.1%,-1.5%,2.2%,2020-10-30 01:30:00
2020-10-30,1:30am,EUR,French Flash GDP q/q,Non-economic,18.2%,15.0%,-13.7%,2020-10-30 01:30:00
2020-10-30,1:52am,GBP,Nationwide HPI m/m,Non-economic,0.8%,0.4%,0.9%,2020-10-30 01:52:00
2020-10-30,2:00am,EUR,German Retail Sales m/m,Non-economic,-2.2%,-0.6%,1.8%,2020-10-30 02:00:00
2020-10-30,2:30am,CHF,Retail Sales y/y,Non-economic,0.3%,2.8%,4.0%,2020-10-30 02:30:00
2020-10-30,2:45am,EUR,French Prelim CPI m/m,Non-economic,-0.1%,0.0%,-0.5%,2020-10-30 02:45:00
2020-10-30,3:00am,CHF,KOF Economic Barometer,Medium,106.6,107.9,110.1,2020-10-30 03:00:00
2020-10-30,3:00am,EUR,Spanish Flash GDP q/q,Non-economic,16.7%,13.5%,-17.8%,2020-10-30 03:00:00
2020-10-30,3:00am,EUR,Italian Monthly Unemployment Rate,Non-economic,9.6%,10.1%,9.7%,2020-10-30 03:00:00
2020-10-30,4:00am,EUR,German Prelim GDP q/q,Medium,8.2%,7.3%,-9.7%,2020-10-30 04:00:00
2020-10-30,4:00am,EUR,Italian Prelim GDP q/q,Non-economic,16.1%,11.1%,-12.8%,2020-10-30 04:00:00
2020-10-30,4:58am,EUR,Italian Prelim CPI m/m,Non-economic,0.2%,0.2%,-0.7%,2020-10-30 04:58:00
2020-10-30,5:00am,EUR,Core CPI Flash Estimate y/y,Non-economic,0.2%,0.2%,0.2%,2020-10-30 05:00:00
2020-10-30,5:00am,EUR,CPI Flash Estimate y/y,Non-economic,-0.3%,-0.3%,-0.3%,2020-10-30 05:00:00
2020-10-30,5:00am,EUR,Prelim Flash GDP q/q,Non-economic,12.7%,9.5%,-11.8%,2020-10-30 05:00:00
2020-10-30,5:00am,EUR,Unemployment Rate,Non-economic,8.3%,8.2%,8.3%,2020-10-30 05:00:00
2020-10-30,7:30am,CAD,GDP m/m,High,1.2%,0.9%,3.1%,2020-10-30 07:30:00
2020-10-30,7:30am,CAD,IPPI m/m,Non-economic,-0.1%,0.1%,0.3%,2020-10-30 07:30:00
2020-10-30,7:30am,CAD,RMPI m/m,Non-economic,-2.2%,0.3%,3.1%,2020-10-30 07:30:00
2020-10-30,7:30am,USD,Core PCE Price Index m/m,Medium,0.2%,0.2%,0.3%,2020-10-30 07:30:00
2020-10-30,7:30am,USD,Personal Spending m/m,Medium,1.4%,1.0%,1.0%,2020-10-30 07:30:00
2020-10-30,7:30am,USD,Employment Cost Index q/q,Non-economic,0.5%,0.5%,0.5%,2020-10-30 07:30:00
2020-10-30,7:30am,USD,Personal Income m/m,Non-economic,0.9%,0.3%,-2.5%,2020-10-30 07:30:00
2020-10-30,8:45am,USD,Chicago PMI,Medium,61.1,58.2,62.4,2020-10-30 08:45:00
2020-10-30,9:00am,USD,Revised UoM Consumer Sentiment,Medium,81.8,81.2,81.2,2020-10-30 09:00:00
2020-10-30,9:00am,USD,Revised UoM Inflation Expectations,Non-economic,2.6%,,2.7%,2020-10-30 09:00:00
2020-10-30,9:30am,EUR,German Buba President Weidmann Speaks,Non-economic,,,,2020-10-30 09:30:00
2020-10-30,10:00am,USD,Fed Announcement,High,,,,2020-10-30 10:00:00
2020-10-30,8:00pm,CNY,Manufacturing PMI,Medium,51.4,51.4,51.5,2020-10-30 20:00:00
2020-10-30,8:00pm,CNY,Non-Manufacturing PMI,Non-economic,56.2,56.2,55.9,2020-10-30 20:00:00
2020-11-01,2:00am,CAD,Daylight Saving Time Shift,Low,,,,2020-11-01 02:00:00
2020-11-01,2:00am,USD,Daylight Saving Time Shift,Low,,,,2020-11-01 02:00:00
2020-11-01,4:30pm,AUD,AIG Manufacturing Index,Non-economic,56.3,,46.7,2020-11-01 16:30:00
2020-11-01,4:45pm,NZD,Building Consents m/m,Non-economic,3.6%,,0.2%,2020-11-01 16:45:00
2020-11-01,7:00pm,AUD,MI Inflation Gauge m/m,Non-economic,-0.1%,,0.1%,2020-11-01 19:00:00
2020-11-01,7:30pm,AUD,ANZ Job Advertisements m/m,Non-economic,9.4%,,8.3%,2020-11-01 19:30:00
2020-11-01,7:30pm,AUD,Building Approvals m/m,Non-economic,15.4%,1.5%,-2.3%,2020-11-01 19:30:00
2020-11-01,7:30pm,JPY,Final Manufacturing PMI,Non-economic,48.7,48.0,48.0,2020-11-01 19:30:00
2020-11-01,8:45pm,CNY,RatingDog Manufacturing PMI,Non-economic,53.6,52.9,53.0,2020-11-01 20:45:00
2020-11-02,12:30am,AUD,Commodity Prices y/y,Non-economic,-0.3%,,-5.2%,2020-11-02 00:30:00
2020-11-02,3:15am,EUR,Spanish Manufacturing PMI,Non-economic,52.5,51.0,50.8,2020-11-02 03:15:00
2020-11-02,3:30am,CHF,Manufacturing PMI,Non-economic,52.3,53.6,53.1,2020-11-02 03:30:00
2020-11-02,3:45am,EUR,Italian Manufacturing PMI,Non-economic,53.8,53.9,53.2,2020-11-02 03:45:00
2020-11-02,3:50am,EUR,French Final Manufacturing PMI,Non-economic,51.3,51.0,51.0,2020-11-02 03:50:00
2020-11-02,3:55am,EUR,German Final Manufacturing PMI,Non-economic,58.2,58.0,58.0,2020-11-02 03:55:00
2020-11-02,4:00am,EUR,Final Manufacturing PMI,Non-economic,54.8,54.4,54.4,2020-11-02 04:00:00
2020-11-02,4:30am,GBP,Final Manufacturing PMI,Medium,53.7,53.3,53.3,2020-11-02 04:30:00
2020-11-02,9:30am,CAD,Manufacturing PMI,Medium,55.5,,56.0,2020-11-02 09:30:00
2020-11-02,9:45am,USD,Final Manufacturing PMI,Non-economic,53.4,53.3,53.3,2020-11-02 09:45:00
2020-11-02,10:00am,USD,ISM Manufacturing PMI,High,59.3,55.6,55.4,2020-11-02 10:00:00
2020-11-02,10:00am,USD,Construction Spending m/m,Non-economic,0.3%,1.0%,0.8%,2020-11-02 10:00:00
2020-11-02,10:00am,USD,ISM Manufacturing Prices,Non-economic,65.5,60.5,62.8,2020-11-02 10:00:00
2020-11-02,All Day,JPY,Bank Holiday,Low,,,,2020-11-02 00:00:00
2020-11-02,10:30pm,AUD,Cash Rate,High,0.10%,0.10%,0.25%,2020-11-02 22:30:00
2020-11-02,10:30pm,AUD,RBA Rate Statement,High,,,,2020-11-02 22:30:00
2020-11-03,12:00am,AUD,RBA Gov Lowe Speaks,High,,,,2020-11-03 00:00:00
2020-11-03,2:30am,CHF,CPI m/m,Non-economic,0.0%,0.0%,0.0%,2020-11-03 02:30:00
2020-11-03,2:45am,EUR,French Gov Budget Balance,Non-economic,-161.6B,,-165.7B,2020-11-03 02:45:00
2020-11-03,9:12am,NZD,GDT Price Index,Non-economic,-2.0%,,0.4%,2020-11-03 09:12:00
2020-11-03,10:00am,USD,Factory Orders m/m,Non-economic,1.1%,1.0%,0.6%,2020-11-03 10:00:00
2020-11-03,All Day,USD,Presidential Election,High,,,,2020-11-03 00:00:00
2020-11-03,All Day,USD,Congressional Elections,High,,,,2020-11-03 00:00:00
2020-11-03,All Day,USD,Wards Total Vehicle Sales,Non-economic,16.2M,16.5M,16.3M,2020-11-03 00:00:00
2020-11-03,4:30pm,AUD,AIG Construction Index,Non-economic,52.7,,45.2,2020-11-03 16:30:00
2020-11-03,4:30pm,USD,API Weekly Statistical Bulletin,Non-economic,,,,2020-11-03 16:30:00
2020-11-03,4:45pm,NZD,Employment Change q/q,High,-0.8%,-0.7%,-0.3%,2020-11-03 16:45:00
2020-11-03,4:45pm,NZD,Unemployment Rate,High,5.3%,5.3%,4.0%,2020-11-03 16:45:00
2020-11-03,4:45pm,NZD,Labor Cost Index q/q,Non-economic,0.4%,0.2%,0.2%,2020-11-03 16:45:00
2020-11-03,6:50pm,JPY,Monetary Base y/y,Non-economic,16.3%,14.5%,14.3%,2020-11-03 18:50:00
2020-11-03,6:50pm,JPY,Monetary Policy Meeting Minutes,Non-economic,,,,2020-11-03 18:50:00
2020-11-03,7:00pm,NZD,ANZ Commodity Prices m/m,Non-economic,1.9%,,-0.2%,2020-11-03 19:00:00
2020-11-03,8:45pm,CNY,RatingDog Services PMI,Non-economic,56.8,55.1,54.8,2020-11-03 20:45:00
2020-11-03,10:35pm,JPY,10-y Bond Auction,Non-economic,0.05|4.1,,0.02|4.1,2020-11-03 22:35:00
2020-11-04,3:00am,EUR,Spanish Unemployment Change,Non-economic,49.6K,50.2K,-26.3K,2020-11-04 03:00:00
2020-11-04,3:15am,EUR,Spanish Services PMI,Non-economic,41.4,40.0,42.4,2020-11-04 03:15:00
2020-11-04,3:45am,EUR,Italian Services PMI,Non-economic,46.7,47.4,48.8,2020-11-04 03:45:00
2020-11-04,3:50am,EUR,French Final Services PMI,Non-economic,46.5,46.5,46.5,2020-11-04 03:50:00
2020-11-04,3:55am,EUR,German Final Services PMI,Non-economic,49.5,48.9,48.9,2020-11-04 03:55:00
2020-11-04,4:00am,EUR,Final Services PMI,Non-economic,46.9,46.2,46.2,2020-11-04 04:00:00
2020-11-04,All Day,EUR,ECOFIN Meetings,Non-economic,,,,2020-11-04 00:00:00
2020-11-04,4:30am,GBP,Final Services PMI,Non-economic,51.4,52.3,52.3,2020-11-04 04:30:00
2020-11-04,5:00am,EUR,PPI m/m,Non-economic,0.3%,0.3%,0.1%,2020-11-04 05:00:00
2020-11-04,8:15am,USD,ADP Non-Farm Employment Change,Medium,365K,650K,753K,2020-11-04 08:15:00
2020-11-04,8:30am,CAD,Trade Balance,Medium,-3.3B,-2.2B,-3.2B,2020-11-04 08:30:00
2020-11-04,8:30am,USD,Trade Balance,Non-economic,-63.9B,-64.2B,-67.0B,2020-11-04 08:30:00
2020-11-04,9:45am,USD,Final Services PMI,Non-economic,56.9,56.0,56.0,2020-11-04 09:45:00
2020-11-04,10:00am,USD,ISM Services PMI,High,56.6,57.4,57.8,2020-11-04 10:00:00
2020-11-04,10:30am,USD,Crude Oil Inventories,Non-economic,-8.0M,0.3M,4.3M,2020-11-04 10:30:00
2020-11-04,7:00pm,NZD,Prelim ANZ Business Confidence,Non-economic,-15.6,,-15.7,2020-11-04 19:00:00
2020-11-04,7:30pm,AUD,Goods Trade Balance,Non-economic,5.63B,3.70B,2.62B,2020-11-04 19:30:00
2020-11-05,1:45am,CHF,SECO Consumer Climate,Non-economic,-13,-14,-12,2020-11-05 01:45:00
2020-11-05,2:00am,EUR,German Factory Orders m/m,Non-economic,0.5%,2.1%,4.9%,2020-11-05 02:00:00
2020-11-05,2:00am,GBP,Asset Purchase Facility,High,875B,845B,745B,2020-11-05 02:00:00
2020-11-05,2:00am,GBP,BOE Monetary Policy Report,High,,,,2020-11-05 02:00:00
2020-11-05,2:00am,GBP,Monetary Policy Summary,High,,,,2020-11-05 02:00:00
2020-11-05,2:00am,GBP,MPC Asset Purchase Facility Votes,High,9-0-0,9-0-0,0-0-9,2020-11-05 02:00:00
2020-11-05,2:00am,GBP,MPC Official Bank Rate Votes,Medium,0-0-9,0-0-9,0-0-9,2020-11-05 02:00:00
2020-11-05,2:00am,GBP,Official Bank Rate,Medium,0.10%,0.10%,0.10%,2020-11-05 02:00:00
2020-11-05,4:15am,GBP,BOE Gov Bailey Speaks,High,,,,2020-11-05 04:15:00
2020-11-05,4:30am,GBP,Construction PMI,Non-economic,53.1,55.0,56.8,2020-11-05 04:30:00
2020-11-05,5:00am,EUR,EU Economic Forecasts,Medium,,,,2020-11-05 05:00:00
2020-11-05,5:00am,EUR,Retail Sales m/m,Non-economic,-2.0%,-1.4%,4.2%,2020-11-05 05:00:00
2020-11-05,5:12am,EUR,French 10-y Bond Auction,Non-economic,-0.38|2.4,,-0.25|1.8,2020-11-05 05:12:00
2020-11-05,7:30am,USD,Challenger Job Cuts y/y,Non-economic,60.4%,,185.9%,2020-11-05 07:30:00
2020-11-05,8:30am,USD,Unemployment Claims,Medium,751K,740K,758K,2020-11-05 08:30:00
2020-11-05,8:30am,USD,Prelim Nonfarm Productivity q/q,Non-economic,4.9%,3.6%,10.1%,2020-11-05 08:30:00
2020-11-05,8:32am,USD,Prelim Unit Labor Costs q/q,Non-economic,-8.9%,-10.0%,9.0%,2020-11-05 08:32:00
2020-11-05,10:00am,CHF,Gov Board Member Maechler Speaks,Medium,,,,2020-11-05 10:00:00
2020-11-05,10:00am,EUR,German Buba President Weidmann Speaks,Non-economic,,,,2020-11-05 10:00:00
2020-11-05,10:30am,USD,Natural Gas Storage,Non-economic,-36B,-34B,29B,2020-11-05 10:30:00
2020-11-05,2:00pm,USD,FOMC Statement,High,,,,2020-11-05 14:00:00
2020-11-05,2:00pm,USD,Federal Funds Rate,Medium,<0.25%,<0.25%,<0.25%,2020-11-05 14:00:00
2020-11-05,2:30pm,USD,FOMC Press Conference,High,,,,2020-11-05 14:30:00
2020-11-05,4:30pm,AUD,AIG Services Index,Non-economic,51.4,,36.2,2020-11-05 16:30:00
2020-11-05,6:30pm,JPY,Average Cash Earnings y/y,Non-economic,-0.9%,-1.1%,-1.3%,2020-11-05 18:30:00
2020-11-05,6:30pm,JPY,Household Spending y/y,Non-economic,-10.2%,-10.5%,-6.9%,2020-11-05 18:30:00
2020-11-05,7:30pm,AUD,RBA Monetary Policy Statement,Medium,,,,2020-11-05 19:30:00
2020-11-05,9:00pm,NZD,Inflation Expectations q/q,Medium,1.59%,,1.43%,2020-11-05 21:00:00
2020-11-06,2:00am,EUR,German Industrial Production m/m,Non-economic,1.6%,2.6%,0.5%,2020-11-06 02:00:00
2020-11-06,2:45am,EUR,French Prelim Private Payrolls q/q,Non-economic,1.8%,0.2%,-0.8%,2020-11-06 02:45:00
2020-11-06,2:45am,EUR,French Trade Balance,Non-economic,-5.7B,-6.9B,-7.7B,2020-11-06 02:45:00
2020-11-06,3:00am,CHF,Foreign Currency Reserves,Non-economic,871B,,874B,2020-11-06 03:00:00
2020-11-06,3:30am,GBP,Halifax HPI m/m,Non-economic,0.3%,1.0%,1.5%,2020-11-06 03:30:00
2020-11-06,4:00am,EUR,Italian Retail Sales m/m,Non-economic,-0.8%,-1.5%,8.2%,2020-11-06 04:00:00
2020-11-06,8:30am,CAD,Employment Change,High,83.6K,59.0K,378.2K,2020-11-06 08:30:00
2020-11-06,8:30am,CAD,Unemployment Rate,High,8.9%,9.0%,9.0%,2020-11-06 08:30:00
2020-11-06,8:30am,USD,Average Hourly Earnings m/m,High,0.1%,0.2%,0.0%,2020-11-06 08:30:00
2020-11-06,8:30am,USD,Non-Farm Employment Change,High,638K,595K,672K,2020-11-06 08:30:00
2020-11-06,8:30am,USD,Unemployment Rate,High,6.9%,7.7%,7.9%,2020-11-06 08:30:00
2020-11-06,9:00am,CAD,BOC Gov Macklem Speaks,Medium,,,,2020-11-06 09:00:00
2020-11-06,10:00am,CAD,Ivey PMI,Medium,54.5,55.2,54.3,2020-11-06 10:00:00
2020-11-06,10:00am,USD,Final Wholesale Inventories m/m,Non-economic,0.4%,-0.1%,-0.1%,2020-11-06 10:00:00
2020-11-06,3:00pm,USD,Consumer Credit m/m,Non-economic,16.2B,7.9B,-6.9B,2020-11-06 15:00:00
2020-11-06,10:01pm,CNY,Trade Balance,Non-economic,402B,330B,258B,2020-11-06 22:01:00
2020-11-06,10:03pm,CNY,USD-Denominated Trade Balance,Non-economic,58.4B,46.2B,37.0B,2020-11-06 22:03:00
2020-11-08,6:50pm,JPY,BOJ Summary of Opinions,Non-economic,,,,2020-11-08 18:50:00
2020-11-08,11:59pm,JPY,Leading Indicators,Non-economic,92.9%,92.9%,88.4%,2020-11-08 23:59:00
2020-11-09,1:45am,CHF,Unemployment Rate,Non-economic,3.3%,3.3%,3.4%,2020-11-09 01:45:00
2020-11-09,2:00am,EUR,German Trade Balance,Non-economic,17.8B,17.2B,15.4B,2020-11-09 02:00:00
2020-11-09,4:25am,EUR,ECB President Lagarde Speaks,Medium,,,,2020-11-09 04:25:00
2020-11-09,4:30am,EUR,Sentix Investor Confidence,Non-economic,-10.0,-15.0,-8.3,2020-11-09 04:30:00
2020-11-09,5:35am,GBP,BOE Gov Bailey Speaks,High,,,,2020-11-09 05:35:00
2020-11-09,9:00am,GBP,MPC Member Haldane Speaks,Non-economic,,,,2020-11-09 09:00:00
2020-11-09,1:30pm,USD,FOMC Member Mester Speaks,Non-economic,,,,2020-11-09 13:30:00
2020-11-09,2:00pm,USD,Loan Officer Survey,Non-economic,,,,2020-11-09 14:00:00
2020-11-09,6:50pm,JPY,Bank Lending y/y,Non-economic,6.2%,6.3%,6.4%,2020-11-09 18:50:00
2020-11-09,6:50pm,JPY,Current Account,Non-economic,1.35T,1.79T,1.66T,2020-11-09 18:50:00
2020-11-09,7:01pm,GBP,BRC Retail Sales Monitor y/y,Non-economic,5.2%,5.5%,6.1%,2020-11-09 19:01:00
2020-11-09,7:30pm,AUD,NAB Business Confidence,Non-economic,5,,-4,2020-11-09 19:30:00
2020-11-09,8:30pm,CNY,CPI y/y,Non-economic,0.5%,0.8%,1.7%,2020-11-09 20:30:00
2020-11-09,8:30pm,CNY,PPI y/y,Non-economic,-2.1%,-1.9%,-2.1%,2020-11-09 20:30:00
2020-11-09,10:35pm,JPY,30-y Bond Auction,Non-economic,0.64|3.8,,0.64|3.5,2020-11-09 22:35:00
2020-11-10,12:00am,JPY,Economy Watchers Sentiment,Non-economic,54.5,50.9,49.3,2020-11-10 00:00:00
2020-11-10,2:00am,GBP,Average Earnings Index 3m/y,Non-economic,1.3%,1.0%,0.1%,2020-11-10 02:00:00
2020-11-10,2:00am,GBP,Claimant Count Change,Non-economic,-29.8K,20.3K,-40.2K,2020-11-10 02:00:00
2020-11-10,2:00am,GBP,Unemployment Rate,Non-economic,4.8%,4.7%,4.5%,2020-11-10 02:00:00
2020-11-10,2:45am,EUR,French Industrial Production m/m,Non-economic,1.4%,0.8%,1.1%,2020-11-10 02:45:00
2020-11-10,4:00am,EUR,Italian Industrial Production m/m,Non-economic,-5.6%,-1.9%,7.4%,2020-11-10 04:00:00
2020-11-10,5:00am,EUR,ZEW Economic Sentiment,Non-economic,32.8,43.3,52.3,2020-11-10 05:00:00
2020-11-10,5:00am,EUR,German ZEW Economic Sentiment,Non-economic,39.0,45.0,56.1,2020-11-10 05:00:00
2020-11-10,6:00am,USD,NFIB Small Business Index,Non-economic,104.0,104.3,104.0,2020-11-10 06:00:00
2020-11-10,10:00am,USD,JOLTS Job Openings,Non-economic,6.44M,6.50M,6.35M,2020-11-10 10:00:00
2020-11-10,10:00am,USD,Mortgage Delinquencies,Non-economic,7.65%,,8.22%,2020-11-10 10:00:00
2020-11-10,10:02am,USD,RCM/TIPP Economic Optimism,Non-economic,50.0,56.3,55.2,2020-11-10 10:02:00
2020-11-10,12:00pm,USD,FOMC Member Kaplan Speaks,Non-economic,,,,2020-11-10 12:00:00
2020-11-10,1:01pm,USD,10-y Bond Auction,Non-economic,0.96|2.3,,0.77|2.5,2020-11-10 13:01:00
2020-11-10,2:30pm,USD,FOMC Member Quarles Speaks,Non-economic,,,,2020-11-10 14:30:00
2020-11-10,4:30pm,USD,API Weekly Statistical Bulletin,Non-economic,,,,2020-11-10 16:30:00
2020-11-10,5:00pm,USD,FOMC Member Brainard Speaks,Non-economic,,,,2020-11-10 17:00:00
2020-11-10,6:30pm,AUD,Westpac Consumer Sentiment,Non-economic,2.5%,,11.9%,2020-11-10 18:30:00
2020-11-10,6:50pm,JPY,M2 Money Stock y/y,Non-economic,9.0%,9.1%,9.0%,2020-11-10 18:50:00
2020-11-10,8:00pm,NZD,Official Cash Rate,High,0.25%,0.25%,0.25%,2020-11-10 20:00:00
2020-11-10,8:00pm,NZD,RBNZ Monetary Policy Statement,High,,,,2020-11-10 20:00:00
2020-11-10,8:00pm,NZD,RBNZ Rate Statement,High,,,,2020-11-10 20:00:00
2020-11-10,9:00pm,NZD,RBNZ Press Conference,High,,,,2020-11-10 21:00:00
2020-11-11,12:59am,JPY,Prelim Machine Tool Orders y/y,Non-economic,-5.9%,,-15.0%,2020-11-11 00:59:00
2020-11-11,All Day,EUR,French Bank Holiday,Low,,,,2020-11-11 00:00:00
2020-11-11,3:02am,CNY,M2 Money Supply y/y,Non-economic,10.5%,10.9%,10.9%,2020-11-11 03:02:00
2020-11-11,3:02am,CNY,New Loans,Non-economic,690B,750B,1900B,2020-11-11 03:02:00
2020-11-11,5:34am,EUR,German 30-y Bond Auction,Non-economic,-0.06|1.6,,-0.16|2.4,2020-11-11 05:34:00
2020-11-11,All Day,CAD,Bank Holiday,Low,,,,2020-11-11 00:00:00
2020-11-11,8:00am,EUR,ECB President Lagarde Speaks,Medium,,,,2020-11-11 08:00:00
2020-11-11,All Day,USD,Bank Holiday,Low,,,,2020-11-11 00:00:00
2020-11-11,4:52pm,NZD,Visitor Arrivals m/m,Non-economic,9.0%,,104.7%,2020-11-11 16:52:00
2020-11-11,6:50pm,JPY,Core Machinery Orders m/m,Non-economic,-4.4%,-1.1%,0.2%,2020-11-11 18:50:00
2020-11-11,6:50pm,JPY,PPI y/y,Non-economic,-2.1%,-2.0%,-0.8%,2020-11-11 18:50:00
2020-11-11,7:01pm,GBP,RICS House Price Balance,Non-economic,68%,54%,62%,2020-11-11 19:01:00
2020-11-11,10:35pm,AUD,MI Inflation Expectations,Non-economic,3.5%,,3.4%,2020-11-11 22:35:00
2020-11-11,11:30pm,JPY,Tertiary Industry Activity m/m,Non-economic,1.8%,1.3%,0.8%,2020-11-11 23:30:00
2020-11-12,2:00am,EUR,German Final CPI m/m,Non-economic,0.1%,0.1%,0.1%,2020-11-12 02:00:00
2020-11-12,2:00am,GBP,Prelim GDP q/q,Medium,15.5%,15.8%,-19.8%,2020-11-12 02:00:00
2020-11-12,2:00am,GBP,Construction Output m/m,Non-economic,2.9%,2.1%,3.8%,2020-11-12 02:00:00
2020-11-12,2:00am,GBP,GDP m/m,Non-economic,1.1%,1.5%,2.2%,2020-11-12 02:00:00
2020-11-12,2:00am,GBP,Goods Trade Balance,Non-economic,-9.3B,-9.2B,-6.8B,2020-11-12 02:00:00
2020-11-12,2:00am,GBP,Index of Services 3m/3m,Non-economic,14.2%,14.6%,6.9%,2020-11-12 02:00:00
2020-11-12,2:00am,GBP,Industrial Production m/m,Non-economic,0.5%,0.9%,0.3%,2020-11-12 02:00:00
2020-11-12,2:00am,GBP,Manufacturing Production m/m,Non-economic,0.2%,0.7%,0.9%,2020-11-12 02:00:00
2020-11-12,2:00am,GBP,Prelim Business Investment q/q,Non-economic,8.8%,14.4%,-26.5%,2020-11-12 02:00:00
2020-11-12,3:00am,GBP,BOE Gov Bailey Speaks,High,,,,2020-11-12 03:00:00
2020-11-12,4:00am,EUR,ECB Economic Bulletin,Non-economic,,,,2020-11-12 04:00:00
2020-11-12,5:00am,EUR,Industrial Production m/m,Non-economic,-0.4%,0.6%,0.6%,2020-11-12 05:00:00
2020-11-12,8:15am,GBP,NIESR GDP Estimate,Non-economic,10.2%,,15.5%,2020-11-12 08:15:00
2020-11-12,8:30am,USD,CPI y/y,High,1.2%,1.3%,1.4%,2020-11-12 08:30:00
2020-11-12,8:30am,USD,Core CPI m/m,Medium,0.0%,0.2%,0.2%,2020-11-12 08:30:00
2020-11-12,8:30am,USD,CPI m/m,Medium,0.0%,0.1%,0.2%,2020-11-12 08:30:00
2020-11-12,8:30am,USD,Unemployment Claims,Medium,709K,730K,757K,2020-11-12 08:30:00
2020-11-12,11:00am,USD,Crude Oil Inventories,Non-economic,4.3M,-2.0M,-8.0M,2020-11-12 11:00:00
2020-11-12,11:45am,EUR,ECB President Lagarde Speaks,High,,,,2020-11-12 11:45:00
2020-11-12,11:45am,GBP,BOE Gov Bailey Speaks,High,,,,2020-11-12 11:45:00
2020-11-12,11:45am,USD,Fed Chairman Powell Speaks,High,,,,2020-11-12 11:45:00
2020-11-12,1:01pm,USD,30-y Bond Auction,Non-economic,1.68|2.3,,1.58|2.3,2020-11-12 13:01:00
2020-11-12,1:30pm,CAD,Gov Council Member Wilkins Speaks,Non-economic,,,,2020-11-12 13:30:00
2020-11-12,2:00pm,USD,Federal Budget Balance,Non-economic,-284.1B,-274.0B,-124.6B,2020-11-12 14:00:00
2020-11-12,4:30pm,NZD,BusinessNZ Manufacturing Index,Non-economic,51.7,,54.0,2020-11-12 16:30:00
2020-11-12,4:45pm,NZD,FPI m/m,Non-economic,-0.7%,,-1.0%,2020-11-12 16:45:00
2020-11-13,2:00am,EUR,German WPI m/m,Non-economic,-0.2%,0.1%,0.0%,2020-11-13 02:00:00
2020-11-13,2:30am,CHF,PPI m/m,Non-economic,0.0%,0.1%,0.1%,2020-11-13 02:30:00
2020-11-13,2:45am,EUR,French Final CPI m/m,Non-economic,0.0%,-0.1%,-0.1%,2020-11-13 02:45:00
2020-11-13,5:00am,EUR,German Buba President Weidmann Speaks,Non-economic,,,,2020-11-13 05:00:00
2020-11-13,5:00am,EUR,Flash Employment Change q/q,Non-economic,0.9%,0.7%,-2.9%,2020-11-13 05:00:00
2020-11-13,5:00am,EUR,Flash GDP q/q,Non-economic,12.6%,12.7%,12.7%,2020-11-13 05:00:00
2020-11-13,5:00am,EUR,Trade Balance,Non-economic,24.0B,22.3B,21.0B,2020-11-13 05:00:00
2020-11-13,8:30am,USD,Core PPI m/m,Medium,0.1%,0.2%,0.4%,2020-11-13 08:30:00
2020-11-13,8:30am,USD,PPI m/m,Medium,0.3%,0.2%,0.4%,2020-11-13 08:30:00
2020-11-13,9:00am,GBP,MPC Member Tenreyro Speaks,Non-economic,,,,2020-11-13 09:00:00
2020-11-13,9:30am,GBP,CB Leading Index m/m,Non-economic,-1.5%,,-0.7%,2020-11-13 09:30:00
2020-11-13,10:00am,USD,Prelim UoM Consumer Sentiment,Medium,77.0,82.1,81.8,2020-11-13 10:00:00
2020-11-13,10:00am,USD,Prelim UoM Inflation Expectations,Non-economic,2.8%,,2.6%,2020-11-13 10:00:00
2020-11-13,10:30am,USD,Natural Gas Storage,Non-economic,8B,-3B,-36B,2020-11-13 10:30:00
2020-11-13,11:00am,GBP,BOE Gov Bailey Speaks,Medium,,,,2020-11-13 11:00:00
2020-11-15,4:30pm,NZD,BusinessNZ Services Index,Non-economic,51.4,,50.4,2020-11-15 16:30:00
2020-11-15,6:50pm,JPY,Prelim GDP Price Index y/y,Non-economic,1.1%,1.0%,1.3%,2020-11-15 18:50:00
2020-11-15,6:50pm,JPY,Prelim GDP q/q,Non-economic,5.0%,4.4%,-7.9%,2020-11-15 18:50:00
2020-11-15,7:01pm,GBP,Rightmove HPI m/m,Non-economic,-0.5%,,1.1%,2020-11-15 19:01:00
2020-11-15,7:41pm,CNY,Foreign Direct Investment ytd/y,Non-economic,6.4%,,5.2%,2020-11-15 19:41:00
2020-11-15,8:30pm,CNY,New Home Prices m/m,Non-economic,0.15%,,0.34%,2020-11-15 20:30:00
2020-11-15,9:00pm,CNY,Fixed Asset Investment ytd/y,Non-economic,1.8%,1.6%,0.8%,2020-11-15 21:00:00
2020-11-15,9:00pm,CNY,Industrial Production y/y,Non-economic,6.9%,6.7%,6.9%,2020-11-15 21:00:00
2020-11-15,9:00pm,CNY,Retail Sales y/y,Non-economic,4.3%,5.1%,3.3%,2020-11-15 21:00:00
2020-11-15,9:00pm,CNY,Unemployment Rate,Non-economic,5.3%,5.3%,5.4%,2020-11-15 21:00:00
2020-11-15,11:30pm,JPY,Revised Industrial Production m/m,Non-economic,3.9%,4.0%,4.0%,2020-11-15 23:30:00
2020-11-16,3:25am,AUD,RBA Gov Lowe Speaks,High,,,,2020-11-16 03:25:00
2020-11-16,6:00am,EUR,German Buba Monthly Report,Non-economic,,,,2020-11-16 06:00:00
2020-11-16,8:00am,EUR,ECB President Lagarde Speaks,Medium,,,,2020-11-16 08:00:00
2020-11-16,8:30am,CAD,Manufacturing Sales m/m,Non-economic,1.5%,1.7%,-1.4%,2020-11-16 08:30:00
2020-11-16,8:30am,USD,Empire State Manufacturing Index,Non-economic,6.3,13.8,10.5,2020-11-16 08:30:00
2020-11-16,10:30am,AUD,CB Leading Index m/m,Non-economic,-0.2%,,0.7%,2020-11-16 10:30:00
2020-11-16,12:30pm,GBP,MPC Member Haskel Speaks,Non-economic,,,,2020-11-16 12:30:00
2020-11-16,2:00pm,USD,FOMC Member Clarida Speaks,Non-economic,,,,2020-11-16 14:00:00
2020-11-16,4:00pm,USD,FOMC Financial Stability Report,Non-economic,,,,2020-11-16 16:00:00
2020-11-16,5:30pm,AUD,RBA Assist Gov Kent Speaks,Medium,,,,2020-11-16 17:30:00
2020-11-16,7:30pm,AUD,Monetary Policy Meeting Minutes,High,,,,2020-11-16 19:30:00
2020-11-17,4:02am,EUR,Italian Trade Balance,Non-economic,5.85B,4.30B,3.93B,2020-11-17 04:02:00
2020-11-17,All Day,All,OPEC-JMMC Meetings,High,,,,2020-11-17 00:00:00
2020-11-17,All Day,EUR,ECOFIN Meetings,Non-economic,,,,2020-11-17 00:00:00
2020-11-17,6:00am,GBP,BOE Gov Bailey Speaks,Medium,,,,2020-11-17 06:00:00
2020-11-17,6:32am,GBP,30-y Bond Auction,Non-economic,0.92|2.3,,0.84|2.2,2020-11-17 06:32:00
2020-11-17,8:13am,CAD,Housing Starts,Non-economic,215K,220K,209K,2020-11-17 08:13:00
2020-11-17,8:30am,CAD,Foreign Securities Purchases,Non-economic,4.46B,5.00B,15.51B,2020-11-17 08:30:00
2020-11-17,8:30am,CAD,Wholesale Sales m/m,Non-economic,0.9%,0.4%,0.2%,2020-11-17 08:30:00
2020-11-17,8:30am,USD,Core Retail Sales m/m,High,0.2%,0.6%,1.2%,2020-11-17 08:30:00
2020-11-17,8:30am,USD,Retail Sales m/m,High,0.3%,0.5%,1.6%,2020-11-17 08:30:00
2020-11-17,8:30am,USD,Import Prices m/m,Non-economic,-0.1%,0.2%,0.2%,2020-11-17 08:30:00
2020-11-17,9:15am,USD,Capacity Utilization Rate,Non-economic,72.8%,72.3%,72.0%,2020-11-17 09:15:00
2020-11-17,9:15am,USD,Industrial Production m/m,Non-economic,1.1%,1.1%,-0.4%,2020-11-17 09:15:00
2020-11-17,All Day,All,BRICS Summit,Medium,,,,2020-11-17 00:00:00
2020-11-17,9:32am,NZD,GDT Price Index,Non-economic,1.8%,,-2.0%,2020-11-17 09:32:00
2020-11-17,10:00am,USD,Business Inventories m/m,Non-economic,0.7%,0.5%,0.3%,2020-11-17 10:00:00
2020-11-17,10:00am,USD,NAHB Housing Market Index,Non-economic,90,85,85,2020-11-17 10:00:00
2020-11-17,11:00am,EUR,ECB President Lagarde Speaks,Medium,,,,2020-11-17 11:00:00
2020-11-17,12:00pm,GBP,MPC Member Ramsden Speaks,Non-economic,,,,2020-11-17 12:00:00
2020-11-17,1:00pm,USD,Fed Chairman Powell Speaks,High,,,,2020-11-17 13:00:00
2020-11-17,1:00pm,USD,FOMC Member Brainard Speaks,Non-economic,,,,2020-11-17 13:00:00
2020-11-17,4:00pm,USD,TIC Long-Term Purchases,Non-economic,108.9B,41.5B,27.8B,2020-11-17 16:00:00
2020-11-17,4:30pm,USD,API Weekly Statistical Bulletin,Non-economic,,,,2020-11-17 16:30:00
2020-11-17,4:45pm,NZD,PPI Input q/q,Non-economic,0.6%,-0.1%,-0.9%,2020-11-17 16:45:00
2020-11-17,4:45pm,NZD,PPI Output q/q,Non-economic,-0.3%,0.0%,-0.2%,2020-11-17 16:45:00
2020-11-17,5:00pm,AUD,RBA Gov Lowe Speaks,High,,,,2020-11-17 17:00:00
2020-11-17,6:30pm,AUD,MI Leading Index m/m,Non-economic,0.1%,,0.2%,2020-11-17 18:30:00
2020-11-17,6:50pm,JPY,Trade Balance,Non-economic,0.31T,0.11T,0.44T,2020-11-17 18:50:00
2020-11-17,7:30pm,AUD,Wage Price Index q/q,Non-economic,0.1%,0.2%,0.2%,2020-11-17 19:30:00
2020-11-18,2:00am,GBP,Core CPI y/y,Non-economic,1.5%,1.3%,1.3%,2020-11-18 02:00:00
2020-11-18,2:00am,GBP,CPI y/y,Non-economic,0.7%,0.5%,0.5%,2020-11-18 02:00:00
2020-11-18,2:00am,GBP,RPI y/y,Non-economic,1.3%,1.2%,1.1%,2020-11-18 02:00:00
2020-11-18,2:02am,GBP,PPI Input m/m,Non-economic,0.2%,0.0%,0.3%,2020-11-18 02:02:00
2020-11-18,2:02am,GBP,PPI Output m/m,Non-economic,0.0%,0.1%,-0.1%,2020-11-18 02:02:00
2020-11-18,4:30am,GBP,HPI y/y,Non-economic,4.7%,2.9%,3.0%,2020-11-18 04:30:00
2020-11-18,5:00am,EUR,Final Core CPI y/y,Non-economic,0.2%,0.2%,0.2%,2020-11-18 05:00:00
2020-11-18,5:00am,EUR,Final CPI y/y,Non-economic,-0.3%,-0.3%,-0.3%,2020-11-18 05:00:00
2020-11-18,5:30am,GBP,MPC Member Haldane Speaks,Non-economic,,,,2020-11-18 05:30:00
2020-11-18,5:34am,EUR,German 10-y Bond Auction,Non-economic,-0.57|2.0,,-0.51|2.1,2020-11-18 05:34:00
2020-11-18,8:30am,CAD,CPI m/m,High,0.4%,0.2%,-0.1%,2020-11-18 08:30:00
2020-11-18,8:30am,CAD,Common CPI y/y,Non-economic,1.6%,1.5%,1.5%,2020-11-18 08:30:00
2020-11-18,8:30am,CAD,Median CPI y/y,Non-economic,1.9%,1.9%,1.9%,2020-11-18 08:30:00
2020-11-18,8:30am,CAD,Trimmed CPI y/y,Non-economic,1.8%,1.8%,1.7%,2020-11-18 08:30:00
2020-11-18,8:30am,USD,Building Permits,Non-economic,1.55M,1.57M,1.55M,2020-11-18 08:30:00
2020-11-18,8:30am,USD,Housing Starts,Non-economic,1.53M,1.45M,1.46M,2020-11-18 08:30:00
2020-11-18,8:32am,CAD,Core CPI m/m,Non-economic,0.4%,,0.1%,2020-11-18 08:32:00
2020-11-18,10:30am,USD,Crude Oil Inventories,Non-economic,0.8M,1.7M,4.3M,2020-11-18 10:30:00
2020-11-18,12:15pm,USD,FOMC Member Williams Speaks,Non-economic,,,,2020-11-18 12:15:00
2020-11-18,7:30pm,AUD,Employment Change,High,178.8K,-26.7K,-42.5K,2020-11-18 19:30:00
2020-11-18,7:30pm,AUD,Unemployment Rate,High,7.0%,7.1%,6.9%,2020-11-18 19:30:00
2020-11-19,2:00am,CHF,Trade Balance,Non-economic,3.86B,3.55B,3.05B,2020-11-19 02:00:00
2020-11-19,3:00am,EUR,ECB President Lagarde Speaks,Medium,,,,2020-11-19 03:00:00
2020-11-19,4:00am,EUR,Current Account,Non-economic,25.2B,18.1B,20.9B,2020-11-19 04:00:00
2020-11-19,6:00am,GBP,CBI Industrial Order Expectations,Non-economic,-40,-39,-34,2020-11-19 06:00:00
2020-11-19,8:30am,CAD,ADP Non-Farm Employment Change,High,-79.5K,,-564.4K,2020-11-19 08:30:00
2020-11-19,8:30am,USD,Philly Fed Manufacturing Index,Medium,26.3,22.0,32.3,2020-11-19 08:30:00
2020-11-19,8:30am,USD,Unemployment Claims,Medium,742K,707K,711K,2020-11-19 08:30:00
2020-11-19,10:00am,EUR,ECB President Lagarde Speaks,Medium,,,,2020-11-19 10:00:00
2020-11-19,10:00am,USD,CB Leading Index m/m,Medium,0.7%,0.7%,0.7%,2020-11-19 10:00:00
2020-11-19,10:00am,USD,Existing Home Sales,Non-economic,6.85M,6.45M,6.57M,2020-11-19 10:00:00
2020-11-19,10:30am,USD,Natural Gas Storage,Non-economic,31B,22B,8B,2020-11-19 10:30:00
2020-11-19,6:30pm,JPY,National Core CPI y/y,Non-economic,-0.7%,-0.7%,-0.3%,2020-11-19 18:30:00
2020-11-19,7:01pm,GBP,GfK Consumer Confidence,Non-economic,-33,-33,-31,2020-11-19 19:01:00
2020-11-19,7:30pm,AUD,Retail Sales m/m,Non-economic,1.6%,1.0%,-1.1%,2020-11-19 19:30:00
2020-11-19,7:30pm,JPY,Flash Manufacturing PMI,Non-economic,48.3,49.4,48.7,2020-11-19 19:30:00
2020-11-19,8:30pm,CNY,1-y Loan Prime Rate,Medium,3.85%,3.85%,3.85%,2020-11-19 20:30:00
2020-11-19,8:30pm,CNY,5-y Loan Prime Rate,Medium,4.65%,4.65%,4.65%,2020-11-19 20:30:00
2020-11-19,9:00pm,NZD,Credit Card Spending y/y,Non-economic,-6.3%,,-9.8%,2020-11-19 21:00:00
2020-11-20,2:00am,EUR,German PPI m/m,Non-economic,0.1%,0.1%,0.4%,2020-11-20 02:00:00
2020-11-20,2:00am,GBP,Retail Sales m/m,Medium,1.2%,-0.3%,1.4%,2020-11-20 02:00:00
2020-11-20,2:00am,GBP,Public Sector Net Borrowing,Non-economic,21.6B,31.6B,27.9B,2020-11-20 02:00:00
2020-11-20,3:15am,EUR,ECB President Lagarde Speaks,Medium,,,,2020-11-20 03:15:00
2020-11-20,8:30am,CAD,Core Retail Sales m/m,Medium,1.0%,0.0%,0.5%,2020-11-20 08:30:00
2020-11-20,8:30am,CAD,Retail Sales m/m,Medium,1.1%,0.2%,0.5%,2020-11-20 08:30:00
2020-11-20,8:30am,CAD,NHPI m/m,Non-economic,0.8%,0.8%,1.2%,2020-11-20 08:30:00
2020-11-20,8:30am,USD,FOMC Member Kaplan Speaks,Non-economic,,,,2020-11-20 08:30:00
2020-11-20,8:32am,CAD,Corporate Profits q/q,Non-economic,44.9%,,-8.0%,2020-11-20 08:32:00
2020-11-20,9:50am,EUR,Consumer Confidence,Non-economic,-18,-18,-16,2020-11-20 09:50:00
2020-11-21,Day 1,All,G20 Meetings,Medium,,,,2020-11-21 00:00:00
2020-11-22,Day 2,All,G20 Meetings,Medium,,,,2020-11-22 00:00:00
2020-11-22,4:45pm,NZD,Retail Sales q/q,Medium,28.0%,20.0%,-14.8%,2020-11-22 16:45:00
2020-11-22,4:48pm,NZD,Core Retail Sales q/q,Non-economic,24.1%,19.5%,-13.7%,2020-11-22 16:48:00
2020-11-22,5:00pm,AUD,Flash Manufacturing PMI,Non-economic,56.1,,54.2,2020-11-22 17:00:00
2020-11-22,5:00pm,AUD,Flash Services PMI,Non-economic,54.9,,53.7,2020-11-22 17:00:00
2020-11-22,All Day,JPY,Bank Holiday,Low,,,,2020-11-22 00:00:00
2020-11-23,3:15am,EUR,French Flash Services PMI,High,38.0,39.2,46.5,2020-11-23 03:15:00
2020-11-23,3:15am,EUR,French Flash Manufacturing PMI,Medium,49.1,50.2,51.3,2020-11-23 03:15:00
2020-11-23,3:30am,EUR,German Flash Manufacturing PMI,High,57.9,56.0,58.2,2020-11-23 03:30:00
2020-11-23,3:30am,EUR,German Flash Services PMI,High,46.2,46.1,49.5,2020-11-23 03:30:00
2020-11-23,4:00am,EUR,Flash Manufacturing PMI,Medium,53.6,53.2,54.8,2020-11-23 04:00:00
2020-11-23,4:00am,EUR,Flash Services PMI,Medium,41.3,42.2,46.9,2020-11-23 04:00:00
2020-11-23,4:30am,GBP,Flash Manufacturing PMI,Medium,55.2,50.5,53.7,2020-11-23 04:30:00
2020-11-23,4:30am,GBP,Flash Services PMI,Medium,45.8,43.2,51.4,2020-11-23 04:30:00
2020-11-23,4:40am,GBP,MPC Member Haldane Speaks,Non-economic,,,,2020-11-23 04:40:00
2020-11-23,9:00am,CNY,CB Leading Index m/m,Non-economic,1.3%,,1.4%,2020-11-23 09:00:00
2020-11-23,9:45am,USD,Flash Manufacturing PMI,Medium,56.7,52.5,53.4,2020-11-23 09:45:00
2020-11-23,9:45am,USD,Flash Services PMI,Non-economic,57.7,55.8,56.9,2020-11-23 09:45:00
2020-11-23,10:30am,GBP,Monetary Policy Report Hearings,High,,,,2020-11-23 10:30:00
2020-11-23,2:00pm,CAD,Gov Council Member Gravelle Speaks,Non-economic,,,,2020-11-23 14:00:00
2020-11-23,7:30pm,AUD,Goods Trade Balance,Non-economic,4.84B,,5.02B,2020-11-23 19:30:00
2020-11-23,9:30pm,AUD,RBA Deputy Gov Debelle Speaks,Non-economic,,,,2020-11-23 21:30:00
2020-11-24,2:00am,EUR,German Final GDP q/q,Non-economic,8.5%,8.2%,8.2%,2020-11-24 02:00:00
2020-11-24,4:00am,EUR,German ifo Business Climate,Non-economic,90.7,90.3,92.5,2020-11-24 04:00:00
2020-11-24,6:00am,GBP,CBI Realized Sales,Non-economic,-25,-34,-23,2020-11-24 06:00:00
2020-11-24,6:30am,GBP,MPC Member Haskel Speaks,Non-economic,,,,2020-11-24 06:30:00
2020-11-24,8:52am,EUR,Belgian NBB Business Climate,Non-economic,-12.1,-11.8,-8.5,2020-11-24 08:52:00
2020-11-24,9:00am,USD,HPI m/m,Non-economic,1.7%,0.8%,1.5%,2020-11-24 09:00:00
2020-11-24,9:00am,USD,S&P/CS Composite-20 HPI y/y,Non-economic,6.6%,5.3%,5.3%,2020-11-24 09:00:00
2020-11-24,9:59am,USD,Richmond Manufacturing Index,Non-economic,15,20,29,2020-11-24 09:59:00
2020-11-24,10:00am,USD,CB Consumer Confidence,Medium,96.1,97.7,101.4,2020-11-24 10:00:00
2020-11-24,12:45pm,CAD,Gov Council Member Wilkins Speaks,Non-economic,,,,2020-11-24 12:45:00
2020-11-24,3:00pm,NZD,RBNZ Financial Stability Report,Medium,,,,2020-11-24 15:00:00
2020-11-24,4:30pm,USD,API Weekly Statistical Bulletin,Non-economic,,,,2020-11-24 16:30:00
2020-11-24,5:00pm,NZD,RBNZ Gov Orr Speaks,High,,,,2020-11-24 17:00:00
2020-11-24,6:50pm,JPY,SPPI y/y,Non-economic,-0.6%,-0.5%,1.4%,2020-11-24 18:50:00
2020-11-24,7:30pm,AUD,Construction Work Done q/q,Medium,-2.6%,-2.0%,0.5%,2020-11-24 19:30:00
2020-11-24,11:59pm,JPY,BOJ Core CPI y/y,Non-economic,0.0%,-0.1%,-0.1%,2020-11-24 23:59:00
2020-11-25,4:00am,CHF,UBS Economic Expectations,Non-economic,30.0,,2.3,2020-11-25 04:00:00
2020-11-25,4:30am,EUR,ECB Financial Stability Review,Medium,,,,2020-11-25 04:30:00
2020-11-25,7:45am,GBP,Autumn Forecast Statement,Medium,,,,2020-11-25 07:45:00
2020-11-25,8:30am,USD,Prelim GDP q/q,Medium,33.1%,33.1%,33.1%,2020-11-25 08:30:00
2020-11-25,8:30am,USD,Unemployment Claims,Medium,778K,732K,748K,2020-11-25 08:30:00
2020-11-25,8:30am,USD,Core Durable Goods Orders m/m,Non-economic,1.3%,0.5%,0.9%,2020-11-25 08:30:00
2020-11-25,8:30am,USD,Durable Goods Orders m/m,Non-economic,1.3%,1.0%,2.1%,2020-11-25 08:30:00
2020-11-25,8:30am,USD,Goods Trade Balance,Non-economic,-80.3B,-80.2B,-79.4B,2020-11-25 08:30:00
2020-11-25,8:30am,USD,Prelim Wholesale Inventories m/m,Non-economic,0.9%,0.4%,0.4%,2020-11-25 08:30:00
2020-11-25,8:36am,USD,Prelim GDP Price Index q/q,Non-economic,3.6%,3.6%,3.6%,2020-11-25 08:36:00
2020-11-25,10:00am,USD,Revised UoM Consumer Sentiment,Medium,76.9,76.9,77.0,2020-11-25 10:00:00
2020-11-25,10:00am,USD,Core PCE Price Index m/m,Non-economic,0.0%,0.0%,0.2%,2020-11-25 10:00:00
2020-11-25,10:00am,USD,New Home Sales,Non-economic,999K,972K,1002K,2020-11-25 10:00:00
2020-11-25,10:00am,USD,Personal Income m/m,Non-economic,-0.7%,0.0%,0.7%,2020-11-25 10:00:00
2020-11-25,10:00am,USD,Personal Spending m/m,Non-economic,0.5%,0.4%,1.2%,2020-11-25 10:00:00
2020-11-25,10:00am,USD,Revised UoM Inflation Expectations,Non-economic,2.8%,,2.8%,2020-11-25 10:00:00
2020-11-25,10:30am,USD,Crude Oil Inventories,Non-economic,-0.8M,0.1M,0.8M,2020-11-25 10:30:00
2020-11-25,12:00pm,USD,Natural Gas Storage,Non-economic,-18B,-18B,31B,2020-11-25 12:00:00
2020-11-25,2:00pm,USD,FOMC Meeting Minutes,High,,,,2020-11-25 14:00:00
2020-11-25,4:45pm,NZD,Trade Balance,Non-economic,-501M,-500M,-1025M,2020-11-25 16:45:00
2020-11-25,7:30pm,AUD,Private Capital Expenditure q/q,Medium,-3.0%,-1.5%,-6.4%,2020-11-25 19:30:00
2020-11-26,2:00am,EUR,German GfK Consumer Climate,Non-economic,-6.7,-4.9,-3.2,2020-11-26 02:00:00
2020-11-26,4:00am,EUR,M3 Money Supply y/y,Non-economic,10.5%,10.4%,10.4%,2020-11-26 04:00:00
2020-11-26,4:00am,EUR,Private Loans y/y,Non-economic,3.1%,3.1%,3.1%,2020-11-26 04:00:00
2020-11-26,7:30am,EUR,ECB Monetary Policy Meeting Accounts,Non-economic,,,,2020-11-26 07:30:00
2020-11-26,All Day,USD,Bank Holiday,Low,,,,2020-11-26 00:00:00
2020-11-26,6:30pm,JPY,Tokyo Core CPI y/y,Non-economic,-0.7%,-0.6%,-0.5%,2020-11-26 18:30:00
2020-11-27,2:00am,EUR,German Import Prices m/m,Non-economic,0.3%,0.1%,0.3%,2020-11-27 02:00:00
2020-11-27,2:45am,EUR,French Consumer Spending m/m,Non-economic,3.7%,3.6%,-4.4%,2020-11-27 02:45:00
2020-11-27,2:45am,EUR,French Prelim CPI m/m,Non-economic,0.2%,0.0%,0.0%,2020-11-27 02:45:00
2020-11-27,2:45am,EUR,French Prelim GDP q/q,Non-economic,18.7%,18.2%,18.2%,2020-11-27 02:45:00
2020-11-27,5:12am,EUR,Italian 10-y Bond Auction,Non-economic,0.59|1.6,,0.79|1.3,2020-11-27 05:12:00
2020-11-29,All Day,All,OPEC-JMMC Meetings,High,,,,2020-11-29 00:00:00
2020-11-29,6:50pm,JPY,Prelim Industrial Production m/m,Non-economic,3.8%,2.3%,3.9%,2020-11-29 18:50:00
2020-11-29,6:50pm,JPY,Retail Sales y/y,Non-economic,6.4%,6.4%,-8.7%,2020-11-29 18:50:00
2020-11-29,7:00pm,AUD,MI Inflation Gauge m/m,Non-economic,0.3%,,-0.1%,2020-11-29 19:00:00
2020-11-29,7:00pm,NZD,ANZ Business Confidence,Non-economic,-6.9,,-15.6,2020-11-29 19:00:00
2020-11-29,7:30pm,AUD,Company Operating Profits q/q,Non-economic,3.2%,4.0%,15.8%,2020-11-29 19:30:00
2020-11-29,7:30pm,AUD,Private Sector Credit m/m,Non-economic,0.0%,0.1%,0.0%,2020-11-29 19:30:00
2020-11-29,8:00pm,CNY,Manufacturing PMI,Medium,52.1,51.6,51.4,2020-11-29 20:00:00
2020-11-29,8:00pm,CNY,Non-Manufacturing PMI,Non-economic,56.4,56.0,56.2,2020-11-29 20:00:00
2020-11-30,12:00am,JPY,Housing Starts y/y,Non-economic,-8.3%,-9.0%,-9.9%,2020-11-30 00:00:00
2020-11-30,All Day,EUR,German Prelim CPI m/m,Non-economic,-0.8%,-0.7%,0.1%,2020-11-30 00:00:00
2020-11-30,2:30am,CHF,Retail Sales y/y,Non-economic,3.1%,0.6%,0.4%,2020-11-30 02:30:00
2020-11-30,3:00am,CHF,KOF Economic Barometer,Non-economic,103.5,101.0,106.3,2020-11-30 03:00:00
2020-11-30,3:00am,EUR,Spanish Flash CPI y/y,Non-economic,-0.8%,-0.9%,-0.8%,2020-11-30 03:00:00
2020-11-30,4:30am,GBP,M4 Money Supply m/m,Non-economic,0.6%,1.0%,0.8%,2020-11-30 04:30:00
2020-11-30,4:30am,GBP,Net Lending to Individuals m/m,Non-economic,3.7B,4.7B,4.2B,2020-11-30 04:30:00
2020-11-30,4:32am,GBP,Mortgage Approvals,Non-economic,98K,85K,92K,2020-11-30 04:32:00
2020-11-30,5:00am,EUR,ECB President Lagarde Speaks,Medium,,,,2020-11-30 05:00:00
2020-11-30,5:00am,EUR,Italian Prelim CPI m/m,Non-economic,-0.1%,-0.2%,0.2%,2020-11-30 05:00:00
2020-11-30,All Day,All,OPEC Meetings,High,,,,2020-11-30 00:00:00
2020-11-30,All Day,EUR,Eurogroup Meetings,Non-economic,,,,2020-11-30 00:00:00
2020-11-30,8:30am,CAD,Building Permits m/m,Non-economic,-14.6%,-3.8%,18.6%,2020-11-30 08:30:00
2020-11-30,8:30am,CAD,Current Account,Non-economic,-7.5B,-8.9B,-7.0B,2020-11-30 08:30:00
2020-11-30,8:30am,CAD,IPPI m/m,Non-economic,-0.4%,0.0%,0.6%,2020-11-30 08:30:00
2020-11-30,8:30am,CAD,RMPI m/m,Non-economic,0.5%,-2.0%,-1.8%,2020-11-30 08:30:00
2020-11-30,9:30am,GBP,MPC Member Tenreyro Speaks,Non-economic,,,,2020-11-30 09:30:00
2020-11-30,9:45am,USD,Chicago PMI,Medium,58.2,59.4,61.1,2020-11-30 09:45:00
2020-11-30,10:00am,USD,Pending Home Sales m/m,Medium,-1.1%,1.1%,-2.0%,2020-11-30 10:00:00
2020-11-30,3:00pm,CAD,Annual Budget Release,Non-economic,,,,2020-11-30 15:00:00
2020-11-30,4:30pm,AUD,AIG Manufacturing Index,Non-economic,52.1,,56.3,2020-11-30 16:30:00
2020-11-30,6:30pm,JPY,Unemployment Rate,Non-economic,3.1%,3.1%,3.0%,2020-11-30 18:30:00
2020-11-30,6:50pm,JPY,Capital Spending q/y,Non-economic,-10.6%,-12.0%,-11.3%,2020-11-30 18:50:00
2020-11-30,7:30pm,AUD,Building Approvals m/m,Non-economic,3.8%,-3.0%,16.2%,2020-11-30 19:30:00
2020-11-30,7:30pm,AUD,Current Account,Non-economic,10.0B,7.2B,16.3B,2020-11-30 19:30:00
2020-11-30,7:30pm,JPY,Final Manufacturing PMI,Non-economic,49.0,48.3,48.3,2020-11-30 19:30:00
2020-11-30,8:45pm,CNY,RatingDog Manufacturing PMI,Non-economic,54.9,53.6,53.6,2020-11-30 20:45:00
2020-11-30,10:30pm,AUD,RBA Rate Statement,High,,,,2020-11-30 22:30:00
2020-11-30,10:30pm,AUD,Cash Rate,Medium,0.10%,0.10%,0.10%,2020-11-30 22:30:00
2020-11-30,10:35pm,JPY,10-y Bond Auction,Non-economic,0.02|3.4,,0.05|4.1,2020-11-30 22:35:00
2020-12-01,12:30am,AUD,Commodity Prices y/y,Non-economic,2.2%,,-0.4%,2020-12-01 00:30:00
2020-12-01,1:45am,CHF,GDP q/q,Non-economic,7.2%,6.0%,-7.3%,2020-12-01 01:45:00
2020-12-01,2:00am,GBP,Nationwide HPI m/m,Non-economic,0.9%,0.2%,0.8%,2020-12-01 02:00:00
2020-12-01,3:15am,EUR,Spanish Manufacturing PMI,Non-economic,49.8,50.8,52.5,2020-12-01 03:15:00
2020-12-01,3:30am,CHF,Manufacturing PMI,Non-economic,55.2,51.5,52.3,2020-12-01 03:30:00
2020-12-01,3:45am,EUR,Italian Manufacturing PMI,Non-economic,51.5,52.0,53.8,2020-12-01 03:45:00
2020-12-01,3:50am,EUR,French Final Manufacturing PMI,Non-economic,49.6,49.1,49.1,2020-12-01 03:50:00
2020-12-01,3:55am,EUR,German Final Manufacturing PMI,Non-economic,57.8,57.9,57.9,2020-12-01 03:55:00
2020-12-01,3:55am,EUR,German Unemployment Change,Non-economic,-39K,9K,-38K,2020-12-01 03:55:00
2020-12-01,4:00am,EUR,Final Manufacturing PMI,Non-economic,53.8,53.6,53.6,2020-12-01 04:00:00
2020-12-01,All Day,EUR,ECOFIN Meetings,Non-economic,,,,2020-12-01 00:00:00
2020-12-01,4:30am,GBP,Final Manufacturing PMI,Medium,55.6,55.2,55.2,2020-12-01 04:30:00
2020-12-01,5:00am,EUR,Core CPI Flash Estimate y/y,Non-economic,0.2%,0.2%,0.2%,2020-12-01 05:00:00
2020-12-01,5:00am,EUR,CPI Flash Estimate y/y,Non-economic,-0.3%,-0.2%,-0.3%,2020-12-01 05:00:00
2020-12-01,8:30am,CAD,GDP m/m,Medium,0.8%,0.9%,0.9%,2020-12-01 08:30:00
2020-12-01,9:30am,CAD,Manufacturing PMI,Non-economic,55.8,,55.5,2020-12-01 09:30:00
2020-12-01,9:40am,NZD,GDT Price Index,Non-economic,4.3%,,1.8%,2020-12-01 09:40:00
2020-12-01,9:45am,USD,Final Manufacturing PMI,Non-economic,56.7,56.7,56.7,2020-12-01 09:45:00
2020-12-01,10:00am,USD,Fed Chairman Powell Testifies,High,,,,2020-12-01 10:00:00
2020-12-01,10:00am,USD,ISM Manufacturing PMI,High,57.5,57.9,59.3,2020-12-01 10:00:00
2020-12-01,10:00am,USD,Construction Spending m/m,Non-economic,1.3%,0.8%,-0.5%,2020-12-01 10:00:00
2020-12-01,10:00am,USD,ISM Manufacturing Prices,Non-economic,65.4,65.0,65.5,2020-12-01 10:00:00
2020-12-01,All Day,USD,Wards Total Vehicle Sales,Non-economic,15.6M,16.1M,16.2M,2020-12-01 00:00:00
2020-12-01,12:00pm,EUR,ECB President Lagarde Speaks,Medium,,,,2020-12-01 12:00:00
2020-12-01,12:00pm,USD,FOMC Member Brainard Speaks,Non-economic,,,,2020-12-01 12:00:00
2020-12-01,4:30pm,USD,API Weekly Statistical Bulletin,Non-economic,,,,2020-12-01 16:30:00
2020-12-01,4:45pm,NZD,Overseas Trade Index q/q,Non-economic,-4.7%,-3.7%,2.4%,2020-12-01 16:45:00
2020-12-01,6:50pm,JPY,Monetary Base y/y,Non-economic,16.5%,17.2%,16.3%,2020-12-01 18:50:00
2020-12-01,7:00pm,AUD,RBA Gov Lowe Speaks,High,,,,2020-12-01 19:00:00
2020-12-01,7:01pm,GBP,BRC Shop Price Index y/y,Non-economic,-1.8%,,-1.2%,2020-12-01 19:01:00
2020-12-01,7:30pm,AUD,GDP q/q,High,3.3%,2.5%,-7.0%,2020-12-01 19:30:00
2020-12-01,11:59pm,JPY,Consumer Confidence,Non-economic,33.7,33.0,33.6,2020-12-01 23:59:00
2020-12-02,2:00am,EUR,German Retail Sales m/m,Non-economic,2.6%,1.3%,-1.9%,2020-12-02 02:00:00
2020-12-02,2:30am,CHF,CPI m/m,Non-economic,-0.2%,-0.1%,0.0%,2020-12-02 02:30:00
2020-12-02,3:00am,EUR,Spanish Unemployment Change,Non-economic,25.3K,54.5K,49.6K,2020-12-02 03:00:00
2020-12-02,4:00am,EUR,Italian Monthly Unemployment Rate,Non-economic,9.8%,9.9%,9.7%,2020-12-02 04:00:00
2020-12-02,5:00am,EUR,PPI m/m,Non-economic,0.4%,0.2%,0.4%,2020-12-02 05:00:00
2020-12-02,5:00am,EUR,Unemployment Rate,Non-economic,8.4%,8.4%,8.5%,2020-12-02 05:00:00
2020-12-02,6:33am,GBP,10-y Bond Auction,Non-economic,0.43|2.7,,0.24|3.0,2020-12-02 06:33:00
2020-12-02,8:15am,USD,ADP Non-Farm Employment Change,Medium,307K,433K,404K,2020-12-02 08:15:00
2020-12-02,8:30am,CAD,Labor Productivity q/q,Non-economic,-10.3%,-6.9%,10.5%,2020-12-02 08:30:00
2020-12-02,9:00am,USD,FOMC Member Quarles Speaks,Non-economic,,,,2020-12-02 09:00:00
2020-12-02,10:00am,USD,Fed Chairman Powell Testifies,High,,,,2020-12-02 10:00:00
2020-12-02,10:00am,USD,FOMC Member Harker Speaks,Non-economic,,,,2020-12-02 10:00:00
2020-12-02,10:30am,USD,Crude Oil Inventories,Non-economic,-0.7M,-1.7M,-0.8M,2020-12-02 10:30:00
2020-12-02,1:00pm,USD,FOMC Member Williams Speaks,Non-economic,,,,2020-12-02 13:00:00
2020-12-02,2:00pm,USD,Beige Book,Non-economic,,,,2020-12-02 14:00:00
2020-12-02,4:30pm,AUD,AIG Construction Index,Non-economic,55.3,,52.7,2020-12-02 16:30:00
2020-12-02,4:45pm,NZD,Building Consents m/m,Non-economic,8.8%,,3.6%,2020-12-02 16:45:00
2020-12-02,7:00pm,NZD,ANZ Commodity Prices m/m,Non-economic,0.9%,,2.0%,2020-12-02 19:00:00
2020-12-02,7:30pm,AUD,Goods Trade Balance,Non-economic,7.46B,5.83B,5.82B,2020-12-02 19:30:00
2020-12-02,8:45pm,CNY,RatingDog Services PMI,Non-economic,57.8,56.5,56.8,2020-12-02 20:45:00
2020-12-02,10:35pm,JPY,30-y Bond Auction,Non-economic,0.65|3.5,,0.64|3.8,2020-12-02 22:35:00
2020-12-03,3:15am,EUR,Spanish Services PMI,Non-economic,39.5,36.5,41.4,2020-12-03 03:15:00
2020-12-03,3:45am,EUR,Italian Services PMI,Non-economic,39.4,40.9,46.7,2020-12-03 03:45:00
2020-12-03,3:50am,EUR,French Final Services PMI,Non-economic,38.8,49.1,38.0,2020-12-03 03:50:00
2020-12-03,3:55am,EUR,German Final Services PMI,Non-economic,46.0,46.2,46.2,2020-12-03 03:55:00
2020-12-03,4:00am,EUR,Final Services PMI,Non-economic,41.7,41.3,41.3,2020-12-03 04:00:00
2020-12-03,4:30am,GBP,Final Services PMI,Non-economic,47.6,45.8,45.8,2020-12-03 04:30:00
2020-12-03,5:00am,EUR,Retail Sales m/m,Non-economic,1.5%,0.7%,-1.7%,2020-12-03 05:00:00
2020-12-03,5:04am,EUR,French 10-y Bond Auction,Non-economic,-0.26|2.1,,-0.38|2.4,2020-12-03 05:04:00
2020-12-03,All Day,All,OPEC-JMMC Meetings,High,,,,2020-12-03 00:00:00
2020-12-03,7:30am,USD,Challenger Job Cuts y/y,Non-economic,45.4%,,60.4%,2020-12-03 07:30:00
2020-12-03,8:30am,USD,Unemployment Claims,Medium,712K,775K,787K,2020-12-03 08:30:00
2020-12-03,9:45am,USD,Final Services PMI,Non-economic,58.4,57.5,57.7,2020-12-03 09:45:00
2020-12-03,10:00am,USD,ISM Services PMI,Medium,55.9,55.9,56.6,2020-12-03 10:00:00
2020-12-03,10:30am,USD,Natural Gas Storage,Non-economic,-1B,-17B,-18B,2020-12-03 10:30:00
2020-12-04,2:00am,EUR,German Factory Orders m/m,Non-economic,2.9%,1.4%,1.1%,2020-12-04 02:00:00
2020-12-04,2:45am,EUR,French Gov Budget Balance,Non-economic,-159.9B,,-161.6B,2020-12-04 02:45:00
2020-12-04,4:00am,EUR,Italian Retail Sales m/m,Non-economic,0.6%,0.2%,-0.7%,2020-12-04 04:00:00
2020-12-04,4:30am,GBP,MPC Member Saunders Speaks,Medium,,,,2020-12-04 04:30:00
2020-12-04,4:30am,GBP,Construction PMI,Non-economic,54.7,52.3,53.1,2020-12-04 04:30:00
2020-12-04,8:30am,CAD,Employment Change,High,62.1K,22.0K,83.6K,2020-12-04 08:30:00
2020-12-04,8:30am,CAD,Unemployment Rate,High,8.5%,9.0%,8.9%,2020-12-04 08:30:00
2020-12-04,8:30am,CAD,Trade Balance,Non-economic,-3.8B,-3.2B,-3.8B,2020-12-04 08:30:00
2020-12-04,8:30am,USD,Average Hourly Earnings m/m,High,0.3%,0.1%,0.1%,2020-12-04 08:30:00
2020-12-04,8:30am,USD,Non-Farm Employment Change,High,245K,480K,610K,2020-12-04 08:30:00
2020-12-04,8:30am,USD,Unemployment Rate,High,6.7%,6.8%,6.9%,2020-12-04 08:30:00
2020-12-04,8:30am,USD,Trade Balance,Non-economic,-63.1B,-64.7B,-62.1B,2020-12-04 08:30:00
2020-12-04,8:45am,GBP,MPC Member Tenreyro Speaks,Non-economic,,,,2020-12-04 08:45:00
2020-12-04,10:00am,USD,Factory Orders m/m,Non-economic,1.0%,0.8%,1.3%,2020-12-04 10:00:00
2020-12-04,10:00am,USD,FOMC Member Bowman Speaks,Non-economic,,,,2020-12-04 10:00:00
2020-12-06,4:30pm,AUD,AIG Services Index,Non-economic,52.9,,51.4,2020-12-06 16:30:00
2020-12-06,5:00pm,AUD,RBA Gov Lowe Speaks,Medium,,,,2020-12-06 17:00:00
2020-12-06,7:30pm,AUD,ANZ Job Advertisements m/m,Non-economic,13.9%,,11.9%,2020-12-06 19:30:00
2020-12-06,9:59pm,CNY,USD-Denominated Trade Balance,Non-economic,75.4B,53.8B,58.4B,2020-12-06 21:59:00
2020-12-06,10:00pm,CNY,Trade Balance,Non-economic,507B,373B,402B,2020-12-06 22:00:00
2020-12-06,11:59pm,JPY,Leading Indicators,Non-economic,93.8%,93.4%,92.5%,2020-12-06 23:59:00
2020-12-07,2:00am,EUR,German Industrial Production m/m,Non-economic,3.2%,1.8%,2.3%,2020-12-07 02:00:00
2020-12-07,3:10am,CHF,Foreign Currency Reserves,Non-economic,876B,,872B,2020-12-07 03:10:00
2020-12-07,3:30am,GBP,Halifax HPI m/m,Non-economic,1.2%,0.6%,0.3%,2020-12-07 03:30:00
2020-12-07,4:30am,EUR,Sentix Investor Confidence,Non-economic,-2.7,-11.9,-10.0,2020-12-07 04:30:00
2020-12-07,All Day,All,G7 Meetings,Non-economic,,,,2020-12-07 00:00:00
2020-12-07,10:00am,CAD,Ivey PMI,Medium,52.7,52.3,54.5,2020-12-07 10:00:00
2020-12-07,3:00pm,USD,Consumer Credit m/m,Non-economic,7.2B,17.6B,15.0B,2020-12-07 15:00:00
2020-12-07,6:30pm,JPY,Average Cash Earnings y/y,Non-economic,-0.8%,-0.7%,-1.3%,2020-12-07 18:30:00
2020-12-07,6:30pm,JPY,Household Spending y/y,Non-economic,1.9%,2.7%,-10.2%,2020-12-07 18:30:00
2020-12-07,6:50pm,JPY,Bank Lending y/y,Non-economic,6.3%,6.3%,6.1%,2020-12-07 18:50:00
2020-12-07,6:50pm,JPY,Current Account,Non-economic,1.98T,1.83T,1.35T,2020-12-07 18:50:00
2020-12-07,6:50pm,JPY,Final GDP q/q,Non-economic,5.3%,5.0%,5.0%,2020-12-07 18:50:00
2020-12-07,6:52pm,JPY,Final GDP Price Index y/y,Non-economic,1.2%,1.1%,1.1%,2020-12-07 18:52:00
2020-12-07,7:01pm,GBP,BRC Retail Sales Monitor y/y,Non-economic,7.7%,5.0%,5.2%,2020-12-07 19:01:00
2020-12-07,7:30pm,AUD,HPI q/q,Non-economic,0.8%,-1.6%,-1.8%,2020-12-07 19:30:00
2020-12-07,7:30pm,AUD,NAB Business Confidence,Non-economic,12,,3,2020-12-07 19:30:00
2020-12-08,12:00am,JPY,Economy Watchers Sentiment,Non-economic,45.6,52.7,54.5,2020-12-08 00:00:00
2020-12-08,1:30am,EUR,French Final Private Payrolls q/q,Non-economic,1.6%,-1.0%,1.8%,2020-12-08 01:30:00
2020-12-08,1:45am,CHF,Unemployment Rate,Non-economic,3.4%,3.4%,3.4%,2020-12-08 01:45:00
2020-12-08,All Day,EUR,Italian Bank Holiday,Low,,,,2020-12-08 00:00:00
2020-12-08,2:45am,EUR,French Trade Balance,Non-economic,-4.8B,-5.5B,-5.6B,2020-12-08 02:45:00
2020-12-08,5:00am,EUR,Final Employment Change q/q,Non-economic,1.0%,0.9%,0.9%,2020-12-08 05:00:00
2020-12-08,5:00am,EUR,Revised GDP q/q,Non-economic,12.5%,12.6%,12.6%,2020-12-08 05:00:00
2020-12-08,5:00am,EUR,ZEW Economic Sentiment,Non-economic,54.4,37.5,32.8,2020-12-08 05:00:00
2020-12-08,5:00am,EUR,German ZEW Economic Sentiment,Non-economic,55.0,45.9,39.0,2020-12-08 05:00:00
2020-12-08,6:00am,USD,NFIB Small Business Index,Non-economic,101.4,102.6,104.0,2020-12-08 06:00:00
2020-12-08,6:36am,GBP,30-y Bond Auction,Non-economic,0.84|2.6,,0.92|2.3,2020-12-08 06:36:00
2020-12-08,8:30am,USD,Revised Nonfarm Productivity q/q,Non-economic,4.6%,4.9%,4.9%,2020-12-08 08:30:00
2020-12-08,8:30am,USD,Revised Unit Labor Costs q/q,Non-economic,-6.6%,-8.9%,-8.9%,2020-12-08 08:30:00
2020-12-08,10:00am,USD,RCM/TIPP Economic Optimism,Non-economic,49.0,50.0,50.0,2020-12-08 10:00:00
2020-12-08,4:30pm,USD,API Weekly Statistical Bulletin,Non-economic,,,,2020-12-08 16:30:00
2020-12-08,4:45pm,NZD,Manufacturing Sales q/q,Non-economic,10.0%,,-11.9%,2020-12-08 16:45:00
2020-12-08,6:30pm,AUD,Westpac Consumer Sentiment,Non-economic,4.1%,,2.5%,2020-12-08 18:30:00
2020-12-08,6:50pm,JPY,Core Machinery Orders m/m,Non-economic,17.1%,2.6%,-4.4%,2020-12-08 18:50:00
2020-12-08,6:50pm,JPY,M2 Money Stock y/y,Non-economic,9.1%,8.9%,9.0%,2020-12-08 18:50:00
2020-12-08,8:30pm,CNY,CPI y/y,Non-economic,-0.5%,0.0%,0.5%,2020-12-08 20:30:00
2020-12-08,8:30pm,CNY,PPI y/y,Non-economic,-1.5%,-1.8%,-2.1%,2020-12-08 20:30:00
2020-12-09,1:00am,JPY,Prelim Machine Tool Orders y/y,Non-economic,8.0%,,-6.0%,2020-12-09 01:00:00
2020-12-09,2:00am,EUR,German Trade Balance,Non-economic,18.2B,18.7B,17.6B,2020-12-09 02:00:00
2020-12-09,3:15am,CNY,M2 Money Supply y/y,Non-economic,10.7%,10.5%,10.5%,2020-12-09 03:15:00
2020-12-09,3:15am,CNY,New Loans,Non-economic,1430B,1450B,690B,2020-12-09 03:15:00
2020-12-09,10:00am,CAD,BOC Rate Statement,High,,,,2020-12-09 10:00:00
2020-12-09,10:00am,CAD,Overnight Rate,Medium,0.25%,0.25%,0.25%,2020-12-09 10:00:00
2020-12-09,10:00am,USD,Final Wholesale Inventories m/m,Non-economic,1.1%,0.9%,0.9%,2020-12-09 10:00:00
2020-12-09,10:00am,USD,JOLTS Job Openings,Non-economic,6.65M,6.30M,6.49M,2020-12-09 10:00:00
2020-12-09,10:30am,USD,Crude Oil Inventories,Non-economic,15.2M,-0.9M,-0.7M,2020-12-09 10:30:00
2020-12-09,1:01pm,USD,10-y Bond Auction,Non-economic,0.95|2.3,,0.96|2.3,2020-12-09 13:01:00
2020-12-09,6:50pm,JPY,BSI Manufacturing Index,Non-economic,21.6,3.5,0.1,2020-12-09 18:50:00
2020-12-09,6:50pm,JPY,PPI y/y,Non-economic,-2.2%,-2.2%,-2.1%,2020-12-09 18:50:00
2020-12-09,7:00pm,AUD,MI Inflation Expectations,Non-economic,3.5%,,3.5%,2020-12-09 19:00:00
2020-12-09,7:01pm,GBP,RICS House Price Balance,Non-economic,66%,64%,67%,2020-12-09 19:01:00
2020-12-09,7:30pm,AUD,RBA Bulletin,Non-economic,,,,2020-12-09 19:30:00
2020-12-10,2:00am,GBP,Construction Output m/m,Non-economic,1.0%,1.2%,2.9%,2020-12-10 02:00:00
2020-12-10,2:00am,GBP,GDP m/m,Non-economic,0.4%,0.4%,1.1%,2020-12-10 02:00:00
2020-12-10,2:00am,GBP,Goods Trade Balance,Non-economic,-12.0B,-9.6B,-9.3B,2020-12-10 02:00:00
2020-12-10,2:00am,GBP,Index of Services 3m/3m,Non-economic,9.7%,9.8%,14.2%,2020-12-10 02:00:00
2020-12-10,2:00am,GBP,Industrial Production m/m,Non-economic,1.3%,0.3%,0.5%,2020-12-10 02:00:00
2020-12-10,2:00am,GBP,Manufacturing Production m/m,Non-economic,1.7%,0.3%,0.2%,2020-12-10 02:00:00
2020-12-10,2:45am,EUR,French Industrial Production m/m,Non-economic,1.6%,0.4%,1.6%,2020-12-10 02:45:00
2020-12-10,4:44am,EUR,Spanish 10-y Bond Auction,Non-economic,-0.03|3.0,,0.22|3.2,2020-12-10 04:44:00
2020-12-10,Day 1,EUR,EU Economic Summit,High,,,,2020-12-10 00:00:00
2020-12-10,7:45am,EUR,Main Refinancing Rate,High,0.00%,0.00%,0.00%,2020-12-10 07:45:00
2020-12-10,7:45am,EUR,Monetary Policy Statement,High,,,,2020-12-10 07:45:00
2020-12-10,8:19am,GBP,NIESR GDP Estimate,Non-economic,1.5%,,10.3%,2020-12-10 08:19:00
2020-12-10,8:30am,EUR,ECB Press Conference,High,,,,2020-12-10 08:30:00
2020-12-10,8:30am,USD,CPI y/y,High,1.2%,1.2%,1.2%,2020-12-10 08:30:00
2020-12-10,8:30am,USD,Core CPI m/m,Medium,0.2%,0.1%,0.0%,2020-12-10 08:30:00
2020-12-10,8:30am,USD,CPI m/m,Medium,0.2%,0.1%,0.0%,2020-12-10 08:30:00
2020-12-10,8:30am,USD,Unemployment Claims,Medium,853K,723K,716K,2020-12-10 08:30:00
2020-12-10,10:30am,USD,Natural Gas Storage,Non-economic,-91B,-85B,-1B,2020-12-10 10:30:00
2020-12-10,1:01pm,USD,30-y Bond Auction,Non-economic,1.67|2.5,,1.68|2.3,2020-12-10 13:01:00
2020-12-10,1:30pm,CAD,Gov Council Member Beaudry Speaks,Non-economic,,,,2020-12-10 13:30:00
2020-12-10,2:00pm,USD,Federal Budget Balance,Non-economic,-145.3B,-200.0B,-284.1B,2020-12-10 14:00:00
2020-12-10,4:30pm,NZD,BusinessNZ Manufacturing Index,Non-economic,55.3,,52.4,2020-12-10 16:30:00
2020-12-10,4:45pm,NZD,FPI m/m,Non-economic,-0.9%,,-0.7%,2020-12-10 16:45:00
2020-12-11,2:00am,EUR,German Final CPI m/m,Non-economic,-0.8%,-0.8%,-0.8%,2020-12-11 02:00:00
2020-12-11,2:00am,GBP,BOE Financial Stability Report,Non-economic,,,,2020-12-11 02:00:00
2020-12-11,2:00am,GBP,FPC Meeting Minutes,Non-economic,,,,2020-12-11 02:00:00
2020-12-11,2:00am,GBP,FPC Statement,Non-economic,,,,2020-12-11 02:00:00
2020-12-11,3:30am,GBP,BOE Gov Bailey Speaks,High,,,,2020-12-11 03:30:00
2020-12-11,4:00am,EUR,Italian Industrial Production m/m,Non-economic,1.3%,1.1%,-5.1%,2020-12-11 04:00:00
2020-12-11,4:30am,GBP,Consumer Inflation Expectations,Non-economic,2.7%,,2.8%,2020-12-11 04:30:00
2020-12-11,5:00am,EUR,Italian Quarterly Unemployment Rate,Non-economic,9.8%,9.8%,8.4%,2020-12-11 05:00:00
2020-12-11,All Day,EUR,Euro Summit,High,,,,2020-12-11 00:00:00
2020-12-11,Day 2,EUR,EU Economic Summit,Medium,,,,2020-12-11 00:00:00
2020-12-11,8:30am,CAD,Capacity Utilization Rate,Non-economic,76.5%,77.8%,70.7%,2020-12-11 08:30:00
2020-12-11,8:30am,USD,Core PPI m/m,Medium,0.1%,0.2%,0.1%,2020-12-11 08:30:00
2020-12-11,8:30am,USD,PPI m/m,Medium,0.1%,0.1%,0.3%,2020-12-11 08:30:00
2020-12-11,9:30am,GBP,CB Leading Index m/m,Non-economic,-2.1%,,-1.5%,2020-12-11 09:30:00
2020-12-11,10:00am,USD,Prelim UoM Consumer Sentiment,Non-economic,81.4,76.1,76.9,2020-12-11 10:00:00
2020-12-11,10:00am,USD,Prelim UoM Inflation Expectations,Non-economic,2.3%,,2.8%,2020-12-11 10:00:00
2020-12-13,4:30pm,NZD,BusinessNZ Services Index,Non-economic,46.7,,50.8,2020-12-13 16:30:00
2020-12-13,4:45pm,NZD,Visitor Arrivals m/m,Non-economic,5.9%,,9.0%,2020-12-13 16:45:00
2020-12-13,6:50pm,JPY,Tankan Manufacturing Index,Non-economic,-10,-16,-27,2020-12-13 18:50:00
2020-12-13,6:50pm,JPY,Tankan Non-Manufacturing Index,Non-economic,-5,-7,-12,2020-12-13 18:50:00
2020-12-13,7:01pm,GBP,Rightmove HPI m/m,Non-economic,-0.6%,,-0.5%,2020-12-13 19:01:00
2020-12-13,8:30pm,CNY,New Home Prices m/m,Non-economic,0.12%,,0.15%,2020-12-13 20:30:00
2020-12-13,11:30pm,JPY,Revised Industrial Production m/m,Non-economic,4.0%,3.8%,3.8%,2020-12-13 23:30:00
2020-12-13,11:30pm,JPY,Tertiary Industry Activity m/m,Non-economic,1.0%,1.3%,2.3%,2020-12-13 23:30:00
2020-12-14,2:00am,EUR,German WPI m/m,Non-economic,0.1%,0.2%,-0.2%,2020-12-14 02:00:00
2020-12-14,5:00am,EUR,Industrial Production m/m,Non-economic,2.1%,1.8%,0.1%,2020-12-14 05:00:00
2020-12-14,6:00am,EUR,German Buba Monthly Report,Non-economic,,,,2020-12-14 06:00:00
2020-12-14,3:00pm,NZD,Westpac Consumer Sentiment,Non-economic,106.0,,95.1,2020-12-14 15:00:00
2020-12-14,7:30pm,AUD,Monetary Policy Meeting Minutes,Non-economic,,,,2020-12-14 19:30:00
2020-12-14,9:00pm,CNY,Fixed Asset Investment ytd/y,Non-economic,2.6%,2.6%,1.8%,2020-12-14 21:00:00
2020-12-14,9:00pm,CNY,Industrial Production y/y,Non-economic,7.0%,7.0%,6.9%,2020-12-14 21:00:00
2020-12-14,9:00pm,CNY,Retail Sales y/y,Non-economic,5.0%,5.1%,4.3%,2020-12-14 21:00:00
2020-12-14,9:00pm,CNY,Unemployment Rate,Non-economic,5.2%,5.2%,5.3%,2020-12-14 21:00:00
2020-12-15,1:16am,CNY,Foreign Direct Investment ytd/y,Non-economic,6.3%,,6.4%,2020-12-15 01:16:00
2020-12-15,1:45am,CHF,SECO Economic Forecasts,Non-economic,,,,2020-12-15 01:45:00
2020-12-15,2:00am,GBP,Average Earnings Index 3m/y,Non-economic,2.7%,2.2%,1.4%,2020-12-15 02:00:00
2020-12-15,2:00am,GBP,Claimant Count Change,Non-economic,64.3K,10.5K,-64.1K,2020-12-15 02:00:00
2020-12-15,2:00am,GBP,Unemployment Rate,Non-economic,4.9%,5.1%,4.8%,2020-12-15 02:00:00
2020-12-15,2:30am,CHF,PPI m/m,Non-economic,-0.1%,0.1%,0.0%,2020-12-15 02:30:00
2020-12-15,2:45am,EUR,French Final CPI m/m,Non-economic,0.2%,0.2%,0.2%,2020-12-15 02:45:00
2020-12-15,5:00am,EUR,Italian Trade Balance,Non-economic,7.57B,5.40B,5.85B,2020-12-15 05:00:00
2020-12-15,8:13am,CAD,Housing Starts,Non-economic,246K,220K,215K,2020-12-15 08:13:00
2020-12-15,8:30am,CAD,Manufacturing Sales m/m,Non-economic,0.3%,0.5%,1.5%,2020-12-15 08:30:00
2020-12-15,8:30am,USD,Empire State Manufacturing Index,Non-economic,4.9,6.3,6.3,2020-12-15 08:30:00
2020-12-15,8:30am,USD,Import Prices m/m,Non-economic,0.1%,0.3%,-0.1%,2020-12-15 08:30:00
2020-12-15,9:12am,NZD,GDT Price Index,Non-economic,1.3%,,4.3%,2020-12-15 09:12:00
2020-12-15,9:15am,USD,Capacity Utilization Rate,Non-economic,73.3%,73.1%,73.0%,2020-12-15 09:15:00
2020-12-15,9:15am,USD,Industrial Production m/m,Non-economic,0.4%,0.3%,0.9%,2020-12-15 09:15:00
2020-12-15,10:30am,AUD,CB Leading Index m/m,Non-economic,0.8%,,0.1%,2020-12-15 10:30:00
2020-12-15,2:30pm,CAD,BOC Gov Macklem Speaks,Medium,,,,2020-12-15 14:30:00
2020-12-15,4:00pm,USD,TIC Long-Term Purchases,Non-economic,51.9B,75.5B,108.9B,2020-12-15 16:00:00
2020-12-15,4:30pm,USD,API Weekly Statistical Bulletin,Non-economic,,,,2020-12-15 16:30:00
2020-12-15,4:45pm,NZD,Current Account,Non-economic,-3.52B,-3.65B,1.91B,2020-12-15 16:45:00
2020-12-15,5:00pm,AUD,Flash Manufacturing PMI,Non-economic,56.0,,55.8,2020-12-15 17:00:00
2020-12-15,5:00pm,AUD,Flash Services PMI,Non-economic,57.4,,55.1,2020-12-15 17:00:00
2020-12-15,6:30pm,AUD,MI Leading Index m/m,Non-economic,0.5%,,0.3%,2020-12-15 18:30:00
2020-12-15,6:50pm,JPY,Trade Balance,Non-economic,0.57T,0.54T,0.36T,2020-12-15 18:50:00
2020-12-15,7:30pm,JPY,Flash Manufacturing PMI,Non-economic,49.7,48.9,49.0,2020-12-15 19:30:00
2020-12-16,2:00am,GBP,Core CPI y/y,Non-economic,1.1%,1.4%,1.5%,2020-12-16 02:00:00
2020-12-16,2:00am,GBP,CPI y/y,Non-economic,0.3%,0.6%,0.7%,2020-12-16 02:00:00
2020-12-16,2:00am,GBP,RPI y/y,Non-economic,0.9%,1.3%,1.3%,2020-12-16 02:00:00
2020-12-16,2:02am,GBP,PPI Input m/m,Non-economic,0.2%,0.4%,0.4%,2020-12-16 02:02:00
2020-12-16,2:02am,GBP,PPI Output m/m,Non-economic,0.2%,0.1%,0.0%,2020-12-16 02:02:00
2020-12-16,3:15am,EUR,French Flash Services PMI,High,49.2,39.9,38.8,2020-12-16 03:15:00
2020-12-16,3:15am,EUR,French Flash Manufacturing PMI,Medium,51.1,50.0,49.6,2020-12-16 03:15:00
2020-12-16,3:30am,EUR,German Flash Manufacturing PMI,High,58.6,56.4,57.8,2020-12-16 03:30:00
2020-12-16,3:30am,EUR,German Flash Services PMI,High,47.7,44.1,46.0,2020-12-16 03:30:00
2020-12-16,4:00am,EUR,Flash Manufacturing PMI,Medium,55.5,53.0,53.8,2020-12-16 04:00:00
2020-12-16,4:00am,EUR,Flash Services PMI,Medium,47.3,41.9,41.7,2020-12-16 04:00:00
2020-12-16,4:30am,GBP,Flash Manufacturing PMI,Medium,57.3,55.9,55.6,2020-12-16 04:30:00
2020-12-16,4:30am,GBP,Flash Services PMI,Medium,49.9,50.5,47.6,2020-12-16 04:30:00
2020-12-16,4:30am,GBP,HPI y/y,Non-economic,5.4%,5.1%,4.3%,2020-12-16 04:30:00
2020-12-16,5:00am,EUR,Trade Balance,Non-economic,25.9B,22.1B,23.7B,2020-12-16 05:00:00
2020-12-16,All Day,EUR,Eurogroup Meetings,Non-economic,,,,2020-12-16 00:00:00
2020-12-16,8:30am,CAD,CPI m/m,Medium,0.1%,0.0%,0.4%,2020-12-16 08:30:00
2020-12-16,8:30am,CAD,Common CPI y/y,Non-economic,1.5%,1.6%,1.5%,2020-12-16 08:30:00
2020-12-16,8:30am,CAD,Foreign Securities Purchases,Non-economic,6.92B,10.05B,4.68B,2020-12-16 08:30:00
2020-12-16,8:30am,CAD,Median CPI y/y,Non-economic,1.9%,1.9%,1.9%,2020-12-16 08:30:00
2020-12-16,8:30am,CAD,Trimmed CPI y/y,Non-economic,1.7%,1.8%,1.7%,2020-12-16 08:30:00
2020-12-16,8:30am,CAD,Wholesale Sales m/m,Non-economic,1.0%,0.7%,0.6%,2020-12-16 08:30:00
2020-12-16,8:30am,USD,Core Retail Sales m/m,High,-0.9%,0.1%,-0.1%,2020-12-16 08:30:00
2020-12-16,8:30am,USD,Retail Sales m/m,High,-1.1%,-0.3%,-0.1%,2020-12-16 08:30:00
2020-12-16,8:30am,USD,Treasury Currency Report,Medium,,,,2020-12-16 08:30:00
2020-12-16,8:32am,CAD,Core CPI m/m,Non-economic,0.2%,,0.4%,2020-12-16 08:32:00
2020-12-16,9:45am,USD,Flash Manufacturing PMI,High,56.5,55.9,56.7,2020-12-16 09:45:00
2020-12-16,9:45am,USD,Flash Services PMI,Medium,55.3,55.7,58.4,2020-12-16 09:45:00
2020-12-16,10:00am,USD,Business Inventories m/m,Non-economic,0.7%,0.6%,0.8%,2020-12-16 10:00:00
2020-12-16,10:00am,USD,NAHB Housing Market Index,Non-economic,86,88,90,2020-12-16 10:00:00
2020-12-16,10:30am,USD,Crude Oil Inventories,Non-economic,-3.1M,-2.8M,15.2M,2020-12-16 10:30:00
2020-12-16,2:00pm,USD,FOMC Economic Projections,High,,,,2020-12-16 14:00:00
2020-12-16,2:00pm,USD,FOMC Statement,High,,,,2020-12-16 14:00:00
2020-12-16,2:00pm,USD,Federal Funds Rate,Medium,<0.25%,<0.25%,<0.25%,2020-12-16 14:00:00
2020-12-16,2:30pm,USD,FOMC Press Conference,High,,,,2020-12-16 14:30:00
2020-12-16,4:45pm,NZD,GDP q/q,High,14.0%,12.9%,-11.0%,2020-12-16 16:45:00
2020-12-16,7:30pm,AUD,Employment Change,High,90.0K,40.9K,180.4K,2020-12-16 19:30:00
2020-12-16,7:30pm,AUD,Unemployment Rate,High,6.8%,7.0%,7.0%,2020-12-16 19:30:00
2020-12-16,7:30pm,AUD,Mid-Year Economic and Fiscal Outlook,Non-economic,,,,2020-12-16 19:30:00
2020-12-17,2:00am,CHF,Trade Balance,Non-economic,4.46B,4.12B,3.86B,2020-12-17 02:00:00
2020-12-17,3:30am,CHF,SNB Monetary Policy Assessment,High,,,,2020-12-17 03:30:00
2020-12-17,3:30am,CHF,SNB Policy Rate,Medium,-0.75%,-0.75%,-0.75%,2020-12-17 03:30:00
2020-12-17,4:00am,CHF,SNB Press Conference,High,,,,2020-12-17 04:00:00
2020-12-17,5:00am,EUR,Final Core CPI y/y,Non-economic,0.2%,0.2%,0.2%,2020-12-17 05:00:00
2020-12-17,5:00am,EUR,Final CPI y/y,Non-economic,-0.3%,-0.3%,-0.3%,2020-12-17 05:00:00
2020-12-17,7:00am,GBP,Monetary Policy Summary,High,,,,2020-12-17 07:00:00
2020-12-17,7:00am,GBP,MPC Official Bank Rate Votes,High,0-0-9,0-0-9,0-0-9,2020-12-17 07:00:00
2020-12-17,7:00am,GBP,Official Bank Rate,High,0.10%,0.10%,0.10%,2020-12-17 07:00:00
2020-12-17,7:00am,GBP,MPC Asset Purchase Facility Votes,Medium,0-0-9,0-0-9,9-0-0,2020-12-17 07:00:00
2020-12-17,7:00am,GBP,Asset Purchase Facility,Non-economic,875B,875B,875B,2020-12-17 07:00:00
2020-12-17,8:29am,USD,Philly Fed Manufacturing Index,Medium,11.1,20.1,26.3,2020-12-17 08:29:00
2020-12-17,8:30am,CAD,ADP Non-Farm Employment Change,Medium,40.8K,,-383.5K,2020-12-17 08:30:00
2020-12-17,8:30am,USD,Unemployment Claims,Medium,885K,817K,862K,2020-12-17 08:30:00
2020-12-17,8:30am,USD,Building Permits,Non-economic,1.64M,1.55M,1.54M,2020-12-17 08:30:00
2020-12-17,8:30am,USD,Housing Starts,Non-economic,1.55M,1.53M,1.53M,2020-12-17 08:30:00
2020-12-17,10:30am,USD,Natural Gas Storage,Non-economic,-122B,-120B,-91B,2020-12-17 10:30:00
2020-12-17,4:45pm,NZD,Trade Balance,Non-economic,252M,250M,-472M,2020-12-17 16:45:00
2020-12-17,6:30pm,JPY,National Core CPI y/y,Non-economic,-0.9%,-0.9%,-0.7%,2020-12-17 18:30:00
2020-12-17,7:00pm,NZD,ANZ Business Confidence,Non-economic,9.4,,-6.9,2020-12-17 19:00:00
2020-12-17,7:01pm,GBP,GfK Consumer Confidence,Non-economic,-26,-30,-33,2020-12-17 19:01:00
2020-12-17,10:13pm,JPY,Monetary Policy Statement,High,,,,2020-12-17 22:13:00
2020-12-17,10:13pm,JPY,BOJ Policy Rate,Non-economic,-0.10%,-0.10%,-0.10%,2020-12-17 22:13:00
2020-12-18,1:30am,JPY,BOJ Press Conference,Medium,,,,2020-12-18 01:30:00
2020-12-18,2:00am,EUR,German PPI m/m,Non-economic,0.2%,0.1%,0.1%,2020-12-18 02:00:00
2020-12-18,2:00am,GBP,Retail Sales m/m,Medium,-3.8%,-4.0%,1.3%,2020-12-18 02:00:00
2020-12-18,4:00am,EUR,German ifo Business Climate,Medium,92.1,90.2,90.9,2020-12-18 04:00:00
2020-12-18,4:00am,EUR,Current Account,Non-economic,26.6B,22.6B,25.2B,2020-12-18 04:00:00
2020-12-18,6:00am,GBP,CBI Industrial Order Expectations,Non-economic,-25,-30,-40,2020-12-18 06:00:00
2020-12-18,8:30am,CAD,Core Retail Sales m/m,Medium,0.0%,0.1%,1.9%,2020-12-18 08:30:00
2020-12-18,8:30am,CAD,Retail Sales m/m,Medium,0.4%,0.1%,1.9%,2020-12-18 08:30:00
2020-12-18,8:30am,USD,Current Account,Non-economic,-179B,-190B,-161B,2020-12-18 08:30:00
2020-12-18,8:54am,EUR,Belgian NBB Business Climate,Non-economic,-8.4,-12.4,-12.1,2020-12-18 08:54:00
2020-12-18,10:00am,USD,CB Leading Index m/m,Non-economic,0.6%,0.4%,0.8%,2020-12-18 10:00:00
2020-12-18,11:10am,USD,FOMC Member Brainard Speaks,Non-economic,,,,2020-12-18 11:10:00
2020-12-18,4:30pm,USD,Bank Stress Test Results,Non-economic,,,,2020-12-18 16:30:00
2020-12-20,8:30pm,CNY,1-y Loan Prime Rate,Medium,3.85%,3.85%,3.85%,2020-12-20 20:30:00
2020-12-20,8:30pm,CNY,5-y Loan Prime Rate,Medium,4.65%,4.65%,4.65%,2020-12-20 20:30:00
2020-12-20,9:00pm,NZD,Credit Card Spending y/y,Non-economic,-5.6%,,-6.0%,2020-12-20 21:00:00
2020-12-21,6:00am,GBP,CBI Realized Sales,Non-economic,-3,3,-25,2020-12-21 06:00:00
2020-12-21,8:30am,CAD,NHPI m/m,Non-economic,0.6%,0.9%,0.8%,2020-12-21 08:30:00
2020-12-21,9:39am,EUR,Consumer Confidence,Non-economic,-14,-18,-18,2020-12-21 09:39:00
2020-12-21,7:30pm,AUD,Retail Sales m/m,Non-economic,7.0%,2.1%,1.4%,2020-12-21 19:30:00
2020-12-21,11:59pm,JPY,BOJ Core CPI y/y,Non-economic,-0.1%,0.0%,0.0%,2020-12-21 23:59:00
2020-12-22,2:00am,EUR,German GfK Consumer Climate,Non-economic,-7.3,-8.7,-6.8,2020-12-22 02:00:00
2020-12-22,2:00am,GBP,Final GDP q/q,Non-economic,16.0%,15.5%,15.5%,2020-12-22 02:00:00
2020-12-22,2:00am,GBP,Public Sector Net Borrowing,Non-economic,30.8B,26.3B,20.9B,2020-12-22 02:00:00
2020-12-22,2:00am,GBP,Revised Business Investment q/q,Non-economic,9.4%,8.8%,8.8%,2020-12-22 02:00:00
2020-12-22,2:02am,GBP,Current Account,Non-economic,-15.7B,-12.9B,-11.9B,2020-12-22 02:02:00
2020-12-22,8:30am,USD,Final GDP q/q,Medium,33.4%,33.1%,33.1%,2020-12-22 08:30:00
2020-12-22,8:32am,USD,Final GDP Price Index q/q,Non-economic,3.5%,3.6%,3.6%,2020-12-22 08:32:00
2020-12-22,9:00am,CNY,CB Leading Index m/m,Non-economic,1.2%,,1.3%,2020-12-22 09:00:00
2020-12-22,9:59am,USD,Richmond Manufacturing Index,Non-economic,19,11,15,2020-12-22 09:59:00
2020-12-22,10:00am,USD,CB Consumer Confidence,Non-economic,88.6,97.1,92.9,2020-12-22 10:00:00
2020-12-22,10:00am,USD,Existing Home Sales,Non-economic,6.69M,6.70M,6.86M,2020-12-22 10:00:00
2020-12-22,4:30pm,USD,API Weekly Statistical Bulletin,Non-economic,,,,2020-12-22 16:30:00
2020-12-22,6:50pm,JPY,Monetary Policy Meeting Minutes,Non-economic,,,,2020-12-22 18:50:00
2020-12-22,7:30pm,AUD,Goods Trade Balance,Non-economic,1.96B,,4.67B,2020-12-22 19:30:00
2020-12-22,7:30pm,AUD,Private Sector Credit m/m,Non-economic,0.1%,0.1%,0.0%,2020-12-22 19:30:00
2020-12-23,2:00am,EUR,German Import Prices m/m,Non-economic,0.5%,0.3%,0.3%,2020-12-23 02:00:00
2020-12-23,8:30am,CAD,GDP m/m,Medium,0.4%,0.3%,0.8%,2020-12-23 08:30:00
2020-12-23,8:30am,USD,Core Durable Goods Orders m/m,Non-economic,0.4%,0.5%,1.9%,2020-12-23 08:30:00
2020-12-23,8:30am,USD,Core PCE Price Index m/m,Non-economic,0.0%,0.1%,0.0%,2020-12-23 08:30:00
2020-12-23,8:30am,USD,Durable Goods Orders m/m,Non-economic,0.9%,0.6%,1.8%,2020-12-23 08:30:00
2020-12-23,8:30am,USD,Personal Income m/m,Non-economic,-1.1%,-0.3%,-0.6%,2020-12-23 08:30:00
2020-12-23,8:30am,USD,Personal Spending m/m,Non-economic,-0.4%,-0.2%,0.3%,2020-12-23 08:30:00
2020-12-23,8:30am,USD,Unemployment Claims,Non-economic,803K,882K,892K,2020-12-23 08:30:00
2020-12-23,9:00am,CHF,SNB Quarterly Bulletin,Non-economic,,,,2020-12-23 09:00:00
2020-12-23,9:00am,USD,HPI m/m,Non-economic,1.5%,0.6%,1.7%,2020-12-23 09:00:00
2020-12-23,10:00am,USD,New Home Sales,Non-economic,841K,994K,945K,2020-12-23 10:00:00
2020-12-23,10:00am,USD,Revised UoM Consumer Sentiment,Non-economic,80.7,81.0,81.4,2020-12-23 10:00:00
2020-12-23,10:00am,USD,Revised UoM Inflation Expectations,Non-economic,2.5%,,2.3%,2020-12-23 10:00:00
2020-12-23,10:30am,USD,Crude Oil Inventories,Non-economic,-0.6M,-2.9M,-3.1M,2020-12-23 10:30:00
2020-12-23,12:00pm,USD,Natural Gas Storage,Non-economic,-152B,-160B,-122B,2020-12-23 12:00:00
2020-12-23,6:50pm,JPY,SPPI y/y,Non-economic,-0.6%,-0.6%,-0.5%,2020-12-23 18:50:00
2020-12-23,11:55pm,JPY,BOJ Gov Kuroda Speaks,Non-economic,,,,2020-12-23 23:55:00
2020-12-24,All Day,EUR,German Bank Holiday,Low,,,,2020-12-24 00:00:00
2020-12-24,8:30am,CAD,Building Permits m/m,Non-economic,12.9%,2.5%,-12.6%,2020-12-24 08:30:00
2020-12-24,All Day,AUD,Bank Holiday,Low,,,,2020-12-24 00:00:00
2020-12-24,All Day,NZD,Bank Holiday,Low,,,,2020-12-24 00:00:00
2020-12-24,6:30pm,JPY,Tokyo Core CPI y/y,Non-economic,-0.9%,-0.8%,-0.7%,2020-12-24 18:30:00
2020-12-24,6:30pm,JPY,Unemployment Rate,Non-economic,2.9%,3.1%,3.1%,2020-12-24 18:30:00
2020-12-24,6:50pm,JPY,Retail Sales y/y,Non-economic,0.7%,1.8%,6.4%,2020-12-24 18:50:00
2020-12-25,12:00am,JPY,Housing Starts y/y,Non-economic,-3.7%,-4.8%,-8.3%,2020-12-25 00:00:00
2020-12-25,All Day,CHF,Bank Holiday,Low,,,,2020-12-25 00:00:00
2020-12-25,All Day,EUR,French Bank Holiday,Low,,,,2020-12-25 00:00:00
2020-12-25,All Day,EUR,German Bank Holiday,Low,,,,2020-12-25 00:00:00
2020-12-25,All Day,EUR,Italian Bank Holiday,Low,,,,2020-12-25 00:00:00
2020-12-25,All Day,GBP,Bank Holiday,Low,,,,2020-12-25 00:00:00
2020-12-25,All Day,CAD,Bank Holiday,Low,,,,2020-12-25 00:00:00
2020-12-25,All Day,USD,Bank Holiday,Low,,,,2020-12-25 00:00:00
2020-12-27,All Day,AUD,Bank Holiday,Low,,,,2020-12-27 00:00:00
2020-12-27,All Day,NZD,Bank Holiday,Low,,,,2020-12-27 00:00:00
2020-12-27,6:50pm,JPY,BOJ Summary of Opinions,Non-economic,,,,2020-12-27 18:50:00
2020-12-27,6:50pm,JPY,Prelim Industrial Production m/m,Non-economic,0.0%,1.4%,4.0%,2020-12-27 18:50:00
2020-12-28,All Day,GBP,Bank Holiday,Low,,,,2020-12-28 00:00:00
2020-12-28,All Day,CAD,Bank Holiday,Low,,,,2020-12-28 00:00:00
2020-12-29,9:00am,USD,S&P/CS Composite-20 HPI y/y,Non-economic,7.9%,7.0%,6.6%,2020-12-29 09:00:00
2020-12-29,4:30pm,USD,API Weekly Statistical Bulletin,Non-economic,,,,2020-12-29 16:30:00
2020-12-30,1:57am,GBP,Nationwide HPI m/m,Non-economic,0.8%,0.4%,0.9%,2020-12-30 01:57:00
2020-12-30,3:00am,CHF,KOF Economic Barometer,Non-economic,104.3,101.4,103.7,2020-12-30 03:00:00
2020-12-30,3:00am,EUR,Spanish Flash CPI y/y,Non-economic,-0.5%,-0.6%,-0.8%,2020-12-30 03:00:00
2020-12-30,4:00am,CHF,UBS Economic Expectations,Non-economic,46.8,,30.0,2020-12-30 04:00:00
2020-12-30,8:30am,USD,Goods Trade Balance,Non-economic,-84.8B,-81.5B,-80.4B,2020-12-30 08:30:00
2020-12-30,8:30am,USD,Prelim Wholesale Inventories m/m,Non-economic,-0.1%,0.7%,1.1%,2020-12-30 08:30:00
2020-12-30,9:45am,USD,Chicago PMI,Non-economic,59.5,56.6,58.2,2020-12-30 09:45:00
2020-12-30,10:00am,USD,Pending Home Sales m/m,Non-economic,-2.6%,0.1%,-0.9%,2020-12-30 10:00:00
2020-12-30,10:30am,USD,Crude Oil Inventories,Non-economic,-6.1M,-3.0M,-0.6M,2020-12-30 10:30:00
2020-12-30,All Day,JPY,Bank Holiday,Low,,,,2020-12-30 00:00:00
2020-12-30,8:00pm,CNY,Manufacturing PMI,Non-economic,51.9,52.0,52.1,2020-12-30 20:00:00
2020-12-30,8:00pm,CNY,Non-Manufacturing PMI,Non-economic,55.7,56.3,56.4,2020-12-30 20:00:00
2020-12-31,All Day,EUR,German Bank Holiday,Low,,,,2020-12-31 00:00:00
2020-12-31,8:30am,USD,Unemployment Claims,Non-economic,787K,832K,806K,2020-12-31 08:30:00
2020-12-31,10:30am,USD,Natural Gas Storage,Non-economic,-114B,-127B,-152B,2020-12-31 10:30:00
2020-12-31,All Day,NZD,Bank Holiday,Low,,,,2020-12-31 00:00:00
2020-12-31,All Day,AUD,Bank Holiday,Low,,,,2020-12-31 00:00:00
2020-12-31,All Day,JPY,Bank Holiday,Low,,,,2020-12-31 00:00:00
2020-12-31,All Day,CNY,Bank Holiday,Low,,,,2020-12-31 00:00:00
2020-01-01,All Day,CHF,Bank Holiday,Low,,,,2020-01-01 00:00:00
2020-01-01,All Day,EUR,French Bank Holiday,Low,,,,2020-01-01 00:00:00
2020-01-01,All Day,EUR,German Bank Holiday,Low,,,,2020-01-01 00:00:00
2020-01-01,All Day,EUR,Italian Bank Holiday,Low,,,,2020-01-01 00:00:00
2020-01-01,All Day,GBP,Bank Holiday,Low,,,,2020-01-01 00:00:00
2020-01-01,All Day,CAD,Bank Holiday,Low,,,,2020-01-01 00:00:00
2020-01-01,All Day,USD,Bank Holiday,Low,,,,2020-01-01 00:00:00
2020-01-03,All Day,NZD,Bank Holiday,Low,,,,2020-01-03 00:00:00
2020-01-03,7:30pm,JPY,Final Manufacturing PMI,Non-economic,50.0,49.7,49.7,2020-01-03 19:30:00
2020-01-03,8:45pm,CNY,RatingDog Manufacturing PMI,Non-economic,53.0,54.7,54.9,2020-01-03 20:45:00
2020-01-04,12:30am,AUD,Commodity Prices y/y,Non-economic,11.7%,,2.5%,2020-01-04 00:30:00
2020-01-04,3:15am,EUR,Spanish Manufacturing PMI,Non-economic,51.0,52.6,49.8,2020-01-04 03:15:00
2020-01-04,3:30am,CHF,Manufacturing PMI,Non-economic,58.0,54.4,55.2,2020-01-04 03:30:00
2020-01-04,3:45am,EUR,Italian Manufacturing PMI,Non-economic,52.8,53.5,51.5,2020-01-04 03:45:00
2020-01-04,3:50am,EUR,French Final Manufacturing PMI,Non-economic,51.1,51.1,51.1,2020-01-04 03:50:00
2020-01-04,3:55am,EUR,German Final Manufacturing PMI,Non-economic,58.3,58.6,58.6,2020-01-04 03:55:00
2020-01-04,4:00am,EUR,Final Manufacturing PMI,Non-economic,55.2,55.5,55.5,2020-01-04 04:00:00
2020-01-04,4:30am,GBP,Final Manufacturing PMI,Medium,57.5,57.3,57.3,2020-01-04 04:30:00
2020-01-04,4:30am,GBP,M4 Money Supply m/m,Non-economic,0.8%,0.4%,0.7%,2020-01-04 04:30:00
2020-01-04,4:30am,GBP,Mortgage Approvals,Non-economic,105K,82K,98K,2020-01-04 04:30:00
2020-01-04,4:30am,GBP,Net Lending to Individuals m/m,Non-economic,4.1B,3.0B,3.8B,2020-01-04 04:30:00
2020-01-04,All Day,All,OPEC-JMMC Meetings,High,,,,2020-01-04 00:00:00
2020-01-04,9:30am,CAD,Manufacturing PMI,Medium,57.9,,55.8,2020-01-04 09:30:00
2020-01-04,9:45am,USD,Final Manufacturing PMI,Non-economic,57.1,56.3,56.5,2020-01-04 09:45:00
2020-01-04,10:00am,USD,Construction Spending m/m,Non-economic,0.9%,1.1%,1.6%,2020-01-04 10:00:00
2020-01-04,10:00am,USD,FOMC Member Bostic Speaks,Non-economic,,,,2020-01-04 10:00:00
2020-01-04,10:00am,USD,FOMC Member Evans Speaks,Non-economic,,,,2020-01-04 10:00:00
2020-01-04,6:50pm,JPY,Monetary Base y/y,Non-economic,18.3%,18.0%,16.5%,2020-01-04 18:50:00
2020-01-04,7:30pm,AUD,ANZ Job Advertisements m/m,Non-economic,9.2%,,13.5%,2020-01-04 19:30:00
2020-01-05,2:00am,EUR,German Retail Sales m/m,Non-economic,1.9%,-2.0%,2.6%,2020-01-05 02:00:00
2020-01-05,2:30am,CHF,CPI m/m,Non-economic,-0.1%,0.0%,-0.2%,2020-01-05 02:30:00
2020-01-05,3:00am,EUR,Spanish Unemployment Change,Non-economic,36.8K,30.5K,25.3K,2020-01-05 03:00:00
2020-01-05,3:55am,EUR,German Unemployment Change,Non-economic,-37K,10K,-40K,2020-01-05 03:55:00
2020-01-05,4:00am,EUR,M3 Money Supply y/y,Non-economic,11.0%,10.6%,10.5%,2020-01-05 04:00:00
2020-01-05,4:00am,EUR,Private Loans y/y,Non-economic,3.1%,3.3%,3.2%,2020-01-05 04:00:00
2020-01-05,All Day,All,OPEC-JMMC Meetings,High,,,,2020-01-05 00:00:00
2020-01-05,8:30am,CAD,IPPI m/m,Non-economic,-0.6%,-0.2%,-0.4%,2020-01-05 08:30:00
2020-01-05,8:30am,CAD,RMPI m/m,Non-economic,0.6%,0.9%,0.5%,2020-01-05 08:30:00
2020-01-05,9:53am,NZD,GDT Price Index,Non-economic,3.9%,,1.3%,2020-01-05 09:53:00
2020-01-05,10:00am,USD,ISM Manufacturing PMI,Medium,60.7,56.6,57.5,2020-01-05 10:00:00
2020-01-05,10:00am,USD,ISM Manufacturing Prices,Non-economic,77.6,66.0,65.4,2020-01-05 10:00:00
2020-01-05,All Day,USD,Wards Total Vehicle Sales,Non-economic,16.3M,15.8M,15.6M,2020-01-05 00:00:00
2020-01-05,3:45pm,USD,FOMC Member Evans Speaks,Non-economic,,,,2020-01-05 15:45:00
2020-01-05,4:30pm,USD,API Weekly Statistical Bulletin,Non-economic,,,,2020-01-05 16:30:00
2020-01-05,7:01pm,GBP,BRC Shop Price Index y/y,Non-economic,-1.8%,,-1.8%,2020-01-05 19:01:00
2020-01-05,8:45pm,CNY,RatingDog Services PMI,Non-economic,56.3,58.1,57.8,2020-01-05 20:45:00
2020-01-05,10:35pm,JPY,10-y Bond Auction,Non-economic,0.02|3.4,,0.02|3.4,2020-01-05 22:35:00
