Date,Time,Currency,Event,Impact,Actual,Forecast,Previous,Combined DateTime
2007-01-01,All Day,CHF,Bank Holiday,Low,,,,2007-01-01 00:00:00
2007-01-01,All Day,EUR,German Bank Holiday,Low,,,,2007-01-01 00:00:00
2007-01-01,All Day,EUR,Italian Bank Holiday,Low,,,,2007-01-01 00:00:00
2007-01-01,All Day,EUR,French Bank Holiday,Low,,,,2007-01-01 00:00:00
2007-01-01,All Day,GBP,Bank Holiday,Low,,,,2007-01-01 00:00:00
2007-01-01,All Day,CAD,Bank Holiday,Low,,,,2007-01-01 00:00:00
2007-01-01,All Day,USD,Bank Holiday,Low,,,,2007-01-01 00:00:00
2007-01-01,All Day,NZD,Bank Holiday,Low,,,,2007-01-01 00:00:00
2007-01-01,5:30pm,AUD,AIG Manufacturing Index,Non-economic,52.4,,54.4,2007-01-01 17:30:00
2007-01-01,7:00pm,CNY,Bank Holiday,Low,,,,2007-01-01 19:00:00
2007-01-01,All Day,JPY,Bank Holiday,Low,,,,2007-01-01 00:00:00
2007-01-01,9:30pm,CNY,RatingDog Manufacturing PMI,Medium,52.4,,53.0,2007-01-01 21:30:00
2007-01-02,12:30am,AUD,Commodity Prices y/y,Medium,11.0%,,13.9%,2007-01-02 00:30:00
2007-01-02,All Day,CHF,Bank Holiday,Low,,,,2007-01-02 00:00:00
2007-01-02,3:15am,EUR,Spanish Manufacturing PMI,Non-economic,57.2,,56.1,2007-01-02 03:15:00
2007-01-02,3:45am,EUR,Italian Manufacturing PMI,Non-economic,55.0,55.5,54.8,2007-01-02 03:45:00
2007-01-02,4:00am,EUR,Final Manufacturing PMI,Medium,56.5,56.5,56.6,2007-01-02 04:00:00
2007-01-02,4:30am,GBP,Final Manufacturing PMI,Medium,51.9,53.0,52.5,2007-01-02 04:30:00
2007-01-02,All Day,JPY,Bank Holiday,Low,,,,2007-01-02 00:00:00
2007-01-03,3:00am,EUR,Spanish Unemployment Change,Non-economic,-0.3K,,30.3K,2007-01-03 03:00:00
2007-01-03,3:30am,CHF,Manufacturing PMI,Medium,65.0,66.0,67.0,2007-01-03 03:30:00
2007-01-03,3:55am,EUR,German Unemployment Change,Medium,-96K,-110K,-90K,2007-01-03 03:55:00
2007-01-03,4:30am,GBP,Construction PMI,Non-economic,57.5,54.5,54.8,2007-01-03 04:30:00
2007-01-03,5:09am,EUR,German 10-y Bond Auction,Non-economic,3.94|1.8,,3.72|1.6,2007-01-03 05:09:00
2007-01-03,8:15am,USD,ADP Non-Farm Employment Change,Medium,-40K,120K,230K,2007-01-03 08:15:00
2007-01-03,10:00am,USD,ISM Manufacturing PMI,High,51.4,51.0,49.5,2007-01-03 10:00:00
2007-01-03,10:00am,USD,Construction Spending m/m,Non-economic,-0.2%,-0.6%,-1.0%,2007-01-03 10:00:00
2007-01-03,10:00am,USD,ISM Manufacturing Prices,Non-economic,47.5,54.0,53.5,2007-01-03 10:00:00
2007-01-03,All Day,USD,Total Vehicle Sales,Non-economic,16.7M,16.5M,16.1M,2007-01-03 00:00:00
2007-01-03,2:00pm,USD,FOMC Meeting Minutes,High,,,,2007-01-03 14:00:00
2007-01-03,4:45pm,NZD,Trade Balance,High,-785M,-976M,-1174M,2007-01-03 16:45:00
2007-01-03,5:30pm,AUD,AIG Services Index,Non-economic,49.5,,48.5,2007-01-03 17:30:00
2007-01-04,1:45am,CHF,CPI m/m,High,0.0%,0.1%,0.0%,2007-01-04 01:45:00
2007-01-04,3:15am,EUR,Spanish Services PMI,Non-economic,58.1,,60.4,2007-01-04 03:15:00
2007-01-04,3:45am,EUR,Italian Services PMI,Non-economic,55.0,56.2,56.2,2007-01-04 03:45:00
2007-01-04,4:00am,EUR,Final Services PMI,Non-economic,57.2,57.5,57.6,2007-01-04 04:00:00
2007-01-04,4:30am,GBP,Final Services PMI,Medium,60.6,60.0,59.8,2007-01-04 04:30:00
2007-01-04,4:30am,GBP,Mortgage Approvals,Non-economic,129K,120K,128K,2007-01-04 04:30:00
2007-01-04,4:30am,GBP,Net Lending to Individuals m/m,Non-economic,10.9B,11.0B,10.8B,2007-01-04 04:30:00
2007-01-04,4:55am,EUR,French 10-y Bond Auction,Non-economic,3.97|2.4,,3.74|2.4,2007-01-04 04:55:00
2007-01-04,5:00am,EUR,CPI Flash Estimate y/y,Non-economic,1.9%,1.9%,1.9%,2007-01-04 05:00:00
2007-01-04,5:00am,EUR,Italian Prelim CPI m/m,Non-economic,0.1%,0.1%,0.2%,2007-01-04 05:00:00
2007-01-04,5:30am,GBP,GfK Consumer Confidence,Medium,-8,-6,-7,2007-01-04 05:30:00
2007-01-04,7:30am,GBP,MPC Member Blanchflower Speaks,Non-economic,,,,2007-01-04 07:30:00
2007-01-04,7:30am,USD,Challenger Job Cuts y/y,Non-economic,-49.3%,,-22.7%,2007-01-04 07:30:00
2007-01-04,8:30am,CAD,RMPI m/m,Medium,0.9%,1.0%,-2.8%,2007-01-04 08:30:00
2007-01-04,8:30am,CAD,IPPI m/m,Non-economic,0.0%,0.5%,-0.1%,2007-01-04 08:30:00
2007-01-04,8:30am,USD,Unemployment Claims,Non-economic,329K,318K,317K,2007-01-04 08:30:00
2007-01-04,10:00am,USD,ISM Services PMI,High,57.1,58.0,58.9,2007-01-04 10:00:00
2007-01-04,10:00am,USD,Pending Home Sales m/m,High,-0.5%,0.0%,-1.5%,2007-01-04 10:00:00
2007-01-04,10:00am,USD,Factory Orders m/m,Medium,0.9%,1.5%,-4.5%,2007-01-04 10:00:00
2007-01-04,10:30am,USD,Crude Oil Inventories,Non-economic,-1.3M,-2.0M,-8.1M,2007-01-04 10:30:00
2007-01-04,6:50pm,JPY,Monetary Base y/y,Non-economic,-20.0%,-23.5%,-22.3%,2007-01-04 18:50:00
2007-01-05,3:00am,CHF,Foreign Currency Reserves,Non-economic,46B,,46B,2007-01-05 03:00:00
2007-01-05,3:00am,GBP,Halifax HPI m/m,High,-1.0%,1.0%,1.6%,2007-01-05 03:00:00
2007-01-05,4:00am,EUR,Retail PMI,Non-economic,52.1,,53.7,2007-01-05 04:00:00
2007-01-05,5:00am,EUR,Consumer Confidence,Non-economic,-6,-7,-7,2007-01-05 05:00:00
2007-01-05,5:00am,EUR,PPI m/m,Non-economic,0.0%,0.1%,0.0%,2007-01-05 05:00:00
2007-01-05,5:00am,EUR,Retail Sales m/m,Non-economic,0.5%,0.5%,0.3%,2007-01-05 05:00:00
2007-01-05,5:00am,EUR,Unemployment Rate,Non-economic,7.6%,7.6%,7.7%,2007-01-05 05:00:00
2007-01-05,7:00am,CAD,Employment Change,High,62.0K,17.0K,22.0K,2007-01-05 07:00:00
2007-01-05,7:00am,CAD,Unemployment Rate,High,6.1%,6.3%,6.3%,2007-01-05 07:00:00
2007-01-05,8:30am,USD,Non-Farm Employment Change,High,167K,115K,132K,2007-01-05 08:30:00
2007-01-05,8:30am,USD,Unemployment Rate,High,4.5%,4.5%,4.5%,2007-01-05 08:30:00
2007-01-05,8:30am,USD,Average Hourly Earnings m/m,Medium,0.5%,0.3%,0.3%,2007-01-05 08:30:00
2007-01-05,10:00am,CAD,Ivey PMI,High,49.4,50.5,52.8,2007-01-05 10:00:00
2007-01-05,10:30am,USD,Natural Gas Storage,Non-economic,-47B,-60B,-46B,2007-01-05 10:30:00
2007-01-05,1:45pm,USD,Fed Chairman Bernanke Speaks,Medium,,,,2007-01-05 13:45:00
2007-01-07,5:30pm,AUD,AIG Construction Index,Non-economic,52.1,,47.6,2007-01-07 17:30:00
2007-01-07,All Day,JPY,Bank Holiday,Low,,,,2007-01-07 00:00:00
2007-01-07,7:30pm,AUD,Building Approvals m/m,High,4.1%,2.0%,-6.8%,2007-01-07 19:30:00
2007-01-07,7:30pm,AUD,ANZ Job Advertisements m/m,Medium,12.1%,,-3.8%,2007-01-07 19:30:00
2007-01-08,1:45am,CHF,Unemployment Rate,Non-economic,3.1%,3.1%,3.1%,2007-01-08 01:45:00
2007-01-08,2:00am,EUR,German Retail Sales m/m,Medium,-0.3%,0.6%,-0.5%,2007-01-08 02:00:00
2007-01-08,6:00am,EUR,German Factory Orders m/m,Medium,1.5%,1.5%,-0.7%,2007-01-08 06:00:00
2007-01-08,10:30am,CAD,BOC Business Outlook Survey,High,,,,2007-01-08 10:30:00
2007-01-08,12:45pm,USD,FOMC Member Kohn Speaks,Medium,,,,2007-01-08 12:45:00
2007-01-08,3:00pm,USD,Consumer Credit m/m,Non-economic,12.3B,5.4B,-1.3B,2007-01-08 15:00:00
2007-01-08,7:01pm,GBP,BRC Retail Sales Monitor y/y,Medium,2.5%,,0.5%,2007-01-08 19:01:00
2007-01-08,7:30pm,AUD,Retail Sales m/m,High,0.2%,0.3%,0.8%,2007-01-08 19:30:00
2007-01-09,2:00am,EUR,German Trade Balance,Non-economic,19.3B,15.3B,17.2B,2007-01-09 02:00:00
2007-01-09,6:00am,EUR,German Industrial Production m/m,Medium,1.8%,1.0%,-0.8%,2007-01-09 06:00:00
2007-01-09,7:30am,USD,NFIB Small Business Index,Non-economic,96.5,,99.7,2007-01-09 07:30:00
2007-01-09,8:15am,CAD,Housing Starts,High,212K,230K,229K,2007-01-09 08:15:00
2007-01-09,10:00am,USD,RCM/TIPP Economic Optimism,Non-economic,53.7,53.7,53.5,2007-01-09 10:00:00
2007-01-09,6:30pm,AUD,Westpac Consumer Sentiment,Non-economic,7.3%,,11.8%,2007-01-09 18:30:00
2007-01-09,7:01pm,GBP,Nationwide Consumer Confidence,Non-economic,83,89,89,2007-01-09 19:01:00
2007-01-09,7:30pm,AUD,Goods Trade Balance,Medium,-0.84B,-0.73B,-1.51,2007-01-09 19:30:00
2007-01-09,10:45pm,JPY,10-y Bond Auction,Non-economic,1.73|2.5,,1.64|2.3,2007-01-09 22:45:00
2007-01-10,2:00am,EUR,German WPI m/m,Non-economic,0.0%,0.2%,0.1%,2007-01-10 02:00:00
2007-01-10,2:45am,EUR,French Industrial Production m/m,Medium,-0.2%,0.7%,0.0%,2007-01-10 02:45:00
2007-01-10,2:45am,EUR,French Gov Budget Balance,Non-economic,-54.9B,,-48.2B,2007-01-10 02:45:00
2007-01-10,2:45am,EUR,French Trade Balance,Non-economic,-2.8B,-2.3B,-2.8B,2007-01-10 02:45:00
2007-01-10,4:30am,GBP,Goods Trade Balance,Medium,-7.2B,-6.45B,-6.33B,2007-01-10 04:30:00
2007-01-10,5:30am,GBP,BRC Shop Price Index y/y,Non-economic,2.3%,,1.8%,2007-01-10 05:30:00
2007-01-10,8:30am,CAD,Building Permits m/m,Medium,3.0%,2.0%,7.8%,2007-01-10 08:30:00
2007-01-10,8:30am,CAD,Trade Balance,Medium,4.7B,3.7B,3.8B,2007-01-10 08:30:00
2007-01-10,8:30am,CAD,NHPI m/m,Non-economic,0.5%,0.3%,0.2%,2007-01-10 08:30:00
2007-01-10,8:30am,USD,Trade Balance,High,-58.2B,-60.0B,-58.9B,2007-01-10 08:30:00
2007-01-10,10:00am,USD,Final Wholesale Inventories m/m,Non-economic,1.3%,0.4%,0.4%,2007-01-10 10:00:00
2007-01-10,10:00am,USD,JOLTS Job Openings,Non-economic,4.24M,,4.25M,2007-01-10 10:00:00
2007-01-10,10:30am,USD,Crude Oil Inventories,Non-economic,-5.0M,-1.5M,-1.3M,2007-01-10 10:30:00
2007-01-10,4:30pm,AUD,MI Inflation Expectations,Non-economic,3.5%,,3.5%,2007-01-10 16:30:00
2007-01-10,7:30pm,AUD,Employment Change,High,44.6K,12.0K,43.0K,2007-01-10 19:30:00
2007-01-10,7:30pm,AUD,Unemployment Rate,Medium,4.6%,4.8%,4.6%,2007-01-10 19:30:00
2007-01-10,8:35pm,CNY,USD-Denominated Trade Balance,High,21.0B,21.6B,22.9B,2007-01-10 20:35:00
2007-01-11,12:00am,JPY,Leading Indicators,Non-economic,20.0%,20.0%,54.5%,2007-01-11 00:00:00
2007-01-11,1:00am,JPY,Prelim Machine Tool Orders y/y,Non-economic,-2.4%,,4.9%,2007-01-11 01:00:00
2007-01-11,4:30am,GBP,Manufacturing Production m/m,High,0.3%,0.2%,-0.3%,2007-01-11 04:30:00
2007-01-11,4:30am,GBP,Industrial Production m/m,Non-economic,0.5%,0.2%,-0.6%,2007-01-11 04:30:00
2007-01-11,5:00am,EUR,Final GDP q/q,Non-economic,0.5%,0.5%,0.5%,2007-01-11 05:00:00
2007-01-11,7:00am,GBP,MPC Rate Statement,High,,,,2007-01-11 07:00:00
2007-01-11,7:00am,GBP,Official Bank Rate,High,5.25%,5.00%,5.00%,2007-01-11 07:00:00
2007-01-11,7:45am,EUR,Main Refinancing Rate,Medium,3.50%,3.50%,3.50%,2007-01-11 07:45:00
2007-01-11,8:00am,USD,FOMC Member Geithner Speaks,Non-economic,,,,2007-01-11 08:00:00
2007-01-11,8:30am,EUR,ECB Press Conference,High,,,,2007-01-11 08:30:00
2007-01-11,8:30am,USD,Unemployment Claims,Non-economic,299K,320K,329K,2007-01-11 08:30:00
2007-01-11,10:30am,GBP,CB Leading Index m/m,Non-economic,0.1%,,0.0%,2007-01-11 10:30:00
2007-01-11,10:30am,USD,Natural Gas Storage,Non-economic,-49B,-45B,-47B,2007-01-11 10:30:00
2007-01-11,4:45pm,NZD,Building Consents m/m,Medium,-12.0%,,-3.6%,2007-01-11 16:45:00
2007-01-11,6:50pm,JPY,Bank Lending y/y,Non-economic,1.7%,,1.2%,2007-01-11 18:50:00
2007-01-11,6:50pm,JPY,M2 Money Stock y/y,Non-economic,0.8%,0.8%,0.7%,2007-01-11 18:50:00
2007-01-11,7:01pm,GBP,NIESR GDP Estimate,Non-economic,0.7%,,0.6%,2007-01-11 19:01:00
2007-01-12,12:00am,JPY,Economy Watchers Sentiment,Non-economic,48.9,49.8,48.9,2007-01-12 00:00:00
2007-01-12,2:45am,EUR,French Final CPI m/m,Non-economic,0.2%,0.1%,0.1%,2007-01-12 02:45:00
2007-01-12,8:30am,USD,Core Retail Sales m/m,High,1.0%,0.5%,1.1%,2007-01-12 08:30:00
2007-01-12,8:30am,USD,Retail Sales m/m,High,0.9%,0.6%,1.0%,2007-01-12 08:30:00
2007-01-12,8:30am,USD,Import Prices m/m,Medium,1.1%,0.5%,0.2%,2007-01-12 08:30:00
2007-01-12,10:00am,USD,Business Inventories m/m,Medium,0.4%,0.4%,0.2%,2007-01-12 10:00:00
2007-01-12,2:00pm,USD,Federal Budget Balance,Medium,44.5B,25.6B,-75.6B,2007-01-12 14:00:00
2007-01-14,6:30pm,AUD,MI Inflation Gauge m/m,Non-economic,0.3%,,0.2%,2007-01-14 18:30:00
2007-01-14,6:50pm,JPY,Core Machinery Orders m/m,Medium,3.8%,4.2%,2.8%,2007-01-14 18:50:00
2007-01-14,7:30pm,AUD,Home Loans m/m,Medium,-0.6%,0.0%,-0.2%,2007-01-14 19:30:00
2007-01-14,9:00pm,CNY,New Loans,Medium,214B,,194B,2007-01-14 21:00:00
2007-01-14,9:00pm,CNY,M2 Money Supply y/y,Non-economic,16.9%,16.7%,16.8%,2007-01-14 21:00:00
2007-01-15,4:00am,EUR,Italian Industrial Production m/m,Non-economic,-0.3%,0.3%,0.6%,2007-01-15 04:00:00
2007-01-15,4:15am,CNY,Foreign Direct Investment ytd/y,Non-economic,4.2%,,2.1%,2007-01-15 04:15:00
2007-01-15,4:30am,EUR,Sentix Investor Confidence,Non-economic,29.5,30.2,29.1,2007-01-15 04:30:00
2007-01-15,4:30am,GBP,PPI Input m/m,High,0.1%,0.2%,0.1%,2007-01-15 04:30:00
2007-01-15,4:30am,GBP,ONS HPI y/y,Non-economic,8.9%,9.1%,8.6%,2007-01-15 04:30:00
2007-01-15,4:30am,GBP,PPI Output m/m,Non-economic,0.2%,0.0%,0.0%,2007-01-15 04:30:00
2007-01-15,5:00am,EUR,Industrial Production m/m,Medium,0.2%,0.6%,-0.2%,2007-01-15 05:00:00
2007-01-15,All Day,USD,Bank Holiday,Low,,,,2007-01-15 00:00:00
2007-01-15,8:30am,CAD,New Motor Vehicle Sales m/m,Non-economic,3.0%,3.0%,-1.9%,2007-01-15 08:30:00
2007-01-15,4:00pm,NZD,NZIER Business Confidence,High,3,,-19,2007-01-15 16:00:00
2007-01-15,6:50pm,JPY,PPI y/y,Non-economic,2.5%,2.5%,2.7%,2007-01-15 18:50:00
2007-01-15,7:01pm,GBP,RICS House Price Balance,Medium,37%,46%,47%,2007-01-15 19:01:00
2007-01-15,11:30pm,JPY,Revised Industrial Production m/m,Non-economic,0.8%,0.7%,0.7%,2007-01-15 23:30:00
2007-01-16,4:30am,GBP,CPI y/y,High,3.0%,2.8%,2.7%,2007-01-16 04:30:00
2007-01-16,4:30am,GBP,Core CPI y/y,Medium,1.8%,1.7%,1.6%,2007-01-16 04:30:00
2007-01-16,4:30am,GBP,RPI y/y,Non-economic,4.4%,4.2%,3.9%,2007-01-16 04:30:00
2007-01-16,5:00am,EUR,German ZEW Economic Sentiment,Medium,-3.6,-12.0,-19.0,2007-01-16 05:00:00
2007-01-16,5:00am,EUR,ZEW Economic Sentiment,Non-economic,-1.8,-5.0,-3.0,2007-01-16 05:00:00
2007-01-16,7:00am,GBP,MPC Member Sentance Speaks,Medium,,,,2007-01-16 07:00:00
2007-01-16,8:30am,USD,Empire State Manufacturing Index,Medium,9.1,18.0,23.1,2007-01-16 08:30:00
2007-01-16,9:00am,CAD,BOC Rate Statement,High,,,,2007-01-16 09:00:00
2007-01-16,9:00am,CAD,Overnight Rate,High,4.25%,4.25%,4.25%,2007-01-16 09:00:00
2007-01-16,4:45pm,NZD,CPI q/q,High,-0.2%,-0.1%,0.7%,2007-01-16 16:45:00
2007-01-16,4:45pm,NZD,FPI m/m,Non-economic,-0.5%,,0.1%,2007-01-16 16:45:00
2007-01-16,6:30pm,AUD,MI Leading Index m/m,Non-economic,0.5%,,0.5%,2007-01-16 18:30:00
2007-01-16,6:50pm,JPY,Current Account,Non-economic,1.95T,2.10T,2.02T,2007-01-16 18:50:00
2007-01-17,12:00am,JPY,Consumer Confidence,Non-economic,45.9,48.0,48.7,2007-01-17 00:00:00
2007-01-17,2:00am,EUR,German Final CPI m/m,Non-economic,0.8%,0.8%,0.8%,2007-01-17 02:00:00
2007-01-17,4:30am,GBP,Claimant Count Change,High,-5.5K,-5.0K,-7.9K,2007-01-17 04:30:00
2007-01-17,4:30am,GBP,Average Earnings Index 3m/y,Medium,4.1%,4.2%,4.1%,2007-01-17 04:30:00
2007-01-17,4:30am,GBP,Unemployment Rate,Non-economic,5.5%,5.5%,5.5%,2007-01-17 04:30:00
2007-01-17,5:00am,EUR,Final Core CPI y/y,Non-economic,1.5%,1.5%,1.5%,2007-01-17 05:00:00
2007-01-17,5:00am,EUR,Final CPI y/y,Non-economic,1.9%,1.9%,1.9%,2007-01-17 05:00:00
2007-01-17,5:00am,EUR,Trade Balance,Non-economic,4.5B,2.5B,2.4B,2007-01-17 05:00:00
2007-01-17,8:30am,USD,PPI m/m,High,0.9%,0.6%,2.0%,2007-01-17 08:30:00
2007-01-17,8:30am,USD,Core PPI m/m,Medium,0.2%,0.1%,1.3%,2007-01-17 08:30:00
2007-01-17,9:00am,USD,TIC Long-Term Purchases,High,68.4B,82.5B,89.3B,2007-01-17 09:00:00
2007-01-17,9:15am,USD,Capacity Utilization Rate,Medium,81.8%,81.8%,81.6%,2007-01-17 09:15:00
2007-01-17,9:15am,USD,Industrial Production m/m,Medium,0.4%,0.1%,-0.1%,2007-01-17 09:15:00
2007-01-17,1:00pm,USD,FOMC Member Mishkin Speaks,Medium,,,,2007-01-17 13:00:00
2007-01-17,1:00pm,USD,NAHB Housing Market Index,Non-economic,35,33,33,2007-01-17 13:00:00
2007-01-17,2:00pm,USD,Beige Book,Medium,,,,2007-01-17 14:00:00
2007-01-17,6:50pm,JPY,Tertiary Industry Activity m/m,Medium,-0.3%,0.0%,2.1%,2007-01-17 18:50:00
2007-01-17,7:30pm,AUD,RBA Bulletin,Non-economic,,,,2007-01-17 19:30:00
2007-01-17,10:45pm,JPY,30-y Bond Auction,Non-economic,2.38|3.3,,2.52|3.0,2007-01-17 22:45:00
2007-01-17,11:00pm,JPY,Overnight Call Rate,High,0.25%,0.50%,0.25%,2007-01-17 23:00:00
2007-01-18,1:00am,JPY,BOJ Monthly Report,Non-economic,,,,2007-01-18 01:00:00
2007-01-18,1:30am,JPY,BOJ Press Conference,Medium,,,,2007-01-18 01:30:00
2007-01-18,3:15am,CHF,Retail Sales y/y,Medium,3.3%,1.6%,0.6%,2007-01-18 03:15:00
2007-01-18,4:00am,EUR,Italian Trade Balance,Non-economic,-0.92B,-1.12B,-0.86B,2007-01-18 04:00:00
2007-01-18,4:37am,EUR,Spanish 10-y Bond Auction,Non-economic,4.10|2.3,,3.99|1.8,2007-01-18 04:37:00
2007-01-18,5:00am,CHF,UBS Economic Expectations,Medium,-10.8,,-23.7,2007-01-18 05:00:00
2007-01-18,5:00am,EUR,ECB Monthly Bulletin,Medium,,,,2007-01-18 05:00:00
2007-01-18,6:00am,GBP,MPC Member Besley Speaks,Medium,,,,2007-01-18 06:00:00
2007-01-18,8:30am,CAD,Foreign Securities Purchases,Medium,11.00B,-2.48B,-4.18B,2007-01-18 08:30:00
2007-01-18,8:30am,CAD,Manufacturing Sales m/m,Medium,2.3%,2.0%,0.2%,2007-01-18 08:30:00
2007-01-18,8:30am,USD,Core CPI m/m,High,0.2%,0.2%,0.0%,2007-01-18 08:30:00
2007-01-18,8:30am,USD,CPI y/y,High,2.5%,2.3%,2.0%,2007-01-18 08:30:00
2007-01-18,8:30am,USD,Building Permits,Medium,1.60M,1.53M,1.51M,2007-01-18 08:30:00
2007-01-18,8:30am,USD,CPI m/m,Medium,0.5%,0.5%,0.0%,2007-01-18 08:30:00
2007-01-18,8:30am,USD,Housing Starts,Medium,1.64M,1.57M,1.57M,2007-01-18 08:30:00
2007-01-18,8:30am,USD,Unemployment Claims,Non-economic,290K,315K,298K,2007-01-18 08:30:00
2007-01-18,10:00am,USD,Fed Chairman Bernanke Testifies,High,,,,2007-01-18 10:00:00
2007-01-18,10:30am,CAD,BOC Monetary Policy Report,High,,,,2007-01-18 10:30:00
2007-01-18,10:30am,USD,Crude Oil Inventories,Non-economic,6.8M,0.1M,-5.0M,2007-01-18 10:30:00
2007-01-18,10:30am,USD,Natural Gas Storage,Non-economic,-89B,-79B,-49B,2007-01-18 10:30:00
2007-01-18,11:15am,CAD,BOC Press Conference,High,,,,2007-01-18 11:15:00
2007-01-18,12:00pm,USD,Philly Fed Manufacturing Index,Medium,8.3,3.0,-4.3,2007-01-18 12:00:00
2007-01-18,4:45pm,NZD,Core Retail Sales m/m,High,-0.1%,0.1%,0.1%,2007-01-18 16:45:00
2007-01-18,4:45pm,NZD,Retail Sales m/m,High,-0.2%,0.0%,0.3%,2007-01-18 16:45:00
2007-01-18,7:30pm,AUD,Import Prices q/q,Non-economic,-3.2%,-1.5%,-0.3%,2007-01-18 19:30:00
2007-01-19,4:30am,GBP,Retail Sales m/m,High,1.1%,0.5%,0.2%,2007-01-19 04:30:00
2007-01-19,4:30am,GBP,M4 Money Supply m/m,Non-economic,0.9%,0.6%,0.5%,2007-01-19 04:30:00
2007-01-19,4:30am,GBP,Public Sector Net Borrowing,Non-economic,7.2B,7.4B,11.2B,2007-01-19 04:30:00
2007-01-19,8:30am,CAD,Wholesale Sales m/m,Medium,0.1%,0.5%,-0.4%,2007-01-19 08:30:00
2007-01-19,10:00am,USD,Prelim UoM Consumer Sentiment,High,98.0,92.5,91.7,2007-01-19 10:00:00
2007-01-19,10:00am,USD,Prelim UoM Inflation Expectations,Non-economic,3.0%,,2.9%,2007-01-19 10:00:00
2007-01-21,7:01pm,GBP,Rightmove HPI m/m,Non-economic,0.5%,,-0.3%,2007-01-21 19:01:00
2007-01-21,7:30pm,AUD,PPI q/q,High,0.2%,0.2%,1.0%,2007-01-21 19:30:00
2007-01-21,7:30pm,AUD,New Motor Vehicle Sales m/m,Non-economic,0.8%,,-0.7%,2007-01-21 19:30:00
2007-01-22,2:00am,EUR,German PPI m/m,Non-economic,0.0%,0.1%,0.0%,2007-01-22 02:00:00
2007-01-22,3:15am,CHF,PPI m/m,Medium,0.0%,0.1%,0.0%,2007-01-22 03:15:00
2007-01-22,6:00am,EUR,German Buba Monthly Report,Medium,,,,2007-01-22 06:00:00
2007-01-23,1:45am,EUR,French Consumer Spending m/m,Medium,1.3%,0.3%,0.9%,2007-01-23 01:45:00
2007-01-23,5:00am,EUR,Industrial New Orders m/m,Medium,1.4%,1.0%,-0.5%,2007-01-23 05:00:00
2007-01-23,6:00am,GBP,CBI Industrial Order Expectations,Medium,-9,-5,-5,2007-01-23 06:00:00
2007-01-23,7:00am,CAD,Core CPI m/m,High,-0.2%,0.0%,0.3%,2007-01-23 07:00:00
2007-01-23,7:00am,CAD,CPI m/m,Medium,0.2%,0.2%,0.2%,2007-01-23 07:00:00
2007-01-23,8:30am,CAD,Core Retail Sales m/m,High,0.1%,0.5%,-0.8%,2007-01-23 08:30:00
2007-01-23,8:30am,CAD,Retail Sales m/m,Medium,0.2%,0.9%,-0.8%,2007-01-23 08:30:00
2007-01-23,8:30am,CAD,Leading Index m/m,Non-economic,0.3%,0.4%,0.5%,2007-01-23 08:30:00
2007-01-23,10:00am,USD,CB Leading Index m/m,Non-economic,0.3%,0.2%,0.0%,2007-01-23 10:00:00
2007-01-23,10:00am,USD,Richmond Manufacturing Index,Non-economic,-11,-8,-6,2007-01-23 10:00:00
2007-01-23,2:00pm,GBP,BOE Gov King Speaks,Medium,,,,2007-01-23 14:00:00
2007-01-23,6:00pm,AUD,CB Leading Index m/m,Non-economic,0.2%,,0.3%,2007-01-23 18:00:00
2007-01-23,6:50pm,JPY,Monetary Policy Meeting Minutes,Medium,,,,2007-01-23 18:50:00
2007-01-23,6:50pm,JPY,All Industries Activity m/m,Non-economic,-0.2%,0.0%,1.7%,2007-01-23 18:50:00
2007-01-23,7:30pm,AUD,CPI m/m,High,-0.1%,0.2%,0.9%,2007-01-23 19:30:00
2007-01-23,7:30pm,AUD,Trimmed Mean CPI m/m,Medium,0.5%,0.7%,0.7%,2007-01-23 19:30:00
2007-01-23,8:00pm,NZD,Credit Card Spending y/y,Non-economic,10.1%,,7.8%,2007-01-23 20:00:00
2007-01-24,Day 1,All,WEF Annual Meetings,Medium,,,,2007-01-24 00:00:00
2007-01-24,4:30am,GBP,MPC Official Bank Rate Votes,High,5-0-4,8-0-1,0-0-9,2007-01-24 04:30:00
2007-01-24,4:30am,GBP,Prelim GDP q/q,High,0.8%,0.7%,0.7%,2007-01-24 04:30:00
2007-01-24,4:30am,GBP,Index of Services 3m/3m,Non-economic,1.0%,0.9%,1.0%,2007-01-24 04:30:00
2007-01-24,5:12am,EUR,German 30-y Bond Auction,Non-economic,4.11|1.2,,4.23|1.5,2007-01-24 05:12:00
2007-01-24,9:00am,EUR,Belgian NBB Business Climate,Medium,2.1,2.6,2.5,2007-01-24 09:00:00
2007-01-24,10:30am,USD,Crude Oil Inventories,Non-economic,0.7M,1.3M,6.8M,2007-01-24 10:30:00
2007-01-24,3:00pm,NZD,Official Cash Rate,High,7.25%,7.25%,7.25%,2007-01-24 15:00:00
2007-01-24,3:00pm,NZD,RBNZ Rate Statement,High,,,,2007-01-24 15:00:00
2007-01-24,6:00pm,NZD,BusinessNZ Manufacturing Index,Non-economic,54.2,,55.1,2007-01-24 18:00:00
2007-01-24,6:50pm,JPY,Trade Balance,Non-economic,0.66T,0.87T,0.98T,2007-01-24 18:50:00
2007-01-24,9:00pm,CNY,GDP q/y,High,10.4%,10.2%,10.6%,2007-01-24 21:00:00
2007-01-24,9:00pm,CNY,Industrial Production y/y,High,14.7%,15.0%,14.9%,2007-01-24 21:00:00
2007-01-24,9:00pm,CNY,CPI y/y,Medium,2.8%,1.9%,1.9%,2007-01-24 21:00:00
2007-01-24,9:00pm,CNY,Fixed Asset Investment ytd/y,Medium,24.5%,26.3%,26.6%,2007-01-24 21:00:00
2007-01-24,9:00pm,CNY,NBS Press Conference,Medium,,,,2007-01-24 21:00:00
2007-01-24,9:00pm,CNY,PPI y/y,Medium,3.1%,2.9%,2.8%,2007-01-24 21:00:00
2007-01-24,9:00pm,CNY,Retail Sales y/y,Non-economic,14.6%,14.3%,14.1%,2007-01-24 21:00:00
2007-01-25,2:00am,EUR,German GfK Consumer Climate,Non-economic,4.8,8.6,8.5,2007-01-25 02:00:00
2007-01-25,4:00am,EUR,German ifo Business Climate,High,107.9,108.9,108.7,2007-01-25 04:00:00
2007-01-25,4:00am,EUR,Current Account,Non-economic,-2.0B,0.7B,1.8B,2007-01-25 04:00:00
2007-01-25,Day 2,All,WEF Annual Meetings,Medium,,,,2007-01-25 00:00:00
2007-01-25,5:00am,EUR,Italian Retail Sales m/m,Non-economic,0.3%,0.1%,-0.1%,2007-01-25 05:00:00
2007-01-25,8:30am,USD,Unemployment Claims,Non-economic,325K,310K,289K,2007-01-25 08:30:00
2007-01-25,10:00am,USD,Existing Home Sales,High,6.22M,6.25M,6.27M,2007-01-25 10:00:00
2007-01-25,10:30am,USD,Natural Gas Storage,Non-economic,-179B,-174B,-89B,2007-01-25 10:30:00
2007-01-25,All Day,AUD,Bank Holiday,Low,,,,2007-01-25 00:00:00
2007-01-25,6:00pm,NZD,RBNZ Gov Bollard Speaks,Medium,,,,2007-01-25 18:00:00
2007-01-25,6:30pm,JPY,Tokyo Core CPI y/y,Medium,0.2%,0.2%,0.2%,2007-01-25 18:30:00
2007-01-25,6:30pm,JPY,National Core CPI y/y,Non-economic,0.1%,0.2%,0.2%,2007-01-25 18:30:00
2007-01-25,6:50pm,JPY,SPPI y/y,Non-economic,0.2%,-0.1%,-0.1%,2007-01-25 18:50:00
2007-01-26,2:00am,EUR,German Import Prices m/m,Non-economic,-0.3%,0.1%,-0.4%,2007-01-26 02:00:00
2007-01-26,3:00am,EUR,Spanish Unemployment Rate,Non-economic,8.3%,8.2%,8.2%,2007-01-26 03:00:00
2007-01-26,4:00am,CHF,UBS Consumption Indicator,Medium,1.90,,1.89,2007-01-26 04:00:00
2007-01-26,4:00am,EUR,ECB President Trichet Speaks,Medium,,,,2007-01-26 04:00:00
2007-01-26,4:00am,EUR,M3 Money Supply y/y,Non-economic,9.7%,9.2%,9.3%,2007-01-26 04:00:00
2007-01-26,4:00am,EUR,Private Loans y/y,Non-economic,10.7%,10.9%,11.2%,2007-01-26 04:00:00
2007-01-26,Day 3,All,WEF Annual Meetings,Medium,,,,2007-01-26 00:00:00
2007-01-26,4:30am,GBP,High Street Lending,Medium,45.5K,,78.7K,2007-01-26 04:30:00
2007-01-26,8:30am,USD,Core Durable Goods Orders m/m,High,2.3%,0.5%,-1.0%,2007-01-26 08:30:00
2007-01-26,8:30am,USD,Durable Goods Orders m/m,Medium,3.1%,3.2%,2.2%,2007-01-26 08:30:00
2007-01-26,10:00am,USD,New Home Sales,High,1120K,1050K,1069K,2007-01-26 10:00:00
2007-01-27,Day 4,All,WEF Annual Meetings,Medium,,,,2007-01-27 00:00:00
2007-01-28,Day 5,All,WEF Annual Meetings,Medium,,,,2007-01-28 00:00:00
2007-01-28,6:50pm,JPY,Retail Sales y/y,Medium,-0.3%,-0.6%,-0.2%,2007-01-28 18:50:00
2007-01-28,7:30pm,AUD,NAB Quarterly Business Confidence,Medium,4,,2,2007-01-28 19:30:00
2007-01-29,All Day,EUR,Eurogroup Meetings,Non-economic,,,,2007-01-29 00:00:00
2007-01-29,6:00am,GBP,CBI Realized Sales,Medium,30,18,25,2007-01-29 06:00:00
2007-01-29,4:45pm,NZD,Building Consents m/m,Medium,-4.9%,,-11.6%,2007-01-29 16:45:00
2007-01-29,6:30pm,JPY,Household Spending y/y,Non-economic,-1.9%,-1.2%,-0.7%,2007-01-29 18:30:00
2007-01-29,6:30pm,JPY,Unemployment Rate,Non-economic,4.1%,4.0%,4.0%,2007-01-29 18:30:00
2007-01-29,6:50pm,JPY,Prelim Industrial Production m/m,Medium,0.7%,0.4%,0.8%,2007-01-29 18:50:00
2007-01-29,7:30pm,AUD,NAB Business Confidence,Non-economic,4,,6,2007-01-29 19:30:00
2007-01-30,2:00am,GBP,Nationwide HPI m/m,Medium,0.3%,0.8%,1.2%,2007-01-30 02:00:00
2007-01-30,All Day,EUR,German Prelim CPI m/m,Medium,-0.2%,0.2%,0.8%,2007-01-30 00:00:00
2007-01-30,4:00am,EUR,Retail PMI,Non-economic,47.9,,52.1,2007-01-30 04:00:00
2007-01-30,All Day,EUR,ECOFIN Meetings,Non-economic,,,,2007-01-30 00:00:00
2007-01-30,4:30am,GBP,Mortgage Approvals,Non-economic,113K,122K,129K,2007-01-30 04:30:00
2007-01-30,4:30am,GBP,Net Lending to Individuals m/m,Non-economic,11.6B,10.6B,11.2B,2007-01-30 04:30:00
2007-01-30,5:18am,EUR,Italian 10-y Bond Auction,Non-economic,4.29|1.3,,4.17|1.5,2007-01-30 05:18:00
2007-01-30,8:30am,CAD,IPPI m/m,Non-economic,1.4%,0.5%,0.0%,2007-01-30 08:30:00
2007-01-30,8:30am,CAD,RMPI m/m,Non-economic,5.2%,0.4%,0.9%,2007-01-30 08:30:00
2007-01-30,9:00am,USD,S&P/CS Composite-20 HPI y/y,Non-economic,1.7%,1.6%,2.9%,2007-01-30 09:00:00
2007-01-30,10:00am,USD,CB Consumer Confidence,High,110.3,110.5,110.0,2007-01-30 10:00:00
2007-01-30,4:45pm,NZD,Trade Balance,High,-433M,-422M,-806M,2007-01-30 16:45:00
2007-01-30,6:30pm,JPY,Final Manufacturing PMI,Non-economic,53.4,,53.1,2007-01-30 18:30:00
2007-01-30,7:20pm,AUD,HIA New Home Sales m/m,Medium,6.0%,,-5.3%,2007-01-30 19:20:00
2007-01-30,7:30pm,AUD,Private Sector Credit m/m,Medium,0.9%,1.0%,1.1%,2007-01-30 19:30:00
2007-01-30,8:30pm,JPY,Average Cash Earnings y/y,Non-economic,-0.6%,0.5%,0.2%,2007-01-30 20:30:00
2007-01-31,12:00am,JPY,Housing Starts y/y,Non-economic,10.2%,9.0%,4.0%,2007-01-31 00:00:00
2007-01-31,2:00am,EUR,German Retail Sales m/m,Medium,2.4%,1.2%,-0.7%,2007-01-31 02:00:00
2007-01-31,3:55am,EUR,German Unemployment Change,Medium,-70K,-80K,-96K,2007-01-31 03:55:00
2007-01-31,5:00am,EUR,Consumer Confidence,Non-economic,-7,-6,-6,2007-01-31 05:00:00
2007-01-31,5:00am,EUR,CPI Flash Estimate y/y,Non-economic,1.9%,2.1%,1.9%,2007-01-31 05:00:00
2007-01-31,5:00am,EUR,Unemployment Rate,Non-economic,7.5%,7.6%,7.6%,2007-01-31 05:00:00
2007-01-31,5:30am,CHF,KOF Economic Barometer,Medium,1.71,1.55,1.75,2007-01-31 05:30:00
2007-01-31,5:30am,GBP,GfK Consumer Confidence,Non-economic,-7,-8,-8,2007-01-31 05:30:00
2007-01-31,8:15am,USD,ADP Non-Farm Employment Change,Medium,152K,135K,147K,2007-01-31 08:15:00
2007-01-31,8:30am,CAD,GDP m/m,High,0.2%,0.3%,0.0%,2007-01-31 08:30:00
2007-01-31,8:30am,USD,Advance GDP q/q,High,3.5%,3.0%,2.0%,2007-01-31 08:30:00
2007-01-31,8:30am,USD,Advance GDP Price Index q/q,Medium,1.5%,1.7%,1.9%,2007-01-31 08:30:00
2007-01-31,8:30am,USD,Employment Cost Index q/q,Medium,0.8%,1.0%,1.0%,2007-01-31 08:30:00
2007-01-31,9:45am,USD,Chicago PMI,Medium,48.8,52.0,52.4,2007-01-31 09:45:00
2007-01-31,10:00am,USD,Construction Spending m/m,Non-economic,-0.4%,-0.1%,0.1%,2007-01-31 10:00:00
2007-01-31,10:30am,USD,Crude Oil Inventories,Non-economic,2.7M,1.4M,0.7M,2007-01-31 10:30:00
2007-01-31,2:15pm,USD,Federal Funds Rate,High,5.25%,5.25%,5.25%,2007-01-31 14:15:00
2007-01-31,2:15pm,USD,FOMC Statement,High,,,,2007-01-31 14:15:00
2007-01-31,5:30pm,AUD,AIG Manufacturing Index,Non-economic,51.3,,52.4,2007-01-31 17:30:00
2007-01-31,8:00pm,CNY,Manufacturing PMI,High,55.1,,54.8,2007-01-31 20:00:00
2007-01-31,9:30pm,CNY,RatingDog Manufacturing PMI,Medium,52.0,,52.4,2007-01-31 21:30:00
2007-01-31,10:45pm,JPY,10-y Bond Auction,Non-economic,1.70|2.8,,1.73|2.5,2007-01-31 22:45:00
2007-02-01,12:30am,AUD,Commodity Prices y/y,Medium,10.1%,,11.2%,2007-02-01 00:30:00
2007-02-01,2:15am,CHF,Trade Balance,Medium,0.43B,1.00B,1.23B,2007-02-01 02:15:00
2007-02-01,3:15am,EUR,Spanish Manufacturing PMI,Non-economic,56.2,,57.2,2007-02-01 03:15:00
2007-02-01,3:30am,CHF,Manufacturing PMI,Medium,62.0,64.7,65.0,2007-02-01 03:30:00
2007-02-01,3:45am,EUR,Italian Manufacturing PMI,Non-economic,53.5,54.6,55.0,2007-02-01 03:45:00
2007-02-01,4:00am,EUR,Final Manufacturing PMI,Medium,55.5,56.3,56.5,2007-02-01 04:00:00
2007-02-01,4:30am,GBP,Final Manufacturing PMI,Medium,52.8,51.9,52.0,2007-02-01 04:30:00
2007-02-01,5:00am,EUR,French 10-y Bond Auction,Non-economic,4.12|2.8,,3.97|2.4,2007-02-01 05:00:00
2007-02-01,7:30am,USD,Challenger Job Cuts y/y,Non-economic,-39.1%,,-49.3%,2007-02-01 07:30:00
2007-02-01,8:30am,USD,Core PCE Price Index m/m,High,0.1%,0.2%,0.0%,2007-02-01 08:30:00
2007-02-01,8:30am,USD,Personal Spending m/m,Medium,0.7%,0.7%,0.5%,2007-02-01 08:30:00
2007-02-01,8:30am,USD,Personal Income m/m,Non-economic,0.5%,0.5%,0.3%,2007-02-01 08:30:00
2007-02-01,8:30am,USD,Unemployment Claims,Non-economic,307K,315K,327K,2007-02-01 08:30:00
2007-02-01,10:00am,USD,ISM Manufacturing PMI,High,49.3,51.6,51.4,2007-02-01 10:00:00
2007-02-01,10:00am,USD,Pending Home Sales m/m,High,4.9%,2.2%,-0.3%,2007-02-01 10:00:00
2007-02-01,10:00am,USD,ISM Manufacturing Prices,Non-economic,53.0,47.2,47.5,2007-02-01 10:00:00
2007-02-01,10:30am,USD,Natural Gas Storage,Non-economic,-186B,-201B,-179B,2007-02-01 10:30:00
2007-02-01,All Day,USD,Total Vehicle Sales,Non-economic,16.6M,16.6M,16.7M,2007-02-01 00:00:00
2007-02-01,11:30am,EUR,ECB President Trichet Speaks,Medium,,,,2007-02-01 11:30:00
2007-02-01,4:45pm,NZD,Visitor Arrivals m/m,Non-economic,-1.3%,,0.5%,2007-02-01 16:45:00
2007-02-01,6:50pm,JPY,Monetary Base y/y,Non-economic,-21.1%,-20.0%,-20.0%,2007-02-01 18:50:00
2007-02-01,7:30pm,AUD,Goods Trade Balance,Medium,-1.34B,-1.05B,-0.90,2007-02-01 19:30:00
2007-02-02,3:00am,EUR,Spanish Unemployment Change,Non-economic,59.6K,,-0.3K,2007-02-02 03:00:00
2007-02-02,4:00am,CHF,SNB Chairman Roth Speaks,Medium,,,,2007-02-02 04:00:00
2007-02-02,4:30am,GBP,Construction PMI,Non-economic,57.9,57.0,57.5,2007-02-02 04:30:00
2007-02-02,5:00am,EUR,PPI m/m,Non-economic,0.0%,0.0%,0.0%,2007-02-02 05:00:00
2007-02-02,8:30am,USD,Non-Farm Employment Change,High,111K,146K,206K,2007-02-02 08:30:00
2007-02-02,8:30am,USD,Unemployment Rate,High,4.6%,4.5%,4.5%,2007-02-02 08:30:00
2007-02-02,8:30am,USD,Average Hourly Earnings m/m,Medium,0.2%,0.4%,0.4%,2007-02-02 08:30:00
2007-02-02,10:00am,USD,Factory Orders m/m,Medium,2.4%,1.6%,1.2%,2007-02-02 10:00:00
2007-02-02,10:00am,USD,Revised UoM Consumer Sentiment,Medium,96.9,98.0,98.0,2007-02-02 10:00:00
2007-02-02,10:00am,USD,Revised UoM Inflation Expectations,Non-economic,3.0%,,3.0%,2007-02-02 10:00:00
2007-02-02,8:00pm,CNY,Non-Manufacturing PMI,Non-economic,55.6,,,2007-02-02 20:00:00
2007-02-04,4:45pm,NZD,Labor Cost Index q/q,High,1.0%,0.7%,0.8%,2007-02-04 16:45:00
2007-02-04,5:30pm,AUD,AIG Services Index,Non-economic,49.5,,49.5,2007-02-04 17:30:00
2007-02-04,6:30pm,AUD,MI Inflation Gauge m/m,Non-economic,0.0%,,0.3%,2007-02-04 18:30:00
2007-02-04,7:30pm,AUD,Building Approvals m/m,High,-1.9%,-0.8%,3.5%,2007-02-04 19:30:00
2007-02-04,7:30pm,AUD,Retail Sales m/m,High,0.3%,0.5%,0.2%,2007-02-04 19:30:00
2007-02-04,7:30pm,AUD,ANZ Job Advertisements m/m,Medium,-0.1%,,11.8%,2007-02-04 19:30:00
2007-02-05,3:15am,EUR,Spanish Services PMI,Non-economic,57.9,,58.1,2007-02-05 03:15:00
2007-02-05,3:45am,EUR,Italian Services PMI,Non-economic,55.4,54.9,55.0,2007-02-05 03:45:00
2007-02-05,4:00am,EUR,Final Services PMI,Non-economic,57.9,56.8,57.2,2007-02-05 04:00:00
2007-02-05,4:30am,EUR,Sentix Investor Confidence,Non-economic,31.1,30.5,29.5,2007-02-05 04:30:00
2007-02-05,4:30am,GBP,Final Services PMI,Medium,59.2,60.0,60.6,2007-02-05 04:30:00
2007-02-05,5:00am,EUR,Italian Prelim CPI m/m,Non-economic,0.2%,0.1%,0.1%,2007-02-05 05:00:00
2007-02-05,10:00am,CAD,Ivey PMI,High,53.8,52.0,49.4,2007-02-05 10:00:00
2007-02-05,10:00am,USD,ISM Services PMI,High,59.0,56.8,57.1,2007-02-05 10:00:00
2007-02-05,2:00pm,USD,Loan Officer Survey,Non-economic,,,,2007-02-05 14:00:00
2007-02-05,All Day,NZD,Bank Holiday,Low,,,,2007-02-05 00:00:00
2007-02-06,12:00am,JPY,Leading Indicators,Non-economic,25.0%,25.0%,18.2%,2007-02-06 00:00:00
2007-02-06,3:00am,CHF,Foreign Currency Reserves,Non-economic,45B,,46B,2007-02-06 03:00:00
2007-02-06,5:00am,EUR,Retail Sales m/m,Non-economic,0.3%,1.0%,0.5%,2007-02-06 05:00:00
2007-02-06,6:00am,EUR,German Factory Orders m/m,Medium,-0.2%,0.5%,0.8%,2007-02-06 06:00:00
2007-02-06,6:00am,GBP,BRC Retail Sales Monitor y/y,Medium,3.1%,,2.5%,2007-02-06 06:00:00
2007-02-06,8:30am,CAD,Building Permits m/m,Medium,-7.8%,-2.0%,2.6%,2007-02-06 08:30:00
2007-02-06,10:00am,USD,JOLTS Job Openings,Non-economic,4.43M,,4.29M,2007-02-06 10:00:00
2007-02-06,12:00pm,CAD,Gov Council Member Longworth Speaks,Medium,,,,2007-02-06 12:00:00
2007-02-06,5:00pm,USD,Fed Chairman Bernanke Speaks,Medium,,,,2007-02-06 17:00:00
2007-02-06,5:30pm,AUD,Cash Rate,High,6.25%,6.25%,6.25%,2007-02-06 17:30:00
2007-02-06,5:30pm,AUD,AIG Construction Index,Non-economic,48.4,,52.1,2007-02-06 17:30:00
2007-02-06,7:01pm,GBP,Nationwide Consumer Confidence,Non-economic,84,85,83,2007-02-06 19:01:00
2007-02-06,8:59pm,NZD,ANZ Commodity Prices m/m,Non-economic,3.8%,,2.1%,2007-02-06 20:59:00
2007-02-06,9:00pm,NZD,ANZ Commodity Prices m/m,Non-economic,1.3%,,3.8%,2007-02-06 21:00:00
2007-02-07,1:45am,CHF,Unemployment Rate,Non-economic,3.0%,3.1%,3.1%,2007-02-07 01:45:00
2007-02-07,2:45am,EUR,French Gov Budget Balance,Non-economic,-36.2B,,-54.9B,2007-02-07 02:45:00
2007-02-07,4:30am,GBP,Manufacturing Production m/m,High,0.2%,0.1%,0.2%,2007-02-07 04:30:00
2007-02-07,4:30am,GBP,Industrial Production m/m,Non-economic,-0.1%,0.1%,0.4%,2007-02-07 04:30:00
2007-02-07,5:30am,GBP,BRC Shop Price Index y/y,Non-economic,1.8%,,2.3%,2007-02-07 05:30:00
2007-02-07,6:00am,EUR,German Industrial Production m/m,Medium,-0.5%,0.5%,2.0%,2007-02-07 06:00:00
2007-02-07,8:30am,USD,Prelim Nonfarm Productivity q/q,Medium,3.0%,2.0%,0.2%,2007-02-07 08:30:00
2007-02-07,8:30am,USD,Prelim Unit Labor Costs q/q,Medium,1.7%,2.1%,2.3%,2007-02-07 08:30:00
2007-02-07,10:30am,USD,Crude Oil Inventories,Non-economic,-0.4M,2.0M,2.7M,2007-02-07 10:30:00
2007-02-07,1:00pm,USD,10-y Bond Auction,Medium,4.74|2.4,,4.58|2.5,2007-02-07 13:00:00
2007-02-07,3:00pm,USD,Consumer Credit m/m,Non-economic,6.0B,7.0B,13.7B,2007-02-07 15:00:00
2007-02-07,4:45pm,NZD,Employment Change q/q,High,-0.1%,0.0%,-0.4%,2007-02-07 16:45:00
2007-02-07,4:45pm,NZD,Unemployment Rate,High,3.7%,3.8%,3.8%,2007-02-07 16:45:00
2007-02-07,6:50pm,JPY,Bank Lending y/y,Non-economic,1.7%,,1.7%,2007-02-07 18:50:00
2007-02-07,6:50pm,JPY,M2 Money Stock y/y,Non-economic,1.0%,0.8%,0.8%,2007-02-07 18:50:00
2007-02-07,7:01pm,GBP,NIESR GDP Estimate,Non-economic,0.8%,,0.8%,2007-02-07 19:01:00
2007-02-07,7:30pm,AUD,Employment Change,High,-3.6K,3.0K,46.0K,2007-02-07 19:30:00
2007-02-07,7:30pm,AUD,Unemployment Rate,Medium,4.5%,4.6%,4.6%,2007-02-07 19:30:00
2007-02-08,1:00am,JPY,Prelim Machine Tool Orders y/y,Non-economic,5.7%,,-1.9%,2007-02-08 01:00:00
2007-02-08,1:45am,CHF,CPI m/m,High,-0.7%,-0.3%,0.0%,2007-02-08 01:45:00
2007-02-08,1:45am,CHF,SECO Consumer Climate,Medium,17,14,13,2007-02-08 01:45:00
2007-02-08,2:00am,EUR,German Trade Balance,Non-economic,14.4B,17.0B,19.1B,2007-02-08 02:00:00
2007-02-08,2:00am,JPY,Economy Watchers Sentiment,Non-economic,47.2,49.0,48.9,2007-02-08 02:00:00
2007-02-08,3:00am,GBP,Halifax HPI m/m,High,1.3%,0.4%,-0.9%,2007-02-08 03:00:00
2007-02-08,7:00am,GBP,Official Bank Rate,High,5.25%,5.25%,5.25%,2007-02-08 07:00:00
2007-02-08,7:45am,EUR,Main Refinancing Rate,Medium,3.50%,3.50%,3.50%,2007-02-08 07:45:00
2007-02-08,8:15am,CAD,Housing Starts,High,249K,216K,213K,2007-02-08 08:15:00
2007-02-08,8:30am,CAD,NHPI m/m,Non-economic,0.0%,0.5%,0.5%,2007-02-08 08:30:00
2007-02-08,8:30am,EUR,ECB Press Conference,High,,,,2007-02-08 08:30:00
2007-02-08,8:30am,USD,Unemployment Claims,Non-economic,311K,310K,308K,2007-02-08 08:30:00
2007-02-08,10:00am,USD,Final Wholesale Inventories m/m,Non-economic,-0.5%,0.6%,1.1%,2007-02-08 10:00:00
2007-02-08,10:30am,USD,Natural Gas Storage,Non-economic,-224B,-219B,-186B,2007-02-08 10:30:00
2007-02-08,1:00pm,USD,30-y Bond Auction,Non-economic,4.81|2.5,,5.08|1.8,2007-02-08 13:00:00
2007-02-08,6:50pm,JPY,Core Machinery Orders m/m,Medium,-0.7%,-0.5%,3.8%,2007-02-08 18:50:00
2007-02-08,7:30pm,AUD,Home Loans m/m,Medium,0.1%,0.3%,-0.4%,2007-02-08 19:30:00
2007-02-09,2:00am,EUR,German WPI m/m,Non-economic,0.0%,-0.2%,0.0%,2007-02-09 02:00:00
2007-02-09,2:45am,EUR,French Industrial Production m/m,Medium,1.1%,0.2%,-0.4%,2007-02-09 02:45:00
2007-02-09,2:45am,EUR,French Trade Balance,Non-economic,-2.9B,-2.9B,-2.7B,2007-02-09 02:45:00
2007-02-09,4:00am,EUR,Italian Industrial Production m/m,Non-economic,2.0%,0.7%,0.5%,2007-02-09 04:00:00
2007-02-09,Day 1,All,G7 Meetings,Medium,,,,2007-02-09 00:00:00
2007-02-09,4:30am,GBP,Goods Trade Balance,High,-7.1B,-7.0B,-6.9B,2007-02-09 04:30:00
2007-02-09,7:00am,CAD,Employment Change,High,89.0K,25.0K,62.0K,2007-02-09 07:00:00
2007-02-09,7:00am,CAD,Unemployment Rate,High,6.2%,6.1%,6.1%,2007-02-09 07:00:00
2007-02-10,Day 2,All,G7 Meetings,High,,,,2007-02-10 00:00:00
2007-02-11,All Day,JPY,Bank Holiday,Low,,,,2007-02-11 00:00:00
2007-02-11,7:30pm,AUD,RBA Monetary Policy Statement,High,,,,2007-02-11 19:30:00
2007-02-11,10:10pm,CNY,USD-Denominated Trade Balance,High,15.9B,15.5B,21.0B,2007-02-11 22:10:00
2007-02-12,4:30am,GBP,PPI Input m/m,High,-2.0%,-0.8%,0.1%,2007-02-12 04:30:00
2007-02-12,4:30am,GBP,ONS HPI y/y,Non-economic,9.9%,9.4%,8.8%,2007-02-12 04:30:00
2007-02-12,4:30am,GBP,PPI Output m/m,Non-economic,0.3%,0.2%,0.2%,2007-02-12 04:30:00
2007-02-12,10:30am,GBP,CB Leading Index m/m,Non-economic,0.1%,,0.1%,2007-02-12 10:30:00
2007-02-12,2:00pm,USD,Federal Budget Balance,Medium,38.2B,40.0B,44.5B,2007-02-12 14:00:00
2007-02-12,4:45pm,NZD,PPI Input q/q,High,-0.3%,0.0%,2.0%,2007-02-12 16:45:00
2007-02-12,4:45pm,NZD,PPI Output q/q,Non-economic,-0.5%,-0.4%,0.7%,2007-02-12 16:45:00
2007-02-12,6:50pm,JPY,PPI y/y,Non-economic,2.2%,2.4%,2.5%,2007-02-12 18:50:00
2007-02-12,7:30pm,AUD,NAB Business Confidence,Non-economic,6,,4,2007-02-12 19:30:00
2007-02-12,9:00pm,CNY,PPI y/y,Medium,3.3%,2.9%,3.1%,2007-02-12 21:00:00
2007-02-13,12:00am,JPY,Consumer Confidence,Non-economic,48.1,48.8,45.9,2007-02-13 00:00:00
2007-02-13,2:00am,EUR,German Prelim GDP q/q,High,0.9%,0.6%,0.8%,2007-02-13 02:00:00
2007-02-13,2:45am,EUR,French Prelim GDP q/q,Non-economic,0.6%,0.5%,0.0%,2007-02-13 02:45:00
2007-02-13,3:00am,EUR,Spanish Flash GDP q/q,Non-economic,1.1%,1.1%,0.9%,2007-02-13 03:00:00
2007-02-13,4:00am,EUR,Italian Prelim GDP q/q,Non-economic,1.1%,0.4%,0.3%,2007-02-13 04:00:00
2007-02-13,4:30am,GBP,CPI y/y,High,2.7%,2.9%,3.0%,2007-02-13 04:30:00
2007-02-13,4:30am,GBP,Core CPI y/y,Medium,1.6%,1.8%,1.8%,2007-02-13 04:30:00
2007-02-13,4:30am,GBP,RPI y/y,Medium,4.2%,4.5%,4.4%,2007-02-13 04:30:00
2007-02-13,5:00am,EUR,Flash GDP q/q,Medium,0.9%,0.6%,0.2%,2007-02-13 05:00:00
2007-02-13,5:00am,EUR,Industrial Production m/m,Medium,1.0%,0.4%,0.3%,2007-02-13 05:00:00
2007-02-13,5:00am,EUR,German ZEW Economic Sentiment,Medium,2.9,5.2,-3.6,2007-02-13 05:00:00
2007-02-13,5:00am,EUR,ZEW Economic Sentiment,Non-economic,6.8,3.0,-1.8,2007-02-13 05:00:00
2007-02-13,7:30am,USD,NFIB Small Business Index,Non-economic,98.9,,96.5,2007-02-13 07:30:00
2007-02-13,8:30am,CAD,Trade Balance,Medium,5.0B,4.7B,4.7B,2007-02-13 08:30:00
2007-02-13,8:30am,USD,Trade Balance,High,-61.2B,-59.5B,-58.1B,2007-02-13 08:30:00
2007-02-13,10:00am,USD,RCM/TIPP Economic Optimism,Non-economic,52.7,54.0,53.7,2007-02-13 10:00:00
2007-02-13,4:45pm,NZD,FPI m/m,Non-economic,1.4%,,-0.5%,2007-02-13 16:45:00
2007-02-13,6:30pm,AUD,Westpac Consumer Sentiment,Non-economic,1.7%,,7.3%,2007-02-13 18:30:00
2007-02-13,6:50pm,JPY,Current Account,Non-economic,1.87T,2.01T,1.95T,2007-02-13 18:50:00
2007-02-13,9:00pm,CNY,CPI y/y,Medium,2.2%,2.7%,2.8%,2007-02-13 21:00:00
2007-02-13,9:00pm,CNY,New Loans,Medium,568B,,214B,2007-02-13 21:00:00
2007-02-13,9:00pm,CNY,M2 Money Supply y/y,Non-economic,15.8%,16.5%,16.9%,2007-02-13 21:00:00
2007-02-13,11:30pm,JPY,Revised Industrial Production m/m,Non-economic,0.9%,0.7%,0.7%,2007-02-13 23:30:00
2007-02-14,1:25am,CNY,Foreign Direct Investment ytd/y,Non-economic,13.8%,,4.2%,2007-02-14 01:25:00
2007-02-14,4:30am,GBP,Claimant Count Change,High,-13.5K,-5.0K,-5.5K,2007-02-14 04:30:00
2007-02-14,4:30am,GBP,Average Earnings Index 3m/y,Medium,4.0%,4.1%,4.1%,2007-02-14 04:30:00
2007-02-14,4:30am,GBP,Unemployment Rate,Non-economic,5.5%,5.5%,5.5%,2007-02-14 04:30:00
2007-02-14,5:10am,EUR,German 10-y Bond Auction,Non-economic,4.11|1.8,,3.94|1.8,2007-02-14 05:10:00
2007-02-14,5:30am,GBP,BOE Gov King Speaks,High,,,,2007-02-14 05:30:00
2007-02-14,5:30am,GBP,BOE Monetary Policy Report,High,,,,2007-02-14 05:30:00
2007-02-14,8:30am,CAD,New Motor Vehicle Sales m/m,Non-economic,5.6%,5.0%,3.4%,2007-02-14 08:30:00
2007-02-14,8:30am,USD,Core Retail Sales m/m,High,0.3%,0.4%,1.3%,2007-02-14 08:30:00
2007-02-14,8:30am,USD,Retail Sales m/m,High,0.0%,0.3%,1.2%,2007-02-14 08:30:00
2007-02-14,10:00am,USD,Fed Chairman Bernanke Testifies,High,,,,2007-02-14 10:00:00
2007-02-14,10:00am,USD,Business Inventories m/m,Medium,0.0%,0.2%,0.2%,2007-02-14 10:00:00
2007-02-14,10:00am,USD,Fed Monetary Policy Report,Non-economic,,,,2007-02-14 10:00:00
2007-02-14,10:30am,USD,Crude Oil Inventories,Non-economic,-0.6M,1.0M,-0.4M,2007-02-14 10:30:00
2007-02-14,4:30pm,AUD,MI Inflation Expectations,Non-economic,3.2%,,3.5%,2007-02-14 16:30:00
2007-02-14,4:45pm,NZD,Core Retail Sales m/m,High,0.2%,0.2%,-0.1%,2007-02-14 16:45:00
2007-02-14,4:45pm,NZD,Retail Sales m/m,High,0.7%,0.7%,-0.2%,2007-02-14 16:45:00
2007-02-14,4:45pm,NZD,Core Retail Sales q/q,Non-economic,1.5%,,1.4%,2007-02-14 16:45:00
2007-02-14,4:45pm,NZD,Retail Sales q/q,Non-economic,1.8%,1.2%,1.3%,2007-02-14 16:45:00
2007-02-14,6:00pm,NZD,BusinessNZ Manufacturing Index,Non-economic,56.0,,54.3,2007-02-14 18:00:00
2007-02-14,6:50pm,JPY,Prelim GDP q/q,High,1.2%,0.9%,0.1%,2007-02-14 18:50:00
2007-02-14,6:50pm,JPY,Prelim GDP Price Index y/y,Medium,-0.5%,-0.5%,-0.7%,2007-02-14 18:50:00
2007-02-14,7:01pm,GBP,RICS House Price Balance,Medium,28%,34%,37%,2007-02-14 19:01:00
2007-02-14,7:30pm,AUD,HPI q/q,Non-economic,0.9%,1.8%,2.1%,2007-02-14 19:30:00
2007-02-14,7:30pm,AUD,RBA Bulletin,Non-economic,,,,2007-02-14 19:30:00
2007-02-15,4:30am,GBP,Retail Sales m/m,High,-1.8%,0.2%,1.1%,2007-02-15 04:30:00
2007-02-15,5:00am,CHF,UBS Economic Expectations,Medium,-17.3,,-10.8,2007-02-15 05:00:00
2007-02-15,5:00am,EUR,ECB Monthly Bulletin,Medium,,,,2007-02-15 05:00:00
2007-02-15,6:00am,EUR,ECB President Trichet Speaks,Medium,,,,2007-02-15 06:00:00
2007-02-15,8:30am,CAD,Manufacturing Sales m/m,Medium,1.7%,0.6%,2.4%,2007-02-15 08:30:00
2007-02-15,8:30am,USD,Empire State Manufacturing Index,Medium,24.4,10.5,9.1,2007-02-15 08:30:00
2007-02-15,8:30am,USD,Import Prices m/m,Medium,-1.2%,-0.2%,1.1%,2007-02-15 08:30:00
2007-02-15,8:30am,USD,Unemployment Claims,Non-economic,357K,314K,313K,2007-02-15 08:30:00
2007-02-15,9:00am,USD,TIC Long-Term Purchases,High,15.6B,60.0B,84.9B,2007-02-15 09:00:00
2007-02-15,9:15am,USD,Capacity Utilization Rate,Medium,81.2%,81.8%,81.8%,2007-02-15 09:15:00
2007-02-15,9:15am,USD,Industrial Production m/m,Medium,-0.5%,0.0%,0.5%,2007-02-15 09:15:00
2007-02-15,10:00am,USD,Fed Chairman Bernanke Testifies,High,,,,2007-02-15 10:00:00
2007-02-15,10:30am,CAD,BOC Review,Non-economic,,,,2007-02-15 10:30:00
2007-02-15,10:30am,USD,Natural Gas Storage,Non-economic,-259B,-254B,-224B,2007-02-15 10:30:00
2007-02-15,12:00pm,USD,Philly Fed Manufacturing Index,Medium,0.6,3.5,8.3,2007-02-15 12:00:00
2007-02-15,1:00pm,USD,NAHB Housing Market Index,Non-economic,40,35,35,2007-02-15 13:00:00
2007-02-15,6:50pm,JPY,Tertiary Industry Activity m/m,Medium,-0.4%,-0.1%,0.0%,2007-02-15 18:50:00
2007-02-16,2:00am,EUR,German Final CPI m/m,Non-economic,-0.2%,-0.2%,-0.2%,2007-02-16 02:00:00
2007-02-16,2:45am,EUR,French Prelim Private Payrolls q/q,Medium,0.2%,0.2%,0.2%,2007-02-16 02:45:00
2007-02-16,3:15am,CHF,Retail Sales y/y,Medium,0.8%,2.5%,3.3%,2007-02-16 03:15:00
2007-02-16,4:00am,EUR,Italian Trade Balance,Non-economic,-0.59B,-0.20B,-0.93B,2007-02-16 04:00:00
2007-02-16,5:00am,EUR,Trade Balance,Non-economic,0.7B,3.2B,4.4B,2007-02-16 05:00:00
2007-02-16,8:30am,USD,PPI m/m,High,-0.6%,-0.6%,0.9%,2007-02-16 08:30:00
2007-02-16,8:30am,USD,Building Permits,Medium,1.57M,1.59M,1.61M,2007-02-16 08:30:00
2007-02-16,8:30am,USD,Core PPI m/m,Medium,0.2%,0.2%,0.2%,2007-02-16 08:30:00
2007-02-16,8:30am,USD,Housing Starts,Medium,1.41M,1.61M,1.64M,2007-02-16 08:30:00
2007-02-16,10:00am,USD,Prelim UoM Consumer Sentiment,High,93.3,96.5,96.9,2007-02-16 10:00:00
2007-02-16,10:00am,USD,Prelim UoM Inflation Expectations,Non-economic,3.0%,,3.0%,2007-02-16 10:00:00
2007-02-18,7:00pm,CNY,Bank Holiday,Low,,,,2007-02-18 19:00:00
2007-02-18,7:01pm,GBP,Rightmove HPI m/m,Non-economic,0.9%,,0.5%,2007-02-18 19:01:00
2007-02-19,6:00am,EUR,German Buba Monthly Report,Medium,,,,2007-02-19 06:00:00
2007-02-19,All Day,USD,Bank Holiday,Low,,,,2007-02-19 00:00:00
2007-02-19,8:30am,CAD,Foreign Securities Purchases,Medium,-3.26B,3.89B,11.14B,2007-02-19 08:30:00
2007-02-19,8:30am,CAD,Wholesale Sales m/m,Medium,2.7%,0.6%,0.3%,2007-02-19 08:30:00
2007-02-19,All Day,CNY,Bank Holiday,Low,,,,2007-02-19 00:00:00
2007-02-20,2:00am,EUR,German PPI m/m,Non-economic,0.0%,0.1%,0.0%,2007-02-20 02:00:00
2007-02-20,2:15am,CHF,Trade Balance,Medium,1.27B,0.75B,0.41B,2007-02-20 02:15:00
2007-02-20,3:15am,CHF,PPI m/m,Medium,-0.2%,-0.1%,0.0%,2007-02-20 03:15:00
2007-02-20,4:30am,GBP,M4 Money Supply m/m,Non-economic,0.9%,0.8%,0.9%,2007-02-20 04:30:00
2007-02-20,4:30am,GBP,Public Sector Net Borrowing,Non-economic,-10.3B,10.0B,6.5B,2007-02-20 04:30:00
2007-02-20,7:00am,CAD,Core CPI m/m,High,0.1%,0.1%,-0.2%,2007-02-20 07:00:00
2007-02-20,7:00am,CAD,CPI m/m,Medium,0.1%,0.1%,0.2%,2007-02-20 07:00:00
2007-02-20,7:30am,CAD,Gov Council Member Jenkins Speaks,Non-economic,,,,2007-02-20 07:30:00
2007-02-20,8:30am,CAD,Leading Index m/m,Non-economic,0.5%,0.4%,0.2%,2007-02-20 08:30:00
2007-02-20,6:00pm,AUD,RBA Gov Stevens Speaks,Medium,,,,2007-02-20 18:00:00
2007-02-20,6:30pm,AUD,MI Leading Index m/m,Non-economic,0.6%,,0.5%,2007-02-20 18:30:00
2007-02-20,All Day,CNY,Bank Holiday,Low,,,,2007-02-20 00:00:00
2007-02-20,7:30pm,AUD,New Motor Vehicle Sales m/m,Non-economic,5.3%,,1.4%,2007-02-20 19:30:00
2007-02-20,7:30pm,AUD,Wage Price Index q/q,Non-economic,1.1%,0.9%,0.8%,2007-02-20 19:30:00
2007-02-20,11:00pm,JPY,Overnight Call Rate,High,0.50%,0.25%,0.25%,2007-02-20 23:00:00
2007-02-21,1:00am,JPY,BOJ Monthly Report,Non-economic,,,,2007-02-21 01:00:00
2007-02-21,1:30am,JPY,BOJ Press Conference,High,,,,2007-02-21 01:30:00
2007-02-21,2:45am,EUR,French Final CPI m/m,Non-economic,-0.4%,-0.3%,0.2%,2007-02-21 02:45:00
2007-02-21,3:00am,GBP,MPC Member Bean Speaks,Medium,,,,2007-02-21 03:00:00
2007-02-21,4:00am,EUR,Current Account,Non-economic,2.3B,-1.2B,0.9B,2007-02-21 04:00:00
2007-02-21,4:30am,GBP,MPC Official Bank Rate Votes,High,2-0-7,1-0-8,5-0-4,2007-02-21 04:30:00
2007-02-21,6:00am,GBP,CBI Industrial Order Expectations,Medium,4,-8,-9,2007-02-21 06:00:00
2007-02-21,8:30am,CAD,Core Retail Sales m/m,High,2.0%,0.7%,0.2%,2007-02-21 08:30:00
2007-02-21,8:30am,CAD,Retail Sales m/m,Medium,2.3%,1.0%,0.3%,2007-02-21 08:30:00
2007-02-21,8:30am,USD,Core CPI m/m,High,0.3%,0.2%,0.2%,2007-02-21 08:30:00
2007-02-21,8:30am,USD,CPI y/y,High,2.1%,2.0%,2.5%,2007-02-21 08:30:00
2007-02-21,8:30am,USD,CPI m/m,Medium,0.2%,0.2%,0.5%,2007-02-21 08:30:00
2007-02-21,10:00am,USD,CB Leading Index m/m,Non-economic,0.1%,0.2%,0.6%,2007-02-21 10:00:00
2007-02-21,1:00pm,USD,FOMC Member Kohn Speaks,Medium,,,,2007-02-21 13:00:00
2007-02-21,2:00pm,USD,FOMC Meeting Minutes,High,,,,2007-02-21 14:00:00
2007-02-21,6:50pm,JPY,Trade Balance,Non-economic,1.09T,0.75T,0.71T,2007-02-21 18:50:00
2007-02-21,All Day,CNY,Bank Holiday,Low,,,,2007-02-21 00:00:00
2007-02-21,8:00pm,NZD,Credit Card Spending y/y,Non-economic,6.7%,,9.9%,2007-02-21 20:00:00
2007-02-22,2:00am,EUR,German Final GDP q/q,Non-economic,0.9%,0.9%,0.9%,2007-02-22 02:00:00
2007-02-22,3:15am,CHF,Employment Level,Medium,3.70M,3.69M,3.70M,2007-02-22 03:15:00
2007-02-22,4:00am,EUR,Italian Retail Sales m/m,Non-economic,0.0%,0.1%,0.3%,2007-02-22 04:00:00
2007-02-22,4:30am,GBP,Prelim Business Investment q/q,Medium,3.3%,1.3%,3.1%,2007-02-22 04:30:00
2007-02-22,5:00am,EUR,Industrial New Orders m/m,Medium,2.8%,0.2%,1.1%,2007-02-22 05:00:00
2007-02-22,5:49am,GBP,10-y Bond Auction,Non-economic,4.90|2.2,,4.57|2.2,2007-02-22 05:49:00
2007-02-22,7:30am,CAD,Gov Council Member Kennedy Speaks,Medium,,,,2007-02-22 07:30:00
2007-02-22,8:30am,CAD,Corporate Profits q/q,Non-economic,1.5%,,2.8%,2007-02-22 08:30:00
2007-02-22,8:30am,USD,Unemployment Claims,Non-economic,332K,320K,359K,2007-02-22 08:30:00
2007-02-22,9:00am,EUR,Belgian NBB Business Climate,Medium,3.5,2.2,2.1,2007-02-22 09:00:00
2007-02-22,10:30am,USD,Crude Oil Inventories,Non-economic,3.7M,1.0M,-0.6M,2007-02-22 10:30:00
2007-02-22,10:30am,USD,Natural Gas Storage,Non-economic,-223B,-225B,-259B,2007-02-22 10:30:00
2007-02-22,6:00pm,AUD,CB Leading Index m/m,Non-economic,0.2%,,0.5%,2007-02-22 18:00:00
2007-02-22,6:50pm,JPY,All Industries Activity m/m,Non-economic,0.0%,0.0%,-0.2%,2007-02-22 18:50:00
2007-02-22,6:50pm,JPY,SPPI y/y,Non-economic,0.6%,0.2%,0.2%,2007-02-22 18:50:00
2007-02-22,All Day,CNY,Bank Holiday,Low,,,,2007-02-22 00:00:00
2007-02-23,2:45am,EUR,French Consumer Spending m/m,Non-economic,1.2%,0.2%,1.2%,2007-02-23 02:45:00
2007-02-23,4:00am,EUR,German ifo Business Climate,High,107.0,107.5,107.9,2007-02-23 04:00:00
2007-02-23,4:30am,GBP,Second Estimate GDP q/q,High,0.8%,0.8%,0.8%,2007-02-23 04:30:00
2007-02-23,4:30am,GBP,Index of Services 3m/3m,Non-economic,1.0%,0.8%,0.9%,2007-02-23 04:30:00
2007-02-25,4:45pm,NZD,Trade Balance,High,-833M,-652M,-352M,2007-02-25 16:45:00
2007-02-25,6:50pm,JPY,Monetary Policy Meeting Minutes,Medium,,,,2007-02-25 18:50:00
2007-02-25,7:00pm,NZD,ANZ Business Confidence,Medium,-5.9,,-7.7,2007-02-25 19:00:00
2007-02-25,9:00pm,NZD,Inflation Expectations q/q,High,2.56%,,2.73%,2007-02-25 21:00:00
2007-02-26,2:00am,EUR,German GfK Consumer Climate,Non-economic,4.4,4.7,4.9,2007-02-26 02:00:00
2007-02-26,All Day,EUR,Eurogroup Meetings,Non-economic,,,,2007-02-26 00:00:00
2007-02-26,12:30pm,GBP,MPC Member Blanchflower Speaks,Medium,,,,2007-02-26 12:30:00
2007-02-26,8:00pm,AUD,HIA New Home Sales m/m,Medium,5.8%,,6.0%,2007-02-26 20:00:00
2007-02-27,2:00am,EUR,German Import Prices m/m,Non-economic,-0.7%,-0.2%,-0.3%,2007-02-27 02:00:00
2007-02-27,All Day,EUR,German Prelim CPI m/m,Medium,0.4%,0.5%,-0.2%,2007-02-27 00:00:00
2007-02-27,4:00am,CHF,UBS Consumption Indicator,Medium,1.95,,1.90,2007-02-27 04:00:00
2007-02-27,4:00am,EUR,M3 Money Supply y/y,Non-economic,9.8%,9.7%,9.8%,2007-02-27 04:00:00
2007-02-27,4:00am,EUR,Private Loans y/y,Non-economic,10.6%,10.8%,10.7%,2007-02-27 04:00:00
2007-02-27,4:00am,EUR,Retail PMI,Non-economic,49.8,,47.9,2007-02-27 04:00:00
2007-02-27,All Day,EUR,ECOFIN Meetings,Non-economic,,,,2007-02-27 00:00:00
2007-02-27,4:30am,GBP,High Street Lending,Medium,37.8K,,45.5K,2007-02-27 04:30:00
2007-02-27,5:17am,EUR,Italian 10-y Bond Auction,Non-economic,4.14|1.6,,4.29|1.3,2007-02-27 05:17:00
2007-02-27,8:30am,USD,Core Durable Goods Orders m/m,High,-3.1%,-0.2%,2.6%,2007-02-27 08:30:00
2007-02-27,8:30am,USD,Durable Goods Orders m/m,Medium,-7.8%,-2.4%,2.8%,2007-02-27 08:30:00
2007-02-27,9:00am,USD,S&P/CS Composite-20 HPI y/y,Non-economic,0.5%,0.9%,1.8%,2007-02-27 09:00:00
2007-02-27,10:00am,USD,CB Consumer Confidence,High,112.5,109.0,110.2,2007-02-27 10:00:00
2007-02-27,10:00am,USD,Existing Home Sales,High,6.46M,6.25M,6.27M,2007-02-27 10:00:00
2007-02-27,10:00am,USD,Richmond Manufacturing Index,Non-economic,-10,-2,-11,2007-02-27 10:00:00
2007-02-27,4:45pm,NZD,Building Consents m/m,Medium,3.9%,,-4.9%,2007-02-27 16:45:00
2007-02-27,6:30pm,JPY,Final Manufacturing PMI,Non-economic,53.0,,53.4,2007-02-27 18:30:00
2007-02-27,6:50pm,JPY,Prelim Industrial Production m/m,Medium,-1.5%,-1.8%,0.9%,2007-02-27 18:50:00
2007-02-27,6:50pm,JPY,Retail Sales y/y,Medium,-0.8%,0.2%,-0.2%,2007-02-27 18:50:00
2007-02-27,7:30pm,AUD,Construction Work Done q/q,Medium,4.3%,1.5%,-2.1%,2007-02-27 19:30:00
2007-02-27,7:30pm,AUD,Private Sector Credit m/m,Medium,1.3%,1.0%,1.0%,2007-02-27 19:30:00
2007-02-28,12:00am,JPY,Housing Starts y/y,Non-economic,-0.7%,4.5%,10.2%,2007-02-28 00:00:00
2007-02-28,2:00am,GBP,Nationwide HPI m/m,Medium,0.7%,0.5%,0.3%,2007-02-28 02:00:00
2007-02-28,3:55am,EUR,German Unemployment Change,Medium,-69K,-78K,-70K,2007-02-28 03:55:00
2007-02-28,5:00am,EUR,Consumer Confidence,Non-economic,-5,-6,-7,2007-02-28 05:00:00
2007-02-28,5:00am,EUR,Final Core CPI y/y,Non-economic,1.7%,1.6%,1.5%,2007-02-28 05:00:00
2007-02-28,5:00am,EUR,Final CPI y/y,Non-economic,1.8%,1.9%,1.9%,2007-02-28 05:00:00
2007-02-28,5:00am,EUR,Unemployment Rate,Non-economic,7.4%,7.5%,7.5%,2007-02-28 05:00:00
2007-02-28,5:30am,CHF,KOF Economic Barometer,Medium,1.79,1.70,1.74,2007-02-28 05:30:00
2007-02-28,5:30am,GBP,GfK Consumer Confidence,Non-economic,-8,-8,-7,2007-02-28 05:30:00
2007-02-28,7:30am,USD,FOMC Member Kohn Speaks,Non-economic,,,,2007-02-28 07:30:00
2007-02-28,8:30am,USD,Prelim GDP q/q,High,2.2%,2.4%,3.5%,2007-02-28 08:30:00
2007-02-28,8:30am,USD,Prelim GDP Price Index q/q,Non-economic,1.7%,1.5%,1.5%,2007-02-28 08:30:00
2007-02-28,8:55am,USD,FOMC Member Geithner Speaks,Medium,,,,2007-02-28 08:55:00
2007-02-28,9:00am,EUR,ECB President Trichet Speaks,High,,,,2007-02-28 09:00:00
2007-02-28,9:45am,USD,Chicago PMI,Medium,47.9,50.0,48.8,2007-02-28 09:45:00
2007-02-28,10:00am,USD,Fed Chairman Bernanke Testifies,High,,,,2007-02-28 10:00:00
2007-02-28,10:00am,USD,New Home Sales,High,937K,1080K,1123K,2007-02-28 10:00:00
2007-02-28,10:30am,USD,Crude Oil Inventories,Non-economic,1.4M,2.1M,3.7M,2007-02-28 10:30:00
2007-02-28,4:45pm,NZD,Visitor Arrivals m/m,Non-economic,-3.2%,,-1.5%,2007-02-28 16:45:00
2007-02-28,5:30pm,AUD,AIG Manufacturing Index,Non-economic,57.7,,51.3,2007-02-28 17:30:00
2007-02-28,7:30pm,AUD,Private Capital Expenditure q/q,High,-0.2%,2.9%,-5.3%,2007-02-28 19:30:00
2007-02-28,9:30pm,CNY,RatingDog Manufacturing PMI,Medium,53.0,,52.0,2007-02-28 21:30:00
2007-02-28,10:45pm,JPY,10-y Bond Auction,Non-economic,1.67|3.9,,1.70|2.8,2007-02-28 22:45:00
2007-03-01,12:30am,AUD,Commodity Prices y/y,Medium,8.1%,,9.6%,2007-03-01 00:30:00
2007-03-01,3:15am,EUR,Spanish Manufacturing PMI,Non-economic,56.2,,56.2,2007-03-01 03:15:00
2007-03-01,3:30am,CHF,Manufacturing PMI,Medium,63.5,62.0,62.0,2007-03-01 03:30:00
2007-03-01,3:45am,EUR,Italian Manufacturing PMI,Non-economic,54.2,53.9,53.5,2007-03-01 03:45:00
2007-03-01,4:00am,EUR,Final Manufacturing PMI,Medium,55.6,55.7,55.5,2007-03-01 04:00:00
2007-03-01,4:30am,GBP,Final Manufacturing PMI,Medium,55.4,53.0,53.2,2007-03-01 04:30:00
2007-03-01,4:30am,GBP,Mortgage Approvals,Non-economic,120K,110K,114K,2007-03-01 04:30:00
2007-03-01,4:30am,GBP,Net Lending to Individuals m/m,Non-economic,10.7B,11.0B,11.3B,2007-03-01 04:30:00
2007-03-01,5:00am,EUR,CPI Flash Estimate y/y,Non-economic,1.8%,1.9%,1.9%,2007-03-01 05:00:00
2007-03-01,5:10am,EUR,French 10-y Bond Auction,Non-economic,4.01|2.3,,4.12|2.8,2007-03-01 05:10:00
2007-03-01,6:00am,GBP,CBI Realized Sales,Medium,19,22,30,2007-03-01 06:00:00
2007-03-01,7:30am,USD,Challenger Job Cuts y/y,Non-economic,-3.9%,,-39.1%,2007-03-01 07:30:00
2007-03-01,8:30am,CAD,Current Account,Medium,3.0B,6.0B,5.8B,2007-03-01 08:30:00
2007-03-01,8:30am,CAD,RMPI m/m,Medium,-3.1%,-1.9%,5.3%,2007-03-01 08:30:00
2007-03-01,8:30am,CAD,IPPI m/m,Non-economic,-0.1%,0.3%,1.4%,2007-03-01 08:30:00
2007-03-01,8:30am,USD,Core PCE Price Index m/m,High,0.3%,0.2%,0.1%,2007-03-01 08:30:00
2007-03-01,8:30am,USD,Personal Spending m/m,Medium,0.5%,0.4%,0.7%,2007-03-01 08:30:00
2007-03-01,8:30am,USD,Personal Income m/m,Non-economic,1.0%,0.3%,0.5%,2007-03-01 08:30:00
2007-03-01,8:30am,USD,Unemployment Claims,Non-economic,338K,330K,331K,2007-03-01 08:30:00
2007-03-01,9:30am,USD,Natural Gas Storage,Non-economic,-132B,-142B,-223B,2007-03-01 09:30:00
2007-03-01,10:00am,USD,ISM Manufacturing PMI,High,52.3,50.0,49.3,2007-03-01 10:00:00
2007-03-01,10:00am,USD,Construction Spending m/m,Non-economic,-0.8%,-0.5%,0.6%,2007-03-01 10:00:00
2007-03-01,10:00am,USD,ISM Manufacturing Prices,Non-economic,59.0,53.8,53.0,2007-03-01 10:00:00
2007-03-01,All Day,USD,Total Vehicle Sales,Non-economic,16.6M,16.2M,16.6M,2007-03-01 00:00:00
2007-03-01,12:00pm,USD,Treasury Sec Paulson Speaks,Non-economic,,,,2007-03-01 12:00:00
2007-03-01,6:30pm,JPY,Tokyo Core CPI y/y,Medium,0.0%,0.1%,0.2%,2007-03-01 18:30:00
2007-03-01,6:30pm,JPY,Household Spending y/y,Non-economic,0.6%,-0.2%,-1.9%,2007-03-01 18:30:00
2007-03-01,6:30pm,JPY,National Core CPI y/y,Non-economic,0.0%,0.0%,0.1%,2007-03-01 18:30:00
2007-03-01,6:30pm,JPY,Unemployment Rate,Non-economic,4.0%,4.1%,4.1%,2007-03-01 18:30:00
2007-03-01,6:50pm,JPY,Monetary Base y/y,Non-economic,-21.1%,-21.5%,-21.1%,2007-03-01 18:50:00
2007-03-01,7:30pm,AUD,Retail Sales m/m,High,0.9%,0.5%,0.2%,2007-03-01 19:30:00
2007-03-01,7:30pm,AUD,Current Account,Medium,-15.1B,-14.0B,-12.6B,2007-03-01 19:30:00
2007-03-01,8:00pm,CNY,Manufacturing PMI,High,53.1,,55.1,2007-03-01 20:00:00
2007-03-01,8:30pm,JPY,Average Cash Earnings y/y,Non-economic,-1.4%,0.3%,-0.1%,2007-03-01 20:30:00
2007-03-02,2:00am,EUR,German Retail Sales m/m,Medium,-5.1%,-1.3%,2.6%,2007-03-02 02:00:00
2007-03-02,3:00am,EUR,Spanish Unemployment Change,Non-economic,-7.2K,,59.6K,2007-03-02 03:00:00
2007-03-02,4:30am,GBP,Construction PMI,Non-economic,57.3,57.0,57.9,2007-03-02 04:30:00
2007-03-02,5:00am,EUR,PPI m/m,Non-economic,0.1%,0.3%,0.0%,2007-03-02 05:00:00
2007-03-02,8:30am,CAD,GDP m/m,High,0.4%,0.3%,0.3%,2007-03-02 08:30:00
2007-03-02,10:00am,USD,Revised UoM Consumer Sentiment,Medium,91.3,94.0,93.3,2007-03-02 10:00:00
2007-03-02,10:00am,USD,Revised UoM Inflation Expectations,Non-economic,3.0%,,3.0%,2007-03-02 10:00:00
2007-03-02,8:00pm,CNY,Non-Manufacturing PMI,Non-economic,49.7,,55.6,2007-03-02 20:00:00
2007-03-02,11:00pm,USD,Fed Chairman Bernanke Speaks,Medium,,,,2007-03-02 23:00:00
2007-03-04,5:30pm,AUD,AIG Services Index,Non-economic,54.5,,49.5,2007-03-04 17:30:00
2007-03-04,6:30pm,AUD,MI Inflation Gauge m/m,Non-economic,0.2%,,0.0%,2007-03-04 18:30:00
2007-03-04,6:50pm,JPY,Capital Spending q/y,Medium,16.8%,13.5%,12.0%,2007-03-04 18:50:00
2007-03-04,7:30pm,AUD,Company Operating Profits q/q,Non-economic,2.5%,2.4%,0.5%,2007-03-04 19:30:00
2007-03-05,3:15am,EUR,Spanish Services PMI,Non-economic,56.7,,57.9,2007-03-05 03:15:00
2007-03-05,3:45am,EUR,Italian Services PMI,Non-economic,56.2,55.6,55.4,2007-03-05 03:45:00
2007-03-05,4:00am,EUR,Final Services PMI,Non-economic,57.5,57.6,57.9,2007-03-05 04:00:00
2007-03-05,4:30am,EUR,Sentix Investor Confidence,Non-economic,27.5,29.3,31.1,2007-03-05 04:30:00
2007-03-05,4:30am,GBP,Final Services PMI,Medium,57.4,59.0,59.2,2007-03-05 04:30:00
2007-03-05,9:00am,USD,FOMC Member Kroszner Speaks,Medium,,,,2007-03-05 09:00:00
2007-03-05,10:00am,CAD,Ivey PMI,High,60.5,55.2,53.8,2007-03-05 10:00:00
2007-03-05,10:00am,USD,ISM Services PMI,High,54.3,57.2,59.0,2007-03-05 10:00:00
2007-03-05,2:00pm,USD,FOMC Member Warsh Speaks,Medium,,,,2007-03-05 14:00:00
2007-03-05,7:30pm,AUD,Building Approvals m/m,High,-0.9%,0.5%,-1.8%,2007-03-05 19:30:00
2007-03-05,7:30pm,AUD,Goods Trade Balance,Medium,-0.88B,-1.23B,-1.38,2007-03-05 19:30:00
2007-03-06,1:45am,CHF,GDP q/q,Medium,0.5%,0.7%,0.4%,2007-03-06 01:45:00
2007-03-06,3:00am,CHF,Foreign Currency Reserves,Non-economic,45B,,45B,2007-03-06 03:00:00
2007-03-06,5:00am,EUR,Retail Sales m/m,Non-economic,-1.0%,-0.3%,0.3%,2007-03-06 05:00:00
2007-03-06,5:00am,EUR,Revised GDP q/q,Non-economic,0.9%,0.9%,0.9%,2007-03-06 05:00:00
2007-03-06,6:00am,GBP,BRC Retail Sales Monitor y/y,Medium,3.3%,,3.1%,2007-03-06 06:00:00
2007-03-06,8:30am,CAD,Building Permits m/m,Medium,11.3%,2.1%,-9.0%,2007-03-06 08:30:00
2007-03-06,8:30am,USD,Revised Nonfarm Productivity q/q,Medium,1.6%,1.7%,3.0%,2007-03-06 08:30:00
2007-03-06,8:30am,USD,Revised Unit Labor Costs q/q,Non-economic,6.6%,3.2%,1.7%,2007-03-06 08:30:00
2007-03-06,9:00am,CAD,BOC Rate Statement,High,,,,2007-03-06 09:00:00
2007-03-06,9:00am,CAD,Overnight Rate,High,4.25%,4.25%,4.25%,2007-03-06 09:00:00
2007-03-06,10:00am,USD,Pending Home Sales m/m,High,-4.1%,-2.2%,4.5%,2007-03-06 10:00:00
2007-03-06,10:00am,USD,Factory Orders m/m,Medium,-5.6%,-4.3%,2.6%,2007-03-06 10:00:00
2007-03-06,2:00pm,USD,Fed Chairman Bernanke Speaks,High,,,,2007-03-06 14:00:00
2007-03-06,5:30pm,AUD,Cash Rate,High,6.25%,6.25%,6.25%,2007-03-06 17:30:00
2007-03-06,5:30pm,AUD,AIG Construction Index,Non-economic,51.7,,48.4,2007-03-06 17:30:00
2007-03-06,7:01pm,GBP,Nationwide Consumer Confidence,Non-economic,85,82,84,2007-03-06 19:01:00
2007-03-06,7:10pm,AUD,RBA Assist Gov Edey Speaks,Medium,,,,2007-03-06 19:10:00
2007-03-06,7:30pm,AUD,GDP q/q,High,1.0%,0.5%,0.3%,2007-03-06 19:30:00
2007-03-06,10:00pm,NZD,ANZ Commodity Prices m/m,Non-economic,1.6%,,1.3%,2007-03-06 22:00:00
2007-03-07,12:00am,JPY,Leading Indicators,Non-economic,35.0%,35.0%,31.8%,2007-03-07 00:00:00
2007-03-07,1:45am,CHF,Unemployment Rate,Non-economic,3.0%,3.0%,3.0%,2007-03-07 01:45:00
2007-03-07,5:30am,GBP,BRC Shop Price Index y/y,Non-economic,1.8%,,1.8%,2007-03-07 05:30:00
2007-03-07,6:00am,EUR,German Factory Orders m/m,Medium,-1.0%,0.4%,0.7%,2007-03-07 06:00:00
2007-03-07,8:15am,USD,ADP Non-Farm Employment Change,Medium,57K,100K,121K,2007-03-07 08:15:00
2007-03-07,10:30am,USD,Crude Oil Inventories,Non-economic,-4.8M,1.8M,1.4M,2007-03-07 10:30:00
2007-03-07,2:00pm,USD,Beige Book,Medium,,,,2007-03-07 14:00:00
2007-03-07,3:00pm,NZD,Official Cash Rate,High,7.50%,7.50%,7.25%,2007-03-07 15:00:00
2007-03-07,3:00pm,NZD,RBNZ Press Conference,High,,,,2007-03-07 15:00:00
2007-03-07,3:00pm,NZD,RBNZ Rate Statement,High,,,,2007-03-07 15:00:00
2007-03-07,3:00pm,NZD,RBNZ Monetary Policy Statement,Medium,,,,2007-03-07 15:00:00
2007-03-07,3:00pm,USD,Consumer Credit m/m,Non-economic,6.4B,7.0B,5.0B,2007-03-07 15:00:00
2007-03-07,4:45pm,NZD,Overseas Trade Index q/q,Non-economic,2.4%,3.2%,-2.2%,2007-03-07 16:45:00
2007-03-07,6:50pm,JPY,Bank Lending y/y,Non-economic,1.3%,,1.7%,2007-03-07 18:50:00
2007-03-07,6:50pm,JPY,M2 Money Stock y/y,Non-economic,1.1%,1.0%,1.0%,2007-03-07 18:50:00
2007-03-08,1:00am,JPY,Prelim Machine Tool Orders y/y,Non-economic,15.9%,,6.0%,2007-03-08 01:00:00
2007-03-08,1:45am,CHF,CPI m/m,High,0.2%,0.3%,-0.7%,2007-03-08 01:45:00
2007-03-08,2:00am,JPY,Economy Watchers Sentiment,Non-economic,49.2,47.8,47.2,2007-03-08 02:00:00
2007-03-08,2:45am,EUR,French Gov Budget Balance,Non-economic,-5.5B,,-36.2B,2007-03-08 02:45:00
2007-03-08,3:00am,GBP,Halifax HPI m/m,High,1.8%,0.5%,1.4%,2007-03-08 03:00:00
2007-03-08,6:00am,EUR,German Industrial Production m/m,Medium,1.9%,0.3%,0.1%,2007-03-08 06:00:00
2007-03-08,7:00am,GBP,Official Bank Rate,High,5.25%,5.25%,5.25%,2007-03-08 07:00:00
2007-03-08,7:45am,EUR,Main Refinancing Rate,High,3.75%,3.75%,3.50%,2007-03-08 07:45:00
2007-03-08,8:15am,CAD,Housing Starts,High,196K,214K,249K,2007-03-08 08:15:00
2007-03-08,8:30am,CAD,NHPI m/m,Non-economic,0.3%,0.3%,0.0%,2007-03-08 08:30:00
2007-03-08,8:30am,EUR,ECB Press Conference,High,,,,2007-03-08 08:30:00
2007-03-08,8:30am,USD,Unemployment Claims,Non-economic,328K,330K,338K,2007-03-08 08:30:00
2007-03-08,9:30am,USD,Natural Gas Storage,Non-economic,-102B,-100B,-132B,2007-03-08 09:30:00
2007-03-08,6:50pm,JPY,Core Machinery Orders m/m,Medium,3.9%,1.8%,-0.7%,2007-03-08 18:50:00
2007-03-09,2:00am,EUR,German Trade Balance,Non-economic,15.8B,14.3B,14.8B,2007-03-09 02:00:00
2007-03-09,2:00am,EUR,German WPI m/m,Non-economic,0.4%,0.2%,0.0%,2007-03-09 02:00:00
2007-03-09,2:45am,EUR,French Industrial Production m/m,Medium,-0.3%,0.1%,1.0%,2007-03-09 02:45:00
2007-03-09,2:45am,EUR,French Trade Balance,Non-economic,-2.8B,-2.5B,-2.6B,2007-03-09 02:45:00
2007-03-09,4:30am,GBP,Manufacturing Production m/m,High,-0.2%,0.2%,0.2%,2007-03-09 04:30:00
2007-03-09,4:30am,GBP,Industrial Production m/m,Non-economic,0.1%,0.2%,-0.1%,2007-03-09 04:30:00
2007-03-09,7:00am,CAD,Employment Change,High,14.0K,8.0K,89.0K,2007-03-09 07:00:00
2007-03-09,7:00am,CAD,Unemployment Rate,High,6.1%,6.2%,6.2%,2007-03-09 07:00:00
2007-03-09,8:30am,CAD,Trade Balance,High,6.3B,4.8B,5.0B,2007-03-09 08:30:00
2007-03-09,8:30am,USD,Non-Farm Employment Change,High,97K,100K,146K,2007-03-09 08:30:00
2007-03-09,8:30am,USD,Trade Balance,High,-59.1B,-59.5B,-61.5B,2007-03-09 08:30:00
2007-03-09,8:30am,USD,Unemployment Rate,High,4.5%,4.6%,4.6%,2007-03-09 08:30:00
2007-03-09,8:30am,USD,Average Hourly Earnings m/m,Medium,0.4%,0.3%,0.2%,2007-03-09 08:30:00
2007-03-09,10:00am,USD,Final Wholesale Inventories m/m,Non-economic,0.7%,0.0%,-0.5%,2007-03-09 10:00:00
2007-03-09,1:30pm,USD,FOMC Member Kohn Speaks,Medium,,,,2007-03-09 13:30:00
2007-03-09,3:30pm,USD,FOMC Member Kroszner Speaks,Medium,,,,2007-03-09 15:30:00
2007-03-09,6:01pm,GBP,NIESR GDP Estimate,Non-economic,0.5%,,0.7%,2007-03-09 18:01:00
2007-03-11,2:00am,CAD,Daylight Saving Time Shift,Low,,,,2007-03-11 02:00:00
2007-03-11,2:00am,USD,Daylight Saving Time Shift,Low,,,,2007-03-11 02:00:00
2007-03-11,4:45pm,NZD,FPI m/m,Non-economic,0.1%,,1.4%,2007-03-11 16:45:00
2007-03-11,6:50pm,JPY,Final GDP q/q,Medium,1.3%,1.3%,1.2%,2007-03-11 18:50:00
2007-03-11,6:50pm,JPY,Current Account,Non-economic,1.85T,2.01T,1.87T,2007-03-11 18:50:00
2007-03-11,6:50pm,JPY,Final GDP Price Index y/y,Non-economic,0.5%,0.5%,-0.5%,2007-03-11 18:50:00
2007-03-11,6:50pm,JPY,PPI y/y,Non-economic,1.8%,1.8%,2.2%,2007-03-11 18:50:00
2007-03-11,7:30pm,AUD,Home Loans m/m,Medium,0.3%,0.9%,0.3%,2007-03-11 19:30:00
2007-03-11,9:00pm,CNY,New Loans,Medium,414B,,568B,2007-03-11 21:00:00
2007-03-11,9:00pm,CNY,PPI y/y,Medium,2.6%,3.4%,3.3%,2007-03-11 21:00:00
2007-03-11,9:00pm,CNY,M2 Money Supply y/y,Non-economic,17.8%,16.2%,15.8%,2007-03-11 21:00:00
2007-03-12,12:00am,JPY,Consumer Confidence,Non-economic,48.4,48.2,48.1,2007-03-12 00:00:00
2007-03-12,1:50am,CNY,USD-Denominated Trade Balance,High,23.8B,7.3B,15.9B,2007-03-12 01:50:00
2007-03-12,4:00am,EUR,Italian Industrial Production m/m,Non-economic,-1.4%,-0.5%,1.4%,2007-03-12 04:00:00
2007-03-12,4:30am,GBP,PPI Input m/m,High,1.3%,0.8%,-2.5%,2007-03-12 04:30:00
2007-03-12,4:30am,GBP,ONS HPI y/y,Non-economic,10.9%,9.6%,9.9%,2007-03-12 04:30:00
2007-03-12,4:30am,GBP,PPI Output m/m,Non-economic,0.3%,0.2%,0.4%,2007-03-12 04:30:00
2007-03-12,7:30am,CAD,Labor Productivity q/q,Medium,0.3%,-0.4%,0.0%,2007-03-12 07:30:00
2007-03-12,11:45am,USD,FOMC Member Kroszner Speaks,Medium,,,,2007-03-12 11:45:00
2007-03-12,2:00pm,USD,Federal Budget Balance,Medium,-120.0B,-123.0B,38.2B,2007-03-12 14:00:00
2007-03-12,4:45pm,NZD,Core Retail Sales m/m,High,1.0%,0.6%,0.0%,2007-03-12 16:45:00
2007-03-12,4:45pm,NZD,Retail Sales m/m,High,0.5%,0.2%,0.5%,2007-03-12 16:45:00
2007-03-12,7:01pm,GBP,RICS House Price Balance,Medium,24%,24%,28%,2007-03-12 19:01:00
2007-03-12,7:30pm,AUD,ANZ Job Advertisements m/m,Medium,3.4%,,-0.1%,2007-03-12 19:30:00
2007-03-12,7:30pm,AUD,NAB Business Confidence,Non-economic,12,,7,2007-03-12 19:30:00
2007-03-12,9:00pm,CNY,CPI y/y,Medium,2.7%,2.9%,2.2%,2007-03-12 21:00:00
2007-03-12,9:30pm,CNY,Foreign Direct Investment ytd/y,Non-economic,13.0%,,13.8%,2007-03-12 21:30:00
2007-03-13,4:30am,GBP,Goods Trade Balance,High,-6.2B,-7.0B,-7.0B,2007-03-13 04:30:00
2007-03-13,5:00am,EUR,German ZEW Economic Sentiment,Medium,5.8,3.1,2.9,2007-03-13 05:00:00
2007-03-13,5:00am,EUR,ZEW Economic Sentiment,Non-economic,5.1,4.5,6.8,2007-03-13 05:00:00
2007-03-13,7:30am,USD,Core Retail Sales m/m,High,-0.1%,0.3%,0.2%,2007-03-13 07:30:00
2007-03-13,7:30am,USD,Retail Sales m/m,High,0.1%,0.3%,0.0%,2007-03-13 07:30:00
2007-03-13,7:30am,USD,NFIB Small Business Index,Non-economic,98.2,,98.9,2007-03-13 07:30:00
2007-03-13,9:00am,USD,Business Inventories m/m,Medium,0.2%,0.1%,0.0%,2007-03-13 09:00:00
2007-03-13,10:00am,USD,Mortgage Delinquencies,Medium,4.95%,,4.67%,2007-03-13 10:00:00
2007-03-13,10:00am,USD,JOLTS Job Openings,Non-economic,4.37M,,4.40M,2007-03-13 10:00:00
2007-03-13,10:00am,USD,RCM/TIPP Economic Optimism,Non-economic,50.8,50.5,52.7,2007-03-13 10:00:00
2007-03-13,10:30am,GBP,CB Leading Index m/m,Non-economic,0.3%,,0.1%,2007-03-13 10:30:00
2007-03-13,1:00pm,USD,10-y Bond Auction,Medium,4.52|2.6,,4.74|2.4,2007-03-13 13:00:00
2007-03-13,4:45pm,NZD,Manufacturing Sales q/q,Non-economic,-2.2%,,2.7%,2007-03-13 16:45:00
2007-03-13,6:30pm,AUD,Westpac Consumer Sentiment,Non-economic,3.7%,,1.7%,2007-03-13 18:30:00
2007-03-13,9:00pm,CNY,Retail Sales y/y,Non-economic,14.7%,14.9%,14.6%,2007-03-13 21:00:00
2007-03-13,11:30pm,JPY,Revised Industrial Production m/m,Non-economic,-1.7%,-1.5%,-1.5%,2007-03-13 23:30:00
2007-03-14,2:45am,EUR,French Final CPI m/m,Non-economic,0.2%,0.4%,-0.4%,2007-03-14 02:45:00
2007-03-14,4:30am,GBP,Claimant Count Change,High,-3.8K,-8.0K,-13.3K,2007-03-14 04:30:00
2007-03-14,4:30am,GBP,Average Earnings Index 3m/y,Medium,4.2%,4.0%,4.0%,2007-03-14 04:30:00
2007-03-14,4:30am,GBP,Unemployment Rate,Non-economic,5.5%,5.5%,5.5%,2007-03-14 04:30:00
2007-03-14,5:00am,CHF,UBS Economic Expectations,Medium,-28.0,,-17.3,2007-03-14 05:00:00
2007-03-14,5:00am,EUR,Industrial Production m/m,Medium,-0.2%,0.2%,1.2%,2007-03-14 05:00:00
2007-03-14,5:00am,EUR,Final Employment Change q/q,Non-economic,0.3%,,0.3%,2007-03-14 05:00:00
2007-03-14,7:30am,CAD,Capacity Utilization Rate,Non-economic,82.5%,83.7%,83.4%,2007-03-14 07:30:00
2007-03-14,7:30am,CAD,New Motor Vehicle Sales m/m,Non-economic,-3.3%,-4.0%,5.6%,2007-03-14 07:30:00
2007-03-14,7:30am,USD,Current Account,Medium,-196B,-204B,-229B,2007-03-14 07:30:00
2007-03-14,7:30am,USD,Import Prices m/m,Medium,0.2%,0.8%,-0.9%,2007-03-14 07:30:00
2007-03-14,9:30am,USD,Crude Oil Inventories,Non-economic,1.1M,2.0M,-4.8M,2007-03-14 09:30:00
2007-03-14,1:00pm,EUR,ECB President Trichet Speaks,Medium,,,,2007-03-14 13:00:00
2007-03-14,1:30pm,NZD,RBNZ Gov Bollard Speaks,Medium,,,,2007-03-14 13:30:00
2007-03-14,6:30pm,AUD,MI Inflation Expectations,Non-economic,3.2%,,3.2%,2007-03-14 18:30:00
2007-03-14,7:30pm,AUD,Employment Change,High,22.0K,14.5K,-4.8K,2007-03-14 19:30:00
2007-03-14,7:30pm,AUD,Unemployment Rate,Medium,4.6%,4.5%,4.5%,2007-03-14 19:30:00
2007-03-14,7:30pm,AUD,RBA Bulletin,Non-economic,,,,2007-03-14 19:30:00
2007-03-15,1:00am,EUR,German Buba President Weber Speaks,Medium,,,,2007-03-15 01:00:00
2007-03-15,1:00am,EUR,German Final CPI m/m,Non-economic,0.4%,0.4%,0.4%,2007-03-15 01:00:00
2007-03-15,2:45am,EUR,French Final Private Payrolls q/q,Non-economic,0.2%,0.2%,0.2%,2007-03-15 02:45:00
2007-03-15,All Day,All,OPEC Meetings,Medium,,,,2007-03-15 00:00:00
2007-03-15,4:30am,GBP,Consumer Inflation Expectations,Medium,2.7%,,2.7%,2007-03-15 04:30:00
2007-03-15,5:00am,EUR,ECB Monthly Bulletin,Medium,,,,2007-03-15 05:00:00
2007-03-15,5:00am,EUR,Final Core CPI y/y,Non-economic,1.9%,1.8%,1.7%,2007-03-15 05:00:00
2007-03-15,5:00am,EUR,Final CPI y/y,Non-economic,1.8%,1.8%,1.8%,2007-03-15 05:00:00
2007-03-15,5:42am,EUR,Spanish 10-y Bond Auction,Non-economic,3.96|2.5,,4.10|2.3,2007-03-15 05:42:00
2007-03-15,7:00am,GBP,MPC Member Sentance Speaks,Medium,,,,2007-03-15 07:00:00
2007-03-15,7:30am,CAD,Manufacturing Sales m/m,Medium,-2.1%,-0.7%,2.1%,2007-03-15 07:30:00
2007-03-15,7:30am,USD,PPI m/m,High,1.3%,0.4%,-0.6%,2007-03-15 07:30:00
2007-03-15,7:30am,USD,Core PPI m/m,Medium,0.4%,0.2%,0.2%,2007-03-15 07:30:00
2007-03-15,7:30am,USD,Empire State Manufacturing Index,Medium,1.9,16.0,24.4,2007-03-15 07:30:00
2007-03-15,7:30am,USD,Unemployment Claims,Non-economic,318K,330K,330K,2007-03-15 07:30:00
2007-03-15,8:00am,CHF,Libor Rate,High,2.25%,2.25%,2.00%,2007-03-15 08:00:00
2007-03-15,8:00am,CHF,SNB Monetary Policy Assessment,High,,,,2007-03-15 08:00:00
2007-03-15,8:00am,USD,TIC Long-Term Purchases,High,97.4B,46.5B,14.3B,2007-03-15 08:00:00
2007-03-15,9:30am,USD,Natural Gas Storage,Non-economic,-115B,-118B,-102B,2007-03-15 09:30:00
2007-03-15,11:00am,USD,Philly Fed Manufacturing Index,Medium,0.2,4.0,0.6,2007-03-15 11:00:00
2007-03-15,6:00pm,NZD,BusinessNZ Manufacturing Index,Non-economic,53.9,,55.8,2007-03-15 18:00:00
2007-03-15,6:50pm,JPY,Tertiary Industry Activity m/m,Medium,1.6%,1.0%,-0.4%,2007-03-15 18:50:00
2007-03-15,7:25pm,AUD,RBA Assist Gov Edey Speaks,Medium,,,,2007-03-15 19:25:00
2007-03-15,9:00pm,CNY,Fixed Asset Investment ytd/y,Medium,23.4%,24.0%,24.5%,2007-03-15 21:00:00
2007-03-16,4:00am,EUR,Italian Trade Balance,Non-economic,-3.68B,-2.50B,-0.83B,2007-03-16 04:00:00
2007-03-16,4:15am,CHF,Retail Sales y/y,Medium,5.1%,2.3%,0.8%,2007-03-16 04:15:00
2007-03-16,7:30am,USD,Core CPI m/m,High,0.2%,0.2%,0.3%,2007-03-16 07:30:00
2007-03-16,7:30am,USD,CPI y/y,High,2.4%,2.3%,2.1%,2007-03-16 07:30:00
2007-03-16,7:30am,USD,CPI m/m,Medium,0.4%,0.3%,0.2%,2007-03-16 07:30:00
2007-03-16,8:15am,USD,Capacity Utilization Rate,Medium,82.0%,81.3%,81.4%,2007-03-16 08:15:00
2007-03-16,8:15am,USD,Industrial Production m/m,Medium,1.0%,0.3%,-0.3%,2007-03-16 08:15:00
2007-03-16,9:00am,USD,Prelim UoM Consumer Sentiment,High,88.8,90.0,91.3,2007-03-16 09:00:00
2007-03-16,9:00am,USD,Prelim UoM Inflation Expectations,Non-economic,3.0%,,3.0%,2007-03-16 09:00:00
2007-03-17,9:00am,NZD,Daylight Saving Time Shift,Low,,,,2007-03-17 09:00:00
2007-03-18,7:01pm,GBP,Rightmove HPI m/m,Non-economic,1.5%,,0.9%,2007-03-18 19:01:00
2007-03-19,3:15am,CHF,Industrial Production q/q,Medium,7.8%,3.5%,-0.5%,2007-03-19 03:15:00
2007-03-19,7:30am,CAD,Foreign Securities Purchases,Medium,-3.76B,1.34B,-3.05B,2007-03-19 07:30:00
2007-03-19,7:30am,CAD,Wholesale Sales m/m,Medium,-0.5%,-0.9%,4.7%,2007-03-19 07:30:00
2007-03-19,12:00pm,USD,NAHB Housing Market Index,Non-economic,36,38,39,2007-03-19 12:00:00
2007-03-19,4:00pm,CAD,Annual Budget Release,Medium,,,,2007-03-19 16:00:00
2007-03-19,5:45pm,NZD,Visitor Arrivals m/m,Non-economic,6.5%,,-3.0%,2007-03-19 17:45:00
2007-03-19,7:30pm,AUD,Housing Starts q/q,Non-economic,-0.8%,-0.6%,0.1%,2007-03-19 19:30:00
2007-03-19,10:00pm,JPY,Overnight Call Rate,Medium,0.50%,0.50%,0.50%,2007-03-19 22:00:00
2007-03-20,1:00am,JPY,BOJ Monthly Report,Non-economic,,,,2007-03-20 01:00:00
2007-03-20,1:27am,JPY,BOJ Press Conference,High,,,,2007-03-20 01:27:00
2007-03-20,2:00am,EUR,German PPI m/m,Non-economic,0.3%,0.3%,0.0%,2007-03-20 02:00:00
2007-03-20,3:15am,CHF,PPI m/m,Medium,0.3%,0.1%,-0.2%,2007-03-20 03:15:00
2007-03-20,4:30am,GBP,CPI y/y,High,2.8%,2.7%,2.7%,2007-03-20 04:30:00
2007-03-20,4:30am,GBP,Core CPI y/y,Medium,1.7%,1.7%,1.6%,2007-03-20 04:30:00
2007-03-20,4:30am,GBP,M4 Money Supply m/m,Non-economic,0.9%,0.8%,0.9%,2007-03-20 04:30:00
2007-03-20,4:30am,GBP,Public Sector Net Borrowing,Non-economic,1.0B,2.5B,-10.7B,2007-03-20 04:30:00
2007-03-20,4:30am,GBP,RPI y/y,Non-economic,4.6%,4.3%,4.2%,2007-03-20 04:30:00
2007-03-20,6:00am,CAD,Core CPI m/m,High,0.5%,0.2%,0.1%,2007-03-20 06:00:00
2007-03-20,6:00am,CAD,CPI m/m,Medium,0.7%,0.3%,0.1%,2007-03-20 06:00:00
2007-03-20,7:30am,USD,Building Permits,Medium,1.53M,1.55M,1.57M,2007-03-20 07:30:00
2007-03-20,7:30am,USD,Housing Starts,Medium,1.53M,1.44M,1.40M,2007-03-20 07:30:00
2007-03-20,2:25pm,GBP,MPC Member Barker Speaks,Medium,,,,2007-03-20 14:25:00
2007-03-20,6:30pm,AUD,MI Leading Index m/m,Non-economic,0.1%,,0.5%,2007-03-20 18:30:00
2007-03-20,All Day,JPY,Bank Holiday,Low,,,,2007-03-20 00:00:00
2007-03-20,7:30pm,AUD,New Motor Vehicle Sales m/m,Non-economic,0.0%,,5.2%,2007-03-20 19:30:00
2007-03-20,10:00pm,NZD,Credit Card Spending y/y,Non-economic,8.2%,,6.7%,2007-03-20 22:00:00
2007-03-21,2:15am,CHF,Trade Balance,Medium,1.38B,1.01B,1.29B,2007-03-21 02:15:00
2007-03-21,3:00am,EUR,ECB President Trichet Speaks,High,,,,2007-03-21 03:00:00
2007-03-21,4:00am,EUR,Italian Quarterly Unemployment Rate,Non-economic,6.5%,6.7%,6.9%,2007-03-21 04:00:00
2007-03-21,4:30am,GBP,MPC Official Bank Rate Votes,High,0-1-8,2-0-7,2-0-7,2007-03-21 04:30:00
2007-03-21,7:30am,CAD,Core Retail Sales m/m,High,0.3%,0.4%,1.9%,2007-03-21 07:30:00
2007-03-21,7:30am,CAD,Retail Sales m/m,Medium,-0.2%,-0.2%,2.2%,2007-03-21 07:30:00
2007-03-21,7:30am,CAD,Leading Index m/m,Non-economic,0.7%,0.5%,0.5%,2007-03-21 07:30:00
2007-03-21,7:30am,GBP,Annual Budget Release,Medium,,,,2007-03-21 07:30:00
2007-03-21,9:30am,USD,Crude Oil Inventories,Non-economic,3.9M,1.0M,1.1M,2007-03-21 09:30:00
2007-03-21,1:15pm,USD,Federal Funds Rate,High,5.25%,5.25%,5.25%,2007-03-21 13:15:00
2007-03-21,1:15pm,USD,FOMC Statement,High,,,,2007-03-21 13:15:00
2007-03-21,6:50pm,JPY,BSI Manufacturing Index,Medium,0.1,6.0,7.1,2007-03-21 18:50:00
2007-03-21,6:50pm,JPY,Trade Balance,Non-economic,0.66T,0.43T,1.05T,2007-03-21 18:50:00
2007-03-22,4:30am,GBP,Retail Sales m/m,High,1.4%,0.6%,-1.5%,2007-03-22 04:30:00
2007-03-22,5:00am,EUR,Industrial New Orders m/m,Medium,-0.2%,-1.0%,1.8%,2007-03-22 05:00:00
2007-03-22,5:00am,EUR,Trade Balance,Non-economic,1.3B,2.3B,2.0B,2007-03-22 05:00:00
2007-03-22,6:00am,GBP,CBI Industrial Order Expectations,Medium,8,6,4,2007-03-22 06:00:00
2007-03-22,7:30am,CAD,Gov Council Member Jenkins Speaks,Non-economic,,,,2007-03-22 07:30:00
2007-03-22,7:30am,USD,Unemployment Claims,Non-economic,316K,320K,320K,2007-03-22 07:30:00
2007-03-22,9:00am,EUR,Belgian NBB Business Climate,Medium,1.4,2.9,3.5,2007-03-22 09:00:00
2007-03-22,9:00am,USD,CB Leading Index m/m,Non-economic,-0.5%,-0.3%,-0.3%,2007-03-22 09:00:00
2007-03-22,9:30am,USD,Natural Gas Storage,Non-economic,17B,-1B,-115B,2007-03-22 09:30:00
2007-03-22,11:00am,USD,FOMC Member Kroszner Speaks,Medium,,,,2007-03-22 11:00:00
2007-03-22,12:30pm,USD,FOMC Member Kohn Speaks,Medium,,,,2007-03-22 12:30:00
2007-03-22,6:00pm,AUD,CB Leading Index m/m,Non-economic,-0.2%,,0.2%,2007-03-22 18:00:00
2007-03-22,6:50pm,JPY,All Industries Activity m/m,Non-economic,0.7%,0.7%,0.0%,2007-03-22 18:50:00
2007-03-22,7:30pm,AUD,RBA Financial Stability Review,Medium,,,,2007-03-22 19:30:00
2007-03-23,2:00am,EUR,German Import Prices m/m,Non-economic,0.5%,0.4%,-0.7%,2007-03-23 02:00:00
2007-03-23,2:45am,EUR,French Consumer Spending m/m,Non-economic,-0.4%,-0.6%,1.0%,2007-03-23 02:45:00
2007-03-23,4:00am,EUR,Current Account,Non-economic,2.7B,2.5B,2.0B,2007-03-23 04:00:00
2007-03-23,4:00am,EUR,Italian Retail Sales m/m,Non-economic,-0.4%,0.2%,0.0%,2007-03-23 04:00:00
2007-03-23,9:00am,USD,Existing Home Sales,High,6.69M,6.34M,6.44M,2007-03-23 09:00:00
2007-03-23,10:30am,USD,FOMC Member Geithner Speaks,Medium,,,,2007-03-23 10:30:00
2007-03-23,9:15pm,USD,FOMC Member Mishkin Speaks,Medium,,,,2007-03-23 21:15:00
2007-03-24,11:00am,AUD,Daylight Saving Time Shift,Low,,,,2007-03-24 11:00:00
2007-03-24,9:00pm,CHF,Daylight Saving Time Shift,Low,,,,2007-03-24 21:00:00
2007-03-24,9:00pm,EUR,Daylight Saving Time Shift,Low,,,,2007-03-24 21:00:00
2007-03-24,9:00pm,GBP,Daylight Saving Time Shift,Low,,,,2007-03-24 21:00:00
2007-03-25,5:45pm,NZD,Trade Balance,High,-127M,-252M,-831M,2007-03-25 17:45:00
2007-03-25,6:50pm,JPY,Monetary Policy Meeting Minutes,Medium,,,,2007-03-25 18:50:00
2007-03-25,9:00pm,CNY,Industrial Production y/y,High,18.5%,15.0%,14.7%,2007-03-25 21:00:00
2007-03-26,All Day,EUR,Eurogroup Meetings,Non-economic,,,,2007-03-26 00:00:00
2007-03-26,5:00am,EUR,German Buba Monthly Report,Medium,,,,2007-03-26 05:00:00
2007-03-26,5:30am,GBP,MPC Member Gieve Speaks,Medium,,,,2007-03-26 05:30:00
2007-03-26,9:00am,USD,New Home Sales,High,848K,985K,882K,2007-03-26 09:00:00
2007-03-26,6:50pm,JPY,SPPI y/y,Non-economic,0.4%,0.6%,0.6%,2007-03-26 18:50:00
2007-03-26,9:00pm,AUD,HIA New Home Sales m/m,Medium,2.9%,,5.8%,2007-03-26 21:00:00
2007-03-27,3:00am,CHF,UBS Consumption Indicator,Medium,2.03,,1.95,2007-03-27 03:00:00
2007-03-27,3:00am,EUR,German ifo Business Climate,High,107.7,106.5,107.0,2007-03-27 03:00:00
2007-03-27,All Day,EUR,ECOFIN Meetings,Non-economic,,,,2007-03-27 00:00:00
2007-03-27,3:30am,GBP,High Street Lending,Medium,54.7K,,42.8K,2007-03-27 03:30:00
2007-03-27,3:30am,GBP,Revised Business Investment q/q,Non-economic,4.5%,3.3%,3.3%,2007-03-27 03:30:00
2007-03-27,3:45am,GBP,BOE Gov King Speaks,High,,,,2007-03-27 03:45:00
2007-03-27,3:45am,GBP,Monetary Policy Report Hearings,High,,,,2007-03-27 03:45:00
2007-03-27,5:00am,CHF,SNB Quarterly Bulletin,Non-economic,,,,2007-03-27 05:00:00
2007-03-27,5:00am,EUR,Italian 10-y Bond Auction,Non-economic,4.22|1.4,,4.14|1.6,2007-03-27 05:00:00
2007-03-27,8:00am,NZD,Westpac Consumer Sentiment,Non-economic,117.7,,119.7,2007-03-27 08:00:00
2007-03-27,8:00am,USD,S&P/CS Composite-20 HPI y/y,Non-economic,-0.2%,0.0%,0.6%,2007-03-27 08:00:00
2007-03-27,9:00am,USD,CB Consumer Confidence,High,107.2,109.0,111.2,2007-03-27 09:00:00
2007-03-27,9:00am,USD,Richmond Manufacturing Index,Non-economic,-10,-4,-10,2007-03-27 09:00:00
2007-03-27,5:45pm,NZD,Building Consents m/m,Medium,5.8%,,3.7%,2007-03-27 17:45:00
2007-03-28,1:00am,EUR,German GfK Consumer Climate,Non-economic,4.4,4.5,4.3,2007-03-28 01:00:00
2007-03-28,1:00am,GBP,Nationwide HPI m/m,Medium,0.4%,0.7%,0.6%,2007-03-28 01:00:00
2007-03-28,All Day,EUR,German Prelim CPI m/m,Medium,0.3%,0.2%,0.4%,2007-03-28 00:00:00
2007-03-28,3:00am,EUR,M3 Money Supply y/y,Non-economic,10.0%,9.8%,9.9%,2007-03-28 03:00:00
2007-03-28,3:00am,EUR,Private Loans y/y,Non-economic,10.3%,10.9%,10.6%,2007-03-28 03:00:00
2007-03-28,3:30am,GBP,Current Account,High,-12.7B,-8.9B,-10.5B,2007-03-28 03:30:00
2007-03-28,3:30am,GBP,Final GDP q/q,Non-economic,0.7%,0.8%,0.8%,2007-03-28 03:30:00
2007-03-28,4:30am,CHF,KOF Economic Barometer,Medium,1.90,1.83,1.81,2007-03-28 04:30:00
2007-03-28,7:30am,USD,Core Durable Goods Orders m/m,High,-0.1%,1.8%,-4.0%,2007-03-28 07:30:00
2007-03-28,7:30am,USD,Durable Goods Orders m/m,Medium,2.5%,3.0%,-9.3%,2007-03-28 07:30:00
2007-03-28,9:30am,USD,Fed Chairman Bernanke Testifies,High,,,,2007-03-28 09:30:00
2007-03-28,9:30am,USD,Crude Oil Inventories,Non-economic,-0.8M,2.1M,3.9M,2007-03-28 09:30:00
2007-03-28,10:30am,EUR,ECB President Trichet Speaks,Medium,,,,2007-03-28 10:30:00
2007-03-28,5:45pm,NZD,Current Account,High,-3.93B,-4.13B,-4.67B,2007-03-28 17:45:00
2007-03-28,6:50pm,JPY,Retail Sales y/y,Medium,-0.2%,0.1%,-0.9%,2007-03-28 18:50:00
2007-03-29,12:45am,CHF,SECO Economic Forecasts,Medium,,,,2007-03-29 00:45:00
2007-03-29,2:55am,EUR,German Unemployment Change,Medium,-58K,-60K,-69K,2007-03-29 02:55:00
2007-03-29,3:30am,GBP,Mortgage Approvals,Non-economic,119K,117K,119K,2007-03-29 03:30:00
2007-03-29,3:30am,GBP,Net Lending to Individuals m/m,Non-economic,11.2B,10.4B,10.5B,2007-03-29 03:30:00
2007-03-29,4:00am,EUR,Retail PMI,Non-economic,53.4,,49.8,2007-03-29 04:00:00
2007-03-29,4:30am,GBP,Index of Services 3m/3m,Non-economic,0.8%,0.9%,0.9%,2007-03-29 04:30:00
2007-03-29,5:00am,GBP,CBI Realized Sales,Medium,32,20,19,2007-03-29 05:00:00
2007-03-29,7:30am,USD,Final GDP q/q,Medium,2.5%,2.2%,2.2%,2007-03-29 07:30:00
2007-03-29,7:30am,USD,Final GDP Price Index q/q,Non-economic,1.7%,1.7%,1.7%,2007-03-29 07:30:00
2007-03-29,7:30am,USD,Unemployment Claims,Non-economic,308K,320K,318K,2007-03-29 07:30:00
2007-03-29,9:00am,USD,FOMC Member Kohn Speaks,Medium,,,,2007-03-29 09:00:00
2007-03-29,9:30am,USD,Natural Gas Storage,Non-economic,-22B,-18B,17B,2007-03-29 09:30:00
2007-03-29,5:45pm,NZD,GDP q/q,High,0.8%,0.9%,0.3%,2007-03-29 17:45:00
2007-03-29,6:30pm,JPY,Tokyo Core CPI y/y,Medium,-0.1%,0.0%,0.0%,2007-03-29 18:30:00
2007-03-29,6:30pm,JPY,Final Manufacturing PMI,Non-economic,52.5,,53.0,2007-03-29 18:30:00
2007-03-29,6:30pm,JPY,Household Spending y/y,Non-economic,1.3%,0.7%,0.6%,2007-03-29 18:30:00
2007-03-29,6:30pm,JPY,National Core CPI y/y,Non-economic,-0.1%,-0.1%,0.0%,2007-03-29 18:30:00
2007-03-29,6:30pm,JPY,Unemployment Rate,Non-economic,4.0%,4.0%,4.0%,2007-03-29 18:30:00
2007-03-29,6:50pm,JPY,Prelim Industrial Production m/m,Medium,-0.2%,-1.0%,-1.7%,2007-03-29 18:50:00
2007-03-29,7:30pm,AUD,MI Inflation Gauge m/m,Non-economic,0.5%,,0.2%,2007-03-29 19:30:00
2007-03-29,8:30pm,JPY,Average Cash Earnings y/y,Non-economic,-0.7%,-0.4%,-1.2%,2007-03-29 20:30:00
2007-03-29,9:00pm,NZD,ANZ Business Confidence,Medium,-12.5,,-5.9,2007-03-29 21:00:00
2007-03-30,12:00am,JPY,Housing Starts y/y,Non-economic,-9.9%,-2.0%,-0.7%,2007-03-30 00:00:00
2007-03-30,1:00am,EUR,German Retail Sales m/m,Medium,0.9%,0.5%,-4.3%,2007-03-30 01:00:00
2007-03-30,4:00am,EUR,Consumer Confidence,Non-economic,-4,-5,-5,2007-03-30 04:00:00
2007-03-30,4:00am,EUR,CPI Flash Estimate y/y,Non-economic,1.9%,1.9%,1.8%,2007-03-30 04:00:00
2007-03-30,4:00am,EUR,Italian Prelim CPI m/m,Non-economic,0.2%,0.2%,0.3%,2007-03-30 04:00:00
2007-03-30,4:00am,EUR,Unemployment Rate,Non-economic,7.3%,7.3%,7.4%,2007-03-30 04:00:00
2007-03-30,4:30am,GBP,GfK Consumer Confidence,Non-economic,-8,-8,-8,2007-03-30 04:30:00
2007-03-30,7:30am,CAD,GDP m/m,High,0.1%,0.2%,0.4%,2007-03-30 07:30:00
2007-03-30,7:30am,CAD,IPPI m/m,Non-economic,0.9%,0.2%,0.2%,2007-03-30 07:30:00
2007-03-30,7:30am,CAD,RMPI m/m,Non-economic,2.6%,0.6%,-3.0%,2007-03-30 07:30:00
2007-03-30,7:30am,USD,Core PCE Price Index m/m,High,0.3%,0.2%,0.2%,2007-03-30 07:30:00
2007-03-30,7:30am,USD,Personal Spending m/m,Medium,0.6%,0.3%,0.5%,2007-03-30 07:30:00
2007-03-30,7:30am,USD,Personal Income m/m,Non-economic,0.6%,0.3%,1.0%,2007-03-30 07:30:00
2007-03-30,8:45am,USD,Chicago PMI,Medium,61.7,49.5,47.9,2007-03-30 08:45:00
2007-03-30,9:00am,USD,Revised UoM Consumer Sentiment,Medium,88.4,88.8,88.8,2007-03-30 09:00:00
2007-03-30,9:00am,USD,Construction Spending m/m,Non-economic,0.3%,-0.6%,0.5%,2007-03-30 09:00:00
2007-03-30,9:00am,USD,Revised UoM Inflation Expectations,Non-economic,3.0%,,3.0%,2007-03-30 09:00:00
2007-03-30,11:00am,USD,Fed Chairman Bernanke Speaks,High,,,,2007-03-30 11:00:00
2007-04-01,6:30pm,AUD,AIG Manufacturing Index,Non-economic,56.0,,57.7,2007-04-01 18:30:00
2007-04-01,6:50pm,JPY,Tankan Manufacturing Index,High,23,24,25,2007-04-01 18:50:00
2007-04-01,6:50pm,JPY,Tankan Non-Manufacturing Index,Medium,22,23,22,2007-04-01 18:50:00
2007-04-01,7:30pm,AUD,Private Sector Credit m/m,Medium,1.4%,1.3%,1.2%,2007-04-01 19:30:00
2007-04-01,8:00pm,CNY,Manufacturing PMI,High,56.1,,53.1,2007-04-01 20:00:00
2007-04-01,8:30pm,AUD,Building Approvals m/m,High,10.6%,0.5%,-2.4%,2007-04-01 20:30:00
2007-04-01,8:30pm,AUD,Retail Sales m/m,High,0.9%,0.6%,0.8%,2007-04-01 20:30:00
2007-04-01,9:30pm,CNY,RatingDog Manufacturing PMI,Medium,52.3,,53.0,2007-04-01 21:30:00
2007-04-02,1:30am,AUD,Commodity Prices y/y,Medium,9.0%,,8.1%,2007-04-02 01:30:00
2007-04-02,2:15am,EUR,Spanish Manufacturing PMI,Non-economic,55.4,,56.2,2007-04-02 02:15:00
2007-04-02,2:30am,CHF,Manufacturing PMI,Medium,62.0,63.1,63.5,2007-04-02 02:30:00
2007-04-02,2:45am,EUR,Italian Manufacturing PMI,Non-economic,53.8,54.5,54.2,2007-04-02 02:45:00
2007-04-02,3:00am,EUR,Final Manufacturing PMI,Medium,55.4,55.6,55.6,2007-04-02 03:00:00
2007-04-02,3:30am,GBP,Final Manufacturing PMI,Medium,54.4,55.0,55.4,2007-04-02 03:30:00
2007-04-02,3:30am,GBP,Housing Equity Withdrawal q/q,Non-economic,14.6B,14.3B,12.2B,2007-04-02 03:30:00
2007-04-02,9:00am,USD,ISM Manufacturing PMI,High,50.9,51.3,52.3,2007-04-02 09:00:00
2007-04-02,9:00am,USD,ISM Manufacturing Prices,Non-economic,65.5,60.0,59.0,2007-04-02 09:00:00
2007-04-02,6:50pm,JPY,Monetary Base y/y,Non-economic,-19.1%,-22.0%,-21.1%,2007-04-02 18:50:00
2007-04-02,8:00pm,CNY,Non-Manufacturing PMI,Non-economic,59.6,,49.7,2007-04-02 20:00:00
2007-04-02,8:30pm,AUD,Goods Trade Balance,Medium,-0.84B,-1.30B,-0.82B,2007-04-02 20:30:00
2007-04-02,10:45pm,JPY,10-y Bond Auction,Non-economic,1.66|3.1,,1.67|3.9,2007-04-02 22:45:00
2007-04-03,12:45am,CHF,CPI m/m,High,0.1%,0.2%,0.2%,2007-04-03 00:45:00
2007-04-03,2:00am,EUR,Spanish Unemployment Change,Non-economic,-15.8K,,-7.2K,2007-04-03 02:00:00
2007-04-03,3:30am,GBP,Construction PMI,Non-economic,58.9,57.5,57.3,2007-04-03 03:30:00
2007-04-03,4:00am,EUR,PPI m/m,Non-economic,0.3%,0.3%,0.2%,2007-04-03 04:00:00
2007-04-03,9:00am,USD,Pending Home Sales m/m,High,0.7%,-0.5%,-4.2%,2007-04-03 09:00:00
2007-04-03,All Day,USD,Total Vehicle Sales,Non-economic,16.3M,16.4M,16.6M,2007-04-03 00:00:00
2007-04-03,6:01pm,GBP,Nationwide Consumer Confidence,Non-economic,88,86,85,2007-04-03 18:01:00
2007-04-03,6:30pm,AUD,Cash Rate,High,6.25%,6.25%,6.25%,2007-04-03 18:30:00
2007-04-03,6:30pm,AUD,AIG Services Index,Non-economic,50.6,,54.5,2007-04-03 18:30:00
2007-04-03,10:00pm,NZD,ANZ Commodity Prices m/m,Non-economic,2.0%,,1.6%,2007-04-03 22:00:00
2007-04-04,2:15am,EUR,Spanish Services PMI,Non-economic,56.7,,56.7,2007-04-04 02:15:00
2007-04-04,2:45am,EUR,Italian Services PMI,Non-economic,54.1,56.4,56.2,2007-04-04 02:45:00
2007-04-04,3:00am,EUR,Final Services PMI,Non-economic,57.4,57.6,57.5,2007-04-04 03:00:00
2007-04-04,3:30am,GBP,Final Services PMI,Medium,57.6,57.5,57.4,2007-04-04 03:30:00
2007-04-04,4:00am,EUR,Retail Sales m/m,Non-economic,0.3%,1.0%,-0.8%,2007-04-04 04:00:00
2007-04-04,4:30am,GBP,BRC Shop Price Index y/y,Non-economic,0.7%,,1.8%,2007-04-04 04:30:00
2007-04-04,5:00am,EUR,German Factory Orders m/m,Medium,3.9%,0.6%,-0.3%,2007-04-04 05:00:00
2007-04-04,7:15am,USD,ADP Non-Farm Employment Change,High,106K,125K,65K,2007-04-04 07:15:00
2007-04-04,7:30am,CAD,Building Permits m/m,Medium,-22.4%,-8.5%,10.4%,2007-04-04 07:30:00
2007-04-04,9:00am,USD,ISM Services PMI,High,52.4,54.8,54.3,2007-04-04 09:00:00
2007-04-04,9:00am,USD,Factory Orders m/m,Medium,1.0%,1.9%,-5.7%,2007-04-04 09:00:00
2007-04-04,9:30am,USD,Crude Oil Inventories,Non-economic,4.3M,0.5M,-0.8M,2007-04-04 09:30:00
2007-04-05,3:00am,GBP,Halifax HPI m/m,High,1.0%,0.5%,1.9%,2007-04-05 03:00:00
2007-04-05,3:30am,GBP,Manufacturing Production m/m,High,-0.6%,0.3%,-0.2%,2007-04-05 03:30:00
2007-04-05,3:30am,GBP,Industrial Production m/m,Non-economic,-0.2%,0.2%,0.0%,2007-04-05 03:30:00
2007-04-05,3:56am,EUR,French 10-y Bond Auction,Non-economic,4.13|3.0,,4.01|2.3,2007-04-05 03:56:00
2007-04-05,4:00am,CHF,Foreign Currency Reserves,Non-economic,45B,,45B,2007-04-05 04:00:00
2007-04-05,5:00am,EUR,German Industrial Production m/m,Medium,0.9%,-0.4%,0.9%,2007-04-05 05:00:00
2007-04-05,6:00am,CAD,Employment Change,High,54.9K,12.0K,14.2K,2007-04-05 06:00:00
2007-04-05,6:00am,CAD,Unemployment Rate,High,6.1%,6.1%,6.1%,2007-04-05 06:00:00
2007-04-05,6:00am,GBP,Official Bank Rate,High,5.25%,5.25%,5.25%,2007-04-05 06:00:00
2007-04-05,7:30am,USD,Unemployment Claims,Non-economic,321K,314K,310K,2007-04-05 07:30:00
2007-04-05,9:00am,CAD,Ivey PMI,High,67.3,61.0,60.5,2007-04-05 09:00:00
2007-04-05,9:30am,USD,Natural Gas Storage,Non-economic,58B,54B,-22B,2007-04-05 09:30:00
2007-04-05,All Day,NZD,Bank Holiday,Low,,,,2007-04-05 00:00:00
2007-04-05,All Day,AUD,Bank Holiday,Low,,,,2007-04-05 00:00:00
2007-04-05,6:01pm,GBP,NIESR GDP Estimate,Non-economic,0.5%,,0.5%,2007-04-05 18:01:00
2007-04-06,12:00am,JPY,Leading Indicators,Non-economic,30.0%,30.0%,40.9%,2007-04-06 00:00:00
2007-04-06,All Day,CHF,Bank Holiday,Low,,,,2007-04-06 00:00:00
2007-04-06,All Day,EUR,German Bank Holiday,Low,,,,2007-04-06 00:00:00
2007-04-06,1:45am,EUR,French Gov Budget Balance,Non-economic,-20.0B,,-5.5B,2007-04-06 01:45:00
2007-04-06,All Day,GBP,Bank Holiday,Low,,,,2007-04-06 00:00:00
2007-04-06,All Day,CAD,Bank Holiday,Low,,,,2007-04-06 00:00:00
2007-04-06,7:30am,USD,Non-Farm Employment Change,High,180K,135K,113K,2007-04-06 07:30:00
2007-04-06,7:30am,USD,Unemployment Rate,High,4.4%,4.6%,4.5%,2007-04-06 07:30:00
2007-04-06,7:30am,USD,Average Hourly Earnings m/m,Medium,0.3%,0.3%,0.4%,2007-04-06 07:30:00
2007-04-06,9:00am,USD,Final Wholesale Inventories m/m,Non-economic,0.5%,0.4%,0.6%,2007-04-06 09:00:00
2007-04-06,2:00pm,USD,Consumer Credit m/m,Non-economic,3.0B,5.5B,6.6B,2007-04-06 14:00:00
2007-04-08,All Day,NZD,Bank Holiday,Low,,,,2007-04-08 00:00:00
2007-04-08,All Day,AUD,Bank Holiday,Low,,,,2007-04-08 00:00:00
2007-04-09,12:00am,JPY,Economy Watchers Sentiment,Non-economic,50.8,52.0,49.2,2007-04-09 00:00:00
2007-04-09,All Day,CHF,Bank Holiday,Low,,,,2007-04-09 00:00:00
2007-04-09,All Day,EUR,French Bank Holiday,Low,,,,2007-04-09 00:00:00
2007-04-09,All Day,EUR,German Bank Holiday,Low,,,,2007-04-09 00:00:00
2007-04-09,All Day,EUR,Italian Bank Holiday,Low,,,,2007-04-09 00:00:00
2007-04-09,All Day,GBP,Bank Holiday,Low,,,,2007-04-09 00:00:00
2007-04-09,7:30am,USD,FOMC Member Kroszner Speaks,Medium,,,,2007-04-09 07:30:00
2007-04-09,5:00pm,NZD,NZIER Business Confidence,High,-15,,3,2007-04-09 17:00:00
2007-04-09,6:30pm,AUD,AIG Construction Index,Non-economic,51.1,,51.7,2007-04-09 18:30:00
2007-04-09,8:30pm,AUD,ANZ Job Advertisements m/m,Medium,1.9%,,3.4%,2007-04-09 20:30:00
2007-04-09,8:30pm,AUD,NAB Business Confidence,Non-economic,10,,12,2007-04-09 20:30:00
2007-04-09,10:23pm,JPY,Overnight Call Rate,Medium,0.50%,0.50%,0.50%,2007-04-09 22:23:00
2007-04-10,12:00am,CNY,USD-Denominated Trade Balance,High,6.9B,20.0B,23.8B,2007-04-10 00:00:00
2007-04-10,12:45am,CHF,Unemployment Rate,Non-economic,2.9%,2.9%,3.0%,2007-04-10 00:45:00
2007-04-10,1:00am,EUR,German Trade Balance,Non-economic,13.8B,15.4B,15.8B,2007-04-10 01:00:00
2007-04-10,1:00am,JPY,BOJ Monthly Report,Non-economic,,,,2007-04-10 01:00:00
2007-04-10,1:00am,JPY,Prelim Machine Tool Orders y/y,Non-economic,9.5%,,16.5%,2007-04-10 01:00:00
2007-04-10,1:45am,EUR,French Industrial Production m/m,Medium,1.1%,0.5%,-0.2%,2007-04-10 01:45:00
2007-04-10,1:57am,JPY,BOJ Press Conference,High,,,,2007-04-10 01:57:00
2007-04-10,3:30am,EUR,Sentix Investor Confidence,Non-economic,34.7,31.6,27.5,2007-04-10 03:30:00
2007-04-10,8:30am,USD,FOMC Member Mishkin Speaks,Medium,,,,2007-04-10 08:30:00
2007-04-10,9:00am,USD,JOLTS Job Openings,Non-economic,4.07M,,4.22M,2007-04-10 09:00:00
2007-04-10,9:00am,USD,RCM/TIPP Economic Optimism,Non-economic,45.5,50.0,50.8,2007-04-10 09:00:00
2007-04-10,6:01pm,GBP,BRC Retail Sales Monitor y/y,Medium,3.9%,,3.3%,2007-04-10 18:01:00
2007-04-10,6:50pm,JPY,Core Machinery Orders m/m,Medium,-5.2%,-0.4%,3.9%,2007-04-10 18:50:00
2007-04-10,6:50pm,JPY,Bank Lending y/y,Non-economic,1.0%,,1.3%,2007-04-10 18:50:00
2007-04-10,6:50pm,JPY,Current Account,Non-economic,1.49T,1.65T,1.85T,2007-04-10 18:50:00
2007-04-10,6:50pm,JPY,M2 Money Stock y/y,Non-economic,1.1%,1.0%,1.1%,2007-04-10 18:50:00
2007-04-10,8:30pm,AUD,Home Loans m/m,Medium,0.3%,0.3%,0.5%,2007-04-10 20:30:00
2007-04-11,1:00am,EUR,German WPI m/m,Non-economic,0.5%,0.5%,0.4%,2007-04-11 01:00:00
2007-04-11,1:45am,EUR,French Trade Balance,Non-economic,-2.7B,-2.8B,-2.6B,2007-04-11 01:45:00
2007-04-11,7:15am,CAD,Housing Starts,High,211K,214K,196K,2007-04-11 07:15:00
2007-04-11,9:30am,GBP,CB Leading Index m/m,Non-economic,0.8%,,0.3%,2007-04-11 09:30:00
2007-04-11,9:30am,USD,Crude Oil Inventories,Non-economic,0.7M,1.7M,4.3M,2007-04-11 09:30:00
2007-04-11,12:00pm,USD,Fed Chairman Bernanke Speaks,High,,,,2007-04-11 12:00:00
2007-04-11,1:00pm,USD,FOMC Meeting Minutes,High,,,,2007-04-11 13:00:00
2007-04-11,1:00pm,USD,Federal Budget Balance,Medium,-96.3B,-90.0B,-120.0B,2007-04-11 13:00:00
2007-04-11,6:01pm,GBP,RICS House Price Balance,Medium,26%,22%,25%,2007-04-11 18:01:00
2007-04-11,6:50pm,JPY,PPI y/y,Non-economic,2.0%,1.9%,1.7%,2007-04-11 18:50:00
2007-04-11,7:00pm,NZD,BusinessNZ Manufacturing Index,Non-economic,57.1,,54.0,2007-04-11 19:00:00
2007-04-11,8:30pm,AUD,Employment Change,High,10.5K,15.5K,23.2K,2007-04-11 20:30:00
2007-04-11,8:30pm,AUD,Unemployment Rate,Medium,4.5%,4.6%,4.6%,2007-04-11 20:30:00
2007-04-11,9:00pm,CNY,New Loans,Medium,442B,,414B,2007-04-11 21:00:00
2007-04-11,9:00pm,CNY,M2 Money Supply y/y,Non-economic,17.3%,17.2%,17.8%,2007-04-11 21:00:00
2007-04-11,9:45pm,CNY,Foreign Direct Investment ytd/y,Non-economic,11.6%,,13.0%,2007-04-11 21:45:00
2007-04-12,3:00am,EUR,Italian Industrial Production m/m,Non-economic,-0.5%,0.5%,-1.7%,2007-04-12 03:00:00
2007-04-12,3:30am,GBP,Goods Trade Balance,High,-6.8B,-6.4B,-6.4B,2007-04-12 03:30:00
2007-04-12,4:00am,EUR,Final GDP q/q,Non-economic,0.9%,0.9%,0.9%,2007-04-12 04:00:00
2007-04-12,6:30am,USD,NFIB Small Business Index,Non-economic,97.3,,98.2,2007-04-12 06:30:00
2007-04-12,6:45am,EUR,Main Refinancing Rate,Medium,3.75%,3.75%,3.75%,2007-04-12 06:45:00
2007-04-12,7:30am,CAD,Gov Council Member Kennedy Speaks,Non-economic,,,,2007-04-12 07:30:00
2007-04-12,7:30am,CAD,NHPI m/m,Non-economic,0.5%,0.3%,0.3%,2007-04-12 07:30:00
2007-04-12,7:30am,EUR,ECB Press Conference,High,,,,2007-04-12 07:30:00
2007-04-12,7:30am,USD,Import Prices m/m,Medium,1.7%,0.7%,0.1%,2007-04-12 07:30:00
2007-04-12,7:30am,USD,Unemployment Claims,Non-economic,342K,318K,323K,2007-04-12 07:30:00
2007-04-12,9:30am,USD,Natural Gas Storage,Non-economic,23B,18B,58B,2007-04-12 09:30:00
2007-04-12,5:45pm,NZD,Core Retail Sales m/m,High,2.3%,1.0%,1.0%,2007-04-12 17:45:00
2007-04-12,5:45pm,NZD,Retail Sales m/m,High,1.9%,0.5%,0.5%,2007-04-12 17:45:00
2007-04-13,1:45am,EUR,French Final CPI m/m,Non-economic,0.4%,0.5%,0.2%,2007-04-13 01:45:00
2007-04-13,4:00am,EUR,Industrial Production m/m,Medium,0.6%,0.4%,-0.5%,2007-04-13 04:00:00
2007-04-13,7:30am,CAD,Trade Balance,High,4.8B,6.1B,5.8B,2007-04-13 07:30:00
2007-04-13,7:30am,USD,PPI m/m,High,1.0%,0.7%,1.3%,2007-04-13 07:30:00
2007-04-13,7:30am,USD,Trade Balance,High,-58.4B,-60.2B,-58.9B,2007-04-13 07:30:00
2007-04-13,7:30am,USD,Core PPI m/m,Medium,0.0%,0.2%,0.4%,2007-04-13 07:30:00
2007-04-13,9:00am,USD,Prelim UoM Consumer Sentiment,High,85.3,87.5,88.4,2007-04-13 09:00:00
2007-04-13,9:00am,USD,Prelim UoM Inflation Expectations,Non-economic,3.3%,,3.0%,2007-04-13 09:00:00
2007-04-13,All Day,All,G7 Meetings,High,,,,2007-04-13 00:00:00
2007-04-14,Day 1,All,IMF Meetings,Non-economic,,,,2007-04-14 00:00:00
2007-04-15,Day 2,All,IMF Meetings,Medium,,,,2007-04-15 00:00:00
2007-04-15,6:01pm,GBP,Rightmove HPI m/m,Non-economic,3.6%,,1.5%,2007-04-15 18:01:00
2007-04-15,11:30pm,JPY,Revised Industrial Production m/m,Non-economic,0.7%,-0.2%,-0.2%,2007-04-15 23:30:00
2007-04-16,1:00am,EUR,German Final CPI m/m,Non-economic,0.3%,0.3%,0.3%,2007-04-16 01:00:00
2007-04-16,3:30am,GBP,PPI Input m/m,High,1.2%,0.9%,1.5%,2007-04-16 03:30:00
2007-04-16,3:30am,GBP,ONS HPI y/y,Non-economic,12.1%,11.1%,10.9%,2007-04-16 03:30:00
2007-04-16,3:30am,GBP,PPI Output m/m,Non-economic,0.6%,0.3%,0.4%,2007-04-16 03:30:00
2007-04-16,4:00am,EUR,Final Core CPI y/y,Non-economic,1.9%,1.9%,1.9%,2007-04-16 04:00:00
2007-04-16,4:00am,EUR,Final CPI y/y,Non-economic,1.9%,1.9%,1.9%,2007-04-16 04:00:00
2007-04-16,7:30am,CAD,New Motor Vehicle Sales m/m,Non-economic,-3.7%,-3.7%,-4.0%,2007-04-16 07:30:00
2007-04-16,7:30am,USD,Core Retail Sales m/m,High,0.8%,0.8%,0.4%,2007-04-16 07:30:00
2007-04-16,7:30am,USD,Retail Sales m/m,High,0.7%,0.4%,0.5%,2007-04-16 07:30:00
2007-04-16,7:30am,USD,Empire State Manufacturing Index,Medium,3.8,7.5,1.9,2007-04-16 07:30:00
2007-04-16,8:00am,USD,TIC Long-Term Purchases,High,58.1B,80.5B,98.8B,2007-04-16 08:00:00
2007-04-16,9:00am,USD,Business Inventories m/m,Medium,0.3%,0.2%,0.2%,2007-04-16 09:00:00
2007-04-16,9:30am,CAD,BOC Business Outlook Survey,High,,,,2007-04-16 09:30:00
2007-04-16,11:00am,EUR,ECB President Trichet Speaks,Non-economic,,,,2007-04-16 11:00:00
2007-04-16,12:00pm,USD,NAHB Housing Market Index,Non-economic,33,36,36,2007-04-16 12:00:00
2007-04-16,8:30pm,AUD,NAB Quarterly Business Confidence,Medium,10,,4,2007-04-16 20:30:00
2007-04-16,10:45pm,JPY,30-y Bond Auction,Non-economic,2.35|4.3,,2.38|3.3,2007-04-16 22:45:00
2007-04-17,2:15am,CHF,Retail Sales y/y,Medium,4.5%,4.0%,5.1%,2007-04-17 02:15:00
2007-04-17,3:00am,EUR,Italian Trade Balance,Non-economic,-1.83B,-1.98B,-3.69B,2007-04-17 03:00:00
2007-04-17,3:30am,GBP,CPI y/y,High,3.1%,2.8%,2.8%,2007-04-17 03:30:00
2007-04-17,3:30am,GBP,Core CPI y/y,Medium,1.9%,1.8%,1.7%,2007-04-17 03:30:00
2007-04-17,3:30am,GBP,RPI y/y,Medium,4.8%,4.6%,4.6%,2007-04-17 03:30:00
2007-04-17,4:00am,EUR,German ZEW Economic Sentiment,Medium,16.5,10.0,5.8,2007-04-17 04:00:00
2007-04-17,4:00am,EUR,Trade Balance,Non-economic,-0.2B,0.5B,1.3B,2007-04-17 04:00:00
2007-04-17,4:00am,EUR,ZEW Economic Sentiment,Non-economic,10.7,7.5,5.1,2007-04-17 04:00:00
2007-04-17,4:30am,GBP,BOE Inflation Letter,High,,,,2007-04-17 04:30:00
2007-04-17,7:30am,CAD,Manufacturing Sales m/m,Medium,-0.2%,0.1%,-1.9%,2007-04-17 07:30:00
2007-04-17,7:30am,USD,Core CPI m/m,High,0.1%,0.2%,0.2%,2007-04-17 07:30:00
2007-04-17,7:30am,USD,CPI y/y,High,2.8%,2.8%,2.4%,2007-04-17 07:30:00
2007-04-17,7:30am,USD,Building Permits,Medium,1.54M,1.51M,1.53M,2007-04-17 07:30:00
2007-04-17,7:30am,USD,CPI m/m,Medium,0.6%,0.6%,0.4%,2007-04-17 07:30:00
2007-04-17,7:30am,USD,Housing Starts,Medium,1.52M,1.50M,1.51M,2007-04-17 07:30:00
2007-04-17,8:15am,USD,Capacity Utilization Rate,Medium,81.4%,82.0%,81.6%,2007-04-17 08:15:00
2007-04-17,8:15am,USD,Industrial Production m/m,Medium,-0.2%,0.2%,0.8%,2007-04-17 08:15:00
2007-04-17,10:00am,EUR,ECB President Trichet Speaks,Medium,,,,2007-04-17 10:00:00
2007-04-17,11:30am,USD,FOMC Member Geithner Speaks,Medium,,,,2007-04-17 11:30:00
2007-04-17,5:45pm,NZD,CPI q/q,High,0.5%,0.5%,-0.2%,2007-04-17 17:45:00
2007-04-17,5:45pm,NZD,FPI m/m,Non-economic,0.0%,,0.1%,2007-04-17 17:45:00
2007-04-17,7:30pm,AUD,Westpac Consumer Sentiment,Non-economic,-0.2%,,3.7%,2007-04-17 19:30:00
2007-04-18,3:30am,GBP,Average Earnings Index 3m/y,High,4.6%,4.2%,4.2%,2007-04-18 03:30:00
2007-04-18,3:30am,GBP,MPC Official Bank Rate Votes,High,2-0-7,1-1-7,0-1-8,2007-04-18 03:30:00
2007-04-18,3:30am,GBP,Claimant Count Change,Medium,-9.2K,-5.0K,-3.1K,2007-04-18 03:30:00
2007-04-18,3:30am,GBP,Unemployment Rate,Non-economic,5.5%,5.5%,5.5%,2007-04-18 03:30:00
2007-04-18,7:30am,CAD,Foreign Securities Purchases,Medium,4.84B,-2.03B,-4.90B,2007-04-18 07:30:00
2007-04-18,9:00am,EUR,ECB President Trichet Speaks,Non-economic,,,,2007-04-18 09:00:00
2007-04-18,9:30am,USD,Crude Oil Inventories,Non-economic,-1.0M,0.7M,0.7M,2007-04-18 09:30:00
2007-04-18,6:50pm,JPY,Tertiary Industry Activity m/m,Medium,1.0%,-0.2%,0.4%,2007-04-18 18:50:00
2007-04-18,7:30pm,AUD,MI Inflation Expectations,Non-economic,3.8%,,3.2%,2007-04-18 19:30:00
2007-04-18,8:30pm,AUD,RBA Bulletin,Non-economic,,,,2007-04-18 20:30:00
2007-04-18,9:00pm,CNY,NBS Press Conference,Medium,,,,2007-04-18 21:00:00
2007-04-19,1:00am,EUR,German PPI m/m,Non-economic,0.3%,0.4%,0.3%,2007-04-19 01:00:00
2007-04-19,2:00am,CNY,GDP q/y,High,11.1%,10.4%,10.4%,2007-04-19 02:00:00
2007-04-19,2:00am,CNY,Fixed Asset Investment ytd/y,Medium,25.3%,23.0%,23.4%,2007-04-19 02:00:00
2007-04-19,2:00am,CNY,PPI y/y,Medium,2.7%,2.7%,2.6%,2007-04-19 02:00:00
2007-04-19,4:00am,CHF,UBS Economic Expectations,Medium,-3.5,,-28.0,2007-04-19 04:00:00
2007-04-19,4:00am,EUR,ECB Monthly Bulletin,Medium,,,,2007-04-19 04:00:00
2007-04-19,6:00am,CAD,Core CPI m/m,High,0.3%,0.2%,0.5%,2007-04-19 06:00:00
2007-04-19,6:00am,CAD,CPI m/m,Medium,0.8%,0.5%,0.7%,2007-04-19 06:00:00
2007-04-19,7:30am,CAD,Wholesale Sales m/m,Medium,0.8%,0.1%,-0.7%,2007-04-19 07:30:00
2007-04-19,7:30am,USD,Unemployment Claims,Non-economic,339K,325K,343K,2007-04-19 07:30:00
2007-04-19,9:00am,USD,CB Leading Index m/m,Non-economic,0.1%,0.2%,-0.6%,2007-04-19 09:00:00
2007-04-19,9:30am,USD,Natural Gas Storage,Non-economic,-46B,-48B,23B,2007-04-19 09:30:00
2007-04-19,11:00am,USD,Philly Fed Manufacturing Index,Medium,0.2,2.5,0.2,2007-04-19 11:00:00
2007-04-19,5:45pm,NZD,Visitor Arrivals m/m,Non-economic,-1.0%,,6.6%,2007-04-19 17:45:00
2007-04-19,6:50pm,JPY,All Industries Activity m/m,Non-economic,0.9%,-0.3%,-0.2%,2007-04-19 18:50:00
2007-04-19,7:00pm,AUD,CB Leading Index m/m,Non-economic,1.4%,,-0.2%,2007-04-19 19:00:00
2007-04-19,8:30pm,AUD,Import Prices q/q,Non-economic,-1.7%,-0.8%,-3.2%,2007-04-19 20:30:00
2007-04-19,8:30pm,AUD,New Motor Vehicle Sales m/m,Non-economic,1.0%,,-0.1%,2007-04-19 20:30:00
2007-04-19,9:00pm,CNY,Industrial Production y/y,High,17.6%,15.6%,18.5%,2007-04-19 21:00:00
2007-04-19,9:00pm,CNY,CPI y/y,Medium,3.3%,2.6%,2.7%,2007-04-19 21:00:00
2007-04-19,9:00pm,CNY,Retail Sales y/y,Non-economic,15.3%,14.5%,14.7%,2007-04-19 21:00:00
2007-04-20,1:45am,EUR,French Consumer Spending m/m,Non-economic,0.7%,0.3%,-0.5%,2007-04-20 01:45:00
2007-04-20,2:15am,CHF,PPI m/m,Medium,0.3%,0.4%,0.3%,2007-04-20 02:15:00
2007-04-20,3:30am,GBP,Retail Sales m/m,High,0.3%,0.5%,1.6%,2007-04-20 03:30:00
2007-04-20,7:30am,CAD,Core Retail Sales m/m,High,1.0%,0.4%,0.2%,2007-04-20 07:30:00
2007-04-20,7:30am,CAD,Retail Sales m/m,Medium,0.1%,-0.2%,-0.4%,2007-04-20 07:30:00
2007-04-20,11:00am,USD,Treasury Sec Paulson Speaks,Non-economic,,,,2007-04-20 11:00:00
2007-04-20,11:15am,USD,FOMC Member Mishkin Speaks,Medium,,,,2007-04-20 11:15:00
2007-04-22,All Day,EUR,French Presidential Election,Non-economic,,,,2007-04-22 00:00:00
2007-04-22,8:30pm,AUD,PPI q/q,High,0.0%,0.5%,0.2%,2007-04-22 20:30:00
2007-04-23,3:30am,GBP,M4 Money Supply m/m,Non-economic,1.0%,0.9%,0.9%,2007-04-23 03:30:00
2007-04-23,5:00am,EUR,German Buba Monthly Report,Medium,,,,2007-04-23 05:00:00
2007-04-23,6:50pm,JPY,SPPI y/y,Non-economic,0.6%,0.2%,0.4%,2007-04-23 18:50:00
2007-04-23,8:30pm,AUD,CPI m/m,High,0.1%,0.6%,-0.1%,2007-04-23 20:30:00
2007-04-23,8:30pm,AUD,Trimmed Mean CPI m/m,Medium,0.5%,0.6%,0.5%,2007-04-23 20:30:00
2007-04-23,10:00pm,NZD,Credit Card Spending y/y,Non-economic,7.5%,,8.2%,2007-04-23 22:00:00
2007-04-24,1:15am,CHF,Trade Balance,Medium,0.72B,1.10B,1.25B,2007-04-24 01:15:00
2007-04-24,3:00am,CHF,UBS Consumption Indicator,Medium,2.13,,2.02,2007-04-24 03:00:00
2007-04-24,3:00am,EUR,Italian Retail Sales m/m,Non-economic,0.2%,0.2%,-0.3%,2007-04-24 03:00:00
2007-04-24,3:30am,GBP,Public Sector Net Borrowing,Non-economic,8.5B,7.2B,0.6B,2007-04-24 03:30:00
2007-04-24,3:45am,GBP,BOE Gov King Speaks,Medium,,,,2007-04-24 03:45:00
2007-04-24,4:00am,EUR,Industrial New Orders m/m,Medium,-0.7%,0.9%,-0.1%,2007-04-24 04:00:00
2007-04-24,7:30am,CAD,Leading Index m/m,Non-economic,0.4%,0.4%,0.7%,2007-04-24 07:30:00
2007-04-24,8:00am,CAD,BOC Rate Statement,High,,,,2007-04-24 08:00:00
2007-04-24,8:00am,CAD,Overnight Rate,High,4.25%,4.25%,4.25%,2007-04-24 08:00:00
2007-04-24,8:00am,EUR,Belgian NBB Business Climate,Medium,3.8,2.0,1.4,2007-04-24 08:00:00
2007-04-24,8:00am,USD,S&P/CS Composite-20 HPI y/y,Non-economic,-1.0%,-1.0%,-0.1%,2007-04-24 08:00:00
2007-04-24,8:15am,GBP,CBI Industrial Order Expectations,Medium,2,6,8,2007-04-24 08:15:00
2007-04-24,9:00am,USD,CB Consumer Confidence,High,104.0,105.0,108.2,2007-04-24 09:00:00
2007-04-24,9:00am,USD,Existing Home Sales,High,6.12M,6.55M,6.68M,2007-04-24 09:00:00
2007-04-24,9:00am,USD,Richmond Manufacturing Index,Non-economic,-11,-7,-10,2007-04-24 09:00:00
2007-04-24,11:15am,CHF,Gov Board Member Hildebrand Speaks,Medium,,,,2007-04-24 11:15:00
2007-04-24,All Day,NZD,Bank Holiday,Low,,,,2007-04-24 00:00:00
2007-04-24,All Day,AUD,Bank Holiday,Low,,,,2007-04-24 00:00:00
2007-04-24,6:50pm,JPY,Trade Balance,Non-economic,1.12T,0.95T,0.63T,2007-04-24 18:50:00
2007-04-25,All Day,EUR,Italian Bank Holiday,Low,,,,2007-04-25 00:00:00
2007-04-25,3:00am,EUR,German ifo Business Climate,High,108.6,107.7,107.7,2007-04-25 03:00:00
2007-04-25,3:30am,GBP,Prelim GDP q/q,High,0.7%,0.6%,0.7%,2007-04-25 03:30:00
2007-04-25,3:30am,GBP,Index of Services 3m/3m,Non-economic,0.8%,0.8%,0.7%,2007-04-25 03:30:00
2007-04-25,7:30am,USD,Core Durable Goods Orders m/m,High,1.5%,1.1%,-0.4%,2007-04-25 07:30:00
2007-04-25,7:30am,USD,Durable Goods Orders m/m,Medium,3.4%,2.6%,2.4%,2007-04-25 07:30:00
2007-04-25,7:30am,USD,FOMC Member Kohn Speaks,Medium,,,,2007-04-25 07:30:00
2007-04-25,9:00am,USD,New Home Sales,High,858K,890K,836K,2007-04-25 09:00:00
2007-04-25,9:00am,USD,Fed Chairman Bernanke Speaks,Medium,,,,2007-04-25 09:00:00
2007-04-25,9:30am,USD,Crude Oil Inventories,Non-economic,2.1M,-1.5M,-1.0M,2007-04-25 09:30:00
2007-04-25,1:00pm,USD,Beige Book,Medium,,,,2007-04-25 13:00:00
2007-04-25,4:00pm,NZD,Official Cash Rate,High,7.75%,7.50%,7.50%,2007-04-25 16:00:00
2007-04-25,4:00pm,NZD,RBNZ Rate Statement,High,,,,2007-04-25 16:00:00
2007-04-25,5:45pm,NZD,Trade Balance,High,61M,2M,-128M,2007-04-25 17:45:00
2007-04-25,6:01pm,GBP,BOE Financial Stability Report,Non-economic,,,,2007-04-25 18:01:00
2007-04-25,7:30pm,AUD,MI Leading Index m/m,Non-economic,0.9%,,0.2%,2007-04-25 19:30:00
2007-04-25,8:00pm,AUD,HIA New Home Sales m/m,Medium,0.0%,,2.9%,2007-04-25 20:00:00
2007-04-25,10:00pm,NZD,ANZ Business Confidence,Medium,-19.4,,-12.5,2007-04-25 22:00:00
2007-04-26,1:00am,EUR,German GfK Consumer Climate,Non-economic,5.5,4.5,4.4,2007-04-26 01:00:00
2007-04-26,1:00am,EUR,German Import Prices m/m,Non-economic,0.6%,0.6%,0.5%,2007-04-26 01:00:00
2007-04-26,1:00am,GBP,Nationwide HPI m/m,Medium,0.9%,0.6%,0.5%,2007-04-26 01:00:00
2007-04-26,7:30am,USD,Unemployment Claims,Non-economic,321K,325K,341K,2007-04-26 07:30:00
2007-04-26,9:05am,GBP,MPC Member Tucker Speaks,Medium,,,,2007-04-26 09:05:00
2007-04-26,9:30am,CAD,BOC Monetary Policy Report,High,,,,2007-04-26 09:30:00
2007-04-26,9:30am,USD,Natural Gas Storage,Non-economic,18B,18B,-46B,2007-04-26 09:30:00
2007-04-26,10:15am,CAD,BOC Press Conference,High,,,,2007-04-26 10:15:00
2007-04-26,12:00pm,USD,FOMC Member Mishkin Speaks,Medium,,,,2007-04-26 12:00:00
2007-04-26,6:30pm,JPY,Tokyo Core CPI y/y,Medium,0.0%,0.0%,-0.1%,2007-04-26 18:30:00
2007-04-26,6:30pm,JPY,Final Manufacturing PMI,Non-economic,52.3,,52.5,2007-04-26 18:30:00
2007-04-26,6:30pm,JPY,Household Spending y/y,Non-economic,0.1%,0.8%,1.3%,2007-04-26 18:30:00
2007-04-26,6:30pm,JPY,National Core CPI y/y,Non-economic,-0.3%,-0.2%,-0.1%,2007-04-26 18:30:00
2007-04-26,6:30pm,JPY,Unemployment Rate,Non-economic,3.8%,4.00%,4.00%,2007-04-26 18:30:00
2007-04-26,6:50pm,JPY,Prelim Industrial Production m/m,Medium,-0.6%,1.0%,0.7%,2007-04-26 18:50:00
2007-04-26,6:50pm,JPY,Retail Sales y/y,Medium,-0.7%,0.3%,-0.2%,2007-04-26 18:50:00
2007-04-26,11:38pm,JPY,Overnight Call Rate,Medium,0.50%,0.50%,0.50%,2007-04-26 23:38:00
2007-04-27,12:00am,JPY,Housing Starts y/y,Non-economic,5.5%,-0.3%,-9.9%,2007-04-27 00:00:00
2007-04-27,1:00am,JPY,BOJ Outlook Report,Medium,,,,2007-04-27 01:00:00
2007-04-27,1:30am,JPY,BOJ Press Conference,Medium,,,,2007-04-27 01:30:00
2007-04-27,2:00am,EUR,Spanish Unemployment Rate,Non-economic,8.5%,8.3%,8.3%,2007-04-27 02:00:00
2007-04-27,All Day,EUR,German Prelim CPI m/m,Medium,0.4%,0.2%,0.3%,2007-04-27 00:00:00
2007-04-27,3:00am,EUR,Current Account,Non-economic,-5.3B,1.0B,3.5B,2007-04-27 03:00:00
2007-04-27,3:00am,EUR,Retail PMI,Non-economic,54.6,,53.4,2007-04-27 03:00:00
2007-04-27,4:16am,EUR,Italian 10-y Bond Auction,Non-economic,4.37|1.5,,4.22|1.4,2007-04-27 04:16:00
2007-04-27,4:30am,CHF,KOF Economic Barometer,Medium,1.90,2.00,1.84,2007-04-27 04:30:00
2007-04-27,4:30am,CHF,SNB Chairman Roth Speaks,Medium,,,,2007-04-27 04:30:00
2007-04-27,7:30am,USD,Advance GDP q/q,High,1.3%,1.9%,2.5%,2007-04-27 07:30:00
2007-04-27,7:30am,USD,Advance GDP Price Index q/q,Medium,4.0%,3.0%,1.7%,2007-04-27 07:30:00
2007-04-27,7:30am,USD,Employment Cost Index q/q,Medium,0.8%,0.9%,0.8%,2007-04-27 07:30:00
2007-04-27,9:00am,USD,Revised UoM Consumer Sentiment,Medium,87.1,85.3,85.3,2007-04-27 09:00:00
2007-04-27,9:00am,USD,Revised UoM Inflation Expectations,Non-economic,3.3%,,3.3%,2007-04-27 09:00:00
2007-04-29,5:45pm,NZD,Building Consents m/m,Medium,-2.9%,,6.4%,2007-04-29 17:45:00
2007-04-29,All Day,JPY,Bank Holiday,Low,,,,2007-04-29 00:00:00
2007-04-29,7:30pm,AUD,MI Inflation Gauge m/m,Non-economic,0.1%,,0.5%,2007-04-29 19:30:00
2007-04-29,8:30pm,AUD,Private Sector Credit m/m,Medium,1.2%,1.1%,1.4%,2007-04-29 20:30:00
2007-04-30,1:00am,EUR,German Retail Sales m/m,Medium,-0.7%,0.8%,1.0%,2007-04-30 01:00:00
2007-04-30,3:00am,EUR,M3 Money Supply y/y,Non-economic,10.9%,9.8%,10.0%,2007-04-30 03:00:00
2007-04-30,3:00am,EUR,Private Loans y/y,Non-economic,10.5%,10.3%,10.3%,2007-04-30 03:00:00
2007-04-30,3:30am,GBP,High Street Lending,Medium,75.1K,,54.7K,2007-04-30 03:30:00
2007-04-30,4:00am,EUR,Consumer Confidence,Non-economic,-4,-4,-4,2007-04-30 04:00:00
2007-04-30,4:00am,EUR,CPI Flash Estimate y/y,Non-economic,1.8%,1.8%,1.9%,2007-04-30 04:00:00
2007-04-30,4:00am,EUR,Italian Prelim CPI m/m,Non-economic,0.2%,0.2%,0.2%,2007-04-30 04:00:00
2007-04-30,4:30am,GBP,GfK Consumer Confidence,Non-economic,-6,-8,-8,2007-04-30 04:30:00
2007-04-30,7:30am,CAD,GDP m/m,High,0.4%,0.2%,0.1%,2007-04-30 07:30:00
2007-04-30,7:30am,USD,Core PCE Price Index m/m,High,0.0%,0.1%,0.3%,2007-04-30 07:30:00
2007-04-30,7:30am,USD,Personal Spending m/m,Medium,0.3%,0.5%,0.7%,2007-04-30 07:30:00
2007-04-30,7:30am,USD,Personal Income m/m,Non-economic,0.7%,0.5%,0.7%,2007-04-30 07:30:00
2007-04-30,8:45am,USD,Chicago PMI,Medium,52.9,54.5,61.7,2007-04-30 08:45:00
2007-04-30,9:00am,USD,Construction Spending m/m,Non-economic,0.2%,0.2%,1.5%,2007-04-30 09:00:00
2007-04-30,6:30pm,AUD,AIG Manufacturing Index,Non-economic,51.7,,52.4,2007-04-30 18:30:00
2007-04-30,All Day,CNY,Bank Holiday,Low,,,,2007-04-30 00:00:00
2007-04-30,8:00pm,CNY,Manufacturing PMI,High,58.6,,56.1,2007-04-30 20:00:00
2007-04-30,8:30pm,JPY,Average Cash Earnings y/y,Non-economic,-0.4%,-0.4%,-1.0%,2007-04-30 20:30:00
2007-05-01,All Day,CHF,Bank Holiday,Low,,,,2007-05-01 00:00:00
2007-05-01,All Day,EUR,German Bank Holiday,Low,,,,2007-05-01 00:00:00
2007-05-01,All Day,EUR,Italian Bank Holiday,Low,,,,2007-05-01 00:00:00
2007-05-01,All Day,EUR,French Bank Holiday,Low,,,,2007-05-01 00:00:00
2007-05-01,1:30am,AUD,Commodity Prices y/y,Medium,8.4%,,9.3%,2007-05-01 01:30:00
2007-05-01,2:15am,EUR,Spanish Manufacturing PMI,Non-economic,56.0,,55.4,2007-05-01 02:15:00
2007-05-01,3:30am,GBP,Final Manufacturing PMI,Medium,53.9,54.0,54.2,2007-05-01 03:30:00
2007-05-01,5:00am,GBP,CBI Realized Sales,Medium,44,30,32,2007-05-01 05:00:00
2007-05-01,7:30am,CAD,IPPI m/m,Non-economic,1.3%,0.9%,0.9%,2007-05-01 07:30:00
2007-05-01,7:30am,CAD,RMPI m/m,Non-economic,1.3%,1.5%,2.5%,2007-05-01 07:30:00
2007-05-01,9:00am,USD,ISM Manufacturing PMI,High,54.7,51.0,50.9,2007-05-01 09:00:00
2007-05-01,9:00am,USD,Pending Home Sales m/m,High,-4.9%,0.1%,1.1%,2007-05-01 09:00:00
2007-05-01,9:00am,USD,ISM Manufacturing Prices,Non-economic,73.0,65.9,65.5,2007-05-01 09:00:00
2007-05-01,10:00am,USD,Fed Chairman Bernanke Speaks,High,,,,2007-05-01 10:00:00
2007-05-01,All Day,USD,Total Vehicle Sales,Non-economic,16.3M,16.2M,16.3M,2007-05-01 00:00:00
2007-05-01,6:30pm,AUD,Cash Rate,High,6.25%,6.25%,6.25%,2007-05-01 18:30:00
2007-05-01,6:50pm,JPY,Monetary Base y/y,Non-economic,-12.2%,-14.0%,-19.1%,2007-05-01 18:50:00
2007-05-01,All Day,CNY,Bank Holiday,Low,,,,2007-05-01 00:00:00
2007-05-01,9:30pm,CNY,RatingDog Manufacturing PMI,Medium,53.3,,52.3,2007-05-01 21:30:00
2007-05-02,2:30am,CHF,Manufacturing PMI,Medium,61.9,63.5,62.0,2007-05-02 02:30:00
2007-05-02,2:45am,EUR,Italian Manufacturing PMI,Non-economic,53.9,54.2,53.8,2007-05-02 02:45:00
2007-05-02,2:55am,EUR,German Unemployment Change,Medium,-44K,-36K,-58K,2007-05-02 02:55:00
2007-05-02,3:00am,EUR,Final Manufacturing PMI,Medium,55.4,55.5,55.4,2007-05-02 03:00:00
2007-05-02,3:30am,GBP,Construction PMI,Non-economic,59.8,59.0,58.9,2007-05-02 03:30:00
2007-05-02,3:30am,GBP,Mortgage Approvals,Non-economic,113K,116K,118K,2007-05-02 03:30:00
2007-05-02,3:30am,GBP,Net Lending to Individuals m/m,Non-economic,10.8B,11.0B,11.1B,2007-05-02 03:30:00
2007-05-02,4:00am,EUR,Unemployment Rate,Non-economic,7.2%,7.2%,7.3%,2007-05-02 04:00:00
2007-05-02,6:30am,USD,Challenger Job Cuts y/y,Non-economic,-24.6%,,-3.9%,2007-05-02 06:30:00
2007-05-02,7:15am,USD,ADP Non-Farm Employment Change,High,64K,107K,98K,2007-05-02 07:15:00
2007-05-02,9:00am,USD,Factory Orders m/m,Medium,3.1%,1.8%,1.4%,2007-05-02 09:00:00
2007-05-02,9:30am,USD,Crude Oil Inventories,Non-economic,1.2M,1.5M,2.1M,2007-05-02 09:30:00
2007-05-02,10:00am,USD,Treasury Sec Paulson Speaks,Non-economic,,,,2007-05-02 10:00:00
2007-05-02,12:30pm,GBP,BOE Gov King Speaks,Medium,,,,2007-05-02 12:30:00
2007-05-02,6:30pm,AUD,AIG Services Index,Non-economic,52.8,,50.6,2007-05-02 18:30:00
2007-05-02,All Day,CNY,Bank Holiday,Low,,,,2007-05-02 00:00:00
2007-05-02,All Day,JPY,Bank Holiday,Low,,,,2007-05-02 00:00:00
2007-05-02,8:00pm,CNY,Non-Manufacturing PMI,Non-economic,65.6,,59.6,2007-05-02 20:00:00
2007-05-02,10:00pm,NZD,ANZ Commodity Prices m/m,Non-economic,4.8%,,2.0%,2007-05-02 22:00:00
2007-05-03,12:45am,CHF,CPI m/m,High,1.1%,0.8%,0.1%,2007-05-03 00:45:00
2007-05-03,3:30am,GBP,Final Services PMI,Medium,57.2,57.6,57.6,2007-05-03 03:30:00
2007-05-03,4:00am,EUR,PPI m/m,Non-economic,0.3%,0.3%,0.3%,2007-05-03 04:00:00
2007-05-03,7:30am,USD,Prelim Nonfarm Productivity q/q,Medium,1.7%,0.7%,1.6%,2007-05-03 07:30:00
2007-05-03,7:30am,USD,Prelim Unit Labor Costs q/q,Medium,0.6%,3.8%,6.6%,2007-05-03 07:30:00
2007-05-03,7:30am,USD,Unemployment Claims,Non-economic,305K,324K,326K,2007-05-03 07:30:00
2007-05-03,9:00am,USD,ISM Services PMI,High,56.0,53.2,52.4,2007-05-03 09:00:00
2007-05-03,9:30am,USD,Natural Gas Storage,Non-economic,87B,81B,18B,2007-05-03 09:30:00
2007-05-03,All Day,CNY,Bank Holiday,Low,,,,2007-05-03 00:00:00
2007-05-03,All Day,JPY,Bank Holiday,Low,,,,2007-05-03 00:00:00
2007-05-03,8:30pm,AUD,RBA Monetary Policy Statement,High,,,,2007-05-03 20:30:00
2007-05-03,8:30pm,AUD,Goods Trade Balance,Medium,-1.62B,-1.02B,-0.73B,2007-05-03 20:30:00
2007-05-04,2:00am,CHF,Foreign Currency Reserves,Non-economic,45B,,45B,2007-05-04 02:00:00
2007-05-04,2:00am,EUR,Spanish Unemployment Change,Non-economic,-36.3K,,-15.8K,2007-05-04 02:00:00
2007-05-04,2:15am,EUR,Spanish Services PMI,Non-economic,54.2,,56.7,2007-05-04 02:15:00
2007-05-04,2:45am,EUR,Italian Services PMI,Non-economic,53.9,54.6,54.1,2007-05-04 02:45:00
2007-05-04,3:00am,EUR,Final Services PMI,Non-economic,57.0,57.6,57.4,2007-05-04 03:00:00
2007-05-04,4:00am,EUR,Retail Sales m/m,Non-economic,0.5%,0.5%,0.4%,2007-05-04 04:00:00
2007-05-04,7:30am,USD,Non-Farm Employment Change,High,88K,107K,177K,2007-05-04 07:30:00
2007-05-04,7:30am,USD,Unemployment Rate,High,4.5%,4.5%,4.4%,2007-05-04 07:30:00
2007-05-04,7:30am,USD,Average Hourly Earnings m/m,Medium,0.2%,0.3%,0.3%,2007-05-04 07:30:00
2007-05-04,8:45am,USD,FOMC Member Geithner Speaks,Non-economic,,,,2007-05-04 08:45:00
2007-05-04,9:00am,CAD,Ivey PMI,High,60.9,57.5,67.3,2007-05-04 09:00:00
2007-05-04,11:15am,AUD,RBA Deputy Gov Lowe Speaks,Medium,,,,2007-05-04 11:15:00
2007-05-06,All Day,EUR,French Presidential Election,Medium,,,,2007-05-06 00:00:00
2007-05-06,5:45pm,NZD,Labor Cost Index q/q,High,0.7%,0.8%,0.9%,2007-05-06 17:45:00
2007-05-06,6:30pm,AUD,AIG Construction Index,Non-economic,47.9,,51.1,2007-05-06 18:30:00
2007-05-06,6:50pm,JPY,Monetary Policy Meeting Minutes,Medium,,,,2007-05-06 18:50:00
2007-05-06,All Day,CNY,Bank Holiday,Low,,,,2007-05-06 00:00:00
2007-05-06,8:30pm,AUD,ANZ Job Advertisements m/m,Medium,3.5%,,1.9%,2007-05-06 20:30:00
2007-05-06,8:30pm,AUD,NAB Business Confidence,Non-economic,13,,10,2007-05-06 20:30:00
2007-05-07,12:45am,CHF,Unemployment Rate,Non-economic,2.9%,2.8%,2.9%,2007-05-07 00:45:00
2007-05-07,All Day,GBP,Bank Holiday,Low,,,,2007-05-07 00:00:00
2007-05-07,All Day,EUR,Eurogroup Meetings,Non-economic,,,,2007-05-07 00:00:00
2007-05-07,3:30am,EUR,Sentix Investor Confidence,Non-economic,40.8,37.3,34.7,2007-05-07 03:30:00
2007-05-07,4:45am,EUR,EU Economic Forecasts,Non-economic,,,,2007-05-07 04:45:00
2007-05-07,5:00am,EUR,German Factory Orders m/m,Medium,2.4%,-0.4%,4.3%,2007-05-07 05:00:00
2007-05-07,7:30am,CAD,Building Permits m/m,Medium,27.4%,2.9%,-23.3%,2007-05-07 07:30:00
2007-05-07,2:00pm,USD,Consumer Credit m/m,Non-economic,13.5B,4.2B,5.6B,2007-05-07 14:00:00
2007-05-07,8:30pm,AUD,Building Approvals m/m,High,-11.4%,-4.8%,9.0%,2007-05-07 20:30:00
2007-05-07,8:30pm,AUD,Retail Sales m/m,High,1.1%,0.5%,0.9%,2007-05-07 20:30:00
2007-05-07,10:45pm,JPY,10-y Bond Auction,Non-economic,1.65|4.0,,1.66|3.1,2007-05-07 22:45:00
2007-05-08,All Day,EUR,French Bank Holiday,Low,,,,2007-05-08 00:00:00
2007-05-08,All Day,EUR,ECOFIN Meetings,Non-economic,,,,2007-05-08 00:00:00
2007-05-08,4:30am,AUD,Annual Budget Release,High,,,,2007-05-08 04:30:00
2007-05-08,5:00am,EUR,German Industrial Production m/m,Medium,-0.1%,0.0%,0.4%,2007-05-08 05:00:00
2007-05-08,6:30am,USD,NFIB Small Business Index,Non-economic,96.8,,97.3,2007-05-08 06:30:00
2007-05-08,7:15am,CAD,Housing Starts,High,212K,214K,214K,2007-05-08 07:15:00
2007-05-08,9:00am,USD,Final Wholesale Inventories m/m,Non-economic,0.3%,0.4%,0.4%,2007-05-08 09:00:00
2007-05-08,9:00am,USD,JOLTS Job Openings,Non-economic,4.17M,,4.15M,2007-05-08 09:00:00
2007-05-08,12:00pm,USD,10-y Bond Auction,Medium,4.61|2.3,,4.52|2.6,2007-05-08 12:00:00
2007-05-08,4:00pm,NZD,RBNZ Financial Stability Report,High,,,,2007-05-08 16:00:00
2007-05-08,5:45pm,NZD,FPI m/m,Non-economic,0.2%,,0.0%,2007-05-08 17:45:00
2007-05-08,6:01pm,GBP,BRC Retail Sales Monitor y/y,Medium,2.4%,,3.9%,2007-05-08 18:01:00
2007-05-08,6:01pm,GBP,Nationwide Consumer Confidence,Non-economic,90,88,88,2007-05-08 18:01:00
2007-05-08,8:30pm,AUD,HPI q/q,Non-economic,1.1%,1.2%,1.1%,2007-05-08 20:30:00
2007-05-09,12:00am,JPY,Leading Indicators,Non-economic,40.0%,40.0%,27.3%,2007-05-09 00:00:00
2007-05-09,1:00am,EUR,German Trade Balance,Non-economic,15.5B,15.0B,14.7B,2007-05-09 01:00:00
2007-05-09,1:45am,EUR,French Gov Budget Balance,Non-economic,-24.7B,,-20.0B,2007-05-09 01:45:00
2007-05-09,2:00am,EUR,ECB President Trichet Speaks,Medium,,,,2007-05-09 02:00:00
2007-05-09,4:30am,GBP,BRC Shop Price Index y/y,Non-economic,0.8%,,0.7%,2007-05-09 04:30:00
2007-05-09,9:30am,USD,Crude Oil Inventories,Non-economic,5.5M,0.9M,1.2M,2007-05-09 09:30:00
2007-05-09,12:00pm,CHF,Gov Board Member Jordan Speaks,Non-economic,,,,2007-05-09 12:00:00
2007-05-09,1:15pm,USD,Federal Funds Rate,High,5.25%,5.25%,5.25%,2007-05-09 13:15:00
2007-05-09,1:15pm,USD,FOMC Statement,High,,,,2007-05-09 13:15:00
2007-05-09,5:45pm,NZD,Employment Change q/q,High,1.2%,1.0%,0.1%,2007-05-09 17:45:00
2007-05-09,5:45pm,NZD,Unemployment Rate,High,3.8%,3.8%,3.7%,2007-05-09 17:45:00
2007-05-09,6:50pm,JPY,Bank Lending y/y,Non-economic,1.0%,,1.0%,2007-05-09 18:50:00
2007-05-09,6:50pm,JPY,M2 Money Stock y/y,Non-economic,1.1%,1.1%,1.1%,2007-05-09 18:50:00
2007-05-09,7:00pm,NZD,BusinessNZ Manufacturing Index,Non-economic,54.2,,56.8,2007-05-09 19:00:00
2007-05-09,8:30pm,AUD,Employment Change,High,49.6K,12.5K,5.2K,2007-05-09 20:30:00
2007-05-09,8:30pm,AUD,Unemployment Rate,Medium,4.4%,4.5%,4.5%,2007-05-09 20:30:00
2007-05-10,12:45am,CHF,SECO Consumer Climate,Medium,20,19,17,2007-05-10 00:45:00
2007-05-10,1:00am,EUR,German WPI m/m,Non-economic,0.8%,0.6%,0.5%,2007-05-10 01:00:00
2007-05-10,1:00am,JPY,Prelim Machine Tool Orders y/y,Non-economic,7.2%,,9.7%,2007-05-10 01:00:00
2007-05-10,1:45am,EUR,French Industrial Production m/m,Medium,0.2%,0.4%,1.2%,2007-05-10 01:45:00
2007-05-10,1:45am,EUR,French Trade Balance,Non-economic,-1.6B,-2.7B,-2.4B,2007-05-10 01:45:00
2007-05-10,2:00am,JPY,Economy Watchers Sentiment,Non-economic,49.7,50.4,50.8,2007-05-10 02:00:00
2007-05-10,3:00am,EUR,Italian Industrial Production m/m,Non-economic,0.5%,0.6%,-0.4%,2007-05-10 03:00:00
2007-05-10,3:00am,GBP,Halifax HPI m/m,High,1.1%,0.7%,1.2%,2007-05-10 03:00:00
2007-05-10,3:30am,GBP,Goods Trade Balance,High,-7.0B,-6.7B,-6.9B,2007-05-10 03:30:00
2007-05-10,3:30am,GBP,Manufacturing Production m/m,High,0.6%,0.5%,-0.7%,2007-05-10 03:30:00
2007-05-10,3:30am,GBP,Industrial Production m/m,Non-economic,0.3%,0.4%,-0.3%,2007-05-10 03:30:00
2007-05-10,6:00am,GBP,MPC Rate Statement,High,,,,2007-05-10 06:00:00
2007-05-10,6:00am,GBP,Official Bank Rate,High,5.50%,5.50%,5.25%,2007-05-10 06:00:00
2007-05-10,6:45am,EUR,Main Refinancing Rate,Medium,3.75%,3.75%,3.75%,2007-05-10 06:45:00
2007-05-10,7:30am,CAD,Trade Balance,High,4.6B,5.4B,5.2B,2007-05-10 07:30:00
2007-05-10,7:30am,CAD,NHPI m/m,Non-economic,0.3%,0.5%,0.5%,2007-05-10 07:30:00
2007-05-10,7:30am,EUR,ECB Press Conference,High,,,,2007-05-10 07:30:00
2007-05-10,7:30am,USD,Trade Balance,High,-63.9B,-60.0B,-57.9B,2007-05-10 07:30:00
2007-05-10,7:30am,USD,Import Prices m/m,Medium,1.3%,1.1%,1.5%,2007-05-10 07:30:00
2007-05-10,7:30am,USD,Unemployment Claims,Non-economic,297K,320K,306K,2007-05-10 07:30:00
2007-05-10,9:00am,USD,FOMC Member Kroszner Speaks,Non-economic,,,,2007-05-10 09:00:00
2007-05-10,9:30am,USD,Natural Gas Storage,Non-economic,96B,96B,87B,2007-05-10 09:30:00
2007-05-10,12:00pm,USD,30-y Bond Auction,Non-economic,4.84|2.0,,4.81|2.5,2007-05-10 12:00:00
2007-05-10,1:00pm,USD,Federal Budget Balance,Medium,177.7B,145.0B,-96.3B,2007-05-10 13:00:00
2007-05-10,6:01pm,GBP,NIESR GDP Estimate,Non-economic,0.7%,,0.7%,2007-05-10 18:01:00
2007-05-10,9:00pm,CNY,PPI y/y,Medium,2.9%,2.8%,2.7%,2007-05-10 21:00:00
2007-05-11,3:55am,CNY,USD-Denominated Trade Balance,High,16.9B,15.0B,6.9B,2007-05-11 03:55:00
2007-05-11,6:00am,CAD,Employment Change,High,-5.2K,18.5K,54.9K,2007-05-11 06:00:00
2007-05-11,6:00am,CAD,Unemployment Rate,High,6.1%,6.1%,6.1%,2007-05-11 06:00:00
2007-05-11,7:30am,USD,Core Retail Sales m/m,High,0.0%,0.5%,1.1%,2007-05-11 07:30:00
2007-05-11,7:30am,USD,PPI m/m,High,0.7%,0.6%,1.0%,2007-05-11 07:30:00
2007-05-11,7:30am,USD,Retail Sales m/m,High,-0.2%,0.4%,1.0%,2007-05-11 07:30:00
2007-05-11,7:30am,USD,Core PPI m/m,Medium,0.0%,0.2%,0.0%,2007-05-11 07:30:00
2007-05-11,9:00am,USD,Business Inventories m/m,Medium,-0.1%,0.2%,0.2%,2007-05-11 09:00:00
2007-05-12,9:00pm,CNY,New Loans,Medium,422B,,442B,2007-05-12 21:00:00
2007-05-12,9:00pm,CNY,M2 Money Supply y/y,Non-economic,17.1%,17.3%,17.3%,2007-05-12 21:00:00
2007-05-13,5:45pm,NZD,Core Retail Sales m/m,High,0.8%,1.9%,2.5%,2007-05-13 17:45:00
2007-05-13,5:45pm,NZD,Retail Sales m/m,High,1.3%,-0.2%,2.1%,2007-05-13 17:45:00
2007-05-13,5:45pm,NZD,Core Retail Sales q/q,Non-economic,3.7%,,1.8%,2007-05-13 17:45:00
2007-05-13,5:45pm,NZD,Retail Sales q/q,Non-economic,3.8%,1.9%,1.8%,2007-05-13 17:45:00
2007-05-13,6:50pm,JPY,Current Account,Non-economic,2.42T,2.10T,1.48T,2007-05-13 18:50:00
2007-05-13,6:50pm,JPY,PPI y/y,Non-economic,2.2%,1.7%,2.0%,2007-05-13 18:50:00
2007-05-13,8:30pm,AUD,Home Loans m/m,Medium,1.3%,1.5%,0.1%,2007-05-13 20:30:00
2007-05-13,9:00pm,CNY,CPI y/y,Medium,3.0%,3.2%,3.3%,2007-05-13 21:00:00
2007-05-14,2:00am,EUR,Spanish Flash GDP q/q,Non-economic,1.0%,1.0%,1.2%,2007-05-14 02:00:00
2007-05-14,3:30am,GBP,PPI Input m/m,High,0.7%,1.0%,1.2%,2007-05-14 03:30:00
2007-05-14,3:30am,GBP,ONS HPI y/y,Non-economic,10.9%,12.0%,11.8%,2007-05-14 03:30:00
2007-05-14,3:30am,GBP,PPI Output m/m,Non-economic,0.5%,0.5%,0.6%,2007-05-14 03:30:00
2007-05-14,4:00am,EUR,Industrial Production m/m,Medium,0.4%,0.4%,0.5%,2007-05-14 04:00:00
2007-05-14,9:30am,GBP,CB Leading Index m/m,Non-economic,0.6%,,0.8%,2007-05-14 09:30:00
2007-05-14,1:00pm,USD,Loan Officer Survey,Non-economic,,,,2007-05-14 13:00:00
2007-05-14,6:01pm,GBP,RICS House Price Balance,Medium,29%,24%,27%,2007-05-14 18:01:00
2007-05-14,6:50pm,JPY,Core Machinery Orders m/m,Medium,-4.5%,1.6%,-5.2%,2007-05-14 18:50:00
2007-05-14,9:00pm,CNY,Retail Sales y/y,Non-economic,15.5%,15.1%,15.3%,2007-05-14 21:00:00
2007-05-15,1:00am,EUR,German Prelim GDP q/q,High,0.5%,0.3%,1.0%,2007-05-15 01:00:00
2007-05-15,1:40am,EUR,French Prelim GDP q/q,Non-economic,0.5%,0.7%,0.5%,2007-05-15 01:40:00
2007-05-15,1:45am,EUR,French Final CPI m/m,Non-economic,0.5%,0.3%,0.4%,2007-05-15 01:45:00
2007-05-15,2:15am,CHF,Retail Sales y/y,Medium,7.6%,4.0%,4.5%,2007-05-15 02:15:00
2007-05-15,3:00am,EUR,Italian Prelim GDP q/q,Non-economic,0.2%,0.2%,1.1%,2007-05-15 03:00:00
2007-05-15,3:30am,GBP,CPI y/y,High,2.8%,2.8%,3.1%,2007-05-15 03:30:00
2007-05-15,3:30am,GBP,Core CPI y/y,Medium,1.8%,1.9%,1.9%,2007-05-15 03:30:00
2007-05-15,3:30am,GBP,RPI y/y,Medium,4.5%,4.6%,4.8%,2007-05-15 03:30:00
2007-05-15,4:00am,EUR,Flash GDP q/q,Medium,0.6%,0.5%,0.9%,2007-05-15 04:00:00
2007-05-15,7:10am,USD,Fed Chairman Bernanke Speaks,Medium,,,,2007-05-15 07:10:00
2007-05-15,7:30am,CAD,Manufacturing Sales m/m,Medium,2.8%,0.8%,0.4%,2007-05-15 07:30:00
2007-05-15,7:30am,CAD,New Motor Vehicle Sales m/m,Non-economic,0.1%,-0.1%,-4.0%,2007-05-15 07:30:00
2007-05-15,7:30am,USD,Core CPI m/m,High,0.2%,0.2%,0.1%,2007-05-15 07:30:00
2007-05-15,7:30am,USD,CPI y/y,High,2.6%,2.6%,2.8%,2007-05-15 07:30:00
2007-05-15,7:30am,USD,CPI m/m,Medium,0.4%,0.5%,0.6%,2007-05-15 07:30:00
2007-05-15,7:30am,USD,Empire State Manufacturing Index,Medium,8.0,9.0,3.8,2007-05-15 07:30:00
2007-05-15,8:00am,USD,TIC Long-Term Purchases,High,67.6B,72.0B,58.1B,2007-05-15 08:00:00
2007-05-15,9:00am,USD,FOMC Member Kroszner Speaks,Medium,,,,2007-05-15 09:00:00
2007-05-15,9:00am,USD,FOMC Member Geithner Speaks,Non-economic,,,,2007-05-15 09:00:00
2007-05-15,9:00am,USD,RCM/TIPP Economic Optimism,Non-economic,48.0,45.0,45.5,2007-05-15 09:00:00
2007-05-15,12:00pm,USD,NAHB Housing Market Index,Non-economic,30,33,33,2007-05-15 12:00:00
2007-05-15,5:45pm,NZD,PPI Input q/q,High,-1.6%,-0.9%,-0.3%,2007-05-15 17:45:00
2007-05-15,5:45pm,NZD,PPI Output q/q,Non-economic,-0.2%,-0.2%,-0.5%,2007-05-15 17:45:00
2007-05-15,8:30pm,AUD,Westpac Consumer Sentiment,Medium,7.5%,,-0.2%,2007-05-15 20:30:00
2007-05-15,8:30pm,AUD,Wage Price Index q/q,Non-economic,1.0%,1.2%,1.1%,2007-05-15 20:30:00
2007-05-15,9:00pm,CNY,Industrial Production y/y,High,17.4%,17.5%,17.6%,2007-05-15 21:00:00
2007-05-15,9:00pm,CNY,Foreign Direct Investment ytd/y,Non-economic,10.2%,,11.6%,2007-05-15 21:00:00
2007-05-15,11:30pm,JPY,Revised Industrial Production m/m,Non-economic,-0.3%,-0.6%,-0.6%,2007-05-15 23:30:00
2007-05-16,12:00am,JPY,Consumer Confidence,Non-economic,47.4,48.5,46.8,2007-05-16 00:00:00
2007-05-16,1:00am,EUR,German Final CPI m/m,Non-economic,0.4%,0.4%,0.4%,2007-05-16 01:00:00
2007-05-16,1:45am,EUR,French Prelim Private Payrolls q/q,Medium,0.6%,0.3%,0.2%,2007-05-16 01:45:00
2007-05-16,3:30am,GBP,Average Earnings Index 3m/y,High,4.5%,4.8%,4.6%,2007-05-16 03:30:00
2007-05-16,3:30am,GBP,Claimant Count Change,Medium,-15.7K,-5.5K,-14.3K,2007-05-16 03:30:00
2007-05-16,3:30am,GBP,Unemployment Rate,Non-economic,5.5%,5.5%,5.5%,2007-05-16 03:30:00
2007-05-16,4:00am,EUR,Final Core CPI y/y,Non-economic,1.9%,1.9%,1.9%,2007-05-16 04:00:00
2007-05-16,4:00am,EUR,Final CPI y/y,Non-economic,1.9%,1.8%,1.8%,2007-05-16 04:00:00
2007-05-16,4:30am,GBP,BOE Gov King Speaks,High,,,,2007-05-16 04:30:00
2007-05-16,4:30am,GBP,BOE Monetary Policy Report,High,,,,2007-05-16 04:30:00
2007-05-16,7:30am,CAD,Foreign Securities Purchases,Medium,4.66B,3.23B,4.81B,2007-05-16 07:30:00
2007-05-16,7:30am,USD,Building Permits,Medium,1.43M,1.52M,1.57M,2007-05-16 07:30:00
2007-05-16,7:30am,USD,Housing Starts,Medium,1.53M,1.49M,1.49M,2007-05-16 07:30:00
2007-05-16,8:15am,USD,Capacity Utilization Rate,Medium,81.6%,81.4%,81.2%,2007-05-16 08:15:00
2007-05-16,8:15am,USD,Industrial Production m/m,Medium,0.7%,0.3%,-0.3%,2007-05-16 08:15:00
2007-05-16,9:00am,USD,FOMC Member Kroszner Speaks,Medium,,,,2007-05-16 09:00:00
2007-05-16,9:30am,USD,Crude Oil Inventories,Non-economic,1.1M,0.0M,5.5M,2007-05-16 09:30:00
2007-05-16,10:00am,USD,FOMC Member Kohn Speaks,Medium,,,,2007-05-16 10:00:00
2007-05-16,6:50pm,JPY,Prelim GDP q/q,High,0.6%,0.7%,1.3%,2007-05-16 18:50:00
2007-05-16,6:50pm,JPY,Prelim GDP Price Index y/y,Medium,-0.2%,-0.4%,-0.5%,2007-05-16 18:50:00
2007-05-16,7:30pm,AUD,MI Inflation Expectations,Non-economic,4.4%,,3.8%,2007-05-16 19:30:00
2007-05-16,8:30pm,AUD,RBA Bulletin,Non-economic,,,,2007-05-16 20:30:00
2007-05-16,9:00pm,CNY,Fixed Asset Investment ytd/y,Medium,25.5%,25.3%,25.3%,2007-05-16 21:00:00
2007-05-16,9:00pm,NZD,Annual Budget Release,High,,,,2007-05-16 21:00:00
2007-05-16,10:30pm,JPY,Overnight Call Rate,Medium,0.50%,0.50%,0.50%,2007-05-16 22:30:00
2007-05-17,1:00am,JPY,BOJ Monthly Report,Non-economic,,,,2007-05-17 01:00:00
2007-05-17,All Day,CHF,Bank Holiday,Low,,,,2007-05-17 00:00:00
2007-05-17,All Day,EUR,German Bank Holiday,Low,,,,2007-05-17 00:00:00
2007-05-17,All Day,EUR,French Bank Holiday,Low,,,,2007-05-17 00:00:00
2007-05-17,2:30am,JPY,BOJ Press Conference,High,,,,2007-05-17 02:30:00
2007-05-17,4:00am,EUR,ECB Monthly Bulletin,Medium,,,,2007-05-17 04:00:00
2007-05-17,6:00am,CAD,Core CPI m/m,High,0.2%,0.1%,0.3%,2007-05-17 06:00:00
2007-05-17,6:00am,CAD,CPI m/m,Medium,0.4%,0.3%,0.8%,2007-05-17 06:00:00
2007-05-17,7:30am,CAD,Wholesale Sales m/m,Medium,1.9%,0.4%,1.0%,2007-05-17 07:30:00
2007-05-17,7:30am,USD,Unemployment Claims,Non-economic,293K,312K,298K,2007-05-17 07:30:00
2007-05-17,8:30am,USD,Fed Chairman Bernanke Speaks,High,,,,2007-05-17 08:30:00
2007-05-17,9:00am,USD,CB Leading Index m/m,Non-economic,-0.5%,-0.1%,0.6%,2007-05-17 09:00:00
2007-05-17,9:30am,CAD,BOC Review,Non-economic,,,,2007-05-17 09:30:00
2007-05-17,9:30am,USD,Natural Gas Storage,Non-economic,95B,97B,96B,2007-05-17 09:30:00
2007-05-17,11:00am,USD,Philly Fed Manufacturing Index,Medium,4.2,3.0,0.2,2007-05-17 11:00:00
2007-05-17,5:45pm,NZD,Visitor Arrivals m/m,Non-economic,-2.2%,,-1.1%,2007-05-17 17:45:00
2007-05-17,6:50pm,JPY,Tertiary Industry Activity m/m,Medium,-2.2%,-0.7%,1.0%,2007-05-17 18:50:00
2007-05-18,1:00am,EUR,German PPI m/m,Non-economic,0.1%,0.3%,0.3%,2007-05-18 01:00:00
2007-05-18,3:30am,GBP,Retail Sales m/m,High,-0.1%,0.6%,0.5%,2007-05-18 03:30:00
2007-05-18,4:00am,EUR,Italian Trade Balance,Non-economic,-0.20B,-1.18B,-1.87B,2007-05-18 04:00:00
2007-05-18,7:30am,CAD,Core Retail Sales m/m,High,1.1%,1.1%,1.1%,2007-05-18 07:30:00
2007-05-18,7:30am,CAD,Retail Sales m/m,Medium,1.9%,0.7%,0.2%,2007-05-18 07:30:00
2007-05-18,9:00am,USD,Prelim UoM Consumer Sentiment,High,88.7,86.4,87.1,2007-05-18 09:00:00
2007-05-18,9:00am,USD,Prelim UoM Inflation Expectations,Non-economic,3.3%,,3.3%,2007-05-18 09:00:00
2007-05-18,All Day,All,G8 Meetings,Medium,,,,2007-05-18 00:00:00
2007-05-20,6:01pm,GBP,Rightmove HPI m/m,Non-economic,0.4%,,3.6%,2007-05-20 18:01:00
2007-05-20,10:00pm,NZD,Credit Card Spending y/y,Non-economic,7.8%,,7.4%,2007-05-20 22:00:00
2007-05-21,2:15am,CHF,PPI m/m,Medium,0.9%,0.4%,0.3%,2007-05-21 02:15:00
2007-05-21,3:30am,GBP,M4 Money Supply m/m,Non-economic,1.4%,1.0%,1.1%,2007-05-21 03:30:00
2007-05-21,3:30am,GBP,Public Sector Net Borrowing,Non-economic,1.1B,1.4B,8.4B,2007-05-21 03:30:00
2007-05-21,5:00am,EUR,German Buba Monthly Report,Medium,,,,2007-05-21 05:00:00
2007-05-21,All Day,CAD,Bank Holiday,Low,,,,2007-05-21 00:00:00
2007-05-21,6:50pm,JPY,Monetary Policy Meeting Minutes,Medium,,,,2007-05-21 18:50:00
2007-05-21,All Day,CNY,Bank Holiday,Low,,,,2007-05-21 00:00:00
2007-05-21,8:30pm,AUD,New Motor Vehicle Sales m/m,Non-economic,-1.1%,,0.7%,2007-05-21 20:30:00
2007-05-22,4:00am,EUR,German ZEW Economic Sentiment,Medium,24.0,22.5,16.5,2007-05-22 04:00:00
2007-05-22,4:00am,EUR,Trade Balance,Non-economic,5.1B,0.5B,0.5B,2007-05-22 04:00:00
2007-05-22,4:00am,EUR,ZEW Economic Sentiment,Non-economic,22.3,14.5,10.7,2007-05-22 04:00:00
2007-05-22,5:00am,EUR,ECB President Trichet Speaks,Non-economic,,,,2007-05-22 05:00:00
2007-05-22,8:15am,USD,Treasury Sec Paulson Speaks,Non-economic,,,,2007-05-22 08:15:00
2007-05-22,9:00am,USD,Richmond Manufacturing Index,Non-economic,-10,-6,-11,2007-05-22 09:00:00
2007-05-22,5:00pm,USD,Fed Chairman Bernanke Speaks,Medium,,,,2007-05-22 17:00:00
2007-05-22,6:50pm,JPY,All Industries Activity m/m,Non-economic,-1.4%,-0.2%,0.9%,2007-05-22 18:50:00
2007-05-22,7:30pm,AUD,MI Leading Index m/m,Non-economic,0.2%,,0.7%,2007-05-22 19:30:00
2007-05-23,3:00am,EUR,Italian Retail Sales m/m,Non-economic,0.5%,0.2%,0.2%,2007-05-23 03:00:00
2007-05-23,3:30am,GBP,MPC Official Bank Rate Votes,High,9-0-0,8-0-1,2-0-7,2007-05-23 03:30:00
2007-05-23,4:00am,EUR,Industrial New Orders m/m,Medium,2.7%,1.0%,-0.6%,2007-05-23 04:00:00
2007-05-23,4:07am,EUR,German 10-y Bond Auction,Non-economic,4.36|1.7,,4.11|1.8,2007-05-23 04:07:00
2007-05-23,7:30am,CAD,Leading Index m/m,Non-economic,0.4%,0.4%,0.4%,2007-05-23 07:30:00
2007-05-23,9:30am,USD,Crude Oil Inventories,Non-economic,2.0M,0.6M,1.1M,2007-05-23 09:30:00
2007-05-23,10:45am,USD,Treasury Sec Paulson Speaks,Medium,,,,2007-05-23 10:45:00
2007-05-23,12:00pm,USD,FOMC Member Kroszner Speaks,Non-economic,,,,2007-05-23 12:00:00
2007-05-23,5:45pm,NZD,Trade Balance,High,-212M,-100M,62M,2007-05-23 17:45:00
2007-05-23,6:50pm,JPY,Trade Balance,Non-economic,1.03T,0.85T,1.12T,2007-05-23 18:50:00
2007-05-24,1:00am,EUR,German Final GDP q/q,Non-economic,0.5%,0.5%,0.5%,2007-05-24 01:00:00
2007-05-24,2:15am,CHF,Employment Level,Medium,3.71M,3.71M,3.70M,2007-05-24 02:15:00
2007-05-24,3:00am,EUR,German ifo Business Climate,High,108.6,108.9,108.6,2007-05-24 03:00:00
2007-05-24,3:30am,GBP,Prelim Business Investment q/q,Medium,-1.3%,2.1%,4.5%,2007-05-24 03:30:00
2007-05-24,4:00am,CHF,UBS Economic Expectations,Medium,0.0,,-3.5,2007-05-24 04:00:00
2007-05-24,4:52am,GBP,10-y Bond Auction,Non-economic,5.16|2.2,,4.90|2.2,2007-05-24 04:52:00
2007-05-24,5:00am,GBP,CBI Industrial Order Expectations,Medium,5,3,2,2007-05-24 05:00:00
2007-05-24,7:30am,CAD,Corporate Profits q/q,Non-economic,2.9%,,1.5%,2007-05-24 07:30:00
2007-05-24,7:30am,USD,Core Durable Goods Orders m/m,High,1.5%,0.5%,0.3%,2007-05-24 07:30:00
2007-05-24,7:30am,USD,Durable Goods Orders m/m,Medium,0.6%,0.9%,5.0%,2007-05-24 07:30:00
2007-05-24,7:30am,USD,Unemployment Claims,Medium,311K,305K,296K,2007-05-24 07:30:00
2007-05-24,8:00am,EUR,Belgian NBB Business Climate,Medium,3.9,4.0,3.8,2007-05-24 08:00:00
2007-05-24,9:00am,USD,New Home Sales,High,981K,860K,844K,2007-05-24 09:00:00
2007-05-24,9:30am,USD,Natural Gas Storage,Non-economic,104B,96B,95B,2007-05-24 09:30:00
2007-05-24,11:15am,CHF,Gov Board Member Jordan Speaks,Non-economic,,,,2007-05-24 11:15:00
2007-05-24,6:30pm,JPY,Tokyo Core CPI y/y,Medium,0.0%,0.0%,0.0%,2007-05-24 18:30:00
2007-05-24,6:30pm,JPY,National Core CPI y/y,Non-economic,-0.1%,-0.1%,-0.3%,2007-05-24 18:30:00
2007-05-24,7:00pm,AUD,CB Leading Index m/m,Non-economic,0.5%,,1.5%,2007-05-24 19:00:00
2007-05-24,7:00pm,USD,FOMC Member Mishkin Speaks,Non-economic,,,,2007-05-24 19:00:00
2007-05-25,1:00am,EUR,German GfK Consumer Climate,Non-economic,7.3,6.0,5.7,2007-05-25 01:00:00
2007-05-25,1:00am,EUR,German Import Prices m/m,Non-economic,0.9%,0.4%,0.6%,2007-05-25 01:00:00
2007-05-25,1:45am,EUR,French Consumer Spending m/m,Non-economic,-0.3%,0.3%,0.2%,2007-05-25 01:45:00
2007-05-25,3:30am,GBP,Second Estimate GDP q/q,High,0.7%,0.7%,0.7%,2007-05-25 03:30:00
2007-05-25,3:30am,GBP,Index of Services 3m/3m,Non-economic,0.8%,0.8%,0.8%,2007-05-25 03:30:00
2007-05-25,4:30am,CHF,KOF Economic Barometer,Medium,1.96,1.95,1.90,2007-05-25 04:30:00
2007-05-25,9:00am,USD,Existing Home Sales,High,5.99M,6.14M,6.15M,2007-05-25 09:00:00
2007-05-27,6:50pm,JPY,SPPI y/y,Non-economic,1.1%,0.6%,0.6%,2007-05-27 18:50:00
2007-05-28,All Day,CHF,Bank Holiday,Low,,,,2007-05-28 00:00:00
2007-05-28,All Day,EUR,German Bank Holiday,Low,,,,2007-05-28 00:00:00
2007-05-28,All Day,EUR,French Bank Holiday,Low,,,,2007-05-28 00:00:00
2007-05-28,All Day,GBP,Bank Holiday,Low,,,,2007-05-28 00:00:00
2007-05-28,All Day,USD,Bank Holiday,Low,,,,2007-05-28 00:00:00
2007-05-28,6:30pm,JPY,Household Spending y/y,Non-economic,1.1%,0.1%,0.1%,2007-05-28 18:30:00
2007-05-28,6:30pm,JPY,Unemployment Rate,Non-economic,3.8%,4.0%,4.0%,2007-05-28 18:30:00
2007-05-28,6:50pm,JPY,Retail Sales y/y,Medium,-0.6%,-0.3%,-0.7%,2007-05-28 18:50:00
2007-05-28,10:00pm,NZD,Inflation Expectations q/q,High,2.58%,,2.56%,2007-05-28 22:00:00
2007-05-29,1:15am,CHF,Trade Balance,Medium,0.63B,0.85B,0.67B,2007-05-29 01:15:00
2007-05-29,3:00am,CHF,UBS Consumption Indicator,Medium,2.35,,2.09,2007-05-29 03:00:00
2007-05-29,3:00am,EUR,Current Account,Non-economic,5.4B,-4.3B,-3.7B,2007-05-29 03:00:00
2007-05-29,3:30am,GBP,High Street Lending,Medium,64.8K,,75.1K,2007-05-29 03:30:00
2007-05-29,8:00am,CAD,BOC Rate Statement,High,,,,2007-05-29 08:00:00
2007-05-29,8:00am,CAD,Overnight Rate,High,4.25%,4.25%,4.25%,2007-05-29 08:00:00
2007-05-29,8:00am,USD,S&P/CS Composite-20 HPI y/y,Non-economic,-1.4%,-1.2%,-0.8%,2007-05-29 08:00:00
2007-05-29,9:00am,USD,CB Consumer Confidence,High,108.0,104.5,106.3,2007-05-29 09:00:00
2007-05-29,2:00pm,EUR,German Buba President Weber Speaks,Medium,,,,2007-05-29 14:00:00
2007-05-29,5:45pm,NZD,Building Consents m/m,Medium,0.7%,,-1.9%,2007-05-29 17:45:00
2007-05-29,6:50pm,JPY,Prelim Industrial Production m/m,Medium,-0.1%,0.5%,-0.3%,2007-05-29 18:50:00
2007-05-29,8:30pm,AUD,Retail Sales m/m,High,0.1%,0.5%,1.0%,2007-05-29 20:30:00
2007-05-29,8:30pm,AUD,Construction Work Done q/q,Medium,2.7%,1.4%,3.8%,2007-05-29 20:30:00
2007-05-30,All Day,EUR,German Prelim CPI m/m,Medium,0.2%,0.2%,0.4%,2007-05-30 00:00:00
2007-05-30,3:00am,EUR,M3 Money Supply y/y,Non-economic,10.4%,10.6%,10.9%,2007-05-30 03:00:00
2007-05-30,3:00am,EUR,Private Loans y/y,Non-economic,10.3%,10.5%,10.5%,2007-05-30 03:00:00
2007-05-30,3:00am,EUR,Retail PMI,Non-economic,48.4,,54.6,2007-05-30 03:00:00
2007-05-30,4:13am,EUR,Italian 10-y Bond Auction,Non-economic,4.51|1.5,,4.37|1.5,2007-05-30 04:13:00
2007-05-30,7:15am,USD,ADP Non-Farm Employment Change,High,97K,115K,61K,2007-05-30 07:15:00
2007-05-30,7:30am,CAD,Current Account,Medium,6.5B,7.0B,4.6B,2007-05-30 07:30:00
2007-05-30,7:30am,CAD,IPPI m/m,Non-economic,0.2%,0.5%,1.3%,2007-05-30 07:30:00
2007-05-30,7:30am,CAD,RMPI m/m,Non-economic,3.3%,0.9%,1.9%,2007-05-30 07:30:00
2007-05-30,12:00pm,GBP,MPC Member Blanchflower Speaks,Medium,,,,2007-05-30 12:00:00
2007-05-30,1:00pm,USD,FOMC Meeting Minutes,High,,,,2007-05-30 13:00:00
2007-05-30,6:30pm,JPY,Final Manufacturing PMI,Non-economic,51.4,,52.3,2007-05-30 18:30:00
2007-05-30,8:30pm,AUD,Private Capital Expenditure q/q,High,9.1%,3.3%,0.1%,2007-05-30 20:30:00
2007-05-30,8:30pm,AUD,Goods Trade Balance,Medium,-0.96B,-0.86B,-1.63B,2007-05-30 20:30:00
2007-05-30,8:30pm,AUD,Private Sector Credit m/m,Medium,1.2%,1.1%,1.1%,2007-05-30 20:30:00
2007-05-30,8:30pm,JPY,Average Cash Earnings y/y,Non-economic,-0.7%,0.1%,-0.1%,2007-05-30 20:30:00
2007-05-30,10:00pm,NZD,ANZ Business Confidence,Medium,-48.2,,-19.4,2007-05-30 22:00:00
2007-05-31,12:00am,JPY,Housing Starts y/y,Non-economic,-3.6%,-4.3%,5.5%,2007-05-31 00:00:00
2007-05-31,12:45am,CHF,GDP q/q,Medium,0.8%,0.6%,0.5%,2007-05-31 00:45:00
2007-05-31,1:00am,GBP,Nationwide HPI m/m,Medium,0.5%,0.6%,0.9%,2007-05-31 01:00:00
2007-05-31,2:55am,EUR,German Unemployment Change,Medium,-13K,-20K,-44K,2007-05-31 02:55:00
2007-05-31,3:30am,GBP,Mortgage Approvals,Non-economic,107K,111K,112K,2007-05-31 03:30:00
2007-05-31,3:30am,GBP,Net Lending to Individuals m/m,Non-economic,9.4B,10.6B,10.1B,2007-05-31 03:30:00
2007-05-31,4:00am,EUR,Consumer Confidence,Non-economic,-1,-4,-4,2007-05-31 04:00:00
2007-05-31,4:00am,EUR,CPI Flash Estimate y/y,Non-economic,1.9%,1.9%,1.9%,2007-05-31 04:00:00
2007-05-31,4:00am,EUR,Italian Prelim CPI m/m,Non-economic,0.4%,0.2%,0.2%,2007-05-31 04:00:00
2007-05-31,4:30am,GBP,GfK Consumer Confidence,Non-economic,-2,-7,-6,2007-05-31 04:30:00
2007-05-31,5:00am,GBP,CBI Realized Sales,Medium,31,39,44,2007-05-31 05:00:00
2007-05-31,7:30am,CAD,GDP m/m,High,0.3%,0.5%,0.4%,2007-05-31 07:30:00
2007-05-31,7:30am,USD,Prelim GDP q/q,High,0.6%,0.7%,1.3%,2007-05-31 07:30:00
2007-05-31,7:30am,USD,Prelim GDP Price Index q/q,Non-economic,4.0%,4.0%,4.0%,2007-05-31 07:30:00
2007-05-31,7:30am,USD,Unemployment Claims,Non-economic,310K,314K,314K,2007-05-31 07:30:00
2007-05-31,8:45am,USD,Chicago PMI,Medium,61.7,54.2,52.9,2007-05-31 08:45:00
2007-05-31,9:00am,USD,Construction Spending m/m,Non-economic,0.1%,-0.1%,0.6%,2007-05-31 09:00:00
2007-05-31,9:30am,USD,Crude Oil Inventories,Non-economic,-2.0M,1.0M,2.0M,2007-05-31 09:30:00
2007-05-31,9:30am,USD,Natural Gas Storage,Non-economic,107B,105B,104B,2007-05-31 09:30:00
2007-05-31,6:30pm,AUD,AIG Manufacturing Index,Non-economic,55.2,,51.7,2007-05-31 18:30:00
2007-05-31,8:00pm,CNY,Manufacturing PMI,High,55.7,,58.6,2007-05-31 20:00:00
2007-05-31,9:30pm,CNY,RatingDog Manufacturing PMI,Medium,54.1,,53.3,2007-05-31 21:30:00
2007-06-01,12:45am,CHF,CPI m/m,High,0.2%,0.2%,1.1%,2007-06-01 00:45:00
2007-06-01,1:00am,EUR,German Retail Sales m/m,Medium,2.6%,1.0%,-0.3%,2007-06-01 01:00:00
2007-06-01,1:30am,AUD,Commodity Prices y/y,Medium,5.8%,,7.4%,2007-06-01 01:30:00
2007-06-01,2:15am,EUR,Spanish Manufacturing PMI,Non-economic,53.3,,56.0,2007-06-01 02:15:00
2007-06-01,2:30am,CHF,Manufacturing PMI,Medium,58.9,62.5,61.9,2007-06-01 02:30:00
2007-06-01,2:30am,EUR,ECB President Trichet Speaks,Non-economic,,,,2007-06-01 02:30:00
2007-06-01,2:45am,EUR,Italian Manufacturing PMI,Non-economic,55.0,54.1,53.9,2007-06-01 02:45:00
2007-06-01,3:00am,EUR,Final Manufacturing PMI,Medium,55.0,55.6,55.4,2007-06-01 03:00:00
2007-06-01,3:30am,GBP,Final Manufacturing PMI,Medium,54.9,53.8,54.1,2007-06-01 03:30:00
2007-06-01,3:30am,USD,FOMC Member Kroszner Speaks,Medium,,,,2007-06-01 03:30:00
2007-06-01,4:00am,EUR,Revised GDP q/q,Non-economic,0.6%,0.6%,0.6%,2007-06-01 04:00:00
2007-06-01,4:00am,EUR,Unemployment Rate,Non-economic,7.1%,7.1%,7.2%,2007-06-01 04:00:00
2007-06-01,7:30am,USD,Core PCE Price Index m/m,High,0.1%,0.2%,0.0%,2007-06-01 07:30:00
2007-06-01,7:30am,USD,Non-Farm Employment Change,High,157K,135K,80K,2007-06-01 07:30:00
2007-06-01,7:30am,USD,Unemployment Rate,High,4.5%,4.5%,4.5%,2007-06-01 07:30:00
2007-06-01,7:30am,USD,Average Hourly Earnings m/m,Medium,0.3%,0.3%,0.2%,2007-06-01 07:30:00
2007-06-01,7:30am,USD,Personal Spending m/m,Medium,0.5%,0.4%,0.4%,2007-06-01 07:30:00
2007-06-01,7:30am,USD,Personal Income m/m,Non-economic,-0.1%,0.3%,0.8%,2007-06-01 07:30:00
2007-06-01,9:00am,USD,ISM Manufacturing PMI,High,55.0,54.0,54.7,2007-06-01 09:00:00
2007-06-01,9:00am,USD,Pending Home Sales m/m,High,-3.2%,0.3%,-4.5%,2007-06-01 09:00:00
2007-06-01,9:00am,USD,Revised UoM Consumer Sentiment,Medium,88.3,88.7,88.7,2007-06-01 09:00:00
2007-06-01,9:00am,USD,ISM Manufacturing Prices,Non-economic,71.0,73.0,73.0,2007-06-01 09:00:00
2007-06-01,9:00am,USD,Revised UoM Inflation Expectations,Non-economic,3.3%,,3.3%,2007-06-01 09:00:00
2007-06-01,All Day,USD,Total Vehicle Sales,Non-economic,16.3M,16.3M,16.3M,2007-06-01 00:00:00
2007-06-02,8:00pm,CNY,Non-Manufacturing PMI,Non-economic,67.6,,65.6,2007-06-02 20:00:00
2007-06-03,All Day,NZD,Bank Holiday,Low,,,,2007-06-03 00:00:00
2007-06-03,6:50pm,JPY,Capital Spending q/y,Medium,13.6%,10.0%,16.8%,2007-06-03 18:50:00
2007-06-03,6:50pm,JPY,Monetary Base y/y,Non-economic,-5.7%,-6.5%,-12.2%,2007-06-03 18:50:00
2007-06-03,7:30pm,AUD,MI Inflation Gauge m/m,Non-economic,0.1%,,0.1%,2007-06-03 19:30:00
2007-06-03,8:30pm,AUD,ANZ Job Advertisements m/m,Medium,10.3%,,3.5%,2007-06-03 20:30:00
2007-06-03,8:30pm,AUD,Company Operating Profits q/q,Non-economic,7.6%,2.9%,3.0%,2007-06-03 20:30:00
2007-06-04,2:00am,EUR,Spanish Unemployment Change,Non-economic,-49.9K,,-36.3K,2007-06-04 02:00:00
2007-06-04,3:00am,EUR,German Buba President Weber Speaks,Medium,,,,2007-06-04 03:00:00
2007-06-04,All Day,EUR,Eurogroup Meetings,Non-economic,,,,2007-06-04 00:00:00
2007-06-04,3:30am,EUR,Sentix Investor Confidence,Non-economic,42.0,41.3,40.8,2007-06-04 03:30:00
2007-06-04,3:30am,GBP,Construction PMI,Non-economic,58.0,59.5,59.8,2007-06-04 03:30:00
2007-06-04,4:00am,EUR,ECB President Trichet Speaks,Medium,,,,2007-06-04 04:00:00
2007-06-04,4:00am,EUR,PPI m/m,Non-economic,0.4%,0.3%,0.3%,2007-06-04 04:00:00
2007-06-04,9:00am,USD,Factory Orders m/m,Medium,0.3%,0.7%,4.1%,2007-06-04 09:00:00
2007-06-04,6:01pm,GBP,BRC Retail Sales Monitor y/y,Medium,1.8%,,2.4%,2007-06-04 18:01:00
2007-06-04,6:30pm,AUD,AIG Services Index,Non-economic,56.1,,52.8,2007-06-04 18:30:00
2007-06-04,8:30pm,AUD,Building Approvals m/m,High,8.1%,2.2%,-10.5%,2007-06-04 20:30:00
2007-06-04,8:30pm,AUD,Current Account,Medium,-15.4B,-14.8B,-15.5B,2007-06-04 20:30:00
2007-06-04,10:45pm,JPY,10-y Bond Auction,Non-economic,1.81|3.2,,1.65|4.0,2007-06-04 22:45:00
2007-06-05,1:15am,EUR,ECB President Trichet Speaks,Medium,,,,2007-06-05 01:15:00
2007-06-05,2:15am,EUR,Spanish Services PMI,Non-economic,56.2,,54.2,2007-06-05 02:15:00
2007-06-05,2:45am,EUR,Italian Services PMI,Non-economic,56.5,54.1,53.9,2007-06-05 02:45:00
2007-06-05,3:00am,EUR,Final Services PMI,Non-economic,57.3,57.0,57.0,2007-06-05 03:00:00
2007-06-05,All Day,EUR,ECOFIN Meetings,Non-economic,,,,2007-06-05 00:00:00
2007-06-05,3:30am,GBP,Final Services PMI,Medium,57.2,57.1,57.2,2007-06-05 03:30:00
2007-06-05,4:00am,EUR,Retail Sales m/m,Non-economic,0.2%,0.5%,0.4%,2007-06-05 04:00:00
2007-06-05,7:15am,USD,Fed Chairman Bernanke Speaks,High,,,,2007-06-05 07:15:00
2007-06-05,9:00am,USD,ISM Services PMI,High,59.7,55.3,56.0,2007-06-05 09:00:00
2007-06-05,10:00am,USD,FOMC Member Warsh Speaks,Non-economic,,,,2007-06-05 10:00:00
2007-06-05,10:30am,USD,Treasury Sec Paulson Speaks,Non-economic,,,,2007-06-05 10:30:00
2007-06-05,6:01pm,GBP,Nationwide Consumer Confidence,Non-economic,99,92,90,2007-06-05 18:01:00
2007-06-05,6:30pm,AUD,Cash Rate,High,6.25%,6.25%,6.25%,2007-06-05 18:30:00
2007-06-05,8:30pm,AUD,GDP q/q,High,1.6%,1.0%,1.1%,2007-06-05 20:30:00
2007-06-05,10:00pm,NZD,ANZ Commodity Prices m/m,Non-economic,2.6%,,4.9%,2007-06-05 22:00:00
2007-06-06,12:00am,JPY,Leading Indicators,Non-economic,20.0%,20.0%,36.4%,2007-06-06 00:00:00
2007-06-06,2:00am,CHF,Foreign Currency Reserves,Non-economic,45B,,45B,2007-06-06 02:00:00
2007-06-06,3:00am,EUR,German Buba President Weber Speaks,Medium,,,,2007-06-06 03:00:00
2007-06-06,Day 1,All,G8 Meetings,Non-economic,,,,2007-06-06 00:00:00
2007-06-06,4:30am,GBP,BRC Shop Price Index y/y,Non-economic,0.4%,,0.8%,2007-06-06 04:30:00
2007-06-06,5:00am,EUR,German Factory Orders m/m,Medium,-1.2%,-0.9%,1.1%,2007-06-06 05:00:00
2007-06-06,6:30am,USD,Challenger Job Cuts y/y,Non-economic,18.4%,,-24.6%,2007-06-06 06:30:00
2007-06-06,6:45am,EUR,Main Refinancing Rate,High,4.00%,4.00%,3.75%,2007-06-06 06:45:00
2007-06-06,7:30am,CAD,Building Permits m/m,Medium,-8.4%,-3.2%,26.5%,2007-06-06 07:30:00
2007-06-06,7:30am,EUR,ECB Press Conference,High,,,,2007-06-06 07:30:00
2007-06-06,7:30am,USD,Revised Nonfarm Productivity q/q,Medium,1.0%,1.1%,1.7%,2007-06-06 07:30:00
2007-06-06,7:30am,USD,Revised Unit Labor Costs q/q,Non-economic,1.8%,1.3%,0.6%,2007-06-06 07:30:00
2007-06-06,9:00am,CAD,Ivey PMI,High,62.7,65.0,60.9,2007-06-06 09:00:00
2007-06-06,9:30am,USD,Crude Oil Inventories,Non-economic,0.1M,0.1M,-2.0M,2007-06-06 09:30:00
2007-06-06,4:00pm,NZD,Official Cash Rate,High,8.00%,7.75%,7.75%,2007-06-06 16:00:00
2007-06-06,4:00pm,NZD,RBNZ Press Conference,High,,,,2007-06-06 16:00:00
2007-06-06,4:00pm,NZD,RBNZ Rate Statement,High,,,,2007-06-06 16:00:00
2007-06-06,4:00pm,NZD,RBNZ Monetary Policy Statement,Medium,,,,2007-06-06 16:00:00
2007-06-06,6:30pm,AUD,AIG Construction Index,Non-economic,45.1,,47.9,2007-06-06 18:30:00
2007-06-06,8:30pm,AUD,Employment Change,High,39.4K,11.3K,34.9K,2007-06-06 20:30:00
2007-06-06,8:30pm,AUD,Unemployment Rate,Medium,4.2%,4.4%,4.4%,2007-06-06 20:30:00
2007-06-07,12:45am,CHF,Unemployment Rate,Non-economic,2.7%,2.8%,2.9%,2007-06-07 00:45:00
2007-06-07,1:00am,JPY,Prelim Machine Tool Orders y/y,Non-economic,5.3%,,7.5%,2007-06-07 01:00:00
2007-06-07,2:00am,GBP,Halifax HPI m/m,High,0.3%,0.5%,1.1%,2007-06-07 02:00:00
2007-06-07,Day 2,All,G8 Meetings,Non-economic,,,,2007-06-07 00:00:00
2007-06-07,3:56am,EUR,French 10-y Bond Auction,Non-economic,4.53|2.2,,4.13|3.0,2007-06-07 03:56:00
2007-06-07,6:00am,GBP,Official Bank Rate,High,5.50%,5.50%,5.50%,2007-06-07 06:00:00
2007-06-07,7:30am,USD,Unemployment Claims,Medium,309K,315K,310K,2007-06-07 07:30:00
2007-06-07,9:00am,USD,Final Wholesale Inventories m/m,Non-economic,0.3%,0.3%,0.4%,2007-06-07 09:00:00
2007-06-07,9:30am,USD,FOMC Member Mishkin Speaks,High,,,,2007-06-07 09:30:00
2007-06-07,9:30am,USD,Natural Gas Storage,Non-economic,110B,105B,107B,2007-06-07 09:30:00
2007-06-07,2:00pm,USD,Consumer Credit m/m,Non-economic,2.6B,6.0B,14.0B,2007-06-07 14:00:00
2007-06-07,6:50pm,JPY,Core Machinery Orders m/m,Medium,2.2%,4.5%,-4.5%,2007-06-07 18:50:00
2007-06-07,6:50pm,JPY,Bank Lending y/y,Non-economic,0.9%,,0.9%,2007-06-07 18:50:00
2007-06-07,6:50pm,JPY,M2 Money Stock y/y,Non-economic,1.4%,1.2%,1.1%,2007-06-07 18:50:00
2007-06-07,8:30pm,AUD,Home Loans m/m,Medium,2.2%,1.9%,1.5%,2007-06-07 20:30:00
2007-06-08,12:00am,JPY,Economy Watchers Sentiment,Non-economic,46.8,50.1,49.7,2007-06-08 00:00:00
2007-06-08,1:00am,EUR,German Trade Balance,Non-economic,15.8B,15.4B,15.6B,2007-06-08 01:00:00
2007-06-08,1:45am,EUR,French Gov Budget Balance,Non-economic,-42.5B,,-24.7B,2007-06-08 01:45:00
2007-06-08,1:45am,EUR,French Trade Balance,Non-economic,-2.8B,-2.0B,-1.5B,2007-06-08 01:45:00
2007-06-08,Day 3,All,G8 Meetings,Medium,,,,2007-06-08 00:00:00
2007-06-08,3:30am,GBP,Manufacturing Production m/m,High,0.3%,0.2%,0.6%,2007-06-08 03:30:00
2007-06-08,3:30am,GBP,Industrial Production m/m,Non-economic,0.3%,0.2%,0.2%,2007-06-08 03:30:00
2007-06-08,5:00am,EUR,German Industrial Production m/m,Medium,-2.3%,0.4%,0.2%,2007-06-08 05:00:00
2007-06-08,6:00am,CAD,Employment Change,High,9.3K,16.0K,-5.2K,2007-06-08 06:00:00
2007-06-08,6:00am,CAD,Unemployment Rate,High,6.1%,6.1%,6.1%,2007-06-08 06:00:00
2007-06-08,7:15am,CAD,Housing Starts,High,230K,215K,212K,2007-06-08 07:15:00
2007-06-08,7:30am,CAD,Trade Balance,High,5.8B,4.9B,5.1B,2007-06-08 07:30:00
2007-06-08,7:30am,USD,Trade Balance,High,-58.5B,-63.5B,-62.4B,2007-06-08 07:30:00
2007-06-08,6:01pm,GBP,NIESR GDP Estimate,Non-economic,0.8%,,0.7%,2007-06-08 18:01:00
2007-06-10,All Day,EUR,French Parliamentary Elections,High,,,,2007-06-10 00:00:00
2007-06-10,All Day,AUD,Bank Holiday,Low,,,,2007-06-10 00:00:00
2007-06-10,5:45pm,NZD,Overseas Trade Index q/q,Non-economic,2.0%,2.5%,2.5%,2007-06-10 17:45:00
2007-06-10,6:50pm,JPY,Final GDP Price Index y/y,Medium,-0.3%,-0.2%,-0.2%,2007-06-10 18:50:00
2007-06-10,6:50pm,JPY,Final GDP q/q,Medium,0.8%,0.8%,0.6%,2007-06-10 18:50:00
2007-06-10,9:00pm,CNY,PPI y/y,Medium,2.8%,3.0%,2.9%,2007-06-10 21:00:00
2007-06-11,1:45am,EUR,French Industrial Production m/m,Medium,-0.8%,0.2%,0.2%,2007-06-11 01:45:00
2007-06-11,3:00am,EUR,Italian Industrial Production m/m,Non-economic,-0.8%,0.2%,0.2%,2007-06-11 03:00:00
2007-06-11,3:30am,GBP,PPI Input m/m,High,1.2%,0.6%,0.2%,2007-06-11 03:30:00
2007-06-11,3:30am,GBP,ONS HPI y/y,Non-economic,11.3%,11.0%,10.9%,2007-06-11 03:30:00
2007-06-11,3:30am,GBP,PPI Output m/m,Non-economic,0.4%,0.4%,0.5%,2007-06-11 03:30:00
2007-06-11,3:55am,CNY,USD-Denominated Trade Balance,High,22.5B,19.5B,16.9B,2007-06-11 03:55:00
2007-06-11,7:30am,CAD,Capacity Utilization Rate,Non-economic,83.0%,82.9%,82.4%,2007-06-11 07:30:00
2007-06-11,7:30am,CAD,NHPI m/m,Non-economic,0.8%,0.3%,0.3%,2007-06-11 07:30:00
2007-06-11,9:00am,EUR,ECB President Trichet Speaks,High,,,,2007-06-11 09:00:00
2007-06-11,2:00pm,GBP,BOE Gov King Speaks,Medium,,,,2007-06-11 14:00:00
2007-06-11,6:00pm,NZD,RBNZ Gov Bollard Speaks,Medium,,,,2007-06-11 18:00:00
2007-06-11,6:50pm,JPY,PPI y/y,Non-economic,2.2%,2.0%,2.3%,2007-06-11 18:50:00
2007-06-11,8:30pm,AUD,NAB Business Confidence,Non-economic,15,,13,2007-06-11 20:30:00
2007-06-11,9:00pm,CNY,CPI y/y,Medium,3.4%,3.2%,3.0%,2007-06-11 21:00:00
2007-06-11,9:00pm,CNY,New Loans,Medium,247B,,422B,2007-06-11 21:00:00
2007-06-11,9:00pm,CNY,M2 Money Supply y/y,Non-economic,16.7%,17.2%%,17.1%,2007-06-11 21:00:00
2007-06-12,12:00am,JPY,Consumer Confidence,Non-economic,47.3,48.0,47.4,2007-06-12 00:00:00
2007-06-12,1:00am,EUR,German WPI m/m,Non-economic,0.3%,0.5%,0.8%,2007-06-12 01:00:00
2007-06-12,3:30am,GBP,CPI y/y,High,2.5%,2.6%,2.8%,2007-06-12 03:30:00
2007-06-12,3:30am,GBP,Goods Trade Balance,High,-6.3B,-7.0B,-7.2B,2007-06-12 03:30:00
2007-06-12,3:30am,GBP,Core CPI y/y,Medium,1.9%,1.8%,1.8%,2007-06-12 03:30:00
2007-06-12,3:30am,GBP,RPI y/y,Medium,4.3%,4.3%,4.5%,2007-06-12 03:30:00
2007-06-12,4:00am,EUR,Industrial Production m/m,Medium,-0.8%,0.2%,0.5%,2007-06-12 04:00:00
2007-06-12,6:30am,USD,NFIB Small Business Index,Non-economic,97.2,,96.8,2007-06-12 06:30:00
2007-06-12,7:30am,CAD,Labor Productivity q/q,Medium,0.7%,0.7%,0.2%,2007-06-12 07:30:00
2007-06-12,7:30am,USD,Treasury Sec Paulson Speaks,Non-economic,,,,2007-06-12 07:30:00
2007-06-12,9:00am,USD,JOLTS Job Openings,Non-economic,4.15M,,4.18M,2007-06-12 09:00:00
2007-06-12,9:00am,USD,RCM/TIPP Economic Optimism,Non-economic,49.1,47.8,48.0,2007-06-12 09:00:00
2007-06-12,12:00pm,USD,10-y Bond Auction,Medium,5.23|2.6,,4.61|2.3,2007-06-12 12:00:00
2007-06-12,1:00pm,USD,Federal Budget Balance,Medium,-67.7B,-70.0B,177.7B,2007-06-12 13:00:00
2007-06-12,5:45pm,NZD,FPI m/m,Non-economic,0.3%,,0.2%,2007-06-12 17:45:00
2007-06-12,6:50pm,JPY,Current Account,Non-economic,2.28T,2.00T,2.42T,2007-06-12 18:50:00
2007-06-12,7:30pm,AUD,Westpac Consumer Sentiment,Non-economic,-2.0%,,7.5%,2007-06-12 19:30:00
2007-06-12,8:00pm,AUD,HIA New Home Sales m/m,Medium,7.1%,,0.0%,2007-06-12 20:00:00
2007-06-12,8:50pm,CNY,Foreign Direct Investment ytd/y,Non-economic,9.9%,,10.2%,2007-06-12 20:50:00
2007-06-12,9:00pm,CNY,Retail Sales y/y,Non-economic,15.9%,15.3%,15.5%,2007-06-12 21:00:00
2007-06-12,11:30pm,JPY,Revised Industrial Production m/m,Non-economic,-0.2%,-0.1%,-0.1%,2007-06-12 23:30:00
2007-06-13,1:45am,EUR,French Final CPI m/m,Non-economic,0.3%,0.3%,0.5%,2007-06-13 01:45:00
2007-06-13,3:30am,GBP,Average Earnings Index 3m/y,High,4.0%,4.4%,4.4%,2007-06-13 03:30:00
2007-06-13,3:30am,GBP,Claimant Count Change,Medium,-9.3K,-8.4K,-16.0K,2007-06-13 03:30:00
2007-06-13,3:30am,GBP,Unemployment Rate,Non-economic,5.5%,5.5%,5.5%,2007-06-13 03:30:00
2007-06-13,5:00am,EUR,Final Employment Change q/q,Non-economic,0.4%,,0.3%,2007-06-13 05:00:00
2007-06-13,7:30am,CAD,Manufacturing Sales m/m,Medium,-0.6%,0.3%,3.0%,2007-06-13 07:30:00
2007-06-13,7:30am,USD,Core Retail Sales m/m,High,1.3%,0.7%,0.1%,2007-06-13 07:30:00
2007-06-13,7:30am,USD,FOMC Member Kroszner Speaks,High,,,,2007-06-13 07:30:00
2007-06-13,7:30am,USD,Retail Sales m/m,High,1.4%,0.6%,-0.1%,2007-06-13 07:30:00
2007-06-13,7:30am,USD,Import Prices m/m,Medium,0.9%,0.3%,1.4%,2007-06-13 07:30:00
2007-06-13,7:45am,USD,FOMC Member Geithner Speaks,Medium,,,,2007-06-13 07:45:00
2007-06-13,9:00am,USD,Treasury Currency Report,High,,,,2007-06-13 09:00:00
2007-06-13,9:00am,USD,Business Inventories m/m,Medium,0.4%,0.2%,0.0%,2007-06-13 09:00:00
2007-06-13,9:30am,GBP,CB Leading Index m/m,Non-economic,0.6%,,0.4%,2007-06-13 09:30:00
2007-06-13,9:30am,USD,Crude Oil Inventories,Non-economic,0.1M,-0.3M,0.1M,2007-06-13 09:30:00
2007-06-13,12:00pm,EUR,ECB President Trichet Speaks,Non-economic,,,,2007-06-13 12:00:00
2007-06-13,1:00pm,USD,Beige Book,Medium,,,,2007-06-13 13:00:00
2007-06-13,5:45pm,NZD,Core Retail Sales m/m,High,-0.9%,0.0%,0.4%,2007-06-13 17:45:00
2007-06-13,5:45pm,NZD,Retail Sales m/m,High,-1.2%,0.0%,1.0%,2007-06-13 17:45:00
2007-06-13,6:01pm,GBP,RICS House Price Balance,Medium,24%,25%,29%,2007-06-13 18:01:00
2007-06-13,7:00pm,NZD,BusinessNZ Manufacturing Index,Non-economic,56.8,,54.4,2007-06-13 19:00:00
2007-06-13,7:30pm,AUD,MI Inflation Expectations,Non-economic,3.8%,,4.4%,2007-06-13 19:30:00
2007-06-13,9:00pm,CNY,Industrial Production y/y,High,18.1%,16.9%,17.4%,2007-06-13 21:00:00
2007-06-13,9:55pm,AUD,RBA Gov Stevens Speaks,High,,,,2007-06-13 21:55:00
2007-06-14,1:00am,EUR,German Final CPI m/m,Non-economic,0.2%,0.2%,0.2%,2007-06-14 01:00:00
2007-06-14,1:45am,EUR,French Final Private Payrolls q/q,Non-economic,0.7%,0.6%,0.6%,2007-06-14 01:45:00
2007-06-14,2:30am,CHF,Libor Rate,High,2.50%,2.50%,2.25%,2007-06-14 02:30:00
2007-06-14,2:30am,CHF,SNB Monetary Policy Assessment,High,,,,2007-06-14 02:30:00
2007-06-14,2:30am,CHF,SNB Press Conference,High,,,,2007-06-14 02:30:00
2007-06-14,3:00am,CHF,SNB Financial Stability Report,Medium,,,,2007-06-14 03:00:00
2007-06-14,3:30am,GBP,Retail Sales m/m,High,0.4%,0.3%,-0.1%,2007-06-14 03:30:00
2007-06-14,3:30am,GBP,Consumer Inflation Expectations,Medium,2.7%,,2.7%,2007-06-14 03:30:00
2007-06-14,4:00am,EUR,ECB Monthly Bulletin,Medium,,,,2007-06-14 04:00:00
2007-06-14,4:00am,EUR,Final Core CPI y/y,Non-economic,1.9%,1.9%,1.9%,2007-06-14 04:00:00
2007-06-14,4:00am,EUR,Final CPI y/y,Non-economic,1.9%,2.0%,1.9%,2007-06-14 04:00:00
2007-06-14,7:30am,USD,PPI m/m,High,0.9%,0.6%,0.7%,2007-06-14 07:30:00
2007-06-14,7:30am,USD,Core PPI m/m,Medium,0.2%,0.2%,0.0%,2007-06-14 07:30:00
2007-06-14,7:30am,USD,Unemployment Claims,Non-economic,311K,315K,311K,2007-06-14 07:30:00
2007-06-14,8:00am,USD,FOMC Member Kroszner Speaks,Medium,,,,2007-06-14 08:00:00
2007-06-14,9:00am,USD,Mortgage Delinquencies,Medium,4.84%,,4.95%,2007-06-14 09:00:00
2007-06-14,9:30am,USD,Natural Gas Storage,Non-economic,92B,98B,110B,2007-06-14 09:30:00
2007-06-14,2:40pm,EUR,German Buba President Weber Speaks,Medium,,,,2007-06-14 14:40:00
2007-06-14,5:45pm,NZD,Manufacturing Sales q/q,Non-economic,0.8%,,-2.2%,2007-06-14 17:45:00
2007-06-14,6:50pm,JPY,Tertiary Industry Activity m/m,Medium,1.7%,1.4%,-1.9%,2007-06-14 18:50:00
2007-06-14,10:18pm,JPY,Overnight Call Rate,Medium,0.50%,0.50%,0.50%,2007-06-14 22:18:00
2007-06-15,1:00am,JPY,BOJ Monthly Report,Non-economic,,,,2007-06-15 01:00:00
2007-06-15,2:15am,CHF,Retail Sales y/y,Medium,3.2%,5.5%,7.6%,2007-06-15 02:15:00
2007-06-15,2:22am,JPY,BOJ Press Conference,High,,,,2007-06-15 02:22:00
2007-06-15,3:00am,EUR,Italian Trade Balance,Non-economic,-1.32B,-1.52B,-0.13B,2007-06-15 03:00:00
2007-06-15,3:00am,GBP,MPC Member Tucker Speaks,Medium,,,,2007-06-15 03:00:00
2007-06-15,4:00am,EUR,Trade Balance,Non-economic,3.5B,4.0B,5.4B,2007-06-15 04:00:00
2007-06-15,5:00am,EUR,ECB Financial Stability Review,Non-economic,,,,2007-06-15 05:00:00
2007-06-15,7:30am,CAD,New Motor Vehicle Sales m/m,Non-economic,6.9%,6.5%,0.4%,2007-06-15 07:30:00
2007-06-15,7:30am,USD,Core CPI m/m,High,0.1%,0.2%,0.2%,2007-06-15 07:30:00
2007-06-15,7:30am,USD,CPI y/y,High,2.7%,2.6%,2.6%,2007-06-15 07:30:00
2007-06-15,7:30am,USD,Fed Chairman Bernanke Speaks,High,,,,2007-06-15 07:30:00
2007-06-15,7:30am,USD,CPI m/m,Medium,0.7%,0.6%,0.4%,2007-06-15 07:30:00
2007-06-15,7:30am,USD,Current Account,Medium,-193B,-203B,-188B,2007-06-15 07:30:00
2007-06-15,7:30am,USD,Empire State Manufacturing Index,Medium,25.8,11.1,8.0,2007-06-15 07:30:00
2007-06-15,8:00am,USD,TIC Long-Term Purchases,High,84.1B,71.8B,51.2B,2007-06-15 08:00:00
2007-06-15,8:15am,USD,Capacity Utilization Rate,Medium,81.3%,81.6%,81.5%,2007-06-15 08:15:00
2007-06-15,8:15am,USD,Industrial Production m/m,Medium,0.0%,0.1%,0.4%,2007-06-15 08:15:00
2007-06-15,9:00am,USD,Prelim UoM Consumer Sentiment,High,83.7,88.5,88.3,2007-06-15 09:00:00
2007-06-15,9:00am,USD,Prelim UoM Inflation Expectations,Non-economic,3.5%,,3.3%,2007-06-15 09:00:00
2007-06-17,All Day,EUR,French Parliamentary Elections,High,,,,2007-06-17 00:00:00
2007-06-17,6:01pm,GBP,Rightmove HPI m/m,Non-economic,0.8%,,0.4%,2007-06-17 18:01:00
2007-06-17,9:00pm,CNY,Fixed Asset Investment ytd/y,Medium,25.9%,25.4%,25.5%,2007-06-17 21:00:00
2007-06-18,2:15am,CHF,Industrial Production q/q,Medium,-4.7%,-3.4%,8.5%,2007-06-18 02:15:00
2007-06-18,5:00am,EUR,German Buba Monthly Report,Medium,,,,2007-06-18 05:00:00
2007-06-18,7:30am,CAD,Foreign Securities Purchases,Medium,1.54B,3.15B,4.53B,2007-06-18 07:30:00
2007-06-18,11:00am,EUR,ECB President Trichet Speaks,Medium,,,,2007-06-18 11:00:00
2007-06-18,12:00pm,USD,NAHB Housing Market Index,Non-economic,28,29,30,2007-06-18 12:00:00
2007-06-19,3:00am,EUR,Italian Quarterly Unemployment Rate,Non-economic,6.2%,6.4%,6.4%,2007-06-19 03:00:00
2007-06-19,4:00am,EUR,German ZEW Economic Sentiment,Medium,20.3,29.0,24.0,2007-06-19 04:00:00
2007-06-19,4:00am,EUR,ZEW Economic Sentiment,Non-economic,19.0,26.0,22.3,2007-06-19 04:00:00
2007-06-19,6:00am,CAD,Core CPI m/m,High,0.3%,0.3%,0.2%,2007-06-19 06:00:00
2007-06-19,6:00am,CAD,CPI m/m,Medium,0.4%,0.4%,0.4%,2007-06-19 06:00:00
2007-06-19,7:30am,USD,Building Permits,Medium,1.50M,1.47M,1.46M,2007-06-19 07:30:00
2007-06-19,7:30am,USD,Housing Starts,Medium,1.47M,1.48M,1.51M,2007-06-19 07:30:00
2007-06-19,5:45pm,NZD,Visitor Arrivals m/m,Non-economic,1.8%,,-2.1%,2007-06-19 17:45:00
2007-06-19,6:50pm,JPY,BSI Manufacturing Index,Medium,-2.2,-1.9,0.1,2007-06-19 18:50:00
2007-06-19,6:50pm,JPY,Monetary Policy Meeting Minutes,Medium,,,,2007-06-19 18:50:00
2007-06-19,6:50pm,JPY,All Industries Activity m/m,Non-economic,1.2%,1.0%,-1.4%,2007-06-19 18:50:00
2007-06-19,7:30pm,AUD,MI Leading Index m/m,Non-economic,0.7%,,0.1%,2007-06-19 19:30:00
2007-06-19,8:30pm,AUD,Housing Starts q/q,Non-economic,1.3%,0.9%,0.6%,2007-06-19 20:30:00
2007-06-19,8:30pm,AUD,New Motor Vehicle Sales m/m,Non-economic,-0.5%,,-1.4%,2007-06-19 20:30:00
2007-06-20,1:00am,EUR,German PPI m/m,Non-economic,0.3%,0.2%,0.1%,2007-06-20 01:00:00
2007-06-20,2:15am,CHF,PPI m/m,Medium,0.9%,0.5%,0.9%,2007-06-20 02:15:00
2007-06-20,3:30am,GBP,MPC Official Bank Rate Votes,High,4-0-5,2-0-7,9-0-0,2007-06-20 03:30:00
2007-06-20,3:30am,GBP,M4 Money Supply m/m,Non-economic,1.2%,1.0%,1.3%,2007-06-20 03:30:00
2007-06-20,3:30am,GBP,Public Sector Net Borrowing,Non-economic,8.2B,7.0B,1.2B,2007-06-20 03:30:00
2007-06-20,7:30am,CAD,Wholesale Sales m/m,Medium,-3.1%,0.3%,2.3%,2007-06-20 07:30:00
2007-06-20,7:30am,CAD,Leading Index m/m,Non-economic,0.5%,0.4%,0.5%,2007-06-20 07:30:00
2007-06-20,9:00am,USD,Treasury Sec Paulson Speaks,Medium,,,,2007-06-20 09:00:00
2007-06-20,9:30am,GBP,BOE Gov King Speaks,Medium,,,,2007-06-20 09:30:00
2007-06-20,9:30am,USD,Crude Oil Inventories,Non-economic,6.9M,0.0M,0.1M,2007-06-20 09:30:00
2007-06-20,10:30am,USD,FOMC Member Geithner Speaks,Medium,,,,2007-06-20 10:30:00
2007-06-20,6:50pm,JPY,Trade Balance,Non-economic,0.79T,0.92T,1.07T,2007-06-20 18:50:00
2007-06-20,8:30pm,AUD,RBA Bulletin,Non-economic,,,,2007-06-20 20:30:00
2007-06-21,1:15am,CHF,Trade Balance,Medium,1.26B,1.08B,0.64B,2007-06-21 01:15:00
2007-06-21,1:45am,EUR,French Consumer Spending m/m,Non-economic,-0.8%,0.5%,-0.1%,2007-06-21 01:45:00
2007-06-21,3:00am,EUR,Flash Manufacturing PMI,Medium,55.4,54.5,55.0,2007-06-21 03:00:00
2007-06-21,3:00am,EUR,Flash Services PMI,Non-economic,58.3,58.0,57.3,2007-06-21 03:00:00
2007-06-21,3:00am,EUR,Italian Retail Sales m/m,Non-economic,-0.4%,0.1%,0.5%,2007-06-21 03:00:00
2007-06-21,4:00am,CHF,UBS Economic Expectations,Medium,-0.1,,0.0,2007-06-21 04:00:00
2007-06-21,5:00am,GBP,CBI Industrial Order Expectations,Medium,8,6,5,2007-06-21 05:00:00
2007-06-21,7:30am,CAD,Core Retail Sales m/m,High,0.0%,0.5%,1.1%,2007-06-21 07:30:00
2007-06-21,7:30am,CAD,Retail Sales m/m,Medium,0.4%,0.9%,1.8%,2007-06-21 07:30:00
2007-06-21,7:30am,USD,Unemployment Claims,Medium,324K,312K,314K,2007-06-21 07:30:00
2007-06-21,7:45am,CHF,SNB Chairman Roth Speaks,Medium,,,,2007-06-21 07:45:00
2007-06-21,9:00am,USD,CB Leading Index m/m,Non-economic,0.3%,0.2%,-0.3%,2007-06-21 09:00:00
2007-06-21,9:30am,CAD,BOC Financial System Review,Non-economic,,,,2007-06-21 09:30:00
2007-06-21,9:30am,USD,Natural Gas Storage,Non-economic,89B,88B,92B,2007-06-21 09:30:00
2007-06-21,11:00am,USD,Philly Fed Manufacturing Index,Medium,18.0,7.5,4.2,2007-06-21 11:00:00
2007-06-21,10:00pm,NZD,Credit Card Spending y/y,Non-economic,5.8%,,7.8%,2007-06-21 22:00:00
2007-06-22,12:45am,CHF,SECO Economic Forecasts,Medium,,,,2007-06-22 00:45:00
2007-06-22,3:00am,EUR,German ifo Business Climate,High,107.0,108.4,108.6,2007-06-22 03:00:00
2007-06-22,3:00am,EUR,ECB President Trichet Speaks,Medium,,,,2007-06-22 03:00:00
2007-06-22,4:00am,EUR,Industrial New Orders m/m,Medium,-0.4%,-0.7%,2.8%,2007-06-22 04:00:00
2007-06-22,7:00am,CHF,SNB Chairman Roth Speaks,Medium,,,,2007-06-22 07:00:00
2007-06-22,8:00am,EUR,Belgian NBB Business Climate,Medium,5.5,3.7,3.9,2007-06-22 08:00:00
2007-06-25,1:00am,EUR,German GfK Consumer Climate,Non-economic,8.4,7.8,7.4,2007-06-25 01:00:00
2007-06-25,9:00am,USD,Existing Home Sales,High,5.99M,5.96M,6.01M,2007-06-25 09:00:00
2007-06-25,6:40pm,AUD,HIA New Home Sales m/m,Medium,-4.4%,,7.1%,2007-06-25 18:40:00
2007-06-25,6:50pm,JPY,SPPI y/y,Non-economic,1.4%,1.3%,1.0%,2007-06-25 18:50:00
2007-06-26,1:00am,EUR,German Import Prices m/m,Non-economic,0.3%,0.4%,0.9%,2007-06-26 01:00:00
2007-06-26,3:00am,CHF,UBS Consumption Indicator,Medium,2.09,,2.38,2007-06-26 03:00:00
2007-06-26,3:00am,EUR,Current Account,Non-economic,-4.0B,-1.0B,6.7B,2007-06-26 03:00:00
2007-06-26,6:00am,GBP,MPC Member Gieve Speaks,Medium,,,,2007-06-26 06:00:00
2007-06-26,8:00am,NZD,Westpac Consumer Sentiment,Non-economic,111.4,,117.7,2007-06-26 08:00:00
2007-06-26,8:00am,USD,S&P/CS Composite-20 HPI y/y,Non-economic,-2.1%,-2.1%,-1.3%,2007-06-26 08:00:00
2007-06-26,9:00am,USD,CB Consumer Confidence,High,103.9,105.5,108.5,2007-06-26 09:00:00
2007-06-26,9:00am,USD,New Home Sales,High,915K,922K,930K,2007-06-26 09:00:00
2007-06-26,9:00am,USD,Richmond Manufacturing Index,Non-economic,4,-8,-10,2007-06-26 09:00:00
2007-06-26,5:45pm,NZD,Trade Balance,High,9M,500M,-189M,2007-06-26 17:45:00
2007-06-26,6:15pm,AUD,RBA Deputy Gov Lowe Speaks,Medium,,,,2007-06-26 18:15:00
2007-06-26,6:50pm,JPY,Retail Sales y/y,Medium,0.1%,-0.6%,-0.7%,2007-06-26 18:50:00
2007-06-26,7:00pm,AUD,CB Leading Index m/m,Non-economic,0.3%,,0.8%,2007-06-26 19:00:00
2007-06-27,3:30am,GBP,High Street Lending,Medium,77.4K,,64.8K,2007-06-27 03:30:00
2007-06-27,4:30am,CHF,KOF Economic Barometer,Medium,1.98,2.05,1.94,2007-06-27 04:30:00
2007-06-27,5:00am,GBP,CBI Realized Sales,Medium,17,34,31,2007-06-27 05:00:00
2007-06-27,7:30am,USD,Core Durable Goods Orders m/m,High,-1.0%,0.2%,2.5%,2007-06-27 07:30:00
2007-06-27,7:30am,USD,Durable Goods Orders m/m,Medium,-2.8%,-1.2%,1.1%,2007-06-27 07:30:00
2007-06-27,9:30am,USD,Crude Oil Inventories,Non-economic,1.6M,1.6M,6.9M,2007-06-27 09:30:00
2007-06-27,12:00pm,USD,Treasury Sec Paulson Speaks,Non-economic,,,,2007-06-27 12:00:00
2007-06-27,5:45pm,NZD,Current Account,High,-2.22B,-2.56B,-3.94B,2007-06-27 17:45:00
2007-06-27,5:45pm,NZD,Building Consents m/m,Medium,5.5%,,0.5%,2007-06-27 17:45:00
2007-06-27,6:50pm,JPY,Prelim Industrial Production m/m,Medium,-0.4%,0.9%,-0.2%,2007-06-27 18:50:00
2007-06-27,10:00pm,NZD,ANZ Business Confidence,Medium,-37.2,,-48.2,2007-06-27 22:00:00
2007-06-28,1:00am,GBP,Nationwide HPI m/m,Medium,1.1%,0.6%,0.5%,2007-06-28 01:00:00
2007-06-28,All Day,EUR,German Prelim CPI m/m,Medium,0.1%,0.2%,0.2%,2007-06-28 00:00:00
2007-06-28,2:55am,EUR,German Unemployment Change,Medium,-47K,-40K,-13K,2007-06-28 02:55:00
2007-06-28,3:00am,EUR,M3 Money Supply y/y,Non-economic,10.7%,10.4%,10.4%,2007-06-28 03:00:00
2007-06-28,3:00am,EUR,Private Loans y/y,Non-economic,10.3%,10.3%,10.3%,2007-06-28 03:00:00
2007-06-28,3:00am,EUR,Retail PMI,Non-economic,48.2,,48.4,2007-06-28 03:00:00
2007-06-28,3:45am,GBP,Monetary Policy Report Hearings,High,,,,2007-06-28 03:45:00
2007-06-28,4:00am,CHF,SNB Quarterly Bulletin,Non-economic,,,,2007-06-28 04:00:00
2007-06-28,4:00am,EUR,Italian Prelim CPI m/m,Non-economic,0.2%,0.2%,0.3%,2007-06-28 04:00:00
2007-06-28,4:19am,EUR,Italian 10-y Bond Auction,Non-economic,4.74|1.5,,4.51|1.5,2007-06-28 04:19:00
2007-06-28,7:30am,CAD,IPPI m/m,Non-economic,-0.5%,0.2%,0.3%,2007-06-28 07:30:00
2007-06-28,7:30am,CAD,RMPI m/m,Non-economic,-0.2%,0.7%,3.3%,2007-06-28 07:30:00
2007-06-28,7:30am,USD,Final GDP q/q,Medium,0.7%,0.8%,0.6%,2007-06-28 07:30:00
2007-06-28,7:30am,USD,Final GDP Price Index q/q,Non-economic,4.2%,4.0%,4.0%,2007-06-28 07:30:00
2007-06-28,7:30am,USD,Unemployment Claims,Non-economic,313K,315K,326K,2007-06-28 07:30:00
2007-06-28,9:30am,USD,Natural Gas Storage,Non-economic,99B,84B,89B,2007-06-28 09:30:00
2007-06-28,1:15pm,USD,Federal Funds Rate,High,5.25%,5.25%,5.25%,2007-06-28 13:15:00
2007-06-28,1:15pm,USD,FOMC Statement,High,,,,2007-06-28 13:15:00
2007-06-28,5:45pm,NZD,GDP q/q,High,1.0%,1.0%,0.8%,2007-06-28 17:45:00
2007-06-28,6:30pm,JPY,Tokyo Core CPI y/y,Medium,-0.1%,0.1%,0.0%,2007-06-28 18:30:00
2007-06-28,6:30pm,JPY,Final Manufacturing PMI,Non-economic,50.4,,51.4,2007-06-28 18:30:00
2007-06-28,6:30pm,JPY,Household Spending y/y,Non-economic,0.4%,0.5%,1.1%,2007-06-28 18:30:00
2007-06-28,6:30pm,JPY,National Core CPI y/y,Non-economic,-0.1%,-0.1%,-0.1%,2007-06-28 18:30:00
2007-06-28,6:30pm,JPY,Unemployment Rate,Non-economic,3.8%,3.9%,3.8%,2007-06-28 18:30:00
2007-06-28,8:30pm,AUD,Private Sector Credit m/m,Medium,1.2%,1.1%,1.3%,2007-06-28 20:30:00
2007-06-29,12:00am,JPY,Housing Starts y/y,Non-economic,-10.7%,-0.8%,-3.6%,2007-06-29 00:00:00
2007-06-29,1:00am,EUR,German Retail Sales m/m,Medium,-1.8%,0.1%,1.4%,2007-06-29 01:00:00
2007-06-29,All Day,EUR,Italian Bank Holiday,Low,,,,2007-06-29 00:00:00
2007-06-29,3:30am,GBP,Current Account,High,-12.2B,-12.0B,-14.5B,2007-06-29 03:30:00
2007-06-29,3:30am,GBP,Final GDP q/q,Non-economic,0.7%,0.7%,0.7%,2007-06-29 03:30:00
2007-06-29,3:30am,GBP,Mortgage Approvals,Non-economic,114K,106K,109K,2007-06-29 03:30:00
2007-06-29,3:30am,GBP,Net Lending to Individuals m/m,Non-economic,9.5B,10.0B,9.2B,2007-06-29 03:30:00
2007-06-29,3:30am,GBP,Revised Business Investment q/q,Non-economic,-0.6%,-1.3%,-1.3%,2007-06-29 03:30:00
2007-06-29,4:00am,EUR,Consumer Confidence,Non-economic,-2,-1,-1,2007-06-29 04:00:00
2007-06-29,4:00am,EUR,CPI Flash Estimate y/y,Non-economic,1.9%,1.9%,1.9%,2007-06-29 04:00:00
2007-06-29,4:30am,GBP,GfK Consumer Confidence,Non-economic,-3,-2,-2,2007-06-29 04:30:00
2007-06-29,7:30am,CAD,GDP m/m,High,0.0%,0.2%,0.3%,2007-06-29 07:30:00
2007-06-29,7:30am,USD,Core PCE Price Index m/m,High,0.1%,0.1%,0.1%,2007-06-29 07:30:00
2007-06-29,7:30am,USD,Personal Spending m/m,Medium,0.5%,0.7%,0.5%,2007-06-29 07:30:00
2007-06-29,7:30am,USD,Personal Income m/m,Non-economic,0.4%,0.6%,-0.2%,2007-06-29 07:30:00
2007-06-29,8:00am,CHF,SNB Chairman Roth Speaks,Medium,,,,2007-06-29 08:00:00
2007-06-29,8:45am,USD,Chicago PMI,Medium,60.2,58.0,61.7,2007-06-29 08:45:00
2007-06-29,9:00am,USD,Revised UoM Consumer Sentiment,Medium,85.3,83.9,83.7,2007-06-29 09:00:00
2007-06-29,9:00am,USD,Construction Spending m/m,Non-economic,0.9%,0.1%,0.2%,2007-06-29 09:00:00
2007-06-29,9:00am,USD,Revised UoM Inflation Expectations,Non-economic,3.4%,,3.5%,2007-06-29 09:00:00
2007-06-29,9:30am,CAD,BOC Business Outlook Survey,High,,,,2007-06-29 09:30:00
2007-07-01,6:30pm,AUD,AIG Manufacturing Index,Non-economic,53.1,,55.2,2007-07-01 18:30:00
2007-07-01,6:50pm,JPY,Tankan Manufacturing Index,High,23,23,23,2007-07-01 18:50:00
2007-07-01,6:50pm,JPY,Tankan Non-Manufacturing Index,Medium,22,22,22,2007-07-01 18:50:00
2007-07-01,7:30pm,AUD,MI Inflation Gauge m/m,Non-economic,0.2%,,0.1%,2007-07-01 19:30:00
2007-07-01,8:00pm,CNY,Manufacturing PMI,High,54.5,,55.7,2007-07-01 20:00:00
2007-07-01,8:30pm,JPY,Average Cash Earnings y/y,Non-economic,-0.6%,0.2%,-0.2%,2007-07-01 20:30:00
2007-07-01,9:30pm,CNY,RatingDog Manufacturing PMI,Medium,55.0,,54.1,2007-07-01 21:30:00
2007-07-02,1:30am,AUD,Commodity Prices y/y,Medium,6.3%,,5.7%,2007-07-02 01:30:00
2007-07-02,2:15am,EUR,Spanish Manufacturing PMI,Non-economic,55.1,,53.3,2007-07-02 02:15:00
2007-07-02,2:30am,CHF,Manufacturing PMI,Medium,62.8,59.6,58.9,2007-07-02 02:30:00
2007-07-02,2:45am,EUR,Italian Manufacturing PMI,Non-economic,54.0,55.3,55.0,2007-07-02 02:45:00
2007-07-02,3:00am,EUR,Final Manufacturing PMI,Non-economic,55.6,55.4,55.4,2007-07-02 03:00:00
2007-07-02,3:30am,GBP,Final Manufacturing PMI,Medium,54.3,54.7,54.7,2007-07-02 03:30:00
2007-07-02,3:30am,GBP,Index of Services 3m/3m,Non-economic,1.0%,0.8%,0.9%,2007-07-02 03:30:00
2007-07-02,All Day,CAD,Bank Holiday,Low,,,,2007-07-02 00:00:00
2007-07-02,9:00am,USD,ISM Manufacturing PMI,High,56.0,55.0,55.0,2007-07-02 09:00:00
2007-07-02,9:00am,USD,ISM Manufacturing Prices,Non-economic,68.0,69.0,71.0,2007-07-02 09:00:00
2007-07-02,6:50pm,JPY,Monetary Base y/y,Non-economic,-4.1%,-4.0%,-5.7%,2007-07-02 18:50:00
2007-07-02,8:00pm,CNY,Non-Manufacturing PMI,Non-economic,58.5,,67.6,2007-07-02 20:00:00
2007-07-02,8:30pm,AUD,Building Approvals m/m,High,-5.6%,-1.0%,3.4%,2007-07-02 20:30:00
2007-07-02,8:30pm,AUD,Retail Sales m/m,High,-0.1%,0.7%,-0.3%,2007-07-02 20:30:00
2007-07-02,9:00pm,NZD,RBNZ Statement of Intent,Medium,,,,2007-07-02 21:00:00
2007-07-02,10:45pm,JPY,10-y Bond Auction,Non-economic,1.88|2.7,,1.81|3.6,2007-07-02 22:45:00
2007-07-03,12:45am,CHF,CPI m/m,High,0.1%,0.2%,0.2%,2007-07-03 00:45:00
2007-07-03,2:00am,EUR,Spanish Unemployment Change,Non-economic,-7.4K,,-49.9K,2007-07-03 02:00:00
2007-07-03,3:30am,GBP,Construction PMI,Non-economic,60.1,57.7,58.0,2007-07-03 03:30:00
2007-07-03,4:00am,EUR,PPI m/m,Non-economic,0.3%,0.3%,0.4%,2007-07-03 04:00:00
2007-07-03,4:00am,EUR,Unemployment Rate,Non-economic,7.0%,7.1%,7.1%,2007-07-03 04:00:00
2007-07-03,8:45am,EUR,ECB President Trichet Speaks,Medium,,,,2007-07-03 08:45:00
2007-07-03,9:00am,USD,Pending Home Sales m/m,High,-3.5%,0.6%,-3.4%,2007-07-03 09:00:00
2007-07-03,9:00am,USD,Factory Orders m/m,Medium,-0.5%,-0.9%,0.5%,2007-07-03 09:00:00
2007-07-03,All Day,USD,Total Vehicle Sales,Non-economic,15.7M,16.2M,16.3M,2007-07-03 00:00:00
2007-07-03,6:01pm,GBP,Nationwide Consumer Confidence,Non-economic,95,98,99,2007-07-03 18:01:00
2007-07-03,6:30pm,AUD,Cash Rate,High,6.25%,6.25%,6.25%,2007-07-03 18:30:00
2007-07-03,6:30pm,AUD,AIG Services Index,Non-economic,54.9,,56.1,2007-07-03 18:30:00
2007-07-03,8:30pm,AUD,Goods Trade Balance,Medium,-0.81B,-1.23B,-0.92B,2007-07-03 20:30:00
2007-07-04,2:00am,GBP,Halifax HPI m/m,High,0.4%,0.5%,0.3%,2007-07-04 02:00:00
2007-07-04,2:15am,EUR,Spanish Services PMI,Non-economic,55.3,,56.2,2007-07-04 02:15:00
2007-07-04,2:45am,EUR,Italian Services PMI,Non-economic,57.9,56.9,56.5,2007-07-04 02:45:00
2007-07-04,3:00am,EUR,Final Services PMI,Non-economic,58.3,58.3,58.3,2007-07-04 03:00:00
2007-07-04,3:30am,GBP,Final Services PMI,Medium,57.7,57.1,57.2,2007-07-04 03:30:00
2007-07-04,3:30am,GBP,Housing Equity Withdrawal q/q,Non-economic,13.2B,14.6B,13.3B,2007-07-04 03:30:00
2007-07-04,4:00am,EUR,Retail Sales m/m,Non-economic,-0.5%,0.0%,-0.1%,2007-07-04 04:00:00
2007-07-04,4:14am,EUR,German 10-y Bond Auction,Non-economic,4.59|1.8,,4.36|1.7,2007-07-04 04:14:00
2007-07-04,4:30am,GBP,BRC Shop Price Index y/y,Non-economic,0.5%,,1.8%,2007-07-04 04:30:00
2007-07-04,All Day,USD,Bank Holiday,Low,,,,2007-07-04 00:00:00
2007-07-04,10:00pm,NZD,ANZ Commodity Prices m/m,Non-economic,6.1%,,2.6%,2007-07-04 22:00:00
2007-07-05,12:00am,JPY,Leading Indicators,Non-economic,30.0%,40.0%,18.2%,2007-07-05 00:00:00
2007-07-05,2:00am,CHF,Foreign Currency Reserves,Non-economic,46B,,45B,2007-07-05 02:00:00
2007-07-05,3:58am,EUR,French 10-y Bond Auction,Non-economic,4.67|3.6,,4.53|2.2,2007-07-05 03:58:00
2007-07-05,6:00am,GBP,MPC Rate Statement,High,,,,2007-07-05 06:00:00
2007-07-05,6:00am,GBP,Official Bank Rate,High,5.75%,5.75%,5.50%,2007-07-05 06:00:00
2007-07-05,6:30am,USD,Challenger Job Cuts y/y,Non-economic,32.4%,,18.4%,2007-07-05 06:30:00
2007-07-05,6:45am,EUR,Main Refinancing Rate,Medium,4.00%,4.00%,4.00%,2007-07-05 06:45:00
2007-07-05,7:15am,USD,ADP Non-Farm Employment Change,Medium,150K,105K,98K,2007-07-05 07:15:00
2007-07-05,7:30am,CAD,Building Permits m/m,Medium,21.4%,4.5%,-7.3%,2007-07-05 07:30:00
2007-07-05,7:30am,EUR,ECB Press Conference,High,,,,2007-07-05 07:30:00
2007-07-05,7:30am,USD,Unemployment Claims,Medium,318K,315K,316K,2007-07-05 07:30:00
2007-07-05,9:00am,CAD,Ivey PMI,High,67.4,61.5,62.7,2007-07-05 09:00:00
2007-07-05,9:00am,USD,ISM Services PMI,High,60.7,58.1,59.7,2007-07-05 09:00:00
2007-07-05,9:30am,USD,Crude Oil Inventories,Non-economic,3.2M,-0.2M,1.6M,2007-07-05 09:30:00
2007-07-05,6:30pm,AUD,AIG Construction Index,Non-economic,51.3,,45.1,2007-07-05 18:30:00
2007-07-06,12:45am,CHF,Unemployment Rate,Non-economic,2.7%,2.7%,2.7%,2007-07-06 00:45:00
2007-07-06,1:30am,EUR,French Gov Budget Balance,Non-economic,-49.6B,,-42.5B,2007-07-06 01:30:00
2007-07-06,1:45am,EUR,French Trade Balance,Non-economic,-3.0B,-2.8B,-2.5B,2007-07-06 01:45:00
2007-07-06,3:30am,GBP,Manufacturing Production m/m,High,0.4%,0.3%,0.3%,2007-07-06 03:30:00
2007-07-06,3:30am,GBP,Industrial Production m/m,Non-economic,0.6%,0.3%,0.3%,2007-07-06 03:30:00
2007-07-06,5:00am,EUR,German Factory Orders m/m,Medium,3.2%,0.3%,-1.6%,2007-07-06 05:00:00
2007-07-06,6:00am,CAD,Employment Change,High,34.8K,17.5K,9.3K,2007-07-06 06:00:00
2007-07-06,6:00am,CAD,Unemployment Rate,High,6.1%,6.1%,6.1%,2007-07-06 06:00:00
2007-07-06,7:30am,USD,Non-Farm Employment Change,High,132K,125K,190K,2007-07-06 07:30:00
2007-07-06,7:30am,USD,Unemployment Rate,High,4.5%,4.5%,4.5%,2007-07-06 07:30:00
2007-07-06,7:30am,USD,Average Hourly Earnings m/m,Medium,0.3%,0.4%,0.4%,2007-07-06 07:30:00
2007-07-06,9:30am,USD,Natural Gas Storage,Non-economic,78B,82B,99B,2007-07-06 09:30:00
2007-07-06,6:01pm,GBP,NIESR GDP Estimate,Non-economic,0.7%,,0.8%,2007-07-06 18:01:00
2007-07-08,6:50pm,JPY,Core Machinery Orders m/m,Medium,5.9%,1.8%,2.2%,2007-07-08 18:50:00
2007-07-08,6:50pm,JPY,Bank Lending y/y,Non-economic,0.7%,,0.9%,2007-07-08 18:50:00
2007-07-08,6:50pm,JPY,M2 Money Stock y/y,Non-economic,1.8%,1.4%,1.4%,2007-07-08 18:50:00
2007-07-08,8:30pm,AUD,ANZ Job Advertisements m/m,Medium,-0.8%,,10.3%,2007-07-08 20:30:00
2007-07-09,12:00am,JPY,Economy Watchers Sentiment,Non-economic,46.0,47.8,46.8,2007-07-09 00:00:00
2007-07-09,1:00am,EUR,German Trade Balance,Non-economic,17.6B,16.0B,15.8B,2007-07-09 01:00:00
2007-07-09,All Day,EUR,Eurogroup Meetings,Non-economic,,,,2007-07-09 00:00:00
2007-07-09,3:30am,EUR,Sentix Investor Confidence,Non-economic,34.7,44.3,42.0,2007-07-09 03:30:00
2007-07-09,3:30am,GBP,PPI Input m/m,High,0.6%,1.0%,1.4%,2007-07-09 03:30:00
2007-07-09,3:30am,GBP,PPI Output m/m,Non-economic,0.2%,0.3%,0.4%,2007-07-09 03:30:00
2007-07-09,5:00am,EUR,German Industrial Production m/m,Medium,1.9%,1.8%,-2.1%,2007-07-09 05:00:00
2007-07-09,6:30am,GBP,MPC Member Blanchflower Speaks,Non-economic,,,,2007-07-09 06:30:00
2007-07-09,6:30am,USD,NFIB Small Business Index,Non-economic,96.0,,97.2,2007-07-09 06:30:00
2007-07-09,2:00pm,USD,Consumer Credit m/m,Non-economic,12.9B,6.4B,2.3B,2007-07-09 14:00:00
2007-07-09,5:00pm,NZD,NZIER Business Confidence,High,-37,,-15,2007-07-09 17:00:00
2007-07-09,6:01pm,GBP,BRC Retail Sales Monitor y/y,Medium,3.0%,,1.8%,2007-07-09 18:01:00
2007-07-09,8:30pm,AUD,Home Loans m/m,Medium,0.1%,0.7%,2.1%,2007-07-09 20:30:00
2007-07-09,8:30pm,AUD,NAB Business Confidence,Non-economic,15,,15,2007-07-09 20:30:00
2007-07-09,9:50pm,CNY,USD-Denominated Trade Balance,High,26.9B,23.8B,22.5B,2007-07-09 21:50:00
2007-07-10,1:00am,EUR,German WPI m/m,Non-economic,0.1%,0.3%,0.3%,2007-07-10 01:00:00
2007-07-10,1:00am,JPY,Prelim Machine Tool Orders y/y,Non-economic,2.8%,,5.7%,2007-07-10 01:00:00
2007-07-10,1:45am,EUR,French Industrial Production m/m,Medium,0.4%,0.7%,-1.0%,2007-07-10 01:45:00
2007-07-10,3:00am,EUR,Italian Industrial Production m/m,Non-economic,0.9%,1.0%,-0.5%,2007-07-10 03:00:00
2007-07-10,All Day,EUR,ECOFIN Meetings,Non-economic,,,,2007-07-10 00:00:00
2007-07-10,3:30am,GBP,Goods Trade Balance,High,-6.3B,-6.6B,-6.9B,2007-07-10 03:30:00
2007-07-10,7:15am,CAD,Housing Starts,High,226K,214K,235K,2007-07-10 07:15:00
2007-07-10,8:00am,CAD,BOC Rate Statement,High,,,,2007-07-10 08:00:00
2007-07-10,8:00am,CAD,Overnight Rate,High,4.50%,4.50%,4.25%,2007-07-10 08:00:00
2007-07-10,9:00am,USD,Final Wholesale Inventories m/m,Non-economic,0.5%,0.4%,0.3%,2007-07-10 09:00:00
2007-07-10,9:00am,USD,JOLTS Job Openings,Non-economic,4.16M,,4.17M,2007-07-10 09:00:00
2007-07-10,12:00pm,GBP,MPC Member Sentance Speaks,Medium,,,,2007-07-10 12:00:00
2007-07-10,12:00pm,USD,Fed Chairman Bernanke Speaks,High,,,,2007-07-10 12:00:00
2007-07-10,6:50pm,JPY,Current Account,Non-economic,2.23T,1.99T,2.28T,2007-07-10 18:50:00
2007-07-10,6:50pm,JPY,PPI y/y,Non-economic,2.3%,2.2%,2.2%,2007-07-10 18:50:00
2007-07-10,7:30pm,AUD,Westpac Consumer Sentiment,Non-economic,-0.6%,,-2.0%,2007-07-10 19:30:00
2007-07-11,12:00am,JPY,Consumer Confidence,Non-economic,45.0,47.5,47.3,2007-07-11 00:00:00
2007-07-11,8:00am,EUR,ECB President Trichet Speaks,Medium,,,,2007-07-11 08:00:00
2007-07-11,9:30am,USD,Crude Oil Inventories,Non-economic,-1.5M,0.0M,3.2M,2007-07-11 09:30:00
2007-07-11,12:00pm,USD,FOMC Member Warsh Speaks,Medium,,,,2007-07-11 12:00:00
2007-07-11,6:01pm,GBP,RICS House Price Balance,Medium,11%,21%,23%,2007-07-11 18:01:00
2007-07-11,7:00pm,NZD,BusinessNZ Manufacturing Index,Non-economic,50.4,,55.6,2007-07-11 19:00:00
2007-07-11,7:30pm,AUD,MI Inflation Expectations,Non-economic,3.5%,,3.8%,2007-07-11 19:30:00
2007-07-11,8:30pm,AUD,Employment Change,High,2.5K,15.5K,43.3K,2007-07-11 20:30:00
2007-07-11,8:30pm,AUD,Unemployment Rate,Medium,4.3%,4.2%,4.2%,2007-07-11 20:30:00
2007-07-11,9:00pm,CNY,New Loans,Medium,452B,,247B,2007-07-11 21:00:00
2007-07-11,9:00pm,CNY,M2 Money Supply y/y,Non-economic,17.1%,16.8%,16.7%,2007-07-11 21:00:00
2007-07-11,9:30pm,CNY,Foreign Direct Investment ytd/y,Non-economic,12.2%,,9.9%,2007-07-11 21:30:00
2007-07-11,10:55pm,JPY,Overnight Call Rate,Medium,0.50%,0.50%,0.50%,2007-07-11 22:55:00
2007-07-11,11:30pm,JPY,Revised Industrial Production m/m,Non-economic,-0.3%,-0.4%,-0.4%,2007-07-11 23:30:00
2007-07-12,1:00am,JPY,BOJ Monthly Report,Non-economic,,,,2007-07-12 01:00:00
2007-07-12,2:20am,JPY,BOJ Press Conference,High,,,,2007-07-12 02:20:00
2007-07-12,4:00am,EUR,ECB Monthly Bulletin,Medium,,,,2007-07-12 04:00:00
2007-07-12,4:00am,EUR,Industrial Production m/m,Medium,0.9%,1.0%,-0.7%,2007-07-12 04:00:00
2007-07-12,4:00am,EUR,Final GDP q/q,Non-economic,0.7%,0.6%,0.6%,2007-07-12 04:00:00
2007-07-12,7:30am,CAD,Trade Balance,High,5.9B,5.5B,5.9B,2007-07-12 07:30:00
2007-07-12,7:30am,CAD,NHPI m/m,Non-economic,1.1%,0.6%,0.8%,2007-07-12 07:30:00
2007-07-12,7:30am,USD,Trade Balance,High,-60.0B,-60.0B,-58.7B,2007-07-12 07:30:00
2007-07-12,7:30am,USD,Unemployment Claims,Non-economic,308K,315K,320K,2007-07-12 07:30:00
2007-07-12,7:35am,USD,FOMC Member Kroszner Speaks,Non-economic,,,,2007-07-12 07:35:00
2007-07-12,9:30am,CAD,BOC Monetary Policy Report,High,,,,2007-07-12 09:30:00
2007-07-12,9:30am,USD,Natural Gas Storage,Non-economic,106B,97B,78B,2007-07-12 09:30:00
2007-07-12,10:15am,CAD,BOC Press Conference,High,,,,2007-07-12 10:15:00
2007-07-12,1:00pm,USD,Federal Budget Balance,Medium,27.5B,27.4B,-67.7B,2007-07-12 13:00:00
2007-07-12,5:45pm,NZD,Core Retail Sales m/m,High,0.8%,0.4%,-0.9%,2007-07-12 17:45:00
2007-07-12,5:45pm,NZD,Retail Sales m/m,High,1.2%,0.5%,-1.2%,2007-07-12 17:45:00
2007-07-13,1:45am,EUR,French Final CPI m/m,Non-economic,0.1%,0.1%,0.3%,2007-07-13 01:45:00
2007-07-13,3:00am,GBP,MPC Member Bean Speaks,Medium,,,,2007-07-13 03:00:00
2007-07-13,7:30am,USD,Core Retail Sales m/m,High,-0.4%,0.2%,1.6%,2007-07-13 07:30:00
2007-07-13,7:30am,USD,Retail Sales m/m,High,-0.9%,0.0%,1.5%,2007-07-13 07:30:00
2007-07-13,7:30am,USD,Import Prices m/m,Medium,1.0%,0.6%,1.1%,2007-07-13 07:30:00
2007-07-13,9:00am,USD,Prelim UoM Consumer Sentiment,High,92.4,86.0,85.3,2007-07-13 09:00:00
2007-07-13,9:00am,USD,Business Inventories m/m,Medium,0.5%,0.3%,0.4%,2007-07-13 09:00:00
2007-07-13,9:00am,USD,Prelim UoM Inflation Expectations,Non-economic,3.3%,,3.4%,2007-07-13 09:00:00
2007-07-13,9:30am,GBP,CB Leading Index m/m,Non-economic,0.1%,,0.5%,2007-07-13 09:30:00
2007-07-15,5:45pm,NZD,CPI q/q,High,1.0%,0.8%,0.5%,2007-07-15 17:45:00
2007-07-15,5:45pm,NZD,FPI m/m,Non-economic,0.0%,,0.3%,2007-07-15 17:45:00
2007-07-15,All Day,JPY,Bank Holiday,Low,,,,2007-07-15 00:00:00
2007-07-15,7:45pm,AUD,RBA Deputy Gov Battellino Speaks,Medium,,,,2007-07-15 19:45:00
2007-07-16,1:00am,EUR,German Final CPI m/m,Non-economic,0.1%,0.1%,0.1%,2007-07-16 01:00:00
2007-07-16,3:50am,GBP,ONS HPI y/y,Medium,10.9%,11.1%,11.3%,2007-07-16 03:50:00
2007-07-16,4:00am,EUR,Final Core CPI y/y,Non-economic,1.9%,1.9%,1.9%,2007-07-16 04:00:00
2007-07-16,4:00am,EUR,Final CPI y/y,Non-economic,1.9%,1.9%,1.9%,2007-07-16 04:00:00
2007-07-16,7:30am,CAD,Manufacturing Sales m/m,Medium,-0.1%,0.4%,-0.7%,2007-07-16 07:30:00
2007-07-16,7:30am,CAD,New Motor Vehicle Sales m/m,Non-economic,-0.8%,0.3%,6.3%,2007-07-16 07:30:00
2007-07-16,7:30am,USD,Empire State Manufacturing Index,Medium,26.5,18.0,25.8,2007-07-16 07:30:00
2007-07-16,6:50pm,JPY,Tertiary Industry Activity m/m,Medium,-0.1%,0.2%,1.6%,2007-07-16 18:50:00
2007-07-17,2:15am,CHF,Retail Sales y/y,Medium,3.1%,4.8%,3.2%,2007-07-17 02:15:00
2007-07-17,3:30am,GBP,CPI y/y,High,2.4%,2.3%,2.5%,2007-07-17 03:30:00
2007-07-17,3:30am,GBP,Core CPI y/y,Medium,2.0%,1.9%,1.9%,2007-07-17 03:30:00
2007-07-17,3:30am,GBP,RPI y/y,Medium,4.4%,4.2%,4.3%,2007-07-17 03:30:00
2007-07-17,4:00am,EUR,German ZEW Economic Sentiment,Medium,10.4,19.5,20.3,2007-07-17 04:00:00
2007-07-17,4:00am,EUR,ZEW Economic Sentiment,Non-economic,7.2,19.5,19.0,2007-07-17 04:00:00
2007-07-17,7:30am,USD,PPI m/m,High,-0.2%,0.2%,0.9%,2007-07-17 07:30:00
2007-07-17,7:30am,USD,Core PPI m/m,Medium,0.3%,0.2%,0.2%,2007-07-17 07:30:00
2007-07-17,8:00am,USD,TIC Long-Term Purchases,High,126.1B,70.0B,80.3B,2007-07-17 08:00:00
2007-07-17,8:15am,USD,Capacity Utilization Rate,Medium,81.7%,81.5%,81.4%,2007-07-17 08:15:00
2007-07-17,8:15am,USD,Industrial Production m/m,Medium,0.5%,0.4%,-0.1%,2007-07-17 08:15:00
2007-07-17,9:00am,USD,RCM/TIPP Economic Optimism,Non-economic,48.2,49.2,49.1,2007-07-17 09:00:00
2007-07-17,12:00pm,USD,NAHB Housing Market Index,Non-economic,24,28,28,2007-07-17 12:00:00
2007-07-17,6:50pm,JPY,Monetary Policy Meeting Minutes,Medium,,,,2007-07-17 18:50:00
2007-07-17,7:30pm,AUD,MI Leading Index m/m,Non-economic,0.2%,,0.6%,2007-07-17 19:30:00
2007-07-17,9:05pm,AUD,RBA Gov Stevens Speaks,Medium,,,,2007-07-17 21:05:00
2007-07-17,10:45pm,JPY,30-y Bond Auction,Non-economic,2.58|3.2,,2.35|4.3,2007-07-17 22:45:00
2007-07-18,3:00am,EUR,Italian Trade Balance,Non-economic,-0.77B,-1.00B,-1.29B,2007-07-18 03:00:00
2007-07-18,3:30am,GBP,Average Earnings Index 3m/y,High,3.5%,3.6%,4.1%,2007-07-18 03:30:00
2007-07-18,3:30am,GBP,MPC Official Bank Rate Votes,High,6-0-3,6-0-3,4-0-5,2007-07-18 03:30:00
2007-07-18,3:30am,GBP,Claimant Count Change,Medium,-13.8K,-7.6K,-11.8K,2007-07-18 03:30:00
2007-07-18,3:30am,GBP,Unemployment Rate,Non-economic,5.4%,5.5%,5.5%,2007-07-18 03:30:00
2007-07-18,6:00am,CAD,Core CPI m/m,High,0.0%,0.1%,0.3%,2007-07-18 06:00:00
2007-07-18,6:00am,CAD,CPI m/m,Medium,-0.2%,0.2%,0.4%,2007-07-18 06:00:00
2007-07-18,7:30am,CAD,Leading Index m/m,Non-economic,0.2%,0.4%,0.4%,2007-07-18 07:30:00
2007-07-18,7:30am,USD,Core CPI m/m,High,0.2%,0.2%,0.1%,2007-07-18 07:30:00
2007-07-18,7:30am,USD,CPI y/y,High,2.7%,2.6%,2.7%,2007-07-18 07:30:00
2007-07-18,7:30am,USD,Building Permits,Medium,1.41M,1.49M,1.52M,2007-07-18 07:30:00
2007-07-18,7:30am,USD,CPI m/m,Medium,0.2%,0.1%,0.7%,2007-07-18 07:30:00
2007-07-18,7:30am,USD,Housing Starts,Medium,1.47M,1.45M,1.43M,2007-07-18 07:30:00
2007-07-18,9:00am,USD,Fed Chairman Bernanke Testifies,High,,,,2007-07-18 09:00:00
2007-07-18,9:00am,USD,Fed Monetary Policy Report,Non-economic,,,,2007-07-18 09:00:00
2007-07-18,9:30am,USD,Crude Oil Inventories,Non-economic,-0.4M,-0.5M,-1.5M,2007-07-18 09:30:00
2007-07-18,6:50pm,JPY,All Industries Activity m/m,Non-economic,-0.3%,0.2%,1.2%,2007-07-18 18:50:00
2007-07-18,8:30pm,AUD,RBA Bulletin,Non-economic,,,,2007-07-18 20:30:00
2007-07-18,9:00pm,CNY,GDP q/y,High,11.9%,11.0%,11.1%,2007-07-18 21:00:00
2007-07-18,9:00pm,CNY,Industrial Production y/y,High,19.4%,17.5%,18.1%,2007-07-18 21:00:00
2007-07-18,9:00pm,CNY,CPI y/y,Medium,4.4%,3.6%,3.4%,2007-07-18 21:00:00
2007-07-18,9:00pm,CNY,Fixed Asset Investment ytd/y,Medium,26.7%,26.0%,25.9%,2007-07-18 21:00:00
2007-07-18,9:00pm,CNY,NBS Press Conference,Medium,,,,2007-07-18 21:00:00
2007-07-18,9:00pm,CNY,PPI y/y,Medium,2.5%,2.9%,2.8%,2007-07-18 21:00:00
2007-07-18,9:00pm,CNY,Retail Sales y/y,Non-economic,16.0%,16.2%,15.9%,2007-07-18 21:00:00
2007-07-19,1:00am,EUR,German PPI m/m,Non-economic,0.2%,0.3%,0.3%,2007-07-19 01:00:00
2007-07-19,1:15am,CHF,Trade Balance,Medium,1.72B,1.15B,1.04B,2007-07-19 01:15:00
2007-07-19,3:30am,GBP,Retail Sales m/m,High,0.2%,0.3%,0.4%,2007-07-19 03:30:00
2007-07-19,3:30am,GBP,M4 Money Supply m/m,Non-economic,0.8%,1.2%,1.2%,2007-07-19 03:30:00
2007-07-19,3:30am,GBP,Public Sector Net Borrowing,Non-economic,7.4B,6.4B,8.7B,2007-07-19 03:30:00
2007-07-19,3:47am,EUR,Spanish 10-y Bond Auction,Non-economic,4.64|1.7,,3.96|2.5,2007-07-19 03:47:00
2007-07-19,4:00am,CHF,UBS Economic Expectations,Medium,-2.1,,-0.1,2007-07-19 04:00:00
2007-07-19,4:10am,EUR,Trade Balance,Non-economic,3.6B,4.1B,3.5B,2007-07-19 04:10:00
2007-07-19,7:30am,CAD,Foreign Securities Purchases,Medium,-3.11B,2.05B,1.97B,2007-07-19 07:30:00
2007-07-19,7:30am,CAD,Wholesale Sales m/m,Medium,0.6%,0.5%,-3.0%,2007-07-19 07:30:00
2007-07-19,7:30am,USD,Unemployment Claims,Medium,301K,314K,309K,2007-07-19 07:30:00
2007-07-19,8:30am,USD,Fed Chairman Bernanke Testifies,High,,,,2007-07-19 08:30:00
2007-07-19,9:00am,USD,CB Leading Index m/m,Non-economic,-0.3%,0.0%,0.2%,2007-07-19 09:00:00
2007-07-19,9:30am,USD,Natural Gas Storage,Non-economic,65B,69B,106B,2007-07-19 09:30:00
2007-07-19,11:00am,USD,Philly Fed Manufacturing Index,Medium,9.2,13.6,18.0,2007-07-19 11:00:00
2007-07-19,11:30am,GBP,MPC Member Besley Speaks,Medium,,,,2007-07-19 11:30:00
2007-07-19,1:00pm,USD,FOMC Meeting Minutes,High,,,,2007-07-19 13:00:00
2007-07-19,5:45pm,NZD,Visitor Arrivals m/m,Non-economic,0.8%,,1.8%,2007-07-19 17:45:00
2007-07-19,8:30pm,AUD,Import Prices q/q,Non-economic,0.1%,0.0%,-1.7%,2007-07-19 20:30:00
2007-07-19,8:30pm,AUD,New Motor Vehicle Sales m/m,Non-economic,2.2%,,-0.4%,2007-07-19 20:30:00
2007-07-19,10:00pm,NZD,Credit Card Spending y/y,Non-economic,9.1%,,5.7%,2007-07-19 22:00:00
2007-07-20,2:15am,CHF,PPI m/m,Medium,0.0%,0.4%,0.9%,2007-07-20 02:15:00
2007-07-20,3:30am,GBP,Prelim GDP q/q,High,0.8%,0.7%,0.7%,2007-07-20 03:30:00
2007-07-20,3:30am,GBP,Index of Services 3m/3m,Non-economic,0.9%,1.0%,1.0%,2007-07-20 03:30:00
2007-07-20,4:00am,EUR,ECB President Trichet Speaks,Medium,,,,2007-07-20 04:00:00
2007-07-22,6:01pm,GBP,Rightmove HPI m/m,Non-economic,0.3%,,0.8%,2007-07-22 18:01:00
2007-07-22,8:30pm,AUD,PPI q/q,High,1.0%,0.8%,0.0%,2007-07-22 20:30:00
2007-07-23,5:00am,EUR,German Buba Monthly Report,Medium,,,,2007-07-23 05:00:00
2007-07-24,1:00am,EUR,German Import Prices m/m,Non-economic,0.6%,0.3%,0.3%,2007-07-24 01:00:00
2007-07-24,1:45am,EUR,French Consumer Spending m/m,Non-economic,1.6%,0.6%,-1.0%,2007-07-24 01:45:00
2007-07-24,3:00am,EUR,Flash Manufacturing PMI,Medium,54.8,55.5,55.6,2007-07-24 03:00:00
2007-07-24,3:00am,EUR,Current Account,Non-economic,-8.6B,0.0B,-1.6B,2007-07-24 03:00:00
2007-07-24,3:00am,EUR,Flash Services PMI,Non-economic,58.1,58.0,58.3,2007-07-24 03:00:00
2007-07-24,3:00am,EUR,Italian Retail Sales m/m,Non-economic,0.1%,0.3%,-0.3%,2007-07-24 03:00:00
2007-07-24,4:00am,EUR,Industrial New Orders m/m,Medium,1.7%,1.2%,-0.6%,2007-07-24 04:00:00
2007-07-24,5:00am,GBP,CBI Industrial Order Expectations,Medium,-6,7,8,2007-07-24 05:00:00
2007-07-24,6:30am,GBP,MPC Member Gieve Speaks,Medium,,,,2007-07-24 06:30:00
2007-07-24,7:30am,CAD,Core Retail Sales m/m,High,2.3%,0.6%,-0.3%,2007-07-24 07:30:00
2007-07-24,7:30am,CAD,Retail Sales m/m,Medium,2.8%,0.5%,0.2%,2007-07-24 07:30:00
2007-07-24,8:00am,EUR,Belgian NBB Business Climate,Medium,4.2,5.0,5.5,2007-07-24 08:00:00
2007-07-24,9:00am,USD,Richmond Manufacturing Index,Non-economic,4,4,4,2007-07-24 09:00:00
2007-07-24,6:50pm,JPY,Trade Balance,Non-economic,0.82T,0.85T,0.80T,2007-07-24 18:50:00
2007-07-24,7:00pm,AUD,CB Leading Index m/m,Non-economic,0.2%,,0.2%,2007-07-24 19:00:00
2007-07-24,8:30pm,AUD,CPI m/m,High,1.2%,1.0%,0.1%,2007-07-24 20:30:00
2007-07-24,8:30pm,AUD,Trimmed Mean CPI m/m,Medium,0.9%,0.7%,0.5%,2007-07-24 20:30:00
2007-07-25,4:10am,EUR,German 30-y Bond Auction,Non-economic,4.52|2.5,,4.11|1.2,2007-07-25 04:10:00
2007-07-25,9:00am,USD,Existing Home Sales,High,5.75M,5.87M,5.98M,2007-07-25 09:00:00
2007-07-25,9:30am,USD,Crude Oil Inventories,Non-economic,-1.1M,-1.4M,-0.4M,2007-07-25 09:30:00
2007-07-25,1:00pm,USD,Beige Book,Medium,,,,2007-07-25 13:00:00
2007-07-25,4:00pm,NZD,Official Cash Rate,High,8.25%,8.25%,8.00%,2007-07-25 16:00:00
2007-07-25,4:00pm,NZD,RBNZ Rate Statement,High,,,,2007-07-25 16:00:00
2007-07-25,4:15pm,USD,FOMC Member Geithner Speaks,Non-economic,,,,2007-07-25 16:15:00
2007-07-25,6:50pm,JPY,SPPI y/y,Non-economic,1.4%,1.4%,1.4%,2007-07-25 18:50:00
2007-07-26,1:00am,GBP,Nationwide HPI m/m,Medium,0.1%,0.5%,1.1%,2007-07-26 01:00:00
2007-07-26,3:00am,EUR,German ifo Business Climate,High,106.4,106.5,107.0,2007-07-26 03:00:00
2007-07-26,3:00am,EUR,M3 Money Supply y/y,Non-economic,10.9%,10.7%,10.6%,2007-07-26 03:00:00
2007-07-26,3:00am,EUR,Private Loans y/y,Non-economic,10.8%,10.4%,10.4%,2007-07-26 03:00:00
2007-07-26,3:30am,GBP,High Street Lending,Medium,75.3K,,77.4K,2007-07-26 03:30:00
2007-07-26,7:30am,USD,Core Durable Goods Orders m/m,High,-0.5%,0.5%,-0.2%,2007-07-26 07:30:00
2007-07-26,7:30am,USD,Durable Goods Orders m/m,Medium,1.4%,1.9%,-2.3%,2007-07-26 07:30:00
2007-07-26,7:30am,USD,Unemployment Claims,Non-economic,301K,310K,303K,2007-07-26 07:30:00
2007-07-26,9:00am,USD,New Home Sales,High,834K,900K,893K,2007-07-26 09:00:00
2007-07-26,9:30am,USD,Natural Gas Storage,Non-economic,71B,70B,65B,2007-07-26 09:30:00
2007-07-26,5:45pm,NZD,Trade Balance,High,-524M,-300M,11M,2007-07-26 17:45:00
2007-07-26,6:30pm,JPY,Tokyo Core CPI y/y,Medium,-0.1%,-0.1%,-0.1%,2007-07-26 18:30:00
2007-07-26,6:30pm,JPY,National Core CPI y/y,Non-economic,-0.1%,-0.1%,-0.1%,2007-07-26 18:30:00
2007-07-26,6:50pm,JPY,Retail Sales y/y,Medium,-0.4%,0.5%,0.1%,2007-07-26 18:50:00
2007-07-27,1:00am,EUR,German GfK Consumer Climate,Non-economic,8.7,8.5,8.5,2007-07-27 01:00:00
2007-07-27,2:00am,EUR,Spanish Unemployment Rate,Non-economic,8.0%,8.2%,8.5%,2007-07-27 02:00:00
2007-07-27,All Day,EUR,German Prelim CPI m/m,Medium,0.4%,0.4%,0.1%,2007-07-27 00:00:00
2007-07-27,4:30am,CHF,KOF Economic Barometer,Medium,2.13,2.00,2.08,2007-07-27 04:30:00
2007-07-27,7:30am,USD,Advance GDP q/q,High,3.4%,3.2%,0.7%,2007-07-27 07:30:00
2007-07-27,7:30am,USD,Advance GDP Price Index q/q,Medium,2.7%,3.4%,4.2%,2007-07-27 07:30:00
2007-07-27,9:00am,USD,Revised UoM Consumer Sentiment,Medium,90.4,91.5,92.4,2007-07-27 09:00:00
2007-07-27,9:00am,USD,Revised UoM Inflation Expectations,Non-economic,3.4%,,3.3%,2007-07-27 09:00:00
2007-07-28,All Day,JPY,Upper House Elections,Non-economic,,,,2007-07-28 00:00:00
2007-07-29,5:45pm,NZD,Building Consents m/m,Medium,15.8%,,5.8%,2007-07-29 17:45:00
2007-07-29,6:50pm,JPY,Prelim Industrial Production m/m,Medium,1.2%,0.8%,-0.3%,2007-07-29 18:50:00
2007-07-29,8:30pm,AUD,HIA New Home Sales m/m,Medium,-0.8%,,-4.4%,2007-07-29 20:30:00
2007-07-29,8:30pm,AUD,NAB Quarterly Business Confidence,Non-economic,12,,10,2007-07-29 20:30:00
2007-07-30,3:00am,EUR,Retail PMI,Non-economic,46.2,,48.2,2007-07-30 03:00:00
2007-07-30,3:30am,GBP,Mortgage Approvals,Non-economic,114K,110K,114K,2007-07-30 03:30:00
2007-07-30,3:30am,GBP,Net Lending to Individuals m/m,Non-economic,10.4B,9.5B,9.6B,2007-07-30 03:30:00
2007-07-30,7:30am,CAD,RMPI m/m,Medium,0.6%,-0.5%,-0.2%,2007-07-30 07:30:00
2007-07-30,7:30am,CAD,IPPI m/m,Non-economic,-1.3%,-0.5%,-0.5%,2007-07-30 07:30:00
2007-07-30,6:30pm,JPY,Final Manufacturing PMI,Non-economic,49.0,,50.4,2007-07-30 18:30:00
2007-07-30,6:30pm,JPY,Household Spending y/y,Non-economic,0.1%,0.6%,0.4%,2007-07-30 18:30:00
2007-07-30,6:30pm,JPY,Unemployment Rate,Non-economic,3.7%,3.8%,3.8%,2007-07-30 18:30:00
2007-07-30,8:30pm,AUD,Building Approvals m/m,High,7.5%,1.8%,-5.7%,2007-07-30 20:30:00
2007-07-30,8:30pm,AUD,Private Sector Credit m/m,Medium,1.8%,1.2%,1.3%,2007-07-30 20:30:00
2007-07-30,8:30pm,JPY,Average Cash Earnings y/y,Non-economic,-1.1%,0.1%,-0.2%,2007-07-30 20:30:00
2007-07-30,9:17pm,NZD,ANZ Business Confidence,Medium,-39.0,,-37.2,2007-07-30 21:17:00
2007-07-31,12:00am,JPY,Housing Starts y/y,Non-economic,6.0%,-3.5%,-10.7%,2007-07-31 00:00:00
2007-07-31,1:00am,EUR,German Retail Sales m/m,Medium,0.7%,1.5%,-2.5%,2007-07-31 01:00:00
2007-07-31,2:53am,EUR,German Unemployment Change,Medium,-50K,-50K,-47K,2007-07-31 02:53:00
2007-07-31,3:00am,CHF,UBS Consumption Indicator,Medium,2.31,,2.10,2007-07-31 03:00:00
2007-07-31,4:00am,EUR,Consumer Confidence,Non-economic,-2,-2,-2,2007-07-31 04:00:00
2007-07-31,4:00am,EUR,CPI Flash Estimate y/y,Non-economic,1.8%,2.0%,1.9%,2007-07-31 04:00:00
2007-07-31,4:00am,EUR,Italian Prelim CPI m/m,Non-economic,0.2%,0.2%,0.2%,2007-07-31 04:00:00
2007-07-31,4:00am,EUR,Unemployment Rate,Non-economic,6.9%,6.9%,7.0%,2007-07-31 04:00:00
2007-07-31,4:30am,GBP,GfK Consumer Confidence,Non-economic,-6,-3,-3,2007-07-31 04:30:00
2007-07-31,5:00am,GBP,CBI Realized Sales,Medium,18,16,17,2007-07-31 05:00:00
2007-07-31,7:30am,CAD,GDP m/m,High,0.3%,0.4%,0.0%,2007-07-31 07:30:00
2007-07-31,7:30am,USD,Core PCE Price Index m/m,High,0.1%,0.2%,0.1%,2007-07-31 07:30:00
2007-07-31,7:30am,USD,Employment Cost Index q/q,Medium,0.9%,1.0%,0.8%,2007-07-31 07:30:00
2007-07-31,7:30am,USD,Personal Spending m/m,Medium,0.1%,0.1%,0.6%,2007-07-31 07:30:00
2007-07-31,7:30am,USD,Personal Income m/m,Non-economic,0.4%,0.5%,0.4%,2007-07-31 07:30:00
2007-07-31,8:00am,USD,S&P/CS Composite-20 HPI y/y,Non-economic,-2.8%,-2.9%,-2.1%,2007-07-31 08:00:00
2007-07-31,8:45am,USD,Chicago PMI,Medium,53.4,59.0,60.2,2007-07-31 08:45:00
2007-07-31,9:00am,USD,CB Consumer Confidence,High,112.6,105.0,105.3,2007-07-31 09:00:00
2007-07-31,9:00am,USD,Construction Spending m/m,Non-economic,-0.3%,0.1%,1.1%,2007-07-31 09:00:00
2007-07-31,6:01pm,GBP,Nationwide Consumer Confidence,Non-economic,96,94,95,2007-07-31 18:01:00
2007-07-31,6:30pm,AUD,AIG Manufacturing Index,Non-economic,57.4,,53.1,2007-07-31 18:30:00
2007-07-31,8:00pm,CNY,Manufacturing PMI,High,53.3,,54.5,2007-07-31 20:00:00
2007-07-31,8:30pm,AUD,Goods Trade Balance,High,-1.75B,-1.18B,-0.97B,2007-07-31 20:30:00
2007-07-31,8:30pm,AUD,Retail Sales m/m,High,1.4%,1.0%,-0.3%,2007-07-31 20:30:00
2007-07-31,9:30pm,CNY,RatingDog Manufacturing PMI,Medium,53.2,,55.0,2007-07-31 21:30:00
2007-08-01,All Day,CHF,Bank Holiday,Low,,,,2007-08-01 00:00:00
2007-08-01,1:30am,AUD,Commodity Prices y/y,Medium,4.4%,,7.3%,2007-08-01 01:30:00
2007-08-01,2:15am,EUR,Spanish Manufacturing PMI,Non-economic,53.2,,55.1,2007-08-01 02:15:00
2007-08-01,2:45am,EUR,Italian Manufacturing PMI,Non-economic,53.3,53.6,54.0,2007-08-01 02:45:00
2007-08-01,3:00am,EUR,Final Manufacturing PMI,Non-economic,54.9,54.8,54.8,2007-08-01 03:00:00
2007-08-01,3:30am,GBP,Final Manufacturing PMI,Medium,55.7,54.0,54.7,2007-08-01 03:30:00
2007-08-01,4:30am,GBP,BRC Shop Price Index y/y,Non-economic,0.6%,,0.5%,2007-08-01 04:30:00
2007-08-01,6:30am,USD,Challenger Job Cuts y/y,Non-economic,-25.8%,,32.4%,2007-08-01 06:30:00
2007-08-01,7:15am,USD,ADP Non-Farm Employment Change,Medium,48K,103K,108K,2007-08-01 07:15:00
2007-08-01,9:00am,USD,ISM Manufacturing PMI,High,53.8,55.7,56.0,2007-08-01 09:00:00
2007-08-01,9:00am,USD,Pending Home Sales m/m,High,5.0%,-0.5%,-3.7%,2007-08-01 09:00:00
2007-08-01,9:00am,USD,FOMC Member Kroszner Speaks,Non-economic,,,,2007-08-01 09:00:00
2007-08-01,9:00am,USD,ISM Manufacturing Prices,Non-economic,65.0,66.5,68.0,2007-08-01 09:00:00
2007-08-01,9:30am,USD,Crude Oil Inventories,Non-economic,-6.5M,-1.0M,-1.1M,2007-08-01 09:30:00
2007-08-01,All Day,USD,Total Vehicle Sales,Non-economic,15.3M,16.0M,15.7M,2007-08-01 00:00:00
2007-08-01,6:50pm,JPY,Monetary Base y/y,Non-economic,-2.3%,-3.5%,-4.1%,2007-08-01 18:50:00
2007-08-01,10:45pm,JPY,10-y Bond Auction,Non-economic,1.81|2.7,,1.88|2.7,2007-08-01 22:45:00
2007-08-02,2:00am,EUR,Spanish Unemployment Change,Non-economic,4.5K,,-7.4K,2007-08-02 02:00:00
2007-08-02,2:00am,GBP,Halifax HPI m/m,High,0.7%,0.6%,0.4%,2007-08-02 02:00:00
2007-08-02,2:30am,CHF,Manufacturing PMI,Medium,63.0,62.0,62.8,2007-08-02 02:30:00
2007-08-02,3:30am,GBP,Construction PMI,Non-economic,61.8,59.0,60.1,2007-08-02 03:30:00
2007-08-02,4:00am,EUR,PPI m/m,Non-economic,0.1%,0.3%,0.3%,2007-08-02 04:00:00
2007-08-02,6:00am,GBP,Official Bank Rate,High,5.75%,5.75%,5.75%,2007-08-02 06:00:00
2007-08-02,6:45am,EUR,Main Refinancing Rate,Medium,4.00%,4.00%,4.00%,2007-08-02 06:45:00
2007-08-02,7:30am,USD,FOMC Member Kroszner Speaks,High,,,,2007-08-02 07:30:00
2007-08-02,7:30am,USD,Unemployment Claims,Medium,307K,315K,303K,2007-08-02 07:30:00
2007-08-02,8:10am,EUR,ECB Press Conference,High,,,,2007-08-02 08:10:00
2007-08-02,9:00am,USD,Factory Orders m/m,Medium,0.6%,1.2%,-0.5%,2007-08-02 09:00:00
2007-08-02,9:30am,USD,Natural Gas Storage,Non-economic,77B,74B,71B,2007-08-02 09:30:00
2007-08-02,6:30pm,AUD,AIG Services Index,Non-economic,56.0,,54.9,2007-08-02 18:30:00
2007-08-02,7:30pm,AUD,MI Inflation Gauge m/m,Non-economic,0.6%,,0.2%,2007-08-02 19:30:00
2007-08-02,8:00pm,CNY,Non-Manufacturing PMI,Non-economic,61.8,,58.5,2007-08-02 20:00:00
2007-08-03,12:45am,CHF,CPI m/m,High,-0.6%,-0.5%,0.1%,2007-08-03 00:45:00
2007-08-03,2:15am,EUR,Spanish Services PMI,Non-economic,56.3,,55.3,2007-08-03 02:15:00
2007-08-03,2:45am,EUR,Italian Services PMI,Non-economic,58.5,57.8,57.9,2007-08-03 02:45:00
2007-08-03,3:00am,EUR,Final Services PMI,Non-economic,58.3,58.1,58.1,2007-08-03 03:00:00
2007-08-03,3:30am,GBP,Final Services PMI,Medium,57.0,57.5,57.7,2007-08-03 03:30:00
2007-08-03,4:00am,EUR,Retail Sales m/m,Non-economic,0.4%,0.8%,-0.7%,2007-08-03 04:00:00
2007-08-03,7:30am,CAD,Building Permits m/m,Medium,-0.4%,-9.0%,23.2%,2007-08-03 07:30:00
2007-08-03,7:30am,USD,Non-Farm Employment Change,High,92K,135K,126K,2007-08-03 07:30:00
2007-08-03,7:30am,USD,Unemployment Rate,High,4.6%,4.5%,4.5%,2007-08-03 07:30:00
2007-08-03,7:30am,USD,Average Hourly Earnings m/m,Medium,0.3%,0.3%,0.4%,2007-08-03 07:30:00
2007-08-03,9:00am,CAD,Ivey PMI,High,54.6,58.0,67.4,2007-08-03 09:00:00
2007-08-03,9:00am,USD,ISM Services PMI,High,55.8,59.5,60.7,2007-08-03 09:00:00
2007-08-05,5:45pm,NZD,Labor Cost Index q/q,High,0.7%,0.7%,0.7%,2007-08-05 17:45:00
2007-08-05,8:30pm,AUD,ANZ Job Advertisements m/m,Medium,-0.5%,,-0.8%,2007-08-05 20:30:00
2007-08-06,12:00am,JPY,Leading Indicators,Non-economic,80.0%,80.0%,40.9%,2007-08-06 00:00:00
2007-08-06,2:00am,CHF,Foreign Currency Reserves,Non-economic,46B,,46B,2007-08-06 02:00:00
2007-08-06,3:00am,EUR,Italian Industrial Production m/m,Non-economic,-0.5%,0.4%,0.8%,2007-08-06 03:00:00
2007-08-06,3:30am,EUR,Sentix Investor Confidence,Non-economic,26.3,29.8,34.7,2007-08-06 03:30:00
2007-08-06,3:30am,GBP,Manufacturing Production m/m,High,0.2%,0.2%,0.4%,2007-08-06 03:30:00
2007-08-06,3:30am,GBP,Industrial Production m/m,Non-economic,0.1%,0.1%,0.6%,2007-08-06 03:30:00
2007-08-06,5:00am,EUR,German Factory Orders m/m,Medium,4.6%,-0.4%,3.0%,2007-08-06 05:00:00
2007-08-06,All Day,CAD,Bank Holiday,Low,,,,2007-08-06 00:00:00
2007-08-06,6:01pm,GBP,BRC Retail Sales Monitor y/y,Medium,1.2%,,3.0%,2007-08-06 18:01:00
2007-08-06,6:01pm,GBP,NIESR GDP Estimate,Non-economic,0.8%,,0.8%,2007-08-06 18:01:00
2007-08-06,6:30pm,AUD,AIG Construction Index,Non-economic,48.8,,51.3,2007-08-06 18:30:00
2007-08-06,10:00pm,NZD,ANZ Commodity Prices m/m,Non-economic,4.7%,,6.2%,2007-08-06 22:00:00
2007-08-07,5:00am,EUR,German Industrial Production m/m,Medium,-0.4%,0.4%,1.9%,2007-08-07 05:00:00
2007-08-07,7:30am,USD,Prelim Nonfarm Productivity q/q,Medium,1.8%,2.1%,1.0%,2007-08-07 07:30:00
2007-08-07,7:30am,USD,Prelim Unit Labor Costs q/q,Medium,2.1%,1.8%,1.8%,2007-08-07 07:30:00
2007-08-07,1:15pm,USD,Federal Funds Rate,High,5.25%,5.25%,5.25%,2007-08-07 13:15:00
2007-08-07,1:15pm,USD,FOMC Statement,High,,,,2007-08-07 13:15:00
2007-08-07,2:00pm,USD,Consumer Credit m/m,Non-economic,13.2B,5.5B,15.9B,2007-08-07 14:00:00
2007-08-07,6:30pm,AUD,Cash Rate,High,6.50%,6.50%,6.25%,2007-08-07 18:30:00
2007-08-07,6:30pm,AUD,RBA Rate Statement,High,,,,2007-08-07 18:30:00
2007-08-07,6:50pm,JPY,Core Machinery Orders m/m,Medium,-10.4%,-1.0%,5.9%,2007-08-07 18:50:00
2007-08-07,6:50pm,JPY,Bank Lending y/y,Non-economic,0.3%,,0.7%,2007-08-07 18:50:00
2007-08-07,6:50pm,JPY,M2 Money Stock y/y,Non-economic,2.0%,1.8%,1.8%,2007-08-07 18:50:00
2007-08-07,8:30pm,AUD,Home Loans m/m,Medium,1.1%,1.8%,0.2%,2007-08-07 20:30:00
2007-08-07,8:30pm,AUD,HPI q/q,Non-economic,3.2%,2.7%,1.4%,2007-08-07 20:30:00
2007-08-08,12:00am,JPY,Economy Watchers Sentiment,Non-economic,44.7,46.0,46.0,2007-08-08 00:00:00
2007-08-08,12:45am,CHF,Unemployment Rate,Non-economic,2.7%,2.7%,2.7%,2007-08-08 00:45:00
2007-08-08,1:00am,EUR,German Trade Balance,Non-economic,14.9B,17.2B,17.4B,2007-08-08 01:00:00
2007-08-08,1:00am,JPY,Prelim Machine Tool Orders y/y,Non-economic,18.2%,,3.0%,2007-08-08 01:00:00
2007-08-08,1:45am,EUR,French Trade Balance,Non-economic,-3.0B,-2.8B,-3.2B,2007-08-08 01:45:00
2007-08-08,4:30am,GBP,BOE Gov King Speaks,High,,,,2007-08-08 04:30:00
2007-08-08,4:30am,GBP,BOE Monetary Policy Report,High,,,,2007-08-08 04:30:00
2007-08-08,9:00am,USD,Final Wholesale Inventories m/m,Non-economic,0.5%,0.4%,0.5%,2007-08-08 09:00:00
2007-08-08,9:00am,USD,JOLTS Job Openings,Non-economic,4.31M,,4.10M,2007-08-08 09:00:00
2007-08-08,9:30am,USD,Crude Oil Inventories,Non-economic,-4.1M,-2.8M,-6.5M,2007-08-08 09:30:00
2007-08-08,12:00pm,USD,10-y Bond Auction,Medium,4.86|2.3,,5.23|2.6,2007-08-08 12:00:00
2007-08-08,5:45pm,NZD,Employment Change q/q,High,0.7%,0.6%,1.2%,2007-08-08 17:45:00
2007-08-08,5:45pm,NZD,Unemployment Rate,High,3.6%,3.7%,3.7%,2007-08-08 17:45:00
2007-08-08,8:30pm,AUD,Employment Change,High,21.8K,24.5K,9.0K,2007-08-08 20:30:00
2007-08-08,8:30pm,AUD,Unemployment Rate,Medium,4.3%,4.4%,4.3%,2007-08-08 20:30:00
2007-08-09,12:45am,CHF,SECO Consumer Climate,Medium,15,23,20,2007-08-09 00:45:00
2007-08-09,3:30am,GBP,Goods Trade Balance,High,-6.3B,-6.5B,-6.4B,2007-08-09 03:30:00
2007-08-09,4:00am,EUR,ECB Monthly Bulletin,Medium,,,,2007-08-09 04:00:00
2007-08-09,5:00am,GBP,10-y Bond Auction,Non-economic,5.23|1.7,,5.16|2.2,2007-08-09 05:00:00
2007-08-09,7:15am,CAD,Housing Starts,High,216K,223K,225K,2007-08-09 07:15:00
2007-08-09,7:30am,CAD,NHPI m/m,Non-economic,0.7%,0.6%,1.1%,2007-08-09 07:30:00
2007-08-09,7:30am,USD,Unemployment Claims,Medium,316K,310K,309K,2007-08-09 07:30:00
2007-08-09,9:30am,USD,Natural Gas Storage,Non-economic,42B,50B,77B,2007-08-09 09:30:00
2007-08-09,12:00pm,USD,30-y Bond Auction,Non-economic,5.06|1.6,,4.84|2.0,2007-08-09 12:00:00
2007-08-09,6:50pm,JPY,PPI y/y,Non-economic,2.1%,2.2%,2.3%,2007-08-09 18:50:00
2007-08-09,9:00pm,CNY,New Loans,Medium,231B,,452B,2007-08-09 21:00:00
2007-08-09,9:00pm,CNY,PPI y/y,Medium,2.4%,2.6%,2.5%,2007-08-09 21:00:00
2007-08-09,9:00pm,CNY,M2 Money Supply y/y,Non-economic,18.5%,17.1%,17.1%,2007-08-09 21:00:00
2007-08-09,11:20pm,CNY,USD-Denominated Trade Balance,High,24.4B,23.1B,26.9B,2007-08-09 23:20:00
2007-08-09,11:30pm,JPY,Revised Industrial Production m/m,Non-economic,1.3%,1.2%,1.2%,2007-08-09 23:30:00
2007-08-10,12:00am,JPY,Consumer Confidence,Non-economic,44.4,45.0,45.0,2007-08-10 00:00:00
2007-08-10,1:45am,EUR,French Industrial Production m/m,Medium,-0.5%,0.4%,0.5%,2007-08-10 01:45:00
2007-08-10,1:45am,EUR,French Gov Budget Balance,Non-economic,-29.7B,,-49.6B,2007-08-10 01:45:00
2007-08-10,3:00am,EUR,Italian Prelim GDP q/q,Non-economic,0.1%,0.4%,0.3%,2007-08-10 03:00:00
2007-08-10,6:00am,CAD,Employment Change,High,11.3K,21.0K,34.8K,2007-08-10 06:00:00
2007-08-10,6:00am,CAD,Unemployment Rate,High,6.0%,6.1%,6.1%,2007-08-10 06:00:00
2007-08-10,7:30am,USD,Import Prices m/m,Medium,1.5%,1.0%,0.9%,2007-08-10 07:30:00
2007-08-10,1:00pm,USD,Federal Budget Balance,Medium,-36.3B,-35.0B,27.5B,2007-08-10 13:00:00
2007-08-12,5:45pm,NZD,FPI m/m,Non-economic,1.2%,,0.0%,2007-08-12 17:45:00
2007-08-12,6:50pm,JPY,Prelim GDP q/q,High,0.1%,0.2%,0.8%,2007-08-12 18:50:00
2007-08-12,6:50pm,JPY,Prelim GDP Price Index y/y,Medium,-0.3%,-0.4%,-0.3%,2007-08-12 18:50:00
2007-08-12,6:50pm,JPY,Current Account,Non-economic,2.05T,2.19T,2.23T,2007-08-12 18:50:00
2007-08-12,8:30pm,AUD,RBA Monetary Policy Statement,High,,,,2007-08-12 20:30:00
2007-08-12,9:00pm,CNY,CPI y/y,Medium,5.6%,4.6%,4.4%,2007-08-12 21:00:00
2007-08-12,9:20pm,CNY,Foreign Direct Investment ytd/y,Non-economic,12.9%,,12.2%,2007-08-12 21:20:00
2007-08-13,1:00am,EUR,German WPI m/m,Non-economic,0.4%,0.1%,0.1%,2007-08-13 01:00:00
2007-08-13,3:30am,GBP,PPI Input m/m,High,-0.5%,0.7%,0.6%,2007-08-13 03:30:00
2007-08-13,3:30am,GBP,ONS HPI y/y,Non-economic,12.1%,11.1%,10.8%,2007-08-13 03:30:00
2007-08-13,3:30am,GBP,PPI Output m/m,Non-economic,0.2%,0.3%,0.2%,2007-08-13 03:30:00
2007-08-13,7:30am,USD,Core Retail Sales m/m,High,0.4%,0.3%,-0.2%,2007-08-13 07:30:00
2007-08-13,7:30am,USD,Retail Sales m/m,High,0.3%,0.3%,-0.7%,2007-08-13 07:30:00
2007-08-13,9:00am,USD,Business Inventories m/m,Medium,0.4%,0.4%,0.5%,2007-08-13 09:00:00
2007-08-13,9:30am,GBP,CB Leading Index m/m,Non-economic,0.2%,,0.1%,2007-08-13 09:30:00
2007-08-13,1:00pm,USD,Loan Officer Survey,Non-economic,,,,2007-08-13 13:00:00
2007-08-13,5:45pm,NZD,Core Retail Sales m/m,High,-0.5%,0.2%,0.5%,2007-08-13 17:45:00
2007-08-13,5:45pm,NZD,Retail Sales m/m,High,-0.4%,0.4%,1.0%,2007-08-13 17:45:00
2007-08-13,5:45pm,NZD,Core Retail Sales q/q,Non-economic,-0.8%,,3.6%,2007-08-13 17:45:00
2007-08-13,5:45pm,NZD,Retail Sales q/q,Non-economic,-0.6%,0.2%,3.9%,2007-08-13 17:45:00
2007-08-13,6:01pm,GBP,RICS House Price Balance,Medium,13%,9%,10%,2007-08-13 18:01:00
2007-08-13,6:50pm,JPY,Tertiary Industry Activity m/m,Medium,0.1%,-0.2%,-0.1%,2007-08-13 18:50:00
2007-08-13,8:30pm,AUD,NAB Business Confidence,Non-economic,12,,15,2007-08-13 20:30:00
2007-08-13,9:00pm,CNY,Retail Sales y/y,Non-economic,16.4%,16.3%,16.0%,2007-08-13 21:00:00
2007-08-14,1:00am,EUR,German Prelim GDP q/q,High,0.3%,0.4%,0.5%,2007-08-14 01:00:00
2007-08-14,1:45am,EUR,French Final CPI m/m,Non-economic,-0.2%,-0.2%,0.1%,2007-08-14 01:45:00
2007-08-14,1:50am,EUR,French Prelim GDP q/q,Non-economic,0.3%,0.4%,0.5%,2007-08-14 01:50:00
2007-08-14,2:00am,EUR,Spanish Flash GDP q/q,Non-economic,0.8%,0.8%,1.1%,2007-08-14 02:00:00
2007-08-14,3:30am,GBP,CPI y/y,High,1.9%,2.3%,2.4%,2007-08-14 03:30:00
2007-08-14,3:30am,GBP,Core CPI y/y,Medium,1.7%,2.0%,2.0%,2007-08-14 03:30:00
2007-08-14,3:30am,GBP,RPI y/y,Medium,3.8%,4.3%,4.4%,2007-08-14 03:30:00
2007-08-14,4:00am,EUR,Flash GDP q/q,Medium,0.3%,0.5%,0.7%,2007-08-14 04:00:00
2007-08-14,4:00am,EUR,Industrial Production m/m,Medium,-0.1%,0.0%,1.0%,2007-08-14 04:00:00
2007-08-14,6:30am,USD,NFIB Small Business Index,Non-economic,97.6,,96.0,2007-08-14 06:30:00
2007-08-14,7:30am,CAD,Trade Balance,High,5.3B,5.6B,5.9B,2007-08-14 07:30:00
2007-08-14,7:30am,USD,PPI m/m,High,0.6%,0.1%,-0.2%,2007-08-14 07:30:00
2007-08-14,7:30am,USD,Trade Balance,High,-58.1B,-61.0B,-59.2B,2007-08-14 07:30:00
2007-08-14,7:30am,USD,Core PPI m/m,Medium,0.1%,0.2%,0.3%,2007-08-14 07:30:00
2007-08-14,9:00am,USD,RCM/TIPP Economic Optimism,Non-economic,49.5,47.0,48.2,2007-08-14 09:00:00
2007-08-14,7:30pm,AUD,Westpac Consumer Sentiment,Non-economic,-8.1%,,-0.6%,2007-08-14 19:30:00
2007-08-14,8:30pm,AUD,Wage Price Index q/q,Medium,1.1%,1.0%,1.0%,2007-08-14 20:30:00
2007-08-14,9:00pm,CNY,Industrial Production y/y,High,18.0%,18.4%,19.4%,2007-08-14 21:00:00
2007-08-15,All Day,EUR,Italian Bank Holiday,Low,,,,2007-08-15 00:00:00
2007-08-15,All Day,EUR,French Bank Holiday,Low,,,,2007-08-15 00:00:00
2007-08-15,2:15am,CHF,Retail Sales y/y,High,5.1%,5.0%,3.1%,2007-08-15 02:15:00
2007-08-15,3:30am,GBP,Average Earnings Index 3m/y,High,3.3%,3.5%,3.5%,2007-08-15 03:30:00
2007-08-15,3:30am,GBP,MPC Official Bank Rate Votes,High,0-0-9,0-0-9,6-0-3,2007-08-15 03:30:00
2007-08-15,3:30am,GBP,Claimant Count Change,Medium,-8.5K,-9.8K,-14.1K,2007-08-15 03:30:00
2007-08-15,3:30am,GBP,Unemployment Rate,Non-economic,5.4%,5.4%,5.4%,2007-08-15 03:30:00
2007-08-15,4:11am,EUR,German 10-y Bond Auction,Non-economic,4.32|1.9,,4.59|1.8,2007-08-15 04:11:00
2007-08-15,7:30am,CAD,Manufacturing Sales m/m,Medium,-1.8%,0.1%,-0.2%,2007-08-15 07:30:00
2007-08-15,7:30am,CAD,New Motor Vehicle Sales m/m,Non-economic,-1.2%,-1.0%,-0.7%,2007-08-15 07:30:00
2007-08-15,7:30am,USD,Core CPI m/m,High,0.2%,0.2%,0.2%,2007-08-15 07:30:00
2007-08-15,7:30am,USD,CPI y/y,High,2.4%,2.5%,2.7%,2007-08-15 07:30:00
2007-08-15,7:30am,USD,CPI m/m,Medium,0.1%,0.2%,0.2%,2007-08-15 07:30:00
2007-08-15,7:30am,USD,Empire State Manufacturing Index,Medium,25.1,18.0,26.5,2007-08-15 07:30:00
2007-08-15,8:00am,USD,TIC Long-Term Purchases,High,120.9B,64.0B,126.0B,2007-08-15 08:00:00
2007-08-15,8:15am,USD,Capacity Utilization Rate,Medium,81.9%,81.8%,81.8%,2007-08-15 08:15:00
2007-08-15,8:15am,USD,Industrial Production m/m,Medium,0.3%,0.3%,0.6%,2007-08-15 08:15:00
2007-08-15,9:30am,USD,Crude Oil Inventories,Non-economic,-5.2M,-2.5M,-4.1M,2007-08-15 09:30:00
2007-08-15,12:00pm,USD,NAHB Housing Market Index,Non-economic,22,22,24,2007-08-15 12:00:00
2007-08-15,7:00pm,NZD,BusinessNZ Manufacturing Index,Non-economic,54.6,,50.6,2007-08-15 19:00:00
2007-08-15,7:30pm,AUD,MI Inflation Expectations,Non-economic,3.8%,,3.5%,2007-08-15 19:30:00
2007-08-15,8:30pm,AUD,RBA Bulletin,Non-economic,,,,2007-08-15 20:30:00
2007-08-15,9:00pm,CNY,Fixed Asset Investment ytd/y,Medium,26.6%,26.8%,26.7%,2007-08-15 21:00:00
2007-08-16,1:00am,EUR,German Final CPI m/m,Non-economic,0.4%,0.4%,0.4%,2007-08-16 01:00:00
2007-08-16,3:30am,GBP,Retail Sales m/m,High,0.7%,0.1%,0.4%,2007-08-16 03:30:00
2007-08-16,4:00am,EUR,Final Core CPI y/y,Non-economic,1.9%,1.9%,1.9%,2007-08-16 04:00:00
2007-08-16,4:00am,EUR,Final CPI y/y,Non-economic,1.8%,1.8%,1.8%,2007-08-16 04:00:00
2007-08-16,7:30am,CAD,Foreign Securities Purchases,Medium,-4.52B,1.23B,-2.65B,2007-08-16 07:30:00
2007-08-16,7:30am,USD,Building Permits,Medium,1.37M,1.40M,1.41M,2007-08-16 07:30:00
2007-08-16,7:30am,USD,Housing Starts,Medium,1.38M,1.41M,1.47M,2007-08-16 07:30:00
2007-08-16,7:30am,USD,Unemployment Claims,Non-economic,322K,310K,316K,2007-08-16 07:30:00
2007-08-16,9:30am,CAD,BOC Review,Non-economic,,,,2007-08-16 09:30:00
2007-08-16,9:30am,USD,Natural Gas Storage,Non-economic,21B,24B,42B,2007-08-16 09:30:00
2007-08-16,11:00am,USD,Philly Fed Manufacturing Index,Medium,0.0,9.0,9.2,2007-08-16 11:00:00
2007-08-16,7:00pm,AUD,RBA Gov Stevens Speaks,High,,,,2007-08-16 19:00:00
2007-08-17,1:00am,EUR,German PPI m/m,Non-economic,-0.1%,0.2%,0.2%,2007-08-17 01:00:00
2007-08-17,1:45am,EUR,French Prelim Private Payrolls q/q,Medium,0.0%,0.5%,0.8%,2007-08-17 01:45:00
2007-08-17,7:15am,USD,Fed Announcement,High,,,,2007-08-17 07:15:00
2007-08-17,7:30am,CAD,Wholesale Sales m/m,Medium,0.2%,0.3%,0.8%,2007-08-17 07:30:00
2007-08-17,9:00am,USD,Prelim UoM Consumer Sentiment,High,83.3,88.5,90.4,2007-08-17 09:00:00
2007-08-17,9:00am,USD,Prelim UoM Inflation Expectations,Non-economic,3.2%,,3.4%,2007-08-17 09:00:00
2007-08-19,5:45pm,NZD,Visitor Arrivals m/m,Non-economic,-1.8%,,0.6%,2007-08-19 17:45:00
2007-08-19,6:01pm,GBP,Rightmove HPI m/m,Non-economic,0.6%,,0.3%,2007-08-19 18:01:00
2007-08-20,2:15am,CHF,PPI m/m,Medium,0.1%,0.3%,0.0%,2007-08-20 02:15:00
2007-08-20,3:30am,GBP,M4 Money Supply m/m,Non-economic,1.0%,0.7%,0.7%,2007-08-20 03:30:00
2007-08-20,3:30am,GBP,Public Sector Net Borrowing,Non-economic,-6.5B,-5.5B,7.0B,2007-08-20 03:30:00
2007-08-20,5:00am,EUR,German Buba Monthly Report,Medium,,,,2007-08-20 05:00:00
2007-08-20,9:00am,USD,CB Leading Index m/m,Non-economic,0.4%,0.3%,-0.3%,2007-08-20 09:00:00
2007-08-20,6:50pm,JPY,All Industries Activity m/m,Non-economic,0.2%,0.3%,-0.3%,2007-08-20 18:50:00
2007-08-20,10:00pm,NZD,Credit Card Spending y/y,Non-economic,7.8%,,9.2%,2007-08-20 22:00:00
2007-08-21,1:15am,CHF,Trade Balance,Medium,1.57B,1.51B,1.65B,2007-08-21 01:15:00
2007-08-21,4:00am,EUR,German ZEW Economic Sentiment,Medium,-6.9,-1.0,10.4,2007-08-21 04:00:00
2007-08-21,4:00am,EUR,Trade Balance,Non-economic,5.2B,3.2B,3.9B,2007-08-21 04:00:00
2007-08-21,4:00am,EUR,ZEW Economic Sentiment,Non-economic,-6.1,0.0,7.2,2007-08-21 04:00:00
2007-08-21,6:00am,CAD,Core CPI m/m,High,0.1%,0.1%,0.0%,2007-08-21 06:00:00
2007-08-21,6:00am,CAD,CPI m/m,Medium,0.1%,0.1%,-0.2%,2007-08-21 06:00:00
2007-08-21,7:30am,CAD,Core Retail Sales m/m,High,-0.3%,-0.3%,2.1%,2007-08-21 07:30:00
2007-08-21,7:30am,CAD,Retail Sales m/m,Medium,-0.9%,-0.5%,2.6%,2007-08-21 07:30:00
2007-08-21,7:30am,CAD,Leading Index m/m,Non-economic,0.4%,0.2%,0.3%,2007-08-21 07:30:00
2007-08-21,6:50pm,JPY,Trade Balance,Non-economic,0.82T,0.76T,0.82T,2007-08-21 18:50:00
2007-08-21,7:30pm,AUD,MI Leading Index m/m,Non-economic,1.0%,,0.2%,2007-08-21 19:30:00
2007-08-21,8:30pm,AUD,New Motor Vehicle Sales m/m,Non-economic,0.6%,,2.2%,2007-08-21 20:30:00
2007-08-22,3:00am,EUR,Current Account,Non-economic,5.9B,4.0B,-7.8B,2007-08-22 03:00:00
2007-08-22,4:00am,EUR,Industrial New Orders m/m,Medium,4.4%,1.9%,1.5%,2007-08-22 04:00:00
2007-08-22,5:00am,GBP,CBI Industrial Order Expectations,Medium,9,-4,-6,2007-08-22 05:00:00
2007-08-22,9:30am,USD,Crude Oil Inventories,Non-economic,1.9M,-2.8M,-5.2M,2007-08-22 09:30:00
2007-08-22,10:35pm,JPY,Overnight Call Rate,High,0.50%,0.50%,0.50%,2007-08-22 22:35:00
2007-08-23,1:00am,EUR,German Final GDP q/q,Non-economic,0.3%,0.4%,0.3%,2007-08-23 01:00:00
2007-08-23,1:00am,JPY,BOJ Monthly Report,Non-economic,,,,2007-08-23 01:00:00
2007-08-23,2:15am,CHF,Employment Level,Medium,3.74M,3.71M,3.71M,2007-08-23 02:15:00
2007-08-23,2:35am,JPY,BOJ Press Conference,High,,,,2007-08-23 02:35:00
2007-08-23,3:30am,GBP,Prelim Business Investment q/q,Medium,0.8%,2.0%,-0.6%,2007-08-23 03:30:00
2007-08-23,4:00am,CHF,UBS Economic Expectations,Medium,-5.1,,-2.1,2007-08-23 04:00:00
2007-08-23,7:30am,CAD,Corporate Profits q/q,Non-economic,-0.7%,,2.9%,2007-08-23 07:30:00
2007-08-23,7:30am,USD,Unemployment Claims,Medium,322K,315K,324K,2007-08-23 07:30:00
2007-08-23,8:00am,EUR,Belgian NBB Business Climate,Medium,3.3,3.4,4.2,2007-08-23 08:00:00
2007-08-23,9:30am,USD,Natural Gas Storage,Non-economic,23B,29B,21B,2007-08-23 09:30:00
2007-08-23,5:45pm,NZD,Trade Balance,High,-791M,-532M,-511M,2007-08-23 17:45:00
2007-08-23,6:50pm,JPY,SPPI y/y,Non-economic,1.6%,1.5%,1.5%,2007-08-23 18:50:00
2007-08-24,1:00am,EUR,German Import Prices m/m,Non-economic,0.3%,0.5%,0.6%,2007-08-24 01:00:00
2007-08-24,3:00am,EUR,Flash Manufacturing PMI,Medium,54.2,54.5,54.9,2007-08-24 03:00:00
2007-08-24,3:00am,EUR,Flash Services PMI,Non-economic,57.9,58.0,58.3,2007-08-24 03:00:00
2007-08-24,3:30am,GBP,Second Estimate GDP q/q,High,0.8%,0.8%,0.8%,2007-08-24 03:30:00
2007-08-24,3:30am,GBP,Index of Services 3m/3m,Non-economic,0.8%,0.7%,0.9%,2007-08-24 03:30:00
2007-08-24,7:30am,USD,Core Durable Goods Orders m/m,High,3.7%,0.6%,-1.2%,2007-08-24 07:30:00
2007-08-24,7:30am,USD,Durable Goods Orders m/m,Medium,5.9%,1.0%,1.9%,2007-08-24 07:30:00
2007-08-24,9:00am,USD,New Home Sales,High,870K,826K,846K,2007-08-24 09:00:00
2007-08-27,All Day,GBP,Bank Holiday,Low,,,,2007-08-27 00:00:00
2007-08-27,8:00am,EUR,ECB President Trichet Speaks,High,,,,2007-08-27 08:00:00
2007-08-27,9:00am,USD,Existing Home Sales,High,5.75M,5.75M,5.76M,2007-08-27 09:00:00
2007-08-27,6:50pm,JPY,Monetary Policy Meeting Minutes,Medium,,,,2007-08-27 18:50:00
2007-08-27,7:00pm,AUD,CB Leading Index m/m,Non-economic,0.4%,,0.3%,2007-08-27 19:00:00
2007-08-27,7:45pm,CAD,Gov Council Member Duguay Speaks,Medium,,,,2007-08-27 19:45:00
2007-08-27,9:30pm,AUD,RBA Deputy Gov Battellino Speaks,Medium,,,,2007-08-27 21:30:00
2007-08-27,10:00pm,NZD,Inflation Expectations q/q,High,2.64%,,2.58%,2007-08-27 22:00:00
2007-08-28,All Day,EUR,German Prelim CPI m/m,Medium,-0.1%,-0.1%,0.4%,2007-08-28 00:00:00
2007-08-28,3:00am,CHF,UBS Consumption Indicator,Medium,2.26,,2.31,2007-08-28 03:00:00
2007-08-28,3:00am,EUR,German ifo Business Climate,High,105.8,105.5,106.4,2007-08-28 03:00:00
2007-08-28,3:00am,EUR,M3 Money Supply y/y,Non-economic,11.7%,11.0%,10.9%,2007-08-28 03:00:00
2007-08-28,3:00am,EUR,Private Loans y/y,Non-economic,10.9%,10.9%,10.8%,2007-08-28 03:00:00
2007-08-28,3:30am,GBP,High Street Lending,Medium,67.0K,,75.3K,2007-08-28 03:30:00
2007-08-28,7:00am,CHF,Gov Board Member Jordan Speaks,Medium,,,,2007-08-28 07:00:00
2007-08-28,8:00am,USD,S&P/CS Composite-20 HPI y/y,Non-economic,-3.5%,-3.2%,-2.9%,2007-08-28 08:00:00
2007-08-28,9:00am,USD,CB Consumer Confidence,High,105.0,104.8,111.9,2007-08-28 09:00:00
2007-08-28,9:00am,USD,Richmond Manufacturing Index,Non-economic,7,1,4,2007-08-28 09:00:00
2007-08-28,1:00pm,USD,FOMC Meeting Minutes,High,,,,2007-08-28 13:00:00
2007-08-28,8:30pm,AUD,Construction Work Done q/q,Medium,-1.9%,2.1%,2.7%,2007-08-28 20:30:00
2007-08-28,9:15pm,AUD,HIA New Home Sales m/m,Medium,1.5%,,-0.8%,2007-08-28 21:15:00
2007-08-29,1:00am,EUR,German GfK Consumer Climate,Non-economic,7.6,8.5,8.5,2007-08-29 01:00:00
2007-08-29,4:30am,CHF,KOF Economic Barometer,Medium,2.06,2.15,2.09,2007-08-29 04:30:00
2007-08-29,9:30am,USD,Crude Oil Inventories,Non-economic,-3.5M,-0.6M,1.9M,2007-08-29 09:30:00
2007-08-29,5:45pm,NZD,Building Consents m/m,Medium,-15.5%,,14.2%,2007-08-29 17:45:00
2007-08-29,6:50pm,JPY,Retail Sales y/y,Medium,-2.2%,-0.9%,-0.4%,2007-08-29 18:50:00
2007-08-29,8:30pm,AUD,Private Capital Expenditure q/q,High,6.3%,2.2%,10.3%,2007-08-29 20:30:00
2007-08-29,8:30pm,AUD,Current Account,Medium,-16.0B,-15.6B,-15.6B,2007-08-29 20:30:00
2007-08-29,10:00pm,NZD,ANZ Business Confidence,Medium,-33.8,,-38.5,2007-08-29 22:00:00
2007-08-30,1:00am,GBP,Nationwide HPI m/m,Medium,0.6%,0.5%,0.1%,2007-08-30 01:00:00
2007-08-30,2:55am,EUR,German Unemployment Change,Medium,-26K,-30K,-50K,2007-08-30 02:55:00
2007-08-30,3:00am,EUR,Retail PMI,Non-economic,51.0,,46.2,2007-08-30 03:00:00
2007-08-30,3:00am,EUR,Italian Retail Sales m/m,Non-economic,0.1%,0.2%,0.1%,2007-08-30 03:00:00
2007-08-30,3:30am,GBP,Mortgage Approvals,Non-economic,115K,110K,115K,2007-08-30 03:30:00
2007-08-30,3:30am,GBP,Net Lending to Individuals m/m,Non-economic,10.3B,10.1B,10.3B,2007-08-30 03:30:00
2007-08-30,4:28am,EUR,Italian 10-y Bond Auction,Non-economic,4.55|1.3,,4.74|1.5,2007-08-30 04:28:00
2007-08-30,5:00am,GBP,CBI Realized Sales,Medium,15,17,18,2007-08-30 05:00:00
2007-08-30,7:30am,CAD,Current Account,Medium,8.4B,7.8B,6.1B,2007-08-30 07:30:00
2007-08-30,7:30am,CAD,RMPI m/m,Medium,3.9%,0.6%,0.6%,2007-08-30 07:30:00
2007-08-30,7:30am,CAD,IPPI m/m,Non-economic,-0.7%,-0.7%,-1.2%,2007-08-30 07:30:00
2007-08-30,7:30am,USD,Prelim GDP q/q,High,4.0%,4.0%,3.4%,2007-08-30 07:30:00
2007-08-30,7:30am,USD,Prelim GDP Price Index q/q,Non-economic,2.7%,2.7%,2.7%,2007-08-30 07:30:00
2007-08-30,7:30am,USD,Unemployment Claims,Non-economic,334K,320K,333K,2007-08-30 07:30:00
2007-08-30,9:30am,USD,Natural Gas Storage,Non-economic,43B,40B,23B,2007-08-30 09:30:00
2007-08-30,Day 1,All,Jackson Hole Symposium,Medium,,,,2007-08-30 00:00:00
2007-08-30,6:30pm,JPY,Tokyo Core CPI y/y,Medium,0.0%,-0.1%,-0.1%,2007-08-30 18:30:00
2007-08-30,6:30pm,JPY,Final Manufacturing PMI,Non-economic,49.6,,49.0,2007-08-30 18:30:00
2007-08-30,6:30pm,JPY,Household Spending y/y,Non-economic,-0.1%,0.2%,0.1%,2007-08-30 18:30:00
2007-08-30,6:30pm,JPY,National Core CPI y/y,Non-economic,-0.1%,-0.1%,-0.1%,2007-08-30 18:30:00
2007-08-30,6:30pm,JPY,Unemployment Rate,Non-economic,3.6%,3.7%,3.7%,2007-08-30 18:30:00
2007-08-30,6:50pm,JPY,Prelim Industrial Production m/m,Medium,-0.4%,-0.4%,1.3%,2007-08-30 18:50:00
2007-08-30,8:30pm,AUD,Goods Trade Balance,High,-0.76B,-1.07B,-1.74B,2007-08-30 20:30:00
2007-08-30,8:30pm,AUD,Retail Sales m/m,High,0.9%,0.6%,1.5%,2007-08-30 20:30:00
2007-08-30,8:30pm,AUD,Private Sector Credit m/m,Medium,0.9%,1.2%,1.8%,2007-08-30 20:30:00
2007-08-31,12:00am,JPY,Housing Starts y/y,Non-economic,-23.4%,0.0%,6.0%,2007-08-31 00:00:00
2007-08-31,12:45am,CHF,CPI m/m,High,-0.1%,0.2%,-0.6%,2007-08-31 00:45:00
2007-08-31,1:00am,EUR,German Retail Sales m/m,Medium,0.3%,0.5%,1.2%,2007-08-31 01:00:00
2007-08-31,4:00am,EUR,Consumer Confidence,Non-economic,-3,-2,-2,2007-08-31 04:00:00
2007-08-31,4:00am,EUR,CPI Flash Estimate y/y,Non-economic,1.8%,1.8%,1.8%,2007-08-31 04:00:00
2007-08-31,4:00am,EUR,Italian Prelim CPI m/m,Non-economic,0.2%,0.2%,0.2%,2007-08-31 04:00:00
2007-08-31,4:00am,EUR,Unemployment Rate,Non-economic,6.9%,6.9%,6.9%,2007-08-31 04:00:00
2007-08-31,4:30am,GBP,GfK Consumer Confidence,Non-economic,-4,-6,-6,2007-08-31 04:30:00
2007-08-31,7:30am,CAD,GDP m/m,High,0.2%,0.1%,0.3%,2007-08-31 07:30:00
2007-08-31,7:30am,USD,Core PCE Price Index m/m,High,0.1%,0.2%,0.2%,2007-08-31 07:30:00
2007-08-31,7:30am,USD,Personal Spending m/m,Medium,0.4%,0.4%,0.2%,2007-08-31 07:30:00
2007-08-31,7:30am,USD,Personal Income m/m,Non-economic,0.5%,0.4%,0.4%,2007-08-31 07:30:00
2007-08-31,8:45am,USD,Chicago PMI,Medium,53.8,53.0,53.4,2007-08-31 08:45:00
2007-08-31,9:00am,USD,Fed Chairman Bernanke Speaks,High,,,,2007-08-31 09:00:00
2007-08-31,9:00am,USD,Factory Orders m/m,Medium,3.7%,3.3%,1.0%,2007-08-31 09:00:00
2007-08-31,9:00am,USD,Revised UoM Consumer Sentiment,Medium,83.4,83.0,83.3,2007-08-31 09:00:00
2007-08-31,9:00am,USD,Revised UoM Inflation Expectations,Non-economic,3.2%,,3.2%,2007-08-31 09:00:00
2007-08-31,10:10am,USD,President Bush Speaks,Medium,,,,2007-08-31 10:10:00
2007-08-31,Day 2,All,Jackson Hole Symposium,Medium,,,,2007-08-31 00:00:00
2007-08-31,8:00pm,CNY,Manufacturing PMI,High,54.0,,53.3,2007-08-31 20:00:00
2007-09-01,7:30am,USD,FOMC Member Mishkin Speaks,Non-economic,,,,2007-09-01 07:30:00
2007-09-01,Day 3,All,Jackson Hole Symposium,Medium,,,,2007-09-01 00:00:00
2007-09-02,6:30pm,AUD,AIG Manufacturing Index,Non-economic,52.4,,57.4,2007-09-02 18:30:00
2007-09-02,6:50pm,JPY,Capital Spending q/y,Medium,-4.9%,-2.3%,13.6%,2007-09-02 18:50:00
2007-09-02,7:30pm,AUD,MI Inflation Gauge m/m,Non-economic,0.5%,,0.6%,2007-09-02 19:30:00
2007-09-02,8:00pm,CNY,Non-Manufacturing PMI,Non-economic,63.2,,61.8,2007-09-02 20:00:00
2007-09-02,8:30pm,AUD,Building Approvals m/m,High,0.4%,-1.8%,6.9%,2007-09-02 20:30:00
2007-09-02,8:30pm,AUD,ANZ Job Advertisements m/m,Medium,0.1%,,-0.5%,2007-09-02 20:30:00
2007-09-02,8:30pm,AUD,Company Operating Profits q/q,Non-economic,1.4%,2.3%,7.3%,2007-09-02 20:30:00
2007-09-02,8:30pm,JPY,Average Cash Earnings y/y,Non-economic,-1.9%,-0.5%,-0.9%,2007-09-02 20:30:00
2007-09-02,9:30pm,CNY,RatingDog Manufacturing PMI,Medium,53.4,,53.2,2007-09-02 21:30:00
2007-09-03,1:30am,AUD,Commodity Prices y/y,Medium,1.9%,,3.6%,2007-09-03 01:30:00
2007-09-03,2:15am,EUR,Spanish Manufacturing PMI,Non-economic,52.2,,53.2,2007-09-03 02:15:00
2007-09-03,2:30am,CHF,Manufacturing PMI,Medium,65.1,62.0,63.0,2007-09-03 02:30:00
2007-09-03,2:45am,EUR,Italian Manufacturing PMI,Non-economic,53.6,52.9,53.3,2007-09-03 02:45:00
2007-09-03,3:00am,EUR,Final Manufacturing PMI,Non-economic,54.3,54.2,54.2,2007-09-03 03:00:00
2007-09-03,3:30am,GBP,Final Manufacturing PMI,Medium,56.3,55.1,55.9,2007-09-03 03:30:00
2007-09-03,All Day,CAD,Bank Holiday,Low,,,,2007-09-03 00:00:00
2007-09-03,All Day,USD,Bank Holiday,Low,,,,2007-09-03 00:00:00
2007-09-03,6:01pm,GBP,BRC Retail Sales Monitor y/y,Medium,1.8%,,1.2%,2007-09-03 18:01:00
2007-09-03,6:50pm,JPY,Monetary Base y/y,Non-economic,0.7%,0.0%,-2.3%,2007-09-03 18:50:00
2007-09-03,8:30pm,AUD,GDP q/q,High,0.9%,0.6%,1.6%,2007-09-03 20:30:00
2007-09-03,10:45pm,JPY,10-y Bond Auction,Non-economic,1.65|2.8,,1.81|2.7,2007-09-03 22:45:00
2007-09-04,12:45am,CHF,GDP q/q,Medium,0.7%,0.7%,0.7%,2007-09-04 00:45:00
2007-09-04,2:00am,EUR,Spanish Unemployment Change,Non-economic,58.0K,,4.5K,2007-09-04 02:00:00
2007-09-04,3:00am,EUR,Italian Trade Balance,Non-economic,0.38B,-0.88B,-0.78B,2007-09-04 03:00:00
2007-09-04,3:30am,GBP,Construction PMI,Non-economic,64.8,60.6,61.8,2007-09-04 03:30:00
2007-09-04,4:00am,EUR,PPI m/m,Non-economic,0.3%,0.1%,0.1%,2007-09-04 04:00:00
2007-09-04,4:00am,EUR,Revised GDP q/q,Non-economic,0.3%,0.3%,0.3%,2007-09-04 04:00:00
2007-09-04,9:00am,USD,ISM Manufacturing PMI,High,52.9,53.2,53.8,2007-09-04 09:00:00
2007-09-04,9:00am,USD,Construction Spending m/m,Non-economic,-0.4%,0.0%,0.1%,2007-09-04 09:00:00
2007-09-04,9:00am,USD,ISM Manufacturing Prices,Non-economic,63.0,63.1,65.0,2007-09-04 09:00:00
2007-09-04,All Day,USD,Total Vehicle Sales,Non-economic,16.3M,15.8M,15.3M,2007-09-04 00:00:00
2007-09-04,6:01pm,GBP,Nationwide Consumer Confidence,Non-economic,94,94,96,2007-09-04 18:01:00
2007-09-04,6:30pm,AUD,Cash Rate,High,6.50%,6.50%,6.50%,2007-09-04 18:30:00
2007-09-04,6:30pm,AUD,AIG Services Index,Non-economic,51.6,,56.0,2007-09-04 18:30:00
2007-09-05,2:00am,GBP,Halifax HPI m/m,High,0.4%,0.6%,0.8%,2007-09-05 02:00:00
2007-09-05,2:15am,EUR,Spanish Services PMI,Non-economic,53.5,,56.3,2007-09-05 02:15:00
2007-09-05,2:45am,EUR,Italian Services PMI,Non-economic,56.2,58.0,58.5,2007-09-05 02:45:00
2007-09-05,3:00am,EUR,Final Services PMI,Non-economic,58.0,57.9,57.9,2007-09-05 03:00:00
2007-09-05,3:30am,GBP,Final Services PMI,Medium,57.6,56.5,57.0,2007-09-05 03:30:00
2007-09-05,4:00am,EUR,Retail Sales m/m,Non-economic,0.1%,0.4%,0.6%,2007-09-05 04:00:00
2007-09-05,4:30am,GBP,BRC Shop Price Index y/y,Non-economic,0.4%,,0.6%,2007-09-05 04:30:00
2007-09-05,6:30am,USD,Challenger Job Cuts y/y,Non-economic,15.4%,,-25.8%,2007-09-05 06:30:00
2007-09-05,7:15am,USD,ADP Non-Farm Employment Change,Medium,38K,82K,41K,2007-09-05 07:15:00
2007-09-05,8:00am,CAD,BOC Rate Statement,High,,,,2007-09-05 08:00:00
2007-09-05,8:00am,CAD,Overnight Rate,High,4.50%,4.50%,4.50%,2007-09-05 08:00:00
2007-09-05,9:00am,USD,Pending Home Sales m/m,High,-12.2%,-2.0%,5.0%,2007-09-05 09:00:00
2007-09-05,1:00pm,USD,Beige Book,Medium,,,,2007-09-05 13:00:00
2007-09-05,8:30pm,AUD,Employment Change,High,31.9K,18.0K,19.0K,2007-09-05 20:30:00
2007-09-05,8:30pm,AUD,Unemployment Rate,Medium,4.3%,4.3%,4.3%,2007-09-05 20:30:00
2007-09-05,10:00pm,NZD,ANZ Commodity Prices m/m,Non-economic,1.4%,,4.7%,2007-09-05 22:00:00
2007-09-06,12:45am,CHF,Unemployment Rate,Non-economic,2.7%,2.7%,2.7%,2007-09-06 00:45:00
2007-09-06,1:00am,JPY,Prelim Machine Tool Orders y/y,Non-economic,12.3%,,18.8%,2007-09-06 01:00:00
2007-09-06,2:00am,CHF,Foreign Currency Reserves,Non-economic,47B,,46B,2007-09-06 02:00:00
2007-09-06,3:30am,GBP,Manufacturing Production m/m,High,-0.3%,0.2%,0.1%,2007-09-06 03:30:00
2007-09-06,3:30am,GBP,Industrial Production m/m,Non-economic,-0.1%,0.2%,0.0%,2007-09-06 03:30:00
2007-09-06,4:06am,EUR,French 10-y Bond Auction,Non-economic,4.35|2.3,,4.67|3.6,2007-09-06 04:06:00
2007-09-06,5:00am,EUR,German Factory Orders m/m,Medium,-7.1%,-2.2%,5.1%,2007-09-06 05:00:00
2007-09-06,6:00am,GBP,MPC Rate Statement,High,,,,2007-09-06 06:00:00
2007-09-06,6:00am,GBP,Official Bank Rate,High,5.75%,5.75%,5.75%,2007-09-06 06:00:00
2007-09-06,6:45am,EUR,Main Refinancing Rate,Medium,4.00%,4.00%,4.00%,2007-09-06 06:45:00
2007-09-06,7:30am,CAD,Building Permits m/m,Medium,-11.3%,-3.2%,0.1%,2007-09-06 07:30:00
2007-09-06,7:30am,EUR,ECB Press Conference,High,,,,2007-09-06 07:30:00
2007-09-06,7:30am,USD,Revised Nonfarm Productivity q/q,Medium,2.6%,2.4%,1.8%,2007-09-06 07:30:00
2007-09-06,7:30am,USD,Unemployment Claims,Medium,318K,325K,337K,2007-09-06 07:30:00
2007-09-06,7:30am,USD,Revised Unit Labor Costs q/q,Non-economic,1.4%,1.6%,2.1%,2007-09-06 07:30:00
2007-09-06,9:00am,CAD,Ivey PMI,High,58.5,56.9,54.6,2007-09-06 09:00:00
2007-09-06,9:00am,USD,ISM Services PMI,High,55.8,54.5,55.8,2007-09-06 09:00:00
2007-09-06,9:00am,USD,Mortgage Delinquencies,Medium,5.12%,,4.84%,2007-09-06 09:00:00
2007-09-06,9:30am,USD,Crude Oil Inventories,Non-economic,-4.0M,-2.1M,-3.5M,2007-09-06 09:30:00
2007-09-06,9:30am,USD,Natural Gas Storage,Non-economic,36B,44B,43B,2007-09-06 09:30:00
2007-09-06,10:30am,USD,FOMC Member Kroszner Speaks,Medium,,,,2007-09-06 10:30:00
2007-09-06,6:01pm,GBP,NIESR GDP Estimate,Non-economic,0.7%,,0.8%,2007-09-06 18:01:00
2007-09-06,6:30pm,AUD,AIG Construction Index,Non-economic,48.4,,48.8,2007-09-06 18:30:00
2007-09-07,12:00am,JPY,Leading Indicators,Non-economic,70.0%,70.0%,72.7%,2007-09-07 00:00:00
2007-09-07,1:00am,EUR,German Trade Balance,Non-economic,16.5B,15.5B,15.0B,2007-09-07 01:00:00
2007-09-07,1:45am,EUR,French Gov Budget Balance,Non-economic,-47.4B,,-29.7B,2007-09-07 01:45:00
2007-09-07,1:50am,EUR,ECB President Trichet Speaks,Medium,,,,2007-09-07 01:50:00
2007-09-07,5:00am,EUR,German Industrial Production m/m,Medium,0.1%,0.8%,-0.2%,2007-09-07 05:00:00
2007-09-07,6:00am,CAD,Employment Change,High,23.3K,15.3K,11.3K,2007-09-07 06:00:00
2007-09-07,6:00am,CAD,Unemployment Rate,High,6.0%,6.1%,6.0%,2007-09-07 06:00:00
2007-09-07,7:30am,USD,Non-Farm Employment Change,High,-4K,110K,68K,2007-09-07 07:30:00
2007-09-07,7:30am,USD,Unemployment Rate,High,4.6%,4.6%,4.6%,2007-09-07 07:30:00
2007-09-07,7:30am,USD,Average Hourly Earnings m/m,Medium,0.3%,0.3%,0.3%,2007-09-07 07:30:00
2007-09-07,9:00am,USD,Final Wholesale Inventories m/m,Non-economic,0.2%,0.5%,0.3%,2007-09-07 09:00:00
2007-09-08,8:00am,EUR,ECB President Trichet Speaks,Medium,,,,2007-09-08 08:00:00
2007-09-09,5:45pm,NZD,PPI Input q/q,High,1.3%,1.1%,-1.5%,2007-09-09 17:45:00
2007-09-09,5:45pm,NZD,PPI Output q/q,Non-economic,1.2%,1.1%,-0.2%,2007-09-09 17:45:00
2007-09-09,6:50pm,JPY,Final GDP q/q,Medium,-0.3%,-0.2%,0.1%,2007-09-09 18:50:00
2007-09-09,6:50pm,JPY,Bank Lending y/y,Non-economic,0.5%,,0.3%,2007-09-09 18:50:00
2007-09-09,6:50pm,JPY,Final GDP Price Index y/y,Non-economic,-0.3%,-0.3%,-0.3%,2007-09-09 18:50:00
2007-09-09,6:50pm,JPY,M2 Money Stock y/y,Non-economic,1.8%,2.0%,2.0%,2007-09-09 18:50:00
2007-09-09,8:30pm,AUD,Home Loans m/m,Medium,-4.1%,-2.0%,0.8%,2007-09-09 20:30:00
2007-09-09,9:00pm,CNY,PPI y/y,Medium,2.6%,2.5%,2.4%,2007-09-09 21:00:00
2007-09-10,12:00am,JPY,Economy Watchers Sentiment,Non-economic,44.1,44.3,44.7,2007-09-10 00:00:00
2007-09-10,1:45am,EUR,French Industrial Production m/m,Medium,1.3%,0.4%,-0.6%,2007-09-10 01:45:00
2007-09-10,3:30am,EUR,Sentix Investor Confidence,Non-economic,18.1,18.6,26.3,2007-09-10 03:30:00
2007-09-10,3:30am,GBP,PPI Input m/m,High,-0.5%,-0.3%,-0.8%,2007-09-10 03:30:00
2007-09-10,3:30am,GBP,ONS HPI y/y,Non-economic,12.4%,11.5%,12.1%,2007-09-10 03:30:00
2007-09-10,3:30am,GBP,PPI Output m/m,Non-economic,0.1%,0.2%,0.3%,2007-09-10 03:30:00
2007-09-10,6:45am,EUR,ECB President Trichet Speaks,Medium,,,,2007-09-10 06:45:00
2007-09-10,2:00pm,USD,Consumer Credit m/m,Non-economic,7.5B,8.8B,11.9B,2007-09-10 14:00:00
2007-09-10,5:45pm,NZD,Overseas Trade Index q/q,Non-economic,0.6%,3.5%,1.6%,2007-09-10 17:45:00
2007-09-10,6:30pm,USD,FOMC Member Mishkin Speaks,Medium,,,,2007-09-10 18:30:00
2007-09-10,6:50pm,JPY,Core Machinery Orders m/m,Medium,17.0%,5.2%,-10.4%,2007-09-10 18:50:00
2007-09-10,8:30pm,AUD,NAB Business Confidence,Non-economic,10,,12,2007-09-10 20:30:00
2007-09-10,9:00pm,CNY,CPI y/y,Medium,6.5%,5.8%,5.6%,2007-09-10 21:00:00
2007-09-10,11:00pm,CNY,USD-Denominated Trade Balance,High,25.0B,25.6B,24.4B,2007-09-10 23:00:00
2007-09-11,1:00am,EUR,German WPI m/m,Non-economic,0.5%,0.4%,0.4%,2007-09-11 01:00:00
2007-09-11,1:45am,EUR,French Trade Balance,Non-economic,-3.3B,-3.0B,-3.1B,2007-09-11 01:45:00
2007-09-11,All Day,All,OPEC Meetings,Medium,,,,2007-09-11 00:00:00
2007-09-11,3:30am,GBP,Goods Trade Balance,Medium,-7.1B,-6.4B,-6.5B,2007-09-11 03:30:00
2007-09-11,6:30am,USD,NFIB Small Business Index,Non-economic,96.3,,97.6,2007-09-11 06:30:00
2007-09-11,7:15am,CAD,Housing Starts,High,227K,220K,216K,2007-09-11 07:15:00
2007-09-11,7:30am,CAD,Trade Balance,High,3.7B,5.0B,4.3B,2007-09-11 07:30:00
2007-09-11,7:30am,CAD,NHPI m/m,Non-economic,0.9%,0.5%,0.7%,2007-09-11 07:30:00
2007-09-11,7:30am,USD,Trade Balance,High,-59.2B,-59.0B,-59.4B,2007-09-11 07:30:00
2007-09-11,9:00am,USD,JOLTS Job Openings,Non-economic,4.23M,,4.28M,2007-09-11 09:00:00
2007-09-11,9:00am,USD,RCM/TIPP Economic Optimism,Non-economic,48.2,47.0,49.5,2007-09-11 09:00:00
2007-09-11,9:05am,EUR,ECB President Trichet Speaks,High,,,,2007-09-11 09:05:00
2007-09-11,9:30am,GBP,CB Leading Index m/m,Non-economic,-0.2%,,0.2%,2007-09-11 09:30:00
2007-09-11,10:00am,USD,Fed Chairman Bernanke Speaks,High,,,,2007-09-11 10:00:00
2007-09-11,5:47pm,NZD,FPI m/m,Non-economic,-0.1%,,1.2%,2007-09-11 17:47:00
2007-09-11,6:30pm,AUD,RBA Annual Report,Non-economic,,,,2007-09-11 18:30:00
2007-09-11,6:50pm,JPY,Current Account,Non-economic,1.75T,1.90T,2.05T,2007-09-11 18:50:00
2007-09-11,6:50pm,JPY,PPI y/y,Non-economic,1.9%,1.7%,2.1%,2007-09-11 18:50:00
2007-09-11,7:30pm,AUD,Westpac Consumer Sentiment,Non-economic,4.2%,,-8.1%,2007-09-11 19:30:00
2007-09-11,9:00pm,CNY,New Loans,Medium,303B,,231B,2007-09-11 21:00:00
2007-09-11,9:00pm,CNY,M2 Money Supply y/y,Non-economic,18.1%,18.2%,18.5%,2007-09-11 21:00:00
2007-09-11,9:00pm,CNY,Retail Sales y/y,Non-economic,17.1%,16.5%,16.4%,2007-09-11 21:00:00
2007-09-12,12:00am,JPY,Consumer Confidence,Non-economic,44.0,44.0,44.4,2007-09-12 00:00:00
2007-09-12,3:30am,GBP,Average Earnings Index 3m/y,High,3.5%,3.4%,3.4%,2007-09-12 03:30:00
2007-09-12,3:30am,GBP,Claimant Count Change,Medium,-4.2K,-8.0K,-6.7K,2007-09-12 03:30:00
2007-09-12,3:30am,GBP,Unemployment Rate,Non-economic,5.4%,5.4%,5.4%,2007-09-12 03:30:00
2007-09-12,4:00am,EUR,Industrial Production m/m,Medium,0.6%,0.2%,0.0%,2007-09-12 04:00:00
2007-09-12,9:30am,USD,Crude Oil Inventories,Non-economic,-7.0M,-2.7M,-4.0M,2007-09-12 09:30:00
2007-09-12,4:00pm,NZD,Official Cash Rate,High,8.25%,8.25%,8.25%,2007-09-12 16:00:00
2007-09-12,4:00pm,NZD,RBNZ Press Conference,High,,,,2007-09-12 16:00:00
2007-09-12,4:00pm,NZD,RBNZ Rate Statement,High,,,,2007-09-12 16:00:00
2007-09-12,4:00pm,NZD,RBNZ Monetary Policy Statement,Medium,,,,2007-09-12 16:00:00
2007-09-12,5:45pm,NZD,Core Retail Sales m/m,High,0.2%,0.3%,-0.5%,2007-09-12 17:45:00
2007-09-12,5:45pm,NZD,Retail Sales m/m,High,0.0%,0.3%,-0.4%,2007-09-12 17:45:00
2007-09-12,6:01pm,GBP,RICS House Price Balance,Medium,-2%,10%,11%,2007-09-12 18:01:00
2007-09-12,7:30pm,AUD,MI Inflation Expectations,Non-economic,3.1%,,3.8%,2007-09-12 19:30:00
2007-09-12,8:30pm,AUD,Housing Starts q/q,Non-economic,-4.0%,-0.4%,-1.1%,2007-09-12 20:30:00
2007-09-12,9:00pm,CNY,Industrial Production y/y,High,17.5%,17.9%,18.0%,2007-09-12 21:00:00
2007-09-12,9:20pm,CNY,Foreign Direct Investment ytd/y,Non-economic,12.8%,,12.9%,2007-09-12 21:20:00
2007-09-13,1:45am,EUR,French Final CPI m/m,Non-economic,0.4%,0.3%,-0.2%,2007-09-13 01:45:00
2007-09-13,1:45am,EUR,French Final Private Payrolls q/q,Non-economic,0.3%,0.0%,0.0%,2007-09-13 01:45:00
2007-09-13,3:00am,EUR,ECB Monthly Bulletin,Medium,,,,2007-09-13 03:00:00
2007-09-13,3:30am,GBP,Consumer Inflation Expectations,Medium,2.7%,,2.7%,2007-09-13 03:30:00
2007-09-13,5:00am,EUR,Final Employment Change q/q,Non-economic,0.5%,,0.6%,2007-09-13 05:00:00
2007-09-13,7:00am,CHF,Libor Rate,High,2.75%,2.75%,2.50%,2007-09-13 07:00:00
2007-09-13,7:00am,CHF,SNB Monetary Policy Assessment,High,,,,2007-09-13 07:00:00
2007-09-13,7:30am,CAD,Capacity Utilization Rate,Non-economic,83.0%,83.3%,82.8%,2007-09-13 07:30:00
2007-09-13,7:30am,USD,Unemployment Claims,Medium,319K,325K,315K,2007-09-13 07:30:00
2007-09-13,9:30am,USD,Natural Gas Storage,Non-economic,64B,61B,36B,2007-09-13 09:30:00
2007-09-13,12:00pm,USD,10-y Bond Auction,Medium,4.49|3.0,,4.86|2.3,2007-09-13 12:00:00
2007-09-13,1:00pm,USD,Federal Budget Balance,Medium,-117.0B,-85.2B,-36.3B,2007-09-13 13:00:00
2007-09-13,5:45pm,NZD,Manufacturing Sales q/q,Non-economic,1.7%,,0.8%,2007-09-13 17:45:00
2007-09-13,7:00pm,NZD,BusinessNZ Manufacturing Index,Non-economic,55.7,,54.8,2007-09-13 19:00:00
2007-09-13,9:00pm,CNY,Fixed Asset Investment ytd/y,Medium,26.7%,26.5%,26.6%,2007-09-13 21:00:00
2007-09-13,11:30pm,JPY,Revised Industrial Production m/m,Non-economic,-0.4%,-0.4%,-0.4%,2007-09-13 23:30:00
2007-09-14,1:00am,EUR,German Final CPI m/m,Non-economic,-0.1%,-0.1%,-0.1%,2007-09-14 01:00:00
2007-09-14,3:00am,EUR,Italian Industrial Production m/m,Non-economic,-0.4%,0.1%,-0.6%,2007-09-14 03:00:00
2007-09-14,4:00am,EUR,Final Core CPI y/y,Medium,1.9%,1.9%,1.9%,2007-09-14 04:00:00
2007-09-14,4:00am,EUR,Final CPI y/y,Non-economic,1.7%,1.8%,1.8%,2007-09-14 04:00:00
2007-09-14,5:20am,GBP,Rightmove HPI m/m,Non-economic,-2.6%,,0.6%,2007-09-14 05:20:00
2007-09-14,7:30am,CAD,Labor Productivity q/q,Medium,0.2%,0.4%,0.7%,2007-09-14 07:30:00
2007-09-14,7:30am,CAD,Manufacturing Sales m/m,Medium,2.3%,1.0%,-2.0%,2007-09-14 07:30:00
2007-09-14,7:30am,USD,Core Retail Sales m/m,High,-0.4%,0.2%,0.7%,2007-09-14 07:30:00
2007-09-14,7:30am,USD,Retail Sales m/m,High,0.3%,0.6%,0.5%,2007-09-14 07:30:00
2007-09-14,7:30am,USD,Current Account,Medium,-191B,-190B,-197B,2007-09-14 07:30:00
2007-09-14,7:30am,USD,Import Prices m/m,Medium,-0.3%,0.4%,1.3%,2007-09-14 07:30:00
2007-09-14,8:15am,USD,Capacity Utilization Rate,Medium,82.2%,82.0%,82.2%,2007-09-14 08:15:00
2007-09-14,8:15am,USD,Industrial Production m/m,Medium,0.2%,0.3%,0.5%,2007-09-14 08:15:00
2007-09-14,9:00am,USD,Prelim UoM Consumer Sentiment,High,83.8,83.5,83.4,2007-09-14 09:00:00
2007-09-14,9:00am,USD,Business Inventories m/m,Medium,0.5%,0.3%,0.4%,2007-09-14 09:00:00
2007-09-14,9:00am,USD,Prelim UoM Inflation Expectations,Non-economic,3.1%,,3.2%,2007-09-14 09:00:00
2007-09-16,All Day,EUR,Greek Parliamentary Election,Non-economic,,,,2007-09-16 00:00:00
2007-09-16,All Day,JPY,Bank Holiday,Low,,,,2007-09-16 00:00:00
2007-09-17,1:50am,USD,Treasury Sec Paulson Speaks,Non-economic,,,,2007-09-17 01:50:00
2007-09-17,4:00am,EUR,Trade Balance,Non-economic,-0.6B,4.0B,4.4B,2007-09-17 04:00:00
2007-09-17,5:00am,EUR,German Buba Monthly Report,Medium,,,,2007-09-17 05:00:00
2007-09-17,7:30am,CAD,Foreign Securities Purchases,Medium,1.50B,-1.54B,-4.33B,2007-09-17 07:30:00
2007-09-17,7:30am,USD,Empire State Manufacturing Index,Medium,14.7,18.0,25.1,2007-09-17 07:30:00
2007-09-17,10:00am,CHF,SNB Chairman Roth Speaks,Medium,,,,2007-09-17 10:00:00
2007-09-17,11:45am,USD,Treasury Sec Paulson Speaks,Non-economic,,,,2007-09-17 11:45:00
2007-09-17,6:50pm,JPY,Tertiary Industry Activity m/m,Medium,-0.5%,-0.4%,0.1%,2007-09-17 18:50:00
2007-09-17,10:10pm,AUD,RBA Gov Stevens Speaks,Medium,,,,2007-09-17 22:10:00
2007-09-18,2:15am,CHF,Industrial Production q/q,Medium,6.7%,5.2%,-4.7%,2007-09-18 02:15:00
2007-09-18,3:30am,GBP,CPI y/y,High,1.8%,1.9%,1.9%,2007-09-18 03:30:00
2007-09-18,3:30am,GBP,Core CPI y/y,Medium,1.8%,1.8%,1.7%,2007-09-18 03:30:00
2007-09-18,3:30am,GBP,RPI y/y,Medium,4.1%,3.9%,3.8%,2007-09-18 03:30:00
2007-09-18,4:00am,EUR,German ZEW Economic Sentiment,Medium,-18.1,-16.0,-6.9,2007-09-18 04:00:00
2007-09-18,4:00am,EUR,ZEW Economic Sentiment,Non-economic,-20.3,-14.0,-6.1,2007-09-18 04:00:00
2007-09-18,7:30am,CAD,New Motor Vehicle Sales m/m,Non-economic,-2.7%,-2.9%,-1.7%,2007-09-18 07:30:00
2007-09-18,7:30am,USD,PPI m/m,High,-1.4%,-0.2%,0.6%,2007-09-18 07:30:00
2007-09-18,7:30am,USD,Core PPI m/m,Medium,0.2%,0.1%,0.1%,2007-09-18 07:30:00
2007-09-18,8:00am,USD,TIC Long-Term Purchases,High,19.2B,99.0B,97.3B,2007-09-18 08:00:00
2007-09-18,12:00pm,USD,NAHB Housing Market Index,Medium,20,20,22,2007-09-18 12:00:00
2007-09-18,1:15pm,USD,Federal Funds Rate,High,4.75%,5.00%,5.25%,2007-09-18 13:15:00
2007-09-18,1:15pm,USD,FOMC Statement,High,,,,2007-09-18 13:15:00
2007-09-18,7:30pm,AUD,MI Leading Index m/m,Non-economic,0.2%,,0.2%,2007-09-18 19:30:00
2007-09-18,11:21pm,JPY,Overnight Call Rate,Medium,0.50%,0.50%,0.50%,2007-09-18 23:21:00
2007-09-19,1:00am,EUR,German PPI m/m,Non-economic,0.1%,0.1%,-0.1%,2007-09-19 01:00:00
2007-09-19,1:00am,JPY,BOJ Monthly Report,Non-economic,,,,2007-09-19 01:00:00
2007-09-19,2:15am,CHF,Retail Sales y/y,High,3.3%,5.2%,5.1%,2007-09-19 02:15:00
2007-09-19,2:32am,JPY,BOJ Press Conference,High,,,,2007-09-19 02:32:00
2007-09-19,3:15am,AUD,RBA Deputy Gov Battellino Speaks,Medium,,,,2007-09-19 03:15:00
2007-09-19,3:30am,GBP,MPC Official Bank Rate Votes,High,0-0-9,0-0-9,0-0-9,2007-09-19 03:30:00
2007-09-19,6:00am,CAD,Core CPI m/m,High,0.1%,0.1%,0.1%,2007-09-19 06:00:00
2007-09-19,6:00am,CAD,CPI m/m,Medium,-0.3%,0.1%,0.1%,2007-09-19 06:00:00
2007-09-19,7:30am,CAD,Leading Index m/m,Non-economic,0.3%,0.3%,0.4%,2007-09-19 07:30:00
2007-09-19,7:30am,USD,Core CPI m/m,High,0.2%,0.2%,0.2%,2007-09-19 07:30:00
2007-09-19,7:30am,USD,CPI y/y,High,2.0%,2.1%,2.4%,2007-09-19 07:30:00
2007-09-19,7:30am,USD,Building Permits,Medium,1.31M,1.35M,1.39M,2007-09-19 07:30:00
2007-09-19,7:30am,USD,CPI m/m,Medium,-0.1%,0.0%,0.1%,2007-09-19 07:30:00
2007-09-19,7:30am,USD,Housing Starts,Medium,1.33M,1.36M,1.37M,2007-09-19 07:30:00
2007-09-19,9:30am,USD,Crude Oil Inventories,Medium,-3.9M,-2.0M,-7.0M,2007-09-19 09:30:00
2007-09-19,5:45pm,NZD,Current Account,High,-2.91B,-3.28B,-2.21B,2007-09-19 17:45:00
2007-09-19,6:50pm,JPY,BSI Manufacturing Index,Medium,7.7,1.0,-2.2,2007-09-19 18:50:00
2007-09-19,8:30pm,AUD,HIA New Home Sales m/m,Medium,-8.6%,,1.5%,2007-09-19 20:30:00
2007-09-19,8:30pm,AUD,RBA Financial Stability Review,Medium,,,,2007-09-19 20:30:00
2007-09-19,8:30pm,AUD,RBA Bulletin,Non-economic,,,,2007-09-19 20:30:00
2007-09-20,12:30am,EUR,ECB President Trichet Speaks,Medium,,,,2007-09-20 00:30:00
2007-09-20,1:15am,CHF,Trade Balance,Non-economic,0.64B,0.95B,1.51B,2007-09-20 01:15:00
2007-09-20,2:15am,CHF,PPI m/m,Medium,0.3%,0.1%,0.1%,2007-09-20 02:15:00
2007-09-20,3:00am,EUR,Italian Quarterly Unemployment Rate,Non-economic,6.0%,6.2%,6.2%,2007-09-20 03:00:00
2007-09-20,3:30am,GBP,Retail Sales m/m,High,0.6%,0.0%,0.7%,2007-09-20 03:30:00
2007-09-20,3:30am,GBP,M4 Money Supply m/m,Non-economic,1.2%,0.9%,1.1%,2007-09-20 03:30:00
2007-09-20,3:45am,GBP,Monetary Policy Report Hearings,High,,,,2007-09-20 03:45:00
2007-09-20,4:00am,CHF,UBS Economic Expectations,Medium,-26.7,,-5.1,2007-09-20 04:00:00
2007-09-20,5:00am,GBP,CBI Industrial Order Expectations,Medium,6,5,9,2007-09-20 05:00:00
2007-09-20,7:30am,CAD,Wholesale Sales m/m,Medium,2.0%,0.5%,0.1%,2007-09-20 07:30:00
2007-09-20,7:30am,USD,Unemployment Claims,Medium,311K,320K,320K,2007-09-20 07:30:00
2007-09-20,9:00am,USD,Fed Chairman Bernanke Testifies,High,,,,2007-09-20 09:00:00
2007-09-20,9:00am,USD,CB Leading Index m/m,Non-economic,-0.6%,-0.1%,0.7%,2007-09-20 09:00:00
2007-09-20,9:30am,USD,Natural Gas Storage,Non-economic,63B,66B,64B,2007-09-20 09:30:00
2007-09-20,11:00am,USD,Philly Fed Manufacturing Index,Medium,10.9,3.0,0.0,2007-09-20 11:00:00
2007-09-20,5:45pm,NZD,Visitor Arrivals m/m,Non-economic,3.8%,,-1.7%,2007-09-20 17:45:00
2007-09-20,6:50pm,JPY,All Industries Activity m/m,Non-economic,-0.4%,-0.3%,0.2%,2007-09-20 18:50:00
2007-09-20,8:30pm,AUD,New Motor Vehicle Sales m/m,Non-economic,-1.9%,,0.5%,2007-09-20 20:30:00
2007-09-20,10:00pm,NZD,Credit Card Spending y/y,Non-economic,8.4%,,7.8%,2007-09-20 22:00:00
2007-09-21,3:00am,EUR,Flash Manufacturing PMI,Medium,53.2,54.0,54.3,2007-09-21 03:00:00
2007-09-21,3:00am,EUR,Current Account,Non-economic,1.7B,3.7B,7.3B,2007-09-21 03:00:00
2007-09-21,3:00am,EUR,Flash Services PMI,Non-economic,54.0,57.6,58.0,2007-09-21 03:00:00
2007-09-21,4:00am,USD,FOMC Member Mishkin Speaks,Medium,,,,2007-09-21 04:00:00
2007-09-21,7:00am,USD,FOMC Member Kohn Speaks,Medium,,,,2007-09-21 07:00:00
2007-09-21,7:30am,CAD,Core Retail Sales m/m,High,-0.3%,0.4%,-0.2%,2007-09-21 07:30:00
2007-09-21,7:30am,CAD,Retail Sales m/m,Medium,-0.8%,0.0%,-1.1%,2007-09-21 07:30:00
2007-09-21,10:00am,CHF,SNB Chairman Roth Speaks,Non-economic,,,,2007-09-21 10:00:00
2007-09-21,10:00am,EUR,ECB President Trichet Speaks,Medium,,,,2007-09-21 10:00:00
2007-09-21,12:00pm,USD,FOMC Member Warsh Speaks,Medium,,,,2007-09-21 12:00:00
2007-09-23,All Day,JPY,Bank Holiday,Low,,,,2007-09-23 00:00:00
2007-09-24,3:30am,GBP,Public Sector Net Borrowing,Non-economic,9.1B,6.5B,-6.3B,2007-09-24 03:30:00
2007-09-24,4:00am,EUR,Industrial New Orders m/m,Medium,-4.0%,-2.8%,4.5%,2007-09-24 04:00:00
2007-09-24,8:00am,EUR,Belgian NBB Business Climate,Medium,1.5,2.5,3.3,2007-09-24 08:00:00
2007-09-24,11:00am,CHF,Gov Board Member Hildebrand Speaks,Medium,,,,2007-09-24 11:00:00
2007-09-24,11:30am,GBP,MPC Member Sentance Speaks,Medium,,,,2007-09-24 11:30:00
2007-09-24,12:00pm,USD,Fed Chairman Bernanke Speaks,High,,,,2007-09-24 12:00:00
2007-09-24,6:50pm,JPY,Monetary Policy Meeting Minutes,Medium,,,,2007-09-24 18:50:00
2007-09-24,6:50pm,JPY,SPPI y/y,Non-economic,1.0%,1.6%,1.4%,2007-09-24 18:50:00
2007-09-24,All Day,CNY,Bank Holiday,Low,,,,2007-09-24 00:00:00
2007-09-24,8:00pm,AUD,RBA Deputy Gov Battellino Speaks,Medium,,,,2007-09-24 20:00:00
2007-09-25,1:00am,EUR,German Import Prices m/m,Non-economic,-0.7%,0.0%,0.3%,2007-09-25 01:00:00
2007-09-25,Jul Data,EUR,French Consumer Spending m/m,Non-economic,1.0%,0.3%,0.9%,2007-09-25 00:00:00
2007-09-25,1:45am,EUR,French Consumer Spending m/m,Non-economic,0.9%,0.2%,1.6%,2007-09-25 01:45:00
2007-09-25,3:00am,CHF,UBS Consumption Indicator,Medium,1.93,,2.26,2007-09-25 03:00:00
2007-09-25,3:00am,EUR,German ifo Business Climate,High,104.2,105.0,105.8,2007-09-25 03:00:00
2007-09-25,3:00am,EUR,Italian Retail Sales m/m,Non-economic,-0.1%,0.1%,0.2%,2007-09-25 03:00:00
2007-09-25,3:30am,GBP,Revised Business Investment q/q,Non-economic,0.4%,0.8%,0.8%,2007-09-25 03:30:00
2007-09-25,4:00am,EUR,Italian Trade Balance,Non-economic,1.81B,1.42B,0.40B,2007-09-25 04:00:00
2007-09-25,8:00am,NZD,Westpac Consumer Sentiment,Non-economic,113.5,,111.4,2007-09-25 08:00:00
2007-09-25,8:00am,USD,S&P/CS Composite-20 HPI y/y,Non-economic,-3.9%,-4.0%,-3.4%,2007-09-25 08:00:00
2007-09-25,9:00am,USD,CB Consumer Confidence,High,99.8,104.5,105.6,2007-09-25 09:00:00
2007-09-25,9:00am,USD,Existing Home Sales,High,5.50M,5.50M,5.75M,2007-09-25 09:00:00
2007-09-25,9:00am,USD,Richmond Manufacturing Index,Non-economic,14,5,7,2007-09-25 09:00:00
2007-09-25,5:45pm,NZD,Trade Balance,High,-945M,-903M,-813M,2007-09-25 17:45:00
2007-09-25,6:50pm,JPY,Trade Balance,Non-economic,1.14T,0.74T,0.88T,2007-09-25 18:50:00
2007-09-25,7:00pm,AUD,CB Leading Index m/m,Non-economic,0.3%,,0.4%,2007-09-25 19:00:00
2007-09-26,1:00am,EUR,German GfK Consumer Climate,Non-economic,6.8,7.0,7.4,2007-09-26 01:00:00
2007-09-26,3:30am,GBP,Current Account,High,-9.1B,-11.5B,-10.6B,2007-09-26 03:30:00
2007-09-26,3:30am,GBP,BOE Credit Conditions Survey,Medium,,,,2007-09-26 03:30:00
2007-09-26,3:30am,GBP,Final GDP q/q,Non-economic,0.8%,0.8%,0.8%,2007-09-26 03:30:00
2007-09-26,4:30am,CHF,KOF Economic Barometer,Medium,2.14,2.00,2.12,2007-09-26 04:30:00
2007-09-26,7:30am,USD,Core Durable Goods Orders m/m,High,-1.8%,-1.0%,3.4%,2007-09-26 07:30:00
2007-09-26,7:30am,USD,Durable Goods Orders m/m,Medium,-4.9%,-3.8%,6.1%,2007-09-26 07:30:00
2007-09-26,9:30am,USD,Crude Oil Inventories,Medium,1.8M,-2.1M,-3.9M,2007-09-26 09:30:00
2007-09-26,5:45pm,NZD,Building Consents m/m,Medium,5.8%,,-15.5%,2007-09-26 17:45:00
2007-09-26,10:00pm,NZD,ANZ Business Confidence,Medium,-26.5,,-33.8,2007-09-26 22:00:00
2007-09-27,1:00am,GBP,Nationwide HPI m/m,Medium,0.7%,0.3%,0.6%,2007-09-27 01:00:00
2007-09-27,All Day,EUR,German Prelim CPI m/m,Medium,0.2%,0.0%,-0.1%,2007-09-27 00:00:00
2007-09-27,2:55am,EUR,German Unemployment Change,Medium,-59K,-55K,-26K,2007-09-27 02:55:00
2007-09-27,3:00am,EUR,M3 Money Supply y/y,Non-economic,11.6%,11.7%,11.7%,2007-09-27 03:00:00
2007-09-27,3:00am,EUR,Private Loans y/y,Non-economic,11.2%,11.2%,11.0%,2007-09-27 03:00:00
2007-09-27,3:00am,EUR,Retail PMI,Non-economic,50.5,,51.0,2007-09-27 03:00:00
2007-09-27,3:30am,GBP,High Street Lending,Medium,61.1K,,67.0K,2007-09-27 03:30:00
2007-09-27,3:30am,GBP,Index of Services 3m/3m,Non-economic,1.0%,0.8%,0.9%,2007-09-27 03:30:00
2007-09-27,4:00am,CHF,SNB Quarterly Bulletin,Non-economic,,,,2007-09-27 04:00:00
2007-09-27,4:31am,EUR,Italian 10-y Bond Auction,Non-economic,4.66|1.4,,4.55|1.3,2007-09-27 04:31:00
2007-09-27,5:00am,GBP,CBI Realized Sales,Medium,12,11,15,2007-09-27 05:00:00
2007-09-27,7:30am,USD,Final GDP q/q,Medium,3.8%,3.9%,4.0%,2007-09-27 07:30:00
2007-09-27,7:30am,USD,Unemployment Claims,Medium,298K,315K,313K,2007-09-27 07:30:00
2007-09-27,7:30am,USD,Final GDP Price Index q/q,Non-economic,2.6%,2.7%,2.7%,2007-09-27 07:30:00
2007-09-27,9:00am,USD,New Home Sales,High,795K,825K,867K,2007-09-27 09:00:00
2007-09-27,9:30am,USD,Natural Gas Storage,Non-economic,74B,73B,63B,2007-09-27 09:30:00
2007-09-27,9:55am,GBP,MPC Member Blanchflower Speaks,Medium,,,,2007-09-27 09:55:00
2007-09-27,10:30am,AUD,RBA Deputy Gov Lowe Speaks,Medium,,,,2007-09-27 10:30:00
2007-09-27,5:45pm,NZD,GDP q/q,High,0.7%,0.5%,1.2%,2007-09-27 17:45:00
2007-09-27,6:00pm,USD,FOMC Member Mishkin Speaks,Medium,,,,2007-09-27 18:00:00
2007-09-27,6:30pm,JPY,Tokyo Core CPI y/y,Medium,-0.1%,0.0%,0.0%,2007-09-27 18:30:00
2007-09-27,6:30pm,JPY,Final Manufacturing PMI,Non-economic,49.8,,49.6,2007-09-27 18:30:00
2007-09-27,6:30pm,JPY,Household Spending y/y,Non-economic,1.6%,1.1%,-0.1%,2007-09-27 18:30:00
2007-09-27,6:30pm,JPY,National Core CPI y/y,Non-economic,-0.1%,-0.1%,-0.1%,2007-09-27 18:30:00
2007-09-27,6:30pm,JPY,Unemployment Rate,Non-economic,3.6%,3.6%,3.6%,2007-09-27 18:30:00
2007-09-27,6:50pm,JPY,Prelim Industrial Production m/m,Medium,3.4%,3.0%,-0.4%,2007-09-27 18:50:00
2007-09-27,6:50pm,JPY,Retail Sales y/y,Medium,0.5%,-0.5%,-2.3%,2007-09-27 18:50:00
2007-09-27,7:00pm,AUD,MI Inflation Gauge m/m,Non-economic,0.2%,,0.5%,2007-09-27 19:00:00
2007-09-27,8:30pm,AUD,Private Sector Credit m/m,Medium,1.5%,1.0%,1.1%,2007-09-27 20:30:00
2007-09-28,12:00am,JPY,Housing Starts y/y,Non-economic,-43.3%,-16.0%,-23.4%,2007-09-28 00:00:00
2007-09-28,1:00am,EUR,German Retail Sales m/m,Medium,-1.4%,0.4%,0.6%,2007-09-28 01:00:00
2007-09-28,4:00am,EUR,CPI Flash Estimate y/y,Medium,2.1%,2.0%,1.7%,2007-09-28 04:00:00
2007-09-28,4:00am,EUR,Consumer Confidence,Non-economic,-5,-4,-4,2007-09-28 04:00:00
2007-09-28,4:00am,EUR,Italian Prelim CPI m/m,Non-economic,0.0%,0.1%,0.2%,2007-09-28 04:00:00
2007-09-28,4:30am,GBP,GfK Consumer Confidence,Non-economic,-7,-5,-4,2007-09-28 04:30:00
2007-09-28,7:30am,CAD,GDP m/m,High,0.2%,0.4%,0.2%,2007-09-28 07:30:00
2007-09-28,7:30am,CAD,RMPI m/m,Medium,-2.8%,-0.9%,4.0%,2007-09-28 07:30:00
2007-09-28,7:30am,CAD,IPPI m/m,Non-economic,-1.0%,-0.5%,-0.7%,2007-09-28 07:30:00
2007-09-28,7:30am,USD,Core PCE Price Index m/m,High,0.1%,0.1%,0.1%,2007-09-28 07:30:00
2007-09-28,7:30am,USD,Personal Spending m/m,Medium,0.6%,0.4%,0.4%,2007-09-28 07:30:00
2007-09-28,7:30am,USD,Personal Income m/m,Non-economic,0.3%,0.4%,0.5%,2007-09-28 07:30:00
2007-09-28,8:45am,USD,Chicago PMI,Medium,54.2,53.5,53.8,2007-09-28 08:45:00
2007-09-28,9:00am,USD,Revised UoM Consumer Sentiment,Medium,83.4,83.9,83.8,2007-09-28 09:00:00
2007-09-28,9:00am,USD,Construction Spending m/m,Non-economic,0.2%,-0.2%,-0.5%,2007-09-28 09:00:00
2007-09-28,9:00am,USD,Revised UoM Inflation Expectations,Non-economic,3.1%,,3.1%,2007-09-28 09:00:00
2007-09-28,12:15pm,USD,FOMC Member Mishkin Speaks,Medium,,,,2007-09-28 12:15:00
2007-09-29,9:00am,NZD,Daylight Saving Time Shift,Low,,,,2007-09-29 09:00:00
2007-09-29,1:00pm,EUR,ECB President Trichet Speaks,Medium,,,,2007-09-29 13:00:00
2007-09-30,9:30am,EUR,ECB President Trichet Speaks,Medium,,,,2007-09-30 09:30:00
2007-09-30,All Day,AUD,Bank Holiday,Low,,,,2007-09-30 00:00:00
2007-09-30,6:50pm,JPY,Tankan Manufacturing Index,High,23,21,23,2007-09-30 18:50:00
2007-09-30,6:50pm,JPY,Tankan Non-Manufacturing Index,Medium,20,21,22,2007-09-30 18:50:00
2007-09-30,All Day,CNY,Bank Holiday,Low,,,,2007-09-30 00:00:00
2007-09-30,8:00pm,CNY,Manufacturing PMI,High,56.1,,54.0,2007-09-30 20:00:00
2007-09-30,8:30pm,JPY,Average Cash Earnings y/y,Non-economic,0.1%,-0.2%,-1.7%,2007-09-30 20:30:00
2007-10-01,2:15am,EUR,Spanish Manufacturing PMI,Non-economic,50.8,,52.2,2007-10-01 02:15:00
2007-10-01,2:30am,CHF,Manufacturing PMI,Medium,57.6,63.2,65.1,2007-10-01 02:30:00
2007-10-01,2:45am,EUR,Italian Manufacturing PMI,Non-economic,52.4,52.8,53.6,2007-10-01 02:45:00
2007-10-01,3:00am,EUR,Final Manufacturing PMI,Non-economic,53.2,53.2,53.2,2007-10-01 03:00:00
2007-10-01,3:08am,EUR,ECB President Trichet Speaks,Medium,,,,2007-10-01 03:08:00
2007-10-01,3:30am,GBP,Final Manufacturing PMI,Medium,55.1,55.5,56.1,2007-10-01 03:30:00
2007-10-01,3:30am,GBP,Housing Equity Withdrawal q/q,Non-economic,10.0B,12.5B,13.1B,2007-10-01 03:30:00
2007-10-01,3:30am,GBP,Mortgage Approvals,Non-economic,109K,111K,115K,2007-10-01 03:30:00
2007-10-01,3:30am,GBP,Net Lending to Individuals m/m,Non-economic,9.5B,10.0B,10.0B,2007-10-01 03:30:00
2007-10-01,9:00am,USD,ISM Manufacturing PMI,High,52.0,52.8,52.9,2007-10-01 09:00:00
2007-10-01,9:00am,USD,ISM Manufacturing Prices,Non-economic,59.0,62.0,63.0,2007-10-01 09:00:00
2007-10-01,11:00am,CHF,Gov Board Member Hildebrand Speaks,Non-economic,,,,2007-10-01 11:00:00
2007-10-01,6:30pm,AUD,AIG Manufacturing Index,Non-economic,50.7,,52.4,2007-10-01 18:30:00
2007-10-01,6:50pm,JPY,Monetary Base y/y,Non-economic,0.7%,0.2%,0.7%,2007-10-01 18:50:00
2007-10-01,All Day,CNY,Bank Holiday,Low,,,,2007-10-01 00:00:00
2007-10-01,9:30pm,CNY,RatingDog Manufacturing PMI,Medium,55.0,,53.4,2007-10-01 21:30:00
2007-10-01,10:45pm,JPY,10-y Bond Auction,Non-economic,1.68|2.7,,1.65|2.8,2007-10-01 22:45:00
2007-10-02,12:45am,CHF,CPI m/m,High,0.1%,0.2%,-0.1%,2007-10-02 00:45:00
2007-10-02,12:45am,CHF,SECO Economic Forecasts,Medium,,,,2007-10-02 00:45:00
2007-10-02,1:30am,AUD,Commodity Prices y/y,Medium,5.4%,,1.9%,2007-10-02 01:30:00
2007-10-02,2:00am,EUR,Spanish Unemployment Change,Non-economic,-10.9K,,58.0K,2007-10-02 02:00:00
2007-10-02,3:30am,GBP,Construction PMI,Non-economic,60.3,63.2,64.8,2007-10-02 03:30:00
2007-10-02,4:00am,EUR,PPI m/m,Non-economic,0.1%,0.1%,0.3%,2007-10-02 04:00:00
2007-10-02,4:00am,EUR,Unemployment Rate,Non-economic,6.9%,6.9%,6.9%,2007-10-02 04:00:00
2007-10-02,9:00am,USD,Pending Home Sales m/m,High,-6.5%,-2.0%,-10.7%,2007-10-02 09:00:00
2007-10-02,All Day,USD,Total Vehicle Sales,Non-economic,16.2M,15.9M,16.3M,2007-10-02 00:00:00
2007-10-02,6:01pm,GBP,Nationwide Consumer Confidence,Non-economic,99,91,94,2007-10-02 18:01:00
2007-10-02,6:30pm,AUD,Cash Rate,High,6.50%,6.50%,6.50%,2007-10-02 18:30:00
2007-10-02,All Day,CNY,Bank Holiday,Low,,,,2007-10-02 00:00:00
2007-10-02,8:00pm,CNY,Non-Manufacturing PMI,Non-economic,64.6,,63.2,2007-10-02 20:00:00
2007-10-02,8:30pm,AUD,Goods Trade Balance,High,-1.61B,-1.46B,-0.88B,2007-10-02 20:30:00
2007-10-02,8:30pm,AUD,Retail Sales m/m,High,0.7%,0.3%,0.8%,2007-10-02 20:30:00
2007-10-03,All Day,EUR,German Bank Holiday,Low,,,,2007-10-03 00:00:00
2007-10-03,2:45am,EUR,Italian Services PMI,Non-economic,53.9,54.1,56.2,2007-10-03 02:45:00
2007-10-03,3:00am,EUR,Final Services PMI,Non-economic,54.2,54.0,54.0,2007-10-03 03:00:00
2007-10-03,3:30am,GBP,Final Services PMI,Medium,56.7,56.7,57.6,2007-10-03 03:30:00
2007-10-03,4:00am,EUR,Retail Sales m/m,Non-economic,0.1%,0.4%,0.4%,2007-10-03 04:00:00
2007-10-03,4:30am,GBP,BRC Shop Price Index y/y,Non-economic,0.4%,,0.4%,2007-10-03 04:30:00
2007-10-03,6:30am,USD,Challenger Job Cuts y/y,Non-economic,21.7%,,15.4%,2007-10-03 06:30:00
2007-10-03,7:15am,USD,ADP Non-Farm Employment Change,High,58K,53K,27K,2007-10-03 07:15:00
2007-10-03,9:00am,USD,ISM Services PMI,High,54.8,55.0,55.8,2007-10-03 09:00:00
2007-10-03,9:30am,USD,Crude Oil Inventories,Medium,1.1M,-0.5M,1.8M,2007-10-03 09:30:00
2007-10-03,6:30pm,AUD,AIG Services Index,Non-economic,56.4,,51.6,2007-10-03 18:30:00
2007-10-03,All Day,CNY,Bank Holiday,Low,,,,2007-10-03 00:00:00
2007-10-03,8:30pm,AUD,Building Approvals m/m,High,-1.7%,-0.5%,0.2%,2007-10-03 20:30:00
2007-10-03,9:08pm,NZD,ANZ Commodity Prices m/m,Non-economic,0.4%,,1.4%,2007-10-03 21:08:00
2007-10-03,9:25pm,CAD,Gov Council Member Longworth Speaks,Medium,,,,2007-10-03 21:25:00
2007-10-04,2:00am,CHF,Foreign Currency Reserves,Non-economic,49B,,47B,2007-10-04 02:00:00
2007-10-04,2:15am,EUR,Spanish Services PMI,Non-economic,52.4,,53.5,2007-10-04 02:15:00
2007-10-04,3:00am,GBP,Halifax HPI m/m,High,-0.6%,0.4%,0.3%,2007-10-04 03:00:00
2007-10-04,5:01am,EUR,French 10-y Bond Auction,Non-economic,4.44|4.0,,4.35|2.3,2007-10-04 05:01:00
2007-10-04,6:00am,GBP,Official Bank Rate,High,5.75%,5.75%,5.75%,2007-10-04 06:00:00
2007-10-04,6:45am,EUR,Main Refinancing Rate,Medium,4.00%,4.00%,4.00%,2007-10-04 06:45:00
2007-10-04,7:30am,CAD,Building Permits m/m,Medium,1.4%,1.5%,-10.6%,2007-10-04 07:30:00
2007-10-04,7:30am,EUR,ECB Press Conference,High,,,,2007-10-04 07:30:00
2007-10-04,7:30am,USD,Unemployment Claims,Medium,317K,310K,301K,2007-10-04 07:30:00
2007-10-04,9:00am,CAD,Ivey PMI,High,56.0,60.0,58.5,2007-10-04 09:00:00
2007-10-04,9:00am,USD,Factory Orders m/m,Medium,-3.3%,-2.6%,3.4%,2007-10-04 09:00:00
2007-10-04,9:30am,USD,Natural Gas Storage,Non-economic,57B,64B,74B,2007-10-04 09:30:00
2007-10-04,10:30am,USD,FOMC Member Mishkin Speaks,Medium,,,,2007-10-04 10:30:00
2007-10-04,All Day,CNY,Bank Holiday,Low,,,,2007-10-04 00:00:00
2007-10-05,12:00am,JPY,Leading Indicators,Non-economic,30.0%,30.0%,72.7%,2007-10-05 00:00:00
2007-10-05,6:00am,CAD,Employment Change,High,51.1K,16.5K,23.3K,2007-10-05 06:00:00
2007-10-05,6:00am,CAD,Unemployment Rate,High,5.9%,6.1%,6.0%,2007-10-05 06:00:00
2007-10-05,7:30am,USD,Non-Farm Employment Change,High,110K,100K,89K,2007-10-05 07:30:00
2007-10-05,7:30am,USD,Unemployment Rate,High,4.7%,4.7%,4.6%,2007-10-05 07:30:00
2007-10-05,7:30am,USD,Average Hourly Earnings m/m,Medium,0.4%,0.3%,0.3%,2007-10-05 07:30:00
2007-10-05,8:10am,USD,FOMC Member Kohn Speaks,Medium,,,,2007-10-05 08:10:00
2007-10-05,8:55am,USD,President Bush Speaks,Non-economic,,,,2007-10-05 08:55:00
2007-10-05,9:30am,CAD,BOC Business Outlook Survey,High,,,,2007-10-05 09:30:00
2007-10-05,2:00pm,USD,Consumer Credit m/m,Non-economic,12.2B,10.0B,9.6B,2007-10-05 14:00:00
2007-10-05,6:00pm,USD,FOMC Member Warsh Speaks,Medium,,,,2007-10-05 18:00:00
2007-10-07,6:30pm,AUD,AIG Construction Index,Non-economic,55.2,,48.4,2007-10-07 18:30:00
2007-10-07,All Day,JPY,Bank Holiday,Low,,,,2007-10-07 00:00:00
2007-10-07,8:30pm,AUD,ANZ Job Advertisements m/m,Medium,-0.4%,,0.1%,2007-10-07 20:30:00
2007-10-08,12:45am,CHF,Unemployment Rate,Non-economic,2.6%,2.7%,2.7%,2007-10-08 00:45:00
2007-10-08,1:00am,EUR,ECB President Trichet Speaks,Medium,,,,2007-10-08 01:00:00
2007-10-08,All Day,EUR,Eurogroup Meetings,Non-economic,,,,2007-10-08 00:00:00
2007-10-08,3:30am,EUR,Sentix Investor Confidence,Non-economic,15.3,14.0,18.1,2007-10-08 03:30:00
2007-10-08,3:30am,GBP,Manufacturing Production m/m,High,0.4%,0.4%,-0.2%,2007-10-08 03:30:00
2007-10-08,3:30am,GBP,PPI Input m/m,High,3.2%,1.4%,-1.4%,2007-10-08 03:30:00
2007-10-08,3:30am,GBP,Industrial Production m/m,Non-economic,0.1%,0.3%,-0.1%,2007-10-08 03:30:00
2007-10-08,3:30am,GBP,PPI Output m/m,Non-economic,0.1%,0.2%,0.1%,2007-10-08 03:30:00
2007-10-08,5:00am,EUR,German Factory Orders m/m,Medium,1.2%,2.1%,-6.1%,2007-10-08 05:00:00
2007-10-08,All Day,CAD,Bank Holiday,Low,,,,2007-10-08 00:00:00
2007-10-08,All Day,USD,Bank Holiday,Low,,,,2007-10-08 00:00:00
2007-10-08,4:00pm,NZD,NZIER Business Confidence,High,-27,,-37,2007-10-08 16:00:00
2007-10-08,6:01pm,GBP,BRC Retail Sales Monitor y/y,Medium,3.0%,,1.8%,2007-10-08 18:01:00
2007-10-08,6:01pm,GBP,NIESR GDP Estimate,Non-economic,0.7%,,0.7%,2007-10-08 18:01:00
2007-10-08,8:30pm,AUD,NAB Business Confidence,Non-economic,7,,10,2007-10-08 20:30:00
2007-10-09,12:00am,JPY,Economy Watchers Sentiment,Non-economic,42.9,45.3,44.1,2007-10-09 00:00:00
2007-10-09,1:00am,EUR,German Trade Balance,Non-economic,15.3B,16.2B,16.5B,2007-10-09 01:00:00
2007-10-09,1:45am,EUR,French Trade Balance,Non-economic,-2.8B,-3.0B,-3.2B,2007-10-09 01:45:00
2007-10-09,All Day,EUR,ECOFIN Meetings,Non-economic,,,,2007-10-09 00:00:00
2007-10-09,3:30am,EUR,ECB President Trichet Speaks,High,,,,2007-10-09 03:30:00
2007-10-09,3:30am,GBP,Goods Trade Balance,Medium,-6.9B,-6.9B,-7.4B,2007-10-09 03:30:00
2007-10-09,5:00am,EUR,German Industrial Production m/m,Medium,1.7%,0.4%,0.2%,2007-10-09 05:00:00
2007-10-09,6:30am,USD,NFIB Small Business Index,Non-economic,97.3,,96.3,2007-10-09 06:30:00
2007-10-09,7:15am,CAD,Housing Starts,High,278K,220K,233K,2007-10-09 07:15:00
2007-10-09,9:00am,USD,RCM/TIPP Economic Optimism,Non-economic,47.3,48.7,48.2,2007-10-09 09:00:00
2007-10-09,9:30am,GBP,Annual Pre-Budget Report,Medium,,,,2007-10-09 09:30:00
2007-10-09,1:00pm,USD,FOMC Meeting Minutes,High,,,,2007-10-09 13:00:00
2007-10-09,2:10pm,GBP,BOE Gov King Speaks,Medium,,,,2007-10-09 14:10:00
2007-10-09,7:30pm,AUD,Westpac Consumer Sentiment,Non-economic,-0.3%,,4.2%,2007-10-09 19:30:00
2007-10-09,8:30pm,AUD,Home Loans m/m,Medium,1.6%,1.0%,-4.3%,2007-10-09 20:30:00
2007-10-10,1:00am,JPY,Prelim Machine Tool Orders y/y,Non-economic,15.9%,,12.6%,2007-10-10 01:00:00
2007-10-10,1:45am,EUR,French Industrial Production m/m,Medium,0.3%,-0.3%,1.7%,2007-10-10 01:45:00
2007-10-10,1:45am,EUR,French Gov Budget Balance,Non-economic,-63.2B,,-47.4B,2007-10-10 01:45:00
2007-10-10,3:00am,EUR,Italian Industrial Production m/m,Non-economic,1.3%,0.5%,0.3%,2007-10-10 03:00:00
2007-10-10,9:00am,USD,Final Wholesale Inventories m/m,Non-economic,0.1%,0.2%,0.2%,2007-10-10 09:00:00
2007-10-10,9:00am,USD,JOLTS Job Openings,Non-economic,4.15M,,4.19M,2007-10-10 09:00:00
2007-10-10,9:30am,GBP,CB Leading Index m/m,Non-economic,-0.2%,,-0.2%,2007-10-10 09:30:00
2007-10-10,6:00pm,NZD,BusinessNZ Manufacturing Index,Non-economic,54.6,,55.7,2007-10-10 18:00:00
2007-10-10,6:01pm,GBP,RICS House Price Balance,Medium,-15%,-3%,-3%,2007-10-10 18:01:00
2007-10-10,6:50pm,JPY,Core Machinery Orders m/m,Medium,-7.7%,-5.5%,17.0%,2007-10-10 18:50:00
2007-10-10,6:50pm,JPY,Bank Lending y/y,Non-economic,0.6%,,0.5%,2007-10-10 18:50:00
2007-10-10,6:50pm,JPY,Current Account,Non-economic,2.19T,2.24T,1.75T,2007-10-10 18:50:00
2007-10-10,6:50pm,JPY,M2 Money Stock y/y,Non-economic,1.7%,1.8%,1.8%,2007-10-10 18:50:00
2007-10-10,8:00pm,AUD,MI Inflation Expectations,Non-economic,4.6%,,3.1%,2007-10-10 20:00:00
2007-10-10,8:30pm,AUD,Employment Change,High,13.0K,20.0K,34.3K,2007-10-10 20:30:00
2007-10-10,8:30pm,AUD,Unemployment Rate,Medium,4.2%,4.3%,4.3%,2007-10-10 20:30:00
2007-10-10,11:30pm,JPY,Overnight Call Rate,Medium,0.50%,0.50%,0.50%,2007-10-10 23:30:00
2007-10-11,1:00am,EUR,German WPI m/m,Non-economic,0.9%,0.2%,0.5%,2007-10-11 01:00:00
2007-10-11,1:00am,JPY,BOJ Monthly Report,Non-economic,,,,2007-10-11 01:00:00
2007-10-11,2:26am,JPY,BOJ Press Conference,High,,,,2007-10-11 02:26:00
2007-10-11,3:00am,EUR,ECB Monthly Bulletin,Medium,,,,2007-10-11 03:00:00
2007-10-11,4:15am,EUR,ECB President Trichet Speaks,Medium,,,,2007-10-11 04:15:00
2007-10-11,5:00am,EUR,Final GDP q/q,Non-economic,0.3%,0.3%,0.3%,2007-10-11 05:00:00
2007-10-11,7:30am,CAD,Trade Balance,High,4.1B,3.9B,3.4B,2007-10-11 07:30:00
2007-10-11,7:30am,CAD,NHPI m/m,Non-economic,0.4%,0.5%,0.9%,2007-10-11 07:30:00
2007-10-11,7:30am,USD,Trade Balance,High,-57.6B,-58.8B,-59.2B,2007-10-11 07:30:00
2007-10-11,7:30am,USD,Import Prices m/m,Medium,1.0%,1.0%,-0.3%,2007-10-11 07:30:00
2007-10-11,7:30am,USD,Unemployment Claims,Medium,308K,315K,320K,2007-10-11 07:30:00
2007-10-11,9:30am,USD,Crude Oil Inventories,Medium,-1.7M,1.1M,1.1M,2007-10-11 09:30:00
2007-10-11,9:30am,USD,Natural Gas Storage,Non-economic,73B,70B,57B,2007-10-11 09:30:00
2007-10-11,9:45am,USD,FOMC Member Kroszner Speaks,Medium,,,,2007-10-11 09:45:00
2007-10-11,11:00am,USD,Federal Budget Balance,Medium,111.6B,100.0B,-117.0B,2007-10-11 11:00:00
2007-10-11,4:45pm,NZD,Core Retail Sales m/m,High,0.8%,0.5%,-0.1%,2007-10-11 16:45:00
2007-10-11,4:45pm,NZD,Retail Sales m/m,High,0.2%,0.4%,0.1%,2007-10-11 16:45:00
2007-10-11,6:50pm,JPY,PPI y/y,Non-economic,1.7%,1.9%,2.0%,2007-10-11 18:50:00
2007-10-11,9:00pm,CNY,New Loans,Medium,284B,,303B,2007-10-11 21:00:00
2007-10-11,9:00pm,CNY,M2 Money Supply y/y,Non-economic,18.5%,18.3%,18.1%,2007-10-11 21:00:00
2007-10-11,10:30pm,CNY,USD-Denominated Trade Balance,High,23.9B,21.6B,25.0B,2007-10-11 22:30:00
2007-10-12,12:00am,JPY,Consumer Confidence,Non-economic,44.1,44.5,44.0,2007-10-12 00:00:00
2007-10-12,1:40am,EUR,French Final CPI m/m,Non-economic,0.1%,0.2%,0.4%,2007-10-12 01:40:00
2007-10-12,3:45am,CNY,Foreign Direct Investment ytd/y,Non-economic,10.9%,,12.8%,2007-10-12 03:45:00
2007-10-12,4:00am,EUR,Industrial Production m/m,Medium,1.2%,0.3%,0.7%,2007-10-12 04:00:00
2007-10-12,7:30am,USD,Core Retail Sales m/m,High,0.4%,0.3%,-0.4%,2007-10-12 07:30:00
2007-10-12,7:30am,USD,PPI m/m,High,1.1%,0.5%,-1.4%,2007-10-12 07:30:00
2007-10-12,7:30am,USD,Retail Sales m/m,High,0.6%,0.3%,0.3%,2007-10-12 07:30:00
2007-10-12,7:30am,USD,Core PPI m/m,Medium,0.1%,0.2%,0.2%,2007-10-12 07:30:00
2007-10-12,8:10am,USD,Fed Chairman Bernanke Speaks,Medium,,,,2007-10-12 08:10:00
2007-10-12,8:30am,USD,FOMC Member Kohn Speaks,Non-economic,,,,2007-10-12 08:30:00
2007-10-12,9:00am,USD,Prelim UoM Consumer Sentiment,High,82.0,84.0,83.4,2007-10-12 09:00:00
2007-10-12,9:00am,USD,Business Inventories m/m,Medium,0.1%,0.3%,0.5%,2007-10-12 09:00:00
2007-10-12,9:00am,USD,Prelim UoM Inflation Expectations,Non-economic,3.0%,,3.1%,2007-10-12 09:00:00
2007-10-14,4:45pm,NZD,CPI q/q,High,0.5%,0.8%,1.0%,2007-10-14 16:45:00
2007-10-14,4:45pm,NZD,FPI m/m,Non-economic,0.4%,,-0.1%,2007-10-14 16:45:00
2007-10-14,6:01pm,GBP,Rightmove HPI m/m,Non-economic,2.7%,,-2.6%,2007-10-14 18:01:00
2007-10-14,11:30pm,JPY,Revised Industrial Production m/m,Non-economic,3.5%,3.4%,3.4%,2007-10-14 23:30:00
2007-10-15,3:50am,GBP,ONS HPI y/y,Medium,11.4%,11.4%,12.4%,2007-10-15 03:50:00
2007-10-15,7:30am,CAD,Leading Index m/m,Non-economic,0.4%,0.3%,0.3%,2007-10-15 07:30:00
2007-10-15,7:30am,CAD,New Motor Vehicle Sales m/m,Non-economic,2.8%,2.9%,-2.4%,2007-10-15 07:30:00
2007-10-15,7:30am,USD,Empire State Manufacturing Index,Medium,28.8,13.0,14.7,2007-10-15 07:30:00
2007-10-15,12:30pm,GBP,BOE Gov King Speaks,Non-economic,,,,2007-10-15 12:30:00
2007-10-15,6:00pm,USD,Fed Chairman Bernanke Speaks,High,,,,2007-10-15 18:00:00
2007-10-15,10:45pm,JPY,30-y Bond Auction,Non-economic,2.49|3.8,,2.58|3.2,2007-10-15 22:45:00
2007-10-16,1:00am,EUR,German Final CPI m/m,Non-economic,0.1%,0.2%,0.2%,2007-10-16 01:00:00
2007-10-16,2:15am,CHF,Retail Sales y/y,High,3.8%,2.9%,3.3%,2007-10-16 02:15:00
2007-10-16,3:30am,GBP,CPI y/y,High,1.8%,1.9%,1.8%,2007-10-16 03:30:00
2007-10-16,3:30am,GBP,Core CPI y/y,Medium,1.5%,1.8%,1.8%,2007-10-16 03:30:00
2007-10-16,3:30am,GBP,RPI y/y,Non-economic,3.9%,4.0%,4.1%,2007-10-16 03:30:00
2007-10-16,4:00am,EUR,Final CPI y/y,Medium,2.1%,2.1%,2.1%,2007-10-16 04:00:00
2007-10-16,4:00am,EUR,German ZEW Economic Sentiment,Medium,-18.1,-22.0,-18.1,2007-10-16 04:00:00
2007-10-16,4:00am,EUR,Final Core CPI y/y,Non-economic,1.8%,1.9%,1.9%,2007-10-16 04:00:00
2007-10-16,4:00am,EUR,ZEW Economic Sentiment,Non-economic,-19.0,-24.5,-20.3,2007-10-16 04:00:00
2007-10-16,7:30am,CAD,Manufacturing Sales m/m,Medium,-1.7%,-0.9%,1.3%,2007-10-16 07:30:00
2007-10-16,8:00am,CAD,BOC Rate Statement,High,,,,2007-10-16 08:00:00
2007-10-16,8:00am,CAD,Overnight Rate,High,4.50%,4.50%,4.50%,2007-10-16 08:00:00
2007-10-16,8:00am,USD,TIC Long-Term Purchases,High,-69.3B,60.0B,19.5B,2007-10-16 08:00:00
2007-10-16,8:15am,USD,Capacity Utilization Rate,Medium,82.1%,82.2%,82.1%,2007-10-16 08:15:00
2007-10-16,8:15am,USD,Industrial Production m/m,Medium,0.1%,0.1%,0.0%,2007-10-16 08:15:00
2007-10-16,10:00am,USD,Treasury Sec Paulson Speaks,Medium,,,,2007-10-16 10:00:00
2007-10-16,12:00pm,USD,NAHB Housing Market Index,Medium,18,19,20,2007-10-16 12:00:00
2007-10-16,6:50pm,JPY,Tertiary Industry Activity m/m,Medium,1.3%,1.0%,-0.4%,2007-10-16 18:50:00
2007-10-16,7:30pm,AUD,MI Leading Index m/m,Non-economic,0.6%,,0.4%,2007-10-16 19:30:00
2007-10-16,9:30pm,AUD,Mid-Year Economic and Fiscal Outlook,Medium,,,,2007-10-16 21:30:00
2007-10-17,3:30am,GBP,Average Earnings Index 3m/y,High,3.7%,3.6%,3.5%,2007-10-17 03:30:00
2007-10-17,3:30am,GBP,MPC Official Bank Rate Votes,High,0-1-8,0-0-9,0-0-9,2007-10-17 03:30:00
2007-10-17,3:30am,GBP,Claimant Count Change,Medium,-12.8K,-4.0K,-8.5K,2007-10-17 03:30:00
2007-10-17,3:30am,GBP,Unemployment Rate,Non-economic,5.4%,5.4%,5.4%,2007-10-17 03:30:00
2007-10-17,7:30am,CAD,Wholesale Sales m/m,Medium,-2.0%,-0.5%,1.8%,2007-10-17 07:30:00
2007-10-17,7:30am,USD,Core CPI m/m,High,0.2%,0.2%,0.2%,2007-10-17 07:30:00
2007-10-17,7:30am,USD,CPI y/y,High,2.8%,2.7%,2.0%,2007-10-17 07:30:00
2007-10-17,7:30am,USD,Building Permits,Medium,1.23M,1.29M,1.32M,2007-10-17 07:30:00
2007-10-17,7:30am,USD,CPI m/m,Medium,0.3%,0.2%,-0.1%,2007-10-17 07:30:00
2007-10-17,7:30am,USD,Housing Starts,Medium,1.19M,1.28M,1.33M,2007-10-17 07:30:00
2007-10-17,9:30am,USD,Crude Oil Inventories,Medium,1.8M,0.8M,-1.7M,2007-10-17 09:30:00
2007-10-17,1:00pm,USD,Beige Book,Medium,,,,2007-10-17 13:00:00
2007-10-17,8:30pm,AUD,RBA Bulletin,Non-economic,,,,2007-10-17 20:30:00
2007-10-18,1:15am,CHF,Trade Balance,Non-economic,1.80B,1.80B,0.59B,2007-10-18 01:15:00
2007-10-18,3:30am,GBP,Retail Sales m/m,High,0.6%,0.1%,0.7%,2007-10-18 03:30:00
2007-10-18,3:30am,GBP,M4 Money Supply m/m,Non-economic,1.0%,1.0%,1.3%,2007-10-18 03:30:00
2007-10-18,3:30am,GBP,Public Sector Net Borrowing,Non-economic,6.9B,6.0B,8.8B,2007-10-18 03:30:00
2007-10-18,4:00am,CHF,UBS Economic Expectations,Medium,-16.0,,-26.7,2007-10-18 04:00:00
2007-10-18,4:00am,EUR,Trade Balance,Non-economic,4.3B,0.2B,0.8B,2007-10-18 04:00:00
2007-10-18,7:30am,CAD,Foreign Securities Purchases,Medium,-3.83B,2.32B,-0.75B,2007-10-18 07:30:00
2007-10-18,7:30am,USD,Unemployment Claims,Medium,337K,315K,309K,2007-10-18 07:30:00
2007-10-18,9:00am,USD,CB Leading Index m/m,Non-economic,0.3%,0.3%,-0.8%,2007-10-18 09:00:00
2007-10-18,9:30am,CAD,BOC Monetary Policy Report,High,,,,2007-10-18 09:30:00
2007-10-18,9:30am,USD,Natural Gas Storage,Non-economic,39B,50B,73B,2007-10-18 09:30:00
2007-10-18,10:15am,CAD,BOC Press Conference,High,,,,2007-10-18 10:15:00
2007-10-18,11:00am,USD,Philly Fed Manufacturing Index,Medium,6.8,7.2,10.9,2007-10-18 11:00:00
2007-10-18,4:00pm,EUR,ECB President Trichet Speaks,Medium,,,,2007-10-18 16:00:00
2007-10-18,4:00pm,USD,Fed Chairman Bernanke Speaks,Medium,,,,2007-10-18 16:00:00
2007-10-18,4:45pm,NZD,Visitor Arrivals m/m,Non-economic,-3.2%,,3.8%,2007-10-18 16:45:00
2007-10-18,6:50pm,JPY,All Industries Activity m/m,Non-economic,1.0%,1.1%,-0.2%,2007-10-18 18:50:00
2007-10-18,8:30pm,AUD,Import Prices q/q,Non-economic,-0.8%,-1.0%,0.1%,2007-10-18 20:30:00
2007-10-18,8:30pm,AUD,New Motor Vehicle Sales m/m,Non-economic,1.8%,,-1.8%,2007-10-18 20:30:00
2007-10-18,9:00pm,NZD,Credit Card Spending y/y,Non-economic,9.5%,,8.5%,2007-10-18 21:00:00
2007-10-19,1:00am,EUR,German PPI m/m,Non-economic,0.2%,0.3%,0.1%,2007-10-19 01:00:00
2007-10-19,3:30am,GBP,Prelim GDP q/q,High,0.8%,0.7%,0.8%,2007-10-19 03:30:00
2007-10-19,3:30am,GBP,Index of Services 3m/3m,Non-economic,1.0%,0.9%,1.0%,2007-10-19 03:30:00
2007-10-19,4:00am,EUR,Italian Trade Balance,Non-economic,-0.65B,0.04B,1.81B,2007-10-19 04:00:00
2007-10-19,6:00am,CAD,Core CPI m/m,High,0.4%,0.2%,0.1%,2007-10-19 06:00:00
2007-10-19,6:00am,CAD,CPI m/m,Medium,0.2%,0.2%,-0.3%,2007-10-19 06:00:00
2007-10-19,9:00am,USD,Fed Chairman Bernanke Speaks,High,,,,2007-10-19 09:00:00
2007-10-19,Day 1,All,G7 Meetings,Medium,,,,2007-10-19 00:00:00
2007-10-20,7:30am,CAD,Gov Council Member Jenkins Speaks,Non-economic,,,,2007-10-20 07:30:00
2007-10-20,Day 2,All,G7 Meetings,High,,,,2007-10-20 00:00:00
2007-10-20,Day 1,All,IMF Meetings,Non-economic,,,,2007-10-20 00:00:00
2007-10-20,12:00pm,USD,FOMC Member Mishkin Speaks,Medium,,,,2007-10-20 12:00:00
2007-10-20,8:00pm,EUR,ECB President Trichet Speaks,Medium,,,,2007-10-20 20:00:00
2007-10-21,Day 2,All,IMF Meetings,Non-economic,,,,2007-10-21 00:00:00
2007-10-21,All Day,NZD,Bank Holiday,Low,,,,2007-10-21 00:00:00
2007-10-21,8:30pm,AUD,PPI q/q,High,1.1%,0.9%,1.0%,2007-10-21 20:30:00
2007-10-22,5:00am,EUR,German Buba Monthly Report,Medium,,,,2007-10-22 05:00:00
2007-10-22,7:15am,USD,FOMC Member Kroszner Speaks,Non-economic,,,,2007-10-22 07:15:00
2007-10-22,Day 3,All,IMF Meetings,Medium,,,,2007-10-22 00:00:00
2007-10-22,6:00pm,USD,FOMC Member Evans Speaks,Medium,,,,2007-10-22 18:00:00
2007-10-22,7:45pm,EUR,ECB President Trichet Speaks,Medium,,,,2007-10-22 19:45:00
2007-10-23,1:45am,EUR,French Consumer Spending m/m,Non-economic,0.1%,-0.4%,0.7%,2007-10-23 01:45:00
2007-10-23,3:00am,EUR,Italian Retail Sales m/m,Non-economic,0.2%,0.1%,0.0%,2007-10-23 03:00:00
2007-10-23,4:00am,EUR,Industrial New Orders m/m,Medium,0.3%,0.8%,-2.6%,2007-10-23 04:00:00
2007-10-23,5:00am,GBP,CBI Industrial Order Expectations,Medium,-6,4,6,2007-10-23 05:00:00
2007-10-23,6:45am,GBP,MPC Member Barker Speaks,Medium,,,,2007-10-23 06:45:00
2007-10-23,7:30am,CAD,Core Retail Sales m/m,High,0.3%,0.3%,-0.4%,2007-10-23 07:30:00
2007-10-23,7:30am,CAD,Retail Sales m/m,Medium,0.7%,0.5%,-0.9%,2007-10-23 07:30:00
2007-10-23,7:30am,USD,Treasury Sec Paulson Speaks,Medium,,,,2007-10-23 07:30:00
2007-10-23,9:00am,USD,Richmond Manufacturing Index,Non-economic,-5,7,14,2007-10-23 09:00:00
2007-10-23,6:50pm,JPY,Trade Balance,Non-economic,1.03T,0.93T,1.13T,2007-10-23 18:50:00
2007-10-23,8:30pm,AUD,CPI m/m,High,0.7%,0.9%,1.2%,2007-10-23 20:30:00
2007-10-23,8:30pm,AUD,Trimmed Mean CPI m/m,Medium,0.9%,0.8%,0.9%,2007-10-23 20:30:00
2007-10-24,3:00am,EUR,Flash Manufacturing PMI,Medium,51.5,53.0,53.2,2007-10-24 03:00:00
2007-10-24,3:00am,EUR,Current Account,Non-economic,3.8B,2.0B,3.8B,2007-10-24 03:00:00
2007-10-24,3:00am,EUR,Flash Services PMI,Non-economic,55.6,54.5,54.2,2007-10-24 03:00:00
2007-10-24,9:00am,EUR,Belgian NBB Business Climate,Medium,-0.1,1.3,1.5,2007-10-24 09:00:00
2007-10-24,9:00am,USD,Existing Home Sales,High,5.04M,5.25M,5.48M,2007-10-24 09:00:00
2007-10-24,9:00am,USD,FOMC Member Kroszner Speaks,High,,,,2007-10-24 09:00:00
2007-10-24,9:30am,USD,Crude Oil Inventories,Medium,-5.3M,1.0M,1.8M,2007-10-24 09:30:00
2007-10-24,11:00am,EUR,ECB President Trichet Speaks,Medium,,,,2007-10-24 11:00:00
2007-10-24,3:00pm,NZD,Official Cash Rate,High,8.25%,8.25%,8.25%,2007-10-24 15:00:00
2007-10-24,3:00pm,NZD,RBNZ Rate Statement,High,,,,2007-10-24 15:00:00
2007-10-24,6:01pm,GBP,BOE Financial Stability Report,Non-economic,,,,2007-10-24 18:01:00
2007-10-24,6:50pm,JPY,SPPI y/y,Non-economic,1.4%,1.0%,1.0%,2007-10-24 18:50:00
2007-10-24,9:00pm,CNY,GDP q/y,High,11.5%,11.5%,11.9%,2007-10-24 21:00:00
2007-10-24,9:00pm,CNY,Industrial Production y/y,High,18.9%,17.4%,17.5%,2007-10-24 21:00:00
2007-10-24,9:00pm,CNY,CPI y/y,Medium,6.2%,6.4%,6.5%,2007-10-24 21:00:00
2007-10-24,9:00pm,CNY,Fixed Asset Investment ytd/y,Medium,26.4%,26.6%,26.7%,2007-10-24 21:00:00
2007-10-24,9:00pm,CNY,NBS Press Conference,Medium,,,,2007-10-24 21:00:00
2007-10-24,9:00pm,CNY,PPI y/y,Medium,2.7%,2.7%,2.6%,2007-10-24 21:00:00
2007-10-24,9:00pm,CNY,Retail Sales y/y,Non-economic,17.0%,17.2%,17.1%,2007-10-24 21:00:00
2007-10-25,1:00am,EUR,German Import Prices m/m,Non-economic,0.6%,0.4%,-0.7%,2007-10-25 01:00:00
2007-10-25,3:00am,EUR,German ifo Business Climate,High,103.9,103.7,104.2,2007-10-25 03:00:00
2007-10-25,3:30am,GBP,High Street Lending,Medium,52.7K,,61.1K,2007-10-25 03:30:00
2007-10-25,7:30am,USD,Core Durable Goods Orders m/m,High,0.3%,0.7%,0.1%,2007-10-25 07:30:00
2007-10-25,7:30am,USD,Durable Goods Orders m/m,Medium,-1.7%,1.6%,-5.3%,2007-10-25 07:30:00
2007-10-25,7:30am,USD,Unemployment Claims,Medium,331K,320K,339K,2007-10-25 07:30:00
2007-10-25,9:00am,USD,New Home Sales,High,770K,770K,735K,2007-10-25 09:00:00
2007-10-25,9:30am,USD,Natural Gas Storage,Non-economic,68B,54B,39B,2007-10-25 09:30:00
2007-10-25,11:00am,CHF,Gov Board Member Hildebrand Speaks,Medium,,,,2007-10-25 11:00:00
2007-10-25,6:30pm,JPY,Tokyo Core CPI y/y,Medium,0.0%,0.0%,-0.1%,2007-10-25 18:30:00
2007-10-25,6:30pm,JPY,National Core CPI y/y,Non-economic,-0.1%,-0.1%,-0.1%,2007-10-25 18:30:00
2007-10-25,6:50pm,JPY,Prelim Industrial Production m/m,Medium,-1.4%,-1.3%,3.5%,2007-10-25 18:50:00
2007-10-25,7:00pm,AUD,CB Leading Index m/m,Non-economic,0.7%,,0.4%,2007-10-25 19:00:00
2007-10-26,1:00am,EUR,German GfK Consumer Climate,Non-economic,4.9,6.6,6.7,2007-10-26 01:00:00
2007-10-26,2:15am,CHF,PPI m/m,Medium,-0.3%,0.3%,0.3%,2007-10-26 02:15:00
2007-10-26,3:00am,EUR,M3 Money Supply y/y,Non-economic,11.3%,11.5%,11.6%,2007-10-26 03:00:00
2007-10-26,3:00am,EUR,Private Loans y/y,Non-economic,11.0%,11.1%,11.2%,2007-10-26 03:00:00
2007-10-26,3:00am,EUR,Spanish Unemployment Rate,Non-economic,8.0%,8.0%,8.0%,2007-10-26 03:00:00
2007-10-26,9:00am,USD,Revised UoM Consumer Sentiment,Medium,80.9,82.0,82.0,2007-10-26 09:00:00
2007-10-26,9:00am,USD,Revised UoM Inflation Expectations,Non-economic,3.1%,,3.0%,2007-10-26 09:00:00
2007-10-26,3:15pm,USD,FOMC Member Mishkin Speaks,Medium,,,,2007-10-26 15:15:00
2007-10-27,11:00am,AUD,Daylight Saving Time Shift,Low,,,,2007-10-27 11:00:00
2007-10-27,9:00pm,CHF,Daylight Saving Time Shift,Low,,,,2007-10-27 21:00:00
2007-10-27,9:00pm,EUR,Daylight Saving Time Shift,Low,,,,2007-10-27 21:00:00
2007-10-27,9:00pm,GBP,Daylight Saving Time Shift,Low,,,,2007-10-27 21:00:00
2007-10-28,4:45pm,NZD,Trade Balance,High,-544M,-712M,-946M,2007-10-28 16:45:00
2007-10-28,6:50pm,JPY,Retail Sales y/y,Medium,0.5%,-0.6%,0.5%,2007-10-28 18:50:00
2007-10-28,7:30pm,AUD,NAB Quarterly Business Confidence,Medium,9,,12,2007-10-28 19:30:00
2007-10-29,4:30am,GBP,Mortgage Approvals,Non-economic,102K,103K,108K,2007-10-29 04:30:00
2007-10-29,4:30am,GBP,Net Lending to Individuals m/m,Non-economic,11.2B,9.3B,9.6B,2007-10-29 04:30:00
2007-10-29,4:45pm,NZD,Building Consents m/m,Medium,-8.3%,,5.2%,2007-10-29 16:45:00
2007-10-29,6:30pm,JPY,Household Spending y/y,Non-economic,3.2%,1.2%,1.6%,2007-10-29 18:30:00
2007-10-29,6:30pm,JPY,Unemployment Rate,Non-economic,4.0%,3.8%,3.8%,2007-10-29 18:30:00
2007-10-30,3:00am,EUR,Retail PMI,Non-economic,47.9,,50.5,2007-10-30 03:00:00
2007-10-30,All Day,EUR,German Prelim CPI m/m,Medium,0.2%,0.1%,0.1%,2007-10-30 00:00:00
2007-10-30,3:55am,EUR,German Unemployment Change,Medium,-39K,-42K,-59K,2007-10-30 03:55:00
2007-10-30,4:00am,CHF,UBS Consumption Indicator,Medium,1.99,,1.95,2007-10-30 04:00:00
2007-10-30,6:17am,EUR,Italian 10-y Bond Auction,Non-economic,4.47|1.5,,4.66|1.4,2007-10-30 06:17:00
2007-10-30,7:30am,CAD,RMPI m/m,Medium,-0.9%,0.7%,-2.9%,2007-10-30 07:30:00
2007-10-30,7:30am,CAD,IPPI m/m,Non-economic,-0.9%,-0.3%,-0.9%,2007-10-30 07:30:00
2007-10-30,8:00am,USD,S&P/CS Composite-20 HPI y/y,Non-economic,-4.4%,-4.2%,-3.8%,2007-10-30 08:00:00
2007-10-30,9:00am,USD,CB Consumer Confidence,High,95.6,99.0,99.5,2007-10-30 09:00:00
2007-10-30,1:00pm,GBP,MPC Member Blanchflower Speaks,Medium,,,,2007-10-30 13:00:00
2007-10-30,6:15pm,JPY,Final Manufacturing PMI,Non-economic,49.5,,49.8,2007-10-30 18:15:00
2007-10-30,7:10pm,AUD,HIA New Home Sales m/m,Medium,9.9%,,-8.6%,2007-10-30 19:10:00
2007-10-30,7:30pm,AUD,Building Approvals m/m,High,6.8%,0.9%,-1.8%,2007-10-30 19:30:00
2007-10-30,7:30pm,AUD,Private Sector Credit m/m,Medium,1.2%,1.0%,1.4%,2007-10-30 19:30:00
2007-10-30,8:30pm,JPY,Average Cash Earnings y/y,Non-economic,-0.5%,0.2%,0.6%,2007-10-30 20:30:00
2007-10-30,9:00pm,NZD,ANZ Business Confidence,Medium,-12.9,,-26.5,2007-10-30 21:00:00
2007-10-30,10:43pm,JPY,Overnight Call Rate,Medium,0.50%,0.50%,0.50%,2007-10-30 22:43:00
2007-10-31,12:00am,JPY,Housing Starts y/y,Non-economic,-44.0%,-32.0%,-43.3%,2007-10-31 00:00:00
2007-10-31,1:00am,JPY,BOJ Outlook Report,Medium,,,,2007-10-31 01:00:00
2007-10-31,2:00am,EUR,German Retail Sales m/m,Medium,2.3%,0.8%,-1.6%,2007-10-31 02:00:00
2007-10-31,2:00am,GBP,Nationwide HPI m/m,Medium,1.1%,0.2%,0.7%,2007-10-31 02:00:00
2007-10-31,2:27am,JPY,BOJ Press Conference,High,,,,2007-10-31 02:27:00
2007-10-31,5:00am,EUR,CPI Flash Estimate y/y,Medium,2.6%,2.3%,2.1%,2007-10-31 05:00:00
2007-10-31,5:00am,EUR,Consumer Confidence,Non-economic,-6,-5,-6,2007-10-31 05:00:00
2007-10-31,5:00am,EUR,Italian Prelim CPI m/m,Non-economic,0.4%,0.1%,0.0%,2007-10-31 05:00:00
2007-10-31,5:00am,EUR,Unemployment Rate,Non-economic,7.3%,6.9%,7.4%,2007-10-31 05:00:00
2007-10-31,5:30am,CHF,KOF Economic Barometer,Medium,2.02,2.10,2.04,2007-10-31 05:30:00
2007-10-31,5:30am,CHF,SNB Chairman Roth Speaks,Medium,,,,2007-10-31 05:30:00
2007-10-31,5:30am,GBP,GfK Consumer Confidence,Non-economic,-8,-7,-7,2007-10-31 05:30:00
2007-10-31,7:15am,USD,ADP Non-Farm Employment Change,Medium,106K,60K,61K,2007-10-31 07:15:00
2007-10-31,7:30am,CAD,GDP m/m,High,0.2%,0.1%,0.2%,2007-10-31 07:30:00
2007-10-31,7:30am,USD,Advance GDP q/q,High,3.9%,3.1%,3.8%,2007-10-31 07:30:00
2007-10-31,7:30am,USD,Advance GDP Price Index q/q,Medium,0.8%,2.0%,2.6%,2007-10-31 07:30:00
2007-10-31,7:30am,USD,Employment Cost Index q/q,Medium,0.8%,0.9%,0.9%,2007-10-31 07:30:00
2007-10-31,8:45am,USD,Chicago PMI,Medium,49.7,53.0,54.2,2007-10-31 08:45:00
2007-10-31,9:00am,USD,Construction Spending m/m,Non-economic,0.3%,-0.4%,-0.2%,2007-10-31 09:00:00
2007-10-31,9:30am,USD,Crude Oil Inventories,Medium,-3.9M,0.4M,-5.3M,2007-10-31 09:30:00
2007-10-31,1:15pm,USD,Federal Funds Rate,High,4.50%,4.50%,4.75%,2007-10-31 13:15:00
2007-10-31,1:15pm,USD,FOMC Statement,High,,,,2007-10-31 13:15:00
2007-10-31,2:00pm,GBP,MPC Member Bean Speaks,Medium,,,,2007-10-31 14:00:00
2007-10-31,5:30pm,AUD,AIG Manufacturing Index,Non-economic,53.3,,50.7,2007-10-31 17:30:00
2007-10-31,7:30pm,AUD,Goods Trade Balance,High,-1.86B,-1.09B,-1.67B,2007-10-31 19:30:00
2007-10-31,7:30pm,AUD,Retail Sales m/m,High,0.8%,0.5%,0.8%,2007-10-31 19:30:00
2007-10-31,8:00pm,CNY,Manufacturing PMI,High,53.2,,56.1,2007-10-31 20:00:00
2007-10-31,9:30pm,CNY,RatingDog Manufacturing PMI,Medium,55.2,,55.0,2007-10-31 21:30:00
2007-10-31,10:45pm,JPY,10-y Bond Auction,Non-economic,1.66|3.1,,1.68|2.7,2007-10-31 22:45:00
2007-11-01,12:30am,AUD,Commodity Prices y/y,Medium,6.0%,,6.3%,2007-11-01 00:30:00
2007-11-01,All Day,EUR,French Bank Holiday,Low,,,,2007-11-01 00:00:00
2007-11-01,All Day,EUR,Italian Bank Holiday,Low,,,,2007-11-01 00:00:00
2007-11-01,3:30am,CHF,Manufacturing PMI,Medium,60.7,58.0,57.6,2007-11-01 03:30:00
2007-11-01,4:30am,GBP,Final Manufacturing PMI,Medium,52.9,54.5,54.7,2007-11-01 04:30:00
2007-11-01,6:00am,GBP,CBI Realized Sales,Medium,10,10,12,2007-11-01 06:00:00
2007-11-01,6:30am,USD,Challenger Job Cuts y/y,Non-economic,-28.5%,,21.7%,2007-11-01 06:30:00
2007-11-01,6:38am,GBP,10-y Bond Auction,Non-economic,4.99|1.9,,5.23|1.7,2007-11-01 06:38:00
2007-11-01,7:30am,USD,Core PCE Price Index m/m,High,0.2%,0.2%,0.1%,2007-11-01 07:30:00
2007-11-01,7:30am,USD,Personal Spending m/m,Medium,0.3%,0.4%,0.5%,2007-11-01 07:30:00
2007-11-01,7:30am,USD,Unemployment Claims,Medium,327K,330K,333K,2007-11-01 07:30:00
2007-11-01,7:30am,USD,Personal Income m/m,Non-economic,0.4%,0.4%,0.4%,2007-11-01 07:30:00
2007-11-01,9:00am,USD,ISM Manufacturing PMI,High,50.9,51.7,52.0,2007-11-01 09:00:00
2007-11-01,9:00am,USD,ISM Manufacturing Prices,Non-economic,63.0,63.0,59.0,2007-11-01 09:00:00
2007-11-01,9:30am,USD,Natural Gas Storage,Non-economic,66B,59B,68B,2007-11-01 09:30:00
2007-11-01,All Day,USD,Total Vehicle Sales,Non-economic,16.1M,16.0M,16.2M,2007-11-01 00:00:00
2007-11-01,12:00pm,CHF,Gov Board Member Jordan Speaks,Medium,,,,2007-11-01 12:00:00
2007-11-01,6:50pm,JPY,Monetary Base y/y,Non-economic,0.5%,0.6%,0.7%,2007-11-01 18:50:00
2007-11-02,1:45am,CHF,CPI m/m,High,0.9%,0.8%,0.1%,2007-11-02 01:45:00
2007-11-02,3:15am,EUR,Spanish Manufacturing PMI,Non-economic,49.6,,50.8,2007-11-02 03:15:00
2007-11-02,3:45am,EUR,Italian Manufacturing PMI,Non-economic,51.3,52.1,52.4,2007-11-02 03:45:00
2007-11-02,4:00am,EUR,Final Manufacturing PMI,Non-economic,51.5,51.5,51.5,2007-11-02 04:00:00
2007-11-02,4:30am,GBP,Construction PMI,Non-economic,57.4,59.5,60.3,2007-11-02 04:30:00
2007-11-02,6:00am,CAD,Employment Change,High,63.0K,12.0K,51.1K,2007-11-02 06:00:00
2007-11-02,6:00am,CAD,Unemployment Rate,High,5.8%,5.9%,5.9%,2007-11-02 06:00:00
2007-11-02,7:30am,USD,Non-Farm Employment Change,High,166K,82K,96K,2007-11-02 07:30:00
2007-11-02,7:30am,USD,Unemployment Rate,High,4.7%,4.7%,4.7%,2007-11-02 07:30:00
2007-11-02,7:30am,USD,Average Hourly Earnings m/m,Medium,0.2%,0.3%,0.3%,2007-11-02 07:30:00
2007-11-02,9:00am,USD,Factory Orders m/m,Medium,0.2%,-0.5%,-3.5%,2007-11-02 09:00:00
2007-11-02,8:00pm,CNY,Non-Manufacturing PMI,Non-economic,65.0,,64.6,2007-11-02 20:00:00
2007-11-04,2:00am,CAD,Daylight Saving Time Shift,Low,,,,2007-11-04 02:00:00
2007-11-04,2:00am,USD,Daylight Saving Time Shift,Low,,,,2007-11-04 02:00:00
2007-11-04,4:45pm,NZD,Labor Cost Index q/q,High,0.9%,0.8%,0.7%,2007-11-04 16:45:00
2007-11-04,5:30pm,AUD,AIG Services Index,Non-economic,53.2,,56.4,2007-11-04 17:30:00
2007-11-04,6:30pm,AUD,MI Inflation Gauge m/m,Non-economic,0.3%,,0.2%,2007-11-04 18:30:00
2007-11-04,6:50pm,JPY,Monetary Policy Meeting Minutes,Medium,,,,2007-11-04 18:50:00
2007-11-04,All Day,JPY,Bank Holiday,Low,,,,2007-11-04 00:00:00
2007-11-04,7:30pm,AUD,ANZ Job Advertisements m/m,Medium,2.7%,,-0.4%,2007-11-04 19:30:00
2007-11-05,3:00am,EUR,Spanish Unemployment Change,Non-economic,31.2K,,-10.9K,2007-11-05 03:00:00
2007-11-05,4:30am,EUR,Sentix Investor Confidence,Non-economic,14.0,12.5,15.3,2007-11-05 04:30:00
2007-11-05,4:30am,GBP,Manufacturing Production m/m,High,-0.6%,0.1%,0.5%,2007-11-05 04:30:00
2007-11-05,4:30am,GBP,Final Services PMI,Medium,53.1,56.0,56.7,2007-11-05 04:30:00
2007-11-05,4:30am,GBP,Industrial Production m/m,Non-economic,-0.4%,0.2%,0.1%,2007-11-05 04:30:00
2007-11-05,9:00am,USD,FOMC Member Mishkin Speaks,Medium,,,,2007-11-05 09:00:00
2007-11-05,10:00am,USD,ISM Services PMI,High,55.8,54.0,54.8,2007-11-05 10:00:00
2007-11-05,1:00pm,USD,FOMC Member Kroszner Speaks,Medium,,,,2007-11-05 13:00:00
2007-11-05,2:00pm,USD,Loan Officer Survey,Non-economic,,,,2007-11-05 14:00:00
2007-11-05,4:30pm,USD,FOMC Member Kroszner Speaks,Non-economic,,,,2007-11-05 16:30:00
2007-11-05,7:01pm,GBP,BRC Retail Sales Monitor y/y,Medium,1.0%,,3.0%,2007-11-05 19:01:00
2007-11-05,7:01pm,GBP,NIESR GDP Estimate,Non-economic,0.7%,,0.8%,2007-11-05 19:01:00
2007-11-05,9:00pm,NZD,ANZ Commodity Prices m/m,Non-economic,1.8%,,0.4%,2007-11-05 21:00:00
2007-11-06,12:00am,JPY,Leading Indicators,Non-economic,0.0%,0.0%,27.3%,2007-11-06 00:00:00
2007-11-06,3:00am,CHF,Foreign Currency Reserves,Non-economic,49B,,49B,2007-11-06 03:00:00
2007-11-06,3:15am,EUR,Spanish Services PMI,Non-economic,52.5,,52.4,2007-11-06 03:15:00
2007-11-06,3:45am,EUR,Italian Services PMI,Non-economic,55.3,54.3,53.9,2007-11-06 03:45:00
2007-11-06,4:00am,EUR,Final Services PMI,Non-economic,55.8,55.6,55.6,2007-11-06 04:00:00
2007-11-06,5:00am,EUR,PPI m/m,Non-economic,0.4%,0.2%,0.1%,2007-11-06 05:00:00
2007-11-06,5:00am,EUR,Retail Sales m/m,Non-economic,0.3%,0.5%,0.0%,2007-11-06 05:00:00
2007-11-06,6:00am,EUR,German Factory Orders m/m,Medium,-2.5%,-0.1%,1.9%,2007-11-06 06:00:00
2007-11-06,7:30am,CAD,Gov Council Member Jenkins Speaks,Non-economic,,,,2007-11-06 07:30:00
2007-11-06,8:30am,CAD,Building Permits m/m,Medium,-1.7%,1.7%,1.7%,2007-11-06 08:30:00
2007-11-06,10:00am,CAD,Ivey PMI,High,57.1,55.0,56.0,2007-11-06 10:00:00
2007-11-06,10:00am,USD,JOLTS Job Openings,Non-economic,4.15M,,4.17M,2007-11-06 10:00:00
2007-11-06,1:40pm,USD,Fed Chairman Bernanke Speaks,High,,,,2007-11-06 13:40:00
2007-11-06,5:30pm,AUD,Cash Rate,High,6.75%,6.75%,6.50%,2007-11-06 17:30:00
2007-11-06,5:30pm,AUD,RBA Rate Statement,High,,,,2007-11-06 17:30:00
2007-11-06,5:30pm,AUD,AIG Construction Index,Non-economic,57.4,,55.2,2007-11-06 17:30:00
2007-11-06,7:01pm,GBP,Nationwide Consumer Confidence,Non-economic,98,97,99,2007-11-06 19:01:00
2007-11-06,7:30pm,AUD,Home Loans m/m,Medium,-2.4%,0.0%,1.4%,2007-11-06 19:30:00
2007-11-06,7:30pm,AUD,HPI q/q,Non-economic,3.5%,3.0%,3.7%,2007-11-06 19:30:00
2007-11-07,5:30am,GBP,BRC Shop Price Index y/y,Non-economic,1.1%,,0.4%,2007-11-07 05:30:00
2007-11-07,6:00am,EUR,German Industrial Production m/m,Medium,0.3%,-0.3%,1.9%,2007-11-07 06:00:00
2007-11-07,8:30am,USD,Prelim Nonfarm Productivity q/q,Medium,4.9%,3.0%,2.6%,2007-11-07 08:30:00
2007-11-07,8:30am,USD,Prelim Unit Labor Costs q/q,Medium,-0.2%,1.1%,1.4%,2007-11-07 08:30:00
2007-11-07,9:00am,USD,FOMC Member Mishkin Speaks,High,,,,2007-11-07 09:00:00
2007-11-07,10:00am,USD,Final Wholesale Inventories m/m,Non-economic,0.8%,0.2%,0.7%,2007-11-07 10:00:00
2007-11-07,10:30am,USD,Crude Oil Inventories,Medium,-0.8M,-1.3M,-3.9M,2007-11-07 10:30:00
2007-11-07,1:00pm,USD,10-y Bond Auction,Medium,4.35|2.3,,4.49|3.0,2007-11-07 13:00:00
2007-11-07,1:00pm,USD,FOMC Member Warsh Speaks,Medium,,,,2007-11-07 13:00:00
2007-11-07,3:00pm,NZD,RBNZ Financial Stability Report,High,,,,2007-11-07 15:00:00
2007-11-07,3:00pm,USD,Consumer Credit m/m,Non-economic,3.7B,10.0B,15.4B,2007-11-07 15:00:00
2007-11-07,4:45pm,NZD,Employment Change q/q,High,-0.3%,0.4%,0.6%,2007-11-07 16:45:00
2007-11-07,4:45pm,NZD,Unemployment Rate,High,3.5%,3.6%,3.6%,2007-11-07 16:45:00
2007-11-07,6:50pm,JPY,Core Machinery Orders m/m,Medium,-7.6%,-2.0%,-7.7%,2007-11-07 18:50:00
2007-11-07,6:50pm,JPY,Bank Lending y/y,Non-economic,0.7%,,0.6%,2007-11-07 18:50:00
2007-11-07,6:50pm,JPY,M2 Money Stock y/y,Non-economic,1.9%,1.7%,1.7%,2007-11-07 18:50:00
2007-11-07,7:30pm,AUD,Employment Change,High,12.9K,21.0K,37.6K,2007-11-07 19:30:00
2007-11-07,7:30pm,AUD,Unemployment Rate,Medium,4.3%,4.2%,4.2%,2007-11-07 19:30:00
2007-11-08,1:00am,JPY,Prelim Machine Tool Orders y/y,Non-economic,16.1%,,16.3%,2007-11-08 01:00:00
2007-11-08,1:45am,CHF,Unemployment Rate,Non-economic,2.6%,2.6%,2.6%,2007-11-08 01:45:00
2007-11-08,2:00am,EUR,German Trade Balance,Non-economic,17.9B,16.0B,15.5B,2007-11-08 02:00:00
2007-11-08,2:00am,JPY,Economy Watchers Sentiment,Non-economic,41.5,43.8,42.9,2007-11-08 02:00:00
2007-11-08,2:45am,EUR,French Gov Budget Balance,Non-economic,-51.7B,,-63.2B,2007-11-08 02:45:00
2007-11-08,3:00am,GBP,Halifax HPI m/m,High,-0.5%,0.5%,-0.6%,2007-11-08 03:00:00
2007-11-08,5:00am,EUR,French 10-y Bond Auction,Non-economic,4.25|2.9,,4.44|4.0,2007-11-08 05:00:00
2007-11-08,7:00am,GBP,Official Bank Rate,High,5.75%,5.75%,5.75%,2007-11-08 07:00:00
2007-11-08,7:45am,EUR,Main Refinancing Rate,Medium,4.00%,4.00%,4.00%,2007-11-08 07:45:00
2007-11-08,8:15am,CAD,Housing Starts,High,220K,230K,281K,2007-11-08 08:15:00
2007-11-08,8:30am,CAD,NHPI m/m,Non-economic,0.3%,0.4%,0.4%,2007-11-08 08:30:00
2007-11-08,8:30am,EUR,ECB Press Conference,High,,,,2007-11-08 08:30:00
2007-11-08,8:30am,USD,Unemployment Claims,Medium,317K,325K,330K,2007-11-08 08:30:00
2007-11-08,10:00am,USD,Fed Chairman Bernanke Testifies,High,,,,2007-11-08 10:00:00
2007-11-08,10:30am,GBP,CB Leading Index m/m,Non-economic,-0.1%,,-0.2%,2007-11-08 10:30:00
2007-11-08,10:30am,USD,Natural Gas Storage,Non-economic,36B,30B,66B,2007-11-08 10:30:00
2007-11-08,1:00pm,USD,30-y Bond Auction,Non-economic,4.67|3.0,,5.06|1.6,2007-11-08 13:00:00
2007-11-08,6:15pm,USD,Treasury Sec Paulson Speaks,Non-economic,,,,2007-11-08 18:15:00
2007-11-08,11:30pm,JPY,Revised Industrial Production m/m,Non-economic,-1.4%,-1.4%,-1.4%,2007-11-08 23:30:00
2007-11-09,1:45am,CHF,SECO Consumer Climate,Medium,15,11,15,2007-11-09 01:45:00
2007-11-09,2:00am,EUR,German WPI m/m,Non-economic,0.5%,0.5%,0.9%,2007-11-09 02:00:00
2007-11-09,2:45am,EUR,French Industrial Production m/m,Medium,-1.1%,-0.4%,0.0%,2007-11-09 02:45:00
2007-11-09,2:45am,EUR,French Trade Balance,Non-economic,-3.1B,-2.8B,-2.7B,2007-11-09 02:45:00
2007-11-09,3:15am,EUR,German Buba President Weber Speaks,Medium,,,,2007-11-09 03:15:00
2007-11-09,4:00am,EUR,Italian Industrial Production m/m,Non-economic,-1.0%,-0.3%,1.0%,2007-11-09 04:00:00
2007-11-09,4:30am,GBP,Goods Trade Balance,Medium,-7.8B,-6.9B,-6.9B,2007-11-09 04:30:00
2007-11-09,5:00am,EUR,EU Economic Forecasts,Non-economic,,,,2007-11-09 05:00:00
2007-11-09,8:30am,CAD,Trade Balance,High,2.6B,3.9B,4.3B,2007-11-09 08:30:00
2007-11-09,8:30am,USD,Trade Balance,High,-56.5B,-59.0B,-56.8B,2007-11-09 08:30:00
2007-11-09,8:30am,USD,Import Prices m/m,Medium,1.8%,1.0%,0.8%,2007-11-09 08:30:00
2007-11-09,10:00am,USD,Prelim UoM Consumer Sentiment,High,75.0,80.0,80.9,2007-11-09 10:00:00
2007-11-09,10:00am,USD,Prelim UoM Inflation Expectations,Non-economic,3.4%,,3.1%,2007-11-09 10:00:00
2007-11-11,All Day,CAD,Bank Holiday,Low,,,,2007-11-11 00:00:00
2007-11-11,6:50pm,JPY,Current Account,Non-economic,2.24T,2.10T,2.19T,2007-11-11 18:50:00
2007-11-11,6:50pm,JPY,PPI y/y,Non-economic,2.4%,2.2%,1.7%,2007-11-11 18:50:00
2007-11-11,7:30pm,AUD,RBA Monetary Policy Statement,High,,,,2007-11-11 19:30:00
2007-11-11,8:45pm,CNY,USD-Denominated Trade Balance,High,27.1B,30.8B,23.9B,2007-11-11 20:45:00
2007-11-11,9:00pm,CNY,New Loans,Medium,136B,,284B,2007-11-11 21:00:00
2007-11-11,9:00pm,CNY,PPI y/y,Medium,3.2%,3.0%,2.7%,2007-11-11 21:00:00
2007-11-11,9:00pm,CNY,M2 Money Supply y/y,Non-economic,18.5%,18.5%,18.5%,2007-11-11 21:00:00
2007-11-12,12:00am,JPY,Consumer Confidence,Non-economic,42.8,43.5,44.1,2007-11-12 00:00:00
2007-11-12,2:10am,CNY,Foreign Direct Investment ytd/y,Non-economic,11.2%,,10.9%,2007-11-12 02:10:00
2007-11-12,4:30am,GBP,PPI Input m/m,High,1.8%,1.5%,3.9%,2007-11-12 04:30:00
2007-11-12,4:30am,GBP,ONS HPI y/y,Non-economic,10.8%,10.8%,11.3%,2007-11-12 04:30:00
2007-11-12,4:30am,GBP,PPI Output m/m,Non-economic,0.6%,0.2%,0.3%,2007-11-12 04:30:00
2007-11-12,All Day,USD,Bank Holiday,Low,,,,2007-11-12 00:00:00
2007-11-12,4:45pm,NZD,FPI m/m,Non-economic,0.6%,,0.4%,2007-11-12 16:45:00
2007-11-12,6:50pm,JPY,Prelim GDP q/q,High,0.6%,0.5%,-0.3%,2007-11-12 18:50:00
2007-11-12,6:50pm,JPY,Prelim GDP Price Index y/y,Medium,-0.3%,-0.3%,-0.3%,2007-11-12 18:50:00
2007-11-12,7:01pm,GBP,RICS House Price Balance,Medium,-22%,-19%,-15%,2007-11-12 19:01:00
2007-11-12,7:30pm,AUD,NAB Business Confidence,Non-economic,9,,7,2007-11-12 19:30:00
2007-11-12,9:00pm,CNY,CPI y/y,Medium,6.5%,6.3%,6.2%,2007-11-12 21:00:00
2007-11-12,10:30pm,JPY,Overnight Call Rate,Medium,0.50%,0.50%,0.50%,2007-11-12 22:30:00
2007-11-13,1:00am,JPY,BOJ Monthly Report,Non-economic,,,,2007-11-13 01:00:00
2007-11-13,2:23am,JPY,BOJ Press Conference,High,,,,2007-11-13 02:23:00
2007-11-13,2:45am,EUR,French Final CPI m/m,Non-economic,0.2%,0.2%,0.1%,2007-11-13 02:45:00
2007-11-13,3:00am,EUR,Spanish Flash GDP q/q,Non-economic,0.7%,0.7%,0.9%,2007-11-13 03:00:00
2007-11-13,4:00am,EUR,Italian Prelim GDP q/q,Non-economic,0.4%,0.3%,0.1%,2007-11-13 04:00:00
2007-11-13,4:30am,GBP,CPI y/y,High,2.1%,1.9%,1.8%,2007-11-13 04:30:00
2007-11-13,4:30am,GBP,Core CPI y/y,Medium,1.5%,1.7%,1.5%,2007-11-13 04:30:00
2007-11-13,4:30am,GBP,RPI y/y,Non-economic,4.3%,4.2%,3.9%,2007-11-13 04:30:00
2007-11-13,5:00am,EUR,Industrial Production m/m,Medium,-0.7%,-0.3%,1.2%,2007-11-13 05:00:00
2007-11-13,5:00am,EUR,German ZEW Economic Sentiment,Medium,-32.5,-19.5,-18.1,2007-11-13 05:00:00
2007-11-13,5:00am,EUR,ZEW Economic Sentiment,Non-economic,-30.0,-19.5,-19.0,2007-11-13 05:00:00
2007-11-13,7:30am,USD,NFIB Small Business Index,Non-economic,96.2,,97.3,2007-11-13 07:30:00
2007-11-13,9:00am,USD,FOMC Member Kroszner Speaks,Non-economic,,,,2007-11-13 09:00:00
2007-11-13,10:00am,USD,RCM/TIPP Economic Optimism,Non-economic,43.8,46.3,47.3,2007-11-13 10:00:00
2007-11-13,12:15pm,CHF,Gov Board Member Jordan Speaks,Medium,,,,2007-11-13 12:15:00
2007-11-13,2:00pm,USD,Federal Budget Balance,Medium,-55.6B,-55.7B,111.6B,2007-11-13 14:00:00
2007-11-13,3:00pm,USD,Pending Home Sales m/m,High,0.2%,-2.6%,-6.5%,2007-11-13 15:00:00
2007-11-13,4:45pm,NZD,PPI Input q/q,High,2.3%,1.1%,1.3%,2007-11-13 16:45:00
2007-11-13,4:45pm,NZD,PPI Output q/q,Non-economic,1.6%,1.1%,1.2%,2007-11-13 16:45:00
2007-11-13,6:30pm,AUD,Westpac Consumer Sentiment,Non-economic,-4.2%,,-0.3%,2007-11-13 18:30:00
2007-11-13,7:30pm,AUD,Wage Price Index q/q,Medium,1.0%,0.9%,1.1%,2007-11-13 19:30:00
2007-11-13,9:00pm,CNY,Retail Sales y/y,Non-economic,18.1%,17.0%,17.0%,2007-11-13 21:00:00
2007-11-14,2:00am,EUR,German Prelim GDP q/q,High,0.7%,0.6%,0.3%,2007-11-14 02:00:00
2007-11-14,2:45am,EUR,French Prelim GDP q/q,Non-economic,0.7%,0.6%,0.3%,2007-11-14 02:45:00
2007-11-14,4:30am,GBP,Average Earnings Index 3m/y,High,4.1%,4.0%,3.7%,2007-11-14 04:30:00
2007-11-14,4:30am,GBP,Claimant Count Change,Medium,-9.9K,-6.2K,-13.9K,2007-11-14 04:30:00
2007-11-14,4:30am,GBP,Unemployment Rate,Non-economic,5.4%,5.4%,5.4%,2007-11-14 04:30:00
2007-11-14,5:00am,EUR,Flash GDP q/q,Medium,0.7%,0.6%,0.3%,2007-11-14 05:00:00
2007-11-14,5:10am,EUR,German 10-y Bond Auction,Non-economic,4.19|2.0,,4.32|1.9,2007-11-14 05:10:00
2007-11-14,5:30am,GBP,BOE Gov King Speaks,High,,,,2007-11-14 05:30:00
2007-11-14,5:30am,GBP,BOE Monetary Policy Report,High,,,,2007-11-14 05:30:00
2007-11-14,8:30am,CAD,Leading Index m/m,Non-economic,0.1%,0.4%,0.3%,2007-11-14 08:30:00
2007-11-14,8:30am,CAD,New Motor Vehicle Sales m/m,Non-economic,-2.1%,-1.8%,2.7%,2007-11-14 08:30:00
2007-11-14,8:30am,USD,Core Retail Sales m/m,High,0.2%,0.3%,0.3%,2007-11-14 08:30:00
2007-11-14,8:30am,USD,PPI m/m,High,0.1%,0.3%,1.1%,2007-11-14 08:30:00
2007-11-14,8:30am,USD,Retail Sales m/m,High,0.2%,0.2%,0.7%,2007-11-14 08:30:00
2007-11-14,8:30am,USD,Core PPI m/m,Medium,0.0%,0.2%,0.1%,2007-11-14 08:30:00
2007-11-14,8:45am,CAD,Gov Council Member Jenkins Speaks,Non-economic,,,,2007-11-14 08:45:00
2007-11-14,9:10am,USD,Fed Chairman Bernanke Speaks,High,,,,2007-11-14 09:10:00
2007-11-14,10:00am,USD,Business Inventories m/m,Medium,0.4%,0.5%,0.3%,2007-11-14 10:00:00
2007-11-14,4:45pm,NZD,Core Retail Sales m/m,High,0.5%,0.4%,0.8%,2007-11-14 16:45:00
2007-11-14,4:45pm,NZD,Retail Sales m/m,High,1.0%,0.5%,0.3%,2007-11-14 16:45:00
2007-11-14,4:45pm,NZD,Core Retail Sales q/q,Non-economic,0.2%,,-0.9%,2007-11-14 16:45:00
2007-11-14,4:45pm,NZD,Retail Sales q/q,Non-economic,0.2%,0.3%,-0.5%,2007-11-14 16:45:00
2007-11-14,5:00pm,AUD,MI Inflation Expectations,Non-economic,4.4%,,4.6%,2007-11-14 17:00:00
2007-11-14,5:12pm,NZD,BusinessNZ Manufacturing Index,Non-economic,56.9,,55.1,2007-11-14 17:12:00
2007-11-14,6:50pm,JPY,Tertiary Industry Activity m/m,Medium,-1.6%,-1.0%,1.2%,2007-11-14 18:50:00
2007-11-14,7:30pm,AUD,RBA Bulletin,Non-economic,,,,2007-11-14 19:30:00
2007-11-14,9:00pm,CNY,Industrial Production y/y,High,17.9%,18.5%,18.9%,2007-11-14 21:00:00
2007-11-15,2:00am,EUR,German Final CPI m/m,Non-economic,0.2%,0.2%,0.2%,2007-11-15 02:00:00
2007-11-15,4:30am,GBP,Retail Sales m/m,High,-0.1%,0.1%,0.3%,2007-11-15 04:30:00
2007-11-15,4:44am,EUR,Spanish 10-y Bond Auction,Non-economic,4.26|2.3,,4.64|1.7,2007-11-15 04:44:00
2007-11-15,5:00am,CHF,UBS Economic Expectations,Medium,-28.9,,-16.0,2007-11-15 05:00:00
2007-11-15,5:00am,EUR,ECB Monthly Bulletin,Medium,,,,2007-11-15 05:00:00
2007-11-15,5:00am,EUR,Final CPI y/y,Medium,2.6%,2.6%,2.6%,2007-11-15 05:00:00
2007-11-15,5:00am,EUR,Final Core CPI y/y,Non-economic,1.9%,1.9%,1.8%,2007-11-15 05:00:00
2007-11-15,8:30am,CAD,Manufacturing Sales m/m,Medium,-0.9%,-0.6%,-2.2%,2007-11-15 08:30:00
2007-11-15,8:30am,USD,Core CPI m/m,High,0.2%,0.2%,0.2%,2007-11-15 08:30:00
2007-11-15,8:30am,USD,CPI y/y,High,3.5%,2.7%,2.8%,2007-11-15 08:30:00
2007-11-15,8:30am,USD,CPI m/m,Medium,0.3%,0.3%,0.3%,2007-11-15 08:30:00
2007-11-15,8:30am,USD,Empire State Manufacturing Index,Medium,27.4,18.0,28.8,2007-11-15 08:30:00
2007-11-15,8:30am,USD,Unemployment Claims,Non-economic,339K,320K,319K,2007-11-15 08:30:00
2007-11-15,10:30am,USD,Crude Oil Inventories,Non-economic,2.8M,-0.8M,-0.8M,2007-11-15 10:30:00
2007-11-15,10:30am,USD,Natural Gas Storage,Non-economic,-9B,-8B,36B,2007-11-15 10:30:00
2007-11-15,12:00pm,USD,Philly Fed Manufacturing Index,Medium,8.2,5.0,6.8,2007-11-15 12:00:00
2007-11-15,6:50pm,JPY,Monetary Policy Meeting Minutes,Medium,,,,2007-11-15 18:50:00
2007-11-15,9:00pm,CNY,Fixed Asset Investment ytd/y,Medium,26.9%,26.2%,26.4%,2007-11-15 21:00:00
2007-11-16,2:45am,EUR,French Prelim Private Payrolls q/q,Medium,0.2%,0.3%,0.4%,2007-11-16 02:45:00
2007-11-16,3:15am,CHF,Retail Sales y/y,High,3.0%,2.1%,3.8%,2007-11-16 03:15:00
2007-11-16,4:00am,EUR,Italian Trade Balance,Non-economic,-1.53B,-1.44B,-0.69B,2007-11-16 04:00:00
2007-11-16,5:00am,EUR,Trade Balance,Non-economic,3.9B,3.8B,4.5B,2007-11-16 05:00:00
2007-11-16,8:45am,USD,FOMC Member Kroszner Speaks,Medium,,,,2007-11-16 08:45:00
2007-11-16,9:00am,USD,TIC Long-Term Purchases,High,26.4B,72.0B,-70.6B,2007-11-16 09:00:00
2007-11-16,9:15am,USD,Capacity Utilization Rate,Medium,81.7%,82.0%,82.2%,2007-11-16 09:15:00
2007-11-16,9:15am,USD,Industrial Production m/m,Medium,-0.5%,0.1%,0.2%,2007-11-16 09:15:00
2007-11-17,Day 1,All,G20 Meetings,Non-economic,,,,2007-11-17 00:00:00
2007-11-18,Day 2,All,G20 Meetings,Medium,,,,2007-11-18 00:00:00
2007-11-18,7:01pm,GBP,Rightmove HPI m/m,Non-economic,-0.7%,,2.7%,2007-11-18 19:01:00
2007-11-19,6:00am,EUR,German Buba Monthly Report,Medium,,,,2007-11-19 06:00:00
2007-11-19,6:00am,USD,Treasury Sec Paulson Speaks,Non-economic,,,,2007-11-19 06:00:00
2007-11-19,6:30am,EUR,ECB President Trichet Speaks,Medium,,,,2007-11-19 06:30:00
2007-11-19,8:30am,CAD,Foreign Securities Purchases,Medium,-5.21B,1.27B,-3.82B,2007-11-19 08:30:00
2007-11-19,8:30am,CAD,Wholesale Sales m/m,Medium,1.1%,0.1%,-1.9%,2007-11-19 08:30:00
2007-11-19,10:30am,USD,Treasury Sec Paulson Speaks,Non-economic,,,,2007-11-19 10:30:00
2007-11-19,1:00pm,USD,NAHB Housing Market Index,Medium,19,17,19,2007-11-19 13:00:00
2007-11-19,4:45pm,NZD,Visitor Arrivals m/m,Non-economic,-2.6%,,-3.4%,2007-11-19 16:45:00
2007-11-20,2:00am,EUR,German PPI m/m,Non-economic,0.4%,0.3%,0.2%,2007-11-20 02:00:00
2007-11-20,2:15am,CHF,Trade Balance,Non-economic,1.56B,1.52B,1.71B,2007-11-20 02:15:00
2007-11-20,4:30am,GBP,M4 Money Supply m/m,Non-economic,0.1%,1.0%,0.9%,2007-11-20 04:30:00
2007-11-20,4:30am,GBP,Public Sector Net Borrowing,Non-economic,-1.0B,-2.8B,7.2B,2007-11-20 04:30:00
2007-11-20,6:00am,GBP,CBI Industrial Order Expectations,Medium,8,-7,-6,2007-11-20 06:00:00
2007-11-20,6:15am,GBP,MPC Member Gieve Speaks,Medium,,,,2007-11-20 06:15:00
2007-11-20,7:00am,CAD,Core CPI m/m,High,-0.2%,0.1%,0.4%,2007-11-20 07:00:00
2007-11-20,7:00am,CAD,CPI m/m,Medium,-0.3%,0.1%,0.2%,2007-11-20 07:00:00
2007-11-20,8:30am,USD,Building Permits,Medium,1.18M,1.20M,1.26M,2007-11-20 08:30:00
2007-11-20,8:30am,USD,Housing Starts,Medium,1.23M,1.17M,1.19M,2007-11-20 08:30:00
2007-11-20,12:30pm,CAD,Gov Council Member Duguay Speaks,Medium,,,,2007-11-20 12:30:00
2007-11-20,2:00pm,USD,FOMC Meeting Minutes,High,,,,2007-11-20 14:00:00
2007-11-20,6:00pm,AUD,CB Leading Index m/m,Non-economic,0.5%,,0.7%,2007-11-20 18:00:00
2007-11-20,6:30pm,AUD,MI Leading Index m/m,Non-economic,0.8%,,0.5%,2007-11-20 18:30:00
2007-11-20,6:50pm,JPY,All Industries Activity m/m,Non-economic,-1.6%,-1.4%,1.0%,2007-11-20 18:50:00
2007-11-20,6:50pm,JPY,Trade Balance,Non-economic,1.07T,1.06T,1.05T,2007-11-20 18:50:00
2007-11-20,7:30pm,AUD,New Motor Vehicle Sales m/m,Non-economic,1.1%,,1.7%,2007-11-20 19:30:00
2007-11-20,9:00pm,NZD,Credit Card Spending y/y,Non-economic,7.8%,,9.4%,2007-11-20 21:00:00
2007-11-21,4:00am,EUR,Italian Retail Sales m/m,Non-economic,-0.2%,0.0%,0.3%,2007-11-21 04:00:00
2007-11-21,4:30am,GBP,MPC Official Bank Rate Votes,High,0-2-7,0-2-7,0-1-8,2007-11-21 04:30:00
2007-11-21,8:30am,CAD,Core Retail Sales m/m,High,0.1%,0.3%,0.3%,2007-11-21 08:30:00
2007-11-21,8:30am,CAD,Retail Sales m/m,Medium,-0.2%,0.1%,0.7%,2007-11-21 08:30:00
2007-11-21,8:30am,USD,Unemployment Claims,Medium,330K,330K,341K,2007-11-21 08:30:00
2007-11-21,10:00am,USD,Revised UoM Consumer Sentiment,Medium,76.1,75.0,75.0,2007-11-21 10:00:00
2007-11-21,10:00am,USD,CB Leading Index m/m,Non-economic,-0.5%,-0.3%,0.1%,2007-11-21 10:00:00
2007-11-21,10:00am,USD,Revised UoM Inflation Expectations,Non-economic,3.4%,,3.4%,2007-11-21 10:00:00
2007-11-21,10:30am,USD,Crude Oil Inventories,Non-economic,-1.1M,0.8M,2.8M,2007-11-21 10:30:00
2007-11-21,10:30am,USD,Natural Gas Storage,Non-economic,4B,2B,-9B,2007-11-21 10:30:00
2007-11-22,2:00am,EUR,German Final GDP q/q,Non-economic,0.7%,0.7%,0.7%,2007-11-22 02:00:00
2007-11-22,3:15am,CHF,Employment Level,Medium,3.87M,3.77M,3.74M,2007-11-22 03:15:00
2007-11-22,4:00am,EUR,Current Account,Non-economic,0.6B,4.0B,4.5B,2007-11-22 04:00:00
2007-11-22,4:30am,GBP,Prelim Business Investment q/q,Medium,0.0%,1.0%,0.4%,2007-11-22 04:30:00
2007-11-22,5:00am,EUR,Industrial New Orders m/m,Medium,-1.6%,-0.7%,0.8%,2007-11-22 05:00:00
2007-11-22,All Day,USD,Bank Holiday,Low,,,,2007-11-22 00:00:00
2007-11-22,8:30am,CAD,Corporate Profits q/q,Non-economic,5.8%,,-0.7%,2007-11-22 08:30:00
2007-11-22,9:00am,EUR,Belgian NBB Business Climate,Medium,1.4,-1.0,-0.1,2007-11-22 09:00:00
2007-11-22,10:30am,CAD,BOC Review,Non-economic,,,,2007-11-22 10:30:00
2007-11-22,All Day,JPY,Bank Holiday,Low,,,,2007-11-22 00:00:00
2007-11-23,2:00am,EUR,German Import Prices m/m,Non-economic,0.7%,0.5%,0.6%,2007-11-23 02:00:00
2007-11-23,2:45am,EUR,French Consumer Spending m/m,Non-economic,-1.1%,-0.1%,-0.3%,2007-11-23 02:45:00
2007-11-23,3:30am,EUR,ECB President Trichet Speaks,Medium,,,,2007-11-23 03:30:00
2007-11-23,4:00am,EUR,Flash Manufacturing PMI,Medium,52.6,51.0,51.5,2007-11-23 04:00:00
2007-11-23,4:00am,EUR,Flash Services PMI,Non-economic,53.7,55.0,55.8,2007-11-23 04:00:00
2007-11-23,4:30am,GBP,Second Estimate GDP q/q,High,0.7%,0.8%,0.8%,2007-11-23 04:30:00
2007-11-23,4:30am,GBP,High Street Lending,Medium,44.1K,,54.0K,2007-11-23 04:30:00
2007-11-23,4:30am,GBP,Index of Services 3m/3m,Non-economic,0.9%,1.0%,0.9%,2007-11-23 04:30:00
2007-11-25,4:45pm,NZD,Trade Balance,High,-690M,-562M,-573M,2007-11-25 16:45:00
2007-11-26,6:00am,EUR,ECB President Trichet Speaks,Medium,,,,2007-11-26 06:00:00
2007-11-26,6:50pm,JPY,SPPI y/y,Non-economic,1.4%,1.4%,1.3%,2007-11-26 18:50:00
2007-11-26,9:00pm,NZD,Inflation Expectations q/q,High,2.70%,,2.64%,2007-11-26 21:00:00
2007-11-27,3:15am,CHF,PPI m/m,Medium,0.2%,0.3%,-0.3%,2007-11-27 03:15:00
2007-11-27,All Day,EUR,German Prelim CPI m/m,Medium,0.4%,0.1%,0.2%,2007-11-27 00:00:00
2007-11-27,4:00am,CHF,UBS Consumption Indicator,Medium,2.23,,2.00,2007-11-27 04:00:00
2007-11-27,4:00am,EUR,German ifo Business Climate,High,104.2,103.3,103.9,2007-11-27 04:00:00
2007-11-27,9:00am,USD,S&P/CS Composite-20 HPI y/y,Non-economic,-4.9%,-5.0%,-4.3%,2007-11-27 09:00:00
2007-11-27,10:00am,USD,CB Consumer Confidence,High,87.3,91.5,95.2,2007-11-27 10:00:00
2007-11-27,10:00am,USD,Richmond Manufacturing Index,Non-economic,0,-2,-5,2007-11-27 10:00:00
2007-11-27,1:30pm,USD,FOMC Member Evans Speaks,Medium,,,,2007-11-27 13:30:00
2007-11-27,1:45pm,GBP,MPC Member Sentance Speaks,Medium,,,,2007-11-27 13:45:00
2007-11-27,6:50pm,JPY,Retail Sales y/y,Medium,0.8%,0.6%,0.5%,2007-11-27 18:50:00
2007-11-27,7:30pm,AUD,Construction Work Done q/q,Medium,2.8%,1.6%,-2.1%,2007-11-27 19:30:00
2007-11-27,7:40pm,AUD,HIA New Home Sales m/m,Medium,0.8%,,9.9%,2007-11-27 19:40:00
2007-11-28,2:00am,EUR,German GfK Consumer Climate,Non-economic,4.3,4.5,4.8,2007-11-28 02:00:00
2007-11-28,4:00am,EUR,M3 Money Supply y/y,Non-economic,12.3%,11.4%,11.3%,2007-11-28 04:00:00
2007-11-28,4:00am,EUR,Private Loans y/y,Non-economic,11.2%,11.1%,11.0%,2007-11-28 04:00:00
2007-11-28,4:15am,CHF,SNB Chairman Roth Speaks,Medium,,,,2007-11-28 04:15:00
2007-11-28,5:30am,CHF,KOF Economic Barometer,Medium,2.02,1.98,2.04,2007-11-28 05:30:00
2007-11-28,8:00am,USD,FOMC Member Kohn Speaks,Medium,,,,2007-11-28 08:00:00
2007-11-28,8:30am,USD,Core Durable Goods Orders m/m,High,-0.7%,0.4%,1.1%,2007-11-28 08:30:00
2007-11-28,8:30am,USD,Durable Goods Orders m/m,Medium,-0.4%,0.0%,-1.4%,2007-11-28 08:30:00
2007-11-28,10:00am,USD,Existing Home Sales,High,4.97M,5.00M,5.03M,2007-11-28 10:00:00
2007-11-28,10:30am,USD,Crude Oil Inventories,Non-economic,-0.5M,-1.0M,-1.1M,2007-11-28 10:30:00
2007-11-28,2:00pm,USD,Beige Book,Medium,,,,2007-11-28 14:00:00
2007-11-28,4:45pm,NZD,Building Consents m/m,Medium,-4.8%,,-10.2%,2007-11-28 16:45:00
2007-11-28,6:10pm,AUD,RBA Deputy Gov Debelle Speaks,Medium,,,,2007-11-28 18:10:00
2007-11-28,6:50pm,JPY,Prelim Industrial Production m/m,Medium,1.6%,1.4%,-1.4%,2007-11-28 18:50:00
2007-11-28,7:30pm,AUD,Private Capital Expenditure q/q,High,-6.5%,2.2%,7.1%,2007-11-28 19:30:00
2007-11-28,9:00pm,NZD,ANZ Business Confidence,Medium,-19.6,,-12.9,2007-11-28 21:00:00
2007-11-29,2:00am,GBP,Nationwide HPI m/m,Medium,-0.8%,0.1%,1.1%,2007-11-29 02:00:00
2007-11-29,3:55am,EUR,German Unemployment Change,Medium,-52K,-50K,-39K,2007-11-29 03:55:00
2007-11-29,4:00am,EUR,Retail PMI,Non-economic,45.9,,47.9,2007-11-29 04:00:00
2007-11-29,4:30am,GBP,Mortgage Approvals,Non-economic,88K,96K,100K,2007-11-29 04:30:00
2007-11-29,4:30am,GBP,Net Lending to Individuals m/m,Non-economic,8.8B,10.0B,10.8B,2007-11-29 04:30:00
2007-11-29,4:45am,GBP,Monetary Policy Report Hearings,High,,,,2007-11-29 04:45:00
2007-11-29,6:00am,GBP,CBI Realized Sales,Medium,13,8,10,2007-11-29 06:00:00
2007-11-29,8:30am,CAD,Current Account,Medium,1.0B,3.5B,6.3B,2007-11-29 08:30:00
2007-11-29,8:30am,CAD,RMPI m/m,Medium,0.3%,0.4%,-0.8%,2007-11-29 08:30:00
2007-11-29,8:30am,CAD,IPPI m/m,Non-economic,-1.1%,-0.6%,-0.8%,2007-11-29 08:30:00
2007-11-29,8:30am,USD,Prelim GDP q/q,High,4.9%,4.9%,3.9%,2007-11-29 08:30:00
2007-11-29,8:30am,USD,Unemployment Claims,Medium,352K,330K,329K,2007-11-29 08:30:00
2007-11-29,8:30am,USD,Prelim GDP Price Index q/q,Non-economic,0.9%,0.8%,0.8%,2007-11-29 08:30:00
2007-11-29,10:00am,USD,New Home Sales,High,728K,750K,716K,2007-11-29 10:00:00
2007-11-29,10:30am,USD,Natural Gas Storage,Non-economic,-12B,-20B,4B,2007-11-29 10:30:00
2007-11-29,12:00pm,EUR,ECB President Trichet Speaks,Medium,,,,2007-11-29 12:00:00
2007-11-29,4:30pm,USD,FOMC Member Mishkin Speaks,Medium,,,,2007-11-29 16:30:00
2007-11-29,6:15pm,JPY,Final Manufacturing PMI,Non-economic,50.8,,49.5,2007-11-29 18:15:00
2007-11-29,6:30pm,JPY,Tokyo Core CPI y/y,Medium,0.1%,0.1%,0.0%,2007-11-29 18:30:00
2007-11-29,6:30pm,JPY,Household Spending y/y,Non-economic,0.6%,0.5%,3.2%,2007-11-29 18:30:00
2007-11-29,6:30pm,JPY,National Core CPI y/y,Non-economic,0.1%,0.0%,-0.1%,2007-11-29 18:30:00
2007-11-29,6:30pm,JPY,Unemployment Rate,Non-economic,4.0%,4.0%,4.0%,2007-11-29 18:30:00
2007-11-29,7:00pm,USD,Fed Chairman Bernanke Speaks,High,,,,2007-11-29 19:00:00
2007-11-29,7:30pm,AUD,Current Account,Medium,-15.6B,-16.3B,-15.6B,2007-11-29 19:30:00
2007-11-29,7:30pm,AUD,Private Sector Credit m/m,Medium,1.0%,1.1%,1.1%,2007-11-29 19:30:00
2007-11-30,12:00am,JPY,Housing Starts y/y,Non-economic,-35.0%,-36.7%,-44.0%,2007-11-30 00:00:00
2007-11-30,1:45am,CHF,CPI m/m,High,0.5%,0.2%,0.9%,2007-11-30 01:45:00
2007-11-30,1:45am,CHF,GDP q/q,Medium,0.8%,0.7%,0.8%,2007-11-30 01:45:00
2007-11-30,2:00am,EUR,German Retail Sales m/m,Medium,-3.3%,-0.4%,1.2%,2007-11-30 02:00:00
2007-11-30,5:00am,EUR,CPI Flash Estimate y/y,Medium,3.0%,2.7%,2.6%,2007-11-30 05:00:00
2007-11-30,5:00am,EUR,Consumer Confidence,Non-economic,-8,-6,-6,2007-11-30 05:00:00
2007-11-30,5:00am,EUR,Italian Prelim CPI m/m,Non-economic,0.4%,0.3%,0.3%,2007-11-30 05:00:00
2007-11-30,5:00am,EUR,Revised GDP q/q,Non-economic,0.7%,0.7%,0.7%,2007-11-30 05:00:00
2007-11-30,5:30am,GBP,GfK Consumer Confidence,Non-economic,-10,-9,-8,2007-11-30 05:30:00
2007-11-30,8:30am,CAD,GDP m/m,High,0.1%,0.1%,0.2%,2007-11-30 08:30:00
2007-11-30,8:30am,USD,Core PCE Price Index m/m,Medium,0.2%,0.2%,0.2%,2007-11-30 08:30:00
2007-11-30,8:30am,USD,Personal Spending m/m,Medium,0.2%,0.3%,0.3%,2007-11-30 08:30:00
2007-11-30,8:30am,USD,Personal Income m/m,Non-economic,0.2%,0.4%,0.4%,2007-11-30 08:30:00
2007-11-30,9:45am,USD,Chicago PMI,Medium,52.9,51.0,49.7,2007-11-30 09:45:00
2007-11-30,10:00am,USD,Construction Spending m/m,Non-economic,-0.8%,-0.2%,0.2%,2007-11-30 10:00:00
2007-11-30,11:00am,CHF,Gov Board Member Hildebrand Speaks,Medium,,,,2007-11-30 11:00:00
2007-11-30,1:40pm,USD,FOMC Member Kroszner Speaks,Medium,,,,2007-11-30 13:40:00
2007-11-30,8:00pm,CNY,Manufacturing PMI,High,55.4,,53.2,2007-11-30 20:00:00
2007-12-02,5:30pm,AUD,AIG Manufacturing Index,Non-economic,53.8,,53.3,2007-12-02 17:30:00
2007-12-02,6:30pm,AUD,MI Inflation Gauge m/m,Non-economic,0.3%,,0.3%,2007-12-02 18:30:00
2007-12-02,6:50pm,JPY,Capital Spending q/y,Medium,-1.2%,-2.5%,-4.9%,2007-12-02 18:50:00
2007-12-02,7:30pm,AUD,Goods Trade Balance,High,-2.98B,-1.88B,-1.92B,2007-12-02 19:30:00
2007-12-02,7:30pm,AUD,Company Operating Profits q/q,Non-economic,-2.1%,1.9%,1.7%,2007-12-02 19:30:00
2007-12-02,8:00pm,CNY,Non-Manufacturing PMI,Non-economic,54.1,,65.0,2007-12-02 20:00:00
2007-12-02,8:30pm,JPY,Average Cash Earnings y/y,Non-economic,0.0%,0.0%,-0.6%,2007-12-02 20:30:00
2007-12-02,9:30pm,CNY,RatingDog Manufacturing PMI,Medium,52.8,,55.2,2007-12-02 21:30:00
2007-12-03,12:30am,AUD,Commodity Prices y/y,Medium,2.0%,,5.4%,2007-12-03 00:30:00
2007-12-03,3:15am,EUR,Spanish Manufacturing PMI,Non-economic,50.7,,49.6,2007-12-03 03:15:00
2007-12-03,3:30am,CHF,Manufacturing PMI,Medium,63.4,59.5,60.7,2007-12-03 03:30:00
2007-12-03,3:45am,EUR,Italian Manufacturing PMI,Non-economic,51.3,51.7,51.3,2007-12-03 03:45:00
2007-12-03,4:00am,EUR,Final Manufacturing PMI,Non-economic,52.8,52.6,52.6,2007-12-03 04:00:00
2007-12-03,All Day,EUR,Eurogroup Meetings,Non-economic,,,,2007-12-03 00:00:00
2007-12-03,4:30am,EUR,ECB President Trichet Speaks,Medium,,,,2007-12-03 04:30:00
2007-12-03,4:30am,GBP,Final Manufacturing PMI,Medium,54.4,52.5,52.8,2007-12-03 04:30:00
2007-12-03,5:00am,EUR,Unemployment Rate,Non-economic,7.2%,7.3%,7.3%,2007-12-03 05:00:00
2007-12-03,10:00am,USD,ISM Manufacturing PMI,High,50.8,50.5,50.9,2007-12-03 10:00:00
2007-12-03,10:00am,USD,ISM Manufacturing Prices,Non-economic,67.5,65.5,63.0,2007-12-03 10:00:00
2007-12-03,10:30am,USD,Treasury Sec Paulson Speaks,Non-economic,,,,2007-12-03 10:30:00
2007-12-03,All Day,USD,Total Vehicle Sales,Non-economic,16.2M,16.1M,16.1M,2007-12-03 00:00:00
2007-12-03,11:30am,CHF,Gov Board Member Hildebrand Speaks,Non-economic,,,,2007-12-03 11:30:00
2007-12-03,6:50pm,JPY,Monetary Base y/y,Non-economic,1.0%,0.7%,0.5%,2007-12-03 18:50:00
2007-12-03,7:01pm,GBP,BRC Retail Sales Monitor y/y,Medium,1.2%,,1.0%,2007-12-03 19:01:00
2007-12-03,7:30pm,AUD,Building Approvals m/m,High,-2.8%,-1.9%,8.6%,2007-12-03 19:30:00
2007-12-03,7:30pm,AUD,Retail Sales m/m,High,0.2%,0.6%,0.7%,2007-12-03 19:30:00
2007-12-03,10:45pm,JPY,10-y Bond Auction,Non-economic,1.48|3.2,,1.66|3.1,2007-12-03 22:45:00
2007-12-04,3:00am,EUR,Spanish Unemployment Change,Non-economic,45.9K,,31.2K,2007-12-04 03:00:00
2007-12-04,All Day,EUR,ECOFIN Meetings,Non-economic,,,,2007-12-04 00:00:00
2007-12-04,4:30am,GBP,Construction PMI,Non-economic,54.3,57.1,57.4,2007-12-04 04:30:00
2007-12-04,5:00am,EUR,PPI m/m,Non-economic,0.6%,0.4%,0.4%,2007-12-04 05:00:00
2007-12-04,9:00am,CAD,BOC Rate Statement,High,,,,2007-12-04 09:00:00
2007-12-04,9:00am,CAD,Overnight Rate,High,4.25%,4.50%,4.50%,2007-12-04 09:00:00
2007-12-04,10:45am,USD,FOMC Member Evans Speaks,Non-economic,,,,2007-12-04 10:45:00
2007-12-04,5:30pm,AUD,Cash Rate,High,6.75%,6.75%,6.75%,2007-12-04 17:30:00
2007-12-04,5:30pm,AUD,Monetary Policy Meeting Minutes,High,,,,2007-12-04 17:30:00
2007-12-04,5:30pm,AUD,RBA Rate Statement,High,,,,2007-12-04 17:30:00
2007-12-04,5:30pm,AUD,AIG Services Index,Non-economic,56.4,,53.2,2007-12-04 17:30:00
2007-12-04,7:01pm,GBP,Nationwide Consumer Confidence,Non-economic,86,94,98,2007-12-04 19:01:00
2007-12-04,7:30pm,AUD,GDP q/q,High,1.0%,1.0%,0.7%,2007-12-04 19:30:00
2007-12-04,9:00pm,NZD,ANZ Commodity Prices m/m,Non-economic,0.8%,,1.8%,2007-12-04 21:00:00
2007-12-05,3:00am,GBP,Halifax HPI m/m,High,-1.1%,0.0%,-0.7%,2007-12-05 03:00:00
2007-12-05,3:15am,EUR,Spanish Services PMI,Non-economic,50.7,,52.5,2007-12-05 03:15:00
2007-12-05,3:30am,EUR,ECB President Trichet Speaks,Medium,,,,2007-12-05 03:30:00
2007-12-05,3:45am,EUR,Italian Services PMI,Non-economic,50.8,53.7,55.3,2007-12-05 03:45:00
2007-12-05,4:00am,EUR,Final Services PMI,Non-economic,54.1,53.7,53.7,2007-12-05 04:00:00
2007-12-05,All Day,All,OPEC Meetings,Medium,,,,2007-12-05 00:00:00
2007-12-05,4:30am,GBP,Final Services PMI,Medium,51.9,53.0,53.1,2007-12-05 04:30:00
2007-12-05,5:00am,EUR,Retail Sales m/m,Non-economic,-0.7%,-0.2%,0.2%,2007-12-05 05:00:00
2007-12-05,5:30am,GBP,BRC Shop Price Index y/y,Non-economic,1.1%,,1.1%,2007-12-05 05:30:00
2007-12-05,7:30am,USD,Challenger Job Cuts y/y,Non-economic,-8.8%,,-28.5%,2007-12-05 07:30:00
2007-12-05,8:15am,USD,ADP Non-Farm Employment Change,High,189K,50K,119K,2007-12-05 08:15:00
2007-12-05,8:30am,USD,Revised Nonfarm Productivity q/q,Medium,6.3%,5.7%,4.9%,2007-12-05 08:30:00
2007-12-05,8:30am,USD,Revised Unit Labor Costs q/q,Non-economic,-2.0%,-1.0%,-0.2%,2007-12-05 08:30:00
2007-12-05,10:00am,USD,ISM Services PMI,High,54.1,55.0,55.8,2007-12-05 10:00:00
2007-12-05,10:00am,USD,Factory Orders m/m,Medium,0.5%,0.1%,0.3%,2007-12-05 10:00:00
2007-12-05,10:30am,USD,Crude Oil Inventories,Non-economic,-7.9M,-1.3M,-0.5M,2007-12-05 10:30:00
2007-12-05,11:45am,USD,Treasury Sec Paulson Speaks,Non-economic,,,,2007-12-05 11:45:00
2007-12-05,3:00pm,NZD,Official Cash Rate,High,8.25%,8.25%,8.25%,2007-12-05 15:00:00
2007-12-05,3:00pm,NZD,RBNZ Press Conference,High,,,,2007-12-05 15:00:00
2007-12-05,3:00pm,NZD,RBNZ Rate Statement,High,,,,2007-12-05 15:00:00
2007-12-05,3:00pm,NZD,RBNZ Monetary Policy Statement,Medium,,,,2007-12-05 15:00:00
2007-12-06,12:00am,JPY,Leading Indicators,Non-economic,20.0%,20.0%,0.0%,2007-12-06 00:00:00
2007-12-06,1:00am,JPY,Prelim Machine Tool Orders y/y,Non-economic,13.0%,,16.6%,2007-12-06 01:00:00
2007-12-06,1:45am,CHF,Unemployment Rate,Non-economic,2.6%,2.6%,2.6%,2007-12-06 01:45:00
2007-12-06,3:00am,CHF,Foreign Currency Reserves,Non-economic,49B,,49B,2007-12-06 03:00:00
2007-12-06,4:30am,GBP,Manufacturing Production m/m,High,0.3%,0.2%,-0.6%,2007-12-06 04:30:00
2007-12-06,4:30am,GBP,Industrial Production m/m,Non-economic,0.4%,0.2%,-0.4%,2007-12-06 04:30:00
2007-12-06,6:00am,EUR,German Factory Orders m/m,Medium,4.0%,0.9%,-1.6%,2007-12-06 06:00:00
2007-12-06,7:00am,GBP,MPC Rate Statement,High,,,,2007-12-06 07:00:00
2007-12-06,7:00am,GBP,Official Bank Rate,High,5.50%,5.75%,5.75%,2007-12-06 07:00:00
2007-12-06,7:30am,USD,FOMC Member Kroszner Speaks,High,,,,2007-12-06 07:30:00
2007-12-06,7:45am,EUR,Main Refinancing Rate,Medium,4.00%,4.00%,4.00%,2007-12-06 07:45:00
2007-12-06,8:30am,CAD,Building Permits m/m,Medium,6.8%,0.7%,-1.1%,2007-12-06 08:30:00
2007-12-06,8:30am,EUR,ECB Press Conference,High,,,,2007-12-06 08:30:00
2007-12-06,8:30am,USD,Unemployment Claims,Medium,338K,335K,353K,2007-12-06 08:30:00
2007-12-06,10:00am,CAD,Ivey PMI,High,58.7,55.0,57.1,2007-12-06 10:00:00
2007-12-06,10:00am,USD,Mortgage Delinquencies,Medium,5.59%,,5.12%,2007-12-06 10:00:00
2007-12-06,10:30am,USD,Natural Gas Storage,Non-economic,-88B,-79B,-12B,2007-12-06 10:30:00
2007-12-06,1:45pm,USD,Treasury Sec Paulson Speaks,Medium,,,,2007-12-06 13:45:00
2007-12-06,5:30pm,AUD,AIG Construction Index,Non-economic,53.2,,57.4,2007-12-06 17:30:00
2007-12-06,6:50pm,JPY,Final GDP q/q,Medium,0.4%,0.6%,0.6%,2007-12-06 18:50:00
2007-12-06,6:50pm,JPY,Final GDP Price Index y/y,Non-economic,-0.4%,-0.3%,-0.3%,2007-12-06 18:50:00
2007-12-06,7:01pm,GBP,NIESR GDP Estimate,Non-economic,0.6%,,0.7%,2007-12-06 19:01:00
2007-12-07,1:45am,EUR,French Trade Balance,Non-economic,-3.6B,-3.5B,-3.2B,2007-12-07 01:45:00
2007-12-07,2:45am,EUR,French Gov Budget Balance,Non-economic,-52.2B,,-51.7B,2007-12-07 02:45:00
2007-12-07,6:00am,EUR,German Industrial Production m/m,Medium,-0.3%,-0.4%,0.1%,2007-12-07 06:00:00
2007-12-07,7:00am,CAD,Employment Change,High,42.6K,8.0K,63.0K,2007-12-07 07:00:00
2007-12-07,7:00am,CAD,Unemployment Rate,High,5.9%,5.9%,5.8%,2007-12-07 07:00:00
2007-12-07,8:30am,USD,Non-Farm Employment Change,High,94K,75K,170K,2007-12-07 08:30:00
2007-12-07,8:30am,USD,Unemployment Rate,High,4.7%,4.8%,4.7%,2007-12-07 08:30:00
2007-12-07,8:30am,USD,Average Hourly Earnings m/m,Medium,0.5%,0.3%,0.1%,2007-12-07 08:30:00
2007-12-07,10:00am,USD,Prelim UoM Consumer Sentiment,High,74.5,75.0,76.1,2007-12-07 10:00:00
2007-12-07,10:00am,USD,Prelim UoM Inflation Expectations,Non-economic,3.5%,,3.4%,2007-12-07 10:00:00
2007-12-07,12:00pm,EUR,ECB President Trichet Speaks,Non-economic,,,,2007-12-07 12:00:00
2007-12-07,3:00pm,USD,Consumer Credit m/m,Non-economic,4.7B,6.0B,3.2B,2007-12-07 15:00:00
2007-12-09,6:50pm,JPY,Core Machinery Orders m/m,Medium,12.7%,6.1%,-7.6%,2007-12-09 18:50:00
2007-12-09,6:50pm,JPY,Bank Lending y/y,Non-economic,0.6%,,0.7%,2007-12-09 18:50:00
2007-12-09,6:50pm,JPY,M2 Money Stock y/y,Non-economic,2.0%,1.9%,1.9%,2007-12-09 18:50:00
2007-12-09,7:30pm,AUD,ANZ Job Advertisements m/m,Medium,0.7%,,2.7%,2007-12-09 19:30:00
2007-12-09,7:30pm,AUD,Home Loans m/m,Medium,-0.7%,1.0%,-2.0%,2007-12-09 19:30:00
2007-12-09,9:00pm,CNY,New Loans,Medium,87B,,136B,2007-12-09 21:00:00
2007-12-09,9:00pm,CNY,PPI y/y,Medium,4.6%,3.5%,3.2%,2007-12-09 21:00:00
2007-12-09,9:00pm,CNY,M2 Money Supply y/y,Non-economic,18.5%,18.8%,18.5%,2007-12-09 21:00:00
2007-12-10,12:00am,JPY,Economy Watchers Sentiment,Non-economic,38.8,41.1,41.5,2007-12-10 00:00:00
2007-12-10,2:00am,EUR,German Trade Balance,Non-economic,18.2B,17.0B,17.8B,2007-12-10 02:00:00
2007-12-10,2:45am,EUR,French Industrial Production m/m,Medium,2.1%,0.4%,-1.2%,2007-12-10 02:45:00
2007-12-10,4:00am,EUR,Italian Industrial Production m/m,Non-economic,-0.3%,0.4%,-1.2%,2007-12-10 04:00:00
2007-12-10,4:30am,EUR,Sentix Investor Confidence,Non-economic,11.9,12.5,14.0,2007-12-10 04:30:00
2007-12-10,4:30am,GBP,PPI Input m/m,High,1.7%,1.4%,1.8%,2007-12-10 04:30:00
2007-12-10,4:30am,GBP,ONS HPI y/y,Non-economic,11.3%,10.8%,10.8%,2007-12-10 04:30:00
2007-12-10,4:30am,GBP,PPI Output m/m,Non-economic,0.5%,0.3%,0.6%,2007-12-10 04:30:00
2007-12-10,8:15am,CAD,Housing Starts,High,228K,220K,228K,2007-12-10 08:15:00
2007-12-10,10:00am,USD,Pending Home Sales m/m,High,0.6%,-1.0%,1.4%,2007-12-10 10:00:00
2007-12-10,10:30am,GBP,CB Leading Index m/m,Non-economic,0.2%,,-0.1%,2007-12-10 10:30:00
2007-12-10,4:45pm,NZD,Overseas Trade Index q/q,Non-economic,3.6%,3.0%,0.5%,2007-12-10 16:45:00
2007-12-10,7:30pm,AUD,NAB Business Confidence,Non-economic,6,,9,2007-12-10 19:30:00
2007-12-10,9:00pm,CNY,CPI y/y,Medium,6.9%,6.5%,6.5%,2007-12-10 21:00:00
2007-12-10,9:50pm,CNY,USD-Denominated Trade Balance,High,26.3B,26.6B,27.1B,2007-12-10 21:50:00
2007-12-11,12:00am,JPY,Consumer Confidence,Non-economic,39.8,42.8,42.8,2007-12-11 00:00:00
2007-12-11,2:00am,AUD,RBA Gov Stevens Speaks,High,,,,2007-12-11 02:00:00
2007-12-11,2:00am,EUR,German WPI m/m,Non-economic,1.0%,0.5%,0.5%,2007-12-11 02:00:00
2007-12-11,4:30am,GBP,Goods Trade Balance,Medium,-7.1B,-7.4B,-8.0B,2007-12-11 04:30:00
2007-12-11,5:00am,EUR,German ZEW Economic Sentiment,Medium,-37.2,-34.5,-32.5,2007-12-11 05:00:00
2007-12-11,5:00am,EUR,ZEW Economic Sentiment,Non-economic,-35.7,-34.0,-30.0,2007-12-11 05:00:00
2007-12-11,7:30am,USD,NFIB Small Business Index,Non-economic,94.4,,96.2,2007-12-11 07:30:00
2007-12-11,10:00am,USD,Final Wholesale Inventories m/m,Non-economic,0.0%,0.5%,0.6%,2007-12-11 10:00:00
2007-12-11,10:00am,USD,JOLTS Job Openings,Non-economic,4.12M,,4.12M,2007-12-11 10:00:00
2007-12-11,10:00am,USD,RCM/TIPP Economic Optimism,Non-economic,44.4,43.0,43.8,2007-12-11 10:00:00
2007-12-11,2:15pm,USD,Federal Funds Rate,High,4.25%,4.25%,4.50%,2007-12-11 14:15:00
2007-12-11,2:15pm,USD,FOMC Statement,High,,,,2007-12-11 14:15:00
2007-12-11,6:30pm,AUD,Westpac Consumer Sentiment,Non-economic,1.8%,,-4.2%,2007-12-11 18:30:00
2007-12-11,6:50pm,JPY,Current Account,Non-economic,2.56T,2.28T,2.24T,2007-12-11 18:50:00
2007-12-11,6:50pm,JPY,PPI y/y,Non-economic,2.3%,2.1%,2.0%,2007-12-11 18:50:00
2007-12-11,7:45pm,AUD,RBA Deputy Gov Battellino Speaks,Non-economic,,,,2007-12-11 19:45:00
2007-12-11,9:00pm,CNY,Retail Sales y/y,Non-economic,18.8%,18.0%,18.1%,2007-12-11 21:00:00
2007-12-12,4:30am,GBP,Average Earnings Index 3m/y,High,4.0%,4.2%,4.1%,2007-12-12 04:30:00
2007-12-12,4:30am,GBP,Claimant Count Change,Medium,-11.1K,-5.0K,-10.6K,2007-12-12 04:30:00
2007-12-12,4:30am,GBP,Unemployment Rate,Non-economic,5.3%,5.4%,5.4%,2007-12-12 04:30:00
2007-12-12,5:00am,CHF,UBS Economic Expectations,Medium,-29.7,,-28.9,2007-12-12 05:00:00
2007-12-12,5:00am,EUR,Industrial Production m/m,Medium,0.4%,0.2%,-0.8%,2007-12-12 05:00:00
2007-12-12,5:00am,EUR,Final Employment Change q/q,Non-economic,0.3%,,0.6%,2007-12-12 05:00:00
2007-12-12,6:00am,EUR,ECB Financial Stability Review,Non-economic,,,,2007-12-12 06:00:00
2007-12-12,8:30am,CAD,Trade Balance,High,3.3B,2.3B,2.8B,2007-12-12 08:30:00
2007-12-12,8:30am,USD,Fed Announcement,High,,,,2007-12-12 08:30:00
2007-12-12,8:30am,USD,Trade Balance,High,-57.8B,-57.3B,-57.1B,2007-12-12 08:30:00
2007-12-12,8:30am,USD,Import Prices m/m,Medium,2.7%,2.0%,1.4%,2007-12-12 08:30:00
2007-12-12,10:30am,USD,Crude Oil Inventories,Non-economic,-0.7M,-0.9M,-7.9M,2007-12-12 10:30:00
2007-12-12,2:00pm,USD,Federal Budget Balance,Medium,-98.2B,-85.0B,-55.6B,2007-12-12 14:00:00
2007-12-12,4:45pm,NZD,Core Retail Sales m/m,High,-1.1%,0.0%,0.4%,2007-12-12 16:45:00
2007-12-12,4:45pm,NZD,Retail Sales m/m,High,-0.7%,0.0%,1.0%,2007-12-12 16:45:00
2007-12-12,5:00pm,AUD,MI Inflation Expectations,Non-economic,4.1%,,4.4%,2007-12-12 17:00:00
2007-12-12,5:54pm,NZD,BusinessNZ Manufacturing Index,Non-economic,57.2,,57.1,2007-12-12 17:54:00
2007-12-12,7:01pm,GBP,RICS House Price Balance,Medium,-41%,-29%,-24%,2007-12-12 19:01:00
2007-12-12,7:30pm,AUD,Employment Change,High,52.6K,20.0K,-6.9K,2007-12-12 19:30:00
2007-12-12,7:30pm,AUD,Unemployment Rate,Medium,4.5%,4.3%,4.4%,2007-12-12 19:30:00
2007-12-12,9:00pm,CNY,Industrial Production y/y,High,17.3%,18.2%,17.9%,2007-12-12 21:00:00
2007-12-12,9:00pm,CNY,Foreign Direct Investment ytd/y,Non-economic,13.7%,,11.2%,2007-12-12 21:00:00
2007-12-12,11:30pm,JPY,Revised Industrial Production m/m,Non-economic,1.7%,1.6%,1.6%,2007-12-12 23:30:00
2007-12-13,2:45am,EUR,French Final CPI m/m,Non-economic,0.5%,0.4%,0.2%,2007-12-13 02:45:00
2007-12-13,2:45am,EUR,French Final Private Payrolls q/q,Non-economic,0.4%,0.2%,0.2%,2007-12-13 02:45:00
2007-12-13,3:30am,CHF,Libor Rate,High,2.75%,2.75%,2.75%,2007-12-13 03:30:00
2007-12-13,3:30am,CHF,SNB Monetary Policy Assessment,High,,,,2007-12-13 03:30:00
2007-12-13,3:30am,CHF,SNB Press Conference,High,,,,2007-12-13 03:30:00
2007-12-13,4:00am,EUR,ECB Monthly Bulletin,Medium,,,,2007-12-13 04:00:00
2007-12-13,4:30am,GBP,Consumer Inflation Expectations,Medium,3.0%,,2.7%,2007-12-13 04:30:00
2007-12-13,6:00am,GBP,CBI Industrial Order Expectations,Medium,2,4,8,2007-12-13 06:00:00
2007-12-13,8:30am,CAD,Labor Productivity q/q,Medium,0.2%,0.1%,0.2%,2007-12-13 08:30:00
2007-12-13,8:30am,CAD,Manufacturing Sales m/m,Medium,0.1%,-0.9%,-1.1%,2007-12-13 08:30:00
2007-12-13,8:30am,CAD,NHPI m/m,Non-economic,0.1%,0.3%,0.3%,2007-12-13 08:30:00
2007-12-13,8:30am,USD,Core Retail Sales m/m,High,1.8%,0.6%,0.4%,2007-12-13 08:30:00
2007-12-13,8:30am,USD,PPI m/m,High,3.2%,1.6%,0.1%,2007-12-13 08:30:00
2007-12-13,8:30am,USD,Retail Sales m/m,High,1.2%,0.5%,0.2%,2007-12-13 08:30:00
2007-12-13,8:30am,USD,Core PPI m/m,Medium,0.4%,0.2%,0.0%,2007-12-13 08:30:00
2007-12-13,8:30am,USD,Unemployment Claims,Non-economic,333K,335K,340K,2007-12-13 08:30:00
2007-12-13,9:00am,USD,FOMC Member Geithner Speaks,Non-economic,,,,2007-12-13 09:00:00
2007-12-13,9:20am,GBP,MPC Member Tucker Speaks,Medium,,,,2007-12-13 09:20:00
2007-12-13,10:00am,USD,Business Inventories m/m,Medium,0.1%,0.4%,0.4%,2007-12-13 10:00:00
2007-12-13,10:30am,USD,Natural Gas Storage,Non-economic,-146B,-127B,-88B,2007-12-13 10:30:00
2007-12-13,1:00pm,USD,10-y Bond Auction,Medium,4.16|2.2,,4.35|2.3,2007-12-13 13:00:00
2007-12-13,4:45pm,NZD,Manufacturing Sales q/q,Non-economic,-2.1%,,1.7%,2007-12-13 16:45:00
2007-12-13,6:50pm,JPY,Tankan Manufacturing Index,High,19,21,23,2007-12-13 18:50:00
2007-12-13,6:50pm,JPY,Tankan Non-Manufacturing Index,Medium,16,18,20,2007-12-13 18:50:00
2007-12-13,9:00pm,CNY,Fixed Asset Investment ytd/y,Medium,26.8%,26.6%,26.9%,2007-12-13 21:00:00
2007-12-14,1:45am,EUR,German Final CPI m/m,Non-economic,0.5%,0.4%,0.4%,2007-12-14 01:45:00
2007-12-14,4:00am,EUR,Italian Trade Balance,Non-economic,0.39B,0.06B,-1.50B,2007-12-14 04:00:00
2007-12-14,5:00am,EUR,Final CPI y/y,Medium,3.1%,3.0%,3.0%,2007-12-14 05:00:00
2007-12-14,5:00am,EUR,Final Core CPI y/y,Non-economic,1.9%,1.9%,1.9%,2007-12-14 05:00:00
2007-12-14,8:30am,CAD,Capacity Utilization Rate,Non-economic,82.7%,82.5%,83.5%,2007-12-14 08:30:00
2007-12-14,8:30am,USD,Core CPI m/m,High,0.3%,0.2%,0.2%,2007-12-14 08:30:00
2007-12-14,8:30am,USD,CPI y/y,High,4.3%,4.1%,3.5%,2007-12-14 08:30:00
2007-12-14,8:30am,USD,CPI m/m,Medium,0.8%,0.6%,0.3%,2007-12-14 08:30:00
2007-12-14,9:15am,USD,Capacity Utilization Rate,Medium,81.5%,81.7%,81.4%,2007-12-14 09:15:00
2007-12-14,9:15am,USD,Industrial Production m/m,Medium,0.3%,0.1%,-0.7%,2007-12-14 09:15:00
2007-12-16,6:50pm,JPY,Tertiary Industry Activity m/m,Medium,1.1%,1.2%,-1.8%,2007-12-16 18:50:00
2007-12-16,7:01pm,GBP,Rightmove HPI m/m,Non-economic,-3.2%,,-0.7%,2007-12-16 19:01:00
2007-12-16,7:30pm,AUD,Housing Starts q/q,Non-economic,1.3%,0.5%,-2.5%,2007-12-16 19:30:00
2007-12-17,3:15am,CHF,Industrial Production q/q,Medium,0.0%,-2.0%,7.0%,2007-12-17 03:15:00
2007-12-17,4:00am,EUR,Flash Manufacturing PMI,Medium,52.5,52.3,52.8,2007-12-17 04:00:00
2007-12-17,4:00am,EUR,Flash Services PMI,Non-economic,53.2,54.0,54.1,2007-12-17 04:00:00
2007-12-17,6:00am,EUR,German Buba Monthly Report,Medium,,,,2007-12-17 06:00:00
2007-12-17,8:30am,CAD,Foreign Securities Purchases,Medium,-24.32B,-1.03B,-5.21B,2007-12-17 08:30:00
2007-12-17,8:30am,CAD,New Motor Vehicle Sales m/m,Non-economic,-1.4%,-2.0%,-2.7%,2007-12-17 08:30:00
2007-12-17,8:30am,USD,Current Account,Medium,-179B,-183B,-189B,2007-12-17 08:30:00
2007-12-17,8:30am,USD,Empire State Manufacturing Index,Medium,10.3,20.0,27.4,2007-12-17 08:30:00
2007-12-17,9:00am,USD,TIC Long-Term Purchases,High,114.0B,49.0B,15.4B,2007-12-17 09:00:00
2007-12-17,1:00pm,USD,NAHB Housing Market Index,Non-economic,19,19,19,2007-12-17 13:00:00
2007-12-17,7:30pm,AUD,Monetary Policy Meeting Minutes,High,,,,2007-12-17 19:30:00
2007-12-17,8:45pm,AUD,HIA New Home Sales m/m,Medium,-2.6%,,0.8%,2007-12-17 20:45:00
2007-12-17,9:00pm,NZD,ANZ Business Confidence,Medium,-24.9,,-19.6,2007-12-17 21:00:00
2007-12-18,3:15am,CHF,Retail Sales y/y,High,6.1%,5.1%,3.0%,2007-12-18 03:15:00
2007-12-18,4:30am,GBP,CPI y/y,High,2.1%,2.2%,2.1%,2007-12-18 04:30:00
2007-12-18,4:30am,GBP,Core CPI y/y,Medium,1.4%,1.6%,1.5%,2007-12-18 04:30:00
2007-12-18,4:30am,GBP,RPI y/y,Non-economic,4.3%,4.2%,4.3%,2007-12-18 04:30:00
2007-12-18,5:00am,EUR,Trade Balance,Non-economic,4.0B,3.1B,3.6B,2007-12-18 05:00:00
2007-12-18,5:35am,GBP,BOE Gov King Speaks,High,,,,2007-12-18 05:35:00
2007-12-18,7:00am,CAD,Core CPI m/m,High,0.0%,0.2%,-0.2%,2007-12-18 07:00:00
2007-12-18,7:00am,CAD,CPI m/m,Medium,0.3%,0.2%,-0.3%,2007-12-18 07:00:00
2007-12-18,8:30am,CAD,Leading Index m/m,Non-economic,0.0%,0.1%,0.0%,2007-12-18 08:30:00
2007-12-18,8:30am,USD,Building Permits,High,1.15M,1.15M,1.17M,2007-12-18 08:30:00
2007-12-18,8:30am,USD,Housing Starts,Medium,1.19M,1.18M,1.23M,2007-12-18 08:30:00
2007-12-18,9:00am,GBP,Revised Business Investment q/q,Non-economic,2.0%,0.0%,0.0%,2007-12-18 09:00:00
2007-12-18,11:00am,CHF,Gov Board Member Jordan Speaks,Medium,,,,2007-12-18 11:00:00
2007-12-18,12:30pm,CHF,Gov Board Member Hildebrand Speaks,Non-economic,,,,2007-12-18 12:30:00
2007-12-18,4:45pm,NZD,FPI m/m,Non-economic,0.4%,,0.6%,2007-12-18 16:45:00
2007-12-18,4:45pm,NZD,Visitor Arrivals m/m,Non-economic,2.8%,,-2.5%,2007-12-18 16:45:00
2007-12-18,6:30pm,AUD,MI Leading Index m/m,Non-economic,0.5%,,0.6%,2007-12-18 18:30:00
2007-12-18,6:50pm,JPY,All Industries Activity m/m,Non-economic,1.2%,1.0%,-1.7%,2007-12-18 18:50:00
2007-12-19,2:00am,EUR,German PPI m/m,Non-economic,0.8%,0.4%,0.4%,2007-12-19 02:00:00
2007-12-19,4:00am,EUR,ECB President Trichet Speaks,High,,,,2007-12-19 04:00:00
2007-12-19,4:00am,EUR,German ifo Business Climate,High,103.0,103.8,104.2,2007-12-19 04:00:00
2007-12-19,4:30am,GBP,MPC Official Bank Rate Votes,High,0-9-0,0-7-2,0-2-7,2007-12-19 04:30:00
2007-12-19,6:00am,GBP,CBI Realized Sales,Medium,8,10,13,2007-12-19 06:00:00
2007-12-19,7:00am,NZD,Westpac Consumer Sentiment,Non-economic,110.0,,113.5,2007-12-19 07:00:00
2007-12-19,8:30am,CAD,Wholesale Sales m/m,Medium,0.5%,0.2%,0.2%,2007-12-19 08:30:00
2007-12-19,10:30am,USD,Crude Oil Inventories,Non-economic,-7.6M,-1.5M,-0.7M,2007-12-19 10:30:00
2007-12-19,12:15pm,CHF,SNB Chairman Roth Speaks,Medium,,,,2007-12-19 12:15:00
2007-12-19,4:00pm,USD,Treasury Currency Report,Medium,,,,2007-12-19 16:00:00
2007-12-19,4:45pm,NZD,Current Account,High,-5.17B,-4.92B,-2.99B,2007-12-19 16:45:00
2007-12-19,6:50pm,JPY,Trade Balance,Non-economic,0.89T,0.96T,1.04T,2007-12-19 18:50:00
2007-12-19,7:30pm,AUD,RBA Bulletin,Non-economic,,,,2007-12-19 19:30:00
2007-12-19,10:51pm,JPY,Overnight Call Rate,Medium,0.50%,0.50%,0.50%,2007-12-19 22:51:00
2007-12-20,1:00am,JPY,BOJ Monthly Report,Non-economic,,,,2007-12-20 01:00:00
2007-12-20,1:45am,CHF,SECO Economic Forecasts,Medium,,,,2007-12-20 01:45:00
2007-12-20,2:00am,EUR,German GfK Consumer Climate,Non-economic,4.5,4.1,4.4,2007-12-20 02:00:00
2007-12-20,2:15am,CHF,Trade Balance,Non-economic,1.89B,1.44B,1.40B,2007-12-20 02:15:00
2007-12-20,2:17am,JPY,BOJ Press Conference,High,,,,2007-12-20 02:17:00
2007-12-20,3:15am,CHF,PPI m/m,Medium,0.3%,0.2%,0.2%,2007-12-20 03:15:00
2007-12-20,4:00am,EUR,Italian Retail Sales m/m,Non-economic,0.4%,0.2%,-0.1%,2007-12-20 04:00:00
2007-12-20,4:30am,GBP,Current Account,High,-20.0B,-11.3B,-13.7B,2007-12-20 04:30:00
2007-12-20,4:30am,GBP,Final GDP q/q,Non-economic,0.7%,0.7%,0.7%,2007-12-20 04:30:00
2007-12-20,4:30am,GBP,M4 Money Supply m/m,Non-economic,0.1%,0.3%,0.2%,2007-12-20 04:30:00
2007-12-20,4:30am,GBP,Public Sector Net Borrowing,Non-economic,11.2B,9.0B,-0.4B,2007-12-20 04:30:00
2007-12-20,5:00am,EUR,Italian Quarterly Unemployment Rate,Non-economic,5.9%,5.9%,6.0%,2007-12-20 05:00:00
2007-12-20,8:30am,USD,Final GDP q/q,Medium,4.9%,4.9%,4.9%,2007-12-20 08:30:00
2007-12-20,8:30am,USD,Unemployment Claims,Medium,346K,335K,334K,2007-12-20 08:30:00
2007-12-20,8:30am,USD,Final GDP Price Index q/q,Non-economic,1.0%,0.9%,0.9%,2007-12-20 08:30:00
2007-12-20,9:00am,EUR,Belgian NBB Business Climate,Medium,-1.9,0.7,1.4,2007-12-20 09:00:00
2007-12-20,10:00am,USD,CB Leading Index m/m,Non-economic,-0.4%,-0.3%,-0.5%,2007-12-20 10:00:00
2007-12-20,10:30am,USD,Natural Gas Storage,Non-economic,-121B,-133B,-146B,2007-12-20 10:30:00
2007-12-20,12:00pm,USD,Philly Fed Manufacturing Index,Medium,-5.7,6.2,8.2,2007-12-20 12:00:00
2007-12-20,4:45pm,NZD,GDP q/q,High,0.5%,0.4%,0.8%,2007-12-20 16:45:00
2007-12-20,6:00pm,AUD,CB Leading Index m/m,Non-economic,0.9%,,0.4%,2007-12-20 18:00:00
2007-12-20,7:30pm,AUD,New Motor Vehicle Sales m/m,Non-economic,1.1%,,1.0%,2007-12-20 19:30:00
2007-12-20,9:00pm,NZD,Credit Card Spending y/y,Non-economic,9.5%,,7.8%,2007-12-20 21:00:00
2007-12-21,2:00am,EUR,German Import Prices m/m,Non-economic,0.7%,0.6%,0.7%,2007-12-21 02:00:00
2007-12-21,2:50am,EUR,French Consumer Spending m/m,Non-economic,-0.1%,0.5%,-1.0%,2007-12-21 02:50:00
2007-12-21,4:00am,EUR,Current Account,Non-economic,1.3B,1.6B,1.9B,2007-12-21 04:00:00
2007-12-21,4:30am,GBP,Retail Sales m/m,High,0.4%,0.2%,0.0%,2007-12-21 04:30:00
2007-12-21,4:30am,GBP,Index of Services 3m/3m,Non-economic,0.7%,0.7%,0.8%,2007-12-21 04:30:00
2007-12-21,5:00am,EUR,Industrial New Orders m/m,Medium,2.5%,2.0%,-1.0%,2007-12-21 05:00:00
2007-12-21,5:30am,GBP,GfK Consumer Confidence,Non-economic,-14,-12,-10,2007-12-21 05:30:00
2007-12-21,8:30am,CAD,Core Retail Sales m/m,High,0.0%,0.0%,0.2%,2007-12-21 08:30:00
2007-12-21,8:30am,CAD,GDP m/m,High,0.2%,0.1%,0.1%,2007-12-21 08:30:00
2007-12-21,8:30am,CAD,Retail Sales m/m,Medium,0.1%,-0.3%,-0.2%,2007-12-21 08:30:00
2007-12-21,8:30am,USD,Core PCE Price Index m/m,Medium,0.2%,0.2%,0.2%,2007-12-21 08:30:00
2007-12-21,8:30am,USD,Personal Spending m/m,Medium,1.1%,0.7%,0.4%,2007-12-21 08:30:00
2007-12-21,8:30am,USD,Personal Income m/m,Non-economic,0.4%,0.5%,0.2%,2007-12-21 08:30:00
2007-12-21,10:00am,USD,Revised UoM Consumer Sentiment,Medium,75.5,75.0,74.5,2007-12-21 10:00:00
2007-12-21,10:00am,USD,Revised UoM Inflation Expectations,Non-economic,3.4%,,3.5%,2007-12-21 10:00:00
2007-12-21,10:30am,CAD,BOC Financial System Review,Non-economic,,,,2007-12-21 10:30:00
2007-12-23,All Day,JPY,Bank Holiday,Low,,,,2007-12-23 00:00:00
2007-12-24,All Day,EUR,German Bank Holiday,Low,,,,2007-12-24 00:00:00
2007-12-24,All Day,NZD,Bank Holiday,Low,,,,2007-12-24 00:00:00
2007-12-24,All Day,AUD,Bank Holiday,Low,,,,2007-12-24 00:00:00
2007-12-24,6:50pm,JPY,BSI Manufacturing Index,Medium,5.2,5.4,7.7,2007-12-24 18:50:00
2007-12-24,6:50pm,JPY,SPPI y/y,Non-economic,1.4%,1.4%,1.4%,2007-12-24 18:50:00
2007-12-25,All Day,CHF,Bank Holiday,Low,,,,2007-12-25 00:00:00
2007-12-25,All Day,EUR,German Bank Holiday,Low,,,,2007-12-25 00:00:00
2007-12-25,All Day,EUR,French Bank Holiday,Low,,,,2007-12-25 00:00:00
2007-12-25,All Day,EUR,Italian Bank Holiday,Low,,,,2007-12-25 00:00:00
2007-12-25,All Day,GBP,Bank Holiday,Low,,,,2007-12-25 00:00:00
2007-12-25,All Day,CAD,Bank Holiday,Low,,,,2007-12-25 00:00:00
2007-12-25,All Day,USD,Bank Holiday,Low,,,,2007-12-25 00:00:00
2007-12-25,All Day,NZD,Bank Holiday,Low,,,,2007-12-25 00:00:00
2007-12-25,All Day,AUD,Bank Holiday,Low,,,,2007-12-25 00:00:00
2007-12-25,6:50pm,JPY,Monetary Policy Meeting Minutes,Medium,,,,2007-12-25 18:50:00
2007-12-26,All Day,CHF,Bank Holiday,Low,,,,2007-12-26 00:00:00
2007-12-26,All Day,EUR,German Bank Holiday,Low,,,,2007-12-26 00:00:00
2007-12-26,All Day,EUR,Italian Bank Holiday,Low,,,,2007-12-26 00:00:00
2007-12-26,All Day,GBP,Bank Holiday,Low,,,,2007-12-26 00:00:00
2007-12-26,All Day,CAD,Bank Holiday,Low,,,,2007-12-26 00:00:00
2007-12-26,9:00am,USD,S&P/CS Composite-20 HPI y/y,Non-economic,-6.1%,-5.6%,-4.9%,2007-12-26 09:00:00
2007-12-26,10:00am,USD,Richmond Manufacturing Index,Non-economic,-4,0,0,2007-12-26 10:00:00
2007-12-27,12:00am,JPY,Housing Starts y/y,Non-economic,-27.0%,-28.5%,-35.0%,2007-12-27 00:00:00
2007-12-27,4:30am,GBP,High Street Lending,Medium,44.8K,,44.3K,2007-12-27 04:30:00
2007-12-27,4:30am,GBP,Housing Equity Withdrawal q/q,Non-economic,10.5B,9.4B,10.1B,2007-12-27 04:30:00
2007-12-27,8:30am,USD,Core Durable Goods Orders m/m,High,-0.7%,0.5%,-0.9%,2007-12-27 08:30:00
2007-12-27,8:30am,USD,Durable Goods Orders m/m,Medium,0.1%,2.0%,-0.4%,2007-12-27 08:30:00
2007-12-27,8:30am,USD,Unemployment Claims,Non-economic,349K,340K,348K,2007-12-27 08:30:00
2007-12-27,10:00am,USD,CB Consumer Confidence,High,88.6,86.5,87.8,2007-12-27 10:00:00
2007-12-27,10:30am,USD,Crude Oil Inventories,Non-economic,-3.3M,-1.4M,-7.6M,2007-12-27 10:30:00
2007-12-27,6:15pm,JPY,Final Manufacturing PMI,Non-economic,52.3,,50.8,2007-12-27 18:15:00
2007-12-27,6:30pm,JPY,Tokyo Core CPI y/y,Medium,0.3%,0.3%,0.1%,2007-12-27 18:30:00
2007-12-27,6:30pm,JPY,Household Spending y/y,Non-economic,-0.6%,0.4%,0.6%,2007-12-27 18:30:00
2007-12-27,6:30pm,JPY,National Core CPI y/y,Non-economic,0.4%,0.3%,0.1%,2007-12-27 18:30:00
2007-12-27,6:30pm,JPY,Unemployment Rate,Non-economic,3.8%,4.0%,4.0%,2007-12-27 18:30:00
2007-12-27,6:50pm,JPY,Prelim Industrial Production m/m,Medium,-1.6%,-1.6%,1.7%,2007-12-27 18:50:00
2007-12-27,6:50pm,JPY,Retail Sales y/y,Medium,1.6%,0.9%,0.8%,2007-12-27 18:50:00
2007-12-27,8:30pm,JPY,Average Cash Earnings y/y,Non-economic,-0.2%,-0.3%,-0.1%,2007-12-27 20:30:00
2007-12-28,2:00am,GBP,Nationwide HPI m/m,Medium,-0.5%,-0.4%,-0.8%,2007-12-28 02:00:00
2007-12-28,All Day,EUR,German Prelim CPI m/m,Medium,0.5%,0.8%,0.5%,2007-12-28 00:00:00
2007-12-28,4:00am,EUR,Retail PMI,Non-economic,46.0,,45.9,2007-12-28 04:00:00
2007-12-28,5:00am,CHF,SNB Quarterly Bulletin,Non-economic,,,,2007-12-28 05:00:00
2007-12-28,5:30am,CHF,KOF Economic Barometer,Medium,1.99,1.98,2.02,2007-12-28 05:30:00
2007-12-28,5:30am,CHF,UBS Consumption Indicator,Medium,2.13,,2.21,2007-12-28 05:30:00
2007-12-28,5:30am,EUR,Italian 10-y Bond Auction,Non-economic,4.62|1.3,,4.47|1.5,2007-12-28 05:30:00
2007-12-28,9:45am,USD,Chicago PMI,Medium,56.6,52.0,52.9,2007-12-28 09:45:00
2007-12-28,10:00am,USD,New Home Sales,High,647K,718K,711K,2007-12-28 10:00:00
2007-12-28,10:30am,USD,Natural Gas Storage,Non-economic,-165B,-155B,-121B,2007-12-28 10:30:00
2007-12-30,All Day,JPY,Bank Holiday,Low,,,,2007-12-30 00:00:00
2007-12-30,7:30pm,AUD,Private Sector Credit m/m,Medium,1.7%,1.0%,0.9%,2007-12-30 19:30:00
2007-12-31,All Day,EUR,German Bank Holiday,Low,,,,2007-12-31 00:00:00
2007-12-31,10:00am,USD,Existing Home Sales,High,5.00M,4.97M,4.98M,2007-12-31 10:00:00
2007-12-31,All Day,NZD,Bank Holiday,Low,,,,2007-12-31 00:00:00
2007-12-31,All Day,AUD,Bank Holiday,Low,,,,2007-12-31 00:00:00
2007-12-31,All Day,CNY,Bank Holiday,Low,,,,2007-12-31 00:00:00
2007-12-31,All Day,JPY,Bank Holiday,Low,,,,2007-12-31 00:00:00
2007-12-31,8:00pm,CNY,Manufacturing PMI,High,55.3,,55.4,2007-12-31 20:00:00
2007-01-01,All Day,CHF,Bank Holiday,Low,,,,2007-01-01 00:00:00
2007-01-01,All Day,EUR,German Bank Holiday,Low,,,,2007-01-01 00:00:00
2007-01-01,All Day,EUR,French Bank Holiday,Low,,,,2007-01-01 00:00:00
2007-01-01,All Day,EUR,Italian Bank Holiday,Low,,,,2007-01-01 00:00:00
2007-01-01,All Day,GBP,Bank Holiday,Low,,,,2007-01-01 00:00:00
2007-01-01,All Day,CAD,Bank Holiday,Low,,,,2007-01-01 00:00:00
2007-01-01,All Day,USD,Bank Holiday,Low,,,,2007-01-01 00:00:00
2007-01-01,All Day,NZD,Bank Holiday,Low,,,,2007-01-01 00:00:00
2007-01-01,5:30pm,AUD,AIG Manufacturing Index,Non-economic,57.6,,53.8,2007-01-01 17:30:00
2007-01-01,All Day,CNY,Bank Holiday,Low,,,,2007-01-01 00:00:00
2007-01-01,All Day,JPY,Bank Holiday,Low,,,,2007-01-01 00:00:00
2007-01-01,9:30pm,CNY,RatingDog Manufacturing PMI,Medium,53.3,,52.8,2007-01-01 21:30:00
2007-01-02,12:30am,AUD,Commodity Prices y/y,Medium,1.8%,,1.6%,2007-01-02 00:30:00
2007-01-02,All Day,CHF,Bank Holiday,Low,,,,2007-01-02 00:00:00
2007-01-02,3:15am,EUR,Spanish Manufacturing PMI,Non-economic,49.5,,50.7,2007-01-02 03:15:00
2007-01-02,3:45am,EUR,Italian Manufacturing PMI,Non-economic,50.7,51.2,51.3,2007-01-02 03:45:00
2007-01-02,4:00am,EUR,Final Manufacturing PMI,Non-economic,52.6,52.5,52.5,2007-01-02 04:00:00
2007-01-02,4:30am,GBP,Final Manufacturing PMI,Medium,52.9,53.9,54.3,2007-01-02 04:30:00
2007-01-02,5:07am,EUR,German 10-y Bond Auction,Non-economic,4.35|1.2,,4.19|2.0,2007-01-02 05:07:00
2007-01-02,10:00am,USD,ISM Manufacturing PMI,High,47.7,50.7,50.8,2007-01-02 10:00:00
2007-01-02,10:00am,USD,Construction Spending m/m,Non-economic,0.1%,-0.4%,-0.4%,2007-01-02 10:00:00
2007-01-02,10:00am,USD,ISM Manufacturing Prices,Non-economic,68.0,65.0,67.5,2007-01-02 10:00:00
2007-01-02,2:00pm,USD,FOMC Meeting Minutes,High,,,,2007-01-02 14:00:00
2007-01-02,All Day,JPY,Bank Holiday,Low,,,,2007-01-02 00:00:00
2007-01-02,8:00pm,CNY,Non-Manufacturing PMI,Non-economic,58.8,,54.1,2007-01-02 20:00:00
2007-01-03,3:00am,EUR,Spanish Unemployment Change,Non-economic,35.1K,,45.9K,2007-01-03 03:00:00
2007-01-03,3:30am,CHF,Manufacturing PMI,Medium,61.3,61.5,63.4,2007-01-03 03:30:00
2007-01-03,3:55am,EUR,German Unemployment Change,Medium,-70K,-69K,-52K,2007-01-03 03:55:00
2007-01-03,4:00am,EUR,M3 Money Supply y/y,Non-economic,12.3%,12.3%,12.3%,2007-01-03 04:00:00
2007-01-03,4:00am,EUR,Private Loans y/y,Non-economic,11.0%,11.2%,11.2%,2007-01-03 04:00:00
2007-01-03,4:30am,GBP,BOE Credit Conditions Survey,Medium,,,,2007-01-03 04:30:00
2007-01-03,4:30am,GBP,Construction PMI,Non-economic,56.0,53.8,54.3,2007-01-03 04:30:00
2007-01-03,5:02am,EUR,French 10-y Bond Auction,Non-economic,4.31|2.5,,4.25|2.9,2007-01-03 05:02:00
2007-01-03,7:30am,USD,Challenger Job Cuts y/y,Non-economic,-4.7%,,-8.8%,2007-01-03 07:30:00
2007-01-03,8:15am,USD,ADP Non-Farm Employment Change,High,40K,45K,173K,2007-01-03 08:15:00
2007-01-03,8:30am,USD,Unemployment Claims,Medium,336K,345K,357K,2007-01-03 08:30:00
2007-01-03,10:00am,USD,Factory Orders m/m,Medium,1.5%,0.5%,0.7%,2007-01-03 10:00:00
2007-01-03,10:30am,USD,Crude Oil Inventories,Non-economic,-4.0M,-2.3M,-3.3M,2007-01-03 10:30:00
2007-01-03,All Day,USD,Total Vehicle Sales,Non-economic,16.2M,16.0M,16.2M,2007-01-03 00:00:00
2007-01-03,5:30pm,AUD,AIG Services Index,Non-economic,56.9,,56.4,2007-01-03 17:30:00
2007-01-04,1:45am,CHF,CPI m/m,High,0.2%,0.1%,0.5%,2007-01-04 01:45:00
2007-01-04,3:15am,EUR,Spanish Services PMI,Non-economic,51.0,,50.7,2007-01-04 03:15:00
2007-01-04,3:45am,EUR,Italian Services PMI,Non-economic,49.7,50.7,50.8,2007-01-04 03:45:00
2007-01-04,4:00am,EUR,Final Services PMI,Non-economic,53.1,53.2,53.2,2007-01-04 04:00:00
2007-01-04,4:30am,GBP,Final Services PMI,Medium,52.4,51.6,51.9,2007-01-04 04:30:00
2007-01-04,4:30am,GBP,Mortgage Approvals,Non-economic,83K,84K,89K,2007-01-04 04:30:00
2007-01-04,4:30am,GBP,Net Lending to Individuals m/m,Non-economic,8.9B,8.2B,9.0B,2007-01-04 04:30:00
2007-01-04,5:00am,EUR,CPI Flash Estimate y/y,Medium,3.1%,3.1%,3.1%,2007-01-04 05:00:00
2007-01-04,5:00am,EUR,Italian Prelim CPI m/m,Non-economic,0.3%,0.3%,0.4%,2007-01-04 05:00:00
2007-01-04,8:30am,CAD,RMPI m/m,Medium,3.4%,0.8%,0.7%,2007-01-04 08:30:00
2007-01-04,8:30am,CAD,IPPI m/m,Non-economic,0.6%,0.3%,-1.2%,2007-01-04 08:30:00
2007-01-04,8:30am,USD,Non-Farm Employment Change,High,18K,70K,115K,2007-01-04 08:30:00
2007-01-04,8:30am,USD,Unemployment Rate,High,5.0%,4.8%,4.7%,2007-01-04 08:30:00
2007-01-04,8:30am,USD,Average Hourly Earnings m/m,Medium,0.4%,0.3%,0.4%,2007-01-04 08:30:00
2007-01-04,10:00am,CAD,Ivey PMI,High,45.9,51.5,58.7,2007-01-04 10:00:00
2007-01-04,10:00am,USD,ISM Services PMI,High,53.9,53.5,54.1,2007-01-04 10:00:00
2007-01-04,10:30am,USD,Natural Gas Storage,Non-economic,-87B,-110B,-165B,2007-01-04 10:30:00
2007-01-04,11:15am,USD,FOMC Member Kohn Speaks,Medium,,,,2007-01-04 11:15:00
2007-01-05,11:15am,USD,FOMC Member Kohn Speaks,Medium,,,,2007-01-05 11:15:00
2007-01-06,4:45pm,NZD,Trade Balance,High,-646M,-473M,-717M,2007-01-06 16:45:00
2007-01-06,6:50pm,JPY,Monetary Base y/y,Non-economic,0.4%,0.7%,1.0%,2007-01-06 18:50:00
