Date,Time,Currency,Event,Impact,Actual,Forecast,Previous,Combined DateTime
2025-01-01,All Day,CHF,Bank Holiday,Low,,,,2025-01-01 00:00:00
2025-01-01,All Day,EUR,French Bank Holiday,Low,,,,2025-01-01 00:00:00
2025-01-01,All Day,EUR,German Bank Holiday,Low,,,,2025-01-01 00:00:00
2025-01-01,All Day,EUR,Italian Bank Holiday,Low,,,,2025-01-01 00:00:00
2025-01-01,3:00am,GBP,Bank Holiday,Low,,,,2025-01-01 03:00:00
2025-01-01,All Day,CAD,Bank Holiday,Low,,,,2025-01-01 00:00:00
2025-01-01,All Day,USD,Bank Holiday,Low,,,,2025-01-01 00:00:00
2025-01-01,All Day,NZD,Bank Holiday,Low,,,,2025-01-01 00:00:00
2025-01-01,All Day,JPY,Bank Holiday,Low,,,,2025-01-01 00:00:00
2025-01-01,8:45pm,CNY,RatingDog Manufacturing PMI,Non-economic,50.5,51.6,51.5,2025-01-01 20:45:00
2025-01-02,12:30am,AUD,Commodity Prices y/y,Non-economic,-10.7%,,-10.8%,2025-01-02 00:30:00
2025-01-02,All Day,CHF,Bank Holiday,Low,,,,2025-01-02 00:00:00
2025-01-02,2:00am,GBP,Nationwide HPI m/m,Non-economic,0.7%,0.1%,1.2%,2025-01-02 02:00:00
2025-01-02,3:15am,EUR,Spanish Manufacturing PMI,Non-economic,53.3,53.6,53.1,2025-01-02 03:15:00
2025-01-02,3:45am,EUR,Italian Manufacturing PMI,Non-economic,46.2,44.9,44.5,2025-01-02 03:45:00
2025-01-02,3:50am,EUR,French Final Manufacturing PMI,Non-economic,41.9,41.9,41.9,2025-01-02 03:50:00
2025-01-02,3:55am,EUR,German Final Manufacturing PMI,Non-economic,42.5,42.5,42.5,2025-01-02 03:55:00
2025-01-02,4:00am,EUR,Final Manufacturing PMI,Non-economic,45.1,45.2,45.2,2025-01-02 04:00:00
2025-01-02,4:00am,EUR,M3 Money Supply y/y,Non-economic,3.8%,3.5%,3.4%,2025-01-02 04:00:00
2025-01-02,4:00am,EUR,Private Loans y/y,Non-economic,0.9%,0.9%,0.8%,2025-01-02 04:00:00
2025-01-02,4:30am,GBP,Final Manufacturing PMI,Non-economic,47.0,47.3,47.3,2025-01-02 04:30:00
2025-01-02,8:30am,USD,Unemployment Claims,High,211K,222K,220K,2025-01-02 08:30:00
2025-01-02,9:30am,CAD,Manufacturing PMI,Non-economic,52.2,,52.0,2025-01-02 09:30:00
2025-01-02,9:45am,USD,Final Manufacturing PMI,Medium,49.4,48.3,48.3,2025-01-02 09:45:00
2025-01-02,10:00am,USD,Construction Spending m/m,Non-economic,0.0%,0.3%,0.5%,2025-01-02 10:00:00
2025-01-02,11:00am,USD,Crude Oil Inventories,Medium,-1.2M,-2.4M,-4.2M,2025-01-02 11:00:00
2025-01-02,All Day,JPY,Bank Holiday,Low,,,,2025-01-02 00:00:00
2025-01-03,3:00am,EUR,Spanish Unemployment Change,Non-economic,-25.3K,-46.5K,-16.0K,2025-01-03 03:00:00
2025-01-03,3:30am,CHF,Manufacturing PMI,Non-economic,48.4,48.4,48.5,2025-01-03 03:30:00
2025-01-03,3:55am,EUR,German Unemployment Change,Non-economic,10K,15K,6K,2025-01-03 03:55:00
2025-01-03,4:30am,GBP,M4 Money Supply m/m,Non-economic,0.0%,0.1%,-0.2%,2025-01-03 04:30:00
2025-01-03,4:30am,GBP,Mortgage Approvals,Non-economic,66K,69K,68K,2025-01-03 04:30:00
2025-01-03,4:30am,GBP,Net Lending to Individuals m/m,Non-economic,3.4B,4.4B,4.5B,2025-01-03 04:30:00
2025-01-03,10:00am,USD,ISM Manufacturing PMI,High,49.3,48.2,48.4,2025-01-03 10:00:00
2025-01-03,10:00am,USD,ISM Manufacturing Prices,Medium,52.5,51.5,50.3,2025-01-03 10:00:00
2025-01-03,All Day,USD,Wards Total Vehicle Sales,Non-economic,16.8M,16.5M,16.5M,2025-01-03 00:00:00
2025-01-03,10:30am,USD,Natural Gas Storage,Non-economic,-116B,-127B,-93B,2025-01-03 10:30:00
2025-01-03,11:00am,USD,FOMC Member Barkin Speaks,Non-economic,,,,2025-01-03 11:00:00
2025-01-04,5:30pm,USD,FOMC Member Daly Speaks,Non-economic,,,,2025-01-04 17:30:00
2025-01-04,5:30pm,USD,FOMC Member Kugler Speaks,Non-economic,,,,2025-01-04 17:30:00
2025-01-05,1:15pm,USD,FOMC Member Daly Speaks,Non-economic,,,,2025-01-05 13:15:00
2025-01-05,8:45pm,CNY,RatingDog Services PMI,Non-economic,52.2,51.4,51.5,2025-01-05 20:45:00
2025-01-06,All Day,EUR,Italian Bank Holiday,Low,,,,2025-01-06 00:00:00
2025-01-06,All Day,EUR,German Prelim CPI m/m,High,0.4%,0.3%,-0.2%,2025-01-06 00:00:00
2025-01-06,2:30am,CHF,Retail Sales y/y,Non-economic,0.8%,1.3%,1.5%,2025-01-06 02:30:00
2025-01-06,3:15am,EUR,Spanish Services PMI,Non-economic,57.3,54.1,53.1,2025-01-06 03:15:00
2025-01-06,3:45am,EUR,Italian Services PMI,Non-economic,50.7,50.0,49.2,2025-01-06 03:45:00
2025-01-06,3:50am,EUR,French Final Services PMI,Non-economic,49.3,48.2,48.2,2025-01-06 03:50:00
2025-01-06,3:55am,EUR,German Final Services PMI,Non-economic,51.2,51.0,51.0,2025-01-06 03:55:00
2025-01-06,4:00am,EUR,Final Services PMI,Non-economic,51.6,51.4,51.4,2025-01-06 04:00:00
2025-01-06,4:30am,EUR,Sentix Investor Confidence,Non-economic,-17.7,-17.7,-17.5,2025-01-06 04:30:00
2025-01-06,4:30am,GBP,Final Services PMI,Non-economic,51.1,51.4,51.4,2025-01-06 04:30:00
2025-01-06,9:30am,USD,FOMC Member Cook Speaks,Non-economic,,,,2025-01-06 09:30:00
2025-01-06,9:45am,USD,Final Services PMI,Medium,56.8,58.5,58.5,2025-01-06 09:45:00
2025-01-06,10:00am,USD,Factory Orders m/m,Non-economic,-0.4%,-0.3%,0.5%,2025-01-06 10:00:00
2025-01-06,6:50pm,JPY,Monetary Base y/y,Non-economic,-1.0%,-0.2%,-0.3%,2025-01-06 18:50:00
2025-01-06,7:01pm,GBP,BRC Retail Sales Monitor y/y,Non-economic,3.1%,-0.2%,-3.4%,2025-01-06 19:01:00
2025-01-06,7:30pm,AUD,Building Approvals m/m,Non-economic,-3.6%,-0.9%,5.2%,2025-01-06 19:30:00
2025-01-06,10:35pm,JPY,10-y Bond Auction,Non-economic,1.14|3.4,,1.08|3.1,2025-01-06 22:35:00
2025-01-07,2:00am,GBP,Halifax HPI m/m,Non-economic,-0.2%,0.8%,1.2%,2025-01-07 02:00:00
2025-01-07,2:30am,CHF,CPI m/m,High,-0.1%,-0.1%,-0.1%,2025-01-07 02:30:00
2025-01-07,2:45am,EUR,French Prelim CPI m/m,Non-economic,0.2%,0.3%,-0.1%,2025-01-07 02:45:00
2025-01-07,4:00am,EUR,Italian Monthly Unemployment Rate,Non-economic,5.7%,5.8%,5.8%,2025-01-07 04:00:00
2025-01-07,4:30am,GBP,Construction PMI,Medium,53.3,54.3,55.2,2025-01-07 04:30:00
2025-01-07,4:30am,GBP,Housing Equity Withdrawal q/q,Non-economic,-12.5B,-11.5B,-15.2B,2025-01-07 04:30:00
2025-01-07,5:00am,EUR,Core CPI Flash Estimate y/y,Medium,2.7%,2.7%,2.7%,2025-01-07 05:00:00
2025-01-07,5:00am,EUR,CPI Flash Estimate y/y,Medium,2.4%,2.4%,2.2%,2025-01-07 05:00:00
2025-01-07,5:00am,EUR,Italian Prelim CPI m/m,Non-economic,0.1%,0.3%,0.0%,2025-01-07 05:00:00
2025-01-07,5:00am,EUR,Unemployment Rate,Non-economic,6.3%,6.3%,6.3%,2025-01-07 05:00:00
2025-01-07,5:02am,GBP,30-y Bond Auction,Non-economic,5.20|2.7,,4.83|3.1,2025-01-07 05:02:00
2025-01-07,8:00am,USD,FOMC Member Barkin Speaks,Non-economic,,,,2025-01-07 08:00:00
2025-01-07,8:30am,CAD,Trade Balance,Non-economic,-0.3B,-0.8B,-0.5B,2025-01-07 08:30:00
2025-01-07,8:30am,USD,Trade Balance,Non-economic,-78.2B,-78.3B,-73.6B,2025-01-07 08:30:00
2025-01-07,9:54am,NZD,GDT Price Index,Non-economic,-1.4%,,-2.8%,2025-01-07 09:54:00
2025-01-07,10:00am,CAD,Ivey PMI,Medium,54.7,55.4,52.3,2025-01-07 10:00:00
2025-01-07,10:00am,USD,ISM Services PMI,High,54.1,53.5,52.1,2025-01-07 10:00:00
2025-01-07,10:00am,USD,JOLTS Job Openings,High,8.10M,7.73M,7.84M,2025-01-07 10:00:00
2025-01-07,1:01pm,USD,10-y Bond Auction,Non-economic,4.68|2.5,,4.24|2.7,2025-01-07 13:01:00
2025-01-07,4:30pm,USD,API Weekly Statistical Bulletin,Non-economic,,,,2025-01-07 16:30:00
2025-01-07,7:00pm,NZD,ANZ Commodity Prices m/m,Non-economic,0.2%,,2.9%,2025-01-07 19:00:00
2025-01-07,7:30pm,AUD,CPI y/y,High,2.3%,2.2%,2.1%,2025-01-07 19:30:00
2025-01-08,12:00am,JPY,Consumer Confidence,Non-economic,36.2,36.6,36.4,2025-01-08 00:00:00
2025-01-08,2:00am,EUR,German Factory Orders m/m,Non-economic,-5.4%,-0.3%,-1.5%,2025-01-08 02:00:00
2025-01-08,2:00am,EUR,German Retail Sales m/m,Non-economic,-0.6%,0.5%,-0.3%,2025-01-08 02:00:00
2025-01-08,2:45am,EUR,French Trade Balance,Non-economic,-7.1B,-7.0B,-7.5B,2025-01-08 02:45:00
2025-01-08,5:00am,EUR,PPI m/m,Non-economic,1.6%,1.5%,0.4%,2025-01-08 05:00:00
2025-01-08,5:38am,EUR,German 10-y Bond Auction,Non-economic,2.51|2.1,,2.07|2.4,2025-01-08 05:38:00
2025-01-08,8:00am,USD,FOMC Member Waller Speaks,Medium,,,,2025-01-08 08:00:00
2025-01-08,8:15am,USD,ADP Non-Farm Employment Change,High,122K,139K,146K,2025-01-08 08:15:00
2025-01-08,8:30am,USD,Unemployment Claims,High,201K,214K,211K,2025-01-08 08:30:00
2025-01-08,10:00am,USD,Final Wholesale Inventories m/m,Non-economic,-0.2%,-0.2%,-0.2%,2025-01-08 10:00:00
2025-01-08,10:30am,USD,Crude Oil Inventories,Medium,-1.0M,-1.8M,-1.2M,2025-01-08 10:30:00
2025-01-08,12:00pm,USD,Natural Gas Storage,Non-economic,-40B,-39B,-116B,2025-01-08 12:00:00
2025-01-08,1:01pm,USD,30-y Bond Auction,Non-economic,4.91|2.5,,4.54|2.4,2025-01-08 13:01:00
2025-01-08,2:00pm,USD,FOMC Meeting Minutes,High,,,,2025-01-08 14:00:00
2025-01-08,3:00pm,USD,Consumer Credit m/m,Non-economic,-7.5B,10.3B,17.3B,2025-01-08 15:00:00
2025-01-08,6:30pm,JPY,Average Cash Earnings y/y,Non-economic,3.0%,2.7%,2.2%,2025-01-08 18:30:00
2025-01-08,7:01pm,GBP,BRC Shop Price Index y/y,Non-economic,-1.0%,,-0.6%,2025-01-08 19:01:00
2025-01-08,7:30pm,AUD,Retail Sales m/m,Medium,0.8%,1.0%,0.5%,2025-01-08 19:30:00
2025-01-08,7:30pm,AUD,Goods Trade Balance,Non-economic,7.08B,5.62B,5.67B,2025-01-08 19:30:00
2025-01-08,8:30pm,CNY,CPI y/y,Medium,0.1%,0.1%,0.2%,2025-01-08 20:30:00
2025-01-08,8:30pm,CNY,PPI y/y,Medium,-2.3%,-2.4%,-2.5%,2025-01-08 20:30:00
2025-01-08,10:35pm,JPY,30-y Bond Auction,Non-economic,2.30|3.7,,2.29|3.5,2025-01-08 22:35:00
2025-01-09,2:00am,EUR,German Industrial Production m/m,Non-economic,1.5%,0.5%,-0.4%,2025-01-09 02:00:00
2025-01-09,2:00am,EUR,German Trade Balance,Non-economic,19.7B,14.7B,13.4B,2025-01-09 02:00:00
2025-01-09,3:00am,CHF,Foreign Currency Reserves,Non-economic,731B,,725B,2025-01-09 03:00:00
2025-01-09,4:00am,EUR,ECB Economic Bulletin,Non-economic,,,,2025-01-09 04:00:00
2025-01-09,4:59am,EUR,French 10-y Bond Auction,Non-economic,3.40|2.0,,3.24|2.0,2025-01-09 04:59:00
2025-01-09,5:00am,EUR,Retail Sales m/m,Non-economic,0.1%,0.3%,-0.3%,2025-01-09 05:00:00
2025-01-09,7:30am,USD,Challenger Job Cuts y/y,Non-economic,11.4%,,26.8%,2025-01-09 07:30:00
2025-01-09,9:00am,USD,FOMC Member Collins Speaks,Non-economic,,,,2025-01-09 09:00:00
2025-01-09,9:00am,USD,FOMC Member Harker Speaks,Non-economic,,,,2025-01-09 09:00:00
2025-01-09,11:00am,GBP,MPC Member Breeden Speaks,Non-economic,,,,2025-01-09 11:00:00
2025-01-09,12:45pm,USD,FOMC Member Barkin Speaks,Non-economic,,,,2025-01-09 12:45:00
2025-01-09,1:30pm,USD,FOMC Member Schmid Speaks,Non-economic,,,,2025-01-09 13:30:00
2025-01-09,1:35pm,USD,FOMC Member Bowman Speaks,Non-economic,,,,2025-01-09 13:35:00
2025-01-09,6:30pm,JPY,Household Spending y/y,Non-economic,-0.4%,-0.8%,-1.3%,2025-01-09 18:30:00
2025-01-09,7:30pm,AUD,Household Spending m/m,Non-economic,0.4%,0.9%,0.9%,2025-01-09 19:30:00
2025-01-10,12:00am,JPY,Leading Indicators,Non-economic,107.0%,107.2%,109.1%,2025-01-10 00:00:00
2025-01-10,1:45am,CHF,Unemployment Rate,Non-economic,2.6%,2.7%,2.6%,2025-01-10 01:45:00
2025-01-10,2:45am,EUR,French Consumer Spending m/m,Non-economic,0.3%,0.1%,-0.3%,2025-01-10 02:45:00
2025-01-10,2:45am,EUR,French Industrial Production m/m,Non-economic,0.2%,-0.1%,-0.3%,2025-01-10 02:45:00
2025-01-10,4:00am,EUR,Italian Retail Sales m/m,Non-economic,-0.4%,0.2%,-0.5%,2025-01-10 04:00:00
2025-01-10,8:30am,CAD,Employment Change,High,90.9K,24.9K,50.5K,2025-01-10 08:30:00
2025-01-10,8:30am,CAD,Unemployment Rate,High,6.7%,6.9%,6.8%,2025-01-10 08:30:00
2025-01-10,8:30am,CAD,Building Permits m/m,Non-economic,-5.9%,1.3%,-4.1%,2025-01-10 08:30:00
2025-01-10,8:30am,USD,Average Hourly Earnings m/m,High,0.3%,0.3%,0.4%,2025-01-10 08:30:00
2025-01-10,8:30am,USD,Non-Farm Employment Change,High,256K,164K,212K,2025-01-10 08:30:00
2025-01-10,8:30am,USD,Unemployment Rate,High,4.1%,4.2%,4.2%,2025-01-10 08:30:00
2025-01-10,10:00am,USD,Prelim UoM Consumer Sentiment,Medium,73.2,74.0,74.0,2025-01-10 10:00:00
2025-01-10,10:00am,USD,Prelim UoM Inflation Expectations,Medium,3.3%,,2.8%,2025-01-10 10:00:00
2025-01-10,10:05am,USD,FOMC Member Goolsbee Speaks,Non-economic,,,,2025-01-10 10:05:00
2025-01-12,4:45pm,NZD,Building Consents m/m,Non-economic,5.3%,,-5.2%,2025-01-12 16:45:00
2025-01-12,7:00pm,AUD,MI Inflation Gauge m/m,Non-economic,0.6%,,0.2%,2025-01-12 19:00:00
2025-01-12,All Day,JPY,Bank Holiday,Low,,,,2025-01-12 00:00:00
2025-01-12,7:30pm,AUD,ANZ Job Advertisements m/m,Non-economic,0.3%,,-1.8%,2025-01-12 19:30:00
2025-01-12,10:02pm,CNY,Trade Balance,Non-economic,753B,730B,693B,2025-01-12 22:02:00
2025-01-12,10:03pm,CNY,USD-Denominated Trade Balance,Non-economic,104.8B,100.0B,97.4B,2025-01-12 22:03:00
2025-01-13,3:00am,CHF,SECO Consumer Climate,Non-economic,-30,-38,-37,2025-01-13 03:00:00
2025-01-13,4:00pm,NZD,NZIER Business Confidence,Non-economic,16,,-1,2025-01-13 16:00:00
2025-01-13,6:30pm,AUD,Westpac Consumer Sentiment,Non-economic,-0.7%,,-2.0%,2025-01-13 18:30:00
2025-01-13,6:50pm,JPY,Bank Lending y/y,Non-economic,3.1%,3.1%,2.9%,2025-01-13 18:50:00
2025-01-13,6:50pm,JPY,Current Account,Non-economic,3.03T,2.59T,2.41T,2025-01-13 18:50:00
2025-01-14,12:00am,JPY,Economy Watchers Sentiment,Non-economic,49.9,49.4,49.4,2025-01-14 00:00:00
2025-01-14,2:05am,CNY,M2 Money Supply y/y,Non-economic,7.3%,7.3%,7.1%,2025-01-14 02:05:00
2025-01-14,2:09am,CNY,New Loans,Medium,990B,890B,580B,2025-01-14 02:09:00
2025-01-14,2:45am,EUR,French Gov Budget Balance,Non-economic,-172.5B,,-157.4B,2025-01-14 02:45:00
2025-01-14,3:30am,GBP,MPC Member Breeden Speaks,Non-economic,,,,2025-01-14 03:30:00
2025-01-14,4:00am,EUR,Italian Industrial Production m/m,Non-economic,0.3%,0.0%,0.1%,2025-01-14 04:00:00
2025-01-14,Tentative,GBP,10-y Bond Auction,Non-economic,,,,2025-01-14 00:00:00
2025-01-14,6:00am,USD,NFIB Small Business Index,Non-economic,105.1,101.3,101.7,2025-01-14 06:00:00
2025-01-14,8:30am,USD,Core PPI m/m,High,0.0%,0.2%,0.2%,2025-01-14 08:30:00
2025-01-14,8:30am,USD,PPI m/m,High,0.2%,0.4%,0.4%,2025-01-14 08:30:00
2025-01-14,10:00am,USD,FOMC Member Schmid Speaks,Non-economic,,,,2025-01-14 10:00:00
2025-01-14,10:06am,USD,RCM/TIPP Economic Optimism,Non-economic,51.9,55.1,54.0,2025-01-14 10:06:00
2025-01-14,2:00pm,USD,Federal Budget Balance,Non-economic,-86.7B,-77.6B,-366.8B,2025-01-14 14:00:00
2025-01-14,3:00pm,USD,FOMC Member Williams Speaks,Non-economic,,,,2025-01-14 15:00:00
2025-01-14,4:30pm,USD,API Weekly Statistical Bulletin,Non-economic,,,,2025-01-14 16:30:00
2025-01-14,6:50pm,JPY,M2 Money Stock y/y,Non-economic,1.3%,1.2%,1.2%,2025-01-14 18:50:00
2025-01-15,12:58am,JPY,Prelim Machine Tool Orders y/y,Non-economic,11.2%,,3.0%,2025-01-15 00:58:00
2025-01-15,2:00am,EUR,German WPI m/m,Non-economic,0.1%,0.1%,0.0%,2025-01-15 02:00:00
2025-01-15,2:00am,GBP,CPI y/y,High,2.5%,2.6%,2.6%,2025-01-15 02:00:00
2025-01-15,2:00am,GBP,Core CPI y/y,Non-economic,3.2%,3.4%,3.5%,2025-01-15 02:00:00
2025-01-15,2:00am,GBP,PPI Input m/m,Non-economic,0.1%,0.2%,0.0%,2025-01-15 02:00:00
2025-01-15,2:00am,GBP,PPI Output m/m,Non-economic,0.1%,0.1%,0.4%,2025-01-15 02:00:00
2025-01-15,2:00am,GBP,RPI y/y,Non-economic,3.5%,3.8%,3.6%,2025-01-15 02:00:00
2025-01-15,2:45am,EUR,French Final CPI m/m,Non-economic,0.2%,0.2%,0.2%,2025-01-15 02:45:00
2025-01-15,4:30am,GBP,HPI y/y,Non-economic,3.3%,3.5%,3.4%,2025-01-15 04:30:00
2025-01-15,5:00am,EUR,Industrial Production m/m,Non-economic,0.2%,0.3%,0.2%,2025-01-15 05:00:00
2025-01-15,5:02am,GBP,10-y Bond Auction,Non-economic,4.81|2.8,,4.33|2.9,2025-01-15 05:02:00
2025-01-15,5:34am,EUR,German 30-y Bond Auction,Non-economic,2.84|2.8,,2.55|3.6,2025-01-15 05:34:00
2025-01-15,8:30am,CAD,Manufacturing Sales m/m,Non-economic,0.8%,0.4%,2.1%,2025-01-15 08:30:00
2025-01-15,8:30am,CAD,Wholesale Sales m/m,Non-economic,-0.2%,-0.6%,1.3%,2025-01-15 08:30:00
2025-01-15,8:30am,USD,Core CPI m/m,High,0.2%,0.3%,0.3%,2025-01-15 08:30:00
2025-01-15,8:30am,USD,CPI m/m,High,0.4%,0.4%,0.3%,2025-01-15 08:30:00
2025-01-15,8:30am,USD,CPI y/y,High,2.9%,2.9%,2.7%,2025-01-15 08:30:00
2025-01-15,8:30am,USD,Empire State Manufacturing Index,Medium,-12.6,2.7,0.2,2025-01-15 08:30:00
2025-01-15,9:20am,USD,FOMC Member Barkin Speaks,Non-economic,,,,2025-01-15 09:20:00
2025-01-15,10:00am,USD,FOMC Member Kashkari Speaks,Non-economic,,,,2025-01-15 10:00:00
2025-01-15,10:30am,USD,Crude Oil Inventories,Medium,-2.0M,-1.0M,-1.0M,2025-01-15 10:30:00
2025-01-15,11:00am,USD,FOMC Member Williams Speaks,Non-economic,,,,2025-01-15 11:00:00
2025-01-15,11:30am,GBP,MPC Member Taylor Speaks,Non-economic,,,,2025-01-15 11:30:00
2025-01-15,12:00pm,USD,FOMC Member Goolsbee Speaks,Non-economic,,,,2025-01-15 12:00:00
2025-01-15,2:00pm,USD,Beige Book,Non-economic,,,,2025-01-15 14:00:00
2025-01-15,4:45pm,NZD,FPI m/m,Non-economic,0.1%,,-0.1%,2025-01-15 16:45:00
2025-01-15,6:50pm,JPY,PPI y/y,Non-economic,3.8%,3.8%,3.8%,2025-01-15 18:50:00
2025-01-15,7:00pm,AUD,MI Inflation Expectations,Non-economic,4.0%,,4.2%,2025-01-15 19:00:00
2025-01-15,7:01pm,GBP,RICS House Price Balance,Non-economic,28%,28%,24%,2025-01-15 19:01:00
2025-01-15,7:30pm,AUD,Employment Change,High,56.3K,14.5K,28.2K,2025-01-15 19:30:00
2025-01-15,7:30pm,AUD,Unemployment Rate,High,4.0%,4.0%,3.9%,2025-01-15 19:30:00
2025-01-16,2:00am,EUR,German Final CPI m/m,Non-economic,0.5%,0.4%,0.4%,2025-01-16 02:00:00
2025-01-16,2:00am,GBP,GDP m/m,High,0.1%,0.2%,-0.1%,2025-01-16 02:00:00
2025-01-16,2:00am,GBP,Construction Output m/m,Non-economic,0.4%,0.4%,-0.3%,2025-01-16 02:00:00
2025-01-16,2:00am,GBP,Goods Trade Balance,Non-economic,-19.3B,-18.0B,-19.3B,2025-01-16 02:00:00
2025-01-16,2:00am,GBP,Index of Services 3m/3m,Non-economic,0.0%,0.1%,0.0%,2025-01-16 02:00:00
2025-01-16,2:00am,GBP,Industrial Production m/m,Non-economic,-0.4%,0.1%,-0.6%,2025-01-16 02:00:00
2025-01-16,2:00am,GBP,Manufacturing Production m/m,Non-economic,-0.3%,-0.2%,-0.6%,2025-01-16 02:00:00
2025-01-16,4:30am,GBP,BOE Credit Conditions Survey,Non-economic,,,,2025-01-16 04:30:00
2025-01-16,5:00am,EUR,Italian Trade Balance,Non-economic,4.22B,4.50B,5.07B,2025-01-16 05:00:00
2025-01-16,5:00am,EUR,Trade Balance,Non-economic,12.9B,11.8B,7.0B,2025-01-16 05:00:00
2025-01-16,Tentative,GBP,30-y Bond Auction,Non-economic,,,,2025-01-16 00:00:00
2025-01-16,7:30am,EUR,ECB Monetary Policy Meeting Accounts,Non-economic,,,,2025-01-16 07:30:00
2025-01-16,7:45am,GBP,NIESR GDP Estimate,Non-economic,0.0%,,0.0%,2025-01-16 07:45:00
2025-01-16,8:15am,CAD,Housing Starts,Non-economic,231K,252K,267K,2025-01-16 08:15:00
2025-01-16,8:30am,USD,Core Retail Sales m/m,High,0.4%,0.5%,0.2%,2025-01-16 08:30:00
2025-01-16,8:30am,USD,Retail Sales m/m,High,0.4%,0.6%,0.8%,2025-01-16 08:30:00
2025-01-16,8:30am,USD,Unemployment Claims,High,217K,210K,203K,2025-01-16 08:30:00
2025-01-16,8:30am,USD,Philly Fed Manufacturing Index,Medium,44.3,-5.2,-16.4,2025-01-16 08:30:00
2025-01-16,8:30am,USD,Import Prices m/m,Non-economic,0.1%,-0.1%,0.1%,2025-01-16 08:30:00
2025-01-16,10:00am,USD,Business Inventories m/m,Non-economic,0.1%,0.1%,0.0%,2025-01-16 10:00:00
2025-01-16,10:00am,USD,NAHB Housing Market Index,Non-economic,47,45,46,2025-01-16 10:00:00
2025-01-16,10:30am,AUD,CB Leading Index m/m,Non-economic,0.7%,,0.1%,2025-01-16 10:30:00
2025-01-16,10:30am,USD,Natural Gas Storage,Non-economic,-258B,-260B,-40B,2025-01-16 10:30:00
2025-01-16,12:30pm,CAD,Gov Council Member Gravelle Speaks,Non-economic,,,,2025-01-16 12:30:00
2025-01-16,4:30pm,NZD,BusinessNZ Manufacturing Index,Non-economic,45.9,,45.2,2025-01-16 16:30:00
2025-01-16,8:30pm,CNY,New Home Prices m/m,Non-economic,-0.08%,,-0.20%,2025-01-16 20:30:00
2025-01-16,9:00pm,CNY,GDP q/y,Medium,5.4%,5.0%,4.6%,2025-01-16 21:00:00
2025-01-16,9:00pm,CNY,Industrial Production y/y,Medium,6.2%,5.4%,5.4%,2025-01-16 21:00:00
2025-01-16,9:00pm,CNY,Retail Sales y/y,Medium,3.7%,3.5%,3.0%,2025-01-16 21:00:00
2025-01-16,9:00pm,CNY,Fixed Asset Investment ytd/y,Non-economic,3.2%,3.3%,3.3%,2025-01-16 21:00:00
2025-01-16,9:00pm,CNY,NBS Press Conference,Non-economic,,,,2025-01-16 21:00:00
2025-01-16,9:00pm,CNY,Unemployment Rate,Non-economic,5.1%,5.0%,5.0%,2025-01-16 21:00:00
2025-01-17,2:00am,GBP,Retail Sales m/m,High,-0.3%,0.4%,0.1%,2025-01-17 02:00:00
2025-01-17,4:00am,EUR,Current Account,Non-economic,27.0B,28.0B,30.2B,2025-01-17 04:00:00
2025-01-17,4:03am,CNY,Foreign Direct Investment ytd/y,Non-economic,-27.1%,,-27.9%,2025-01-17 04:03:00
2025-01-17,5:00am,EUR,Final Core CPI y/y,Non-economic,2.7%,2.7%,2.7%,2025-01-17 05:00:00
2025-01-17,5:00am,EUR,Final CPI y/y,Non-economic,2.4%,2.4%,2.4%,2025-01-17 05:00:00
2025-01-17,8:30am,CAD,Foreign Securities Purchases,Non-economic,16.40B,14.50B,21.55B,2025-01-17 08:30:00
2025-01-17,8:30am,USD,Building Permits,Medium,1.48M,1.46M,1.49M,2025-01-17 08:30:00
2025-01-17,8:30am,USD,Housing Starts,Non-economic,1.50M,1.33M,1.29M,2025-01-17 08:30:00
2025-01-17,9:15am,USD,Capacity Utilization Rate,Non-economic,77.6%,77.0%,77.0%,2025-01-17 09:15:00
2025-01-17,9:15am,USD,Industrial Production m/m,Non-economic,0.9%,0.3%,0.2%,2025-01-17 09:15:00
2025-01-17,9:30am,GBP,CB Leading Index m/m,Non-economic,-0.3%,,0.1%,2025-01-17 09:30:00
2025-01-17,4:00pm,USD,TIC Long-Term Purchases,Non-economic,79.0B,159.9B,159.1B,2025-01-17 16:00:00
2025-01-19,6:50pm,JPY,Core Machinery Orders m/m,Non-economic,3.4%,-0.7%,2.1%,2025-01-19 18:50:00
2025-01-19,7:01pm,GBP,Rightmove HPI m/m,Non-economic,1.7%,,-1.7%,2025-01-19 19:01:00
2025-01-19,8:00pm,CNY,1-y Loan Prime Rate,Medium,3.10%,3.10%,3.10%,2025-01-19 20:00:00
2025-01-19,8:00pm,CNY,5-y Loan Prime Rate,Medium,3.60%,3.60%,3.60%,2025-01-19 20:00:00
2025-01-19,11:30pm,JPY,Revised Industrial Production m/m,Non-economic,-2.2%,-2.3%,-2.3%,2025-01-19 23:30:00
2025-01-19,11:30pm,JPY,Tertiary Industry Activity m/m,Non-economic,-0.3%,0.1%,0.1%,2025-01-19 23:30:00
2025-01-20,2:00am,EUR,German PPI m/m,Non-economic,-0.1%,0.3%,0.5%,2025-01-20 02:00:00
2025-01-20,2:30am,CHF,PPI m/m,Non-economic,0.0%,0.2%,-0.6%,2025-01-20 02:30:00
2025-01-20,Day 1,All,WEF Annual Meetings,Medium,,,,2025-01-20 00:00:00
2025-01-20,All Day,EUR,Eurogroup Meetings,Non-economic,,,,2025-01-20 00:00:00
2025-01-20,All Day,USD,Bank Holiday,Low,,,,2025-01-20 00:00:00
2025-01-20,10:30am,CAD,BOC Business Outlook Survey,Non-economic,,,,2025-01-20 10:30:00
2025-01-20,12:00pm,USD,President Trump Speaks,High,,,,2025-01-20 12:00:00
2025-01-20,4:30pm,NZD,BusinessNZ Services Index,Non-economic,47.9,,49.5,2025-01-20 16:30:00
2025-01-21,2:00am,GBP,Claimant Count Change,High,0.7K,10.3K,-25.1K,2025-01-21 02:00:00
2025-01-21,2:00am,GBP,Average Earnings Index 3m/y,Medium,5.6%,5.6%,5.2%,2025-01-21 02:00:00
2025-01-21,2:00am,GBP,Unemployment Rate,Non-economic,4.4%,4.3%,4.3%,2025-01-21 02:00:00
2025-01-21,Day 2,All,WEF Annual Meetings,Medium,,,,2025-01-21 00:00:00
2025-01-21,5:00am,EUR,German ZEW Economic Sentiment,Medium,10.3,15.2,15.7,2025-01-21 05:00:00
2025-01-21,5:00am,EUR,ZEW Economic Sentiment,Non-economic,18.0,16.9,17.0,2025-01-21 05:00:00
2025-01-21,All Day,EUR,ECOFIN Meetings,Non-economic,,,,2025-01-21 00:00:00
2025-01-21,8:30am,CAD,CPI m/m,High,-0.4%,-0.7%,0.0%,2025-01-21 08:30:00
2025-01-21,8:30am,CAD,Median CPI y/y,High,2.4%,2.5%,2.6%,2025-01-21 08:30:00
2025-01-21,8:30am,CAD,Trimmed CPI y/y,High,2.5%,2.5%,2.6%,2025-01-21 08:30:00
2025-01-21,8:30am,CAD,Common CPI y/y,Medium,2.0%,1.9%,2.0%,2025-01-21 08:30:00
2025-01-21,8:30am,CAD,Core CPI m/m,Non-economic,-0.3%,,-0.1%,2025-01-21 08:30:00
2025-01-21,9:57am,NZD,GDT Price Index,Non-economic,1.4%,,-1.4%,2025-01-21 09:57:00
2025-01-21,4:45pm,NZD,CPI q/q,High,0.5%,0.5%,0.6%,2025-01-21 16:45:00
2025-01-21,6:30pm,AUD,MI Leading Index m/m,Non-economic,0.0%,,0.1%,2025-01-21 18:30:00
2025-01-22,2:00am,GBP,Public Sector Net Borrowing,Non-economic,17.8B,14.2B,11.8B,2025-01-22 02:00:00
2025-01-22,Day 3,All,WEF Annual Meetings,Medium,,,,2025-01-22 00:00:00
2025-01-22,6:00am,EUR,German Buba Monthly Report,Non-economic,,,,2025-01-22 06:00:00
2025-01-22,8:30am,CAD,IPPI m/m,Non-economic,0.2%,0.5%,0.6%,2025-01-22 08:30:00
2025-01-22,8:30am,CAD,RMPI m/m,Non-economic,1.3%,0.4%,-0.1%,2025-01-22 08:30:00
2025-01-22,10:00am,USD,CB Leading Index m/m,Non-economic,-0.1%,-0.1%,0.4%,2025-01-22 10:00:00
2025-01-22,10:15am,EUR,ECB President Lagarde Speaks,Medium,,,,2025-01-22 10:15:00
2025-01-22,4:30pm,USD,API Weekly Statistical Bulletin,Non-economic,,,,2025-01-22 16:30:00
2025-01-22,4:45pm,NZD,Visitor Arrivals m/m,Non-economic,1.0%,,0.0%,2025-01-22 16:45:00
2025-01-22,6:50pm,JPY,Trade Balance,Non-economic,-0.03T,-0.51T,-0.39T,2025-01-22 18:50:00
2025-01-23,Day 4,All,WEF Annual Meetings,Medium,,,,2025-01-23 00:00:00
2025-01-23,6:00am,GBP,CBI Industrial Order Expectations,Non-economic,-34,-35,-40,2025-01-23 06:00:00
2025-01-23,8:30am,CAD,Core Retail Sales m/m,High,-0.7%,0.1%,-0.1%,2025-01-23 08:30:00
2025-01-23,8:30am,CAD,Retail Sales m/m,High,0.0%,0.2%,0.6%,2025-01-23 08:30:00
2025-01-23,8:30am,USD,Unemployment Claims,High,223K,221K,217K,2025-01-23 08:30:00
2025-01-23,10:00am,EUR,Consumer Confidence,Non-economic,-14,-14,-15,2025-01-23 10:00:00
2025-01-23,10:30am,USD,Natural Gas Storage,Non-economic,-223B,-270B,-258B,2025-01-23 10:30:00
2025-01-23,11:00am,USD,President Trump Speaks,High,,,,2025-01-23 11:00:00
2025-01-23,12:00pm,USD,Crude Oil Inventories,Medium,-1.0M,-0.1M,-2.0M,2025-01-23 12:00:00
2025-01-23,5:00pm,AUD,Flash Manufacturing PMI,Non-economic,49.8,,47.8,2025-01-23 17:00:00
2025-01-23,5:00pm,AUD,Flash Services PMI,Non-economic,50.4,,50.8,2025-01-23 17:00:00
2025-01-23,6:30pm,JPY,National Core CPI y/y,Non-economic,3.0%,3.0%,2.7%,2025-01-23 18:30:00
2025-01-23,7:01pm,GBP,GfK Consumer Confidence,Non-economic,-22,-18,-17,2025-01-23 19:01:00
2025-01-23,7:30pm,JPY,Flash Manufacturing PMI,Non-economic,48.8,48.9,49.6,2025-01-23 19:30:00
2025-01-23,9:00pm,NZD,Credit Card Spending y/y,Non-economic,-1.4%,,-3.1%,2025-01-23 21:00:00
2025-01-23,10:23pm,JPY,BOJ Outlook Report,High,,,,2025-01-23 22:23:00
2025-01-23,10:23pm,JPY,BOJ Policy Rate,High,<0.50%,<0.50%,<0.25%,2025-01-23 22:23:00
2025-01-23,10:23pm,JPY,Monetary Policy Statement,High,,,,2025-01-23 22:23:00
2025-01-24,1:30am,JPY,BOJ Press Conference,High,,,,2025-01-24 01:30:00
2025-01-24,3:15am,EUR,French Flash Manufacturing PMI,High,45.3,42.4,41.9,2025-01-24 03:15:00
2025-01-24,3:15am,EUR,French Flash Services PMI,High,48.9,49.3,49.3,2025-01-24 03:15:00
2025-01-24,3:30am,EUR,German Flash Manufacturing PMI,High,44.1,42.7,42.5,2025-01-24 03:30:00
2025-01-24,3:30am,EUR,German Flash Services PMI,High,52.5,51.1,51.2,2025-01-24 03:30:00
2025-01-24,4:00am,EUR,Flash Manufacturing PMI,Medium,46.1,45.6,45.1,2025-01-24 04:00:00
2025-01-24,4:00am,EUR,Flash Services PMI,Medium,51.4,51.4,51.6,2025-01-24 04:00:00
2025-01-24,Day 5,All,WEF Annual Meetings,Medium,,,,2025-01-24 00:00:00
2025-01-24,4:30am,GBP,Flash Manufacturing PMI,High,48.2,46.9,47.0,2025-01-24 04:30:00
2025-01-24,4:30am,GBP,Flash Services PMI,High,51.2,50.8,51.1,2025-01-24 04:30:00
2025-01-24,5:00am,EUR,ECB President Lagarde Speaks,Medium,,,,2025-01-24 05:00:00
2025-01-24,6:00am,GBP,CBI Realized Sales,Non-economic,-24,-11,-15,2025-01-24 06:00:00
2025-01-24,8:30am,CAD,NHPI m/m,Non-economic,-0.1%,0.2%,0.1%,2025-01-24 08:30:00
2025-01-24,9:45am,USD,Flash Manufacturing PMI,High,50.1,49.8,49.4,2025-01-24 09:45:00
2025-01-24,9:45am,USD,Flash Services PMI,High,52.8,56.4,56.8,2025-01-24 09:45:00
2025-01-24,10:00am,USD,Existing Home Sales,Medium,4.24M,4.19M,4.15M,2025-01-24 10:00:00
2025-01-24,10:00am,USD,Revised UoM Consumer Sentiment,Medium,71.1,73.3,73.2,2025-01-24 10:00:00
2025-01-24,10:00am,USD,Revised UoM Inflation Expectations,Non-economic,3.3%,,3.3%,2025-01-24 10:00:00
2025-01-26,All Day,AUD,Bank Holiday,Low,,,,2025-01-26 00:00:00
2025-01-26,8:30pm,CNY,Manufacturing PMI,High,49.1,50.1,50.1,2025-01-26 20:30:00
2025-01-26,8:30pm,CNY,Non-Manufacturing PMI,Medium,50.2,52.1,52.2,2025-01-26 20:30:00
2025-01-27,3:10am,EUR,ECB President Lagarde Speaks,Medium,,,,2025-01-27 03:10:00
2025-01-27,4:00am,EUR,German ifo Business Climate,Medium,85.1,84.9,84.7,2025-01-27 04:00:00
2025-01-27,8:58am,EUR,Belgian NBB Business Climate,Non-economic,-13.6,-10.3,-13.8,2025-01-27 08:58:00
2025-01-27,9:00am,CNY,CB Leading Index m/m,Non-economic,-0.1%,,-0.5%,2025-01-27 09:00:00
2025-01-27,10:00am,USD,New Home Sales,Medium,698K,669K,674K,2025-01-27 10:00:00
2025-01-27,4:25pm,CHF,SNB Chairman Schlegel Speaks,High,,,,2025-01-27 16:25:00
2025-01-27,6:50pm,JPY,SPPI y/y,Non-economic,2.9%,3.2%,3.0%,2025-01-27 18:50:00
2025-01-27,7:01pm,GBP,BRC Shop Price Index y/y,Non-economic,-0.7%,,-1.0%,2025-01-27 19:01:00
2025-01-27,7:30pm,AUD,NAB Business Confidence,Non-economic,-2,,-3,2025-01-27 19:30:00
2025-01-27,All Day,CNY,Bank Holiday,Low,,,,2025-01-27 00:00:00
2025-01-28,12:00am,JPY,BOJ Core CPI y/y,Non-economic,1.9%,1.7%,1.7%,2025-01-28 00:00:00
2025-01-28,3:00am,EUR,Spanish Unemployment Rate,Non-economic,10.6%,11.1%,11.2%,2025-01-28 03:00:00
2025-01-28,8:30am,USD,Core Durable Goods Orders m/m,Medium,0.3%,0.4%,-0.2%,2025-01-28 08:30:00
2025-01-28,8:30am,USD,Durable Goods Orders m/m,Medium,-2.2%,0.3%,-1.2%,2025-01-28 08:30:00
2025-01-28,9:00am,USD,S&P/CS Composite-20 HPI y/y,Medium,4.3%,4.2%,4.2%,2025-01-28 09:00:00
2025-01-28,9:00am,USD,HPI m/m,Non-economic,0.3%,0.4%,0.5%,2025-01-28 09:00:00
2025-01-28,9:59am,USD,Richmond Manufacturing Index,Medium,-4,-13,-10,2025-01-28 09:59:00
2025-01-28,10:00am,USD,CB Consumer Confidence,High,104.1,105.7,109.5,2025-01-28 10:00:00
2025-01-28,4:30pm,USD,API Weekly Statistical Bulletin,Non-economic,,,,2025-01-28 16:30:00
2025-01-28,6:50pm,JPY,Monetary Policy Meeting Minutes,Non-economic,,,,2025-01-28 18:50:00
2025-01-28,7:30pm,AUD,CPI m/m,High,0.2%,0.3%,0.2%,2025-01-28 19:30:00
2025-01-28,7:30pm,AUD,CPI y/y,High,2.5%,2.5%,2.3%,2025-01-28 19:30:00
2025-01-28,7:30pm,AUD,Trimmed Mean CPI m/m,High,0.5%,0.6%,0.8%,2025-01-28 19:30:00
2025-01-28,All Day,CNY,Bank Holiday,Low,,,,2025-01-28 00:00:00
2025-01-29,12:00am,JPY,Consumer Confidence,Non-economic,35.2,36.6,36.2,2025-01-29 00:00:00
2025-01-29,2:00am,EUR,German GfK Consumer Climate,Non-economic,-22.4,-20.5,-21.4,2025-01-29 02:00:00
2025-01-29,3:00am,EUR,Spanish Flash GDP q/q,Non-economic,0.8%,0.6%,0.8%,2025-01-29 03:00:00
2025-01-29,4:00am,CHF,UBS Economic Expectations,Non-economic,17.7,,-20.0,2025-01-29 04:00:00
2025-01-29,4:00am,EUR,M3 Money Supply y/y,Non-economic,3.5%,3.9%,3.8%,2025-01-29 04:00:00
2025-01-29,4:00am,EUR,Private Loans y/y,Non-economic,1.1%,1.0%,0.9%,2025-01-29 04:00:00
2025-01-29,5:31am,EUR,German 10-y Bond Auction,Non-economic,2.54|2.8,,2.51|2.1,2025-01-29 05:31:00
2025-01-29,8:30am,USD,Goods Trade Balance,Non-economic,-122.1B,-105.6B,-103.5B,2025-01-29 08:30:00
2025-01-29,8:30am,USD,Prelim Wholesale Inventories m/m,Non-economic,-0.5%,0.2%,-0.1%,2025-01-29 08:30:00
2025-01-29,9:15am,GBP,BOE Gov Bailey Speaks,High,,,,2025-01-29 09:15:00
2025-01-29,9:45am,CAD,BOC Monetary Policy Report,High,,,,2025-01-29 09:45:00
2025-01-29,9:45am,CAD,BOC Rate Statement,High,,,,2025-01-29 09:45:00
2025-01-29,9:45am,CAD,Overnight Rate,High,3.00%,3.00%,3.25%,2025-01-29 09:45:00
2025-01-29,10:30am,CAD,BOC Press Conference,High,,,,2025-01-29 10:30:00
2025-01-29,10:30am,USD,Crude Oil Inventories,Medium,3.5M,2.2M,-1.0M,2025-01-29 10:30:00
2025-01-29,2:00pm,USD,Federal Funds Rate,High,4.50%,4.50%,4.50%,2025-01-29 14:00:00
2025-01-29,2:00pm,USD,FOMC Statement,High,,,,2025-01-29 14:00:00
2025-01-29,2:30pm,USD,FOMC Press Conference,High,,,,2025-01-29 14:30:00
2025-01-29,4:45pm,NZD,Trade Balance,Non-economic,219M,-1363M,-435M,2025-01-29 16:45:00
2025-01-29,7:00pm,NZD,ANZ Business Confidence,Non-economic,54.4,,62.3,2025-01-29 19:00:00
2025-01-29,7:30pm,AUD,Import Prices q/q,Non-economic,0.2%,1.5%,-1.4%,2025-01-29 19:30:00
2025-01-29,7:30pm,AUD,RBA Bulletin,Non-economic,,,,2025-01-29 19:30:00
2025-01-29,All Day,CNY,Bank Holiday,Low,,,,2025-01-29 00:00:00
2025-01-29,10:20pm,AUD,RBA Assist Gov Jones Speaks,Non-economic,,,,2025-01-29 22:20:00
2025-01-30,1:30am,EUR,French Consumer Spending m/m,Non-economic,0.7%,0.1%,0.2%,2025-01-30 01:30:00
2025-01-30,1:30am,EUR,French Flash GDP q/q,Non-economic,-0.1%,0.0%,0.4%,2025-01-30 01:30:00
2025-01-30,2:00am,CHF,Trade Balance,Non-economic,3.49B,4.50B,6.11B,2025-01-30 02:00:00
2025-01-30,2:00am,EUR,German Import Prices m/m,Non-economic,0.4%,0.5%,0.9%,2025-01-30 02:00:00
2025-01-30,3:00am,CHF,KOF Economic Barometer,Non-economic,101.6,100.3,99.6,2025-01-30 03:00:00
2025-01-30,3:00am,EUR,Spanish Flash CPI y/y,Medium,3.0%,2.9%,2.8%,2025-01-30 03:00:00
2025-01-30,4:00am,EUR,Italian Prelim GDP q/q,Non-economic,0.0%,0.1%,0.0%,2025-01-30 04:00:00
2025-01-30,4:00am,EUR,German Prelim GDP q/q,Non-economic,-0.2%,-0.1%,0.1%,2025-01-30 04:00:00
2025-01-30,4:30am,GBP,M4 Money Supply m/m,Non-economic,0.1%,0.2%,0.0%,2025-01-30 04:30:00
2025-01-30,4:30am,GBP,Mortgage Approvals,Non-economic,67K,65K,66K,2025-01-30 04:30:00
2025-01-30,4:30am,GBP,Net Lending to Individuals m/m,Non-economic,4.6B,3.6B,3.5B,2025-01-30 04:30:00
2025-01-30,5:00am,EUR,Italian Monthly Unemployment Rate,Non-economic,6.2%,5.7%,5.9%,2025-01-30 05:00:00
2025-01-30,5:00am,EUR,Prelim Flash GDP q/q,Non-economic,0.0%,0.1%,0.4%,2025-01-30 05:00:00
2025-01-30,5:00am,EUR,Unemployment Rate,Non-economic,6.3%,6.3%,6.2%,2025-01-30 05:00:00
2025-01-30,5:23am,EUR,Italian 10-y Bond Auction,Non-economic,3.60|1.8,,3.19|2.1,2025-01-30 05:23:00
2025-01-30,8:15am,EUR,Main Refinancing Rate,High,2.90%,2.90%,3.15%,2025-01-30 08:15:00
2025-01-30,8:15am,EUR,Monetary Policy Statement,High,,,,2025-01-30 08:15:00
2025-01-30,8:30am,USD,Advance GDP q/q,High,2.3%,2.7%,3.1%,2025-01-30 08:30:00
2025-01-30,8:30am,USD,Unemployment Claims,High,207K,224K,223K,2025-01-30 08:30:00
2025-01-30,8:30am,USD,Advance GDP Price Index q/q,Medium,2.2%,2.5%,1.9%,2025-01-30 08:30:00
2025-01-30,8:45am,EUR,ECB Press Conference,High,,,,2025-01-30 08:45:00
2025-01-30,10:00am,USD,Pending Home Sales m/m,Medium,-5.5%,0.0%,1.6%,2025-01-30 10:00:00
2025-01-30,10:30am,USD,Natural Gas Storage,Non-economic,-321B,-317B,-223B,2025-01-30 10:30:00
2025-01-30,6:30pm,JPY,Tokyo Core CPI y/y,Medium,2.5%,2.5%,2.4%,2025-01-30 18:30:00
2025-01-30,6:30pm,JPY,Unemployment Rate,Non-economic,2.4%,2.5%,2.5%,2025-01-30 18:30:00
2025-01-30,6:50pm,JPY,Prelim Industrial Production m/m,Non-economic,0.3%,-0.1%,-2.2%,2025-01-30 18:50:00
2025-01-30,6:50pm,JPY,Retail Sales y/y,Non-economic,3.7%,3.4%,2.8%,2025-01-30 18:50:00
2025-01-30,7:30pm,AUD,PPI q/q,Non-economic,0.8%,1.0%,0.9%,2025-01-30 19:30:00
2025-01-30,7:30pm,AUD,Private Sector Credit m/m,Non-economic,0.6%,0.5%,0.6%,2025-01-30 19:30:00
2025-01-30,All Day,CNY,Bank Holiday,Low,,,,2025-01-30 00:00:00
2025-01-31,12:00am,JPY,Housing Starts y/y,Non-economic,-2.5%,-3.7%,-1.8%,2025-01-31 00:00:00
2025-01-31,2:00am,EUR,German Retail Sales m/m,Non-economic,-1.6%,0.0%,0.0%,2025-01-31 02:00:00
2025-01-31,2:00am,GBP,Nationwide HPI m/m,Non-economic,0.1%,0.3%,0.7%,2025-01-31 02:00:00
2025-01-31,All Day,EUR,German Prelim CPI m/m,High,-0.2%,0.1%,0.5%,2025-01-31 00:00:00
2025-01-31,2:30am,CHF,Retail Sales y/y,Non-economic,2.6%,0.6%,1.4%,2025-01-31 02:30:00
2025-01-31,2:45am,EUR,French Prelim CPI m/m,Non-economic,-0.1%,0.0%,0.2%,2025-01-31 02:45:00
2025-01-31,3:55am,EUR,German Unemployment Change,Non-economic,11K,14K,10K,2025-01-31 03:55:00
2025-01-31,8:30am,CAD,GDP m/m,High,-0.2%,-0.1%,0.3%,2025-01-31 08:30:00
2025-01-31,8:30am,USD,Core PCE Price Index m/m,High,0.2%,0.2%,0.1%,2025-01-31 08:30:00
2025-01-31,8:30am,USD,Employment Cost Index q/q,High,0.9%,0.9%,0.8%,2025-01-31 08:30:00
2025-01-31,8:30am,USD,FOMC Member Bowman Speaks,Non-economic,,,,2025-01-31 08:30:00
2025-01-31,8:30am,USD,Personal Income m/m,Non-economic,0.4%,0.4%,0.3%,2025-01-31 08:30:00
2025-01-31,8:30am,USD,Personal Spending m/m,Non-economic,0.7%,0.5%,0.6%,2025-01-31 08:30:00
2025-01-31,9:45am,USD,Chicago PMI,Medium,39.5,40.3,36.9,2025-01-31 09:45:00
2025-01-31,10:05am,USD,FOMC Member Goolsbee Speaks,Non-economic,,,,2025-01-31 10:05:00
2025-02-02,6:50pm,JPY,BOJ Summary of Opinions,Non-economic,,,,2025-02-02 18:50:00
2025-02-02,7:00pm,AUD,MI Inflation Gauge m/m,Non-economic,0.1%,,0.6%,2025-02-02 19:00:00
2025-02-02,7:30pm,AUD,Retail Sales m/m,Medium,-0.1%,-0.7%,0.7%,2025-02-02 19:30:00
2025-02-02,7:30pm,AUD,ANZ Job Advertisements m/m,Non-economic,0.2%,,0.3%,2025-02-02 19:30:00
2025-02-02,7:30pm,AUD,Building Approvals m/m,Non-economic,0.7%,0.9%,-3.4%,2025-02-02 19:30:00
2025-02-02,7:30pm,JPY,Final Manufacturing PMI,Non-economic,48.7,48.8,48.8,2025-02-02 19:30:00
2025-02-02,All Day,CNY,Bank Holiday,Low,,,,2025-02-02 00:00:00
2025-02-02,8:45pm,CNY,RatingDog Manufacturing PMI,Non-economic,50.1,50.6,50.5,2025-02-02 20:45:00
2025-02-03,12:30am,AUD,Commodity Prices y/y,Non-economic,-11.9%,,-10.4%,2025-02-03 00:30:00
2025-02-03,3:15am,EUR,Spanish Manufacturing PMI,Non-economic,50.9,53.5,53.3,2025-02-03 03:15:00
2025-02-03,3:30am,CHF,Manufacturing PMI,Non-economic,47.5,49.0,48.4,2025-02-03 03:30:00
2025-02-03,3:45am,EUR,Italian Manufacturing PMI,Non-economic,46.3,46.8,46.2,2025-02-03 03:45:00
2025-02-03,3:50am,EUR,French Final Manufacturing PMI,Non-economic,45.0,45.3,45.3,2025-02-03 03:50:00
2025-02-03,3:55am,EUR,German Final Manufacturing PMI,Non-economic,45.0,44.1,44.1,2025-02-03 03:55:00
2025-02-03,4:00am,EUR,Final Manufacturing PMI,Non-economic,46.6,46.1,46.1,2025-02-03 04:00:00
2025-02-03,4:30am,GBP,Final Manufacturing PMI,Non-economic,48.3,48.2,48.2,2025-02-03 04:30:00
2025-02-03,5:00am,EUR,Core CPI Flash Estimate y/y,Medium,2.7%,2.6%,2.7%,2025-02-03 05:00:00
2025-02-03,5:00am,EUR,CPI Flash Estimate y/y,Medium,2.5%,2.4%,2.4%,2025-02-03 05:00:00
2025-02-03,5:00am,EUR,Italian Prelim CPI m/m,Non-economic,0.6%,0.4%,0.1%,2025-02-03 05:00:00
2025-02-03,All Day,All,OPEC-JMMC Meetings,Medium,,,,2025-02-03 00:00:00
2025-02-03,9:30am,CAD,Manufacturing PMI,Non-economic,51.6,,52.2,2025-02-03 09:30:00
2025-02-03,9:45am,USD,Final Manufacturing PMI,Medium,51.2,50.1,50.1,2025-02-03 09:45:00
2025-02-03,10:00am,USD,ISM Manufacturing PMI,High,50.9,49.3,49.3,2025-02-03 10:00:00
2025-02-03,10:00am,USD,ISM Manufacturing Prices,Medium,54.9,52.6,52.5,2025-02-03 10:00:00
2025-02-03,10:00am,USD,Construction Spending m/m,Non-economic,0.5%,0.3%,0.2%,2025-02-03 10:00:00
2025-02-03,All Day,USD,Wards Total Vehicle Sales,Non-economic,15.6M,16.0M,16.8M,2025-02-03 00:00:00
2025-02-03,12:30pm,USD,FOMC Member Bostic Speaks,Non-economic,,,,2025-02-03 12:30:00
2025-02-03,2:00pm,USD,Loan Officer Survey,Non-economic,,,,2025-02-03 14:00:00
2025-02-03,4:45pm,NZD,Building Consents m/m,Non-economic,-5.6%,,4.9%,2025-02-03 16:45:00
2025-02-03,6:30pm,USD,FOMC Member Musalem Speaks,Non-economic,,,,2025-02-03 18:30:00
2025-02-03,6:50pm,JPY,Monetary Base y/y,Non-economic,-2.5%,-0.5%,-1.0%,2025-02-03 18:50:00
2025-02-03,7:30pm,AUD,Household Spending m/m,Non-economic,0.4%,0.2%,0.8%,2025-02-03 19:30:00
2025-02-03,10:35pm,JPY,10-y Bond Auction,Non-economic,1.26|3.2,,1.14|3.4,2025-02-03 22:35:00
2025-02-04,2:45am,EUR,French Gov Budget Balance,Non-economic,-156.3B,,-172.5B,2025-02-04 02:45:00
2025-02-04,3:00am,EUR,Spanish Unemployment Change,Non-economic,38.7K,55.4K,-25.3K,2025-02-04 03:00:00
2025-02-04,10:00am,USD,JOLTS Job Openings,High,7.60M,8.01M,8.16M,2025-02-04 10:00:00
2025-02-04,10:00am,USD,Factory Orders m/m,Non-economic,-0.9%,-0.7%,-0.8%,2025-02-04 10:00:00
2025-02-04,10:02am,NZD,GDT Price Index,Non-economic,3.7%,,1.4%,2025-02-04 10:02:00
2025-02-04,10:07am,USD,RCM/TIPP Economic Optimism,Non-economic,52.0,53.0,51.9,2025-02-04 10:07:00
2025-02-04,11:00am,USD,FOMC Member Bostic Speaks,Non-economic,,,,2025-02-04 11:00:00
2025-02-04,2:00pm,USD,FOMC Member Daly Speaks,Non-economic,,,,2025-02-04 14:00:00
2025-02-04,4:30pm,USD,API Weekly Statistical Bulletin,Non-economic,,,,2025-02-04 16:30:00
2025-02-04,4:45pm,NZD,Employment Change q/q,High,-0.1%,-0.2%,-0.6%,2025-02-04 16:45:00
2025-02-04,4:45pm,NZD,Unemployment Rate,High,5.1%,5.1%,4.8%,2025-02-04 16:45:00
2025-02-04,4:45pm,NZD,Labor Cost Index q/q,Non-economic,0.6%,0.6%,0.6%,2025-02-04 16:45:00
2025-02-04,5:10pm,USD,President Trump Speaks,High,,,,2025-02-04 17:10:00
2025-02-04,6:30pm,JPY,Average Cash Earnings y/y,Non-economic,4.8%,3.6%,3.9%,2025-02-04 18:30:00
2025-02-04,7:00pm,NZD,ANZ Commodity Prices m/m,Non-economic,1.8%,,0.1%,2025-02-04 19:00:00
2025-02-04,7:30pm,USD,FOMC Member Jefferson Speaks,Non-economic,,,,2025-02-04 19:30:00
2025-02-04,8:45pm,CNY,RatingDog Services PMI,Non-economic,51.0,52.3,52.2,2025-02-04 20:45:00
2025-02-05,2:45am,EUR,French Industrial Production m/m,Non-economic,-0.4%,-0.1%,0.1%,2025-02-05 02:45:00
2025-02-05,3:15am,EUR,Spanish Services PMI,Non-economic,54.9,56.7,57.3,2025-02-05 03:15:00
2025-02-05,3:45am,EUR,Italian Services PMI,Non-economic,50.4,50.5,50.7,2025-02-05 03:45:00
2025-02-05,3:50am,EUR,French Final Services PMI,Non-economic,48.2,48.9,48.9,2025-02-05 03:50:00
2025-02-05,3:55am,EUR,German Final Services PMI,Non-economic,52.5,52.5,52.5,2025-02-05 03:55:00
2025-02-05,4:00am,EUR,Final Services PMI,Non-economic,51.3,51.4,51.4,2025-02-05 04:00:00
2025-02-05,4:00am,EUR,Italian Retail Sales m/m,Non-economic,0.6%,0.1%,-0.4%,2025-02-05 04:00:00
2025-02-05,4:30am,GBP,Final Services PMI,Non-economic,50.8,51.2,51.2,2025-02-05 04:30:00
2025-02-05,5:00am,EUR,PPI m/m,Non-economic,0.4%,0.5%,1.7%,2025-02-05 05:00:00
2025-02-05,5:02am,GBP,30-y Bond Auction,Non-economic,4.98|3.2,,5.20|2.7,2025-02-05 05:02:00
2025-02-05,7:30am,USD,FOMC Member Barkin Speaks,Non-economic,,,,2025-02-05 07:30:00
2025-02-05,8:15am,USD,ADP Non-Farm Employment Change,High,183K,148K,176K,2025-02-05 08:15:00
2025-02-05,8:30am,CAD,Trade Balance,Non-economic,0.7B,1.0B,-1.0B,2025-02-05 08:30:00
2025-02-05,8:30am,USD,Trade Balance,Non-economic,-98.4B,-96.5B,-78.9B,2025-02-05 08:30:00
2025-02-05,9:00am,USD,FOMC Member Barkin Speaks,Non-economic,,,,2025-02-05 09:00:00
2025-02-05,9:45am,USD,Final Services PMI,Medium,52.9,52.9,52.8,2025-02-05 09:45:00
2025-02-05,10:00am,USD,ISM Services PMI,High,52.8,54.2,54.1,2025-02-05 10:00:00
2025-02-05,10:30am,USD,Crude Oil Inventories,Medium,8.7M,2.4M,3.5M,2025-02-05 10:30:00
2025-02-05,2:30pm,USD,FOMC Member Goolsbee Speaks,Non-economic,,,,2025-02-05 14:30:00
2025-02-05,3:00pm,USD,FOMC Member Bowman Speaks,Non-economic,,,,2025-02-05 15:00:00
2025-02-05,All Day,NZD,Bank Holiday,Low,,,,2025-02-05 00:00:00
2025-02-05,7:30pm,AUD,Goods Trade Balance,Non-economic,5.09B,6.52B,6.79B,2025-02-05 19:30:00
2025-02-05,7:30pm,USD,FOMC Member Jefferson Speaks,Non-economic,,,,2025-02-05 19:30:00
2025-02-05,7:45pm,AUD,NAB Quarterly Business Confidence,Non-economic,-4,,-7,2025-02-05 19:45:00
2025-02-05,10:35pm,JPY,30-y Bond Auction,Non-economic,2.29|3.7,,2.30|3.7,2025-02-05 22:35:00
2025-02-06,1:45am,CHF,Unemployment Rate,Non-economic,2.7%,2.7%,2.7%,2025-02-06 01:45:00
2025-02-06,2:00am,EUR,German Factory Orders m/m,Non-economic,6.9%,1.9%,-5.2%,2025-02-06 02:00:00
2025-02-06,4:30am,GBP,Construction PMI,Medium,48.1,53.5,53.3,2025-02-06 04:30:00
2025-02-06,5:00am,EUR,Retail Sales m/m,Non-economic,-0.2%,-0.1%,0.0%,2025-02-06 05:00:00
2025-02-06,5:02am,EUR,French 10-y Bond Auction,Non-economic,3.15|2.2,,3.40|2.0,2025-02-06 05:02:00
2025-02-06,7:00am,GBP,BOE Monetary Policy Report,High,,,,2025-02-06 07:00:00
2025-02-06,7:00am,GBP,Monetary Policy Summary,High,,,,2025-02-06 07:00:00
2025-02-06,7:00am,GBP,MPC Official Bank Rate Votes,High,0-9-0,0-8-1,0-3-6,2025-02-06 07:00:00
2025-02-06,7:00am,GBP,Official Bank Rate,High,4.50%,4.50%,4.75%,2025-02-06 07:00:00
2025-02-06,7:30am,GBP,BOE Gov Bailey Speaks,High,,,,2025-02-06 07:30:00
2025-02-06,7:30am,USD,Challenger Job Cuts y/y,Non-economic,-39.5%,,11.4%,2025-02-06 07:30:00
2025-02-06,8:30am,USD,Unemployment Claims,High,219K,214K,208K,2025-02-06 08:30:00
2025-02-06,8:30am,USD,Prelim Nonfarm Productivity q/q,Non-economic,1.2%,1.5%,2.3%,2025-02-06 08:30:00
2025-02-06,8:30am,USD,Prelim Unit Labor Costs q/q,Non-economic,3.0%,3.4%,0.8%,2025-02-06 08:30:00
2025-02-06,10:00am,CAD,Ivey PMI,Medium,47.1,53.0,54.7,2025-02-06 10:00:00
2025-02-06,10:00am,USD,Mortgage Delinquencies,Non-economic,3.98%,,3.92%,2025-02-06 10:00:00
2025-02-06,10:30am,USD,Natural Gas Storage,Non-economic,-174B,-167B,-321B,2025-02-06 10:30:00
2025-02-06,2:30pm,USD,FOMC Member Waller Speaks,Medium,,,,2025-02-06 14:30:00
2025-02-06,3:30pm,USD,FOMC Member Daly Speaks,Non-economic,,,,2025-02-06 15:30:00
2025-02-06,4:05pm,GBP,BOE Gov Bailey Speaks,High,,,,2025-02-06 16:05:00
2025-02-06,5:10pm,USD,FOMC Member Logan Speaks,Non-economic,,,,2025-02-06 17:10:00
2025-02-06,6:30pm,JPY,Household Spending y/y,Non-economic,2.7%,0.5%,-0.4%,2025-02-06 18:30:00
2025-02-07,12:00am,JPY,Leading Indicators,Non-economic,108.9%,108.2%,107.5%,2025-02-07 00:00:00
2025-02-07,2:00am,EUR,German Industrial Production m/m,Non-economic,-2.4%,-0.7%,1.3%,2025-02-07 02:00:00
2025-02-07,2:00am,EUR,German Trade Balance,Non-economic,20.7B,17.0B,19.2B,2025-02-07 02:00:00
2025-02-07,2:00am,GBP,Halifax HPI m/m,Non-economic,0.7%,0.4%,-0.2%,2025-02-07 02:00:00
2025-02-07,2:45am,EUR,French Prelim Private Payrolls q/q,Non-economic,-0.2%,-0.1%,0.1%,2025-02-07 02:45:00
2025-02-07,2:45am,EUR,French Trade Balance,Non-economic,-3.9B,-5.3B,-6.3B,2025-02-07 02:45:00
2025-02-07,3:00am,CHF,Foreign Currency Reserves,Non-economic,736B,,731B,2025-02-07 03:00:00
2025-02-07,3:00am,CHF,SECO Consumer Climate,Non-economic,-29,-31,-30,2025-02-07 03:00:00
2025-02-07,7:15am,GBP,MPC Member Pill Speaks,Non-economic,,,,2025-02-07 07:15:00
2025-02-07,8:30am,CAD,Employment Change,High,76.0K,25.5K,90.9K,2025-02-07 08:30:00
2025-02-07,8:30am,CAD,Unemployment Rate,High,6.6%,6.8%,6.7%,2025-02-07 08:30:00
2025-02-07,8:30am,USD,Average Hourly Earnings m/m,High,0.5%,0.3%,0.3%,2025-02-07 08:30:00
2025-02-07,8:30am,USD,Non-Farm Employment Change,High,143K,169K,307K,2025-02-07 08:30:00
2025-02-07,8:30am,USD,Unemployment Rate,High,4.0%,4.1%,4.1%,2025-02-07 08:30:00
2025-02-07,9:25am,USD,FOMC Member Bowman Speaks,Non-economic,,,,2025-02-07 09:25:00
2025-02-07,10:00am,USD,Prelim UoM Consumer Sentiment,Medium,67.8,71.9,71.1,2025-02-07 10:00:00
2025-02-07,10:00am,USD,Prelim UoM Inflation Expectations,Medium,4.3%,,3.3%,2025-02-07 10:00:00
2025-02-07,10:00am,USD,Final Wholesale Inventories m/m,Non-economic,-0.5%,-0.5%,-0.5%,2025-02-07 10:00:00
2025-02-07,10:30am,USD,FOMC Member Goolsbee Speaks,Non-economic,,,,2025-02-07 10:30:00
2025-02-07,11:00am,USD,Fed Monetary Policy Report,Non-economic,,,,2025-02-07 11:00:00
2025-02-07,12:00pm,USD,FOMC Member Kugler Speaks,Non-economic,,,,2025-02-07 12:00:00
2025-02-07,3:00pm,USD,Consumer Credit m/m,Non-economic,40.8B,17.7B,-5.4B,2025-02-07 15:00:00
2025-02-08,8:30pm,CNY,CPI y/y,Medium,0.5%,0.4%,0.1%,2025-02-08 20:30:00
2025-02-08,8:30pm,CNY,PPI y/y,Medium,-2.3%,-2.2%,-2.3%,2025-02-08 20:30:00
2025-02-09,6:50pm,JPY,Bank Lending y/y,Non-economic,3.0%,3.1%,3.0%,2025-02-09 18:50:00
2025-02-09,6:50pm,JPY,Current Account,Non-economic,2.73T,2.73T,3.03T,2025-02-09 18:50:00
2025-02-10,12:00am,JPY,Economy Watchers Sentiment,Non-economic,48.6,49.7,49.9,2025-02-10 00:00:00
2025-02-10,4:30am,EUR,Sentix Investor Confidence,Non-economic,-12.7,-16.4,-17.7,2025-02-10 04:30:00
2025-02-10,9:45am,USD,Cleveland Fed Inflation Expectations,Non-economic,3.2%,,3.8%,2025-02-10 09:45:00
2025-02-10,11:15am,EUR,ECB President Lagarde Speaks,Medium,,,,2025-02-10 11:15:00
2025-02-10,4:30pm,USD,President Trump Speaks,High,,,,2025-02-10 16:30:00
2025-02-10,6:30pm,AUD,Westpac Consumer Sentiment,Non-economic,0.1%,,-0.7%,2025-02-10 18:30:00
2025-02-10,All Day,JPY,Bank Holiday,Low,,,,2025-02-10 00:00:00
2025-02-10,7:01pm,GBP,BRC Retail Sales Monitor y/y,Non-economic,2.5%,1.1%,3.1%,2025-02-10 19:01:00
2025-02-10,7:30pm,AUD,NAB Business Confidence,Non-economic,4,,-2,2025-02-10 19:30:00
2025-02-11,3:45am,GBP,MPC Member Mann Speaks,Non-economic,,,,2025-02-11 03:45:00
2025-02-11,6:00am,USD,NFIB Small Business Index,Non-economic,102.8,104.6,105.1,2025-02-11 06:00:00
2025-02-11,7:15am,GBP,BOE Gov Bailey Speaks,High,,,,2025-02-11 07:15:00
2025-02-11,8:30am,CAD,Building Permits m/m,Non-economic,11.0%,1.6%,-5.6%,2025-02-11 08:30:00
2025-02-11,8:50am,USD,FOMC Member Hammack Speaks,Non-economic,,,,2025-02-11 08:50:00
2025-02-11,10:00am,USD,Fed Chairman Powell Testifies,High,,,,2025-02-11 10:00:00
2025-02-11,3:30pm,USD,FOMC Member Bowman Speaks,Non-economic,,,,2025-02-11 15:30:00
2025-02-11,3:30pm,USD,FOMC Member Williams Speaks,Non-economic,,,,2025-02-11 15:30:00
2025-02-11,3:40pm,USD,President Trump Speaks,High,,,,2025-02-11 15:40:00
2025-02-11,4:30pm,USD,API Weekly Statistical Bulletin,Non-economic,,,,2025-02-11 16:30:00
2025-02-11,6:50pm,JPY,M2 Money Stock y/y,Non-economic,1.3%,1.3%,1.3%,2025-02-11 18:50:00
2025-02-12,12:59am,JPY,Prelim Machine Tool Orders y/y,Non-economic,4.7%,,12.6%,2025-02-12 00:59:00
2025-02-12,All Day,EUR,Greek Presidential Elections,High,,,,2025-02-12 00:00:00
2025-02-12,4:00am,EUR,Italian Industrial Production m/m,Non-economic,-3.1%,-0.1%,0.3%,2025-02-12 04:00:00
2025-02-12,5:37am,EUR,German 30-y Bond Auction,Non-economic,2.70|2.5,,2.84|2.8,2025-02-12 05:37:00
2025-02-12,8:30am,USD,Core CPI m/m,High,0.4%,0.3%,0.2%,2025-02-12 08:30:00
2025-02-12,8:30am,USD,CPI m/m,High,0.5%,0.3%,0.4%,2025-02-12 08:30:00
2025-02-12,8:30am,USD,CPI y/y,High,3.0%,2.9%,2.9%,2025-02-12 08:30:00
2025-02-12,9:30am,GBP,CB Leading Index m/m,Non-economic,-0.1%,,-0.1%,2025-02-12 09:30:00
2025-02-12,10:00am,GBP,MPC Member Greene Speaks,Non-economic,,,,2025-02-12 10:00:00
2025-02-12,10:00am,USD,Fed Chairman Powell Testifies,High,,,,2025-02-12 10:00:00
2025-02-12,10:30am,USD,Crude Oil Inventories,Medium,4.1M,2.4M,8.7M,2025-02-12 10:30:00
2025-02-12,12:00pm,EUR,German Buba President Nagel Speaks,Non-economic,,,,2025-02-12 12:00:00
2025-02-12,12:00pm,USD,FOMC Member Bostic Speaks,Non-economic,,,,2025-02-12 12:00:00
2025-02-12,1:01pm,USD,10-y Bond Auction,Non-economic,4.63|2.5,,4.68|2.5,2025-02-12 13:01:00
2025-02-12,1:30pm,CAD,BOC Summary of Deliberations,Non-economic,,,,2025-02-12 13:30:00
2025-02-12,2:00pm,USD,Federal Budget Balance,Non-economic,-128.6B,-88.1B,-86.7B,2025-02-12 14:00:00
2025-02-12,3:48pm,USD,President Trump Speaks,High,,,,2025-02-12 15:48:00
2025-02-12,5:05pm,USD,FOMC Member Waller Speaks,Medium,,,,2025-02-12 17:05:00
2025-02-12,6:50pm,JPY,PPI y/y,Non-economic,4.2%,4.0%,3.9%,2025-02-12 18:50:00
2025-02-12,7:00pm,AUD,MI Inflation Expectations,Non-economic,4.6%,,4.0%,2025-02-12 19:00:00
2025-02-12,7:01pm,GBP,RICS House Price Balance,Non-economic,22%,27%,26%,2025-02-12 19:01:00
2025-02-12,9:00pm,NZD,Inflation Expectations q/q,High,2.06%,,2.12%,2025-02-12 21:00:00
2025-02-13,2:00am,EUR,German Final CPI m/m,Non-economic,-0.2%,-0.2%,-0.2%,2025-02-13 02:00:00
2025-02-13,2:00am,GBP,GDP m/m,High,0.4%,0.1%,0.1%,2025-02-13 02:00:00
2025-02-13,2:00am,GBP,Prelim GDP q/q,Medium,0.1%,-0.1%,0.0%,2025-02-13 02:00:00
2025-02-13,2:00am,GBP,Construction Output m/m,Non-economic,-0.2%,0.2%,0.6%,2025-02-13 02:00:00
2025-02-13,2:00am,GBP,Goods Trade Balance,Non-economic,-17.4B,-18.6B,-18.9B,2025-02-13 02:00:00
2025-02-13,2:00am,GBP,Index of Services 3m/3m,Non-economic,0.2%,0.1%,0.0%,2025-02-13 02:00:00
2025-02-13,2:00am,GBP,Industrial Production m/m,Non-economic,0.5%,0.2%,-0.5%,2025-02-13 02:00:00
2025-02-13,2:00am,GBP,Manufacturing Production m/m,Non-economic,0.7%,0.0%,-0.3%,2025-02-13 02:00:00
2025-02-13,2:00am,GBP,Prelim Business Investment q/q,Non-economic,-3.2%,-0.4%,1.9%,2025-02-13 02:00:00
2025-02-13,2:30am,CHF,CPI m/m,High,-0.1%,-0.1%,-0.1%,2025-02-13 02:30:00
2025-02-13,4:00am,EUR,ECB Economic Bulletin,Non-economic,,,,2025-02-13 04:00:00
2025-02-13,5:00am,EUR,Industrial Production m/m,Non-economic,-1.1%,-0.6%,0.4%,2025-02-13 05:00:00
2025-02-13,7:46am,GBP,NIESR GDP Estimate,Non-economic,0.3%,,0.1%,2025-02-13 07:46:00
2025-02-13,8:30am,USD,Core PPI m/m,High,0.3%,0.3%,0.4%,2025-02-13 08:30:00
2025-02-13,8:30am,USD,PPI m/m,High,0.4%,0.3%,0.5%,2025-02-13 08:30:00
2025-02-13,8:30am,USD,Unemployment Claims,High,213K,217K,220K,2025-02-13 08:30:00
2025-02-13,10:30am,AUD,CB Leading Index m/m,Non-economic,0.2%,,0.6%,2025-02-13 10:30:00
2025-02-13,10:30am,USD,Natural Gas Storage,Non-economic,-100B,-90B,-174B,2025-02-13 10:30:00
2025-02-13,12:00pm,EUR,German Buba President Nagel Speaks,Non-economic,,,,2025-02-13 12:00:00
2025-02-13,1:01pm,USD,30-y Bond Auction,Non-economic,4.75|2.3,,4.91|2.5,2025-02-13 13:01:00
2025-02-13,1:36pm,USD,President Trump Speaks,High,,,,2025-02-13 13:36:00
2025-02-13,4:30pm,NZD,BusinessNZ Manufacturing Index,Non-economic,51.4,,46.2,2025-02-13 16:30:00
2025-02-13,4:45pm,NZD,FPI m/m,Non-economic,1.9%,,0.1%,2025-02-13 16:45:00
2025-02-14,2:00am,EUR,German WPI m/m,Non-economic,0.9%,0.2%,0.1%,2025-02-14 02:00:00
2025-02-14,2:30am,CHF,PPI m/m,Non-economic,0.1%,0.1%,0.0%,2025-02-14 02:30:00
2025-02-14,4:02am,CNY,M2 Money Supply y/y,Non-economic,7.0%,7.3%,7.3%,2025-02-14 04:02:00
2025-02-14,4:03am,CNY,New Loans,Medium,5130B,770B,990B,2025-02-14 04:03:00
2025-02-14,5:00am,EUR,Flash Employment Change q/q,Non-economic,0.1%,0.1%,0.2%,2025-02-14 05:00:00
2025-02-14,5:00am,EUR,Flash GDP q/q,Non-economic,0.1%,0.0%,0.0%,2025-02-14 05:00:00
2025-02-14,8:30am,CAD,Manufacturing Sales m/m,Non-economic,0.3%,0.8%,0.8%,2025-02-14 08:30:00
2025-02-14,8:30am,CAD,Wholesale Sales m/m,Non-economic,-0.2%,0.2%,0.0%,2025-02-14 08:30:00
2025-02-14,8:30am,USD,Core Retail Sales m/m,High,-0.4%,0.3%,0.7%,2025-02-14 08:30:00
2025-02-14,8:30am,USD,Retail Sales m/m,High,-0.9%,-0.2%,0.7%,2025-02-14 08:30:00
2025-02-14,8:30am,USD,Import Prices m/m,Non-economic,0.3%,0.4%,0.2%,2025-02-14 08:30:00
2025-02-14,9:15am,USD,Capacity Utilization Rate,Non-economic,77.8%,77.7%,77.5%,2025-02-14 09:15:00
2025-02-14,9:15am,USD,Industrial Production m/m,Non-economic,0.5%,0.3%,1.0%,2025-02-14 09:15:00
2025-02-14,10:00am,USD,Business Inventories m/m,Non-economic,-0.2%,0.0%,0.1%,2025-02-14 10:00:00
2025-02-14,2:08pm,USD,President Trump Speaks,High,,,,2025-02-14 14:08:00
2025-02-14,3:00pm,USD,FOMC Member Logan Speaks,Non-economic,,,,2025-02-14 15:00:00
2025-02-16,4:30pm,NZD,BusinessNZ Services Index,Non-economic,50.4,,48.1,2025-02-16 16:30:00
2025-02-16,4:45pm,NZD,Visitor Arrivals m/m,Non-economic,3.5%,,1.3%,2025-02-16 16:45:00
2025-02-16,6:50pm,JPY,Prelim GDP Price Index y/y,Non-economic,2.8%,2.8%,2.4%,2025-02-16 18:50:00
2025-02-16,6:50pm,JPY,Prelim GDP q/q,Non-economic,0.7%,0.3%,0.3%,2025-02-16 18:50:00
2025-02-16,7:01pm,GBP,Rightmove HPI m/m,Non-economic,0.5%,,1.7%,2025-02-16 19:01:00
2025-02-16,11:30pm,JPY,Revised Industrial Production m/m,Non-economic,-0.2%,0.3%,0.3%,2025-02-16 23:30:00
2025-02-16,11:30pm,JPY,Tertiary Industry Activity m/m,Non-economic,0.1%,0.2%,-0.3%,2025-02-16 23:30:00
2025-02-17,4:00am,EUR,Italian Trade Balance,Non-economic,5.98B,4.35B,4.00B,2025-02-17 04:00:00
2025-02-17,5:00am,EUR,Trade Balance,Non-economic,14.6B,14.4B,13.3B,2025-02-17 05:00:00
2025-02-17,All Day,EUR,Eurogroup Meetings,Non-economic,,,,2025-02-17 00:00:00
2025-02-17,6:00am,EUR,German Buba President Nagel Speaks,Non-economic,,,,2025-02-17 06:00:00
2025-02-17,All Day,CAD,Bank Holiday,Low,,,,2025-02-17 00:00:00
2025-02-17,All Day,USD,Bank Holiday,Low,,,,2025-02-17 00:00:00
2025-02-17,8:15am,CAD,Housing Starts,Non-economic,240K,251K,232K,2025-02-17 08:15:00
2025-02-17,8:30am,CAD,Foreign Securities Purchases,Non-economic,14.37B,14.23B,13.84B,2025-02-17 08:30:00
2025-02-17,9:30am,USD,FOMC Member Harker Speaks,Non-economic,,,,2025-02-17 09:30:00
2025-02-17,10:20am,USD,FOMC Member Bowman Speaks,Non-economic,,,,2025-02-17 10:20:00
2025-02-17,6:00pm,USD,FOMC Member Waller Speaks,Medium,,,,2025-02-17 18:00:00
2025-02-17,10:30pm,AUD,Cash Rate,High,4.10%,4.10%,4.35%,2025-02-17 22:30:00
2025-02-17,10:30pm,AUD,RBA Monetary Policy Statement,High,,,,2025-02-17 22:30:00
2025-02-17,10:30pm,AUD,RBA Rate Statement,High,,,,2025-02-17 22:30:00
2025-02-17,11:30pm,AUD,RBA Press Conference,Medium,,,,2025-02-17 23:30:00
2025-02-18,2:00am,GBP,Claimant Count Change,High,22.0K,10.0K,-15.1K,2025-02-18 02:00:00
2025-02-18,2:00am,GBP,Average Earnings Index 3m/y,Medium,6.0%,5.9%,5.5%,2025-02-18 02:00:00
2025-02-18,2:00am,GBP,Unemployment Rate,Non-economic,4.4%,4.5%,4.4%,2025-02-18 02:00:00
2025-02-18,2:45am,EUR,French Final CPI m/m,Non-economic,0.2%,-0.1%,-0.1%,2025-02-18 02:45:00
2025-02-18,4:30am,GBP,BOE Gov Bailey Speaks,High,,,,2025-02-18 04:30:00
2025-02-18,5:00am,EUR,German ZEW Economic Sentiment,Medium,26.0,19.9,10.3,2025-02-18 05:00:00
2025-02-18,5:00am,EUR,ZEW Economic Sentiment,Non-economic,24.2,24.3,18.0,2025-02-18 05:00:00
2025-02-18,All Day,EUR,ECOFIN Meetings,Non-economic,,,,2025-02-18 00:00:00
2025-02-18,8:30am,CAD,CPI m/m,High,0.1%,0.1%,-0.4%,2025-02-18 08:30:00
2025-02-18,8:30am,CAD,Median CPI y/y,High,2.7%,2.5%,2.6%,2025-02-18 08:30:00
2025-02-18,8:30am,CAD,Trimmed CPI y/y,High,2.7%,2.6%,2.5%,2025-02-18 08:30:00
2025-02-18,8:30am,CAD,Common CPI y/y,Medium,2.2%,2.1%,2.0%,2025-02-18 08:30:00
2025-02-18,8:30am,CAD,Core CPI m/m,Non-economic,0.4%,,-0.3%,2025-02-18 08:30:00
2025-02-18,8:30am,USD,Empire State Manufacturing Index,Medium,5.7,-1.9,-12.6,2025-02-18 08:30:00
2025-02-18,9:29am,NZD,GDT Price Index,Non-economic,-0.6%,,3.7%,2025-02-18 09:29:00
2025-02-18,10:00am,USD,NAHB Housing Market Index,Non-economic,42,46,47,2025-02-18 10:00:00
2025-02-18,10:20am,USD,FOMC Member Daly Speaks,Non-economic,,,,2025-02-18 10:20:00
2025-02-18,1:00pm,USD,FOMC Member Barr Speaks,Non-economic,,,,2025-02-18 13:00:00
2025-02-18,4:00pm,USD,TIC Long-Term Purchases,Non-economic,72.0B,149.1B,53.2B,2025-02-18 16:00:00
2025-02-18,4:13pm,USD,President Trump Speaks,High,,,,2025-02-18 16:13:00
2025-02-18,4:45pm,NZD,PPI Input q/q,Non-economic,-0.9%,1.4%,1.9%,2025-02-18 16:45:00
2025-02-18,4:45pm,NZD,PPI Output q/q,Non-economic,-0.1%,1.1%,1.5%,2025-02-18 16:45:00
2025-02-18,6:30pm,AUD,MI Leading Index m/m,Non-economic,0.1%,,0.0%,2025-02-18 18:30:00
2025-02-18,6:50pm,JPY,Core Machinery Orders m/m,Non-economic,-1.2%,0.4%,3.4%,2025-02-18 18:50:00
2025-02-18,6:50pm,JPY,Trade Balance,Non-economic,-0.86T,-0.26T,-0.22T,2025-02-18 18:50:00
2025-02-18,7:30pm,AUD,Wage Price Index q/q,High,0.7%,0.8%,0.9%,2025-02-18 19:30:00
2025-02-18,8:00pm,NZD,Official Cash Rate,High,3.75%,3.75%,4.25%,2025-02-18 20:00:00
2025-02-18,8:00pm,NZD,RBNZ Monetary Policy Statement,High,,,,2025-02-18 20:00:00
2025-02-18,8:00pm,NZD,RBNZ Rate Statement,High,,,,2025-02-18 20:00:00
2025-02-18,8:30pm,CNY,New Home Prices m/m,Non-economic,-0.07%,,-0.08%,2025-02-18 20:30:00
2025-02-18,9:00pm,NZD,RBNZ Press Conference,High,,,,2025-02-18 21:00:00
2025-02-18,9:00pm,USD,President Trump Speaks,High,,,,2025-02-18 21:00:00
2025-02-19,2:00am,GBP,CPI y/y,High,3.0%,2.8%,2.5%,2025-02-19 02:00:00
2025-02-19,2:00am,GBP,Core CPI y/y,Non-economic,3.7%,3.7%,3.2%,2025-02-19 02:00:00
2025-02-19,2:00am,GBP,PPI Input m/m,Non-economic,0.8%,0.7%,0.2%,2025-02-19 02:00:00
2025-02-19,2:00am,GBP,PPI Output m/m,Non-economic,0.5%,0.2%,-0.2%,2025-02-19 02:00:00
2025-02-19,2:00am,GBP,RPI y/y,Non-economic,3.6%,3.7%,3.5%,2025-02-19 02:00:00
2025-02-19,4:00am,EUR,Current Account,Non-economic,38.4B,30.2B,25.1B,2025-02-19 04:00:00
2025-02-19,4:26am,CNY,Foreign Direct Investment ytd/y,Non-economic,-13.4%,,-27.1%,2025-02-19 04:26:00
2025-02-19,4:30am,GBP,HPI y/y,Non-economic,4.6%,3.2%,3.9%,2025-02-19 04:30:00
2025-02-19,5:35am,EUR,German 10-y Bond Auction,Non-economic,2.52|2.8,,2.54|2.8,2025-02-19 05:35:00
2025-02-19,8:30am,USD,Building Permits,Non-economic,1.48M,1.46M,1.48M,2025-02-19 08:30:00
2025-02-19,8:30am,USD,Housing Starts,Non-economic,1.37M,1.39M,1.52M,2025-02-19 08:30:00
2025-02-19,2:00pm,USD,FOMC Meeting Minutes,High,,,,2025-02-19 14:00:00
2025-02-19,2:10pm,NZD,RBNZ Gov Orr Speaks,Medium,,,,2025-02-19 14:10:00
2025-02-19,4:30pm,USD,API Weekly Statistical Bulletin,Non-economic,,,,2025-02-19 16:30:00
2025-02-19,5:00pm,USD,President Trump Speaks,High,,,,2025-02-19 17:00:00
2025-02-19,5:00pm,USD,FOMC Member Jefferson Speaks,Non-economic,,,,2025-02-19 17:00:00
2025-02-19,7:30pm,AUD,Employment Change,High,44.0K,19.4K,60.0K,2025-02-19 19:30:00
2025-02-19,7:30pm,AUD,Unemployment Rate,High,4.1%,4.1%,4.0%,2025-02-19 19:30:00
2025-02-19,8:00pm,CNY,1-y Loan Prime Rate,Medium,3.10%,3.10%,3.10%,2025-02-19 20:00:00
2025-02-19,8:00pm,CNY,5-y Loan Prime Rate,Medium,3.60%,3.60%,3.60%,2025-02-19 20:00:00
2025-02-20,2:00am,CHF,Trade Balance,Non-economic,6.12B,3.55B,3.48B,2025-02-20 02:00:00
2025-02-20,2:00am,EUR,German PPI m/m,Non-economic,-0.1%,0.6%,-0.1%,2025-02-20 02:00:00
2025-02-20,6:00am,GBP,CBI Industrial Order Expectations,Non-economic,-28,-30,-34,2025-02-20 06:00:00
2025-02-20,8:30am,CAD,IPPI m/m,Non-economic,1.6%,0.8%,0.4%,2025-02-20 08:30:00
2025-02-20,8:30am,CAD,NHPI m/m,Non-economic,-0.1%,0.1%,-0.1%,2025-02-20 08:30:00
2025-02-20,8:30am,CAD,RMPI m/m,Non-economic,3.7%,2.4%,1.3%,2025-02-20 08:30:00
2025-02-20,8:30am,USD,Unemployment Claims,High,219K,215K,214K,2025-02-20 08:30:00
2025-02-20,8:30am,USD,Philly Fed Manufacturing Index,Medium,18.1,19.4,44.3,2025-02-20 08:30:00
2025-02-20,9:35am,USD,FOMC Member Goolsbee Speaks,Non-economic,,,,2025-02-20 09:35:00
2025-02-20,10:00am,EUR,Consumer Confidence,Non-economic,-14,-14,-14,2025-02-20 10:00:00
2025-02-20,10:00am,USD,CB Leading Index m/m,Non-economic,-0.3%,-0.1%,0.1%,2025-02-20 10:00:00
2025-02-20,10:30am,USD,Natural Gas Storage,Non-economic,-196B,-191B,-100B,2025-02-20 10:30:00
2025-02-20,11:00am,EUR,German Buba President Nagel Speaks,Non-economic,,,,2025-02-20 11:00:00
2025-02-20,12:00pm,USD,Crude Oil Inventories,Medium,4.6M,3.2M,4.1M,2025-02-20 12:00:00
2025-02-20,12:05pm,USD,FOMC Member Musalem Speaks,Non-economic,,,,2025-02-20 12:05:00
2025-02-20,2:30pm,USD,FOMC Member Barr Speaks,Non-economic,,,,2025-02-20 14:30:00
2025-02-20,4:45pm,NZD,Trade Balance,Non-economic,-486M,225M,94M,2025-02-20 16:45:00
2025-02-20,5:00pm,AUD,Flash Manufacturing PMI,Non-economic,50.6,,50.2,2025-02-20 17:00:00
2025-02-20,5:00pm,AUD,Flash Services PMI,Non-economic,51.4,,51.2,2025-02-20 17:00:00
2025-02-20,5:00pm,USD,FOMC Member Kugler Speaks,Non-economic,,,,2025-02-20 17:00:00
2025-02-20,5:30pm,AUD,RBA Gov Bullock Speaks,High,,,,2025-02-20 17:30:00
2025-02-20,6:30pm,JPY,National Core CPI y/y,Non-economic,3.2%,3.1%,3.0%,2025-02-20 18:30:00
2025-02-20,7:01pm,GBP,GfK Consumer Confidence,Non-economic,-20,-22,-22,2025-02-20 19:01:00
2025-02-20,7:20pm,USD,President Trump Speaks,High,,,,2025-02-20 19:20:00
2025-02-20,7:30pm,JPY,Flash Manufacturing PMI,Non-economic,48.9,49.0,48.7,2025-02-20 19:30:00
2025-02-21,2:00am,GBP,Retail Sales m/m,High,1.7%,0.4%,-0.6%,2025-02-21 02:00:00
2025-02-21,2:00am,GBP,Public Sector Net Borrowing,Non-economic,-15.4B,-20.1B,18.1B,2025-02-21 02:00:00
2025-02-21,3:15am,EUR,French Flash Manufacturing PMI,High,45.5,45.3,45.0,2025-02-21 03:15:00
2025-02-21,3:15am,EUR,French Flash Services PMI,High,44.5,48.8,48.2,2025-02-21 03:15:00
2025-02-21,3:30am,EUR,German Flash Manufacturing PMI,High,46.1,45.4,45.0,2025-02-21 03:30:00
2025-02-21,3:30am,EUR,German Flash Services PMI,High,52.2,52.4,52.5,2025-02-21 03:30:00
2025-02-21,4:00am,EUR,Flash Manufacturing PMI,Medium,47.3,46.9,46.6,2025-02-21 04:00:00
2025-02-21,4:00am,EUR,Flash Services PMI,Medium,50.7,51.5,51.3,2025-02-21 04:00:00
2025-02-21,4:30am,GBP,Flash Manufacturing PMI,High,46.4,48.5,48.3,2025-02-21 04:30:00
2025-02-21,4:30am,GBP,Flash Services PMI,High,51.1,50.8,50.8,2025-02-21 04:30:00
2025-02-21,8:30am,CAD,Core Retail Sales m/m,High,2.7%,1.7%,-0.7%,2025-02-21 08:30:00
2025-02-21,8:30am,CAD,Retail Sales m/m,High,2.5%,1.5%,0.2%,2025-02-21 08:30:00
2025-02-21,9:45am,USD,Flash Manufacturing PMI,High,51.6,51.3,51.2,2025-02-21 09:45:00
2025-02-21,9:45am,USD,Flash Services PMI,High,49.7,53.0,52.9,2025-02-21 09:45:00
2025-02-21,10:00am,USD,Existing Home Sales,Medium,4.08M,4.13M,4.29M,2025-02-21 10:00:00
2025-02-21,10:00am,USD,Revised UoM Consumer Sentiment,Medium,64.7,67.8,67.8,2025-02-21 10:00:00
2025-02-21,10:00am,USD,Revised UoM Inflation Expectations,Non-economic,4.3%,,4.3%,2025-02-21 10:00:00
2025-02-21,11:30am,USD,FOMC Member Jefferson Speaks,Non-economic,,,,2025-02-21 11:30:00
2025-02-21,12:30pm,CAD,BOC Gov Macklem Speaks,High,,,,2025-02-21 12:30:00
2025-02-21,3:56pm,USD,President Trump Speaks,High,,,,2025-02-21 15:56:00
2025-02-23,All Day,EUR,German Federal Elections,High,,,,2025-02-23 00:00:00
2025-02-23,4:45pm,NZD,Retail Sales q/q,Medium,0.9%,0.5%,0.0%,2025-02-23 16:45:00
2025-02-23,4:47pm,NZD,Core Retail Sales q/q,Non-economic,1.4%,0.2%,-0.6%,2025-02-23 16:47:00
2025-02-23,All Day,JPY,Bank Holiday,Low,,,,2025-02-23 00:00:00
2025-02-23,9:00pm,NZD,Credit Card Spending y/y,Non-economic,1.3%,,-1.3%,2025-02-23 21:00:00
2025-02-24,4:00am,EUR,German ifo Business Climate,Medium,85.2,85.9,85.2,2025-02-24 04:00:00
2025-02-24,4:00am,GBP,MPC Member Lombardelli Speaks,Non-economic,,,,2025-02-24 04:00:00
2025-02-24,5:00am,EUR,Final Core CPI y/y,Non-economic,2.7%,2.7%,2.7%,2025-02-24 05:00:00
2025-02-24,5:00am,EUR,Final CPI y/y,Non-economic,2.5%,2.5%,2.5%,2025-02-24 05:00:00
2025-02-24,6:00am,EUR,German Buba Monthly Report,Non-economic,,,,2025-02-24 06:00:00
2025-02-24,8:15am,CAD,Gov Council Member Gravelle Speaks,Non-economic,,,,2025-02-24 08:15:00
2025-02-24,8:15am,GBP,MPC Member Ramsden Speaks,Non-economic,,,,2025-02-24 08:15:00
2025-02-24,8:30am,CAD,Corporate Profits q/q,Non-economic,2.1%,,-2.5%,2025-02-24 08:30:00
2025-02-24,8:55am,EUR,Belgian NBB Business Climate,Non-economic,-12.3,-12.9,-13.6,2025-02-24 08:55:00
2025-02-24,1:00pm,GBP,MPC Member Dhingra Speaks,Non-economic,,,,2025-02-24 13:00:00
2025-02-24,2:49pm,USD,President Trump Speaks,High,,,,2025-02-24 14:49:00
2025-02-24,6:30pm,USD,FOMC Member Goolsbee Speaks,Non-economic,,,,2025-02-24 18:30:00
2025-02-24,6:50pm,JPY,SPPI y/y,Non-economic,3.1%,3.1%,3.0%,2025-02-24 18:50:00
2025-02-24,9:45pm,AUD,RBA Assist Gov Jones Speaks,Non-economic,,,,2025-02-24 21:45:00
2025-02-25,2:00am,EUR,German Final GDP q/q,Non-economic,-0.2%,-0.2%,-0.2%,2025-02-25 02:00:00
2025-02-25,4:15am,USD,FOMC Member Logan Speaks,Non-economic,,,,2025-02-25 04:15:00
2025-02-25,5:00am,EUR,German Buba President Nagel Speaks,Non-economic,,,,2025-02-25 05:00:00
2025-02-25,6:00am,GBP,CBI Realized Sales,Non-economic,-23,-21,-24,2025-02-25 06:00:00
2025-02-25,9:00am,GBP,MPC Member Pill Speaks,Non-economic,,,,2025-02-25 09:00:00
2025-02-25,9:00am,USD,S&P/CS Composite-20 HPI y/y,Medium,4.5%,4.4%,4.3%,2025-02-25 09:00:00
2025-02-25,9:00am,USD,HPI m/m,Non-economic,0.4%,0.2%,0.4%,2025-02-25 09:00:00
2025-02-25,10:00am,USD,CB Consumer Confidence,Medium,98.3,102.7,104.1,2025-02-25 10:00:00
2025-02-25,10:00am,USD,Richmond Manufacturing Index,Medium,6,-3,-4,2025-02-25 10:00:00
2025-02-25,11:45am,USD,FOMC Member Barr Speaks,Non-economic,,,,2025-02-25 11:45:00
2025-02-25,1:00pm,USD,FOMC Member Barkin Speaks,Non-economic,,,,2025-02-25 13:00:00
2025-02-25,3:59pm,USD,President Trump Speaks,High,,,,2025-02-25 15:59:00
2025-02-25,4:30pm,USD,API Weekly Statistical Bulletin,Non-economic,,,,2025-02-25 16:30:00
2025-02-25,7:30pm,AUD,CPI y/y,High,2.5%,2.6%,2.5%,2025-02-25 19:30:00
2025-02-25,7:30pm,AUD,Construction Work Done q/q,Non-economic,0.5%,1.0%,2.0%,2025-02-25 19:30:00
2025-02-26,12:00am,JPY,BOJ Core CPI y/y,Non-economic,2.2%,2.0%,1.9%,2025-02-26 00:00:00
2025-02-26,2:00am,EUR,German GfK Consumer Climate,Non-economic,-24.7,-21.7,-22.6,2025-02-26 02:00:00
2025-02-26,4:00am,CHF,UBS Economic Expectations,Non-economic,3.4,,17.7,2025-02-26 04:00:00
2025-02-26,8:30am,USD,FOMC Member Barkin Speaks,Non-economic,,,,2025-02-26 08:30:00
2025-02-26,9:00am,CNY,CB Leading Index m/m,Non-economic,-0.2%,,-0.1%,2025-02-26 09:00:00
2025-02-26,10:00am,USD,New Home Sales,Medium,657K,679K,734K,2025-02-26 10:00:00
2025-02-26,10:30am,USD,Crude Oil Inventories,Medium,-2.3M,2.5M,4.6M,2025-02-26 10:30:00
2025-02-26,Day 1,All,G20 Meetings,Medium,,,,2025-02-26 00:00:00
2025-02-26,11:30am,GBP,MPC Member Dhingra Speaks,Non-economic,,,,2025-02-26 11:30:00
2025-02-26,12:00pm,USD,FOMC Member Bostic Speaks,Non-economic,,,,2025-02-26 12:00:00
2025-02-26,5:00pm,AUD,RBA Assist Gov Jones Speaks,Non-economic,,,,2025-02-26 17:00:00
2025-02-26,7:00pm,NZD,ANZ Business Confidence,Non-economic,58.4,,54.4,2025-02-26 19:00:00
2025-02-26,7:30pm,AUD,Private Capital Expenditure q/q,Non-economic,-0.2%,0.6%,1.6%,2025-02-26 19:30:00
2025-02-27,3:00am,CHF,GDP q/q,Medium,0.2%,0.2%,0.4%,2025-02-27 03:00:00
2025-02-27,3:00am,EUR,Spanish Flash CPI y/y,Medium,3.0%,3.0%,2.9%,2025-02-27 03:00:00
2025-02-27,4:00am,EUR,M3 Money Supply y/y,Non-economic,3.6%,3.8%,3.4%,2025-02-27 04:00:00
2025-02-27,4:00am,EUR,Private Loans y/y,Non-economic,1.3%,1.2%,1.1%,2025-02-27 04:00:00
2025-02-27,5:22am,EUR,Italian 10-y Bond Auction,Non-economic,3.55|1.6,,3.60|1.8,2025-02-27 05:22:00
2025-02-27,7:30am,EUR,ECB Monetary Policy Meeting Accounts,Non-economic,,,,2025-02-27 07:30:00
2025-02-27,8:00am,USD,FOMC Member Barkin Speaks,Non-economic,,,,2025-02-27 08:00:00
2025-02-27,8:30am,CAD,Current Account,Non-economic,-5.0B,-3.2B,-3.6B,2025-02-27 08:30:00
2025-02-27,8:30am,USD,Prelim GDP q/q,High,2.3%,2.3%,2.3%,2025-02-27 08:30:00
2025-02-27,8:30am,USD,Unemployment Claims,High,242K,222K,220K,2025-02-27 08:30:00
2025-02-27,8:30am,USD,Core Durable Goods Orders m/m,Medium,0.0%,0.2%,0.1%,2025-02-27 08:30:00
2025-02-27,8:30am,USD,Durable Goods Orders m/m,Medium,3.1%,2.0%,-1.8%,2025-02-27 08:30:00
2025-02-27,8:30am,USD,Prelim GDP Price Index q/q,Medium,2.4%,2.2%,2.2%,2025-02-27 08:30:00
2025-02-27,9:15am,USD,FOMC Member Schmid Speaks,Non-economic,,,,2025-02-27 09:15:00
2025-02-27,10:00am,USD,Pending Home Sales m/m,Medium,-4.6%,-0.9%,-4.1%,2025-02-27 10:00:00
2025-02-27,10:00am,USD,FOMC Member Barr Speaks,Non-economic,,,,2025-02-27 10:00:00
2025-02-27,10:30am,USD,Natural Gas Storage,Non-economic,-261B,-276B,-196B,2025-02-27 10:30:00
2025-02-27,Day 2,All,G20 Meetings,Medium,,,,2025-02-27 00:00:00
2025-02-27,11:45am,USD,FOMC Member Bowman Speaks,Non-economic,,,,2025-02-27 11:45:00
2025-02-27,1:15pm,USD,FOMC Member Hammack Speaks,Non-economic,,,,2025-02-27 13:15:00
2025-02-27,3:15pm,USD,FOMC Member Harker Speaks,Non-economic,,,,2025-02-27 15:15:00
2025-02-27,3:30pm,USD,President Trump Speaks,Medium,,,,2025-02-27 15:30:00
2025-02-27,6:30pm,JPY,Tokyo Core CPI y/y,Medium,2.2%,2.3%,2.5%,2025-02-27 18:30:00
2025-02-27,6:50pm,JPY,Prelim Industrial Production m/m,Non-economic,-1.1%,-1.0%,-0.2%,2025-02-27 18:50:00
2025-02-27,6:50pm,JPY,Retail Sales y/y,Non-economic,3.9%,3.9%,3.5%,2025-02-27 18:50:00
2025-02-27,7:30pm,AUD,Private Sector Credit m/m,Non-economic,0.5%,0.5%,0.6%,2025-02-27 19:30:00
2025-02-28,12:00am,JPY,Housing Starts y/y,Non-economic,-4.6%,-2.6%,-2.5%,2025-02-28 00:00:00
2025-02-28,2:00am,EUR,German Import Prices m/m,Non-economic,1.1%,0.7%,0.4%,2025-02-28 02:00:00
2025-02-28,2:00am,EUR,German Retail Sales m/m,Non-economic,0.2%,0.4%,-0.9%,2025-02-28 02:00:00
2025-02-28,2:00am,GBP,MPC Member Ramsden Speaks,Non-economic,,,,2025-02-28 02:00:00
2025-02-28,2:00am,GBP,Nationwide HPI m/m,Non-economic,0.4%,0.2%,0.1%,2025-02-28 02:00:00
2025-02-28,All Day,EUR,German Prelim CPI m/m,High,0.4%,0.4%,-0.2%,2025-02-28 00:00:00
2025-02-28,2:30am,CHF,Retail Sales y/y,Non-economic,1.3%,1.6%,2.1%,2025-02-28 02:30:00
2025-02-28,2:45am,EUR,French Consumer Spending m/m,Non-economic,-0.5%,-0.6%,0.7%,2025-02-28 02:45:00
2025-02-28,2:45am,EUR,French Final Private Payrolls q/q,Non-economic,-0.3%,-0.2%,-0.2%,2025-02-28 02:45:00
2025-02-28,2:45am,EUR,French Prelim CPI m/m,Non-economic,0.0%,0.5%,0.2%,2025-02-28 02:45:00
2025-02-28,2:45am,EUR,French Prelim GDP q/q,Non-economic,-0.1%,-0.1%,-0.1%,2025-02-28 02:45:00
2025-02-28,3:00am,CHF,KOF Economic Barometer,Non-economic,101.7,101.9,103.0,2025-02-28 03:00:00
2025-02-28,3:55am,EUR,German Unemployment Change,Non-economic,5K,14K,11K,2025-02-28 03:55:00
2025-02-28,5:00am,EUR,Italian Prelim CPI m/m,Non-economic,0.2%,0.2%,0.6%,2025-02-28 05:00:00
2025-02-28,8:30am,CAD,GDP m/m,High,0.2%,0.3%,-0.2%,2025-02-28 08:30:00
2025-02-28,8:30am,USD,Core PCE Price Index m/m,High,0.3%,0.3%,0.2%,2025-02-28 08:30:00
2025-02-28,8:30am,USD,Goods Trade Balance,Non-economic,-153.3B,-116.9B,-122.0B,2025-02-28 08:30:00
2025-02-28,8:30am,USD,Personal Income m/m,Non-economic,0.9%,0.4%,0.4%,2025-02-28 08:30:00
2025-02-28,8:30am,USD,Personal Spending m/m,Non-economic,-0.2%,0.2%,0.8%,2025-02-28 08:30:00
2025-02-28,8:30am,USD,Prelim Wholesale Inventories m/m,Non-economic,0.7%,0.1%,-0.4%,2025-02-28 08:30:00
2025-02-28,9:45am,USD,Chicago PMI,Medium,45.5,40.5,39.5,2025-02-28 09:45:00
2025-02-28,12:15pm,USD,President Trump Speaks,High,,,,2025-02-28 12:15:00
2025-02-28,8:30pm,CNY,Manufacturing PMI,High,50.2,49.9,49.1,2025-02-28 20:30:00
2025-02-28,8:30pm,CNY,Non-Manufacturing PMI,Medium,50.4,50.4,50.2,2025-02-28 20:30:00
2025-02-28,10:15pm,USD,FOMC Member Goolsbee Speaks,Non-economic,,,,2025-02-28 22:15:00
2025-03-02,4:45pm,NZD,Overseas Trade Index q/q,Non-economic,3.1%,1.5%,2.5%,2025-03-02 16:45:00
2025-03-02,7:00pm,AUD,MI Inflation Gauge m/m,Non-economic,-0.2%,,0.1%,2025-03-02 19:00:00
2025-03-02,7:30pm,AUD,ANZ Job Advertisements m/m,Non-economic,-1.4%,,1.3%,2025-03-02 19:30:00
2025-03-02,7:30pm,AUD,Company Operating Profits q/q,Non-economic,5.9%,1.7%,-4.9%,2025-03-02 19:30:00
2025-03-02,7:30pm,JPY,Final Manufacturing PMI,Non-economic,49.0,48.9,48.9,2025-03-02 19:30:00
2025-03-02,8:45pm,CNY,RatingDog Manufacturing PMI,Non-economic,50.8,50.4,50.1,2025-03-02 20:45:00
2025-03-03,12:30am,AUD,Commodity Prices y/y,Non-economic,-8.2%,,-10.7%,2025-03-03 00:30:00
2025-03-03,3:15am,EUR,Spanish Manufacturing PMI,Non-economic,49.7,51.3,50.9,2025-03-03 03:15:00
2025-03-03,3:30am,CHF,Manufacturing PMI,Non-economic,49.6,48.3,47.5,2025-03-03 03:30:00
2025-03-03,3:45am,EUR,Italian Manufacturing PMI,Non-economic,47.4,46.6,46.3,2025-03-03 03:45:00
2025-03-03,3:50am,EUR,French Final Manufacturing PMI,Non-economic,45.8,45.5,45.5,2025-03-03 03:50:00
2025-03-03,3:55am,EUR,German Final Manufacturing PMI,Non-economic,46.5,46.1,46.1,2025-03-03 03:55:00
2025-03-03,4:00am,EUR,Final Manufacturing PMI,Non-economic,47.6,47.3,47.3,2025-03-03 04:00:00
2025-03-03,4:30am,GBP,Final Manufacturing PMI,Non-economic,46.9,46.4,46.4,2025-03-03 04:30:00
2025-03-03,4:30am,GBP,M4 Money Supply m/m,Non-economic,1.3%,0.2%,0.1%,2025-03-03 04:30:00
2025-03-03,4:30am,GBP,Mortgage Approvals,Non-economic,66K,66K,67K,2025-03-03 04:30:00
2025-03-03,4:30am,GBP,Net Lending to Individuals m/m,Non-economic,5.9B,4.7B,4.4B,2025-03-03 04:30:00
2025-03-03,5:00am,EUR,Core CPI Flash Estimate y/y,Medium,2.6%,2.5%,2.7%,2025-03-03 05:00:00
2025-03-03,5:00am,EUR,CPI Flash Estimate y/y,Medium,2.4%,2.3%,2.5%,2025-03-03 05:00:00
2025-03-03,9:30am,CAD,Manufacturing PMI,Non-economic,47.8,,51.6,2025-03-03 09:30:00
2025-03-03,9:45am,USD,Final Manufacturing PMI,Medium,52.7,51.6,51.6,2025-03-03 09:45:00
2025-03-03,10:00am,USD,ISM Manufacturing PMI,High,50.3,50.6,50.9,2025-03-03 10:00:00
2025-03-03,10:00am,USD,ISM Manufacturing Prices,Medium,62.4,56.2,54.9,2025-03-03 10:00:00
2025-03-03,10:00am,USD,Construction Spending m/m,Non-economic,-0.2%,-0.1%,0.5%,2025-03-03 10:00:00
2025-03-03,All Day,USD,Wards Total Vehicle Sales,Non-economic,16.0M,16.1M,15.6M,2025-03-03 00:00:00
2025-03-03,12:05pm,USD,FOMC Member Musalem Speaks,Non-economic,,,,2025-03-03 12:05:00
2025-03-03,2:39pm,USD,President Trump Speaks,Medium,,,,2025-03-03 14:39:00
2025-03-03,4:45pm,NZD,Building Consents m/m,Non-economic,2.6%,,-5.6%,2025-03-03 16:45:00
2025-03-03,6:30pm,JPY,Unemployment Rate,Non-economic,2.5%,2.4%,2.4%,2025-03-03 18:30:00
2025-03-03,6:50pm,JPY,Capital Spending q/y,Non-economic,-0.2%,4.9%,8.1%,2025-03-03 18:50:00
2025-03-03,6:50pm,JPY,Monetary Base y/y,Non-economic,-1.8%,-1.8%,-2.5%,2025-03-03 18:50:00
2025-03-03,7:01pm,GBP,BRC Shop Price Index y/y,Non-economic,-0.7%,,-0.7%,2025-03-03 19:01:00
2025-03-03,7:30pm,AUD,Monetary Policy Meeting Minutes,Medium,,,,2025-03-03 19:30:00
2025-03-03,7:30pm,AUD,Retail Sales m/m,Medium,0.3%,0.3%,-0.1%,2025-03-03 19:30:00
2025-03-03,7:30pm,AUD,Current Account,Non-economic,-12.5B,-11.8B,-13.9B,2025-03-03 19:30:00
2025-03-03,10:35pm,JPY,10-y Bond Auction,Non-economic,1.40|2.7,,1.26|3.2,2025-03-03 22:35:00
2025-03-04,12:00am,JPY,Consumer Confidence,Non-economic,35.0,35.2,35.2,2025-03-04 00:00:00
2025-03-04,2:45am,EUR,French Gov Budget Balance,Non-economic,-17.3B,,-156.3B,2025-03-04 02:45:00
2025-03-04,3:00am,EUR,Spanish Unemployment Change,Non-economic,-6.0K,45.2K,38.7K,2025-03-04 03:00:00
2025-03-04,4:00am,EUR,Italian Monthly Unemployment Rate,Non-economic,6.3%,6.2%,6.4%,2025-03-04 04:00:00
2025-03-04,5:00am,EUR,Unemployment Rate,Non-economic,6.2%,6.3%,6.2%,2025-03-04 05:00:00
2025-03-04,5:03am,GBP,30-y Bond Auction,Non-economic,5.10|2.8,,4.98|3.2,2025-03-04 05:03:00
2025-03-04,9:32am,NZD,GDT Price Index,Non-economic,-0.5%,,-0.6%,2025-03-04 09:32:00
2025-03-04,10:06am,USD,RCM/TIPP Economic Optimism,Non-economic,49.8,53.1,52.0,2025-03-04 10:06:00
2025-03-04,2:20pm,USD,FOMC Member Williams Speaks,Non-economic,,,,2025-03-04 14:20:00
2025-03-04,4:30pm,USD,API Weekly Statistical Bulletin,Non-economic,,,,2025-03-04 16:30:00
2025-03-04,4:45pm,AUD,RBA Deputy Gov Hauser Speaks,Non-economic,,,,2025-03-04 16:45:00
2025-03-04,7:00pm,NZD,ANZ Commodity Prices m/m,Non-economic,3.0%,,1.8%,2025-03-04 19:00:00
2025-03-04,7:30pm,AUD,GDP q/q,High,0.6%,0.6%,0.3%,2025-03-04 19:30:00
2025-03-04,7:30pm,JPY,BOJ Gov Ueda Speaks,Medium,,,,2025-03-04 19:30:00
2025-03-04,8:45pm,CNY,RatingDog Services PMI,Non-economic,51.4,50.8,51.0,2025-03-04 20:45:00
2025-03-04,9:10pm,USD,President Trump Speaks,High,,,,2025-03-04 21:10:00
2025-03-05,2:30am,CHF,CPI m/m,High,0.6%,0.5%,-0.1%,2025-03-05 02:30:00
2025-03-05,2:45am,EUR,French Industrial Production m/m,Non-economic,-0.6%,0.5%,-0.5%,2025-03-05 02:45:00
2025-03-05,3:15am,EUR,Spanish Services PMI,Non-economic,56.2,55.4,54.9,2025-03-05 03:15:00
2025-03-05,3:45am,EUR,Italian Services PMI,Non-economic,53.0,50.9,50.4,2025-03-05 03:45:00
2025-03-05,3:50am,EUR,French Final Services PMI,Non-economic,45.3,44.6,44.5,2025-03-05 03:50:00
2025-03-05,3:55am,EUR,German Final Services PMI,Non-economic,51.1,52.2,52.2,2025-03-05 03:55:00
2025-03-05,4:00am,EUR,Final Services PMI,Non-economic,50.6,50.7,50.7,2025-03-05 04:00:00
2025-03-05,4:30am,GBP,Final Services PMI,Non-economic,51.0,51.1,51.1,2025-03-05 04:30:00
2025-03-05,5:00am,EUR,PPI m/m,Non-economic,0.8%,0.3%,0.5%,2025-03-05 05:00:00
2025-03-05,5:00am,EUR,Italian Retail Sales m/m,Non-economic,-0.4%,0.3%,0.6%,2025-03-05 05:00:00
2025-03-05,8:15am,USD,ADP Non-Farm Employment Change,High,77K,141K,186K,2025-03-05 08:15:00
2025-03-05,8:30am,CAD,Labor Productivity q/q,Non-economic,0.6%,0.6%,0.1%,2025-03-05 08:30:00
2025-03-05,9:30am,GBP,Monetary Policy Report Hearings,Medium,,,,2025-03-05 09:30:00
2025-03-05,9:45am,USD,Final Services PMI,Medium,51.0,49.7,49.7,2025-03-05 09:45:00
2025-03-05,10:00am,USD,ISM Services PMI,High,53.5,52.5,52.8,2025-03-05 10:00:00
2025-03-05,10:00am,USD,Factory Orders m/m,Non-economic,1.7%,1.7%,-0.6%,2025-03-05 10:00:00
2025-03-05,10:30am,USD,Crude Oil Inventories,Non-economic,3.6M,0.6M,-2.3M,2025-03-05 10:30:00
2025-03-05,2:00pm,USD,Beige Book,Non-economic,,,,2025-03-05 14:00:00
2025-03-05,3:30pm,NZD,RBNZ Gov Orr Speaks,Medium,,,,2025-03-05 15:30:00
2025-03-05,7:30pm,AUD,Building Approvals m/m,Non-economic,6.3%,-0.1%,1.7%,2025-03-05 19:30:00
2025-03-05,7:30pm,AUD,Goods Trade Balance,Non-economic,5.62B,5.85B,4.92B,2025-03-05 19:30:00
2025-03-05,10:35pm,JPY,30-y Bond Auction,Non-economic,2.50|3.5,,2.29|3.7,2025-03-05 22:35:00
2025-03-06,1:45am,CHF,Unemployment Rate,Non-economic,2.7%,2.7%,2.7%,2025-03-06 01:45:00
2025-03-06,4:30am,GBP,Construction PMI,Medium,44.6,49.5,48.1,2025-03-06 04:30:00
2025-03-06,4:40am,EUR,Spanish 10-y Bond Auction,Non-economic,3.51|1.9,,2.74|2.6,2025-03-06 04:40:00
2025-03-06,4:59am,EUR,French 10-y Bond Auction,Non-economic,3.51|2.7,,3.15|2.2,2025-03-06 04:59:00
2025-03-06,5:00am,EUR,Retail Sales m/m,Non-economic,-0.3%,0.1%,0.0%,2025-03-06 05:00:00
2025-03-06,All Day,EUR,Euro Summit,High,,,,2025-03-06 00:00:00
2025-03-06,7:30am,USD,Challenger Job Cuts y/y,Non-economic,103.2%,,-39.5%,2025-03-06 07:30:00
2025-03-06,8:15am,EUR,Main Refinancing Rate,High,2.65%,2.65%,2.90%,2025-03-06 08:15:00
2025-03-06,8:15am,EUR,Monetary Policy Statement,High,,,,2025-03-06 08:15:00
2025-03-06,8:30am,CAD,Trade Balance,Non-economic,4.0B,1.4B,1.7B,2025-03-06 08:30:00
2025-03-06,8:30am,USD,Unemployment Claims,High,221K,234K,242K,2025-03-06 08:30:00
2025-03-06,8:30am,USD,Revised Nonfarm Productivity q/q,Non-economic,1.5%,1.2%,1.2%,2025-03-06 08:30:00
2025-03-06,8:30am,USD,Revised Unit Labor Costs q/q,Non-economic,2.2%,3.0%,3.0%,2025-03-06 08:30:00
2025-03-06,8:30am,USD,Trade Balance,Non-economic,-131.4B,-128.3B,-98.1B,2025-03-06 08:30:00
2025-03-06,8:45am,EUR,ECB Press Conference,High,,,,2025-03-06 08:45:00
2025-03-06,8:45am,USD,FOMC Member Harker Speaks,Non-economic,,,,2025-03-06 08:45:00
2025-03-06,10:00am,CAD,Ivey PMI,Medium,55.3,50.6,47.1,2025-03-06 10:00:00
2025-03-06,10:00am,GBP,MPC Member Mann Speaks,Non-economic,,,,2025-03-06 10:00:00
2025-03-06,10:00am,USD,Final Wholesale Inventories m/m,Non-economic,0.8%,0.7%,0.7%,2025-03-06 10:00:00
2025-03-06,10:30am,USD,Natural Gas Storage,Non-economic,-80B,-96B,-261B,2025-03-06 10:30:00
2025-03-06,2:39pm,USD,President Trump Speaks,Medium,,,,2025-03-06 14:39:00
2025-03-06,3:30pm,USD,FOMC Member Waller Speaks,Medium,,,,2025-03-06 15:30:00
2025-03-06,7:00pm,USD,FOMC Member Bostic Speaks,Non-economic,,,,2025-03-06 19:00:00
2025-03-06,7:30pm,AUD,Household Spending m/m,Non-economic,0.4%,0.4%,0.2%,2025-03-06 19:30:00
2025-03-06,10:02pm,CNY,USD-Denominated Trade Balance,Non-economic,170.5B,147.5B,104.8B,2025-03-06 22:02:00
2025-03-06,10:03pm,CNY,Trade Balance,Non-economic,1220B,990B,753B,2025-03-06 22:03:00
2025-03-07,2:00am,EUR,German Factory Orders m/m,Non-economic,-7.0%,-2.4%,5.9%,2025-03-07 02:00:00
2025-03-07,2:00am,GBP,Halifax HPI m/m,Non-economic,-0.1%,0.5%,0.6%,2025-03-07 02:00:00
2025-03-07,2:45am,EUR,French Trade Balance,Non-economic,-6.5B,-4.1B,-3.5B,2025-03-07 02:45:00
2025-03-07,3:00am,CHF,Foreign Currency Reserves,Non-economic,735B,,736B,2025-03-07 03:00:00
2025-03-07,4:30am,EUR,ECB President Lagarde Speaks,Medium,,,,2025-03-07 04:30:00
2025-03-07,5:00am,EUR,Final Employment Change q/q,Non-economic,0.1%,0.1%,0.1%,2025-03-07 05:00:00
2025-03-07,5:00am,EUR,Revised GDP q/q,Non-economic,0.2%,0.1%,0.1%,2025-03-07 05:00:00
2025-03-07,8:30am,CAD,Employment Change,High,1.1K,19.7K,76.0K,2025-03-07 08:30:00
2025-03-07,8:30am,CAD,Unemployment Rate,High,6.6%,6.7%,6.6%,2025-03-07 08:30:00
2025-03-07,8:30am,CAD,Capacity Utilization Rate,Non-economic,79.8%,79.2%,79.4%,2025-03-07 08:30:00
2025-03-07,8:30am,USD,Average Hourly Earnings m/m,High,0.3%,0.3%,0.4%,2025-03-07 08:30:00
2025-03-07,8:30am,USD,Non-Farm Employment Change,High,151K,159K,125K,2025-03-07 08:30:00
2025-03-07,8:30am,USD,Unemployment Rate,High,4.1%,4.0%,4.0%,2025-03-07 08:30:00
2025-03-07,10:15am,USD,FOMC Member Bowman Speaks,Non-economic,,,,2025-03-07 10:15:00
2025-03-07,10:45am,USD,FOMC Member Williams Speaks,Non-economic,,,,2025-03-07 10:45:00
2025-03-07,11:00am,USD,President Trump Speaks,Medium,,,,2025-03-07 11:00:00
2025-03-07,12:20pm,USD,FOMC Member Kugler Speaks,Non-economic,,,,2025-03-07 12:20:00
2025-03-07,12:30pm,USD,Fed Chairman Powell Speaks,High,,,,2025-03-07 12:30:00
2025-03-07,1:00pm,USD,FOMC Member Kugler Speaks,Non-economic,,,,2025-03-07 13:00:00
2025-03-07,3:00pm,USD,President Trump Speaks,Medium,,,,2025-03-07 15:00:00
2025-03-07,3:00pm,USD,Consumer Credit m/m,Non-economic,18.1B,15.6B,37.1B,2025-03-07 15:00:00
2025-03-08,8:30pm,CNY,CPI y/y,Medium,-0.7%,-0.4%,0.5%,2025-03-08 20:30:00
2025-03-08,8:30pm,CNY,PPI y/y,Medium,-2.2%,-2.0%,-2.3%,2025-03-08 20:30:00
2025-03-09,2:00am,CAD,Daylight Saving Time Shift,Low,,,,2025-03-09 02:00:00
2025-03-09,2:00am,USD,Daylight Saving Time Shift,Low,,,,2025-03-09 02:00:00
2025-03-09,6:30pm,JPY,Average Cash Earnings y/y,Non-economic,2.8%,3.2%,4.4%,2025-03-09 18:30:00
2025-03-09,6:50pm,JPY,Bank Lending y/y,Non-economic,3.1%,3.1%,2.9%,2025-03-09 18:50:00
2025-03-09,6:50pm,JPY,Current Account,Non-economic,1.94T,1.97T,2.73T,2025-03-09 18:50:00
2025-03-10,12:00am,JPY,Leading Indicators,Non-economic,108.0%,108.1%,108.3%,2025-03-10 00:00:00
2025-03-10,1:00am,JPY,Economy Watchers Sentiment,Non-economic,45.6,48.5,48.6,2025-03-10 01:00:00
2025-03-10,2:00am,EUR,German Industrial Production m/m,Non-economic,2.0%,1.6%,-1.5%,2025-03-10 02:00:00
2025-03-10,2:00am,EUR,German Trade Balance,Non-economic,16.0B,21.0B,20.7B,2025-03-10 02:00:00
2025-03-10,2:59am,CHF,SECO Consumer Climate,Non-economic,-34,-28,-29,2025-03-10 02:59:00
2025-03-10,All Day,EUR,Eurogroup Meetings,Non-economic,,,,2025-03-10 00:00:00
2025-03-10,4:30am,EUR,Sentix Investor Confidence,Non-economic,-2.9,-9.1,-12.7,2025-03-10 04:30:00
2025-03-10,4:45pm,NZD,Manufacturing Sales q/q,Non-economic,2.6%,,0.2%,2025-03-10 16:45:00
2025-03-10,6:01pm,AUD,Westpac Consumer Sentiment,Non-economic,4.0%,,0.1%,2025-03-10 18:01:00
2025-03-10,6:30pm,JPY,Household Spending y/y,Non-economic,0.8%,3.7%,2.7%,2025-03-10 18:30:00
2025-03-10,6:50pm,JPY,Final GDP Price Index y/y,Non-economic,2.9%,2.8%,2.8%,2025-03-10 18:50:00
2025-03-10,6:50pm,JPY,Final GDP q/q,Non-economic,0.6%,0.7%,0.7%,2025-03-10 18:50:00
2025-03-10,6:50pm,JPY,M2 Money Stock y/y,Non-economic,1.2%,1.4%,1.3%,2025-03-10 18:50:00
2025-03-10,7:01pm,GBP,BRC Retail Sales Monitor y/y,Non-economic,0.9%,1.9%,2.5%,2025-03-10 19:01:00
2025-03-10,7:30pm,AUD,NAB Business Confidence,Non-economic,-1,,5,2025-03-10 19:30:00
2025-03-11,12:58am,JPY,Prelim Machine Tool Orders y/y,Non-economic,3.5%,,4.7%,2025-03-11 00:58:00
2025-03-11,All Day,EUR,ECOFIN Meetings,Non-economic,,,,2025-03-11 00:00:00
2025-03-11,5:00am,USD,NFIB Small Business Index,Non-economic,100.7,100.9,102.8,2025-03-11 05:00:00
2025-03-11,8:30am,GBP,CB Leading Index m/m,Non-economic,-0.3%,,0.0%,2025-03-11 08:30:00
2025-03-11,9:00am,USD,JOLTS Job Openings,High,7.74M,7.65M,7.51M,2025-03-11 09:00:00
2025-03-11,3:30pm,USD,API Weekly Statistical Bulletin,Non-economic,,,,2025-03-11 15:30:00
2025-03-11,4:00pm,USD,President Trump Speaks,Medium,,,,2025-03-11 16:00:00
2025-03-11,6:50pm,JPY,BSI Manufacturing Index,Non-economic,-2.4,6.5,6.3,2025-03-11 18:50:00
2025-03-11,6:50pm,JPY,PPI y/y,Non-economic,4.0%,4.0%,4.2%,2025-03-11 18:50:00
2025-03-12,3:45am,EUR,ECB President Lagarde Speaks,Medium,,,,2025-03-12 03:45:00
2025-03-12,5:09am,GBP,10-y Bond Auction,Non-economic,4.68|2.9,,4.81|2.8,2025-03-12 05:09:00
2025-03-12,5:31am,EUR,German 10-y Bond Auction,Non-economic,2.92|2.1,,2.52|2.8,2025-03-12 05:31:00
2025-03-12,7:30am,USD,Core CPI m/m,High,0.2%,0.3%,0.4%,2025-03-12 07:30:00
2025-03-12,7:30am,USD,CPI m/m,High,0.2%,0.3%,0.5%,2025-03-12 07:30:00
2025-03-12,7:30am,USD,CPI y/y,High,2.8%,2.9%,3.0%,2025-03-12 07:30:00
2025-03-12,8:45am,CAD,BOC Rate Statement,High,,,,2025-03-12 08:45:00
2025-03-12,8:45am,CAD,Overnight Rate,High,2.75%,2.75%,3.00%,2025-03-12 08:45:00
2025-03-12,8:45am,EUR,German Buba President Nagel Speaks,Non-economic,,,,2025-03-12 08:45:00
2025-03-12,9:30am,CAD,BOC Press Conference,High,,,,2025-03-12 09:30:00
2025-03-12,9:30am,USD,Crude Oil Inventories,Non-economic,1.4M,2.1M,3.6M,2025-03-12 09:30:00
2025-03-12,12:01pm,USD,10-y Bond Auction,Non-economic,4.31|2.6,,4.63|2.5,2025-03-12 12:01:00
2025-03-12,1:00pm,USD,Federal Budget Balance,Non-economic,-307.0B,-302.5B,-128.6B,2025-03-12 13:00:00
2025-03-12,4:45pm,NZD,Visitor Arrivals m/m,Non-economic,1.9%,,3.8%,2025-03-12 16:45:00
2025-03-12,7:00pm,AUD,MI Inflation Expectations,Non-economic,3.6%,,4.6%,2025-03-12 19:00:00
2025-03-12,7:01pm,GBP,RICS House Price Balance,Non-economic,11%,20%,21%,2025-03-12 19:01:00
2025-03-13,2:30am,CHF,PPI m/m,Non-economic,0.3%,0.2%,0.1%,2025-03-13 02:30:00
2025-03-13,4:00am,EUR,Italian Quarterly Unemployment Rate,Non-economic,6.1%,6.2%,6.3%,2025-03-13 04:00:00
2025-03-13,5:00am,EUR,Industrial Production m/m,Non-economic,0.8%,0.5%,-0.4%,2025-03-13 05:00:00
2025-03-13,7:30am,CAD,Building Permits m/m,Non-economic,-3.2%,-5.3%,11.6%,2025-03-13 07:30:00
2025-03-13,7:30am,USD,Core PPI m/m,High,-0.1%,0.3%,0.5%,2025-03-13 07:30:00
2025-03-13,7:30am,USD,PPI m/m,High,0.0%,0.3%,0.6%,2025-03-13 07:30:00
2025-03-13,7:30am,USD,Unemployment Claims,High,220K,226K,222K,2025-03-13 07:30:00
2025-03-13,9:30am,USD,Natural Gas Storage,Non-economic,-62B,-46B,-80B,2025-03-13 09:30:00
2025-03-13,12:01pm,USD,30-y Bond Auction,Non-economic,4.62|2.4,,4.75|2.3,2025-03-13 12:01:00
2025-03-13,12:30pm,EUR,German Buba President Nagel Speaks,Non-economic,,,,2025-03-13 12:30:00
2025-03-13,4:30pm,NZD,BusinessNZ Manufacturing Index,Non-economic,53.9,,51.7,2025-03-13 16:30:00
2025-03-13,4:45pm,NZD,FPI m/m,Non-economic,-0.5%,,1.9%,2025-03-13 16:45:00
2025-03-14,2:00am,EUR,German Final CPI m/m,Non-economic,0.4%,0.4%,0.4%,2025-03-14 02:00:00
2025-03-14,2:00am,EUR,German WPI m/m,Non-economic,0.6%,0.2%,0.9%,2025-03-14 02:00:00
2025-03-14,2:00am,GBP,GDP m/m,High,-0.1%,0.1%,0.4%,2025-03-14 02:00:00
2025-03-14,2:00am,GBP,Construction Output m/m,Non-economic,-0.2%,-0.1%,-0.2%,2025-03-14 02:00:00
2025-03-14,2:00am,GBP,Index of Services 3m/3m,Non-economic,0.4%,0.3%,0.2%,2025-03-14 02:00:00
2025-03-14,2:00am,GBP,Industrial Production m/m,Non-economic,-0.9%,-0.1%,0.5%,2025-03-14 02:00:00
2025-03-14,2:00am,GBP,Manufacturing Production m/m,Non-economic,-1.1%,0.0%,0.7%,2025-03-14 02:00:00
2025-03-14,2:45am,EUR,French Final CPI m/m,Non-economic,0.0%,0.0%,0.0%,2025-03-14 02:45:00
2025-03-14,4:00am,EUR,Italian Industrial Production m/m,Non-economic,3.2%,1.5%,-2.7%,2025-03-14 04:00:00
2025-03-14,4:02am,CNY,Foreign Direct Investment ytd/y,Non-economic,-20.4%,,-13.4%,2025-03-14 04:02:00
2025-03-14,4:03am,CNY,New Loans,Medium,1010B,2150B,5130B,2025-03-14 04:03:00
2025-03-14,4:03am,CNY,M2 Money Supply y/y,Non-economic,7.0%,7.0%,7.0%,2025-03-14 04:03:00
2025-03-14,4:30am,GBP,Consumer Inflation Expectations,Non-economic,3.4%,,3.0%,2025-03-14 04:30:00
2025-03-14,5:27am,GBP,NIESR GDP Estimate,Non-economic,0.4%,,0.2%,2025-03-14 05:27:00
2025-03-14,7:30am,CAD,Manufacturing Sales m/m,Non-economic,1.7%,2.0%,0.5%,2025-03-14 07:30:00
2025-03-14,7:30am,CAD,Wholesale Sales m/m,Non-economic,1.2%,1.9%,0.3%,2025-03-14 07:30:00
2025-03-14,9:00am,USD,Prelim UoM Consumer Sentiment,High,57.9,63.1,64.7,2025-03-14 09:00:00
2025-03-14,9:00am,USD,Prelim UoM Inflation Expectations,High,4.9%,,4.3%,2025-03-14 09:00:00
2025-03-14,2:00pm,USD,President Trump Speaks,Medium,,,,2025-03-14 14:00:00
2025-03-16,4:30pm,NZD,BusinessNZ Services Index,Non-economic,49.1,,50.4,2025-03-16 16:30:00
2025-03-16,7:01pm,GBP,Rightmove HPI m/m,Non-economic,1.1%,,0.5%,2025-03-16 19:01:00
2025-03-16,8:30pm,CNY,New Home Prices m/m,Non-economic,-0.14%,,-0.07%,2025-03-16 20:30:00
2025-03-16,9:00pm,CNY,Industrial Production y/y,Medium,5.9%,5.3%,6.2%,2025-03-16 21:00:00
2025-03-16,9:00pm,CNY,Retail Sales y/y,Medium,4.0%,3.8%,3.7%,2025-03-16 21:00:00
2025-03-16,9:00pm,CNY,Fixed Asset Investment ytd/y,Non-economic,4.1%,3.2%,3.2%,2025-03-16 21:00:00
2025-03-16,9:00pm,CNY,NBS Press Conference,Non-economic,,,,2025-03-16 21:00:00
2025-03-16,9:00pm,CNY,Unemployment Rate,Non-economic,5.4%,5.1%,5.1%,2025-03-16 21:00:00
2025-03-17,7:15am,CAD,Housing Starts,Non-economic,229K,246K,239K,2025-03-17 07:15:00
2025-03-17,7:30am,CAD,Foreign Securities Purchases,Non-economic,7.91B,17.44B,13.94B,2025-03-17 07:30:00
2025-03-17,7:30am,USD,Core Retail Sales m/m,High,0.3%,0.3%,-0.6%,2025-03-17 07:30:00
2025-03-17,7:30am,USD,Retail Sales m/m,High,0.2%,0.6%,-1.2%,2025-03-17 07:30:00
2025-03-17,7:30am,USD,Empire State Manufacturing Index,Medium,-20.0,-1.9,5.7,2025-03-17 07:30:00
2025-03-17,9:00am,USD,Business Inventories m/m,Non-economic,0.3%,0.3%,-0.2%,2025-03-17 09:00:00
2025-03-17,9:00am,USD,NAHB Housing Market Index,Non-economic,39,42,42,2025-03-17 09:00:00
2025-03-17,6:15pm,AUD,RBA Assist Gov Hunter Speaks,Non-economic,,,,2025-03-17 18:15:00
2025-03-17,11:30pm,JPY,Tertiary Industry Activity m/m,Non-economic,-0.3%,-0.1%,0.4%,2025-03-17 23:30:00
2025-03-18,3:00am,CHF,SECO Economic Forecasts,Non-economic,,,,2025-03-18 03:00:00
2025-03-18,4:00am,EUR,Italian Trade Balance,Non-economic,-0.26B,5.15B,5.82B,2025-03-18 04:00:00
2025-03-18,5:00am,EUR,German ZEW Economic Sentiment,Medium,51.6,48.1,26.0,2025-03-18 05:00:00
2025-03-18,5:00am,EUR,Trade Balance,Non-economic,14.0B,14.0B,14.2B,2025-03-18 05:00:00
2025-03-18,5:00am,EUR,ZEW Economic Sentiment,Non-economic,39.8,43.6,24.2,2025-03-18 05:00:00
2025-03-18,7:30am,CAD,CPI m/m,High,1.1%,0.6%,0.1%,2025-03-18 07:30:00
2025-03-18,7:30am,CAD,Median CPI y/y,High,2.9%,2.7%,2.7%,2025-03-18 07:30:00
2025-03-18,7:30am,CAD,Trimmed CPI y/y,High,2.9%,2.8%,2.7%,2025-03-18 07:30:00
2025-03-18,7:30am,CAD,Common CPI y/y,Medium,2.5%,2.2%,2.2%,2025-03-18 07:30:00
2025-03-18,7:30am,USD,Building Permits,Non-economic,1.46M,1.45M,1.47M,2025-03-18 07:30:00
2025-03-18,7:30am,USD,Housing Starts,Non-economic,1.50M,1.38M,1.35M,2025-03-18 07:30:00
2025-03-18,7:30am,USD,Import Prices m/m,Non-economic,0.4%,-0.1%,0.4%,2025-03-18 07:30:00
2025-03-18,7:32am,CAD,Core CPI m/m,Non-economic,0.7%,,0.4%,2025-03-18 07:32:00
2025-03-18,8:15am,USD,Capacity Utilization Rate,Non-economic,78.2%,77.8%,77.7%,2025-03-18 08:15:00
2025-03-18,8:15am,USD,Industrial Production m/m,Non-economic,0.7%,0.2%,0.3%,2025-03-18 08:15:00
2025-03-18,9:30am,AUD,CB Leading Index m/m,Non-economic,0.5%,,0.4%,2025-03-18 09:30:00
2025-03-18,10:13am,NZD,GDT Price Index,Non-economic,0.0%,,-0.5%,2025-03-18 10:13:00
2025-03-18,3:00pm,NZD,Westpac Consumer Sentiment,Non-economic,89.2,,97.5,2025-03-18 15:00:00
2025-03-18,3:30pm,USD,API Weekly Statistical Bulletin,Non-economic,,,,2025-03-18 15:30:00
2025-03-18,4:45pm,NZD,Current Account,Non-economic,-7.04B,-6.68B,-10.84B,2025-03-18 16:45:00
2025-03-18,6:30pm,AUD,MI Leading Index m/m,Non-economic,0.1%,,0.1%,2025-03-18 18:30:00
2025-03-18,6:50pm,JPY,Core Machinery Orders m/m,Non-economic,-3.5%,-0.1%,-1.2%,2025-03-18 18:50:00
2025-03-18,6:50pm,JPY,Trade Balance,Non-economic,0.18T,0.50T,-0.60T,2025-03-18 18:50:00
2025-03-18,9:25pm,JPY,BOJ Policy Rate,High,<0.50%,<0.50%,<0.50%,2025-03-18 21:25:00
2025-03-18,9:25pm,JPY,Monetary Policy Statement,High,,,,2025-03-18 21:25:00
2025-03-18,11:30pm,JPY,Revised Industrial Production m/m,Non-economic,-1.1%,-1.1%,-1.1%,2025-03-18 23:30:00
2025-03-19,1:30am,JPY,BOJ Press Conference,High,,,,2025-03-19 01:30:00
2025-03-19,5:00am,EUR,Final Core CPI y/y,Non-economic,2.6%,2.6%,2.6%,2025-03-19 05:00:00
2025-03-19,5:00am,EUR,Final CPI y/y,Non-economic,2.3%,2.4%,2.5%,2025-03-19 05:00:00
2025-03-19,5:33am,EUR,German 30-y Bond Auction,Non-economic,3.08|1.9,,2.70|2.5,2025-03-19 05:33:00
2025-03-19,9:30am,USD,Crude Oil Inventories,Non-economic,1.7M,0.8M,1.4M,2025-03-19 09:30:00
2025-03-19,1:00pm,USD,Federal Funds Rate,High,4.50%,4.50%,4.50%,2025-03-19 13:00:00
2025-03-19,1:00pm,USD,FOMC Economic Projections,High,,,,2025-03-19 13:00:00
2025-03-19,1:00pm,USD,FOMC Statement,High,,,,2025-03-19 13:00:00
2025-03-19,1:30pm,USD,FOMC Press Conference,High,,,,2025-03-19 13:30:00
2025-03-19,3:00pm,USD,TIC Long-Term Purchases,Non-economic,-45.2B,101.1B,75.0B,2025-03-19 15:00:00
2025-03-19,4:45pm,NZD,GDP q/q,High,0.7%,0.4%,-1.1%,2025-03-19 16:45:00
2025-03-19,All Day,JPY,Bank Holiday,Low,,,,2025-03-19 00:00:00
2025-03-19,7:30pm,AUD,Employment Change,High,-52.8K,30.8K,30.5K,2025-03-19 19:30:00
2025-03-19,7:30pm,AUD,Unemployment Rate,High,4.1%,4.1%,4.1%,2025-03-19 19:30:00
2025-03-19,8:00pm,CNY,1-y Loan Prime Rate,Medium,3.10%,3.10%,3.10%,2025-03-19 20:00:00
2025-03-19,8:00pm,CNY,5-y Loan Prime Rate,Medium,3.60%,3.60%,3.60%,2025-03-19 20:00:00
2025-03-20,2:00am,CHF,Trade Balance,Non-economic,4.80B,5.01B,6.15B,2025-03-20 02:00:00
2025-03-20,2:00am,EUR,German PPI m/m,Non-economic,-0.2%,0.2%,-0.1%,2025-03-20 02:00:00
2025-03-20,2:00am,GBP,Claimant Count Change,High,44.2K,7.9K,2.8K,2025-03-20 02:00:00
2025-03-20,2:00am,GBP,Average Earnings Index 3m/y,Medium,5.8%,5.8%,6.1%,2025-03-20 02:00:00
2025-03-20,2:00am,GBP,Unemployment Rate,Non-economic,4.4%,4.4%,4.4%,2025-03-20 02:00:00
2025-03-20,3:00am,EUR,ECB President Lagarde Speaks,Medium,,,,2025-03-20 03:00:00
2025-03-20,3:30am,CHF,SNB Monetary Policy Assessment,High,,,,2025-03-20 03:30:00
2025-03-20,3:30am,CHF,SNB Policy Rate,High,0.25%,0.25%,0.50%,2025-03-20 03:30:00
2025-03-20,4:00am,CHF,SNB Press Conference,High,,,,2025-03-20 04:00:00
2025-03-20,4:00am,EUR,ECB Economic Bulletin,Non-economic,,,,2025-03-20 04:00:00
2025-03-20,4:40am,EUR,Spanish 10-y Bond Auction,Non-economic,3.38|1.5,,3.51|1.9,2025-03-20 04:40:00
2025-03-20,6:00am,EUR,German Buba Monthly Report,Non-economic,,,,2025-03-20 06:00:00
2025-03-20,7:00am,GBP,Monetary Policy Summary,High,,,,2025-03-20 07:00:00
2025-03-20,7:00am,GBP,MPC Official Bank Rate Votes,High,0-1-8,0-2-7,0-9-0,2025-03-20 07:00:00
2025-03-20,7:00am,GBP,Official Bank Rate,High,4.50%,4.50%,4.50%,2025-03-20 07:00:00
2025-03-20,7:30am,CAD,IPPI m/m,Non-economic,0.4%,0.3%,1.4%,2025-03-20 07:30:00
2025-03-20,7:30am,CAD,RMPI m/m,Non-economic,0.3%,-0.3%,3.5%,2025-03-20 07:30:00
2025-03-20,7:30am,USD,Unemployment Claims,High,223K,224K,221K,2025-03-20 07:30:00
2025-03-20,7:30am,USD,Philly Fed Manufacturing Index,Medium,12.5,8.8,18.1,2025-03-20 07:30:00
2025-03-20,7:30am,USD,Current Account,Non-economic,-304B,-330B,-310B,2025-03-20 07:30:00
2025-03-20,9:00am,USD,Existing Home Sales,Medium,4.26M,3.95M,4.09M,2025-03-20 09:00:00
2025-03-20,9:00am,USD,CB Leading Index m/m,Non-economic,-0.3%,-0.2%,-0.2%,2025-03-20 09:00:00
2025-03-20,9:30am,USD,Natural Gas Storage,Non-economic,9B,3B,-62B,2025-03-20 09:30:00
2025-03-20,9:40am,USD,President Trump Speaks,Medium,,,,2025-03-20 09:40:00
2025-03-20,11:50am,CAD,BOC Gov Macklem Speaks,High,,,,2025-03-20 11:50:00
2025-03-20,4:45pm,NZD,Trade Balance,Non-economic,510M,-235M,-544M,2025-03-20 16:45:00
2025-03-20,6:30pm,JPY,National Core CPI y/y,Medium,3.0%,2.9%,3.2%,2025-03-20 18:30:00
2025-03-20,7:01pm,GBP,GfK Consumer Confidence,Non-economic,-19,-20,-20,2025-03-20 19:01:00
2025-03-20,9:00pm,NZD,Credit Card Spending y/y,Non-economic,0.9%,,1.3%,2025-03-20 21:00:00
2025-03-21,2:00am,GBP,Public Sector Net Borrowing,Non-economic,10.7B,7.0B,-13.3B,2025-03-21 02:00:00
2025-03-21,4:00am,EUR,Current Account,Non-economic,35.4B,35.0B,38.4B,2025-03-21 04:00:00
2025-03-21,6:00am,GBP,CBI Industrial Order Expectations,Non-economic,-29,-30,-28,2025-03-21 06:00:00
2025-03-21,7:30am,CAD,Core Retail Sales m/m,High,0.2%,-0.1%,2.9%,2025-03-21 07:30:00
2025-03-21,7:30am,CAD,Retail Sales m/m,High,-0.6%,-0.4%,2.6%,2025-03-21 07:30:00
2025-03-21,7:30am,CAD,NHPI m/m,Non-economic,0.1%,0.0%,-0.1%,2025-03-21 07:30:00
2025-03-21,8:05am,USD,FOMC Member Williams Speaks,Non-economic,,,,2025-03-21 08:05:00
2025-03-21,10:00am,EUR,Consumer Confidence,Non-economic,-15,-13,-14,2025-03-21 10:00:00
2025-03-23,5:00pm,AUD,Flash Manufacturing PMI,Non-economic,52.6,,50.4,2025-03-23 17:00:00
2025-03-23,5:00pm,AUD,Flash Services PMI,Non-economic,51.2,,50.8,2025-03-23 17:00:00
2025-03-23,7:30pm,JPY,Flash Manufacturing PMI,Non-economic,48.3,49.2,49.0,2025-03-23 19:30:00
2025-03-24,3:15am,EUR,French Flash Manufacturing PMI,High,48.9,46.2,45.8,2025-03-24 03:15:00
2025-03-24,3:15am,EUR,French Flash Services PMI,High,46.6,46.3,45.3,2025-03-24 03:15:00
2025-03-24,3:30am,EUR,German Flash Manufacturing PMI,High,48.3,47.1,46.5,2025-03-24 03:30:00
2025-03-24,3:30am,EUR,German Flash Services PMI,High,50.2,52.3,51.1,2025-03-24 03:30:00
2025-03-24,4:00am,EUR,Flash Manufacturing PMI,Medium,48.7,48.3,47.6,2025-03-24 04:00:00
2025-03-24,4:00am,EUR,Flash Services PMI,Medium,50.4,51.2,50.6,2025-03-24 04:00:00
2025-03-24,4:30am,GBP,Flash Manufacturing PMI,High,44.6,47.3,46.9,2025-03-24 04:30:00
2025-03-24,4:30am,GBP,Flash Services PMI,High,53.2,51.2,51.0,2025-03-24 04:30:00
2025-03-24,8:45am,USD,Flash Manufacturing PMI,High,49.8,51.9,52.7,2025-03-24 08:45:00
2025-03-24,8:45am,USD,Flash Services PMI,High,54.3,51.2,51.0,2025-03-24 08:45:00
2025-03-24,12:45pm,USD,FOMC Member Bostic Speaks,Non-economic,,,,2025-03-24 12:45:00
2025-03-24,1:00pm,GBP,BOE Gov Bailey Speaks,High,,,,2025-03-24 13:00:00
2025-03-24,1:30pm,USD,President Trump Speaks,Medium,,,,2025-03-24 13:30:00
2025-03-24,2:10pm,USD,FOMC Member Barr Speaks,Non-economic,,,,2025-03-24 14:10:00
2025-03-24,6:10pm,AUD,RBA Assist Gov Jones Speaks,Non-economic,,,,2025-03-24 18:10:00
2025-03-24,6:50pm,JPY,Monetary Policy Meeting Minutes,Non-economic,,,,2025-03-24 18:50:00
2025-03-25,12:00am,JPY,BOJ Core CPI y/y,Non-economic,2.2%,2.2%,2.2%,2025-03-25 00:00:00
2025-03-25,3:30am,AUD,Annual Budget Release,Non-economic,,,,2025-03-25 03:30:00
2025-03-25,4:00am,EUR,German ifo Business Climate,Medium,86.7,86.8,85.3,2025-03-25 04:00:00
2025-03-25,6:00am,GBP,CBI Realized Sales,Non-economic,-41,-28,-23,2025-03-25 06:00:00
2025-03-25,7:40am,USD,FOMC Member Kugler Speaks,Non-economic,,,,2025-03-25 07:40:00
2025-03-25,8:00am,USD,S&P/CS Composite-20 HPI y/y,Medium,4.7%,4.6%,4.5%,2025-03-25 08:00:00
2025-03-25,8:00am,USD,HPI m/m,Non-economic,0.2%,0.2%,0.5%,2025-03-25 08:00:00
2025-03-25,8:05am,USD,FOMC Member Williams Speaks,Non-economic,,,,2025-03-25 08:05:00
2025-03-25,8:55am,EUR,Belgian NBB Business Climate,Non-economic,-15.1,-11.4,-12.3,2025-03-25 08:55:00
2025-03-25,8:59am,USD,Richmond Manufacturing Index,Medium,-4,8,6,2025-03-25 08:59:00
2025-03-25,9:00am,USD,CB Consumer Confidence,Medium,92.9,94.2,100.1,2025-03-25 09:00:00
2025-03-25,9:00am,USD,New Home Sales,Medium,676K,682K,664K,2025-03-25 09:00:00
2025-03-25,11:00am,EUR,German Buba President Nagel Speaks,Non-economic,,,,2025-03-25 11:00:00
2025-03-25,3:30pm,USD,API Weekly Statistical Bulletin,Non-economic,,,,2025-03-25 15:30:00
2025-03-25,6:50pm,JPY,SPPI y/y,Non-economic,3.0%,3.1%,3.2%,2025-03-25 18:50:00
2025-03-25,7:30pm,AUD,CPI y/y,High,2.4%,2.5%,2.5%,2025-03-25 19:30:00
2025-03-26,2:00am,GBP,CPI y/y,High,2.8%,3.0%,3.0%,2025-03-26 02:00:00
2025-03-26,2:00am,GBP,Core CPI y/y,Non-economic,3.5%,3.6%,3.7%,2025-03-26 02:00:00
2025-03-26,2:00am,GBP,RPI y/y,Non-economic,3.4%,3.5%,3.6%,2025-03-26 02:00:00
2025-03-26,4:00am,CHF,UBS Economic Expectations,Non-economic,-10.7,,3.4,2025-03-26 04:00:00
2025-03-26,4:30am,GBP,HPI y/y,Non-economic,4.9%,4.4%,4.6%,2025-03-26 04:30:00
2025-03-26,7:30am,GBP,Annual Budget Release,High,,,,2025-03-26 07:30:00
2025-03-26,7:30am,USD,Core Durable Goods Orders m/m,Medium,0.7%,0.2%,0.1%,2025-03-26 07:30:00
2025-03-26,7:30am,USD,Durable Goods Orders m/m,Medium,0.9%,-1.1%,3.2%,2025-03-26 07:30:00
2025-03-26,8:00am,CNY,CB Leading Index m/m,Non-economic,-0.3%,,-0.3%,2025-03-26 08:00:00
2025-03-26,9:00am,CHF,SNB Quarterly Bulletin,Non-economic,,,,2025-03-26 09:00:00
2025-03-26,9:00am,USD,FOMC Member Kashkari Speaks,Non-economic,,,,2025-03-26 09:00:00
2025-03-26,9:30am,USD,Crude Oil Inventories,Non-economic,-3.3M,1.5M,1.7M,2025-03-26 09:30:00
2025-03-26,12:10pm,USD,FOMC Member Musalem Speaks,Non-economic,,,,2025-03-26 12:10:00
2025-03-26,12:30pm,CAD,BOC Summary of Deliberations,Non-economic,,,,2025-03-26 12:30:00
2025-03-26,3:00pm,USD,President Trump Speaks,High,,,,2025-03-26 15:00:00
2025-03-26,8:00pm,USD,President Trump Speaks,Medium,,,,2025-03-26 20:00:00
2025-03-27,4:00am,EUR,M3 Money Supply y/y,Non-economic,4.0%,3.8%,3.8%,2025-03-27 04:00:00
2025-03-27,4:00am,EUR,Private Loans y/y,Non-economic,1.5%,1.4%,1.3%,2025-03-27 04:00:00
2025-03-27,5:00am,GBP,MPC Member Dhingra Speaks,Non-economic,,,,2025-03-27 05:00:00
2025-03-27,7:30am,USD,Final GDP q/q,High,2.4%,2.3%,2.3%,2025-03-27 07:30:00
2025-03-27,7:30am,USD,Unemployment Claims,High,224K,225K,225K,2025-03-27 07:30:00
2025-03-27,7:30am,USD,Final GDP Price Index q/q,Medium,2.3%,2.4%,2.4%,2025-03-27 07:30:00
2025-03-27,7:30am,USD,Goods Trade Balance,Non-economic,-147.9B,-134.6B,-155.6B,2025-03-27 07:30:00
2025-03-27,7:30am,USD,Prelim Wholesale Inventories m/m,Non-economic,0.3%,0.7%,0.8%,2025-03-27 07:30:00
2025-03-27,9:00am,USD,Pending Home Sales m/m,Medium,2.0%,0.9%,-4.6%,2025-03-27 09:00:00
2025-03-27,9:30am,USD,Natural Gas Storage,Non-economic,37B,37B,9B,2025-03-27 09:30:00
2025-03-27,1:05pm,EUR,ECB President Lagarde Speaks,Non-economic,,,,2025-03-27 13:05:00
2025-03-27,3:30pm,USD,FOMC Member Barkin Speaks,Non-economic,,,,2025-03-27 15:30:00
2025-03-27,6:30pm,JPY,Tokyo Core CPI y/y,Medium,2.4%,2.2%,2.2%,2025-03-27 18:30:00
2025-03-27,6:50pm,JPY,BOJ Summary of Opinions,Non-economic,,,,2025-03-27 18:50:00
2025-03-28,2:00am,EUR,German GfK Consumer Climate,Non-economic,-24.5,-22.6,-24.6,2025-03-28 02:00:00
2025-03-28,2:00am,GBP,Retail Sales m/m,High,1.0%,-0.3%,1.4%,2025-03-28 02:00:00
2025-03-28,2:00am,GBP,Current Account,Non-economic,-21.0B,-16.7B,-12.5B,2025-03-28 02:00:00
2025-03-28,2:00am,GBP,Final GDP q/q,Non-economic,0.1%,0.1%,0.1%,2025-03-28 02:00:00
2025-03-28,2:00am,GBP,Goods Trade Balance,Non-economic,-17.8B,-16.8B,-19.7B,2025-03-28 02:00:00
2025-03-28,2:00am,GBP,Revised Business Investment q/q,Non-economic,-1.9%,-3.2%,-3.2%,2025-03-28 02:00:00
2025-03-28,2:45am,EUR,French Consumer Spending m/m,Non-economic,-0.1%,0.3%,-0.6%,2025-03-28 02:45:00
2025-03-28,2:45am,EUR,French Prelim CPI m/m,Non-economic,0.2%,0.3%,0.0%,2025-03-28 02:45:00
2025-03-28,3:00am,CHF,KOF Economic Barometer,Non-economic,103.9,102.5,102.6,2025-03-28 03:00:00
2025-03-28,3:00am,EUR,Spanish Flash CPI y/y,Medium,2.3%,2.6%,3.0%,2025-03-28 03:00:00
2025-03-28,3:55am,EUR,German Unemployment Change,Non-economic,26K,10K,9K,2025-03-28 03:55:00
2025-03-28,5:13am,EUR,Italian 10-y Bond Auction,Non-economic,3.83|1.7,,3.55|1.6,2025-03-28 05:13:00
2025-03-28,7:30am,CAD,GDP m/m,High,0.4%,0.3%,0.3%,2025-03-28 07:30:00
2025-03-28,7:30am,USD,Core PCE Price Index m/m,High,0.4%,0.3%,0.3%,2025-03-28 07:30:00
2025-03-28,7:30am,USD,Personal Income m/m,Non-economic,0.8%,0.4%,0.7%,2025-03-28 07:30:00
2025-03-28,7:30am,USD,Personal Spending m/m,Non-economic,0.4%,0.5%,-0.3%,2025-03-28 07:30:00
2025-03-28,8:00am,EUR,German Buba President Nagel Speaks,Non-economic,,,,2025-03-28 08:00:00
2025-03-28,9:00am,USD,Revised UoM Consumer Sentiment,Medium,57.0,57.9,57.9,2025-03-28 09:00:00
2025-03-28,9:00am,USD,Revised UoM Inflation Expectations,Non-economic,5.0%,,4.9%,2025-03-28 09:00:00
2025-03-28,11:15am,USD,FOMC Member Barr Speaks,Non-economic,,,,2025-03-28 11:15:00
2025-03-28,2:45pm,USD,FOMC Member Bostic Speaks,Non-economic,,,,2025-03-28 14:45:00
2025-03-29,8:00pm,CHF,Daylight Saving Time Shift,Low,,,,2025-03-29 20:00:00
2025-03-29,8:00pm,EUR,Daylight Saving Time Shift,Low,,,,2025-03-29 20:00:00
2025-03-29,8:00pm,GBP,Daylight Saving Time Shift,Low,,,,2025-03-29 20:00:00
2025-03-30,6:50pm,JPY,Prelim Industrial Production m/m,Non-economic,2.5%,1.9%,-1.1%,2025-03-30 18:50:00
2025-03-30,6:50pm,JPY,Retail Sales y/y,Non-economic,1.4%,2.4%,4.4%,2025-03-30 18:50:00
2025-03-30,7:00pm,AUD,MI Inflation Gauge m/m,Non-economic,0.7%,,-0.2%,2025-03-30 19:00:00
2025-03-30,7:00pm,NZD,ANZ Business Confidence,Non-economic,57.5,,58.4,2025-03-30 19:00:00
2025-03-30,7:30pm,AUD,Private Sector Credit m/m,Non-economic,0.5%,0.5%,0.5%,2025-03-30 19:30:00
2025-03-30,8:30pm,CNY,Manufacturing PMI,High,50.5,50.4,50.2,2025-03-30 20:30:00
2025-03-30,8:30pm,CNY,Non-Manufacturing PMI,Medium,50.8,50.5,50.4,2025-03-30 20:30:00
2025-03-31,12:00am,JPY,Housing Starts y/y,Non-economic,2.4%,-2.3%,-4.6%,2025-03-31 00:00:00
2025-03-31,1:00am,EUR,German Import Prices m/m,Non-economic,0.3%,0.0%,1.1%,2025-03-31 01:00:00
2025-03-31,1:00am,EUR,German Retail Sales m/m,Non-economic,0.8%,0.0%,0.7%,2025-03-31 01:00:00
2025-03-31,All Day,EUR,German Prelim CPI m/m,High,0.3%,0.3%,0.4%,2025-03-31 00:00:00
2025-03-31,3:30am,GBP,M4 Money Supply m/m,Non-economic,0.2%,1.1%,1.4%,2025-03-31 03:30:00
2025-03-31,3:30am,GBP,Mortgage Approvals,Non-economic,65K,66K,66K,2025-03-31 03:30:00
2025-03-31,3:30am,GBP,Net Lending to Individuals m/m,Non-economic,4.6B,4.9B,5.9B,2025-03-31 03:30:00
2025-03-31,4:00am,EUR,Italian Prelim CPI m/m,Non-economic,0.4%,0.0%,0.2%,2025-03-31 04:00:00
2025-03-31,8:45am,USD,Chicago PMI,Non-economic,47.6,45.5,45.5,2025-03-31 08:45:00
2025-03-31,6:01pm,GBP,BRC Shop Price Index y/y,Non-economic,-0.4%,,-0.7%,2025-03-31 18:01:00
2025-03-31,6:30pm,JPY,Unemployment Rate,Non-economic,2.4%,2.5%,2.5%,2025-03-31 18:30:00
2025-03-31,6:50pm,JPY,Tankan Manufacturing Index,Non-economic,12,12,14,2025-03-31 18:50:00
2025-03-31,6:50pm,JPY,Tankan Non-Manufacturing Index,Non-economic,35,33,33,2025-03-31 18:50:00
2025-03-31,7:30pm,AUD,Retail Sales m/m,Medium,0.2%,0.3%,0.3%,2025-03-31 19:30:00
2025-03-31,7:30pm,JPY,Final Manufacturing PMI,Non-economic,48.4,48.3,48.3,2025-03-31 19:30:00
2025-03-31,8:45pm,CNY,RatingDog Manufacturing PMI,Non-economic,51.2,50.6,50.8,2025-03-31 20:45:00
2025-03-31,10:30pm,AUD,Cash Rate,High,4.10%,4.10%,4.10%,2025-03-31 22:30:00
2025-03-31,10:30pm,AUD,RBA Rate Statement,High,,,,2025-03-31 22:30:00
2025-03-31,11:30pm,AUD,RBA Press Conference,Medium,,,,2025-03-31 23:30:00
2025-04-01,12:30am,AUD,Commodity Prices y/y,Non-economic,-6.5%,,-8.8%,2025-04-01 00:30:00
2025-04-01,1:02am,GBP,Nationwide HPI m/m,Non-economic,0.0%,0.2%,0.4%,2025-04-01 01:02:00
2025-04-01,1:30am,CHF,Retail Sales y/y,Non-economic,1.6%,1.5%,2.9%,2025-04-01 01:30:00
2025-04-01,2:15am,EUR,Spanish Manufacturing PMI,Non-economic,49.5,49.8,49.7,2025-04-01 02:15:00
2025-04-01,2:30am,CHF,Manufacturing PMI,Non-economic,48.9,50.4,49.6,2025-04-01 02:30:00
2025-04-01,2:45am,EUR,Italian Manufacturing PMI,Non-economic,46.6,47.9,47.4,2025-04-01 02:45:00
2025-04-01,2:50am,EUR,French Final Manufacturing PMI,Non-economic,48.5,48.9,48.9,2025-04-01 02:50:00
2025-04-01,2:55am,EUR,German Final Manufacturing PMI,Non-economic,48.3,48.4,48.3,2025-04-01 02:55:00
2025-04-01,3:00am,EUR,Final Manufacturing PMI,Non-economic,48.6,48.7,48.7,2025-04-01 03:00:00
2025-04-01,3:00am,EUR,Italian Monthly Unemployment Rate,Non-economic,5.9%,6.3%,6.2%,2025-04-01 03:00:00
2025-04-01,3:15am,GBP,MPC Member Greene Speaks,Non-economic,,,,2025-04-01 03:15:00
2025-04-01,3:30am,GBP,Final Manufacturing PMI,Non-economic,44.9,44.6,44.6,2025-04-01 03:30:00
2025-04-01,4:00am,EUR,Core CPI Flash Estimate y/y,Medium,2.4%,2.5%,2.6%,2025-04-01 04:00:00
2025-04-01,4:00am,EUR,CPI Flash Estimate y/y,Medium,2.2%,2.2%,2.3%,2025-04-01 04:00:00
2025-04-01,4:00am,EUR,Unemployment Rate,Non-economic,6.1%,6.2%,6.2%,2025-04-01 04:00:00
2025-04-01,7:30am,EUR,ECB President Lagarde Speaks,Medium,,,,2025-04-01 07:30:00
2025-04-01,8:00am,USD,FOMC Member Barkin Speaks,Non-economic,,,,2025-04-01 08:00:00
2025-04-01,8:30am,CAD,Manufacturing PMI,Non-economic,46.3,,47.8,2025-04-01 08:30:00
2025-04-01,8:45am,USD,Final Manufacturing PMI,Medium,50.2,49.8,49.8,2025-04-01 08:45:00
2025-04-01,9:00am,USD,ISM Manufacturing PMI,High,49.0,49.5,50.3,2025-04-01 09:00:00
2025-04-01,9:00am,USD,JOLTS Job Openings,High,7.57M,7.69M,7.76M,2025-04-01 09:00:00
2025-04-01,9:00am,USD,ISM Manufacturing Prices,Medium,69.4,64.6,62.4,2025-04-01 09:00:00
2025-04-01,9:00am,USD,Construction Spending m/m,Non-economic,0.7%,0.3%,-0.5%,2025-04-01 09:00:00
2025-04-01,All Day,USD,Wards Total Vehicle Sales,Non-economic,17.8M,16.1M,16.0M,2025-04-01 00:00:00
2025-04-01,9:34am,USD,RCM/TIPP Economic Optimism,Non-economic,49.1,50.1,49.8,2025-04-01 09:34:00
2025-04-01,9:57am,NZD,GDT Price Index,Non-economic,1.1%,,0.0%,2025-04-01 09:57:00
2025-04-01,3:30pm,USD,API Weekly Statistical Bulletin,Non-economic,,,,2025-04-01 15:30:00
2025-04-01,4:45pm,NZD,Building Consents m/m,Non-economic,0.7%,,2.6%,2025-04-01 16:45:00
2025-04-01,6:25pm,AUD,RBA Assist Gov Kent Speaks,Non-economic,,,,2025-04-01 18:25:00
2025-04-01,6:50pm,JPY,Monetary Base y/y,Non-economic,-3.1%,-1.5%,-1.8%,2025-04-01 18:50:00
2025-04-01,7:30pm,AUD,Building Approvals m/m,Non-economic,-0.3%,-1.4%,6.9%,2025-04-01 19:30:00
2025-04-02,1:45am,EUR,French Gov Budget Balance,Non-economic,-40.3B,,-17.3B,2025-04-02 01:45:00
2025-04-02,2:00am,EUR,Spanish Unemployment Change,Non-economic,-13.3K,-2.5K,-6.0K,2025-04-02 02:00:00
2025-04-02,4:33am,EUR,German 10-y Bond Auction,Non-economic,2.68|2.2,,2.92|2.1,2025-04-02 04:33:00
2025-04-02,7:15am,USD,ADP Non-Farm Employment Change,High,155K,118K,84K,2025-04-02 07:15:00
2025-04-02,9:00am,USD,Factory Orders m/m,Non-economic,0.6%,0.5%,1.8%,2025-04-02 09:00:00
2025-04-02,9:30am,USD,Crude Oil Inventories,Non-economic,6.2M,-0.4M,-3.3M,2025-04-02 09:30:00
2025-04-02,3:00pm,USD,President Trump Speaks,High,,,,2025-04-02 15:00:00
2025-04-02,3:30pm,USD,FOMC Member Kugler Speaks,Non-economic,,,,2025-04-02 15:30:00
2025-04-02,7:00pm,NZD,ANZ Commodity Prices m/m,Non-economic,-0.4%,,3.0%,2025-04-02 19:00:00
2025-04-02,7:30pm,AUD,Goods Trade Balance,Non-economic,2.97B,5.38B,5.16B,2025-04-02 19:30:00
2025-04-02,7:30pm,AUD,RBA Financial Stability Review,Non-economic,,,,2025-04-02 19:30:00
2025-04-02,8:45pm,CNY,RatingDog Services PMI,Non-economic,51.9,51.5,51.4,2025-04-02 20:45:00
2025-04-02,10:35pm,JPY,10-y Bond Auction,Non-economic,1.41|3.1,,1.40|2.7,2025-04-02 22:35:00
2025-04-03,1:30am,CHF,CPI m/m,High,0.0%,0.1%,0.6%,2025-04-03 01:30:00
2025-04-03,2:15am,EUR,Spanish Services PMI,Non-economic,54.7,55.6,56.2,2025-04-03 02:15:00
2025-04-03,2:45am,EUR,Italian Services PMI,Non-economic,52.0,52.6,53.0,2025-04-03 02:45:00
2025-04-03,2:50am,EUR,French Final Services PMI,Non-economic,47.9,46.6,46.6,2025-04-03 02:50:00
2025-04-03,2:55am,EUR,German Final Services PMI,Non-economic,50.9,50.2,50.2,2025-04-03 02:55:00
2025-04-03,3:00am,EUR,Final Services PMI,Non-economic,51.0,50.4,50.4,2025-04-03 03:00:00
2025-04-03,3:30am,CHF,Gov Board Member Tschudin Speaks,Non-economic,,,,2025-04-03 03:30:00
2025-04-03,3:30am,GBP,Final Services PMI,Non-economic,52.5,53.2,53.2,2025-04-03 03:30:00
2025-04-03,3:56am,EUR,French 10-y Bond Auction,Non-economic,3.37|3.0,,3.51|2.7,2025-04-03 03:56:00
2025-04-03,4:00am,EUR,PPI m/m,Non-economic,0.2%,0.3%,0.7%,2025-04-03 04:00:00
2025-04-03,All Day,All,OPEC-JMMC Meetings,Medium,,,,2025-04-03 00:00:00
2025-04-03,6:30am,EUR,ECB Monetary Policy Meeting Accounts,Non-economic,,,,2025-04-03 06:30:00
2025-04-03,6:30am,USD,Challenger Job Cuts y/y,Non-economic,204.8%,,103.2%,2025-04-03 06:30:00
2025-04-03,7:30am,CAD,Trade Balance,Non-economic,-1.5B,3.4B,3.1B,2025-04-03 07:30:00
2025-04-03,7:30am,USD,Unemployment Claims,High,219K,225K,225K,2025-04-03 07:30:00
2025-04-03,7:30am,USD,Trade Balance,Non-economic,-122.7B,-122.5B,-130.7B,2025-04-03 07:30:00
2025-04-03,8:45am,USD,Final Services PMI,Medium,54.4,54.1,54.3,2025-04-03 08:45:00
2025-04-03,9:00am,USD,ISM Services PMI,High,50.8,53.0,53.5,2025-04-03 09:00:00
2025-04-03,9:30am,USD,Natural Gas Storage,Non-economic,29B,27B,37B,2025-04-03 09:30:00
2025-04-03,11:00am,USD,FOMC Member Jefferson Speaks,Non-economic,,,,2025-04-03 11:00:00
2025-04-03,1:30pm,USD,FOMC Member Cook Speaks,Non-economic,,,,2025-04-03 13:30:00
2025-04-03,6:30pm,JPY,Household Spending y/y,Non-economic,-0.5%,-0.9%,0.8%,2025-04-03 18:30:00
2025-04-03,All Day,CNY,Bank Holiday,Low,,,,2025-04-03 00:00:00
2025-04-03,7:30pm,AUD,Household Spending m/m,Non-economic,0.2%,0.3%,0.5%,2025-04-03 19:30:00
2025-04-04,12:45am,CHF,Unemployment Rate,Non-economic,2.8%,2.7%,2.7%,2025-04-04 00:45:00
2025-04-04,1:00am,EUR,German Factory Orders m/m,Non-economic,0.0%,3.4%,-5.5%,2025-04-04 01:00:00
2025-04-04,1:45am,EUR,French Industrial Production m/m,Non-economic,0.7%,0.5%,-0.5%,2025-04-04 01:45:00
2025-04-04,3:00am,EUR,Italian Retail Sales m/m,Non-economic,0.1%,0.2%,-0.4%,2025-04-04 03:00:00
2025-04-04,3:30am,GBP,Construction PMI,Medium,46.4,46.3,44.6,2025-04-04 03:30:00
2025-04-04,3:30am,GBP,Housing Equity Withdrawal q/q,Non-economic,-13.4B,-10.8B,-13.4B,2025-04-04 03:30:00
2025-04-04,7:30am,CAD,Employment Change,High,-32.6K,10.4K,1.1K,2025-04-04 07:30:00
2025-04-04,7:30am,CAD,Unemployment Rate,High,6.7%,6.7%,6.6%,2025-04-04 07:30:00
2025-04-04,7:30am,USD,Average Hourly Earnings m/m,High,0.3%,0.3%,0.2%,2025-04-04 07:30:00
2025-04-04,7:30am,USD,Non-Farm Employment Change,High,228K,137K,117K,2025-04-04 07:30:00
2025-04-04,7:30am,USD,Unemployment Rate,High,4.2%,4.1%,4.1%,2025-04-04 07:30:00
2025-04-04,10:25am,USD,Fed Chairman Powell Speaks,High,,,,2025-04-04 10:25:00
2025-04-04,11:00am,USD,FOMC Member Barr Speaks,Non-economic,,,,2025-04-04 11:00:00
2025-04-04,11:45am,USD,FOMC Member Waller Speaks,Medium,,,,2025-04-04 11:45:00
2025-04-05,9:00am,NZD,Daylight Saving Time Shift,Low,,,,2025-04-05 09:00:00
2025-04-05,11:00am,AUD,Daylight Saving Time Shift,Low,,,,2025-04-05 11:00:00
2025-04-06,6:30pm,JPY,Average Cash Earnings y/y,Non-economic,3.1%,3.1%,1.8%,2025-04-06 18:30:00
2025-04-06,8:30pm,AUD,ANZ Job Advertisements m/m,Non-economic,0.4%,,-1.3%,2025-04-06 20:30:00
2025-04-07,12:00am,JPY,Leading Indicators,Non-economic,107.9%,107.8%,108.3%,2025-04-07 00:00:00
2025-04-07,1:00am,EUR,German Industrial Production m/m,Non-economic,-1.3%,-0.9%,2.0%,2025-04-07 01:00:00
2025-04-07,1:00am,EUR,German Trade Balance,Non-economic,17.7B,18.4B,16.2B,2025-04-07 01:00:00
2025-04-07,1:00am,GBP,Halifax HPI m/m,Non-economic,-0.5%,0.2%,-0.2%,2025-04-07 01:00:00
2025-04-07,2:00am,CHF,Foreign Currency Reserves,Non-economic,726B,,735B,2025-04-07 02:00:00
2025-04-07,3:30am,EUR,Sentix Investor Confidence,Non-economic,-19.5,-8.9,-2.9,2025-04-07 03:30:00
2025-04-07,4:00am,EUR,Retail Sales m/m,Non-economic,0.3%,0.5%,0.0%,2025-04-07 04:00:00
2025-04-07,9:30am,CAD,BOC Business Outlook Survey,Non-economic,,,,2025-04-07 09:30:00
2025-04-07,9:30am,USD,FOMC Member Kugler Speaks,Non-economic,,,,2025-04-07 09:30:00
2025-04-07,2:00pm,USD,Consumer Credit m/m,Non-economic,-0.8B,14.9B,8.9B,2025-04-07 14:00:00
2025-04-07,5:00pm,NZD,NZIER Business Confidence,Non-economic,19,,16,2025-04-07 17:00:00
2025-04-07,6:50pm,JPY,Current Account,Non-economic,2.32T,2.74T,1.95T,2025-04-07 18:50:00
2025-04-07,7:30pm,AUD,Westpac Consumer Sentiment,Non-economic,-6.0%,,4.0%,2025-04-07 19:30:00
2025-04-07,8:30pm,AUD,NAB Business Confidence,Non-economic,-3,,-2,2025-04-07 20:30:00
2025-04-07,10:35pm,JPY,30-y Bond Auction,Non-economic,2.41|3.0,,2.50|3.5,2025-04-07 22:35:00
2025-04-08,12:00am,JPY,Economy Watchers Sentiment,Non-economic,45.1,45.1,45.6,2025-04-08 00:00:00
2025-04-08,1:45am,EUR,French Trade Balance,Non-economic,-7.9B,-5.4B,-6.5B,2025-04-08 01:45:00
2025-04-08,4:03am,GBP,30-y Bond Auction,Non-economic,5.36|3.0,,5.10|2.8,2025-04-08 04:03:00
2025-04-08,4:42am,EUR,German 10-y Bond Auction,Non-economic,2.62|1.3,,2.68|2.2,2025-04-08 04:42:00
2025-04-08,5:00am,USD,NFIB Small Business Index,Non-economic,97.4,98.9,100.7,2025-04-08 05:00:00
2025-04-08,9:00am,CAD,Ivey PMI,Medium,51.3,53.2,55.3,2025-04-08 09:00:00
2025-04-08,11:00am,GBP,MPC Member Lombardelli Speaks,Non-economic,,,,2025-04-08 11:00:00
2025-04-08,1:00pm,USD,FOMC Member Daly Speaks,Non-economic,,,,2025-04-08 13:00:00
2025-04-08,3:30pm,USD,API Weekly Statistical Bulletin,Non-economic,,,,2025-04-08 15:30:00
2025-04-08,5:45pm,USD,President Trump Speaks,Medium,,,,2025-04-08 17:45:00
2025-04-08,9:00pm,NZD,Official Cash Rate,High,3.50%,3.50%,3.75%,2025-04-08 21:00:00
2025-04-08,9:00pm,NZD,RBNZ Rate Statement,High,,,,2025-04-08 21:00:00
2025-04-09,12:00am,JPY,Consumer Confidence,Non-economic,34.1,34.7,35.0,2025-04-09 00:00:00
2025-04-09,12:59am,JPY,Prelim Machine Tool Orders y/y,Non-economic,11.4%,,3.5%,2025-04-09 00:59:00
2025-04-09,1:15am,JPY,BOJ Gov Ueda Speaks,High,,,,2025-04-09 01:15:00
2025-04-09,4:30am,GBP,FPC Meeting Minutes,Non-economic,,,,2025-04-09 04:30:00
2025-04-09,4:30am,GBP,FPC Statement,Non-economic,,,,2025-04-09 04:30:00
2025-04-09,9:00am,USD,Final Wholesale Inventories m/m,Non-economic,0.3%,0.4%,0.3%,2025-04-09 09:00:00
2025-04-09,9:30am,USD,Crude Oil Inventories,Non-economic,2.6M,2.2M,6.2M,2025-04-09 09:30:00
2025-04-09,10:00am,USD,FOMC Member Barkin Speaks,Non-economic,,,,2025-04-09 10:00:00
2025-04-09,12:01pm,USD,10-y Bond Auction,Medium,4.44|2.7,,4.31|2.6,2025-04-09 12:01:00
2025-04-09,1:00pm,USD,FOMC Meeting Minutes,High,,,,2025-04-09 13:00:00
2025-04-09,6:01pm,GBP,RICS House Price Balance,Non-economic,2%,8%,11%,2025-04-09 18:01:00
2025-04-09,6:50pm,JPY,Bank Lending y/y,Non-economic,2.8%,3.1%,3.0%,2025-04-09 18:50:00
2025-04-09,6:50pm,JPY,PPI y/y,Non-economic,4.2%,3.9%,4.1%,2025-04-09 18:50:00
2025-04-09,8:00pm,AUD,MI Inflation Expectations,Non-economic,4.2%,,3.6%,2025-04-09 20:00:00
2025-04-09,8:30pm,CNY,CPI y/y,Medium,-0.1%,0.0%,-0.7%,2025-04-09 20:30:00
2025-04-09,8:30pm,CNY,PPI y/y,Medium,-2.5%,-2.3%,-2.2%,2025-04-09 20:30:00
2025-04-10,3:00am,EUR,Italian Industrial Production m/m,Non-economic,-0.9%,-0.9%,2.5%,2025-04-10 03:00:00
2025-04-10,3:44am,EUR,Spanish 10-y Bond Auction,Non-economic,3.35|1.9,,3.38|1.5,2025-04-10 03:44:00
2025-04-10,5:00am,AUD,RBA Gov Bullock Speaks,High,,,,2025-04-10 05:00:00
2025-04-10,7:30am,CAD,Building Permits m/m,Non-economic,2.9%,-0.4%,-4.3%,2025-04-10 07:30:00
2025-04-10,7:30am,USD,Core CPI m/m,High,0.1%,0.3%,0.2%,2025-04-10 07:30:00
2025-04-10,7:30am,USD,CPI m/m,High,-0.1%,0.1%,0.2%,2025-04-10 07:30:00
2025-04-10,7:30am,USD,CPI y/y,High,2.4%,2.5%,2.8%,2025-04-10 07:30:00
2025-04-10,7:30am,USD,Unemployment Claims,High,223K,223K,219K,2025-04-10 07:30:00
2025-04-10,8:00am,GBP,MPC Member Breeden Speaks,Non-economic,,,,2025-04-10 08:00:00
2025-04-10,8:30am,USD,FOMC Member Logan Speaks,Non-economic,,,,2025-04-10 08:30:00
2025-04-10,9:00am,USD,FOMC Member Bowman Speaks,Non-economic,,,,2025-04-10 09:00:00
2025-04-10,9:00am,USD,FOMC Member Schmid Speaks,Non-economic,,,,2025-04-10 09:00:00
2025-04-10,9:30am,USD,Natural Gas Storage,Non-economic,57B,60B,29B,2025-04-10 09:30:00
2025-04-10,11:00am,CHF,Gov Board Member Tschudin Speaks,Non-economic,,,,2025-04-10 11:00:00
2025-04-10,11:00am,USD,FOMC Member Goolsbee Speaks,Non-economic,,,,2025-04-10 11:00:00
2025-04-10,11:00am,USD,FOMC Member Harker Speaks,Non-economic,,,,2025-04-10 11:00:00
2025-04-10,12:01pm,USD,30-y Bond Auction,Medium,4.81|2.4,,4.62|2.4,2025-04-10 12:01:00
2025-04-10,1:00pm,USD,Federal Budget Balance,Non-economic,-160.5B,-115.9B,-307.0B,2025-04-10 13:00:00
2025-04-10,5:30pm,NZD,BusinessNZ Manufacturing Index,Non-economic,53.2,,54.1,2025-04-10 17:30:00
2025-04-10,6:50pm,JPY,M2 Money Stock y/y,Non-economic,0.8%,1.2%,1.2%,2025-04-10 18:50:00
2025-04-11,1:00am,EUR,German Final CPI m/m,Non-economic,0.3%,0.3%,0.3%,2025-04-11 01:00:00
2025-04-11,1:00am,GBP,GDP m/m,High,0.5%,0.1%,0.0%,2025-04-11 01:00:00
2025-04-11,1:00am,GBP,Construction Output m/m,Non-economic,0.4%,0.2%,-0.3%,2025-04-11 01:00:00
2025-04-11,1:00am,GBP,Goods Trade Balance,Non-economic,-20.8B,-17.3B,-18.2B,2025-04-11 01:00:00
2025-04-11,1:00am,GBP,Index of Services 3m/3m,Non-economic,0.6%,0.5%,0.4%,2025-04-11 01:00:00
2025-04-11,1:00am,GBP,Industrial Production m/m,Non-economic,1.5%,0.1%,-0.5%,2025-04-11 01:00:00
2025-04-11,1:00am,GBP,Manufacturing Production m/m,Non-economic,2.2%,0.2%,-1.0%,2025-04-11 01:00:00
2025-04-11,2:00am,CHF,SECO Consumer Climate,Non-economic,-35,-32,-34,2025-04-11 02:00:00
2025-04-11,All Day,EUR,Eurogroup Meetings,Non-economic,,,,2025-04-11 00:00:00
2025-04-11,7:30am,USD,Core PPI m/m,High,-0.1%,0.3%,0.1%,2025-04-11 07:30:00
2025-04-11,7:30am,USD,PPI m/m,High,-0.4%,0.2%,0.1%,2025-04-11 07:30:00
2025-04-11,9:00am,USD,Prelim UoM Consumer Sentiment,High,50.8,54.0,57.0,2025-04-11 09:00:00
2025-04-11,9:00am,USD,Prelim UoM Inflation Expectations,High,6.7%,,5.0%,2025-04-11 09:00:00
2025-04-11,9:00am,USD,FOMC Member Musalem Speaks,Non-economic,,,,2025-04-11 09:00:00
2025-04-11,10:00am,USD,FOMC Member Williams Speaks,Non-economic,,,,2025-04-11 10:00:00
2025-04-11,3:00pm,USD,FOMC Financial Stability Report,Non-economic,,,,2025-04-11 15:00:00
2025-04-12,1:30am,GBP,MPC Member Greene Speaks,Non-economic,,,,2025-04-12 01:30:00
2025-04-13,4:06am,CNY,M2 Money Supply y/y,Non-economic,7.0%,7.0%,7.0%,2025-04-13 04:06:00
2025-04-13,4:07am,CNY,New Loans,Medium,3640B,3020B,1010B,2025-04-13 04:07:00
2025-04-13,5:30pm,NZD,BusinessNZ Services Index,Non-economic,49.1,,49.0,2025-04-13 17:30:00
2025-04-13,5:45pm,NZD,Visitor Arrivals m/m,Non-economic,-3.7%,,1.5%,2025-04-13 17:45:00
2025-04-13,6:01pm,GBP,Rightmove HPI m/m,Non-economic,1.4%,,1.1%,2025-04-13 18:01:00
2025-04-13,10:02pm,CNY,USD-Denominated Trade Balance,Non-economic,102.6B,74.3B,170.5B,2025-04-13 22:02:00
2025-04-13,10:03pm,CNY,Trade Balance,Non-economic,737B,537B,1220B,2025-04-13 22:03:00
2025-04-13,11:30pm,JPY,Revised Industrial Production m/m,Non-economic,2.3%,2.5%,2.5%,2025-04-13 23:30:00
2025-04-14,1:35am,CHF,PPI m/m,Non-economic,0.1%,0.2%,0.3%,2025-04-14 01:35:00
2025-04-14,All Day,EUR,ECOFIN Meetings,Non-economic,,,,2025-04-14 00:00:00
2025-04-14,7:30am,CAD,Wholesale Sales m/m,Non-economic,0.3%,0.4%,1.4%,2025-04-14 07:30:00
2025-04-14,11:00am,USD,FOMC Member Barkin Speaks,Non-economic,,,,2025-04-14 11:00:00
2025-04-14,12:00pm,USD,FOMC Member Waller Speaks,Medium,,,,2025-04-14 12:00:00
2025-04-14,5:00pm,USD,FOMC Member Harker Speaks,Non-economic,,,,2025-04-14 17:00:00
2025-04-14,5:45pm,NZD,FPI m/m,Non-economic,0.5%,,-0.5%,2025-04-14 17:45:00
2025-04-14,6:01pm,GBP,BRC Retail Sales Monitor y/y,Non-economic,0.9%,0.7%,0.9%,2025-04-14 18:01:00
2025-04-14,6:40pm,USD,FOMC Member Bostic Speaks,Non-economic,,,,2025-04-14 18:40:00
2025-04-14,8:30pm,AUD,Monetary Policy Meeting Minutes,Medium,,,,2025-04-14 20:30:00
2025-04-15,1:00am,EUR,German WPI m/m,Non-economic,-0.2%,0.2%,0.6%,2025-04-15 01:00:00
2025-04-15,1:00am,GBP,Claimant Count Change,High,18.7K,30.3K,16.5K,2025-04-15 01:00:00
2025-04-15,1:00am,GBP,Average Earnings Index 3m/y,Medium,5.6%,5.7%,5.6%,2025-04-15 01:00:00
2025-04-15,1:00am,GBP,Unemployment Rate,Non-economic,4.4%,4.4%,4.4%,2025-04-15 01:00:00
2025-04-15,1:45am,EUR,French Final CPI m/m,Non-economic,0.2%,0.2%,0.2%,2025-04-15 01:45:00
2025-04-15,4:00am,EUR,German ZEW Economic Sentiment,Medium,-14.0,10.6,51.6,2025-04-15 04:00:00
2025-04-15,4:00am,EUR,Industrial Production m/m,Non-economic,1.1%,0.1%,0.6%,2025-04-15 04:00:00
2025-04-15,4:00am,EUR,ZEW Economic Sentiment,Non-economic,-18.5,13.2,39.8,2025-04-15 04:00:00
2025-04-15,4:03am,GBP,10-y Bond Auction,Non-economic,4.64|2.9,,4.68|2.9,2025-04-15 04:03:00
2025-04-15,7:15am,CAD,Housing Starts,Non-economic,214K,239K,221K,2025-04-15 07:15:00
2025-04-15,7:30am,CAD,CPI m/m,High,0.3%,0.7%,1.1%,2025-04-15 07:30:00
2025-04-15,7:30am,CAD,Median CPI y/y,High,2.9%,2.9%,2.9%,2025-04-15 07:30:00
2025-04-15,7:30am,CAD,Trimmed CPI y/y,High,2.8%,3.0%,2.9%,2025-04-15 07:30:00
2025-04-15,7:30am,CAD,Common CPI y/y,Medium,2.3%,2.5%,2.5%,2025-04-15 07:30:00
2025-04-15,7:30am,CAD,Manufacturing Sales m/m,Non-economic,0.2%,-0.3%,1.6%,2025-04-15 07:30:00
2025-04-15,7:30am,USD,Empire State Manufacturing Index,Medium,-8.1,-12.8,-20.0,2025-04-15 07:30:00
2025-04-15,7:30am,USD,Import Prices m/m,Non-economic,-0.1%,0.1%,0.2%,2025-04-15 07:30:00
2025-04-15,7:32am,CAD,Core CPI m/m,Non-economic,0.1%,,0.7%,2025-04-15 07:32:00
2025-04-15,8:30am,GBP,CB Leading Index m/m,Non-economic,-0.3%,,0.0%,2025-04-15 08:30:00
2025-04-15,9:53am,NZD,GDT Price Index,Non-economic,1.6%,,1.1%,2025-04-15 09:53:00
2025-04-15,3:30pm,USD,API Weekly Statistical Bulletin,Non-economic,,,,2025-04-15 15:30:00
2025-04-15,6:10pm,USD,FOMC Member Cook Speaks,Non-economic,,,,2025-04-15 18:10:00
2025-04-15,6:50pm,JPY,Core Machinery Orders m/m,Non-economic,4.3%,1.1%,-3.5%,2025-04-15 18:50:00
2025-04-15,7:30pm,AUD,MI Leading Index m/m,Non-economic,-0.1%,,0.1%,2025-04-15 19:30:00
2025-04-15,8:30pm,CNY,New Home Prices m/m,Non-economic,-0.08%,,-0.14%,2025-04-15 20:30:00
2025-04-15,9:00pm,CNY,GDP q/y,Medium,5.4%,5.2%,5.4%,2025-04-15 21:00:00
2025-04-15,9:00pm,CNY,Industrial Production y/y,Medium,7.7%,5.9%,5.9%,2025-04-15 21:00:00
2025-04-15,9:00pm,CNY,Retail Sales y/y,Medium,5.9%,4.2%,4.0%,2025-04-15 21:00:00
2025-04-15,9:00pm,CNY,Fixed Asset Investment ytd/y,Non-economic,4.2%,4.1%,4.1%,2025-04-15 21:00:00
2025-04-15,9:00pm,CNY,NBS Press Conference,Non-economic,,,,2025-04-15 21:00:00
2025-04-15,9:00pm,CNY,Unemployment Rate,Non-economic,5.2%,5.3%,5.4%,2025-04-15 21:00:00
2025-04-16,1:00am,GBP,CPI y/y,High,2.6%,2.7%,2.8%,2025-04-16 01:00:00
2025-04-16,1:00am,GBP,Core CPI y/y,Non-economic,3.4%,3.4%,3.5%,2025-04-16 01:00:00
2025-04-16,1:00am,GBP,RPI y/y,Non-economic,3.2%,3.2%,3.4%,2025-04-16 01:00:00
2025-04-16,3:00am,EUR,Current Account,Non-economic,34.3B,37.3B,40.3B,2025-04-16 03:00:00
2025-04-16,3:30am,GBP,HPI y/y,Non-economic,5.4%,5.1%,4.8%,2025-04-16 03:30:00
2025-04-16,4:00am,EUR,Final Core CPI y/y,Non-economic,2.4%,2.4%,2.4%,2025-04-16 04:00:00
2025-04-16,4:00am,EUR,Final CPI y/y,Non-economic,2.2%,2.2%,2.2%,2025-04-16 04:00:00
2025-04-16,4:37am,EUR,German 30-y Bond Auction,Non-economic,2.90|1.7,,3.08|1.9,2025-04-16 04:37:00
2025-04-16,7:30am,USD,Core Retail Sales m/m,High,0.5%,0.4%,0.7%,2025-04-16 07:30:00
2025-04-16,7:30am,USD,Retail Sales m/m,High,1.4%,1.3%,0.2%,2025-04-16 07:30:00
2025-04-16,8:15am,USD,Capacity Utilization Rate,Non-economic,77.8%,78.0%,78.2%,2025-04-16 08:15:00
2025-04-16,8:15am,USD,Industrial Production m/m,Non-economic,-0.3%,-0.2%,0.8%,2025-04-16 08:15:00
2025-04-16,8:45am,CAD,BOC Monetary Policy Report,High,,,,2025-04-16 08:45:00
2025-04-16,8:45am,CAD,BOC Rate Statement,High,,,,2025-04-16 08:45:00
2025-04-16,8:45am,CAD,Overnight Rate,High,2.75%,2.75%,2.75%,2025-04-16 08:45:00
2025-04-16,9:00am,USD,Business Inventories m/m,Non-economic,0.2%,0.3%,0.3%,2025-04-16 09:00:00
2025-04-16,9:00am,USD,NAHB Housing Market Index,Non-economic,40,38,39,2025-04-16 09:00:00
2025-04-16,9:30am,AUD,CB Leading Index m/m,Non-economic,0.0%,,0.5%,2025-04-16 09:30:00
2025-04-16,9:30am,CAD,BOC Press Conference,High,,,,2025-04-16 09:30:00
2025-04-16,9:30am,USD,Crude Oil Inventories,Non-economic,0.5M,0.4M,2.6M,2025-04-16 09:30:00
2025-04-16,11:00am,USD,FOMC Member Hammack Speaks,Non-economic,,,,2025-04-16 11:00:00
2025-04-16,12:30pm,USD,Fed Chairman Powell Speaks,High,,,,2025-04-16 12:30:00
2025-04-16,3:00pm,USD,TIC Long-Term Purchases,Non-economic,112.0B,35.2B,-42.2B,2025-04-16 15:00:00
2025-04-16,5:45pm,NZD,CPI q/q,High,0.9%,0.8%,0.5%,2025-04-16 17:45:00
2025-04-16,6:00pm,USD,FOMC Member Schmid Speaks,Non-economic,,,,2025-04-16 18:00:00
2025-04-16,6:50pm,JPY,Trade Balance,Non-economic,-0.23T,-0.25T,0.19T,2025-04-16 18:50:00
2025-04-16,8:30pm,AUD,Employment Change,High,32.2K,39.8K,-57.5K,2025-04-16 20:30:00
2025-04-16,8:30pm,AUD,Unemployment Rate,High,4.1%,4.2%,4.0%,2025-04-16 20:30:00
2025-04-16,9:26pm,AUD,NAB Quarterly Business Confidence,Non-economic,-4,,-5,2025-04-16 21:26:00
2025-04-17,1:00am,CHF,Trade Balance,Non-economic,6.35B,5.22B,4.74B,2025-04-17 01:00:00
2025-04-17,1:00am,EUR,German PPI m/m,Non-economic,-0.7%,-0.1%,-0.2%,2025-04-17 01:00:00
2025-04-17,3:30am,GBP,BOE Credit Conditions Survey,Non-economic,,,,2025-04-17 03:30:00
2025-04-17,7:15am,EUR,Main Refinancing Rate,High,2.40%,2.40%,2.65%,2025-04-17 07:15:00
2025-04-17,7:15am,EUR,Monetary Policy Statement,High,,,,2025-04-17 07:15:00
2025-04-17,7:30am,CAD,Foreign Securities Purchases,Non-economic,-6.46B,12.89B,7.91B,2025-04-17 07:30:00
2025-04-17,7:30am,USD,Unemployment Claims,High,215K,225K,224K,2025-04-17 07:30:00
2025-04-17,7:30am,USD,Philly Fed Manufacturing Index,Medium,-26.4,2.2,12.5,2025-04-17 07:30:00
2025-04-17,7:30am,USD,Building Permits,Non-economic,1.48M,1.45M,1.46M,2025-04-17 07:30:00
2025-04-17,7:30am,USD,Housing Starts,Non-economic,1.32M,1.42M,1.49M,2025-04-17 07:30:00
2025-04-17,7:45am,EUR,ECB Press Conference,High,,,,2025-04-17 07:45:00
2025-04-17,9:30am,USD,Natural Gas Storage,Non-economic,16B,24B,57B,2025-04-17 09:30:00
2025-04-17,10:45am,USD,FOMC Member Barr Speaks,Non-economic,,,,2025-04-17 10:45:00
2025-04-17,All Day,NZD,Bank Holiday,Low,,,,2025-04-17 00:00:00
2025-04-17,All Day,AUD,Bank Holiday,Low,,,,2025-04-17 00:00:00
2025-04-17,6:30pm,JPY,National Core CPI y/y,Non-economic,3.2%,3.2%,3.0%,2025-04-17 18:30:00
2025-04-18,All Day,CHF,Bank Holiday,Low,,,,2025-04-18 00:00:00
2025-04-18,All Day,EUR,German Bank Holiday,Low,,,,2025-04-18 00:00:00
2025-04-18,All Day,GBP,Bank Holiday,Low,,,,2025-04-18 00:00:00
2025-04-18,3:00am,EUR,Italian Trade Balance,Non-economic,4.47B,3.31B,-0.26B,2025-04-18 03:00:00
2025-04-18,4:07am,CNY,Foreign Direct Investment ytd/y,Non-economic,-10.8%,,-20.4%,2025-04-18 04:07:00
2025-04-18,All Day,CAD,Bank Holiday,Low,,,,2025-04-18 00:00:00
2025-04-18,10:00am,USD,FOMC Member Daly Speaks,Non-economic,,,,2025-04-18 10:00:00
2025-04-20,All Day,NZD,Bank Holiday,Low,,,,2025-04-20 00:00:00
2025-04-20,All Day,AUD,Bank Holiday,Low,,,,2025-04-20 00:00:00
2025-04-20,8:00pm,CNY,1-y Loan Prime Rate,Medium,3.10%,3.10%,3.10%,2025-04-20 20:00:00
2025-04-20,8:00pm,CNY,5-y Loan Prime Rate,Medium,3.60%,3.60%,3.60%,2025-04-20 20:00:00
2025-04-21,All Day,CHF,Bank Holiday,Low,,,,2025-04-21 00:00:00
2025-04-21,All Day,EUR,French Bank Holiday,Low,,,,2025-04-21 00:00:00
2025-04-21,All Day,EUR,German Bank Holiday,Low,,,,2025-04-21 00:00:00
2025-04-21,All Day,EUR,Italian Bank Holiday,Low,,,,2025-04-21 00:00:00
2025-04-21,All Day,GBP,Bank Holiday,Low,,,,2025-04-21 00:00:00
2025-04-21,7:30am,USD,FOMC Member Goolsbee Speaks,Non-economic,,,,2025-04-21 07:30:00
2025-04-21,9:00am,USD,CB Leading Index m/m,Non-economic,-0.7%,-0.5%,-0.2%,2025-04-21 09:00:00
2025-04-21,Day 1,All,IMF Meetings,Non-economic,,,,2025-04-21 00:00:00
2025-04-21,5:45pm,NZD,Trade Balance,Non-economic,970M,80M,392M,2025-04-21 17:45:00
2025-04-22,12:00am,JPY,BOJ Core CPI y/y,Non-economic,2.2%,2.4%,2.2%,2025-04-22 00:00:00
2025-04-22,7:30am,CAD,IPPI m/m,Non-economic,0.5%,0.3%,0.6%,2025-04-22 07:30:00
2025-04-22,7:30am,CAD,RMPI m/m,Non-economic,-1.0%,0.0%,0.3%,2025-04-22 07:30:00
2025-04-22,8:00am,USD,FOMC Member Jefferson Speaks,Non-economic,,,,2025-04-22 08:00:00
2025-04-22,8:30am,USD,FOMC Member Harker Speaks,Non-economic,,,,2025-04-22 08:30:00
2025-04-22,8:59am,USD,Richmond Manufacturing Index,Medium,-13,-6,-4,2025-04-22 08:59:00
2025-04-22,9:00am,EUR,ECB President Lagarde Speaks,Medium,,,,2025-04-22 09:00:00
2025-04-22,9:00am,EUR,Consumer Confidence,Non-economic,-17,-15,-15,2025-04-22 09:00:00
2025-04-22,Day 2,All,IMF Meetings,Non-economic,,,,2025-04-22 00:00:00
2025-04-22,12:40pm,USD,FOMC Member Kashkari Speaks,Non-economic,,,,2025-04-22 12:40:00
2025-04-22,3:30pm,USD,API Weekly Statistical Bulletin,Non-economic,,,,2025-04-22 15:30:00
2025-04-22,5:00pm,USD,FOMC Member Kugler Speaks,Non-economic,,,,2025-04-22 17:00:00
2025-04-22,6:00pm,AUD,Flash Manufacturing PMI,Non-economic,51.7,,52.1,2025-04-22 18:00:00
2025-04-22,6:00pm,AUD,Flash Services PMI,Non-economic,51.4,,51.6,2025-04-22 18:00:00
2025-04-22,7:30pm,JPY,Flash Manufacturing PMI,Non-economic,48.5,48.7,48.4,2025-04-22 19:30:00
2025-04-22,10:00pm,NZD,Credit Card Spending y/y,Non-economic,0.8%,,0.8%,2025-04-22 22:00:00
2025-04-22,11:30pm,JPY,Tertiary Industry Activity m/m,Non-economic,0.0%,0.5%,1.4%,2025-04-22 23:30:00
2025-04-23,1:00am,GBP,Public Sector Net Borrowing,Non-economic,16.4B,15.4B,12.3B,2025-04-23 01:00:00
2025-04-23,2:15am,EUR,French Flash Manufacturing PMI,High,48.2,47.9,48.5,2025-04-23 02:15:00
2025-04-23,2:15am,EUR,French Flash Services PMI,High,46.8,47.7,47.9,2025-04-23 02:15:00
2025-04-23,2:30am,EUR,German Flash Manufacturing PMI,High,48.0,47.5,48.3,2025-04-23 02:30:00
2025-04-23,2:30am,EUR,German Flash Services PMI,High,48.8,50.3,50.9,2025-04-23 02:30:00
2025-04-23,3:00am,EUR,Flash Manufacturing PMI,Medium,48.7,47.4,48.6,2025-04-23 03:00:00
2025-04-23,3:00am,EUR,Flash Services PMI,Medium,49.7,50.4,51.0,2025-04-23 03:00:00
2025-04-23,3:30am,GBP,Flash Manufacturing PMI,High,44.0,44.0,44.9,2025-04-23 03:30:00
2025-04-23,3:30am,GBP,Flash Services PMI,High,48.9,51.5,52.5,2025-04-23 03:30:00
2025-04-23,4:00am,EUR,Trade Balance,Non-economic,21.0B,14.9B,14.4B,2025-04-23 04:00:00
2025-04-23,4:31am,EUR,German 10-y Bond Auction,Non-economic,2.47|1.4,,2.62|1.3,2025-04-23 04:31:00
2025-04-23,5:30am,GBP,MPC Member Pill Speaks,Non-economic,,,,2025-04-23 05:30:00
2025-04-23,7:30am,CAD,NHPI m/m,Non-economic,0.0%,0.0%,0.1%,2025-04-23 07:30:00
2025-04-23,8:00am,USD,FOMC Member Goolsbee Speaks,Non-economic,,,,2025-04-23 08:00:00
2025-04-23,8:35am,USD,FOMC Member Waller Speaks,Medium,,,,2025-04-23 08:35:00
2025-04-23,8:45am,USD,Flash Manufacturing PMI,High,50.7,49.0,50.2,2025-04-23 08:45:00
2025-04-23,8:45am,USD,Flash Services PMI,High,51.4,52.8,54.4,2025-04-23 08:45:00
2025-04-23,9:00am,USD,New Home Sales,Medium,724K,684K,674K,2025-04-23 09:00:00
2025-04-23,Day 3,All,IMF Meetings,Non-economic,,,,2025-04-23 00:00:00
2025-04-23,9:30am,USD,Crude Oil Inventories,Non-economic,0.2M,1.6M,0.5M,2025-04-23 09:30:00
2025-04-23,12:15pm,GBP,BOE Gov Bailey Speaks,High,,,,2025-04-23 12:15:00
2025-04-23,1:00pm,GBP,MPC Member Breeden Speaks,Non-economic,,,,2025-04-23 13:00:00
2025-04-23,1:00pm,USD,Beige Book,Non-economic,,,,2025-04-23 13:00:00
2025-04-23,5:30pm,USD,FOMC Member Hammack Speaks,Non-economic,,,,2025-04-23 17:30:00
2025-04-23,6:50pm,JPY,SPPI y/y,Non-economic,3.1%,3.0%,3.2%,2025-04-23 18:50:00
2025-04-23,8:30pm,AUD,RBA Bulletin,Non-economic,,,,2025-04-23 20:30:00
2025-04-24,3:00am,EUR,German ifo Business Climate,Medium,86.9,85.1,86.7,2025-04-24 03:00:00
2025-04-24,5:00am,EUR,German Buba Monthly Report,Non-economic,,,,2025-04-24 05:00:00
2025-04-24,5:00am,GBP,CBI Industrial Order Expectations,Non-economic,-26,-36,-29,2025-04-24 05:00:00
2025-04-24,7:00am,EUR,German Buba President Nagel Speaks,Non-economic,,,,2025-04-24 07:00:00
2025-04-24,7:30am,USD,Unemployment Claims,High,222K,222K,216K,2025-04-24 07:30:00
2025-04-24,7:30am,USD,Core Durable Goods Orders m/m,Medium,0.0%,0.3%,0.7%,2025-04-24 07:30:00
2025-04-24,7:30am,USD,Durable Goods Orders m/m,Medium,9.2%,2.1%,0.9%,2025-04-24 07:30:00
2025-04-24,7:55am,EUR,Belgian NBB Business Climate,Non-economic,-14.7,-15.9,-15.1,2025-04-24 07:55:00
2025-04-24,8:00am,CNY,CB Leading Index m/m,Non-economic,-0.3%,,-0.3%,2025-04-24 08:00:00
2025-04-24,8:25am,GBP,MPC Member Lombardelli Speaks,Non-economic,,,,2025-04-24 08:25:00
2025-04-24,9:00am,USD,Existing Home Sales,Medium,4.02M,4.14M,4.27M,2025-04-24 09:00:00
2025-04-24,Day 4,All,IMF Meetings,Non-economic,,,,2025-04-24 00:00:00
2025-04-24,9:30am,USD,Natural Gas Storage,Non-economic,88B,69B,16B,2025-04-24 09:30:00
2025-04-24,All Day,NZD,Bank Holiday,Low,,,,2025-04-24 00:00:00
2025-04-24,4:00pm,USD,FOMC Member Kashkari Speaks,Non-economic,,,,2025-04-24 16:00:00
2025-04-24,All Day,AUD,Bank Holiday,Low,,,,2025-04-24 00:00:00
2025-04-24,6:01pm,GBP,GfK Consumer Confidence,Non-economic,-23,-21,-19,2025-04-24 18:01:00
2025-04-24,6:30pm,JPY,Tokyo Core CPI y/y,Medium,3.4%,3.2%,2.4%,2025-04-24 18:30:00
2025-04-25,1:00am,GBP,Retail Sales m/m,High,0.4%,-0.3%,0.7%,2025-04-25 01:00:00
2025-04-25,All Day,EUR,Italian Bank Holiday,Low,,,,2025-04-25 00:00:00
2025-04-25,3:00am,CHF,SNB Chairman Schlegel Speaks,High,,,,2025-04-25 03:00:00
2025-04-25,7:30am,CAD,Core Retail Sales m/m,High,0.5%,-0.1%,0.1%,2025-04-25 07:30:00
2025-04-25,7:30am,CAD,Retail Sales m/m,High,-0.4%,-0.4%,-0.6%,2025-04-25 07:30:00
2025-04-25,9:00am,USD,Revised UoM Consumer Sentiment,Medium,52.2,50.6,50.8,2025-04-25 09:00:00
2025-04-25,9:00am,USD,Revised UoM Inflation Expectations,Non-economic,6.5%,,6.7%,2025-04-25 09:00:00
2025-04-25,Day 5,All,IMF Meetings,Non-economic,,,,2025-04-25 00:00:00
2025-04-25,2:15pm,GBP,MPC Member Greene Speaks,Non-economic,,,,2025-04-25 14:15:00
2025-04-26,Day 6,All,IMF Meetings,Non-economic,,,,2025-04-26 00:00:00
2025-04-27,Day 7,All,IMF Meetings,Non-economic,,,,2025-04-27 00:00:00
2025-04-28,2:00am,EUR,Spanish Unemployment Rate,Non-economic,11.4%,10.7%,10.6%,2025-04-28 02:00:00
2025-04-28,5:00am,GBP,CBI Realized Sales,Non-economic,-8,-21,-41,2025-04-28 05:00:00
2025-04-28,All Day,CAD,Federal Election,High,,,,2025-04-28 00:00:00
2025-04-28,All Day,JPY,Bank Holiday,Low,,,,2025-04-28 00:00:00
2025-04-28,6:01pm,GBP,BRC Shop Price Index y/y,Non-economic,-0.1%,-0.2%,-0.4%,2025-04-28 18:01:00
2025-04-28,9:05pm,AUD,RBA Assist Gov Kent Speaks,Non-economic,,,,2025-04-28 21:05:00
2025-04-29,1:00am,EUR,German GfK Consumer Climate,Non-economic,-20.6,-25.6,-24.3,2025-04-29 01:00:00
2025-04-29,2:00am,EUR,Spanish Flash CPI y/y,Medium,2.2%,2.0%,2.3%,2025-04-29 02:00:00
2025-04-29,2:00am,EUR,Spanish Flash GDP q/q,Non-economic,0.6%,0.7%,0.7%,2025-04-29 02:00:00
2025-04-29,3:00am,EUR,M3 Money Supply y/y,Non-economic,3.6%,4.0%,3.9%,2025-04-29 03:00:00
2025-04-29,3:00am,EUR,Private Loans y/y,Non-economic,1.7%,1.6%,1.5%,2025-04-29 03:00:00
2025-04-29,4:13am,EUR,Italian 10-y Bond Auction,Non-economic,3.62|1.6,,3.83|1.7,2025-04-29 04:13:00
2025-04-29,4:40am,GBP,MPC Member Ramsden Speaks,Non-economic,,,,2025-04-29 04:40:00
2025-04-29,7:30am,USD,Goods Trade Balance,Non-economic,-162.0B,-142.8B,-147.8B,2025-04-29 07:30:00
2025-04-29,7:30am,USD,Prelim Wholesale Inventories m/m,Non-economic,0.5%,0.6%,0.5%,2025-04-29 07:30:00
2025-04-29,8:00am,USD,S&P/CS Composite-20 HPI y/y,Medium,4.5%,4.6%,4.7%,2025-04-29 08:00:00
2025-04-29,8:00am,USD,HPI m/m,Non-economic,0.1%,0.3%,0.3%,2025-04-29 08:00:00
2025-04-29,9:00am,USD,JOLTS Job Openings,High,7.19M,7.49M,7.48M,2025-04-29 09:00:00
2025-04-29,9:00am,USD,CB Consumer Confidence,Medium,86.0,87.7,93.9,2025-04-29 09:00:00
2025-04-29,11:30am,CHF,Gov Board Member Martin Speaks,Non-economic,,,,2025-04-29 11:30:00
2025-04-29,3:30pm,USD,API Weekly Statistical Bulletin,Non-economic,,,,2025-04-29 15:30:00
2025-04-29,5:00pm,USD,President Trump Speaks,Medium,,,,2025-04-29 17:00:00
2025-04-29,6:50pm,JPY,Prelim Industrial Production m/m,Non-economic,-1.1%,-0.5%,2.3%,2025-04-29 18:50:00
2025-04-29,6:50pm,JPY,Retail Sales y/y,Non-economic,3.1%,3.6%,1.3%,2025-04-29 18:50:00
2025-04-29,8:00pm,NZD,ANZ Business Confidence,Non-economic,49.3,,57.5,2025-04-29 20:00:00
2025-04-29,8:30pm,AUD,CPI m/m,High,0.9%,0.8%,0.2%,2025-04-29 20:30:00
2025-04-29,8:30pm,AUD,CPI y/y,High,2.4%,2.3%,2.4%,2025-04-29 20:30:00
2025-04-29,8:30pm,AUD,Trimmed Mean CPI m/m,High,0.7%,0.6%,0.5%,2025-04-29 20:30:00
2025-04-29,8:30pm,AUD,Private Sector Credit m/m,Non-economic,0.5%,0.5%,0.5%,2025-04-29 20:30:00
2025-04-29,8:30pm,CNY,Manufacturing PMI,High,49.0,49.7,50.5,2025-04-29 20:30:00
2025-04-29,8:30pm,CNY,Non-Manufacturing PMI,Medium,50.4,50.6,50.8,2025-04-29 20:30:00
2025-04-29,8:45pm,CNY,RatingDog Manufacturing PMI,Non-economic,50.4,49.7,51.2,2025-04-29 20:45:00
2025-04-30,12:00am,JPY,Housing Starts y/y,Non-economic,39.1%,0.9%,2.4%,2025-04-30 00:00:00
2025-04-30,12:30am,EUR,French Consumer Spending m/m,Non-economic,-1.0%,0.0%,-0.2%,2025-04-30 00:30:00
2025-04-30,12:30am,EUR,French Flash GDP q/q,Non-economic,0.1%,0.1%,-0.1%,2025-04-30 00:30:00
2025-04-30,1:00am,EUR,German Import Prices m/m,Non-economic,-1.0%,-0.7%,0.3%,2025-04-30 01:00:00
2025-04-30,1:00am,EUR,German Retail Sales m/m,Non-economic,-0.2%,-0.4%,0.2%,2025-04-30 01:00:00
2025-04-30,1:00am,GBP,Nationwide HPI m/m,Non-economic,-0.6%,-0.1%,0.0%,2025-04-30 01:00:00
2025-04-30,All Day,EUR,German Prelim CPI m/m,High,0.4%,0.3%,0.3%,2025-04-30 00:00:00
2025-04-30,1:45am,EUR,French Prelim CPI m/m,Non-economic,0.5%,0.4%,0.2%,2025-04-30 01:45:00
2025-04-30,2:00am,CHF,KOF Economic Barometer,Non-economic,97.1,101.8,103.2,2025-04-30 02:00:00
2025-04-30,2:55am,EUR,German Unemployment Change,Non-economic,4K,16K,25K,2025-04-30 02:55:00
2025-04-30,3:00am,CHF,UBS Economic Expectations,Non-economic,-51.6,,-10.7,2025-04-30 03:00:00
2025-04-30,3:00am,EUR,Italian Prelim GDP q/q,Non-economic,0.3%,0.2%,0.1%,2025-04-30 03:00:00
2025-04-30,3:00am,EUR,German Prelim GDP q/q,Non-economic,0.2%,0.2%,-0.2%,2025-04-30 03:00:00
2025-04-30,4:00am,EUR,Italian Prelim CPI m/m,Non-economic,0.2%,0.2%,0.3%,2025-04-30 04:00:00
2025-04-30,4:00am,EUR,Prelim Flash GDP q/q,Non-economic,0.4%,0.2%,0.2%,2025-04-30 04:00:00
2025-04-30,7:15am,USD,ADP Non-Farm Employment Change,High,62K,114K,147K,2025-04-30 07:15:00
2025-04-30,7:30am,CAD,GDP m/m,High,-0.2%,0.0%,0.4%,2025-04-30 07:30:00
2025-04-30,7:30am,USD,Advance GDP q/q,High,-0.3%,0.2%,2.4%,2025-04-30 07:30:00
2025-04-30,7:30am,USD,Employment Cost Index q/q,High,0.9%,0.9%,0.9%,2025-04-30 07:30:00
2025-04-30,7:30am,USD,Advance GDP Price Index q/q,Medium,3.7%,3.1%,2.3%,2025-04-30 07:30:00
2025-04-30,8:45am,USD,Chicago PMI,Non-economic,44.6,45.9,47.6,2025-04-30 08:45:00
2025-04-30,9:00am,USD,Core PCE Price Index m/m,High,0.0%,0.1%,0.5%,2025-04-30 09:00:00
2025-04-30,9:00am,USD,Pending Home Sales m/m,Medium,6.1%,0.9%,2.1%,2025-04-30 09:00:00
2025-04-30,9:00am,USD,Personal Income m/m,Non-economic,0.5%,0.4%,0.7%,2025-04-30 09:00:00
2025-04-30,9:00am,USD,Personal Spending m/m,Non-economic,0.7%,0.6%,0.5%,2025-04-30 09:00:00
2025-04-30,9:30am,USD,Crude Oil Inventories,Non-economic,-2.7M,-0.6M,0.2M,2025-04-30 09:30:00
2025-04-30,12:30pm,CAD,BOC Summary of Deliberations,Non-economic,,,,2025-04-30 12:30:00
2025-04-30,7:00pm,USD,President Trump Speaks,Medium,,,,2025-04-30 19:00:00
2025-04-30,All Day,CNY,Bank Holiday,Low,,,,2025-04-30 00:00:00
2025-04-30,7:30pm,JPY,Final Manufacturing PMI,Non-economic,48.7,48.5,48.5,2025-04-30 19:30:00
2025-04-30,8:30pm,AUD,Goods Trade Balance,Non-economic,6.90B,3.23B,2.85B,2025-04-30 20:30:00
2025-04-30,8:30pm,AUD,Import Prices q/q,Non-economic,3.3%,0.3%,0.2%,2025-04-30 20:30:00
2025-04-30,10:03pm,JPY,BOJ Outlook Report,High,,,,2025-04-30 22:03:00
2025-04-30,10:03pm,JPY,BOJ Policy Rate,High,<0.50%,<0.50%,<0.50%,2025-04-30 22:03:00
2025-04-30,10:03pm,JPY,Monetary Policy Statement,High,,,,2025-04-30 22:03:00
2025-05-01,12:00am,JPY,Consumer Confidence,Non-economic,31.2,33.9,34.1,2025-05-01 00:00:00
2025-05-01,All Day,CHF,Bank Holiday,Low,,,,2025-05-01 00:00:00
2025-05-01,All Day,EUR,French Bank Holiday,Low,,,,2025-05-01 00:00:00
2025-05-01,All Day,EUR,German Bank Holiday,Low,,,,2025-05-01 00:00:00
2025-05-01,All Day,EUR,Italian Bank Holiday,Low,,,,2025-05-01 00:00:00
2025-05-01,1:30am,AUD,Commodity Prices y/y,Non-economic,-6.1%,,-7.2%,2025-05-01 01:30:00
2025-05-01,1:30am,CHF,Retail Sales y/y,Non-economic,2.2%,1.9%,1.2%,2025-05-01 01:30:00
2025-05-01,1:30am,JPY,BOJ Press Conference,High,,,,2025-05-01 01:30:00
2025-05-01,3:30am,GBP,Final Manufacturing PMI,Non-economic,45.4,44.0,44.0,2025-05-01 03:30:00
2025-05-01,3:30am,GBP,M4 Money Supply m/m,Non-economic,0.3%,0.2%,0.2%,2025-05-01 03:30:00
2025-05-01,3:30am,GBP,Mortgage Approvals,Non-economic,64K,64K,65K,2025-05-01 03:30:00
2025-05-01,3:32am,GBP,Net Lending to Individuals m/m,Non-economic,13.8B,4.4B,4.6B,2025-05-01 03:32:00
2025-05-01,6:30am,USD,Challenger Job Cuts y/y,Non-economic,62.7%,,204.8%,2025-05-01 06:30:00
2025-05-01,7:30am,USD,Unemployment Claims,High,241K,224K,223K,2025-05-01 07:30:00
2025-05-01,8:30am,CAD,Manufacturing PMI,Non-economic,45.3,,46.3,2025-05-01 08:30:00
2025-05-01,8:45am,USD,Final Manufacturing PMI,Non-economic,50.2,50.5,50.7,2025-05-01 08:45:00
2025-05-01,9:00am,USD,ISM Manufacturing PMI,High,48.7,48.0,49.0,2025-05-01 09:00:00
2025-05-01,9:00am,USD,ISM Manufacturing Prices,Medium,69.8,72.9,69.4,2025-05-01 09:00:00
2025-05-01,9:00am,USD,Construction Spending m/m,Non-economic,-0.5%,0.2%,0.6%,2025-05-01 09:00:00
2025-05-01,All Day,USD,Wards Total Vehicle Sales,Non-economic,17.3M,17.1M,17.8M,2025-05-01 00:00:00
2025-05-01,1:00pm,USD,Natural Gas Storage,Non-economic,107B,111B,88B,2025-05-01 13:00:00
2025-05-01,5:45pm,NZD,Building Consents m/m,Non-economic,9.6%,,0.8%,2025-05-01 17:45:00
2025-05-01,6:30pm,JPY,Unemployment Rate,Non-economic,2.5%,2.4%,2.4%,2025-05-01 18:30:00
2025-05-01,6:50pm,JPY,Monetary Base y/y,Non-economic,-4.8%,-2.0%,-3.1%,2025-05-01 18:50:00
2025-05-01,All Day,CNY,Bank Holiday,Low,,,,2025-05-01 00:00:00
2025-05-01,8:30pm,AUD,Retail Sales m/m,Medium,0.3%,0.4%,0.2%,2025-05-01 20:30:00
2025-05-01,8:30pm,AUD,PPI q/q,Non-economic,0.9%,0.8%,0.8%,2025-05-01 20:30:00
2025-05-02,1:45am,EUR,French Gov Budget Balance,Non-economic,-47.0B,,-40.3B,2025-05-02 01:45:00
2025-05-02,2:15am,EUR,Spanish Manufacturing PMI,Non-economic,48.1,50.0,49.5,2025-05-02 02:15:00
2025-05-02,2:30am,CHF,Manufacturing PMI,Non-economic,45.8,48.7,48.9,2025-05-02 02:30:00
2025-05-02,2:45am,EUR,Italian Manufacturing PMI,Non-economic,49.3,47.1,46.6,2025-05-02 02:45:00
2025-05-02,2:50am,EUR,French Final Manufacturing PMI,Non-economic,48.7,48.2,48.2,2025-05-02 02:50:00
2025-05-02,2:55am,EUR,German Final Manufacturing PMI,Non-economic,48.4,48.0,48.0,2025-05-02 02:55:00
2025-05-02,3:00am,EUR,Final Manufacturing PMI,Non-economic,49.0,48.7,48.7,2025-05-02 03:00:00
2025-05-02,3:00am,EUR,Italian Monthly Unemployment Rate,Non-economic,6.0%,6.0%,5.9%,2025-05-02 03:00:00
2025-05-02,4:00am,EUR,Core CPI Flash Estimate y/y,Medium,2.7%,2.5%,2.4%,2025-05-02 04:00:00
2025-05-02,4:00am,EUR,CPI Flash Estimate y/y,Medium,2.2%,2.1%,2.2%,2025-05-02 04:00:00
2025-05-02,4:00am,EUR,ECB Economic Bulletin,Non-economic,,,,2025-05-02 04:00:00
2025-05-02,4:00am,EUR,Unemployment Rate,Non-economic,6.2%,6.1%,6.2%,2025-05-02 04:00:00
2025-05-02,7:30am,USD,Average Hourly Earnings m/m,High,0.2%,0.3%,0.3%,2025-05-02 07:30:00
2025-05-02,7:30am,USD,Non-Farm Employment Change,High,177K,138K,185K,2025-05-02 07:30:00
2025-05-02,7:30am,USD,Unemployment Rate,High,4.2%,4.2%,4.2%,2025-05-02 07:30:00
2025-05-02,9:00am,USD,Factory Orders m/m,Non-economic,4.3%,4.4%,0.5%,2025-05-02 09:00:00
2025-05-02,All Day,AUD,Parliamentary Elections,High,,,,2025-05-02 00:00:00
2025-05-03,All Day,All,OPEC-JMMC Meetings,Medium,,,,2025-05-03 00:00:00
2025-05-04,All Day,JPY,Bank Holiday,Low,,,,2025-05-04 00:00:00
2025-05-04,8:00pm,AUD,MI Inflation Gauge m/m,Non-economic,0.6%,,0.7%,2025-05-04 20:00:00
2025-05-04,8:30pm,AUD,ANZ Job Advertisements m/m,Non-economic,0.5%,,0.4%,2025-05-04 20:30:00
2025-05-05,1:30am,CHF,CPI m/m,High,0.0%,0.2%,0.0%,2025-05-05 01:30:00
2025-05-05,All Day,GBP,Bank Holiday,Low,,,,2025-05-05 00:00:00
2025-05-05,3:30am,EUR,Sentix Investor Confidence,Non-economic,-8.1,-14.9,-19.5,2025-05-05 03:30:00
2025-05-05,8:45am,USD,Final Services PMI,Non-economic,50.8,51.4,51.4,2025-05-05 08:45:00
2025-05-05,9:00am,USD,ISM Services PMI,High,51.6,50.2,50.8,2025-05-05 09:00:00
2025-05-05,All Day,JPY,Bank Holiday,Low,,,,2025-05-05 00:00:00
2025-05-05,8:00pm,NZD,ANZ Commodity Prices m/m,Non-economic,0.0%,,-0.4%,2025-05-05 20:00:00
2025-05-05,8:30pm,AUD,Building Approvals m/m,Non-economic,-8.8%,-1.7%,-0.2%,2025-05-05 20:30:00
2025-05-05,8:30pm,AUD,Household Spending m/m,Non-economic,-0.3%,0.3%,0.3%,2025-05-05 20:30:00
2025-05-05,8:45pm,CNY,RatingDog Services PMI,Non-economic,50.7,51.7,51.9,2025-05-05 20:45:00
2025-05-06,12:45am,CHF,Unemployment Rate,Non-economic,2.8%,2.8%,2.8%,2025-05-06 00:45:00
2025-05-06,1:45am,EUR,French Industrial Production m/m,Non-economic,0.2%,0.4%,1.0%,2025-05-06 01:45:00
2025-05-06,2:00am,EUR,Spanish Unemployment Change,Non-economic,-67.4K,6.5K,-13.3K,2025-05-06 02:00:00
2025-05-06,2:15am,EUR,Spanish Services PMI,Non-economic,53.4,53.9,54.7,2025-05-06 02:15:00
2025-05-06,2:35am,CHF,SNB Chairman Schlegel Speaks,Medium,,,,2025-05-06 02:35:00
2025-05-06,2:45am,EUR,Italian Services PMI,Non-economic,52.9,51.3,52.0,2025-05-06 02:45:00
2025-05-06,2:50am,EUR,French Final Services PMI,Non-economic,47.3,46.8,46.8,2025-05-06 02:50:00
2025-05-06,2:55am,EUR,German Final Services PMI,Non-economic,49.0,48.8,48.8,2025-05-06 02:55:00
2025-05-06,3:00am,EUR,Final Services PMI,Non-economic,50.1,49.7,49.7,2025-05-06 03:00:00
2025-05-06,3:30am,GBP,Final Services PMI,Non-economic,49.0,48.9,48.9,2025-05-06 03:30:00
2025-05-06,4:00am,EUR,PPI m/m,Non-economic,-1.6%,-1.4%,0.2%,2025-05-06 04:00:00
2025-05-06,7:30am,CAD,Trade Balance,Non-economic,-0.5B,-1.7B,-1.4B,2025-05-06 07:30:00
2025-05-06,7:30am,USD,Trade Balance,Non-economic,-140.5B,-136.8B,-123.2B,2025-05-06 07:30:00
2025-05-06,9:00am,CAD,Ivey PMI,Medium,47.9,51.2,51.3,2025-05-06 09:00:00
2025-05-06,9:06am,USD,RCM/TIPP Economic Optimism,Non-economic,47.9,50.2,49.1,2025-05-06 09:06:00
2025-05-06,10:34am,NZD,GDT Price Index,Non-economic,4.6%,,1.6%,2025-05-06 10:34:00
2025-05-06,12:01pm,USD,10-y Bond Auction,Non-economic,4.34|2.6,,4.44|2.7,2025-05-06 12:01:00
2025-05-06,3:30pm,USD,API Weekly Statistical Bulletin,Non-economic,,,,2025-05-06 15:30:00
2025-05-06,4:00pm,NZD,RBNZ Financial Stability Report,Non-economic,,,,2025-05-06 16:00:00
2025-05-06,5:45pm,NZD,Employment Change q/q,High,0.1%,0.1%,-0.2%,2025-05-06 17:45:00
2025-05-06,5:45pm,NZD,Unemployment Rate,High,5.1%,5.3%,5.1%,2025-05-06 17:45:00
2025-05-06,5:45pm,NZD,Labor Cost Index q/q,Non-economic,0.4%,0.5%,0.6%,2025-05-06 17:45:00
2025-05-06,8:00pm,NZD,RBNZ Gov Hawkesby Speaks,Medium,,,,2025-05-06 20:00:00
2025-05-07,1:00am,EUR,German Factory Orders m/m,Non-economic,3.6%,1.4%,0.0%,2025-05-07 01:00:00
2025-05-07,1:45am,EUR,French Prelim Private Payrolls q/q,Non-economic,0.0%,0.0%,-0.3%,2025-05-07 01:45:00
2025-05-07,1:45am,EUR,French Trade Balance,Non-economic,-6.2B,-7.0B,-7.7B,2025-05-07 01:45:00
2025-05-07,2:00am,CHF,Foreign Currency Reserves,Non-economic,703B,,726B,2025-05-07 02:00:00
2025-05-07,3:00am,EUR,Italian Retail Sales m/m,Non-economic,-0.5%,0.2%,0.1%,2025-05-07 03:00:00
2025-05-07,3:30am,GBP,Construction PMI,Medium,46.6,46.0,46.4,2025-05-07 03:30:00
2025-05-07,3:57am,EUR,French 10-y Bond Auction,Non-economic,3.24|2.8,,3.37|3.0,2025-05-07 03:57:00
2025-05-07,4:00am,CHF,Gov Board Member Tschudin Speaks,Non-economic,,,,2025-05-07 04:00:00
2025-05-07,4:00am,EUR,Retail Sales m/m,Non-economic,-0.1%,-0.1%,0.2%,2025-05-07 04:00:00
2025-05-07,9:30am,USD,Crude Oil Inventories,Non-economic,-2.0M,-1.7M,-2.7M,2025-05-07 09:30:00
2025-05-07,1:00pm,USD,Federal Funds Rate,High,4.50%,4.50%,4.50%,2025-05-07 13:00:00
2025-05-07,1:00pm,USD,FOMC Statement,High,,,,2025-05-07 13:00:00
2025-05-07,1:30pm,USD,FOMC Press Conference,High,,,,2025-05-07 13:30:00
2025-05-07,2:00pm,USD,Consumer Credit m/m,Non-economic,10.2B,9.8B,-0.6B,2025-05-07 14:00:00
2025-05-07,6:01pm,GBP,RICS House Price Balance,Non-economic,-3%,-4%,2%,2025-05-07 18:01:00
2025-05-07,6:50pm,JPY,Monetary Policy Meeting Minutes,Non-economic,,,,2025-05-07 18:50:00
2025-05-07,10:35pm,JPY,10-y Bond Auction,Non-economic,1.27|2.5,,1.41|3.1,2025-05-07 22:35:00
2025-05-08,1:00am,EUR,German Industrial Production m/m,Non-economic,3.0%,0.9%,-1.3%,2025-05-08 01:00:00
2025-05-08,1:00am,EUR,German Trade Balance,Non-economic,21.1B,19.0B,18.0B,2025-05-08 01:00:00
2025-05-08,1:00am,GBP,Halifax HPI m/m,Non-economic,0.3%,0.2%,-0.5%,2025-05-08 01:00:00
2025-05-08,All Day,EUR,French Bank Holiday,Low,,,,2025-05-08 00:00:00
2025-05-08,6:02am,GBP,BOE Monetary Policy Report,High,,,,2025-05-08 06:02:00
2025-05-08,6:02am,GBP,Monetary Policy Summary,High,,,,2025-05-08 06:02:00
2025-05-08,6:02am,GBP,MPC Official Bank Rate Votes,High,0-7-2,0-9-0,0-1-8,2025-05-08 06:02:00
2025-05-08,6:02am,GBP,Official Bank Rate,High,4.25%,4.25%,4.50%,2025-05-08 06:02:00
2025-05-08,6:30am,GBP,BOE Gov Bailey Speaks,High,,,,2025-05-08 06:30:00
2025-05-08,7:30am,USD,Unemployment Claims,High,228K,231K,241K,2025-05-08 07:30:00
2025-05-08,7:30am,USD,Prelim Nonfarm Productivity q/q,Non-economic,-0.8%,-0.4%,1.5%,2025-05-08 07:30:00
2025-05-08,7:30am,USD,Prelim Unit Labor Costs q/q,Non-economic,5.7%,5.3%,2.2%,2025-05-08 07:30:00
2025-05-08,9:00am,CAD,BOC Financial System Review,Non-economic,,,,2025-05-08 09:00:00
2025-05-08,9:00am,USD,President Trump Speaks,High,,,,2025-05-08 09:00:00
2025-05-08,9:00am,USD,Final Wholesale Inventories m/m,Non-economic,0.4%,0.5%,0.5%,2025-05-08 09:00:00
2025-05-08,9:30am,USD,Natural Gas Storage,Non-economic,104B,103B,107B,2025-05-08 09:30:00
2025-05-08,10:00am,CAD,BOC Press Conference,High,,,,2025-05-08 10:00:00
2025-05-08,12:01pm,USD,30-y Bond Auction,Non-economic,4.82|2.3,,4.81|2.4,2025-05-08 12:01:00
2025-05-08,6:30pm,JPY,Average Cash Earnings y/y,Non-economic,2.1%,2.4%,2.7%,2025-05-08 18:30:00
2025-05-08,6:30pm,JPY,Household Spending y/y,Non-economic,2.1%,0.2%,-0.5%,2025-05-08 18:30:00
2025-05-08,10:04pm,CNY,Trade Balance,Non-economic,690B,701B,737B,2025-05-08 22:04:00
2025-05-08,10:06pm,CNY,USD-Denominated Trade Balance,Non-economic,96.2B,97.0B,102.6B,2025-05-08 22:06:00
2025-05-09,12:00am,JPY,Leading Indicators,Non-economic,107.7%,107.4%,108.2%,2025-05-09 00:00:00
2025-05-09,2:00am,CHF,SECO Consumer Climate,Non-economic,-42,-34,-35,2025-05-09 02:00:00
2025-05-09,3:00am,EUR,Italian Industrial Production m/m,Non-economic,0.1%,0.4%,-0.9%,2025-05-09 03:00:00
2025-05-09,3:40am,GBP,BOE Gov Bailey Speaks,High,,,,2025-05-09 03:40:00
2025-05-09,4:55am,USD,FOMC Member Barr Speaks,Non-economic,,,,2025-05-09 04:55:00
2025-05-09,5:45am,USD,FOMC Member Kugler Speaks,Non-economic,,,,2025-05-09 05:45:00
2025-05-09,6:15am,GBP,MPC Member Pill Speaks,Non-economic,,,,2025-05-09 06:15:00
2025-05-09,7:30am,CAD,Employment Change,High,7.4K,4.1K,-32.6K,2025-05-09 07:30:00
2025-05-09,7:30am,CAD,Unemployment Rate,High,6.9%,6.8%,6.7%,2025-05-09 07:30:00
2025-05-09,7:30am,USD,FOMC Member Barkin Speaks,Non-economic,,,,2025-05-09 07:30:00
2025-05-09,7:30am,USD,FOMC Member Williams Speaks,Non-economic,,,,2025-05-09 07:30:00
2025-05-09,9:00am,USD,FOMC Member Goolsbee Speaks,Non-economic,,,,2025-05-09 09:00:00
2025-05-09,10:30am,USD,FOMC Member Waller Speaks,Medium,,,,2025-05-09 10:30:00
2025-05-09,10:30am,USD,FOMC Member Williams Speaks,Non-economic,,,,2025-05-09 10:30:00
2025-05-09,6:45pm,USD,FOMC Member Cook Speaks,Non-economic,,,,2025-05-09 18:45:00
2025-05-09,6:45pm,USD,FOMC Member Hammack Speaks,Non-economic,,,,2025-05-09 18:45:00
2025-05-09,6:45pm,USD,FOMC Member Musalem Speaks,Non-economic,,,,2025-05-09 18:45:00
2025-05-09,8:30pm,CNY,CPI y/y,Medium,-0.1%,-0.1%,-0.1%,2025-05-09 20:30:00
2025-05-09,8:30pm,CNY,PPI y/y,Medium,-2.7%,-2.7%,-2.5%,2025-05-09 20:30:00
2025-05-11,1:00pm,USD,FOMC Member Barkin Speaks,Non-economic,,,,2025-05-11 13:00:00
2025-05-11,6:50pm,JPY,Bank Lending y/y,Non-economic,2.4%,2.8%,2.8%,2025-05-11 18:50:00
2025-05-11,6:50pm,JPY,Current Account,Non-economic,2.72T,2.42T,2.91T,2025-05-11 18:50:00
2025-05-12,12:00am,JPY,Economy Watchers Sentiment,Non-economic,42.6,44.7,45.1,2025-05-12 00:00:00
2025-05-12,3:00am,GBP,MPC Member Lombardelli Speaks,Non-economic,,,,2025-05-12 03:00:00
2025-05-12,All Day,EUR,Eurogroup Meetings,Non-economic,,,,2025-05-12 00:00:00
2025-05-12,5:30am,GBP,MPC Member Greene Speaks,Non-economic,,,,2025-05-12 05:30:00
2025-05-12,7:50am,GBP,MPC Member Mann Speaks,Non-economic,,,,2025-05-12 07:50:00
2025-05-12,8:30am,USD,President Trump Speaks,Medium,,,,2025-05-12 08:30:00
2025-05-12,8:45am,USD,Cleveland Fed Inflation Expectations,Non-economic,3.9%,,3.2%,2025-05-12 08:45:00
2025-05-12,9:25am,USD,FOMC Member Kugler Speaks,Non-economic,,,,2025-05-12 09:25:00
2025-05-12,11:00am,GBP,MPC Member Taylor Speaks,Non-economic,,,,2025-05-12 11:00:00
2025-05-12,1:00pm,USD,Federal Budget Balance,Non-economic,258.4B,256.4B,-160.5B,2025-05-12 13:00:00
2025-05-12,1:00pm,USD,Loan Officer Survey,Non-economic,,,,2025-05-12 13:00:00
2025-05-12,6:01pm,GBP,BRC Retail Sales Monitor y/y,Non-economic,6.8%,2.4%,0.9%,2025-05-12 18:01:00
2025-05-12,6:50pm,JPY,BOJ Summary of Opinions,Non-economic,,,,2025-05-12 18:50:00
2025-05-12,6:50pm,JPY,M2 Money Stock y/y,Non-economic,0.5%,0.6%,0.8%,2025-05-12 18:50:00
2025-05-12,7:26pm,AUD,Westpac Consumer Sentiment,Non-economic,2.2%,,-6.0%,2025-05-12 19:26:00
2025-05-12,8:30pm,AUD,NAB Business Confidence,Non-economic,-1,,-3,2025-05-12 20:30:00
2025-05-12,10:35pm,JPY,30-y Bond Auction,Non-economic,2.94|3.1,,2.41|3.0,2025-05-12 22:35:00
2025-05-13,1:00am,GBP,Claimant Count Change,High,5.2K,22.3K,-16.9K,2025-05-13 01:00:00
2025-05-13,1:00am,GBP,Average Earnings Index 3m/y,Medium,5.5%,5.2%,5.7%,2025-05-13 01:00:00
2025-05-13,1:00am,GBP,Unemployment Rate,Non-economic,4.5%,4.5%,4.4%,2025-05-13 01:00:00
2025-05-13,All Day,EUR,ECOFIN Meetings,Non-economic,,,,2025-05-13 00:00:00
2025-05-13,3:45am,GBP,MPC Member Pill Speaks,Non-economic,,,,2025-05-13 03:45:00
2025-05-13,4:00am,EUR,German ZEW Economic Sentiment,Medium,25.2,10.7,-14.0,2025-05-13 04:00:00
2025-05-13,4:00am,EUR,ZEW Economic Sentiment,Non-economic,11.6,-3.5,-18.5,2025-05-13 04:00:00
2025-05-13,5:00am,USD,NFIB Small Business Index,Non-economic,95.8,94.9,97.4,2025-05-13 05:00:00
2025-05-13,7:30am,USD,Core CPI m/m,High,0.2%,0.3%,0.1%,2025-05-13 07:30:00
2025-05-13,7:30am,USD,CPI m/m,High,0.2%,0.3%,-0.1%,2025-05-13 07:30:00
2025-05-13,7:30am,USD,CPI y/y,High,2.3%,2.4%,2.4%,2025-05-13 07:30:00
2025-05-13,8:30am,GBP,CB Leading Index m/m,Non-economic,-0.4%,,-0.1%,2025-05-13 08:30:00
2025-05-13,9:00am,USD,Mortgage Delinquencies,Non-economic,4.04%,,3.98%,2025-05-13 09:00:00
2025-05-13,10:00am,GBP,BOE Gov Bailey Speaks,High,,,,2025-05-13 10:00:00
2025-05-13,10:34am,USD,President Trump Speaks,Medium,,,,2025-05-13 10:34:00
2025-05-13,3:30pm,USD,API Weekly Statistical Bulletin,Non-economic,,,,2025-05-13 15:30:00
2025-05-13,5:45pm,NZD,Visitor Arrivals m/m,Non-economic,-1.9%,,-4.7%,2025-05-13 17:45:00
2025-05-13,6:50pm,JPY,PPI y/y,Non-economic,4.0%,4.0%,4.3%,2025-05-13 18:50:00
2025-05-13,8:30pm,AUD,Wage Price Index q/q,High,0.9%,0.8%,0.7%,2025-05-13 20:30:00
2025-05-14,1:00am,EUR,German Final CPI m/m,Non-economic,0.4%,0.4%,0.4%,2025-05-14 01:00:00
2025-05-14,2:15am,GBP,MPC Member Breeden Speaks,Non-economic,,,,2025-05-14 02:15:00
2025-05-14,3:15am,EUR,German Buba President Nagel Speaks,Non-economic,,,,2025-05-14 03:15:00
2025-05-14,4:02am,CNY,M2 Money Supply y/y,Non-economic,8.0%,7.2%,7.0%,2025-05-14 04:02:00
2025-05-14,4:03am,CNY,New Loans,Medium,280B,710B,3640B,2025-05-14 04:03:00
2025-05-14,4:03am,GBP,10-y Bond Auction,Non-economic,4.67|3.1,,4.64|2.9,2025-05-14 04:03:00
2025-05-14,4:15am,USD,FOMC Member Waller Speaks,Non-economic,,,,2025-05-14 04:15:00
2025-05-14,4:38am,EUR,German 30-y Bond Auction,Non-economic,3.12|2.3,,2.90|1.7,2025-05-14 04:38:00
2025-05-14,7:30am,CAD,Building Permits m/m,Non-economic,-4.1%,-0.7%,4.9%,2025-05-14 07:30:00
2025-05-14,8:10am,USD,FOMC Member Jefferson Speaks,Non-economic,,,,2025-05-14 08:10:00
2025-05-14,9:30am,AUD,CB Leading Index m/m,Non-economic,-0.4%,,-0.1%,2025-05-14 09:30:00
2025-05-14,9:30am,USD,Crude Oil Inventories,Non-economic,3.5M,-2.0M,-2.0M,2025-05-14 09:30:00
2025-05-14,4:40pm,USD,FOMC Member Daly Speaks,Non-economic,,,,2025-05-14 16:40:00
2025-05-14,5:45pm,NZD,FPI m/m,Non-economic,0.8%,,0.5%,2025-05-14 17:45:00
2025-05-14,8:00pm,AUD,MI Inflation Expectations,Non-economic,4.1%,,4.2%,2025-05-14 20:00:00
2025-05-14,8:30pm,AUD,Employment Change,High,89.0K,20.9K,36.4K,2025-05-14 20:30:00
2025-05-14,8:30pm,AUD,Unemployment Rate,High,4.1%,4.1%,4.1%,2025-05-14 20:30:00
2025-05-15,12:59am,JPY,Prelim Machine Tool Orders y/y,Non-economic,7.7%,,11.4%,2025-05-15 00:59:00
2025-05-15,1:00am,EUR,German WPI m/m,Non-economic,-0.1%,0.2%,-0.2%,2025-05-15 01:00:00
2025-05-15,1:00am,GBP,GDP m/m,High,0.2%,0.0%,0.5%,2025-05-15 01:00:00
2025-05-15,1:00am,GBP,Prelim GDP q/q,Medium,0.7%,0.6%,0.1%,2025-05-15 01:00:00
2025-05-15,1:00am,GBP,Construction Output m/m,Non-economic,0.5%,0.2%,0.2%,2025-05-15 01:00:00
2025-05-15,1:00am,GBP,Goods Trade Balance,Non-economic,-19.9B,-19.1B,-21.0B,2025-05-15 01:00:00
2025-05-15,1:00am,GBP,Index of Services 3m/3m,Non-economic,0.7%,0.7%,0.6%,2025-05-15 01:00:00
2025-05-15,1:00am,GBP,Industrial Production m/m,Non-economic,-0.7%,-0.6%,1.7%,2025-05-15 01:00:00
2025-05-15,1:00am,GBP,Manufacturing Production m/m,Non-economic,-0.8%,-0.8%,2.4%,2025-05-15 01:00:00
2025-05-15,1:00am,GBP,Prelim Business Investment q/q,Non-economic,5.9%,0.4%,-1.9%,2025-05-15 01:00:00
2025-05-15,1:30am,CHF,PPI m/m,Non-economic,0.1%,0.2%,0.1%,2025-05-15 01:30:00
2025-05-15,1:45am,EUR,French Final CPI m/m,Non-economic,0.6%,0.5%,0.5%,2025-05-15 01:45:00
2025-05-15,4:00am,EUR,Flash Employment Change q/q,Non-economic,0.3%,0.1%,0.1%,2025-05-15 04:00:00
2025-05-15,4:00am,EUR,Flash GDP q/q,Non-economic,0.3%,0.4%,0.4%,2025-05-15 04:00:00
2025-05-15,4:00am,EUR,Industrial Production m/m,Non-economic,2.6%,1.9%,1.1%,2025-05-15 04:00:00
2025-05-15,7:15am,CAD,Housing Starts,Non-economic,279K,227K,214K,2025-05-15 07:15:00
2025-05-15,7:30am,CAD,Manufacturing Sales m/m,Non-economic,-1.4%,-1.8%,-0.2%,2025-05-15 07:30:00
2025-05-15,7:30am,CAD,Wholesale Sales m/m,Non-economic,0.2%,-0.4%,1.0%,2025-05-15 07:30:00
2025-05-15,7:30am,USD,Core PPI m/m,High,-0.4%,0.3%,0.4%,2025-05-15 07:30:00
2025-05-15,7:30am,USD,Core Retail Sales m/m,High,0.1%,0.3%,0.8%,2025-05-15 07:30:00
2025-05-15,7:30am,USD,PPI m/m,High,-0.5%,0.2%,0.0%,2025-05-15 07:30:00
2025-05-15,7:30am,USD,Retail Sales m/m,High,0.1%,0.0%,1.7%,2025-05-15 07:30:00
2025-05-15,7:30am,USD,Unemployment Claims,High,229K,229K,229K,2025-05-15 07:30:00
2025-05-15,7:30am,USD,Empire State Manufacturing Index,Medium,-9.2,-8.2,-8.1,2025-05-15 07:30:00
2025-05-15,7:30am,USD,Philly Fed Manufacturing Index,Medium,-4.0,-11.3,-26.4,2025-05-15 07:30:00
2025-05-15,7:40am,USD,Fed Chairman Powell Speaks,High,,,,2025-05-15 07:40:00
2025-05-15,8:15am,USD,Capacity Utilization Rate,Non-economic,77.7%,77.8%,77.8%,2025-05-15 08:15:00
2025-05-15,8:15am,USD,Industrial Production m/m,Non-economic,0.0%,0.2%,-0.3%,2025-05-15 08:15:00
2025-05-15,9:00am,USD,Business Inventories m/m,Non-economic,0.1%,0.2%,0.2%,2025-05-15 09:00:00
2025-05-15,9:00am,USD,NAHB Housing Market Index,Non-economic,34,40,40,2025-05-15 09:00:00
2025-05-15,9:30am,USD,Natural Gas Storage,Non-economic,110B,111B,104B,2025-05-15 09:30:00
2025-05-15,10:15am,GBP,MPC Member Dhingra Speaks,Non-economic,,,,2025-05-15 10:15:00
2025-05-15,1:05pm,USD,FOMC Member Barr Speaks,Non-economic,,,,2025-05-15 13:05:00
2025-05-15,5:30pm,NZD,BusinessNZ Manufacturing Index,Non-economic,53.9,,53.2,2025-05-15 17:30:00
2025-05-15,6:50pm,JPY,Prelim GDP Price Index y/y,Non-economic,3.3%,3.2%,2.9%,2025-05-15 18:50:00
2025-05-15,6:50pm,JPY,Prelim GDP q/q,Non-economic,-0.2%,-0.1%,0.7%,2025-05-15 18:50:00
2025-05-15,10:00pm,NZD,Inflation Expectations q/q,Medium,2.29%,,2.06%,2025-05-15 22:00:00
2025-05-15,11:30pm,JPY,Revised Industrial Production m/m,Non-economic,0.2%,-1.1%,-1.1%,2025-05-15 23:30:00
2025-05-16,4:00am,EUR,Italian Trade Balance,Non-economic,3.66B,5.15B,4.44B,2025-05-16 04:00:00
2025-05-16,4:00am,EUR,Trade Balance,Non-economic,27.9B,17.5B,22.7B,2025-05-16 04:00:00
2025-05-16,6:00am,CHF,SNB Chairman Schlegel Speaks,Medium,,,,2025-05-16 06:00:00
2025-05-16,7:30am,CAD,Foreign Securities Purchases,Non-economic,-4.23B,5.20B,-10.45B,2025-05-16 07:30:00
2025-05-16,7:30am,USD,Building Permits,Non-economic,1.41M,1.45M,1.48M,2025-05-16 07:30:00
2025-05-16,7:30am,USD,Housing Starts,Non-economic,1.36M,1.36M,1.34M,2025-05-16 07:30:00
2025-05-16,7:30am,USD,Import Prices m/m,Non-economic,0.1%,-0.4%,-0.4%,2025-05-16 07:30:00
2025-05-16,9:00am,USD,Prelim UoM Consumer Sentiment,High,50.8,53.1,52.2,2025-05-16 09:00:00
2025-05-16,9:00am,USD,Prelim UoM Inflation Expectations,High,7.3%,,6.5%,2025-05-16 09:00:00
2025-05-16,10:00am,GBP,MPC Member Lombardelli Speaks,Non-economic,,,,2025-05-16 10:00:00
2025-05-16,3:00pm,USD,TIC Long-Term Purchases,Non-economic,161.8B,44.2B,112.9B,2025-05-16 15:00:00
2025-05-16,5:00pm,USD,FOMC Member Barkin Speaks,Non-economic,,,,2025-05-16 17:00:00
2025-05-16,8:40pm,USD,FOMC Member Daly Speaks,Non-economic,,,,2025-05-16 20:40:00
2025-05-18,4:20pm,USD,FOMC Member Williams Speaks,Non-economic,,,,2025-05-18 16:20:00
2025-05-18,5:30pm,NZD,BusinessNZ Services Index,Non-economic,48.5,,48.9,2025-05-18 17:30:00
2025-05-18,5:45pm,NZD,PPI Input q/q,Non-economic,2.9%,0.2%,-0.9%,2025-05-18 17:45:00
2025-05-18,5:45pm,NZD,PPI Output q/q,Non-economic,2.1%,0.1%,-0.1%,2025-05-18 17:45:00
2025-05-18,6:01pm,GBP,Rightmove HPI m/m,Non-economic,0.6%,,1.4%,2025-05-18 18:01:00
2025-05-18,8:30pm,CNY,New Home Prices m/m,Non-economic,-0.12%,,-0.08%,2025-05-18 20:30:00
2025-05-18,9:00pm,CNY,Industrial Production y/y,Medium,6.1%,5.7%,7.7%,2025-05-18 21:00:00
2025-05-18,9:00pm,CNY,Retail Sales y/y,Medium,5.1%,6.0%,5.9%,2025-05-18 21:00:00
2025-05-18,9:00pm,CNY,Fixed Asset Investment ytd/y,Non-economic,4.0%,4.4%,4.2%,2025-05-18 21:00:00
2025-05-18,9:00pm,CNY,NBS Press Conference,Non-economic,,,,2025-05-18 21:00:00
2025-05-18,9:00pm,CNY,Unemployment Rate,Non-economic,5.1%,5.2%,5.2%,2025-05-18 21:00:00
2025-05-18,11:30pm,JPY,Tertiary Industry Activity m/m,Non-economic,-0.3%,-0.2%,0.5%,2025-05-18 23:30:00
2025-05-19,4:00am,EUR,EU Economic Forecasts,Non-economic,,,,2025-05-19 04:00:00
2025-05-19,4:00am,EUR,Final Core CPI y/y,Non-economic,2.7%,2.7%,2.7%,2025-05-19 04:00:00
2025-05-19,4:00am,EUR,Final CPI y/y,Non-economic,2.2%,2.2%,2.2%,2025-05-19 04:00:00
2025-05-19,All Day,CAD,Bank Holiday,Low,,,,2025-05-19 00:00:00
2025-05-19,7:30am,USD,FOMC Member Bostic Speaks,Non-economic,,,,2025-05-19 07:30:00
2025-05-19,7:45am,USD,FOMC Member Jefferson Speaks,Non-economic,,,,2025-05-19 07:45:00
2025-05-19,7:45am,USD,FOMC Member Williams Speaks,Non-economic,,,,2025-05-19 07:45:00
2025-05-19,9:00am,USD,CB Leading Index m/m,Non-economic,-1.0%,-0.7%,-0.8%,2025-05-19 09:00:00
2025-05-19,11:30am,CHF,SNB Chairman Schlegel Speaks,Medium,,,,2025-05-19 11:30:00
2025-05-19,12:15pm,USD,FOMC Member Logan Speaks,Non-economic,,,,2025-05-19 12:15:00
2025-05-19,12:30pm,USD,FOMC Member Kashkari Speaks,Non-economic,,,,2025-05-19 12:30:00
2025-05-19,1:45pm,USD,FOMC Member Bostic Speaks,Non-economic,,,,2025-05-19 13:45:00
2025-05-19,8:00pm,CNY,1-y Loan Prime Rate,Medium,3.00%,3.00%,3.10%,2025-05-19 20:00:00
2025-05-19,8:00pm,CNY,5-y Loan Prime Rate,Medium,3.50%,3.50%,3.60%,2025-05-19 20:00:00
2025-05-19,11:30pm,AUD,Cash Rate,High,3.85%,3.85%,4.10%,2025-05-19 23:30:00
2025-05-19,11:30pm,AUD,RBA Monetary Policy Statement,High,,,,2025-05-19 23:30:00
2025-05-19,11:30pm,AUD,RBA Rate Statement,High,,,,2025-05-19 23:30:00
2025-05-20,12:30am,AUD,RBA Press Conference,Medium,,,,2025-05-20 00:30:00
2025-05-20,1:00am,EUR,German PPI m/m,Non-economic,-0.6%,-0.3%,-0.7%,2025-05-20 01:00:00
2025-05-20,3:00am,EUR,Current Account,Non-economic,50.9B,35.9B,40.6B,2025-05-20 03:00:00
2025-05-20,3:00am,GBP,MPC Member Pill Speaks,Non-economic,,,,2025-05-20 03:00:00
2025-05-20,Day 1,All,G7 Meetings,Non-economic,,,,2025-05-20 00:00:00
2025-05-20,7:30am,CAD,CPI m/m,High,-0.1%,-0.1%,0.3%,2025-05-20 07:30:00
2025-05-20,7:30am,CAD,Median CPI y/y,High,3.2%,2.9%,2.9%,2025-05-20 07:30:00
2025-05-20,7:30am,CAD,Trimmed CPI y/y,High,3.1%,2.8%,2.8%,2025-05-20 07:30:00
2025-05-20,7:30am,CAD,Common CPI y/y,Medium,2.5%,2.3%,2.3%,2025-05-20 07:30:00
2025-05-20,7:32am,CAD,Core CPI m/m,Non-economic,0.5%,,0.1%,2025-05-20 07:32:00
2025-05-20,8:00am,USD,FOMC Member Barkin Speaks,Non-economic,,,,2025-05-20 08:00:00
2025-05-20,8:00am,USD,FOMC Member Bostic Speaks,Non-economic,,,,2025-05-20 08:00:00
2025-05-20,9:00am,EUR,Consumer Confidence,Non-economic,-15,-16,-17,2025-05-20 09:00:00
2025-05-20,9:14am,NZD,GDT Price Index,Non-economic,-0.9%,,4.6%,2025-05-20 09:14:00
2025-05-20,12:00pm,USD,FOMC Member Musalem Speaks,Non-economic,,,,2025-05-20 12:00:00
2025-05-20,2:00pm,USD,President Trump Speaks,Medium,,,,2025-05-20 14:00:00
2025-05-20,3:30pm,USD,API Weekly Statistical Bulletin,Non-economic,,,,2025-05-20 15:30:00
2025-05-20,4:00pm,USD,FOMC Member Kugler Speaks,Non-economic,,,,2025-05-20 16:00:00
2025-05-20,5:45pm,NZD,Trade Balance,Non-economic,1426M,670M,794M,2025-05-20 17:45:00
2025-05-20,6:00pm,USD,FOMC Member Daly Speaks,Non-economic,,,,2025-05-20 18:00:00
2025-05-20,6:00pm,USD,FOMC Member Hammack Speaks,Non-economic,,,,2025-05-20 18:00:00
2025-05-20,6:50pm,JPY,Trade Balance,Non-economic,-0.41T,-0.24T,-0.29T,2025-05-20 18:50:00
2025-05-20,7:30pm,AUD,MI Leading Index m/m,Non-economic,0.0%,,-0.2%,2025-05-20 19:30:00
2025-05-20,10:00pm,NZD,Credit Card Spending y/y,Non-economic,0.5%,,0.7%,2025-05-20 22:00:00
2025-05-21,1:00am,GBP,CPI y/y,High,3.5%,3.3%,2.6%,2025-05-21 01:00:00
2025-05-21,1:00am,GBP,Core CPI y/y,Non-economic,3.8%,3.6%,3.4%,2025-05-21 01:00:00
2025-05-21,1:00am,GBP,RPI y/y,Non-economic,4.5%,4.2%,3.2%,2025-05-21 01:00:00
2025-05-21,3:00am,EUR,ECB Financial Stability Review,Medium,,,,2025-05-21 03:00:00
2025-05-21,3:30am,GBP,HPI y/y,Non-economic,6.4%,5.2%,5.5%,2025-05-21 03:30:00
2025-05-21,Day 2,All,G7 Meetings,Non-economic,,,,2025-05-21 00:00:00
2025-05-21,4:34am,EUR,German 10-y Bond Auction,Non-economic,2.66|2.4,,2.47|1.4,2025-05-21 04:34:00
2025-05-21,7:30am,CAD,NHPI m/m,Non-economic,-0.4%,0.1%,0.0%,2025-05-21 07:30:00
2025-05-21,9:30am,USD,Crude Oil Inventories,Non-economic,1.3M,-0.9M,3.5M,2025-05-21 09:30:00
2025-05-21,11:15am,USD,FOMC Member Barkin Speaks,Non-economic,,,,2025-05-21 11:15:00
2025-05-21,11:15am,USD,FOMC Member Bowman Speaks,Non-economic,,,,2025-05-21 11:15:00
2025-05-21,6:00pm,AUD,Flash Manufacturing PMI,Non-economic,51.7,,51.7,2025-05-21 18:00:00
2025-05-21,6:00pm,AUD,Flash Services PMI,Non-economic,50.5,,51.0,2025-05-21 18:00:00
2025-05-21,6:50pm,JPY,Core Machinery Orders m/m,Non-economic,13.0%,-1.5%,4.3%,2025-05-21 18:50:00
2025-05-21,7:30pm,JPY,Flash Manufacturing PMI,Non-economic,49.0,49.0,48.7,2025-05-21 19:30:00
2025-05-21,9:00pm,NZD,Annual Budget Release,Medium,,,,2025-05-21 21:00:00
2025-05-22,1:00am,GBP,Public Sector Net Borrowing,Non-economic,20.2B,18.0B,14.1B,2025-05-22 01:00:00
2025-05-22,2:15am,EUR,French Flash Manufacturing PMI,High,49.5,48.9,48.7,2025-05-22 02:15:00
2025-05-22,2:15am,EUR,French Flash Services PMI,High,47.4,47.7,47.3,2025-05-22 02:15:00
2025-05-22,2:15am,GBP,MPC Member Breeden Speaks,Non-economic,,,,2025-05-22 02:15:00
2025-05-22,2:30am,EUR,German Flash Manufacturing PMI,High,48.8,48.8,48.4,2025-05-22 02:30:00
2025-05-22,2:30am,EUR,German Flash Services PMI,High,47.2,49.6,49.0,2025-05-22 02:30:00
2025-05-22,3:00am,EUR,Flash Manufacturing PMI,Medium,49.4,49.2,49.0,2025-05-22 03:00:00
2025-05-22,3:00am,EUR,Flash Services PMI,Medium,48.9,50.4,50.1,2025-05-22 03:00:00
2025-05-22,3:00am,EUR,German ifo Business Climate,Medium,87.5,87.4,86.9,2025-05-22 03:00:00
2025-05-22,3:30am,AUD,RBA Deputy Gov Hauser Speaks,Non-economic,,,,2025-05-22 03:30:00
2025-05-22,3:30am,GBP,Flash Manufacturing PMI,High,45.1,46.2,45.4,2025-05-22 03:30:00
2025-05-22,3:30am,GBP,Flash Services PMI,High,50.2,50.0,49.0,2025-05-22 03:30:00
2025-05-22,Day 3,All,G7 Meetings,Non-economic,,,,2025-05-22 00:00:00
2025-05-22,5:00am,EUR,German Buba Monthly Report,Non-economic,,,,2025-05-22 05:00:00
2025-05-22,5:00am,GBP,CBI Industrial Order Expectations,Non-economic,-30,-24,-26,2025-05-22 05:00:00
2025-05-22,5:50am,GBP,MPC Member Breeden Speaks,Non-economic,,,,2025-05-22 05:50:00
2025-05-22,6:30am,EUR,ECB Monetary Policy Meeting Accounts,Non-economic,,,,2025-05-22 06:30:00
2025-05-22,7:00am,GBP,MPC Member Dhingra Speaks,Non-economic,,,,2025-05-22 07:00:00
2025-05-22,7:30am,CAD,IPPI m/m,Non-economic,-0.8%,-0.5%,0.3%,2025-05-22 07:30:00
2025-05-22,7:30am,CAD,RMPI m/m,Non-economic,-3.0%,-2.2%,-0.7%,2025-05-22 07:30:00
2025-05-22,7:30am,GBP,MPC Member Pill Speaks,Non-economic,,,,2025-05-22 07:30:00
2025-05-22,7:30am,USD,Unemployment Claims,High,227K,230K,229K,2025-05-22 07:30:00
2025-05-22,7:55am,EUR,Belgian NBB Business Climate,Non-economic,-13.5,-13.9,-14.7,2025-05-22 07:55:00
2025-05-22,8:30am,EUR,German Buba President Nagel Speaks,Non-economic,,,,2025-05-22 08:30:00
2025-05-22,8:45am,USD,Flash Manufacturing PMI,High,52.3,49.9,50.2,2025-05-22 08:45:00
2025-05-22,8:45am,USD,Flash Services PMI,High,52.3,51.0,50.8,2025-05-22 08:45:00
2025-05-22,9:00am,USD,Existing Home Sales,Medium,4.00M,4.15M,4.02M,2025-05-22 09:00:00
2025-05-22,9:30am,USD,Natural Gas Storage,Non-economic,120B,118B,110B,2025-05-22 09:30:00
2025-05-22,1:00pm,USD,FOMC Member Williams Speaks,Non-economic,,,,2025-05-22 13:00:00
2025-05-22,1:30pm,CAD,BOC Gov Macklem Speaks,High,,,,2025-05-22 13:30:00
2025-05-22,2:15pm,CAD,Gov Council Member Gravelle Speaks,Non-economic,,,,2025-05-22 14:15:00
2025-05-22,5:45pm,NZD,Retail Sales q/q,Medium,0.8%,0.0%,1.0%,2025-05-22 17:45:00
2025-05-22,5:45pm,NZD,Core Retail Sales q/q,Non-economic,0.4%,0.7%,1.4%,2025-05-22 17:45:00
2025-05-22,6:01pm,GBP,GfK Consumer Confidence,Non-economic,-20,-22,-23,2025-05-22 18:01:00
2025-05-22,6:30pm,JPY,National Core CPI y/y,Non-economic,3.5%,3.4%,3.2%,2025-05-22 18:30:00
2025-05-23,1:00am,EUR,German Final GDP q/q,Non-economic,0.4%,0.2%,0.2%,2025-05-23 01:00:00
2025-05-23,1:00am,GBP,Retail Sales m/m,High,1.2%,0.3%,0.1%,2025-05-23 01:00:00
2025-05-23,6:03am,CNY,Foreign Direct Investment ytd/y,Non-economic,-10.9%,,-10.8%,2025-05-23 06:03:00
2025-05-23,7:30am,CAD,Core Retail Sales m/m,High,-0.7%,-0.1%,0.6%,2025-05-23 07:30:00
2025-05-23,7:30am,CAD,Retail Sales m/m,High,0.8%,0.6%,-0.5%,2025-05-23 07:30:00
2025-05-23,7:30am,CAD,Corporate Profits q/q,Non-economic,2.7%,,2.1%,2025-05-23 07:30:00
2025-05-23,8:35am,USD,FOMC Member Musalem Speaks,Non-economic,,,,2025-05-23 08:35:00
2025-05-23,8:35am,USD,FOMC Member Schmid Speaks,Non-economic,,,,2025-05-23 08:35:00
2025-05-23,9:00am,USD,New Home Sales,Medium,743K,694K,670K,2025-05-23 09:00:00
2025-05-23,11:00am,USD,FOMC Member Cook Speaks,Non-economic,,,,2025-05-23 11:00:00
2025-05-25,1:40pm,USD,Fed Chairman Powell Speaks,Medium,,,,2025-05-25 13:40:00
2025-05-26,All Day,GBP,Bank Holiday,Low,,,,2025-05-26 00:00:00
2025-05-26,All Day,USD,Bank Holiday,Low,,,,2025-05-26 00:00:00
2025-05-26,8:20am,EUR,ECB President Lagarde Speaks,Medium,,,,2025-05-26 08:20:00
2025-05-26,8:30am,EUR,German Buba President Nagel Speaks,Non-economic,,,,2025-05-26 08:30:00
2025-05-26,6:01pm,GBP,BRC Shop Price Index y/y,Non-economic,-0.1%,-0.1%,-0.1%,2025-05-26 18:01:00
2025-05-26,6:50pm,JPY,SPPI y/y,Non-economic,3.1%,3.0%,3.3%,2025-05-26 18:50:00
2025-05-26,7:00pm,JPY,BOJ Gov Ueda Speaks,High,,,,2025-05-26 19:00:00
2025-05-27,12:02am,JPY,BOJ Core CPI y/y,Non-economic,2.4%,2.3%,2.2%,2025-05-27 00:02:00
2025-05-27,1:00am,CHF,Trade Balance,Non-economic,6.36B,5.55B,6.29B,2025-05-27 01:00:00
2025-05-27,1:00am,EUR,German GfK Consumer Climate,Non-economic,-19.9,-19.9,-20.8,2025-05-27 01:00:00
2025-05-27,1:45am,EUR,French Prelim CPI m/m,Non-economic,-0.1%,0.1%,0.6%,2025-05-27 01:45:00
2025-05-27,3:00am,AUD,RBA Deputy Gov Hauser Speaks,Non-economic,,,,2025-05-27 03:00:00
2025-05-27,3:00am,USD,FOMC Member Kashkari Speaks,Non-economic,,,,2025-05-27 03:00:00
2025-05-27,5:00am,GBP,CBI Realized Sales,Non-economic,-27,-18,-8,2025-05-27 05:00:00
2025-05-27,7:30am,USD,Core Durable Goods Orders m/m,Medium,0.2%,-0.1%,-0.4%,2025-05-27 07:30:00
2025-05-27,7:30am,USD,Durable Goods Orders m/m,Medium,-6.3%,-7.6%,7.5%,2025-05-27 07:30:00
2025-05-27,8:00am,USD,HPI m/m,Non-economic,-0.1%,0.1%,0.0%,2025-05-27 08:00:00
2025-05-27,8:00am,USD,S&P/CS Composite-20 HPI y/y,Non-economic,4.1%,4.5%,4.5%,2025-05-27 08:00:00
2025-05-27,9:00am,USD,CB Consumer Confidence,Medium,98.0,87.1,85.7,2025-05-27 09:00:00
2025-05-27,11:00am,EUR,German Buba President Nagel Speaks,Non-economic,,,,2025-05-27 11:00:00
2025-05-27,11:20am,CHF,SNB Chairman Schlegel Speaks,Medium,,,,2025-05-27 11:20:00
2025-05-27,7:00pm,USD,FOMC Member Williams Speaks,Non-economic,,,,2025-05-27 19:00:00
2025-05-27,8:30pm,AUD,CPI y/y,High,2.4%,2.3%,2.4%,2025-05-27 20:30:00
2025-05-27,8:30pm,AUD,Construction Work Done q/q,Non-economic,0.0%,0.5%,0.9%,2025-05-27 20:30:00
2025-05-27,9:00pm,NZD,Official Cash Rate,High,3.25%,3.25%,3.50%,2025-05-27 21:00:00
2025-05-27,9:00pm,NZD,RBNZ Monetary Policy Statement,High,,,,2025-05-27 21:00:00
2025-05-27,9:00pm,NZD,RBNZ Rate Statement,High,,,,2025-05-27 21:00:00
2025-05-27,9:10pm,GBP,MPC Member Lombardelli Speaks,Non-economic,,,,2025-05-27 21:10:00
2025-05-27,9:10pm,USD,FOMC Member Waller Speaks,Medium,,,,2025-05-27 21:10:00
2025-05-27,10:00pm,NZD,RBNZ Press Conference,High,,,,2025-05-27 22:00:00
2025-05-28,1:00am,EUR,German Import Prices m/m,Non-economic,-1.7%,-1.4%,-1.0%,2025-05-28 01:00:00
2025-05-28,1:45am,EUR,French Consumer Spending m/m,Non-economic,0.3%,0.8%,-1.1%,2025-05-28 01:45:00
2025-05-28,1:45am,EUR,French Final Private Payrolls q/q,Non-economic,-0.1%,0.0%,0.0%,2025-05-28 01:45:00
2025-05-28,1:45am,EUR,French Prelim GDP q/q,Non-economic,0.1%,0.1%,0.1%,2025-05-28 01:45:00
2025-05-28,2:55am,EUR,German Unemployment Change,Non-economic,34K,12K,6K,2025-05-28 02:55:00
2025-05-28,3:00am,CHF,UBS Economic Expectations,Non-economic,-22.0,,-51.6,2025-05-28 03:00:00
2025-05-28,3:00am,USD,FOMC Member Kashkari Speaks,Non-economic,,,,2025-05-28 03:00:00
2025-05-28,All Day,All,OPEC-JMMC Meetings,Medium,,,,2025-05-28 00:00:00
2025-05-28,8:00am,CNY,CB Leading Index m/m,Non-economic,-0.3%,,-0.3%,2025-05-28 08:00:00
2025-05-28,8:59am,USD,Richmond Manufacturing Index,Medium,-9,-9,-13,2025-05-28 08:59:00
2025-05-28,1:00pm,USD,FOMC Meeting Minutes,High,,,,2025-05-28 13:00:00
2025-05-28,3:30pm,USD,API Weekly Statistical Bulletin,Non-economic,,,,2025-05-28 15:30:00
2025-05-28,4:10pm,NZD,RBNZ Gov Hawkesby Speaks,Medium,,,,2025-05-28 16:10:00
2025-05-28,8:00pm,NZD,ANZ Business Confidence,Non-economic,36.6,,49.3,2025-05-28 20:00:00
2025-05-28,8:30pm,AUD,Private Capital Expenditure q/q,Non-economic,-0.1%,0.5%,0.2%,2025-05-28 20:30:00
2025-05-29,12:00am,JPY,Consumer Confidence,Non-economic,32.8,31.8,31.2,2025-05-29 00:00:00
2025-05-29,All Day,CHF,Bank Holiday,Low,,,,2025-05-29 00:00:00
2025-05-29,All Day,EUR,French Bank Holiday,Low,,,,2025-05-29 00:00:00
2025-05-29,All Day,EUR,German Bank Holiday,Low,,,,2025-05-29 00:00:00
2025-05-29,4:00am,GBP,MPC Member Breeden Speaks,Non-economic,,,,2025-05-29 04:00:00
2025-05-29,4:11am,EUR,Italian 10-y Bond Auction,Non-economic,3.57|1.5,,3.62|1.6,2025-05-29 04:11:00
2025-05-29,7:30am,CAD,Current Account,Non-economic,-2.1B,-3.4B,-3.6B,2025-05-29 07:30:00
2025-05-29,7:30am,USD,Prelim GDP q/q,High,-0.2%,-0.3%,-0.3%,2025-05-29 07:30:00
2025-05-29,7:30am,USD,Unemployment Claims,High,240K,229K,226K,2025-05-29 07:30:00
2025-05-29,7:30am,USD,Prelim GDP Price Index q/q,Medium,3.7%,3.7%,3.7%,2025-05-29 07:30:00
2025-05-29,7:30am,USD,FOMC Member Barkin Speaks,Non-economic,,,,2025-05-29 07:30:00
2025-05-29,9:00am,USD,Pending Home Sales m/m,Medium,-6.3%,-0.9%,5.5%,2025-05-29 09:00:00
2025-05-29,9:30am,USD,Natural Gas Storage,Non-economic,101B,98B,120B,2025-05-29 09:30:00
2025-05-29,9:40am,USD,FOMC Member Goolsbee Speaks,Non-economic,,,,2025-05-29 09:40:00
2025-05-29,10:00am,GBP,BOE Gov Bailey Speaks,High,,,,2025-05-29 10:00:00
2025-05-29,11:00am,USD,Crude Oil Inventories,Non-economic,-2.8M,0.3M,1.3M,2025-05-29 11:00:00
2025-05-29,1:00pm,USD,FOMC Member Kugler Speaks,Non-economic,,,,2025-05-29 13:00:00
2025-05-29,3:00pm,USD,FOMC Member Daly Speaks,Non-economic,,,,2025-05-29 15:00:00
2025-05-29,5:45pm,NZD,Building Consents m/m,Non-economic,-15.6%,,10.7%,2025-05-29 17:45:00
2025-05-29,6:30pm,JPY,Tokyo Core CPI y/y,Medium,3.6%,3.5%,3.4%,2025-05-29 18:30:00
2025-05-29,6:30pm,JPY,Unemployment Rate,Non-economic,2.5%,2.5%,2.5%,2025-05-29 18:30:00
2025-05-29,6:50pm,JPY,Prelim Industrial Production m/m,Non-economic,-0.9%,-1.4%,0.2%,2025-05-29 18:50:00
2025-05-29,6:50pm,JPY,Retail Sales y/y,Non-economic,3.3%,2.9%,3.1%,2025-05-29 18:50:00
2025-05-29,7:25pm,USD,FOMC Member Logan Speaks,Non-economic,,,,2025-05-29 19:25:00
2025-05-29,8:30pm,AUD,Retail Sales m/m,Medium,-0.1%,0.3%,0.3%,2025-05-29 20:30:00
2025-05-29,8:30pm,AUD,Building Approvals m/m,Non-economic,-5.7%,3.1%,-7.1%,2025-05-29 20:30:00
2025-05-29,8:30pm,AUD,Private Sector Credit m/m,Non-economic,0.7%,0.5%,0.5%,2025-05-29 20:30:00
2025-05-30,12:00am,JPY,Housing Starts y/y,Non-economic,-26.6%,-18.2%,39.1%,2025-05-30 00:00:00
2025-05-30,1:00am,EUR,German Retail Sales m/m,Non-economic,-1.1%,0.2%,0.9%,2025-05-30 01:00:00
2025-05-30,All Day,EUR,German Prelim CPI m/m,High,0.1%,0.1%,0.4%,2025-05-30 00:00:00
2025-05-30,2:00am,CHF,KOF Economic Barometer,Non-economic,98.5,98.3,97.1,2025-05-30 02:00:00
2025-05-30,2:00am,EUR,Spanish Flash CPI y/y,Medium,1.9%,2.1%,2.2%,2025-05-30 02:00:00
2025-05-30,3:00am,EUR,M3 Money Supply y/y,Non-economic,3.9%,3.7%,3.7%,2025-05-30 03:00:00
2025-05-30,3:00am,EUR,Private Loans y/y,Non-economic,1.9%,1.8%,1.7%,2025-05-30 03:00:00
2025-05-30,4:02am,EUR,Italian Prelim CPI m/m,Non-economic,0.0%,0.1%,0.1%,2025-05-30 04:02:00
2025-05-30,7:30am,CAD,GDP m/m,High,0.1%,0.1%,-0.2%,2025-05-30 07:30:00
2025-05-30,7:30am,USD,Core PCE Price Index m/m,High,0.1%,0.1%,0.1%,2025-05-30 07:30:00
2025-05-30,7:30am,USD,Goods Trade Balance,Non-economic,-87.6B,-142.8B,-163.2B,2025-05-30 07:30:00
2025-05-30,7:30am,USD,Personal Income m/m,Non-economic,0.8%,0.3%,0.7%,2025-05-30 07:30:00
2025-05-30,7:30am,USD,Personal Spending m/m,Non-economic,0.2%,0.2%,0.7%,2025-05-30 07:30:00
2025-05-30,7:30am,USD,Prelim Wholesale Inventories m/m,Non-economic,0.0%,0.4%,0.5%,2025-05-30 07:30:00
2025-05-30,8:45am,USD,Chicago PMI,Non-economic,40.5,45.1,44.6,2025-05-30 08:45:00
2025-05-30,9:00am,USD,Revised UoM Consumer Sentiment,Medium,52.2,51.1,50.8,2025-05-30 09:00:00
2025-05-30,9:00am,USD,Revised UoM Inflation Expectations,Non-economic,6.6%,,7.3%,2025-05-30 09:00:00
2025-05-30,11:20am,USD,FOMC Member Bostic Speaks,Non-economic,,,,2025-05-30 11:20:00
2025-05-30,6:30pm,USD,FOMC Member Goolsbee Speaks,Non-economic,,,,2025-05-30 18:30:00
2025-05-30,8:30pm,CNY,Manufacturing PMI,High,49.5,49.5,49.0,2025-05-30 20:30:00
2025-05-30,8:30pm,CNY,Non-Manufacturing PMI,Medium,50.3,50.6,50.4,2025-05-30 20:30:00
2025-06-01,All Day,NZD,Bank Holiday,Low,,,,2025-06-01 00:00:00
2025-06-01,6:50pm,JPY,Capital Spending q/y,Non-economic,6.4%,3.8%,-0.2%,2025-06-01 18:50:00
2025-06-01,7:00pm,USD,FOMC Member Waller Speaks,Medium,,,,2025-06-01 19:00:00
2025-06-01,All Day,CNY,Bank Holiday,Low,,,,2025-06-01 00:00:00
2025-06-01,7:30pm,JPY,Final Manufacturing PMI,Non-economic,49.4,49.0,49.0,2025-06-01 19:30:00
2025-06-01,8:00pm,AUD,MI Inflation Gauge m/m,Non-economic,-0.4%,,0.6%,2025-06-01 20:00:00
2025-06-01,8:30pm,AUD,ANZ Job Advertisements m/m,Non-economic,-1.2%,,-0.3%,2025-06-01 20:30:00
2025-06-02,1:00am,GBP,Nationwide HPI m/m,Non-economic,0.5%,0.0%,-0.6%,2025-06-02 01:00:00
2025-06-02,All Day,EUR,Italian Bank Holiday,Low,,,,2025-06-02 00:00:00
2025-06-02,1:30am,AUD,Commodity Prices y/y,Non-economic,-7.7%,,-7.1%,2025-06-02 01:30:00
2025-06-02,1:30am,CHF,Retail Sales y/y,Non-economic,1.3%,2.5%,2.1%,2025-06-02 01:30:00
2025-06-02,2:00am,CHF,GDP q/q,Medium,0.5%,0.4%,0.3%,2025-06-02 02:00:00
2025-06-02,2:15am,EUR,Spanish Manufacturing PMI,Non-economic,50.5,48.3,48.1,2025-06-02 02:15:00
2025-06-02,2:30am,CHF,Manufacturing PMI,Non-economic,42.1,48.1,45.8,2025-06-02 02:30:00
2025-06-02,2:45am,EUR,Italian Manufacturing PMI,Non-economic,49.2,49.5,49.3,2025-06-02 02:45:00
2025-06-02,2:50am,EUR,French Final Manufacturing PMI,Non-economic,49.8,49.5,49.5,2025-06-02 02:50:00
2025-06-02,2:55am,EUR,German Final Manufacturing PMI,Non-economic,48.3,48.8,48.8,2025-06-02 02:55:00
2025-06-02,3:00am,EUR,Final Manufacturing PMI,Non-economic,49.4,49.4,49.4,2025-06-02 03:00:00
2025-06-02,3:30am,GBP,Final Manufacturing PMI,Non-economic,46.4,45.1,45.1,2025-06-02 03:30:00
2025-06-02,3:30am,GBP,M4 Money Supply m/m,Non-economic,0.0%,0.2%,0.3%,2025-06-02 03:30:00
2025-06-02,3:30am,GBP,Mortgage Approvals,Non-economic,60K,65K,64K,2025-06-02 03:30:00
2025-06-02,3:30am,GBP,Net Lending to Individuals m/m,Non-economic,0.8B,2.8B,14.1B,2025-06-02 03:30:00
2025-06-02,8:30am,CAD,Manufacturing PMI,Non-economic,46.1,,45.3,2025-06-02 08:30:00
2025-06-02,8:45am,USD,Final Manufacturing PMI,Non-economic,52.0,52.3,52.3,2025-06-02 08:45:00
2025-06-02,9:00am,USD,ISM Manufacturing PMI,High,48.5,49.3,48.7,2025-06-02 09:00:00
2025-06-02,9:00am,USD,ISM Manufacturing Prices,Medium,69.4,70.2,69.8,2025-06-02 09:00:00
2025-06-02,9:00am,USD,Construction Spending m/m,Non-economic,-0.4%,0.4%,-0.8%,2025-06-02 09:00:00
2025-06-02,9:15am,USD,FOMC Member Logan Speaks,Non-economic,,,,2025-06-02 09:15:00
2025-06-02,11:45am,USD,FOMC Member Goolsbee Speaks,Non-economic,,,,2025-06-02 11:45:00
2025-06-02,11:59am,GBP,MPC Member Mann Speaks,Non-economic,,,,2025-06-02 11:59:00
2025-06-02,12:00pm,GBP,MPC Member Greene Speaks,Non-economic,,,,2025-06-02 12:00:00
2025-06-02,12:00pm,USD,Fed Chairman Powell Speaks,High,,,,2025-06-02 12:00:00
2025-06-02,5:45pm,NZD,Overseas Trade Index q/q,Non-economic,1.9%,3.6%,3.2%,2025-06-02 17:45:00
2025-06-02,6:50pm,JPY,Monetary Base y/y,Non-economic,-3.4%,-4.2%,-4.8%,2025-06-02 18:50:00
2025-06-02,8:30pm,AUD,Monetary Policy Meeting Minutes,Medium,,,,2025-06-02 20:30:00
2025-06-02,8:30pm,AUD,Company Operating Profits q/q,Non-economic,-0.5%,1.2%,6.0%,2025-06-02 20:30:00
2025-06-02,8:30pm,AUD,Current Account,Non-economic,-14.7B,-12.4B,-16.3B,2025-06-02 20:30:00
2025-06-02,8:45pm,CNY,RatingDog Manufacturing PMI,Non-economic,48.3,50.7,50.4,2025-06-02 20:45:00
2025-06-02,10:05pm,AUD,RBA Assist Gov Hunter Speaks,Non-economic,,,,2025-06-02 22:05:00
2025-06-02,10:35pm,JPY,10-y Bond Auction,Non-economic,1.51|3.7,,1.27|2.5,2025-06-02 22:35:00
2025-06-03,1:30am,CHF,CPI m/m,High,0.1%,0.1%,0.0%,2025-06-03 01:30:00
2025-06-03,1:45am,EUR,French Gov Budget Balance,Non-economic,-69.3B,,-47.0B,2025-06-03 01:45:00
2025-06-03,2:00am,EUR,Spanish Unemployment Change,Non-economic,-57.8K,-68.5K,-67.4K,2025-06-03 02:00:00
2025-06-03,2:50am,JPY,BOJ Gov Ueda Speaks,High,,,,2025-06-03 02:50:00
2025-06-03,3:00am,EUR,Italian Monthly Unemployment Rate,Non-economic,5.9%,6.1%,6.1%,2025-06-03 03:00:00
2025-06-03,4:00am,EUR,Core CPI Flash Estimate y/y,Medium,2.3%,2.4%,2.7%,2025-06-03 04:00:00
2025-06-03,4:00am,EUR,CPI Flash Estimate y/y,Medium,1.9%,2.0%,2.2%,2025-06-03 04:00:00
2025-06-03,4:00am,EUR,Unemployment Rate,Non-economic,6.2%,6.2%,6.3%,2025-06-03 04:00:00
2025-06-03,4:15am,GBP,Monetary Policy Report Hearings,Medium,,,,2025-06-03 04:15:00
2025-06-03,9:00am,USD,JOLTS Job Openings,High,7.39M,7.11M,7.20M,2025-06-03 09:00:00
2025-06-03,9:00am,USD,Factory Orders m/m,Non-economic,-3.7%,-3.1%,3.4%,2025-06-03 09:00:00
2025-06-03,9:04am,USD,RCM/TIPP Economic Optimism,Non-economic,49.2,49.1,47.9,2025-06-03 09:04:00
2025-06-03,9:40am,NZD,GDT Price Index,Non-economic,-1.6%,,-0.9%,2025-06-03 09:40:00
2025-06-03,11:15am,CHF,Gov Board Member Tschudin Speaks,Non-economic,,,,2025-06-03 11:15:00
2025-06-03,11:45am,USD,FOMC Member Goolsbee Speaks,Non-economic,,,,2025-06-03 11:45:00
2025-06-03,12:00pm,USD,FOMC Member Cook Speaks,Non-economic,,,,2025-06-03 12:00:00
2025-06-03,2:30pm,USD,FOMC Member Logan Speaks,Non-economic,,,,2025-06-03 14:30:00
2025-06-03,3:30pm,USD,API Weekly Statistical Bulletin,Non-economic,,,,2025-06-03 15:30:00
2025-06-03,All Day,USD,Wards Total Vehicle Sales,Non-economic,15.7M,16.0M,17.3M,2025-06-03 00:00:00
2025-06-03,8:30pm,AUD,GDP q/q,High,0.2%,0.4%,0.6%,2025-06-03 20:30:00
2025-06-04,2:15am,EUR,Spanish Services PMI,Non-economic,51.3,52.8,53.4,2025-06-04 02:15:00
2025-06-04,2:45am,EUR,Italian Services PMI,Non-economic,53.2,52.1,52.9,2025-06-04 02:45:00
2025-06-04,2:50am,EUR,French Final Services PMI,Non-economic,48.9,47.4,47.4,2025-06-04 02:50:00
2025-06-04,2:55am,EUR,German Final Services PMI,Non-economic,47.1,47.2,47.2,2025-06-04 02:55:00
2025-06-04,3:00am,EUR,Final Services PMI,Non-economic,49.7,48.9,48.9,2025-06-04 03:00:00
2025-06-04,3:30am,GBP,Final Services PMI,Non-economic,50.9,50.2,50.2,2025-06-04 03:30:00
2025-06-04,7:15am,USD,ADP Non-Farm Employment Change,High,37K,111K,60K,2025-06-04 07:15:00
2025-06-04,7:30am,CAD,Labor Productivity q/q,Non-economic,0.2%,0.2%,1.2%,2025-06-04 07:30:00
2025-06-04,7:30am,USD,FOMC Member Bostic Speaks,Non-economic,,,,2025-06-04 07:30:00
2025-06-04,7:30am,USD,FOMC Member Cook Speaks,Non-economic,,,,2025-06-04 07:30:00
2025-06-04,8:45am,CAD,BOC Rate Statement,High,,,,2025-06-04 08:45:00
2025-06-04,8:45am,CAD,Overnight Rate,High,2.75%,2.75%,2.75%,2025-06-04 08:45:00
2025-06-04,8:45am,USD,Final Services PMI,Non-economic,53.7,52.3,52.3,2025-06-04 08:45:00
2025-06-04,9:00am,USD,ISM Services PMI,High,49.9,52.0,51.6,2025-06-04 09:00:00
2025-06-04,9:30am,CAD,BOC Press Conference,High,,,,2025-06-04 09:30:00
2025-06-04,9:30am,USD,Crude Oil Inventories,Non-economic,-4.3M,-2.9M,-2.8M,2025-06-04 09:30:00
2025-06-04,1:00pm,USD,Beige Book,Non-economic,,,,2025-06-04 13:00:00
2025-06-04,6:30pm,JPY,Average Cash Earnings y/y,Non-economic,2.3%,2.6%,2.3%,2025-06-04 18:30:00
2025-06-04,8:00pm,NZD,ANZ Commodity Prices m/m,Non-economic,1.9%,,0.0%,2025-06-04 20:00:00
2025-06-04,8:30pm,AUD,Goods Trade Balance,Non-economic,5.41B,5.96B,6.89B,2025-06-04 20:30:00
2025-06-04,8:30pm,AUD,Household Spending m/m,Non-economic,0.1%,0.2%,-0.1%,2025-06-04 20:30:00
2025-06-04,8:45pm,CNY,RatingDog Services PMI,Non-economic,51.1,51.0,50.7,2025-06-04 20:45:00
2025-06-04,10:35pm,JPY,30-y Bond Auction,Non-economic,2.90|2.9,,2.94|3.1,2025-06-04 22:35:00
2025-06-05,1:00am,EUR,German Factory Orders m/m,Non-economic,0.6%,-1.5%,3.4%,2025-06-05 01:00:00
2025-06-05,2:00am,CHF,Unemployment Rate,Non-economic,2.9%,2.8%,2.8%,2025-06-05 02:00:00
2025-06-05,2:45am,GBP,MPC Member Greene Speaks,Non-economic,,,,2025-06-05 02:45:00
2025-06-05,3:00am,EUR,Italian Retail Sales m/m,Non-economic,0.7%,0.4%,-0.4%,2025-06-05 03:00:00
2025-06-05,3:30am,GBP,Construction PMI,Medium,47.9,47.4,46.6,2025-06-05 03:30:00
2025-06-05,3:30am,GBP,MPC Member Breeden Speaks,Non-economic,,,,2025-06-05 03:30:00
2025-06-05,3:59am,EUR,French 10-y Bond Auction,Non-economic,3.17|2.8,,3.24|2.8,2025-06-05 03:59:00
2025-06-05,4:00am,EUR,PPI m/m,Non-economic,-2.2%,-1.8%,-1.7%,2025-06-05 04:00:00
2025-06-05,6:30am,USD,Challenger Job Cuts y/y,Non-economic,47.0%,,62.7%,2025-06-05 06:30:00
2025-06-05,7:15am,EUR,Main Refinancing Rate,High,2.15%,2.15%,2.40%,2025-06-05 07:15:00
2025-06-05,7:15am,EUR,Monetary Policy Statement,High,,,,2025-06-05 07:15:00
2025-06-05,7:30am,CAD,Trade Balance,Non-economic,-7.1B,-1.4B,-2.3B,2025-06-05 07:30:00
2025-06-05,7:30am,USD,Unemployment Claims,High,247K,236K,239K,2025-06-05 07:30:00
2025-06-05,7:30am,USD,Revised Nonfarm Productivity q/q,Non-economic,-1.5%,-0.8%,-0.8%,2025-06-05 07:30:00
2025-06-05,7:30am,USD,Revised Unit Labor Costs q/q,Non-economic,6.6%,5.7%,5.7%,2025-06-05 07:30:00
2025-06-05,7:30am,USD,Trade Balance,Non-economic,-61.6B,-67.6B,-138.3B,2025-06-05 07:30:00
2025-06-05,7:45am,EUR,ECB Press Conference,High,,,,2025-06-05 07:45:00
2025-06-05,9:00am,CAD,Ivey PMI,Medium,48.9,48.3,47.9,2025-06-05 09:00:00
2025-06-05,9:30am,USD,Natural Gas Storage,Non-economic,122B,111B,101B,2025-06-05 09:30:00
2025-06-05,11:00am,USD,FOMC Member Kugler Speaks,Non-economic,,,,2025-06-05 11:00:00
2025-06-05,11:20am,CAD,Gov Council Member Kozicki Speaks,Non-economic,,,,2025-06-05 11:20:00
2025-06-05,12:30pm,USD,FOMC Member Harker Speaks,Non-economic,,,,2025-06-05 12:30:00
2025-06-05,12:30pm,USD,FOMC Member Schmid Speaks,Non-economic,,,,2025-06-05 12:30:00
2025-06-05,3:00pm,USD,Treasury Currency Report,Medium,,,,2025-06-05 15:00:00
2025-06-05,6:30pm,JPY,Household Spending y/y,Non-economic,-0.1%,1.5%,2.1%,2025-06-05 18:30:00
2025-06-06,12:00am,JPY,Leading Indicators,Non-economic,103.4%,104.0%,108.1%,2025-06-06 00:00:00
2025-06-06,1:00am,EUR,German Industrial Production m/m,Non-economic,-1.4%,-0.9%,2.3%,2025-06-06 01:00:00
2025-06-06,1:00am,EUR,German Trade Balance,Non-economic,14.6B,20.2B,21.3B,2025-06-06 01:00:00
2025-06-06,1:00am,GBP,Halifax HPI m/m,Non-economic,-0.4%,0.4%,0.3%,2025-06-06 01:00:00
2025-06-06,1:45am,EUR,French Industrial Production m/m,Non-economic,-1.4%,0.0%,0.1%,2025-06-06 01:45:00
2025-06-06,1:45am,EUR,French Trade Balance,Non-economic,-8.0B,-6.0B,-6.3B,2025-06-06 01:45:00
2025-06-06,2:00am,CHF,Foreign Currency Reserves,Non-economic,704B,,703B,2025-06-06 02:00:00
2025-06-06,4:00am,EUR,Final Employment Change q/q,Non-economic,0.2%,0.3%,0.3%,2025-06-06 04:00:00
2025-06-06,4:00am,EUR,Retail Sales m/m,Non-economic,0.1%,0.2%,0.4%,2025-06-06 04:00:00
2025-06-06,4:00am,EUR,Revised GDP q/q,Non-economic,0.6%,0.4%,0.3%,2025-06-06 04:00:00
2025-06-06,7:30am,CAD,Employment Change,High,8.8K,-11.9K,7.4K,2025-06-06 07:30:00
2025-06-06,7:30am,CAD,Unemployment Rate,High,7.0%,7.0%,6.9%,2025-06-06 07:30:00
2025-06-06,7:30am,USD,Average Hourly Earnings m/m,High,0.4%,0.3%,0.2%,2025-06-06 07:30:00
2025-06-06,7:30am,USD,Non-Farm Employment Change,High,139K,126K,147K,2025-06-06 07:30:00
2025-06-06,7:30am,USD,Unemployment Rate,High,4.2%,4.2%,4.2%,2025-06-06 07:30:00
2025-06-06,9:00am,USD,FOMC Member Bowman Speaks,Non-economic,,,,2025-06-06 09:00:00
2025-06-06,12:00pm,USD,FOMC Member Harker Speaks,Non-economic,,,,2025-06-06 12:00:00
2025-06-06,2:00pm,USD,Consumer Credit m/m,Non-economic,17.9B,11.3B,8.6B,2025-06-06 14:00:00
2025-06-07,2:30am,EUR,ECB President Lagarde Speaks,Medium,,,,2025-06-07 02:30:00
2025-06-07,4:40am,GBP,MPC Member Greene Speaks,Non-economic,,,,2025-06-07 04:40:00
2025-06-08,All Day,AUD,Bank Holiday,Low,,,,2025-06-08 00:00:00
2025-06-08,5:45pm,NZD,Manufacturing Sales q/q,Non-economic,5.1%,,3.0%,2025-06-08 17:45:00
2025-06-08,6:50pm,JPY,Bank Lending y/y,Non-economic,2.4%,2.3%,2.3%,2025-06-08 18:50:00
2025-06-08,6:50pm,JPY,Current Account,Non-economic,2.31T,2.59T,2.72T,2025-06-08 18:50:00
2025-06-08,6:50pm,JPY,Final GDP Price Index y/y,Non-economic,3.3%,3.3%,3.3%,2025-06-08 18:50:00
2025-06-08,6:50pm,JPY,Final GDP q/q,Non-economic,0.0%,-0.2%,-0.2%,2025-06-08 18:50:00
2025-06-08,8:30pm,CNY,CPI y/y,Medium,-0.1%,-0.2%,-0.1%,2025-06-08 20:30:00
2025-06-08,8:30pm,CNY,PPI y/y,Medium,-3.3%,-3.1%,-2.7%,2025-06-08 20:30:00
2025-06-08,10:01pm,CNY,Trade Balance,Non-economic,744B,710B,690B,2025-06-08 22:01:00
2025-06-08,10:03pm,CNY,USD-Denominated Trade Balance,Non-economic,103.2B,101.1B,96.2B,2025-06-08 22:03:00
2025-06-09,12:00am,JPY,Economy Watchers Sentiment,Non-economic,44.4,43.8,42.6,2025-06-09 00:00:00
2025-06-09,All Day,CHF,Bank Holiday,Low,,,,2025-06-09 00:00:00
2025-06-09,All Day,EUR,French Bank Holiday,Low,,,,2025-06-09 00:00:00
2025-06-09,All Day,EUR,German Bank Holiday,Low,,,,2025-06-09 00:00:00
2025-06-09,9:00am,USD,Final Wholesale Inventories m/m,Non-economic,0.2%,0.0%,0.0%,2025-06-09 09:00:00
2025-06-09,6:01pm,GBP,BRC Retail Sales Monitor y/y,Non-economic,0.6%,2.7%,6.8%,2025-06-09 18:01:00
2025-06-09,6:50pm,JPY,M2 Money Stock y/y,Non-economic,0.6%,0.6%,0.5%,2025-06-09 18:50:00
2025-06-09,7:30pm,AUD,Westpac Consumer Sentiment,Non-economic,0.5%,,2.2%,2025-06-09 19:30:00
2025-06-09,8:30pm,AUD,NAB Business Confidence,Non-economic,2,,-1,2025-06-09 20:30:00
2025-06-10,12:59am,JPY,Prelim Machine Tool Orders y/y,Non-economic,3.4%,,7.7%,2025-06-10 00:59:00
2025-06-10,1:00am,GBP,Average Earnings Index 3m/y,Medium,5.3%,5.5%,5.6%,2025-06-10 01:00:00
2025-06-10,1:00am,GBP,Claimant Count Change,Medium,33.1K,9.5K,-21.2K,2025-06-10 01:00:00
2025-06-10,1:00am,GBP,Unemployment Rate,Non-economic,4.6%,4.6%,4.5%,2025-06-10 01:00:00
2025-06-10,1:59am,CHF,SECO Consumer Climate,Non-economic,-37,-38,-42,2025-06-10 01:59:00
2025-06-10,3:00am,EUR,Italian Industrial Production m/m,Non-economic,1.0%,0.0%,0.0%,2025-06-10 03:00:00
2025-06-10,3:30am,EUR,Sentix Investor Confidence,Non-economic,0.2,-5.3,-8.1,2025-06-10 03:30:00
2025-06-10,5:00am,USD,NFIB Small Business Index,Non-economic,98.8,95.9,95.8,2025-06-10 05:00:00
2025-06-10,3:00pm,USD,President Trump Speaks,Medium,,,,2025-06-10 15:00:00
2025-06-10,3:30pm,USD,API Weekly Statistical Bulletin,Non-economic,,,,2025-06-10 15:30:00
2025-06-10,5:45pm,NZD,Visitor Arrivals m/m,Non-economic,2.3%,,-1.9%,2025-06-10 17:45:00
2025-06-10,6:50pm,JPY,PPI y/y,Non-economic,3.2%,3.5%,4.1%,2025-06-10 18:50:00
2025-06-11,4:07am,GBP,10-y Bond Auction,Non-economic,4.59|2.9,,4.67|3.1,2025-06-11 04:07:00
2025-06-11,4:31am,EUR,German 10-y Bond Auction,Non-economic,2.54|2.7,,2.66|2.4,2025-06-11 04:31:00
2025-06-11,7:30am,CAD,Building Permits m/m,Non-economic,-6.6%,1.9%,-5.3%,2025-06-11 07:30:00
2025-06-11,7:30am,USD,Core CPI m/m,High,0.1%,0.3%,0.2%,2025-06-11 07:30:00
2025-06-11,7:30am,USD,CPI m/m,High,0.1%,0.2%,0.2%,2025-06-11 07:30:00
2025-06-11,7:30am,USD,CPI y/y,High,2.4%,2.5%,2.3%,2025-06-11 07:30:00
2025-06-11,9:30am,USD,Crude Oil Inventories,Non-economic,-3.6M,-2.4M,-4.3M,2025-06-11 09:30:00
2025-06-11,12:01pm,USD,10-y Bond Auction,Non-economic,4.42|2.5,,4.34|2.6,2025-06-11 12:01:00
2025-06-11,12:59pm,USD,Federal Budget Balance,Non-economic,-316.0B,-314.3B,258.4B,2025-06-11 12:59:00
2025-06-11,6:01pm,GBP,RICS House Price Balance,Non-economic,-8%,-3%,-3%,2025-06-11 18:01:00
2025-06-11,6:50pm,JPY,BSI Manufacturing Index,Non-economic,-4.8,0.8,-2.4,2025-06-11 18:50:00
2025-06-11,8:00pm,AUD,MI Inflation Expectations,Non-economic,5.0%,,4.1%,2025-06-11 20:00:00
2025-06-12,1:00am,GBP,GDP m/m,High,-0.3%,-0.1%,0.2%,2025-06-12 01:00:00
2025-06-12,1:00am,GBP,Construction Output m/m,Non-economic,0.9%,0.3%,0.5%,2025-06-12 01:00:00
2025-06-12,1:00am,GBP,Goods Trade Balance,Non-economic,-23.2B,-20.8B,-19.9B,2025-06-12 01:00:00
2025-06-12,1:00am,GBP,Index of Services 3m/3m,Non-economic,0.6%,0.7%,0.7%,2025-06-12 01:00:00
2025-06-12,1:00am,GBP,Industrial Production m/m,Non-economic,-0.6%,-0.4%,-0.7%,2025-06-12 01:00:00
2025-06-12,1:00am,GBP,Manufacturing Production m/m,Non-economic,-0.9%,-0.8%,-0.8%,2025-06-12 01:00:00
2025-06-12,3:00am,EUR,Italian Quarterly Unemployment Rate,Non-economic,6.1%,6.0%,6.1%,2025-06-12 03:00:00
2025-06-12,7:30am,USD,Core PPI m/m,High,0.1%,0.3%,-0.2%,2025-06-12 07:30:00
2025-06-12,7:30am,USD,PPI m/m,High,0.1%,0.2%,-0.2%,2025-06-12 07:30:00
2025-06-12,7:30am,USD,Unemployment Claims,High,248K,242K,248K,2025-06-12 07:30:00
2025-06-12,8:30am,GBP,CB Leading Index m/m,Non-economic,-0.4%,,-0.4%,2025-06-12 08:30:00
2025-06-12,9:30am,USD,Natural Gas Storage,Non-economic,109B,108B,122B,2025-06-12 09:30:00
2025-06-12,12:01pm,USD,30-y Bond Auction,Non-economic,4.84|2.4,,4.82|2.3,2025-06-12 12:01:00
2025-06-12,5:30pm,NZD,BusinessNZ Manufacturing Index,Non-economic,47.5,,53.3,2025-06-12 17:30:00
2025-06-12,11:30pm,JPY,Revised Industrial Production m/m,Non-economic,-1.1%,-1.2%,-0.9%,2025-06-12 23:30:00
2025-06-12,11:30pm,JPY,Tertiary Industry Activity m/m,Non-economic,0.3%,0.2%,-1.0%,2025-06-12 23:30:00
2025-06-13,1:00am,EUR,German Final CPI m/m,Non-economic,0.1%,0.1%,0.1%,2025-06-13 01:00:00
2025-06-13,1:00am,EUR,German WPI m/m,Non-economic,-0.3%,-0.2%,-0.1%,2025-06-13 01:00:00
2025-06-13,1:45am,EUR,French Final CPI m/m,Non-economic,-0.1%,-0.1%,-0.1%,2025-06-13 01:45:00
2025-06-13,3:00am,EUR,Italian Trade Balance,Non-economic,2.48B,2.73B,4.71B,2025-06-13 03:00:00
2025-06-13,3:30am,GBP,Consumer Inflation Expectations,Non-economic,3.2%,,3.4%,2025-06-13 03:30:00
2025-06-13,3:31am,CNY,New Loans,Medium,620B,890B,280B,2025-06-13 03:31:00
2025-06-13,3:31am,CNY,M2 Money Supply y/y,Non-economic,7.9%,8.1%,8.0%,2025-06-13 03:31:00
2025-06-13,4:00am,EUR,Industrial Production m/m,Non-economic,-2.4%,-1.6%,2.4%,2025-06-13 04:00:00
2025-06-13,4:00am,EUR,Trade Balance,Non-economic,14.0B,18.2B,28.8B,2025-06-13 04:00:00
2025-06-13,7:30am,CAD,Capacity Utilization Rate,Non-economic,80.1%,79.6%,79.7%,2025-06-13 07:30:00
2025-06-13,7:30am,CAD,Manufacturing Sales m/m,Non-economic,-2.8%,-2.1%,-1.4%,2025-06-13 07:30:00
2025-06-13,7:30am,CAD,Wholesale Sales m/m,Non-economic,-2.3%,-0.9%,0.0%,2025-06-13 07:30:00
2025-06-13,9:00am,USD,Prelim UoM Consumer Sentiment,High,60.5,53.5,52.2,2025-06-13 09:00:00
2025-06-13,9:00am,USD,Prelim UoM Inflation Expectations,High,5.1%,,6.6%,2025-06-13 09:00:00
2025-06-15,5:30pm,NZD,BusinessNZ Services Index,Non-economic,44.0,,48.1,2025-06-15 17:30:00
2025-06-15,6:01pm,GBP,Rightmove HPI m/m,Non-economic,-0.3%,,0.6%,2025-06-15 18:01:00
2025-06-15,8:30pm,CNY,New Home Prices m/m,Non-economic,-0.22%,,-0.12%,2025-06-15 20:30:00
2025-06-15,9:00pm,CNY,Industrial Production y/y,Medium,5.8%,5.9%,6.1%,2025-06-15 21:00:00
2025-06-15,9:00pm,CNY,Retail Sales y/y,Medium,6.4%,4.9%,5.1%,2025-06-15 21:00:00
2025-06-15,9:00pm,CNY,Fixed Asset Investment ytd/y,Non-economic,3.7%,4.0%,4.0%,2025-06-15 21:00:00
2025-06-15,9:00pm,CNY,NBS Press Conference,Non-economic,,,,2025-06-15 21:00:00
2025-06-15,9:00pm,CNY,Unemployment Rate,Non-economic,5.0%,5.1%,5.1%,2025-06-15 21:00:00
2025-06-16,1:30am,CHF,PPI m/m,Non-economic,-0.5%,0.1%,0.1%,2025-06-16 01:30:00
2025-06-16,2:00am,CHF,SECO Economic Forecasts,Non-economic,,,,2025-06-16 02:00:00
2025-06-16,2:00am,EUR,German Buba President Nagel Speaks,Non-economic,,,,2025-06-16 02:00:00
2025-06-16,Day 1,All,G7 Meetings,Non-economic,,,,2025-06-16 00:00:00
2025-06-16,7:15am,CAD,Housing Starts,Non-economic,280K,248K,280K,2025-06-16 07:15:00
2025-06-16,7:30am,USD,Empire State Manufacturing Index,Medium,-16.0,-5.9,-9.2,2025-06-16 07:30:00
2025-06-16,5:45pm,NZD,FPI m/m,Non-economic,0.5%,,0.8%,2025-06-16 17:45:00
2025-06-16,10:30pm,JPY,BOJ Policy Rate,High,<0.50%,<0.50%,<0.50%,2025-06-16 22:30:00
2025-06-16,10:30pm,JPY,Monetary Policy Statement,High,,,,2025-06-16 22:30:00
2025-06-17,1:30am,JPY,BOJ Press Conference,High,,,,2025-06-17 01:30:00
2025-06-17,Day 2,All,G7 Meetings,Non-economic,,,,2025-06-17 00:00:00
2025-06-17,4:00am,EUR,German ZEW Economic Sentiment,Medium,47.5,34.8,25.2,2025-06-17 04:00:00
2025-06-17,4:00am,EUR,ZEW Economic Sentiment,Non-economic,35.3,23.5,11.6,2025-06-17 04:00:00
2025-06-17,5:00am,EUR,German Buba Monthly Report,Non-economic,,,,2025-06-17 05:00:00
2025-06-17,7:30am,CAD,Foreign Securities Purchases,Non-economic,-9.36B,-2.94B,-4.21B,2025-06-17 07:30:00
2025-06-17,7:30am,USD,Core Retail Sales m/m,High,-0.3%,0.2%,0.0%,2025-06-17 07:30:00
2025-06-17,7:30am,USD,Retail Sales m/m,High,-0.9%,-0.5%,-0.1%,2025-06-17 07:30:00
2025-06-17,7:30am,USD,Import Prices m/m,Non-economic,0.0%,-0.2%,0.1%,2025-06-17 07:30:00
2025-06-17,8:15am,USD,Capacity Utilization Rate,Non-economic,77.4%,77.7%,77.7%,2025-06-17 08:15:00
2025-06-17,8:15am,USD,Industrial Production m/m,Non-economic,-0.2%,0.0%,0.1%,2025-06-17 08:15:00
2025-06-17,9:00am,USD,Business Inventories m/m,Non-economic,0.0%,0.0%,0.1%,2025-06-17 09:00:00
2025-06-17,9:00am,USD,NAHB Housing Market Index,Non-economic,32,36,34,2025-06-17 09:00:00
2025-06-17,10:29am,NZD,GDT Price Index,Non-economic,-1.0%,,-1.6%,2025-06-17 10:29:00
2025-06-17,12:30pm,CAD,BOC Summary of Deliberations,Non-economic,,,,2025-06-17 12:30:00
2025-06-17,3:30pm,USD,API Weekly Statistical Bulletin,Non-economic,,,,2025-06-17 15:30:00
2025-06-17,4:00pm,NZD,Westpac Consumer Sentiment,Non-economic,91.2,,89.2,2025-06-17 16:00:00
2025-06-17,5:45pm,NZD,Current Account,Non-economic,-2.32B,-2.19B,-6.80B,2025-06-17 17:45:00
2025-06-17,6:50pm,JPY,Core Machinery Orders m/m,Non-economic,-9.1%,-9.3%,13.0%,2025-06-17 18:50:00
2025-06-17,6:50pm,JPY,Trade Balance,Non-economic,-0.31T,-0.37T,-0.35T,2025-06-17 18:50:00
2025-06-17,7:30pm,AUD,MI Leading Index m/m,Non-economic,-0.1%,,0.0%,2025-06-17 19:30:00
2025-06-18,1:00am,GBP,CPI y/y,High,3.4%,3.3%,3.5%,2025-06-18 01:00:00
2025-06-18,1:00am,GBP,Core CPI y/y,Non-economic,3.5%,3.5%,3.8%,2025-06-18 01:00:00
2025-06-18,1:00am,GBP,RPI y/y,Non-economic,4.3%,4.2%,4.5%,2025-06-18 01:00:00
2025-06-18,3:00am,EUR,Current Account,Non-economic,19.8B,40.4B,50.9B,2025-06-18 03:00:00
2025-06-18,3:30am,GBP,HPI y/y,Non-economic,3.5%,5.6%,6.4%,2025-06-18 03:30:00
2025-06-18,4:00am,EUR,Final Core CPI y/y,Non-economic,2.3%,2.3%,2.3%,2025-06-18 04:00:00
2025-06-18,4:00am,EUR,Final CPI y/y,Non-economic,1.9%,1.9%,1.9%,2025-06-18 04:00:00
2025-06-18,4:38am,EUR,German 30-y Bond Auction,Non-economic,2.99|2.2,,3.12|2.3,2025-06-18 04:38:00
2025-06-18,7:30am,USD,Unemployment Claims,High,245K,246K,250K,2025-06-18 07:30:00
2025-06-18,7:30am,USD,Building Permits,Non-economic,1.39M,1.42M,1.42M,2025-06-18 07:30:00
2025-06-18,7:30am,USD,Housing Starts,Non-economic,1.26M,1.35M,1.39M,2025-06-18 07:30:00
2025-06-18,9:30am,AUD,CB Leading Index m/m,Non-economic,0.7%,,-0.6%,2025-06-18 09:30:00
2025-06-18,9:30am,USD,Crude Oil Inventories,Non-economic,-11.5M,-2.3M,-3.6M,2025-06-18 09:30:00
2025-06-18,10:15am,CAD,BOC Gov Macklem Speaks,High,,,,2025-06-18 10:15:00
2025-06-18,11:00am,USD,Natural Gas Storage,Non-economic,95B,96B,109B,2025-06-18 11:00:00
2025-06-18,1:00pm,USD,Federal Funds Rate,High,4.50%,4.50%,4.50%,2025-06-18 13:00:00
2025-06-18,1:00pm,USD,FOMC Economic Projections,High,,,,2025-06-18 13:00:00
2025-06-18,1:00pm,USD,FOMC Statement,High,,,,2025-06-18 13:00:00
2025-06-18,1:30pm,USD,FOMC Press Conference,High,,,,2025-06-18 13:30:00
2025-06-18,3:00pm,USD,TIC Long-Term Purchases,Non-economic,-7.8B,142.4B,162.4B,2025-06-18 15:00:00
2025-06-18,5:45pm,NZD,GDP q/q,High,0.8%,0.7%,0.5%,2025-06-18 17:45:00
2025-06-18,8:30pm,AUD,Employment Change,High,-2.5K,20.6K,87.6K,2025-06-18 20:30:00
2025-06-18,8:30pm,AUD,Unemployment Rate,High,4.1%,4.1%,4.1%,2025-06-18 20:30:00
2025-06-18,11:30pm,CHF,SNB Financial Stability Report,Non-economic,,,,2025-06-18 23:30:00
2025-06-19,1:00am,CHF,Trade Balance,Non-economic,3.83B,5.85B,6.33B,2025-06-19 01:00:00
2025-06-19,2:30am,CHF,SNB Monetary Policy Assessment,High,,,,2025-06-19 02:30:00
2025-06-19,2:30am,CHF,SNB Policy Rate,High,0.00%,0.00%,0.25%,2025-06-19 02:30:00
2025-06-19,3:00am,CHF,SNB Press Conference,High,,,,2025-06-19 03:00:00
2025-06-19,3:45am,EUR,Spanish 10-y Bond Auction,Non-economic,3.21|1.7,,3.35|1.9,2025-06-19 03:45:00
2025-06-19,4:00am,EUR,German Buba President Nagel Speaks,Non-economic,,,,2025-06-19 04:00:00
2025-06-19,All Day,EUR,Eurogroup Meetings,Non-economic,,,,2025-06-19 00:00:00
2025-06-19,6:00am,GBP,Monetary Policy Summary,High,,,,2025-06-19 06:00:00
2025-06-19,6:00am,GBP,MPC Official Bank Rate Votes,High,0-3-6,0-2-7,0-7-2,2025-06-19 06:00:00
2025-06-19,6:00am,GBP,Official Bank Rate,High,4.25%,4.25%,4.25%,2025-06-19 06:00:00
2025-06-19,6:00am,GBP,BOE Inflation Letter,Non-economic,,,,2025-06-19 06:00:00
2025-06-19,All Day,USD,Bank Holiday,Low,,,,2025-06-19 00:00:00
2025-06-19,All Day,NZD,Bank Holiday,Low,,,,2025-06-19 00:00:00
2025-06-19,6:01pm,GBP,GfK Consumer Confidence,Non-economic,-18,-19,-20,2025-06-19 18:01:00
2025-06-19,6:30pm,JPY,National Core CPI y/y,Non-economic,3.7%,3.6%,3.5%,2025-06-19 18:30:00
2025-06-19,6:50pm,JPY,Monetary Policy Meeting Minutes,Non-economic,,,,2025-06-19 18:50:00
2025-06-19,8:00pm,CNY,1-y Loan Prime Rate,Medium,3.00%,3.00%,3.00%,2025-06-19 20:00:00
2025-06-19,8:00pm,CNY,5-y Loan Prime Rate,Medium,3.50%,3.50%,3.50%,2025-06-19 20:00:00
2025-06-20,1:00am,EUR,German PPI m/m,Non-economic,-0.2%,-0.3%,-0.6%,2025-06-20 01:00:00
2025-06-20,1:00am,GBP,Retail Sales m/m,High,-2.7%,-0.5%,1.3%,2025-06-20 01:00:00
2025-06-20,1:00am,GBP,Public Sector Net Borrowing,Non-economic,17.7B,17.9B,20.1B,2025-06-20 01:00:00
2025-06-20,1:40am,JPY,BOJ Gov Ueda Speaks,High,,,,2025-06-20 01:40:00
2025-06-20,3:00am,EUR,ECB Economic Bulletin,Non-economic,,,,2025-06-20 03:00:00
2025-06-20,All Day,EUR,ECOFIN Meetings,Non-economic,,,,2025-06-20 00:00:00
2025-06-20,4:08am,CNY,Foreign Direct Investment ytd/y,Non-economic,-13.2%,,-10.9%,2025-06-20 04:08:00
2025-06-20,7:30am,CAD,Core Retail Sales m/m,Medium,-0.3%,-0.2%,-0.8%,2025-06-20 07:30:00
2025-06-20,7:30am,CAD,Retail Sales m/m,Medium,0.3%,0.4%,0.8%,2025-06-20 07:30:00
2025-06-20,7:30am,CAD,IPPI m/m,Non-economic,-0.5%,0.0%,-0.8%,2025-06-20 07:30:00
2025-06-20,7:30am,CAD,NHPI m/m,Non-economic,-0.2%,-0.2%,-0.4%,2025-06-20 07:30:00
2025-06-20,7:30am,CAD,RMPI m/m,Non-economic,-0.4%,-0.8%,-3.3%,2025-06-20 07:30:00
2025-06-20,7:30am,USD,Philly Fed Manufacturing Index,Medium,-4.0,-1.7,-4.0,2025-06-20 07:30:00
2025-06-20,9:00am,EUR,Consumer Confidence,Non-economic,-15,-15,-15,2025-06-20 09:00:00
2025-06-20,9:00am,USD,CB Leading Index m/m,Non-economic,-0.1%,-0.1%,-1.4%,2025-06-20 09:00:00
2025-06-20,10:00am,USD,Fed Monetary Policy Report,Non-economic,,,,2025-06-20 10:00:00
2025-06-21,9:00pm,USD,President Trump Speaks,High,,,,2025-06-21 21:00:00
2025-06-22,12:15pm,USD,FOMC Member Daly Speaks,Non-economic,,,,2025-06-22 12:15:00
2025-06-22,6:00pm,AUD,Flash Manufacturing PMI,Non-economic,51.0,,51.0,2025-06-22 18:00:00
2025-06-22,6:00pm,AUD,Flash Services PMI,Non-economic,51.3,,50.6,2025-06-22 18:00:00
2025-06-22,7:30pm,JPY,Flash Manufacturing PMI,Non-economic,50.4,49.5,49.4,2025-06-22 19:30:00
2025-06-23,2:00am,USD,FOMC Member Waller Speaks,Medium,,,,2025-06-23 02:00:00
2025-06-23,2:15am,EUR,French Flash Manufacturing PMI,High,47.8,49.8,49.8,2025-06-23 02:15:00
2025-06-23,2:15am,EUR,French Flash Services PMI,High,48.7,49.2,48.9,2025-06-23 02:15:00
2025-06-23,2:30am,EUR,German Flash Manufacturing PMI,High,49.0,48.9,48.3,2025-06-23 02:30:00
2025-06-23,2:30am,EUR,German Flash Services PMI,High,49.4,47.8,47.1,2025-06-23 02:30:00
2025-06-23,3:00am,EUR,Flash Manufacturing PMI,Medium,49.4,49.6,49.4,2025-06-23 03:00:00
2025-06-23,3:00am,EUR,Flash Services PMI,Medium,50.0,50.0,49.7,2025-06-23 03:00:00
2025-06-23,3:30am,GBP,Flash Manufacturing PMI,High,47.7,46.9,46.4,2025-06-23 03:30:00
2025-06-23,3:30am,GBP,Flash Services PMI,High,51.3,51.2,50.9,2025-06-23 03:30:00
2025-06-23,8:00am,EUR,ECB President Lagarde Speaks,Medium,,,,2025-06-23 08:00:00
2025-06-23,8:45am,USD,Flash Manufacturing PMI,High,52.0,51.1,52.0,2025-06-23 08:45:00
2025-06-23,8:45am,USD,Flash Services PMI,High,53.1,52.9,53.7,2025-06-23 08:45:00
2025-06-23,9:00am,USD,Existing Home Sales,Medium,4.03M,3.96M,4.00M,2025-06-23 09:00:00
2025-06-23,9:00am,USD,FOMC Member Bowman Speaks,Non-economic,,,,2025-06-23 09:00:00
2025-06-23,10:00am,EUR,German Buba President Nagel Speaks,Non-economic,,,,2025-06-23 10:00:00
2025-06-23,12:10pm,USD,FOMC Member Goolsbee Speaks,Non-economic,,,,2025-06-23 12:10:00
2025-06-23,1:30pm,USD,FOMC Member Kugler Speaks,Non-economic,,,,2025-06-23 13:30:00
2025-06-23,1:30pm,USD,FOMC Member Williams Speaks,Non-economic,,,,2025-06-23 13:30:00
2025-06-23,10:00pm,NZD,Credit Card Spending y/y,Non-economic,2.2%,,0.5%,2025-06-23 22:00:00
2025-06-24,12:00am,JPY,BOJ Core CPI y/y,Non-economic,2.5%,2.5%,2.4%,2025-06-24 00:00:00
2025-06-24,3:00am,EUR,German ifo Business Climate,Medium,88.4,88.1,87.5,2025-06-24 03:00:00
2025-06-24,3:00am,GBP,BOE Gov Bailey Speaks,High,,,,2025-06-24 03:00:00
2025-06-24,4:30am,GBP,MPC Member Greene Speaks,Non-economic,,,,2025-06-24 04:30:00
2025-06-24,5:00am,GBP,CBI Industrial Order Expectations,Non-economic,-33,-28,-30,2025-06-24 05:00:00
2025-06-24,7:30am,CAD,CPI m/m,High,0.6%,0.5%,-0.1%,2025-06-24 07:30:00
2025-06-24,7:30am,CAD,Median CPI y/y,High,3.0%,3.0%,3.1%,2025-06-24 07:30:00
2025-06-24,7:30am,CAD,Trimmed CPI y/y,High,3.0%,3.0%,3.1%,2025-06-24 07:30:00
2025-06-24,7:30am,CAD,Common CPI y/y,Medium,2.6%,2.4%,2.5%,2025-06-24 07:30:00
2025-06-24,7:30am,CAD,Core CPI m/m,Non-economic,0.6%,,0.5%,2025-06-24 07:30:00
2025-06-24,7:30am,USD,Current Account,Non-economic,-450B,-448B,-312B,2025-06-24 07:30:00
2025-06-24,7:51am,EUR,Belgian NBB Business Climate,Non-economic,-10.1,-13.1,-13.5,2025-06-24 07:51:00
2025-06-24,8:00am,EUR,ECB President Lagarde Speaks,Medium,,,,2025-06-24 08:00:00
2025-06-24,8:00am,USD,HPI m/m,Non-economic,-0.4%,0.0%,0.0%,2025-06-24 08:00:00
2025-06-24,8:00am,USD,S&P/CS Composite-20 HPI y/y,Non-economic,3.4%,4.0%,4.1%,2025-06-24 08:00:00
2025-06-24,8:15am,USD,FOMC Member Hammack Speaks,Non-economic,,,,2025-06-24 08:15:00
2025-06-24,8:35am,GBP,MPC Member Ramsden Speaks,Non-economic,,,,2025-06-24 08:35:00
2025-06-24,8:59am,USD,Richmond Manufacturing Index,Medium,-7,-10,-9,2025-06-24 08:59:00
2025-06-24,9:00am,GBP,BOE Gov Bailey Speaks,High,,,,2025-06-24 09:00:00
2025-06-24,9:00am,USD,Fed Chairman Powell Testifies,High,,,,2025-06-24 09:00:00
2025-06-24,9:00am,USD,CB Consumer Confidence,Medium,93.0,99.4,98.4,2025-06-24 09:00:00
2025-06-24,10:40am,GBP,MPC Member Pill Speaks,Non-economic,,,,2025-06-24 10:40:00
2025-06-24,10:50am,GBP,MPC Member Breeden Speaks,Non-economic,,,,2025-06-24 10:50:00
2025-06-24,11:30am,USD,FOMC Member Williams Speaks,Non-economic,,,,2025-06-24 11:30:00
2025-06-24,1:00pm,USD,FOMC Member Collins Speaks,Non-economic,,,,2025-06-24 13:00:00
2025-06-24,3:00pm,USD,FOMC Member Barr Speaks,Non-economic,,,,2025-06-24 15:00:00
2025-06-24,3:30pm,USD,API Weekly Statistical Bulletin,Non-economic,,,,2025-06-24 15:30:00
2025-06-24,5:45pm,NZD,Trade Balance,Non-economic,1235M,1060M,1285M,2025-06-24 17:45:00
2025-06-24,6:50pm,JPY,BOJ Summary of Opinions,Non-economic,,,,2025-06-24 18:50:00
2025-06-24,6:50pm,JPY,SPPI y/y,Non-economic,3.3%,3.1%,3.4%,2025-06-24 18:50:00
2025-06-24,8:30pm,AUD,CPI y/y,High,2.1%,2.3%,2.4%,2025-06-24 20:30:00
2025-06-25,3:00am,CHF,UBS Economic Expectations,Non-economic,-2.1,,-22.0,2025-06-25 03:00:00
2025-06-25,3:45am,GBP,MPC Member Lombardelli Speaks,Non-economic,,,,2025-06-25 03:45:00
2025-06-25,8:00am,CHF,SNB Quarterly Bulletin,Non-economic,,,,2025-06-25 08:00:00
2025-06-25,9:00am,USD,Fed Chairman Powell Testifies,High,,,,2025-06-25 09:00:00
2025-06-25,9:00am,USD,New Home Sales,Medium,623K,694K,722K,2025-06-25 09:00:00
2025-06-25,9:30am,USD,Crude Oil Inventories,Non-economic,-5.8M,-1.2M,-11.5M,2025-06-25 09:30:00
2025-06-26,1:00am,EUR,German GfK Consumer Climate,Non-economic,-20.3,-19.1,-20.0,2025-06-26 01:00:00
2025-06-26,3:30am,GBP,MPC Member Breeden Speaks,Non-economic,,,,2025-06-26 03:30:00
2025-06-26,5:00am,GBP,CBI Realized Sales,Non-economic,-46,-24,-27,2025-06-26 05:00:00
2025-06-26,6:00am,GBP,BOE Gov Bailey Speaks,High,,,,2025-06-26 06:00:00
2025-06-26,7:30am,USD,Final GDP q/q,High,-0.5%,-0.2%,-0.2%,2025-06-26 07:30:00
2025-06-26,7:30am,USD,Unemployment Claims,High,236K,244K,246K,2025-06-26 07:30:00
2025-06-26,7:30am,USD,Core Durable Goods Orders m/m,Medium,0.5%,0.1%,0.1%,2025-06-26 07:30:00
2025-06-26,7:30am,USD,Durable Goods Orders m/m,Medium,16.4%,8.6%,-6.6%,2025-06-26 07:30:00
2025-06-26,7:30am,USD,Final GDP Price Index q/q,Medium,3.8%,3.7%,3.7%,2025-06-26 07:30:00
2025-06-26,7:30am,USD,FOMC Member Goolsbee Speaks,Non-economic,,,,2025-06-26 07:30:00
2025-06-26,7:30am,USD,Goods Trade Balance,Non-economic,-96.6B,-86.3B,-87.0B,2025-06-26 07:30:00
2025-06-26,7:30am,USD,Prelim Wholesale Inventories m/m,Non-economic,-0.3%,0.2%,0.2%,2025-06-26 07:30:00
2025-06-26,7:45am,USD,FOMC Member Barkin Speaks,Non-economic,,,,2025-06-26 07:45:00
2025-06-26,7:45am,USD,FOMC Member Daly Speaks,Non-economic,,,,2025-06-26 07:45:00
2025-06-26,8:00am,CNY,CB Leading Index m/m,Non-economic,-0.3%,,-0.5%,2025-06-26 08:00:00
2025-06-26,8:00am,USD,FOMC Member Hammack Speaks,Non-economic,,,,2025-06-26 08:00:00
2025-06-26,9:00am,USD,Pending Home Sales m/m,Medium,1.8%,0.2%,-6.3%,2025-06-26 09:00:00
2025-06-26,9:30am,USD,Natural Gas Storage,Non-economic,96B,88B,95B,2025-06-26 09:30:00
2025-06-26,12:15pm,USD,FOMC Member Barr Speaks,Non-economic,,,,2025-06-26 12:15:00
2025-06-26,1:30pm,EUR,ECB President Lagarde Speaks,Medium,,,,2025-06-26 13:30:00
2025-06-26,6:30pm,JPY,Tokyo Core CPI y/y,Medium,3.1%,3.3%,3.6%,2025-06-26 18:30:00
2025-06-26,6:30pm,JPY,Unemployment Rate,Non-economic,2.5%,2.5%,2.5%,2025-06-26 18:30:00
2025-06-26,6:50pm,JPY,Retail Sales y/y,Non-economic,2.2%,2.4%,3.5%,2025-06-26 18:50:00
2025-06-27,1:45am,EUR,French Consumer Spending m/m,Non-economic,0.2%,0.1%,0.5%,2025-06-27 01:45:00
2025-06-27,1:45am,EUR,French Prelim CPI m/m,Non-economic,0.3%,0.1%,-0.1%,2025-06-27 01:45:00
2025-06-27,2:00am,EUR,Spanish Flash CPI y/y,Medium,2.2%,2.0%,2.0%,2025-06-27 02:00:00
2025-06-27,5:08am,EUR,Italian 10-y Bond Auction,Non-economic,3.48|1.5,,3.57|1.5,2025-06-27 05:08:00
2025-06-27,7:30am,CAD,GDP m/m,High,-0.1%,0.0%,0.2%,2025-06-27 07:30:00
2025-06-27,7:30am,USD,Core PCE Price Index m/m,High,0.2%,0.1%,0.1%,2025-06-27 07:30:00
2025-06-27,7:30am,USD,Personal Income m/m,Non-economic,-0.4%,0.3%,0.7%,2025-06-27 07:30:00
2025-06-27,7:30am,USD,Personal Spending m/m,Non-economic,-0.1%,0.1%,0.2%,2025-06-27 07:30:00
2025-06-27,8:15am,USD,FOMC Member Cook Speaks,Non-economic,,,,2025-06-27 08:15:00
2025-06-27,8:15am,USD,FOMC Member Hammack Speaks,Non-economic,,,,2025-06-27 08:15:00
2025-06-27,9:00am,USD,Revised UoM Consumer Sentiment,Medium,60.7,60.4,60.5,2025-06-27 09:00:00
2025-06-27,9:00am,USD,Revised UoM Inflation Expectations,Non-economic,5.0%,,5.1%,2025-06-27 09:00:00
2025-06-27,3:30pm,USD,Bank Stress Test Results,Non-economic,,,,2025-06-27 15:30:00
2025-06-29,6:50pm,JPY,Prelim Industrial Production m/m,Non-economic,0.5%,3.4%,-1.1%,2025-06-29 18:50:00
2025-06-29,8:00pm,AUD,MI Inflation Gauge m/m,Non-economic,0.1%,,-0.4%,2025-06-29 20:00:00
2025-06-29,8:00pm,NZD,ANZ Business Confidence,Non-economic,46.3,,36.6,2025-06-29 20:00:00
2025-06-29,8:30pm,AUD,Private Sector Credit m/m,Non-economic,0.5%,0.7%,0.7%,2025-06-29 20:30:00
2025-06-29,8:30pm,CNY,Manufacturing PMI,High,49.7,49.6,49.5,2025-06-29 20:30:00
2025-06-29,8:30pm,CNY,Non-Manufacturing PMI,Medium,50.5,50.3,50.3,2025-06-29 20:30:00
2025-06-30,12:00am,JPY,Housing Starts y/y,Non-economic,-34.4%,-15.0%,-26.6%,2025-06-30 00:00:00
2025-06-30,1:00am,EUR,German Import Prices m/m,Non-economic,-0.7%,-0.3%,-1.7%,2025-06-30 01:00:00
2025-06-30,1:00am,EUR,German Retail Sales m/m,Non-economic,-1.6%,0.5%,-0.6%,2025-06-30 01:00:00
2025-06-30,1:00am,GBP,Current Account,Non-economic,-23.5B,-19.7B,-21.0B,2025-06-30 01:00:00
2025-06-30,1:00am,GBP,Final GDP q/q,Non-economic,0.7%,0.7%,0.7%,2025-06-30 01:00:00
2025-06-30,1:00am,GBP,Revised Business Investment q/q,Non-economic,3.9%,5.8%,5.9%,2025-06-30 01:00:00
2025-06-30,All Day,EUR,German Prelim CPI m/m,Medium,0.0%,0.2%,0.1%,2025-06-30 00:00:00
2025-06-30,2:00am,CHF,KOF Economic Barometer,Non-economic,96.1,99.3,98.6,2025-06-30 02:00:00
2025-06-30,3:00am,EUR,M3 Money Supply y/y,Non-economic,3.9%,4.0%,3.9%,2025-06-30 03:00:00
2025-06-30,3:00am,EUR,Private Loans y/y,Non-economic,2.0%,2.0%,1.9%,2025-06-30 03:00:00
2025-06-30,3:30am,GBP,M4 Money Supply m/m,Non-economic,0.2%,0.2%,-0.1%,2025-06-30 03:30:00
2025-06-30,3:30am,GBP,Mortgage Approvals,Non-economic,63K,61K,61K,2025-06-30 03:30:00
2025-06-30,3:30am,GBP,Net Lending to Individuals m/m,Non-economic,2.9B,4.1B,1.2B,2025-06-30 03:30:00
2025-06-30,4:00am,EUR,Italian Prelim CPI m/m,Non-economic,0.2%,0.1%,-0.1%,2025-06-30 04:00:00
2025-06-30,8:45am,USD,Chicago PMI,Non-economic,40.4,42.7,40.5,2025-06-30 08:45:00
2025-06-30,9:00am,USD,FOMC Member Bostic Speaks,Non-economic,,,,2025-06-30 09:00:00
2025-06-30,12:00pm,USD,FOMC Member Goolsbee Speaks,Non-economic,,,,2025-06-30 12:00:00
2025-06-30,2:00pm,EUR,ECB President Lagarde Speaks,Medium,,,,2025-06-30 14:00:00
2025-06-30,5:00pm,NZD,NZIER Business Confidence,Non-economic,22,,19,2025-06-30 17:00:00
2025-06-30,5:45pm,NZD,Building Consents m/m,Non-economic,10.4%,,-14.6%,2025-06-30 17:45:00
2025-06-30,6:01pm,GBP,BRC Shop Price Index y/y,Non-economic,0.4%,0.2%,-0.1%,2025-06-30 18:01:00
2025-06-30,6:50pm,JPY,Tankan Manufacturing Index,Non-economic,13,10,12,2025-06-30 18:50:00
2025-06-30,6:50pm,JPY,Tankan Non-Manufacturing Index,Non-economic,34,34,35,2025-06-30 18:50:00
2025-06-30,7:30pm,JPY,Final Manufacturing PMI,Non-economic,50.1,50.4,50.4,2025-06-30 19:30:00
2025-06-30,8:45pm,CNY,RatingDog Manufacturing PMI,Non-economic,50.4,49.2,48.3,2025-06-30 20:45:00
2025-06-30,10:35pm,JPY,10-y Bond Auction,Non-economic,1.44|3.5,,1.51|3.7,2025-06-30 22:35:00
2025-07-01,12:00am,JPY,Consumer Confidence,Non-economic,34.5,33.6,32.8,2025-07-01 00:00:00
2025-07-01,1:00am,GBP,Nationwide HPI m/m,Non-economic,-0.8%,-0.2%,0.4%,2025-07-01 01:00:00
2025-07-01,1:30am,AUD,Commodity Prices y/y,Non-economic,-8.7%,,-9.4%,2025-07-01 01:30:00
2025-07-01,1:30am,CHF,Retail Sales y/y,Non-economic,0.0%,0.8%,0.9%,2025-07-01 01:30:00
2025-07-01,2:15am,EUR,Spanish Manufacturing PMI,Non-economic,51.4,50.6,50.5,2025-07-01 02:15:00
2025-07-01,2:30am,CHF,Manufacturing PMI,Non-economic,49.6,44.2,42.1,2025-07-01 02:30:00
2025-07-01,2:45am,EUR,Italian Manufacturing PMI,Non-economic,48.4,49.5,49.2,2025-07-01 02:45:00
2025-07-01,2:50am,EUR,French Final Manufacturing PMI,Non-economic,48.1,47.8,47.8,2025-07-01 02:50:00
2025-07-01,2:55am,EUR,German Final Manufacturing PMI,Non-economic,49.0,49.0,49.0,2025-07-01 02:55:00
2025-07-01,2:55am,EUR,German Unemployment Change,Non-economic,11K,18K,33K,2025-07-01 02:55:00
2025-07-01,3:00am,EUR,Final Manufacturing PMI,Non-economic,49.5,49.4,49.4,2025-07-01 03:00:00
2025-07-01,3:30am,GBP,Final Manufacturing PMI,Non-economic,47.7,47.7,47.7,2025-07-01 03:30:00
2025-07-01,4:00am,EUR,Core CPI Flash Estimate y/y,Medium,2.3%,2.3%,2.3%,2025-07-01 04:00:00
2025-07-01,4:00am,EUR,CPI Flash Estimate y/y,Medium,2.0%,2.0%,1.9%,2025-07-01 04:00:00
2025-07-01,4:03am,GBP,30-y Bond Auction,Non-economic,5.17|3.2,,5.36|3.0,2025-07-01 04:03:00
2025-07-01,All Day,CAD,Bank Holiday,Low,,,,2025-07-01 00:00:00
2025-07-01,8:30am,EUR,ECB President Lagarde Speaks,Medium,,,,2025-07-01 08:30:00
2025-07-01,8:30am,GBP,BOE Gov Bailey Speaks,High,,,,2025-07-01 08:30:00
2025-07-01,8:30am,JPY,BOJ Gov Ueda Speaks,High,,,,2025-07-01 08:30:00
2025-07-01,8:30am,USD,Fed Chairman Powell Speaks,High,,,,2025-07-01 08:30:00
2025-07-01,8:45am,USD,Final Manufacturing PMI,Non-economic,52.9,52.0,52.0,2025-07-01 08:45:00
2025-07-01,9:00am,USD,ISM Manufacturing PMI,High,49.0,48.8,48.5,2025-07-01 09:00:00
2025-07-01,9:00am,USD,JOLTS Job Openings,High,7.77M,7.32M,7.40M,2025-07-01 09:00:00
2025-07-01,9:00am,USD,ISM Manufacturing Prices,Medium,69.7,69.6,69.4,2025-07-01 09:00:00
2025-07-01,9:00am,USD,Construction Spending m/m,Non-economic,-0.3%,-0.2%,-0.2%,2025-07-01 09:00:00
2025-07-01,9:03am,USD,RCM/TIPP Economic Optimism,Non-economic,48.6,50.1,49.2,2025-07-01 09:03:00
2025-07-01,All Day,USD,Wards Total Vehicle Sales,Non-economic,15.3M,15.5M,15.7M,2025-07-01 00:00:00
2025-07-01,10:21am,NZD,GDT Price Index,Non-economic,-4.1%,,-1.0%,2025-07-01 10:21:00
2025-07-01,3:30pm,USD,API Weekly Statistical Bulletin,Non-economic,,,,2025-07-01 15:30:00
2025-07-01,6:50pm,JPY,Monetary Base y/y,Non-economic,-3.5%,-3.5%,-3.4%,2025-07-01 18:50:00
2025-07-01,8:30pm,AUD,Retail Sales m/m,Medium,0.2%,0.3%,0.0%,2025-07-01 20:30:00
2025-07-01,8:30pm,AUD,Building Approvals m/m,Non-economic,3.2%,4.2%,-4.1%,2025-07-01 20:30:00
2025-07-02,1:45am,EUR,French Gov Budget Balance,Non-economic,-94.0B,,-69.3B,2025-07-02 01:45:00
2025-07-02,2:00am,EUR,Spanish Unemployment Change,Non-economic,-48.9K,-69.5K,-57.8K,2025-07-02 02:00:00
2025-07-02,3:00am,EUR,Italian Monthly Unemployment Rate,Non-economic,6.5%,6.0%,6.1%,2025-07-02 03:00:00
2025-07-02,4:00am,EUR,Unemployment Rate,Non-economic,6.3%,6.2%,6.2%,2025-07-02 04:00:00
2025-07-02,4:36am,EUR,German 10-y Bond Auction,Non-economic,2.63|1.6,,2.54|2.7,2025-07-02 04:36:00
2025-07-02,5:30am,GBP,MPC Member Taylor Speaks,Non-economic,,,,2025-07-02 05:30:00
2025-07-02,6:30am,USD,Challenger Job Cuts y/y,Non-economic,-1.6%,,47.0%,2025-07-02 06:30:00
2025-07-02,7:15am,USD,ADP Non-Farm Employment Change,High,-33K,99K,29K,2025-07-02 07:15:00
2025-07-02,8:30am,CAD,Manufacturing PMI,Non-economic,45.6,,46.1,2025-07-02 08:30:00
2025-07-02,9:15am,EUR,ECB President Lagarde Speaks,Medium,,,,2025-07-02 09:15:00
2025-07-02,9:30am,USD,Crude Oil Inventories,Non-economic,3.8M,-3.5M,-5.8M,2025-07-02 09:30:00
2025-07-02,8:00pm,NZD,ANZ Commodity Prices m/m,Non-economic,-2.3%,,1.9%,2025-07-02 20:00:00
2025-07-02,8:30pm,AUD,Goods Trade Balance,Non-economic,2.24B,5.08B,4.86B,2025-07-02 20:30:00
2025-07-02,8:45pm,CNY,RatingDog Services PMI,Non-economic,50.6,51.0,51.1,2025-07-02 20:45:00
2025-07-02,10:35pm,JPY,30-y Bond Auction,Non-economic,2.81|3.6,,2.90|2.9,2025-07-02 22:35:00
2025-07-03,1:30am,CHF,CPI m/m,High,0.2%,0.1%,0.1%,2025-07-03 01:30:00
2025-07-03,2:15am,EUR,Spanish Services PMI,Non-economic,51.9,51.1,51.3,2025-07-03 02:15:00
2025-07-03,2:45am,EUR,Italian Services PMI,Non-economic,52.1,52.6,53.2,2025-07-03 02:45:00
2025-07-03,2:50am,EUR,French Final Services PMI,Non-economic,49.6,48.7,48.7,2025-07-03 02:50:00
2025-07-03,2:55am,EUR,German Final Services PMI,Non-economic,49.7,49.4,49.4,2025-07-03 02:55:00
2025-07-03,3:00am,EUR,Final Services PMI,Non-economic,50.5,50.0,50.0,2025-07-03 03:00:00
2025-07-03,3:30am,GBP,BOE Credit Conditions Survey,Non-economic,,,,2025-07-03 03:30:00
2025-07-03,3:30am,GBP,Final Services PMI,Non-economic,52.8,51.3,51.3,2025-07-03 03:30:00
2025-07-03,3:44am,EUR,Spanish 10-y Bond Auction,Non-economic,3.16|1.9,,3.21|1.7,2025-07-03 03:44:00
2025-07-03,3:57am,EUR,French 10-y Bond Auction,Non-economic,3.27|2.3,,3.17|2.8,2025-07-03 03:57:00
2025-07-03,6:30am,EUR,ECB Monetary Policy Meeting Accounts,Non-economic,,,,2025-07-03 06:30:00
2025-07-03,7:20am,GBP,BOE Gov Bailey Speaks,High,,,,2025-07-03 07:20:00
2025-07-03,7:30am,CAD,Trade Balance,Non-economic,-5.9B,-6.0B,-7.6B,2025-07-03 07:30:00
2025-07-03,7:30am,USD,Average Hourly Earnings m/m,High,0.2%,0.3%,0.4%,2025-07-03 07:30:00
2025-07-03,7:30am,USD,Non-Farm Employment Change,High,147K,111K,144K,2025-07-03 07:30:00
2025-07-03,7:30am,USD,Unemployment Rate,High,4.1%,4.3%,4.2%,2025-07-03 07:30:00
2025-07-03,7:30am,USD,Unemployment Claims,Medium,233K,240K,237K,2025-07-03 07:30:00
2025-07-03,7:30am,USD,Trade Balance,Non-economic,-71.5B,-69.9B,-60.3B,2025-07-03 07:30:00
2025-07-03,8:45am,USD,Final Services PMI,Non-economic,52.9,53.1,53.1,2025-07-03 08:45:00
2025-07-03,9:00am,USD,ISM Services PMI,High,50.8,50.8,49.9,2025-07-03 09:00:00
2025-07-03,9:00am,USD,Factory Orders m/m,Non-economic,8.2%,8.1%,-3.9%,2025-07-03 09:00:00
2025-07-03,9:30am,USD,Natural Gas Storage,Non-economic,55B,48B,96B,2025-07-03 09:30:00
2025-07-03,10:00am,USD,FOMC Member Bostic Speaks,Non-economic,,,,2025-07-03 10:00:00
2025-07-03,6:30pm,JPY,Household Spending y/y,Non-economic,4.7%,1.3%,-0.1%,2025-07-03 18:30:00
2025-07-03,8:30pm,AUD,Household Spending m/m,Non-economic,0.9%,0.4%,0.0%,2025-07-03 20:30:00
2025-07-04,1:00am,EUR,German Factory Orders m/m,Non-economic,-1.4%,-0.2%,1.6%,2025-07-04 01:00:00
2025-07-04,1:45am,EUR,French Industrial Production m/m,Non-economic,-0.5%,0.4%,-1.4%,2025-07-04 01:45:00
2025-07-04,2:00am,CHF,Unemployment Rate,Non-economic,2.9%,2.9%,2.8%,2025-07-04 02:00:00
2025-07-04,3:00am,EUR,Italian Retail Sales m/m,Non-economic,-0.4%,0.5%,0.7%,2025-07-04 03:00:00
2025-07-04,3:30am,GBP,Construction PMI,Non-economic,48.8,48.6,47.9,2025-07-04 03:30:00
2025-07-04,3:37am,GBP,Housing Equity Withdrawal q/q,Non-economic,-3.3B,-10.3B,-13.5B,2025-07-04 03:37:00
2025-07-04,4:00am,EUR,PPI m/m,Non-economic,-0.6%,-0.6%,-2.2%,2025-07-04 04:00:00
2025-07-04,All Day,USD,Bank Holiday,Low,,,,2025-07-04 00:00:00
2025-07-04,10:01am,GBP,MPC Member Taylor Speaks,Non-economic,,,,2025-07-04 10:01:00
2025-07-04,1:00pm,EUR,ECB President Lagarde Speaks,Medium,,,,2025-07-04 13:00:00
2025-07-05,All Day,All,OPEC-JMMC Meetings,Medium,,,,2025-07-05 00:00:00
2025-07-05,10:45am,GBP,BOE Gov Bailey Speaks,Medium,,,,2025-07-05 10:45:00
2025-07-06,Day 1,All,BRICS Summit,Non-economic,,,,2025-07-06 00:00:00
2025-07-06,6:30pm,JPY,Average Cash Earnings y/y,Non-economic,1.0%,2.4%,2.0%,2025-07-06 18:30:00
2025-07-06,8:30pm,AUD,ANZ Job Advertisements m/m,Non-economic,1.8%,,-0.6%,2025-07-06 20:30:00
2025-07-07,12:00am,JPY,Leading Indicators,Non-economic,105.3%,105.3%,104.2%,2025-07-07 00:00:00
2025-07-07,1:00am,EUR,German Industrial Production m/m,Non-economic,1.2%,-0.6%,-1.6%,2025-07-07 01:00:00
2025-07-07,1:00am,GBP,Halifax HPI m/m,Non-economic,0.0%,-0.1%,-0.3%,2025-07-07 01:00:00
2025-07-07,2:00am,CHF,Foreign Currency Reserves,Non-economic,713B,,704B,2025-07-07 02:00:00
2025-07-07,3:00am,EUR,German Buba President Nagel Speaks,Non-economic,,,,2025-07-07 03:00:00
2025-07-07,Day 2,All,BRICS Summit,Non-economic,,,,2025-07-07 00:00:00
2025-07-07,3:30am,EUR,Sentix Investor Confidence,Non-economic,4.5,1.1,0.2,2025-07-07 03:30:00
2025-07-07,4:00am,EUR,Retail Sales m/m,Non-economic,-0.7%,-0.8%,0.3%,2025-07-07 04:00:00
2025-07-07,6:50pm,JPY,Bank Lending y/y,Non-economic,2.8%,2.3%,2.4%,2025-07-07 18:50:00
2025-07-07,7:02pm,JPY,Current Account,Non-economic,2.82T,2.57T,2.31T,2025-07-07 19:02:00
2025-07-07,8:30pm,AUD,NAB Business Confidence,Non-economic,5,,2,2025-07-07 20:30:00
2025-07-07,11:30pm,AUD,Cash Rate,High,3.85%,3.60%,3.85%,2025-07-07 23:30:00
2025-07-07,11:30pm,AUD,RBA Rate Statement,High,,,,2025-07-07 23:30:00
2025-07-08,12:00am,JPY,Economy Watchers Sentiment,Non-economic,45.0,45.1,44.4,2025-07-08 00:00:00
2025-07-08,12:30am,AUD,RBA Press Conference,High,,,,2025-07-08 00:30:00
2025-07-08,1:00am,EUR,German Trade Balance,Non-economic,18.4B,15.7B,15.8B,2025-07-08 01:00:00
2025-07-08,1:45am,EUR,French Trade Balance,Non-economic,-7.8B,-7.7B,-7.7B,2025-07-08 01:45:00
2025-07-08,5:00am,USD,NFIB Small Business Index,Non-economic,98.6,98.7,98.8,2025-07-08 05:00:00
2025-07-08,9:00am,CAD,Ivey PMI,Medium,53.3,49.1,48.9,2025-07-08 09:00:00
2025-07-08,9:00am,EUR,German Buba President Nagel Speaks,Non-economic,,,,2025-07-08 09:00:00
2025-07-08,2:00pm,USD,Consumer Credit m/m,Non-economic,5.1B,10.4B,16.9B,2025-07-08 14:00:00
2025-07-08,3:30pm,USD,API Weekly Statistical Bulletin,Non-economic,,,,2025-07-08 15:30:00
2025-07-08,6:00pm,AUD,RBA Deputy Gov Hauser Speaks,Non-economic,,,,2025-07-08 18:00:00
2025-07-08,6:50pm,JPY,M2 Money Stock y/y,Non-economic,0.9%,0.2%,0.6%,2025-07-08 18:50:00
2025-07-08,8:30pm,CNY,CPI y/y,Medium,0.1%,-0.1%,-0.1%,2025-07-08 20:30:00
2025-07-08,8:30pm,CNY,PPI y/y,Medium,-3.6%,-3.2%,-3.3%,2025-07-08 20:30:00
2025-07-08,9:00pm,NZD,Official Cash Rate,High,3.25%,3.25%,3.25%,2025-07-08 21:00:00
2025-07-08,9:00pm,NZD,RBNZ Rate Statement,High,,,,2025-07-08 21:00:00
2025-07-09,12:30am,AUD,RBA Assist Gov Hunter Speaks,Non-economic,,,,2025-07-09 00:30:00
2025-07-09,12:57am,JPY,Prelim Machine Tool Orders y/y,Non-economic,-0.5%,,3.4%,2025-07-09 00:57:00
2025-07-09,4:04am,GBP,10-y Bond Auction,Non-economic,4.64|2.9,,4.59|2.9,2025-07-09 04:04:00
2025-07-09,4:30am,GBP,BOE Financial Stability Report,Non-economic,,,,2025-07-09 04:30:00
2025-07-09,4:30am,GBP,FPC Meeting Minutes,Non-economic,,,,2025-07-09 04:30:00
2025-07-09,4:30am,GBP,FPC Statement,Non-economic,,,,2025-07-09 04:30:00
2025-07-09,5:00am,GBP,BOE Gov Bailey Speaks,High,,,,2025-07-09 05:00:00
2025-07-09,7:15am,EUR,German Buba President Nagel Speaks,Non-economic,,,,2025-07-09 07:15:00
2025-07-09,9:00am,USD,Final Wholesale Inventories m/m,Non-economic,-0.3%,-0.2%,-0.3%,2025-07-09 09:00:00
2025-07-09,9:30am,USD,Crude Oil Inventories,Non-economic,7.1M,-1.7M,3.8M,2025-07-09 09:30:00
2025-07-09,12:01pm,USD,10-y Bond Auction,Non-economic,4.36|2.6,,4.42|2.5,2025-07-09 12:01:00
2025-07-09,1:00pm,USD,FOMC Meeting Minutes,High,,,,2025-07-09 13:00:00
2025-07-09,5:45pm,NZD,Visitor Arrivals m/m,Non-economic,-0.9%,,2.2%,2025-07-09 17:45:00
2025-07-09,6:01pm,GBP,RICS House Price Balance,Non-economic,-7%,-9%,-7%,2025-07-09 18:01:00
2025-07-09,6:50pm,JPY,PPI y/y,Non-economic,2.9%,2.9%,3.3%,2025-07-09 18:50:00
2025-07-10,1:00am,EUR,German Final CPI m/m,Non-economic,0.0%,0.0%,0.0%,2025-07-10 01:00:00
2025-07-10,3:00am,EUR,Italian Industrial Production m/m,Non-economic,-0.7%,-0.2%,0.9%,2025-07-10 03:00:00
2025-07-10,7:30am,USD,Unemployment Claims,High,227K,236K,232K,2025-07-10 07:30:00
2025-07-10,9:00am,USD,FOMC Member Musalem Speaks,Non-economic,,,,2025-07-10 09:00:00
2025-07-10,9:30am,USD,Natural Gas Storage,Non-economic,53B,56B,55B,2025-07-10 09:30:00
2025-07-10,10:00am,GBP,MPC Member Breeden Speaks,Non-economic,,,,2025-07-10 10:00:00
2025-07-10,12:01pm,USD,30-y Bond Auction,Non-economic,4.89|2.4,,4.84|2.4,2025-07-10 12:01:00
2025-07-10,12:15pm,USD,FOMC Member Waller Speaks,Medium,,,,2025-07-10 12:15:00
2025-07-10,1:30pm,USD,FOMC Member Daly Speaks,Non-economic,,,,2025-07-10 13:30:00
2025-07-10,5:30pm,NZD,BusinessNZ Manufacturing Index,Non-economic,48.8,,47.4,2025-07-10 17:30:00
2025-07-11,1:00am,EUR,German WPI m/m,Non-economic,0.2%,0.2%,-0.3%,2025-07-11 01:00:00
2025-07-11,1:00am,GBP,GDP m/m,High,-0.1%,0.1%,-0.3%,2025-07-11 01:00:00
2025-07-11,1:00am,GBP,Construction Output m/m,Non-economic,-0.6%,0.2%,0.8%,2025-07-11 01:00:00
2025-07-11,1:00am,GBP,Goods Trade Balance,Non-economic,-21.7B,-21.1B,-22.4B,2025-07-11 01:00:00
2025-07-11,1:00am,GBP,Index of Services 3m/3m,Non-economic,0.4%,0.4%,0.6%,2025-07-11 01:00:00
2025-07-11,1:00am,GBP,Industrial Production m/m,Non-economic,-0.9%,-0.1%,-0.6%,2025-07-11 01:00:00
2025-07-11,1:00am,GBP,Manufacturing Production m/m,Non-economic,-1.0%,-0.1%,-0.7%,2025-07-11 01:00:00
2025-07-11,1:45am,EUR,French Final CPI m/m,Non-economic,0.4%,0.3%,0.3%,2025-07-11 01:45:00
2025-07-11,1:59am,CHF,SECO Consumer Climate,Non-economic,-32,-35,-37,2025-07-11 01:59:00
2025-07-11,7:30am,CAD,Employment Change,High,83.1K,0.9K,8.8K,2025-07-11 07:30:00
2025-07-11,7:30am,CAD,Unemployment Rate,High,6.9%,7.1%,7.0%,2025-07-11 07:30:00
2025-07-11,7:30am,CAD,Building Permits m/m,Non-economic,12.0%,-1.5%,-6.8%,2025-07-11 07:30:00
2025-07-11,12:59pm,USD,Federal Budget Balance,Non-economic,27.0B,-41.5B,-316.0B,2025-07-11 12:59:00
2025-07-13,5:30pm,NZD,BusinessNZ Services Index,Non-economic,47.3,,44.1,2025-07-13 17:30:00
2025-07-13,6:50pm,JPY,Core Machinery Orders m/m,Non-economic,-0.6%,-1.4%,-9.1%,2025-07-13 18:50:00
2025-07-13,10:00pm,CNY,USD-Denominated Trade Balance,Non-economic,114.8B,113.2B,103.2B,2025-07-13 22:00:00
2025-07-13,10:07pm,CNY,Trade Balance,Non-economic,826B,785B,744B,2025-07-13 22:07:00
2025-07-13,11:30pm,JPY,Revised Industrial Production m/m,Non-economic,-0.1%,0.5%,0.5%,2025-07-13 23:30:00
2025-07-13,11:30pm,JPY,Tertiary Industry Activity m/m,Non-economic,0.6%,0.1%,0.5%,2025-07-13 23:30:00
2025-07-14,All Day,EUR,French Bank Holiday,Low,,,,2025-07-14 00:00:00
2025-07-14,1:30am,CHF,PPI m/m,Non-economic,-0.1%,0.2%,-0.5%,2025-07-14 01:30:00
2025-07-14,2:02am,CNY,M2 Money Supply y/y,Non-economic,8.3%,8.2%,7.9%,2025-07-14 02:02:00
2025-07-14,2:03am,CNY,New Loans,Medium,2240B,1960B,620B,2025-07-14 02:03:00
2025-07-14,All Day,EUR,Eurogroup Meetings,Non-economic,,,,2025-07-14 00:00:00
2025-07-14,7:30am,CAD,Wholesale Sales m/m,Non-economic,0.1%,-0.4%,-2.2%,2025-07-14 07:30:00
2025-07-14,6:01pm,GBP,BRC Retail Sales Monitor y/y,Non-economic,2.7%,1.2%,0.6%,2025-07-14 18:01:00
2025-07-14,7:30pm,AUD,Westpac Consumer Sentiment,Non-economic,0.6%,,0.5%,2025-07-14 19:30:00
2025-07-14,8:30pm,CNY,New Home Prices m/m,Non-economic,-0.27%,,-0.22%,2025-07-14 20:30:00
2025-07-14,9:00pm,CNY,GDP q/y,Medium,5.2%,5.1%,5.4%,2025-07-14 21:00:00
2025-07-14,9:00pm,CNY,Industrial Production y/y,Medium,6.8%,5.6%,5.8%,2025-07-14 21:00:00
2025-07-14,9:00pm,CNY,Retail Sales y/y,Medium,4.8%,5.2%,6.4%,2025-07-14 21:00:00
2025-07-14,9:00pm,CNY,Fixed Asset Investment ytd/y,Non-economic,2.8%,3.6%,3.7%,2025-07-14 21:00:00
2025-07-14,9:00pm,CNY,NBS Press Conference,Non-economic,,,,2025-07-14 21:00:00
2025-07-14,9:00pm,CNY,Unemployment Rate,Non-economic,5.0%,5.0%,5.0%,2025-07-14 21:00:00
2025-07-15,4:00am,EUR,German ZEW Economic Sentiment,Medium,52.7,50.8,47.5,2025-07-15 04:00:00
2025-07-15,4:00am,EUR,Industrial Production m/m,Non-economic,1.7%,1.1%,-2.2%,2025-07-15 04:00:00
2025-07-15,4:00am,EUR,ZEW Economic Sentiment,Non-economic,36.1,37.8,35.3,2025-07-15 04:00:00
2025-07-15,All Day,EUR,ECOFIN Meetings,Non-economic,,,,2025-07-15 00:00:00
2025-07-15,7:30am,CAD,CPI m/m,High,0.1%,0.1%,0.6%,2025-07-15 07:30:00
2025-07-15,7:30am,CAD,Median CPI y/y,High,3.1%,3.0%,3.0%,2025-07-15 07:30:00
2025-07-15,7:30am,CAD,Trimmed CPI y/y,High,3.0%,3.0%,3.0%,2025-07-15 07:30:00
2025-07-15,7:30am,CAD,Common CPI y/y,Medium,2.6%,2.7%,2.6%,2025-07-15 07:30:00
2025-07-15,7:30am,CAD,Core CPI m/m,Non-economic,0.1%,,0.6%,2025-07-15 07:30:00
2025-07-15,7:30am,CAD,Manufacturing Sales m/m,Non-economic,-0.9%,-1.2%,-2.7%,2025-07-15 07:30:00
2025-07-15,7:30am,USD,Core CPI m/m,High,0.2%,0.3%,0.1%,2025-07-15 07:30:00
2025-07-15,7:30am,USD,CPI m/m,High,0.3%,0.3%,0.1%,2025-07-15 07:30:00
2025-07-15,7:30am,USD,CPI y/y,High,2.7%,2.6%,2.4%,2025-07-15 07:30:00
2025-07-15,7:30am,USD,Empire State Manufacturing Index,Medium,5.5,-8.3,-16.0,2025-07-15 07:30:00
2025-07-15,8:15am,USD,FOMC Member Bowman Speaks,Non-economic,,,,2025-07-15 08:15:00
2025-07-15,9:30am,AUD,CB Leading Index m/m,Non-economic,0.3%,,0.6%,2025-07-15 09:30:00
2025-07-15,9:49am,NZD,GDT Price Index,Non-economic,1.1%,,-4.1%,2025-07-15 09:49:00
2025-07-15,11:45am,USD,FOMC Member Barr Speaks,Non-economic,,,,2025-07-15 11:45:00
2025-07-15,12:00pm,USD,FOMC Member Barkin Speaks,Non-economic,,,,2025-07-15 12:00:00
2025-07-15,1:45pm,USD,FOMC Member Collins Speaks,Non-economic,,,,2025-07-15 13:45:00
2025-07-15,3:00pm,GBP,BOE Gov Bailey Speaks,High,,,,2025-07-15 15:00:00
2025-07-15,3:30pm,USD,API Weekly Statistical Bulletin,Non-economic,,,,2025-07-15 15:30:00
2025-07-15,6:45pm,USD,FOMC Member Logan Speaks,Non-economic,,,,2025-07-15 18:45:00
2025-07-16,1:00am,GBP,CPI y/y,High,3.6%,3.4%,3.4%,2025-07-16 01:00:00
2025-07-16,1:00am,GBP,Core CPI y/y,Non-economic,3.7%,3.5%,3.5%,2025-07-16 01:00:00
2025-07-16,1:00am,GBP,RPI y/y,Non-economic,4.4%,4.3%,4.3%,2025-07-16 01:00:00
2025-07-16,3:30am,GBP,HPI y/y,Non-economic,3.9%,3.2%,3.6%,2025-07-16 03:30:00
2025-07-16,4:00am,EUR,Italian Trade Balance,Non-economic,6.16B,2.87B,2.45B,2025-07-16 04:00:00
2025-07-16,4:00am,EUR,Trade Balance,Non-economic,16.2B,13.9B,15.1B,2025-07-16 04:00:00
2025-07-16,4:33am,EUR,German 30-y Bond Auction,Non-economic,3.22|1.4,,2.99|2.2,2025-07-16 04:33:00
2025-07-16,5:00am,EUR,German Buba Monthly Report,Non-economic,,,,2025-07-16 05:00:00
2025-07-16,7:00am,USD,FOMC Member Barkin Speaks,Non-economic,,,,2025-07-16 07:00:00
2025-07-16,7:15am,CAD,Housing Starts,Non-economic,284K,262K,283K,2025-07-16 07:15:00
2025-07-16,7:30am,USD,Core PPI m/m,High,0.0%,0.2%,0.4%,2025-07-16 07:30:00
2025-07-16,7:30am,USD,PPI m/m,High,0.0%,0.2%,0.3%,2025-07-16 07:30:00
2025-07-16,8:15am,USD,Capacity Utilization Rate,Non-economic,77.6%,77.4%,77.5%,2025-07-16 08:15:00
2025-07-16,8:15am,USD,FOMC Member Hammack Speaks,Non-economic,,,,2025-07-16 08:15:00
2025-07-16,8:15am,USD,Industrial Production m/m,Non-economic,0.3%,0.1%,0.0%,2025-07-16 08:15:00
2025-07-16,8:30am,GBP,CB Leading Index m/m,Non-economic,-0.3%,,-0.4%,2025-07-16 08:30:00
2025-07-16,9:00am,USD,FOMC Member Barr Speaks,Non-economic,,,,2025-07-16 09:00:00
2025-07-16,9:30am,USD,Crude Oil Inventories,Non-economic,-3.9M,-1.8M,7.1M,2025-07-16 09:30:00
2025-07-16,1:00pm,USD,Beige Book,Non-economic,,,,2025-07-16 13:00:00
2025-07-16,2:30pm,USD,FOMC Member Bostic Speaks,Non-economic,,,,2025-07-16 14:30:00
2025-07-16,5:30pm,USD,FOMC Member Williams Speaks,Non-economic,,,,2025-07-16 17:30:00
2025-07-16,5:45pm,NZD,FPI m/m,Non-economic,1.2%,,0.5%,2025-07-16 17:45:00
2025-07-16,6:50pm,JPY,Trade Balance,Non-economic,-0.24T,-0.26T,-0.29T,2025-07-16 18:50:00
2025-07-16,8:00pm,AUD,MI Inflation Expectations,Non-economic,4.7%,,5.0%,2025-07-16 20:00:00
2025-07-16,8:30pm,AUD,Employment Change,High,2.0K,21.0K,-1.1K,2025-07-16 20:30:00
2025-07-16,8:30pm,AUD,Unemployment Rate,High,4.3%,4.1%,4.1%,2025-07-16 20:30:00
2025-07-16,9:37pm,AUD,NAB Quarterly Business Confidence,Non-economic,-1,,-3,2025-07-16 21:37:00
2025-07-17,1:00am,CHF,Trade Balance,Non-economic,5.79B,4.22B,4.01B,2025-07-17 01:00:00
2025-07-17,1:00am,GBP,Average Earnings Index 3m/y,Medium,5.0%,5.0%,5.4%,2025-07-17 01:00:00
2025-07-17,1:00am,GBP,Claimant Count Change,Medium,25.9K,17.9K,15.3K,2025-07-17 01:00:00
2025-07-17,1:00am,GBP,Unemployment Rate,Non-economic,4.7%,4.6%,4.6%,2025-07-17 01:00:00
2025-07-17,3:42am,EUR,Spanish 10-y Bond Auction,Non-economic,3.30|2.0,,3.16|1.9,2025-07-17 03:42:00
2025-07-17,4:00am,EUR,Final Core CPI y/y,Non-economic,2.3%,2.3%,2.3%,2025-07-17 04:00:00
2025-07-17,4:00am,EUR,Final CPI y/y,Non-economic,2.0%,2.0%,2.0%,2025-07-17 04:00:00
2025-07-17,7:30am,CAD,Foreign Securities Purchases,Non-economic,-2.79B,-7.32B,-9.46B,2025-07-17 07:30:00
2025-07-17,7:30am,USD,Core Retail Sales m/m,High,0.5%,0.3%,-0.2%,2025-07-17 07:30:00
2025-07-17,7:30am,USD,Retail Sales m/m,High,0.6%,0.1%,-0.9%,2025-07-17 07:30:00
2025-07-17,7:30am,USD,Unemployment Claims,High,221K,233K,228K,2025-07-17 07:30:00
2025-07-17,7:30am,USD,Philly Fed Manufacturing Index,Medium,15.9,-1.2,-4.0,2025-07-17 07:30:00
2025-07-17,7:30am,USD,Import Prices m/m,Non-economic,0.1%,0.3%,-0.4%,2025-07-17 07:30:00
2025-07-17,8:15am,USD,FOMC Member Kugler Speaks,Non-economic,,,,2025-07-17 08:15:00
2025-07-17,9:00am,USD,Business Inventories m/m,Non-economic,0.0%,0.0%,0.0%,2025-07-17 09:00:00
2025-07-17,9:00am,USD,NAHB Housing Market Index,Non-economic,33,33,32,2025-07-17 09:00:00
2025-07-17,9:30am,USD,Natural Gas Storage,Non-economic,46B,44B,53B,2025-07-17 09:30:00
2025-07-17,Day 1,All,G20 Meetings,Non-economic,,,,2025-07-17 00:00:00
2025-07-17,11:45am,USD,FOMC Member Daly Speaks,Non-economic,,,,2025-07-17 11:45:00
2025-07-17,12:30pm,USD,FOMC Member Cook Speaks,Non-economic,,,,2025-07-17 12:30:00
2025-07-17,3:00pm,USD,TIC Long-Term Purchases,Non-economic,259.4B,48.3B,-8.2B,2025-07-17 15:00:00
2025-07-17,5:30pm,USD,FOMC Member Waller Speaks,Medium,,,,2025-07-17 17:30:00
2025-07-17,6:30pm,JPY,National Core CPI y/y,Non-economic,3.3%,3.4%,3.7%,2025-07-17 18:30:00
2025-07-17,10:00pm,NZD,Credit Card Spending y/y,Non-economic,0.9%,,2.0%,2025-07-17 22:00:00
2025-07-18,1:00am,EUR,German PPI m/m,Non-economic,0.1%,0.1%,-0.2%,2025-07-18 01:00:00
2025-07-18,3:00am,EUR,Current Account,Non-economic,32.3B,34.8B,18.6B,2025-07-18 03:00:00
2025-07-18,3:15am,EUR,German Buba President Nagel Speaks,Non-economic,,,,2025-07-18 03:15:00
2025-07-18,7:30am,USD,Building Permits,Non-economic,1.40M,1.39M,1.39M,2025-07-18 07:30:00
2025-07-18,7:30am,USD,Housing Starts,Non-economic,1.32M,1.29M,1.26M,2025-07-18 07:30:00
2025-07-18,9:00am,USD,Prelim UoM Consumer Sentiment,Medium,61.8,61.4,60.7,2025-07-18 09:00:00
2025-07-18,9:00am,USD,Prelim UoM Inflation Expectations,Medium,4.4%,,5.0%,2025-07-18 09:00:00
2025-07-18,Day 2,All,G20 Meetings,Non-economic,,,,2025-07-18 00:00:00
2025-07-20,All Day,JPY,Upper House Elections,High,,,,2025-07-20 00:00:00
2025-07-20,5:45pm,NZD,CPI q/q,High,0.5%,0.6%,0.9%,2025-07-20 17:45:00
2025-07-20,All Day,JPY,Bank Holiday,Low,,,,2025-07-20 00:00:00
2025-07-20,6:01pm,GBP,Rightmove HPI m/m,Non-economic,-1.2%,,-0.3%,2025-07-20 18:01:00
2025-07-20,6:41pm,CNY,Foreign Direct Investment ytd/y,Non-economic,-15.2%,,-13.2%,2025-07-20 18:41:00
2025-07-20,8:00pm,CNY,1-y Loan Prime Rate,Medium,3.00%,3.00%,3.00%,2025-07-20 20:00:00
2025-07-20,8:00pm,CNY,5-y Loan Prime Rate,Medium,3.50%,3.50%,3.50%,2025-07-20 20:00:00
2025-07-21,7:30am,CAD,IPPI m/m,Non-economic,0.4%,0.1%,-0.5%,2025-07-21 07:30:00
2025-07-21,7:30am,CAD,RMPI m/m,Non-economic,2.7%,-0.1%,-0.7%,2025-07-21 07:30:00
2025-07-21,9:00am,USD,CB Leading Index m/m,Non-economic,-0.3%,-0.2%,0.0%,2025-07-21 09:00:00
2025-07-21,9:30am,CAD,BOC Business Outlook Survey,Non-economic,,,,2025-07-21 09:30:00
2025-07-21,5:45pm,NZD,Trade Balance,Non-economic,142M,1020M,1082M,2025-07-21 17:45:00
2025-07-21,8:30pm,AUD,Monetary Policy Meeting Minutes,Medium,,,,2025-07-21 20:30:00
2025-07-22,1:00am,GBP,Public Sector Net Borrowing,Non-economic,20.7B,17.4B,17.4B,2025-07-22 01:00:00
2025-07-22,4:15am,GBP,BOE Gov Bailey Speaks,High,,,,2025-07-22 04:15:00
2025-07-22,7:30am,USD,Fed Chairman Powell Speaks,Medium,,,,2025-07-22 07:30:00
2025-07-22,8:59am,USD,Richmond Manufacturing Index,Medium,-20,-2,-7,2025-07-22 08:59:00
2025-07-22,3:30pm,USD,API Weekly Statistical Bulletin,Non-economic,,,,2025-07-22 15:30:00
2025-07-22,7:30pm,AUD,MI Leading Index m/m,Non-economic,0.0%,,0.1%,2025-07-22 19:30:00
2025-07-23,12:00am,JPY,BOJ Core CPI y/y,Non-economic,2.3%,2.5%,2.5%,2025-07-23 00:00:00
2025-07-23,4:31am,EUR,German 10-y Bond Auction,Non-economic,2.62|1.5,,2.63|1.6,2025-07-23 04:31:00
2025-07-23,7:30am,CAD,NHPI m/m,Non-economic,-0.2%,0.0%,-0.2%,2025-07-23 07:30:00
2025-07-23,9:00am,EUR,Consumer Confidence,Non-economic,-15,-15,-15,2025-07-23 09:00:00
2025-07-23,9:00am,USD,Existing Home Sales,Medium,3.93M,4.00M,4.04M,2025-07-23 09:00:00
2025-07-23,9:30am,USD,Crude Oil Inventories,Non-economic,-3.2M,-1.4M,-3.9M,2025-07-23 09:30:00
2025-07-23,4:00pm,USD,President Trump Speaks,Medium,,,,2025-07-23 16:00:00
2025-07-23,6:00pm,AUD,Flash Manufacturing PMI,Non-economic,51.6,,50.6,2025-07-23 18:00:00
2025-07-23,6:00pm,AUD,Flash Services PMI,Non-economic,53.8,,51.8,2025-07-23 18:00:00
2025-07-23,7:30pm,JPY,Flash Manufacturing PMI,Non-economic,48.8,50.2,50.1,2025-07-23 19:30:00
2025-07-23,8:30pm,AUD,RBA Bulletin,Non-economic,,,,2025-07-23 20:30:00
2025-07-23,10:05pm,AUD,RBA Gov Bullock Speaks,High,,,,2025-07-23 22:05:00
2025-07-24,1:00am,EUR,German GfK Consumer Climate,Non-economic,-21.5,-19.4,-20.3,2025-07-24 01:00:00
2025-07-24,2:00am,EUR,Spanish Unemployment Rate,Non-economic,10.3%,10.6%,11.4%,2025-07-24 02:00:00
2025-07-24,2:15am,EUR,French Flash Manufacturing PMI,High,48.4,48.5,48.1,2025-07-24 02:15:00
2025-07-24,2:15am,EUR,French Flash Services PMI,High,49.7,49.7,49.6,2025-07-24 02:15:00
2025-07-24,2:30am,EUR,German Flash Manufacturing PMI,High,49.2,49.4,49.0,2025-07-24 02:30:00
2025-07-24,2:30am,EUR,German Flash Services PMI,High,50.1,50.0,49.7,2025-07-24 02:30:00
2025-07-24,3:00am,EUR,Flash Manufacturing PMI,Medium,49.8,49.7,49.5,2025-07-24 03:00:00
2025-07-24,3:00am,EUR,Flash Services PMI,Medium,51.2,50.6,50.5,2025-07-24 03:00:00
2025-07-24,3:30am,GBP,Flash Manufacturing PMI,High,48.2,47.9,47.7,2025-07-24 03:30:00
2025-07-24,3:30am,GBP,Flash Services PMI,High,51.2,52.8,52.8,2025-07-24 03:30:00
2025-07-24,5:00am,GBP,CBI Industrial Order Expectations,Non-economic,-30,-27,-33,2025-07-24 05:00:00
2025-07-24,7:15am,EUR,Main Refinancing Rate,High,2.15%,2.15%,2.15%,2025-07-24 07:15:00
2025-07-24,7:15am,EUR,Monetary Policy Statement,High,,,,2025-07-24 07:15:00
2025-07-24,7:30am,CAD,Core Retail Sales m/m,Medium,-0.2%,-0.2%,-0.3%,2025-07-24 07:30:00
2025-07-24,7:30am,CAD,Retail Sales m/m,Medium,-1.1%,-0.9%,0.4%,2025-07-24 07:30:00
2025-07-24,7:30am,USD,Unemployment Claims,High,217K,227K,221K,2025-07-24 07:30:00
2025-07-24,7:45am,EUR,ECB Press Conference,High,,,,2025-07-24 07:45:00
2025-07-24,8:00am,CNY,CB Leading Index m/m,Non-economic,-0.2%,,-0.1%,2025-07-24 08:00:00
2025-07-24,8:45am,USD,Flash Manufacturing PMI,High,49.5,52.7,52.9,2025-07-24 08:45:00
2025-07-24,8:45am,USD,Flash Services PMI,High,55.2,53.0,52.9,2025-07-24 08:45:00
2025-07-24,9:00am,USD,New Home Sales,Medium,627K,649K,623K,2025-07-24 09:00:00
2025-07-24,9:30am,USD,Natural Gas Storage,Non-economic,23B,28B,46B,2025-07-24 09:30:00
2025-07-24,6:01pm,GBP,GfK Consumer Confidence,Non-economic,-19,-19,-18,2025-07-24 18:01:00
2025-07-24,6:30pm,JPY,Tokyo Core CPI y/y,Medium,2.9%,3.0%,3.1%,2025-07-24 18:30:00
2025-07-24,6:50pm,JPY,SPPI y/y,Non-economic,3.2%,3.2%,3.4%,2025-07-24 18:50:00
2025-07-25,1:00am,GBP,Retail Sales m/m,Medium,0.9%,1.2%,-2.8%,2025-07-25 01:00:00
2025-07-25,3:00am,EUR,German ifo Business Climate,Medium,88.6,89.1,88.4,2025-07-25 03:00:00
2025-07-25,3:00am,EUR,M3 Money Supply y/y,Non-economic,3.3%,3.7%,3.9%,2025-07-25 03:00:00
2025-07-25,3:00am,EUR,Private Loans y/y,Non-economic,2.2%,1.9%,2.0%,2025-07-25 03:00:00
2025-07-25,7:30am,USD,Core Durable Goods Orders m/m,Medium,0.2%,0.1%,0.6%,2025-07-25 07:30:00
2025-07-25,7:30am,USD,Durable Goods Orders m/m,Medium,-9.3%,-10.4%,16.5%,2025-07-25 07:30:00
2025-07-25,7:31am,EUR,Belgian NBB Business Climate,Non-economic,-10.8,-9.8,-10.1,2025-07-25 07:31:00
2025-07-28,All Day,All,OPEC-JMMC Meetings,Medium,,,,2025-07-28 00:00:00
2025-07-28,5:00am,GBP,CBI Realized Sales,Non-economic,-34,-28,-46,2025-07-28 05:00:00
2025-07-28,6:01pm,GBP,BRC Shop Price Index y/y,Non-economic,0.7%,0.2%,0.4%,2025-07-28 18:01:00
2025-07-29,2:00am,EUR,Spanish Flash GDP q/q,Non-economic,0.7%,0.6%,0.6%,2025-07-29 02:00:00
2025-07-29,3:30am,GBP,M4 Money Supply m/m,Non-economic,0.3%,0.3%,0.2%,2025-07-29 03:30:00
2025-07-29,3:30am,GBP,Mortgage Approvals,Non-economic,64K,63K,63K,2025-07-29 03:30:00
2025-07-29,3:30am,GBP,Net Lending to Individuals m/m,Non-economic,6.8B,3.7B,3.1B,2025-07-29 03:30:00
2025-07-29,7:30am,USD,Goods Trade Balance,Non-economic,-86.0B,-98.3B,-96.4B,2025-07-29 07:30:00
2025-07-29,7:30am,USD,Prelim Wholesale Inventories m/m,Non-economic,0.2%,-0.1%,-0.3%,2025-07-29 07:30:00
2025-07-29,8:00am,USD,HPI m/m,Non-economic,-0.2%,-0.1%,-0.3%,2025-07-29 08:00:00
2025-07-29,8:00am,USD,S&P/CS Composite-20 HPI y/y,Non-economic,2.8%,2.9%,3.4%,2025-07-29 08:00:00
2025-07-29,9:00am,USD,JOLTS Job Openings,High,7.44M,7.51M,7.71M,2025-07-29 09:00:00
2025-07-29,9:00am,USD,CB Consumer Confidence,Medium,97.2,95.9,95.2,2025-07-29 09:00:00
2025-07-29,3:30pm,USD,API Weekly Statistical Bulletin,Non-economic,,,,2025-07-29 15:30:00
2025-07-29,8:00pm,NZD,ANZ Business Confidence,Non-economic,47.8,,46.3,2025-07-29 20:00:00
2025-07-29,8:30pm,AUD,CPI m/m,High,0.7%,0.8%,0.9%,2025-07-29 20:30:00
2025-07-29,8:30pm,AUD,CPI y/y,High,1.9%,2.1%,2.1%,2025-07-29 20:30:00
2025-07-29,8:30pm,AUD,Trimmed Mean CPI m/m,High,0.6%,0.7%,0.7%,2025-07-29 20:30:00
2025-07-30,12:30am,EUR,French Consumer Spending m/m,Non-economic,0.6%,-0.3%,0.1%,2025-07-30 00:30:00
2025-07-30,12:30am,EUR,French Flash GDP q/q,Non-economic,0.3%,0.1%,0.1%,2025-07-30 00:30:00
2025-07-30,1:00am,EUR,German Retail Sales m/m,Non-economic,1.0%,0.5%,-0.6%,2025-07-30 01:00:00
2025-07-30,2:00am,CHF,KOF Economic Barometer,Non-economic,101.1,97.9,96.3,2025-07-30 02:00:00
2025-07-30,2:00am,EUR,Spanish Flash CPI y/y,Medium,2.7%,2.3%,2.3%,2025-07-30 02:00:00
2025-07-30,3:00am,CHF,UBS Economic Expectations,Non-economic,2.4,,-2.1,2025-07-30 03:00:00
2025-07-30,3:00am,EUR,German Prelim GDP q/q,High,-0.1%,-0.1%,0.4%,2025-07-30 03:00:00
2025-07-30,3:00am,EUR,Italian Prelim GDP q/q,Non-economic,-0.1%,0.1%,0.3%,2025-07-30 03:00:00
2025-07-30,4:00am,EUR,Prelim Flash GDP q/q,Non-economic,0.1%,0.0%,0.6%,2025-07-30 04:00:00
2025-07-30,4:07am,EUR,Italian 10-y Bond Auction,Non-economic,3.52|1.6,,3.48|1.5,2025-07-30 04:07:00
2025-07-30,7:15am,USD,ADP Non-Farm Employment Change,High,104K,77K,-23K,2025-07-30 07:15:00
2025-07-30,7:30am,USD,Advance GDP q/q,High,3.0%,2.5%,-0.5%,2025-07-30 07:30:00
2025-07-30,7:30am,USD,Advance GDP Price Index q/q,Medium,2.0%,2.2%,3.8%,2025-07-30 07:30:00
2025-07-30,8:45am,CAD,BOC Monetary Policy Report,High,,,,2025-07-30 08:45:00
2025-07-30,8:45am,CAD,BOC Rate Statement,High,,,,2025-07-30 08:45:00
2025-07-30,8:45am,CAD,Overnight Rate,High,2.75%,2.75%,2.75%,2025-07-30 08:45:00
2025-07-30,9:00am,USD,Pending Home Sales m/m,Medium,-0.8%,0.2%,1.8%,2025-07-30 09:00:00
2025-07-30,9:30am,CAD,BOC Press Conference,High,,,,2025-07-30 09:30:00
2025-07-30,9:30am,USD,Crude Oil Inventories,Non-economic,7.7M,-2.3M,-3.2M,2025-07-30 09:30:00
2025-07-30,1:00pm,USD,Federal Funds Rate,High,4.50%,4.50%,4.50%,2025-07-30 13:00:00
2025-07-30,1:00pm,USD,FOMC Statement,High,,,,2025-07-30 13:00:00
2025-07-30,1:30pm,USD,FOMC Press Conference,High,,,,2025-07-30 13:30:00
2025-07-30,3:00pm,USD,President Trump Speaks,Medium,,,,2025-07-30 15:00:00
2025-07-30,6:20pm,AUD,RBA Deputy Gov Hauser Speaks,Non-economic,,,,2025-07-30 18:20:00
2025-07-30,6:50pm,JPY,Prelim Industrial Production m/m,Non-economic,1.7%,-0.7%,-0.1%,2025-07-30 18:50:00
2025-07-30,6:50pm,JPY,Retail Sales y/y,Non-economic,2.0%,1.8%,1.9%,2025-07-30 18:50:00
2025-07-30,8:30pm,AUD,Retail Sales m/m,Medium,1.2%,0.4%,0.5%,2025-07-30 20:30:00
2025-07-30,8:30pm,AUD,Building Approvals m/m,Non-economic,11.9%,1.8%,2.2%,2025-07-30 20:30:00
2025-07-30,8:30pm,AUD,Import Prices q/q,Non-economic,-0.8%,-0.5%,3.3%,2025-07-30 20:30:00
2025-07-30,8:30pm,AUD,Private Sector Credit m/m,Non-economic,0.6%,0.5%,0.6%,2025-07-30 20:30:00
2025-07-30,8:30pm,CNY,Manufacturing PMI,High,49.3,49.7,49.7,2025-07-30 20:30:00
2025-07-30,8:30pm,CNY,Non-Manufacturing PMI,Medium,50.1,50.3,50.5,2025-07-30 20:30:00
2025-07-30,9:57pm,JPY,BOJ Outlook Report,High,,,,2025-07-30 21:57:00
2025-07-30,9:57pm,JPY,BOJ Policy Rate,High,<0.50%,<0.50%,<0.50%,2025-07-30 21:57:00
2025-07-30,9:57pm,JPY,Monetary Policy Statement,High,,,,2025-07-30 21:57:00
2025-07-31,12:00am,JPY,Consumer Confidence,Non-economic,33.7,35.1,34.5,2025-07-31 00:00:00
2025-07-31,12:00am,JPY,Housing Starts y/y,Non-economic,-15.6%,-16.3%,-34.4%,2025-07-31 00:00:00
2025-07-31,1:00am,EUR,German Import Prices m/m,Non-economic,0.0%,-0.2%,-0.7%,2025-07-31 01:00:00
2025-07-31,All Day,EUR,German Prelim CPI m/m,Medium,0.3%,0.2%,0.0%,2025-07-31 00:00:00
2025-07-31,1:30am,CHF,Retail Sales y/y,Non-economic,3.8%,0.2%,0.3%,2025-07-31 01:30:00
2025-07-31,1:30am,JPY,BOJ Press Conference,High,,,,2025-07-31 01:30:00
2025-07-31,1:45am,EUR,French Prelim CPI m/m,Non-economic,0.2%,0.3%,0.4%,2025-07-31 01:45:00
2025-07-31,2:55am,EUR,German Unemployment Change,Non-economic,2K,15K,10K,2025-07-31 02:55:00
2025-07-31,2:59am,EUR,Italian Monthly Unemployment Rate,Non-economic,6.3%,6.4%,6.5%,2025-07-31 02:59:00
2025-07-31,4:00am,EUR,Italian Prelim CPI m/m,Non-economic,0.4%,0.1%,0.2%,2025-07-31 04:00:00
2025-07-31,4:00am,EUR,Unemployment Rate,Non-economic,6.2%,6.3%,6.2%,2025-07-31 04:00:00
2025-07-31,6:30am,USD,Challenger Job Cuts y/y,Non-economic,139.8%,,-1.6%,2025-07-31 06:30:00
2025-07-31,7:30am,CAD,GDP m/m,High,-0.1%,-0.1%,-0.1%,2025-07-31 07:30:00
2025-07-31,7:30am,USD,Core PCE Price Index m/m,High,0.3%,0.3%,0.2%,2025-07-31 07:30:00
2025-07-31,7:30am,USD,Employment Cost Index q/q,High,0.9%,0.8%,0.9%,2025-07-31 07:30:00
2025-07-31,7:30am,USD,Unemployment Claims,High,218K,222K,217K,2025-07-31 07:30:00
2025-07-31,7:30am,USD,Personal Income m/m,Non-economic,0.3%,0.2%,-0.4%,2025-07-31 07:30:00
2025-07-31,7:30am,USD,Personal Spending m/m,Non-economic,0.3%,0.4%,0.0%,2025-07-31 07:30:00
2025-07-31,8:45am,USD,Chicago PMI,Non-economic,47.1,41.9,40.4,2025-07-31 08:45:00
2025-07-31,9:30am,USD,Natural Gas Storage,Non-economic,48B,37B,23B,2025-07-31 09:30:00
2025-07-31,5:45pm,NZD,Building Consents m/m,Non-economic,-6.4%,,10.3%,2025-07-31 17:45:00
2025-07-31,6:30pm,JPY,Unemployment Rate,Non-economic,2.5%,2.5%,2.5%,2025-07-31 18:30:00
2025-07-31,7:30pm,JPY,Final Manufacturing PMI,Non-economic,48.9,48.8,48.8,2025-07-31 19:30:00
2025-07-31,8:30pm,AUD,PPI q/q,Non-economic,0.7%,0.9%,0.9%,2025-07-31 20:30:00
2025-07-31,8:45pm,CNY,RatingDog Manufacturing PMI,Non-economic,49.5,50.2,50.4,2025-07-31 20:45:00
2025-08-01,All Day,CHF,Bank Holiday,Low,,,,2025-08-01 00:00:00
2025-08-01,1:00am,GBP,Nationwide HPI m/m,Non-economic,0.6%,0.5%,-0.9%,2025-08-01 01:00:00
2025-08-01,1:30am,AUD,Commodity Prices y/y,Non-economic,-9.0%,,-10.0%,2025-08-01 01:30:00
2025-08-01,2:15am,EUR,Spanish Manufacturing PMI,Non-economic,51.9,51.7,51.4,2025-08-01 02:15:00
2025-08-01,2:45am,EUR,Italian Manufacturing PMI,Non-economic,49.8,48.7,48.4,2025-08-01 02:45:00
2025-08-01,2:50am,EUR,French Final Manufacturing PMI,Non-economic,48.2,48.4,48.4,2025-08-01 02:50:00
2025-08-01,2:55am,EUR,German Final Manufacturing PMI,Non-economic,49.1,49.2,49.2,2025-08-01 02:55:00
2025-08-01,3:00am,EUR,Final Manufacturing PMI,Non-economic,49.8,49.8,49.8,2025-08-01 03:00:00
2025-08-01,3:00am,EUR,Italian Retail Sales m/m,Non-economic,0.6%,0.3%,-0.4%,2025-08-01 03:00:00
2025-08-01,3:30am,GBP,Final Manufacturing PMI,Non-economic,48.0,48.2,48.2,2025-08-01 03:30:00
2025-08-01,4:00am,EUR,Core CPI Flash Estimate y/y,Medium,2.3%,2.3%,2.3%,2025-08-01 04:00:00
2025-08-01,4:00am,EUR,CPI Flash Estimate y/y,Medium,2.0%,1.9%,2.0%,2025-08-01 04:00:00
2025-08-01,7:30am,USD,Average Hourly Earnings m/m,High,0.3%,0.3%,0.2%,2025-08-01 07:30:00
2025-08-01,7:30am,USD,Non-Farm Employment Change,High,73K,106K,14K,2025-08-01 07:30:00
2025-08-01,7:30am,USD,Unemployment Rate,High,4.2%,4.2%,4.1%,2025-08-01 07:30:00
2025-08-01,8:30am,CAD,Manufacturing PMI,Non-economic,46.1,,45.6,2025-08-01 08:30:00
2025-08-01,8:45am,USD,Final Manufacturing PMI,Non-economic,49.8,49.7,49.5,2025-08-01 08:45:00
2025-08-01,9:00am,USD,ISM Manufacturing PMI,High,48.0,49.5,49.0,2025-08-01 09:00:00
2025-08-01,9:00am,USD,ISM Manufacturing Prices,Medium,64.8,69.9,69.7,2025-08-01 09:00:00
2025-08-01,9:00am,USD,Revised UoM Consumer Sentiment,Medium,61.7,62.0,61.8,2025-08-01 09:00:00
2025-08-01,9:00am,USD,Construction Spending m/m,Non-economic,-0.4%,0.0%,-0.4%,2025-08-01 09:00:00
2025-08-01,9:00am,USD,Revised UoM Inflation Expectations,Non-economic,4.5%,,4.4%,2025-08-01 09:00:00
2025-08-01,All Day,USD,Wards Total Vehicle Sales,Non-economic,16.4M,16.0M,15.3M,2025-08-01 00:00:00
2025-08-03,All Day,AUD,Bank Holiday,Low,,,,2025-08-03 00:00:00
2025-08-03,6:50pm,JPY,Monetary Base y/y,Non-economic,-3.9%,-2.8%,-3.5%,2025-08-03 18:50:00
2025-08-03,8:00pm,AUD,MI Inflation Gauge m/m,Non-economic,0.9%,,0.1%,2025-08-03 20:00:00
2025-08-04,1:30am,CHF,CPI m/m,High,0.0%,-0.2%,0.2%,2025-08-04 01:30:00
2025-08-04,2:00am,EUR,Spanish Unemployment Change,Non-economic,-1.4K,-21.3K,-48.9K,2025-08-04 02:00:00
2025-08-04,2:30am,CHF,Manufacturing PMI,Non-economic,48.8,49.8,49.6,2025-08-04 02:30:00
2025-08-04,3:30am,EUR,Sentix Investor Confidence,Non-economic,-3.7,6.2,4.5,2025-08-04 03:30:00
2025-08-04,All Day,CAD,Bank Holiday,Low,,,,2025-08-04 00:00:00
2025-08-04,9:00am,USD,Factory Orders m/m,Non-economic,-4.8%,-4.9%,8.3%,2025-08-04 09:00:00
2025-08-04,1:00pm,USD,Loan Officer Survey,Non-economic,,,,2025-08-04 13:00:00
2025-08-04,6:50pm,JPY,Monetary Policy Meeting Minutes,Non-economic,,,,2025-08-04 18:50:00
2025-08-04,8:00pm,NZD,ANZ Commodity Prices m/m,Non-economic,-1.8%,,-2.4%,2025-08-04 20:00:00
2025-08-04,8:30pm,AUD,ANZ Job Advertisements m/m,Non-economic,-1.0%,,1.6%,2025-08-04 20:30:00
2025-08-04,8:30pm,AUD,Household Spending m/m,Non-economic,0.5%,0.8%,1.0%,2025-08-04 20:30:00
2025-08-04,8:45pm,CNY,RatingDog Services PMI,Non-economic,52.6,50.4,50.6,2025-08-04 20:45:00
2025-08-04,10:35pm,JPY,10-y Bond Auction,Non-economic,1.46|3.1,,1.44|3.5,2025-08-04 22:35:00
2025-08-05,1:45am,EUR,French Gov Budget Balance,Non-economic,-100.4B,,-94.0B,2025-08-05 01:45:00
2025-08-05,1:45am,EUR,French Industrial Production m/m,Non-economic,3.8%,0.8%,-0.7%,2025-08-05 01:45:00
2025-08-05,2:15am,EUR,Spanish Services PMI,Non-economic,55.1,52.6,51.9,2025-08-05 02:15:00
2025-08-05,2:45am,EUR,Italian Services PMI,Non-economic,52.3,52.5,52.1,2025-08-05 02:45:00
2025-08-05,2:50am,EUR,French Final Services PMI,Non-economic,48.5,49.7,49.7,2025-08-05 02:50:00
2025-08-05,2:55am,EUR,German Final Services PMI,Non-economic,50.6,50.1,50.1,2025-08-05 02:55:00
2025-08-05,3:00am,EUR,Final Services PMI,Non-economic,51.0,51.2,51.2,2025-08-05 03:00:00
2025-08-05,3:30am,GBP,Final Services PMI,Non-economic,51.8,51.2,51.2,2025-08-05 03:30:00
2025-08-05,4:00am,EUR,PPI m/m,Non-economic,0.8%,0.9%,-0.6%,2025-08-05 04:00:00
2025-08-05,4:02am,GBP,10-y Bond Auction,Non-economic,4.52|3.3,,4.64|2.9,2025-08-05 04:02:00
2025-08-05,7:00am,USD,President Trump Speaks,Medium,,,,2025-08-05 07:00:00
2025-08-05,7:30am,CAD,Trade Balance,Non-economic,-5.9B,-5.8B,-5.5B,2025-08-05 07:30:00
2025-08-05,7:30am,USD,Trade Balance,Non-economic,-60.2B,-62.6B,-71.7B,2025-08-05 07:30:00
2025-08-05,8:45am,USD,Final Services PMI,Non-economic,55.7,55.2,55.2,2025-08-05 08:45:00
2025-08-05,9:00am,USD,ISM Services PMI,High,50.1,51.5,50.8,2025-08-05 09:00:00
2025-08-05,9:01am,USD,RCM/TIPP Economic Optimism,Non-economic,50.9,49.2,48.6,2025-08-05 09:01:00
2025-08-05,10:29am,NZD,GDT Price Index,Non-economic,0.7%,,1.1%,2025-08-05 10:29:00
2025-08-05,3:30pm,USD,API Weekly Statistical Bulletin,Non-economic,,,,2025-08-05 15:30:00
2025-08-05,5:45pm,NZD,Employment Change q/q,High,-0.1%,-0.1%,0.0%,2025-08-05 17:45:00
2025-08-05,5:45pm,NZD,Unemployment Rate,High,5.2%,5.3%,5.1%,2025-08-05 17:45:00
2025-08-05,5:45pm,NZD,Labor Cost Index q/q,Non-economic,0.6%,0.5%,0.4%,2025-08-05 17:45:00
2025-08-05,6:30pm,JPY,Average Cash Earnings y/y,Non-economic,2.5%,3.1%,1.4%,2025-08-05 18:30:00
2025-08-06,1:00am,EUR,German Factory Orders m/m,Non-economic,-1.0%,1.2%,-0.8%,2025-08-06 01:00:00
2025-08-06,1:45am,EUR,French Prelim Private Payrolls q/q,Non-economic,0.0%,0.1%,-0.1%,2025-08-06 01:45:00
2025-08-06,3:00am,EUR,Italian Industrial Production m/m,Non-economic,0.2%,-0.1%,-0.8%,2025-08-06 03:00:00
2025-08-06,3:30am,GBP,Construction PMI,Non-economic,44.3,48.9,48.8,2025-08-06 03:30:00
2025-08-06,4:00am,EUR,Retail Sales m/m,Non-economic,0.3%,0.4%,-0.3%,2025-08-06 04:00:00
2025-08-06,9:30am,USD,Crude Oil Inventories,Non-economic,-3.0M,0.2M,7.7M,2025-08-06 09:30:00
2025-08-06,12:01pm,USD,10-y Bond Auction,Non-economic,4.26|2.4,,4.36|2.6,2025-08-06 12:01:00
2025-08-06,1:00pm,USD,FOMC Member Collins Speaks,Non-economic,,,,2025-08-06 13:00:00
2025-08-06,1:00pm,USD,FOMC Member Cook Speaks,Non-economic,,,,2025-08-06 13:00:00
2025-08-06,3:10pm,USD,FOMC Member Daly Speaks,Non-economic,,,,2025-08-06 15:10:00
2025-08-06,8:30pm,AUD,Goods Trade Balance,Non-economic,5.37B,3.18B,1.60B,2025-08-06 20:30:00
2025-08-06,10:00pm,NZD,Inflation Expectations q/q,Medium,2.28%,,2.29%,2025-08-06 22:00:00
2025-08-06,10:01pm,CNY,Trade Balance,Non-economic,705B,756B,826B,2025-08-06 22:01:00
2025-08-06,10:02pm,CNY,USD-Denominated Trade Balance,Non-economic,98.2B,105.2B,114.8B,2025-08-06 22:02:00
2025-08-06,10:35pm,JPY,30-y Bond Auction,Non-economic,3.09|3.4,,2.81|3.6,2025-08-06 22:35:00
2025-08-07,12:00am,JPY,Leading Indicators,Non-economic,106.1%,106.0%,104.8%,2025-08-07 00:00:00
2025-08-07,1:00am,EUR,German Industrial Production m/m,Non-economic,-1.9%,-0.4%,-0.1%,2025-08-07 01:00:00
2025-08-07,1:00am,EUR,German Trade Balance,Non-economic,14.9B,17.8B,18.5B,2025-08-07 01:00:00
2025-08-07,1:00am,GBP,Halifax HPI m/m,Non-economic,0.4%,0.1%,0.1%,2025-08-07 01:00:00
2025-08-07,1:45am,EUR,French Trade Balance,Non-economic,-7.6B,-7.5B,-7.6B,2025-08-07 01:45:00
2025-08-07,2:00am,CHF,Foreign Currency Reserves,Non-economic,716B,,713B,2025-08-07 02:00:00
2025-08-07,2:00am,CHF,Unemployment Rate,Non-economic,2.9%,2.9%,2.9%,2025-08-07 02:00:00
2025-08-07,3:00am,EUR,ECB Economic Bulletin,Non-economic,,,,2025-08-07 03:00:00
2025-08-07,3:45am,EUR,Spanish 10-y Bond Auction,Non-economic,3.20|2.1,,3.30|2.0,2025-08-07 03:45:00
2025-08-07,3:58am,EUR,French 10-y Bond Auction,Non-economic,3.41|2.9,,3.27|2.3,2025-08-07 03:58:00
2025-08-07,6:00am,GBP,BOE Monetary Policy Report,High,,,,2025-08-07 06:00:00
2025-08-07,6:00am,GBP,Monetary Policy Summary,High,,,,2025-08-07 06:00:00
2025-08-07,6:00am,GBP,MPC Official Bank Rate Votes,High,0-5-4,0-8-1,0-3-6,2025-08-07 06:00:00
2025-08-07,6:00am,GBP,Official Bank Rate,High,4.00%,4.00%,4.25%,2025-08-07 06:00:00
2025-08-07,6:30am,GBP,BOE Gov Bailey Speaks,High,,,,2025-08-07 06:30:00
2025-08-07,7:30am,USD,Unemployment Claims,High,226K,221K,219K,2025-08-07 07:30:00
2025-08-07,7:30am,USD,Prelim Nonfarm Productivity q/q,Non-economic,2.4%,1.9%,-1.5%,2025-08-07 07:30:00
2025-08-07,7:30am,USD,Prelim Unit Labor Costs q/q,Non-economic,1.6%,1.6%,6.6%,2025-08-07 07:30:00
2025-08-07,9:00am,CAD,Ivey PMI,Medium,55.8,55.2,53.3,2025-08-07 09:00:00
2025-08-07,9:00am,USD,Final Wholesale Inventories m/m,Non-economic,0.1%,0.2%,0.2%,2025-08-07 09:00:00
2025-08-07,9:00am,USD,FOMC Member Bostic Speaks,Non-economic,,,,2025-08-07 09:00:00
2025-08-07,9:30am,USD,Natural Gas Storage,Non-economic,7B,10B,48B,2025-08-07 09:30:00
2025-08-07,12:01pm,USD,30-y Bond Auction,Non-economic,4.81|2.3,,4.89|2.4,2025-08-07 12:01:00
2025-08-07,2:00pm,USD,Consumer Credit m/m,Non-economic,7.4B,7.4B,5.1B,2025-08-07 14:00:00
2025-08-07,3:00pm,USD,President Trump Speaks,Medium,,,,2025-08-07 15:00:00
2025-08-07,6:30pm,JPY,Household Spending y/y,Non-economic,1.3%,2.8%,4.7%,2025-08-07 18:30:00
2025-08-07,6:50pm,JPY,Bank Lending y/y,Non-economic,3.2%,2.7%,2.7%,2025-08-07 18:50:00
2025-08-07,6:50pm,JPY,BOJ Summary of Opinions,Non-economic,,,,2025-08-07 18:50:00
2025-08-07,6:50pm,JPY,Current Account,Non-economic,2.40T,2.76T,2.82T,2025-08-07 18:50:00
2025-08-08,12:00am,JPY,Economy Watchers Sentiment,Non-economic,45.2,45.5,45.0,2025-08-08 00:00:00
2025-08-08,2:00am,CHF,SECO Consumer Climate,Non-economic,-33,-30,-32,2025-08-08 02:00:00
2025-08-08,6:15am,GBP,MPC Member Pill Speaks,Non-economic,,,,2025-08-08 06:15:00
2025-08-08,7:30am,CAD,Employment Change,High,-40.8K,15.3K,83.1K,2025-08-08 07:30:00
2025-08-08,7:30am,CAD,Unemployment Rate,High,6.9%,7.0%,6.9%,2025-08-08 07:30:00
2025-08-08,9:20am,USD,FOMC Member Musalem Speaks,Non-economic,,,,2025-08-08 09:20:00
2025-08-08,8:30pm,CNY,CPI y/y,Medium,0.0%,-0.1%,0.1%,2025-08-08 20:30:00
2025-08-08,8:30pm,CNY,PPI y/y,Medium,-3.6%,-3.3%,-3.6%,2025-08-08 20:30:00
2025-08-09,11:15am,USD,FOMC Member Bowman Speaks,Non-economic,,,,2025-08-09 11:15:00
2025-08-10,All Day,JPY,Bank Holiday,Low,,,,2025-08-10 00:00:00
2025-08-11,4:00am,EUR,Italian Trade Balance,Non-economic,5.41B,7.12B,6.10B,2025-08-11 04:00:00
2025-08-11,8:35am,USD,Cleveland Fed Inflation Expectations,Non-economic,3.5%,,3.9%,2025-08-11 08:35:00
2025-08-11,9:00am,USD,President Trump Speaks,Medium,,,,2025-08-11 09:00:00
2025-08-11,6:01pm,GBP,BRC Retail Sales Monitor y/y,Non-economic,1.8%,2.1%,2.7%,2025-08-11 18:01:00
2025-08-11,6:50pm,JPY,M2 Money Stock y/y,Non-economic,1.0%,0.8%,0.9%,2025-08-11 18:50:00
2025-08-11,8:30pm,AUD,NAB Business Confidence,Non-economic,7,,5,2025-08-11 20:30:00
2025-08-11,11:30pm,AUD,Cash Rate,High,3.60%,3.60%,3.85%,2025-08-11 23:30:00
2025-08-11,11:30pm,AUD,RBA Monetary Policy Statement,High,,,,2025-08-11 23:30:00
2025-08-11,11:30pm,AUD,RBA Rate Statement,High,,,,2025-08-11 23:30:00
2025-08-12,12:30am,AUD,RBA Press Conference,High,,,,2025-08-12 00:30:00
2025-08-12,1:00am,GBP,Average Earnings Index 3m/y,Medium,4.6%,4.7%,5.0%,2025-08-12 01:00:00
2025-08-12,1:00am,GBP,Claimant Count Change,Medium,-6.2K,19.7K,-15.5K,2025-08-12 01:00:00
2025-08-12,1:00am,GBP,Unemployment Rate,Non-economic,4.7%,4.7%,4.7%,2025-08-12 01:00:00
2025-08-12,4:00am,EUR,German ZEW Economic Sentiment,Medium,34.7,39.5,52.7,2025-08-12 04:00:00
2025-08-12,4:00am,EUR,ZEW Economic Sentiment,Non-economic,25.1,28.1,36.1,2025-08-12 04:00:00
2025-08-12,5:00am,USD,NFIB Small Business Index,Non-economic,100.3,98.9,98.6,2025-08-12 05:00:00
2025-08-12,7:30am,CAD,Building Permits m/m,Non-economic,-9.0%,-3.9%,12.8%,2025-08-12 07:30:00
2025-08-12,7:30am,USD,Core CPI m/m,High,0.3%,0.3%,0.2%,2025-08-12 07:30:00
2025-08-12,7:30am,USD,CPI m/m,High,0.2%,0.2%,0.3%,2025-08-12 07:30:00
2025-08-12,7:30am,USD,CPI y/y,High,2.7%,2.8%,2.7%,2025-08-12 07:30:00
2025-08-12,9:00am,USD,FOMC Member Barkin Speaks,Non-economic,,,,2025-08-12 09:00:00
2025-08-12,9:30am,USD,FOMC Member Schmid Speaks,Non-economic,,,,2025-08-12 09:30:00
2025-08-12,1:00pm,USD,Federal Budget Balance,Non-economic,-291.1B,-206.7B,27.0B,2025-08-12 13:00:00
2025-08-12,3:30pm,USD,API Weekly Statistical Bulletin,Non-economic,,,,2025-08-12 15:30:00
2025-08-12,6:50pm,JPY,PPI y/y,Non-economic,2.6%,2.5%,2.9%,2025-08-12 18:50:00
2025-08-12,8:30pm,AUD,Wage Price Index q/q,High,0.8%,0.8%,0.9%,2025-08-12 20:30:00
2025-08-13,12:56am,JPY,Prelim Machine Tool Orders y/y,Non-economic,3.6%,,-0.5%,2025-08-13 00:56:00
2025-08-13,1:00am,EUR,German Final CPI m/m,Non-economic,0.3%,0.3%,0.3%,2025-08-13 01:00:00
2025-08-13,1:00am,EUR,German WPI m/m,Non-economic,-0.1%,0.2%,0.2%,2025-08-13 01:00:00
2025-08-13,4:02am,CNY,M2 Money Supply y/y,Non-economic,8.8%,8.3%,8.3%,2025-08-13 04:02:00
2025-08-13,4:03am,CNY,New Loans,Medium,-50B,305B,2240B,2025-08-13 04:03:00
2025-08-13,4:33am,EUR,German 10-y Bond Auction,Non-economic,2.69|1.4,,2.62|1.5,2025-08-13 04:33:00
2025-08-13,7:00am,USD,FOMC Member Barkin Speaks,Non-economic,,,,2025-08-13 07:00:00
2025-08-13,9:30am,USD,Crude Oil Inventories,Non-economic,3.0M,-0.9M,-3.0M,2025-08-13 09:30:00
2025-08-13,10:15am,USD,President Trump Speaks,Medium,,,,2025-08-13 10:15:00
2025-08-13,12:00pm,USD,FOMC Member Goolsbee Speaks,Non-economic,,,,2025-08-13 12:00:00
2025-08-13,12:30pm,CAD,BOC Summary of Deliberations,Non-economic,,,,2025-08-13 12:30:00
2025-08-13,12:30pm,USD,FOMC Member Bostic Speaks,Non-economic,,,,2025-08-13 12:30:00
2025-08-13,6:01pm,GBP,RICS House Price Balance,Non-economic,-13%,-4%,-7%,2025-08-13 18:01:00
2025-08-13,8:30pm,AUD,Employment Change,High,24.5K,25.3K,1.0K,2025-08-13 20:30:00
2025-08-13,8:30pm,AUD,Unemployment Rate,High,4.2%,4.2%,4.3%,2025-08-13 20:30:00
2025-08-14,1:00am,GBP,GDP m/m,High,0.4%,0.2%,-0.1%,2025-08-14 01:00:00
2025-08-14,1:00am,GBP,Prelim GDP q/q,Medium,0.3%,0.1%,0.7%,2025-08-14 01:00:00
2025-08-14,1:00am,GBP,Construction Output m/m,Non-economic,0.3%,0.3%,-0.5%,2025-08-14 01:00:00
2025-08-14,1:00am,GBP,Goods Trade Balance,Non-economic,-22.2B,-21.7B,-22.1B,2025-08-14 01:00:00
2025-08-14,1:00am,GBP,Index of Services 3m/3m,Non-economic,0.4%,0.2%,0.5%,2025-08-14 01:00:00
2025-08-14,1:00am,GBP,Industrial Production m/m,Non-economic,0.7%,0.3%,-1.3%,2025-08-14 01:00:00
2025-08-14,1:00am,GBP,Manufacturing Production m/m,Non-economic,0.5%,0.4%,-1.0%,2025-08-14 01:00:00
2025-08-14,1:00am,GBP,Prelim Business Investment q/q,Non-economic,-4.0%,0.1%,3.9%,2025-08-14 01:00:00
2025-08-14,1:30am,CHF,PPI m/m,Non-economic,-0.2%,0.0%,-0.1%,2025-08-14 01:30:00
2025-08-14,1:45am,EUR,French Final CPI m/m,Non-economic,0.2%,0.2%,0.2%,2025-08-14 01:45:00
2025-08-14,4:00am,EUR,Flash Employment Change q/q,Non-economic,0.1%,0.2%,0.2%,2025-08-14 04:00:00
2025-08-14,4:00am,EUR,Flash GDP q/q,Non-economic,0.1%,0.1%,0.1%,2025-08-14 04:00:00
2025-08-14,4:00am,EUR,Industrial Production m/m,Non-economic,-1.3%,-0.9%,1.1%,2025-08-14 04:00:00
2025-08-14,All Day,EUR,Eurogroup Meetings,Non-economic,,,,2025-08-14 00:00:00
2025-08-14,7:30am,USD,Core PPI m/m,High,0.9%,0.2%,0.0%,2025-08-14 07:30:00
2025-08-14,7:30am,USD,PPI m/m,High,0.9%,0.2%,0.0%,2025-08-14 07:30:00
2025-08-14,7:30am,USD,Unemployment Claims,High,224K,225K,227K,2025-08-14 07:30:00
2025-08-14,8:30am,GBP,CB Leading Index m/m,Non-economic,-0.1%,,-0.1%,2025-08-14 08:30:00
2025-08-14,9:10am,USD,FOMC Member Musalem Speaks,Non-economic,,,,2025-08-14 09:10:00
2025-08-14,9:30am,AUD,CB Leading Index m/m,Non-economic,0.5%,,0.2%,2025-08-14 09:30:00
2025-08-14,9:30am,USD,Natural Gas Storage,Non-economic,56B,53B,7B,2025-08-14 09:30:00
2025-08-14,10:50am,USD,Mortgage Delinquencies,Non-economic,3.93%,,4.04%,2025-08-14 10:50:00
2025-08-14,12:00pm,USD,President Trump Speaks,Medium,,,,2025-08-14 12:00:00
2025-08-14,1:00pm,USD,FOMC Member Barkin Speaks,Non-economic,,,,2025-08-14 13:00:00
2025-08-14,5:30pm,NZD,BusinessNZ Manufacturing Index,Non-economic,52.8,,49.2,2025-08-14 17:30:00
2025-08-14,5:45pm,NZD,FPI m/m,Non-economic,0.7%,,1.2%,2025-08-14 17:45:00
2025-08-14,5:45pm,NZD,Visitor Arrivals m/m,Non-economic,-2.5%,,-0.5%,2025-08-14 17:45:00
2025-08-14,6:50pm,JPY,Prelim GDP Price Index y/y,Non-economic,3.0%,3.1%,3.3%,2025-08-14 18:50:00
2025-08-14,6:50pm,JPY,Prelim GDP q/q,Non-economic,0.3%,0.1%,0.0%,2025-08-14 18:50:00
2025-08-14,8:30pm,CNY,New Home Prices m/m,Non-economic,-0.31%,,-0.27%,2025-08-14 20:30:00
2025-08-14,9:00pm,CNY,Industrial Production y/y,Medium,5.7%,6.0%,6.8%,2025-08-14 21:00:00
2025-08-14,9:00pm,CNY,Retail Sales y/y,Medium,3.7%,4.6%,4.8%,2025-08-14 21:00:00
2025-08-14,9:00pm,CNY,Fixed Asset Investment ytd/y,Non-economic,1.6%,2.7%,2.8%,2025-08-14 21:00:00
2025-08-14,9:00pm,CNY,NBS Press Conference,Non-economic,,,,2025-08-14 21:00:00
2025-08-14,9:00pm,CNY,Unemployment Rate,Non-economic,5.2%,5.1%,5.0%,2025-08-14 21:00:00
2025-08-14,11:30pm,JPY,Revised Industrial Production m/m,Non-economic,2.1%,1.7%,1.7%,2025-08-14 23:30:00
2025-08-15,All Day,EUR,French Bank Holiday,Low,,,,2025-08-15 00:00:00
2025-08-15,All Day,EUR,Italian Bank Holiday,Low,,,,2025-08-15 00:00:00
2025-08-15,All Day,EUR,ECOFIN Meetings,Non-economic,,,,2025-08-15 00:00:00
2025-08-15,7:30am,CAD,Manufacturing Sales m/m,Non-economic,0.3%,0.4%,-1.5%,2025-08-15 07:30:00
2025-08-15,7:30am,CAD,Wholesale Sales m/m,Non-economic,0.7%,0.7%,0.0%,2025-08-15 07:30:00
2025-08-15,7:30am,USD,Core Retail Sales m/m,High,0.3%,0.3%,0.8%,2025-08-15 07:30:00
2025-08-15,7:30am,USD,Retail Sales m/m,High,0.5%,0.6%,0.9%,2025-08-15 07:30:00
2025-08-15,7:30am,USD,Empire State Manufacturing Index,Medium,11.9,-1.2,5.5,2025-08-15 07:30:00
2025-08-15,7:30am,USD,Import Prices m/m,Non-economic,0.4%,0.1%,-0.1%,2025-08-15 07:30:00
2025-08-15,8:15am,USD,Capacity Utilization Rate,Non-economic,77.5%,77.6%,77.7%,2025-08-15 08:15:00
2025-08-15,8:15am,USD,Industrial Production m/m,Non-economic,-0.1%,0.0%,0.4%,2025-08-15 08:15:00
2025-08-15,9:00am,USD,Prelim UoM Consumer Sentiment,High,58.6,61.9,61.7,2025-08-15 09:00:00
2025-08-15,9:00am,USD,Prelim UoM Inflation Expectations,High,4.9%,,4.5%,2025-08-15 09:00:00
2025-08-15,9:00am,USD,Business Inventories m/m,Non-economic,0.2%,0.2%,0.0%,2025-08-15 09:00:00
2025-08-15,3:00pm,USD,TIC Long-Term Purchases,Non-economic,150.8B,57.2B,266.8B,2025-08-15 15:00:00
2025-08-15,5:55pm,USD,President Trump Speaks,High,,,,2025-08-15 17:55:00
2025-08-17,5:30pm,NZD,BusinessNZ Services Index,Non-economic,48.9,,47.6,2025-08-17 17:30:00
2025-08-17,6:01pm,GBP,Rightmove HPI m/m,Non-economic,-1.3%,,-1.2%,2025-08-17 18:01:00
2025-08-17,11:30pm,JPY,Tertiary Industry Activity m/m,Non-economic,0.5%,0.2%,0.3%,2025-08-17 23:30:00
2025-08-18,4:00am,EUR,Trade Balance,Non-economic,2.8B,18.1B,15.6B,2025-08-18 04:00:00
2025-08-18,7:15am,CAD,Housing Starts,Non-economic,294K,264K,284K,2025-08-18 07:15:00
2025-08-18,7:30am,CAD,Foreign Securities Purchases,Non-economic,0.71B,-4.75B,-6.29B,2025-08-18 07:30:00
2025-08-18,9:00am,USD,NAHB Housing Market Index,Non-economic,32,34,33,2025-08-18 09:00:00
2025-08-18,5:45pm,NZD,PPI Input q/q,Non-economic,0.6%,1.4%,2.9%,2025-08-18 17:45:00
2025-08-18,5:45pm,NZD,PPI Output q/q,Non-economic,0.6%,1.0%,2.1%,2025-08-18 17:45:00
2025-08-18,6:48pm,AUD,Westpac Consumer Sentiment,Non-economic,5.7%,,0.6%,2025-08-18 18:48:00
2025-08-19,3:00am,EUR,Current Account,Non-economic,35.8B,33.4B,31.8B,2025-08-19 03:00:00
2025-08-19,7:00am,USD,President Trump Speaks,Medium,,,,2025-08-19 07:00:00
2025-08-19,7:30am,CAD,CPI m/m,High,0.3%,0.3%,0.1%,2025-08-19 07:30:00
2025-08-19,7:30am,CAD,Median CPI y/y,High,3.1%,3.1%,3.0%,2025-08-19 07:30:00
2025-08-19,7:30am,CAD,Trimmed CPI y/y,High,3.0%,3.0%,3.0%,2025-08-19 07:30:00
2025-08-19,7:30am,CAD,Common CPI y/y,Medium,2.6%,2.7%,2.6%,2025-08-19 07:30:00
2025-08-19,7:30am,CAD,Core CPI m/m,Non-economic,0.1%,,0.1%,2025-08-19 07:30:00
2025-08-19,7:30am,USD,Building Permits,Non-economic,1.35M,1.39M,1.40M,2025-08-19 07:30:00
2025-08-19,7:30am,USD,Housing Starts,Non-economic,1.43M,1.29M,1.36M,2025-08-19 07:30:00
2025-08-19,9:00am,USD,FOMC Member Bowman Speaks,Non-economic,,,,2025-08-19 09:00:00
2025-08-19,10:01am,NZD,GDT Price Index,Non-economic,-0.3%,,0.7%,2025-08-19 10:01:00
2025-08-19,1:10pm,USD,FOMC Member Bowman Speaks,Non-economic,,,,2025-08-19 13:10:00
2025-08-19,3:30pm,USD,API Weekly Statistical Bulletin,Non-economic,,,,2025-08-19 15:30:00
2025-08-19,6:50pm,JPY,Core Machinery Orders m/m,Non-economic,3.0%,-0.4%,-0.6%,2025-08-19 18:50:00
2025-08-19,6:50pm,JPY,Trade Balance,Non-economic,-0.30T,-0.07T,-0.25T,2025-08-19 18:50:00
2025-08-19,8:00pm,CNY,1-y Loan Prime Rate,Medium,3.00%,3.00%,3.00%,2025-08-19 20:00:00
2025-08-19,8:00pm,CNY,5-y Loan Prime Rate,Medium,3.50%,3.50%,3.50%,2025-08-19 20:00:00
2025-08-19,9:00pm,AUD,RBA Assist Gov Jones Speaks,Non-economic,,,,2025-08-19 21:00:00
2025-08-19,9:00pm,NZD,Official Cash Rate,High,3.00%,3.00%,3.25%,2025-08-19 21:00:00
2025-08-19,9:00pm,NZD,RBNZ Monetary Policy Statement,High,,,,2025-08-19 21:00:00
2025-08-19,9:00pm,NZD,RBNZ Rate Statement,High,,,,2025-08-19 21:00:00
2025-08-19,10:00pm,NZD,RBNZ Press Conference,High,,,,2025-08-19 22:00:00
2025-08-20,1:00am,EUR,German PPI m/m,Non-economic,-0.1%,0.1%,0.1%,2025-08-20 01:00:00
2025-08-20,1:00am,GBP,CPI y/y,High,3.8%,3.7%,3.6%,2025-08-20 01:00:00
2025-08-20,1:00am,GBP,Core CPI y/y,Non-economic,3.8%,3.7%,3.7%,2025-08-20 01:00:00
2025-08-20,1:00am,GBP,RPI y/y,Non-economic,4.8%,4.5%,4.4%,2025-08-20 01:00:00
2025-08-20,2:10am,EUR,ECB President Lagarde Speaks,Medium,,,,2025-08-20 02:10:00
2025-08-20,3:30am,GBP,HPI y/y,Non-economic,3.7%,4.0%,2.7%,2025-08-20 03:30:00
2025-08-20,4:00am,EUR,Final Core CPI y/y,Non-economic,2.3%,2.3%,2.3%,2025-08-20 04:00:00
2025-08-20,4:00am,EUR,Final CPI y/y,Non-economic,2.0%,2.0%,2.0%,2025-08-20 04:00:00
2025-08-20,4:39am,EUR,German 30-y Bond Auction,Non-economic,3.28|1.0,,3.22|1.4,2025-08-20 04:39:00
2025-08-20,7:30am,CAD,NHPI m/m,Non-economic,-0.1%,0.1%,-0.2%,2025-08-20 07:30:00
2025-08-20,9:30am,USD,Crude Oil Inventories,Non-economic,-6.0M,-0.8M,3.0M,2025-08-20 09:30:00
2025-08-20,10:00am,USD,FOMC Member Waller Speaks,Medium,,,,2025-08-20 10:00:00
2025-08-20,1:00pm,USD,FOMC Meeting Minutes,High,,,,2025-08-20 13:00:00
2025-08-20,2:00pm,USD,FOMC Member Bostic Speaks,Non-economic,,,,2025-08-20 14:00:00
2025-08-20,3:10pm,NZD,RBNZ Gov Hawkesby Speaks,Medium,,,,2025-08-20 15:10:00
2025-08-20,5:45pm,NZD,Trade Balance,Non-economic,-578M,70M,203M,2025-08-20 17:45:00
2025-08-20,6:00pm,AUD,Flash Manufacturing PMI,Non-economic,52.9,,51.3,2025-08-20 18:00:00
2025-08-20,6:00pm,AUD,Flash Services PMI,Non-economic,55.1,,54.1,2025-08-20 18:00:00
2025-08-20,7:30pm,JPY,Flash Manufacturing PMI,Non-economic,49.9,49.2,48.9,2025-08-20 19:30:00
2025-08-20,8:00pm,AUD,MI Inflation Expectations,Non-economic,3.9%,,4.7%,2025-08-20 20:00:00
2025-08-20,10:00pm,NZD,Credit Card Spending y/y,Non-economic,1.4%,,0.9%,2025-08-20 22:00:00
2025-08-21,1:00am,CHF,Trade Balance,Non-economic,4.59B,5.15B,5.73B,2025-08-21 01:00:00
2025-08-21,1:00am,GBP,Public Sector Net Borrowing,Non-economic,1.1B,2.1B,22.6B,2025-08-21 01:00:00
2025-08-21,2:15am,EUR,French Flash Manufacturing PMI,Medium,49.9,48.2,48.2,2025-08-21 02:15:00
2025-08-21,2:15am,EUR,French Flash Services PMI,Medium,49.7,48.5,48.5,2025-08-21 02:15:00
2025-08-21,2:30am,EUR,German Flash Manufacturing PMI,High,49.9,48.8,49.1,2025-08-21 02:30:00
2025-08-21,2:30am,EUR,German Flash Services PMI,High,50.1,50.4,50.6,2025-08-21 02:30:00
2025-08-21,3:00am,EUR,Flash Manufacturing PMI,Medium,50.5,49.5,49.8,2025-08-21 03:00:00
2025-08-21,3:00am,EUR,Flash Services PMI,Medium,50.7,50.8,51.0,2025-08-21 03:00:00
2025-08-21,3:30am,GBP,Flash Manufacturing PMI,High,47.3,48.2,48.0,2025-08-21 03:30:00
2025-08-21,3:30am,GBP,Flash Services PMI,High,53.6,51.8,51.8,2025-08-21 03:30:00
2025-08-21,5:00am,EUR,German Buba Monthly Report,Non-economic,,,,2025-08-21 05:00:00
2025-08-21,5:00am,GBP,CBI Industrial Order Expectations,Non-economic,-33,-28,-30,2025-08-21 05:00:00
2025-08-21,6:30am,USD,FOMC Member Bostic Speaks,Non-economic,,,,2025-08-21 06:30:00
2025-08-21,7:30am,CAD,IPPI m/m,Non-economic,0.7%,0.3%,0.5%,2025-08-21 07:30:00
2025-08-21,7:30am,CAD,RMPI m/m,Non-economic,0.3%,-0.5%,2.8%,2025-08-21 07:30:00
2025-08-21,7:30am,USD,Unemployment Claims,High,235K,226K,224K,2025-08-21 07:30:00
2025-08-21,7:30am,USD,Philly Fed Manufacturing Index,Medium,-0.3,6.8,15.9,2025-08-21 07:30:00
2025-08-21,8:45am,USD,Flash Manufacturing PMI,High,53.3,49.7,49.8,2025-08-21 08:45:00
2025-08-21,8:45am,USD,Flash Services PMI,High,55.4,54.2,55.7,2025-08-21 08:45:00
2025-08-21,9:00am,EUR,Consumer Confidence,Non-economic,-16,-15,-15,2025-08-21 09:00:00
2025-08-21,9:00am,USD,Existing Home Sales,Medium,4.01M,3.92M,3.93M,2025-08-21 09:00:00
2025-08-21,9:00am,USD,CB Leading Index m/m,Non-economic,-0.1%,-0.1%,-0.3%,2025-08-21 09:00:00
2025-08-21,9:30am,USD,Natural Gas Storage,Non-economic,13B,19B,56B,2025-08-21 09:30:00
2025-08-21,10:45am,CHF,Gov Board Member Martin Speaks,Non-economic,,,,2025-08-21 10:45:00
2025-08-21,Day 1,All,Jackson Hole Symposium,Medium,,,,2025-08-21 00:00:00
2025-08-21,6:01pm,GBP,GfK Consumer Confidence,Non-economic,-17,-19,-19,2025-08-21 18:01:00
2025-08-21,6:30pm,JPY,National Core CPI y/y,Non-economic,3.1%,3.0%,3.3%,2025-08-21 18:30:00
2025-08-22,1:00am,EUR,German Final GDP q/q,Non-economic,-0.3%,-0.1%,-0.1%,2025-08-22 01:00:00
2025-08-22,3:59am,CNY,Foreign Direct Investment ytd/y,Non-economic,-13.4%,,-15.2%,2025-08-22 03:59:00
2025-08-22,7:30am,CAD,Core Retail Sales m/m,Medium,1.9%,0.9%,-0.3%,2025-08-22 07:30:00
2025-08-22,7:30am,CAD,Retail Sales m/m,Medium,1.5%,1.3%,-1.2%,2025-08-22 07:30:00
2025-08-22,8:00am,USD,FOMC Member Collins Speaks,Non-economic,,,,2025-08-22 08:00:00
2025-08-22,9:00am,USD,Fed Chairman Powell Speaks,High,,,,2025-08-22 09:00:00
2025-08-22,10:30am,USD,FOMC Member Hammack Speaks,Non-economic,,,,2025-08-22 10:30:00
2025-08-22,Day 2,All,Jackson Hole Symposium,High,,,,2025-08-22 00:00:00
2025-08-22,12:05pm,USD,President Trump Speaks,High,,,,2025-08-22 12:05:00
2025-08-23,Day 3,All,Jackson Hole Symposium,Medium,,,,2025-08-23 00:00:00
2025-08-23,11:25am,EUR,ECB President Lagarde Speaks,High,,,,2025-08-23 11:25:00
2025-08-23,11:25am,GBP,BOE Gov Bailey Speaks,High,,,,2025-08-23 11:25:00
2025-08-23,11:25am,JPY,BOJ Gov Ueda Speaks,High,,,,2025-08-23 11:25:00
2025-08-24,5:45pm,NZD,Retail Sales q/q,Medium,0.5%,0.1%,0.8%,2025-08-24 17:45:00
2025-08-24,5:45pm,NZD,Core Retail Sales q/q,Non-economic,0.7%,-0.3%,0.4%,2025-08-24 17:45:00
2025-08-25,All Day,GBP,Bank Holiday,Low,,,,2025-08-25 00:00:00
2025-08-25,3:00am,EUR,German ifo Business Climate,Medium,89.0,88.7,88.6,2025-08-25 03:00:00
2025-08-25,7:30am,CAD,Corporate Profits q/q,Non-economic,-1.7%,,2.7%,2025-08-25 07:30:00
2025-08-25,7:50am,EUR,Belgian NBB Business Climate,Non-economic,-8.9,-9.8,-10.8,2025-08-25 07:50:00
2025-08-25,9:00am,USD,New Home Sales,Medium,652K,635K,656K,2025-08-25 09:00:00
2025-08-25,1:30pm,USD,FOMC Member Logan Speaks,Non-economic,,,,2025-08-25 13:30:00
2025-08-25,6:01pm,GBP,BRC Shop Price Index y/y,Non-economic,0.9%,0.9%,0.7%,2025-08-25 18:01:00
2025-08-25,6:15pm,USD,FOMC Member Williams Speaks,Non-economic,,,,2025-08-25 18:15:00
2025-08-25,6:50pm,JPY,SPPI y/y,Non-economic,2.9%,3.2%,3.2%,2025-08-25 18:50:00
2025-08-25,8:30pm,AUD,Monetary Policy Meeting Minutes,Non-economic,,,,2025-08-25 20:30:00
2025-08-26,12:10am,JPY,BOJ Core CPI y/y,Non-economic,2.0%,2.4%,2.3%,2025-08-26 00:10:00
2025-08-26,7:30am,USD,Core Durable Goods Orders m/m,Medium,1.1%,0.2%,0.3%,2025-08-26 07:30:00
2025-08-26,7:30am,USD,Durable Goods Orders m/m,Medium,-2.8%,-3.8%,-9.4%,2025-08-26 07:30:00
2025-08-26,7:30am,USD,FOMC Member Barkin Speaks,Non-economic,,,,2025-08-26 07:30:00
2025-08-26,8:00am,USD,HPI m/m,Non-economic,-0.2%,-0.1%,-0.1%,2025-08-26 08:00:00
2025-08-26,8:00am,USD,S&P/CS Composite-20 HPI y/y,Non-economic,2.1%,2.1%,2.8%,2025-08-26 08:00:00
2025-08-26,8:59am,USD,Richmond Manufacturing Index,Medium,-7,-11,-20,2025-08-26 08:59:00
2025-08-26,9:00am,GBP,MPC Member Mann Speaks,Non-economic,,,,2025-08-26 09:00:00
2025-08-26,9:00am,USD,CB Consumer Confidence,Medium,97.4,96.4,98.7,2025-08-26 09:00:00
2025-08-26,1:30pm,CAD,BOC Gov Macklem Speaks,High,,,,2025-08-26 13:30:00
2025-08-26,3:30pm,USD,API Weekly Statistical Bulletin,Non-economic,,,,2025-08-26 15:30:00
2025-08-26,7:30pm,AUD,MI Leading Index m/m,Non-economic,0.1%,,0.0%,2025-08-26 19:30:00
2025-08-26,8:30pm,AUD,CPI y/y,High,2.8%,2.3%,1.9%,2025-08-26 20:30:00
2025-08-26,8:30pm,AUD,Construction Work Done q/q,Non-economic,3.0%,1.0%,-0.3%,2025-08-26 20:30:00
2025-08-27,1:00am,EUR,German GfK Consumer Climate,Non-economic,-23.6,-21.5,-21.7,2025-08-27 01:00:00
2025-08-27,3:00am,CHF,UBS Economic Expectations,Non-economic,-53.8,,2.4,2025-08-27 03:00:00
2025-08-27,5:00am,GBP,CBI Realized Sales,Non-economic,-32,-26,-34,2025-08-27 05:00:00
2025-08-27,8:00am,CNY,CB Leading Index m/m,Non-economic,-0.3%,,-0.3%,2025-08-27 08:00:00
2025-08-27,9:30am,USD,Crude Oil Inventories,Non-economic,-2.4M,-1.7M,-6.0M,2025-08-27 09:30:00
2025-08-27,10:55am,USD,FOMC Member Barkin Speaks,Non-economic,,,,2025-08-27 10:55:00
2025-08-27,8:00pm,NZD,ANZ Business Confidence,Non-economic,49.7,,47.8,2025-08-27 20:00:00
2025-08-27,8:30pm,AUD,Private Capital Expenditure q/q,Non-economic,0.2%,0.8%,-0.2%,2025-08-27 20:30:00
2025-08-28,2:00am,CHF,GDP q/q,Medium,0.1%,0.1%,0.4%,2025-08-28 02:00:00
2025-08-28,2:00am,CHF,KOF Economic Barometer,Non-economic,97.4,97.9,101.3,2025-08-28 02:00:00
2025-08-28,3:00am,EUR,M3 Money Supply y/y,Non-economic,3.4%,3.5%,3.3%,2025-08-28 03:00:00
2025-08-28,3:00am,EUR,Private Loans y/y,Non-economic,2.4%,2.4%,2.2%,2025-08-28 03:00:00
2025-08-28,4:09am,EUR,Italian 10-y Bond Auction,Non-economic,3.58|1.6,,3.52|1.6,2025-08-28 04:09:00
2025-08-28,6:30am,EUR,ECB Monetary Policy Meeting Accounts,Non-economic,,,,2025-08-28 06:30:00
2025-08-28,7:30am,CAD,Current Account,Non-economic,-21.2B,-18.8B,-1.3B,2025-08-28 07:30:00
2025-08-28,7:30am,USD,Prelim GDP q/q,High,3.3%,3.1%,3.0%,2025-08-28 07:30:00
2025-08-28,7:30am,USD,Unemployment Claims,High,229K,231K,234K,2025-08-28 07:30:00
2025-08-28,7:30am,USD,Prelim GDP Price Index q/q,Medium,2.0%,2.0%,2.0%,2025-08-28 07:30:00
2025-08-28,9:00am,USD,Pending Home Sales m/m,Medium,-0.4%,-0.4%,-0.8%,2025-08-28 09:00:00
2025-08-28,9:30am,USD,Natural Gas Storage,Non-economic,18B,27B,13B,2025-08-28 09:30:00
2025-08-28,5:30pm,USD,FOMC Member Waller Speaks,Medium,,,,2025-08-28 17:30:00
2025-08-28,6:30pm,JPY,Tokyo Core CPI y/y,Medium,2.5%,2.5%,2.9%,2025-08-28 18:30:00
2025-08-28,6:30pm,JPY,Unemployment Rate,Non-economic,2.3%,2.5%,2.5%,2025-08-28 18:30:00
2025-08-28,6:50pm,JPY,Prelim Industrial Production m/m,Non-economic,-1.6%,-1.1%,2.1%,2025-08-28 18:50:00
2025-08-28,6:50pm,JPY,Retail Sales y/y,Non-economic,0.3%,1.6%,1.9%,2025-08-28 18:50:00
2025-08-28,8:30pm,AUD,Private Sector Credit m/m,Non-economic,0.7%,0.6%,0.6%,2025-08-28 20:30:00
2025-08-29,12:00am,JPY,Consumer Confidence,Non-economic,34.9,34.2,33.7,2025-08-29 00:00:00
2025-08-29,12:00am,JPY,Housing Starts y/y,Non-economic,-9.7%,-9.9%,-15.6%,2025-08-29 00:00:00
2025-08-29,1:00am,EUR,German Import Prices m/m,Non-economic,-0.4%,-0.3%,0.0%,2025-08-29 01:00:00
2025-08-29,1:00am,EUR,German Retail Sales m/m,Non-economic,-1.5%,0.0%,1.0%,2025-08-29 01:00:00
2025-08-29,All Day,EUR,German Prelim CPI m/m,Medium,0.1%,0.0%,0.3%,2025-08-29 00:00:00
2025-08-29,1:45am,EUR,French Consumer Spending m/m,Non-economic,-0.3%,-0.3%,0.4%,2025-08-29 01:45:00
2025-08-29,1:45am,EUR,French Final Private Payrolls q/q,Non-economic,0.2%,0.0%,0.0%,2025-08-29 01:45:00
2025-08-29,1:45am,EUR,French Prelim CPI m/m,Non-economic,0.4%,0.5%,0.2%,2025-08-29 01:45:00
2025-08-29,1:45am,EUR,French Prelim GDP q/q,Non-economic,0.3%,0.3%,0.3%,2025-08-29 01:45:00
2025-08-29,2:00am,EUR,Spanish Flash CPI y/y,Medium,2.7%,2.8%,2.7%,2025-08-29 02:00:00
2025-08-29,2:55am,EUR,German Unemployment Change,Non-economic,-9K,10K,2K,2025-08-29 02:55:00
2025-08-29,4:00am,EUR,Italian Prelim CPI m/m,Non-economic,0.1%,0.2%,0.4%,2025-08-29 04:00:00
2025-08-29,7:30am,CAD,GDP m/m,High,-0.1%,0.1%,-0.1%,2025-08-29 07:30:00
2025-08-29,7:30am,USD,Core PCE Price Index m/m,High,0.3%,0.3%,0.3%,2025-08-29 07:30:00
2025-08-29,7:30am,USD,Goods Trade Balance,Non-economic,-103.6B,-90.2B,-84.9B,2025-08-29 07:30:00
2025-08-29,7:30am,USD,Personal Income m/m,Non-economic,0.4%,0.4%,0.3%,2025-08-29 07:30:00
2025-08-29,7:30am,USD,Personal Spending m/m,Non-economic,0.5%,0.5%,0.4%,2025-08-29 07:30:00
2025-08-29,7:30am,USD,Prelim Wholesale Inventories m/m,Non-economic,0.2%,0.1%,0.1%,2025-08-29 07:30:00
2025-08-29,8:45am,USD,Chicago PMI,Non-economic,41.5,46.6,47.1,2025-08-29 08:45:00
2025-08-29,9:00am,USD,Revised UoM Consumer Sentiment,Medium,58.2,58.7,58.6,2025-08-29 09:00:00
2025-08-29,9:00am,USD,Revised UoM Inflation Expectations,Non-economic,4.8%,,4.9%,2025-08-29 09:00:00
2025-08-30,8:30pm,CNY,Manufacturing PMI,High,49.4,49.5,49.3,2025-08-30 20:30:00
2025-08-30,8:30pm,CNY,Non-Manufacturing PMI,Medium,50.3,50.3,50.1,2025-08-30 20:30:00
2025-08-31,5:45pm,NZD,Building Consents m/m,Non-economic,5.4%,,-6.0%,2025-08-31 17:45:00
2025-08-31,6:50pm,JPY,Capital Spending q/y,Non-economic,7.6%,6.3%,6.4%,2025-08-31 18:50:00
2025-08-31,7:30pm,JPY,Final Manufacturing PMI,Non-economic,49.7,49.9,49.9,2025-08-31 19:30:00
2025-08-31,8:00pm,AUD,MI Inflation Gauge m/m,Non-economic,-0.3%,,0.9%,2025-08-31 20:00:00
2025-08-31,8:30pm,AUD,ANZ Job Advertisements m/m,Non-economic,0.1%,,-0.6%,2025-08-31 20:30:00
2025-08-31,8:30pm,AUD,Building Approvals m/m,Non-economic,-8.2%,-4.8%,12.2%,2025-08-31 20:30:00
2025-08-31,8:30pm,AUD,Company Operating Profits q/q,Non-economic,-2.4%,1.0%,-1.0%,2025-08-31 20:30:00
2025-08-31,8:45pm,CNY,RatingDog Manufacturing PMI,Non-economic,50.5,49.7,49.5,2025-08-31 20:45:00
2025-09-01,1:00am,GBP,Nationwide HPI m/m,Non-economic,-0.1%,0.1%,0.5%,2025-09-01 01:00:00
2025-09-01,1:30am,AUD,Commodity Prices y/y,Non-economic,-4.3%,,-9.7%,2025-09-01 01:30:00
2025-09-01,1:30am,CHF,Retail Sales y/y,Non-economic,0.7%,3.6%,3.9%,2025-09-01 01:30:00
2025-09-01,2:15am,EUR,Spanish Manufacturing PMI,Non-economic,54.3,52.1,51.9,2025-09-01 02:15:00
2025-09-01,2:30am,CHF,Manufacturing PMI,Non-economic,49.0,46.9,48.8,2025-09-01 02:30:00
2025-09-01,2:45am,EUR,Italian Manufacturing PMI,Non-economic,50.4,49.8,49.8,2025-09-01 02:45:00
2025-09-01,2:50am,EUR,French Final Manufacturing PMI,Non-economic,50.4,49.9,49.9,2025-09-01 02:50:00
2025-09-01,2:55am,EUR,German Final Manufacturing PMI,Non-economic,49.8,49.9,49.9,2025-09-01 02:55:00
2025-09-01,3:00am,EUR,Final Manufacturing PMI,Non-economic,50.7,50.5,50.5,2025-09-01 03:00:00
2025-09-01,3:00am,EUR,Italian Monthly Unemployment Rate,Non-economic,6.0%,6.2%,6.2%,2025-09-01 03:00:00
2025-09-01,3:30am,GBP,Final Manufacturing PMI,Non-economic,47.0,47.3,47.3,2025-09-01 03:30:00
2025-09-01,3:30am,GBP,M4 Money Supply m/m,Non-economic,0.1%,0.2%,0.3%,2025-09-01 03:30:00
2025-09-01,3:30am,GBP,Mortgage Approvals,Non-economic,65K,64K,65K,2025-09-01 03:30:00
2025-09-01,3:30am,GBP,Net Lending to Individuals m/m,Non-economic,6.1B,4.9B,6.9B,2025-09-01 03:30:00
2025-09-01,4:00am,EUR,Unemployment Rate,Non-economic,6.2%,6.2%,6.3%,2025-09-01 04:00:00
2025-09-01,All Day,CAD,Bank Holiday,Low,,,,2025-09-01 00:00:00
2025-09-01,All Day,USD,Bank Holiday,Low,,,,2025-09-01 00:00:00
2025-09-01,5:45pm,NZD,Overseas Trade Index q/q,Non-economic,4.1%,2.0%,1.9%,2025-09-01 17:45:00
2025-09-01,6:50pm,JPY,Monetary Base y/y,Non-economic,-4.1%,-3.5%,-3.9%,2025-09-01 18:50:00
2025-09-01,8:30pm,AUD,Current Account,Non-economic,-13.7B,-15.9B,-14.1B,2025-09-01 20:30:00
2025-09-01,10:35pm,JPY,10-y Bond Auction,Non-economic,1.61|3.9,,1.46|3.1,2025-09-01 22:35:00
2025-09-02,1:45am,EUR,French Gov Budget Balance,Non-economic,-142.0B,,-100.4B,2025-09-02 01:45:00
2025-09-02,2:00am,EUR,Spanish Unemployment Change,Non-economic,21.9K,14.2K,-1.4K,2025-09-02 02:00:00
2025-09-02,4:00am,EUR,Core CPI Flash Estimate y/y,Medium,2.3%,2.2%,2.3%,2025-09-02 04:00:00
2025-09-02,4:00am,EUR,CPI Flash Estimate y/y,Medium,2.1%,2.1%,2.0%,2025-09-02 04:00:00
2025-09-02,8:30am,CAD,Manufacturing PMI,Non-economic,48.3,,46.1,2025-09-02 08:30:00
2025-09-02,8:45am,USD,Final Manufacturing PMI,Non-economic,53.0,53.3,53.3,2025-09-02 08:45:00
2025-09-02,9:00am,EUR,German Buba President Nagel Speaks,Non-economic,,,,2025-09-02 09:00:00
2025-09-02,9:00am,USD,ISM Manufacturing PMI,High,48.7,49.0,48.0,2025-09-02 09:00:00
2025-09-02,9:00am,USD,ISM Manufacturing Prices,Medium,63.7,65.1,64.8,2025-09-02 09:00:00
2025-09-02,9:00am,USD,Construction Spending m/m,Non-economic,-0.1%,-0.1%,-0.4%,2025-09-02 09:00:00
2025-09-02,9:05am,USD,RCM/TIPP Economic Optimism,Non-economic,48.7,51.8,50.9,2025-09-02 09:05:00
2025-09-02,10:08am,NZD,GDT Price Index,Non-economic,-4.3%,,-0.3%,2025-09-02 10:08:00
2025-09-02,1:00pm,USD,President Trump Speaks,Medium,,,,2025-09-02 13:00:00
2025-09-02,8:00pm,NZD,ANZ Commodity Prices m/m,Non-economic,0.7%,,-1.8%,2025-09-02 20:00:00
2025-09-02,8:30pm,AUD,GDP q/q,High,0.6%,0.5%,0.3%,2025-09-02 20:30:00
2025-09-02,8:45pm,CNY,RatingDog Services PMI,Non-economic,53.0,52.4,52.6,2025-09-02 20:45:00
2025-09-03,2:15am,EUR,Spanish Services PMI,Non-economic,53.2,54.4,55.1,2025-09-03 02:15:00
2025-09-03,2:30am,EUR,ECB President Lagarde Speaks,Medium,,,,2025-09-03 02:30:00
2025-09-03,2:45am,EUR,Italian Services PMI,Non-economic,51.5,52.1,52.3,2025-09-03 02:45:00
2025-09-03,2:50am,EUR,French Final Services PMI,Non-economic,49.8,49.7,49.7,2025-09-03 02:50:00
2025-09-03,2:55am,EUR,German Final Services PMI,Non-economic,49.3,50.1,50.1,2025-09-03 02:55:00
2025-09-03,3:00am,AUD,RBA Gov Bullock Speaks,High,,,,2025-09-03 03:00:00
2025-09-03,3:00am,EUR,Final Services PMI,Non-economic,50.5,50.7,50.7,2025-09-03 03:00:00
2025-09-03,3:15am,GBP,MPC Member Breeden Speaks,Non-economic,,,,2025-09-03 03:15:00
2025-09-03,3:30am,GBP,Final Services PMI,Non-economic,54.2,53.6,53.6,2025-09-03 03:30:00
2025-09-03,4:00am,EUR,PPI m/m,Non-economic,0.4%,0.2%,0.8%,2025-09-03 04:00:00
2025-09-03,4:32am,EUR,German 10-y Bond Auction,Non-economic,2.77|1.4,,2.69|1.4,2025-09-03 04:32:00
2025-09-03,7:30am,CAD,Labor Productivity q/q,Non-economic,-1.0%,-0.2%,-0.1%,2025-09-03 07:30:00
2025-09-03,8:00am,USD,FOMC Member Musalem Speaks,Non-economic,,,,2025-09-03 08:00:00
2025-09-03,8:15am,GBP,Monetary Policy Report Hearings,High,,,,2025-09-03 08:15:00
2025-09-03,9:00am,USD,JOLTS Job Openings,High,7.18M,7.38M,7.36M,2025-09-03 09:00:00
2025-09-03,9:00am,USD,Factory Orders m/m,Non-economic,-1.3%,-1.3%,-4.8%,2025-09-03 09:00:00
2025-09-03,All Day,USD,Wards Total Vehicle Sales,Non-economic,16.1M,16.1M,16.4M,2025-09-03 00:00:00
2025-09-03,12:30pm,USD,FOMC Member Kashkari Speaks,Non-economic,,,,2025-09-03 12:30:00
2025-09-03,1:00pm,USD,Beige Book,Non-economic,,,,2025-09-03 13:00:00
2025-09-03,3:30pm,USD,API Weekly Statistical Bulletin,Non-economic,,,,2025-09-03 15:30:00
2025-09-03,8:00pm,AUD,RBA Deputy Gov Hauser Speaks,Non-economic,,,,2025-09-03 20:00:00
2025-09-03,8:30pm,AUD,Goods Trade Balance,Non-economic,7.31B,4.88B,5.37B,2025-09-03 20:30:00
2025-09-03,8:30pm,AUD,Household Spending m/m,Non-economic,0.5%,0.5%,0.3%,2025-09-03 20:30:00
2025-09-03,10:35pm,JPY,30-y Bond Auction,Non-economic,3.26|3.3,,3.09|3.4,2025-09-03 22:35:00
2025-09-04,1:30am,CHF,CPI m/m,High,-0.1%,0.0%,0.0%,2025-09-04 01:30:00
2025-09-04,2:00am,CHF,Unemployment Rate,Non-economic,2.9%,2.9%,2.9%,2025-09-04 02:00:00
2025-09-04,3:30am,GBP,Construction PMI,Non-economic,45.5,45.2,44.3,2025-09-04 03:30:00
2025-09-04,3:57am,EUR,French 10-y Bond Auction,Non-economic,3.57|2.2,,3.41|2.9,2025-09-04 03:57:00
2025-09-04,4:00am,EUR,Retail Sales m/m,Non-economic,-0.5%,-0.3%,0.6%,2025-09-04 04:00:00
2025-09-04,6:30am,USD,Challenger Job Cuts y/y,Non-economic,13.3%,,139.8%,2025-09-04 06:30:00
2025-09-04,7:15am,USD,ADP Non-Farm Employment Change,High,54K,73K,106K,2025-09-04 07:15:00
2025-09-04,7:30am,CAD,Trade Balance,Non-economic,-4.9B,-5.2B,-6.0B,2025-09-04 07:30:00
2025-09-04,7:30am,USD,Unemployment Claims,High,237K,230K,229K,2025-09-04 07:30:00
2025-09-04,7:30am,USD,Revised Nonfarm Productivity q/q,Non-economic,3.3%,2.8%,2.4%,2025-09-04 07:30:00
2025-09-04,7:30am,USD,Revised Unit Labor Costs q/q,Non-economic,1.0%,1.2%,1.6%,2025-09-04 07:30:00
2025-09-04,7:30am,USD,Trade Balance,Non-economic,-78.3B,-77.7B,-59.1B,2025-09-04 07:30:00
2025-09-04,8:45am,USD,Final Services PMI,Non-economic,54.5,55.3,55.4,2025-09-04 08:45:00
2025-09-04,9:00am,USD,Fed Gov Nomination Hearings,High,,,,2025-09-04 09:00:00
2025-09-04,9:00am,USD,ISM Services PMI,High,52.0,50.9,50.1,2025-09-04 09:00:00
2025-09-04,9:30am,USD,Natural Gas Storage,Non-economic,55B,54B,18B,2025-09-04 09:30:00
2025-09-04,11:00am,USD,Crude Oil Inventories,Non-economic,2.4M,-2.0M,-2.4M,2025-09-04 11:00:00
2025-09-04,11:05am,USD,FOMC Member Williams Speaks,Non-economic,,,,2025-09-04 11:05:00
2025-09-04,6:00pm,USD,FOMC Member Goolsbee Speaks,Non-economic,,,,2025-09-04 18:00:00
2025-09-04,6:30pm,JPY,Average Cash Earnings y/y,Non-economic,4.1%,3.0%,3.1%,2025-09-04 18:30:00
2025-09-04,6:30pm,JPY,Household Spending y/y,Non-economic,1.4%,2.2%,1.3%,2025-09-04 18:30:00
2025-09-05,12:00am,JPY,Leading Indicators,Non-economic,105.9%,105.8%,105.6%,2025-09-05 00:00:00
2025-09-05,1:00am,EUR,German Factory Orders m/m,Non-economic,-2.9%,0.5%,-0.2%,2025-09-05 01:00:00
2025-09-05,1:00am,GBP,Retail Sales m/m,Medium,0.6%,0.3%,0.3%,2025-09-05 01:00:00
2025-09-05,1:00am,GBP,Halifax HPI m/m,Non-economic,0.3%,0.2%,0.4%,2025-09-05 01:00:00
2025-09-05,1:45am,EUR,French Trade Balance,Non-economic,-5.6B,-7.3B,-7.2B,2025-09-05 01:45:00
2025-09-05,1:59am,CHF,SECO Consumer Climate,Non-economic,-40,-37,-33,2025-09-05 01:59:00
2025-09-05,2:00am,CHF,Foreign Currency Reserves,Non-economic,715B,,716B,2025-09-05 02:00:00
2025-09-05,3:00am,EUR,Italian Retail Sales m/m,Non-economic,0.0%,0.2%,0.7%,2025-09-05 03:00:00
2025-09-05,4:00am,EUR,Final Employment Change q/q,Non-economic,0.1%,0.1%,0.1%,2025-09-05 04:00:00
2025-09-05,4:00am,EUR,Revised GDP q/q,Non-economic,0.1%,0.1%,0.1%,2025-09-05 04:00:00
2025-09-05,7:30am,CAD,Employment Change,High,-65.5K,4.9K,-40.8K,2025-09-05 07:30:00
2025-09-05,7:30am,CAD,Unemployment Rate,High,7.1%,7.0%,6.9%,2025-09-05 07:30:00
2025-09-05,7:30am,USD,Average Hourly Earnings m/m,High,0.3%,0.3%,0.3%,2025-09-05 07:30:00
2025-09-05,7:30am,USD,Non-Farm Employment Change,High,22K,75K,79K,2025-09-05 07:30:00
2025-09-05,7:30am,USD,Unemployment Rate,High,4.3%,4.3%,4.2%,2025-09-05 07:30:00
2025-09-05,9:00am,CAD,Ivey PMI,Medium,50.1,53.1,55.8,2025-09-05 09:00:00
2025-09-05,3:00pm,USD,President Trump Speaks,Medium,,,,2025-09-05 15:00:00
2025-09-07,All Day,All,OPEC-JMMC Meetings,Medium,,,,2025-09-07 00:00:00
2025-09-07,6:50pm,JPY,Bank Lending y/y,Non-economic,3.6%,3.2%,3.2%,2025-09-07 18:50:00
2025-09-07,6:50pm,JPY,Current Account,Non-economic,1.88T,2.60T,2.40T,2025-09-07 18:50:00
2025-09-07,6:50pm,JPY,Final GDP Price Index y/y,Non-economic,3.0%,3.0%,3.0%,2025-09-07 18:50:00
2025-09-07,6:50pm,JPY,Final GDP q/q,Non-economic,0.5%,0.3%,0.3%,2025-09-07 18:50:00
2025-09-07,10:01pm,CNY,Trade Balance,Non-economic,733B,750B,705B,2025-09-07 22:01:00
2025-09-07,10:02pm,CNY,USD-Denominated Trade Balance,Non-economic,102.3B,99.4B,98.2B,2025-09-07 22:02:00
2025-09-08,12:00am,JPY,Economy Watchers Sentiment,Non-economic,46.7,45.6,45.2,2025-09-08 00:00:00
2025-09-08,1:00am,EUR,German Industrial Production m/m,Non-economic,1.3%,1.1%,-0.1%,2025-09-08 01:00:00
2025-09-08,1:00am,EUR,German Trade Balance,Non-economic,14.7B,15.7B,15.4B,2025-09-08 01:00:00
2025-09-08,3:30am,EUR,Sentix Investor Confidence,Non-economic,-9.2,-2.2,-3.7,2025-09-08 03:30:00
2025-09-08,2:00pm,USD,Consumer Credit m/m,Non-economic,16.0B,10.4B,9.6B,2025-09-08 14:00:00
2025-09-08,5:45pm,NZD,Manufacturing Sales q/q,Non-economic,-3.0%,,4.8%,2025-09-08 17:45:00
2025-09-08,6:01pm,GBP,BRC Retail Sales Monitor y/y,Non-economic,2.9%,2.0%,1.8%,2025-09-08 18:01:00
2025-09-08,6:50pm,JPY,M2 Money Stock y/y,Non-economic,1.3%,1.1%,1.0%,2025-09-08 18:50:00
2025-09-08,7:18pm,AUD,Westpac Consumer Sentiment,Non-economic,-3.1%,,5.7%,2025-09-08 19:18:00
2025-09-08,8:30pm,AUD,NAB Business Confidence,Non-economic,4,,8,2025-09-08 20:30:00
2025-09-09,12:58am,JPY,Prelim Machine Tool Orders y/y,Non-economic,8.1%,,3.6%,2025-09-09 00:58:00
2025-09-09,1:45am,EUR,French Industrial Production m/m,Non-economic,-1.1%,-1.4%,3.7%,2025-09-09 01:45:00
2025-09-09,4:31am,EUR,German 10-y Bond Auction,Non-economic,2.61|1.9,,2.77|1.4,2025-09-09 04:31:00
2025-09-09,5:00am,USD,NFIB Small Business Index,Non-economic,100.8,100.5,100.3,2025-09-09 05:00:00
2025-09-09,6:30am,EUR,German Buba President Nagel Speaks,Non-economic,,,,2025-09-09 06:30:00
2025-09-09,6:50am,CHF,SNB Chairman Schlegel Speaks,Medium,,,,2025-09-09 06:50:00
2025-09-09,9:00am,USD,Prelim Benchmark Payrolls Revision,High,-911K,,-818K,2025-09-09 09:00:00
2025-09-09,3:30pm,USD,API Weekly Statistical Bulletin,Non-economic,,,,2025-09-09 15:30:00
2025-09-09,5:45pm,NZD,Visitor Arrivals m/m,Non-economic,2.6%,,-2.2%,2025-09-09 17:45:00
2025-09-09,8:30pm,CNY,CPI y/y,Medium,-0.4%,-0.2%,0.0%,2025-09-09 20:30:00
2025-09-09,8:30pm,CNY,PPI y/y,Medium,-2.9%,-2.9%,-3.6%,2025-09-09 20:30:00
2025-09-09,11:30pm,AUD,RBA Annual Report,Non-economic,,,,2025-09-09 23:30:00
2025-09-10,3:00am,EUR,Italian Industrial Production m/m,Non-economic,0.4%,0.1%,0.2%,2025-09-10 03:00:00
2025-09-10,6:45am,CHF,SNB Chairman Schlegel Speaks,Medium,,,,2025-09-10 06:45:00
2025-09-10,7:30am,USD,Core PPI m/m,High,-0.1%,0.3%,0.7%,2025-09-10 07:30:00
2025-09-10,7:30am,USD,PPI m/m,High,-0.1%,0.3%,0.7%,2025-09-10 07:30:00
2025-09-10,9:00am,USD,Final Wholesale Inventories m/m,Non-economic,0.1%,0.2%,0.2%,2025-09-10 09:00:00
2025-09-10,9:30am,USD,Crude Oil Inventories,Non-economic,3.9M,-1.9M,2.4M,2025-09-10 09:30:00
2025-09-10,12:01pm,USD,10-y Bond Auction,Non-economic,4.03|2.7,,4.26|2.4,2025-09-10 12:01:00
2025-09-10,6:01pm,GBP,RICS House Price Balance,Non-economic,-19%,-12%,-13%,2025-09-10 18:01:00
2025-09-10,6:15pm,NZD,RBNZ Gov Hawkesby Speaks,High,,,,2025-09-10 18:15:00
2025-09-10,6:50pm,JPY,BSI Manufacturing Index,Non-economic,3.8,-3.3,-4.8,2025-09-10 18:50:00
2025-09-10,6:50pm,JPY,PPI y/y,Non-economic,2.7%,2.7%,2.5%,2025-09-10 18:50:00
2025-09-10,8:00pm,AUD,MI Inflation Expectations,Non-economic,4.7%,,3.9%,2025-09-10 20:00:00
2025-09-11,7:15am,EUR,Main Refinancing Rate,High,2.15%,2.15%,2.15%,2025-09-11 07:15:00
2025-09-11,7:15am,EUR,Monetary Policy Statement,High,,,,2025-09-11 07:15:00
2025-09-11,7:30am,USD,Core CPI m/m,High,0.3%,0.3%,0.3%,2025-09-11 07:30:00
2025-09-11,7:30am,USD,CPI m/m,High,0.4%,0.3%,0.2%,2025-09-11 07:30:00
2025-09-11,7:30am,USD,CPI y/y,High,2.9%,2.9%,2.7%,2025-09-11 07:30:00
2025-09-11,7:30am,USD,Unemployment Claims,High,263K,235K,236K,2025-09-11 07:30:00
2025-09-11,7:45am,EUR,ECB Press Conference,High,,,,2025-09-11 07:45:00
2025-09-11,9:30am,USD,Natural Gas Storage,Non-economic,71B,69B,55B,2025-09-11 09:30:00
2025-09-11,12:01pm,USD,30-y Bond Auction,Non-economic,4.65|2.4,,4.81|2.3,2025-09-11 12:01:00
2025-09-11,1:00pm,USD,Federal Budget Balance,Non-economic,-344.8B,-305.7B,-291.1B,2025-09-11 13:00:00
2025-09-11,5:30pm,NZD,BusinessNZ Manufacturing Index,Non-economic,49.9,,52.8,2025-09-11 17:30:00
2025-09-11,10:40pm,AUD,RBA Assist Gov Jones Speaks,Non-economic,,,,2025-09-11 22:40:00
2025-09-11,11:30pm,JPY,Revised Industrial Production m/m,Non-economic,-1.2%,-1.6%,-1.6%,2025-09-11 23:30:00
2025-09-12,1:00am,EUR,German Final CPI m/m,Non-economic,0.1%,0.1%,0.1%,2025-09-12 01:00:00
2025-09-12,1:00am,GBP,GDP m/m,High,0.0%,0.0%,0.4%,2025-09-12 01:00:00
2025-09-12,1:00am,GBP,Construction Output m/m,Non-economic,0.2%,-0.2%,0.3%,2025-09-12 01:00:00
2025-09-12,1:00am,GBP,Goods Trade Balance,Non-economic,-22.2B,-21.6B,-22.2B,2025-09-12 01:00:00
2025-09-12,1:00am,GBP,Index of Services 3m/3m,Non-economic,0.4%,0.3%,0.4%,2025-09-12 01:00:00
2025-09-12,1:00am,GBP,Industrial Production m/m,Non-economic,-0.9%,0.0%,0.7%,2025-09-12 01:00:00
2025-09-12,1:00am,GBP,Manufacturing Production m/m,Non-economic,-1.3%,0.1%,0.5%,2025-09-12 01:00:00
2025-09-12,1:45am,EUR,French Final CPI m/m,Non-economic,0.4%,0.4%,0.4%,2025-09-12 01:45:00
2025-09-12,3:00am,EUR,Italian Quarterly Unemployment Rate,Non-economic,6.3%,6.1%,6.1%,2025-09-12 03:00:00
2025-09-12,3:15am,EUR,German Buba President Nagel Speaks,Non-economic,,,,2025-09-12 03:15:00
2025-09-12,3:30am,GBP,Consumer Inflation Expectations,Non-economic,3.6%,,3.2%,2025-09-12 03:30:00
2025-09-12,4:00am,CNY,New Loans,Medium,590B,700B,-50B,2025-09-12 04:00:00
2025-09-12,4:01am,CNY,M2 Money Supply y/y,Non-economic,8.8%,8.7%,8.8%,2025-09-12 04:01:00
2025-09-12,7:30am,CAD,Building Permits m/m,Non-economic,-0.1%,3.7%,-9.5%,2025-09-12 07:30:00
2025-09-12,7:30am,CAD,Capacity Utilization Rate,Non-economic,79.3%,78.8%,79.9%,2025-09-12 07:30:00
2025-09-12,8:30am,GBP,CB Leading Index m/m,Non-economic,-0.1%,,-0.1%,2025-09-12 08:30:00
2025-09-12,9:00am,USD,Prelim UoM Consumer Sentiment,High,55.4,58.2,58.2,2025-09-12 09:00:00
2025-09-12,9:00am,USD,Prelim UoM Inflation Expectations,High,4.8%,,4.8%,2025-09-12 09:00:00
2025-09-14,5:30pm,NZD,BusinessNZ Services Index,Non-economic,47.5,,48.9,2025-09-14 17:30:00
2025-09-14,All Day,JPY,Bank Holiday,Low,,,,2025-09-14 00:00:00
2025-09-14,6:01pm,GBP,Rightmove HPI m/m,Non-economic,0.4%,,-1.3%,2025-09-14 18:01:00
2025-09-14,8:30pm,CNY,New Home Prices m/m,Non-economic,-0.30%,,-0.31%,2025-09-14 20:30:00
2025-09-14,9:00pm,CNY,Industrial Production y/y,Medium,5.2%,5.7%,5.7%,2025-09-14 21:00:00
2025-09-14,9:00pm,CNY,Retail Sales y/y,Medium,3.4%,3.8%,3.7%,2025-09-14 21:00:00
2025-09-14,9:00pm,CNY,Fixed Asset Investment ytd/y,Non-economic,0.5%,1.5%,1.6%,2025-09-14 21:00:00
2025-09-14,9:00pm,CNY,NBS Press Conference,Non-economic,,,,2025-09-14 21:00:00
2025-09-14,9:00pm,CNY,Unemployment Rate,Non-economic,5.3%,5.2%,5.2%,2025-09-14 21:00:00
2025-09-15,1:00am,EUR,German WPI m/m,Non-economic,-0.6%,0.2%,-0.1%,2025-09-15 01:00:00
2025-09-15,1:30am,CHF,PPI m/m,Non-economic,-0.6%,0.1%,-0.2%,2025-09-15 01:30:00
2025-09-15,3:00am,EUR,Italian Trade Balance,Non-economic,7.91B,5.50B,5.38B,2025-09-15 03:00:00
2025-09-15,4:00am,EUR,Trade Balance,Non-economic,5.3B,11.7B,3.7B,2025-09-15 04:00:00
2025-09-15,7:30am,CAD,Manufacturing Sales m/m,Non-economic,2.5%,1.7%,0.3%,2025-09-15 07:30:00
2025-09-15,7:30am,CAD,Wholesale Sales m/m,Non-economic,1.2%,1.4%,1.0%,2025-09-15 07:30:00
2025-09-15,7:30am,USD,Empire State Manufacturing Index,Medium,-8.7,4.3,11.9,2025-09-15 07:30:00
2025-09-15,1:30pm,EUR,ECB President Lagarde Speaks,Medium,,,,2025-09-15 13:30:00
2025-09-15,5:45pm,NZD,FPI m/m,Non-economic,0.3%,,0.7%,2025-09-15 17:45:00
2025-09-15,6:50pm,AUD,RBA Assist Gov Hunter Speaks,Non-economic,,,,2025-09-15 18:50:00
2025-09-15,11:30pm,JPY,Tertiary Industry Activity m/m,Non-economic,0.5%,0.1%,-0.2%,2025-09-15 23:30:00
2025-09-16,12:45am,AUD,RBA Deputy Gov Hauser Speaks,Non-economic,,,,2025-09-16 00:45:00
2025-09-16,1:00am,GBP,Average Earnings Index 3m/y,Medium,4.7%,4.7%,4.6%,2025-09-16 01:00:00
2025-09-16,1:00am,GBP,Claimant Count Change,Medium,17.4K,15.3K,-33.3K,2025-09-16 01:00:00
2025-09-16,1:00am,GBP,Unemployment Rate,Non-economic,4.7%,4.7%,4.7%,2025-09-16 01:00:00
2025-09-16,4:00am,EUR,German ZEW Economic Sentiment,Medium,37.3,25.3,34.7,2025-09-16 04:00:00
2025-09-16,4:00am,EUR,Industrial Production m/m,Non-economic,0.3%,0.4%,-0.6%,2025-09-16 04:00:00
2025-09-16,4:00am,EUR,ZEW Economic Sentiment,Non-economic,26.1,20.3,25.1,2025-09-16 04:00:00
2025-09-16,7:15am,CAD,Housing Starts,Non-economic,246K,278K,294K,2025-09-16 07:15:00
2025-09-16,7:30am,CAD,CPI m/m,High,-0.1%,0.0%,0.3%,2025-09-16 07:30:00
2025-09-16,7:30am,CAD,Median CPI y/y,High,3.1%,3.1%,3.1%,2025-09-16 07:30:00
2025-09-16,7:30am,CAD,Trimmed CPI y/y,High,3.0%,3.0%,3.1%,2025-09-16 07:30:00
2025-09-16,7:30am,CAD,Common CPI y/y,Medium,2.5%,2.5%,2.6%,2025-09-16 07:30:00
2025-09-16,7:30am,CAD,Core CPI m/m,Non-economic,0.0%,,0.1%,2025-09-16 07:30:00
2025-09-16,7:30am,USD,Core Retail Sales m/m,High,0.7%,0.4%,0.4%,2025-09-16 07:30:00
2025-09-16,7:30am,USD,Retail Sales m/m,High,0.6%,0.2%,0.6%,2025-09-16 07:30:00
2025-09-16,7:30am,USD,Import Prices m/m,Non-economic,0.3%,-0.2%,0.2%,2025-09-16 07:30:00
2025-09-16,8:15am,USD,Capacity Utilization Rate,Non-economic,77.4%,77.4%,77.4%,2025-09-16 08:15:00
2025-09-16,8:15am,USD,Industrial Production m/m,Non-economic,0.1%,-0.1%,-0.4%,2025-09-16 08:15:00
2025-09-16,9:00am,USD,Business Inventories m/m,Non-economic,0.2%,0.2%,0.2%,2025-09-16 09:00:00
2025-09-16,9:00am,USD,NAHB Housing Market Index,Non-economic,32,33,32,2025-09-16 09:00:00
2025-09-16,9:30am,AUD,CB Leading Index m/m,Non-economic,0.0%,,0.2%,2025-09-16 09:30:00
2025-09-16,10:28am,NZD,GDT Price Index,Non-economic,-0.8%,,-4.3%,2025-09-16 10:28:00
2025-09-16,3:30pm,USD,API Weekly Statistical Bulletin,Non-economic,,,,2025-09-16 15:30:00
2025-09-16,4:00pm,NZD,Westpac Consumer Sentiment,Non-economic,90.9,,91.2,2025-09-16 16:00:00
2025-09-16,5:45pm,NZD,Current Account,Non-economic,-0.97B,-2.68B,-0.71B,2025-09-16 17:45:00
2025-09-16,6:50pm,JPY,Trade Balance,Non-economic,-0.15T,-0.37T,-0.29T,2025-09-16 18:50:00
2025-09-16,7:30pm,AUD,MI Leading Index m/m,Non-economic,0.0%,,0.1%,2025-09-16 19:30:00
2025-09-16,8:30pm,AUD,RBA Assist Gov Jones Speaks,Non-economic,,,,2025-09-16 20:30:00
2025-09-17,1:00am,GBP,CPI y/y,High,3.8%,3.8%,3.8%,2025-09-17 01:00:00
2025-09-17,1:00am,GBP,Core CPI y/y,Non-economic,3.6%,3.7%,3.8%,2025-09-17 01:00:00
2025-09-17,1:00am,GBP,RPI y/y,Non-economic,4.6%,4.7%,4.8%,2025-09-17 01:00:00
2025-09-17,2:30am,EUR,ECB President Lagarde Speaks,Medium,,,,2025-09-17 02:30:00
2025-09-17,3:30am,GBP,HPI y/y,Non-economic,2.8%,3.6%,3.6%,2025-09-17 03:30:00
2025-09-17,4:00am,EUR,Final Core CPI y/y,Non-economic,2.3%,2.3%,2.3%,2025-09-17 04:00:00
2025-09-17,4:00am,EUR,Final CPI y/y,Non-economic,2.0%,2.1%,2.1%,2025-09-17 04:00:00
2025-09-17,4:34am,EUR,German 30-y Bond Auction,Non-economic,3.25|1.8,,3.28|1.0,2025-09-17 04:34:00
2025-09-17,7:30am,CAD,Foreign Securities Purchases,Non-economic,26.69B,-1.32B,1.01B,2025-09-17 07:30:00
2025-09-17,7:30am,USD,Building Permits,Non-economic,1.31M,1.37M,1.35M,2025-09-17 07:30:00
2025-09-17,7:30am,USD,Housing Starts,Non-economic,1.31M,1.37M,1.43M,2025-09-17 07:30:00
2025-09-17,8:45am,CAD,BOC Rate Statement,High,,,,2025-09-17 08:45:00
2025-09-17,8:45am,CAD,Overnight Rate,High,2.50%,2.50%,2.75%,2025-09-17 08:45:00
2025-09-17,9:30am,CAD,BOC Press Conference,High,,,,2025-09-17 09:30:00
2025-09-17,9:30am,USD,Crude Oil Inventories,Non-economic,-9.3M,1.4M,3.9M,2025-09-17 09:30:00
2025-09-17,12:00pm,EUR,German Buba President Nagel Speaks,Non-economic,,,,2025-09-17 12:00:00
2025-09-17,1:00pm,USD,Federal Funds Rate,High,4.25%,4.25%,4.50%,2025-09-17 13:00:00
2025-09-17,1:00pm,USD,FOMC Economic Projections,High,,,,2025-09-17 13:00:00
2025-09-17,1:00pm,USD,FOMC Statement,High,,,,2025-09-17 13:00:00
2025-09-17,1:30pm,USD,FOMC Press Conference,High,,,,2025-09-17 13:30:00
2025-09-17,5:45pm,NZD,GDP q/q,High,-0.9%,-0.3%,0.9%,2025-09-17 17:45:00
2025-09-17,6:50pm,JPY,Core Machinery Orders m/m,Non-economic,-4.6%,-1.8%,3.0%,2025-09-17 18:50:00
2025-09-17,8:30pm,AUD,Employment Change,High,-5.4K,21.2K,26.5K,2025-09-17 20:30:00
2025-09-17,8:30pm,AUD,Unemployment Rate,High,4.2%,4.2%,4.2%,2025-09-17 20:30:00
2025-09-18,1:00am,CHF,Trade Balance,Non-economic,4.01B,5.22B,4.62B,2025-09-18 01:00:00
2025-09-18,2:10am,EUR,ECB President Lagarde Speaks,Non-economic,,,,2025-09-18 02:10:00
2025-09-18,3:00am,EUR,Current Account,Non-economic,27.7B,34.6B,35.8B,2025-09-18 03:00:00
2025-09-18,3:41am,EUR,Spanish 10-y Bond Auction,Non-economic,3.23|1.9,,3.20|2.1,2025-09-18 03:41:00
2025-09-18,5:00am,EUR,German Buba Monthly Report,Non-economic,,,,2025-09-18 05:00:00
2025-09-18,6:00am,GBP,Monetary Policy Summary,High,,,,2025-09-18 06:00:00
2025-09-18,6:00am,GBP,MPC Official Bank Rate Votes,High,0-2-7,0-1-8,0-5-4,2025-09-18 06:00:00
2025-09-18,6:00am,GBP,Official Bank Rate,High,4.00%,4.00%,4.00%,2025-09-18 06:00:00
2025-09-18,6:00am,GBP,BOE Inflation Letter,Non-economic,,,,2025-09-18 06:00:00
2025-09-18,7:30am,USD,Unemployment Claims,High,231K,241K,264K,2025-09-18 07:30:00
2025-09-18,7:30am,USD,Philly Fed Manufacturing Index,Medium,23.2,1.7,-0.3,2025-09-18 07:30:00
2025-09-18,9:00am,EUR,German Buba President Nagel Speaks,Non-economic,,,,2025-09-18 09:00:00
2025-09-18,9:00am,USD,CB Leading Index m/m,Non-economic,-0.5%,-0.2%,0.1%,2025-09-18 09:00:00
2025-09-18,9:30am,USD,Natural Gas Storage,Non-economic,90B,80B,71B,2025-09-18 09:30:00
2025-09-18,3:00pm,USD,TIC Long-Term Purchases,Non-economic,49.2B,97.2B,151.0B,2025-09-18 15:00:00
2025-09-18,5:45pm,NZD,Trade Balance,Non-economic,-1185M,-746M,-716M,2025-09-18 17:45:00
2025-09-18,6:01pm,GBP,GfK Consumer Confidence,Non-economic,-19,-18,-17,2025-09-18 18:01:00
2025-09-18,6:30pm,JPY,National Core CPI y/y,Non-economic,2.7%,2.7%,3.1%,2025-09-18 18:30:00
2025-09-18,10:00pm,NZD,Credit Card Spending y/y,Non-economic,3.5%,,1.6%,2025-09-18 22:00:00
2025-09-18,10:47pm,JPY,BOJ Policy Rate,High,<0.50%,<0.50%,<0.50%,2025-09-18 22:47:00
2025-09-18,10:47pm,JPY,Monetary Policy Statement,High,,,,2025-09-18 22:47:00
2025-09-19,1:00am,EUR,German PPI m/m,Non-economic,-0.5%,-0.1%,-0.1%,2025-09-19 01:00:00
2025-09-19,1:00am,GBP,Retail Sales m/m,Medium,0.5%,0.4%,0.5%,2025-09-19 01:00:00
2025-09-19,1:00am,GBP,Public Sector Net Borrowing,Non-economic,17.7B,12.8B,2.8B,2025-09-19 01:00:00
2025-09-19,1:30am,JPY,BOJ Press Conference,High,,,,2025-09-19 01:30:00
2025-09-19,All Day,EUR,Eurogroup Meetings,Non-economic,,,,2025-09-19 00:00:00
2025-09-19,6:28am,CNY,Foreign Direct Investment ytd/y,Non-economic,-12.7%,,-13.4%,2025-09-19 06:28:00
2025-09-19,7:30am,CAD,Core Retail Sales m/m,Medium,-1.2%,-0.4%,2.2%,2025-09-19 07:30:00
2025-09-19,7:30am,CAD,Retail Sales m/m,Medium,-0.8%,-0.6%,1.6%,2025-09-19 07:30:00
2025-09-19,1:30pm,USD,FOMC Member Daly Speaks,Non-economic,,,,2025-09-19 13:30:00
2025-09-20,All Day,EUR,ECOFIN Meetings,Non-economic,,,,2025-09-20 00:00:00
2025-09-21,8:00pm,AUD,RBA Gov Bullock Speaks,High,,,,2025-09-21 20:00:00
2025-09-21,8:00pm,CNY,1-y Loan Prime Rate,Medium,3.00%,3.00%,3.00%,2025-09-21 20:00:00
2025-09-21,8:00pm,CNY,5-y Loan Prime Rate,Medium,3.50%,3.50%,3.50%,2025-09-21 20:00:00
2025-09-22,7:30am,CAD,IPPI m/m,Non-economic,0.5%,0.2%,0.7%,2025-09-22 07:30:00
2025-09-22,7:30am,CAD,RMPI m/m,Non-economic,-0.6%,1.2%,0.3%,2025-09-22 07:30:00
2025-09-22,8:45am,GBP,MPC Member Pill Speaks,Non-economic,,,,2025-09-22 08:45:00
2025-09-22,9:00am,EUR,Consumer Confidence,Non-economic,-15,-15,-16,2025-09-22 09:00:00
2025-09-22,9:00am,USD,FOMC Member Musalem Speaks,Non-economic,,,,2025-09-22 09:00:00
2025-09-22,11:00am,EUR,German Buba President Nagel Speaks,Non-economic,,,,2025-09-22 11:00:00
2025-09-22,11:00am,USD,FOMC Member Miran Speaks,Medium,,,,2025-09-22 11:00:00
2025-09-22,11:00am,USD,FOMC Member Barkin Speaks,Non-economic,,,,2025-09-22 11:00:00
2025-09-22,11:00am,USD,FOMC Member Hammack Speaks,Non-economic,,,,2025-09-22 11:00:00
2025-09-22,12:15pm,CAD,Gov Council Member Rogers Speaks,Non-economic,,,,2025-09-22 12:15:00
2025-09-22,1:00pm,GBP,BOE Gov Bailey Speaks,Medium,,,,2025-09-22 13:00:00
2025-09-22,6:00pm,AUD,Flash Manufacturing PMI,Non-economic,51.6,,53.0,2025-09-22 18:00:00
2025-09-22,6:00pm,AUD,Flash Services PMI,Non-economic,52.0,,55.8,2025-09-22 18:00:00
2025-09-22,All Day,JPY,Bank Holiday,Low,,,,2025-09-22 00:00:00
2025-09-23,2:15am,EUR,French Flash Manufacturing PMI,Medium,48.1,50.2,50.4,2025-09-23 02:15:00
2025-09-23,2:15am,EUR,French Flash Services PMI,Medium,48.9,49.7,49.8,2025-09-23 02:15:00
2025-09-23,2:30am,EUR,German Flash Manufacturing PMI,High,48.5,50.0,48.8,2025-09-23 02:30:00
2025-09-23,2:30am,EUR,German Flash Services PMI,High,52.5,49.5,49.3,2025-09-23 02:30:00
2025-09-23,3:00am,EUR,Flash Manufacturing PMI,Medium,49.5,50.7,50.7,2025-09-23 03:00:00
2025-09-23,3:00am,EUR,Flash Services PMI,Medium,51.4,50.6,50.5,2025-09-23 03:00:00
2025-09-23,3:30am,GBP,Flash Manufacturing PMI,High,46.2,47.1,47.0,2025-09-23 03:30:00
2025-09-23,3:30am,GBP,Flash Services PMI,High,51.9,53.4,54.2,2025-09-23 03:30:00
2025-09-23,4:00am,GBP,MPC Member Pill Speaks,Non-economic,,,,2025-09-23 04:00:00
2025-09-23,4:02am,GBP,30-y Bond Auction,Non-economic,5.48|3.1,,5.17|3.2,2025-09-23 04:02:00
2025-09-23,5:00am,GBP,CBI Industrial Order Expectations,Non-economic,-27,-30,-33,2025-09-23 05:00:00
2025-09-23,7:30am,CAD,NHPI m/m,Non-economic,-0.3%,-0.1%,-0.1%,2025-09-23 07:30:00
2025-09-23,7:30am,USD,Current Account,Non-economic,-251B,-259B,-440B,2025-09-23 07:30:00
2025-09-23,7:30am,USD,FOMC Member Goolsbee Speaks,Non-economic,,,,2025-09-23 07:30:00
2025-09-23,8:00am,USD,FOMC Member Bowman Speaks,Non-economic,,,,2025-09-23 08:00:00
2025-09-23,8:45am,USD,Flash Manufacturing PMI,High,52.0,52.2,53.0,2025-09-23 08:45:00
2025-09-23,8:45am,USD,Flash Services PMI,High,53.9,54.0,54.5,2025-09-23 08:45:00
2025-09-23,8:50am,USD,President Trump Speaks,Medium,,,,2025-09-23 08:50:00
2025-09-23,9:00am,USD,FOMC Member Bostic Speaks,Non-economic,,,,2025-09-23 09:00:00
2025-09-23,9:05am,USD,Richmond Manufacturing Index,Medium,-17,-5,-7,2025-09-23 09:05:00
2025-09-23,11:35am,USD,Fed Chairman Powell Speaks,High,,,,2025-09-23 11:35:00
2025-09-23,1:15pm,CAD,BOC Gov Macklem Speaks,High,,,,2025-09-23 13:15:00
2025-09-23,2:10pm,USD,FOMC Member Goolsbee Speaks,Non-economic,,,,2025-09-23 14:10:00
2025-09-23,3:30pm,USD,API Weekly Statistical Bulletin,Non-economic,,,,2025-09-23 15:30:00
2025-09-23,6:20pm,USD,President Trump Speaks,Medium,,,,2025-09-23 18:20:00
2025-09-23,7:30pm,JPY,Flash Manufacturing PMI,Non-economic,48.4,49.5,49.7,2025-09-23 19:30:00
2025-09-23,8:30pm,AUD,CPI y/y,High,3.0%,2.9%,2.8%,2025-09-23 20:30:00
2025-09-24,12:00am,JPY,BOJ Core CPI y/y,Non-economic,2.0%,1.9%,2.0%,2025-09-24 00:00:00
2025-09-24,3:00am,CHF,UBS Economic Expectations,Non-economic,-46.4,,-53.8,2025-09-24 03:00:00
2025-09-24,3:00am,EUR,German ifo Business Climate,Medium,87.7,89.3,88.9,2025-09-24 03:00:00
2025-09-24,7:43am,EUR,Belgian NBB Business Climate,Non-economic,-7.9,-8.7,-8.9,2025-09-24 07:43:00
2025-09-24,9:00am,USD,New Home Sales,Medium,800K,650K,664K,2025-09-24 09:00:00
2025-09-24,9:30am,USD,Crude Oil Inventories,Non-economic,-0.6M,0.8M,-9.3M,2025-09-24 09:30:00
2025-09-24,11:30am,GBP,MPC Member Greene Speaks,Non-economic,,,,2025-09-24 11:30:00
2025-09-24,3:10pm,USD,FOMC Member Daly Speaks,Non-economic,,,,2025-09-24 15:10:00
2025-09-24,6:50pm,JPY,Monetary Policy Meeting Minutes,Non-economic,,,,2025-09-24 18:50:00
2025-09-24,6:50pm,JPY,SPPI y/y,Non-economic,2.7%,2.9%,2.6%,2025-09-24 18:50:00
2025-09-25,1:00am,EUR,German GfK Consumer Climate,Non-economic,-22.3,-23.3,-23.5,2025-09-25 01:00:00
2025-09-25,2:30am,CHF,SNB Monetary Policy Assessment,High,,,,2025-09-25 02:30:00
2025-09-25,2:30am,CHF,SNB Policy Rate,High,0.00%,0.00%,0.00%,2025-09-25 02:30:00
2025-09-25,3:00am,CHF,SNB Press Conference,High,,,,2025-09-25 03:00:00
2025-09-25,3:00am,EUR,ECB Economic Bulletin,Non-economic,,,,2025-09-25 03:00:00
2025-09-25,3:00am,EUR,M3 Money Supply y/y,Non-economic,2.9%,3.3%,3.3%,2025-09-25 03:00:00
2025-09-25,3:00am,EUR,Private Loans y/y,Non-economic,2.5%,2.3%,2.4%,2025-09-25 03:00:00
2025-09-25,5:00am,GBP,CBI Realized Sales,Non-economic,-29,-31,-32,2025-09-25 05:00:00
2025-09-25,7:15am,USD,FOMC Member Miran Speaks,Non-economic,,,,2025-09-25 07:15:00
2025-09-25,7:20am,USD,FOMC Member Goolsbee Speaks,Non-economic,,,,2025-09-25 07:20:00
2025-09-25,7:30am,USD,Final GDP q/q,High,3.8%,3.3%,3.3%,2025-09-25 07:30:00
2025-09-25,7:30am,USD,Unemployment Claims,High,218K,233K,232K,2025-09-25 07:30:00
2025-09-25,7:30am,USD,Core Durable Goods Orders m/m,Medium,0.4%,-0.1%,1.0%,2025-09-25 07:30:00
2025-09-25,7:30am,USD,Durable Goods Orders m/m,Medium,2.9%,-0.3%,-2.7%,2025-09-25 07:30:00
2025-09-25,7:30am,USD,Final GDP Price Index q/q,Medium,2.1%,2.0%,2.0%,2025-09-25 07:30:00
2025-09-25,7:30am,USD,Goods Trade Balance,Non-economic,-85.5B,-95.7B,-102.8B,2025-09-25 07:30:00
2025-09-25,7:30am,USD,Prelim Wholesale Inventories m/m,Non-economic,-0.2%,0.2%,0.1%,2025-09-25 07:30:00
2025-09-25,7:53am,CNY,CB Leading Index m/m,Non-economic,-0.5%,,-0.3%,2025-09-25 07:53:00
2025-09-25,8:00am,USD,FOMC Member Schmid Speaks,Non-economic,,,,2025-09-25 08:00:00
2025-09-25,8:00am,USD,FOMC Member Williams Speaks,Non-economic,,,,2025-09-25 08:00:00
2025-09-25,9:00am,USD,Existing Home Sales,Medium,4.00M,3.96M,4.01M,2025-09-25 09:00:00
2025-09-25,9:00am,USD,FOMC Member Bowman Speaks,Non-economic,,,,2025-09-25 09:00:00
2025-09-25,9:30am,USD,Natural Gas Storage,Non-economic,75B,76B,90B,2025-09-25 09:30:00
2025-09-25,12:00pm,USD,FOMC Member Barr Speaks,Non-economic,,,,2025-09-25 12:00:00
2025-09-25,12:40pm,USD,FOMC Member Logan Speaks,Non-economic,,,,2025-09-25 12:40:00
2025-09-25,2:30pm,USD,FOMC Member Daly Speaks,Non-economic,,,,2025-09-25 14:30:00
2025-09-25,6:30pm,JPY,Tokyo Core CPI y/y,Medium,2.5%,2.8%,2.5%,2025-09-25 18:30:00
2025-09-26,4:07am,EUR,Italian 10-y Bond Auction,Non-economic,3.62|1.7,,3.58|1.6,2025-09-26 04:07:00
2025-09-26,7:30am,CAD,GDP m/m,High,0.2%,0.1%,-0.1%,2025-09-26 07:30:00
2025-09-26,7:30am,USD,Core PCE Price Index m/m,High,0.2%,0.2%,0.2%,2025-09-26 07:30:00
2025-09-26,7:30am,USD,Personal Income m/m,Non-economic,0.4%,0.3%,0.4%,2025-09-26 07:30:00
2025-09-26,7:30am,USD,Personal Spending m/m,Non-economic,0.6%,0.5%,0.5%,2025-09-26 07:30:00
2025-09-26,8:00am,USD,FOMC Member Barkin Speaks,Non-economic,,,,2025-09-26 08:00:00
2025-09-26,9:00am,USD,Revised UoM Consumer Sentiment,Medium,55.1,55.5,55.4,2025-09-26 09:00:00
2025-09-26,9:00am,USD,Revised UoM Inflation Expectations,Non-economic,4.7%,,4.8%,2025-09-26 09:00:00
2025-09-26,12:00pm,USD,FOMC Member Bowman Speaks,Non-economic,,,,2025-09-26 12:00:00
2025-09-27,9:00am,NZD,Daylight Saving Time Shift,Low,,,,2025-09-27 09:00:00
2025-09-29,2:00am,EUR,Spanish Flash CPI y/y,Medium,2.9%,3.1%,2.7%,2025-09-29 02:00:00
2025-09-29,3:30am,GBP,M4 Money Supply m/m,Non-economic,0.4%,0.2%,0.1%,2025-09-29 03:30:00
2025-09-29,3:30am,GBP,Mortgage Approvals,Non-economic,65K,65K,65K,2025-09-29 03:30:00
2025-09-29,3:30am,GBP,Net Lending to Individuals m/m,Non-economic,6.0B,6.3B,6.2B,2025-09-29 03:30:00
2025-09-29,4:00am,EUR,German Buba President Nagel Speaks,Non-economic,,,,2025-09-29 04:00:00
2025-09-29,6:30am,USD,FOMC Member Waller Speaks,Non-economic,,,,2025-09-29 06:30:00
2025-09-29,7:00am,GBP,MPC Member Ramsden Speaks,Non-economic,,,,2025-09-29 07:00:00
2025-09-29,7:00am,USD,FOMC Member Hammack Speaks,Non-economic,,,,2025-09-29 07:00:00
2025-09-29,9:00am,USD,Pending Home Sales m/m,Medium,4.0%,0.2%,-0.3%,2025-09-29 09:00:00
2025-09-29,12:15pm,USD,President Trump Speaks,Medium,,,,2025-09-29 12:15:00
2025-09-29,12:30pm,USD,FOMC Member Musalem Speaks,Non-economic,,,,2025-09-29 12:30:00
2025-09-29,12:30pm,USD,FOMC Member Williams Speaks,Non-economic,,,,2025-09-29 12:30:00
2025-09-29,5:00pm,USD,FOMC Member Bostic Speaks,Non-economic,,,,2025-09-29 17:00:00
2025-09-29,6:01pm,GBP,BRC Shop Price Index y/y,Non-economic,1.4%,1.2%,0.9%,2025-09-29 18:01:00
2025-09-29,6:50pm,JPY,BOJ Summary of Opinions,Non-economic,,,,2025-09-29 18:50:00
2025-09-29,6:50pm,JPY,Prelim Industrial Production m/m,Non-economic,-1.2%,-0.8%,-1.2%,2025-09-29 18:50:00
2025-09-29,6:50pm,JPY,Retail Sales y/y,Non-economic,-1.1%,1.1%,0.4%,2025-09-29 18:50:00
2025-09-29,7:00pm,NZD,ANZ Business Confidence,Non-economic,49.6,,49.7,2025-09-29 19:00:00
2025-09-29,8:30pm,AUD,Building Approvals m/m,Non-economic,-6.0%,2.6%,-10.0%,2025-09-29 20:30:00
2025-09-29,8:30pm,AUD,Private Sector Credit m/m,Non-economic,0.6%,0.6%,0.7%,2025-09-29 20:30:00
2025-09-29,8:30pm,CNY,Manufacturing PMI,High,49.8,49.6,49.4,2025-09-29 20:30:00
2025-09-29,8:30pm,CNY,Non-Manufacturing PMI,Medium,50.0,50.3,50.3,2025-09-29 20:30:00
2025-09-29,8:45pm,CNY,RatingDog Manufacturing PMI,Non-economic,51.2,50.3,50.5,2025-09-29 20:45:00
2025-09-29,8:45pm,CNY,RatingDog Services PMI,Non-economic,52.9,52.4,53.0,2025-09-29 20:45:00
2025-09-29,11:30pm,AUD,Cash Rate,High,3.60%,3.60%,3.60%,2025-09-29 23:30:00
2025-09-29,11:30pm,AUD,RBA Rate Statement,High,,,,2025-09-29 23:30:00
2025-09-30,12:00am,JPY,Housing Starts y/y,Non-economic,-9.8%,-5.2%,-9.7%,2025-09-30 00:00:00
2025-09-30,12:30am,AUD,RBA Press Conference,High,,,,2025-09-30 00:30:00
2025-09-30,1:00am,EUR,German Import Prices m/m,Non-economic,-0.5%,-0.2%,-0.4%,2025-09-30 01:00:00
2025-09-30,1:00am,EUR,German Retail Sales m/m,Non-economic,-0.2%,0.6%,-0.5%,2025-09-30 01:00:00
2025-09-30,1:00am,GBP,Current Account,Non-economic,-28.9B,-24.8B,-21.2B,2025-09-30 01:00:00
2025-09-30,1:00am,GBP,Final GDP q/q,Non-economic,0.3%,0.3%,0.3%,2025-09-30 01:00:00
2025-09-30,1:00am,GBP,Revised Business Investment q/q,Non-economic,-1.1%,-4.0%,-4.0%,2025-09-30 01:00:00
2025-09-30,All Day,EUR,German Prelim CPI m/m,Medium,0.2%,0.2%,0.1%,2025-09-30 00:00:00
2025-09-30,1:45am,EUR,French Consumer Spending m/m,Non-economic,0.1%,0.3%,-0.6%,2025-09-30 01:45:00
2025-09-30,1:45am,EUR,French Prelim CPI m/m,Non-economic,-1.0%,-0.9%,0.4%,2025-09-30 01:45:00
2025-09-30,2:00am,CHF,KOF Economic Barometer,Non-economic,98.0,97.1,96.2,2025-09-30 02:00:00
2025-09-30,2:55am,EUR,German Unemployment Change,Non-economic,14K,8K,-7K,2025-09-30 02:55:00
2025-09-30,4:00am,EUR,Italian Prelim CPI m/m,Non-economic,-0.2%,-0.1%,0.1%,2025-09-30 04:00:00
2025-09-30,5:00am,USD,FOMC Member Jefferson Speaks,Non-economic,,,,2025-09-30 05:00:00
2025-09-30,6:50am,GBP,MPC Member Lombardelli Speaks,Non-economic,,,,2025-09-30 06:50:00
2025-09-30,All Day,CAD,Bank Holiday,Low,,,,2025-09-30 00:00:00
2025-09-30,7:50am,EUR,ECB President Lagarde Speaks,Medium,,,,2025-09-30 07:50:00
2025-09-30,8:00am,USD,FOMC Member Collins Speaks,Non-economic,,,,2025-09-30 08:00:00
2025-09-30,8:00am,USD,HPI m/m,Non-economic,-0.1%,-0.2%,-0.2%,2025-09-30 08:00:00
2025-09-30,8:00am,USD,S&P/CS Composite-20 HPI y/y,Non-economic,1.8%,1.7%,2.2%,2025-09-30 08:00:00
2025-09-30,8:25am,GBP,MPC Member Mann Speaks,Non-economic,,,,2025-09-30 08:25:00
2025-09-30,8:45am,USD,Chicago PMI,Non-economic,40.6,43.4,41.5,2025-09-30 08:45:00
2025-09-30,9:00am,USD,JOLTS Job Openings,High,7.23M,7.19M,7.21M,2025-09-30 09:00:00
2025-09-30,9:00am,USD,CB Consumer Confidence,Medium,94.2,96.0,97.8,2025-09-30 09:00:00
2025-09-30,10:00am,USD,President Trump Speaks,Medium,,,,2025-09-30 10:00:00
2025-09-30,10:30am,GBP,MPC Member Breeden Speaks,Non-economic,,,,2025-09-30 10:30:00
2025-09-30,12:00pm,EUR,German Buba President Nagel Speaks,Non-economic,,,,2025-09-30 12:00:00
2025-09-30,12:30pm,USD,FOMC Member Goolsbee Speaks,Non-economic,,,,2025-09-30 12:30:00
2025-09-30,2:30pm,USD,FOMC Member Goolsbee Speaks,Non-economic,,,,2025-09-30 14:30:00
2025-09-30,3:30pm,USD,API Weekly Statistical Bulletin,Non-economic,,,,2025-09-30 15:30:00
2025-09-30,4:45pm,NZD,Building Consents m/m,Non-economic,5.8%,,5.3%,2025-09-30 16:45:00
2025-09-30,6:10pm,USD,FOMC Member Logan Speaks,Non-economic,,,,2025-09-30 18:10:00
2025-09-30,6:50pm,JPY,Tankan Manufacturing Index,Non-economic,14,14,13,2025-09-30 18:50:00
2025-09-30,6:50pm,JPY,Tankan Non-Manufacturing Index,Non-economic,34,33,34,2025-09-30 18:50:00
2025-09-30,All Day,CNY,Bank Holiday,Low,,,,2025-09-30 00:00:00
2025-09-30,7:30pm,JPY,Final Manufacturing PMI,Non-economic,48.5,48.4,48.4,2025-09-30 19:30:00
2025-10-01,1:00am,GBP,Nationwide HPI m/m,Non-economic,0.5%,0.2%,-0.1%,2025-10-01 01:00:00
2025-10-01,1:30am,AUD,Commodity Prices y/y,Non-economic,0.0%,,-5.1%,2025-10-01 01:30:00
2025-10-01,1:30am,CHF,Retail Sales y/y,Non-economic,-0.2%,0.5%,0.9%,2025-10-01 01:30:00
2025-10-01,2:15am,EUR,Spanish Manufacturing PMI,Non-economic,51.5,53.8,54.3,2025-10-01 02:15:00
2025-10-01,2:30am,CHF,Manufacturing PMI,Non-economic,46.3,47.9,49.0,2025-10-01 02:30:00
2025-10-01,2:45am,EUR,Italian Manufacturing PMI,Non-economic,49.0,49.9,50.4,2025-10-01 02:45:00
2025-10-01,2:50am,EUR,French Final Manufacturing PMI,Non-economic,48.2,48.1,48.1,2025-10-01 02:50:00
2025-10-01,2:55am,EUR,German Final Manufacturing PMI,Non-economic,49.5,48.5,48.5,2025-10-01 02:55:00
2025-10-01,3:00am,EUR,Final Manufacturing PMI,Non-economic,49.8,49.5,49.5,2025-10-01 03:00:00
2025-10-01,3:30am,GBP,Final Manufacturing PMI,Non-economic,46.2,46.2,46.2,2025-10-01 03:30:00
2025-10-01,4:00am,EUR,Core CPI Flash Estimate y/y,Medium,2.3%,2.3%,2.3%,2025-10-01 04:00:00
2025-10-01,4:00am,EUR,CPI Flash Estimate y/y,Medium,2.2%,2.2%,2.0%,2025-10-01 04:00:00
2025-10-01,All Day,All,OPEC-JMMC Meetings,Medium,,,,2025-10-01 00:00:00
2025-10-01,4:32am,EUR,German 10-y Bond Auction,Non-economic,2.72|1.2,,2.61|1.9,2025-10-01 04:32:00
2025-10-01,4:55am,GBP,MPC Member Mann Speaks,Non-economic,,,,2025-10-01 04:55:00
2025-10-01,6:00am,EUR,German Buba President Nagel Speaks,Non-economic,,,,2025-10-01 06:00:00
2025-10-01,7:15am,USD,ADP Non-Farm Employment Change,High,-32K,52K,-3K,2025-10-01 07:15:00
2025-10-01,8:00am,CHF,SNB Quarterly Bulletin,Non-economic,,,,2025-10-01 08:00:00
2025-10-01,8:30am,CAD,Manufacturing PMI,Non-economic,47.7,,48.3,2025-10-01 08:30:00
2025-10-01,8:45am,USD,Final Manufacturing PMI,Non-economic,52.0,52.0,52.0,2025-10-01 08:45:00
2025-10-01,9:00am,USD,ISM Manufacturing PMI,High,49.1,49.0,48.7,2025-10-01 09:00:00
2025-10-01,9:00am,USD,ISM Manufacturing Prices,Medium,61.9,62.7,63.7,2025-10-01 09:00:00
2025-10-01,All Day,USD,Wards Total Vehicle Sales,Non-economic,16.4M,16.2M,16.1M,2025-10-01 00:00:00
2025-10-01,9:30am,USD,Crude Oil Inventories,Non-economic,1.8M,1.5M,-0.6M,2025-10-01 09:30:00
2025-10-01,11:15am,USD,FOMC Member Barkin Speaks,Non-economic,,,,2025-10-01 11:15:00
2025-10-01,12:30pm,CAD,BOC Summary of Deliberations,Non-economic,,,,2025-10-01 12:30:00
2025-10-01,1:05pm,CAD,Gov Council Member Rogers Speaks,Non-economic,,,,2025-10-01 13:05:00
2025-10-01,4:00pm,USD,FOMC Member Goolsbee Speaks,Non-economic,,,,2025-10-01 16:00:00
2025-10-01,6:50pm,JPY,Monetary Base y/y,Non-economic,-6.2%,-3.8%,-4.1%,2025-10-01 18:50:00
2025-10-01,All Day,CNY,Bank Holiday,Low,,,,2025-10-01 00:00:00
2025-10-01,8:30pm,AUD,Goods Trade Balance,Non-economic,1.83B,6.13B,6.61B,2025-10-01 20:30:00
2025-10-01,8:30pm,AUD,Household Spending m/m,Non-economic,0.1%,0.3%,0.4%,2025-10-01 20:30:00
2025-10-01,8:30pm,AUD,RBA Financial Stability Review,Non-economic,,,,2025-10-01 20:30:00
2025-10-01,10:35pm,JPY,10-y Bond Auction,Non-economic,1.64|3.3,,1.61|3.9,2025-10-01 22:35:00
2025-10-02,12:00am,JPY,Consumer Confidence,Non-economic,35.3,35.1,34.9,2025-10-02 00:00:00
2025-10-02,1:30am,CHF,CPI m/m,High,-0.2%,-0.2%,-0.1%,2025-10-02 01:30:00
2025-10-02,1:45am,EUR,French Gov Budget Balance,Non-economic,-157.5B,,-142.0B,2025-10-02 01:45:00
2025-10-02,2:00am,EUR,Spanish Unemployment Change,Non-economic,-4.8K,15.4K,21.9K,2025-10-02 02:00:00
2025-10-02,3:00am,EUR,Italian Monthly Unemployment Rate,Non-economic,6.0%,6.0%,5.9%,2025-10-02 03:00:00
2025-10-02,3:55am,EUR,French 10-y Bond Auction,Non-economic,3.51|2.5,,3.57|2.2,2025-10-02 03:55:00
2025-10-02,4:00am,EUR,Unemployment Rate,Non-economic,6.3%,6.2%,6.2%,2025-10-02 04:00:00
2025-10-02,5:10am,USD,Challenger Job Cuts y/y,Non-economic,-25.8%,,13.3%,2025-10-02 05:10:00
2025-10-02,9:30am,USD,FOMC Member Logan Speaks,Non-economic,,,,2025-10-02 09:30:00
2025-10-02,9:30am,USD,Natural Gas Storage,Non-economic,53B,66B,75B,2025-10-02 09:30:00
2025-10-02,12:25pm,CAD,Gov Council Member Mendes Speaks,Non-economic,,,,2025-10-02 12:25:00
2025-10-02,1:30pm,USD,FOMC Member Goolsbee Speaks,Non-economic,,,,2025-10-02 13:30:00
2025-10-02,6:30pm,JPY,Unemployment Rate,Non-economic,2.6%,2.4%,2.3%,2025-10-02 18:30:00
2025-10-02,All Day,CNY,Bank Holiday,Low,,,,2025-10-02 00:00:00
2025-10-02,8:05pm,JPY,BOJ Gov Ueda Speaks,High,,,,2025-10-02 20:05:00
2025-10-03,All Day,EUR,German Bank Holiday,Low,,,,2025-10-03 00:00:00
2025-10-03,1:45am,EUR,French Industrial Production m/m,Non-economic,-0.7%,0.3%,-1.1%,2025-10-03 01:45:00
2025-10-03,2:15am,EUR,Spanish Services PMI,Non-economic,54.3,53.3,53.2,2025-10-03 02:15:00
2025-10-03,2:45am,EUR,Italian Services PMI,Non-economic,52.5,51.5,51.5,2025-10-03 02:45:00
2025-10-03,2:50am,EUR,French Final Services PMI,Non-economic,48.5,48.9,48.9,2025-10-03 02:50:00
2025-10-03,2:55am,EUR,German Final Services PMI,Non-economic,51.5,52.5,52.5,2025-10-03 02:55:00
2025-10-03,3:00am,EUR,Final Services PMI,Non-economic,51.3,51.4,51.4,2025-10-03 03:00:00
2025-10-03,3:00am,EUR,Italian Retail Sales m/m,Non-economic,-0.1%,0.0%,0.0%,2025-10-03 03:00:00
2025-10-03,3:30am,GBP,Final Services PMI,Non-economic,50.8,51.9,51.9,2025-10-03 03:30:00
2025-10-03,4:00am,EUR,PPI m/m,Non-economic,-0.3%,-0.1%,0.3%,2025-10-03 04:00:00
2025-10-03,4:40am,EUR,ECB President Lagarde Speaks,Medium,,,,2025-10-03 04:40:00
2025-10-03,5:05am,USD,FOMC Member Williams Speaks,Non-economic,,,,2025-10-03 05:05:00
2025-10-03,7:30am,USD,FOMC Member Goolsbee Speaks,Non-economic,,,,2025-10-03 07:30:00
2025-10-03,8:20am,GBP,BOE Gov Bailey Speaks,High,,,,2025-10-03 08:20:00
2025-10-03,8:35am,USD,FOMC Member Miran Speaks,Non-economic,,,,2025-10-03 08:35:00
2025-10-03,8:45am,USD,Final Services PMI,Non-economic,54.2,53.9,53.9,2025-10-03 08:45:00
2025-10-03,9:00am,USD,ISM Services PMI,High,50.0,51.8,52.0,2025-10-03 09:00:00
2025-10-03,12:30pm,USD,FOMC Member Logan Speaks,Non-economic,,,,2025-10-03 12:30:00
2025-10-03,12:40pm,USD,FOMC Member Jefferson Speaks,Non-economic,,,,2025-10-03 12:40:00
2025-10-03,2:30pm,USD,FOMC Member Miran Speaks,Non-economic,,,,2025-10-03 14:30:00
2025-10-04,11:00am,AUD,Daylight Saving Time Shift,Low,,,,2025-10-04 11:00:00
2025-10-05,All Day,AUD,Bank Holiday,Low,,,,2025-10-05 00:00:00
2025-10-05,7:00pm,AUD,MI Inflation Gauge m/m,Non-economic,0.4%,,-0.3%,2025-10-05 19:00:00
2025-10-05,7:00pm,NZD,ANZ Commodity Prices m/m,Non-economic,-1.1%,,0.7%,2025-10-05 19:00:00
2025-10-05,All Day,CNY,Bank Holiday,Low,,,,2025-10-05 00:00:00
2025-10-06,2:00am,CHF,Unemployment Rate,Non-economic,3.0%,2.9%,2.9%,2025-10-06 02:00:00
2025-10-06,3:30am,EUR,Sentix Investor Confidence,Non-economic,-5.4,-7.5,-9.2,2025-10-06 03:30:00
2025-10-06,3:30am,GBP,Construction PMI,Non-economic,46.2,46.1,45.5,2025-10-06 03:30:00
2025-10-06,3:30am,GBP,Housing Equity Withdrawal q/q,Non-economic,-16.1B,-4.5B,-4.9B,2025-10-06 03:30:00
2025-10-06,4:00am,EUR,Retail Sales m/m,Non-economic,0.1%,0.1%,-0.4%,2025-10-06 04:00:00
2025-10-06,10:00am,GBP,BOE Gov Bailey Speaks,High,,,,2025-10-06 10:00:00
2025-10-06,12:00pm,EUR,ECB President Lagarde Speaks,High,,,,2025-10-06 12:00:00
2025-10-06,4:00pm,NZD,NZIER Business Confidence,Non-economic,18,,22,2025-10-06 16:00:00
2025-10-06,4:00pm,USD,FOMC Member Schmid Speaks,Non-economic,,,,2025-10-06 16:00:00
2025-10-06,5:57pm,AUD,Westpac Consumer Sentiment,Non-economic,-3.5%,,-3.1%,2025-10-06 17:57:00
2025-10-06,6:30pm,JPY,Household Spending y/y,Non-economic,2.3%,1.4%,1.4%,2025-10-06 18:30:00
2025-10-06,All Day,CNY,Bank Holiday,Low,,,,2025-10-06 00:00:00
2025-10-06,7:30pm,AUD,ANZ Job Advertisements m/m,Non-economic,-3.3%,,-0.3%,2025-10-06 19:30:00
2025-10-06,10:35pm,JPY,30-y Bond Auction,Non-economic,3.25|3.4,,3.26|3.3,2025-10-06 22:35:00
2025-10-07,12:00am,JPY,Leading Indicators,Non-economic,107.4%,107.1%,106.1%,2025-10-07 00:00:00
2025-10-07,1:00am,EUR,German Factory Orders m/m,Non-economic,-0.8%,1.2%,-2.7%,2025-10-07 01:00:00
2025-10-07,1:00am,GBP,Halifax HPI m/m,Non-economic,-0.3%,0.2%,0.3%,2025-10-07 01:00:00
2025-10-07,1:45am,EUR,French Trade Balance,Non-economic,-5.5B,-5.2B,-5.7B,2025-10-07 01:45:00
2025-10-07,2:00am,CHF,Foreign Currency Reserves,Non-economic,727B,,715B,2025-10-07 02:00:00
2025-10-07,7:30am,CAD,Trade Balance,Non-economic,-6.3B,-5.7B,-3.8B,2025-10-07 07:30:00
2025-10-07,9:00am,CAD,Ivey PMI,Medium,59.8,51.2,50.1,2025-10-07 09:00:00
2025-10-07,9:00am,USD,FOMC Member Bostic Speaks,Non-economic,,,,2025-10-07 09:00:00
2025-10-07,9:02am,USD,RCM/TIPP Economic Optimism,Non-economic,48.3,49.3,48.7,2025-10-07 09:02:00
2025-10-07,9:05am,USD,FOMC Member Bowman Speaks,Non-economic,,,,2025-10-07 09:05:00
2025-10-07,9:45am,USD,FOMC Member Miran Speaks,Non-economic,,,,2025-10-07 09:45:00
2025-10-07,10:15am,NZD,GDT Price Index,Non-economic,-1.6%,,-0.8%,2025-10-07 10:15:00
2025-10-07,10:30am,USD,FOMC Member Kashkari Speaks,Non-economic,,,,2025-10-07 10:30:00
2025-10-07,11:00am,EUR,German Buba President Nagel Speaks,Non-economic,,,,2025-10-07 11:00:00
2025-10-07,11:10am,EUR,ECB President Lagarde Speaks,Medium,,,,2025-10-07 11:10:00
2025-10-07,2:00pm,USD,Consumer Credit m/m,Non-economic,0.4B,12.9B,18.1B,2025-10-07 14:00:00
2025-10-07,3:05pm,USD,FOMC Member Miran Speaks,Non-economic,,,,2025-10-07 15:05:00
2025-10-07,3:30pm,USD,API Weekly Statistical Bulletin,Non-economic,,,,2025-10-07 15:30:00
2025-10-07,6:30pm,JPY,Average Cash Earnings y/y,Non-economic,1.5%,2.6%,3.4%,2025-10-07 18:30:00
2025-10-07,6:50pm,JPY,Current Account,Non-economic,2.46T,2.45T,1.88T,2025-10-07 18:50:00
2025-10-07,All Day,CNY,Bank Holiday,Low,,,,2025-10-07 00:00:00
2025-10-07,8:00pm,NZD,Official Cash Rate,High,2.50%,2.75%,3.00%,2025-10-07 20:00:00
2025-10-07,8:00pm,NZD,RBNZ Rate Statement,High,,,,2025-10-07 20:00:00
2025-10-08,12:00am,JPY,Economy Watchers Sentiment,Non-economic,47.1,47.0,46.7,2025-10-08 00:00:00
2025-10-08,1:00am,EUR,German Industrial Production m/m,Non-economic,-4.3%,-1.0%,1.3%,2025-10-08 01:00:00
2025-10-08,4:30am,GBP,FPC Meeting Minutes,Non-economic,,,,2025-10-08 04:30:00
2025-10-08,4:30am,GBP,FPC Statement,Non-economic,,,,2025-10-08 04:30:00
2025-10-08,8:20am,USD,FOMC Member Musalem Speaks,Non-economic,,,,2025-10-08 08:20:00
2025-10-08,8:30am,USD,FOMC Member Barr Speaks,Non-economic,,,,2025-10-08 08:30:00
2025-10-08,9:00am,USD,FOMC Member Goolsbee Speaks,Non-economic,,,,2025-10-08 09:00:00
2025-10-08,9:30am,USD,Crude Oil Inventories,Non-economic,3.7M,0.4M,1.8M,2025-10-08 09:30:00
2025-10-08,10:00am,GBP,MPC Member Pill Speaks,Non-economic,,,,2025-10-08 10:00:00
2025-10-08,11:00am,EUR,ECB President Lagarde Speaks,Non-economic,,,,2025-10-08 11:00:00
2025-10-08,12:01pm,USD,10-y Bond Auction,Non-economic,4.12|2.5,,4.03|2.7,2025-10-08 12:01:00
2025-10-08,12:15pm,USD,FOMC Member Logan Speaks,Non-economic,,,,2025-10-08 12:15:00
2025-10-08,1:00pm,USD,FOMC Meeting Minutes,High,,,,2025-10-08 13:00:00
2025-10-08,2:15pm,USD,FOMC Member Kashkari Speaks,Non-economic,,,,2025-10-08 14:15:00
2025-10-08,4:45pm,USD,FOMC Member Barr Speaks,Non-economic,,,,2025-10-08 16:45:00
2025-10-08,6:01pm,GBP,RICS House Price Balance,Non-economic,-15%,-18%,-18%,2025-10-08 18:01:00
2025-10-08,7:00pm,AUD,MI Inflation Expectations,Non-economic,4.8%,,4.7%,2025-10-08 19:00:00
2025-10-09,12:58am,JPY,Prelim Machine Tool Orders y/y,Non-economic,9.9%,,8.5%,2025-10-09 00:58:00
2025-10-09,1:00am,EUR,German Trade Balance,Non-economic,17.2B,15.1B,16.3B,2025-10-09 01:00:00
2025-10-09,3:30am,GBP,MPC Member Mann Speaks,Non-economic,,,,2025-10-09 03:30:00
2025-10-09,All Day,EUR,Eurogroup Meetings,Non-economic,,,,2025-10-09 00:00:00
2025-10-09,6:30am,EUR,ECB Monetary Policy Meeting Accounts,Non-economic,,,,2025-10-09 06:30:00
2025-10-09,7:00am,CAD,Gov Council Member Rogers Speaks,Non-economic,,,,2025-10-09 07:00:00
2025-10-09,7:30am,USD,Fed Chairman Powell Speaks,Medium,,,,2025-10-09 07:30:00
2025-10-09,7:35am,USD,FOMC Member Bowman Speaks,Non-economic,,,,2025-10-09 07:35:00
2025-10-09,9:30am,USD,Natural Gas Storage,Non-economic,80B,76B,53B,2025-10-09 09:30:00
2025-10-09,11:45am,USD,FOMC Member Barr Speaks,Non-economic,,,,2025-10-09 11:45:00
2025-10-09,12:01pm,USD,30-y Bond Auction,Non-economic,4.73|2.4,,4.65|2.4,2025-10-09 12:01:00
2025-10-09,2:45pm,USD,FOMC Member Bowman Speaks,Non-economic,,,,2025-10-09 14:45:00
2025-10-09,4:30pm,NZD,BusinessNZ Manufacturing Index,Non-economic,49.9,,49.9,2025-10-09 16:30:00
2025-10-09,5:00pm,AUD,RBA Gov Bullock Speaks,High,,,,2025-10-09 17:00:00
2025-10-09,6:50pm,JPY,Bank Lending y/y,Non-economic,3.8%,3.7%,3.5%,2025-10-09 18:50:00
2025-10-09,6:50pm,JPY,PPI y/y,Non-economic,2.7%,2.5%,2.7%,2025-10-09 18:50:00
2025-10-09,8:40pm,USD,FOMC Member Daly Speaks,Non-economic,,,,2025-10-09 20:40:00
2025-10-10,2:00am,CHF,SECO Consumer Climate,Non-economic,-37,-38,-40,2025-10-10 02:00:00
2025-10-10,3:00am,EUR,Italian Industrial Production m/m,Non-economic,-2.4%,-0.3%,0.4%,2025-10-10 03:00:00
2025-10-10,All Day,EUR,ECOFIN Meetings,Non-economic,,,,2025-10-10 00:00:00
2025-10-10,7:30am,CAD,Employment Change,High,60.4K,2.8K,-65.5K,2025-10-10 07:30:00
2025-10-10,7:30am,CAD,Unemployment Rate,High,7.1%,7.2%,7.1%,2025-10-10 07:30:00
2025-10-10,8:45am,USD,FOMC Member Goolsbee Speaks,Non-economic,,,,2025-10-10 08:45:00
2025-10-10,9:00am,USD,Prelim UoM Consumer Sentiment,High,55.0,54.1,55.1,2025-10-10 09:00:00
2025-10-10,9:00am,USD,Prelim UoM Inflation Expectations,High,4.6%,,4.7%,2025-10-10 09:00:00
2025-10-10,12:00pm,USD,FOMC Member Musalem Speaks,Non-economic,,,,2025-10-10 12:00:00
2025-10-12,4:30pm,NZD,BusinessNZ Services Index,Non-economic,48.3,,47.6,2025-10-12 16:30:00
2025-10-12,4:49pm,NZD,Visitor Arrivals m/m,Non-economic,2.2%,,2.7%,2025-10-12 16:49:00
2025-10-12,All Day,JPY,Bank Holiday,Low,,,,2025-10-12 00:00:00
2025-10-12,9:56pm,CNY,Trade Balance,Non-economic,645B,710B,733B,2025-10-12 21:56:00
2025-10-12,9:59pm,CNY,USD-Denominated Trade Balance,Non-economic,90.5B,98.5B,102.3B,2025-10-12 21:59:00
2025-10-13,1:00am,EUR,German WPI m/m,Non-economic,0.2%,0.2%,-0.6%,2025-10-13 01:00:00
2025-10-13,6:05am,GBP,MPC Member Greene Speaks,Non-economic,,,,2025-10-13 06:05:00
2025-10-13,All Day,CAD,Bank Holiday,Low,,,,2025-10-13 00:00:00
2025-10-13,All Day,USD,Bank Holiday,Low,,,,2025-10-13 00:00:00
2025-10-13,8:30am,GBP,CB Leading Index m/m,Non-economic,-0.3%,,0.0%,2025-10-13 08:30:00
2025-10-13,Day 1,All,IMF Meetings,Non-economic,,,,2025-10-13 00:00:00
2025-10-13,11:55am,USD,FOMC Member Paulson Speaks,Non-economic,,,,2025-10-13 11:55:00
2025-10-13,2:10pm,GBP,MPC Member Mann Speaks,Non-economic,,,,2025-10-13 14:10:00
2025-10-13,6:01pm,GBP,BRC Retail Sales Monitor y/y,Non-economic,2.0%,2.5%,2.9%,2025-10-13 18:01:00
2025-10-13,6:50pm,JPY,M2 Money Stock y/y,Non-economic,1.6%,1.2%,1.3%,2025-10-13 18:50:00
2025-10-13,7:30pm,AUD,Monetary Policy Meeting Minutes,Medium,,,,2025-10-13 19:30:00
2025-10-13,7:30pm,AUD,NAB Business Confidence,Non-economic,7,,4,2025-10-13 19:30:00
2025-10-14,1:00am,EUR,German Final CPI m/m,Non-economic,0.2%,0.2%,0.2%,2025-10-14 01:00:00
2025-10-14,1:00am,GBP,Average Earnings Index 3m/y,Medium,5.0%,4.7%,4.8%,2025-10-14 01:00:00
2025-10-14,1:00am,GBP,Claimant Count Change,Medium,25.8K,10.3K,-2.0K,2025-10-14 01:00:00
2025-10-14,1:00am,GBP,Unemployment Rate,Non-economic,4.8%,4.7%,4.7%,2025-10-14 01:00:00
2025-10-14,1:30am,CHF,PPI m/m,Non-economic,-0.2%,-0.2%,-0.6%,2025-10-14 01:30:00
2025-10-14,4:00am,EUR,German ZEW Economic Sentiment,Medium,39.3,41.2,37.3,2025-10-14 04:00:00
2025-10-14,4:00am,EUR,ZEW Economic Sentiment,Non-economic,22.7,30.2,26.1,2025-10-14 04:00:00
2025-10-14,5:00am,USD,NFIB Small Business Index,Non-economic,98.8,100.6,100.8,2025-10-14 05:00:00
2025-10-14,7:00am,GBP,MPC Member Taylor Speaks,Non-economic,,,,2025-10-14 07:00:00
2025-10-14,7:30am,CAD,Building Permits m/m,Non-economic,-1.2%,-0.7%,-1.1%,2025-10-14 07:30:00
2025-10-14,7:45am,USD,FOMC Member Bowman Speaks,Non-economic,,,,2025-10-14 07:45:00
2025-10-14,Day 2,All,IMF Meetings,Non-economic,,,,2025-10-14 00:00:00
2025-10-14,9:30am,AUD,CB Leading Index m/m,Non-economic,0.6%,,0.1%,2025-10-14 09:30:00
2025-10-14,11:10am,CAD,Gov Council Member Rogers Speaks,Non-economic,,,,2025-10-14 11:10:00
2025-10-14,11:20am,USD,Fed Chairman Powell Speaks,High,,,,2025-10-14 11:20:00
2025-10-14,12:00pm,GBP,BOE Gov Bailey Speaks,High,,,,2025-10-14 12:00:00
2025-10-14,2:25pm,USD,FOMC Member Waller Speaks,Non-economic,,,,2025-10-14 14:25:00
2025-10-14,2:30pm,USD,FOMC Member Collins Speaks,Non-economic,,,,2025-10-14 14:30:00
2025-10-14,6:30pm,AUD,MI Leading Index m/m,Non-economic,0.0%,,-0.1%,2025-10-14 18:30:00
2025-10-14,6:30pm,AUD,RBA Assist Gov Hunter Speaks,Non-economic,,,,2025-10-14 18:30:00
2025-10-14,8:30pm,CNY,CPI y/y,Medium,-0.3%,-0.2%,-0.4%,2025-10-14 20:30:00
2025-10-14,8:30pm,CNY,PPI y/y,Medium,-2.3%,-2.3%,-2.9%,2025-10-14 20:30:00
2025-10-14,11:30pm,JPY,Revised Industrial Production m/m,Non-economic,-1.5%,-1.2%,-1.2%,2025-10-14 23:30:00
2025-10-15,1:45am,EUR,French Final CPI m/m,Non-economic,-1.0%,-1.0%,-1.0%,2025-10-15 01:45:00
2025-10-15,3:00am,GBP,MPC Member Ramsden Speaks,Non-economic,,,,2025-10-15 03:00:00
2025-10-15,4:00am,EUR,Industrial Production m/m,Non-economic,-1.2%,-1.6%,0.5%,2025-10-15 04:00:00
2025-10-15,4:02am,CNY,M2 Money Supply y/y,Non-economic,8.4%,8.5%,8.8%,2025-10-15 04:02:00
2025-10-15,4:03am,CNY,New Loans,Medium,1290B,1490B,590B,2025-10-15 04:03:00
2025-10-15,4:32am,EUR,German 30-y Bond Auction,Non-economic,3.17|1.4,,3.25|1.8,2025-10-15 04:32:00
2025-10-15,7:30am,CAD,Manufacturing Sales m/m,Non-economic,-1.0%,-1.5%,2.2%,2025-10-15 07:30:00
2025-10-15,7:30am,CAD,Wholesale Sales m/m,Non-economic,-1.2%,-1.3%,1.7%,2025-10-15 07:30:00
2025-10-15,7:30am,USD,Empire State Manufacturing Index,Medium,10.7,-1.8,-8.7,2025-10-15 07:30:00
2025-10-15,8:30am,USD,FOMC Member Miran Speaks,Non-economic,,,,2025-10-15 08:30:00
2025-10-15,Day 3,All,IMF Meetings,Non-economic,,,,2025-10-15 00:00:00
2025-10-15,10:00am,GBP,MPC Member Breeden Speaks,Non-economic,,,,2025-10-15 10:00:00
2025-10-15,10:45am,GBP,MPC Member Breeden Speaks,Non-economic,,,,2025-10-15 10:45:00
2025-10-15,11:30am,USD,FOMC Member Miran Speaks,Non-economic,,,,2025-10-15 11:30:00
2025-10-15,12:00pm,USD,FOMC Member Waller Speaks,Non-economic,,,,2025-10-15 12:00:00
2025-10-15,1:00pm,USD,Beige Book,Non-economic,,,,2025-10-15 13:00:00
2025-10-15,1:30pm,USD,FOMC Member Schmid Speaks,Non-economic,,,,2025-10-15 13:30:00
2025-10-15,2:45pm,AUD,RBA Gov Bullock Speaks,High,,,,2025-10-15 14:45:00
2025-10-15,3:30pm,USD,API Weekly Statistical Bulletin,Non-economic,,,,2025-10-15 15:30:00
2025-10-15,4:10pm,AUD,RBA Assist Gov Kent Speaks,Non-economic,,,,2025-10-15 16:10:00
2025-10-15,4:45pm,NZD,FPI m/m,Non-economic,-0.4%,,0.3%,2025-10-15 16:45:00
2025-10-15,6:50pm,JPY,Core Machinery Orders m/m,Non-economic,-0.9%,0.4%,-4.6%,2025-10-15 18:50:00
2025-10-15,7:30pm,AUD,Employment Change,High,14.9K,20.5K,-11.9K,2025-10-15 19:30:00
2025-10-15,7:30pm,AUD,Unemployment Rate,High,4.5%,4.3%,4.3%,2025-10-15 19:30:00
2025-10-15,11:30pm,JPY,Tertiary Industry Activity m/m,Non-economic,-0.4%,-0.2%,0.2%,2025-10-15 23:30:00
2025-10-16,1:00am,GBP,GDP m/m,High,0.1%,0.1%,-0.1%,2025-10-16 01:00:00
2025-10-16,1:00am,GBP,Construction Output m/m,Non-economic,-0.3%,-0.1%,0.2%,2025-10-16 01:00:00
2025-10-16,1:00am,GBP,Goods Trade Balance,Non-economic,-21.2B,-21.8B,-20.6B,2025-10-16 01:00:00
2025-10-16,1:00am,GBP,Index of Services 3m/3m,Non-economic,0.4%,0.4%,0.4%,2025-10-16 01:00:00
2025-10-16,1:00am,GBP,Industrial Production m/m,Non-economic,0.4%,0.2%,-0.4%,2025-10-16 01:00:00
2025-10-16,1:00am,GBP,Manufacturing Production m/m,Non-economic,0.7%,0.2%,-1.1%,2025-10-16 01:00:00
2025-10-16,2:00am,CHF,SECO Economic Forecasts,Non-economic,,,,2025-10-16 02:00:00
2025-10-16,3:30am,GBP,BOE Credit Conditions Survey,Non-economic,,,,2025-10-16 03:30:00
2025-10-16,3:39am,EUR,Spanish 10-y Bond Auction,Non-economic,3.09|1.7,,3.23|1.9,2025-10-16 03:39:00
2025-10-16,4:00am,EUR,Italian Trade Balance,Non-economic,2.05B,8.94B,7.83B,2025-10-16 04:00:00
2025-10-16,4:00am,EUR,Trade Balance,Non-economic,9.7B,6.9B,6.0B,2025-10-16 04:00:00
2025-10-16,5:00am,EUR,German Buba Monthly Report,Non-economic,,,,2025-10-16 05:00:00
2025-10-16,7:15am,CAD,Housing Starts,Non-economic,279K,258K,245K,2025-10-16 07:15:00
2025-10-16,7:30am,USD,Philly Fed Manufacturing Index,Medium,-12.8,8.6,23.2,2025-10-16 07:30:00
2025-10-16,8:00am,GBP,MPC Member Mann Speaks,Non-economic,,,,2025-10-16 08:00:00
2025-10-16,8:00am,USD,FOMC Member Waller Speaks,Medium,,,,2025-10-16 08:00:00
2025-10-16,8:00am,USD,FOMC Member Barr Speaks,Non-economic,,,,2025-10-16 08:00:00
2025-10-16,8:00am,USD,FOMC Member Miran Speaks,Non-economic,,,,2025-10-16 08:00:00
2025-10-16,9:00am,USD,FOMC Member Bowman Speaks,Non-economic,,,,2025-10-16 09:00:00
2025-10-16,9:00am,USD,NAHB Housing Market Index,Non-economic,37,33,32,2025-10-16 09:00:00
2025-10-16,Day 4,All,IMF Meetings,Non-economic,,,,2025-10-16 00:00:00
2025-10-16,9:30am,USD,Natural Gas Storage,Non-economic,80B,76B,80B,2025-10-16 09:30:00
2025-10-16,9:45am,GBP,MPC Member Mann Speaks,Non-economic,,,,2025-10-16 09:45:00
2025-10-16,11:00am,EUR,ECB President Lagarde Speaks,Medium,,,,2025-10-16 11:00:00
2025-10-16,11:00am,USD,Crude Oil Inventories,Non-economic,3.5M,0.3M,3.7M,2025-10-16 11:00:00
2025-10-16,12:30pm,CAD,BOC Gov Macklem Speaks,High,,,,2025-10-16 12:30:00
2025-10-16,1:00pm,USD,Federal Budget Balance,Non-economic,198.0B,42.3B,-344.8B,2025-10-16 13:00:00
2025-10-16,1:30pm,GBP,MPC Member Greene Speaks,Non-economic,,,,2025-10-16 13:30:00
2025-10-16,3:15pm,USD,FOMC Member Miran Speaks,Non-economic,,,,2025-10-16 15:15:00
2025-10-16,5:00pm,USD,FOMC Member Kashkari Speaks,Non-economic,,,,2025-10-16 17:00:00
2025-10-17,4:00am,EUR,Final Core CPI y/y,Non-economic,2.4%,2.3%,2.3%,2025-10-17 04:00:00
2025-10-17,4:00am,EUR,Final CPI y/y,Non-economic,2.2%,2.2%,2.2%,2025-10-17 04:00:00
2025-10-17,4:35am,GBP,MPC Member Pill Speaks,Non-economic,,,,2025-10-17 04:35:00
2025-10-17,7:30am,CAD,Foreign Securities Purchases,Non-economic,25.92B,11.61B,26.66B,2025-10-17 07:30:00
2025-10-17,7:45am,EUR,German Buba President Nagel Speaks,Non-economic,,,,2025-10-17 07:45:00
2025-10-17,Day 5,All,IMF Meetings,Non-economic,,,,2025-10-17 00:00:00
2025-10-17,11:00am,GBP,MPC Member Greene Speaks,Non-economic,,,,2025-10-17 11:00:00
2025-10-17,11:15am,USD,FOMC Member Musalem Speaks,Non-economic,,,,2025-10-17 11:15:00
2025-10-17,11:30am,GBP,MPC Member Breeden Speaks,Non-economic,,,,2025-10-17 11:30:00
2025-10-18,7:00am,EUR,German Buba President Nagel Speaks,Non-economic,,,,2025-10-18 07:00:00
2025-10-18,8:00am,EUR,ECB President Lagarde Speaks,Medium,,,,2025-10-18 08:00:00
2025-10-18,8:00am,GBP,BOE Gov Bailey Speaks,High,,,,2025-10-18 08:00:00
2025-10-18,Day 6,All,IMF Meetings,Non-economic,,,,2025-10-18 00:00:00
2025-10-19,Day 7,All,IMF Meetings,Non-economic,,,,2025-10-19 00:00:00
2025-10-19,4:45pm,NZD,CPI q/q,High,1.0%,0.8%,0.5%,2025-10-19 16:45:00
2025-10-19,6:01pm,GBP,Rightmove HPI m/m,Non-economic,0.3%,,0.4%,2025-10-19 18:01:00
2025-10-19,8:00pm,CNY,1-y Loan Prime Rate,Medium,3.00%,3.00%,3.00%,2025-10-19 20:00:00
2025-10-19,8:00pm,CNY,5-y Loan Prime Rate,Medium,3.50%,3.50%,3.50%,2025-10-19 20:00:00
2025-10-19,8:30pm,CNY,New Home Prices m/m,Non-economic,-0.41%,,-0.30%,2025-10-19 20:30:00
2025-10-19,9:00pm,CNY,GDP q/y,Medium,4.8%,4.7%,5.2%,2025-10-19 21:00:00
2025-10-19,9:00pm,CNY,Industrial Production y/y,Medium,6.5%,5.0%,5.2%,2025-10-19 21:00:00
2025-10-19,9:00pm,CNY,Retail Sales y/y,Medium,3.0%,3.5%,3.4%,2025-10-19 21:00:00
2025-10-19,9:00pm,CNY,Fixed Asset Investment ytd/y,Non-economic,-0.5%,0.1%,0.5%,2025-10-19 21:00:00
2025-10-19,9:00pm,CNY,NBS Press Conference,Non-economic,,,,2025-10-19 21:00:00
2025-10-19,9:00pm,CNY,Unemployment Rate,Non-economic,5.2%,5.3%,5.3%,2025-10-19 21:00:00
2025-10-20,1:00am,EUR,German PPI m/m,Non-economic,-0.1%,0.1%,-0.5%,2025-10-20 01:00:00
2025-10-20,3:00am,EUR,Current Account,Non-economic,11.9B,22.5B,29.8B,2025-10-20 03:00:00
2025-10-20,7:30am,CAD,IPPI m/m,Non-economic,0.8%,0.2%,0.2%,2025-10-20 07:30:00
2025-10-20,7:30am,CAD,RMPI m/m,Non-economic,1.7%,-0.3%,-0.8%,2025-10-20 07:30:00
2025-10-20,9:30am,CAD,BOC Business Outlook Survey,Medium,,,,2025-10-20 09:30:00
2025-10-20,2:00pm,EUR,German Buba President Nagel Speaks,Non-economic,,,,2025-10-20 14:00:00
2025-10-20,4:45pm,NZD,Trade Balance,Non-economic,-1355M,-554M,-1235M,2025-10-20 16:45:00
2025-10-20,5:00pm,EUR,German Buba President Nagel Speaks,Non-economic,,,,2025-10-20 17:00:00
2025-10-20,6:45pm,AUD,RBA Assist Gov Jones Speaks,Non-economic,,,,2025-10-20 18:45:00
2025-10-20,9:00pm,NZD,Credit Card Spending y/y,Non-economic,0.2%,,3.3%,2025-10-20 21:00:00
2025-10-21,1:00am,CHF,Trade Balance,Non-economic,4.07B,5.22B,3.88B,2025-10-21 01:00:00
2025-10-21,1:00am,GBP,Public Sector Net Borrowing,Non-economic,20.2B,20.7B,15.3B,2025-10-21 01:00:00
2025-10-21,4:02am,GBP,30-y Bond Auction,Non-economic,5.29|3.2,,5.48|3.1,2025-10-21 04:02:00
2025-10-21,6:00am,EUR,ECB President Lagarde Speaks,Medium,,,,2025-10-21 06:00:00
2025-10-21,7:30am,CAD,CPI m/m,High,0.1%,-0.1%,-0.1%,2025-10-21 07:30:00
2025-10-21,7:30am,CAD,Median CPI y/y,High,3.2%,3.0%,3.2%,2025-10-21 07:30:00
2025-10-21,7:30am,CAD,Trimmed CPI y/y,High,3.1%,3.0%,3.0%,2025-10-21 07:30:00
2025-10-21,7:30am,CAD,Common CPI y/y,Medium,2.7%,2.6%,2.5%,2025-10-21 07:30:00
2025-10-21,7:30am,CAD,Core CPI m/m,Non-economic,0.2%,,0.0%,2025-10-21 07:30:00
2025-10-21,8:00am,USD,FOMC Member Waller Speaks,Non-economic,,,,2025-10-21 08:00:00
2025-10-21,2:30pm,USD,FOMC Member Waller Speaks,Non-economic,,,,2025-10-21 14:30:00
2025-10-21,3:30pm,USD,API Weekly Statistical Bulletin,Non-economic,,,,2025-10-21 15:30:00
2025-10-21,6:38pm,NZD,GDT Price Index,Non-economic,-1.4%,,-1.6%,2025-10-21 18:38:00
2025-10-21,6:50pm,JPY,Trade Balance,Non-economic,-0.31T,-0.11T,-0.17T,2025-10-21 18:50:00
2025-10-22,Feb Data,GBP,PPI Input m/m,Non-economic,-0.2%,,1.1%,2025-10-22 00:00:00
2025-10-22,Feb Data,GBP,PPI Output m/m,Non-economic,0.3%,,0.6%,2025-10-22 00:00:00
2025-10-22,Mar Data,GBP,PPI Input m/m,Non-economic,-0.3%,,-0.2%,2025-10-22 00:00:00
2025-10-22,Mar Data,GBP,PPI Output m/m,Non-economic,0.1%,,0.3%,2025-10-22 00:00:00
2025-10-22,Apr Data,GBP,PPI Input m/m,Non-economic,0.1%,,-0.3%,2025-10-22 00:00:00
2025-10-22,Apr Data,GBP,PPI Output m/m,Non-economic,0.4%,,0.1%,2025-10-22 00:00:00
2025-10-22,May Data,GBP,PPI Input m/m,Non-economic,-0.5%,,0.1%,2025-10-22 00:00:00
2025-10-22,May Data,GBP,PPI Output m/m,Non-economic,0.6%,,0.4%,2025-10-22 00:00:00
2025-10-22,June Data,GBP,PPI Input m/m,Non-economic,-0.2%,,-0.5%,2025-10-22 00:00:00
2025-10-22,June Data,GBP,PPI Output m/m,Non-economic,0.2%,,0.6%,2025-10-22 00:00:00
2025-10-22,July Data,GBP,PPI Input m/m,Non-economic,0.6%,,-0.2%,2025-10-22 00:00:00
2025-10-22,July Data,GBP,PPI Output m/m,Non-economic,0.6%,,0.2%,2025-10-22 00:00:00
2025-10-22,Aug Data,GBP,PPI Input m/m,Non-economic,0.0%,,0.6%,2025-10-22 00:00:00
2025-10-22,Aug Data,GBP,PPI Output m/m,Non-economic,0.1%,,0.6%,2025-10-22 00:00:00
2025-10-22,1:00am,GBP,CPI y/y,High,3.8%,4.0%,3.8%,2025-10-22 01:00:00
2025-10-22,1:00am,GBP,Core CPI y/y,Non-economic,3.5%,3.7%,3.6%,2025-10-22 01:00:00
2025-10-22,1:00am,GBP,RPI y/y,Non-economic,4.5%,4.7%,4.6%,2025-10-22 01:00:00
2025-10-22,1:05am,GBP,PPI Input m/m,Non-economic,-0.1%,0.3%,0.0%,2025-10-22 01:05:00
2025-10-22,1:05am,GBP,PPI Output m/m,Non-economic,0.0%,0.2%,0.1%,2025-10-22 01:05:00
2025-10-22,3:30am,GBP,HPI y/y,Non-economic,3.0%,2.5%,3.2%,2025-10-22 03:30:00
2025-10-22,7:25am,EUR,ECB President Lagarde Speaks,Medium,,,,2025-10-22 07:25:00
2025-10-22,9:30am,USD,Crude Oil Inventories,Non-economic,-1.0M,2.2M,3.5M,2025-10-22 09:30:00
2025-10-22,3:00pm,USD,FOMC Member Barr Speaks,Non-economic,,,,2025-10-22 15:00:00
2025-10-22,7:30pm,AUD,NAB Quarterly Business Confidence,Non-economic,2,,0,2025-10-22 19:30:00
2025-10-22,7:30pm,AUD,RBA Bulletin,Non-economic,,,,2025-10-22 19:30:00
2025-10-23,2:30am,CHF,Summary of Monetary Policy Discussions,Non-economic,,,,2025-10-23 02:30:00
2025-10-23,3:30am,GBP,MPC Member Dhingra Speaks,Non-economic,,,,2025-10-23 03:30:00
2025-10-23,5:00am,GBP,CBI Industrial Order Expectations,Non-economic,-38,-28,-27,2025-10-23 05:00:00
2025-10-23,All Day,EUR,Euro Summit,Non-economic,,,,2025-10-23 00:00:00
2025-10-23,7:30am,CAD,Core Retail Sales m/m,Medium,0.7%,1.3%,-1.1%,2025-10-23 07:30:00
2025-10-23,7:30am,CAD,Retail Sales m/m,Medium,1.0%,1.0%,-0.7%,2025-10-23 07:30:00
2025-10-23,9:00am,EUR,Consumer Confidence,Non-economic,-14,-15,-15,2025-10-23 09:00:00
2025-10-23,9:00am,USD,Existing Home Sales,Medium,4.06M,4.06M,4.00M,2025-10-23 09:00:00
2025-10-23,9:25am,USD,FOMC Member Barr Speaks,Non-economic,,,,2025-10-23 09:25:00
2025-10-23,9:30am,USD,Natural Gas Storage,Non-economic,87B,78B,80B,2025-10-23 09:30:00
2025-10-23,2:00pm,USD,President Trump Speaks,Medium,,,,2025-10-23 14:00:00
2025-10-23,5:00pm,AUD,Flash Manufacturing PMI,Non-economic,49.7,,51.4,2025-10-23 17:00:00
2025-10-23,5:00pm,AUD,Flash Services PMI,Non-economic,53.1,,52.4,2025-10-23 17:00:00
2025-10-23,6:01pm,GBP,GfK Consumer Confidence,Non-economic,-17,-20,-19,2025-10-23 18:01:00
2025-10-23,6:30pm,JPY,National Core CPI y/y,Non-economic,2.9%,2.9%,2.7%,2025-10-23 18:30:00
2025-10-23,7:05pm,AUD,RBA Gov Bullock Speaks,Medium,,,,2025-10-23 19:05:00
2025-10-23,7:30pm,JPY,Flash Manufacturing PMI,Non-economic,48.3,48.8,48.5,2025-10-23 19:30:00
2025-10-24,1:00am,GBP,Retail Sales m/m,Medium,0.5%,-0.4%,0.6%,2025-10-24 01:00:00
2025-10-24,2:00am,EUR,Spanish Unemployment Rate,Non-economic,10.5%,10.1%,10.3%,2025-10-24 02:00:00
2025-10-24,2:15am,EUR,French Flash Manufacturing PMI,Medium,48.3,48.2,48.2,2025-10-24 02:15:00
2025-10-24,2:15am,EUR,French Flash Services PMI,Medium,47.1,48.7,48.5,2025-10-24 02:15:00
2025-10-24,2:30am,EUR,German Flash Manufacturing PMI,High,49.6,49.5,49.5,2025-10-24 02:30:00
2025-10-24,2:30am,EUR,German Flash Services PMI,High,54.5,51.1,51.5,2025-10-24 02:30:00
2025-10-24,3:00am,EUR,Flash Manufacturing PMI,Medium,50.0,49.8,49.8,2025-10-24 03:00:00
2025-10-24,3:00am,EUR,Flash Services PMI,Medium,52.6,51.2,51.3,2025-10-24 03:00:00
2025-10-24,3:30am,GBP,Flash Manufacturing PMI,High,49.6,46.6,46.2,2025-10-24 03:30:00
2025-10-24,3:30am,GBP,Flash Services PMI,High,51.1,51.0,50.8,2025-10-24 03:30:00
2025-10-24,7:30am,CAD,NHPI m/m,Non-economic,-0.2%,0.2%,-0.3%,2025-10-24 07:30:00
2025-10-24,7:30am,USD,Core CPI m/m,High,0.2%,0.3%,0.3%,2025-10-24 07:30:00
2025-10-24,7:30am,USD,CPI m/m,High,0.3%,0.4%,0.4%,2025-10-24 07:30:00
2025-10-24,7:30am,USD,CPI y/y,High,3.0%,3.1%,2.9%,2025-10-24 07:30:00
2025-10-24,7:45am,EUR,German Buba President Nagel Speaks,Non-economic,,,,2025-10-24 07:45:00
2025-10-24,7:51am,EUR,Belgian NBB Business Climate,Non-economic,-9.1,-7.8,-7.9,2025-10-24 07:51:00
2025-10-24,8:45am,USD,Flash Manufacturing PMI,High,52.2,51.9,52.0,2025-10-24 08:45:00
2025-10-24,8:45am,USD,Flash Services PMI,High,55.2,53.5,54.2,2025-10-24 08:45:00
2025-10-24,9:00am,USD,Revised UoM Consumer Sentiment,Non-economic,53.6,54.6,55.0,2025-10-24 09:00:00
2025-10-24,9:00am,USD,Revised UoM Inflation Expectations,Non-economic,4.6%,,4.6%,2025-10-24 09:00:00
2025-10-25,4:07am,CNY,Foreign Direct Investment ytd/y,Non-economic,-10.4%,,-12.7%,2025-10-25 04:07:00
2025-10-25,9:00pm,CHF,Daylight Saving Time Shift,Low,,,,2025-10-25 21:00:00
2025-10-25,9:00pm,EUR,Daylight Saving Time Shift,Low,,,,2025-10-25 21:00:00
2025-10-25,9:00pm,GBP,Daylight Saving Time Shift,Low,,,,2025-10-25 21:00:00
2025-10-26,All Day,NZD,Bank Holiday,Low,,,,2025-10-26 00:00:00
2025-10-26,6:50pm,JPY,SPPI y/y,Non-economic,3.0%,2.8%,2.7%,2025-10-26 18:50:00
2025-10-27,3:15am,AUD,RBA Gov Bullock Speaks,High,,,,2025-10-27 03:15:00
2025-10-27,4:00am,EUR,German ifo Business Climate,Medium,88.4,88.1,87.7,2025-10-27 04:00:00
2025-10-27,4:00am,EUR,M3 Money Supply y/y,Non-economic,2.8%,2.7%,2.9%,2025-10-27 04:00:00
2025-10-27,4:00am,EUR,Private Loans y/y,Non-economic,2.6%,2.6%,2.5%,2025-10-27 04:00:00
2025-10-27,6:00am,GBP,CBI Realized Sales,Non-economic,-27,-28,-29,2025-10-27 06:00:00
2025-10-27,8:00am,CNY,CB Leading Index m/m,Non-economic,-0.1%,,-0.4%,2025-10-27 08:00:00
2025-10-27,7:01pm,GBP,BRC Shop Price Index y/y,Non-economic,1.0%,1.6%,1.4%,2025-10-27 19:01:00
2025-10-28,12:00am,JPY,BOJ Core CPI y/y,Non-economic,2.1%,2.1%,2.0%,2025-10-28 00:00:00
2025-10-28,2:00am,EUR,German GfK Consumer Climate,Non-economic,-24.1,-22.0,-22.5,2025-10-28 02:00:00
2025-10-28,7:15am,USD,ADP Weekly Employment Change,Medium,14.3K,,,2025-10-28 07:15:00
2025-10-28,8:00am,USD,HPI m/m,Non-economic,0.4%,-0.1%,0.0%,2025-10-28 08:00:00
2025-10-28,8:00am,USD,S&P/CS Composite-20 HPI y/y,Non-economic,1.6%,1.4%,1.8%,2025-10-28 08:00:00
2025-10-28,8:59am,USD,Richmond Manufacturing Index,Medium,-4,-11,-17,2025-10-28 08:59:00
2025-10-28,9:00am,USD,CB Consumer Confidence,Medium,94.6,93.4,95.6,2025-10-28 09:00:00
2025-10-28,3:30pm,USD,API Weekly Statistical Bulletin,Non-economic,,,,2025-10-28 15:30:00
2025-10-28,7:30pm,AUD,CPI m/m,High,1.3%,1.1%,0.7%,2025-10-28 19:30:00
2025-10-28,7:30pm,AUD,CPI y/y,High,3.5%,3.1%,3.0%,2025-10-28 19:30:00
2025-10-28,7:30pm,AUD,Trimmed Mean CPI m/m,High,1.0%,0.8%,0.7%,2025-10-28 19:30:00
2025-10-28,11:05pm,NZD,RBNZ Gov Hawkesby Speaks,Medium,,,,2025-10-28 23:05:00
2025-10-29,12:00am,JPY,Consumer Confidence,Non-economic,35.8,35.5,35.3,2025-10-29 00:00:00
2025-10-29,3:00am,EUR,Spanish Flash GDP q/q,Non-economic,0.6%,0.6%,0.8%,2025-10-29 03:00:00
2025-10-29,All Day,EUR,Dutch Parliamentary Election,Medium,,,,2025-10-29 00:00:00
2025-10-29,4:00am,CHF,UBS Economic Expectations,Non-economic,-7.7,,-46.4,2025-10-29 04:00:00
2025-10-29,4:30am,GBP,M4 Money Supply m/m,Non-economic,0.6%,0.1%,0.4%,2025-10-29 04:30:00
2025-10-29,4:30am,GBP,Mortgage Approvals,Non-economic,66K,64K,65K,2025-10-29 04:30:00
2025-10-29,4:30am,GBP,Net Lending to Individuals m/m,Non-economic,7.0B,5.6B,6.0B,2025-10-29 04:30:00
2025-10-29,5:32am,EUR,German 10-y Bond Auction,Non-economic,2.62|1.3,,2.72|1.2,2025-10-29 05:32:00
2025-10-29,8:45am,CAD,BOC Monetary Policy Report,High,,,,2025-10-29 08:45:00
2025-10-29,8:45am,CAD,BOC Rate Statement,High,,,,2025-10-29 08:45:00
2025-10-29,8:45am,CAD,Overnight Rate,High,2.25%,2.25%,2.50%,2025-10-29 08:45:00
2025-10-29,9:00am,USD,Pending Home Sales m/m,Medium,0.0%,1.6%,4.2%,2025-10-29 09:00:00
2025-10-29,9:30am,CAD,BOC Press Conference,High,,,,2025-10-29 09:30:00
2025-10-29,9:30am,USD,Crude Oil Inventories,Non-economic,-6.9M,-0.9M,-1.0M,2025-10-29 09:30:00
2025-10-29,1:00pm,USD,Federal Funds Rate,High,4.00%,4.00%,4.25%,2025-10-29 13:00:00
2025-10-29,1:00pm,USD,FOMC Statement,High,,,,2025-10-29 13:00:00
2025-10-29,1:30pm,USD,FOMC Press Conference,High,,,,2025-10-29 13:30:00
2025-10-29,7:00pm,NZD,ANZ Business Confidence,Non-economic,58.1,,49.6,2025-10-29 19:00:00
2025-10-29,7:30pm,AUD,Import Prices q/q,Non-economic,-0.4%,-0.3%,-0.8%,2025-10-29 19:30:00
2025-10-29,10:15pm,JPY,BOJ Outlook Report,High,,,,2025-10-29 22:15:00
2025-10-29,10:15pm,JPY,BOJ Policy Rate,High,<0.50%,<0.50%,<0.50%,2025-10-29 22:15:00
2025-10-29,10:15pm,JPY,Monetary Policy Statement,High,,,,2025-10-29 22:15:00
2025-10-30,1:30am,EUR,French Consumer Spending m/m,Non-economic,0.3%,0.0%,0.2%,2025-10-30 01:30:00
2025-10-30,1:30am,EUR,French Flash GDP q/q,Non-economic,0.5%,0.2%,0.3%,2025-10-30 01:30:00
2025-10-30,1:30am,JPY,BOJ Press Conference,High,,,,2025-10-30 01:30:00
2025-10-30,All Day,EUR,German Prelim CPI m/m,Medium,0.3%,0.2%,0.2%,2025-10-30 00:00:00
2025-10-30,3:00am,CHF,KOF Economic Barometer,Non-economic,101.3,98.4,98.0,2025-10-30 03:00:00
2025-10-30,3:00am,EUR,Spanish Flash CPI y/y,Medium,3.1%,2.9%,3.0%,2025-10-30 03:00:00
2025-10-30,3:55am,EUR,German Unemployment Change,Non-economic,-1K,8K,13K,2025-10-30 03:55:00
2025-10-30,4:00am,EUR,German Prelim GDP q/q,Medium,0.0%,0.0%,-0.3%,2025-10-30 04:00:00
2025-10-30,4:00am,EUR,Italian Prelim GDP q/q,Non-economic,0.0%,0.1%,-0.1%,2025-10-30 04:00:00
2025-10-30,5:00am,EUR,Italian Monthly Unemployment Rate,Non-economic,6.1%,6.0%,6.0%,2025-10-30 05:00:00
2025-10-30,5:00am,EUR,Prelim Flash GDP q/q,Non-economic,0.2%,0.1%,0.1%,2025-10-30 05:00:00
2025-10-30,5:00am,EUR,Unemployment Rate,Non-economic,6.3%,6.3%,6.3%,2025-10-30 05:00:00
2025-10-30,5:06am,EUR,Italian 10-y Bond Auction,Non-economic,3.46|1.5,,3.62|1.7,2025-10-30 05:06:00
2025-10-30,8:15am,EUR,Main Refinancing Rate,High,2.15%,2.15%,2.15%,2025-10-30 08:15:00
2025-10-30,8:15am,EUR,Monetary Policy Statement,High,,,,2025-10-30 08:15:00
2025-10-30,8:45am,EUR,ECB Press Conference,High,,,,2025-10-30 08:45:00
2025-10-30,8:55am,USD,FOMC Member Bowman Speaks,Non-economic,,,,2025-10-30 08:55:00
2025-10-30,9:30am,USD,Natural Gas Storage,Non-economic,74B,71B,87B,2025-10-30 09:30:00
2025-10-30,12:00pm,CHF,Gov Board Member Tschudin Speaks,Non-economic,,,,2025-10-30 12:00:00
2025-10-30,12:20pm,USD,FOMC Member Logan Speaks,Non-economic,,,,2025-10-30 12:20:00
2025-10-30,6:30pm,JPY,Tokyo Core CPI y/y,Medium,2.8%,2.6%,2.5%,2025-10-30 18:30:00
2025-10-30,6:30pm,JPY,Unemployment Rate,Non-economic,2.6%,2.5%,2.6%,2025-10-30 18:30:00
2025-10-30,6:50pm,JPY,Prelim Industrial Production m/m,Non-economic,2.2%,1.5%,-1.5%,2025-10-30 18:50:00
2025-10-30,6:50pm,JPY,Retail Sales y/y,Non-economic,0.5%,0.8%,-0.9%,2025-10-30 18:50:00
2025-10-30,7:30pm,AUD,PPI q/q,Non-economic,1.0%,0.8%,0.7%,2025-10-30 19:30:00
2025-10-30,7:30pm,AUD,Private Sector Credit m/m,Non-economic,0.6%,0.6%,0.6%,2025-10-30 19:30:00
2025-10-30,8:30pm,CNY,Manufacturing PMI,High,49.0,49.6,49.8,2025-10-30 20:30:00
2025-10-30,8:30pm,CNY,Non-Manufacturing PMI,Medium,50.1,50.1,50.0,2025-10-30 20:30:00
2025-10-31,12:00am,JPY,Housing Starts y/y,Non-economic,-7.3%,-7.8%,-9.8%,2025-10-31 00:00:00
2025-10-31,2:00am,EUR,German Import Prices m/m,Non-economic,0.2%,-0.2%,-0.5%,2025-10-31 02:00:00
2025-10-31,2:00am,EUR,German Retail Sales m/m,Non-economic,0.2%,0.2%,-0.5%,2025-10-31 02:00:00
2025-10-31,2:00am,GBP,Nationwide HPI m/m,Non-economic,0.3%,0.0%,0.5%,2025-10-31 02:00:00
2025-10-31,2:30am,CHF,Retail Sales y/y,Non-economic,1.5%,0.3%,-0.4%,2025-10-31 02:30:00
2025-10-31,2:45am,EUR,French Prelim CPI m/m,Non-economic,0.1%,0.1%,-1.0%,2025-10-31 02:45:00
2025-10-31,5:00am,EUR,Core CPI Flash Estimate y/y,Medium,2.4%,2.3%,2.4%,2025-10-31 05:00:00
2025-10-31,5:00am,EUR,CPI Flash Estimate y/y,Medium,2.1%,2.1%,2.2%,2025-10-31 05:00:00
2025-10-31,5:00am,EUR,Italian Prelim CPI m/m,Non-economic,-0.3%,0.0%,-0.2%,2025-10-31 05:00:00
2025-10-31,7:30am,CAD,GDP m/m,High,-0.3%,0.0%,0.3%,2025-10-31 07:30:00
2025-10-31,7:30am,USD,FOMC Member Logan Speaks,Non-economic,,,,2025-10-31 07:30:00
2025-10-31,8:45am,USD,Chicago PMI,Non-economic,43.8,42.3,40.6,2025-10-31 08:45:00
2025-10-31,11:00am,USD,FOMC Member Bostic Speaks,Non-economic,,,,2025-10-31 11:00:00
2025-10-31,11:00am,USD,FOMC Member Hammack Speaks,Non-economic,,,,2025-10-31 11:00:00
2025-11-02,2:00am,CAD,Daylight Saving Time Shift,Low,,,,2025-11-02 02:00:00
2025-11-02,2:00am,USD,Daylight Saving Time Shift,Low,,,,2025-11-02 02:00:00
2025-11-02,4:45pm,NZD,Building Consents m/m,Non-economic,7.2%,,6.1%,2025-11-02 16:45:00
2025-11-02,7:00pm,AUD,MI Inflation Gauge m/m,Non-economic,0.3%,,0.4%,2025-11-02 19:00:00
2025-11-02,All Day,JPY,Bank Holiday,Low,,,,2025-11-02 00:00:00
2025-11-02,7:30pm,AUD,ANZ Job Advertisements m/m,Non-economic,-2.2%,,-3.5%,2025-11-02 19:30:00
2025-11-02,7:30pm,AUD,Building Approvals m/m,Non-economic,12.0%,5.1%,-3.6%,2025-11-02 19:30:00
2025-11-02,7:30pm,AUD,Household Spending m/m,Non-economic,0.2%,0.5%,0.1%,2025-11-02 19:30:00
2025-11-02,8:45pm,CNY,RatingDog Manufacturing PMI,Non-economic,50.6,50.7,51.2,2025-11-02 20:45:00
2025-11-03,12:30am,AUD,Commodity Prices y/y,Non-economic,-1.3%,,0.1%,2025-11-03 00:30:00
2025-11-03,2:30am,CHF,CPI m/m,High,-0.3%,-0.1%,-0.2%,2025-11-03 02:30:00
2025-11-03,3:15am,EUR,Spanish Manufacturing PMI,Non-economic,52.1,51.8,51.5,2025-11-03 03:15:00
2025-11-03,3:30am,CHF,Manufacturing PMI,Non-economic,48.2,47.7,46.3,2025-11-03 03:30:00
2025-11-03,3:45am,EUR,Italian Manufacturing PMI,Non-economic,49.9,49.3,49.0,2025-11-03 03:45:00
2025-11-03,3:50am,EUR,French Final Manufacturing PMI,Non-economic,48.8,48.3,48.3,2025-11-03 03:50:00
2025-11-03,3:55am,EUR,German Final Manufacturing PMI,Non-economic,49.6,49.6,49.6,2025-11-03 03:55:00
2025-11-03,4:00am,EUR,Final Manufacturing PMI,Non-economic,50.0,50.0,50.0,2025-11-03 04:00:00
2025-11-03,4:30am,GBP,Final Manufacturing PMI,Non-economic,49.7,49.6,49.6,2025-11-03 04:30:00
2025-11-03,9:30am,CAD,Manufacturing PMI,Non-economic,49.6,,47.7,2025-11-03 09:30:00
2025-11-03,9:45am,USD,Final Manufacturing PMI,Non-economic,52.5,52.2,52.2,2025-11-03 09:45:00
2025-11-03,10:00am,USD,ISM Manufacturing PMI,High,48.7,49.4,49.1,2025-11-03 10:00:00
2025-11-03,10:00am,USD,ISM Manufacturing Prices,Medium,58.0,62.4,61.9,2025-11-03 10:00:00
2025-11-03,10:00am,USD,FOMC Member Goolsbee Speaks,Non-economic,,,,2025-11-03 10:00:00
2025-11-03,All Day,USD,Wards Total Vehicle Sales,Non-economic,15.3M,15.6M,16.4M,2025-11-03 00:00:00
2025-11-03,12:00pm,USD,FOMC Member Daly Speaks,Non-economic,,,,2025-11-03 12:00:00
2025-11-03,1:30pm,CAD,BOC Gov Macklem Speaks,High,,,,2025-11-03 13:30:00
2025-11-03,2:00pm,USD,FOMC Member Cook Speaks,Non-economic,,,,2025-11-03 14:00:00
2025-11-03,2:00pm,USD,Loan Officer Survey,Non-economic,,,,2025-11-03 14:00:00
2025-11-03,7:30pm,JPY,Final Manufacturing PMI,Non-economic,48.2,48.3,48.3,2025-11-03 19:30:00
2025-11-03,10:30pm,AUD,Cash Rate,High,3.60%,3.60%,3.60%,2025-11-03 22:30:00
2025-11-03,10:30pm,AUD,RBA Monetary Policy Statement,High,,,,2025-11-03 22:30:00
2025-11-03,10:30pm,AUD,RBA Rate Statement,High,,,,2025-11-03 22:30:00
2025-11-03,11:30pm,AUD,RBA Press Conference,High,,,,2025-11-03 23:30:00
2025-11-04,2:40am,EUR,ECB President Lagarde Speaks,Medium,,,,2025-11-04 02:40:00
2025-11-04,2:45am,EUR,French Gov Budget Balance,Non-economic,-155.4B,,-157.5B,2025-11-04 02:45:00
2025-11-04,3:00am,EUR,Spanish Unemployment Change,Non-economic,22.1K,5.2K,-4.8K,2025-11-04 03:00:00
2025-11-04,5:00am,EUR,ECB President Lagarde Speaks,Medium,,,,2025-11-04 05:00:00
2025-11-04,6:35am,USD,FOMC Member Bowman Speaks,Non-economic,,,,2025-11-04 06:35:00
2025-11-04,8:00am,GBP,MPC Member Breeden Speaks,Non-economic,,,,2025-11-04 08:00:00
2025-11-04,9:45am,NZD,GDT Price Index,Non-economic,-2.4%,,-1.4%,2025-11-04 09:45:00
2025-11-04,10:01am,USD,RCM/TIPP Economic Optimism,Non-economic,43.9,48.1,48.3,2025-11-04 10:01:00
2025-11-04,12:00pm,EUR,German Buba President Nagel Speaks,Non-economic,,,,2025-11-04 12:00:00
2025-11-04,3:00pm,NZD,RBNZ Financial Stability Report,Non-economic,,,,2025-11-04 15:00:00
2025-11-04,4:03pm,CAD,Annual Budget Release,Non-economic,,,,2025-11-04 16:03:00
2025-11-04,4:30pm,USD,API Weekly Statistical Bulletin,Non-economic,,,,2025-11-04 16:30:00
2025-11-04,4:45pm,NZD,Employment Change q/q,High,0.0%,0.1%,-0.2%,2025-11-04 16:45:00
2025-11-04,4:45pm,NZD,Unemployment Rate,High,5.3%,5.3%,5.2%,2025-11-04 16:45:00
2025-11-04,4:45pm,NZD,Labor Cost Index q/q,Non-economic,0.5%,0.5%,0.6%,2025-11-04 16:45:00
2025-11-04,6:50pm,JPY,Monetary Base y/y,Non-economic,-7.8%,-4.8%,-6.2%,2025-11-04 18:50:00
2025-11-04,6:50pm,JPY,Monetary Policy Meeting Minutes,Non-economic,,,,2025-11-04 18:50:00
2025-11-04,7:00pm,NZD,RBNZ Gov Hawkesby Speaks,Medium,,,,2025-11-04 19:00:00
2025-11-04,7:00pm,NZD,ANZ Commodity Prices m/m,Non-economic,-0.3%,,-1.1%,2025-11-04 19:00:00
2025-11-04,8:45pm,CNY,RatingDog Services PMI,Non-economic,52.6,52.5,52.9,2025-11-04 20:45:00
2025-11-04,10:35pm,JPY,10-y Bond Auction,Non-economic,1.66|3.0,,1.64|3.3,2025-11-04 22:35:00
2025-11-05,2:00am,EUR,German Factory Orders m/m,Non-economic,1.1%,0.9%,-0.4%,2025-11-05 02:00:00
2025-11-05,2:45am,EUR,French Industrial Production m/m,Non-economic,0.8%,0.1%,-0.9%,2025-11-05 02:45:00
2025-11-05,3:15am,EUR,Spanish Services PMI,Non-economic,56.6,54.8,54.3,2025-11-05 03:15:00
2025-11-05,3:45am,EUR,Italian Services PMI,Non-economic,54.0,53.0,52.5,2025-11-05 03:45:00
2025-11-05,3:50am,EUR,French Final Services PMI,Non-economic,48.0,47.1,47.1,2025-11-05 03:50:00
2025-11-05,3:55am,EUR,German Final Services PMI,Non-economic,54.6,54.5,54.5,2025-11-05 03:55:00
2025-11-05,4:00am,EUR,Final Services PMI,Non-economic,53.0,52.6,52.6,2025-11-05 04:00:00
2025-11-05,4:00am,EUR,Italian Retail Sales m/m,Non-economic,-0.5%,0.2%,-0.1%,2025-11-05 04:00:00
2025-11-05,4:30am,GBP,Final Services PMI,Non-economic,52.3,51.1,51.1,2025-11-05 04:30:00
2025-11-05,5:00am,EUR,German Buba President Nagel Speaks,Non-economic,,,,2025-11-05 05:00:00
2025-11-05,5:00am,EUR,PPI m/m,Non-economic,-0.1%,0.0%,-0.4%,2025-11-05 05:00:00
2025-11-05,8:15am,USD,ADP Non-Farm Employment Change,High,42K,32K,-29K,2025-11-05 08:15:00
2025-11-05,9:45am,USD,Final Services PMI,Non-economic,54.8,55.2,55.2,2025-11-05 09:45:00
2025-11-05,10:00am,USD,ISM Services PMI,High,52.4,50.7,50.0,2025-11-05 10:00:00
2025-11-05,10:30am,USD,Crude Oil Inventories,Non-economic,5.2M,-2.5M,-6.9M,2025-11-05 10:30:00
2025-11-05,11:10am,GBP,MPC Member Breeden Speaks,Non-economic,,,,2025-11-05 11:10:00
2025-11-05,11:30am,CHF,Gov Board Member Tschudin Speaks,Non-economic,,,,2025-11-05 11:30:00
2025-11-05,1:00pm,USD,President Trump Speaks,Medium,,,,2025-11-05 13:00:00
2025-11-05,4:30pm,CAD,BOC Gov Macklem Speaks,High,,,,2025-11-05 16:30:00
2025-11-05,6:30pm,JPY,Average Cash Earnings y/y,Non-economic,1.9%,1.9%,1.3%,2025-11-05 18:30:00
2025-11-05,7:30pm,AUD,Goods Trade Balance,Non-economic,3.94B,3.93B,1.11B,2025-11-05 19:30:00
2025-11-06,2:00am,EUR,German Industrial Production m/m,Non-economic,1.3%,3.0%,-3.7%,2025-11-06 02:00:00
2025-11-06,2:45am,EUR,French Prelim Private Payrolls q/q,Non-economic,-0.3%,-0.1%,0.2%,2025-11-06 02:45:00
2025-11-06,3:00am,CHF,Unemployment Rate,Non-economic,3.0%,3.0%,3.0%,2025-11-06 03:00:00
2025-11-06,3:57am,USD,Challenger Job Cuts y/y,Non-economic,175.3%,,-25.8%,2025-11-06 03:57:00
2025-11-06,4:30am,GBP,Construction PMI,Non-economic,44.1,46.9,46.2,2025-11-06 04:30:00
2025-11-06,4:47am,EUR,Spanish 10-y Bond Auction,Non-economic,3.11|2.6,,3.09|1.7,2025-11-06 04:47:00
2025-11-06,4:59am,EUR,French 10-y Bond Auction,Non-economic,3.43|2.1,,3.51|2.5,2025-11-06 04:59:00
2025-11-06,5:00am,EUR,Retail Sales m/m,Non-economic,-0.1%,0.2%,0.1%,2025-11-06 05:00:00
2025-11-06,7:00am,GBP,BOE Monetary Policy Report,High,,,,2025-11-06 07:00:00
2025-11-06,7:00am,GBP,Monetary Policy Summary,High,,,,2025-11-06 07:00:00
2025-11-06,7:00am,GBP,MPC Official Bank Rate Votes,High,0-4-5,0-3-6,0-2-7,2025-11-06 07:00:00
2025-11-06,7:00am,GBP,Official Bank Rate,High,4.00%,4.00%,4.00%,2025-11-06 07:00:00
2025-11-06,7:30am,EUR,German Buba President Nagel Speaks,Non-economic,,,,2025-11-06 07:30:00
2025-11-06,7:30am,GBP,BOE Gov Bailey Speaks,High,,,,2025-11-06 07:30:00
2025-11-06,8:50am,CAD,Gov Council Member Gravelle Speaks,Non-economic,,,,2025-11-06 08:50:00
2025-11-06,9:00am,EUR,German Buba President Nagel Speaks,Non-economic,,,,2025-11-06 09:00:00
2025-11-06,10:00am,CAD,Ivey PMI,Medium,52.4,55.2,59.8,2025-11-06 10:00:00
2025-11-06,10:30am,CAD,BOC Gov Macklem Speaks,High,,,,2025-11-06 10:30:00
2025-11-06,10:30am,USD,Natural Gas Storage,Non-economic,33B,34B,74B,2025-11-06 10:30:00
2025-11-06,11:00am,USD,President Trump Speaks,Medium,,,,2025-11-06 11:00:00
2025-11-06,11:00am,USD,FOMC Member Barr Speaks,Non-economic,,,,2025-11-06 11:00:00
2025-11-06,11:00am,USD,FOMC Member Williams Speaks,Non-economic,,,,2025-11-06 11:00:00
2025-11-06,12:00pm,USD,FOMC Member Hammack Speaks,Non-economic,,,,2025-11-06 12:00:00
2025-11-06,2:00pm,CAD,Gov Council Member Kozicki Speaks,Non-economic,,,,2025-11-06 14:00:00
2025-11-06,3:30pm,USD,FOMC Member Waller Speaks,Medium,,,,2025-11-06 15:30:00
2025-11-06,4:30pm,USD,FOMC Member Paulson Speaks,Non-economic,,,,2025-11-06 16:30:00
2025-11-06,5:30pm,USD,FOMC Member Musalem Speaks,Non-economic,,,,2025-11-06 17:30:00
2025-11-06,6:30pm,JPY,Household Spending y/y,Non-economic,1.8%,2.5%,2.3%,2025-11-06 18:30:00
2025-11-06,10:01pm,CNY,Trade Balance,Non-economic,640B,705B,645B,2025-11-06 22:01:00
2025-11-06,10:02pm,CNY,USD-Denominated Trade Balance,Non-economic,90.1B,96.9B,90.5B,2025-11-06 22:02:00
2025-11-07,2:00am,EUR,German Trade Balance,Non-economic,15.3B,16.7B,16.9B,2025-11-07 02:00:00
2025-11-07,2:00am,GBP,Halifax HPI m/m,Non-economic,0.6%,0.1%,-0.3%,2025-11-07 02:00:00
2025-11-07,2:45am,EUR,French Trade Balance,Non-economic,-6.6B,-5.9B,-5.2B,2025-11-07 02:45:00
2025-11-07,3:00am,CHF,Foreign Currency Reserves,Non-economic,725B,,727B,2025-11-07 03:00:00
2025-11-07,3:00am,CHF,SECO Consumer Climate,Non-economic,-37,-36,-37,2025-11-07 03:00:00
2025-11-07,3:00am,USD,FOMC Member Williams Speaks,Non-economic,,,,2025-11-07 03:00:00
2025-11-07,7:00am,EUR,German Buba President Nagel Speaks,Non-economic,,,,2025-11-07 07:00:00
2025-11-07,7:00am,USD,FOMC Member Jefferson Speaks,Non-economic,,,,2025-11-07 07:00:00
2025-11-07,8:30am,CAD,Employment Change,High,66.6K,-5.0K,60.4K,2025-11-07 08:30:00
2025-11-07,8:30am,CAD,Unemployment Rate,High,6.9%,7.1%,7.1%,2025-11-07 08:30:00
2025-11-07,10:00am,USD,Prelim UoM Consumer Sentiment,Medium,50.3,53.0,53.6,2025-11-07 10:00:00
2025-11-07,10:00am,USD,Prelim UoM Inflation Expectations,Medium,4.7%,,4.6%,2025-11-07 10:00:00
2025-11-07,10:15am,GBP,MPC Member Pill Speaks,Non-economic,,,,2025-11-07 10:15:00
2025-11-07,3:00pm,USD,Consumer Credit m/m,Non-economic,13.1B,10.4B,3.1B,2025-11-07 15:00:00
2025-11-07,3:00pm,USD,FOMC Member Miran Speaks,Non-economic,,,,2025-11-07 15:00:00
2025-11-07,4:01pm,USD,FOMC Financial Stability Report,Non-economic,,,,2025-11-07 16:01:00
2025-11-08,8:30pm,CNY,CPI y/y,Medium,0.2%,0.0%,-0.3%,2025-11-08 20:30:00
2025-11-08,8:30pm,CNY,PPI y/y,Medium,-2.1%,-2.3%,-2.3%,2025-11-08 20:30:00
2025-11-09,6:30pm,AUD,RBA Deputy Gov Hauser Speaks,Non-economic,,,,2025-11-09 18:30:00
2025-11-09,6:50pm,JPY,BOJ Summary of Opinions,Non-economic,,,,2025-11-09 18:50:00
2025-11-10,12:00am,JPY,Leading Indicators,Non-economic,108.0%,107.9%,107.0%,2025-11-10 00:00:00
2025-11-10,4:10am,GBP,MPC Member Lombardelli Speaks,Non-economic,,,,2025-11-10 04:10:00
2025-11-10,4:30am,EUR,Sentix Investor Confidence,Non-economic,-7.4,-3.9,-5.4,2025-11-10 04:30:00
2025-11-10,8:30am,USD,FOMC Member Daly Speaks,Non-economic,,,,2025-11-10 08:30:00
2025-11-10,9:45am,USD,Cleveland Fed Inflation Expectations,Non-economic,3.3%,,3.5%,2025-11-10 09:45:00
2025-11-10,9:45am,USD,FOMC Member Musalem Speaks,Non-economic,,,,2025-11-10 09:45:00
2025-11-10,6:15pm,AUD,Westpac Consumer Sentiment,Non-economic,12.8%,,-3.5%,2025-11-10 18:15:00
2025-11-10,6:50pm,JPY,Bank Lending y/y,Non-economic,4.1%,3.8%,3.8%,2025-11-10 18:50:00
2025-11-10,6:50pm,JPY,Current Account,Non-economic,4.35T,2.26T,2.39T,2025-11-10 18:50:00
2025-11-10,7:01pm,GBP,BRC Retail Sales Monitor y/y,Non-economic,1.5%,2.4%,2.0%,2025-11-10 19:01:00
2025-11-10,7:30pm,AUD,NAB Business Confidence,Non-economic,6,,7,2025-11-10 19:30:00
2025-11-10,9:00pm,NZD,Inflation Expectations q/q,Medium,2.28%,,2.28%,2025-11-10 21:00:00
2025-11-10,10:35pm,JPY,30-y Bond Auction,Non-economic,3.17|3.1,,3.25|3.4,2025-11-10 22:35:00
2025-11-11,12:00am,JPY,Economy Watchers Sentiment,Non-economic,49.1,47.5,47.1,2025-11-11 00:00:00
2025-11-11,2:00am,GBP,Claimant Count Change,High,29.0K,17.6K,0.4K,2025-11-11 02:00:00
2025-11-11,2:00am,GBP,Average Earnings Index 3m/y,Medium,4.8%,5.0%,5.0%,2025-11-11 02:00:00
2025-11-11,2:00am,GBP,Unemployment Rate,Non-economic,5.0%,4.9%,4.8%,2025-11-11 02:00:00
2025-11-11,All Day,EUR,French Bank Holiday,Low,,,,2025-11-11 00:00:00
2025-11-11,3:30am,GBP,MPC Member Greene Speaks,Non-economic,,,,2025-11-11 03:30:00
2025-11-11,Day 1,All,G7 Meetings,Non-economic,,,,2025-11-11 00:00:00
2025-11-11,5:00am,EUR,German ZEW Economic Sentiment,Non-economic,38.5,41.0,39.3,2025-11-11 05:00:00
2025-11-11,5:00am,EUR,ZEW Economic Sentiment,Non-economic,25.0,23.5,22.7,2025-11-11 05:00:00
2025-11-11,6:00am,USD,NFIB Small Business Index,Non-economic,98.2,98.5,98.8,2025-11-11 06:00:00
2025-11-11,All Day,CAD,Bank Holiday,Low,,,,2025-11-11 00:00:00
2025-11-11,All Day,USD,Bank Holiday,Low,,,,2025-11-11 00:00:00
2025-11-11,8:26am,USD,ADP Weekly Employment Change,Medium,-11.3K,,14.3K,2025-11-11 08:26:00
2025-11-11,9:30am,GBP,CB Leading Index m/m,Non-economic,-0.3%,,-0.1%,2025-11-11 09:30:00
2025-11-11,5:15pm,AUD,RBA Assist Gov Jones Speaks,Non-economic,,,,2025-11-11 17:15:00
2025-11-11,6:50pm,JPY,M2 Money Stock y/y,Non-economic,1.6%,1.8%,1.5%,2025-11-11 18:50:00
2025-11-11,10:25pm,USD,FOMC Member Barr Speaks,Non-economic,,,,2025-11-11 22:25:00
2025-11-12,12:58am,JPY,Prelim Machine Tool Orders y/y,Non-economic,16.8%,,11.0%,2025-11-12 00:58:00
2025-11-12,2:00am,EUR,German Final CPI m/m,Non-economic,0.3%,0.3%,0.3%,2025-11-12 02:00:00
2025-11-12,2:00am,EUR,German WPI m/m,Non-economic,0.3%,0.1%,0.2%,2025-11-12 02:00:00
2025-11-12,4:00am,EUR,Italian Industrial Production m/m,Non-economic,2.8%,1.5%,-2.7%,2025-11-12 04:00:00
2025-11-12,Day 2,All,G7 Meetings,Non-economic,,,,2025-11-12 00:00:00
2025-11-12,All Day,EUR,Eurogroup Meetings,Non-economic,,,,2025-11-12 00:00:00
2025-11-12,5:32am,EUR,German 30-y Bond Auction,Non-economic,3.26|1.3,,3.17|1.4,2025-11-12 05:32:00
2025-11-12,7:05am,GBP,MPC Member Pill Speaks,Non-economic,,,,2025-11-12 07:05:00
2025-11-12,8:30am,CAD,Building Permits m/m,Non-economic,4.5%,0.8%,-4.0%,2025-11-12 08:30:00
2025-11-12,9:20am,USD,FOMC Member Williams Speaks,Non-economic,,,,2025-11-12 09:20:00
2025-11-12,10:00am,USD,FOMC Member Paulson Speaks,Non-economic,,,,2025-11-12 10:00:00
2025-11-12,10:20am,USD,FOMC Member Waller Speaks,Non-economic,,,,2025-11-12 10:20:00
2025-11-12,10:30am,AUD,CB Leading Index m/m,Non-economic,0.0%,,0.5%,2025-11-12 10:30:00
2025-11-12,12:15pm,USD,FOMC Member Bostic Speaks,Non-economic,,,,2025-11-12 12:15:00
2025-11-12,12:30pm,USD,FOMC Member Miran Speaks,Non-economic,,,,2025-11-12 12:30:00
2025-11-12,1:01pm,USD,10-y Bond Auction,Non-economic,4.07|2.4,,4.12|2.5,2025-11-12 13:01:00
2025-11-12,1:30pm,CAD,BOC Summary of Deliberations,Non-economic,,,,2025-11-12 13:30:00
2025-11-12,4:00pm,USD,FOMC Member Collins Speaks,Non-economic,,,,2025-11-12 16:00:00
2025-11-12,4:30pm,USD,API Weekly Statistical Bulletin,Non-economic,,,,2025-11-12 16:30:00
2025-11-12,4:45pm,NZD,Visitor Arrivals m/m,Non-economic,2.9%,,2.4%,2025-11-12 16:45:00
2025-11-12,6:50pm,JPY,PPI y/y,Non-economic,2.7%,2.5%,2.8%,2025-11-12 18:50:00
2025-11-12,7:00pm,AUD,MI Inflation Expectations,Non-economic,4.5%,,4.8%,2025-11-12 19:00:00
2025-11-12,7:01pm,GBP,RICS House Price Balance,Non-economic,-19%,-14%,-17%,2025-11-12 19:01:00
2025-11-12,7:30pm,AUD,Employment Change,High,42.2K,20.0K,12.8K,2025-11-12 19:30:00
2025-11-12,7:30pm,AUD,Unemployment Rate,High,4.3%,4.4%,4.5%,2025-11-12 19:30:00
2025-11-13,2:00am,GBP,GDP m/m,High,-0.1%,0.0%,0.0%,2025-11-13 02:00:00
2025-11-13,2:00am,GBP,Prelim GDP q/q,Medium,0.1%,0.2%,0.3%,2025-11-13 02:00:00
2025-11-13,2:00am,GBP,Construction Output m/m,Non-economic,0.2%,0.0%,-0.5%,2025-11-13 02:00:00
2025-11-13,2:00am,GBP,Goods Trade Balance,Non-economic,-18.9B,-20.8B,-19.5B,2025-11-13 02:00:00
2025-11-13,2:00am,GBP,Index of Services 3m/3m,Non-economic,0.2%,0.3%,0.3%,2025-11-13 02:00:00
2025-11-13,2:00am,GBP,Industrial Production m/m,Non-economic,-2.0%,-0.5%,0.3%,2025-11-13 02:00:00
2025-11-13,2:00am,GBP,Manufacturing Production m/m,Non-economic,-1.7%,-0.7%,0.6%,2025-11-13 02:00:00
2025-11-13,2:00am,GBP,Prelim Business Investment q/q,Non-economic,-0.3%,0.3%,-1.1%,2025-11-13 02:00:00
2025-11-13,2:30am,CHF,PPI m/m,Non-economic,-0.3%,-0.1%,-0.2%,2025-11-13 02:30:00
2025-11-13,4:00am,EUR,ECB Economic Bulletin,Non-economic,,,,2025-11-13 04:00:00
2025-11-13,4:01am,CNY,New Loans,Non-economic,220B,460B,1290B,2025-11-13 04:01:00
2025-11-13,4:02am,CNY,M2 Money Supply y/y,Non-economic,8.2%,8.1%,8.4%,2025-11-13 04:02:00
2025-11-13,5:00am,EUR,Industrial Production m/m,Non-economic,0.2%,0.7%,-1.1%,2025-11-13 05:00:00
2025-11-13,All Day,EUR,ECOFIN Meetings,Non-economic,,,,2025-11-13 00:00:00
2025-11-13,7:00am,GBP,MPC Member Greene Speaks,Non-economic,,,,2025-11-13 07:00:00
2025-11-13,8:00am,USD,FOMC Member Daly Speaks,Non-economic,,,,2025-11-13 08:00:00
2025-11-13,10:30am,USD,FOMC Member Kashkari Speaks,Non-economic,,,,2025-11-13 10:30:00
2025-11-13,12:00pm,USD,Crude Oil Inventories,Non-economic,6.4M,1.0M,5.2M,2025-11-13 12:00:00
2025-11-13,12:15pm,USD,FOMC Member Musalem Speaks,Non-economic,,,,2025-11-13 12:15:00
2025-11-13,12:20pm,USD,FOMC Member Hammack Speaks,Non-economic,,,,2025-11-13 12:20:00
2025-11-13,12:30pm,CHF,Gov Board Member Tschudin Speaks,Non-economic,,,,2025-11-13 12:30:00
2025-11-13,1:01pm,USD,30-y Bond Auction,Non-economic,4.69|2.3,,4.73|2.4,2025-11-13 13:01:00
2025-11-13,4:30pm,NZD,BusinessNZ Manufacturing Index,Non-economic,51.4,,50.1,2025-11-13 16:30:00
2025-11-13,8:30pm,CNY,New Home Prices m/m,Non-economic,-0.45%,,-0.41%,2025-11-13 20:30:00
2025-11-13,9:00pm,CNY,Fixed Asset Investment ytd/y,Non-economic,-1.7%,-0.9%,-0.5%,2025-11-13 21:00:00
2025-11-13,9:00pm,CNY,Industrial Production y/y,Non-economic,4.9%,5.5%,6.5%,2025-11-13 21:00:00
2025-11-13,9:00pm,CNY,NBS Press Conference,Non-economic,,,,2025-11-13 21:00:00
2025-11-13,9:00pm,CNY,Retail Sales y/y,Non-economic,2.9%,2.7%,3.0%,2025-11-13 21:00:00
2025-11-13,9:00pm,CNY,Unemployment Rate,Non-economic,5.1%,5.2%,5.2%,2025-11-13 21:00:00
2025-11-13,11:30pm,JPY,Tertiary Industry Activity m/m,Non-economic,0.3%,0.3%,0.1%,2025-11-13 23:30:00
2025-11-14,2:45am,EUR,French Final CPI m/m,Non-economic,0.1%,0.1%,0.1%,2025-11-14 02:45:00
2025-11-14,4:00am,EUR,Italian Trade Balance,Non-economic,2.85B,3.18B,1.88B,2025-11-14 04:00:00
2025-11-14,5:00am,EUR,Flash Employment Change q/q,Non-economic,0.1%,0.1%,0.1%,2025-11-14 05:00:00
2025-11-14,5:00am,EUR,Flash GDP q/q,Non-economic,0.2%,0.2%,0.2%,2025-11-14 05:00:00
2025-11-14,5:00am,EUR,Trade Balance,Non-economic,18.7B,8.8B,10.6B,2025-11-14 05:00:00
2025-11-14,8:30am,CAD,Manufacturing Sales m/m,Non-economic,3.3%,2.8%,-1.1%,2025-11-14 08:30:00
2025-11-14,8:30am,CAD,Wholesale Sales m/m,Non-economic,0.6%,0.0%,-1.0%,2025-11-14 08:30:00
2025-11-14,10:05am,USD,FOMC Member Schmid Speaks,Non-economic,,,,2025-11-14 10:05:00
2025-11-14,10:25am,USD,Mortgage Delinquencies,Non-economic,3.99%,,3.93%,2025-11-14 10:25:00
2025-11-14,10:30am,USD,Natural Gas Storage,Non-economic,45B,34B,33B,2025-11-14 10:30:00
2025-11-14,2:30pm,USD,FOMC Member Logan Speaks,Non-economic,,,,2025-11-14 14:30:00
2025-11-14,3:20pm,USD,FOMC Member Bostic Speaks,Non-economic,,,,2025-11-14 15:20:00
2025-11-16,4:30pm,NZD,BusinessNZ Services Index,Non-economic,48.7,,48.3,2025-11-16 16:30:00
2025-11-16,4:45pm,NZD,FPI m/m,Non-economic,-0.3%,,-0.4%,2025-11-16 16:45:00
2025-11-16,6:50pm,JPY,Prelim GDP Price Index y/y,Non-economic,2.8%,3.1%,3.0%,2025-11-16 18:50:00
2025-11-16,6:50pm,JPY,Prelim GDP q/q,Non-economic,-0.4%,-0.6%,0.5%,2025-11-16 18:50:00
2025-11-16,7:01pm,GBP,Rightmove HPI m/m,Non-economic,-1.8%,,0.3%,2025-11-16 19:01:00
2025-11-16,11:30pm,JPY,Revised Industrial Production m/m,Non-economic,2.6%,2.2%,2.2%,2025-11-16 23:30:00
2025-11-17,5:00am,EUR,EU Economic Forecasts,Non-economic,,,,2025-11-17 05:00:00
2025-11-17,8:20am,GBP,MPC Member Mann Speaks,Non-economic,,,,2025-11-17 08:20:00
2025-11-17,8:30am,CAD,CPI m/m,High,0.2%,0.2%,0.1%,2025-11-17 08:30:00
2025-11-17,8:30am,CAD,Median CPI y/y,High,2.9%,3.1%,3.1%,2025-11-17 08:30:00
2025-11-17,8:30am,CAD,Trimmed CPI y/y,High,3.0%,3.0%,3.1%,2025-11-17 08:30:00
2025-11-17,8:30am,CAD,Common CPI y/y,Medium,2.7%,2.8%,2.7%,2025-11-17 08:30:00
2025-11-17,8:30am,CAD,Foreign Securities Purchases,Non-economic,31.32B,27.77B,23.61B,2025-11-17 08:30:00
2025-11-17,8:30am,USD,Empire State Manufacturing Index,Medium,18.7,6.1,10.7,2025-11-17 08:30:00
2025-11-17,8:32am,CAD,Core CPI m/m,Non-economic,0.6%,,0.2%,2025-11-17 08:32:00
2025-11-17,9:00am,USD,FOMC Member Williams Speaks,Non-economic,,,,2025-11-17 09:00:00
2025-11-17,9:30am,USD,FOMC Member Jefferson Speaks,Non-economic,,,,2025-11-17 09:30:00
2025-11-17,10:00am,USD,Construction Spending m/m,Non-economic,0.2%,-0.2%,0.2%,2025-11-17 10:00:00
2025-11-17,3:35pm,USD,FOMC Member Waller Speaks,Medium,,,,2025-11-17 15:35:00
2025-11-17,6:00pm,USD,President Trump Speaks,Medium,,,,2025-11-17 18:00:00
2025-11-17,7:30pm,AUD,Monetary Policy Meeting Minutes,Medium,,,,2025-11-17 19:30:00
2025-11-18,Sep 27th,USD,Unemployment Claims,Non-economic,224K,,219K,2025-11-18 00:00:00
2025-11-18,Oct 4th,USD,Unemployment Claims,Non-economic,235K,,224K,2025-11-18 00:00:00
2025-11-18,Oct 11th,USD,Unemployment Claims,Non-economic,220K,,235K,2025-11-18 00:00:00
2025-11-18,3:10am,USD,Unemployment Claims,High,232K,,220K,2025-11-18 03:10:00
2025-11-18,8:00am,GBP,MPC Member Pill Speaks,Non-economic,,,,2025-11-18 08:00:00
2025-11-18,8:15am,CAD,Housing Starts,Non-economic,233K,265K,279K,2025-11-18 08:15:00
2025-11-18,8:29am,USD,ADP Weekly Employment Change,Medium,-2.5K,,-11.3K,2025-11-18 08:29:00
2025-11-18,9:22am,NZD,GDT Price Index,Non-economic,-3.0%,,-2.4%,2025-11-18 09:22:00
2025-11-18,10:00am,USD,Factory Orders m/m,Non-economic,1.4%,1.4%,-1.3%,2025-11-18 10:00:00
2025-11-18,10:00am,USD,NAHB Housing Market Index,Non-economic,38,37,37,2025-11-18 10:00:00
2025-11-18,10:30am,USD,FOMC Member Barr Speaks,Non-economic,,,,2025-11-18 10:30:00
2025-11-18,11:00am,USD,FOMC Member Barkin Speaks,Non-economic,,,,2025-11-18 11:00:00
2025-11-18,12:00pm,GBP,MPC Member Dhingra Speaks,Non-economic,,,,2025-11-18 12:00:00
2025-11-18,Aug Data,USD,TIC Long-Term Purchases,Non-economic,134.2B,,39.0B,2025-11-18 00:00:00
2025-11-18,4:00pm,USD,TIC Long-Term Purchases,Non-economic,179.8B,,134.2B,2025-11-18 16:00:00
2025-11-18,4:30pm,USD,API Weekly Statistical Bulletin,Non-economic,,,,2025-11-18 16:30:00
2025-11-18,4:45pm,NZD,PPI Input q/q,Non-economic,0.2%,0.9%,0.6%,2025-11-18 16:45:00
2025-11-18,4:45pm,NZD,PPI Output q/q,Non-economic,0.6%,0.7%,0.6%,2025-11-18 16:45:00
2025-11-18,6:30pm,AUD,MI Leading Index m/m,Non-economic,0.1%,,0.0%,2025-11-18 18:30:00
2025-11-18,6:50pm,JPY,Core Machinery Orders m/m,Non-economic,4.2%,2.2%,-0.9%,2025-11-18 18:50:00
2025-11-18,7:30pm,AUD,Wage Price Index q/q,High,0.8%,0.8%,0.8%,2025-11-18 19:30:00
2025-11-18,7:55pm,USD,FOMC Member Logan Speaks,Non-economic,,,,2025-11-18 19:55:00
2025-11-19,2:00am,GBP,CPI y/y,High,3.6%,3.5%,3.8%,2025-11-19 02:00:00
2025-11-19,2:00am,GBP,Core CPI y/y,Non-economic,3.4%,3.4%,3.5%,2025-11-19 02:00:00
2025-11-19,2:00am,GBP,PPI Input m/m,Non-economic,-0.3%,0.0%,-0.1%,2025-11-19 02:00:00
2025-11-19,2:00am,GBP,PPI Output m/m,Non-economic,0.0%,0.1%,0.0%,2025-11-19 02:00:00
2025-11-19,2:00am,GBP,RPI y/y,Non-economic,4.3%,4.3%,4.5%,2025-11-19 02:00:00
2025-11-19,4:00am,EUR,Current Account,Non-economic,23.1B,15.9B,11.9B,2025-11-19 04:00:00
2025-11-19,4:30am,GBP,HPI y/y,Non-economic,2.6%,3.0%,3.1%,2025-11-19 04:30:00
2025-11-19,5:00am,EUR,Final Core CPI y/y,Non-economic,2.4%,2.4%,2.4%,2025-11-19 05:00:00
2025-11-19,5:00am,EUR,Final CPI y/y,Non-economic,2.1%,2.1%,2.1%,2025-11-19 05:00:00
2025-11-19,5:03am,GBP,10-y Bond Auction,Non-economic,4.61|2.8,,4.52|3.3,2025-11-19 05:03:00
2025-11-19,8:30am,USD,Trade Balance,Non-economic,-59.6B,-61.3B,-78.2B,2025-11-19 08:30:00
2025-11-19,10:00am,USD,FOMC Member Miran Speaks,Non-economic,,,,2025-11-19 10:00:00
2025-11-19,10:30am,USD,Crude Oil Inventories,Non-economic,-3.4M,-1.9M,6.4M,2025-11-19 10:30:00
2025-11-19,12:00pm,USD,President Trump Speaks,Medium,,,,2025-11-19 12:00:00
2025-11-19,12:30pm,CAD,Gov Council Member Vincent Speaks,Non-economic,,,,2025-11-19 12:30:00
2025-11-19,12:45pm,USD,FOMC Member Barkin Speaks,Non-economic,,,,2025-11-19 12:45:00
2025-11-19,2:00pm,USD,FOMC Meeting Minutes,High,,,,2025-11-19 14:00:00
2025-11-19,2:00pm,USD,FOMC Member Williams Speaks,Non-economic,,,,2025-11-19 14:00:00
2025-11-19,8:00pm,CNY,1-y Loan Prime Rate,Non-economic,3.00%,3.00%,3.00%,2025-11-19 20:00:00
2025-11-19,8:00pm,CNY,5-y Loan Prime Rate,Non-economic,3.50%,3.50%,3.50%,2025-11-19 20:00:00
2025-11-19,9:00pm,AUD,RBA Assist Gov Hunter Speaks,Non-economic,,,,2025-11-19 21:00:00
2025-11-20,2:00am,CHF,Trade Balance,Non-economic,4.32B,4.76B,3.99B,2025-11-20 02:00:00
2025-11-20,2:00am,EUR,German PPI m/m,Non-economic,0.1%,0.0%,-0.1%,2025-11-20 02:00:00
2025-11-20,4:38am,EUR,Spanish 10-y Bond Auction,Non-economic,3.20|1.9,,3.11|2.6,2025-11-20 04:38:00
2025-11-20,6:00am,EUR,German Buba Monthly Report,Non-economic,,,,2025-11-20 06:00:00
2025-11-20,6:00am,GBP,CBI Industrial Order Expectations,Non-economic,-37,-33,-38,2025-11-20 06:00:00
2025-11-20,Oct 25th,USD,Unemployment Claims,Non-economic,220K,,232K,2025-11-20 00:00:00
2025-11-20,Nov 1st,USD,Unemployment Claims,Non-economic,229K,,220K,2025-11-20 00:00:00
2025-11-20,Nov 8th,USD,Unemployment Claims,Non-economic,228K,,229K,2025-11-20 00:00:00
2025-11-20,8:30am,CAD,IPPI m/m,Non-economic,1.5%,0.3%,1.0%,2025-11-20 08:30:00
2025-11-20,8:30am,CAD,RMPI m/m,Non-economic,1.6%,0.6%,1.7%,2025-11-20 08:30:00
2025-11-20,8:30am,USD,Average Hourly Earnings m/m,High,0.2%,0.3%,0.4%,2025-11-20 08:30:00
2025-11-20,8:30am,USD,Non-Farm Employment Change,High,119K,53K,-4K,2025-11-20 08:30:00
2025-11-20,8:30am,USD,Unemployment Claims,High,220K,227K,228K,2025-11-20 08:30:00
2025-11-20,8:30am,USD,Unemployment Rate,High,4.4%,4.3%,4.3%,2025-11-20 08:30:00
2025-11-20,8:30am,USD,Philly Fed Manufacturing Index,Medium,-1.7,1.0,-12.8,2025-11-20 08:30:00
2025-11-20,8:50am,USD,FOMC Member Hammack Speaks,Non-economic,,,,2025-11-20 08:50:00
2025-11-20,10:00am,EUR,Consumer Confidence,Non-economic,-14,-14,-14,2025-11-20 10:00:00
2025-11-20,10:00am,USD,Existing Home Sales,Medium,4.10M,4.08M,4.05M,2025-11-20 10:00:00
2025-11-20,10:30am,USD,Natural Gas Storage,Non-economic,-14B,-14B,45B,2025-11-20 10:30:00
2025-11-20,11:00am,USD,FOMC Member Cook Speaks,Non-economic,,,,2025-11-20 11:00:00
2025-11-20,12:40pm,USD,FOMC Member Goolsbee Speaks,Non-economic,,,,2025-11-20 12:40:00
2025-11-20,1:30pm,GBP,MPC Member Dhingra Speaks,Non-economic,,,,2025-11-20 13:30:00
2025-11-20,4:00pm,GBP,MPC Member Mann Speaks,Non-economic,,,,2025-11-20 16:00:00
2025-11-20,4:45pm,NZD,Trade Balance,Non-economic,-1542M,-955M,-1384M,2025-11-20 16:45:00
2025-11-20,5:00pm,AUD,Flash Manufacturing PMI,Non-economic,51.6,,49.7,2025-11-20 17:00:00
2025-11-20,5:00pm,AUD,Flash Services PMI,Non-economic,52.7,,52.5,2025-11-20 17:00:00
2025-11-20,6:15pm,USD,FOMC Member Miran Speaks,Non-economic,,,,2025-11-20 18:15:00
2025-11-20,6:30pm,JPY,National Core CPI y/y,Non-economic,3.0%,3.0%,2.9%,2025-11-20 18:30:00
2025-11-20,6:45pm,USD,FOMC Member Paulson Speaks,Non-economic,,,,2025-11-20 18:45:00
2025-11-20,6:50pm,JPY,Trade Balance,Non-economic,0.00T,-0.13T,-0.30T,2025-11-20 18:50:00
2025-11-20,7:01pm,GBP,GfK Consumer Confidence,Non-economic,-19,-18,-17,2025-11-20 19:01:00
2025-11-20,7:30pm,JPY,Flash Manufacturing PMI,Non-economic,48.8,48.8,48.2,2025-11-20 19:30:00
2025-11-20,9:00pm,NZD,Credit Card Spending y/y,Non-economic,1.4%,,0.3%,2025-11-20 21:00:00
2025-11-21,2:00am,GBP,Retail Sales m/m,High,-1.1%,-0.1%,0.7%,2025-11-21 02:00:00
2025-11-21,2:00am,GBP,Public Sector Net Borrowing,Non-economic,17.4B,15.2B,19.9B,2025-11-21 02:00:00
2025-11-21,3:15am,EUR,French Flash Manufacturing PMI,Medium,47.8,49.0,48.8,2025-11-21 03:15:00
2025-11-21,3:15am,EUR,French Flash Services PMI,Medium,50.8,48.4,48.0,2025-11-21 03:15:00
2025-11-21,3:30am,EUR,German Flash Manufacturing PMI,High,48.4,49.8,49.6,2025-11-21 03:30:00
2025-11-21,3:30am,EUR,German Flash Services PMI,High,52.7,54.0,54.6,2025-11-21 03:30:00
2025-11-21,3:30am,EUR,ECB President Lagarde Speaks,Medium,,,,2025-11-21 03:30:00
2025-11-21,4:00am,EUR,Flash Manufacturing PMI,Non-economic,49.7,50.1,50.0,2025-11-21 04:00:00
2025-11-21,4:00am,EUR,Flash Services PMI,Non-economic,53.1,52.8,53.0,2025-11-21 04:00:00
2025-11-21,4:30am,GBP,Flash Manufacturing PMI,High,50.2,49.3,49.7,2025-11-21 04:30:00
2025-11-21,4:30am,GBP,Flash Services PMI,High,50.5,51.9,52.3,2025-11-21 04:30:00
2025-11-21,5:00am,CNY,Foreign Direct Investment ytd/y,Non-economic,-10.3%,,-10.4%,2025-11-21 05:00:00
2025-11-21,7:30am,USD,FOMC Member Williams Speaks,Non-economic,,,,2025-11-21 07:30:00
2025-11-21,7:40am,CHF,SNB Chairman Schlegel Speaks,Medium,,,,2025-11-21 07:40:00
2025-11-21,8:00am,EUR,German Buba President Nagel Speaks,Non-economic,,,,2025-11-21 08:00:00
2025-11-21,8:00am,USD,FOMC Member Collins Speaks,Non-economic,,,,2025-11-21 08:00:00
2025-11-21,8:30am,CAD,Core Retail Sales m/m,Medium,0.2%,-0.5%,0.8%,2025-11-21 08:30:00
2025-11-21,8:30am,CAD,Retail Sales m/m,Medium,-0.7%,-0.7%,1.0%,2025-11-21 08:30:00
2025-11-21,8:30am,CAD,NHPI m/m,Non-economic,-0.4%,0.0%,-0.2%,2025-11-21 08:30:00
2025-11-21,8:30am,USD,FOMC Member Barr Speaks,Non-economic,,,,2025-11-21 08:30:00
2025-11-21,8:30am,USD,FOMC Member Miran Speaks,Non-economic,,,,2025-11-21 08:30:00
2025-11-21,8:45am,USD,FOMC Member Jefferson Speaks,Non-economic,,,,2025-11-21 08:45:00
2025-11-21,9:00am,USD,FOMC Member Logan Speaks,Non-economic,,,,2025-11-21 09:00:00
2025-11-21,9:45am,USD,Flash Manufacturing PMI,High,51.9,52.0,52.5,2025-11-21 09:45:00
2025-11-21,9:45am,USD,Flash Services PMI,High,55.0,54.6,54.8,2025-11-21 09:45:00
2025-11-21,10:00am,USD,Revised UoM Consumer Sentiment,Medium,51.0,50.6,50.3,2025-11-21 10:00:00
2025-11-21,10:00am,USD,Final Wholesale Inventories m/m,Non-economic,0.0%,-0.2%,-0.2%,2025-11-21 10:00:00
2025-11-21,10:00am,USD,Revised UoM Inflation Expectations,Non-economic,4.5%,,4.7%,2025-11-21 10:00:00
2025-11-21,10:40am,GBP,MPC Member Pill Speaks,Non-economic,,,,2025-11-21 10:40:00
2025-11-22,6:00am,EUR,ECB President Lagarde Speaks,Medium,,,,2025-11-22 06:00:00
2025-11-22,Day 1,All,G20 Meetings,Non-economic,,,,2025-11-22 00:00:00
2025-11-22,12:30pm,CHF,SNB Chairman Schlegel Speaks,Medium,,,,2025-11-22 12:30:00
2025-11-23,Day 2,All,G20 Meetings,Non-economic,,,,2025-11-23 00:00:00
2025-11-23,All Day,JPY,Bank Holiday,Low,,,,2025-11-23 00:00:00
2025-11-24,4:00am,EUR,German ifo Business Climate,Medium,88.1,88.6,88.4,2025-11-24 04:00:00
2025-11-24,8:30am,CAD,Corporate Profits q/q,Non-economic,7.6%,,-1.7%,2025-11-24 08:30:00
2025-11-24,8:50am,EUR,Belgian NBB Business Climate,Non-economic,-8.2,-8.7,-9.1,2025-11-24 08:50:00
2025-11-24,9:00am,CNY,CB Leading Index m/m,Non-economic,-0.8%,,-0.1%,2025-11-24 09:00:00
2025-11-24,9:45am,EUR,ECB President Lagarde Speaks,Medium,,,,2025-11-24 09:45:00
2025-11-24,12:10pm,EUR,German Buba President Nagel Speaks,Non-economic,,,,2025-11-24 12:10:00
2025-11-25,2:00am,EUR,German Final GDP q/q,Non-economic,0.0%,0.0%,0.0%,2025-11-25 02:00:00
2025-11-25,6:00am,GBP,CBI Realized Sales,Non-economic,-32,-29,-27,2025-11-25 06:00:00
2025-11-25,8:15am,USD,ADP Weekly Employment Change,Medium,-13.5K,,-7.5K,2025-11-25 08:15:00
2025-11-25,8:30am,USD,Core PPI m/m,High,0.1%,0.2%,-0.1%,2025-11-25 08:30:00
2025-11-25,8:30am,USD,Core Retail Sales m/m,High,0.3%,0.3%,0.6%,2025-11-25 08:30:00
2025-11-25,8:30am,USD,PPI m/m,High,0.3%,0.3%,-0.1%,2025-11-25 08:30:00
2025-11-25,8:30am,USD,Retail Sales m/m,High,0.2%,0.4%,0.6%,2025-11-25 08:30:00
2025-11-25,9:00am,USD,HPI m/m,Non-economic,0.0%,0.2%,0.4%,2025-11-25 09:00:00
2025-11-25,9:00am,USD,S&P/CS Composite-20 HPI y/y,Non-economic,1.4%,1.4%,1.6%,2025-11-25 09:00:00
2025-11-25,9:59am,USD,Richmond Manufacturing Index,Medium,-15,-5,-4,2025-11-25 09:59:00
2025-11-25,10:00am,USD,CB Consumer Confidence,Medium,88.7,93.4,95.5,2025-11-25 10:00:00
2025-11-25,10:00am,USD,Pending Home Sales m/m,Medium,1.9%,0.5%,0.1%,2025-11-25 10:00:00
2025-11-25,10:00am,USD,Business Inventories m/m,Non-economic,0.0%,0.0%,0.2%,2025-11-25 10:00:00
2025-11-25,2:00pm,USD,Federal Budget Balance,Non-economic,-284.4B,-223.4B,198.0B,2025-11-25 14:00:00
2025-11-25,4:30pm,USD,API Weekly Statistical Bulletin,Non-economic,,,,2025-11-25 16:30:00
2025-11-25,6:50pm,JPY,SPPI y/y,Non-economic,2.7%,2.7%,3.1%,2025-11-25 18:50:00
2025-11-25,7:30pm,AUD,CPI m/m,High,0.0%,,0.5%,2025-11-25 19:30:00
2025-11-25,7:30pm,AUD,CPI y/y,High,3.8%,3.6%,3.5%,2025-11-25 19:30:00
2025-11-25,7:30pm,AUD,Trimmed Mean CPI m/m,High,0.3%,,1.0%,2025-11-25 19:30:00
2025-11-25,7:30pm,AUD,Construction Work Done q/q,Non-economic,-0.7%,0.2%,2.9%,2025-11-25 19:30:00
2025-11-25,8:00pm,NZD,Official Cash Rate,High,2.25%,2.25%,2.50%,2025-11-25 20:00:00
2025-11-25,8:00pm,NZD,RBNZ Monetary Policy Statement,High,,,,2025-11-25 20:00:00
2025-11-25,8:00pm,NZD,RBNZ Rate Statement,High,,,,2025-11-25 20:00:00
2025-11-25,9:00pm,NZD,RBNZ Press Conference,High,,,,2025-11-25 21:00:00
2025-11-26,12:00am,JPY,BOJ Core CPI y/y,Non-economic,2.2%,2.2%,2.1%,2025-11-26 00:00:00
2025-11-26,4:00am,CHF,UBS Economic Expectations,Non-economic,12.2,,-7.7,2025-11-26 04:00:00
2025-11-26,4:00am,EUR,ECB Financial Stability Review,Medium,,,,2025-11-26 04:00:00
2025-11-26,5:35am,EUR,German 10-y Bond Auction,Non-economic,2.67|2.0,,2.62|1.3,2025-11-26 05:35:00
2025-11-26,7:30am,GBP,Autumn Forecast Statement,High,,,,2025-11-26 07:30:00
2025-11-26,8:30am,USD,Unemployment Claims,High,216K,226K,222K,2025-11-26 08:30:00
2025-11-26,8:30am,USD,Core Durable Goods Orders m/m,Medium,0.6%,0.2%,0.3%,2025-11-26 08:30:00
2025-11-26,8:30am,USD,Durable Goods Orders m/m,Medium,0.5%,0.5%,3.0%,2025-11-26 08:30:00
2025-11-26,9:45am,USD,Chicago PMI,Non-economic,36.3,43.9,43.8,2025-11-26 09:45:00
2025-11-26,10:30am,USD,Crude Oil Inventories,Non-economic,2.8M,-1.3M,-3.4M,2025-11-26 10:30:00
2025-11-26,12:00pm,EUR,ECB President Lagarde Speaks,Medium,,,,2025-11-26 12:00:00
2025-11-26,12:00pm,USD,Natural Gas Storage,Non-economic,-11B,-5B,-14B,2025-11-26 12:00:00
2025-11-26,2:00pm,USD,Beige Book,Non-economic,,,,2025-11-26 14:00:00
2025-11-26,3:10pm,NZD,RBNZ Gov Hawkesby Speaks,Medium,,,,2025-11-26 15:10:00
2025-11-26,4:45pm,NZD,Retail Sales q/q,Medium,1.9%,0.6%,0.7%,2025-11-26 16:45:00
2025-11-26,4:54pm,NZD,Core Retail Sales q/q,Non-economic,1.2%,0.8%,1.0%,2025-11-26 16:54:00
2025-11-26,7:00pm,NZD,ANZ Business Confidence,Non-economic,67.1,,58.1,2025-11-26 19:00:00
2025-11-26,7:30pm,AUD,Private Capital Expenditure q/q,Non-economic,6.4%,0.6%,0.4%,2025-11-26 19:30:00
2025-11-27,2:00am,EUR,German GfK Consumer Climate,Non-economic,-23.2,-23.6,-24.1,2025-11-27 02:00:00
2025-11-27,4:00am,EUR,M3 Money Supply y/y,Non-economic,2.8%,2.8%,2.8%,2025-11-27 04:00:00
2025-11-27,4:00am,EUR,Private Loans y/y,Non-economic,2.8%,2.6%,2.6%,2025-11-27 04:00:00
2025-11-27,5:05am,EUR,Italian 10-y Bond Auction,Non-economic,3.44|1.6,,3.46|1.5,2025-11-27 05:05:00
2025-11-27,7:30am,EUR,ECB Monetary Policy Meeting Accounts,Non-economic,,,,2025-11-27 07:30:00
2025-11-27,All Day,USD,Bank Holiday,Low,,,,2025-11-27 00:00:00
2025-11-27,8:30am,CAD,Current Account,Non-economic,-9.7B,-15.1B,-21.6B,2025-11-27 08:30:00
2025-11-27,11:30am,GBP,MPC Member Greene Speaks,Non-economic,,,,2025-11-27 11:30:00
2025-11-27,6:30pm,JPY,Tokyo Core CPI y/y,Medium,2.8%,2.7%,2.8%,2025-11-27 18:30:00
2025-11-27,6:30pm,JPY,Unemployment Rate,Non-economic,2.6%,2.5%,2.6%,2025-11-27 18:30:00
2025-11-27,6:50pm,JPY,Prelim Industrial Production m/m,Non-economic,1.4%,-0.5%,2.6%,2025-11-27 18:50:00
2025-11-27,6:50pm,JPY,Retail Sales y/y,Non-economic,1.7%,0.8%,0.2%,2025-11-27 18:50:00
2025-11-27,7:30pm,AUD,Private Sector Credit m/m,Non-economic,0.7%,0.6%,0.6%,2025-11-27 19:30:00
2025-11-28,12:00am,JPY,Housing Starts y/y,Non-economic,3.2%,-5.0%,-7.3%,2025-11-28 00:00:00
2025-11-28,2:00am,EUR,German Import Prices m/m,Non-economic,0.2%,0.0%,0.2%,2025-11-28 02:00:00
2025-11-28,2:00am,EUR,German Retail Sales m/m,Non-economic,-0.3%,0.1%,0.3%,2025-11-28 02:00:00
2025-11-28,All Day,EUR,German Prelim CPI m/m,Medium,-0.2%,-0.2%,0.3%,2025-11-28 00:00:00
2025-11-28,2:45am,EUR,French Consumer Spending m/m,Non-economic,0.4%,0.3%,0.3%,2025-11-28 02:45:00
2025-11-28,2:45am,EUR,French Final Private Payrolls q/q,Non-economic,-0.1%,-0.3%,-0.3%,2025-11-28 02:45:00
2025-11-28,2:45am,EUR,French Prelim CPI m/m,Non-economic,-0.1%,0.0%,0.1%,2025-11-28 02:45:00
2025-11-28,2:45am,EUR,French Prelim GDP q/q,Non-economic,0.5%,0.5%,0.5%,2025-11-28 02:45:00
2025-11-28,2:56am,CHF,GDP q/q,Non-economic,-0.5%,-0.4%,0.2%,2025-11-28 02:56:00
2025-11-28,3:00am,CHF,KOF Economic Barometer,Non-economic,101.7,100.9,101.5,2025-11-28 03:00:00
2025-11-28,3:00am,EUR,Spanish Flash CPI y/y,Non-economic,3.0%,3.0%,3.1%,2025-11-28 03:00:00
2025-11-28,3:55am,EUR,German Unemployment Change,Non-economic,1K,4K,-2K,2025-11-28 03:55:00
2025-11-28,5:00am,EUR,German Buba President Nagel Speaks,Non-economic,,,,2025-11-28 05:00:00
2025-11-28,5:00am,EUR,Italian Prelim CPI m/m,Non-economic,-0.2%,-0.1%,-0.3%,2025-11-28 05:00:00
2025-11-28,8:30am,CAD,GDP m/m,High,0.2%,0.2%,-0.1%,2025-11-28 08:30:00
2025-11-29,8:30pm,CNY,Manufacturing PMI,Medium,49.2,49.2,49.0,2025-11-29 20:30:00
2025-11-29,8:30pm,CNY,Non-Manufacturing PMI,Non-economic,49.5,50.0,50.1,2025-11-29 20:30:00
2025-11-30,All Day,All,OPEC-JMMC Meetings,Medium,,,,2025-11-30 00:00:00
2025-11-30,All Day,All,OPEC Meetings,Medium,,,,2025-11-30 00:00:00
2025-11-30,4:45pm,NZD,Building Consents m/m,Non-economic,-0.9%,,7.3%,2025-11-30 16:45:00
2025-11-30,6:50pm,JPY,Capital Spending q/y,Non-economic,2.9%,5.9%,7.6%,2025-11-30 18:50:00
2025-11-30,7:00pm,AUD,MI Inflation Gauge m/m,Non-economic,0.3%,,0.3%,2025-11-30 19:00:00
2025-11-30,7:30pm,AUD,ANZ Job Advertisements m/m,Non-economic,-0.8%,,-1.9%,2025-11-30 19:30:00
2025-11-30,7:30pm,AUD,Company Operating Profits q/q,Non-economic,0.0%,1.7%,-2.6%,2025-11-30 19:30:00
2025-11-30,7:30pm,JPY,Final Manufacturing PMI,Non-economic,48.7,48.8,48.8,2025-11-30 19:30:00
2025-11-30,8:05pm,JPY,BOJ Gov Ueda Speaks,High,,,,2025-11-30 20:05:00
2025-11-30,8:45pm,CNY,RatingDog Manufacturing PMI,Non-economic,49.9,50.5,50.6,2025-11-30 20:45:00
2025-11-30,11:00pm,EUR,German Buba President Nagel Speaks,Non-economic,,,,2025-11-30 23:00:00
2025-12-01,12:30am,AUD,Commodity Prices y/y,Non-economic,-1.7%,,-1.3%,2025-12-01 00:30:00
2025-12-01,2:30am,CHF,Retail Sales y/y,Non-economic,2.7%,1.2%,1.8%,2025-12-01 02:30:00
2025-12-01,3:15am,EUR,Spanish Manufacturing PMI,Non-economic,51.5,52.3,52.1,2025-12-01 03:15:00
2025-12-01,3:45am,EUR,Italian Manufacturing PMI,Non-economic,50.6,50.1,49.9,2025-12-01 03:45:00
2025-12-01,3:50am,EUR,French Final Manufacturing PMI,Non-economic,47.8,47.8,47.8,2025-12-01 03:50:00
2025-12-01,3:55am,EUR,German Final Manufacturing PMI,Non-economic,48.2,48.4,48.4,2025-12-01 03:55:00
2025-12-01,4:00am,EUR,Final Manufacturing PMI,Non-economic,49.6,49.8,49.7,2025-12-01 04:00:00
2025-12-01,4:30am,GBP,Final Manufacturing PMI,Non-economic,50.2,50.2,50.2,2025-12-01 04:30:00
2025-12-01,4:30am,GBP,M4 Money Supply m/m,Non-economic,-0.2%,0.4%,0.6%,2025-12-01 04:30:00
2025-12-01,4:30am,GBP,Mortgage Approvals,Non-economic,65K,64K,66K,2025-12-01 04:30:00
2025-12-01,4:30am,GBP,Net Lending to Individuals m/m,Non-economic,5.4B,6.4B,6.6B,2025-12-01 04:30:00
2025-12-01,9:30am,CAD,Manufacturing PMI,Non-economic,48.4,,49.6,2025-12-01 09:30:00
2025-12-01,9:45am,USD,Final Manufacturing PMI,Non-economic,52.2,51.9,51.9,2025-12-01 09:45:00
2025-12-01,10:00am,USD,ISM Manufacturing PMI,High,48.2,49.0,48.7,2025-12-01 10:00:00
2025-12-01,10:00am,USD,ISM Manufacturing Prices,Medium,58.5,59.5,58.0,2025-12-01 10:00:00
2025-12-01,10:30am,GBP,MPC Member Dhingra Speaks,Non-economic,,,,2025-12-01 10:30:00
2025-12-01,4:10pm,NZD,RBNZ Gov Breman Speaks,Medium,,,,2025-12-01 16:10:00
2025-12-01,4:45pm,NZD,Overseas Trade Index q/q,Non-economic,-2.1%,0.3%,4.2%,2025-12-01 16:45:00
2025-12-01,6:50pm,JPY,Monetary Base y/y,Non-economic,-8.5%,-8.5%,-7.8%,2025-12-01 18:50:00
2025-12-01,7:01pm,GBP,BRC Shop Price Index y/y,Non-economic,0.6%,0.9%,1.0%,2025-12-01 19:01:00
2025-12-01,7:30pm,AUD,Building Approvals m/m,Non-economic,-6.4%,-4.3%,11.1%,2025-12-01 19:30:00
2025-12-01,7:30pm,AUD,Current Account,Non-economic,-16.6B,-13.2B,-16.2B,2025-12-01 19:30:00
2025-12-01,8:00pm,USD,Fed Chairman Powell Speaks,Medium,,,,2025-12-01 20:00:00
2025-12-01,10:35pm,JPY,10-y Bond Auction,Non-economic,1.87|3.6,,1.66|3.0,2025-12-01 22:35:00
2025-12-02,12:00am,JPY,Consumer Confidence,Non-economic,37.5,36.2,35.8,2025-12-02 00:00:00
2025-12-02,2:00am,GBP,BOE Financial Stability Report,Non-economic,,,,2025-12-02 02:00:00
2025-12-02,2:00am,GBP,FPC Meeting Minutes,Non-economic,,,,2025-12-02 02:00:00
2025-12-02,2:00am,GBP,FPC Statement,Non-economic,,,,2025-12-02 02:00:00
2025-12-02,2:00am,GBP,Nationwide HPI m/m,Non-economic,0.3%,0.0%,0.2%,2025-12-02 02:00:00
2025-12-02,2:45am,EUR,French Gov Budget Balance,Non-economic,-136.2B,,-155.4B,2025-12-02 02:45:00
2025-12-02,3:00am,EUR,Spanish Unemployment Change,Non-economic,-18.8K,-12.4K,22.1K,2025-12-02 03:00:00
2025-12-02,4:00am,EUR,Italian Monthly Unemployment Rate,Non-economic,6.0%,6.1%,6.2%,2025-12-02 04:00:00
2025-12-02,5:00am,EUR,Core CPI Flash Estimate y/y,Medium,2.4%,2.4%,2.4%,2025-12-02 05:00:00
2025-12-02,5:00am,EUR,CPI Flash Estimate y/y,Medium,2.2%,2.1%,2.1%,2025-12-02 05:00:00
2025-12-02,5:00am,EUR,Unemployment Rate,Non-economic,6.4%,6.3%,6.4%,2025-12-02 05:00:00
2025-12-02,5:00am,GBP,BOE Gov Bailey Speaks,High,,,,2025-12-02 05:00:00
2025-12-02,9:45am,NZD,GDT Price Index,Non-economic,-4.3%,,-3.0%,2025-12-02 09:45:00
2025-12-02,10:00am,USD,FOMC Member Bowman Speaks,Non-economic,,,,2025-12-02 10:00:00
2025-12-02,10:00am,USD,RCM/TIPP Economic Optimism,Non-economic,47.9,44.1,43.9,2025-12-02 10:00:00
2025-12-02,All Day,USD,Wards Total Vehicle Sales,Non-economic,15.6M,15.4M,15.3M,2025-12-02 00:00:00
2025-12-02,2:00pm,USD,President Trump Speaks,Medium,,,,2025-12-02 14:00:00
2025-12-02,4:30pm,USD,API Weekly Statistical Bulletin,Non-economic,,,,2025-12-02 16:30:00
2025-12-02,5:00pm,AUD,RBA Gov Bullock Speaks,Medium,,,,2025-12-02 17:00:00
2025-12-02,7:00pm,NZD,ANZ Commodity Prices m/m,Non-economic,-1.6%,,-0.3%,2025-12-02 19:00:00
2025-12-02,7:30pm,AUD,GDP q/q,High,0.4%,0.7%,0.7%,2025-12-02 19:30:00
2025-12-02,8:45pm,CNY,RatingDog Services PMI,Non-economic,52.1,52.1,52.6,2025-12-02 20:45:00
2025-12-03,2:30am,CHF,CPI m/m,High,-0.2%,-0.1%,-0.3%,2025-12-03 02:30:00
2025-12-03,3:15am,EUR,Spanish Services PMI,Non-economic,55.6,56.3,56.6,2025-12-03 03:15:00
2025-12-03,3:45am,EUR,Italian Services PMI,Non-economic,55.0,53.9,54.0,2025-12-03 03:45:00
2025-12-03,3:50am,EUR,French Final Services PMI,Non-economic,51.4,50.8,50.8,2025-12-03 03:50:00
2025-12-03,3:55am,EUR,German Final Services PMI,Non-economic,53.1,52.7,52.7,2025-12-03 03:55:00
2025-12-03,4:00am,EUR,Final Services PMI,Non-economic,53.6,53.1,53.1,2025-12-03 04:00:00
2025-12-03,4:30am,GBP,Final Services PMI,Non-economic,51.3,50.5,50.5,2025-12-03 04:30:00
2025-12-03,5:00am,EUR,PPI m/m,Non-economic,0.1%,0.1%,-0.1%,2025-12-03 05:00:00
2025-12-03,8:15am,USD,ADP Non-Farm Employment Change,High,-32K,5K,47K,2025-12-03 08:15:00
2025-12-03,8:30am,CAD,Labor Productivity q/q,Non-economic,0.9%,0.4%,-1.0%,2025-12-03 08:30:00
2025-12-03,8:30am,EUR,ECB President Lagarde Speaks,Medium,,,,2025-12-03 08:30:00
2025-12-03,8:30am,USD,Import Prices m/m,Non-economic,0.0%,0.1%,0.1%,2025-12-03 08:30:00
2025-12-03,9:15am,USD,Capacity Utilization Rate,Non-economic,75.9%,76.9%,75.9%,2025-12-03 09:15:00
2025-12-03,9:15am,USD,Industrial Production m/m,Non-economic,0.1%,0.1%,-0.3%,2025-12-03 09:15:00
2025-12-03,9:45am,USD,Final Services PMI,Non-economic,54.1,55.0,55.0,2025-12-03 09:45:00
2025-12-03,10:00am,USD,ISM Services PMI,High,52.6,52.0,52.4,2025-12-03 10:00:00
2025-12-03,10:30am,EUR,ECB President Lagarde Speaks,Medium,,,,2025-12-03 10:30:00
2025-12-03,11:08am,USD,Crude Oil Inventories,Non-economic,0.6M,-1.9M,2.8M,2025-12-03 11:08:00
2025-12-03,12:00pm,GBP,MPC Member Mann Speaks,Non-economic,,,,2025-12-03 12:00:00
2025-12-03,2:30pm,USD,President Trump Speaks,Medium,,,,2025-12-03 14:30:00
2025-12-03,7:30pm,AUD,Goods Trade Balance,Non-economic,4.39B,4.44B,3.71B,2025-12-03 19:30:00
2025-12-03,7:30pm,AUD,Household Spending m/m,Non-economic,1.3%,0.6%,0.3%,2025-12-03 19:30:00
2025-12-03,10:35pm,JPY,30-y Bond Auction,Non-economic,3.43|4.0,,3.17|3.1,2025-12-03 22:35:00
2025-12-04,3:00am,CHF,Unemployment Rate,Non-economic,3.0%,3.0%,3.0%,2025-12-04 03:00:00
2025-12-04,3:30am,CHF,Manufacturing PMI,Non-economic,49.7,48.9,48.2,2025-12-04 03:30:00
2025-12-04,4:30am,GBP,Construction PMI,Non-economic,39.4,44.5,44.1,2025-12-04 04:30:00
2025-12-04,5:00am,EUR,Retail Sales m/m,Non-economic,0.0%,0.0%,0.1%,2025-12-04 05:00:00
2025-12-04,5:01am,EUR,French 10-y Bond Auction,Non-economic,3.38|2.3,,3.43|2.1,2025-12-04 05:01:00
2025-12-04,7:30am,USD,Challenger Job Cuts y/y,Medium,23.5%,,175.3%,2025-12-04 07:30:00
2025-12-04,7:45am,GBP,MPC Member Mann Speaks,Non-economic,,,,2025-12-04 07:45:00
2025-12-04,8:30am,USD,Unemployment Claims,High,191K,219K,218K,2025-12-04 08:30:00
2025-12-04,10:00am,CAD,Ivey PMI,Medium,48.4,53.6,52.4,2025-12-04 10:00:00
2025-12-04,10:00am,USD,Factory Orders m/m,Non-economic,0.2%,,1.3%,2025-12-04 10:00:00
2025-12-04,10:30am,USD,Natural Gas Storage,Non-economic,-12B,-18B,-11B,2025-12-04 10:30:00
2025-12-04,12:00pm,USD,FOMC Member Bowman Speaks,Non-economic,,,,2025-12-04 12:00:00
2025-12-04,6:30pm,JPY,Household Spending y/y,Non-economic,-3.0%,1.1%,1.8%,2025-12-04 18:30:00
2025-12-05,12:00am,JPY,Leading Indicators,Non-economic,110.0%,109.3%,108.0%,2025-12-05 00:00:00
2025-12-05,2:00am,EUR,German Factory Orders m/m,Non-economic,1.5%,0.3%,1.1%,2025-12-05 02:00:00
2025-12-05,2:03am,GBP,Halifax HPI m/m,Non-economic,0.0%,0.2%,0.5%,2025-12-05 02:03:00
2025-12-05,2:45am,EUR,French Industrial Production m/m,Non-economic,0.2%,-0.1%,0.7%,2025-12-05 02:45:00
2025-12-05,2:45am,EUR,French Trade Balance,Non-economic,-3.9B,-6.8B,-6.3B,2025-12-05 02:45:00
2025-12-05,3:00am,CHF,Foreign Currency Reserves,Non-economic,727B,,725B,2025-12-05 03:00:00
2025-12-05,4:00am,EUR,Italian Retail Sales m/m,Non-economic,0.5%,0.4%,-0.4%,2025-12-05 04:00:00
2025-12-05,5:00am,EUR,Final Employment Change q/q,Non-economic,0.2%,0.1%,0.1%,2025-12-05 05:00:00
2025-12-05,5:00am,EUR,Revised GDP q/q,Non-economic,0.3%,0.2%,0.2%,2025-12-05 05:00:00
2025-12-05,8:30am,CAD,Employment Change,High,53.6K,-1.5K,66.6K,2025-12-05 08:30:00
2025-12-05,8:30am,CAD,Unemployment Rate,High,6.5%,7.0%,6.9%,2025-12-05 08:30:00
2025-12-05,10:00am,USD,Core PCE Price Index m/m,High,0.2%,0.2%,0.2%,2025-12-05 10:00:00
2025-12-05,10:00am,USD,Prelim UoM Consumer Sentiment,High,53.3,52.0,51.0,2025-12-05 10:00:00
2025-12-05,10:00am,USD,Prelim UoM Inflation Expectations,High,4.1%,,4.5%,2025-12-05 10:00:00
2025-12-05,10:00am,USD,Personal Income m/m,Non-economic,0.4%,0.3%,0.4%,2025-12-05 10:00:00
2025-12-05,10:00am,USD,Personal Spending m/m,Non-economic,0.3%,0.3%,0.5%,2025-12-05 10:00:00
2025-12-05,3:00pm,USD,Consumer Credit m/m,Non-economic,9.2B,11.8B,11.0B,2025-12-05 15:00:00
2025-12-07,6:30pm,JPY,Average Cash Earnings y/y,Non-economic,2.6%,2.2%,2.1%,2025-12-07 18:30:00
2025-12-07,6:50pm,JPY,Bank Lending y/y,Non-economic,4.2%,4.0%,4.1%,2025-12-07 18:50:00
2025-12-07,6:50pm,JPY,Current Account,Non-economic,2.48T,3.09T,4.35T,2025-12-07 18:50:00
2025-12-07,6:50pm,JPY,Final GDP Price Index y/y,Non-economic,3.4%,2.8%,2.8%,2025-12-07 18:50:00
2025-12-07,6:50pm,JPY,Final GDP q/q,Non-economic,-0.6%,-0.5%,-0.4%,2025-12-07 18:50:00
2025-12-07,10:02pm,CNY,Trade Balance,Non-economic,793B,670B,640B,2025-12-07 22:02:00
2025-12-07,10:18pm,CNY,USD-Denominated Trade Balance,Non-economic,111.7B,105.0B,90.1B,2025-12-07 22:18:00
2025-12-08,12:00am,JPY,Economy Watchers Sentiment,Non-economic,48.7,49.5,49.1,2025-12-08 00:00:00
2025-12-08,2:00am,EUR,German Industrial Production m/m,Non-economic,1.8%,0.2%,1.1%,2025-12-08 02:00:00
2025-12-08,All Day,EUR,Italian Bank Holiday,Low,,,,2025-12-08 00:00:00
2025-12-08,3:00am,CHF,SECO Consumer Climate,Non-economic,-34,-34,-37,2025-12-08 03:00:00
2025-12-08,4:30am,EUR,Sentix Investor Confidence,Non-economic,-6.2,-6.2,-7.4,2025-12-08 04:30:00
2025-12-08,12:00pm,GBP,MPC Member Taylor Speaks,Non-economic,,,,2025-12-08 12:00:00
2025-12-08,1:30pm,GBP,MPC Member Lombardelli Speaks,Non-economic,,,,2025-12-08 13:30:00
2025-12-08,6:50pm,JPY,M2 Money Stock y/y,Non-economic,1.8%,1.4%,1.6%,2025-12-08 18:50:00
2025-12-08,7:01pm,GBP,BRC Retail Sales Monitor y/y,Non-economic,1.2%,2.6%,1.5%,2025-12-08 19:01:00
2025-12-08,7:30pm,AUD,NAB Business Confidence,Non-economic,1,,6,2025-12-08 19:30:00
2025-12-08,10:30pm,AUD,Cash Rate,High,3.60%,3.60%,3.60%,2025-12-08 22:30:00
2025-12-08,10:30pm,AUD,RBA Rate Statement,High,,,,2025-12-08 22:30:00
2025-12-08,11:30pm,AUD,RBA Press Conference,High,,,,2025-12-08 23:30:00
2025-12-09,12:58am,JPY,Prelim Machine Tool Orders y/y,Non-economic,14.2%,,17.1%,2025-12-09 00:58:00
2025-12-09,2:00am,EUR,German Trade Balance,Non-economic,16.9B,15.9B,15.3B,2025-12-09 02:00:00
2025-12-09,3:00am,EUR,German Buba President Nagel Speaks,Non-economic,,,,2025-12-09 03:00:00
2025-12-09,4:00am,JPY,BOJ Gov Ueda Speaks,High,,,,2025-12-09 04:00:00
2025-12-09,5:30am,GBP,Bank Stress Test Results,Non-economic,,,,2025-12-09 05:30:00
2025-12-09,6:00am,USD,NFIB Small Business Index,Non-economic,99.0,98.4,98.2,2025-12-09 06:00:00
2025-12-09,8:15am,USD,ADP Weekly Employment Change,High,4.8K,,-8.0K,2025-12-09 08:15:00
2025-12-09,9:15am,GBP,Monetary Policy Report Hearings,Medium,,,,2025-12-09 09:15:00
2025-12-09,Sep Data,USD,JOLTS Job Openings,Medium,7.66M,,7.23M,2025-12-09 00:00:00
2025-12-09,10:00am,USD,JOLTS Job Openings,High,7.67M,7.14M,7.66M,2025-12-09 10:00:00
2025-12-09,10:00am,USD,CB Leading Index m/m,Non-economic,-0.3%,-0.3%,-0.3%,2025-12-09 10:00:00
2025-12-09,1:01pm,USD,10-y Bond Auction,Non-economic,4.18|2.6,,4.07|2.4,2025-12-09 13:01:00
2025-12-09,3:45pm,NZD,RBNZ Gov Breman Speaks,Medium,,,,2025-12-09 15:45:00
2025-12-09,4:30pm,USD,API Weekly Statistical Bulletin,Non-economic,,,,2025-12-09 16:30:00
2025-12-09,4:48pm,NZD,Visitor Arrivals m/m,Non-economic,0.6%,,2.9%,2025-12-09 16:48:00
2025-12-09,6:10pm,USD,President Trump Speaks,Medium,,,,2025-12-09 18:10:00
2025-12-09,6:50pm,JPY,PPI y/y,Non-economic,2.7%,2.7%,2.7%,2025-12-09 18:50:00
2025-12-09,8:30pm,CNY,CPI y/y,Medium,0.7%,0.7%,0.2%,2025-12-09 20:30:00
2025-12-09,8:30pm,CNY,PPI y/y,Medium,-2.2%,-2.0%,-2.1%,2025-12-09 20:30:00
2025-12-10,4:00am,EUR,Italian Industrial Production m/m,Non-economic,-1.0%,-0.3%,2.7%,2025-12-10 04:00:00
2025-12-10,5:11am,GBP,10-y Bond Auction,Non-economic,4.61|3.1,,4.61|2.8,2025-12-10 05:11:00
2025-12-10,5:55am,EUR,ECB President Lagarde Speaks,Medium,,,,2025-12-10 05:55:00
2025-12-10,8:30am,USD,Employment Cost Index q/q,High,0.8%,0.9%,0.9%,2025-12-10 08:30:00
2025-12-10,9:45am,CAD,BOC Rate Statement,High,,,,2025-12-10 09:45:00
2025-12-10,9:45am,CAD,Overnight Rate,High,2.25%,2.25%,2.25%,2025-12-10 09:45:00
2025-12-10,10:30am,CAD,BOC Press Conference,High,,,,2025-12-10 10:30:00
2025-12-10,10:30am,USD,Crude Oil Inventories,Non-economic,-1.8M,-1.2M,0.6M,2025-12-10 10:30:00
2025-12-10,2:00pm,USD,Federal Funds Rate,High,3.75%,3.75%,4.00%,2025-12-10 14:00:00
2025-12-10,2:00pm,USD,FOMC Economic Projections,High,,,,2025-12-10 14:00:00
2025-12-10,2:00pm,USD,FOMC Statement,High,,,,2025-12-10 14:00:00
2025-12-10,2:19pm,USD,Federal Budget Balance,Non-economic,-173.3B,-186.5B,-284.4B,2025-12-10 14:19:00
2025-12-10,2:30pm,USD,FOMC Press Conference,High,,,,2025-12-10 14:30:00
2025-12-10,4:45pm,NZD,Manufacturing Sales q/q,Non-economic,2.7%,,-2.8%,2025-12-10 16:45:00
2025-12-10,6:50pm,JPY,BSI Manufacturing Index,Non-economic,4.7,4.1,3.8,2025-12-10 18:50:00
2025-12-10,7:01pm,GBP,RICS House Price Balance,Non-economic,-16%,-21%,-19%,2025-12-10 19:01:00
2025-12-10,7:30pm,AUD,Employment Change,High,-21.3K,20.0K,41.1K,2025-12-10 19:30:00
2025-12-10,7:30pm,AUD,Unemployment Rate,High,4.3%,4.4%,4.3%,2025-12-10 19:30:00
2025-12-11,3:30am,CHF,SNB Monetary Policy Assessment,High,,,,2025-12-11 03:30:00
2025-12-11,3:30am,CHF,SNB Policy Rate,High,0.00%,0.00%,0.00%,2025-12-11 03:30:00
2025-12-11,4:00am,CHF,SNB Press Conference,High,,,,2025-12-11 04:00:00
2025-12-11,4:03am,EUR,Italian Quarterly Unemployment Rate,Non-economic,6.1%,6.3%,6.3%,2025-12-11 04:03:00
2025-12-11,4:52am,GBP,BOE Gov Bailey Speaks,Medium,,,,2025-12-11 04:52:00
2025-12-11,5:00am,GBP,BOE Gov Bailey Speaks,Medium,,,,2025-12-11 05:00:00
2025-12-11,All Day,EUR,Eurogroup Meetings,Non-economic,,,,2025-12-11 00:00:00
2025-12-11,8:30am,CAD,Trade Balance,Non-economic,0.2B,-4.4B,-6.4B,2025-12-11 08:30:00
2025-12-11,8:30am,USD,Unemployment Claims,High,236K,220K,192K,2025-12-11 08:30:00
2025-12-11,8:30am,USD,Goods Trade Balance,Non-economic,-79.0B,,-86.1B,2025-12-11 08:30:00
2025-12-11,8:30am,USD,Trade Balance,Non-economic,-52.8B,-62.5B,-59.3B,2025-12-11 08:30:00
2025-12-11,10:00am,USD,Final Wholesale Inventories m/m,Non-economic,0.5%,0.1%,0.0%,2025-12-11 10:00:00
2025-12-11,10:30am,USD,Natural Gas Storage,Non-economic,-177B,-170B,-12B,2025-12-11 10:30:00
2025-12-11,1:01pm,USD,30-y Bond Auction,Non-economic,4.77|2.4,,4.69|2.3,2025-12-11 13:01:00
2025-12-11,4:30pm,NZD,BusinessNZ Manufacturing Index,Non-economic,51.4,,51.2,2025-12-11 16:30:00
2025-12-11,8:15pm,USD,President Trump Speaks,Medium,,,,2025-12-11 20:15:00
2025-12-11,11:30pm,JPY,Revised Industrial Production m/m,Non-economic,1.5%,1.4%,1.4%,2025-12-11 23:30:00
2025-12-12,2:00am,EUR,German Final CPI m/m,Non-economic,-0.2%,-0.2%,-0.2%,2025-12-12 02:00:00
2025-12-12,2:00am,GBP,GDP m/m,High,-0.1%,0.1%,-0.1%,2025-12-12 02:00:00
2025-12-12,2:00am,GBP,Construction Output m/m,Non-economic,-0.6%,-0.1%,0.2%,2025-12-12 02:00:00
2025-12-12,2:00am,GBP,Goods Trade Balance,Non-economic,-22.5B,-19.1B,-18.9B,2025-12-12 02:00:00
2025-12-12,2:00am,GBP,Index of Services 3m/3m,Non-economic,0.0%,0.1%,0.2%,2025-12-12 02:00:00
2025-12-12,2:00am,GBP,Industrial Production m/m,Non-economic,1.1%,0.9%,-2.0%,2025-12-12 02:00:00
2025-12-12,2:00am,GBP,Manufacturing Production m/m,Non-economic,0.5%,1.1%,-1.7%,2025-12-12 02:00:00
2025-12-12,2:45am,EUR,French Final CPI m/m,Non-economic,-0.2%,-0.1%,-0.1%,2025-12-12 02:45:00
2025-12-12,4:05am,CNY,M2 Money Supply y/y,Non-economic,8.0%,8.2%,8.2%,2025-12-12 04:05:00
2025-12-12,4:05am,CNY,New Loans,Non-economic,390B,445B,220B,2025-12-12 04:05:00
2025-12-12,4:35am,GBP,Consumer Inflation Expectations,Non-economic,3.5%,,3.6%,2025-12-12 04:35:00
2025-12-12,All Day,EUR,ECOFIN Meetings,Non-economic,,,,2025-12-12 00:00:00
2025-12-12,8:00am,USD,FOMC Member Paulson Speaks,Non-economic,,,,2025-12-12 08:00:00
2025-12-12,8:30am,CAD,Building Permits m/m,Non-economic,14.9%,-1.4%,5.9%,2025-12-12 08:30:00
2025-12-12,8:30am,CAD,Capacity Utilization Rate,Non-economic,78.5%,79.3%,77.6%,2025-12-12 08:30:00
2025-12-12,8:30am,CAD,Wholesale Sales m/m,Non-economic,0.1%,-0.1%,0.6%,2025-12-12 08:30:00
2025-12-12,8:30am,USD,FOMC Member Hammack Speaks,Non-economic,,,,2025-12-12 08:30:00
2025-12-12,10:30am,AUD,CB Leading Index m/m,Non-economic,0.3%,,0.2%,2025-12-12 10:30:00
2025-12-12,10:35am,USD,FOMC Member Goolsbee Speaks,Non-economic,,,,2025-12-12 10:35:00
2025-12-14,4:30pm,NZD,BusinessNZ Services Index,Non-economic,46.9,,48.4,2025-12-14 16:30:00
2025-12-14,6:50pm,JPY,Tankan Manufacturing Index,Non-economic,15,15,14,2025-12-14 18:50:00
2025-12-14,6:50pm,JPY,Tankan Non-Manufacturing Index,Non-economic,34,35,34,2025-12-14 18:50:00
2025-12-14,7:01pm,GBP,Rightmove HPI m/m,Non-economic,-1.8%,,-1.8%,2025-12-14 19:01:00
2025-12-14,8:30pm,CNY,New Home Prices m/m,Non-economic,-0.39%,,-0.45%,2025-12-14 20:30:00
2025-12-14,9:00pm,CNY,Fixed Asset Investment ytd/y,Non-economic,-2.6%,-2.4%,-1.7%,2025-12-14 21:00:00
2025-12-14,9:00pm,CNY,Industrial Production y/y,Non-economic,4.8%,5.0%,4.9%,2025-12-14 21:00:00
2025-12-14,9:00pm,CNY,NBS Press Conference,Non-economic,,,,2025-12-14 21:00:00
2025-12-14,9:00pm,CNY,Retail Sales y/y,Non-economic,1.3%,3.0%,2.9%,2025-12-14 21:00:00
2025-12-14,9:00pm,CNY,Unemployment Rate,Non-economic,5.1%,5.1%,5.1%,2025-12-14 21:00:00
2025-12-14,11:30pm,JPY,Tertiary Industry Activity m/m,Non-economic,0.9%,0.2%,0.1%,2025-12-14 23:30:00
2025-12-15,2:00am,EUR,German WPI m/m,Non-economic,0.3%,0.2%,0.3%,2025-12-15 02:00:00
2025-12-15,2:30am,CHF,PPI m/m,Non-economic,-0.5%,0.1%,-0.3%,2025-12-15 02:30:00
2025-12-15,3:00am,CHF,SECO Economic Forecasts,Non-economic,,,,2025-12-15 03:00:00
2025-12-15,5:00am,EUR,Industrial Production m/m,Non-economic,0.8%,0.7%,0.2%,2025-12-15 05:00:00
2025-12-15,8:15am,CAD,Housing Starts,Non-economic,254K,248K,232K,2025-12-15 08:15:00
2025-12-15,8:30am,CAD,CPI m/m,High,0.1%,0.1%,0.2%,2025-12-15 08:30:00
2025-12-15,8:30am,CAD,Median CPI y/y,High,2.8%,2.9%,3.0%,2025-12-15 08:30:00
2025-12-15,8:30am,CAD,Trimmed CPI y/y,High,2.8%,2.9%,3.0%,2025-12-15 08:30:00
2025-12-15,8:30am,CAD,Common CPI y/y,Medium,2.8%,2.8%,2.7%,2025-12-15 08:30:00
2025-12-15,8:30am,CAD,Core CPI m/m,Non-economic,-0.1%,,0.6%,2025-12-15 08:30:00
2025-12-15,8:30am,CAD,Manufacturing Sales m/m,Non-economic,-1.0%,-1.0%,3.6%,2025-12-15 08:30:00
2025-12-15,8:30am,USD,Empire State Manufacturing Index,Medium,-3.9,9.8,18.7,2025-12-15 08:30:00
2025-12-15,9:30am,GBP,CB Leading Index m/m,Non-economic,-0.1%,,-0.1%,2025-12-15 09:30:00
2025-12-15,9:30am,USD,FOMC Member Miran Speaks,Non-economic,,,,2025-12-15 09:30:00
2025-12-15,10:00am,USD,NAHB Housing Market Index,Non-economic,39,39,38,2025-12-15 10:00:00
2025-12-15,10:30am,USD,FOMC Member Williams Speaks,Non-economic,,,,2025-12-15 10:30:00
2025-12-15,11:00am,USD,FOMC Member Miran Speaks,Non-economic,,,,2025-12-15 11:00:00
2025-12-15,4:45pm,NZD,FPI m/m,Non-economic,-0.4%,,-0.3%,2025-12-15 16:45:00
2025-12-15,5:00pm,AUD,Flash Manufacturing PMI,Non-economic,52.2,,51.6,2025-12-15 17:00:00
2025-12-15,5:00pm,AUD,Flash Services PMI,Non-economic,51.0,,52.8,2025-12-15 17:00:00
2025-12-15,5:15pm,AUD,RBA Assist Gov Jones Speaks,Non-economic,,,,2025-12-15 17:15:00
2025-12-15,6:00pm,AUD,Westpac Consumer Sentiment,Non-economic,-9.0%,,12.8%,2025-12-15 18:00:00
2025-12-15,7:30pm,JPY,Flash Manufacturing PMI,Non-economic,49.7,49.0,48.7,2025-12-15 19:30:00
2025-12-16,2:00am,GBP,Claimant Count Change,High,20.1K,21.6K,-3.9K,2025-12-16 02:00:00
2025-12-16,2:00am,GBP,Average Earnings Index 3m/y,Medium,4.7%,4.4%,4.9%,2025-12-16 02:00:00
2025-12-16,2:00am,GBP,Unemployment Rate,Non-economic,5.1%,5.1%,5.0%,2025-12-16 02:00:00
2025-12-16,3:15am,EUR,French Flash Manufacturing PMI,Medium,50.6,48.1,47.8,2025-12-16 03:15:00
2025-12-16,3:15am,EUR,French Flash Services PMI,Medium,50.2,51.1,51.4,2025-12-16 03:15:00
2025-12-16,3:30am,EUR,German Flash Manufacturing PMI,High,47.7,48.6,48.2,2025-12-16 03:30:00
2025-12-16,3:30am,EUR,German Flash Services PMI,High,52.6,53.0,53.1,2025-12-16 03:30:00
2025-12-16,4:00am,EUR,Flash Manufacturing PMI,Non-economic,49.2,49.9,49.6,2025-12-16 04:00:00
2025-12-16,4:00am,EUR,Flash Services PMI,Non-economic,52.6,53.3,53.6,2025-12-16 04:00:00
2025-12-16,4:30am,GBP,Flash Manufacturing PMI,High,51.2,50.3,50.2,2025-12-16 04:30:00
2025-12-16,4:30am,GBP,Flash Services PMI,High,52.1,51.6,51.3,2025-12-16 04:30:00
2025-12-16,5:00am,EUR,Italian Trade Balance,Non-economic,4.16B,3.21B,2.97B,2025-12-16 05:00:00
2025-12-16,5:00am,EUR,Trade Balance,Non-economic,14.0B,18.3B,18.0B,2025-12-16 05:00:00
2025-12-16,5:00am,EUR,German ZEW Economic Sentiment,Non-economic,45.8,38.4,38.5,2025-12-16 05:00:00
2025-12-16,5:00am,EUR,ZEW Economic Sentiment,Non-economic,33.7,26.3,25.0,2025-12-16 05:00:00
2025-12-16,8:15am,USD,ADP Weekly Employment Change,High,16.3K,,2.8K,2025-12-16 08:15:00
2025-12-16,Oct Data,USD,Average Hourly Earnings m/m,Medium,0.4%,,0.2%,2025-12-16 00:00:00
2025-12-16,Oct Data,USD,Non-Farm Employment Change,Medium,-105K,,108K,2025-12-16 00:00:00
2025-12-16,8:30am,USD,Average Hourly Earnings m/m,High,0.1%,0.3%,0.4%,2025-12-16 08:30:00
2025-12-16,8:30am,USD,Core Retail Sales m/m,High,0.4%,0.2%,0.1%,2025-12-16 08:30:00
2025-12-16,8:30am,USD,Non-Farm Employment Change,High,64K,51K,-105K,2025-12-16 08:30:00
2025-12-16,8:30am,USD,Retail Sales m/m,High,0.0%,0.1%,0.1%,2025-12-16 08:30:00
2025-12-16,8:30am,USD,Unemployment Rate,High,4.6%,4.5%,4.4%,2025-12-16 08:30:00
2025-12-16,9:30am,NZD,GDT Price Index,Non-economic,-4.4%,,-4.3%,2025-12-16 09:30:00
2025-12-16,9:45am,USD,Flash Manufacturing PMI,High,51.8,52.0,52.2,2025-12-16 09:45:00
2025-12-16,9:45am,USD,Flash Services PMI,High,52.9,54.0,54.1,2025-12-16 09:45:00
2025-12-16,10:00am,USD,Business Inventories m/m,Non-economic,0.2%,0.1%,0.0%,2025-12-16 10:00:00
2025-12-16,12:45pm,CAD,BOC Gov Macklem Speaks,Medium,,,,2025-12-16 12:45:00
2025-12-16,3:00pm,NZD,Westpac Consumer Sentiment,Non-economic,96.5,,90.9,2025-12-16 15:00:00
2025-12-16,4:30pm,USD,API Weekly Statistical Bulletin,Non-economic,,,,2025-12-16 16:30:00
2025-12-16,4:45pm,NZD,Current Account,Non-economic,-8.37B,-7.62B,-1.30B,2025-12-16 16:45:00
2025-12-16,6:30pm,AUD,MI Leading Index m/m,Non-economic,0.0%,,0.1%,2025-12-16 18:30:00
2025-12-16,6:50pm,JPY,Core Machinery Orders m/m,Non-economic,7.0%,-1.8%,4.2%,2025-12-16 18:50:00
2025-12-16,6:50pm,JPY,Trade Balance,Non-economic,0.06T,-0.20T,0.07T,2025-12-16 18:50:00
2025-12-16,7:00pm,USD,FOMC Member Goolsbee Speaks,Non-economic,,,,2025-12-16 19:00:00
2025-12-16,8:15pm,AUD,Mid-Year Economic and Fiscal Outlook,Non-economic,,,,2025-12-16 20:15:00
2025-12-17,2:00am,GBP,CPI y/y,High,3.2%,3.5%,3.6%,2025-12-17 02:00:00
2025-12-17,2:00am,GBP,Core CPI y/y,Non-economic,3.2%,3.4%,3.4%,2025-12-17 02:00:00
2025-12-17,2:00am,GBP,PPI Input m/m,Non-economic,0.3%,0.4%,0.0%,2025-12-17 02:00:00
2025-12-17,2:00am,GBP,PPI Output m/m,Non-economic,0.1%,0.1%,0.1%,2025-12-17 02:00:00
2025-12-17,2:00am,GBP,RPI y/y,Non-economic,3.8%,4.2%,4.3%,2025-12-17 02:00:00
2025-12-17,4:00am,EUR,German ifo Business Climate,Medium,87.6,88.2,88.0,2025-12-17 04:00:00
2025-12-17,4:30am,GBP,HPI y/y,Non-economic,1.7%,2.4%,2.0%,2025-12-17 04:30:00
2025-12-17,5:00am,EUR,Final Core CPI y/y,Non-economic,2.4%,2.4%,2.4%,2025-12-17 05:00:00
2025-12-17,5:00am,EUR,Final CPI y/y,Non-economic,2.1%,2.2%,2.2%,2025-12-17 05:00:00
2025-12-17,6:00am,GBP,CBI Industrial Order Expectations,Non-economic,-32,-35,-37,2025-12-17 06:00:00
2025-12-17,8:15am,USD,FOMC Member Waller Speaks,Medium,,,,2025-12-17 08:15:00
2025-12-17,8:30am,CAD,Foreign Securities Purchases,Non-economic,46.62B,21.84B,31.32B,2025-12-17 08:30:00
2025-12-17,9:00am,CHF,SNB Quarterly Bulletin,Non-economic,,,,2025-12-17 09:00:00
2025-12-17,9:05am,USD,FOMC Member Williams Speaks,Non-economic,,,,2025-12-17 09:05:00
2025-12-17,10:30am,USD,Crude Oil Inventories,Non-economic,-1.3M,-2.4M,-1.8M,2025-12-17 10:30:00
2025-12-17,12:30pm,USD,FOMC Member Bostic Speaks,Non-economic,,,,2025-12-17 12:30:00
2025-12-17,4:45pm,NZD,GDP q/q,High,1.1%,0.9%,-1.0%,2025-12-17 16:45:00
2025-12-17,7:00pm,AUD,MI Inflation Expectations,Non-economic,4.7%,,4.5%,2025-12-17 19:00:00
2025-12-17,9:00pm,USD,President Trump Speaks,Medium,,,,2025-12-17 21:00:00
2025-12-18,2:00am,CHF,Trade Balance,Non-economic,3.84B,5.32B,4.20B,2025-12-18 02:00:00
2025-12-18,7:00am,GBP,Monetary Policy Summary,High,,,,2025-12-18 07:00:00
2025-12-18,7:00am,GBP,MPC Official Bank Rate Votes,High,0-5-4,0-5-4,0-4-5,2025-12-18 07:00:00
2025-12-18,7:00am,GBP,Official Bank Rate,High,3.75%,3.75%,4.00%,2025-12-18 07:00:00
2025-12-18,7:00am,GBP,BOE Inflation Letter,Non-economic,,,,2025-12-18 07:00:00
2025-12-18,8:15am,EUR,Main Refinancing Rate,High,2.15%,2.15%,2.15%,2025-12-18 08:15:00
2025-12-18,8:15am,EUR,Monetary Policy Statement,High,,,,2025-12-18 08:15:00
2025-12-18,8:30am,USD,CPI y/y,High,2.7%,3.1%,3.0%,2025-12-18 08:30:00
2025-12-18,8:30am,USD,Unemployment Claims,High,224K,224K,237K,2025-12-18 08:30:00
2025-12-18,8:30am,USD,Philly Fed Manufacturing Index,Medium,-10.2,2.5,-1.7,2025-12-18 08:30:00
2025-12-18,8:45am,EUR,ECB Press Conference,High,,,,2025-12-18 08:45:00
2025-12-18,10:30am,USD,Natural Gas Storage,Non-economic,-167B,-176B,-177B,2025-12-18 10:30:00
2025-12-18,4:00pm,USD,TIC Long-Term Purchases,Non-economic,17.5B,122.7B,173.2B,2025-12-18 16:00:00
2025-12-18,4:45pm,NZD,Trade Balance,Non-economic,-163M,-1175M,-1598M,2025-12-18 16:45:00
2025-12-18,6:30pm,JPY,National Core CPI y/y,Non-economic,3.0%,3.0%,3.0%,2025-12-18 18:30:00
2025-12-18,7:00pm,NZD,ANZ Business Confidence,Non-economic,73.6,,67.1,2025-12-18 19:00:00
2025-12-18,7:01pm,GBP,GfK Consumer Confidence,Non-economic,-17,-18,-19,2025-12-18 19:01:00
2025-12-18,7:30pm,AUD,Private Sector Credit m/m,Non-economic,0.6%,0.6%,0.7%,2025-12-18 19:30:00
2025-12-18,9:00pm,NZD,Credit Card Spending y/y,Non-economic,4.7%,,1.6%,2025-12-18 21:00:00
2025-12-18,10:19pm,JPY,BOJ Policy Rate,High,<0.75%,<0.75%,<0.50%,2025-12-18 22:19:00
2025-12-18,10:19pm,JPY,Monetary Policy Statement,High,,,,2025-12-18 22:19:00
2025-12-19,12:30am,AUD,Commodity Prices y/y,Non-economic,-3.8%,,-1.8%,2025-12-19 00:30:00
2025-12-19,1:30am,JPY,BOJ Press Conference,High,,,,2025-12-19 01:30:00
2025-12-19,2:00am,EUR,German GfK Consumer Climate,Non-economic,-26.9,-23.0,-23.4,2025-12-19 02:00:00
2025-12-19,2:00am,EUR,German PPI m/m,Non-economic,0.0%,0.1%,0.1%,2025-12-19 02:00:00
2025-12-19,2:00am,GBP,Retail Sales m/m,High,-0.1%,0.3%,-0.9%,2025-12-19 02:00:00
2025-12-19,2:00am,GBP,Public Sector Net Borrowing,Non-economic,11.7B,10.0B,21.2B,2025-12-19 02:00:00
2025-12-19,4:00am,EUR,Current Account,Non-economic,25.7B,19.6B,23.6B,2025-12-19 04:00:00
2025-12-19,4:20am,CNY,Foreign Direct Investment ytd/y,Non-economic,-7.5%,,-10.3%,2025-12-19 04:20:00
2025-12-19,6:00am,EUR,German Buba Monthly Report,Non-economic,,,,2025-12-19 06:00:00
2025-12-19,6:00am,GBP,CBI Realized Sales,Non-economic,-44,-29,-32,2025-12-19 06:00:00
2025-12-19,8:30am,CAD,Core Retail Sales m/m,Medium,-0.6%,0.0%,-0.1%,2025-12-19 08:30:00
2025-12-19,8:30am,CAD,Retail Sales m/m,Medium,-0.2%,0.0%,-0.9%,2025-12-19 08:30:00
2025-12-19,8:30am,CAD,NHPI m/m,Non-economic,0.0%,0.1%,-0.4%,2025-12-19 08:30:00
2025-12-19,8:30am,USD,FOMC Member Williams Speaks,Non-economic,,,,2025-12-19 08:30:00
2025-12-19,8:43am,EUR,Belgian NBB Business Climate,Non-economic,-11.9,-7.8,-8.2,2025-12-19 08:43:00
2025-12-19,10:00am,EUR,Consumer Confidence,Non-economic,-15,-14,-14,2025-12-19 10:00:00
2025-12-19,10:00am,USD,Existing Home Sales,Medium,4.13M,4.15M,4.11M,2025-12-19 10:00:00
2025-12-19,10:00am,USD,Revised UoM Consumer Sentiment,Medium,52.9,53.5,53.3,2025-12-19 10:00:00
2025-12-19,10:00am,USD,Revised UoM Inflation Expectations,Non-economic,4.2%,,4.1%,2025-12-19 10:00:00
2025-12-19,9:00pm,USD,President Trump Speaks,Medium,,,,2025-12-19 21:00:00
2025-12-21,6:00am,USD,FOMC Member Hammack Speaks,Non-economic,,,,2025-12-21 06:00:00
2025-12-21,8:00pm,CNY,1-y Loan Prime Rate,Non-economic,3.00%,3.00%,3.00%,2025-12-21 20:00:00
2025-12-21,8:00pm,CNY,5-y Loan Prime Rate,Non-economic,3.50%,3.50%,3.50%,2025-12-21 20:00:00
2025-12-22,2:00am,GBP,Current Account,Non-economic,-12.1B,-19.1B,-21.2B,2025-12-22 02:00:00
2025-12-22,2:00am,GBP,Final GDP q/q,Non-economic,0.1%,0.1%,0.1%,2025-12-22 02:00:00
2025-12-22,2:00am,GBP,Revised Business Investment q/q,Non-economic,1.5%,-0.3%,-0.3%,2025-12-22 02:00:00
2025-12-22,8:30am,CAD,IPPI m/m,Non-economic,0.9%,0.3%,1.7%,2025-12-22 08:30:00
2025-12-22,8:30am,CAD,RMPI m/m,Non-economic,0.3%,0.6%,1.6%,2025-12-22 08:30:00
2025-12-22,9:00am,CNY,CB Leading Index m/m,Non-economic,-0.3%,,-0.8%,2025-12-22 09:00:00
2025-12-22,7:30pm,AUD,Monetary Policy Meeting Minutes,Non-economic,,,,2025-12-22 19:30:00
2025-12-23,12:00am,JPY,BOJ Core CPI y/y,Non-economic,2.2%,2.2%,2.2%,2025-12-23 00:00:00
2025-12-23,2:00am,EUR,German Import Prices m/m,Non-economic,0.5%,0.2%,0.2%,2025-12-23 02:00:00
2025-12-23,4:00am,CHF,UBS Economic Expectations,Non-economic,6.2,,12.2,2025-12-23 04:00:00
2025-12-23,8:15am,USD,ADP Weekly Employment Change,Medium,11.5K,,17.5K,2025-12-23 08:15:00
2025-12-23,8:30am,CAD,GDP m/m,High,-0.3%,-0.3%,0.2%,2025-12-23 08:30:00
2025-12-23,8:30am,USD,Prelim GDP q/q,High,4.3%,3.3%,3.8%,2025-12-23 08:30:00
2025-12-23,8:30am,USD,Core Durable Goods Orders m/m,Medium,0.2%,0.3%,0.7%,2025-12-23 08:30:00
2025-12-23,8:30am,USD,Durable Goods Orders m/m,Medium,-2.2%,-1.5%,0.7%,2025-12-23 08:30:00
2025-12-23,8:30am,USD,Prelim GDP Price Index q/q,Medium,3.8%,2.7%,2.1%,2025-12-23 08:30:00
2025-12-23,Oct Data,USD,Capacity Utilization Rate,Non-economic,75.9%,,76.0%,2025-12-23 00:00:00
2025-12-23,Oct Data,USD,Industrial Production m/m,Non-economic,-0.1%,,0.1%,2025-12-23 00:00:00
2025-12-23,9:15am,USD,Capacity Utilization Rate,Non-economic,76.0%,75.9%,75.9%,2025-12-23 09:15:00
2025-12-23,9:15am,USD,Industrial Production m/m,Non-economic,0.2%,0.1%,-0.1%,2025-12-23 09:15:00
2025-12-23,10:00am,USD,CB Consumer Confidence,Medium,89.1,91.7,92.9,2025-12-23 10:00:00
2025-12-23,10:00am,USD,Richmond Manufacturing Index,Medium,-7,-8,-15,2025-12-23 10:00:00
2025-12-23,1:30pm,CAD,BOC Summary of Deliberations,Non-economic,,,,2025-12-23 13:30:00
2025-12-23,4:30pm,USD,API Weekly Statistical Bulletin,Non-economic,,,,2025-12-23 16:30:00
2025-12-23,6:50pm,JPY,Monetary Policy Meeting Minutes,Non-economic,,,,2025-12-23 18:50:00
2025-12-23,6:50pm,JPY,SPPI y/y,Non-economic,2.7%,2.7%,2.7%,2025-12-23 18:50:00
2025-12-24,All Day,EUR,German Bank Holiday,Low,,,,2025-12-24 00:00:00
2025-12-24,8:30am,USD,Unemployment Claims,High,214K,224K,224K,2025-12-24 08:30:00
2025-12-24,All Day,NZD,Bank Holiday,Low,,,,2025-12-24 00:00:00
2025-12-24,All Day,AUD,Bank Holiday,Low,,,,2025-12-24 00:00:00
2025-12-24,11:22pm,JPY,BOJ Gov Ueda Speaks,Medium,,,,2025-12-24 23:22:00
2025-12-25,12:00am,JPY,Housing Starts y/y,Non-economic,-8.5%,0.2%,3.2%,2025-12-25 00:00:00
2025-12-25,All Day,CHF,Bank Holiday,Low,,,,2025-12-25 00:00:00
2025-12-25,All Day,EUR,French Bank Holiday,Low,,,,2025-12-25 00:00:00
2025-12-25,All Day,EUR,German Bank Holiday,Low,,,,2025-12-25 00:00:00
2025-12-25,All Day,EUR,Italian Bank Holiday,Low,,,,2025-12-25 00:00:00
2025-12-25,All Day,GBP,Bank Holiday,Low,,,,2025-12-25 00:00:00
2025-12-25,All Day,CAD,Bank Holiday,Low,,,,2025-12-25 00:00:00
2025-12-25,All Day,USD,Bank Holiday,Low,,,,2025-12-25 00:00:00
2025-12-25,All Day,NZD,Bank Holiday,Low,,,,2025-12-25 00:00:00
2025-12-25,All Day,AUD,Bank Holiday,Low,,,,2025-12-25 00:00:00
2025-12-25,6:30pm,JPY,Tokyo Core CPI y/y,Non-economic,2.3%,2.5%,2.8%,2025-12-25 18:30:00
2025-12-25,6:30pm,JPY,Unemployment Rate,Non-economic,2.6%,2.6%,2.6%,2025-12-25 18:30:00
2025-12-25,6:50pm,JPY,Prelim Industrial Production m/m,Non-economic,-2.6%,-1.9%,1.5%,2025-12-25 18:50:00
2025-12-25,6:50pm,JPY,Retail Sales y/y,Non-economic,1.0%,0.9%,1.7%,2025-12-25 18:50:00
2025-12-26,All Day,CHF,Bank Holiday,Low,,,,2025-12-26 00:00:00
2025-12-26,All Day,EUR,German Bank Holiday,Low,,,,2025-12-26 00:00:00
2025-12-26,All Day,EUR,Italian Bank Holiday,Low,,,,2025-12-26 00:00:00
2025-12-26,All Day,GBP,Bank Holiday,Low,,,,2025-12-26 00:00:00
2025-12-26,All Day,CAD,Bank Holiday,Low,,,,2025-12-26 00:00:00
2025-12-28,6:50pm,JPY,BOJ Summary of Opinions,Non-economic,,,,2025-12-28 18:50:00
2025-12-29,10:00am,USD,Pending Home Sales m/m,Medium,3.3%,1.0%,2.4%,2025-12-29 10:00:00
2025-12-29,12:00pm,USD,Natural Gas Storage,Non-economic,-166B,-169B,-167B,2025-12-29 12:00:00
2025-12-29,5:00pm,USD,Crude Oil Inventories,Non-economic,0.4M,-2.0M,-1.3M,2025-12-29 17:00:00
2025-12-30,3:00am,CHF,KOF Economic Barometer,Non-economic,103.4,101.5,101.7,2025-12-30 03:00:00
2025-12-30,3:00am,EUR,Spanish Flash CPI y/y,Non-economic,2.9%,2.8%,3.0%,2025-12-30 03:00:00
2025-12-30,9:00am,USD,HPI m/m,Non-economic,0.4%,0.1%,-0.1%,2025-12-30 09:00:00
2025-12-30,9:00am,USD,S&P/CS Composite-20 HPI y/y,Non-economic,1.3%,1.1%,1.4%,2025-12-30 09:00:00
2025-12-30,9:45am,USD,Chicago PMI,Non-economic,43.5,39.8,36.3,2025-12-30 09:45:00
2025-12-30,2:00pm,USD,FOMC Meeting Minutes,High,,,,2025-12-30 14:00:00
2025-12-30,4:30pm,USD,API Weekly Statistical Bulletin,Non-economic,,,,2025-12-30 16:30:00
2025-12-30,All Day,JPY,Bank Holiday,Low,,,,2025-12-30 00:00:00
2025-12-30,8:30pm,CNY,Manufacturing PMI,Medium,50.1,49.2,49.2,2025-12-30 20:30:00
2025-12-30,8:30pm,CNY,Non-Manufacturing PMI,Non-economic,50.2,49.6,49.5,2025-12-30 20:30:00
2025-12-30,8:45pm,CNY,RatingDog Manufacturing PMI,Non-economic,50.1,49.8,49.9,2025-12-30 20:45:00
2025-12-31,All Day,EUR,German Bank Holiday,Low,,,,2025-12-31 00:00:00
2025-12-31,8:30am,USD,Unemployment Claims,High,199K,219K,215K,2025-12-31 08:30:00
2025-12-31,10:30am,USD,Crude Oil Inventories,Non-economic,-1.9M,0.5M,0.4M,2025-12-31 10:30:00
2025-12-31,12:00pm,USD,Natural Gas Storage,Non-economic,-38B,-51B,-166B,2025-12-31 12:00:00
2025-12-31,All Day,NZD,Bank Holiday,Low,,,,2025-12-31 00:00:00
2025-12-31,All Day,AUD,Bank Holiday,Low,,,,2025-12-31 00:00:00
2025-12-31,All Day,JPY,Bank Holiday,Low,,,,2025-12-31 00:00:00
2025-12-31,All Day,CNY,Bank Holiday,Low,,,,2025-12-31 00:00:00
2025-01-01,All Day,CHF,Bank Holiday,Low,,,,2025-01-01 00:00:00
2025-01-01,All Day,EUR,French Bank Holiday,Low,,,,2025-01-01 00:00:00
2025-01-01,All Day,EUR,German Bank Holiday,Low,,,,2025-01-01 00:00:00
2025-01-01,All Day,EUR,Italian Bank Holiday,Low,,,,2025-01-01 00:00:00
2025-01-01,All Day,GBP,Bank Holiday,Low,,,,2025-01-01 00:00:00
2025-01-01,All Day,CAD,Bank Holiday,Low,,,,2025-01-01 00:00:00
2025-01-01,All Day,USD,Bank Holiday,Low,,,,2025-01-01 00:00:00
2025-01-01,All Day,NZD,Bank Holiday,Low,,,,2025-01-01 00:00:00
2025-01-01,All Day,JPY,Bank Holiday,Low,,,,2025-01-01 00:00:00
2025-01-01,All Day,CNY,Bank Holiday,Low,,,,2025-01-01 00:00:00
2025-01-02,All Day,CHF,Bank Holiday,Low,,,,2025-01-02 00:00:00
2025-01-02,2:00am,GBP,Nationwide HPI m/m,Non-economic,-0.4%,0.1%,0.3%,2025-01-02 02:00:00
2025-01-02,3:15am,EUR,Spanish Manufacturing PMI,Non-economic,49.6,51.2,51.5,2025-01-02 03:15:00
2025-01-02,3:45am,EUR,Italian Manufacturing PMI,Non-economic,47.9,50.0,50.6,2025-01-02 03:45:00
2025-01-02,3:50am,EUR,French Final Manufacturing PMI,Non-economic,50.7,50.6,50.6,2025-01-02 03:50:00
2025-01-02,3:55am,EUR,German Final Manufacturing PMI,Non-economic,47.0,47.7,47.7,2025-01-02 03:55:00
2025-01-02,4:00am,EUR,Final Manufacturing PMI,Non-economic,48.8,49.2,49.2,2025-01-02 04:00:00
2025-01-02,4:00am,EUR,M3 Money Supply y/y,Non-economic,3.0%,2.7%,2.8%,2025-01-02 04:00:00
2025-01-02,4:00am,EUR,Private Loans y/y,Non-economic,2.9%,2.8%,2.8%,2025-01-02 04:00:00
2025-01-02,4:30am,GBP,Final Manufacturing PMI,Non-economic,50.6,51.2,51.2,2025-01-02 04:30:00
2025-01-02,9:30am,CAD,Manufacturing PMI,Non-economic,48.6,,48.4,2025-01-02 09:30:00
2025-01-02,9:45am,USD,Final Manufacturing PMI,Non-economic,51.8,51.8,51.8,2025-01-02 09:45:00
2025-01-03,10:15am,USD,FOMC Member Paulson Speaks,Non-economic,,,,2025-01-03 10:15:00
2025-01-03,2:30pm,USD,FOMC Member Paulson Speaks,Non-economic,,,,2025-01-03 14:30:00
2025-01-04,12:30pm,USD,FOMC Member Kashkari Speaks,Non-economic,,,,2025-01-04 12:30:00
2025-01-04,7:30pm,JPY,Final Manufacturing PMI,Non-economic,50.0,49.8,49.7,2025-01-04 19:30:00
2025-01-04,8:45pm,CNY,RatingDog Services PMI,Non-economic,52.0,52.0,52.1,2025-01-04 20:45:00
2025-01-05,2:30am,CHF,Retail Sales y/y,Non-economic,2.3%,2.5%,2.2%,2025-01-05 02:30:00
2025-01-05,3:00am,EUR,Spanish Unemployment Change,Non-economic,-16.3K,5.7K,-18.8K,2025-01-05 03:00:00
2025-01-05,3:30am,CHF,Manufacturing PMI,Non-economic,45.8,49.7,49.7,2025-01-05 03:30:00
2025-01-05,4:30am,GBP,M4 Money Supply m/m,Non-economic,0.8%,-0.1%,-0.2%,2025-01-05 04:30:00
2025-01-05,4:30am,GBP,Mortgage Approvals,Non-economic,65K,64K,65K,2025-01-05 04:30:00
2025-01-05,4:30am,GBP,Net Lending to Individuals m/m,Non-economic,6.6B,5.2B,5.9B,2025-01-05 04:30:00
2025-01-05,10:00am,USD,ISM Manufacturing PMI,High,47.9,48.3,48.2,2025-01-05 10:00:00
2025-01-05,10:00am,USD,ISM Manufacturing Prices,Medium,58.5,59.0,58.5,2025-01-05 10:00:00
2025-01-05,All Day,USD,Wards Total Vehicle Sales,Non-economic,16.0M,15.7M,15.6M,2025-01-05 00:00:00
2025-01-05,6:50pm,JPY,Monetary Base y/y,Non-economic,-9.8%,-8.0%,-8.5%,2025-01-05 18:50:00
2025-01-05,7:01pm,GBP,BRC Shop Price Index y/y,Non-economic,0.7%,0.6%,0.6%,2025-01-05 19:01:00
2025-01-05,10:35pm,JPY,10-y Bond Auction,Non-economic,2.10|3.3,,1.87|3.6,2025-01-05 22:35:00
2025-01-06,All Day,EUR,Italian Bank Holiday,Low,,,,2025-01-06 00:00:00
2025-01-06,All Day,EUR,German Prelim CPI m/m,Medium,0.0%,0.3%,-0.2%,2025-01-06 00:00:00
2025-01-06,2:45am,EUR,French Prelim CPI m/m,Non-economic,0.1%,0.2%,-0.2%,2025-01-06 02:45:00
2025-01-06,3:15am,EUR,Spanish Services PMI,Non-economic,57.1,54.8,55.6,2025-01-06 03:15:00
2025-01-06,3:45am,EUR,Italian Services PMI,Non-economic,51.5,54.2,55.0,2025-01-06 03:45:00
2025-01-06,3:50am,EUR,French Final Services PMI,Non-economic,50.1,50.3,50.2,2025-01-06 03:50:00
2025-01-06,3:55am,EUR,German Final Services PMI,Non-economic,52.7,52.6,52.6,2025-01-06 03:55:00
2025-01-06,4:00am,EUR,Final Services PMI,Non-economic,52.4,52.6,52.6,2025-01-06 04:00:00
2025-01-06,4:30am,GBP,Final Services PMI,Non-economic,51.4,52.1,52.1,2025-01-06 04:30:00
2025-01-06,8:00am,USD,FOMC Member Barkin Speaks,Non-economic,,,,2025-01-06 08:00:00
2025-01-06,9:45am,USD,Final Services PMI,Non-economic,52.5,52.9,52.9,2025-01-06 09:45:00
2025-01-06,10:54am,NZD,GDT Price Index,Non-economic,6.3%,,-4.4%,2025-01-06 10:54:00
2025-01-06,2:00pm,USD,President Trump Speaks,Medium,,,,2025-01-06 14:00:00
2025-01-06,4:30pm,USD,API Weekly Statistical Bulletin,Non-economic,,,,2025-01-06 16:30:00
2025-01-06,7:30pm,AUD,CPI m/m,High,0.0%,0.1%,0.0%,2025-01-06 19:30:00
2025-01-06,7:30pm,AUD,CPI y/y,High,3.4%,3.6%,3.8%,2025-01-06 19:30:00
2025-01-06,7:30pm,AUD,Trimmed Mean CPI m/m,High,0.3%,0.2%,0.3%,2025-01-06 19:30:00
2025-01-06,7:30pm,AUD,Building Approvals m/m,Non-economic,15.2%,1.9%,-6.1%,2025-01-06 19:30:00
